ISO-10303-21;
HEADER;
/* Generated by software containing ST-Developer
 * from STEP Tools, Inc. (www.steptools.com) 
 */

FILE_DESCRIPTION(
/* description */ ('STEP AP242'),
/* implementation_level */ '2;1');

FILE_NAME(
/* name */ 'LRS-350-36.step',
/* time_stamp */ '2026-03-25T02:14:52-04:00',
/* author */ (''),
/* organization */ (''),
/* preprocessor_version */ 'ST-DEVELOPER v20.1',
/* originating_system */ 'Autodesk Translation Framework v14.24.0.0',
/* authorisation */ '');

FILE_SCHEMA (('AUTOMOTIVE_DESIGN { 1 0 10303 214 3 1 1 }'));
ENDSEC;

DATA;
#10=MECHANICAL_DESIGN_GEOMETRIC_PRESENTATION_REPRESENTATION('',(#5672,#5673,
#5674,#5675,#5676,#5677,#5678,#5679,#5680,#5681,#5682,#5683,#5684,#5685,
#5686,#5687,#5688,#5689,#5690,#5691,#5692,#5693,#5694,#5695,#5696,#5697,
#5698,#5699,#5700,#5701,#5702,#5703,#5704,#5705,#5706,#5707,#5708,#5709,
#5710,#5711,#5712,#5713,#5714,#5715,#5716,#5717,#5718,#5719,#5720,#5721,
#5722,#5723,#5724,#5725,#5726,#5727,#5728,#5729,#5730,#5731,#5732,#5733,
#5734,#5735,#5736,#5737,#5738,#5739,#5740,#5741,#5742,#5743,#5744,#5745,
#5746,#5747,#5748,#5749,#5750,#5751,#5752,#5753,#5754,#5755,#5756,#5757,
#5758,#5759,#5760,#5761,#5762,#5763,#5764,#5765,#5766,#5767,#5768,#5769,
#5770,#5771,#5772,#5773,#5774,#5775,#5776,#5777,#5778,#5779,#5780,#5781,
#5782,#5783,#5784,#5785,#5786,#5787,#5788,#5789,#5790,#5791,#5792,#5793,
#5794,#5795,#5796,#5797,#5798,#5799,#5800,#5801,#5802,#5803,#5804,#5805,
#5806,#5807,#5808,#5809,#5810,#5811,#5812,#5813,#5814,#5815,#5816,#5817,
#5818,#5819,#5820,#5821,#5822,#5823,#5824,#5825,#5826,#5827,#5828,#5829,
#5830,#5831,#5832,#5833,#5834,#5835,#5836,#5837,#5838,#5839,#5840,#5841,
#5842,#5843,#5844,#5845,#5846,#5847,#5848,#5849,#5850,#5851,#5852,#5853,
#5854,#5855,#5856,#5857,#5858,#5859,#5860,#5861,#5862,#5863,#5864,#5865,
#5866,#5867,#5868,#5869,#5870,#5871,#5872,#5873,#5874,#5875,#5876,#5877,
#5878,#5879,#5880,#5881,#5882,#5883,#5884,#5885,#5886,#5887,#5888,#5889,
#5890,#5891,#5892,#5893,#5894,#5895,#5896,#5897,#5898,#5899,#5900,#5901,
#5902,#5903,#5904,#5905,#5906,#5907,#5908,#5909,#5910,#5911,#5912,#5913,
#5914,#5915,#5916,#5917,#5918,#5919,#5920,#5921,#5922,#5923,#5924,#5925,
#5926,#5927,#5928,#5929,#5930,#5931,#5932,#5933,#5934,#5935,#5936,#5937,
#5938,#5939,#5940,#5941,#5942,#5943,#5944,#5945,#5946,#5947,#5948,#5949,
#5950,#5951,#5952,#5953,#5954,#5955,#5956,#5957,#5958,#5959,#5960,#5961,
#5962,#5963,#5964,#5965,#5966,#5967,#5968,#5969,#5970,#5971,#5972,#5973,
#5974,#5975,#5976,#5977,#5978),#10087);
#11=SHAPE_REPRESENTATION_RELATIONSHIP('SRR','None',#10094,#12);
#12=ADVANCED_BREP_SHAPE_REPRESENTATION('',(#13),#10086);
#13=MANIFOLD_SOLID_BREP('Body1',#6285);
#14=FACE_BOUND('',#726,.T.);
#15=FACE_BOUND('',#735,.T.);
#16=FACE_BOUND('',#744,.T.);
#17=FACE_BOUND('',#753,.T.);
#18=FACE_BOUND('',#762,.T.);
#19=FACE_BOUND('',#771,.T.);
#20=FACE_BOUND('',#780,.T.);
#21=FACE_BOUND('',#789,.T.);
#22=FACE_BOUND('',#798,.T.);
#23=FACE_BOUND('',#828,.T.);
#24=FACE_BOUND('',#831,.T.);
#25=FACE_BOUND('',#834,.T.);
#26=FACE_BOUND('',#837,.T.);
#27=FACE_BOUND('',#840,.T.);
#28=FACE_BOUND('',#843,.T.);
#29=FACE_BOUND('',#846,.T.);
#30=FACE_BOUND('',#849,.T.);
#31=FACE_BOUND('',#852,.T.);
#32=FACE_BOUND('',#888,.T.);
#33=FACE_BOUND('',#889,.T.);
#34=FACE_BOUND('',#890,.T.);
#35=FACE_BOUND('',#891,.T.);
#36=FACE_BOUND('',#892,.T.);
#37=FACE_BOUND('',#895,.T.);
#38=FACE_BOUND('',#896,.T.);
#39=FACE_BOUND('',#897,.T.);
#40=FACE_BOUND('',#898,.T.);
#41=FACE_BOUND('',#899,.T.);
#42=FACE_BOUND('',#900,.T.);
#43=FACE_BOUND('',#901,.T.);
#44=FACE_BOUND('',#902,.T.);
#45=FACE_BOUND('',#903,.T.);
#46=FACE_BOUND('',#904,.T.);
#47=FACE_BOUND('',#952,.T.);
#48=FACE_BOUND('',#962,.T.);
#49=FACE_BOUND('',#967,.T.);
#50=FACE_BOUND('',#968,.T.);
#51=FACE_BOUND('',#969,.T.);
#52=FACE_BOUND('',#970,.T.);
#53=FACE_BOUND('',#971,.T.);
#54=FACE_BOUND('',#972,.T.);
#55=FACE_BOUND('',#973,.T.);
#56=FACE_BOUND('',#974,.T.);
#57=FACE_BOUND('',#975,.T.);
#58=FACE_BOUND('',#976,.T.);
#59=FACE_BOUND('',#977,.T.);
#60=FACE_BOUND('',#978,.T.);
#61=FACE_BOUND('',#981,.T.);
#62=FACE_BOUND('',#982,.T.);
#63=FACE_BOUND('',#983,.T.);
#64=FACE_BOUND('',#984,.T.);
#65=FACE_BOUND('',#985,.T.);
#66=FACE_BOUND('',#986,.T.);
#67=FACE_BOUND('',#987,.T.);
#68=FACE_BOUND('',#988,.T.);
#69=FACE_BOUND('',#989,.T.);
#70=FACE_BOUND('',#990,.T.);
#71=FACE_BOUND('',#991,.T.);
#72=FACE_BOUND('',#992,.T.);
#73=FACE_BOUND('',#996,.T.);
#74=FACE_BOUND('',#1006,.T.);
#75=FACE_BOUND('',#1007,.T.);
#76=FACE_BOUND('',#1008,.T.);
#77=FACE_BOUND('',#1009,.T.);
#78=FACE_BOUND('',#1010,.T.);
#79=FACE_BOUND('',#1011,.T.);
#80=FACE_BOUND('',#1014,.T.);
#81=FACE_BOUND('',#1015,.T.);
#82=FACE_BOUND('',#1016,.T.);
#83=FACE_BOUND('',#1017,.T.);
#84=FACE_BOUND('',#1018,.T.);
#85=FACE_BOUND('',#1019,.T.);
#86=FACE_BOUND('',#1021,.T.);
#87=FACE_BOUND('',#1022,.T.);
#88=FACE_BOUND('',#1023,.T.);
#89=FACE_BOUND('',#1024,.T.);
#90=FACE_BOUND('',#1025,.T.);
#91=FACE_BOUND('',#1026,.T.);
#92=FACE_BOUND('',#1029,.T.);
#93=FACE_BOUND('',#1030,.T.);
#94=FACE_BOUND('',#1031,.T.);
#95=FACE_BOUND('',#1032,.T.);
#96=FACE_BOUND('',#1033,.T.);
#97=FACE_BOUND('',#1034,.T.);
#98=FACE_BOUND('',#1035,.T.);
#99=FACE_BOUND('',#1038,.T.);
#100=FACE_BOUND('',#1039,.T.);
#101=FACE_BOUND('',#1040,.T.);
#102=FACE_BOUND('',#1041,.T.);
#103=PLANE('',#6501);
#104=PLANE('',#6502);
#105=PLANE('',#6503);
#106=PLANE('',#6504);
#107=PLANE('',#6505);
#108=PLANE('',#6506);
#109=PLANE('',#6507);
#110=PLANE('',#6508);
#111=PLANE('',#6509);
#112=PLANE('',#6510);
#113=PLANE('',#6511);
#114=PLANE('',#6512);
#115=PLANE('',#6513);
#116=PLANE('',#6514);
#117=PLANE('',#6515);
#118=PLANE('',#6516);
#119=PLANE('',#6517);
#120=PLANE('',#6518);
#121=PLANE('',#6519);
#122=PLANE('',#6520);
#123=PLANE('',#6521);
#124=PLANE('',#6522);
#125=PLANE('',#6523);
#126=PLANE('',#6524);
#127=PLANE('',#6525);
#128=PLANE('',#6526);
#129=PLANE('',#6527);
#130=PLANE('',#6528);
#131=PLANE('',#6529);
#132=PLANE('',#6530);
#133=PLANE('',#6531);
#134=PLANE('',#6532);
#135=PLANE('',#6533);
#136=PLANE('',#6534);
#137=PLANE('',#6535);
#138=PLANE('',#6536);
#139=PLANE('',#6537);
#140=PLANE('',#6538);
#141=PLANE('',#6539);
#142=PLANE('',#6540);
#143=PLANE('',#6541);
#144=PLANE('',#6542);
#145=PLANE('',#6543);
#146=PLANE('',#6544);
#147=PLANE('',#6545);
#148=PLANE('',#6546);
#149=PLANE('',#6547);
#150=PLANE('',#6548);
#151=PLANE('',#6549);
#152=PLANE('',#6550);
#153=PLANE('',#6551);
#154=PLANE('',#6552);
#155=PLANE('',#6553);
#156=PLANE('',#6554);
#157=PLANE('',#6555);
#158=PLANE('',#6556);
#159=PLANE('',#6557);
#160=PLANE('',#6558);
#161=PLANE('',#6559);
#162=PLANE('',#6560);
#163=PLANE('',#6561);
#164=PLANE('',#6562);
#165=PLANE('',#6563);
#166=PLANE('',#6564);
#167=PLANE('',#6565);
#168=PLANE('',#6566);
#169=PLANE('',#6567);
#170=PLANE('',#6568);
#171=PLANE('',#6569);
#172=PLANE('',#6570);
#173=PLANE('',#6571);
#174=PLANE('',#6572);
#175=PLANE('',#6573);
#176=PLANE('',#6574);
#177=PLANE('',#6575);
#178=PLANE('',#6576);
#179=PLANE('',#6577);
#180=PLANE('',#6578);
#181=PLANE('',#6579);
#182=PLANE('',#6580);
#183=PLANE('',#6581);
#184=PLANE('',#6582);
#185=PLANE('',#6583);
#186=PLANE('',#6584);
#187=PLANE('',#6585);
#188=PLANE('',#6586);
#189=PLANE('',#6587);
#190=PLANE('',#6588);
#191=PLANE('',#6589);
#192=PLANE('',#6590);
#193=PLANE('',#6591);
#194=PLANE('',#6592);
#195=PLANE('',#6593);
#196=PLANE('',#6594);
#197=PLANE('',#6595);
#198=PLANE('',#6596);
#199=PLANE('',#6597);
#200=PLANE('',#6598);
#201=PLANE('',#6599);
#202=PLANE('',#6600);
#203=PLANE('',#6601);
#204=PLANE('',#6602);
#205=PLANE('',#6603);
#206=PLANE('',#6604);
#207=PLANE('',#6605);
#208=PLANE('',#6606);
#209=PLANE('',#6607);
#210=PLANE('',#6608);
#211=PLANE('',#6609);
#212=PLANE('',#6610);
#213=PLANE('',#6611);
#214=PLANE('',#6612);
#215=PLANE('',#6613);
#216=PLANE('',#6614);
#217=PLANE('',#6615);
#218=PLANE('',#6616);
#219=PLANE('',#6617);
#220=PLANE('',#6618);
#221=PLANE('',#6619);
#222=PLANE('',#6620);
#223=PLANE('',#6621);
#224=PLANE('',#6622);
#225=PLANE('',#6623);
#226=PLANE('',#6624);
#227=PLANE('',#6625);
#228=PLANE('',#6626);
#229=PLANE('',#6627);
#230=PLANE('',#6628);
#231=PLANE('',#6629);
#232=PLANE('',#6630);
#233=PLANE('',#6631);
#234=PLANE('',#6632);
#235=PLANE('',#6633);
#236=PLANE('',#6634);
#237=PLANE('',#6635);
#238=PLANE('',#6636);
#239=PLANE('',#6637);
#240=PLANE('',#6638);
#241=PLANE('',#6639);
#242=PLANE('',#6640);
#243=PLANE('',#6641);
#244=PLANE('',#6642);
#245=PLANE('',#6643);
#246=PLANE('',#6644);
#247=PLANE('',#6645);
#248=PLANE('',#6646);
#249=PLANE('',#6647);
#250=PLANE('',#6648);
#251=PLANE('',#6649);
#252=PLANE('',#6650);
#253=PLANE('',#6651);
#254=PLANE('',#6652);
#255=PLANE('',#6653);
#256=PLANE('',#6654);
#257=PLANE('',#6655);
#258=PLANE('',#6656);
#259=PLANE('',#6681);
#260=PLANE('',#6682);
#261=PLANE('',#6683);
#262=PLANE('',#6684);
#263=PLANE('',#6685);
#264=PLANE('',#6686);
#265=PLANE('',#6687);
#266=PLANE('',#6688);
#267=PLANE('',#6689);
#268=PLANE('',#6690);
#269=PLANE('',#6691);
#270=PLANE('',#6692);
#271=PLANE('',#6693);
#272=PLANE('',#6694);
#273=PLANE('',#6695);
#274=PLANE('',#6696);
#275=PLANE('',#6697);
#276=PLANE('',#6698);
#277=PLANE('',#6699);
#278=PLANE('',#6700);
#279=PLANE('',#6701);
#280=PLANE('',#6702);
#281=PLANE('',#6703);
#282=PLANE('',#6704);
#283=PLANE('',#6705);
#284=PLANE('',#6706);
#285=PLANE('',#6707);
#286=PLANE('',#6708);
#287=PLANE('',#6709);
#288=PLANE('',#6710);
#289=PLANE('',#6711);
#290=PLANE('',#6712);
#291=PLANE('',#6713);
#292=PLANE('',#6717);
#293=PLANE('',#6721);
#294=PLANE('',#6722);
#295=PLANE('',#6723);
#296=PLANE('',#6724);
#297=PLANE('',#6728);
#298=PLANE('',#6732);
#299=PLANE('',#6733);
#300=PLANE('',#6734);
#301=PLANE('',#6735);
#302=PLANE('',#6736);
#303=PLANE('',#6737);
#304=PLANE('',#6738);
#305=PLANE('',#6739);
#306=PLANE('',#6740);
#307=PLANE('',#6741);
#308=PLANE('',#6742);
#309=PLANE('',#6743);
#310=PLANE('',#6744);
#311=PLANE('',#6745);
#312=PLANE('',#6746);
#313=PLANE('',#6747);
#314=PLANE('',#6748);
#315=PLANE('',#6752);
#316=PLANE('',#6756);
#317=PLANE('',#6760);
#318=PLANE('',#6761);
#319=PLANE('',#6762);
#320=PLANE('',#6763);
#321=PLANE('',#6764);
#322=PLANE('',#6765);
#323=PLANE('',#6769);
#324=PLANE('',#6770);
#325=PLANE('',#6771);
#326=TOROIDAL_SURFACE('',#6438,2.,1.);
#327=TOROIDAL_SURFACE('',#6445,2.,1.);
#328=TOROIDAL_SURFACE('',#6452,2.,1.);
#329=TOROIDAL_SURFACE('',#6459,2.,1.);
#330=TOROIDAL_SURFACE('',#6466,2.,1.);
#331=TOROIDAL_SURFACE('',#6473,2.,1.);
#332=TOROIDAL_SURFACE('',#6480,2.,1.);
#333=TOROIDAL_SURFACE('',#6487,2.,1.);
#334=TOROIDAL_SURFACE('',#6494,2.,1.);
#335=CONICAL_SURFACE('',#6302,1.7853,0.785398163397448);
#336=CONICAL_SURFACE('',#6307,1.7853,0.785398163397448);
#337=CONICAL_SURFACE('',#6312,1.7853,0.785398163397448);
#338=CONICAL_SURFACE('',#6317,1.7853,0.785398163397448);
#339=CONICAL_SURFACE('',#6322,1.7853,0.785398163397448);
#340=CONICAL_SURFACE('',#6327,1.7853,0.785398163397448);
#341=CONICAL_SURFACE('',#6329,1.7853,0.785398163397448);
#342=CONICAL_SURFACE('',#6334,1.7853,0.785398163397448);
#343=FACE_OUTER_BOUND('',#649,.T.);
#344=FACE_OUTER_BOUND('',#650,.T.);
#345=FACE_OUTER_BOUND('',#651,.T.);
#346=FACE_OUTER_BOUND('',#652,.T.);
#347=FACE_OUTER_BOUND('',#653,.T.);
#348=FACE_OUTER_BOUND('',#654,.T.);
#349=FACE_OUTER_BOUND('',#655,.T.);
#350=FACE_OUTER_BOUND('',#656,.T.);
#351=FACE_OUTER_BOUND('',#657,.T.);
#352=FACE_OUTER_BOUND('',#658,.T.);
#353=FACE_OUTER_BOUND('',#659,.T.);
#354=FACE_OUTER_BOUND('',#660,.T.);
#355=FACE_OUTER_BOUND('',#661,.T.);
#356=FACE_OUTER_BOUND('',#662,.T.);
#357=FACE_OUTER_BOUND('',#663,.T.);
#358=FACE_OUTER_BOUND('',#664,.T.);
#359=FACE_OUTER_BOUND('',#665,.T.);
#360=FACE_OUTER_BOUND('',#666,.T.);
#361=FACE_OUTER_BOUND('',#667,.T.);
#362=FACE_OUTER_BOUND('',#668,.T.);
#363=FACE_OUTER_BOUND('',#669,.T.);
#364=FACE_OUTER_BOUND('',#670,.T.);
#365=FACE_OUTER_BOUND('',#671,.T.);
#366=FACE_OUTER_BOUND('',#672,.T.);
#367=FACE_OUTER_BOUND('',#673,.T.);
#368=FACE_OUTER_BOUND('',#674,.T.);
#369=FACE_OUTER_BOUND('',#675,.T.);
#370=FACE_OUTER_BOUND('',#676,.T.);
#371=FACE_OUTER_BOUND('',#677,.T.);
#372=FACE_OUTER_BOUND('',#678,.T.);
#373=FACE_OUTER_BOUND('',#679,.T.);
#374=FACE_OUTER_BOUND('',#680,.T.);
#375=FACE_OUTER_BOUND('',#681,.T.);
#376=FACE_OUTER_BOUND('',#682,.T.);
#377=FACE_OUTER_BOUND('',#683,.T.);
#378=FACE_OUTER_BOUND('',#684,.T.);
#379=FACE_OUTER_BOUND('',#685,.T.);
#380=FACE_OUTER_BOUND('',#686,.T.);
#381=FACE_OUTER_BOUND('',#687,.T.);
#382=FACE_OUTER_BOUND('',#688,.T.);
#383=FACE_OUTER_BOUND('',#689,.T.);
#384=FACE_OUTER_BOUND('',#690,.T.);
#385=FACE_OUTER_BOUND('',#691,.T.);
#386=FACE_OUTER_BOUND('',#692,.T.);
#387=FACE_OUTER_BOUND('',#693,.T.);
#388=FACE_OUTER_BOUND('',#694,.T.);
#389=FACE_OUTER_BOUND('',#695,.T.);
#390=FACE_OUTER_BOUND('',#696,.T.);
#391=FACE_OUTER_BOUND('',#697,.T.);
#392=FACE_OUTER_BOUND('',#698,.T.);
#393=FACE_OUTER_BOUND('',#699,.T.);
#394=FACE_OUTER_BOUND('',#700,.T.);
#395=FACE_OUTER_BOUND('',#701,.T.);
#396=FACE_OUTER_BOUND('',#702,.T.);
#397=FACE_OUTER_BOUND('',#703,.T.);
#398=FACE_OUTER_BOUND('',#704,.T.);
#399=FACE_OUTER_BOUND('',#705,.T.);
#400=FACE_OUTER_BOUND('',#706,.T.);
#401=FACE_OUTER_BOUND('',#707,.T.);
#402=FACE_OUTER_BOUND('',#708,.T.);
#403=FACE_OUTER_BOUND('',#709,.T.);
#404=FACE_OUTER_BOUND('',#710,.T.);
#405=FACE_OUTER_BOUND('',#711,.T.);
#406=FACE_OUTER_BOUND('',#712,.T.);
#407=FACE_OUTER_BOUND('',#713,.T.);
#408=FACE_OUTER_BOUND('',#714,.T.);
#409=FACE_OUTER_BOUND('',#715,.T.);
#410=FACE_OUTER_BOUND('',#716,.T.);
#411=FACE_OUTER_BOUND('',#717,.T.);
#412=FACE_OUTER_BOUND('',#718,.T.);
#413=FACE_OUTER_BOUND('',#719,.T.);
#414=FACE_OUTER_BOUND('',#720,.T.);
#415=FACE_OUTER_BOUND('',#721,.T.);
#416=FACE_OUTER_BOUND('',#722,.T.);
#417=FACE_OUTER_BOUND('',#723,.T.);
#418=FACE_OUTER_BOUND('',#724,.T.);
#419=FACE_OUTER_BOUND('',#725,.T.);
#420=FACE_OUTER_BOUND('',#727,.T.);
#421=FACE_OUTER_BOUND('',#728,.T.);
#422=FACE_OUTER_BOUND('',#729,.T.);
#423=FACE_OUTER_BOUND('',#730,.T.);
#424=FACE_OUTER_BOUND('',#731,.T.);
#425=FACE_OUTER_BOUND('',#732,.T.);
#426=FACE_OUTER_BOUND('',#733,.T.);
#427=FACE_OUTER_BOUND('',#734,.T.);
#428=FACE_OUTER_BOUND('',#736,.T.);
#429=FACE_OUTER_BOUND('',#737,.T.);
#430=FACE_OUTER_BOUND('',#738,.T.);
#431=FACE_OUTER_BOUND('',#739,.T.);
#432=FACE_OUTER_BOUND('',#740,.T.);
#433=FACE_OUTER_BOUND('',#741,.T.);
#434=FACE_OUTER_BOUND('',#742,.T.);
#435=FACE_OUTER_BOUND('',#743,.T.);
#436=FACE_OUTER_BOUND('',#745,.T.);
#437=FACE_OUTER_BOUND('',#746,.T.);
#438=FACE_OUTER_BOUND('',#747,.T.);
#439=FACE_OUTER_BOUND('',#748,.T.);
#440=FACE_OUTER_BOUND('',#749,.T.);
#441=FACE_OUTER_BOUND('',#750,.T.);
#442=FACE_OUTER_BOUND('',#751,.T.);
#443=FACE_OUTER_BOUND('',#752,.T.);
#444=FACE_OUTER_BOUND('',#754,.T.);
#445=FACE_OUTER_BOUND('',#755,.T.);
#446=FACE_OUTER_BOUND('',#756,.T.);
#447=FACE_OUTER_BOUND('',#757,.T.);
#448=FACE_OUTER_BOUND('',#758,.T.);
#449=FACE_OUTER_BOUND('',#759,.T.);
#450=FACE_OUTER_BOUND('',#760,.T.);
#451=FACE_OUTER_BOUND('',#761,.T.);
#452=FACE_OUTER_BOUND('',#763,.T.);
#453=FACE_OUTER_BOUND('',#764,.T.);
#454=FACE_OUTER_BOUND('',#765,.T.);
#455=FACE_OUTER_BOUND('',#766,.T.);
#456=FACE_OUTER_BOUND('',#767,.T.);
#457=FACE_OUTER_BOUND('',#768,.T.);
#458=FACE_OUTER_BOUND('',#769,.T.);
#459=FACE_OUTER_BOUND('',#770,.T.);
#460=FACE_OUTER_BOUND('',#772,.T.);
#461=FACE_OUTER_BOUND('',#773,.T.);
#462=FACE_OUTER_BOUND('',#774,.T.);
#463=FACE_OUTER_BOUND('',#775,.T.);
#464=FACE_OUTER_BOUND('',#776,.T.);
#465=FACE_OUTER_BOUND('',#777,.T.);
#466=FACE_OUTER_BOUND('',#778,.T.);
#467=FACE_OUTER_BOUND('',#779,.T.);
#468=FACE_OUTER_BOUND('',#781,.T.);
#469=FACE_OUTER_BOUND('',#782,.T.);
#470=FACE_OUTER_BOUND('',#783,.T.);
#471=FACE_OUTER_BOUND('',#784,.T.);
#472=FACE_OUTER_BOUND('',#785,.T.);
#473=FACE_OUTER_BOUND('',#786,.T.);
#474=FACE_OUTER_BOUND('',#787,.T.);
#475=FACE_OUTER_BOUND('',#788,.T.);
#476=FACE_OUTER_BOUND('',#790,.T.);
#477=FACE_OUTER_BOUND('',#791,.T.);
#478=FACE_OUTER_BOUND('',#792,.T.);
#479=FACE_OUTER_BOUND('',#793,.T.);
#480=FACE_OUTER_BOUND('',#794,.T.);
#481=FACE_OUTER_BOUND('',#795,.T.);
#482=FACE_OUTER_BOUND('',#796,.T.);
#483=FACE_OUTER_BOUND('',#797,.T.);
#484=FACE_OUTER_BOUND('',#799,.T.);
#485=FACE_OUTER_BOUND('',#800,.T.);
#486=FACE_OUTER_BOUND('',#801,.T.);
#487=FACE_OUTER_BOUND('',#802,.T.);
#488=FACE_OUTER_BOUND('',#803,.T.);
#489=FACE_OUTER_BOUND('',#804,.T.);
#490=FACE_OUTER_BOUND('',#805,.T.);
#491=FACE_OUTER_BOUND('',#806,.T.);
#492=FACE_OUTER_BOUND('',#807,.T.);
#493=FACE_OUTER_BOUND('',#808,.T.);
#494=FACE_OUTER_BOUND('',#809,.T.);
#495=FACE_OUTER_BOUND('',#810,.T.);
#496=FACE_OUTER_BOUND('',#811,.T.);
#497=FACE_OUTER_BOUND('',#812,.T.);
#498=FACE_OUTER_BOUND('',#813,.T.);
#499=FACE_OUTER_BOUND('',#814,.T.);
#500=FACE_OUTER_BOUND('',#815,.T.);
#501=FACE_OUTER_BOUND('',#816,.T.);
#502=FACE_OUTER_BOUND('',#817,.T.);
#503=FACE_OUTER_BOUND('',#818,.T.);
#504=FACE_OUTER_BOUND('',#819,.T.);
#505=FACE_OUTER_BOUND('',#820,.T.);
#506=FACE_OUTER_BOUND('',#821,.T.);
#507=FACE_OUTER_BOUND('',#822,.T.);
#508=FACE_OUTER_BOUND('',#823,.T.);
#509=FACE_OUTER_BOUND('',#824,.T.);
#510=FACE_OUTER_BOUND('',#825,.T.);
#511=FACE_OUTER_BOUND('',#826,.T.);
#512=FACE_OUTER_BOUND('',#827,.T.);
#513=FACE_OUTER_BOUND('',#829,.T.);
#514=FACE_OUTER_BOUND('',#830,.T.);
#515=FACE_OUTER_BOUND('',#832,.T.);
#516=FACE_OUTER_BOUND('',#833,.T.);
#517=FACE_OUTER_BOUND('',#835,.T.);
#518=FACE_OUTER_BOUND('',#836,.T.);
#519=FACE_OUTER_BOUND('',#838,.T.);
#520=FACE_OUTER_BOUND('',#839,.T.);
#521=FACE_OUTER_BOUND('',#841,.T.);
#522=FACE_OUTER_BOUND('',#842,.T.);
#523=FACE_OUTER_BOUND('',#844,.T.);
#524=FACE_OUTER_BOUND('',#845,.T.);
#525=FACE_OUTER_BOUND('',#847,.T.);
#526=FACE_OUTER_BOUND('',#848,.T.);
#527=FACE_OUTER_BOUND('',#850,.T.);
#528=FACE_OUTER_BOUND('',#851,.T.);
#529=FACE_OUTER_BOUND('',#853,.T.);
#530=FACE_OUTER_BOUND('',#854,.T.);
#531=FACE_OUTER_BOUND('',#855,.T.);
#532=FACE_OUTER_BOUND('',#856,.T.);
#533=FACE_OUTER_BOUND('',#857,.T.);
#534=FACE_OUTER_BOUND('',#858,.T.);
#535=FACE_OUTER_BOUND('',#859,.T.);
#536=FACE_OUTER_BOUND('',#860,.T.);
#537=FACE_OUTER_BOUND('',#861,.T.);
#538=FACE_OUTER_BOUND('',#862,.T.);
#539=FACE_OUTER_BOUND('',#863,.T.);
#540=FACE_OUTER_BOUND('',#864,.T.);
#541=FACE_OUTER_BOUND('',#865,.T.);
#542=FACE_OUTER_BOUND('',#866,.T.);
#543=FACE_OUTER_BOUND('',#867,.T.);
#544=FACE_OUTER_BOUND('',#868,.T.);
#545=FACE_OUTER_BOUND('',#869,.T.);
#546=FACE_OUTER_BOUND('',#870,.T.);
#547=FACE_OUTER_BOUND('',#871,.T.);
#548=FACE_OUTER_BOUND('',#872,.T.);
#549=FACE_OUTER_BOUND('',#873,.T.);
#550=FACE_OUTER_BOUND('',#874,.T.);
#551=FACE_OUTER_BOUND('',#875,.T.);
#552=FACE_OUTER_BOUND('',#876,.T.);
#553=FACE_OUTER_BOUND('',#877,.T.);
#554=FACE_OUTER_BOUND('',#878,.T.);
#555=FACE_OUTER_BOUND('',#879,.T.);
#556=FACE_OUTER_BOUND('',#880,.T.);
#557=FACE_OUTER_BOUND('',#881,.T.);
#558=FACE_OUTER_BOUND('',#882,.T.);
#559=FACE_OUTER_BOUND('',#883,.T.);
#560=FACE_OUTER_BOUND('',#884,.T.);
#561=FACE_OUTER_BOUND('',#885,.T.);
#562=FACE_OUTER_BOUND('',#886,.T.);
#563=FACE_OUTER_BOUND('',#887,.T.);
#564=FACE_OUTER_BOUND('',#893,.T.);
#565=FACE_OUTER_BOUND('',#894,.T.);
#566=FACE_OUTER_BOUND('',#905,.T.);
#567=FACE_OUTER_BOUND('',#906,.T.);
#568=FACE_OUTER_BOUND('',#907,.T.);
#569=FACE_OUTER_BOUND('',#908,.T.);
#570=FACE_OUTER_BOUND('',#909,.T.);
#571=FACE_OUTER_BOUND('',#910,.T.);
#572=FACE_OUTER_BOUND('',#911,.T.);
#573=FACE_OUTER_BOUND('',#912,.T.);
#574=FACE_OUTER_BOUND('',#913,.T.);
#575=FACE_OUTER_BOUND('',#914,.T.);
#576=FACE_OUTER_BOUND('',#915,.T.);
#577=FACE_OUTER_BOUND('',#916,.T.);
#578=FACE_OUTER_BOUND('',#917,.T.);
#579=FACE_OUTER_BOUND('',#918,.T.);
#580=FACE_OUTER_BOUND('',#919,.T.);
#581=FACE_OUTER_BOUND('',#920,.T.);
#582=FACE_OUTER_BOUND('',#921,.T.);
#583=FACE_OUTER_BOUND('',#922,.T.);
#584=FACE_OUTER_BOUND('',#923,.T.);
#585=FACE_OUTER_BOUND('',#924,.T.);
#586=FACE_OUTER_BOUND('',#925,.T.);
#587=FACE_OUTER_BOUND('',#926,.T.);
#588=FACE_OUTER_BOUND('',#927,.T.);
#589=FACE_OUTER_BOUND('',#928,.T.);
#590=FACE_OUTER_BOUND('',#929,.T.);
#591=FACE_OUTER_BOUND('',#930,.T.);
#592=FACE_OUTER_BOUND('',#931,.T.);
#593=FACE_OUTER_BOUND('',#932,.T.);
#594=FACE_OUTER_BOUND('',#933,.T.);
#595=FACE_OUTER_BOUND('',#934,.T.);
#596=FACE_OUTER_BOUND('',#935,.T.);
#597=FACE_OUTER_BOUND('',#936,.T.);
#598=FACE_OUTER_BOUND('',#937,.T.);
#599=FACE_OUTER_BOUND('',#938,.T.);
#600=FACE_OUTER_BOUND('',#939,.T.);
#601=FACE_OUTER_BOUND('',#940,.T.);
#602=FACE_OUTER_BOUND('',#941,.T.);
#603=FACE_OUTER_BOUND('',#942,.T.);
#604=FACE_OUTER_BOUND('',#943,.T.);
#605=FACE_OUTER_BOUND('',#944,.T.);
#606=FACE_OUTER_BOUND('',#945,.T.);
#607=FACE_OUTER_BOUND('',#946,.T.);
#608=FACE_OUTER_BOUND('',#947,.T.);
#609=FACE_OUTER_BOUND('',#948,.T.);
#610=FACE_OUTER_BOUND('',#949,.T.);
#611=FACE_OUTER_BOUND('',#950,.T.);
#612=FACE_OUTER_BOUND('',#951,.T.);
#613=FACE_OUTER_BOUND('',#953,.T.);
#614=FACE_OUTER_BOUND('',#954,.T.);
#615=FACE_OUTER_BOUND('',#955,.T.);
#616=FACE_OUTER_BOUND('',#956,.T.);
#617=FACE_OUTER_BOUND('',#957,.T.);
#618=FACE_OUTER_BOUND('',#958,.T.);
#619=FACE_OUTER_BOUND('',#959,.T.);
#620=FACE_OUTER_BOUND('',#960,.T.);
#621=FACE_OUTER_BOUND('',#961,.T.);
#622=FACE_OUTER_BOUND('',#963,.T.);
#623=FACE_OUTER_BOUND('',#964,.T.);
#624=FACE_OUTER_BOUND('',#965,.T.);
#625=FACE_OUTER_BOUND('',#966,.T.);
#626=FACE_OUTER_BOUND('',#979,.T.);
#627=FACE_OUTER_BOUND('',#980,.T.);
#628=FACE_OUTER_BOUND('',#993,.T.);
#629=FACE_OUTER_BOUND('',#994,.T.);
#630=FACE_OUTER_BOUND('',#995,.T.);
#631=FACE_OUTER_BOUND('',#997,.T.);
#632=FACE_OUTER_BOUND('',#998,.T.);
#633=FACE_OUTER_BOUND('',#999,.T.);
#634=FACE_OUTER_BOUND('',#1000,.T.);
#635=FACE_OUTER_BOUND('',#1001,.T.);
#636=FACE_OUTER_BOUND('',#1002,.T.);
#637=FACE_OUTER_BOUND('',#1003,.T.);
#638=FACE_OUTER_BOUND('',#1004,.T.);
#639=FACE_OUTER_BOUND('',#1005,.T.);
#640=FACE_OUTER_BOUND('',#1012,.T.);
#641=FACE_OUTER_BOUND('',#1013,.T.);
#642=FACE_OUTER_BOUND('',#1020,.T.);
#643=FACE_OUTER_BOUND('',#1027,.T.);
#644=FACE_OUTER_BOUND('',#1028,.T.);
#645=FACE_OUTER_BOUND('',#1036,.T.);
#646=FACE_OUTER_BOUND('',#1037,.T.);
#647=FACE_OUTER_BOUND('',#1042,.T.);
#648=FACE_OUTER_BOUND('',#1043,.T.);
#649=EDGE_LOOP('',(#3936,#3937,#3938,#3939));
#650=EDGE_LOOP('',(#3940,#3941,#3942,#3943));
#651=EDGE_LOOP('',(#3944,#3945,#3946,#3947));
#652=EDGE_LOOP('',(#3948,#3949,#3950,#3951));
#653=EDGE_LOOP('',(#3952,#3953,#3954,#3955));
#654=EDGE_LOOP('',(#3956,#3957,#3958,#3959));
#655=EDGE_LOOP('',(#3960,#3961,#3962,#3963));
#656=EDGE_LOOP('',(#3964,#3965,#3966,#3967));
#657=EDGE_LOOP('',(#3968,#3969,#3970,#3971));
#658=EDGE_LOOP('',(#3972,#3973,#3974,#3975));
#659=EDGE_LOOP('',(#3976,#3977,#3978,#3979));
#660=EDGE_LOOP('',(#3980,#3981,#3982,#3983));
#661=EDGE_LOOP('',(#3984,#3985,#3986,#3987));
#662=EDGE_LOOP('',(#3988,#3989,#3990,#3991));
#663=EDGE_LOOP('',(#3992,#3993,#3994,#3995));
#664=EDGE_LOOP('',(#3996,#3997,#3998,#3999));
#665=EDGE_LOOP('',(#4000,#4001,#4002,#4003));
#666=EDGE_LOOP('',(#4004,#4005,#4006,#4007));
#667=EDGE_LOOP('',(#4008,#4009,#4010,#4011));
#668=EDGE_LOOP('',(#4012,#4013,#4014,#4015));
#669=EDGE_LOOP('',(#4016,#4017,#4018,#4019));
#670=EDGE_LOOP('',(#4020,#4021,#4022,#4023));
#671=EDGE_LOOP('',(#4024,#4025,#4026,#4027));
#672=EDGE_LOOP('',(#4028,#4029,#4030,#4031));
#673=EDGE_LOOP('',(#4032,#4033,#4034,#4035));
#674=EDGE_LOOP('',(#4036,#4037,#4038,#4039));
#675=EDGE_LOOP('',(#4040,#4041,#4042,#4043));
#676=EDGE_LOOP('',(#4044,#4045,#4046,#4047));
#677=EDGE_LOOP('',(#4048,#4049,#4050,#4051));
#678=EDGE_LOOP('',(#4052,#4053,#4054,#4055));
#679=EDGE_LOOP('',(#4056,#4057,#4058,#4059));
#680=EDGE_LOOP('',(#4060,#4061,#4062,#4063));
#681=EDGE_LOOP('',(#4064,#4065,#4066,#4067));
#682=EDGE_LOOP('',(#4068,#4069,#4070,#4071));
#683=EDGE_LOOP('',(#4072,#4073,#4074,#4075));
#684=EDGE_LOOP('',(#4076,#4077,#4078,#4079));
#685=EDGE_LOOP('',(#4080,#4081,#4082,#4083));
#686=EDGE_LOOP('',(#4084,#4085,#4086,#4087));
#687=EDGE_LOOP('',(#4088,#4089,#4090,#4091));
#688=EDGE_LOOP('',(#4092,#4093,#4094,#4095));
#689=EDGE_LOOP('',(#4096,#4097,#4098,#4099));
#690=EDGE_LOOP('',(#4100,#4101,#4102,#4103));
#691=EDGE_LOOP('',(#4104,#4105,#4106,#4107));
#692=EDGE_LOOP('',(#4108,#4109,#4110,#4111));
#693=EDGE_LOOP('',(#4112,#4113,#4114,#4115));
#694=EDGE_LOOP('',(#4116,#4117,#4118,#4119));
#695=EDGE_LOOP('',(#4120,#4121,#4122,#4123));
#696=EDGE_LOOP('',(#4124,#4125,#4126,#4127));
#697=EDGE_LOOP('',(#4128,#4129,#4130,#4131));
#698=EDGE_LOOP('',(#4132,#4133,#4134,#4135,#4136));
#699=EDGE_LOOP('',(#4137,#4138,#4139,#4140,#4141));
#700=EDGE_LOOP('',(#4142,#4143,#4144,#4145,#4146));
#701=EDGE_LOOP('',(#4147,#4148,#4149,#4150,#4151));
#702=EDGE_LOOP('',(#4152,#4153,#4154,#4155,#4156));
#703=EDGE_LOOP('',(#4157,#4158,#4159,#4160,#4161));
#704=EDGE_LOOP('',(#4162,#4163,#4164,#4165,#4166));
#705=EDGE_LOOP('',(#4167,#4168,#4169,#4170,#4171));
#706=EDGE_LOOP('',(#4172,#4173,#4174,#4175,#4176));
#707=EDGE_LOOP('',(#4177,#4178,#4179,#4180,#4181));
#708=EDGE_LOOP('',(#4182,#4183,#4184,#4185,#4186));
#709=EDGE_LOOP('',(#4187,#4188,#4189,#4190,#4191));
#710=EDGE_LOOP('',(#4192,#4193,#4194,#4195,#4196));
#711=EDGE_LOOP('',(#4197,#4198,#4199,#4200,#4201));
#712=EDGE_LOOP('',(#4202,#4203,#4204,#4205,#4206));
#713=EDGE_LOOP('',(#4207,#4208,#4209,#4210,#4211));
#714=EDGE_LOOP('',(#4212,#4213,#4214,#4215,#4216));
#715=EDGE_LOOP('',(#4217,#4218,#4219,#4220,#4221));
#716=EDGE_LOOP('',(#4222,#4223,#4224,#4225,#4226,#4227,#4228,#4229,#4230,
#4231,#4232,#4233,#4234,#4235,#4236,#4237,#4238,#4239,#4240,#4241,#4242,
#4243,#4244,#4245,#4246,#4247,#4248,#4249,#4250,#4251,#4252,#4253,#4254,
#4255,#4256,#4257,#4258,#4259,#4260,#4261,#4262,#4263));
#717=EDGE_LOOP('',(#4264,#4265,#4266,#4267));
#718=EDGE_LOOP('',(#4268,#4269,#4270,#4271));
#719=EDGE_LOOP('',(#4272,#4273,#4274,#4275));
#720=EDGE_LOOP('',(#4276,#4277,#4278,#4279));
#721=EDGE_LOOP('',(#4280,#4281,#4282,#4283));
#722=EDGE_LOOP('',(#4284,#4285,#4286,#4287));
#723=EDGE_LOOP('',(#4288,#4289,#4290,#4291));
#724=EDGE_LOOP('',(#4292,#4293,#4294,#4295,#4296,#4297));
#725=EDGE_LOOP('',(#4298));
#726=EDGE_LOOP('',(#4299,#4300,#4301,#4302,#4303,#4304));
#727=EDGE_LOOP('',(#4305,#4306,#4307,#4308));
#728=EDGE_LOOP('',(#4309,#4310,#4311,#4312));
#729=EDGE_LOOP('',(#4313,#4314,#4315,#4316));
#730=EDGE_LOOP('',(#4317,#4318,#4319,#4320));
#731=EDGE_LOOP('',(#4321,#4322,#4323,#4324));
#732=EDGE_LOOP('',(#4325,#4326,#4327,#4328));
#733=EDGE_LOOP('',(#4329,#4330,#4331,#4332,#4333,#4334));
#734=EDGE_LOOP('',(#4335));
#735=EDGE_LOOP('',(#4336,#4337,#4338,#4339,#4340,#4341));
#736=EDGE_LOOP('',(#4342,#4343,#4344,#4345));
#737=EDGE_LOOP('',(#4346,#4347,#4348,#4349));
#738=EDGE_LOOP('',(#4350,#4351,#4352,#4353));
#739=EDGE_LOOP('',(#4354,#4355,#4356,#4357));
#740=EDGE_LOOP('',(#4358,#4359,#4360,#4361));
#741=EDGE_LOOP('',(#4362,#4363,#4364,#4365));
#742=EDGE_LOOP('',(#4366,#4367,#4368,#4369,#4370,#4371));
#743=EDGE_LOOP('',(#4372));
#744=EDGE_LOOP('',(#4373,#4374,#4375,#4376,#4377,#4378));
#745=EDGE_LOOP('',(#4379,#4380,#4381,#4382));
#746=EDGE_LOOP('',(#4383,#4384,#4385,#4386));
#747=EDGE_LOOP('',(#4387,#4388,#4389,#4390));
#748=EDGE_LOOP('',(#4391,#4392,#4393,#4394));
#749=EDGE_LOOP('',(#4395,#4396,#4397,#4398));
#750=EDGE_LOOP('',(#4399,#4400,#4401,#4402));
#751=EDGE_LOOP('',(#4403,#4404,#4405,#4406,#4407,#4408));
#752=EDGE_LOOP('',(#4409));
#753=EDGE_LOOP('',(#4410,#4411,#4412,#4413,#4414,#4415));
#754=EDGE_LOOP('',(#4416,#4417,#4418,#4419));
#755=EDGE_LOOP('',(#4420,#4421,#4422,#4423));
#756=EDGE_LOOP('',(#4424,#4425,#4426,#4427));
#757=EDGE_LOOP('',(#4428,#4429,#4430,#4431));
#758=EDGE_LOOP('',(#4432,#4433,#4434,#4435));
#759=EDGE_LOOP('',(#4436,#4437,#4438,#4439));
#760=EDGE_LOOP('',(#4440,#4441,#4442,#4443,#4444,#4445));
#761=EDGE_LOOP('',(#4446));
#762=EDGE_LOOP('',(#4447,#4448,#4449,#4450,#4451,#4452));
#763=EDGE_LOOP('',(#4453,#4454,#4455,#4456));
#764=EDGE_LOOP('',(#4457,#4458,#4459,#4460));
#765=EDGE_LOOP('',(#4461,#4462,#4463,#4464));
#766=EDGE_LOOP('',(#4465,#4466,#4467,#4468));
#767=EDGE_LOOP('',(#4469,#4470,#4471,#4472));
#768=EDGE_LOOP('',(#4473,#4474,#4475,#4476));
#769=EDGE_LOOP('',(#4477,#4478,#4479,#4480,#4481,#4482));
#770=EDGE_LOOP('',(#4483));
#771=EDGE_LOOP('',(#4484,#4485,#4486,#4487,#4488,#4489));
#772=EDGE_LOOP('',(#4490,#4491,#4492,#4493));
#773=EDGE_LOOP('',(#4494,#4495,#4496,#4497));
#774=EDGE_LOOP('',(#4498,#4499,#4500,#4501));
#775=EDGE_LOOP('',(#4502,#4503,#4504,#4505));
#776=EDGE_LOOP('',(#4506,#4507,#4508,#4509));
#777=EDGE_LOOP('',(#4510,#4511,#4512,#4513));
#778=EDGE_LOOP('',(#4514,#4515,#4516,#4517,#4518,#4519));
#779=EDGE_LOOP('',(#4520));
#780=EDGE_LOOP('',(#4521,#4522,#4523,#4524,#4525,#4526));
#781=EDGE_LOOP('',(#4527,#4528,#4529,#4530));
#782=EDGE_LOOP('',(#4531,#4532,#4533,#4534));
#783=EDGE_LOOP('',(#4535,#4536,#4537,#4538));
#784=EDGE_LOOP('',(#4539,#4540,#4541,#4542));
#785=EDGE_LOOP('',(#4543,#4544,#4545,#4546));
#786=EDGE_LOOP('',(#4547,#4548,#4549,#4550));
#787=EDGE_LOOP('',(#4551,#4552,#4553,#4554,#4555,#4556));
#788=EDGE_LOOP('',(#4557));
#789=EDGE_LOOP('',(#4558,#4559,#4560,#4561,#4562,#4563));
#790=EDGE_LOOP('',(#4564,#4565,#4566,#4567));
#791=EDGE_LOOP('',(#4568,#4569,#4570,#4571));
#792=EDGE_LOOP('',(#4572,#4573,#4574,#4575));
#793=EDGE_LOOP('',(#4576,#4577,#4578,#4579));
#794=EDGE_LOOP('',(#4580,#4581,#4582,#4583));
#795=EDGE_LOOP('',(#4584,#4585,#4586,#4587));
#796=EDGE_LOOP('',(#4588,#4589,#4590,#4591,#4592,#4593));
#797=EDGE_LOOP('',(#4594));
#798=EDGE_LOOP('',(#4595,#4596,#4597,#4598,#4599,#4600));
#799=EDGE_LOOP('',(#4601,#4602,#4603,#4604));
#800=EDGE_LOOP('',(#4605,#4606,#4607,#4608));
#801=EDGE_LOOP('',(#4609,#4610,#4611,#4612));
#802=EDGE_LOOP('',(#4613,#4614,#4615,#4616));
#803=EDGE_LOOP('',(#4617,#4618,#4619,#4620));
#804=EDGE_LOOP('',(#4621,#4622,#4623,#4624));
#805=EDGE_LOOP('',(#4625,#4626,#4627,#4628));
#806=EDGE_LOOP('',(#4629,#4630,#4631,#4632));
#807=EDGE_LOOP('',(#4633,#4634,#4635,#4636));
#808=EDGE_LOOP('',(#4637,#4638,#4639,#4640));
#809=EDGE_LOOP('',(#4641,#4642,#4643,#4644));
#810=EDGE_LOOP('',(#4645,#4646,#4647,#4648));
#811=EDGE_LOOP('',(#4649,#4650,#4651,#4652));
#812=EDGE_LOOP('',(#4653,#4654,#4655,#4656));
#813=EDGE_LOOP('',(#4657,#4658,#4659,#4660));
#814=EDGE_LOOP('',(#4661,#4662,#4663,#4664));
#815=EDGE_LOOP('',(#4665,#4666,#4667,#4668));
#816=EDGE_LOOP('',(#4669,#4670,#4671,#4672));
#817=EDGE_LOOP('',(#4673,#4674,#4675,#4676));
#818=EDGE_LOOP('',(#4677,#4678,#4679,#4680));
#819=EDGE_LOOP('',(#4681,#4682,#4683,#4684));
#820=EDGE_LOOP('',(#4685,#4686,#4687,#4688));
#821=EDGE_LOOP('',(#4689,#4690,#4691,#4692));
#822=EDGE_LOOP('',(#4693,#4694,#4695,#4696));
#823=EDGE_LOOP('',(#4697,#4698,#4699,#4700));
#824=EDGE_LOOP('',(#4701,#4702,#4703,#4704));
#825=EDGE_LOOP('',(#4705,#4706,#4707,#4708));
#826=EDGE_LOOP('',(#4709,#4710,#4711,#4712,#4713,#4714,#4715,#4716));
#827=EDGE_LOOP('',(#4717,#4718,#4719,#4720));
#828=EDGE_LOOP('',(#4721));
#829=EDGE_LOOP('',(#4722,#4723,#4724,#4725,#4726,#4727,#4728,#4729));
#830=EDGE_LOOP('',(#4730,#4731,#4732,#4733));
#831=EDGE_LOOP('',(#4734));
#832=EDGE_LOOP('',(#4735,#4736,#4737,#4738,#4739,#4740,#4741,#4742));
#833=EDGE_LOOP('',(#4743,#4744,#4745,#4746));
#834=EDGE_LOOP('',(#4747));
#835=EDGE_LOOP('',(#4748,#4749,#4750,#4751,#4752,#4753,#4754,#4755));
#836=EDGE_LOOP('',(#4756,#4757,#4758,#4759));
#837=EDGE_LOOP('',(#4760));
#838=EDGE_LOOP('',(#4761,#4762,#4763,#4764,#4765,#4766,#4767,#4768));
#839=EDGE_LOOP('',(#4769,#4770,#4771,#4772));
#840=EDGE_LOOP('',(#4773));
#841=EDGE_LOOP('',(#4774,#4775,#4776,#4777,#4778,#4779,#4780,#4781));
#842=EDGE_LOOP('',(#4782,#4783,#4784,#4785));
#843=EDGE_LOOP('',(#4786));
#844=EDGE_LOOP('',(#4787,#4788,#4789,#4790,#4791,#4792,#4793,#4794));
#845=EDGE_LOOP('',(#4795,#4796,#4797,#4798));
#846=EDGE_LOOP('',(#4799));
#847=EDGE_LOOP('',(#4800,#4801,#4802,#4803,#4804,#4805,#4806,#4807));
#848=EDGE_LOOP('',(#4808,#4809,#4810,#4811));
#849=EDGE_LOOP('',(#4812));
#850=EDGE_LOOP('',(#4813,#4814,#4815,#4816,#4817,#4818,#4819,#4820));
#851=EDGE_LOOP('',(#4821,#4822,#4823,#4824));
#852=EDGE_LOOP('',(#4825));
#853=EDGE_LOOP('',(#4826,#4827,#4828,#4829));
#854=EDGE_LOOP('',(#4830,#4831,#4832,#4833,#4834,#4835,#4836,#4837));
#855=EDGE_LOOP('',(#4838,#4839,#4840,#4841));
#856=EDGE_LOOP('',(#4842,#4843,#4844,#4845));
#857=EDGE_LOOP('',(#4846,#4847,#4848,#4849,#4850,#4851,#4852,#4853));
#858=EDGE_LOOP('',(#4854,#4855,#4856,#4857));
#859=EDGE_LOOP('',(#4858,#4859,#4860,#4861));
#860=EDGE_LOOP('',(#4862,#4863,#4864,#4865,#4866,#4867,#4868,#4869));
#861=EDGE_LOOP('',(#4870,#4871,#4872,#4873));
#862=EDGE_LOOP('',(#4874,#4875,#4876,#4877));
#863=EDGE_LOOP('',(#4878,#4879,#4880,#4881,#4882,#4883,#4884,#4885));
#864=EDGE_LOOP('',(#4886,#4887,#4888,#4889));
#865=EDGE_LOOP('',(#4890,#4891,#4892,#4893));
#866=EDGE_LOOP('',(#4894,#4895,#4896,#4897,#4898,#4899,#4900,#4901));
#867=EDGE_LOOP('',(#4902,#4903,#4904,#4905));
#868=EDGE_LOOP('',(#4906,#4907,#4908,#4909));
#869=EDGE_LOOP('',(#4910,#4911,#4912,#4913,#4914,#4915,#4916,#4917));
#870=EDGE_LOOP('',(#4918,#4919,#4920,#4921));
#871=EDGE_LOOP('',(#4922,#4923,#4924,#4925));
#872=EDGE_LOOP('',(#4926,#4927,#4928,#4929,#4930,#4931,#4932,#4933));
#873=EDGE_LOOP('',(#4934,#4935,#4936,#4937));
#874=EDGE_LOOP('',(#4938,#4939,#4940,#4941));
#875=EDGE_LOOP('',(#4942,#4943,#4944,#4945,#4946,#4947,#4948,#4949));
#876=EDGE_LOOP('',(#4950,#4951,#4952,#4953));
#877=EDGE_LOOP('',(#4954,#4955,#4956,#4957));
#878=EDGE_LOOP('',(#4958,#4959,#4960,#4961,#4962,#4963,#4964,#4965));
#879=EDGE_LOOP('',(#4966,#4967,#4968,#4969));
#880=EDGE_LOOP('',(#4970,#4971,#4972,#4973));
#881=EDGE_LOOP('',(#4974,#4975,#4976,#4977));
#882=EDGE_LOOP('',(#4978,#4979,#4980,#4981));
#883=EDGE_LOOP('',(#4982,#4983,#4984,#4985,#4986,#4987,#4988,#4989,#4990,
#4991,#4992,#4993,#4994,#4995,#4996,#4997,#4998,#4999,#5000,#5001,#5002,
#5003,#5004,#5005,#5006,#5007,#5008,#5009,#5010,#5011,#5012,#5013,#5014,
#5015,#5016,#5017,#5018,#5019,#5020,#5021,#5022,#5023));
#884=EDGE_LOOP('',(#5024,#5025,#5026,#5027,#5028,#5029,#5030,#5031));
#885=EDGE_LOOP('',(#5032,#5033,#5034,#5035,#5036,#5037,#5038,#5039));
#886=EDGE_LOOP('',(#5040,#5041,#5042,#5043));
#887=EDGE_LOOP('',(#5044,#5045,#5046,#5047));
#888=EDGE_LOOP('',(#5048));
#889=EDGE_LOOP('',(#5049));
#890=EDGE_LOOP('',(#5050));
#891=EDGE_LOOP('',(#5051));
#892=EDGE_LOOP('',(#5052));
#893=EDGE_LOOP('',(#5053,#5054,#5055,#5056));
#894=EDGE_LOOP('',(#5057,#5058,#5059,#5060));
#895=EDGE_LOOP('',(#5061));
#896=EDGE_LOOP('',(#5062));
#897=EDGE_LOOP('',(#5063));
#898=EDGE_LOOP('',(#5064));
#899=EDGE_LOOP('',(#5065));
#900=EDGE_LOOP('',(#5066,#5067,#5068,#5069));
#901=EDGE_LOOP('',(#5070));
#902=EDGE_LOOP('',(#5071));
#903=EDGE_LOOP('',(#5072));
#904=EDGE_LOOP('',(#5073));
#905=EDGE_LOOP('',(#5074,#5075,#5076,#5077));
#906=EDGE_LOOP('',(#5078,#5079,#5080,#5081));
#907=EDGE_LOOP('',(#5082,#5083,#5084,#5085));
#908=EDGE_LOOP('',(#5086,#5087,#5088,#5089));
#909=EDGE_LOOP('',(#5090,#5091,#5092,#5093));
#910=EDGE_LOOP('',(#5094,#5095,#5096,#5097));
#911=EDGE_LOOP('',(#5098,#5099,#5100,#5101));
#912=EDGE_LOOP('',(#5102,#5103,#5104,#5105));
#913=EDGE_LOOP('',(#5106,#5107,#5108,#5109));
#914=EDGE_LOOP('',(#5110,#5111,#5112,#5113));
#915=EDGE_LOOP('',(#5114,#5115,#5116,#5117));
#916=EDGE_LOOP('',(#5118,#5119,#5120,#5121));
#917=EDGE_LOOP('',(#5122,#5123,#5124,#5125));
#918=EDGE_LOOP('',(#5126,#5127,#5128,#5129));
#919=EDGE_LOOP('',(#5130,#5131,#5132,#5133));
#920=EDGE_LOOP('',(#5134,#5135,#5136,#5137));
#921=EDGE_LOOP('',(#5138,#5139,#5140,#5141));
#922=EDGE_LOOP('',(#5142,#5143,#5144,#5145));
#923=EDGE_LOOP('',(#5146,#5147,#5148,#5149));
#924=EDGE_LOOP('',(#5150,#5151,#5152,#5153));
#925=EDGE_LOOP('',(#5154,#5155,#5156,#5157));
#926=EDGE_LOOP('',(#5158,#5159,#5160,#5161));
#927=EDGE_LOOP('',(#5162,#5163,#5164,#5165));
#928=EDGE_LOOP('',(#5166,#5167,#5168,#5169));
#929=EDGE_LOOP('',(#5170,#5171,#5172,#5173));
#930=EDGE_LOOP('',(#5174,#5175,#5176,#5177));
#931=EDGE_LOOP('',(#5178,#5179,#5180,#5181));
#932=EDGE_LOOP('',(#5182,#5183,#5184,#5185));
#933=EDGE_LOOP('',(#5186,#5187,#5188,#5189));
#934=EDGE_LOOP('',(#5190,#5191,#5192,#5193));
#935=EDGE_LOOP('',(#5194,#5195,#5196,#5197));
#936=EDGE_LOOP('',(#5198,#5199,#5200,#5201));
#937=EDGE_LOOP('',(#5202,#5203,#5204,#5205));
#938=EDGE_LOOP('',(#5206,#5207,#5208,#5209));
#939=EDGE_LOOP('',(#5210,#5211,#5212,#5213));
#940=EDGE_LOOP('',(#5214,#5215,#5216,#5217));
#941=EDGE_LOOP('',(#5218,#5219,#5220,#5221));
#942=EDGE_LOOP('',(#5222,#5223,#5224,#5225));
#943=EDGE_LOOP('',(#5226,#5227,#5228,#5229));
#944=EDGE_LOOP('',(#5230,#5231,#5232,#5233));
#945=EDGE_LOOP('',(#5234,#5235,#5236,#5237));
#946=EDGE_LOOP('',(#5238,#5239,#5240,#5241));
#947=EDGE_LOOP('',(#5242,#5243,#5244,#5245));
#948=EDGE_LOOP('',(#5246,#5247,#5248,#5249));
#949=EDGE_LOOP('',(#5250,#5251,#5252,#5253));
#950=EDGE_LOOP('',(#5254,#5255,#5256,#5257));
#951=EDGE_LOOP('',(#5258,#5259,#5260,#5261,#5262,#5263));
#952=EDGE_LOOP('',(#5264,#5265,#5266,#5267));
#953=EDGE_LOOP('',(#5268,#5269,#5270,#5271));
#954=EDGE_LOOP('',(#5272,#5273,#5274,#5275));
#955=EDGE_LOOP('',(#5276,#5277,#5278,#5279));
#956=EDGE_LOOP('',(#5280,#5281,#5282,#5283));
#957=EDGE_LOOP('',(#5284,#5285,#5286,#5287));
#958=EDGE_LOOP('',(#5288,#5289,#5290,#5291));
#959=EDGE_LOOP('',(#5292,#5293,#5294,#5295,#5296,#5297));
#960=EDGE_LOOP('',(#5298,#5299,#5300,#5301));
#961=EDGE_LOOP('',(#5302,#5303,#5304,#5305,#5306,#5307,#5308,#5309));
#962=EDGE_LOOP('',(#5310,#5311,#5312,#5313));
#963=EDGE_LOOP('',(#5314,#5315,#5316,#5317));
#964=EDGE_LOOP('',(#5318,#5319,#5320,#5321,#5322,#5323));
#965=EDGE_LOOP('',(#5324,#5325,#5326,#5327,#5328,#5329));
#966=EDGE_LOOP('',(#5330,#5331,#5332,#5333));
#967=EDGE_LOOP('',(#5334));
#968=EDGE_LOOP('',(#5335));
#969=EDGE_LOOP('',(#5336));
#970=EDGE_LOOP('',(#5337));
#971=EDGE_LOOP('',(#5338,#5339,#5340,#5341));
#972=EDGE_LOOP('',(#5342,#5343,#5344,#5345));
#973=EDGE_LOOP('',(#5346,#5347,#5348,#5349));
#974=EDGE_LOOP('',(#5350,#5351,#5352,#5353));
#975=EDGE_LOOP('',(#5354,#5355,#5356,#5357));
#976=EDGE_LOOP('',(#5358,#5359,#5360,#5361));
#977=EDGE_LOOP('',(#5362,#5363,#5364,#5365));
#978=EDGE_LOOP('',(#5366,#5367,#5368,#5369));
#979=EDGE_LOOP('',(#5370,#5371,#5372,#5373));
#980=EDGE_LOOP('',(#5374,#5375,#5376,#5377));
#981=EDGE_LOOP('',(#5378));
#982=EDGE_LOOP('',(#5379));
#983=EDGE_LOOP('',(#5380));
#984=EDGE_LOOP('',(#5381));
#985=EDGE_LOOP('',(#5382,#5383,#5384,#5385));
#986=EDGE_LOOP('',(#5386,#5387,#5388,#5389));
#987=EDGE_LOOP('',(#5390,#5391,#5392,#5393));
#988=EDGE_LOOP('',(#5394,#5395,#5396,#5397));
#989=EDGE_LOOP('',(#5398,#5399,#5400,#5401));
#990=EDGE_LOOP('',(#5402,#5403,#5404,#5405));
#991=EDGE_LOOP('',(#5406,#5407,#5408,#5409));
#992=EDGE_LOOP('',(#5410,#5411,#5412,#5413));
#993=EDGE_LOOP('',(#5414,#5415,#5416,#5417));
#994=EDGE_LOOP('',(#5418,#5419,#5420,#5421,#5422,#5423,#5424,#5425));
#995=EDGE_LOOP('',(#5426,#5427,#5428,#5429));
#996=EDGE_LOOP('',(#5430,#5431,#5432,#5433,#5434,#5435));
#997=EDGE_LOOP('',(#5436,#5437,#5438,#5439));
#998=EDGE_LOOP('',(#5440,#5441,#5442,#5443));
#999=EDGE_LOOP('',(#5444,#5445,#5446,#5447));
#1000=EDGE_LOOP('',(#5448,#5449,#5450,#5451));
#1001=EDGE_LOOP('',(#5452,#5453,#5454,#5455));
#1002=EDGE_LOOP('',(#5456,#5457,#5458,#5459));
#1003=EDGE_LOOP('',(#5460,#5461,#5462,#5463,#5464,#5465));
#1004=EDGE_LOOP('',(#5466,#5467,#5468,#5469));
#1005=EDGE_LOOP('',(#5470,#5471,#5472,#5473));
#1006=EDGE_LOOP('',(#5474,#5475,#5476,#5477));
#1007=EDGE_LOOP('',(#5478,#5479,#5480,#5481));
#1008=EDGE_LOOP('',(#5482,#5483,#5484,#5485));
#1009=EDGE_LOOP('',(#5486,#5487,#5488,#5489,#5490,#5491));
#1010=EDGE_LOOP('',(#5492));
#1011=EDGE_LOOP('',(#5493));
#1012=EDGE_LOOP('',(#5494,#5495,#5496,#5497));
#1013=EDGE_LOOP('',(#5498,#5499,#5500,#5501));
#1014=EDGE_LOOP('',(#5502,#5503,#5504,#5505));
#1015=EDGE_LOOP('',(#5506,#5507,#5508,#5509));
#1016=EDGE_LOOP('',(#5510,#5511,#5512,#5513));
#1017=EDGE_LOOP('',(#5514,#5515,#5516,#5517));
#1018=EDGE_LOOP('',(#5518));
#1019=EDGE_LOOP('',(#5519));
#1020=EDGE_LOOP('',(#5520,#5521,#5522,#5523));
#1021=EDGE_LOOP('',(#5524,#5525,#5526,#5527));
#1022=EDGE_LOOP('',(#5528,#5529,#5530,#5531));
#1023=EDGE_LOOP('',(#5532,#5533,#5534,#5535));
#1024=EDGE_LOOP('',(#5536,#5537,#5538,#5539));
#1025=EDGE_LOOP('',(#5540));
#1026=EDGE_LOOP('',(#5541));
#1027=EDGE_LOOP('',(#5542,#5543,#5544,#5545));
#1028=EDGE_LOOP('',(#5546,#5547,#5548,#5549));
#1029=EDGE_LOOP('',(#5550,#5551,#5552,#5553));
#1030=EDGE_LOOP('',(#5554,#5555,#5556,#5557));
#1031=EDGE_LOOP('',(#5558,#5559,#5560,#5561));
#1032=EDGE_LOOP('',(#5562,#5563,#5564,#5565));
#1033=EDGE_LOOP('',(#5566,#5567,#5568,#5569,#5570,#5571));
#1034=EDGE_LOOP('',(#5572));
#1035=EDGE_LOOP('',(#5573));
#1036=EDGE_LOOP('',(#5574,#5575,#5576,#5577));
#1037=EDGE_LOOP('',(#5578,#5579,#5580,#5581));
#1038=EDGE_LOOP('',(#5582));
#1039=EDGE_LOOP('',(#5583));
#1040=EDGE_LOOP('',(#5584));
#1041=EDGE_LOOP('',(#5585));
#1042=EDGE_LOOP('',(#5586,#5587,#5588,#5589,#5590,#5591,#5592,#5593,#5594,
#5595));
#1043=EDGE_LOOP('',(#5596,#5597,#5598,#5599,#5600,#5601,#5602,#5603,#5604,
#5605));
#1044=LINE('',#8393,#1712);
#1045=LINE('',#8397,#1713);
#1046=LINE('',#8403,#1714);
#1047=LINE('',#8407,#1715);
#1048=LINE('',#8413,#1716);
#1049=LINE('',#8417,#1717);
#1050=LINE('',#8423,#1718);
#1051=LINE('',#8427,#1719);
#1052=LINE('',#8433,#1720);
#1053=LINE('',#8437,#1721);
#1054=LINE('',#8443,#1722);
#1055=LINE('',#8447,#1723);
#1056=LINE('',#8453,#1724);
#1057=LINE('',#8458,#1725);
#1058=LINE('',#8463,#1726);
#1059=LINE('',#8468,#1727);
#1060=LINE('',#8474,#1728);
#1061=LINE('',#8477,#1729);
#1062=LINE('',#8483,#1730);
#1063=LINE('',#8486,#1731);
#1064=LINE('',#8492,#1732);
#1065=LINE('',#8495,#1733);
#1066=LINE('',#8501,#1734);
#1067=LINE('',#8504,#1735);
#1068=LINE('',#8510,#1736);
#1069=LINE('',#8513,#1737);
#1070=LINE('',#8519,#1738);
#1071=LINE('',#8522,#1739);
#1072=LINE('',#8528,#1740);
#1073=LINE('',#8531,#1741);
#1074=LINE('',#8537,#1742);
#1075=LINE('',#8540,#1743);
#1076=LINE('',#8546,#1744);
#1077=LINE('',#8549,#1745);
#1078=LINE('',#8555,#1746);
#1079=LINE('',#8560,#1747);
#1080=LINE('',#8570,#1748);
#1081=LINE('',#8573,#1749);
#1082=LINE('',#8579,#1750);
#1083=LINE('',#8584,#1751);
#1084=LINE('',#8594,#1752);
#1085=LINE('',#8597,#1753);
#1086=LINE('',#8603,#1754);
#1087=LINE('',#8608,#1755);
#1088=LINE('',#8618,#1756);
#1089=LINE('',#8621,#1757);
#1090=LINE('',#8627,#1758);
#1091=LINE('',#8632,#1759);
#1092=LINE('',#8641,#1760);
#1093=LINE('',#8647,#1761);
#1094=LINE('',#8653,#1762);
#1095=LINE('',#8659,#1763);
#1096=LINE('',#8665,#1764);
#1097=LINE('',#8671,#1765);
#1098=LINE('',#8677,#1766);
#1099=LINE('',#8683,#1767);
#1100=LINE('',#8689,#1768);
#1101=LINE('',#8702,#1769);
#1102=LINE('',#8714,#1770);
#1103=LINE('',#8726,#1771);
#1104=LINE('',#8738,#1772);
#1105=LINE('',#8750,#1773);
#1106=LINE('',#8762,#1774);
#1107=LINE('',#8774,#1775);
#1108=LINE('',#8786,#1776);
#1109=LINE('',#8798,#1777);
#1110=LINE('',#8802,#1778);
#1111=LINE('',#8804,#1779);
#1112=LINE('',#8806,#1780);
#1113=LINE('',#8808,#1781);
#1114=LINE('',#8810,#1782);
#1115=LINE('',#8812,#1783);
#1116=LINE('',#8814,#1784);
#1117=LINE('',#8816,#1785);
#1118=LINE('',#8818,#1786);
#1119=LINE('',#8820,#1787);
#1120=LINE('',#8822,#1788);
#1121=LINE('',#8824,#1789);
#1122=LINE('',#8826,#1790);
#1123=LINE('',#8828,#1791);
#1124=LINE('',#8830,#1792);
#1125=LINE('',#8832,#1793);
#1126=LINE('',#8834,#1794);
#1127=LINE('',#8836,#1795);
#1128=LINE('',#8838,#1796);
#1129=LINE('',#8840,#1797);
#1130=LINE('',#8842,#1798);
#1131=LINE('',#8844,#1799);
#1132=LINE('',#8846,#1800);
#1133=LINE('',#8848,#1801);
#1134=LINE('',#8850,#1802);
#1135=LINE('',#8852,#1803);
#1136=LINE('',#8854,#1804);
#1137=LINE('',#8856,#1805);
#1138=LINE('',#8858,#1806);
#1139=LINE('',#8860,#1807);
#1140=LINE('',#8862,#1808);
#1141=LINE('',#8864,#1809);
#1142=LINE('',#8866,#1810);
#1143=LINE('',#8868,#1811);
#1144=LINE('',#8870,#1812);
#1145=LINE('',#8872,#1813);
#1146=LINE('',#8874,#1814);
#1147=LINE('',#8876,#1815);
#1148=LINE('',#8878,#1816);
#1149=LINE('',#8880,#1817);
#1150=LINE('',#8882,#1818);
#1151=LINE('',#8883,#1819);
#1152=LINE('',#8886,#1820);
#1153=LINE('',#8888,#1821);
#1154=LINE('',#8889,#1822);
#1155=LINE('',#8893,#1823);
#1156=LINE('',#8895,#1824);
#1157=LINE('',#8897,#1825);
#1158=LINE('',#8898,#1826);
#1159=LINE('',#8901,#1827);
#1160=LINE('',#8903,#1828);
#1161=LINE('',#8904,#1829);
#1162=LINE('',#8907,#1830);
#1163=LINE('',#8909,#1831);
#1164=LINE('',#8910,#1832);
#1165=LINE('',#8913,#1833);
#1166=LINE('',#8915,#1834);
#1167=LINE('',#8916,#1835);
#1168=LINE('',#8919,#1836);
#1169=LINE('',#8921,#1837);
#1170=LINE('',#8922,#1838);
#1171=LINE('',#8924,#1839);
#1172=LINE('',#8925,#1840);
#1173=LINE('',#8931,#1841);
#1174=LINE('',#8933,#1842);
#1175=LINE('',#8935,#1843);
#1176=LINE('',#8936,#1844);
#1177=LINE('',#8939,#1845);
#1178=LINE('',#8941,#1846);
#1179=LINE('',#8942,#1847);
#1180=LINE('',#8945,#1848);
#1181=LINE('',#8947,#1849);
#1182=LINE('',#8948,#1850);
#1183=LINE('',#8951,#1851);
#1184=LINE('',#8953,#1852);
#1185=LINE('',#8954,#1853);
#1186=LINE('',#8957,#1854);
#1187=LINE('',#8959,#1855);
#1188=LINE('',#8960,#1856);
#1189=LINE('',#8962,#1857);
#1190=LINE('',#8963,#1858);
#1191=LINE('',#8969,#1859);
#1192=LINE('',#8971,#1860);
#1193=LINE('',#8973,#1861);
#1194=LINE('',#8974,#1862);
#1195=LINE('',#8977,#1863);
#1196=LINE('',#8979,#1864);
#1197=LINE('',#8980,#1865);
#1198=LINE('',#8983,#1866);
#1199=LINE('',#8985,#1867);
#1200=LINE('',#8986,#1868);
#1201=LINE('',#8989,#1869);
#1202=LINE('',#8991,#1870);
#1203=LINE('',#8992,#1871);
#1204=LINE('',#8995,#1872);
#1205=LINE('',#8997,#1873);
#1206=LINE('',#8998,#1874);
#1207=LINE('',#9000,#1875);
#1208=LINE('',#9001,#1876);
#1209=LINE('',#9007,#1877);
#1210=LINE('',#9009,#1878);
#1211=LINE('',#9011,#1879);
#1212=LINE('',#9012,#1880);
#1213=LINE('',#9015,#1881);
#1214=LINE('',#9017,#1882);
#1215=LINE('',#9018,#1883);
#1216=LINE('',#9021,#1884);
#1217=LINE('',#9023,#1885);
#1218=LINE('',#9024,#1886);
#1219=LINE('',#9027,#1887);
#1220=LINE('',#9029,#1888);
#1221=LINE('',#9030,#1889);
#1222=LINE('',#9033,#1890);
#1223=LINE('',#9035,#1891);
#1224=LINE('',#9036,#1892);
#1225=LINE('',#9038,#1893);
#1226=LINE('',#9039,#1894);
#1227=LINE('',#9045,#1895);
#1228=LINE('',#9047,#1896);
#1229=LINE('',#9049,#1897);
#1230=LINE('',#9050,#1898);
#1231=LINE('',#9053,#1899);
#1232=LINE('',#9055,#1900);
#1233=LINE('',#9056,#1901);
#1234=LINE('',#9059,#1902);
#1235=LINE('',#9061,#1903);
#1236=LINE('',#9062,#1904);
#1237=LINE('',#9065,#1905);
#1238=LINE('',#9067,#1906);
#1239=LINE('',#9068,#1907);
#1240=LINE('',#9071,#1908);
#1241=LINE('',#9073,#1909);
#1242=LINE('',#9074,#1910);
#1243=LINE('',#9076,#1911);
#1244=LINE('',#9077,#1912);
#1245=LINE('',#9083,#1913);
#1246=LINE('',#9085,#1914);
#1247=LINE('',#9087,#1915);
#1248=LINE('',#9088,#1916);
#1249=LINE('',#9091,#1917);
#1250=LINE('',#9093,#1918);
#1251=LINE('',#9094,#1919);
#1252=LINE('',#9097,#1920);
#1253=LINE('',#9099,#1921);
#1254=LINE('',#9100,#1922);
#1255=LINE('',#9103,#1923);
#1256=LINE('',#9105,#1924);
#1257=LINE('',#9106,#1925);
#1258=LINE('',#9109,#1926);
#1259=LINE('',#9111,#1927);
#1260=LINE('',#9112,#1928);
#1261=LINE('',#9114,#1929);
#1262=LINE('',#9115,#1930);
#1263=LINE('',#9121,#1931);
#1264=LINE('',#9123,#1932);
#1265=LINE('',#9125,#1933);
#1266=LINE('',#9126,#1934);
#1267=LINE('',#9129,#1935);
#1268=LINE('',#9131,#1936);
#1269=LINE('',#9132,#1937);
#1270=LINE('',#9135,#1938);
#1271=LINE('',#9137,#1939);
#1272=LINE('',#9138,#1940);
#1273=LINE('',#9141,#1941);
#1274=LINE('',#9143,#1942);
#1275=LINE('',#9144,#1943);
#1276=LINE('',#9147,#1944);
#1277=LINE('',#9149,#1945);
#1278=LINE('',#9150,#1946);
#1279=LINE('',#9152,#1947);
#1280=LINE('',#9153,#1948);
#1281=LINE('',#9159,#1949);
#1282=LINE('',#9161,#1950);
#1283=LINE('',#9163,#1951);
#1284=LINE('',#9164,#1952);
#1285=LINE('',#9167,#1953);
#1286=LINE('',#9169,#1954);
#1287=LINE('',#9170,#1955);
#1288=LINE('',#9173,#1956);
#1289=LINE('',#9175,#1957);
#1290=LINE('',#9176,#1958);
#1291=LINE('',#9179,#1959);
#1292=LINE('',#9181,#1960);
#1293=LINE('',#9182,#1961);
#1294=LINE('',#9185,#1962);
#1295=LINE('',#9187,#1963);
#1296=LINE('',#9188,#1964);
#1297=LINE('',#9190,#1965);
#1298=LINE('',#9191,#1966);
#1299=LINE('',#9197,#1967);
#1300=LINE('',#9199,#1968);
#1301=LINE('',#9201,#1969);
#1302=LINE('',#9202,#1970);
#1303=LINE('',#9205,#1971);
#1304=LINE('',#9207,#1972);
#1305=LINE('',#9208,#1973);
#1306=LINE('',#9211,#1974);
#1307=LINE('',#9213,#1975);
#1308=LINE('',#9214,#1976);
#1309=LINE('',#9217,#1977);
#1310=LINE('',#9219,#1978);
#1311=LINE('',#9220,#1979);
#1312=LINE('',#9223,#1980);
#1313=LINE('',#9225,#1981);
#1314=LINE('',#9226,#1982);
#1315=LINE('',#9228,#1983);
#1316=LINE('',#9229,#1984);
#1317=LINE('',#9235,#1985);
#1318=LINE('',#9237,#1986);
#1319=LINE('',#9239,#1987);
#1320=LINE('',#9240,#1988);
#1321=LINE('',#9244,#1989);
#1322=LINE('',#9246,#1990);
#1323=LINE('',#9248,#1991);
#1324=LINE('',#9249,#1992);
#1325=LINE('',#9253,#1993);
#1326=LINE('',#9255,#1994);
#1327=LINE('',#9257,#1995);
#1328=LINE('',#9258,#1996);
#1329=LINE('',#9262,#1997);
#1330=LINE('',#9264,#1998);
#1331=LINE('',#9266,#1999);
#1332=LINE('',#9267,#2000);
#1333=LINE('',#9271,#2001);
#1334=LINE('',#9273,#2002);
#1335=LINE('',#9275,#2003);
#1336=LINE('',#9276,#2004);
#1337=LINE('',#9280,#2005);
#1338=LINE('',#9282,#2006);
#1339=LINE('',#9284,#2007);
#1340=LINE('',#9285,#2008);
#1341=LINE('',#9289,#2009);
#1342=LINE('',#9291,#2010);
#1343=LINE('',#9293,#2011);
#1344=LINE('',#9294,#2012);
#1345=LINE('',#9298,#2013);
#1346=LINE('',#9300,#2014);
#1347=LINE('',#9302,#2015);
#1348=LINE('',#9303,#2016);
#1349=LINE('',#9307,#2017);
#1350=LINE('',#9309,#2018);
#1351=LINE('',#9311,#2019);
#1352=LINE('',#9312,#2020);
#1353=LINE('',#9316,#2021);
#1354=LINE('',#9318,#2022);
#1355=LINE('',#9320,#2023);
#1356=LINE('',#9321,#2024);
#1357=LINE('',#9325,#2025);
#1358=LINE('',#9327,#2026);
#1359=LINE('',#9329,#2027);
#1360=LINE('',#9330,#2028);
#1361=LINE('',#9334,#2029);
#1362=LINE('',#9336,#2030);
#1363=LINE('',#9338,#2031);
#1364=LINE('',#9339,#2032);
#1365=LINE('',#9343,#2033);
#1366=LINE('',#9345,#2034);
#1367=LINE('',#9347,#2035);
#1368=LINE('',#9348,#2036);
#1369=LINE('',#9352,#2037);
#1370=LINE('',#9354,#2038);
#1371=LINE('',#9356,#2039);
#1372=LINE('',#9357,#2040);
#1373=LINE('',#9361,#2041);
#1374=LINE('',#9363,#2042);
#1375=LINE('',#9365,#2043);
#1376=LINE('',#9366,#2044);
#1377=LINE('',#9370,#2045);
#1378=LINE('',#9372,#2046);
#1379=LINE('',#9374,#2047);
#1380=LINE('',#9375,#2048);
#1381=LINE('',#9379,#2049);
#1382=LINE('',#9381,#2050);
#1383=LINE('',#9383,#2051);
#1384=LINE('',#9384,#2052);
#1385=LINE('',#9386,#2053);
#1386=LINE('',#9387,#2054);
#1387=LINE('',#9389,#2055);
#1388=LINE('',#9390,#2056);
#1389=LINE('',#9392,#2057);
#1390=LINE('',#9393,#2058);
#1391=LINE('',#9395,#2059);
#1392=LINE('',#9396,#2060);
#1393=LINE('',#9398,#2061);
#1394=LINE('',#9399,#2062);
#1395=LINE('',#9401,#2063);
#1396=LINE('',#9402,#2064);
#1397=LINE('',#9404,#2065);
#1398=LINE('',#9405,#2066);
#1399=LINE('',#9407,#2067);
#1400=LINE('',#9408,#2068);
#1401=LINE('',#9412,#2069);
#1402=LINE('',#9414,#2070);
#1403=LINE('',#9416,#2071);
#1404=LINE('',#9417,#2072);
#1405=LINE('',#9419,#2073);
#1406=LINE('',#9420,#2074);
#1407=LINE('',#9423,#2075);
#1408=LINE('',#9425,#2076);
#1409=LINE('',#9426,#2077);
#1410=LINE('',#9427,#2078);
#1411=LINE('',#9430,#2079);
#1412=LINE('',#9431,#2080);
#1413=LINE('',#9434,#2081);
#1414=LINE('',#9436,#2082);
#1415=LINE('',#9437,#2083);
#1416=LINE('',#9438,#2084);
#1417=LINE('',#9441,#2085);
#1418=LINE('',#9442,#2086);
#1419=LINE('',#9445,#2087);
#1420=LINE('',#9447,#2088);
#1421=LINE('',#9448,#2089);
#1422=LINE('',#9449,#2090);
#1423=LINE('',#9452,#2091);
#1424=LINE('',#9453,#2092);
#1425=LINE('',#9456,#2093);
#1426=LINE('',#9458,#2094);
#1427=LINE('',#9459,#2095);
#1428=LINE('',#9460,#2096);
#1429=LINE('',#9463,#2097);
#1430=LINE('',#9464,#2098);
#1431=LINE('',#9467,#2099);
#1432=LINE('',#9469,#2100);
#1433=LINE('',#9470,#2101);
#1434=LINE('',#9471,#2102);
#1435=LINE('',#9474,#2103);
#1436=LINE('',#9475,#2104);
#1437=LINE('',#9478,#2105);
#1438=LINE('',#9480,#2106);
#1439=LINE('',#9481,#2107);
#1440=LINE('',#9482,#2108);
#1441=LINE('',#9485,#2109);
#1442=LINE('',#9486,#2110);
#1443=LINE('',#9489,#2111);
#1444=LINE('',#9491,#2112);
#1445=LINE('',#9492,#2113);
#1446=LINE('',#9493,#2114);
#1447=LINE('',#9496,#2115);
#1448=LINE('',#9497,#2116);
#1449=LINE('',#9500,#2117);
#1450=LINE('',#9502,#2118);
#1451=LINE('',#9503,#2119);
#1452=LINE('',#9504,#2120);
#1453=LINE('',#9507,#2121);
#1454=LINE('',#9508,#2122);
#1455=LINE('',#9511,#2123);
#1456=LINE('',#9513,#2124);
#1457=LINE('',#9514,#2125);
#1458=LINE('',#9515,#2126);
#1459=LINE('',#9518,#2127);
#1460=LINE('',#9519,#2128);
#1461=LINE('',#9522,#2129);
#1462=LINE('',#9523,#2130);
#1463=LINE('',#9525,#2131);
#1464=LINE('',#9526,#2132);
#1465=LINE('',#9530,#2133);
#1466=LINE('',#9531,#2134);
#1467=LINE('',#9533,#2135);
#1468=LINE('',#9534,#2136);
#1469=LINE('',#9538,#2137);
#1470=LINE('',#9539,#2138);
#1471=LINE('',#9541,#2139);
#1472=LINE('',#9542,#2140);
#1473=LINE('',#9546,#2141);
#1474=LINE('',#9547,#2142);
#1475=LINE('',#9549,#2143);
#1476=LINE('',#9550,#2144);
#1477=LINE('',#9554,#2145);
#1478=LINE('',#9555,#2146);
#1479=LINE('',#9557,#2147);
#1480=LINE('',#9558,#2148);
#1481=LINE('',#9562,#2149);
#1482=LINE('',#9563,#2150);
#1483=LINE('',#9565,#2151);
#1484=LINE('',#9566,#2152);
#1485=LINE('',#9570,#2153);
#1486=LINE('',#9571,#2154);
#1487=LINE('',#9573,#2155);
#1488=LINE('',#9574,#2156);
#1489=LINE('',#9578,#2157);
#1490=LINE('',#9579,#2158);
#1491=LINE('',#9581,#2159);
#1492=LINE('',#9582,#2160);
#1493=LINE('',#9586,#2161);
#1494=LINE('',#9587,#2162);
#1495=LINE('',#9589,#2163);
#1496=LINE('',#9590,#2164);
#1497=LINE('',#9594,#2165);
#1498=LINE('',#9595,#2166);
#1499=LINE('',#9598,#2167);
#1500=LINE('',#9599,#2168);
#1501=LINE('',#9602,#2169);
#1502=LINE('',#9603,#2170);
#1503=LINE('',#9606,#2171);
#1504=LINE('',#9607,#2172);
#1505=LINE('',#9610,#2173);
#1506=LINE('',#9612,#2174);
#1507=LINE('',#9614,#2175);
#1508=LINE('',#9616,#2176);
#1509=LINE('',#9617,#2177);
#1510=LINE('',#9620,#2178);
#1511=LINE('',#9622,#2179);
#1512=LINE('',#9623,#2180);
#1513=LINE('',#9626,#2181);
#1514=LINE('',#9628,#2182);
#1515=LINE('',#9629,#2183);
#1516=LINE('',#9631,#2184);
#1517=LINE('',#9632,#2185);
#1518=LINE('',#9637,#2186);
#1519=LINE('',#9639,#2187);
#1520=LINE('',#9641,#2188);
#1521=LINE('',#9642,#2189);
#1522=LINE('',#9645,#2190);
#1523=LINE('',#9647,#2191);
#1524=LINE('',#9649,#2192);
#1525=LINE('',#9650,#2193);
#1526=LINE('',#9678,#2194);
#1527=LINE('',#9680,#2195);
#1528=LINE('',#9682,#2196);
#1529=LINE('',#9683,#2197);
#1530=LINE('',#9687,#2198);
#1531=LINE('',#9689,#2199);
#1532=LINE('',#9691,#2200);
#1533=LINE('',#9692,#2201);
#1534=LINE('',#9695,#2202);
#1535=LINE('',#9697,#2203);
#1536=LINE('',#9698,#2204);
#1537=LINE('',#9701,#2205);
#1538=LINE('',#9703,#2206);
#1539=LINE('',#9704,#2207);
#1540=LINE('',#9707,#2208);
#1541=LINE('',#9709,#2209);
#1542=LINE('',#9710,#2210);
#1543=LINE('',#9712,#2211);
#1544=LINE('',#9713,#2212);
#1545=LINE('',#9716,#2213);
#1546=LINE('',#9718,#2214);
#1547=LINE('',#9719,#2215);
#1548=LINE('',#9721,#2216);
#1549=LINE('',#9722,#2217);
#1550=LINE('',#9726,#2218);
#1551=LINE('',#9728,#2219);
#1552=LINE('',#9730,#2220);
#1553=LINE('',#9731,#2221);
#1554=LINE('',#9735,#2222);
#1555=LINE('',#9737,#2223);
#1556=LINE('',#9739,#2224);
#1557=LINE('',#9740,#2225);
#1558=LINE('',#9743,#2226);
#1559=LINE('',#9745,#2227);
#1560=LINE('',#9746,#2228);
#1561=LINE('',#9749,#2229);
#1562=LINE('',#9751,#2230);
#1563=LINE('',#9752,#2231);
#1564=LINE('',#9755,#2232);
#1565=LINE('',#9757,#2233);
#1566=LINE('',#9758,#2234);
#1567=LINE('',#9760,#2235);
#1568=LINE('',#9761,#2236);
#1569=LINE('',#9764,#2237);
#1570=LINE('',#9766,#2238);
#1571=LINE('',#9767,#2239);
#1572=LINE('',#9769,#2240);
#1573=LINE('',#9770,#2241);
#1574=LINE('',#9774,#2242);
#1575=LINE('',#9776,#2243);
#1576=LINE('',#9778,#2244);
#1577=LINE('',#9779,#2245);
#1578=LINE('',#9783,#2246);
#1579=LINE('',#9785,#2247);
#1580=LINE('',#9787,#2248);
#1581=LINE('',#9788,#2249);
#1582=LINE('',#9791,#2250);
#1583=LINE('',#9793,#2251);
#1584=LINE('',#9794,#2252);
#1585=LINE('',#9797,#2253);
#1586=LINE('',#9799,#2254);
#1587=LINE('',#9800,#2255);
#1588=LINE('',#9803,#2256);
#1589=LINE('',#9805,#2257);
#1590=LINE('',#9806,#2258);
#1591=LINE('',#9808,#2259);
#1592=LINE('',#9809,#2260);
#1593=LINE('',#9812,#2261);
#1594=LINE('',#9814,#2262);
#1595=LINE('',#9815,#2263);
#1596=LINE('',#9817,#2264);
#1597=LINE('',#9818,#2265);
#1598=LINE('',#9822,#2266);
#1599=LINE('',#9824,#2267);
#1600=LINE('',#9826,#2268);
#1601=LINE('',#9827,#2269);
#1602=LINE('',#9831,#2270);
#1603=LINE('',#9833,#2271);
#1604=LINE('',#9835,#2272);
#1605=LINE('',#9836,#2273);
#1606=LINE('',#9839,#2274);
#1607=LINE('',#9841,#2275);
#1608=LINE('',#9842,#2276);
#1609=LINE('',#9845,#2277);
#1610=LINE('',#9847,#2278);
#1611=LINE('',#9848,#2279);
#1612=LINE('',#9851,#2280);
#1613=LINE('',#9853,#2281);
#1614=LINE('',#9854,#2282);
#1615=LINE('',#9856,#2283);
#1616=LINE('',#9857,#2284);
#1617=LINE('',#9860,#2285);
#1618=LINE('',#9862,#2286);
#1619=LINE('',#9863,#2287);
#1620=LINE('',#9865,#2288);
#1621=LINE('',#9866,#2289);
#1622=LINE('',#9870,#2290);
#1623=LINE('',#9872,#2291);
#1624=LINE('',#9874,#2292);
#1625=LINE('',#9875,#2293);
#1626=LINE('',#9881,#2294);
#1627=LINE('',#9884,#2295);
#1628=LINE('',#9886,#2296);
#1629=LINE('',#9887,#2297);
#1630=LINE('',#9893,#2298);
#1631=LINE('',#9896,#2299);
#1632=LINE('',#9898,#2300);
#1633=LINE('',#9899,#2301);
#1634=LINE('',#9901,#2302);
#1635=LINE('',#9902,#2303);
#1636=LINE('',#9907,#2304);
#1637=LINE('',#9909,#2305);
#1638=LINE('',#9911,#2306);
#1639=LINE('',#9912,#2307);
#1640=LINE('',#9918,#2308);
#1641=LINE('',#9921,#2309);
#1642=LINE('',#9923,#2310);
#1643=LINE('',#9924,#2311);
#1644=LINE('',#9930,#2312);
#1645=LINE('',#9933,#2313);
#1646=LINE('',#9935,#2314);
#1647=LINE('',#9936,#2315);
#1648=LINE('',#9938,#2316);
#1649=LINE('',#9939,#2317);
#1650=LINE('',#9943,#2318);
#1651=LINE('',#9945,#2319);
#1652=LINE('',#9946,#2320);
#1653=LINE('',#9949,#2321);
#1654=LINE('',#9951,#2322);
#1655=LINE('',#9953,#2323);
#1656=LINE('',#9955,#2324);
#1657=LINE('',#9957,#2325);
#1658=LINE('',#9958,#2326);
#1659=LINE('',#9962,#2327);
#1660=LINE('',#9964,#2328);
#1661=LINE('',#9966,#2329);
#1662=LINE('',#9967,#2330);
#1663=LINE('',#9969,#2331);
#1664=LINE('',#9971,#2332);
#1665=LINE('',#9973,#2333);
#1666=LINE('',#9974,#2334);
#1667=LINE('',#9976,#2335);
#1668=LINE('',#9978,#2336);
#1669=LINE('',#9980,#2337);
#1670=LINE('',#9981,#2338);
#1671=LINE('',#9983,#2339);
#1672=LINE('',#9985,#2340);
#1673=LINE('',#9989,#2341);
#1674=LINE('',#9990,#2342);
#1675=LINE('',#9992,#2343);
#1676=LINE('',#9997,#2344);
#1677=LINE('',#9999,#2345);
#1678=LINE('',#10001,#2346);
#1679=LINE('',#10002,#2347);
#1680=LINE('',#10005,#2348);
#1681=LINE('',#10007,#2349);
#1682=LINE('',#10008,#2350);
#1683=LINE('',#10011,#2351);
#1684=LINE('',#10013,#2352);
#1685=LINE('',#10014,#2353);
#1686=LINE('',#10020,#2354);
#1687=LINE('',#10023,#2355);
#1688=LINE('',#10025,#2356);
#1689=LINE('',#10026,#2357);
#1690=LINE('',#10036,#2358);
#1691=LINE('',#10039,#2359);
#1692=LINE('',#10042,#2360);
#1693=LINE('',#10044,#2361);
#1694=LINE('',#10045,#2362);
#1695=LINE('',#10048,#2363);
#1696=LINE('',#10050,#2364);
#1697=LINE('',#10051,#2365);
#1698=LINE('',#10053,#2366);
#1699=LINE('',#10054,#2367);
#1700=LINE('',#10057,#2368);
#1701=LINE('',#10059,#2369);
#1702=LINE('',#10060,#2370);
#1703=LINE('',#10063,#2371);
#1704=LINE('',#10065,#2372);
#1705=LINE('',#10066,#2373);
#1706=LINE('',#10069,#2374);
#1707=LINE('',#10071,#2375);
#1708=LINE('',#10072,#2376);
#1709=LINE('',#10077,#2377);
#1710=LINE('',#10080,#2378);
#1711=LINE('',#10081,#2379);
#1712=VECTOR('',#6778,1.5706);
#1713=VECTOR('',#6783,1.7853);
#1714=VECTOR('',#6790,1.5706);
#1715=VECTOR('',#6795,1.7853);
#1716=VECTOR('',#6802,1.5706);
#1717=VECTOR('',#6807,1.7853);
#1718=VECTOR('',#6814,1.5706);
#1719=VECTOR('',#6819,1.7853);
#1720=VECTOR('',#6826,1.5706);
#1721=VECTOR('',#6831,1.7853);
#1722=VECTOR('',#6838,1.5706);
#1723=VECTOR('',#6843,1.7853);
#1724=VECTOR('',#6850,1.7853);
#1725=VECTOR('',#6857,1.5706);
#1726=VECTOR('',#6862,1.7853);
#1727=VECTOR('',#6869,1.5706);
#1728=VECTOR('',#6874,1.);
#1729=VECTOR('',#6877,1.);
#1730=VECTOR('',#6882,1.);
#1731=VECTOR('',#6885,1.);
#1732=VECTOR('',#6890,1.);
#1733=VECTOR('',#6893,1.);
#1734=VECTOR('',#6898,1.);
#1735=VECTOR('',#6901,1.);
#1736=VECTOR('',#6906,1.);
#1737=VECTOR('',#6909,1.);
#1738=VECTOR('',#6914,1.);
#1739=VECTOR('',#6917,1.);
#1740=VECTOR('',#6922,1.);
#1741=VECTOR('',#6925,1.);
#1742=VECTOR('',#6930,1.);
#1743=VECTOR('',#6933,1.);
#1744=VECTOR('',#6938,1.);
#1745=VECTOR('',#6941,1.);
#1746=VECTOR('',#6948,1.);
#1747=VECTOR('',#6953,1.);
#1748=VECTOR('',#6966,1.);
#1749=VECTOR('',#6969,1.);
#1750=VECTOR('',#6976,1.);
#1751=VECTOR('',#6981,1.);
#1752=VECTOR('',#6994,1.);
#1753=VECTOR('',#6997,1.);
#1754=VECTOR('',#7004,1.);
#1755=VECTOR('',#7009,1.);
#1756=VECTOR('',#7022,1.);
#1757=VECTOR('',#7025,1.);
#1758=VECTOR('',#7032,1.);
#1759=VECTOR('',#7037,1.);
#1760=VECTOR('',#7050,2.);
#1761=VECTOR('',#7057,2.);
#1762=VECTOR('',#7064,2.);
#1763=VECTOR('',#7071,2.);
#1764=VECTOR('',#7078,2.5);
#1765=VECTOR('',#7085,2.5);
#1766=VECTOR('',#7092,2.5);
#1767=VECTOR('',#7099,2.5);
#1768=VECTOR('',#7106,2.5);
#1769=VECTOR('',#7123,3.);
#1770=VECTOR('',#7138,3.);
#1771=VECTOR('',#7153,3.);
#1772=VECTOR('',#7168,3.);
#1773=VECTOR('',#7183,3.);
#1774=VECTOR('',#7198,3.);
#1775=VECTOR('',#7213,3.);
#1776=VECTOR('',#7228,3.);
#1777=VECTOR('',#7243,3.);
#1778=VECTOR('',#7246,1.);
#1779=VECTOR('',#7247,1.);
#1780=VECTOR('',#7248,1.);
#1781=VECTOR('',#7249,1.);
#1782=VECTOR('',#7250,1.);
#1783=VECTOR('',#7251,1.);
#1784=VECTOR('',#7252,1.);
#1785=VECTOR('',#7253,1.);
#1786=VECTOR('',#7254,1.);
#1787=VECTOR('',#7255,1.);
#1788=VECTOR('',#7256,1.);
#1789=VECTOR('',#7257,1.);
#1790=VECTOR('',#7258,1.);
#1791=VECTOR('',#7259,1.);
#1792=VECTOR('',#7260,1.);
#1793=VECTOR('',#7261,1.);
#1794=VECTOR('',#7262,1.);
#1795=VECTOR('',#7263,1.);
#1796=VECTOR('',#7264,1.);
#1797=VECTOR('',#7265,1.);
#1798=VECTOR('',#7266,1.);
#1799=VECTOR('',#7267,1.);
#1800=VECTOR('',#7268,1.);
#1801=VECTOR('',#7269,1.);
#1802=VECTOR('',#7270,1.);
#1803=VECTOR('',#7271,1.);
#1804=VECTOR('',#7272,1.);
#1805=VECTOR('',#7273,1.);
#1806=VECTOR('',#7274,1.);
#1807=VECTOR('',#7275,1.);
#1808=VECTOR('',#7276,1.);
#1809=VECTOR('',#7277,1.);
#1810=VECTOR('',#7278,1.);
#1811=VECTOR('',#7279,1.);
#1812=VECTOR('',#7280,1.);
#1813=VECTOR('',#7281,1.);
#1814=VECTOR('',#7282,1.);
#1815=VECTOR('',#7283,1.);
#1816=VECTOR('',#7284,1.);
#1817=VECTOR('',#7285,1.);
#1818=VECTOR('',#7286,1.);
#1819=VECTOR('',#7287,1.);
#1820=VECTOR('',#7290,1.);
#1821=VECTOR('',#7291,1.);
#1822=VECTOR('',#7292,1.);
#1823=VECTOR('',#7295,0.999999999999999);
#1824=VECTOR('',#7296,1.);
#1825=VECTOR('',#7297,0.999999999999999);
#1826=VECTOR('',#7298,1.);
#1827=VECTOR('',#7301,1.);
#1828=VECTOR('',#7302,1.);
#1829=VECTOR('',#7303,1.);
#1830=VECTOR('',#7306,1.);
#1831=VECTOR('',#7307,1.);
#1832=VECTOR('',#7308,1.);
#1833=VECTOR('',#7311,1.);
#1834=VECTOR('',#7312,1.);
#1835=VECTOR('',#7313,1.);
#1836=VECTOR('',#7316,1.);
#1837=VECTOR('',#7317,1.);
#1838=VECTOR('',#7318,1.);
#1839=VECTOR('',#7321,1.);
#1840=VECTOR('',#7322,1.);
#1841=VECTOR('',#7329,0.999999999999999);
#1842=VECTOR('',#7330,1.);
#1843=VECTOR('',#7331,0.999999999999999);
#1844=VECTOR('',#7332,1.);
#1845=VECTOR('',#7335,1.);
#1846=VECTOR('',#7336,1.);
#1847=VECTOR('',#7337,1.);
#1848=VECTOR('',#7340,1.);
#1849=VECTOR('',#7341,1.);
#1850=VECTOR('',#7342,1.);
#1851=VECTOR('',#7345,1.);
#1852=VECTOR('',#7346,1.);
#1853=VECTOR('',#7347,1.);
#1854=VECTOR('',#7350,1.);
#1855=VECTOR('',#7351,1.);
#1856=VECTOR('',#7352,1.);
#1857=VECTOR('',#7355,1.);
#1858=VECTOR('',#7356,1.);
#1859=VECTOR('',#7363,0.999999999999999);
#1860=VECTOR('',#7364,1.);
#1861=VECTOR('',#7365,0.999999999999999);
#1862=VECTOR('',#7366,1.);
#1863=VECTOR('',#7369,1.);
#1864=VECTOR('',#7370,1.);
#1865=VECTOR('',#7371,1.);
#1866=VECTOR('',#7374,1.);
#1867=VECTOR('',#7375,1.);
#1868=VECTOR('',#7376,1.);
#1869=VECTOR('',#7379,1.);
#1870=VECTOR('',#7380,1.);
#1871=VECTOR('',#7381,1.);
#1872=VECTOR('',#7384,1.);
#1873=VECTOR('',#7385,1.);
#1874=VECTOR('',#7386,1.);
#1875=VECTOR('',#7389,1.);
#1876=VECTOR('',#7390,1.);
#1877=VECTOR('',#7397,0.999999999999999);
#1878=VECTOR('',#7398,1.);
#1879=VECTOR('',#7399,0.999999999999999);
#1880=VECTOR('',#7400,1.);
#1881=VECTOR('',#7403,1.);
#1882=VECTOR('',#7404,1.);
#1883=VECTOR('',#7405,1.);
#1884=VECTOR('',#7408,1.);
#1885=VECTOR('',#7409,1.);
#1886=VECTOR('',#7410,1.);
#1887=VECTOR('',#7413,1.);
#1888=VECTOR('',#7414,1.);
#1889=VECTOR('',#7415,1.);
#1890=VECTOR('',#7418,1.);
#1891=VECTOR('',#7419,1.);
#1892=VECTOR('',#7420,1.);
#1893=VECTOR('',#7423,1.);
#1894=VECTOR('',#7424,1.);
#1895=VECTOR('',#7431,0.999999999999999);
#1896=VECTOR('',#7432,1.);
#1897=VECTOR('',#7433,0.999999999999999);
#1898=VECTOR('',#7434,1.);
#1899=VECTOR('',#7437,1.);
#1900=VECTOR('',#7438,1.);
#1901=VECTOR('',#7439,1.);
#1902=VECTOR('',#7442,1.);
#1903=VECTOR('',#7443,1.);
#1904=VECTOR('',#7444,1.);
#1905=VECTOR('',#7447,1.);
#1906=VECTOR('',#7448,1.);
#1907=VECTOR('',#7449,1.);
#1908=VECTOR('',#7452,1.);
#1909=VECTOR('',#7453,1.);
#1910=VECTOR('',#7454,1.);
#1911=VECTOR('',#7457,1.);
#1912=VECTOR('',#7458,1.);
#1913=VECTOR('',#7465,0.999999999999999);
#1914=VECTOR('',#7466,1.);
#1915=VECTOR('',#7467,0.999999999999999);
#1916=VECTOR('',#7468,1.);
#1917=VECTOR('',#7471,1.);
#1918=VECTOR('',#7472,1.);
#1919=VECTOR('',#7473,1.);
#1920=VECTOR('',#7476,1.);
#1921=VECTOR('',#7477,1.);
#1922=VECTOR('',#7478,1.);
#1923=VECTOR('',#7481,1.);
#1924=VECTOR('',#7482,1.);
#1925=VECTOR('',#7483,1.);
#1926=VECTOR('',#7486,1.);
#1927=VECTOR('',#7487,1.);
#1928=VECTOR('',#7488,1.);
#1929=VECTOR('',#7491,1.);
#1930=VECTOR('',#7492,1.);
#1931=VECTOR('',#7499,0.999999999999999);
#1932=VECTOR('',#7500,1.);
#1933=VECTOR('',#7501,0.999999999999999);
#1934=VECTOR('',#7502,1.);
#1935=VECTOR('',#7505,1.);
#1936=VECTOR('',#7506,1.);
#1937=VECTOR('',#7507,1.);
#1938=VECTOR('',#7510,1.);
#1939=VECTOR('',#7511,1.);
#1940=VECTOR('',#7512,1.);
#1941=VECTOR('',#7515,1.);
#1942=VECTOR('',#7516,1.);
#1943=VECTOR('',#7517,1.);
#1944=VECTOR('',#7520,1.);
#1945=VECTOR('',#7521,1.);
#1946=VECTOR('',#7522,1.);
#1947=VECTOR('',#7525,1.);
#1948=VECTOR('',#7526,1.);
#1949=VECTOR('',#7533,0.999999999999999);
#1950=VECTOR('',#7534,1.);
#1951=VECTOR('',#7535,0.999999999999999);
#1952=VECTOR('',#7536,1.);
#1953=VECTOR('',#7539,1.);
#1954=VECTOR('',#7540,1.);
#1955=VECTOR('',#7541,1.);
#1956=VECTOR('',#7544,1.);
#1957=VECTOR('',#7545,1.);
#1958=VECTOR('',#7546,1.);
#1959=VECTOR('',#7549,1.);
#1960=VECTOR('',#7550,1.);
#1961=VECTOR('',#7551,1.);
#1962=VECTOR('',#7554,1.);
#1963=VECTOR('',#7555,1.);
#1964=VECTOR('',#7556,1.);
#1965=VECTOR('',#7559,1.);
#1966=VECTOR('',#7560,1.);
#1967=VECTOR('',#7567,0.999999999999999);
#1968=VECTOR('',#7568,1.);
#1969=VECTOR('',#7569,0.999999999999999);
#1970=VECTOR('',#7570,1.);
#1971=VECTOR('',#7573,1.);
#1972=VECTOR('',#7574,1.);
#1973=VECTOR('',#7575,1.);
#1974=VECTOR('',#7578,1.);
#1975=VECTOR('',#7579,1.);
#1976=VECTOR('',#7580,1.);
#1977=VECTOR('',#7583,1.);
#1978=VECTOR('',#7584,1.);
#1979=VECTOR('',#7585,1.);
#1980=VECTOR('',#7588,1.);
#1981=VECTOR('',#7589,1.);
#1982=VECTOR('',#7590,1.);
#1983=VECTOR('',#7593,1.);
#1984=VECTOR('',#7594,1.);
#1985=VECTOR('',#7601,1.);
#1986=VECTOR('',#7602,1.);
#1987=VECTOR('',#7603,1.);
#1988=VECTOR('',#7604,1.);
#1989=VECTOR('',#7607,1.);
#1990=VECTOR('',#7608,1.);
#1991=VECTOR('',#7609,1.);
#1992=VECTOR('',#7610,1.);
#1993=VECTOR('',#7613,1.);
#1994=VECTOR('',#7614,1.);
#1995=VECTOR('',#7615,1.);
#1996=VECTOR('',#7616,1.);
#1997=VECTOR('',#7619,1.);
#1998=VECTOR('',#7620,1.);
#1999=VECTOR('',#7621,1.);
#2000=VECTOR('',#7622,1.);
#2001=VECTOR('',#7625,1.);
#2002=VECTOR('',#7626,1.);
#2003=VECTOR('',#7627,1.);
#2004=VECTOR('',#7628,1.);
#2005=VECTOR('',#7631,1.);
#2006=VECTOR('',#7632,1.);
#2007=VECTOR('',#7633,1.);
#2008=VECTOR('',#7634,1.);
#2009=VECTOR('',#7637,1.);
#2010=VECTOR('',#7638,1.);
#2011=VECTOR('',#7639,1.);
#2012=VECTOR('',#7640,1.);
#2013=VECTOR('',#7643,1.);
#2014=VECTOR('',#7644,1.);
#2015=VECTOR('',#7645,1.);
#2016=VECTOR('',#7646,1.);
#2017=VECTOR('',#7649,1.);
#2018=VECTOR('',#7650,1.);
#2019=VECTOR('',#7651,1.);
#2020=VECTOR('',#7652,1.);
#2021=VECTOR('',#7655,1.);
#2022=VECTOR('',#7656,1.);
#2023=VECTOR('',#7657,1.);
#2024=VECTOR('',#7658,1.);
#2025=VECTOR('',#7661,1.);
#2026=VECTOR('',#7662,1.);
#2027=VECTOR('',#7663,1.);
#2028=VECTOR('',#7664,1.);
#2029=VECTOR('',#7667,1.);
#2030=VECTOR('',#7668,1.);
#2031=VECTOR('',#7669,1.);
#2032=VECTOR('',#7670,1.);
#2033=VECTOR('',#7673,1.);
#2034=VECTOR('',#7674,1.);
#2035=VECTOR('',#7675,1.);
#2036=VECTOR('',#7676,1.);
#2037=VECTOR('',#7679,1.);
#2038=VECTOR('',#7680,1.);
#2039=VECTOR('',#7681,1.);
#2040=VECTOR('',#7682,1.);
#2041=VECTOR('',#7685,1.);
#2042=VECTOR('',#7686,1.);
#2043=VECTOR('',#7687,1.);
#2044=VECTOR('',#7688,1.);
#2045=VECTOR('',#7691,1.);
#2046=VECTOR('',#7692,1.);
#2047=VECTOR('',#7693,1.);
#2048=VECTOR('',#7694,1.);
#2049=VECTOR('',#7697,1.);
#2050=VECTOR('',#7698,1.);
#2051=VECTOR('',#7699,1.);
#2052=VECTOR('',#7700,1.);
#2053=VECTOR('',#7703,1.);
#2054=VECTOR('',#7704,1.);
#2055=VECTOR('',#7707,1.);
#2056=VECTOR('',#7708,1.);
#2057=VECTOR('',#7711,1.);
#2058=VECTOR('',#7712,1.);
#2059=VECTOR('',#7715,1.);
#2060=VECTOR('',#7716,1.);
#2061=VECTOR('',#7719,1.);
#2062=VECTOR('',#7720,1.);
#2063=VECTOR('',#7723,1.);
#2064=VECTOR('',#7724,1.);
#2065=VECTOR('',#7727,1.);
#2066=VECTOR('',#7728,1.);
#2067=VECTOR('',#7731,1.);
#2068=VECTOR('',#7732,1.);
#2069=VECTOR('',#7735,1.);
#2070=VECTOR('',#7736,1.);
#2071=VECTOR('',#7737,1.);
#2072=VECTOR('',#7738,1.);
#2073=VECTOR('',#7741,1.);
#2074=VECTOR('',#7742,1.);
#2075=VECTOR('',#7745,1.);
#2076=VECTOR('',#7746,1.);
#2077=VECTOR('',#7747,1.);
#2078=VECTOR('',#7748,1.);
#2079=VECTOR('',#7751,1.);
#2080=VECTOR('',#7752,1.);
#2081=VECTOR('',#7755,1.);
#2082=VECTOR('',#7756,1.);
#2083=VECTOR('',#7757,1.);
#2084=VECTOR('',#7758,1.);
#2085=VECTOR('',#7761,1.);
#2086=VECTOR('',#7762,1.);
#2087=VECTOR('',#7765,1.);
#2088=VECTOR('',#7766,1.);
#2089=VECTOR('',#7767,1.);
#2090=VECTOR('',#7768,1.);
#2091=VECTOR('',#7771,1.);
#2092=VECTOR('',#7772,1.);
#2093=VECTOR('',#7775,1.);
#2094=VECTOR('',#7776,1.);
#2095=VECTOR('',#7777,1.);
#2096=VECTOR('',#7778,1.);
#2097=VECTOR('',#7781,1.);
#2098=VECTOR('',#7782,1.);
#2099=VECTOR('',#7785,1.);
#2100=VECTOR('',#7786,1.);
#2101=VECTOR('',#7787,1.);
#2102=VECTOR('',#7788,1.);
#2103=VECTOR('',#7791,1.);
#2104=VECTOR('',#7792,1.);
#2105=VECTOR('',#7795,1.);
#2106=VECTOR('',#7796,1.);
#2107=VECTOR('',#7797,1.);
#2108=VECTOR('',#7798,1.);
#2109=VECTOR('',#7801,1.);
#2110=VECTOR('',#7802,1.);
#2111=VECTOR('',#7805,1.);
#2112=VECTOR('',#7806,1.);
#2113=VECTOR('',#7807,1.);
#2114=VECTOR('',#7808,1.);
#2115=VECTOR('',#7811,1.);
#2116=VECTOR('',#7812,1.);
#2117=VECTOR('',#7815,1.);
#2118=VECTOR('',#7816,1.);
#2119=VECTOR('',#7817,1.);
#2120=VECTOR('',#7818,1.);
#2121=VECTOR('',#7821,1.);
#2122=VECTOR('',#7822,1.);
#2123=VECTOR('',#7825,1.);
#2124=VECTOR('',#7826,1.);
#2125=VECTOR('',#7827,1.);
#2126=VECTOR('',#7828,1.);
#2127=VECTOR('',#7831,1.);
#2128=VECTOR('',#7832,1.);
#2129=VECTOR('',#7835,1.);
#2130=VECTOR('',#7836,1.);
#2131=VECTOR('',#7839,1.);
#2132=VECTOR('',#7840,1.);
#2133=VECTOR('',#7845,1.);
#2134=VECTOR('',#7846,1.);
#2135=VECTOR('',#7849,1.);
#2136=VECTOR('',#7850,1.);
#2137=VECTOR('',#7855,1.);
#2138=VECTOR('',#7856,1.);
#2139=VECTOR('',#7859,1.);
#2140=VECTOR('',#7860,1.);
#2141=VECTOR('',#7865,1.);
#2142=VECTOR('',#7866,1.);
#2143=VECTOR('',#7869,1.);
#2144=VECTOR('',#7870,1.);
#2145=VECTOR('',#7875,1.);
#2146=VECTOR('',#7876,1.);
#2147=VECTOR('',#7879,1.);
#2148=VECTOR('',#7880,1.);
#2149=VECTOR('',#7885,1.);
#2150=VECTOR('',#7886,1.);
#2151=VECTOR('',#7889,1.);
#2152=VECTOR('',#7890,1.);
#2153=VECTOR('',#7895,1.);
#2154=VECTOR('',#7896,1.);
#2155=VECTOR('',#7899,1.);
#2156=VECTOR('',#7900,1.);
#2157=VECTOR('',#7905,1.);
#2158=VECTOR('',#7906,1.);
#2159=VECTOR('',#7909,1.);
#2160=VECTOR('',#7910,1.);
#2161=VECTOR('',#7915,1.);
#2162=VECTOR('',#7916,1.);
#2163=VECTOR('',#7919,1.);
#2164=VECTOR('',#7920,1.);
#2165=VECTOR('',#7925,1.);
#2166=VECTOR('',#7926,1.);
#2167=VECTOR('',#7929,1.);
#2168=VECTOR('',#7930,1.);
#2169=VECTOR('',#7933,1.);
#2170=VECTOR('',#7934,1.);
#2171=VECTOR('',#7937,1.);
#2172=VECTOR('',#7938,1.);
#2173=VECTOR('',#7941,1.);
#2174=VECTOR('',#7942,1.);
#2175=VECTOR('',#7943,1.);
#2176=VECTOR('',#7944,1.);
#2177=VECTOR('',#7945,1.);
#2178=VECTOR('',#7948,1.);
#2179=VECTOR('',#7949,1.);
#2180=VECTOR('',#7950,1.);
#2181=VECTOR('',#7953,1.);
#2182=VECTOR('',#7954,1.);
#2183=VECTOR('',#7955,1.);
#2184=VECTOR('',#7958,1.);
#2185=VECTOR('',#7959,1.);
#2186=VECTOR('',#7964,1.);
#2187=VECTOR('',#7965,1.);
#2188=VECTOR('',#7966,1.);
#2189=VECTOR('',#7967,1.);
#2190=VECTOR('',#7968,1.);
#2191=VECTOR('',#7969,1.);
#2192=VECTOR('',#7970,1.);
#2193=VECTOR('',#7971,1.);
#2194=VECTOR('',#8022,1.);
#2195=VECTOR('',#8023,1.);
#2196=VECTOR('',#8024,1.);
#2197=VECTOR('',#8025,1.);
#2198=VECTOR('',#8028,1.);
#2199=VECTOR('',#8029,1.);
#2200=VECTOR('',#8030,1.);
#2201=VECTOR('',#8031,1.);
#2202=VECTOR('',#8034,1.);
#2203=VECTOR('',#8035,1.);
#2204=VECTOR('',#8036,1.);
#2205=VECTOR('',#8039,1.);
#2206=VECTOR('',#8040,1.);
#2207=VECTOR('',#8041,1.);
#2208=VECTOR('',#8044,1.);
#2209=VECTOR('',#8045,1.);
#2210=VECTOR('',#8046,1.);
#2211=VECTOR('',#8049,1.);
#2212=VECTOR('',#8050,1.);
#2213=VECTOR('',#8053,1.);
#2214=VECTOR('',#8054,1.);
#2215=VECTOR('',#8055,1.);
#2216=VECTOR('',#8058,1.);
#2217=VECTOR('',#8059,1.);
#2218=VECTOR('',#8062,1.);
#2219=VECTOR('',#8063,1.);
#2220=VECTOR('',#8064,1.);
#2221=VECTOR('',#8065,1.);
#2222=VECTOR('',#8068,1.);
#2223=VECTOR('',#8069,1.);
#2224=VECTOR('',#8070,1.);
#2225=VECTOR('',#8071,1.);
#2226=VECTOR('',#8074,1.);
#2227=VECTOR('',#8075,1.);
#2228=VECTOR('',#8076,1.);
#2229=VECTOR('',#8079,1.);
#2230=VECTOR('',#8080,1.);
#2231=VECTOR('',#8081,1.);
#2232=VECTOR('',#8084,1.);
#2233=VECTOR('',#8085,1.);
#2234=VECTOR('',#8086,1.);
#2235=VECTOR('',#8089,1.);
#2236=VECTOR('',#8090,1.);
#2237=VECTOR('',#8093,1.);
#2238=VECTOR('',#8094,1.);
#2239=VECTOR('',#8095,1.);
#2240=VECTOR('',#8098,1.);
#2241=VECTOR('',#8099,1.);
#2242=VECTOR('',#8102,1.);
#2243=VECTOR('',#8103,1.);
#2244=VECTOR('',#8104,1.);
#2245=VECTOR('',#8105,1.);
#2246=VECTOR('',#8108,1.);
#2247=VECTOR('',#8109,1.);
#2248=VECTOR('',#8110,1.);
#2249=VECTOR('',#8111,1.);
#2250=VECTOR('',#8114,1.);
#2251=VECTOR('',#8115,1.);
#2252=VECTOR('',#8116,1.);
#2253=VECTOR('',#8119,1.);
#2254=VECTOR('',#8120,1.);
#2255=VECTOR('',#8121,1.);
#2256=VECTOR('',#8124,1.);
#2257=VECTOR('',#8125,1.);
#2258=VECTOR('',#8126,1.);
#2259=VECTOR('',#8129,1.);
#2260=VECTOR('',#8130,1.);
#2261=VECTOR('',#8133,1.);
#2262=VECTOR('',#8134,1.);
#2263=VECTOR('',#8135,1.);
#2264=VECTOR('',#8138,1.);
#2265=VECTOR('',#8139,1.);
#2266=VECTOR('',#8142,1.);
#2267=VECTOR('',#8143,1.);
#2268=VECTOR('',#8144,1.);
#2269=VECTOR('',#8145,1.);
#2270=VECTOR('',#8148,1.);
#2271=VECTOR('',#8149,1.);
#2272=VECTOR('',#8150,1.);
#2273=VECTOR('',#8151,1.);
#2274=VECTOR('',#8154,1.);
#2275=VECTOR('',#8155,1.);
#2276=VECTOR('',#8156,1.);
#2277=VECTOR('',#8159,1.);
#2278=VECTOR('',#8160,1.);
#2279=VECTOR('',#8161,1.);
#2280=VECTOR('',#8164,1.);
#2281=VECTOR('',#8165,1.);
#2282=VECTOR('',#8166,1.);
#2283=VECTOR('',#8169,1.);
#2284=VECTOR('',#8170,1.);
#2285=VECTOR('',#8173,1.);
#2286=VECTOR('',#8174,1.);
#2287=VECTOR('',#8175,1.);
#2288=VECTOR('',#8178,1.);
#2289=VECTOR('',#8179,1.);
#2290=VECTOR('',#8182,1.);
#2291=VECTOR('',#8183,1.);
#2292=VECTOR('',#8184,1.);
#2293=VECTOR('',#8185,1.);
#2294=VECTOR('',#8192,1.);
#2295=VECTOR('',#8195,1.);
#2296=VECTOR('',#8196,1.);
#2297=VECTOR('',#8197,1.);
#2298=VECTOR('',#8204,1.);
#2299=VECTOR('',#8207,1.);
#2300=VECTOR('',#8208,1.);
#2301=VECTOR('',#8209,1.);
#2302=VECTOR('',#8212,1.);
#2303=VECTOR('',#8213,1.);
#2304=VECTOR('',#8218,1.);
#2305=VECTOR('',#8219,1.);
#2306=VECTOR('',#8220,1.);
#2307=VECTOR('',#8221,1.);
#2308=VECTOR('',#8228,1.);
#2309=VECTOR('',#8231,1.);
#2310=VECTOR('',#8232,1.);
#2311=VECTOR('',#8233,1.);
#2312=VECTOR('',#8240,1.);
#2313=VECTOR('',#8243,1.);
#2314=VECTOR('',#8244,1.);
#2315=VECTOR('',#8245,1.);
#2316=VECTOR('',#8248,1.);
#2317=VECTOR('',#8249,1.);
#2318=VECTOR('',#8254,1.);
#2319=VECTOR('',#8255,1.);
#2320=VECTOR('',#8256,1.);
#2321=VECTOR('',#8259,1.);
#2322=VECTOR('',#8260,1.);
#2323=VECTOR('',#8261,1.);
#2324=VECTOR('',#8262,1.);
#2325=VECTOR('',#8263,1.);
#2326=VECTOR('',#8264,1.);
#2327=VECTOR('',#8267,1.);
#2328=VECTOR('',#8268,1.);
#2329=VECTOR('',#8269,1.);
#2330=VECTOR('',#8270,1.);
#2331=VECTOR('',#8273,1.);
#2332=VECTOR('',#8274,1.);
#2333=VECTOR('',#8275,1.);
#2334=VECTOR('',#8276,1.);
#2335=VECTOR('',#8279,1.);
#2336=VECTOR('',#8280,1.);
#2337=VECTOR('',#8281,1.);
#2338=VECTOR('',#8282,1.);
#2339=VECTOR('',#8285,1.);
#2340=VECTOR('',#8288,1.);
#2341=VECTOR('',#8293,1.);
#2342=VECTOR('',#8294,1.);
#2343=VECTOR('',#8297,1.);
#2344=VECTOR('',#8302,1.);
#2345=VECTOR('',#8303,1.);
#2346=VECTOR('',#8304,1.);
#2347=VECTOR('',#8305,1.);
#2348=VECTOR('',#8308,1.);
#2349=VECTOR('',#8309,1.);
#2350=VECTOR('',#8310,1.);
#2351=VECTOR('',#8313,1.);
#2352=VECTOR('',#8314,1.);
#2353=VECTOR('',#8315,1.);
#2354=VECTOR('',#8322,1.);
#2355=VECTOR('',#8325,1.);
#2356=VECTOR('',#8326,1.);
#2357=VECTOR('',#8327,1.);
#2358=VECTOR('',#8340,1.);
#2359=VECTOR('',#8343,1.);
#2360=VECTOR('',#8346,1.);
#2361=VECTOR('',#8347,1.);
#2362=VECTOR('',#8348,1.);
#2363=VECTOR('',#8351,1.);
#2364=VECTOR('',#8352,1.);
#2365=VECTOR('',#8353,1.);
#2366=VECTOR('',#8356,1.);
#2367=VECTOR('',#8357,1.);
#2368=VECTOR('',#8360,1.);
#2369=VECTOR('',#8361,1.);
#2370=VECTOR('',#8362,1.);
#2371=VECTOR('',#8365,1.);
#2372=VECTOR('',#8366,1.);
#2373=VECTOR('',#8367,1.);
#2374=VECTOR('',#8370,1.);
#2375=VECTOR('',#8371,1.);
#2376=VECTOR('',#8372,1.);
#2377=VECTOR('',#8377,1.);
#2378=VECTOR('',#8382,1.);
#2379=VECTOR('',#8383,1.);
#2380=CIRCLE('',#6300,1.5706);
#2381=CIRCLE('',#6301,1.5706);
#2382=CIRCLE('',#6303,2.);
#2383=CIRCLE('',#6305,1.5706);
#2384=CIRCLE('',#6306,1.5706);
#2385=CIRCLE('',#6308,2.);
#2386=CIRCLE('',#6310,1.5706);
#2387=CIRCLE('',#6311,1.5706);
#2388=CIRCLE('',#6313,2.);
#2389=CIRCLE('',#6315,1.5706);
#2390=CIRCLE('',#6316,1.5706);
#2391=CIRCLE('',#6318,2.);
#2392=CIRCLE('',#6320,1.5706);
#2393=CIRCLE('',#6321,1.5706);
#2394=CIRCLE('',#6323,2.);
#2395=CIRCLE('',#6325,1.5706);
#2396=CIRCLE('',#6326,1.5706);
#2397=CIRCLE('',#6328,2.);
#2398=CIRCLE('',#6330,1.5706);
#2399=CIRCLE('',#6331,1.99999984255927);
#2400=CIRCLE('',#6333,1.5706);
#2401=CIRCLE('',#6335,1.5706);
#2402=CIRCLE('',#6336,1.99999984255926);
#2403=CIRCLE('',#6338,1.5706);
#2404=CIRCLE('',#6340,2.99999999998764);
#2405=CIRCLE('',#6341,2.99999999998764);
#2406=CIRCLE('',#6343,2.9999999999878);
#2407=CIRCLE('',#6344,2.9999999999878);
#2408=CIRCLE('',#6346,2.99999999998764);
#2409=CIRCLE('',#6347,2.99999999998764);
#2410=CIRCLE('',#6349,2.9999999999878);
#2411=CIRCLE('',#6350,2.9999999999878);
#2412=CIRCLE('',#6352,2.99999999998764);
#2413=CIRCLE('',#6353,2.99999999998764);
#2414=CIRCLE('',#6355,2.9999999999878);
#2415=CIRCLE('',#6356,2.9999999999878);
#2416=CIRCLE('',#6358,2.99999999998764);
#2417=CIRCLE('',#6359,2.99999999998764);
#2418=CIRCLE('',#6361,2.9999999999878);
#2419=CIRCLE('',#6362,2.9999999999878);
#2420=CIRCLE('',#6364,20.4999999999184);
#2421=CIRCLE('',#6365,20.4999999999184);
#2422=CIRCLE('',#6367,2.99999999998818);
#2423=CIRCLE('',#6368,2.99999999998818);
#2424=CIRCLE('',#6370,14.499999999942);
#2425=CIRCLE('',#6371,14.499999999942);
#2426=CIRCLE('',#6373,2.9999999999877);
#2427=CIRCLE('',#6374,2.9999999999877);
#2428=CIRCLE('',#6376,20.4999999999184);
#2429=CIRCLE('',#6377,20.4999999999184);
#2430=CIRCLE('',#6379,2.99999999998818);
#2431=CIRCLE('',#6380,2.99999999998818);
#2432=CIRCLE('',#6382,14.499999999942);
#2433=CIRCLE('',#6383,14.499999999942);
#2434=CIRCLE('',#6385,2.9999999999877);
#2435=CIRCLE('',#6386,2.9999999999877);
#2436=CIRCLE('',#6388,20.4999999999184);
#2437=CIRCLE('',#6389,20.4999999999184);
#2438=CIRCLE('',#6391,2.99999999998818);
#2439=CIRCLE('',#6392,2.99999999998818);
#2440=CIRCLE('',#6394,14.499999999942);
#2441=CIRCLE('',#6395,14.499999999942);
#2442=CIRCLE('',#6397,2.9999999999877);
#2443=CIRCLE('',#6398,2.9999999999877);
#2444=CIRCLE('',#6400,20.4999999999184);
#2445=CIRCLE('',#6401,20.4999999999184);
#2446=CIRCLE('',#6403,2.99999999998818);
#2447=CIRCLE('',#6404,2.99999999998818);
#2448=CIRCLE('',#6406,14.499999999942);
#2449=CIRCLE('',#6407,14.499999999942);
#2450=CIRCLE('',#6409,2.9999999999877);
#2451=CIRCLE('',#6410,2.9999999999877);
#2452=CIRCLE('',#6412,2.);
#2453=CIRCLE('',#6413,2.);
#2454=CIRCLE('',#6415,2.);
#2455=CIRCLE('',#6416,2.);
#2456=CIRCLE('',#6418,2.);
#2457=CIRCLE('',#6419,2.);
#2458=CIRCLE('',#6421,2.);
#2459=CIRCLE('',#6422,2.);
#2460=CIRCLE('',#6424,2.5);
#2461=CIRCLE('',#6425,2.5);
#2462=CIRCLE('',#6427,2.5);
#2463=CIRCLE('',#6428,2.5);
#2464=CIRCLE('',#6430,2.5);
#2465=CIRCLE('',#6431,2.5);
#2466=CIRCLE('',#6433,2.5);
#2467=CIRCLE('',#6434,2.5);
#2468=CIRCLE('',#6436,2.5);
#2469=CIRCLE('',#6437,2.5);
#2470=CIRCLE('',#6439,3.);
#2471=CIRCLE('',#6440,3.);
#2472=CIRCLE('',#6441,1.);
#2473=CIRCLE('',#6442,2.);
#2474=CIRCLE('',#6444,3.);
#2475=CIRCLE('',#6446,3.);
#2476=CIRCLE('',#6447,3.);
#2477=CIRCLE('',#6448,1.);
#2478=CIRCLE('',#6449,2.);
#2479=CIRCLE('',#6451,3.);
#2480=CIRCLE('',#6453,3.);
#2481=CIRCLE('',#6454,3.);
#2482=CIRCLE('',#6455,1.);
#2483=CIRCLE('',#6456,2.);
#2484=CIRCLE('',#6458,3.);
#2485=CIRCLE('',#6460,3.);
#2486=CIRCLE('',#6461,3.);
#2487=CIRCLE('',#6462,1.);
#2488=CIRCLE('',#6463,2.);
#2489=CIRCLE('',#6465,3.);
#2490=CIRCLE('',#6467,3.);
#2491=CIRCLE('',#6468,3.);
#2492=CIRCLE('',#6469,1.);
#2493=CIRCLE('',#6470,2.);
#2494=CIRCLE('',#6472,3.);
#2495=CIRCLE('',#6474,3.);
#2496=CIRCLE('',#6475,3.);
#2497=CIRCLE('',#6476,1.);
#2498=CIRCLE('',#6477,2.);
#2499=CIRCLE('',#6479,3.);
#2500=CIRCLE('',#6481,3.);
#2501=CIRCLE('',#6482,3.);
#2502=CIRCLE('',#6483,1.);
#2503=CIRCLE('',#6484,2.);
#2504=CIRCLE('',#6486,3.);
#2505=CIRCLE('',#6488,3.);
#2506=CIRCLE('',#6489,3.);
#2507=CIRCLE('',#6490,1.);
#2508=CIRCLE('',#6491,2.);
#2509=CIRCLE('',#6493,3.);
#2510=CIRCLE('',#6495,3.);
#2511=CIRCLE('',#6496,3.);
#2512=CIRCLE('',#6497,1.);
#2513=CIRCLE('',#6498,2.);
#2514=CIRCLE('',#6500,3.);
#2515=CIRCLE('',#6658,22.4999999999109);
#2516=CIRCLE('',#6659,22.4999999999109);
#2517=CIRCLE('',#6661,28.4999999998864);
#2518=CIRCLE('',#6662,28.4999999998864);
#2519=CIRCLE('',#6664,22.4999999999109);
#2520=CIRCLE('',#6665,22.4999999999109);
#2521=CIRCLE('',#6667,28.4999999998864);
#2522=CIRCLE('',#6668,28.4999999998864);
#2523=CIRCLE('',#6670,22.4999999999109);
#2524=CIRCLE('',#6671,22.4999999999109);
#2525=CIRCLE('',#6673,28.4999999998864);
#2526=CIRCLE('',#6674,28.4999999998864);
#2527=CIRCLE('',#6676,22.4999999999109);
#2528=CIRCLE('',#6677,22.4999999999109);
#2529=CIRCLE('',#6679,28.4999999998864);
#2530=CIRCLE('',#6680,28.4999999998864);
#2531=CIRCLE('',#6715,2.5);
#2532=CIRCLE('',#6716,2.5);
#2533=CIRCLE('',#6719,2.5);
#2534=CIRCLE('',#6720,2.5);
#2535=CIRCLE('',#6726,2.5);
#2536=CIRCLE('',#6727,2.5);
#2537=CIRCLE('',#6730,2.5);
#2538=CIRCLE('',#6731,2.5);
#2539=CIRCLE('',#6750,2.5);
#2540=CIRCLE('',#6751,2.5);
#2541=CIRCLE('',#6754,2.5);
#2542=CIRCLE('',#6755,2.5);
#2543=CIRCLE('',#6758,2.1);
#2544=CIRCLE('',#6759,2.1);
#2545=CIRCLE('',#6767,2.1);
#2546=CIRCLE('',#6768,2.1);
#2547=VERTEX_POINT('',#8390);
#2548=VERTEX_POINT('',#8392);
#2549=VERTEX_POINT('',#8396);
#2550=VERTEX_POINT('',#8400);
#2551=VERTEX_POINT('',#8402);
#2552=VERTEX_POINT('',#8406);
#2553=VERTEX_POINT('',#8410);
#2554=VERTEX_POINT('',#8412);
#2555=VERTEX_POINT('',#8416);
#2556=VERTEX_POINT('',#8420);
#2557=VERTEX_POINT('',#8422);
#2558=VERTEX_POINT('',#8426);
#2559=VERTEX_POINT('',#8430);
#2560=VERTEX_POINT('',#8432);
#2561=VERTEX_POINT('',#8436);
#2562=VERTEX_POINT('',#8440);
#2563=VERTEX_POINT('',#8442);
#2564=VERTEX_POINT('',#8446);
#2565=VERTEX_POINT('',#8450);
#2566=VERTEX_POINT('',#8452);
#2567=VERTEX_POINT('',#8456);
#2568=VERTEX_POINT('',#8460);
#2569=VERTEX_POINT('',#8462);
#2570=VERTEX_POINT('',#8466);
#2571=VERTEX_POINT('',#8470);
#2572=VERTEX_POINT('',#8471);
#2573=VERTEX_POINT('',#8473);
#2574=VERTEX_POINT('',#8475);
#2575=VERTEX_POINT('',#8479);
#2576=VERTEX_POINT('',#8480);
#2577=VERTEX_POINT('',#8482);
#2578=VERTEX_POINT('',#8484);
#2579=VERTEX_POINT('',#8488);
#2580=VERTEX_POINT('',#8489);
#2581=VERTEX_POINT('',#8491);
#2582=VERTEX_POINT('',#8493);
#2583=VERTEX_POINT('',#8497);
#2584=VERTEX_POINT('',#8498);
#2585=VERTEX_POINT('',#8500);
#2586=VERTEX_POINT('',#8502);
#2587=VERTEX_POINT('',#8506);
#2588=VERTEX_POINT('',#8507);
#2589=VERTEX_POINT('',#8509);
#2590=VERTEX_POINT('',#8511);
#2591=VERTEX_POINT('',#8515);
#2592=VERTEX_POINT('',#8516);
#2593=VERTEX_POINT('',#8518);
#2594=VERTEX_POINT('',#8520);
#2595=VERTEX_POINT('',#8524);
#2596=VERTEX_POINT('',#8525);
#2597=VERTEX_POINT('',#8527);
#2598=VERTEX_POINT('',#8529);
#2599=VERTEX_POINT('',#8533);
#2600=VERTEX_POINT('',#8534);
#2601=VERTEX_POINT('',#8536);
#2602=VERTEX_POINT('',#8538);
#2603=VERTEX_POINT('',#8542);
#2604=VERTEX_POINT('',#8543);
#2605=VERTEX_POINT('',#8545);
#2606=VERTEX_POINT('',#8547);
#2607=VERTEX_POINT('',#8551);
#2608=VERTEX_POINT('',#8553);
#2609=VERTEX_POINT('',#8557);
#2610=VERTEX_POINT('',#8559);
#2611=VERTEX_POINT('',#8566);
#2612=VERTEX_POINT('',#8567);
#2613=VERTEX_POINT('',#8569);
#2614=VERTEX_POINT('',#8571);
#2615=VERTEX_POINT('',#8575);
#2616=VERTEX_POINT('',#8577);
#2617=VERTEX_POINT('',#8581);
#2618=VERTEX_POINT('',#8583);
#2619=VERTEX_POINT('',#8590);
#2620=VERTEX_POINT('',#8591);
#2621=VERTEX_POINT('',#8593);
#2622=VERTEX_POINT('',#8595);
#2623=VERTEX_POINT('',#8599);
#2624=VERTEX_POINT('',#8601);
#2625=VERTEX_POINT('',#8605);
#2626=VERTEX_POINT('',#8607);
#2627=VERTEX_POINT('',#8614);
#2628=VERTEX_POINT('',#8615);
#2629=VERTEX_POINT('',#8617);
#2630=VERTEX_POINT('',#8619);
#2631=VERTEX_POINT('',#8623);
#2632=VERTEX_POINT('',#8625);
#2633=VERTEX_POINT('',#8629);
#2634=VERTEX_POINT('',#8631);
#2635=VERTEX_POINT('',#8638);
#2636=VERTEX_POINT('',#8640);
#2637=VERTEX_POINT('',#8644);
#2638=VERTEX_POINT('',#8646);
#2639=VERTEX_POINT('',#8650);
#2640=VERTEX_POINT('',#8652);
#2641=VERTEX_POINT('',#8656);
#2642=VERTEX_POINT('',#8658);
#2643=VERTEX_POINT('',#8662);
#2644=VERTEX_POINT('',#8664);
#2645=VERTEX_POINT('',#8668);
#2646=VERTEX_POINT('',#8670);
#2647=VERTEX_POINT('',#8674);
#2648=VERTEX_POINT('',#8676);
#2649=VERTEX_POINT('',#8680);
#2650=VERTEX_POINT('',#8682);
#2651=VERTEX_POINT('',#8686);
#2652=VERTEX_POINT('',#8688);
#2653=VERTEX_POINT('',#8692);
#2654=VERTEX_POINT('',#8693);
#2655=VERTEX_POINT('',#8696);
#2656=VERTEX_POINT('',#8700);
#2657=VERTEX_POINT('',#8704);
#2658=VERTEX_POINT('',#8705);
#2659=VERTEX_POINT('',#8708);
#2660=VERTEX_POINT('',#8712);
#2661=VERTEX_POINT('',#8716);
#2662=VERTEX_POINT('',#8717);
#2663=VERTEX_POINT('',#8720);
#2664=VERTEX_POINT('',#8724);
#2665=VERTEX_POINT('',#8728);
#2666=VERTEX_POINT('',#8729);
#2667=VERTEX_POINT('',#8732);
#2668=VERTEX_POINT('',#8736);
#2669=VERTEX_POINT('',#8740);
#2670=VERTEX_POINT('',#8741);
#2671=VERTEX_POINT('',#8744);
#2672=VERTEX_POINT('',#8748);
#2673=VERTEX_POINT('',#8752);
#2674=VERTEX_POINT('',#8753);
#2675=VERTEX_POINT('',#8756);
#2676=VERTEX_POINT('',#8760);
#2677=VERTEX_POINT('',#8764);
#2678=VERTEX_POINT('',#8765);
#2679=VERTEX_POINT('',#8768);
#2680=VERTEX_POINT('',#8772);
#2681=VERTEX_POINT('',#8776);
#2682=VERTEX_POINT('',#8777);
#2683=VERTEX_POINT('',#8780);
#2684=VERTEX_POINT('',#8784);
#2685=VERTEX_POINT('',#8788);
#2686=VERTEX_POINT('',#8789);
#2687=VERTEX_POINT('',#8792);
#2688=VERTEX_POINT('',#8796);
#2689=VERTEX_POINT('',#8800);
#2690=VERTEX_POINT('',#8801);
#2691=VERTEX_POINT('',#8803);
#2692=VERTEX_POINT('',#8805);
#2693=VERTEX_POINT('',#8807);
#2694=VERTEX_POINT('',#8809);
#2695=VERTEX_POINT('',#8811);
#2696=VERTEX_POINT('',#8813);
#2697=VERTEX_POINT('',#8815);
#2698=VERTEX_POINT('',#8817);
#2699=VERTEX_POINT('',#8819);
#2700=VERTEX_POINT('',#8821);
#2701=VERTEX_POINT('',#8823);
#2702=VERTEX_POINT('',#8825);
#2703=VERTEX_POINT('',#8827);
#2704=VERTEX_POINT('',#8829);
#2705=VERTEX_POINT('',#8831);
#2706=VERTEX_POINT('',#8833);
#2707=VERTEX_POINT('',#8835);
#2708=VERTEX_POINT('',#8837);
#2709=VERTEX_POINT('',#8839);
#2710=VERTEX_POINT('',#8841);
#2711=VERTEX_POINT('',#8843);
#2712=VERTEX_POINT('',#8845);
#2713=VERTEX_POINT('',#8847);
#2714=VERTEX_POINT('',#8849);
#2715=VERTEX_POINT('',#8851);
#2716=VERTEX_POINT('',#8853);
#2717=VERTEX_POINT('',#8855);
#2718=VERTEX_POINT('',#8857);
#2719=VERTEX_POINT('',#8859);
#2720=VERTEX_POINT('',#8861);
#2721=VERTEX_POINT('',#8863);
#2722=VERTEX_POINT('',#8865);
#2723=VERTEX_POINT('',#8867);
#2724=VERTEX_POINT('',#8869);
#2725=VERTEX_POINT('',#8871);
#2726=VERTEX_POINT('',#8873);
#2727=VERTEX_POINT('',#8875);
#2728=VERTEX_POINT('',#8877);
#2729=VERTEX_POINT('',#8879);
#2730=VERTEX_POINT('',#8881);
#2731=VERTEX_POINT('',#8885);
#2732=VERTEX_POINT('',#8887);
#2733=VERTEX_POINT('',#8891);
#2734=VERTEX_POINT('',#8892);
#2735=VERTEX_POINT('',#8894);
#2736=VERTEX_POINT('',#8896);
#2737=VERTEX_POINT('',#8900);
#2738=VERTEX_POINT('',#8902);
#2739=VERTEX_POINT('',#8906);
#2740=VERTEX_POINT('',#8908);
#2741=VERTEX_POINT('',#8912);
#2742=VERTEX_POINT('',#8914);
#2743=VERTEX_POINT('',#8918);
#2744=VERTEX_POINT('',#8920);
#2745=VERTEX_POINT('',#8929);
#2746=VERTEX_POINT('',#8930);
#2747=VERTEX_POINT('',#8932);
#2748=VERTEX_POINT('',#8934);
#2749=VERTEX_POINT('',#8938);
#2750=VERTEX_POINT('',#8940);
#2751=VERTEX_POINT('',#8944);
#2752=VERTEX_POINT('',#8946);
#2753=VERTEX_POINT('',#8950);
#2754=VERTEX_POINT('',#8952);
#2755=VERTEX_POINT('',#8956);
#2756=VERTEX_POINT('',#8958);
#2757=VERTEX_POINT('',#8967);
#2758=VERTEX_POINT('',#8968);
#2759=VERTEX_POINT('',#8970);
#2760=VERTEX_POINT('',#8972);
#2761=VERTEX_POINT('',#8976);
#2762=VERTEX_POINT('',#8978);
#2763=VERTEX_POINT('',#8982);
#2764=VERTEX_POINT('',#8984);
#2765=VERTEX_POINT('',#8988);
#2766=VERTEX_POINT('',#8990);
#2767=VERTEX_POINT('',#8994);
#2768=VERTEX_POINT('',#8996);
#2769=VERTEX_POINT('',#9005);
#2770=VERTEX_POINT('',#9006);
#2771=VERTEX_POINT('',#9008);
#2772=VERTEX_POINT('',#9010);
#2773=VERTEX_POINT('',#9014);
#2774=VERTEX_POINT('',#9016);
#2775=VERTEX_POINT('',#9020);
#2776=VERTEX_POINT('',#9022);
#2777=VERTEX_POINT('',#9026);
#2778=VERTEX_POINT('',#9028);
#2779=VERTEX_POINT('',#9032);
#2780=VERTEX_POINT('',#9034);
#2781=VERTEX_POINT('',#9043);
#2782=VERTEX_POINT('',#9044);
#2783=VERTEX_POINT('',#9046);
#2784=VERTEX_POINT('',#9048);
#2785=VERTEX_POINT('',#9052);
#2786=VERTEX_POINT('',#9054);
#2787=VERTEX_POINT('',#9058);
#2788=VERTEX_POINT('',#9060);
#2789=VERTEX_POINT('',#9064);
#2790=VERTEX_POINT('',#9066);
#2791=VERTEX_POINT('',#9070);
#2792=VERTEX_POINT('',#9072);
#2793=VERTEX_POINT('',#9081);
#2794=VERTEX_POINT('',#9082);
#2795=VERTEX_POINT('',#9084);
#2796=VERTEX_POINT('',#9086);
#2797=VERTEX_POINT('',#9090);
#2798=VERTEX_POINT('',#9092);
#2799=VERTEX_POINT('',#9096);
#2800=VERTEX_POINT('',#9098);
#2801=VERTEX_POINT('',#9102);
#2802=VERTEX_POINT('',#9104);
#2803=VERTEX_POINT('',#9108);
#2804=VERTEX_POINT('',#9110);
#2805=VERTEX_POINT('',#9119);
#2806=VERTEX_POINT('',#9120);
#2807=VERTEX_POINT('',#9122);
#2808=VERTEX_POINT('',#9124);
#2809=VERTEX_POINT('',#9128);
#2810=VERTEX_POINT('',#9130);
#2811=VERTEX_POINT('',#9134);
#2812=VERTEX_POINT('',#9136);
#2813=VERTEX_POINT('',#9140);
#2814=VERTEX_POINT('',#9142);
#2815=VERTEX_POINT('',#9146);
#2816=VERTEX_POINT('',#9148);
#2817=VERTEX_POINT('',#9157);
#2818=VERTEX_POINT('',#9158);
#2819=VERTEX_POINT('',#9160);
#2820=VERTEX_POINT('',#9162);
#2821=VERTEX_POINT('',#9166);
#2822=VERTEX_POINT('',#9168);
#2823=VERTEX_POINT('',#9172);
#2824=VERTEX_POINT('',#9174);
#2825=VERTEX_POINT('',#9178);
#2826=VERTEX_POINT('',#9180);
#2827=VERTEX_POINT('',#9184);
#2828=VERTEX_POINT('',#9186);
#2829=VERTEX_POINT('',#9195);
#2830=VERTEX_POINT('',#9196);
#2831=VERTEX_POINT('',#9198);
#2832=VERTEX_POINT('',#9200);
#2833=VERTEX_POINT('',#9204);
#2834=VERTEX_POINT('',#9206);
#2835=VERTEX_POINT('',#9210);
#2836=VERTEX_POINT('',#9212);
#2837=VERTEX_POINT('',#9216);
#2838=VERTEX_POINT('',#9218);
#2839=VERTEX_POINT('',#9222);
#2840=VERTEX_POINT('',#9224);
#2841=VERTEX_POINT('',#9233);
#2842=VERTEX_POINT('',#9234);
#2843=VERTEX_POINT('',#9236);
#2844=VERTEX_POINT('',#9238);
#2845=VERTEX_POINT('',#9242);
#2846=VERTEX_POINT('',#9243);
#2847=VERTEX_POINT('',#9245);
#2848=VERTEX_POINT('',#9247);
#2849=VERTEX_POINT('',#9251);
#2850=VERTEX_POINT('',#9252);
#2851=VERTEX_POINT('',#9254);
#2852=VERTEX_POINT('',#9256);
#2853=VERTEX_POINT('',#9260);
#2854=VERTEX_POINT('',#9261);
#2855=VERTEX_POINT('',#9263);
#2856=VERTEX_POINT('',#9265);
#2857=VERTEX_POINT('',#9269);
#2858=VERTEX_POINT('',#9270);
#2859=VERTEX_POINT('',#9272);
#2860=VERTEX_POINT('',#9274);
#2861=VERTEX_POINT('',#9278);
#2862=VERTEX_POINT('',#9279);
#2863=VERTEX_POINT('',#9281);
#2864=VERTEX_POINT('',#9283);
#2865=VERTEX_POINT('',#9287);
#2866=VERTEX_POINT('',#9288);
#2867=VERTEX_POINT('',#9290);
#2868=VERTEX_POINT('',#9292);
#2869=VERTEX_POINT('',#9296);
#2870=VERTEX_POINT('',#9297);
#2871=VERTEX_POINT('',#9299);
#2872=VERTEX_POINT('',#9301);
#2873=VERTEX_POINT('',#9305);
#2874=VERTEX_POINT('',#9306);
#2875=VERTEX_POINT('',#9308);
#2876=VERTEX_POINT('',#9310);
#2877=VERTEX_POINT('',#9314);
#2878=VERTEX_POINT('',#9315);
#2879=VERTEX_POINT('',#9317);
#2880=VERTEX_POINT('',#9319);
#2881=VERTEX_POINT('',#9323);
#2882=VERTEX_POINT('',#9324);
#2883=VERTEX_POINT('',#9326);
#2884=VERTEX_POINT('',#9328);
#2885=VERTEX_POINT('',#9332);
#2886=VERTEX_POINT('',#9333);
#2887=VERTEX_POINT('',#9335);
#2888=VERTEX_POINT('',#9337);
#2889=VERTEX_POINT('',#9341);
#2890=VERTEX_POINT('',#9342);
#2891=VERTEX_POINT('',#9344);
#2892=VERTEX_POINT('',#9346);
#2893=VERTEX_POINT('',#9350);
#2894=VERTEX_POINT('',#9351);
#2895=VERTEX_POINT('',#9353);
#2896=VERTEX_POINT('',#9355);
#2897=VERTEX_POINT('',#9359);
#2898=VERTEX_POINT('',#9360);
#2899=VERTEX_POINT('',#9362);
#2900=VERTEX_POINT('',#9364);
#2901=VERTEX_POINT('',#9368);
#2902=VERTEX_POINT('',#9369);
#2903=VERTEX_POINT('',#9371);
#2904=VERTEX_POINT('',#9373);
#2905=VERTEX_POINT('',#9377);
#2906=VERTEX_POINT('',#9378);
#2907=VERTEX_POINT('',#9380);
#2908=VERTEX_POINT('',#9382);
#2909=VERTEX_POINT('',#9410);
#2910=VERTEX_POINT('',#9411);
#2911=VERTEX_POINT('',#9413);
#2912=VERTEX_POINT('',#9415);
#2913=VERTEX_POINT('',#9422);
#2914=VERTEX_POINT('',#9424);
#2915=VERTEX_POINT('',#9429);
#2916=VERTEX_POINT('',#9433);
#2917=VERTEX_POINT('',#9435);
#2918=VERTEX_POINT('',#9440);
#2919=VERTEX_POINT('',#9444);
#2920=VERTEX_POINT('',#9446);
#2921=VERTEX_POINT('',#9451);
#2922=VERTEX_POINT('',#9455);
#2923=VERTEX_POINT('',#9457);
#2924=VERTEX_POINT('',#9462);
#2925=VERTEX_POINT('',#9466);
#2926=VERTEX_POINT('',#9468);
#2927=VERTEX_POINT('',#9473);
#2928=VERTEX_POINT('',#9477);
#2929=VERTEX_POINT('',#9479);
#2930=VERTEX_POINT('',#9484);
#2931=VERTEX_POINT('',#9488);
#2932=VERTEX_POINT('',#9490);
#2933=VERTEX_POINT('',#9495);
#2934=VERTEX_POINT('',#9499);
#2935=VERTEX_POINT('',#9501);
#2936=VERTEX_POINT('',#9506);
#2937=VERTEX_POINT('',#9510);
#2938=VERTEX_POINT('',#9512);
#2939=VERTEX_POINT('',#9517);
#2940=VERTEX_POINT('',#9521);
#2941=VERTEX_POINT('',#9529);
#2942=VERTEX_POINT('',#9537);
#2943=VERTEX_POINT('',#9545);
#2944=VERTEX_POINT('',#9553);
#2945=VERTEX_POINT('',#9561);
#2946=VERTEX_POINT('',#9569);
#2947=VERTEX_POINT('',#9577);
#2948=VERTEX_POINT('',#9585);
#2949=VERTEX_POINT('',#9593);
#2950=VERTEX_POINT('',#9597);
#2951=VERTEX_POINT('',#9601);
#2952=VERTEX_POINT('',#9605);
#2953=VERTEX_POINT('',#9609);
#2954=VERTEX_POINT('',#9611);
#2955=VERTEX_POINT('',#9613);
#2956=VERTEX_POINT('',#9615);
#2957=VERTEX_POINT('',#9619);
#2958=VERTEX_POINT('',#9621);
#2959=VERTEX_POINT('',#9625);
#2960=VERTEX_POINT('',#9627);
#2961=VERTEX_POINT('',#9635);
#2962=VERTEX_POINT('',#9636);
#2963=VERTEX_POINT('',#9638);
#2964=VERTEX_POINT('',#9640);
#2965=VERTEX_POINT('',#9643);
#2966=VERTEX_POINT('',#9644);
#2967=VERTEX_POINT('',#9646);
#2968=VERTEX_POINT('',#9648);
#2969=VERTEX_POINT('',#9676);
#2970=VERTEX_POINT('',#9677);
#2971=VERTEX_POINT('',#9679);
#2972=VERTEX_POINT('',#9681);
#2973=VERTEX_POINT('',#9685);
#2974=VERTEX_POINT('',#9686);
#2975=VERTEX_POINT('',#9688);
#2976=VERTEX_POINT('',#9690);
#2977=VERTEX_POINT('',#9694);
#2978=VERTEX_POINT('',#9696);
#2979=VERTEX_POINT('',#9700);
#2980=VERTEX_POINT('',#9702);
#2981=VERTEX_POINT('',#9706);
#2982=VERTEX_POINT('',#9708);
#2983=VERTEX_POINT('',#9715);
#2984=VERTEX_POINT('',#9717);
#2985=VERTEX_POINT('',#9724);
#2986=VERTEX_POINT('',#9725);
#2987=VERTEX_POINT('',#9727);
#2988=VERTEX_POINT('',#9729);
#2989=VERTEX_POINT('',#9733);
#2990=VERTEX_POINT('',#9734);
#2991=VERTEX_POINT('',#9736);
#2992=VERTEX_POINT('',#9738);
#2993=VERTEX_POINT('',#9742);
#2994=VERTEX_POINT('',#9744);
#2995=VERTEX_POINT('',#9748);
#2996=VERTEX_POINT('',#9750);
#2997=VERTEX_POINT('',#9754);
#2998=VERTEX_POINT('',#9756);
#2999=VERTEX_POINT('',#9763);
#3000=VERTEX_POINT('',#9765);
#3001=VERTEX_POINT('',#9772);
#3002=VERTEX_POINT('',#9773);
#3003=VERTEX_POINT('',#9775);
#3004=VERTEX_POINT('',#9777);
#3005=VERTEX_POINT('',#9781);
#3006=VERTEX_POINT('',#9782);
#3007=VERTEX_POINT('',#9784);
#3008=VERTEX_POINT('',#9786);
#3009=VERTEX_POINT('',#9790);
#3010=VERTEX_POINT('',#9792);
#3011=VERTEX_POINT('',#9796);
#3012=VERTEX_POINT('',#9798);
#3013=VERTEX_POINT('',#9802);
#3014=VERTEX_POINT('',#9804);
#3015=VERTEX_POINT('',#9811);
#3016=VERTEX_POINT('',#9813);
#3017=VERTEX_POINT('',#9820);
#3018=VERTEX_POINT('',#9821);
#3019=VERTEX_POINT('',#9823);
#3020=VERTEX_POINT('',#9825);
#3021=VERTEX_POINT('',#9829);
#3022=VERTEX_POINT('',#9830);
#3023=VERTEX_POINT('',#9832);
#3024=VERTEX_POINT('',#9834);
#3025=VERTEX_POINT('',#9838);
#3026=VERTEX_POINT('',#9840);
#3027=VERTEX_POINT('',#9844);
#3028=VERTEX_POINT('',#9846);
#3029=VERTEX_POINT('',#9850);
#3030=VERTEX_POINT('',#9852);
#3031=VERTEX_POINT('',#9859);
#3032=VERTEX_POINT('',#9861);
#3033=VERTEX_POINT('',#9868);
#3034=VERTEX_POINT('',#9869);
#3035=VERTEX_POINT('',#9871);
#3036=VERTEX_POINT('',#9873);
#3037=VERTEX_POINT('',#9877);
#3038=VERTEX_POINT('',#9879);
#3039=VERTEX_POINT('',#9883);
#3040=VERTEX_POINT('',#9885);
#3041=VERTEX_POINT('',#9889);
#3042=VERTEX_POINT('',#9891);
#3043=VERTEX_POINT('',#9895);
#3044=VERTEX_POINT('',#9897);
#3045=VERTEX_POINT('',#9905);
#3046=VERTEX_POINT('',#9906);
#3047=VERTEX_POINT('',#9908);
#3048=VERTEX_POINT('',#9910);
#3049=VERTEX_POINT('',#9914);
#3050=VERTEX_POINT('',#9916);
#3051=VERTEX_POINT('',#9920);
#3052=VERTEX_POINT('',#9922);
#3053=VERTEX_POINT('',#9926);
#3054=VERTEX_POINT('',#9928);
#3055=VERTEX_POINT('',#9932);
#3056=VERTEX_POINT('',#9934);
#3057=VERTEX_POINT('',#9942);
#3058=VERTEX_POINT('',#9944);
#3059=VERTEX_POINT('',#9948);
#3060=VERTEX_POINT('',#9950);
#3061=VERTEX_POINT('',#9952);
#3062=VERTEX_POINT('',#9954);
#3063=VERTEX_POINT('',#9956);
#3064=VERTEX_POINT('',#9960);
#3065=VERTEX_POINT('',#9961);
#3066=VERTEX_POINT('',#9963);
#3067=VERTEX_POINT('',#9965);
#3068=VERTEX_POINT('',#9970);
#3069=VERTEX_POINT('',#9972);
#3070=VERTEX_POINT('',#9977);
#3071=VERTEX_POINT('',#9979);
#3072=VERTEX_POINT('',#9988);
#3073=VERTEX_POINT('',#9995);
#3074=VERTEX_POINT('',#9996);
#3075=VERTEX_POINT('',#9998);
#3076=VERTEX_POINT('',#10000);
#3077=VERTEX_POINT('',#10004);
#3078=VERTEX_POINT('',#10006);
#3079=VERTEX_POINT('',#10010);
#3080=VERTEX_POINT('',#10012);
#3081=VERTEX_POINT('',#10016);
#3082=VERTEX_POINT('',#10018);
#3083=VERTEX_POINT('',#10022);
#3084=VERTEX_POINT('',#10024);
#3085=VERTEX_POINT('',#10032);
#3086=VERTEX_POINT('',#10033);
#3087=VERTEX_POINT('',#10035);
#3088=VERTEX_POINT('',#10037);
#3089=VERTEX_POINT('',#10041);
#3090=VERTEX_POINT('',#10043);
#3091=VERTEX_POINT('',#10047);
#3092=VERTEX_POINT('',#10049);
#3093=VERTEX_POINT('',#10056);
#3094=VERTEX_POINT('',#10058);
#3095=VERTEX_POINT('',#10062);
#3096=VERTEX_POINT('',#10064);
#3097=VERTEX_POINT('',#10068);
#3098=VERTEX_POINT('',#10070);
#3099=VERTEX_POINT('',#10074);
#3100=VERTEX_POINT('',#10076);
#3101=EDGE_CURVE('',#2547,#2547,#2380,.T.);
#3102=EDGE_CURVE('',#2547,#2548,#1044,.T.);
#3103=EDGE_CURVE('',#2548,#2548,#2381,.T.);
#3104=EDGE_CURVE('',#2547,#2549,#1045,.T.);
#3105=EDGE_CURVE('',#2549,#2549,#2382,.T.);
#3106=EDGE_CURVE('',#2550,#2550,#2383,.T.);
#3107=EDGE_CURVE('',#2550,#2551,#1046,.T.);
#3108=EDGE_CURVE('',#2551,#2551,#2384,.T.);
#3109=EDGE_CURVE('',#2550,#2552,#1047,.T.);
#3110=EDGE_CURVE('',#2552,#2552,#2385,.T.);
#3111=EDGE_CURVE('',#2553,#2553,#2386,.T.);
#3112=EDGE_CURVE('',#2553,#2554,#1048,.T.);
#3113=EDGE_CURVE('',#2554,#2554,#2387,.T.);
#3114=EDGE_CURVE('',#2553,#2555,#1049,.T.);
#3115=EDGE_CURVE('',#2555,#2555,#2388,.T.);
#3116=EDGE_CURVE('',#2556,#2556,#2389,.T.);
#3117=EDGE_CURVE('',#2556,#2557,#1050,.T.);
#3118=EDGE_CURVE('',#2557,#2557,#2390,.T.);
#3119=EDGE_CURVE('',#2556,#2558,#1051,.T.);
#3120=EDGE_CURVE('',#2558,#2558,#2391,.T.);
#3121=EDGE_CURVE('',#2559,#2559,#2392,.T.);
#3122=EDGE_CURVE('',#2559,#2560,#1052,.T.);
#3123=EDGE_CURVE('',#2560,#2560,#2393,.T.);
#3124=EDGE_CURVE('',#2559,#2561,#1053,.T.);
#3125=EDGE_CURVE('',#2561,#2561,#2394,.T.);
#3126=EDGE_CURVE('',#2562,#2562,#2395,.T.);
#3127=EDGE_CURVE('',#2562,#2563,#1054,.T.);
#3128=EDGE_CURVE('',#2563,#2563,#2396,.T.);
#3129=EDGE_CURVE('',#2562,#2564,#1055,.T.);
#3130=EDGE_CURVE('',#2564,#2564,#2397,.T.);
#3131=EDGE_CURVE('',#2565,#2565,#2398,.T.);
#3132=EDGE_CURVE('',#2565,#2566,#1056,.T.);
#3133=EDGE_CURVE('',#2566,#2566,#2399,.T.);
#3134=EDGE_CURVE('',#2567,#2567,#2400,.T.);
#3135=EDGE_CURVE('',#2567,#2565,#1057,.T.);
#3136=EDGE_CURVE('',#2568,#2568,#2401,.T.);
#3137=EDGE_CURVE('',#2568,#2569,#1058,.T.);
#3138=EDGE_CURVE('',#2569,#2569,#2402,.T.);
#3139=EDGE_CURVE('',#2570,#2570,#2403,.T.);
#3140=EDGE_CURVE('',#2570,#2568,#1059,.T.);
#3141=EDGE_CURVE('',#2571,#2572,#2404,.T.);
#3142=EDGE_CURVE('',#2573,#2571,#1060,.T.);
#3143=EDGE_CURVE('',#2574,#2573,#2405,.T.);
#3144=EDGE_CURVE('',#2574,#2572,#1061,.T.);
#3145=EDGE_CURVE('',#2575,#2576,#2406,.T.);
#3146=EDGE_CURVE('',#2575,#2577,#1062,.T.);
#3147=EDGE_CURVE('',#2578,#2577,#2407,.T.);
#3148=EDGE_CURVE('',#2576,#2578,#1063,.T.);
#3149=EDGE_CURVE('',#2579,#2580,#2408,.T.);
#3150=EDGE_CURVE('',#2581,#2579,#1064,.T.);
#3151=EDGE_CURVE('',#2582,#2581,#2409,.T.);
#3152=EDGE_CURVE('',#2582,#2580,#1065,.T.);
#3153=EDGE_CURVE('',#2583,#2584,#2410,.T.);
#3154=EDGE_CURVE('',#2583,#2585,#1066,.T.);
#3155=EDGE_CURVE('',#2586,#2585,#2411,.T.);
#3156=EDGE_CURVE('',#2584,#2586,#1067,.T.);
#3157=EDGE_CURVE('',#2587,#2588,#2412,.T.);
#3158=EDGE_CURVE('',#2589,#2587,#1068,.T.);
#3159=EDGE_CURVE('',#2590,#2589,#2413,.T.);
#3160=EDGE_CURVE('',#2590,#2588,#1069,.T.);
#3161=EDGE_CURVE('',#2591,#2592,#2414,.T.);
#3162=EDGE_CURVE('',#2591,#2593,#1070,.T.);
#3163=EDGE_CURVE('',#2594,#2593,#2415,.T.);
#3164=EDGE_CURVE('',#2592,#2594,#1071,.T.);
#3165=EDGE_CURVE('',#2595,#2596,#2416,.T.);
#3166=EDGE_CURVE('',#2597,#2595,#1072,.T.);
#3167=EDGE_CURVE('',#2598,#2597,#2417,.T.);
#3168=EDGE_CURVE('',#2598,#2596,#1073,.T.);
#3169=EDGE_CURVE('',#2599,#2600,#2418,.T.);
#3170=EDGE_CURVE('',#2599,#2601,#1074,.T.);
#3171=EDGE_CURVE('',#2602,#2601,#2419,.T.);
#3172=EDGE_CURVE('',#2600,#2602,#1075,.T.);
#3173=EDGE_CURVE('',#2603,#2604,#2420,.T.);
#3174=EDGE_CURVE('',#2603,#2605,#1076,.T.);
#3175=EDGE_CURVE('',#2606,#2605,#2421,.T.);
#3176=EDGE_CURVE('',#2604,#2606,#1077,.T.);
#3177=EDGE_CURVE('',#2605,#2607,#2422,.T.);
#3178=EDGE_CURVE('',#2608,#2603,#2423,.T.);
#3179=EDGE_CURVE('',#2608,#2607,#1078,.T.);
#3180=EDGE_CURVE('',#2609,#2608,#2424,.T.);
#3181=EDGE_CURVE('',#2609,#2610,#1079,.T.);
#3182=EDGE_CURVE('',#2607,#2610,#2425,.T.);
#3183=EDGE_CURVE('',#2610,#2606,#2426,.T.);
#3184=EDGE_CURVE('',#2604,#2609,#2427,.T.);
#3185=EDGE_CURVE('',#2611,#2612,#2428,.T.);
#3186=EDGE_CURVE('',#2611,#2613,#1080,.T.);
#3187=EDGE_CURVE('',#2614,#2613,#2429,.T.);
#3188=EDGE_CURVE('',#2612,#2614,#1081,.T.);
#3189=EDGE_CURVE('',#2613,#2615,#2430,.T.);
#3190=EDGE_CURVE('',#2616,#2611,#2431,.T.);
#3191=EDGE_CURVE('',#2616,#2615,#1082,.T.);
#3192=EDGE_CURVE('',#2617,#2616,#2432,.T.);
#3193=EDGE_CURVE('',#2617,#2618,#1083,.T.);
#3194=EDGE_CURVE('',#2615,#2618,#2433,.T.);
#3195=EDGE_CURVE('',#2618,#2614,#2434,.T.);
#3196=EDGE_CURVE('',#2612,#2617,#2435,.T.);
#3197=EDGE_CURVE('',#2619,#2620,#2436,.T.);
#3198=EDGE_CURVE('',#2619,#2621,#1084,.T.);
#3199=EDGE_CURVE('',#2622,#2621,#2437,.T.);
#3200=EDGE_CURVE('',#2620,#2622,#1085,.T.);
#3201=EDGE_CURVE('',#2621,#2623,#2438,.T.);
#3202=EDGE_CURVE('',#2624,#2619,#2439,.T.);
#3203=EDGE_CURVE('',#2624,#2623,#1086,.T.);
#3204=EDGE_CURVE('',#2625,#2624,#2440,.T.);
#3205=EDGE_CURVE('',#2625,#2626,#1087,.T.);
#3206=EDGE_CURVE('',#2623,#2626,#2441,.T.);
#3207=EDGE_CURVE('',#2626,#2622,#2442,.T.);
#3208=EDGE_CURVE('',#2620,#2625,#2443,.T.);
#3209=EDGE_CURVE('',#2627,#2628,#2444,.T.);
#3210=EDGE_CURVE('',#2627,#2629,#1088,.T.);
#3211=EDGE_CURVE('',#2630,#2629,#2445,.T.);
#3212=EDGE_CURVE('',#2628,#2630,#1089,.T.);
#3213=EDGE_CURVE('',#2629,#2631,#2446,.T.);
#3214=EDGE_CURVE('',#2632,#2627,#2447,.T.);
#3215=EDGE_CURVE('',#2632,#2631,#1090,.T.);
#3216=EDGE_CURVE('',#2633,#2632,#2448,.T.);
#3217=EDGE_CURVE('',#2633,#2634,#1091,.T.);
#3218=EDGE_CURVE('',#2631,#2634,#2449,.T.);
#3219=EDGE_CURVE('',#2634,#2630,#2450,.T.);
#3220=EDGE_CURVE('',#2628,#2633,#2451,.T.);
#3221=EDGE_CURVE('',#2635,#2635,#2452,.T.);
#3222=EDGE_CURVE('',#2635,#2636,#1092,.T.);
#3223=EDGE_CURVE('',#2636,#2636,#2453,.T.);
#3224=EDGE_CURVE('',#2637,#2637,#2454,.T.);
#3225=EDGE_CURVE('',#2637,#2638,#1093,.T.);
#3226=EDGE_CURVE('',#2638,#2638,#2455,.T.);
#3227=EDGE_CURVE('',#2639,#2639,#2456,.T.);
#3228=EDGE_CURVE('',#2639,#2640,#1094,.T.);
#3229=EDGE_CURVE('',#2640,#2640,#2457,.T.);
#3230=EDGE_CURVE('',#2641,#2641,#2458,.T.);
#3231=EDGE_CURVE('',#2641,#2642,#1095,.T.);
#3232=EDGE_CURVE('',#2642,#2642,#2459,.T.);
#3233=EDGE_CURVE('',#2643,#2643,#2460,.T.);
#3234=EDGE_CURVE('',#2643,#2644,#1096,.T.);
#3235=EDGE_CURVE('',#2644,#2644,#2461,.T.);
#3236=EDGE_CURVE('',#2645,#2645,#2462,.T.);
#3237=EDGE_CURVE('',#2645,#2646,#1097,.T.);
#3238=EDGE_CURVE('',#2646,#2646,#2463,.T.);
#3239=EDGE_CURVE('',#2647,#2647,#2464,.T.);
#3240=EDGE_CURVE('',#2647,#2648,#1098,.T.);
#3241=EDGE_CURVE('',#2648,#2648,#2465,.T.);
#3242=EDGE_CURVE('',#2649,#2649,#2466,.T.);
#3243=EDGE_CURVE('',#2649,#2650,#1099,.T.);
#3244=EDGE_CURVE('',#2650,#2650,#2467,.T.);
#3245=EDGE_CURVE('',#2651,#2651,#2468,.T.);
#3246=EDGE_CURVE('',#2651,#2652,#1100,.T.);
#3247=EDGE_CURVE('',#2652,#2652,#2469,.T.);
#3248=EDGE_CURVE('',#2653,#2654,#2470,.T.);
#3249=EDGE_CURVE('',#2654,#2653,#2471,.T.);
#3250=EDGE_CURVE('',#2654,#2655,#2472,.T.);
#3251=EDGE_CURVE('',#2655,#2655,#2473,.T.);
#3252=EDGE_CURVE('',#2656,#2656,#2474,.T.);
#3253=EDGE_CURVE('',#2656,#2653,#1101,.T.);
#3254=EDGE_CURVE('',#2657,#2658,#2475,.T.);
#3255=EDGE_CURVE('',#2658,#2657,#2476,.T.);
#3256=EDGE_CURVE('',#2658,#2659,#2477,.T.);
#3257=EDGE_CURVE('',#2659,#2659,#2478,.T.);
#3258=EDGE_CURVE('',#2660,#2660,#2479,.T.);
#3259=EDGE_CURVE('',#2660,#2657,#1102,.T.);
#3260=EDGE_CURVE('',#2661,#2662,#2480,.T.);
#3261=EDGE_CURVE('',#2662,#2661,#2481,.T.);
#3262=EDGE_CURVE('',#2662,#2663,#2482,.T.);
#3263=EDGE_CURVE('',#2663,#2663,#2483,.T.);
#3264=EDGE_CURVE('',#2664,#2664,#2484,.T.);
#3265=EDGE_CURVE('',#2664,#2661,#1103,.T.);
#3266=EDGE_CURVE('',#2665,#2666,#2485,.T.);
#3267=EDGE_CURVE('',#2666,#2665,#2486,.T.);
#3268=EDGE_CURVE('',#2666,#2667,#2487,.T.);
#3269=EDGE_CURVE('',#2667,#2667,#2488,.T.);
#3270=EDGE_CURVE('',#2668,#2668,#2489,.T.);
#3271=EDGE_CURVE('',#2668,#2665,#1104,.T.);
#3272=EDGE_CURVE('',#2669,#2670,#2490,.T.);
#3273=EDGE_CURVE('',#2670,#2669,#2491,.T.);
#3274=EDGE_CURVE('',#2670,#2671,#2492,.T.);
#3275=EDGE_CURVE('',#2671,#2671,#2493,.T.);
#3276=EDGE_CURVE('',#2672,#2672,#2494,.T.);
#3277=EDGE_CURVE('',#2672,#2669,#1105,.T.);
#3278=EDGE_CURVE('',#2673,#2674,#2495,.T.);
#3279=EDGE_CURVE('',#2674,#2673,#2496,.T.);
#3280=EDGE_CURVE('',#2674,#2675,#2497,.T.);
#3281=EDGE_CURVE('',#2675,#2675,#2498,.T.);
#3282=EDGE_CURVE('',#2676,#2676,#2499,.T.);
#3283=EDGE_CURVE('',#2676,#2673,#1106,.T.);
#3284=EDGE_CURVE('',#2677,#2678,#2500,.T.);
#3285=EDGE_CURVE('',#2678,#2677,#2501,.T.);
#3286=EDGE_CURVE('',#2678,#2679,#2502,.T.);
#3287=EDGE_CURVE('',#2679,#2679,#2503,.T.);
#3288=EDGE_CURVE('',#2680,#2680,#2504,.T.);
#3289=EDGE_CURVE('',#2680,#2677,#1107,.T.);
#3290=EDGE_CURVE('',#2681,#2682,#2505,.T.);
#3291=EDGE_CURVE('',#2682,#2681,#2506,.T.);
#3292=EDGE_CURVE('',#2682,#2683,#2507,.T.);
#3293=EDGE_CURVE('',#2683,#2683,#2508,.T.);
#3294=EDGE_CURVE('',#2684,#2684,#2509,.T.);
#3295=EDGE_CURVE('',#2684,#2681,#1108,.T.);
#3296=EDGE_CURVE('',#2685,#2686,#2510,.T.);
#3297=EDGE_CURVE('',#2686,#2685,#2511,.T.);
#3298=EDGE_CURVE('',#2686,#2687,#2512,.T.);
#3299=EDGE_CURVE('',#2687,#2687,#2513,.T.);
#3300=EDGE_CURVE('',#2688,#2688,#2514,.T.);
#3301=EDGE_CURVE('',#2688,#2685,#1109,.T.);
#3302=EDGE_CURVE('',#2689,#2690,#1110,.T.);
#3303=EDGE_CURVE('',#2691,#2689,#1111,.T.);
#3304=EDGE_CURVE('',#2692,#2691,#1112,.T.);
#3305=EDGE_CURVE('',#2693,#2692,#1113,.T.);
#3306=EDGE_CURVE('',#2693,#2694,#1114,.T.);
#3307=EDGE_CURVE('',#2694,#2695,#1115,.T.);
#3308=EDGE_CURVE('',#2695,#2696,#1116,.T.);
#3309=EDGE_CURVE('',#2696,#2697,#1117,.T.);
#3310=EDGE_CURVE('',#2697,#2698,#1118,.T.);
#3311=EDGE_CURVE('',#2698,#2699,#1119,.T.);
#3312=EDGE_CURVE('',#2699,#2700,#1120,.T.);
#3313=EDGE_CURVE('',#2700,#2701,#1121,.T.);
#3314=EDGE_CURVE('',#2701,#2702,#1122,.T.);
#3315=EDGE_CURVE('',#2702,#2703,#1123,.T.);
#3316=EDGE_CURVE('',#2703,#2704,#1124,.T.);
#3317=EDGE_CURVE('',#2704,#2705,#1125,.T.);
#3318=EDGE_CURVE('',#2705,#2706,#1126,.T.);
#3319=EDGE_CURVE('',#2706,#2707,#1127,.T.);
#3320=EDGE_CURVE('',#2707,#2708,#1128,.T.);
#3321=EDGE_CURVE('',#2708,#2709,#1129,.T.);
#3322=EDGE_CURVE('',#2709,#2710,#1130,.T.);
#3323=EDGE_CURVE('',#2710,#2711,#1131,.T.);
#3324=EDGE_CURVE('',#2711,#2712,#1132,.T.);
#3325=EDGE_CURVE('',#2712,#2713,#1133,.T.);
#3326=EDGE_CURVE('',#2713,#2714,#1134,.T.);
#3327=EDGE_CURVE('',#2714,#2715,#1135,.T.);
#3328=EDGE_CURVE('',#2715,#2716,#1136,.T.);
#3329=EDGE_CURVE('',#2716,#2717,#1137,.T.);
#3330=EDGE_CURVE('',#2717,#2718,#1138,.T.);
#3331=EDGE_CURVE('',#2718,#2719,#1139,.T.);
#3332=EDGE_CURVE('',#2719,#2720,#1140,.T.);
#3333=EDGE_CURVE('',#2720,#2721,#1141,.T.);
#3334=EDGE_CURVE('',#2721,#2722,#1142,.T.);
#3335=EDGE_CURVE('',#2722,#2723,#1143,.T.);
#3336=EDGE_CURVE('',#2724,#2723,#1144,.T.);
#3337=EDGE_CURVE('',#2724,#2725,#1145,.T.);
#3338=EDGE_CURVE('',#2726,#2725,#1146,.T.);
#3339=EDGE_CURVE('',#2726,#2727,#1147,.T.);
#3340=EDGE_CURVE('',#2728,#2727,#1148,.T.);
#3341=EDGE_CURVE('',#2728,#2729,#1149,.T.);
#3342=EDGE_CURVE('',#2730,#2729,#1150,.T.);
#3343=EDGE_CURVE('',#2730,#2690,#1151,.T.);
#3344=EDGE_CURVE('',#2731,#2691,#1152,.T.);
#3345=EDGE_CURVE('',#2731,#2732,#1153,.T.);
#3346=EDGE_CURVE('',#2692,#2732,#1154,.T.);
#3347=EDGE_CURVE('',#2733,#2734,#1155,.T.);
#3348=EDGE_CURVE('',#2733,#2735,#1156,.T.);
#3349=EDGE_CURVE('',#2736,#2735,#1157,.T.);
#3350=EDGE_CURVE('',#2734,#2736,#1158,.T.);
#3351=EDGE_CURVE('',#2734,#2737,#1159,.T.);
#3352=EDGE_CURVE('',#2738,#2736,#1160,.T.);
#3353=EDGE_CURVE('',#2737,#2738,#1161,.T.);
#3354=EDGE_CURVE('',#2737,#2739,#1162,.T.);
#3355=EDGE_CURVE('',#2740,#2738,#1163,.T.);
#3356=EDGE_CURVE('',#2739,#2740,#1164,.T.);
#3357=EDGE_CURVE('',#2739,#2741,#1165,.T.);
#3358=EDGE_CURVE('',#2742,#2740,#1166,.T.);
#3359=EDGE_CURVE('',#2741,#2742,#1167,.T.);
#3360=EDGE_CURVE('',#2743,#2733,#1168,.T.);
#3361=EDGE_CURVE('',#2743,#2744,#1169,.T.);
#3362=EDGE_CURVE('',#2735,#2744,#1170,.T.);
#3363=EDGE_CURVE('',#2741,#2743,#1171,.T.);
#3364=EDGE_CURVE('',#2744,#2742,#1172,.T.);
#3365=EDGE_CURVE('',#2745,#2746,#1173,.T.);
#3366=EDGE_CURVE('',#2745,#2747,#1174,.T.);
#3367=EDGE_CURVE('',#2748,#2747,#1175,.T.);
#3368=EDGE_CURVE('',#2746,#2748,#1176,.T.);
#3369=EDGE_CURVE('',#2746,#2749,#1177,.T.);
#3370=EDGE_CURVE('',#2750,#2748,#1178,.T.);
#3371=EDGE_CURVE('',#2749,#2750,#1179,.T.);
#3372=EDGE_CURVE('',#2749,#2751,#1180,.T.);
#3373=EDGE_CURVE('',#2752,#2750,#1181,.T.);
#3374=EDGE_CURVE('',#2751,#2752,#1182,.T.);
#3375=EDGE_CURVE('',#2751,#2753,#1183,.T.);
#3376=EDGE_CURVE('',#2754,#2752,#1184,.T.);
#3377=EDGE_CURVE('',#2753,#2754,#1185,.T.);
#3378=EDGE_CURVE('',#2755,#2745,#1186,.T.);
#3379=EDGE_CURVE('',#2755,#2756,#1187,.T.);
#3380=EDGE_CURVE('',#2747,#2756,#1188,.T.);
#3381=EDGE_CURVE('',#2753,#2755,#1189,.T.);
#3382=EDGE_CURVE('',#2756,#2754,#1190,.T.);
#3383=EDGE_CURVE('',#2757,#2758,#1191,.T.);
#3384=EDGE_CURVE('',#2757,#2759,#1192,.T.);
#3385=EDGE_CURVE('',#2760,#2759,#1193,.T.);
#3386=EDGE_CURVE('',#2758,#2760,#1194,.T.);
#3387=EDGE_CURVE('',#2758,#2761,#1195,.T.);
#3388=EDGE_CURVE('',#2762,#2760,#1196,.T.);
#3389=EDGE_CURVE('',#2761,#2762,#1197,.T.);
#3390=EDGE_CURVE('',#2761,#2763,#1198,.T.);
#3391=EDGE_CURVE('',#2764,#2762,#1199,.T.);
#3392=EDGE_CURVE('',#2763,#2764,#1200,.T.);
#3393=EDGE_CURVE('',#2763,#2765,#1201,.T.);
#3394=EDGE_CURVE('',#2766,#2764,#1202,.T.);
#3395=EDGE_CURVE('',#2765,#2766,#1203,.T.);
#3396=EDGE_CURVE('',#2767,#2757,#1204,.T.);
#3397=EDGE_CURVE('',#2767,#2768,#1205,.T.);
#3398=EDGE_CURVE('',#2759,#2768,#1206,.T.);
#3399=EDGE_CURVE('',#2765,#2767,#1207,.T.);
#3400=EDGE_CURVE('',#2768,#2766,#1208,.T.);
#3401=EDGE_CURVE('',#2769,#2770,#1209,.T.);
#3402=EDGE_CURVE('',#2769,#2771,#1210,.T.);
#3403=EDGE_CURVE('',#2772,#2771,#1211,.T.);
#3404=EDGE_CURVE('',#2770,#2772,#1212,.T.);
#3405=EDGE_CURVE('',#2770,#2773,#1213,.T.);
#3406=EDGE_CURVE('',#2774,#2772,#1214,.T.);
#3407=EDGE_CURVE('',#2773,#2774,#1215,.T.);
#3408=EDGE_CURVE('',#2773,#2775,#1216,.T.);
#3409=EDGE_CURVE('',#2776,#2774,#1217,.T.);
#3410=EDGE_CURVE('',#2775,#2776,#1218,.T.);
#3411=EDGE_CURVE('',#2775,#2777,#1219,.T.);
#3412=EDGE_CURVE('',#2778,#2776,#1220,.T.);
#3413=EDGE_CURVE('',#2777,#2778,#1221,.T.);
#3414=EDGE_CURVE('',#2779,#2769,#1222,.T.);
#3415=EDGE_CURVE('',#2779,#2780,#1223,.T.);
#3416=EDGE_CURVE('',#2771,#2780,#1224,.T.);
#3417=EDGE_CURVE('',#2777,#2779,#1225,.T.);
#3418=EDGE_CURVE('',#2780,#2778,#1226,.T.);
#3419=EDGE_CURVE('',#2781,#2782,#1227,.T.);
#3420=EDGE_CURVE('',#2781,#2783,#1228,.T.);
#3421=EDGE_CURVE('',#2784,#2783,#1229,.T.);
#3422=EDGE_CURVE('',#2782,#2784,#1230,.T.);
#3423=EDGE_CURVE('',#2782,#2785,#1231,.T.);
#3424=EDGE_CURVE('',#2786,#2784,#1232,.T.);
#3425=EDGE_CURVE('',#2785,#2786,#1233,.T.);
#3426=EDGE_CURVE('',#2785,#2787,#1234,.T.);
#3427=EDGE_CURVE('',#2788,#2786,#1235,.T.);
#3428=EDGE_CURVE('',#2787,#2788,#1236,.T.);
#3429=EDGE_CURVE('',#2787,#2789,#1237,.T.);
#3430=EDGE_CURVE('',#2790,#2788,#1238,.T.);
#3431=EDGE_CURVE('',#2789,#2790,#1239,.T.);
#3432=EDGE_CURVE('',#2791,#2781,#1240,.T.);
#3433=EDGE_CURVE('',#2791,#2792,#1241,.T.);
#3434=EDGE_CURVE('',#2783,#2792,#1242,.T.);
#3435=EDGE_CURVE('',#2789,#2791,#1243,.T.);
#3436=EDGE_CURVE('',#2792,#2790,#1244,.T.);
#3437=EDGE_CURVE('',#2793,#2794,#1245,.T.);
#3438=EDGE_CURVE('',#2793,#2795,#1246,.T.);
#3439=EDGE_CURVE('',#2796,#2795,#1247,.T.);
#3440=EDGE_CURVE('',#2794,#2796,#1248,.T.);
#3441=EDGE_CURVE('',#2794,#2797,#1249,.T.);
#3442=EDGE_CURVE('',#2798,#2796,#1250,.T.);
#3443=EDGE_CURVE('',#2797,#2798,#1251,.T.);
#3444=EDGE_CURVE('',#2797,#2799,#1252,.T.);
#3445=EDGE_CURVE('',#2800,#2798,#1253,.T.);
#3446=EDGE_CURVE('',#2799,#2800,#1254,.T.);
#3447=EDGE_CURVE('',#2799,#2801,#1255,.T.);
#3448=EDGE_CURVE('',#2802,#2800,#1256,.T.);
#3449=EDGE_CURVE('',#2801,#2802,#1257,.T.);
#3450=EDGE_CURVE('',#2803,#2793,#1258,.T.);
#3451=EDGE_CURVE('',#2803,#2804,#1259,.T.);
#3452=EDGE_CURVE('',#2795,#2804,#1260,.T.);
#3453=EDGE_CURVE('',#2801,#2803,#1261,.T.);
#3454=EDGE_CURVE('',#2804,#2802,#1262,.T.);
#3455=EDGE_CURVE('',#2805,#2806,#1263,.T.);
#3456=EDGE_CURVE('',#2805,#2807,#1264,.T.);
#3457=EDGE_CURVE('',#2808,#2807,#1265,.T.);
#3458=EDGE_CURVE('',#2806,#2808,#1266,.T.);
#3459=EDGE_CURVE('',#2806,#2809,#1267,.T.);
#3460=EDGE_CURVE('',#2810,#2808,#1268,.T.);
#3461=EDGE_CURVE('',#2809,#2810,#1269,.T.);
#3462=EDGE_CURVE('',#2809,#2811,#1270,.T.);
#3463=EDGE_CURVE('',#2812,#2810,#1271,.T.);
#3464=EDGE_CURVE('',#2811,#2812,#1272,.T.);
#3465=EDGE_CURVE('',#2811,#2813,#1273,.T.);
#3466=EDGE_CURVE('',#2814,#2812,#1274,.T.);
#3467=EDGE_CURVE('',#2813,#2814,#1275,.T.);
#3468=EDGE_CURVE('',#2815,#2805,#1276,.T.);
#3469=EDGE_CURVE('',#2815,#2816,#1277,.T.);
#3470=EDGE_CURVE('',#2807,#2816,#1278,.T.);
#3471=EDGE_CURVE('',#2813,#2815,#1279,.T.);
#3472=EDGE_CURVE('',#2816,#2814,#1280,.T.);
#3473=EDGE_CURVE('',#2817,#2818,#1281,.T.);
#3474=EDGE_CURVE('',#2817,#2819,#1282,.T.);
#3475=EDGE_CURVE('',#2820,#2819,#1283,.T.);
#3476=EDGE_CURVE('',#2818,#2820,#1284,.T.);
#3477=EDGE_CURVE('',#2818,#2821,#1285,.T.);
#3478=EDGE_CURVE('',#2822,#2820,#1286,.T.);
#3479=EDGE_CURVE('',#2821,#2822,#1287,.T.);
#3480=EDGE_CURVE('',#2821,#2823,#1288,.T.);
#3481=EDGE_CURVE('',#2824,#2822,#1289,.T.);
#3482=EDGE_CURVE('',#2823,#2824,#1290,.T.);
#3483=EDGE_CURVE('',#2823,#2825,#1291,.T.);
#3484=EDGE_CURVE('',#2826,#2824,#1292,.T.);
#3485=EDGE_CURVE('',#2825,#2826,#1293,.T.);
#3486=EDGE_CURVE('',#2827,#2817,#1294,.T.);
#3487=EDGE_CURVE('',#2827,#2828,#1295,.T.);
#3488=EDGE_CURVE('',#2819,#2828,#1296,.T.);
#3489=EDGE_CURVE('',#2825,#2827,#1297,.T.);
#3490=EDGE_CURVE('',#2828,#2826,#1298,.T.);
#3491=EDGE_CURVE('',#2829,#2830,#1299,.T.);
#3492=EDGE_CURVE('',#2829,#2831,#1300,.T.);
#3493=EDGE_CURVE('',#2832,#2831,#1301,.T.);
#3494=EDGE_CURVE('',#2830,#2832,#1302,.T.);
#3495=EDGE_CURVE('',#2830,#2833,#1303,.T.);
#3496=EDGE_CURVE('',#2834,#2832,#1304,.T.);
#3497=EDGE_CURVE('',#2833,#2834,#1305,.T.);
#3498=EDGE_CURVE('',#2833,#2835,#1306,.T.);
#3499=EDGE_CURVE('',#2836,#2834,#1307,.T.);
#3500=EDGE_CURVE('',#2835,#2836,#1308,.T.);
#3501=EDGE_CURVE('',#2835,#2837,#1309,.T.);
#3502=EDGE_CURVE('',#2838,#2836,#1310,.T.);
#3503=EDGE_CURVE('',#2837,#2838,#1311,.T.);
#3504=EDGE_CURVE('',#2839,#2829,#1312,.T.);
#3505=EDGE_CURVE('',#2839,#2840,#1313,.T.);
#3506=EDGE_CURVE('',#2831,#2840,#1314,.T.);
#3507=EDGE_CURVE('',#2837,#2839,#1315,.T.);
#3508=EDGE_CURVE('',#2840,#2838,#1316,.T.);
#3509=EDGE_CURVE('',#2841,#2842,#1317,.T.);
#3510=EDGE_CURVE('',#2843,#2841,#1318,.T.);
#3511=EDGE_CURVE('',#2844,#2843,#1319,.T.);
#3512=EDGE_CURVE('',#2842,#2844,#1320,.T.);
#3513=EDGE_CURVE('',#2845,#2846,#1321,.T.);
#3514=EDGE_CURVE('',#2847,#2845,#1322,.T.);
#3515=EDGE_CURVE('',#2848,#2847,#1323,.T.);
#3516=EDGE_CURVE('',#2846,#2848,#1324,.T.);
#3517=EDGE_CURVE('',#2849,#2850,#1325,.T.);
#3518=EDGE_CURVE('',#2851,#2849,#1326,.T.);
#3519=EDGE_CURVE('',#2852,#2851,#1327,.T.);
#3520=EDGE_CURVE('',#2850,#2852,#1328,.T.);
#3521=EDGE_CURVE('',#2853,#2854,#1329,.T.);
#3522=EDGE_CURVE('',#2855,#2853,#1330,.T.);
#3523=EDGE_CURVE('',#2856,#2855,#1331,.T.);
#3524=EDGE_CURVE('',#2854,#2856,#1332,.T.);
#3525=EDGE_CURVE('',#2857,#2858,#1333,.T.);
#3526=EDGE_CURVE('',#2859,#2857,#1334,.T.);
#3527=EDGE_CURVE('',#2860,#2859,#1335,.T.);
#3528=EDGE_CURVE('',#2858,#2860,#1336,.T.);
#3529=EDGE_CURVE('',#2861,#2862,#1337,.T.);
#3530=EDGE_CURVE('',#2863,#2861,#1338,.T.);
#3531=EDGE_CURVE('',#2864,#2863,#1339,.T.);
#3532=EDGE_CURVE('',#2862,#2864,#1340,.T.);
#3533=EDGE_CURVE('',#2865,#2866,#1341,.T.);
#3534=EDGE_CURVE('',#2867,#2865,#1342,.T.);
#3535=EDGE_CURVE('',#2868,#2867,#1343,.T.);
#3536=EDGE_CURVE('',#2866,#2868,#1344,.T.);
#3537=EDGE_CURVE('',#2869,#2870,#1345,.T.);
#3538=EDGE_CURVE('',#2871,#2869,#1346,.T.);
#3539=EDGE_CURVE('',#2872,#2871,#1347,.T.);
#3540=EDGE_CURVE('',#2870,#2872,#1348,.T.);
#3541=EDGE_CURVE('',#2873,#2874,#1349,.T.);
#3542=EDGE_CURVE('',#2875,#2873,#1350,.T.);
#3543=EDGE_CURVE('',#2876,#2875,#1351,.T.);
#3544=EDGE_CURVE('',#2874,#2876,#1352,.T.);
#3545=EDGE_CURVE('',#2877,#2878,#1353,.T.);
#3546=EDGE_CURVE('',#2877,#2879,#1354,.T.);
#3547=EDGE_CURVE('',#2880,#2879,#1355,.T.);
#3548=EDGE_CURVE('',#2878,#2880,#1356,.T.);
#3549=EDGE_CURVE('',#2881,#2882,#1357,.T.);
#3550=EDGE_CURVE('',#2881,#2883,#1358,.T.);
#3551=EDGE_CURVE('',#2884,#2883,#1359,.T.);
#3552=EDGE_CURVE('',#2882,#2884,#1360,.T.);
#3553=EDGE_CURVE('',#2885,#2886,#1361,.T.);
#3554=EDGE_CURVE('',#2885,#2887,#1362,.T.);
#3555=EDGE_CURVE('',#2888,#2887,#1363,.T.);
#3556=EDGE_CURVE('',#2886,#2888,#1364,.T.);
#3557=EDGE_CURVE('',#2889,#2890,#1365,.T.);
#3558=EDGE_CURVE('',#2889,#2891,#1366,.T.);
#3559=EDGE_CURVE('',#2892,#2891,#1367,.T.);
#3560=EDGE_CURVE('',#2890,#2892,#1368,.T.);
#3561=EDGE_CURVE('',#2893,#2894,#1369,.T.);
#3562=EDGE_CURVE('',#2893,#2895,#1370,.T.);
#3563=EDGE_CURVE('',#2896,#2895,#1371,.T.);
#3564=EDGE_CURVE('',#2894,#2896,#1372,.T.);
#3565=EDGE_CURVE('',#2897,#2898,#1373,.T.);
#3566=EDGE_CURVE('',#2897,#2899,#1374,.T.);
#3567=EDGE_CURVE('',#2900,#2899,#1375,.T.);
#3568=EDGE_CURVE('',#2898,#2900,#1376,.T.);
#3569=EDGE_CURVE('',#2901,#2902,#1377,.T.);
#3570=EDGE_CURVE('',#2901,#2903,#1378,.T.);
#3571=EDGE_CURVE('',#2904,#2903,#1379,.T.);
#3572=EDGE_CURVE('',#2902,#2904,#1380,.T.);
#3573=EDGE_CURVE('',#2905,#2906,#1381,.T.);
#3574=EDGE_CURVE('',#2905,#2907,#1382,.T.);
#3575=EDGE_CURVE('',#2908,#2907,#1383,.T.);
#3576=EDGE_CURVE('',#2906,#2908,#1384,.T.);
#3577=EDGE_CURVE('',#2842,#2905,#1385,.T.);
#3578=EDGE_CURVE('',#2907,#2844,#1386,.T.);
#3579=EDGE_CURVE('',#2846,#2901,#1387,.T.);
#3580=EDGE_CURVE('',#2903,#2848,#1388,.T.);
#3581=EDGE_CURVE('',#2850,#2897,#1389,.T.);
#3582=EDGE_CURVE('',#2899,#2852,#1390,.T.);
#3583=EDGE_CURVE('',#2854,#2893,#1391,.T.);
#3584=EDGE_CURVE('',#2895,#2856,#1392,.T.);
#3585=EDGE_CURVE('',#2858,#2889,#1393,.T.);
#3586=EDGE_CURVE('',#2891,#2860,#1394,.T.);
#3587=EDGE_CURVE('',#2862,#2885,#1395,.T.);
#3588=EDGE_CURVE('',#2887,#2864,#1396,.T.);
#3589=EDGE_CURVE('',#2866,#2881,#1397,.T.);
#3590=EDGE_CURVE('',#2883,#2868,#1398,.T.);
#3591=EDGE_CURVE('',#2870,#2877,#1399,.T.);
#3592=EDGE_CURVE('',#2879,#2872,#1400,.T.);
#3593=EDGE_CURVE('',#2909,#2910,#1401,.T.);
#3594=EDGE_CURVE('',#2909,#2911,#1402,.T.);
#3595=EDGE_CURVE('',#2912,#2911,#1403,.T.);
#3596=EDGE_CURVE('',#2910,#2912,#1404,.T.);
#3597=EDGE_CURVE('',#2874,#2909,#1405,.T.);
#3598=EDGE_CURVE('',#2911,#2876,#1406,.T.);
#3599=EDGE_CURVE('',#2910,#2913,#1407,.T.);
#3600=EDGE_CURVE('',#2913,#2914,#1408,.T.);
#3601=EDGE_CURVE('',#2696,#2914,#1409,.T.);
#3602=EDGE_CURVE('',#2695,#2873,#1410,.T.);
#3603=EDGE_CURVE('',#2912,#2915,#1411,.T.);
#3604=EDGE_CURVE('',#2915,#2913,#1412,.T.);
#3605=EDGE_CURVE('',#2878,#2916,#1413,.T.);
#3606=EDGE_CURVE('',#2916,#2917,#1414,.T.);
#3607=EDGE_CURVE('',#2700,#2917,#1415,.T.);
#3608=EDGE_CURVE('',#2699,#2869,#1416,.T.);
#3609=EDGE_CURVE('',#2880,#2918,#1417,.T.);
#3610=EDGE_CURVE('',#2918,#2916,#1418,.T.);
#3611=EDGE_CURVE('',#2882,#2919,#1419,.T.);
#3612=EDGE_CURVE('',#2919,#2920,#1420,.T.);
#3613=EDGE_CURVE('',#2704,#2920,#1421,.T.);
#3614=EDGE_CURVE('',#2703,#2865,#1422,.T.);
#3615=EDGE_CURVE('',#2884,#2921,#1423,.T.);
#3616=EDGE_CURVE('',#2921,#2919,#1424,.T.);
#3617=EDGE_CURVE('',#2886,#2922,#1425,.T.);
#3618=EDGE_CURVE('',#2922,#2923,#1426,.T.);
#3619=EDGE_CURVE('',#2708,#2923,#1427,.T.);
#3620=EDGE_CURVE('',#2707,#2861,#1428,.T.);
#3621=EDGE_CURVE('',#2888,#2924,#1429,.T.);
#3622=EDGE_CURVE('',#2924,#2922,#1430,.T.);
#3623=EDGE_CURVE('',#2890,#2925,#1431,.T.);
#3624=EDGE_CURVE('',#2925,#2926,#1432,.T.);
#3625=EDGE_CURVE('',#2712,#2926,#1433,.T.);
#3626=EDGE_CURVE('',#2711,#2857,#1434,.T.);
#3627=EDGE_CURVE('',#2892,#2927,#1435,.T.);
#3628=EDGE_CURVE('',#2927,#2925,#1436,.T.);
#3629=EDGE_CURVE('',#2894,#2928,#1437,.T.);
#3630=EDGE_CURVE('',#2928,#2929,#1438,.T.);
#3631=EDGE_CURVE('',#2716,#2929,#1439,.T.);
#3632=EDGE_CURVE('',#2715,#2853,#1440,.T.);
#3633=EDGE_CURVE('',#2896,#2930,#1441,.T.);
#3634=EDGE_CURVE('',#2930,#2928,#1442,.T.);
#3635=EDGE_CURVE('',#2898,#2931,#1443,.T.);
#3636=EDGE_CURVE('',#2931,#2932,#1444,.T.);
#3637=EDGE_CURVE('',#2720,#2932,#1445,.T.);
#3638=EDGE_CURVE('',#2719,#2849,#1446,.T.);
#3639=EDGE_CURVE('',#2900,#2933,#1447,.T.);
#3640=EDGE_CURVE('',#2933,#2931,#1448,.T.);
#3641=EDGE_CURVE('',#2902,#2934,#1449,.T.);
#3642=EDGE_CURVE('',#2934,#2935,#1450,.T.);
#3643=EDGE_CURVE('',#2724,#2935,#1451,.T.);
#3644=EDGE_CURVE('',#2723,#2845,#1452,.T.);
#3645=EDGE_CURVE('',#2904,#2936,#1453,.T.);
#3646=EDGE_CURVE('',#2936,#2934,#1454,.T.);
#3647=EDGE_CURVE('',#2906,#2937,#1455,.T.);
#3648=EDGE_CURVE('',#2937,#2938,#1456,.T.);
#3649=EDGE_CURVE('',#2728,#2938,#1457,.T.);
#3650=EDGE_CURVE('',#2727,#2841,#1458,.T.);
#3651=EDGE_CURVE('',#2908,#2939,#1459,.T.);
#3652=EDGE_CURVE('',#2939,#2937,#1460,.T.);
#3653=EDGE_CURVE('',#2732,#2940,#1461,.T.);
#3654=EDGE_CURVE('',#2693,#2940,#1462,.T.);
#3655=EDGE_CURVE('',#2694,#2875,#1463,.T.);
#3656=EDGE_CURVE('',#2940,#2915,#1464,.T.);
#3657=EDGE_CURVE('',#2914,#2941,#1465,.T.);
#3658=EDGE_CURVE('',#2697,#2941,#1466,.T.);
#3659=EDGE_CURVE('',#2698,#2871,#1467,.T.);
#3660=EDGE_CURVE('',#2941,#2918,#1468,.T.);
#3661=EDGE_CURVE('',#2917,#2942,#1469,.T.);
#3662=EDGE_CURVE('',#2701,#2942,#1470,.T.);
#3663=EDGE_CURVE('',#2702,#2867,#1471,.T.);
#3664=EDGE_CURVE('',#2942,#2921,#1472,.T.);
#3665=EDGE_CURVE('',#2920,#2943,#1473,.T.);
#3666=EDGE_CURVE('',#2705,#2943,#1474,.T.);
#3667=EDGE_CURVE('',#2706,#2863,#1475,.T.);
#3668=EDGE_CURVE('',#2943,#2924,#1476,.T.);
#3669=EDGE_CURVE('',#2923,#2944,#1477,.T.);
#3670=EDGE_CURVE('',#2709,#2944,#1478,.T.);
#3671=EDGE_CURVE('',#2710,#2859,#1479,.T.);
#3672=EDGE_CURVE('',#2944,#2927,#1480,.T.);
#3673=EDGE_CURVE('',#2926,#2945,#1481,.T.);
#3674=EDGE_CURVE('',#2713,#2945,#1482,.T.);
#3675=EDGE_CURVE('',#2714,#2855,#1483,.T.);
#3676=EDGE_CURVE('',#2945,#2930,#1484,.T.);
#3677=EDGE_CURVE('',#2929,#2946,#1485,.T.);
#3678=EDGE_CURVE('',#2717,#2946,#1486,.T.);
#3679=EDGE_CURVE('',#2718,#2851,#1487,.T.);
#3680=EDGE_CURVE('',#2946,#2933,#1488,.T.);
#3681=EDGE_CURVE('',#2932,#2947,#1489,.T.);
#3682=EDGE_CURVE('',#2721,#2947,#1490,.T.);
#3683=EDGE_CURVE('',#2722,#2847,#1491,.T.);
#3684=EDGE_CURVE('',#2947,#2936,#1492,.T.);
#3685=EDGE_CURVE('',#2935,#2948,#1493,.T.);
#3686=EDGE_CURVE('',#2725,#2948,#1494,.T.);
#3687=EDGE_CURVE('',#2726,#2843,#1495,.T.);
#3688=EDGE_CURVE('',#2948,#2939,#1496,.T.);
#3689=EDGE_CURVE('',#2938,#2949,#1497,.T.);
#3690=EDGE_CURVE('',#2729,#2949,#1498,.T.);
#3691=EDGE_CURVE('',#2949,#2950,#1499,.T.);
#3692=EDGE_CURVE('',#2730,#2950,#1500,.T.);
#3693=EDGE_CURVE('',#2690,#2951,#1501,.T.);
#3694=EDGE_CURVE('',#2950,#2951,#1502,.T.);
#3695=EDGE_CURVE('',#2951,#2952,#1503,.T.);
#3696=EDGE_CURVE('',#2952,#2731,#1504,.T.);
#3697=EDGE_CURVE('',#2952,#2953,#1505,.T.);
#3698=EDGE_CURVE('',#2953,#2954,#1506,.T.);
#3699=EDGE_CURVE('',#2954,#2955,#1507,.T.);
#3700=EDGE_CURVE('',#2956,#2955,#1508,.T.);
#3701=EDGE_CURVE('',#2956,#2689,#1509,.T.);
#3702=EDGE_CURVE('',#2957,#2956,#1510,.T.);
#3703=EDGE_CURVE('',#2958,#2957,#1511,.T.);
#3704=EDGE_CURVE('',#2953,#2958,#1512,.T.);
#3705=EDGE_CURVE('',#2959,#2957,#1513,.T.);
#3706=EDGE_CURVE('',#2959,#2960,#1514,.T.);
#3707=EDGE_CURVE('',#2960,#2958,#1515,.T.);
#3708=EDGE_CURVE('',#2955,#2959,#1516,.T.);
#3709=EDGE_CURVE('',#2954,#2960,#1517,.T.);
#3710=EDGE_CURVE('',#2961,#2962,#1518,.T.);
#3711=EDGE_CURVE('',#2963,#2962,#1519,.T.);
#3712=EDGE_CURVE('',#2964,#2963,#1520,.T.);
#3713=EDGE_CURVE('',#2964,#2961,#1521,.T.);
#3714=EDGE_CURVE('',#2965,#2966,#1522,.T.);
#3715=EDGE_CURVE('',#2966,#2967,#1523,.T.);
#3716=EDGE_CURVE('',#2967,#2968,#1524,.T.);
#3717=EDGE_CURVE('',#2968,#2965,#1525,.T.);
#3718=EDGE_CURVE('',#2600,#2598,#2515,.T.);
#3719=EDGE_CURVE('',#2596,#2602,#2516,.T.);
#3720=EDGE_CURVE('',#2597,#2599,#2517,.T.);
#3721=EDGE_CURVE('',#2601,#2595,#2518,.T.);
#3722=EDGE_CURVE('',#2592,#2590,#2519,.T.);
#3723=EDGE_CURVE('',#2588,#2594,#2520,.T.);
#3724=EDGE_CURVE('',#2589,#2591,#2521,.T.);
#3725=EDGE_CURVE('',#2593,#2587,#2522,.T.);
#3726=EDGE_CURVE('',#2584,#2582,#2523,.T.);
#3727=EDGE_CURVE('',#2580,#2586,#2524,.T.);
#3728=EDGE_CURVE('',#2581,#2583,#2525,.T.);
#3729=EDGE_CURVE('',#2585,#2579,#2526,.T.);
#3730=EDGE_CURVE('',#2576,#2574,#2527,.T.);
#3731=EDGE_CURVE('',#2572,#2578,#2528,.T.);
#3732=EDGE_CURVE('',#2573,#2575,#2529,.T.);
#3733=EDGE_CURVE('',#2577,#2571,#2530,.T.);
#3734=EDGE_CURVE('',#2969,#2970,#1526,.T.);
#3735=EDGE_CURVE('',#2971,#2969,#1527,.T.);
#3736=EDGE_CURVE('',#2972,#2971,#1528,.T.);
#3737=EDGE_CURVE('',#2972,#2970,#1529,.T.);
#3738=EDGE_CURVE('',#2973,#2974,#1530,.T.);
#3739=EDGE_CURVE('',#2975,#2973,#1531,.T.);
#3740=EDGE_CURVE('',#2976,#2975,#1532,.T.);
#3741=EDGE_CURVE('',#2976,#2974,#1533,.T.);
#3742=EDGE_CURVE('',#2970,#2977,#1534,.T.);
#3743=EDGE_CURVE('',#2978,#2972,#1535,.T.);
#3744=EDGE_CURVE('',#2978,#2977,#1536,.T.);
#3745=EDGE_CURVE('',#2974,#2979,#1537,.T.);
#3746=EDGE_CURVE('',#2980,#2976,#1538,.T.);
#3747=EDGE_CURVE('',#2980,#2979,#1539,.T.);
#3748=EDGE_CURVE('',#2981,#2969,#1540,.T.);
#3749=EDGE_CURVE('',#2982,#2981,#1541,.T.);
#3750=EDGE_CURVE('',#2971,#2982,#1542,.T.);
#3751=EDGE_CURVE('',#2977,#2981,#1543,.T.);
#3752=EDGE_CURVE('',#2982,#2978,#1544,.T.);
#3753=EDGE_CURVE('',#2979,#2983,#1545,.T.);
#3754=EDGE_CURVE('',#2984,#2980,#1546,.T.);
#3755=EDGE_CURVE('',#2984,#2983,#1547,.T.);
#3756=EDGE_CURVE('',#2983,#2973,#1548,.T.);
#3757=EDGE_CURVE('',#2975,#2984,#1549,.T.);
#3758=EDGE_CURVE('',#2985,#2986,#1550,.T.);
#3759=EDGE_CURVE('',#2987,#2985,#1551,.T.);
#3760=EDGE_CURVE('',#2988,#2987,#1552,.T.);
#3761=EDGE_CURVE('',#2988,#2986,#1553,.T.);
#3762=EDGE_CURVE('',#2989,#2990,#1554,.T.);
#3763=EDGE_CURVE('',#2991,#2989,#1555,.T.);
#3764=EDGE_CURVE('',#2992,#2991,#1556,.T.);
#3765=EDGE_CURVE('',#2992,#2990,#1557,.T.);
#3766=EDGE_CURVE('',#2986,#2993,#1558,.T.);
#3767=EDGE_CURVE('',#2994,#2988,#1559,.T.);
#3768=EDGE_CURVE('',#2994,#2993,#1560,.T.);
#3769=EDGE_CURVE('',#2990,#2995,#1561,.T.);
#3770=EDGE_CURVE('',#2996,#2992,#1562,.T.);
#3771=EDGE_CURVE('',#2996,#2995,#1563,.T.);
#3772=EDGE_CURVE('',#2997,#2985,#1564,.T.);
#3773=EDGE_CURVE('',#2998,#2997,#1565,.T.);
#3774=EDGE_CURVE('',#2987,#2998,#1566,.T.);
#3775=EDGE_CURVE('',#2993,#2997,#1567,.T.);
#3776=EDGE_CURVE('',#2998,#2994,#1568,.T.);
#3777=EDGE_CURVE('',#2995,#2999,#1569,.T.);
#3778=EDGE_CURVE('',#3000,#2996,#1570,.T.);
#3779=EDGE_CURVE('',#3000,#2999,#1571,.T.);
#3780=EDGE_CURVE('',#2999,#2989,#1572,.T.);
#3781=EDGE_CURVE('',#2991,#3000,#1573,.T.);
#3782=EDGE_CURVE('',#3001,#3002,#1574,.T.);
#3783=EDGE_CURVE('',#3003,#3001,#1575,.T.);
#3784=EDGE_CURVE('',#3004,#3003,#1576,.T.);
#3785=EDGE_CURVE('',#3004,#3002,#1577,.T.);
#3786=EDGE_CURVE('',#3005,#3006,#1578,.T.);
#3787=EDGE_CURVE('',#3007,#3005,#1579,.T.);
#3788=EDGE_CURVE('',#3008,#3007,#1580,.T.);
#3789=EDGE_CURVE('',#3008,#3006,#1581,.T.);
#3790=EDGE_CURVE('',#3002,#3009,#1582,.T.);
#3791=EDGE_CURVE('',#3010,#3004,#1583,.T.);
#3792=EDGE_CURVE('',#3010,#3009,#1584,.T.);
#3793=EDGE_CURVE('',#3006,#3011,#1585,.T.);
#3794=EDGE_CURVE('',#3012,#3008,#1586,.T.);
#3795=EDGE_CURVE('',#3012,#3011,#1587,.T.);
#3796=EDGE_CURVE('',#3013,#3001,#1588,.T.);
#3797=EDGE_CURVE('',#3014,#3013,#1589,.T.);
#3798=EDGE_CURVE('',#3003,#3014,#1590,.T.);
#3799=EDGE_CURVE('',#3009,#3013,#1591,.T.);
#3800=EDGE_CURVE('',#3014,#3010,#1592,.T.);
#3801=EDGE_CURVE('',#3011,#3015,#1593,.T.);
#3802=EDGE_CURVE('',#3016,#3012,#1594,.T.);
#3803=EDGE_CURVE('',#3016,#3015,#1595,.T.);
#3804=EDGE_CURVE('',#3015,#3005,#1596,.T.);
#3805=EDGE_CURVE('',#3007,#3016,#1597,.T.);
#3806=EDGE_CURVE('',#3017,#3018,#1598,.T.);
#3807=EDGE_CURVE('',#3019,#3017,#1599,.T.);
#3808=EDGE_CURVE('',#3020,#3019,#1600,.T.);
#3809=EDGE_CURVE('',#3020,#3018,#1601,.T.);
#3810=EDGE_CURVE('',#3021,#3022,#1602,.T.);
#3811=EDGE_CURVE('',#3023,#3021,#1603,.T.);
#3812=EDGE_CURVE('',#3024,#3023,#1604,.T.);
#3813=EDGE_CURVE('',#3024,#3022,#1605,.T.);
#3814=EDGE_CURVE('',#3018,#3025,#1606,.T.);
#3815=EDGE_CURVE('',#3026,#3020,#1607,.T.);
#3816=EDGE_CURVE('',#3026,#3025,#1608,.T.);
#3817=EDGE_CURVE('',#3022,#3027,#1609,.T.);
#3818=EDGE_CURVE('',#3028,#3024,#1610,.T.);
#3819=EDGE_CURVE('',#3028,#3027,#1611,.T.);
#3820=EDGE_CURVE('',#3029,#3017,#1612,.T.);
#3821=EDGE_CURVE('',#3030,#3029,#1613,.T.);
#3822=EDGE_CURVE('',#3019,#3030,#1614,.T.);
#3823=EDGE_CURVE('',#3025,#3029,#1615,.T.);
#3824=EDGE_CURVE('',#3030,#3026,#1616,.T.);
#3825=EDGE_CURVE('',#3027,#3031,#1617,.T.);
#3826=EDGE_CURVE('',#3032,#3028,#1618,.T.);
#3827=EDGE_CURVE('',#3032,#3031,#1619,.T.);
#3828=EDGE_CURVE('',#3031,#3021,#1620,.T.);
#3829=EDGE_CURVE('',#3023,#3032,#1621,.T.);
#3830=EDGE_CURVE('',#3033,#3034,#1622,.T.);
#3831=EDGE_CURVE('',#3033,#3035,#1623,.T.);
#3832=EDGE_CURVE('',#3036,#3035,#1624,.T.);
#3833=EDGE_CURVE('',#3034,#3036,#1625,.T.);
#3834=EDGE_CURVE('',#3034,#3037,#2531,.T.);
#3835=EDGE_CURVE('',#3038,#3036,#2532,.T.);
#3836=EDGE_CURVE('',#3037,#3038,#1626,.T.);
#3837=EDGE_CURVE('',#3037,#3039,#1627,.T.);
#3838=EDGE_CURVE('',#3040,#3038,#1628,.T.);
#3839=EDGE_CURVE('',#3039,#3040,#1629,.T.);
#3840=EDGE_CURVE('',#3039,#3041,#2533,.T.);
#3841=EDGE_CURVE('',#3042,#3040,#2534,.T.);
#3842=EDGE_CURVE('',#3041,#3042,#1630,.T.);
#3843=EDGE_CURVE('',#3043,#3033,#1631,.T.);
#3844=EDGE_CURVE('',#3043,#3044,#1632,.T.);
#3845=EDGE_CURVE('',#3035,#3044,#1633,.T.);
#3846=EDGE_CURVE('',#3041,#3043,#1634,.T.);
#3847=EDGE_CURVE('',#3044,#3042,#1635,.T.);
#3848=EDGE_CURVE('',#3045,#3046,#1636,.T.);
#3849=EDGE_CURVE('',#3045,#3047,#1637,.T.);
#3850=EDGE_CURVE('',#3048,#3047,#1638,.T.);
#3851=EDGE_CURVE('',#3046,#3048,#1639,.T.);
#3852=EDGE_CURVE('',#3046,#3049,#2535,.T.);
#3853=EDGE_CURVE('',#3050,#3048,#2536,.T.);
#3854=EDGE_CURVE('',#3049,#3050,#1640,.T.);
#3855=EDGE_CURVE('',#3049,#3051,#1641,.T.);
#3856=EDGE_CURVE('',#3052,#3050,#1642,.T.);
#3857=EDGE_CURVE('',#3051,#3052,#1643,.T.);
#3858=EDGE_CURVE('',#3051,#3053,#2537,.T.);
#3859=EDGE_CURVE('',#3054,#3052,#2538,.T.);
#3860=EDGE_CURVE('',#3053,#3054,#1644,.T.);
#3861=EDGE_CURVE('',#3055,#3045,#1645,.T.);
#3862=EDGE_CURVE('',#3055,#3056,#1646,.T.);
#3863=EDGE_CURVE('',#3047,#3056,#1647,.T.);
#3864=EDGE_CURVE('',#3053,#3055,#1648,.T.);
#3865=EDGE_CURVE('',#3056,#3054,#1649,.T.);
#3866=EDGE_CURVE('',#2966,#3057,#1650,.T.);
#3867=EDGE_CURVE('',#3057,#3058,#1651,.T.);
#3868=EDGE_CURVE('',#3058,#2967,#1652,.T.);
#3869=EDGE_CURVE('',#3059,#2965,#1653,.T.);
#3870=EDGE_CURVE('',#3059,#3060,#1654,.T.);
#3871=EDGE_CURVE('',#3060,#3061,#1655,.T.);
#3872=EDGE_CURVE('',#3061,#3062,#1656,.T.);
#3873=EDGE_CURVE('',#3062,#3063,#1657,.T.);
#3874=EDGE_CURVE('',#3063,#3057,#1658,.T.);
#3875=EDGE_CURVE('',#3064,#3065,#1659,.T.);
#3876=EDGE_CURVE('',#3066,#3064,#1660,.T.);
#3877=EDGE_CURVE('',#3067,#3066,#1661,.T.);
#3878=EDGE_CURVE('',#3065,#3067,#1662,.T.);
#3879=EDGE_CURVE('',#3063,#3064,#1663,.T.);
#3880=EDGE_CURVE('',#3062,#3068,#1664,.T.);
#3881=EDGE_CURVE('',#3068,#3069,#1665,.T.);
#3882=EDGE_CURVE('',#3069,#3066,#1666,.T.);
#3883=EDGE_CURVE('',#3065,#3060,#1667,.T.);
#3884=EDGE_CURVE('',#3067,#3070,#1668,.T.);
#3885=EDGE_CURVE('',#3070,#3071,#1669,.T.);
#3886=EDGE_CURVE('',#3071,#3061,#1670,.T.);
#3887=EDGE_CURVE('',#3071,#3068,#1671,.T.);
#3888=EDGE_CURVE('',#3070,#3069,#1672,.T.);
#3889=EDGE_CURVE('',#2968,#3072,#1673,.T.);
#3890=EDGE_CURVE('',#3072,#3059,#1674,.T.);
#3891=EDGE_CURVE('',#3072,#3058,#1675,.T.);
#3892=EDGE_CURVE('',#3073,#3074,#1676,.T.);
#3893=EDGE_CURVE('',#3075,#3073,#1677,.T.);
#3894=EDGE_CURVE('',#3075,#3076,#1678,.T.);
#3895=EDGE_CURVE('',#3076,#3074,#1679,.T.);
#3896=EDGE_CURVE('',#3074,#3077,#1680,.T.);
#3897=EDGE_CURVE('',#3078,#3076,#1681,.T.);
#3898=EDGE_CURVE('',#3078,#3077,#1682,.T.);
#3899=EDGE_CURVE('',#3077,#3079,#1683,.T.);
#3900=EDGE_CURVE('',#3078,#3080,#1684,.T.);
#3901=EDGE_CURVE('',#3080,#3079,#1685,.T.);
#3902=EDGE_CURVE('',#3079,#3081,#2539,.T.);
#3903=EDGE_CURVE('',#3082,#3080,#2540,.T.);
#3904=EDGE_CURVE('',#3082,#3081,#1686,.T.);
#3905=EDGE_CURVE('',#3081,#3083,#1687,.T.);
#3906=EDGE_CURVE('',#3084,#3082,#1688,.T.);
#3907=EDGE_CURVE('',#3084,#3083,#1689,.T.);
#3908=EDGE_CURVE('',#3083,#3073,#2541,.T.);
#3909=EDGE_CURVE('',#3075,#3084,#2542,.T.);
#3910=EDGE_CURVE('',#3085,#3086,#2543,.T.);
#3911=EDGE_CURVE('',#3087,#3086,#1690,.T.);
#3912=EDGE_CURVE('',#3087,#3088,#2544,.T.);
#3913=EDGE_CURVE('',#3088,#3085,#1691,.T.);
#3914=EDGE_CURVE('',#3086,#3089,#1692,.T.);
#3915=EDGE_CURVE('',#3090,#3089,#1693,.T.);
#3916=EDGE_CURVE('',#3090,#3087,#1694,.T.);
#3917=EDGE_CURVE('',#3089,#3091,#1695,.T.);
#3918=EDGE_CURVE('',#3092,#3091,#1696,.T.);
#3919=EDGE_CURVE('',#3092,#3090,#1697,.T.);
#3920=EDGE_CURVE('',#3091,#2961,#1698,.T.);
#3921=EDGE_CURVE('',#3092,#2964,#1699,.T.);
#3922=EDGE_CURVE('',#2962,#3093,#1700,.T.);
#3923=EDGE_CURVE('',#3094,#3093,#1701,.T.);
#3924=EDGE_CURVE('',#3094,#2963,#1702,.T.);
#3925=EDGE_CURVE('',#3093,#3095,#1703,.T.);
#3926=EDGE_CURVE('',#3096,#3095,#1704,.T.);
#3927=EDGE_CURVE('',#3096,#3094,#1705,.T.);
#3928=EDGE_CURVE('',#3095,#3097,#1706,.T.);
#3929=EDGE_CURVE('',#3098,#3097,#1707,.T.);
#3930=EDGE_CURVE('',#3096,#3098,#1708,.T.);
#3931=EDGE_CURVE('',#3097,#3099,#2545,.T.);
#3932=EDGE_CURVE('',#3100,#3099,#1709,.T.);
#3933=EDGE_CURVE('',#3100,#3098,#2546,.T.);
#3934=EDGE_CURVE('',#3099,#3085,#1710,.T.);
#3935=EDGE_CURVE('',#3088,#3100,#1711,.T.);
#3936=ORIENTED_EDGE('',*,*,#3101,.F.);
#3937=ORIENTED_EDGE('',*,*,#3102,.T.);
#3938=ORIENTED_EDGE('',*,*,#3103,.F.);
#3939=ORIENTED_EDGE('',*,*,#3102,.F.);
#3940=ORIENTED_EDGE('',*,*,#3101,.T.);
#3941=ORIENTED_EDGE('',*,*,#3104,.T.);
#3942=ORIENTED_EDGE('',*,*,#3105,.F.);
#3943=ORIENTED_EDGE('',*,*,#3104,.F.);
#3944=ORIENTED_EDGE('',*,*,#3106,.F.);
#3945=ORIENTED_EDGE('',*,*,#3107,.T.);
#3946=ORIENTED_EDGE('',*,*,#3108,.F.);
#3947=ORIENTED_EDGE('',*,*,#3107,.F.);
#3948=ORIENTED_EDGE('',*,*,#3106,.T.);
#3949=ORIENTED_EDGE('',*,*,#3109,.T.);
#3950=ORIENTED_EDGE('',*,*,#3110,.F.);
#3951=ORIENTED_EDGE('',*,*,#3109,.F.);
#3952=ORIENTED_EDGE('',*,*,#3111,.F.);
#3953=ORIENTED_EDGE('',*,*,#3112,.T.);
#3954=ORIENTED_EDGE('',*,*,#3113,.F.);
#3955=ORIENTED_EDGE('',*,*,#3112,.F.);
#3956=ORIENTED_EDGE('',*,*,#3111,.T.);
#3957=ORIENTED_EDGE('',*,*,#3114,.T.);
#3958=ORIENTED_EDGE('',*,*,#3115,.F.);
#3959=ORIENTED_EDGE('',*,*,#3114,.F.);
#3960=ORIENTED_EDGE('',*,*,#3116,.F.);
#3961=ORIENTED_EDGE('',*,*,#3117,.T.);
#3962=ORIENTED_EDGE('',*,*,#3118,.F.);
#3963=ORIENTED_EDGE('',*,*,#3117,.F.);
#3964=ORIENTED_EDGE('',*,*,#3116,.T.);
#3965=ORIENTED_EDGE('',*,*,#3119,.T.);
#3966=ORIENTED_EDGE('',*,*,#3120,.F.);
#3967=ORIENTED_EDGE('',*,*,#3119,.F.);
#3968=ORIENTED_EDGE('',*,*,#3121,.F.);
#3969=ORIENTED_EDGE('',*,*,#3122,.T.);
#3970=ORIENTED_EDGE('',*,*,#3123,.F.);
#3971=ORIENTED_EDGE('',*,*,#3122,.F.);
#3972=ORIENTED_EDGE('',*,*,#3121,.T.);
#3973=ORIENTED_EDGE('',*,*,#3124,.T.);
#3974=ORIENTED_EDGE('',*,*,#3125,.F.);
#3975=ORIENTED_EDGE('',*,*,#3124,.F.);
#3976=ORIENTED_EDGE('',*,*,#3126,.F.);
#3977=ORIENTED_EDGE('',*,*,#3127,.T.);
#3978=ORIENTED_EDGE('',*,*,#3128,.F.);
#3979=ORIENTED_EDGE('',*,*,#3127,.F.);
#3980=ORIENTED_EDGE('',*,*,#3126,.T.);
#3981=ORIENTED_EDGE('',*,*,#3129,.T.);
#3982=ORIENTED_EDGE('',*,*,#3130,.F.);
#3983=ORIENTED_EDGE('',*,*,#3129,.F.);
#3984=ORIENTED_EDGE('',*,*,#3131,.F.);
#3985=ORIENTED_EDGE('',*,*,#3132,.T.);
#3986=ORIENTED_EDGE('',*,*,#3133,.F.);
#3987=ORIENTED_EDGE('',*,*,#3132,.F.);
#3988=ORIENTED_EDGE('',*,*,#3134,.F.);
#3989=ORIENTED_EDGE('',*,*,#3135,.T.);
#3990=ORIENTED_EDGE('',*,*,#3131,.T.);
#3991=ORIENTED_EDGE('',*,*,#3135,.F.);
#3992=ORIENTED_EDGE('',*,*,#3136,.F.);
#3993=ORIENTED_EDGE('',*,*,#3137,.T.);
#3994=ORIENTED_EDGE('',*,*,#3138,.F.);
#3995=ORIENTED_EDGE('',*,*,#3137,.F.);
#3996=ORIENTED_EDGE('',*,*,#3139,.F.);
#3997=ORIENTED_EDGE('',*,*,#3140,.T.);
#3998=ORIENTED_EDGE('',*,*,#3136,.T.);
#3999=ORIENTED_EDGE('',*,*,#3140,.F.);
#4000=ORIENTED_EDGE('',*,*,#3141,.F.);
#4001=ORIENTED_EDGE('',*,*,#3142,.F.);
#4002=ORIENTED_EDGE('',*,*,#3143,.F.);
#4003=ORIENTED_EDGE('',*,*,#3144,.T.);
#4004=ORIENTED_EDGE('',*,*,#3145,.F.);
#4005=ORIENTED_EDGE('',*,*,#3146,.T.);
#4006=ORIENTED_EDGE('',*,*,#3147,.F.);
#4007=ORIENTED_EDGE('',*,*,#3148,.F.);
#4008=ORIENTED_EDGE('',*,*,#3149,.F.);
#4009=ORIENTED_EDGE('',*,*,#3150,.F.);
#4010=ORIENTED_EDGE('',*,*,#3151,.F.);
#4011=ORIENTED_EDGE('',*,*,#3152,.T.);
#4012=ORIENTED_EDGE('',*,*,#3153,.F.);
#4013=ORIENTED_EDGE('',*,*,#3154,.T.);
#4014=ORIENTED_EDGE('',*,*,#3155,.F.);
#4015=ORIENTED_EDGE('',*,*,#3156,.F.);
#4016=ORIENTED_EDGE('',*,*,#3157,.F.);
#4017=ORIENTED_EDGE('',*,*,#3158,.F.);
#4018=ORIENTED_EDGE('',*,*,#3159,.F.);
#4019=ORIENTED_EDGE('',*,*,#3160,.T.);
#4020=ORIENTED_EDGE('',*,*,#3161,.F.);
#4021=ORIENTED_EDGE('',*,*,#3162,.T.);
#4022=ORIENTED_EDGE('',*,*,#3163,.F.);
#4023=ORIENTED_EDGE('',*,*,#3164,.F.);
#4024=ORIENTED_EDGE('',*,*,#3165,.F.);
#4025=ORIENTED_EDGE('',*,*,#3166,.F.);
#4026=ORIENTED_EDGE('',*,*,#3167,.F.);
#4027=ORIENTED_EDGE('',*,*,#3168,.T.);
#4028=ORIENTED_EDGE('',*,*,#3169,.F.);
#4029=ORIENTED_EDGE('',*,*,#3170,.T.);
#4030=ORIENTED_EDGE('',*,*,#3171,.F.);
#4031=ORIENTED_EDGE('',*,*,#3172,.F.);
#4032=ORIENTED_EDGE('',*,*,#3173,.F.);
#4033=ORIENTED_EDGE('',*,*,#3174,.T.);
#4034=ORIENTED_EDGE('',*,*,#3175,.F.);
#4035=ORIENTED_EDGE('',*,*,#3176,.F.);
#4036=ORIENTED_EDGE('',*,*,#3177,.F.);
#4037=ORIENTED_EDGE('',*,*,#3174,.F.);
#4038=ORIENTED_EDGE('',*,*,#3178,.F.);
#4039=ORIENTED_EDGE('',*,*,#3179,.T.);
#4040=ORIENTED_EDGE('',*,*,#3180,.F.);
#4041=ORIENTED_EDGE('',*,*,#3181,.T.);
#4042=ORIENTED_EDGE('',*,*,#3182,.F.);
#4043=ORIENTED_EDGE('',*,*,#3179,.F.);
#4044=ORIENTED_EDGE('',*,*,#3183,.F.);
#4045=ORIENTED_EDGE('',*,*,#3181,.F.);
#4046=ORIENTED_EDGE('',*,*,#3184,.F.);
#4047=ORIENTED_EDGE('',*,*,#3176,.T.);
#4048=ORIENTED_EDGE('',*,*,#3185,.F.);
#4049=ORIENTED_EDGE('',*,*,#3186,.T.);
#4050=ORIENTED_EDGE('',*,*,#3187,.F.);
#4051=ORIENTED_EDGE('',*,*,#3188,.F.);
#4052=ORIENTED_EDGE('',*,*,#3189,.F.);
#4053=ORIENTED_EDGE('',*,*,#3186,.F.);
#4054=ORIENTED_EDGE('',*,*,#3190,.F.);
#4055=ORIENTED_EDGE('',*,*,#3191,.T.);
#4056=ORIENTED_EDGE('',*,*,#3192,.F.);
#4057=ORIENTED_EDGE('',*,*,#3193,.T.);
#4058=ORIENTED_EDGE('',*,*,#3194,.F.);
#4059=ORIENTED_EDGE('',*,*,#3191,.F.);
#4060=ORIENTED_EDGE('',*,*,#3195,.F.);
#4061=ORIENTED_EDGE('',*,*,#3193,.F.);
#4062=ORIENTED_EDGE('',*,*,#3196,.F.);
#4063=ORIENTED_EDGE('',*,*,#3188,.T.);
#4064=ORIENTED_EDGE('',*,*,#3197,.F.);
#4065=ORIENTED_EDGE('',*,*,#3198,.T.);
#4066=ORIENTED_EDGE('',*,*,#3199,.F.);
#4067=ORIENTED_EDGE('',*,*,#3200,.F.);
#4068=ORIENTED_EDGE('',*,*,#3201,.F.);
#4069=ORIENTED_EDGE('',*,*,#3198,.F.);
#4070=ORIENTED_EDGE('',*,*,#3202,.F.);
#4071=ORIENTED_EDGE('',*,*,#3203,.T.);
#4072=ORIENTED_EDGE('',*,*,#3204,.F.);
#4073=ORIENTED_EDGE('',*,*,#3205,.T.);
#4074=ORIENTED_EDGE('',*,*,#3206,.F.);
#4075=ORIENTED_EDGE('',*,*,#3203,.F.);
#4076=ORIENTED_EDGE('',*,*,#3207,.F.);
#4077=ORIENTED_EDGE('',*,*,#3205,.F.);
#4078=ORIENTED_EDGE('',*,*,#3208,.F.);
#4079=ORIENTED_EDGE('',*,*,#3200,.T.);
#4080=ORIENTED_EDGE('',*,*,#3209,.F.);
#4081=ORIENTED_EDGE('',*,*,#3210,.T.);
#4082=ORIENTED_EDGE('',*,*,#3211,.F.);
#4083=ORIENTED_EDGE('',*,*,#3212,.F.);
#4084=ORIENTED_EDGE('',*,*,#3213,.F.);
#4085=ORIENTED_EDGE('',*,*,#3210,.F.);
#4086=ORIENTED_EDGE('',*,*,#3214,.F.);
#4087=ORIENTED_EDGE('',*,*,#3215,.T.);
#4088=ORIENTED_EDGE('',*,*,#3216,.F.);
#4089=ORIENTED_EDGE('',*,*,#3217,.T.);
#4090=ORIENTED_EDGE('',*,*,#3218,.F.);
#4091=ORIENTED_EDGE('',*,*,#3215,.F.);
#4092=ORIENTED_EDGE('',*,*,#3219,.F.);
#4093=ORIENTED_EDGE('',*,*,#3217,.F.);
#4094=ORIENTED_EDGE('',*,*,#3220,.F.);
#4095=ORIENTED_EDGE('',*,*,#3212,.T.);
#4096=ORIENTED_EDGE('',*,*,#3221,.F.);
#4097=ORIENTED_EDGE('',*,*,#3222,.T.);
#4098=ORIENTED_EDGE('',*,*,#3223,.F.);
#4099=ORIENTED_EDGE('',*,*,#3222,.F.);
#4100=ORIENTED_EDGE('',*,*,#3224,.F.);
#4101=ORIENTED_EDGE('',*,*,#3225,.T.);
#4102=ORIENTED_EDGE('',*,*,#3226,.F.);
#4103=ORIENTED_EDGE('',*,*,#3225,.F.);
#4104=ORIENTED_EDGE('',*,*,#3227,.F.);
#4105=ORIENTED_EDGE('',*,*,#3228,.T.);
#4106=ORIENTED_EDGE('',*,*,#3229,.F.);
#4107=ORIENTED_EDGE('',*,*,#3228,.F.);
#4108=ORIENTED_EDGE('',*,*,#3230,.F.);
#4109=ORIENTED_EDGE('',*,*,#3231,.T.);
#4110=ORIENTED_EDGE('',*,*,#3232,.F.);
#4111=ORIENTED_EDGE('',*,*,#3231,.F.);
#4112=ORIENTED_EDGE('',*,*,#3233,.F.);
#4113=ORIENTED_EDGE('',*,*,#3234,.T.);
#4114=ORIENTED_EDGE('',*,*,#3235,.F.);
#4115=ORIENTED_EDGE('',*,*,#3234,.F.);
#4116=ORIENTED_EDGE('',*,*,#3236,.F.);
#4117=ORIENTED_EDGE('',*,*,#3237,.T.);
#4118=ORIENTED_EDGE('',*,*,#3238,.F.);
#4119=ORIENTED_EDGE('',*,*,#3237,.F.);
#4120=ORIENTED_EDGE('',*,*,#3239,.F.);
#4121=ORIENTED_EDGE('',*,*,#3240,.T.);
#4122=ORIENTED_EDGE('',*,*,#3241,.F.);
#4123=ORIENTED_EDGE('',*,*,#3240,.F.);
#4124=ORIENTED_EDGE('',*,*,#3242,.F.);
#4125=ORIENTED_EDGE('',*,*,#3243,.T.);
#4126=ORIENTED_EDGE('',*,*,#3244,.F.);
#4127=ORIENTED_EDGE('',*,*,#3243,.F.);
#4128=ORIENTED_EDGE('',*,*,#3245,.F.);
#4129=ORIENTED_EDGE('',*,*,#3246,.T.);
#4130=ORIENTED_EDGE('',*,*,#3247,.F.);
#4131=ORIENTED_EDGE('',*,*,#3246,.F.);
#4132=ORIENTED_EDGE('',*,*,#3248,.F.);
#4133=ORIENTED_EDGE('',*,*,#3249,.F.);
#4134=ORIENTED_EDGE('',*,*,#3250,.T.);
#4135=ORIENTED_EDGE('',*,*,#3251,.T.);
#4136=ORIENTED_EDGE('',*,*,#3250,.F.);
#4137=ORIENTED_EDGE('',*,*,#3252,.F.);
#4138=ORIENTED_EDGE('',*,*,#3253,.T.);
#4139=ORIENTED_EDGE('',*,*,#3248,.T.);
#4140=ORIENTED_EDGE('',*,*,#3249,.T.);
#4141=ORIENTED_EDGE('',*,*,#3253,.F.);
#4142=ORIENTED_EDGE('',*,*,#3254,.F.);
#4143=ORIENTED_EDGE('',*,*,#3255,.F.);
#4144=ORIENTED_EDGE('',*,*,#3256,.T.);
#4145=ORIENTED_EDGE('',*,*,#3257,.T.);
#4146=ORIENTED_EDGE('',*,*,#3256,.F.);
#4147=ORIENTED_EDGE('',*,*,#3258,.F.);
#4148=ORIENTED_EDGE('',*,*,#3259,.T.);
#4149=ORIENTED_EDGE('',*,*,#3254,.T.);
#4150=ORIENTED_EDGE('',*,*,#3255,.T.);
#4151=ORIENTED_EDGE('',*,*,#3259,.F.);
#4152=ORIENTED_EDGE('',*,*,#3260,.F.);
#4153=ORIENTED_EDGE('',*,*,#3261,.F.);
#4154=ORIENTED_EDGE('',*,*,#3262,.T.);
#4155=ORIENTED_EDGE('',*,*,#3263,.T.);
#4156=ORIENTED_EDGE('',*,*,#3262,.F.);
#4157=ORIENTED_EDGE('',*,*,#3264,.F.);
#4158=ORIENTED_EDGE('',*,*,#3265,.T.);
#4159=ORIENTED_EDGE('',*,*,#3260,.T.);
#4160=ORIENTED_EDGE('',*,*,#3261,.T.);
#4161=ORIENTED_EDGE('',*,*,#3265,.F.);
#4162=ORIENTED_EDGE('',*,*,#3266,.F.);
#4163=ORIENTED_EDGE('',*,*,#3267,.F.);
#4164=ORIENTED_EDGE('',*,*,#3268,.T.);
#4165=ORIENTED_EDGE('',*,*,#3269,.T.);
#4166=ORIENTED_EDGE('',*,*,#3268,.F.);
#4167=ORIENTED_EDGE('',*,*,#3270,.F.);
#4168=ORIENTED_EDGE('',*,*,#3271,.T.);
#4169=ORIENTED_EDGE('',*,*,#3266,.T.);
#4170=ORIENTED_EDGE('',*,*,#3267,.T.);
#4171=ORIENTED_EDGE('',*,*,#3271,.F.);
#4172=ORIENTED_EDGE('',*,*,#3272,.F.);
#4173=ORIENTED_EDGE('',*,*,#3273,.F.);
#4174=ORIENTED_EDGE('',*,*,#3274,.T.);
#4175=ORIENTED_EDGE('',*,*,#3275,.T.);
#4176=ORIENTED_EDGE('',*,*,#3274,.F.);
#4177=ORIENTED_EDGE('',*,*,#3276,.F.);
#4178=ORIENTED_EDGE('',*,*,#3277,.T.);
#4179=ORIENTED_EDGE('',*,*,#3272,.T.);
#4180=ORIENTED_EDGE('',*,*,#3273,.T.);
#4181=ORIENTED_EDGE('',*,*,#3277,.F.);
#4182=ORIENTED_EDGE('',*,*,#3278,.F.);
#4183=ORIENTED_EDGE('',*,*,#3279,.F.);
#4184=ORIENTED_EDGE('',*,*,#3280,.T.);
#4185=ORIENTED_EDGE('',*,*,#3281,.T.);
#4186=ORIENTED_EDGE('',*,*,#3280,.F.);
#4187=ORIENTED_EDGE('',*,*,#3282,.F.);
#4188=ORIENTED_EDGE('',*,*,#3283,.T.);
#4189=ORIENTED_EDGE('',*,*,#3278,.T.);
#4190=ORIENTED_EDGE('',*,*,#3279,.T.);
#4191=ORIENTED_EDGE('',*,*,#3283,.F.);
#4192=ORIENTED_EDGE('',*,*,#3284,.F.);
#4193=ORIENTED_EDGE('',*,*,#3285,.F.);
#4194=ORIENTED_EDGE('',*,*,#3286,.T.);
#4195=ORIENTED_EDGE('',*,*,#3287,.T.);
#4196=ORIENTED_EDGE('',*,*,#3286,.F.);
#4197=ORIENTED_EDGE('',*,*,#3288,.F.);
#4198=ORIENTED_EDGE('',*,*,#3289,.T.);
#4199=ORIENTED_EDGE('',*,*,#3284,.T.);
#4200=ORIENTED_EDGE('',*,*,#3285,.T.);
#4201=ORIENTED_EDGE('',*,*,#3289,.F.);
#4202=ORIENTED_EDGE('',*,*,#3290,.F.);
#4203=ORIENTED_EDGE('',*,*,#3291,.F.);
#4204=ORIENTED_EDGE('',*,*,#3292,.T.);
#4205=ORIENTED_EDGE('',*,*,#3293,.T.);
#4206=ORIENTED_EDGE('',*,*,#3292,.F.);
#4207=ORIENTED_EDGE('',*,*,#3294,.F.);
#4208=ORIENTED_EDGE('',*,*,#3295,.T.);
#4209=ORIENTED_EDGE('',*,*,#3290,.T.);
#4210=ORIENTED_EDGE('',*,*,#3291,.T.);
#4211=ORIENTED_EDGE('',*,*,#3295,.F.);
#4212=ORIENTED_EDGE('',*,*,#3296,.F.);
#4213=ORIENTED_EDGE('',*,*,#3297,.F.);
#4214=ORIENTED_EDGE('',*,*,#3298,.T.);
#4215=ORIENTED_EDGE('',*,*,#3299,.T.);
#4216=ORIENTED_EDGE('',*,*,#3298,.F.);
#4217=ORIENTED_EDGE('',*,*,#3300,.F.);
#4218=ORIENTED_EDGE('',*,*,#3301,.T.);
#4219=ORIENTED_EDGE('',*,*,#3296,.T.);
#4220=ORIENTED_EDGE('',*,*,#3297,.T.);
#4221=ORIENTED_EDGE('',*,*,#3301,.F.);
#4222=ORIENTED_EDGE('',*,*,#3302,.F.);
#4223=ORIENTED_EDGE('',*,*,#3303,.F.);
#4224=ORIENTED_EDGE('',*,*,#3304,.F.);
#4225=ORIENTED_EDGE('',*,*,#3305,.F.);
#4226=ORIENTED_EDGE('',*,*,#3306,.T.);
#4227=ORIENTED_EDGE('',*,*,#3307,.T.);
#4228=ORIENTED_EDGE('',*,*,#3308,.T.);
#4229=ORIENTED_EDGE('',*,*,#3309,.T.);
#4230=ORIENTED_EDGE('',*,*,#3310,.T.);
#4231=ORIENTED_EDGE('',*,*,#3311,.T.);
#4232=ORIENTED_EDGE('',*,*,#3312,.T.);
#4233=ORIENTED_EDGE('',*,*,#3313,.T.);
#4234=ORIENTED_EDGE('',*,*,#3314,.T.);
#4235=ORIENTED_EDGE('',*,*,#3315,.T.);
#4236=ORIENTED_EDGE('',*,*,#3316,.T.);
#4237=ORIENTED_EDGE('',*,*,#3317,.T.);
#4238=ORIENTED_EDGE('',*,*,#3318,.T.);
#4239=ORIENTED_EDGE('',*,*,#3319,.T.);
#4240=ORIENTED_EDGE('',*,*,#3320,.T.);
#4241=ORIENTED_EDGE('',*,*,#3321,.T.);
#4242=ORIENTED_EDGE('',*,*,#3322,.T.);
#4243=ORIENTED_EDGE('',*,*,#3323,.T.);
#4244=ORIENTED_EDGE('',*,*,#3324,.T.);
#4245=ORIENTED_EDGE('',*,*,#3325,.T.);
#4246=ORIENTED_EDGE('',*,*,#3326,.T.);
#4247=ORIENTED_EDGE('',*,*,#3327,.T.);
#4248=ORIENTED_EDGE('',*,*,#3328,.T.);
#4249=ORIENTED_EDGE('',*,*,#3329,.T.);
#4250=ORIENTED_EDGE('',*,*,#3330,.T.);
#4251=ORIENTED_EDGE('',*,*,#3331,.T.);
#4252=ORIENTED_EDGE('',*,*,#3332,.T.);
#4253=ORIENTED_EDGE('',*,*,#3333,.T.);
#4254=ORIENTED_EDGE('',*,*,#3334,.T.);
#4255=ORIENTED_EDGE('',*,*,#3335,.T.);
#4256=ORIENTED_EDGE('',*,*,#3336,.F.);
#4257=ORIENTED_EDGE('',*,*,#3337,.T.);
#4258=ORIENTED_EDGE('',*,*,#3338,.F.);
#4259=ORIENTED_EDGE('',*,*,#3339,.T.);
#4260=ORIENTED_EDGE('',*,*,#3340,.F.);
#4261=ORIENTED_EDGE('',*,*,#3341,.T.);
#4262=ORIENTED_EDGE('',*,*,#3342,.F.);
#4263=ORIENTED_EDGE('',*,*,#3343,.T.);
#4264=ORIENTED_EDGE('',*,*,#3344,.F.);
#4265=ORIENTED_EDGE('',*,*,#3345,.T.);
#4266=ORIENTED_EDGE('',*,*,#3346,.F.);
#4267=ORIENTED_EDGE('',*,*,#3304,.T.);
#4268=ORIENTED_EDGE('',*,*,#3347,.F.);
#4269=ORIENTED_EDGE('',*,*,#3348,.T.);
#4270=ORIENTED_EDGE('',*,*,#3349,.F.);
#4271=ORIENTED_EDGE('',*,*,#3350,.F.);
#4272=ORIENTED_EDGE('',*,*,#3351,.F.);
#4273=ORIENTED_EDGE('',*,*,#3350,.T.);
#4274=ORIENTED_EDGE('',*,*,#3352,.F.);
#4275=ORIENTED_EDGE('',*,*,#3353,.F.);
#4276=ORIENTED_EDGE('',*,*,#3354,.F.);
#4277=ORIENTED_EDGE('',*,*,#3353,.T.);
#4278=ORIENTED_EDGE('',*,*,#3355,.F.);
#4279=ORIENTED_EDGE('',*,*,#3356,.F.);
#4280=ORIENTED_EDGE('',*,*,#3357,.F.);
#4281=ORIENTED_EDGE('',*,*,#3356,.T.);
#4282=ORIENTED_EDGE('',*,*,#3358,.F.);
#4283=ORIENTED_EDGE('',*,*,#3359,.F.);
#4284=ORIENTED_EDGE('',*,*,#3360,.F.);
#4285=ORIENTED_EDGE('',*,*,#3361,.T.);
#4286=ORIENTED_EDGE('',*,*,#3362,.F.);
#4287=ORIENTED_EDGE('',*,*,#3348,.F.);
#4288=ORIENTED_EDGE('',*,*,#3363,.F.);
#4289=ORIENTED_EDGE('',*,*,#3359,.T.);
#4290=ORIENTED_EDGE('',*,*,#3364,.F.);
#4291=ORIENTED_EDGE('',*,*,#3361,.F.);
#4292=ORIENTED_EDGE('',*,*,#3358,.T.);
#4293=ORIENTED_EDGE('',*,*,#3355,.T.);
#4294=ORIENTED_EDGE('',*,*,#3352,.T.);
#4295=ORIENTED_EDGE('',*,*,#3349,.T.);
#4296=ORIENTED_EDGE('',*,*,#3362,.T.);
#4297=ORIENTED_EDGE('',*,*,#3364,.T.);
#4298=ORIENTED_EDGE('',*,*,#3299,.F.);
#4299=ORIENTED_EDGE('',*,*,#3357,.T.);
#4300=ORIENTED_EDGE('',*,*,#3363,.T.);
#4301=ORIENTED_EDGE('',*,*,#3360,.T.);
#4302=ORIENTED_EDGE('',*,*,#3347,.T.);
#4303=ORIENTED_EDGE('',*,*,#3351,.T.);
#4304=ORIENTED_EDGE('',*,*,#3354,.T.);
#4305=ORIENTED_EDGE('',*,*,#3365,.F.);
#4306=ORIENTED_EDGE('',*,*,#3366,.T.);
#4307=ORIENTED_EDGE('',*,*,#3367,.F.);
#4308=ORIENTED_EDGE('',*,*,#3368,.F.);
#4309=ORIENTED_EDGE('',*,*,#3369,.F.);
#4310=ORIENTED_EDGE('',*,*,#3368,.T.);
#4311=ORIENTED_EDGE('',*,*,#3370,.F.);
#4312=ORIENTED_EDGE('',*,*,#3371,.F.);
#4313=ORIENTED_EDGE('',*,*,#3372,.F.);
#4314=ORIENTED_EDGE('',*,*,#3371,.T.);
#4315=ORIENTED_EDGE('',*,*,#3373,.F.);
#4316=ORIENTED_EDGE('',*,*,#3374,.F.);
#4317=ORIENTED_EDGE('',*,*,#3375,.F.);
#4318=ORIENTED_EDGE('',*,*,#3374,.T.);
#4319=ORIENTED_EDGE('',*,*,#3376,.F.);
#4320=ORIENTED_EDGE('',*,*,#3377,.F.);
#4321=ORIENTED_EDGE('',*,*,#3378,.F.);
#4322=ORIENTED_EDGE('',*,*,#3379,.T.);
#4323=ORIENTED_EDGE('',*,*,#3380,.F.);
#4324=ORIENTED_EDGE('',*,*,#3366,.F.);
#4325=ORIENTED_EDGE('',*,*,#3381,.F.);
#4326=ORIENTED_EDGE('',*,*,#3377,.T.);
#4327=ORIENTED_EDGE('',*,*,#3382,.F.);
#4328=ORIENTED_EDGE('',*,*,#3379,.F.);
#4329=ORIENTED_EDGE('',*,*,#3376,.T.);
#4330=ORIENTED_EDGE('',*,*,#3373,.T.);
#4331=ORIENTED_EDGE('',*,*,#3370,.T.);
#4332=ORIENTED_EDGE('',*,*,#3367,.T.);
#4333=ORIENTED_EDGE('',*,*,#3380,.T.);
#4334=ORIENTED_EDGE('',*,*,#3382,.T.);
#4335=ORIENTED_EDGE('',*,*,#3293,.F.);
#4336=ORIENTED_EDGE('',*,*,#3375,.T.);
#4337=ORIENTED_EDGE('',*,*,#3381,.T.);
#4338=ORIENTED_EDGE('',*,*,#3378,.T.);
#4339=ORIENTED_EDGE('',*,*,#3365,.T.);
#4340=ORIENTED_EDGE('',*,*,#3369,.T.);
#4341=ORIENTED_EDGE('',*,*,#3372,.T.);
#4342=ORIENTED_EDGE('',*,*,#3383,.F.);
#4343=ORIENTED_EDGE('',*,*,#3384,.T.);
#4344=ORIENTED_EDGE('',*,*,#3385,.F.);
#4345=ORIENTED_EDGE('',*,*,#3386,.F.);
#4346=ORIENTED_EDGE('',*,*,#3387,.F.);
#4347=ORIENTED_EDGE('',*,*,#3386,.T.);
#4348=ORIENTED_EDGE('',*,*,#3388,.F.);
#4349=ORIENTED_EDGE('',*,*,#3389,.F.);
#4350=ORIENTED_EDGE('',*,*,#3390,.F.);
#4351=ORIENTED_EDGE('',*,*,#3389,.T.);
#4352=ORIENTED_EDGE('',*,*,#3391,.F.);
#4353=ORIENTED_EDGE('',*,*,#3392,.F.);
#4354=ORIENTED_EDGE('',*,*,#3393,.F.);
#4355=ORIENTED_EDGE('',*,*,#3392,.T.);
#4356=ORIENTED_EDGE('',*,*,#3394,.F.);
#4357=ORIENTED_EDGE('',*,*,#3395,.F.);
#4358=ORIENTED_EDGE('',*,*,#3396,.F.);
#4359=ORIENTED_EDGE('',*,*,#3397,.T.);
#4360=ORIENTED_EDGE('',*,*,#3398,.F.);
#4361=ORIENTED_EDGE('',*,*,#3384,.F.);
#4362=ORIENTED_EDGE('',*,*,#3399,.F.);
#4363=ORIENTED_EDGE('',*,*,#3395,.T.);
#4364=ORIENTED_EDGE('',*,*,#3400,.F.);
#4365=ORIENTED_EDGE('',*,*,#3397,.F.);
#4366=ORIENTED_EDGE('',*,*,#3394,.T.);
#4367=ORIENTED_EDGE('',*,*,#3391,.T.);
#4368=ORIENTED_EDGE('',*,*,#3388,.T.);
#4369=ORIENTED_EDGE('',*,*,#3385,.T.);
#4370=ORIENTED_EDGE('',*,*,#3398,.T.);
#4371=ORIENTED_EDGE('',*,*,#3400,.T.);
#4372=ORIENTED_EDGE('',*,*,#3287,.F.);
#4373=ORIENTED_EDGE('',*,*,#3393,.T.);
#4374=ORIENTED_EDGE('',*,*,#3399,.T.);
#4375=ORIENTED_EDGE('',*,*,#3396,.T.);
#4376=ORIENTED_EDGE('',*,*,#3383,.T.);
#4377=ORIENTED_EDGE('',*,*,#3387,.T.);
#4378=ORIENTED_EDGE('',*,*,#3390,.T.);
#4379=ORIENTED_EDGE('',*,*,#3401,.F.);
#4380=ORIENTED_EDGE('',*,*,#3402,.T.);
#4381=ORIENTED_EDGE('',*,*,#3403,.F.);
#4382=ORIENTED_EDGE('',*,*,#3404,.F.);
#4383=ORIENTED_EDGE('',*,*,#3405,.F.);
#4384=ORIENTED_EDGE('',*,*,#3404,.T.);
#4385=ORIENTED_EDGE('',*,*,#3406,.F.);
#4386=ORIENTED_EDGE('',*,*,#3407,.F.);
#4387=ORIENTED_EDGE('',*,*,#3408,.F.);
#4388=ORIENTED_EDGE('',*,*,#3407,.T.);
#4389=ORIENTED_EDGE('',*,*,#3409,.F.);
#4390=ORIENTED_EDGE('',*,*,#3410,.F.);
#4391=ORIENTED_EDGE('',*,*,#3411,.F.);
#4392=ORIENTED_EDGE('',*,*,#3410,.T.);
#4393=ORIENTED_EDGE('',*,*,#3412,.F.);
#4394=ORIENTED_EDGE('',*,*,#3413,.F.);
#4395=ORIENTED_EDGE('',*,*,#3414,.F.);
#4396=ORIENTED_EDGE('',*,*,#3415,.T.);
#4397=ORIENTED_EDGE('',*,*,#3416,.F.);
#4398=ORIENTED_EDGE('',*,*,#3402,.F.);
#4399=ORIENTED_EDGE('',*,*,#3417,.F.);
#4400=ORIENTED_EDGE('',*,*,#3413,.T.);
#4401=ORIENTED_EDGE('',*,*,#3418,.F.);
#4402=ORIENTED_EDGE('',*,*,#3415,.F.);
#4403=ORIENTED_EDGE('',*,*,#3412,.T.);
#4404=ORIENTED_EDGE('',*,*,#3409,.T.);
#4405=ORIENTED_EDGE('',*,*,#3406,.T.);
#4406=ORIENTED_EDGE('',*,*,#3403,.T.);
#4407=ORIENTED_EDGE('',*,*,#3416,.T.);
#4408=ORIENTED_EDGE('',*,*,#3418,.T.);
#4409=ORIENTED_EDGE('',*,*,#3281,.F.);
#4410=ORIENTED_EDGE('',*,*,#3411,.T.);
#4411=ORIENTED_EDGE('',*,*,#3417,.T.);
#4412=ORIENTED_EDGE('',*,*,#3414,.T.);
#4413=ORIENTED_EDGE('',*,*,#3401,.T.);
#4414=ORIENTED_EDGE('',*,*,#3405,.T.);
#4415=ORIENTED_EDGE('',*,*,#3408,.T.);
#4416=ORIENTED_EDGE('',*,*,#3419,.F.);
#4417=ORIENTED_EDGE('',*,*,#3420,.T.);
#4418=ORIENTED_EDGE('',*,*,#3421,.F.);
#4419=ORIENTED_EDGE('',*,*,#3422,.F.);
#4420=ORIENTED_EDGE('',*,*,#3423,.F.);
#4421=ORIENTED_EDGE('',*,*,#3422,.T.);
#4422=ORIENTED_EDGE('',*,*,#3424,.F.);
#4423=ORIENTED_EDGE('',*,*,#3425,.F.);
#4424=ORIENTED_EDGE('',*,*,#3426,.F.);
#4425=ORIENTED_EDGE('',*,*,#3425,.T.);
#4426=ORIENTED_EDGE('',*,*,#3427,.F.);
#4427=ORIENTED_EDGE('',*,*,#3428,.F.);
#4428=ORIENTED_EDGE('',*,*,#3429,.F.);
#4429=ORIENTED_EDGE('',*,*,#3428,.T.);
#4430=ORIENTED_EDGE('',*,*,#3430,.F.);
#4431=ORIENTED_EDGE('',*,*,#3431,.F.);
#4432=ORIENTED_EDGE('',*,*,#3432,.F.);
#4433=ORIENTED_EDGE('',*,*,#3433,.T.);
#4434=ORIENTED_EDGE('',*,*,#3434,.F.);
#4435=ORIENTED_EDGE('',*,*,#3420,.F.);
#4436=ORIENTED_EDGE('',*,*,#3435,.F.);
#4437=ORIENTED_EDGE('',*,*,#3431,.T.);
#4438=ORIENTED_EDGE('',*,*,#3436,.F.);
#4439=ORIENTED_EDGE('',*,*,#3433,.F.);
#4440=ORIENTED_EDGE('',*,*,#3430,.T.);
#4441=ORIENTED_EDGE('',*,*,#3427,.T.);
#4442=ORIENTED_EDGE('',*,*,#3424,.T.);
#4443=ORIENTED_EDGE('',*,*,#3421,.T.);
#4444=ORIENTED_EDGE('',*,*,#3434,.T.);
#4445=ORIENTED_EDGE('',*,*,#3436,.T.);
#4446=ORIENTED_EDGE('',*,*,#3275,.F.);
#4447=ORIENTED_EDGE('',*,*,#3429,.T.);
#4448=ORIENTED_EDGE('',*,*,#3435,.T.);
#4449=ORIENTED_EDGE('',*,*,#3432,.T.);
#4450=ORIENTED_EDGE('',*,*,#3419,.T.);
#4451=ORIENTED_EDGE('',*,*,#3423,.T.);
#4452=ORIENTED_EDGE('',*,*,#3426,.T.);
#4453=ORIENTED_EDGE('',*,*,#3437,.F.);
#4454=ORIENTED_EDGE('',*,*,#3438,.T.);
#4455=ORIENTED_EDGE('',*,*,#3439,.F.);
#4456=ORIENTED_EDGE('',*,*,#3440,.F.);
#4457=ORIENTED_EDGE('',*,*,#3441,.F.);
#4458=ORIENTED_EDGE('',*,*,#3440,.T.);
#4459=ORIENTED_EDGE('',*,*,#3442,.F.);
#4460=ORIENTED_EDGE('',*,*,#3443,.F.);
#4461=ORIENTED_EDGE('',*,*,#3444,.F.);
#4462=ORIENTED_EDGE('',*,*,#3443,.T.);
#4463=ORIENTED_EDGE('',*,*,#3445,.F.);
#4464=ORIENTED_EDGE('',*,*,#3446,.F.);
#4465=ORIENTED_EDGE('',*,*,#3447,.F.);
#4466=ORIENTED_EDGE('',*,*,#3446,.T.);
#4467=ORIENTED_EDGE('',*,*,#3448,.F.);
#4468=ORIENTED_EDGE('',*,*,#3449,.F.);
#4469=ORIENTED_EDGE('',*,*,#3450,.F.);
#4470=ORIENTED_EDGE('',*,*,#3451,.T.);
#4471=ORIENTED_EDGE('',*,*,#3452,.F.);
#4472=ORIENTED_EDGE('',*,*,#3438,.F.);
#4473=ORIENTED_EDGE('',*,*,#3453,.F.);
#4474=ORIENTED_EDGE('',*,*,#3449,.T.);
#4475=ORIENTED_EDGE('',*,*,#3454,.F.);
#4476=ORIENTED_EDGE('',*,*,#3451,.F.);
#4477=ORIENTED_EDGE('',*,*,#3448,.T.);
#4478=ORIENTED_EDGE('',*,*,#3445,.T.);
#4479=ORIENTED_EDGE('',*,*,#3442,.T.);
#4480=ORIENTED_EDGE('',*,*,#3439,.T.);
#4481=ORIENTED_EDGE('',*,*,#3452,.T.);
#4482=ORIENTED_EDGE('',*,*,#3454,.T.);
#4483=ORIENTED_EDGE('',*,*,#3269,.F.);
#4484=ORIENTED_EDGE('',*,*,#3447,.T.);
#4485=ORIENTED_EDGE('',*,*,#3453,.T.);
#4486=ORIENTED_EDGE('',*,*,#3450,.T.);
#4487=ORIENTED_EDGE('',*,*,#3437,.T.);
#4488=ORIENTED_EDGE('',*,*,#3441,.T.);
#4489=ORIENTED_EDGE('',*,*,#3444,.T.);
#4490=ORIENTED_EDGE('',*,*,#3455,.F.);
#4491=ORIENTED_EDGE('',*,*,#3456,.T.);
#4492=ORIENTED_EDGE('',*,*,#3457,.F.);
#4493=ORIENTED_EDGE('',*,*,#3458,.F.);
#4494=ORIENTED_EDGE('',*,*,#3459,.F.);
#4495=ORIENTED_EDGE('',*,*,#3458,.T.);
#4496=ORIENTED_EDGE('',*,*,#3460,.F.);
#4497=ORIENTED_EDGE('',*,*,#3461,.F.);
#4498=ORIENTED_EDGE('',*,*,#3462,.F.);
#4499=ORIENTED_EDGE('',*,*,#3461,.T.);
#4500=ORIENTED_EDGE('',*,*,#3463,.F.);
#4501=ORIENTED_EDGE('',*,*,#3464,.F.);
#4502=ORIENTED_EDGE('',*,*,#3465,.F.);
#4503=ORIENTED_EDGE('',*,*,#3464,.T.);
#4504=ORIENTED_EDGE('',*,*,#3466,.F.);
#4505=ORIENTED_EDGE('',*,*,#3467,.F.);
#4506=ORIENTED_EDGE('',*,*,#3468,.F.);
#4507=ORIENTED_EDGE('',*,*,#3469,.T.);
#4508=ORIENTED_EDGE('',*,*,#3470,.F.);
#4509=ORIENTED_EDGE('',*,*,#3456,.F.);
#4510=ORIENTED_EDGE('',*,*,#3471,.F.);
#4511=ORIENTED_EDGE('',*,*,#3467,.T.);
#4512=ORIENTED_EDGE('',*,*,#3472,.F.);
#4513=ORIENTED_EDGE('',*,*,#3469,.F.);
#4514=ORIENTED_EDGE('',*,*,#3466,.T.);
#4515=ORIENTED_EDGE('',*,*,#3463,.T.);
#4516=ORIENTED_EDGE('',*,*,#3460,.T.);
#4517=ORIENTED_EDGE('',*,*,#3457,.T.);
#4518=ORIENTED_EDGE('',*,*,#3470,.T.);
#4519=ORIENTED_EDGE('',*,*,#3472,.T.);
#4520=ORIENTED_EDGE('',*,*,#3263,.F.);
#4521=ORIENTED_EDGE('',*,*,#3465,.T.);
#4522=ORIENTED_EDGE('',*,*,#3471,.T.);
#4523=ORIENTED_EDGE('',*,*,#3468,.T.);
#4524=ORIENTED_EDGE('',*,*,#3455,.T.);
#4525=ORIENTED_EDGE('',*,*,#3459,.T.);
#4526=ORIENTED_EDGE('',*,*,#3462,.T.);
#4527=ORIENTED_EDGE('',*,*,#3473,.F.);
#4528=ORIENTED_EDGE('',*,*,#3474,.T.);
#4529=ORIENTED_EDGE('',*,*,#3475,.F.);
#4530=ORIENTED_EDGE('',*,*,#3476,.F.);
#4531=ORIENTED_EDGE('',*,*,#3477,.F.);
#4532=ORIENTED_EDGE('',*,*,#3476,.T.);
#4533=ORIENTED_EDGE('',*,*,#3478,.F.);
#4534=ORIENTED_EDGE('',*,*,#3479,.F.);
#4535=ORIENTED_EDGE('',*,*,#3480,.F.);
#4536=ORIENTED_EDGE('',*,*,#3479,.T.);
#4537=ORIENTED_EDGE('',*,*,#3481,.F.);
#4538=ORIENTED_EDGE('',*,*,#3482,.F.);
#4539=ORIENTED_EDGE('',*,*,#3483,.F.);
#4540=ORIENTED_EDGE('',*,*,#3482,.T.);
#4541=ORIENTED_EDGE('',*,*,#3484,.F.);
#4542=ORIENTED_EDGE('',*,*,#3485,.F.);
#4543=ORIENTED_EDGE('',*,*,#3486,.F.);
#4544=ORIENTED_EDGE('',*,*,#3487,.T.);
#4545=ORIENTED_EDGE('',*,*,#3488,.F.);
#4546=ORIENTED_EDGE('',*,*,#3474,.F.);
#4547=ORIENTED_EDGE('',*,*,#3489,.F.);
#4548=ORIENTED_EDGE('',*,*,#3485,.T.);
#4549=ORIENTED_EDGE('',*,*,#3490,.F.);
#4550=ORIENTED_EDGE('',*,*,#3487,.F.);
#4551=ORIENTED_EDGE('',*,*,#3484,.T.);
#4552=ORIENTED_EDGE('',*,*,#3481,.T.);
#4553=ORIENTED_EDGE('',*,*,#3478,.T.);
#4554=ORIENTED_EDGE('',*,*,#3475,.T.);
#4555=ORIENTED_EDGE('',*,*,#3488,.T.);
#4556=ORIENTED_EDGE('',*,*,#3490,.T.);
#4557=ORIENTED_EDGE('',*,*,#3257,.F.);
#4558=ORIENTED_EDGE('',*,*,#3483,.T.);
#4559=ORIENTED_EDGE('',*,*,#3489,.T.);
#4560=ORIENTED_EDGE('',*,*,#3486,.T.);
#4561=ORIENTED_EDGE('',*,*,#3473,.T.);
#4562=ORIENTED_EDGE('',*,*,#3477,.T.);
#4563=ORIENTED_EDGE('',*,*,#3480,.T.);
#4564=ORIENTED_EDGE('',*,*,#3491,.F.);
#4565=ORIENTED_EDGE('',*,*,#3492,.T.);
#4566=ORIENTED_EDGE('',*,*,#3493,.F.);
#4567=ORIENTED_EDGE('',*,*,#3494,.F.);
#4568=ORIENTED_EDGE('',*,*,#3495,.F.);
#4569=ORIENTED_EDGE('',*,*,#3494,.T.);
#4570=ORIENTED_EDGE('',*,*,#3496,.F.);
#4571=ORIENTED_EDGE('',*,*,#3497,.F.);
#4572=ORIENTED_EDGE('',*,*,#3498,.F.);
#4573=ORIENTED_EDGE('',*,*,#3497,.T.);
#4574=ORIENTED_EDGE('',*,*,#3499,.F.);
#4575=ORIENTED_EDGE('',*,*,#3500,.F.);
#4576=ORIENTED_EDGE('',*,*,#3501,.F.);
#4577=ORIENTED_EDGE('',*,*,#3500,.T.);
#4578=ORIENTED_EDGE('',*,*,#3502,.F.);
#4579=ORIENTED_EDGE('',*,*,#3503,.F.);
#4580=ORIENTED_EDGE('',*,*,#3504,.F.);
#4581=ORIENTED_EDGE('',*,*,#3505,.T.);
#4582=ORIENTED_EDGE('',*,*,#3506,.F.);
#4583=ORIENTED_EDGE('',*,*,#3492,.F.);
#4584=ORIENTED_EDGE('',*,*,#3507,.F.);
#4585=ORIENTED_EDGE('',*,*,#3503,.T.);
#4586=ORIENTED_EDGE('',*,*,#3508,.F.);
#4587=ORIENTED_EDGE('',*,*,#3505,.F.);
#4588=ORIENTED_EDGE('',*,*,#3502,.T.);
#4589=ORIENTED_EDGE('',*,*,#3499,.T.);
#4590=ORIENTED_EDGE('',*,*,#3496,.T.);
#4591=ORIENTED_EDGE('',*,*,#3493,.T.);
#4592=ORIENTED_EDGE('',*,*,#3506,.T.);
#4593=ORIENTED_EDGE('',*,*,#3508,.T.);
#4594=ORIENTED_EDGE('',*,*,#3251,.F.);
#4595=ORIENTED_EDGE('',*,*,#3501,.T.);
#4596=ORIENTED_EDGE('',*,*,#3507,.T.);
#4597=ORIENTED_EDGE('',*,*,#3504,.T.);
#4598=ORIENTED_EDGE('',*,*,#3491,.T.);
#4599=ORIENTED_EDGE('',*,*,#3495,.T.);
#4600=ORIENTED_EDGE('',*,*,#3498,.T.);
#4601=ORIENTED_EDGE('',*,*,#3509,.F.);
#4602=ORIENTED_EDGE('',*,*,#3510,.F.);
#4603=ORIENTED_EDGE('',*,*,#3511,.F.);
#4604=ORIENTED_EDGE('',*,*,#3512,.F.);
#4605=ORIENTED_EDGE('',*,*,#3513,.F.);
#4606=ORIENTED_EDGE('',*,*,#3514,.F.);
#4607=ORIENTED_EDGE('',*,*,#3515,.F.);
#4608=ORIENTED_EDGE('',*,*,#3516,.F.);
#4609=ORIENTED_EDGE('',*,*,#3517,.F.);
#4610=ORIENTED_EDGE('',*,*,#3518,.F.);
#4611=ORIENTED_EDGE('',*,*,#3519,.F.);
#4612=ORIENTED_EDGE('',*,*,#3520,.F.);
#4613=ORIENTED_EDGE('',*,*,#3521,.F.);
#4614=ORIENTED_EDGE('',*,*,#3522,.F.);
#4615=ORIENTED_EDGE('',*,*,#3523,.F.);
#4616=ORIENTED_EDGE('',*,*,#3524,.F.);
#4617=ORIENTED_EDGE('',*,*,#3525,.F.);
#4618=ORIENTED_EDGE('',*,*,#3526,.F.);
#4619=ORIENTED_EDGE('',*,*,#3527,.F.);
#4620=ORIENTED_EDGE('',*,*,#3528,.F.);
#4621=ORIENTED_EDGE('',*,*,#3529,.F.);
#4622=ORIENTED_EDGE('',*,*,#3530,.F.);
#4623=ORIENTED_EDGE('',*,*,#3531,.F.);
#4624=ORIENTED_EDGE('',*,*,#3532,.F.);
#4625=ORIENTED_EDGE('',*,*,#3533,.F.);
#4626=ORIENTED_EDGE('',*,*,#3534,.F.);
#4627=ORIENTED_EDGE('',*,*,#3535,.F.);
#4628=ORIENTED_EDGE('',*,*,#3536,.F.);
#4629=ORIENTED_EDGE('',*,*,#3537,.F.);
#4630=ORIENTED_EDGE('',*,*,#3538,.F.);
#4631=ORIENTED_EDGE('',*,*,#3539,.F.);
#4632=ORIENTED_EDGE('',*,*,#3540,.F.);
#4633=ORIENTED_EDGE('',*,*,#3541,.F.);
#4634=ORIENTED_EDGE('',*,*,#3542,.F.);
#4635=ORIENTED_EDGE('',*,*,#3543,.F.);
#4636=ORIENTED_EDGE('',*,*,#3544,.F.);
#4637=ORIENTED_EDGE('',*,*,#3545,.F.);
#4638=ORIENTED_EDGE('',*,*,#3546,.T.);
#4639=ORIENTED_EDGE('',*,*,#3547,.F.);
#4640=ORIENTED_EDGE('',*,*,#3548,.F.);
#4641=ORIENTED_EDGE('',*,*,#3549,.F.);
#4642=ORIENTED_EDGE('',*,*,#3550,.T.);
#4643=ORIENTED_EDGE('',*,*,#3551,.F.);
#4644=ORIENTED_EDGE('',*,*,#3552,.F.);
#4645=ORIENTED_EDGE('',*,*,#3553,.F.);
#4646=ORIENTED_EDGE('',*,*,#3554,.T.);
#4647=ORIENTED_EDGE('',*,*,#3555,.F.);
#4648=ORIENTED_EDGE('',*,*,#3556,.F.);
#4649=ORIENTED_EDGE('',*,*,#3557,.F.);
#4650=ORIENTED_EDGE('',*,*,#3558,.T.);
#4651=ORIENTED_EDGE('',*,*,#3559,.F.);
#4652=ORIENTED_EDGE('',*,*,#3560,.F.);
#4653=ORIENTED_EDGE('',*,*,#3561,.F.);
#4654=ORIENTED_EDGE('',*,*,#3562,.T.);
#4655=ORIENTED_EDGE('',*,*,#3563,.F.);
#4656=ORIENTED_EDGE('',*,*,#3564,.F.);
#4657=ORIENTED_EDGE('',*,*,#3565,.F.);
#4658=ORIENTED_EDGE('',*,*,#3566,.T.);
#4659=ORIENTED_EDGE('',*,*,#3567,.F.);
#4660=ORIENTED_EDGE('',*,*,#3568,.F.);
#4661=ORIENTED_EDGE('',*,*,#3569,.F.);
#4662=ORIENTED_EDGE('',*,*,#3570,.T.);
#4663=ORIENTED_EDGE('',*,*,#3571,.F.);
#4664=ORIENTED_EDGE('',*,*,#3572,.F.);
#4665=ORIENTED_EDGE('',*,*,#3573,.F.);
#4666=ORIENTED_EDGE('',*,*,#3574,.T.);
#4667=ORIENTED_EDGE('',*,*,#3575,.F.);
#4668=ORIENTED_EDGE('',*,*,#3576,.F.);
#4669=ORIENTED_EDGE('',*,*,#3577,.F.);
#4670=ORIENTED_EDGE('',*,*,#3512,.T.);
#4671=ORIENTED_EDGE('',*,*,#3578,.F.);
#4672=ORIENTED_EDGE('',*,*,#3574,.F.);
#4673=ORIENTED_EDGE('',*,*,#3579,.F.);
#4674=ORIENTED_EDGE('',*,*,#3516,.T.);
#4675=ORIENTED_EDGE('',*,*,#3580,.F.);
#4676=ORIENTED_EDGE('',*,*,#3570,.F.);
#4677=ORIENTED_EDGE('',*,*,#3581,.F.);
#4678=ORIENTED_EDGE('',*,*,#3520,.T.);
#4679=ORIENTED_EDGE('',*,*,#3582,.F.);
#4680=ORIENTED_EDGE('',*,*,#3566,.F.);
#4681=ORIENTED_EDGE('',*,*,#3583,.F.);
#4682=ORIENTED_EDGE('',*,*,#3524,.T.);
#4683=ORIENTED_EDGE('',*,*,#3584,.F.);
#4684=ORIENTED_EDGE('',*,*,#3562,.F.);
#4685=ORIENTED_EDGE('',*,*,#3585,.F.);
#4686=ORIENTED_EDGE('',*,*,#3528,.T.);
#4687=ORIENTED_EDGE('',*,*,#3586,.F.);
#4688=ORIENTED_EDGE('',*,*,#3558,.F.);
#4689=ORIENTED_EDGE('',*,*,#3587,.F.);
#4690=ORIENTED_EDGE('',*,*,#3532,.T.);
#4691=ORIENTED_EDGE('',*,*,#3588,.F.);
#4692=ORIENTED_EDGE('',*,*,#3554,.F.);
#4693=ORIENTED_EDGE('',*,*,#3589,.F.);
#4694=ORIENTED_EDGE('',*,*,#3536,.T.);
#4695=ORIENTED_EDGE('',*,*,#3590,.F.);
#4696=ORIENTED_EDGE('',*,*,#3550,.F.);
#4697=ORIENTED_EDGE('',*,*,#3591,.F.);
#4698=ORIENTED_EDGE('',*,*,#3540,.T.);
#4699=ORIENTED_EDGE('',*,*,#3592,.F.);
#4700=ORIENTED_EDGE('',*,*,#3546,.F.);
#4701=ORIENTED_EDGE('',*,*,#3593,.F.);
#4702=ORIENTED_EDGE('',*,*,#3594,.T.);
#4703=ORIENTED_EDGE('',*,*,#3595,.F.);
#4704=ORIENTED_EDGE('',*,*,#3596,.F.);
#4705=ORIENTED_EDGE('',*,*,#3597,.F.);
#4706=ORIENTED_EDGE('',*,*,#3544,.T.);
#4707=ORIENTED_EDGE('',*,*,#3598,.F.);
#4708=ORIENTED_EDGE('',*,*,#3594,.F.);
#4709=ORIENTED_EDGE('',*,*,#3541,.T.);
#4710=ORIENTED_EDGE('',*,*,#3597,.T.);
#4711=ORIENTED_EDGE('',*,*,#3593,.T.);
#4712=ORIENTED_EDGE('',*,*,#3599,.T.);
#4713=ORIENTED_EDGE('',*,*,#3600,.T.);
#4714=ORIENTED_EDGE('',*,*,#3601,.F.);
#4715=ORIENTED_EDGE('',*,*,#3308,.F.);
#4716=ORIENTED_EDGE('',*,*,#3602,.T.);
#4717=ORIENTED_EDGE('',*,*,#3596,.T.);
#4718=ORIENTED_EDGE('',*,*,#3603,.T.);
#4719=ORIENTED_EDGE('',*,*,#3604,.T.);
#4720=ORIENTED_EDGE('',*,*,#3599,.F.);
#4721=ORIENTED_EDGE('',*,*,#3276,.T.);
#4722=ORIENTED_EDGE('',*,*,#3537,.T.);
#4723=ORIENTED_EDGE('',*,*,#3591,.T.);
#4724=ORIENTED_EDGE('',*,*,#3545,.T.);
#4725=ORIENTED_EDGE('',*,*,#3605,.T.);
#4726=ORIENTED_EDGE('',*,*,#3606,.T.);
#4727=ORIENTED_EDGE('',*,*,#3607,.F.);
#4728=ORIENTED_EDGE('',*,*,#3312,.F.);
#4729=ORIENTED_EDGE('',*,*,#3608,.T.);
#4730=ORIENTED_EDGE('',*,*,#3548,.T.);
#4731=ORIENTED_EDGE('',*,*,#3609,.T.);
#4732=ORIENTED_EDGE('',*,*,#3610,.T.);
#4733=ORIENTED_EDGE('',*,*,#3605,.F.);
#4734=ORIENTED_EDGE('',*,*,#3282,.T.);
#4735=ORIENTED_EDGE('',*,*,#3533,.T.);
#4736=ORIENTED_EDGE('',*,*,#3589,.T.);
#4737=ORIENTED_EDGE('',*,*,#3549,.T.);
#4738=ORIENTED_EDGE('',*,*,#3611,.T.);
#4739=ORIENTED_EDGE('',*,*,#3612,.T.);
#4740=ORIENTED_EDGE('',*,*,#3613,.F.);
#4741=ORIENTED_EDGE('',*,*,#3316,.F.);
#4742=ORIENTED_EDGE('',*,*,#3614,.T.);
#4743=ORIENTED_EDGE('',*,*,#3552,.T.);
#4744=ORIENTED_EDGE('',*,*,#3615,.T.);
#4745=ORIENTED_EDGE('',*,*,#3616,.T.);
#4746=ORIENTED_EDGE('',*,*,#3611,.F.);
#4747=ORIENTED_EDGE('',*,*,#3270,.T.);
#4748=ORIENTED_EDGE('',*,*,#3529,.T.);
#4749=ORIENTED_EDGE('',*,*,#3587,.T.);
#4750=ORIENTED_EDGE('',*,*,#3553,.T.);
#4751=ORIENTED_EDGE('',*,*,#3617,.T.);
#4752=ORIENTED_EDGE('',*,*,#3618,.T.);
#4753=ORIENTED_EDGE('',*,*,#3619,.F.);
#4754=ORIENTED_EDGE('',*,*,#3320,.F.);
#4755=ORIENTED_EDGE('',*,*,#3620,.T.);
#4756=ORIENTED_EDGE('',*,*,#3556,.T.);
#4757=ORIENTED_EDGE('',*,*,#3621,.T.);
#4758=ORIENTED_EDGE('',*,*,#3622,.T.);
#4759=ORIENTED_EDGE('',*,*,#3617,.F.);
#4760=ORIENTED_EDGE('',*,*,#3288,.T.);
#4761=ORIENTED_EDGE('',*,*,#3525,.T.);
#4762=ORIENTED_EDGE('',*,*,#3585,.T.);
#4763=ORIENTED_EDGE('',*,*,#3557,.T.);
#4764=ORIENTED_EDGE('',*,*,#3623,.T.);
#4765=ORIENTED_EDGE('',*,*,#3624,.T.);
#4766=ORIENTED_EDGE('',*,*,#3625,.F.);
#4767=ORIENTED_EDGE('',*,*,#3324,.F.);
#4768=ORIENTED_EDGE('',*,*,#3626,.T.);
#4769=ORIENTED_EDGE('',*,*,#3560,.T.);
#4770=ORIENTED_EDGE('',*,*,#3627,.T.);
#4771=ORIENTED_EDGE('',*,*,#3628,.T.);
#4772=ORIENTED_EDGE('',*,*,#3623,.F.);
#4773=ORIENTED_EDGE('',*,*,#3264,.T.);
#4774=ORIENTED_EDGE('',*,*,#3521,.T.);
#4775=ORIENTED_EDGE('',*,*,#3583,.T.);
#4776=ORIENTED_EDGE('',*,*,#3561,.T.);
#4777=ORIENTED_EDGE('',*,*,#3629,.T.);
#4778=ORIENTED_EDGE('',*,*,#3630,.T.);
#4779=ORIENTED_EDGE('',*,*,#3631,.F.);
#4780=ORIENTED_EDGE('',*,*,#3328,.F.);
#4781=ORIENTED_EDGE('',*,*,#3632,.T.);
#4782=ORIENTED_EDGE('',*,*,#3564,.T.);
#4783=ORIENTED_EDGE('',*,*,#3633,.T.);
#4784=ORIENTED_EDGE('',*,*,#3634,.T.);
#4785=ORIENTED_EDGE('',*,*,#3629,.F.);
#4786=ORIENTED_EDGE('',*,*,#3294,.T.);
#4787=ORIENTED_EDGE('',*,*,#3517,.T.);
#4788=ORIENTED_EDGE('',*,*,#3581,.T.);
#4789=ORIENTED_EDGE('',*,*,#3565,.T.);
#4790=ORIENTED_EDGE('',*,*,#3635,.T.);
#4791=ORIENTED_EDGE('',*,*,#3636,.T.);
#4792=ORIENTED_EDGE('',*,*,#3637,.F.);
#4793=ORIENTED_EDGE('',*,*,#3332,.F.);
#4794=ORIENTED_EDGE('',*,*,#3638,.T.);
#4795=ORIENTED_EDGE('',*,*,#3568,.T.);
#4796=ORIENTED_EDGE('',*,*,#3639,.T.);
#4797=ORIENTED_EDGE('',*,*,#3640,.T.);
#4798=ORIENTED_EDGE('',*,*,#3635,.F.);
#4799=ORIENTED_EDGE('',*,*,#3258,.T.);
#4800=ORIENTED_EDGE('',*,*,#3513,.T.);
#4801=ORIENTED_EDGE('',*,*,#3579,.T.);
#4802=ORIENTED_EDGE('',*,*,#3569,.T.);
#4803=ORIENTED_EDGE('',*,*,#3641,.T.);
#4804=ORIENTED_EDGE('',*,*,#3642,.T.);
#4805=ORIENTED_EDGE('',*,*,#3643,.F.);
#4806=ORIENTED_EDGE('',*,*,#3336,.T.);
#4807=ORIENTED_EDGE('',*,*,#3644,.T.);
#4808=ORIENTED_EDGE('',*,*,#3572,.T.);
#4809=ORIENTED_EDGE('',*,*,#3645,.T.);
#4810=ORIENTED_EDGE('',*,*,#3646,.T.);
#4811=ORIENTED_EDGE('',*,*,#3641,.F.);
#4812=ORIENTED_EDGE('',*,*,#3300,.T.);
#4813=ORIENTED_EDGE('',*,*,#3509,.T.);
#4814=ORIENTED_EDGE('',*,*,#3577,.T.);
#4815=ORIENTED_EDGE('',*,*,#3573,.T.);
#4816=ORIENTED_EDGE('',*,*,#3647,.T.);
#4817=ORIENTED_EDGE('',*,*,#3648,.T.);
#4818=ORIENTED_EDGE('',*,*,#3649,.F.);
#4819=ORIENTED_EDGE('',*,*,#3340,.T.);
#4820=ORIENTED_EDGE('',*,*,#3650,.T.);
#4821=ORIENTED_EDGE('',*,*,#3576,.T.);
#4822=ORIENTED_EDGE('',*,*,#3651,.T.);
#4823=ORIENTED_EDGE('',*,*,#3652,.T.);
#4824=ORIENTED_EDGE('',*,*,#3647,.F.);
#4825=ORIENTED_EDGE('',*,*,#3252,.T.);
#4826=ORIENTED_EDGE('',*,*,#3653,.T.);
#4827=ORIENTED_EDGE('',*,*,#3654,.F.);
#4828=ORIENTED_EDGE('',*,*,#3305,.T.);
#4829=ORIENTED_EDGE('',*,*,#3346,.T.);
#4830=ORIENTED_EDGE('',*,*,#3543,.T.);
#4831=ORIENTED_EDGE('',*,*,#3655,.F.);
#4832=ORIENTED_EDGE('',*,*,#3306,.F.);
#4833=ORIENTED_EDGE('',*,*,#3654,.T.);
#4834=ORIENTED_EDGE('',*,*,#3656,.T.);
#4835=ORIENTED_EDGE('',*,*,#3603,.F.);
#4836=ORIENTED_EDGE('',*,*,#3595,.T.);
#4837=ORIENTED_EDGE('',*,*,#3598,.T.);
#4838=ORIENTED_EDGE('',*,*,#3542,.T.);
#4839=ORIENTED_EDGE('',*,*,#3602,.F.);
#4840=ORIENTED_EDGE('',*,*,#3307,.F.);
#4841=ORIENTED_EDGE('',*,*,#3655,.T.);
#4842=ORIENTED_EDGE('',*,*,#3657,.T.);
#4843=ORIENTED_EDGE('',*,*,#3658,.F.);
#4844=ORIENTED_EDGE('',*,*,#3309,.F.);
#4845=ORIENTED_EDGE('',*,*,#3601,.T.);
#4846=ORIENTED_EDGE('',*,*,#3539,.T.);
#4847=ORIENTED_EDGE('',*,*,#3659,.F.);
#4848=ORIENTED_EDGE('',*,*,#3310,.F.);
#4849=ORIENTED_EDGE('',*,*,#3658,.T.);
#4850=ORIENTED_EDGE('',*,*,#3660,.T.);
#4851=ORIENTED_EDGE('',*,*,#3609,.F.);
#4852=ORIENTED_EDGE('',*,*,#3547,.T.);
#4853=ORIENTED_EDGE('',*,*,#3592,.T.);
#4854=ORIENTED_EDGE('',*,*,#3538,.T.);
#4855=ORIENTED_EDGE('',*,*,#3608,.F.);
#4856=ORIENTED_EDGE('',*,*,#3311,.F.);
#4857=ORIENTED_EDGE('',*,*,#3659,.T.);
#4858=ORIENTED_EDGE('',*,*,#3661,.T.);
#4859=ORIENTED_EDGE('',*,*,#3662,.F.);
#4860=ORIENTED_EDGE('',*,*,#3313,.F.);
#4861=ORIENTED_EDGE('',*,*,#3607,.T.);
#4862=ORIENTED_EDGE('',*,*,#3535,.T.);
#4863=ORIENTED_EDGE('',*,*,#3663,.F.);
#4864=ORIENTED_EDGE('',*,*,#3314,.F.);
#4865=ORIENTED_EDGE('',*,*,#3662,.T.);
#4866=ORIENTED_EDGE('',*,*,#3664,.T.);
#4867=ORIENTED_EDGE('',*,*,#3615,.F.);
#4868=ORIENTED_EDGE('',*,*,#3551,.T.);
#4869=ORIENTED_EDGE('',*,*,#3590,.T.);
#4870=ORIENTED_EDGE('',*,*,#3534,.T.);
#4871=ORIENTED_EDGE('',*,*,#3614,.F.);
#4872=ORIENTED_EDGE('',*,*,#3315,.F.);
#4873=ORIENTED_EDGE('',*,*,#3663,.T.);
#4874=ORIENTED_EDGE('',*,*,#3665,.T.);
#4875=ORIENTED_EDGE('',*,*,#3666,.F.);
#4876=ORIENTED_EDGE('',*,*,#3317,.F.);
#4877=ORIENTED_EDGE('',*,*,#3613,.T.);
#4878=ORIENTED_EDGE('',*,*,#3531,.T.);
#4879=ORIENTED_EDGE('',*,*,#3667,.F.);
#4880=ORIENTED_EDGE('',*,*,#3318,.F.);
#4881=ORIENTED_EDGE('',*,*,#3666,.T.);
#4882=ORIENTED_EDGE('',*,*,#3668,.T.);
#4883=ORIENTED_EDGE('',*,*,#3621,.F.);
#4884=ORIENTED_EDGE('',*,*,#3555,.T.);
#4885=ORIENTED_EDGE('',*,*,#3588,.T.);
#4886=ORIENTED_EDGE('',*,*,#3530,.T.);
#4887=ORIENTED_EDGE('',*,*,#3620,.F.);
#4888=ORIENTED_EDGE('',*,*,#3319,.F.);
#4889=ORIENTED_EDGE('',*,*,#3667,.T.);
#4890=ORIENTED_EDGE('',*,*,#3669,.T.);
#4891=ORIENTED_EDGE('',*,*,#3670,.F.);
#4892=ORIENTED_EDGE('',*,*,#3321,.F.);
#4893=ORIENTED_EDGE('',*,*,#3619,.T.);
#4894=ORIENTED_EDGE('',*,*,#3527,.T.);
#4895=ORIENTED_EDGE('',*,*,#3671,.F.);
#4896=ORIENTED_EDGE('',*,*,#3322,.F.);
#4897=ORIENTED_EDGE('',*,*,#3670,.T.);
#4898=ORIENTED_EDGE('',*,*,#3672,.T.);
#4899=ORIENTED_EDGE('',*,*,#3627,.F.);
#4900=ORIENTED_EDGE('',*,*,#3559,.T.);
#4901=ORIENTED_EDGE('',*,*,#3586,.T.);
#4902=ORIENTED_EDGE('',*,*,#3526,.T.);
#4903=ORIENTED_EDGE('',*,*,#3626,.F.);
#4904=ORIENTED_EDGE('',*,*,#3323,.F.);
#4905=ORIENTED_EDGE('',*,*,#3671,.T.);
#4906=ORIENTED_EDGE('',*,*,#3673,.T.);
#4907=ORIENTED_EDGE('',*,*,#3674,.F.);
#4908=ORIENTED_EDGE('',*,*,#3325,.F.);
#4909=ORIENTED_EDGE('',*,*,#3625,.T.);
#4910=ORIENTED_EDGE('',*,*,#3523,.T.);
#4911=ORIENTED_EDGE('',*,*,#3675,.F.);
#4912=ORIENTED_EDGE('',*,*,#3326,.F.);
#4913=ORIENTED_EDGE('',*,*,#3674,.T.);
#4914=ORIENTED_EDGE('',*,*,#3676,.T.);
#4915=ORIENTED_EDGE('',*,*,#3633,.F.);
#4916=ORIENTED_EDGE('',*,*,#3563,.T.);
#4917=ORIENTED_EDGE('',*,*,#3584,.T.);
#4918=ORIENTED_EDGE('',*,*,#3522,.T.);
#4919=ORIENTED_EDGE('',*,*,#3632,.F.);
#4920=ORIENTED_EDGE('',*,*,#3327,.F.);
#4921=ORIENTED_EDGE('',*,*,#3675,.T.);
#4922=ORIENTED_EDGE('',*,*,#3677,.T.);
#4923=ORIENTED_EDGE('',*,*,#3678,.F.);
#4924=ORIENTED_EDGE('',*,*,#3329,.F.);
#4925=ORIENTED_EDGE('',*,*,#3631,.T.);
#4926=ORIENTED_EDGE('',*,*,#3519,.T.);
#4927=ORIENTED_EDGE('',*,*,#3679,.F.);
#4928=ORIENTED_EDGE('',*,*,#3330,.F.);
#4929=ORIENTED_EDGE('',*,*,#3678,.T.);
#4930=ORIENTED_EDGE('',*,*,#3680,.T.);
#4931=ORIENTED_EDGE('',*,*,#3639,.F.);
#4932=ORIENTED_EDGE('',*,*,#3567,.T.);
#4933=ORIENTED_EDGE('',*,*,#3582,.T.);
#4934=ORIENTED_EDGE('',*,*,#3518,.T.);
#4935=ORIENTED_EDGE('',*,*,#3638,.F.);
#4936=ORIENTED_EDGE('',*,*,#3331,.F.);
#4937=ORIENTED_EDGE('',*,*,#3679,.T.);
#4938=ORIENTED_EDGE('',*,*,#3681,.T.);
#4939=ORIENTED_EDGE('',*,*,#3682,.F.);
#4940=ORIENTED_EDGE('',*,*,#3333,.F.);
#4941=ORIENTED_EDGE('',*,*,#3637,.T.);
#4942=ORIENTED_EDGE('',*,*,#3515,.T.);
#4943=ORIENTED_EDGE('',*,*,#3683,.F.);
#4944=ORIENTED_EDGE('',*,*,#3334,.F.);
#4945=ORIENTED_EDGE('',*,*,#3682,.T.);
#4946=ORIENTED_EDGE('',*,*,#3684,.T.);
#4947=ORIENTED_EDGE('',*,*,#3645,.F.);
#4948=ORIENTED_EDGE('',*,*,#3571,.T.);
#4949=ORIENTED_EDGE('',*,*,#3580,.T.);
#4950=ORIENTED_EDGE('',*,*,#3514,.T.);
#4951=ORIENTED_EDGE('',*,*,#3644,.F.);
#4952=ORIENTED_EDGE('',*,*,#3335,.F.);
#4953=ORIENTED_EDGE('',*,*,#3683,.T.);
#4954=ORIENTED_EDGE('',*,*,#3685,.T.);
#4955=ORIENTED_EDGE('',*,*,#3686,.F.);
#4956=ORIENTED_EDGE('',*,*,#3337,.F.);
#4957=ORIENTED_EDGE('',*,*,#3643,.T.);
#4958=ORIENTED_EDGE('',*,*,#3511,.T.);
#4959=ORIENTED_EDGE('',*,*,#3687,.F.);
#4960=ORIENTED_EDGE('',*,*,#3338,.T.);
#4961=ORIENTED_EDGE('',*,*,#3686,.T.);
#4962=ORIENTED_EDGE('',*,*,#3688,.T.);
#4963=ORIENTED_EDGE('',*,*,#3651,.F.);
#4964=ORIENTED_EDGE('',*,*,#3575,.T.);
#4965=ORIENTED_EDGE('',*,*,#3578,.T.);
#4966=ORIENTED_EDGE('',*,*,#3510,.T.);
#4967=ORIENTED_EDGE('',*,*,#3650,.F.);
#4968=ORIENTED_EDGE('',*,*,#3339,.F.);
#4969=ORIENTED_EDGE('',*,*,#3687,.T.);
#4970=ORIENTED_EDGE('',*,*,#3689,.T.);
#4971=ORIENTED_EDGE('',*,*,#3690,.F.);
#4972=ORIENTED_EDGE('',*,*,#3341,.F.);
#4973=ORIENTED_EDGE('',*,*,#3649,.T.);
#4974=ORIENTED_EDGE('',*,*,#3691,.T.);
#4975=ORIENTED_EDGE('',*,*,#3692,.F.);
#4976=ORIENTED_EDGE('',*,*,#3342,.T.);
#4977=ORIENTED_EDGE('',*,*,#3690,.T.);
#4978=ORIENTED_EDGE('',*,*,#3693,.F.);
#4979=ORIENTED_EDGE('',*,*,#3343,.F.);
#4980=ORIENTED_EDGE('',*,*,#3692,.T.);
#4981=ORIENTED_EDGE('',*,*,#3694,.T.);
#4982=ORIENTED_EDGE('',*,*,#3695,.F.);
#4983=ORIENTED_EDGE('',*,*,#3694,.F.);
#4984=ORIENTED_EDGE('',*,*,#3691,.F.);
#4985=ORIENTED_EDGE('',*,*,#3689,.F.);
#4986=ORIENTED_EDGE('',*,*,#3648,.F.);
#4987=ORIENTED_EDGE('',*,*,#3652,.F.);
#4988=ORIENTED_EDGE('',*,*,#3688,.F.);
#4989=ORIENTED_EDGE('',*,*,#3685,.F.);
#4990=ORIENTED_EDGE('',*,*,#3642,.F.);
#4991=ORIENTED_EDGE('',*,*,#3646,.F.);
#4992=ORIENTED_EDGE('',*,*,#3684,.F.);
#4993=ORIENTED_EDGE('',*,*,#3681,.F.);
#4994=ORIENTED_EDGE('',*,*,#3636,.F.);
#4995=ORIENTED_EDGE('',*,*,#3640,.F.);
#4996=ORIENTED_EDGE('',*,*,#3680,.F.);
#4997=ORIENTED_EDGE('',*,*,#3677,.F.);
#4998=ORIENTED_EDGE('',*,*,#3630,.F.);
#4999=ORIENTED_EDGE('',*,*,#3634,.F.);
#5000=ORIENTED_EDGE('',*,*,#3676,.F.);
#5001=ORIENTED_EDGE('',*,*,#3673,.F.);
#5002=ORIENTED_EDGE('',*,*,#3624,.F.);
#5003=ORIENTED_EDGE('',*,*,#3628,.F.);
#5004=ORIENTED_EDGE('',*,*,#3672,.F.);
#5005=ORIENTED_EDGE('',*,*,#3669,.F.);
#5006=ORIENTED_EDGE('',*,*,#3618,.F.);
#5007=ORIENTED_EDGE('',*,*,#3622,.F.);
#5008=ORIENTED_EDGE('',*,*,#3668,.F.);
#5009=ORIENTED_EDGE('',*,*,#3665,.F.);
#5010=ORIENTED_EDGE('',*,*,#3612,.F.);
#5011=ORIENTED_EDGE('',*,*,#3616,.F.);
#5012=ORIENTED_EDGE('',*,*,#3664,.F.);
#5013=ORIENTED_EDGE('',*,*,#3661,.F.);
#5014=ORIENTED_EDGE('',*,*,#3606,.F.);
#5015=ORIENTED_EDGE('',*,*,#3610,.F.);
#5016=ORIENTED_EDGE('',*,*,#3660,.F.);
#5017=ORIENTED_EDGE('',*,*,#3657,.F.);
#5018=ORIENTED_EDGE('',*,*,#3600,.F.);
#5019=ORIENTED_EDGE('',*,*,#3604,.F.);
#5020=ORIENTED_EDGE('',*,*,#3656,.F.);
#5021=ORIENTED_EDGE('',*,*,#3653,.F.);
#5022=ORIENTED_EDGE('',*,*,#3345,.F.);
#5023=ORIENTED_EDGE('',*,*,#3696,.F.);
#5024=ORIENTED_EDGE('',*,*,#3302,.T.);
#5025=ORIENTED_EDGE('',*,*,#3693,.T.);
#5026=ORIENTED_EDGE('',*,*,#3695,.T.);
#5027=ORIENTED_EDGE('',*,*,#3697,.T.);
#5028=ORIENTED_EDGE('',*,*,#3698,.T.);
#5029=ORIENTED_EDGE('',*,*,#3699,.T.);
#5030=ORIENTED_EDGE('',*,*,#3700,.F.);
#5031=ORIENTED_EDGE('',*,*,#3701,.T.);
#5032=ORIENTED_EDGE('',*,*,#3303,.T.);
#5033=ORIENTED_EDGE('',*,*,#3701,.F.);
#5034=ORIENTED_EDGE('',*,*,#3702,.F.);
#5035=ORIENTED_EDGE('',*,*,#3703,.F.);
#5036=ORIENTED_EDGE('',*,*,#3704,.F.);
#5037=ORIENTED_EDGE('',*,*,#3697,.F.);
#5038=ORIENTED_EDGE('',*,*,#3696,.T.);
#5039=ORIENTED_EDGE('',*,*,#3344,.T.);
#5040=ORIENTED_EDGE('',*,*,#3705,.F.);
#5041=ORIENTED_EDGE('',*,*,#3706,.T.);
#5042=ORIENTED_EDGE('',*,*,#3707,.T.);
#5043=ORIENTED_EDGE('',*,*,#3703,.T.);
#5044=ORIENTED_EDGE('',*,*,#3708,.F.);
#5045=ORIENTED_EDGE('',*,*,#3699,.F.);
#5046=ORIENTED_EDGE('',*,*,#3709,.T.);
#5047=ORIENTED_EDGE('',*,*,#3706,.F.);
#5048=ORIENTED_EDGE('',*,*,#3245,.T.);
#5049=ORIENTED_EDGE('',*,*,#3242,.T.);
#5050=ORIENTED_EDGE('',*,*,#3239,.T.);
#5051=ORIENTED_EDGE('',*,*,#3236,.T.);
#5052=ORIENTED_EDGE('',*,*,#3233,.T.);
#5053=ORIENTED_EDGE('',*,*,#3704,.T.);
#5054=ORIENTED_EDGE('',*,*,#3707,.F.);
#5055=ORIENTED_EDGE('',*,*,#3709,.F.);
#5056=ORIENTED_EDGE('',*,*,#3698,.F.);
#5057=ORIENTED_EDGE('',*,*,#3710,.T.);
#5058=ORIENTED_EDGE('',*,*,#3711,.F.);
#5059=ORIENTED_EDGE('',*,*,#3712,.F.);
#5060=ORIENTED_EDGE('',*,*,#3713,.T.);
#5061=ORIENTED_EDGE('',*,*,#3247,.T.);
#5062=ORIENTED_EDGE('',*,*,#3244,.T.);
#5063=ORIENTED_EDGE('',*,*,#3241,.T.);
#5064=ORIENTED_EDGE('',*,*,#3238,.T.);
#5065=ORIENTED_EDGE('',*,*,#3235,.T.);
#5066=ORIENTED_EDGE('',*,*,#3714,.T.);
#5067=ORIENTED_EDGE('',*,*,#3715,.T.);
#5068=ORIENTED_EDGE('',*,*,#3716,.T.);
#5069=ORIENTED_EDGE('',*,*,#3717,.T.);
#5070=ORIENTED_EDGE('',*,*,#3118,.T.);
#5071=ORIENTED_EDGE('',*,*,#3113,.T.);
#5072=ORIENTED_EDGE('',*,*,#3108,.T.);
#5073=ORIENTED_EDGE('',*,*,#3103,.T.);
#5074=ORIENTED_EDGE('',*,*,#3718,.F.);
#5075=ORIENTED_EDGE('',*,*,#3172,.T.);
#5076=ORIENTED_EDGE('',*,*,#3719,.F.);
#5077=ORIENTED_EDGE('',*,*,#3168,.F.);
#5078=ORIENTED_EDGE('',*,*,#3720,.F.);
#5079=ORIENTED_EDGE('',*,*,#3166,.T.);
#5080=ORIENTED_EDGE('',*,*,#3721,.F.);
#5081=ORIENTED_EDGE('',*,*,#3170,.F.);
#5082=ORIENTED_EDGE('',*,*,#3722,.F.);
#5083=ORIENTED_EDGE('',*,*,#3164,.T.);
#5084=ORIENTED_EDGE('',*,*,#3723,.F.);
#5085=ORIENTED_EDGE('',*,*,#3160,.F.);
#5086=ORIENTED_EDGE('',*,*,#3724,.F.);
#5087=ORIENTED_EDGE('',*,*,#3158,.T.);
#5088=ORIENTED_EDGE('',*,*,#3725,.F.);
#5089=ORIENTED_EDGE('',*,*,#3162,.F.);
#5090=ORIENTED_EDGE('',*,*,#3726,.F.);
#5091=ORIENTED_EDGE('',*,*,#3156,.T.);
#5092=ORIENTED_EDGE('',*,*,#3727,.F.);
#5093=ORIENTED_EDGE('',*,*,#3152,.F.);
#5094=ORIENTED_EDGE('',*,*,#3728,.F.);
#5095=ORIENTED_EDGE('',*,*,#3150,.T.);
#5096=ORIENTED_EDGE('',*,*,#3729,.F.);
#5097=ORIENTED_EDGE('',*,*,#3154,.F.);
#5098=ORIENTED_EDGE('',*,*,#3730,.F.);
#5099=ORIENTED_EDGE('',*,*,#3148,.T.);
#5100=ORIENTED_EDGE('',*,*,#3731,.F.);
#5101=ORIENTED_EDGE('',*,*,#3144,.F.);
#5102=ORIENTED_EDGE('',*,*,#3732,.F.);
#5103=ORIENTED_EDGE('',*,*,#3142,.T.);
#5104=ORIENTED_EDGE('',*,*,#3733,.F.);
#5105=ORIENTED_EDGE('',*,*,#3146,.F.);
#5106=ORIENTED_EDGE('',*,*,#3734,.F.);
#5107=ORIENTED_EDGE('',*,*,#3735,.F.);
#5108=ORIENTED_EDGE('',*,*,#3736,.F.);
#5109=ORIENTED_EDGE('',*,*,#3737,.T.);
#5110=ORIENTED_EDGE('',*,*,#3738,.F.);
#5111=ORIENTED_EDGE('',*,*,#3739,.F.);
#5112=ORIENTED_EDGE('',*,*,#3740,.F.);
#5113=ORIENTED_EDGE('',*,*,#3741,.T.);
#5114=ORIENTED_EDGE('',*,*,#3742,.F.);
#5115=ORIENTED_EDGE('',*,*,#3737,.F.);
#5116=ORIENTED_EDGE('',*,*,#3743,.F.);
#5117=ORIENTED_EDGE('',*,*,#3744,.T.);
#5118=ORIENTED_EDGE('',*,*,#3745,.F.);
#5119=ORIENTED_EDGE('',*,*,#3741,.F.);
#5120=ORIENTED_EDGE('',*,*,#3746,.F.);
#5121=ORIENTED_EDGE('',*,*,#3747,.T.);
#5122=ORIENTED_EDGE('',*,*,#3748,.F.);
#5123=ORIENTED_EDGE('',*,*,#3749,.F.);
#5124=ORIENTED_EDGE('',*,*,#3750,.F.);
#5125=ORIENTED_EDGE('',*,*,#3735,.T.);
#5126=ORIENTED_EDGE('',*,*,#3751,.F.);
#5127=ORIENTED_EDGE('',*,*,#3744,.F.);
#5128=ORIENTED_EDGE('',*,*,#3752,.F.);
#5129=ORIENTED_EDGE('',*,*,#3749,.T.);
#5130=ORIENTED_EDGE('',*,*,#3753,.F.);
#5131=ORIENTED_EDGE('',*,*,#3747,.F.);
#5132=ORIENTED_EDGE('',*,*,#3754,.F.);
#5133=ORIENTED_EDGE('',*,*,#3755,.T.);
#5134=ORIENTED_EDGE('',*,*,#3756,.F.);
#5135=ORIENTED_EDGE('',*,*,#3755,.F.);
#5136=ORIENTED_EDGE('',*,*,#3757,.F.);
#5137=ORIENTED_EDGE('',*,*,#3739,.T.);
#5138=ORIENTED_EDGE('',*,*,#3758,.F.);
#5139=ORIENTED_EDGE('',*,*,#3759,.F.);
#5140=ORIENTED_EDGE('',*,*,#3760,.F.);
#5141=ORIENTED_EDGE('',*,*,#3761,.T.);
#5142=ORIENTED_EDGE('',*,*,#3762,.F.);
#5143=ORIENTED_EDGE('',*,*,#3763,.F.);
#5144=ORIENTED_EDGE('',*,*,#3764,.F.);
#5145=ORIENTED_EDGE('',*,*,#3765,.T.);
#5146=ORIENTED_EDGE('',*,*,#3766,.F.);
#5147=ORIENTED_EDGE('',*,*,#3761,.F.);
#5148=ORIENTED_EDGE('',*,*,#3767,.F.);
#5149=ORIENTED_EDGE('',*,*,#3768,.T.);
#5150=ORIENTED_EDGE('',*,*,#3769,.F.);
#5151=ORIENTED_EDGE('',*,*,#3765,.F.);
#5152=ORIENTED_EDGE('',*,*,#3770,.F.);
#5153=ORIENTED_EDGE('',*,*,#3771,.T.);
#5154=ORIENTED_EDGE('',*,*,#3772,.F.);
#5155=ORIENTED_EDGE('',*,*,#3773,.F.);
#5156=ORIENTED_EDGE('',*,*,#3774,.F.);
#5157=ORIENTED_EDGE('',*,*,#3759,.T.);
#5158=ORIENTED_EDGE('',*,*,#3775,.F.);
#5159=ORIENTED_EDGE('',*,*,#3768,.F.);
#5160=ORIENTED_EDGE('',*,*,#3776,.F.);
#5161=ORIENTED_EDGE('',*,*,#3773,.T.);
#5162=ORIENTED_EDGE('',*,*,#3777,.F.);
#5163=ORIENTED_EDGE('',*,*,#3771,.F.);
#5164=ORIENTED_EDGE('',*,*,#3778,.F.);
#5165=ORIENTED_EDGE('',*,*,#3779,.T.);
#5166=ORIENTED_EDGE('',*,*,#3780,.F.);
#5167=ORIENTED_EDGE('',*,*,#3779,.F.);
#5168=ORIENTED_EDGE('',*,*,#3781,.F.);
#5169=ORIENTED_EDGE('',*,*,#3763,.T.);
#5170=ORIENTED_EDGE('',*,*,#3782,.F.);
#5171=ORIENTED_EDGE('',*,*,#3783,.F.);
#5172=ORIENTED_EDGE('',*,*,#3784,.F.);
#5173=ORIENTED_EDGE('',*,*,#3785,.T.);
#5174=ORIENTED_EDGE('',*,*,#3786,.F.);
#5175=ORIENTED_EDGE('',*,*,#3787,.F.);
#5176=ORIENTED_EDGE('',*,*,#3788,.F.);
#5177=ORIENTED_EDGE('',*,*,#3789,.T.);
#5178=ORIENTED_EDGE('',*,*,#3790,.F.);
#5179=ORIENTED_EDGE('',*,*,#3785,.F.);
#5180=ORIENTED_EDGE('',*,*,#3791,.F.);
#5181=ORIENTED_EDGE('',*,*,#3792,.T.);
#5182=ORIENTED_EDGE('',*,*,#3793,.F.);
#5183=ORIENTED_EDGE('',*,*,#3789,.F.);
#5184=ORIENTED_EDGE('',*,*,#3794,.F.);
#5185=ORIENTED_EDGE('',*,*,#3795,.T.);
#5186=ORIENTED_EDGE('',*,*,#3796,.F.);
#5187=ORIENTED_EDGE('',*,*,#3797,.F.);
#5188=ORIENTED_EDGE('',*,*,#3798,.F.);
#5189=ORIENTED_EDGE('',*,*,#3783,.T.);
#5190=ORIENTED_EDGE('',*,*,#3799,.F.);
#5191=ORIENTED_EDGE('',*,*,#3792,.F.);
#5192=ORIENTED_EDGE('',*,*,#3800,.F.);
#5193=ORIENTED_EDGE('',*,*,#3797,.T.);
#5194=ORIENTED_EDGE('',*,*,#3801,.F.);
#5195=ORIENTED_EDGE('',*,*,#3795,.F.);
#5196=ORIENTED_EDGE('',*,*,#3802,.F.);
#5197=ORIENTED_EDGE('',*,*,#3803,.T.);
#5198=ORIENTED_EDGE('',*,*,#3804,.F.);
#5199=ORIENTED_EDGE('',*,*,#3803,.F.);
#5200=ORIENTED_EDGE('',*,*,#3805,.F.);
#5201=ORIENTED_EDGE('',*,*,#3787,.T.);
#5202=ORIENTED_EDGE('',*,*,#3806,.F.);
#5203=ORIENTED_EDGE('',*,*,#3807,.F.);
#5204=ORIENTED_EDGE('',*,*,#3808,.F.);
#5205=ORIENTED_EDGE('',*,*,#3809,.T.);
#5206=ORIENTED_EDGE('',*,*,#3810,.F.);
#5207=ORIENTED_EDGE('',*,*,#3811,.F.);
#5208=ORIENTED_EDGE('',*,*,#3812,.F.);
#5209=ORIENTED_EDGE('',*,*,#3813,.T.);
#5210=ORIENTED_EDGE('',*,*,#3814,.F.);
#5211=ORIENTED_EDGE('',*,*,#3809,.F.);
#5212=ORIENTED_EDGE('',*,*,#3815,.F.);
#5213=ORIENTED_EDGE('',*,*,#3816,.T.);
#5214=ORIENTED_EDGE('',*,*,#3817,.F.);
#5215=ORIENTED_EDGE('',*,*,#3813,.F.);
#5216=ORIENTED_EDGE('',*,*,#3818,.F.);
#5217=ORIENTED_EDGE('',*,*,#3819,.T.);
#5218=ORIENTED_EDGE('',*,*,#3820,.F.);
#5219=ORIENTED_EDGE('',*,*,#3821,.F.);
#5220=ORIENTED_EDGE('',*,*,#3822,.F.);
#5221=ORIENTED_EDGE('',*,*,#3807,.T.);
#5222=ORIENTED_EDGE('',*,*,#3823,.F.);
#5223=ORIENTED_EDGE('',*,*,#3816,.F.);
#5224=ORIENTED_EDGE('',*,*,#3824,.F.);
#5225=ORIENTED_EDGE('',*,*,#3821,.T.);
#5226=ORIENTED_EDGE('',*,*,#3825,.F.);
#5227=ORIENTED_EDGE('',*,*,#3819,.F.);
#5228=ORIENTED_EDGE('',*,*,#3826,.F.);
#5229=ORIENTED_EDGE('',*,*,#3827,.T.);
#5230=ORIENTED_EDGE('',*,*,#3828,.F.);
#5231=ORIENTED_EDGE('',*,*,#3827,.F.);
#5232=ORIENTED_EDGE('',*,*,#3829,.F.);
#5233=ORIENTED_EDGE('',*,*,#3811,.T.);
#5234=ORIENTED_EDGE('',*,*,#3830,.F.);
#5235=ORIENTED_EDGE('',*,*,#3831,.T.);
#5236=ORIENTED_EDGE('',*,*,#3832,.F.);
#5237=ORIENTED_EDGE('',*,*,#3833,.F.);
#5238=ORIENTED_EDGE('',*,*,#3834,.F.);
#5239=ORIENTED_EDGE('',*,*,#3833,.T.);
#5240=ORIENTED_EDGE('',*,*,#3835,.F.);
#5241=ORIENTED_EDGE('',*,*,#3836,.F.);
#5242=ORIENTED_EDGE('',*,*,#3837,.F.);
#5243=ORIENTED_EDGE('',*,*,#3836,.T.);
#5244=ORIENTED_EDGE('',*,*,#3838,.F.);
#5245=ORIENTED_EDGE('',*,*,#3839,.F.);
#5246=ORIENTED_EDGE('',*,*,#3840,.F.);
#5247=ORIENTED_EDGE('',*,*,#3839,.T.);
#5248=ORIENTED_EDGE('',*,*,#3841,.F.);
#5249=ORIENTED_EDGE('',*,*,#3842,.F.);
#5250=ORIENTED_EDGE('',*,*,#3843,.F.);
#5251=ORIENTED_EDGE('',*,*,#3844,.T.);
#5252=ORIENTED_EDGE('',*,*,#3845,.F.);
#5253=ORIENTED_EDGE('',*,*,#3831,.F.);
#5254=ORIENTED_EDGE('',*,*,#3846,.F.);
#5255=ORIENTED_EDGE('',*,*,#3842,.T.);
#5256=ORIENTED_EDGE('',*,*,#3847,.F.);
#5257=ORIENTED_EDGE('',*,*,#3844,.F.);
#5258=ORIENTED_EDGE('',*,*,#3841,.T.);
#5259=ORIENTED_EDGE('',*,*,#3838,.T.);
#5260=ORIENTED_EDGE('',*,*,#3835,.T.);
#5261=ORIENTED_EDGE('',*,*,#3832,.T.);
#5262=ORIENTED_EDGE('',*,*,#3845,.T.);
#5263=ORIENTED_EDGE('',*,*,#3847,.T.);
#5264=ORIENTED_EDGE('',*,*,#3801,.T.);
#5265=ORIENTED_EDGE('',*,*,#3804,.T.);
#5266=ORIENTED_EDGE('',*,*,#3786,.T.);
#5267=ORIENTED_EDGE('',*,*,#3793,.T.);
#5268=ORIENTED_EDGE('',*,*,#3848,.F.);
#5269=ORIENTED_EDGE('',*,*,#3849,.T.);
#5270=ORIENTED_EDGE('',*,*,#3850,.F.);
#5271=ORIENTED_EDGE('',*,*,#3851,.F.);
#5272=ORIENTED_EDGE('',*,*,#3852,.F.);
#5273=ORIENTED_EDGE('',*,*,#3851,.T.);
#5274=ORIENTED_EDGE('',*,*,#3853,.F.);
#5275=ORIENTED_EDGE('',*,*,#3854,.F.);
#5276=ORIENTED_EDGE('',*,*,#3855,.F.);
#5277=ORIENTED_EDGE('',*,*,#3854,.T.);
#5278=ORIENTED_EDGE('',*,*,#3856,.F.);
#5279=ORIENTED_EDGE('',*,*,#3857,.F.);
#5280=ORIENTED_EDGE('',*,*,#3858,.F.);
#5281=ORIENTED_EDGE('',*,*,#3857,.T.);
#5282=ORIENTED_EDGE('',*,*,#3859,.F.);
#5283=ORIENTED_EDGE('',*,*,#3860,.F.);
#5284=ORIENTED_EDGE('',*,*,#3861,.F.);
#5285=ORIENTED_EDGE('',*,*,#3862,.T.);
#5286=ORIENTED_EDGE('',*,*,#3863,.F.);
#5287=ORIENTED_EDGE('',*,*,#3849,.F.);
#5288=ORIENTED_EDGE('',*,*,#3864,.F.);
#5289=ORIENTED_EDGE('',*,*,#3860,.T.);
#5290=ORIENTED_EDGE('',*,*,#3865,.F.);
#5291=ORIENTED_EDGE('',*,*,#3862,.F.);
#5292=ORIENTED_EDGE('',*,*,#3859,.T.);
#5293=ORIENTED_EDGE('',*,*,#3856,.T.);
#5294=ORIENTED_EDGE('',*,*,#3853,.T.);
#5295=ORIENTED_EDGE('',*,*,#3850,.T.);
#5296=ORIENTED_EDGE('',*,*,#3863,.T.);
#5297=ORIENTED_EDGE('',*,*,#3865,.T.);
#5298=ORIENTED_EDGE('',*,*,#3715,.F.);
#5299=ORIENTED_EDGE('',*,*,#3866,.T.);
#5300=ORIENTED_EDGE('',*,*,#3867,.T.);
#5301=ORIENTED_EDGE('',*,*,#3868,.T.);
#5302=ORIENTED_EDGE('',*,*,#3714,.F.);
#5303=ORIENTED_EDGE('',*,*,#3869,.F.);
#5304=ORIENTED_EDGE('',*,*,#3870,.T.);
#5305=ORIENTED_EDGE('',*,*,#3871,.T.);
#5306=ORIENTED_EDGE('',*,*,#3872,.T.);
#5307=ORIENTED_EDGE('',*,*,#3873,.T.);
#5308=ORIENTED_EDGE('',*,*,#3874,.T.);
#5309=ORIENTED_EDGE('',*,*,#3866,.F.);
#5310=ORIENTED_EDGE('',*,*,#3705,.T.);
#5311=ORIENTED_EDGE('',*,*,#3702,.T.);
#5312=ORIENTED_EDGE('',*,*,#3700,.T.);
#5313=ORIENTED_EDGE('',*,*,#3708,.T.);
#5314=ORIENTED_EDGE('',*,*,#3875,.F.);
#5315=ORIENTED_EDGE('',*,*,#3876,.F.);
#5316=ORIENTED_EDGE('',*,*,#3877,.F.);
#5317=ORIENTED_EDGE('',*,*,#3878,.F.);
#5318=ORIENTED_EDGE('',*,*,#3879,.F.);
#5319=ORIENTED_EDGE('',*,*,#3873,.F.);
#5320=ORIENTED_EDGE('',*,*,#3880,.T.);
#5321=ORIENTED_EDGE('',*,*,#3881,.T.);
#5322=ORIENTED_EDGE('',*,*,#3882,.T.);
#5323=ORIENTED_EDGE('',*,*,#3876,.T.);
#5324=ORIENTED_EDGE('',*,*,#3883,.F.);
#5325=ORIENTED_EDGE('',*,*,#3878,.T.);
#5326=ORIENTED_EDGE('',*,*,#3884,.T.);
#5327=ORIENTED_EDGE('',*,*,#3885,.T.);
#5328=ORIENTED_EDGE('',*,*,#3886,.T.);
#5329=ORIENTED_EDGE('',*,*,#3871,.F.);
#5330=ORIENTED_EDGE('',*,*,#3872,.F.);
#5331=ORIENTED_EDGE('',*,*,#3886,.F.);
#5332=ORIENTED_EDGE('',*,*,#3887,.T.);
#5333=ORIENTED_EDGE('',*,*,#3880,.F.);
#5334=ORIENTED_EDGE('',*,*,#3230,.T.);
#5335=ORIENTED_EDGE('',*,*,#3227,.T.);
#5336=ORIENTED_EDGE('',*,*,#3224,.T.);
#5337=ORIENTED_EDGE('',*,*,#3221,.T.);
#5338=ORIENTED_EDGE('',*,*,#3214,.T.);
#5339=ORIENTED_EDGE('',*,*,#3209,.T.);
#5340=ORIENTED_EDGE('',*,*,#3220,.T.);
#5341=ORIENTED_EDGE('',*,*,#3216,.T.);
#5342=ORIENTED_EDGE('',*,*,#3202,.T.);
#5343=ORIENTED_EDGE('',*,*,#3197,.T.);
#5344=ORIENTED_EDGE('',*,*,#3208,.T.);
#5345=ORIENTED_EDGE('',*,*,#3204,.T.);
#5346=ORIENTED_EDGE('',*,*,#3190,.T.);
#5347=ORIENTED_EDGE('',*,*,#3185,.T.);
#5348=ORIENTED_EDGE('',*,*,#3196,.T.);
#5349=ORIENTED_EDGE('',*,*,#3192,.T.);
#5350=ORIENTED_EDGE('',*,*,#3178,.T.);
#5351=ORIENTED_EDGE('',*,*,#3173,.T.);
#5352=ORIENTED_EDGE('',*,*,#3184,.T.);
#5353=ORIENTED_EDGE('',*,*,#3180,.T.);
#5354=ORIENTED_EDGE('',*,*,#3167,.T.);
#5355=ORIENTED_EDGE('',*,*,#3720,.T.);
#5356=ORIENTED_EDGE('',*,*,#3169,.T.);
#5357=ORIENTED_EDGE('',*,*,#3718,.T.);
#5358=ORIENTED_EDGE('',*,*,#3159,.T.);
#5359=ORIENTED_EDGE('',*,*,#3724,.T.);
#5360=ORIENTED_EDGE('',*,*,#3161,.T.);
#5361=ORIENTED_EDGE('',*,*,#3722,.T.);
#5362=ORIENTED_EDGE('',*,*,#3151,.T.);
#5363=ORIENTED_EDGE('',*,*,#3728,.T.);
#5364=ORIENTED_EDGE('',*,*,#3153,.T.);
#5365=ORIENTED_EDGE('',*,*,#3726,.T.);
#5366=ORIENTED_EDGE('',*,*,#3143,.T.);
#5367=ORIENTED_EDGE('',*,*,#3732,.T.);
#5368=ORIENTED_EDGE('',*,*,#3145,.T.);
#5369=ORIENTED_EDGE('',*,*,#3730,.T.);
#5370=ORIENTED_EDGE('',*,*,#3888,.T.);
#5371=ORIENTED_EDGE('',*,*,#3881,.F.);
#5372=ORIENTED_EDGE('',*,*,#3887,.F.);
#5373=ORIENTED_EDGE('',*,*,#3885,.F.);
#5374=ORIENTED_EDGE('',*,*,#3877,.T.);
#5375=ORIENTED_EDGE('',*,*,#3882,.F.);
#5376=ORIENTED_EDGE('',*,*,#3888,.F.);
#5377=ORIENTED_EDGE('',*,*,#3884,.F.);
#5378=ORIENTED_EDGE('',*,*,#3232,.T.);
#5379=ORIENTED_EDGE('',*,*,#3229,.T.);
#5380=ORIENTED_EDGE('',*,*,#3226,.T.);
#5381=ORIENTED_EDGE('',*,*,#3223,.T.);
#5382=ORIENTED_EDGE('',*,*,#3213,.T.);
#5383=ORIENTED_EDGE('',*,*,#3218,.T.);
#5384=ORIENTED_EDGE('',*,*,#3219,.T.);
#5385=ORIENTED_EDGE('',*,*,#3211,.T.);
#5386=ORIENTED_EDGE('',*,*,#3201,.T.);
#5387=ORIENTED_EDGE('',*,*,#3206,.T.);
#5388=ORIENTED_EDGE('',*,*,#3207,.T.);
#5389=ORIENTED_EDGE('',*,*,#3199,.T.);
#5390=ORIENTED_EDGE('',*,*,#3189,.T.);
#5391=ORIENTED_EDGE('',*,*,#3194,.T.);
#5392=ORIENTED_EDGE('',*,*,#3195,.T.);
#5393=ORIENTED_EDGE('',*,*,#3187,.T.);
#5394=ORIENTED_EDGE('',*,*,#3177,.T.);
#5395=ORIENTED_EDGE('',*,*,#3182,.T.);
#5396=ORIENTED_EDGE('',*,*,#3183,.T.);
#5397=ORIENTED_EDGE('',*,*,#3175,.T.);
#5398=ORIENTED_EDGE('',*,*,#3165,.T.);
#5399=ORIENTED_EDGE('',*,*,#3719,.T.);
#5400=ORIENTED_EDGE('',*,*,#3171,.T.);
#5401=ORIENTED_EDGE('',*,*,#3721,.T.);
#5402=ORIENTED_EDGE('',*,*,#3157,.T.);
#5403=ORIENTED_EDGE('',*,*,#3723,.T.);
#5404=ORIENTED_EDGE('',*,*,#3163,.T.);
#5405=ORIENTED_EDGE('',*,*,#3725,.T.);
#5406=ORIENTED_EDGE('',*,*,#3149,.T.);
#5407=ORIENTED_EDGE('',*,*,#3727,.T.);
#5408=ORIENTED_EDGE('',*,*,#3155,.T.);
#5409=ORIENTED_EDGE('',*,*,#3729,.T.);
#5410=ORIENTED_EDGE('',*,*,#3141,.T.);
#5411=ORIENTED_EDGE('',*,*,#3731,.T.);
#5412=ORIENTED_EDGE('',*,*,#3147,.T.);
#5413=ORIENTED_EDGE('',*,*,#3733,.T.);
#5414=ORIENTED_EDGE('',*,*,#3717,.F.);
#5415=ORIENTED_EDGE('',*,*,#3889,.T.);
#5416=ORIENTED_EDGE('',*,*,#3890,.T.);
#5417=ORIENTED_EDGE('',*,*,#3869,.T.);
#5418=ORIENTED_EDGE('',*,*,#3883,.T.);
#5419=ORIENTED_EDGE('',*,*,#3870,.F.);
#5420=ORIENTED_EDGE('',*,*,#3890,.F.);
#5421=ORIENTED_EDGE('',*,*,#3891,.T.);
#5422=ORIENTED_EDGE('',*,*,#3867,.F.);
#5423=ORIENTED_EDGE('',*,*,#3874,.F.);
#5424=ORIENTED_EDGE('',*,*,#3879,.T.);
#5425=ORIENTED_EDGE('',*,*,#3875,.T.);
#5426=ORIENTED_EDGE('',*,*,#3716,.F.);
#5427=ORIENTED_EDGE('',*,*,#3868,.F.);
#5428=ORIENTED_EDGE('',*,*,#3891,.F.);
#5429=ORIENTED_EDGE('',*,*,#3889,.F.);
#5430=ORIENTED_EDGE('',*,*,#3858,.T.);
#5431=ORIENTED_EDGE('',*,*,#3864,.T.);
#5432=ORIENTED_EDGE('',*,*,#3861,.T.);
#5433=ORIENTED_EDGE('',*,*,#3848,.T.);
#5434=ORIENTED_EDGE('',*,*,#3852,.T.);
#5435=ORIENTED_EDGE('',*,*,#3855,.T.);
#5436=ORIENTED_EDGE('',*,*,#3892,.F.);
#5437=ORIENTED_EDGE('',*,*,#3893,.F.);
#5438=ORIENTED_EDGE('',*,*,#3894,.T.);
#5439=ORIENTED_EDGE('',*,*,#3895,.T.);
#5440=ORIENTED_EDGE('',*,*,#3896,.F.);
#5441=ORIENTED_EDGE('',*,*,#3895,.F.);
#5442=ORIENTED_EDGE('',*,*,#3897,.F.);
#5443=ORIENTED_EDGE('',*,*,#3898,.T.);
#5444=ORIENTED_EDGE('',*,*,#3899,.F.);
#5445=ORIENTED_EDGE('',*,*,#3898,.F.);
#5446=ORIENTED_EDGE('',*,*,#3900,.T.);
#5447=ORIENTED_EDGE('',*,*,#3901,.T.);
#5448=ORIENTED_EDGE('',*,*,#3902,.F.);
#5449=ORIENTED_EDGE('',*,*,#3901,.F.);
#5450=ORIENTED_EDGE('',*,*,#3903,.F.);
#5451=ORIENTED_EDGE('',*,*,#3904,.T.);
#5452=ORIENTED_EDGE('',*,*,#3905,.F.);
#5453=ORIENTED_EDGE('',*,*,#3904,.F.);
#5454=ORIENTED_EDGE('',*,*,#3906,.F.);
#5455=ORIENTED_EDGE('',*,*,#3907,.T.);
#5456=ORIENTED_EDGE('',*,*,#3908,.F.);
#5457=ORIENTED_EDGE('',*,*,#3907,.F.);
#5458=ORIENTED_EDGE('',*,*,#3909,.F.);
#5459=ORIENTED_EDGE('',*,*,#3893,.T.);
#5460=ORIENTED_EDGE('',*,*,#3900,.F.);
#5461=ORIENTED_EDGE('',*,*,#3897,.T.);
#5462=ORIENTED_EDGE('',*,*,#3894,.F.);
#5463=ORIENTED_EDGE('',*,*,#3909,.T.);
#5464=ORIENTED_EDGE('',*,*,#3906,.T.);
#5465=ORIENTED_EDGE('',*,*,#3903,.T.);
#5466=ORIENTED_EDGE('',*,*,#3910,.T.);
#5467=ORIENTED_EDGE('',*,*,#3911,.F.);
#5468=ORIENTED_EDGE('',*,*,#3912,.T.);
#5469=ORIENTED_EDGE('',*,*,#3913,.T.);
#5470=ORIENTED_EDGE('',*,*,#3914,.T.);
#5471=ORIENTED_EDGE('',*,*,#3915,.F.);
#5472=ORIENTED_EDGE('',*,*,#3916,.T.);
#5473=ORIENTED_EDGE('',*,*,#3911,.T.);
#5474=ORIENTED_EDGE('',*,*,#3753,.T.);
#5475=ORIENTED_EDGE('',*,*,#3756,.T.);
#5476=ORIENTED_EDGE('',*,*,#3738,.T.);
#5477=ORIENTED_EDGE('',*,*,#3745,.T.);
#5478=ORIENTED_EDGE('',*,*,#3777,.T.);
#5479=ORIENTED_EDGE('',*,*,#3780,.T.);
#5480=ORIENTED_EDGE('',*,*,#3762,.T.);
#5481=ORIENTED_EDGE('',*,*,#3769,.T.);
#5482=ORIENTED_EDGE('',*,*,#3825,.T.);
#5483=ORIENTED_EDGE('',*,*,#3828,.T.);
#5484=ORIENTED_EDGE('',*,*,#3810,.T.);
#5485=ORIENTED_EDGE('',*,*,#3817,.T.);
#5486=ORIENTED_EDGE('',*,*,#3840,.T.);
#5487=ORIENTED_EDGE('',*,*,#3846,.T.);
#5488=ORIENTED_EDGE('',*,*,#3843,.T.);
#5489=ORIENTED_EDGE('',*,*,#3830,.T.);
#5490=ORIENTED_EDGE('',*,*,#3834,.T.);
#5491=ORIENTED_EDGE('',*,*,#3837,.T.);
#5492=ORIENTED_EDGE('',*,*,#3130,.T.);
#5493=ORIENTED_EDGE('',*,*,#3125,.T.);
#5494=ORIENTED_EDGE('',*,*,#3917,.T.);
#5495=ORIENTED_EDGE('',*,*,#3918,.F.);
#5496=ORIENTED_EDGE('',*,*,#3919,.T.);
#5497=ORIENTED_EDGE('',*,*,#3915,.T.);
#5498=ORIENTED_EDGE('',*,*,#3920,.T.);
#5499=ORIENTED_EDGE('',*,*,#3713,.F.);
#5500=ORIENTED_EDGE('',*,*,#3921,.F.);
#5501=ORIENTED_EDGE('',*,*,#3918,.T.);
#5502=ORIENTED_EDGE('',*,*,#3754,.T.);
#5503=ORIENTED_EDGE('',*,*,#3746,.T.);
#5504=ORIENTED_EDGE('',*,*,#3740,.T.);
#5505=ORIENTED_EDGE('',*,*,#3757,.T.);
#5506=ORIENTED_EDGE('',*,*,#3778,.T.);
#5507=ORIENTED_EDGE('',*,*,#3770,.T.);
#5508=ORIENTED_EDGE('',*,*,#3764,.T.);
#5509=ORIENTED_EDGE('',*,*,#3781,.T.);
#5510=ORIENTED_EDGE('',*,*,#3802,.T.);
#5511=ORIENTED_EDGE('',*,*,#3794,.T.);
#5512=ORIENTED_EDGE('',*,*,#3788,.T.);
#5513=ORIENTED_EDGE('',*,*,#3805,.T.);
#5514=ORIENTED_EDGE('',*,*,#3826,.T.);
#5515=ORIENTED_EDGE('',*,*,#3818,.T.);
#5516=ORIENTED_EDGE('',*,*,#3812,.T.);
#5517=ORIENTED_EDGE('',*,*,#3829,.T.);
#5518=ORIENTED_EDGE('',*,*,#3128,.T.);
#5519=ORIENTED_EDGE('',*,*,#3123,.T.);
#5520=ORIENTED_EDGE('',*,*,#3922,.T.);
#5521=ORIENTED_EDGE('',*,*,#3923,.F.);
#5522=ORIENTED_EDGE('',*,*,#3924,.T.);
#5523=ORIENTED_EDGE('',*,*,#3711,.T.);
#5524=ORIENTED_EDGE('',*,*,#3751,.T.);
#5525=ORIENTED_EDGE('',*,*,#3748,.T.);
#5526=ORIENTED_EDGE('',*,*,#3734,.T.);
#5527=ORIENTED_EDGE('',*,*,#3742,.T.);
#5528=ORIENTED_EDGE('',*,*,#3775,.T.);
#5529=ORIENTED_EDGE('',*,*,#3772,.T.);
#5530=ORIENTED_EDGE('',*,*,#3758,.T.);
#5531=ORIENTED_EDGE('',*,*,#3766,.T.);
#5532=ORIENTED_EDGE('',*,*,#3799,.T.);
#5533=ORIENTED_EDGE('',*,*,#3796,.T.);
#5534=ORIENTED_EDGE('',*,*,#3782,.T.);
#5535=ORIENTED_EDGE('',*,*,#3790,.T.);
#5536=ORIENTED_EDGE('',*,*,#3823,.T.);
#5537=ORIENTED_EDGE('',*,*,#3820,.T.);
#5538=ORIENTED_EDGE('',*,*,#3806,.T.);
#5539=ORIENTED_EDGE('',*,*,#3814,.T.);
#5540=ORIENTED_EDGE('',*,*,#3139,.T.);
#5541=ORIENTED_EDGE('',*,*,#3134,.T.);
#5542=ORIENTED_EDGE('',*,*,#3925,.T.);
#5543=ORIENTED_EDGE('',*,*,#3926,.F.);
#5544=ORIENTED_EDGE('',*,*,#3927,.T.);
#5545=ORIENTED_EDGE('',*,*,#3923,.T.);
#5546=ORIENTED_EDGE('',*,*,#3928,.T.);
#5547=ORIENTED_EDGE('',*,*,#3929,.F.);
#5548=ORIENTED_EDGE('',*,*,#3930,.F.);
#5549=ORIENTED_EDGE('',*,*,#3926,.T.);
#5550=ORIENTED_EDGE('',*,*,#3752,.T.);
#5551=ORIENTED_EDGE('',*,*,#3743,.T.);
#5552=ORIENTED_EDGE('',*,*,#3736,.T.);
#5553=ORIENTED_EDGE('',*,*,#3750,.T.);
#5554=ORIENTED_EDGE('',*,*,#3776,.T.);
#5555=ORIENTED_EDGE('',*,*,#3767,.T.);
#5556=ORIENTED_EDGE('',*,*,#3760,.T.);
#5557=ORIENTED_EDGE('',*,*,#3774,.T.);
#5558=ORIENTED_EDGE('',*,*,#3800,.T.);
#5559=ORIENTED_EDGE('',*,*,#3791,.T.);
#5560=ORIENTED_EDGE('',*,*,#3784,.T.);
#5561=ORIENTED_EDGE('',*,*,#3798,.T.);
#5562=ORIENTED_EDGE('',*,*,#3824,.T.);
#5563=ORIENTED_EDGE('',*,*,#3815,.T.);
#5564=ORIENTED_EDGE('',*,*,#3808,.T.);
#5565=ORIENTED_EDGE('',*,*,#3822,.T.);
#5566=ORIENTED_EDGE('',*,*,#3902,.T.);
#5567=ORIENTED_EDGE('',*,*,#3905,.T.);
#5568=ORIENTED_EDGE('',*,*,#3908,.T.);
#5569=ORIENTED_EDGE('',*,*,#3892,.T.);
#5570=ORIENTED_EDGE('',*,*,#3896,.T.);
#5571=ORIENTED_EDGE('',*,*,#3899,.T.);
#5572=ORIENTED_EDGE('',*,*,#3138,.T.);
#5573=ORIENTED_EDGE('',*,*,#3133,.T.);
#5574=ORIENTED_EDGE('',*,*,#3931,.T.);
#5575=ORIENTED_EDGE('',*,*,#3932,.F.);
#5576=ORIENTED_EDGE('',*,*,#3933,.T.);
#5577=ORIENTED_EDGE('',*,*,#3929,.T.);
#5578=ORIENTED_EDGE('',*,*,#3934,.T.);
#5579=ORIENTED_EDGE('',*,*,#3913,.F.);
#5580=ORIENTED_EDGE('',*,*,#3935,.T.);
#5581=ORIENTED_EDGE('',*,*,#3932,.T.);
#5582=ORIENTED_EDGE('',*,*,#3120,.T.);
#5583=ORIENTED_EDGE('',*,*,#3115,.T.);
#5584=ORIENTED_EDGE('',*,*,#3110,.T.);
#5585=ORIENTED_EDGE('',*,*,#3105,.T.);
#5586=ORIENTED_EDGE('',*,*,#3910,.F.);
#5587=ORIENTED_EDGE('',*,*,#3934,.F.);
#5588=ORIENTED_EDGE('',*,*,#3931,.F.);
#5589=ORIENTED_EDGE('',*,*,#3928,.F.);
#5590=ORIENTED_EDGE('',*,*,#3925,.F.);
#5591=ORIENTED_EDGE('',*,*,#3922,.F.);
#5592=ORIENTED_EDGE('',*,*,#3710,.F.);
#5593=ORIENTED_EDGE('',*,*,#3920,.F.);
#5594=ORIENTED_EDGE('',*,*,#3917,.F.);
#5595=ORIENTED_EDGE('',*,*,#3914,.F.);
#5596=ORIENTED_EDGE('',*,*,#3935,.F.);
#5597=ORIENTED_EDGE('',*,*,#3912,.F.);
#5598=ORIENTED_EDGE('',*,*,#3916,.F.);
#5599=ORIENTED_EDGE('',*,*,#3919,.F.);
#5600=ORIENTED_EDGE('',*,*,#3921,.T.);
#5601=ORIENTED_EDGE('',*,*,#3712,.T.);
#5602=ORIENTED_EDGE('',*,*,#3924,.F.);
#5603=ORIENTED_EDGE('',*,*,#3927,.F.);
#5604=ORIENTED_EDGE('',*,*,#3930,.T.);
#5605=ORIENTED_EDGE('',*,*,#3933,.F.);
#5606=CYLINDRICAL_SURFACE('',#6299,1.5706);
#5607=CYLINDRICAL_SURFACE('',#6304,1.5706);
#5608=CYLINDRICAL_SURFACE('',#6309,1.5706);
#5609=CYLINDRICAL_SURFACE('',#6314,1.5706);
#5610=CYLINDRICAL_SURFACE('',#6319,1.5706);
#5611=CYLINDRICAL_SURFACE('',#6324,1.5706);
#5612=CYLINDRICAL_SURFACE('',#6332,1.5706);
#5613=CYLINDRICAL_SURFACE('',#6337,1.5706);
#5614=CYLINDRICAL_SURFACE('',#6339,2.99999999998764);
#5615=CYLINDRICAL_SURFACE('',#6342,2.9999999999878);
#5616=CYLINDRICAL_SURFACE('',#6345,2.99999999998764);
#5617=CYLINDRICAL_SURFACE('',#6348,2.9999999999878);
#5618=CYLINDRICAL_SURFACE('',#6351,2.99999999998764);
#5619=CYLINDRICAL_SURFACE('',#6354,2.9999999999878);
#5620=CYLINDRICAL_SURFACE('',#6357,2.99999999998764);
#5621=CYLINDRICAL_SURFACE('',#6360,2.9999999999878);
#5622=CYLINDRICAL_SURFACE('',#6363,20.4999999999184);
#5623=CYLINDRICAL_SURFACE('',#6366,2.99999999998818);
#5624=CYLINDRICAL_SURFACE('',#6369,14.499999999942);
#5625=CYLINDRICAL_SURFACE('',#6372,2.9999999999877);
#5626=CYLINDRICAL_SURFACE('',#6375,20.4999999999184);
#5627=CYLINDRICAL_SURFACE('',#6378,2.99999999998818);
#5628=CYLINDRICAL_SURFACE('',#6381,14.499999999942);
#5629=CYLINDRICAL_SURFACE('',#6384,2.9999999999877);
#5630=CYLINDRICAL_SURFACE('',#6387,20.4999999999184);
#5631=CYLINDRICAL_SURFACE('',#6390,2.99999999998818);
#5632=CYLINDRICAL_SURFACE('',#6393,14.499999999942);
#5633=CYLINDRICAL_SURFACE('',#6396,2.9999999999877);
#5634=CYLINDRICAL_SURFACE('',#6399,20.4999999999184);
#5635=CYLINDRICAL_SURFACE('',#6402,2.99999999998818);
#5636=CYLINDRICAL_SURFACE('',#6405,14.499999999942);
#5637=CYLINDRICAL_SURFACE('',#6408,2.9999999999877);
#5638=CYLINDRICAL_SURFACE('',#6411,2.);
#5639=CYLINDRICAL_SURFACE('',#6414,2.);
#5640=CYLINDRICAL_SURFACE('',#6417,2.);
#5641=CYLINDRICAL_SURFACE('',#6420,2.);
#5642=CYLINDRICAL_SURFACE('',#6423,2.5);
#5643=CYLINDRICAL_SURFACE('',#6426,2.5);
#5644=CYLINDRICAL_SURFACE('',#6429,2.5);
#5645=CYLINDRICAL_SURFACE('',#6432,2.5);
#5646=CYLINDRICAL_SURFACE('',#6435,2.5);
#5647=CYLINDRICAL_SURFACE('',#6443,3.);
#5648=CYLINDRICAL_SURFACE('',#6450,3.);
#5649=CYLINDRICAL_SURFACE('',#6457,3.);
#5650=CYLINDRICAL_SURFACE('',#6464,3.);
#5651=CYLINDRICAL_SURFACE('',#6471,3.);
#5652=CYLINDRICAL_SURFACE('',#6478,3.);
#5653=CYLINDRICAL_SURFACE('',#6485,3.);
#5654=CYLINDRICAL_SURFACE('',#6492,3.);
#5655=CYLINDRICAL_SURFACE('',#6499,3.);
#5656=CYLINDRICAL_SURFACE('',#6657,22.4999999999109);
#5657=CYLINDRICAL_SURFACE('',#6660,28.4999999998864);
#5658=CYLINDRICAL_SURFACE('',#6663,22.4999999999109);
#5659=CYLINDRICAL_SURFACE('',#6666,28.4999999998864);
#5660=CYLINDRICAL_SURFACE('',#6669,22.4999999999109);
#5661=CYLINDRICAL_SURFACE('',#6672,28.4999999998864);
#5662=CYLINDRICAL_SURFACE('',#6675,22.4999999999109);
#5663=CYLINDRICAL_SURFACE('',#6678,28.4999999998864);
#5664=CYLINDRICAL_SURFACE('',#6714,2.5);
#5665=CYLINDRICAL_SURFACE('',#6718,2.5);
#5666=CYLINDRICAL_SURFACE('',#6725,2.5);
#5667=CYLINDRICAL_SURFACE('',#6729,2.5);
#5668=CYLINDRICAL_SURFACE('',#6749,2.5);
#5669=CYLINDRICAL_SURFACE('',#6753,2.5);
#5670=CYLINDRICAL_SURFACE('',#6757,2.1);
#5671=CYLINDRICAL_SURFACE('',#6766,2.1);
#5672=STYLED_ITEM('',(#10104),#5979);
#5673=STYLED_ITEM('',(#10104),#5980);
#5674=STYLED_ITEM('',(#10104),#5981);
#5675=STYLED_ITEM('',(#10104),#5982);
#5676=STYLED_ITEM('',(#10104),#5983);
#5677=STYLED_ITEM('',(#10104),#5984);
#5678=STYLED_ITEM('',(#10104),#5985);
#5679=STYLED_ITEM('',(#10104),#5986);
#5680=STYLED_ITEM('',(#10104),#5987);
#5681=STYLED_ITEM('',(#10104),#5988);
#5682=STYLED_ITEM('',(#10104),#5989);
#5683=STYLED_ITEM('',(#10104),#5990);
#5684=STYLED_ITEM('',(#10104),#5991);
#5685=STYLED_ITEM('',(#10104),#5992);
#5686=STYLED_ITEM('',(#10104),#5993);
#5687=STYLED_ITEM('',(#10104),#5994);
#5688=STYLED_ITEM('',(#10104),#5995);
#5689=STYLED_ITEM('',(#10104),#5996);
#5690=STYLED_ITEM('',(#10104),#5997);
#5691=STYLED_ITEM('',(#10104),#5998);
#5692=STYLED_ITEM('',(#10104),#5999);
#5693=STYLED_ITEM('',(#10104),#6000);
#5694=STYLED_ITEM('',(#10104),#6001);
#5695=STYLED_ITEM('',(#10104),#6002);
#5696=STYLED_ITEM('',(#10104),#6003);
#5697=STYLED_ITEM('',(#10104),#6004);
#5698=STYLED_ITEM('',(#10104),#6005);
#5699=STYLED_ITEM('',(#10104),#6006);
#5700=STYLED_ITEM('',(#10104),#6007);
#5701=STYLED_ITEM('',(#10104),#6008);
#5702=STYLED_ITEM('',(#10104),#6009);
#5703=STYLED_ITEM('',(#10104),#6010);
#5704=STYLED_ITEM('',(#10104),#6011);
#5705=STYLED_ITEM('',(#10104),#6012);
#5706=STYLED_ITEM('',(#10104),#6013);
#5707=STYLED_ITEM('',(#10104),#6014);
#5708=STYLED_ITEM('',(#10104),#6015);
#5709=STYLED_ITEM('',(#10104),#6016);
#5710=STYLED_ITEM('',(#10104),#6017);
#5711=STYLED_ITEM('',(#10104),#6018);
#5712=STYLED_ITEM('',(#10104),#6019);
#5713=STYLED_ITEM('',(#10104),#6020);
#5714=STYLED_ITEM('',(#10104),#6021);
#5715=STYLED_ITEM('',(#10104),#6022);
#5716=STYLED_ITEM('',(#10105),#6023);
#5717=STYLED_ITEM('',(#10105),#6024);
#5718=STYLED_ITEM('',(#10105),#6025);
#5719=STYLED_ITEM('',(#10105),#6026);
#5720=STYLED_ITEM('',(#10105),#6027);
#5721=STYLED_ITEM('',(#10106),#6028);
#5722=STYLED_ITEM('',(#10106),#6029);
#5723=STYLED_ITEM('',(#10106),#6030);
#5724=STYLED_ITEM('',(#10106),#6031);
#5725=STYLED_ITEM('',(#10106),#6032);
#5726=STYLED_ITEM('',(#10106),#6033);
#5727=STYLED_ITEM('',(#10106),#6034);
#5728=STYLED_ITEM('',(#10106),#6035);
#5729=STYLED_ITEM('',(#10106),#6036);
#5730=STYLED_ITEM('',(#10106),#6037);
#5731=STYLED_ITEM('',(#10106),#6038);
#5732=STYLED_ITEM('',(#10106),#6039);
#5733=STYLED_ITEM('',(#10106),#6040);
#5734=STYLED_ITEM('',(#10106),#6041);
#5735=STYLED_ITEM('',(#10106),#6042);
#5736=STYLED_ITEM('',(#10106),#6043);
#5737=STYLED_ITEM('',(#10106),#6044);
#5738=STYLED_ITEM('',(#10106),#6045);
#5739=STYLED_ITEM('',(#10107),#6046);
#5740=STYLED_ITEM('',(#10107),#6047);
#5741=STYLED_ITEM('',(#10106),#6048);
#5742=STYLED_ITEM('',(#10106),#6049);
#5743=STYLED_ITEM('',(#10106),#6050);
#5744=STYLED_ITEM('',(#10106),#6051);
#5745=STYLED_ITEM('',(#10106),#6052);
#5746=STYLED_ITEM('',(#10106),#6053);
#5747=STYLED_ITEM('',(#10106),#6054);
#5748=STYLED_ITEM('',(#10106),#6055);
#5749=STYLED_ITEM('',(#10106),#6056);
#5750=STYLED_ITEM('',(#10106),#6057);
#5751=STYLED_ITEM('',(#10106),#6058);
#5752=STYLED_ITEM('',(#10106),#6059);
#5753=STYLED_ITEM('',(#10106),#6060);
#5754=STYLED_ITEM('',(#10106),#6061);
#5755=STYLED_ITEM('',(#10106),#6062);
#5756=STYLED_ITEM('',(#10106),#6063);
#5757=STYLED_ITEM('',(#10106),#6064);
#5758=STYLED_ITEM('',(#10106),#6065);
#5759=STYLED_ITEM('',(#10106),#6066);
#5760=STYLED_ITEM('',(#10106),#6067);
#5761=STYLED_ITEM('',(#10106),#6068);
#5762=STYLED_ITEM('',(#10106),#6069);
#5763=STYLED_ITEM('',(#10106),#6070);
#5764=STYLED_ITEM('',(#10106),#6071);
#5765=STYLED_ITEM('',(#10106),#6072);
#5766=STYLED_ITEM('',(#10106),#6073);
#5767=STYLED_ITEM('',(#10106),#6074);
#5768=STYLED_ITEM('',(#10106),#6075);
#5769=STYLED_ITEM('',(#10106),#6076);
#5770=STYLED_ITEM('',(#10106),#6077);
#5771=STYLED_ITEM('',(#10106),#6078);
#5772=STYLED_ITEM('',(#10106),#6079);
#5773=STYLED_ITEM('',(#10106),#6080);
#5774=STYLED_ITEM('',(#10106),#6081);
#5775=STYLED_ITEM('',(#10106),#6082);
#5776=STYLED_ITEM('',(#10106),#6083);
#5777=STYLED_ITEM('',(#10106),#6084);
#5778=STYLED_ITEM('',(#10106),#6085);
#5779=STYLED_ITEM('',(#10106),#6086);
#5780=STYLED_ITEM('',(#10106),#6087);
#5781=STYLED_ITEM('',(#10106),#6088);
#5782=STYLED_ITEM('',(#10106),#6089);
#5783=STYLED_ITEM('',(#10106),#6090);
#5784=STYLED_ITEM('',(#10106),#6091);
#5785=STYLED_ITEM('',(#10106),#6092);
#5786=STYLED_ITEM('',(#10106),#6093);
#5787=STYLED_ITEM('',(#10106),#6094);
#5788=STYLED_ITEM('',(#10106),#6095);
#5789=STYLED_ITEM('',(#10106),#6096);
#5790=STYLED_ITEM('',(#10106),#6097);
#5791=STYLED_ITEM('',(#10106),#6098);
#5792=STYLED_ITEM('',(#10106),#6099);
#5793=STYLED_ITEM('',(#10106),#6100);
#5794=STYLED_ITEM('',(#10106),#6101);
#5795=STYLED_ITEM('',(#10106),#6102);
#5796=STYLED_ITEM('',(#10106),#6103);
#5797=STYLED_ITEM('',(#10106),#6104);
#5798=STYLED_ITEM('',(#10106),#6105);
#5799=STYLED_ITEM('',(#10106),#6106);
#5800=STYLED_ITEM('',(#10106),#6107);
#5801=STYLED_ITEM('',(#10106),#6108);
#5802=STYLED_ITEM('',(#10106),#6109);
#5803=STYLED_ITEM('',(#10106),#6110);
#5804=STYLED_ITEM('',(#10106),#6111);
#5805=STYLED_ITEM('',(#10106),#6112);
#5806=STYLED_ITEM('',(#10106),#6113);
#5807=STYLED_ITEM('',(#10106),#6114);
#5808=STYLED_ITEM('',(#10106),#6115);
#5809=STYLED_ITEM('',(#10106),#6116);
#5810=STYLED_ITEM('',(#10106),#6117);
#5811=STYLED_ITEM('',(#10106),#6118);
#5812=STYLED_ITEM('',(#10106),#6119);
#5813=STYLED_ITEM('',(#10107),#6120);
#5814=STYLED_ITEM('',(#10107),#6121);
#5815=STYLED_ITEM('',(#10107),#6122);
#5816=STYLED_ITEM('',(#10107),#6123);
#5817=STYLED_ITEM('',(#10107),#6124);
#5818=STYLED_ITEM('',(#10107),#6125);
#5819=STYLED_ITEM('',(#10107),#6126);
#5820=STYLED_ITEM('',(#10107),#6127);
#5821=STYLED_ITEM('',(#10107),#6128);
#5822=STYLED_ITEM('',(#10107),#6129);
#5823=STYLED_ITEM('',(#10107),#6130);
#5824=STYLED_ITEM('',(#10107),#6131);
#5825=STYLED_ITEM('',(#10107),#6132);
#5826=STYLED_ITEM('',(#10107),#6133);
#5827=STYLED_ITEM('',(#10107),#6134);
#5828=STYLED_ITEM('',(#10107),#6135);
#5829=STYLED_ITEM('',(#10107),#6136);
#5830=STYLED_ITEM('',(#10107),#6137);
#5831=STYLED_ITEM('',(#10107),#6138);
#5832=STYLED_ITEM('',(#10107),#6139);
#5833=STYLED_ITEM('',(#10107),#6140);
#5834=STYLED_ITEM('',(#10107),#6141);
#5835=STYLED_ITEM('',(#10107),#6142);
#5836=STYLED_ITEM('',(#10107),#6143);
#5837=STYLED_ITEM('',(#10107),#6144);
#5838=STYLED_ITEM('',(#10107),#6145);
#5839=STYLED_ITEM('',(#10107),#6146);
#5840=STYLED_ITEM('',(#10107),#6147);
#5841=STYLED_ITEM('',(#10107),#6148);
#5842=STYLED_ITEM('',(#10107),#6149);
#5843=STYLED_ITEM('',(#10107),#6150);
#5844=STYLED_ITEM('',(#10107),#6151);
#5845=STYLED_ITEM('',(#10107),#6152);
#5846=STYLED_ITEM('',(#10107),#6153);
#5847=STYLED_ITEM('',(#10107),#6154);
#5848=STYLED_ITEM('',(#10107),#6155);
#5849=STYLED_ITEM('',(#10107),#6156);
#5850=STYLED_ITEM('',(#10107),#6157);
#5851=STYLED_ITEM('',(#10107),#6158);
#5852=STYLED_ITEM('',(#10107),#6159);
#5853=STYLED_ITEM('',(#10107),#6160);
#5854=STYLED_ITEM('',(#10107),#6161);
#5855=STYLED_ITEM('',(#10107),#6162);
#5856=STYLED_ITEM('',(#10107),#6163);
#5857=STYLED_ITEM('',(#10107),#6164);
#5858=STYLED_ITEM('',(#10107),#6165);
#5859=STYLED_ITEM('',(#10107),#6166);
#5860=STYLED_ITEM('',(#10107),#6167);
#5861=STYLED_ITEM('',(#10107),#6168);
#5862=STYLED_ITEM('',(#10107),#6169);
#5863=STYLED_ITEM('',(#10107),#6170);
#5864=STYLED_ITEM('',(#10107),#6171);
#5865=STYLED_ITEM('',(#10107),#6172);
#5866=STYLED_ITEM('',(#10107),#6173);
#5867=STYLED_ITEM('',(#10107),#6174);
#5868=STYLED_ITEM('',(#10107),#6175);
#5869=STYLED_ITEM('',(#10107),#6176);
#5870=STYLED_ITEM('',(#10107),#6177);
#5871=STYLED_ITEM('',(#10107),#6178);
#5872=STYLED_ITEM('',(#10107),#6179);
#5873=STYLED_ITEM('',(#10107),#6180);
#5874=STYLED_ITEM('',(#10107),#6181);
#5875=STYLED_ITEM('',(#10107),#6182);
#5876=STYLED_ITEM('',(#10107),#6183);
#5877=STYLED_ITEM('',(#10107),#6184);
#5878=STYLED_ITEM('',(#10107),#6185);
#5879=STYLED_ITEM('',(#10107),#6186);
#5880=STYLED_ITEM('',(#10107),#6187);
#5881=STYLED_ITEM('',(#10107),#6188);
#5882=STYLED_ITEM('',(#10107),#6189);
#5883=STYLED_ITEM('',(#10107),#6190);
#5884=STYLED_ITEM('',(#10107),#6191);
#5885=STYLED_ITEM('',(#10107),#6192);
#5886=STYLED_ITEM('',(#10107),#6193);
#5887=STYLED_ITEM('',(#10107),#6194);
#5888=STYLED_ITEM('',(#10107),#6195);
#5889=STYLED_ITEM('',(#10105),#6196);
#5890=STYLED_ITEM('',(#10105),#6197);
#5891=STYLED_ITEM('',(#10105),#6198);
#5892=STYLED_ITEM('',(#10105),#6199);
#5893=STYLED_ITEM('',(#10105),#6200);
#5894=STYLED_ITEM('',(#10104),#6201);
#5895=STYLED_ITEM('',(#10104),#6202);
#5896=STYLED_ITEM('',(#10104),#6203);
#5897=STYLED_ITEM('',(#10104),#6204);
#5898=STYLED_ITEM('',(#10104),#6205);
#5899=STYLED_ITEM('',(#10104),#6206);
#5900=STYLED_ITEM('',(#10104),#6207);
#5901=STYLED_ITEM('',(#10104),#6208);
#5902=STYLED_ITEM('',(#10104),#6209);
#5903=STYLED_ITEM('',(#10104),#6210);
#5904=STYLED_ITEM('',(#10104),#6211);
#5905=STYLED_ITEM('',(#10104),#6212);
#5906=STYLED_ITEM('',(#10104),#6213);
#5907=STYLED_ITEM('',(#10104),#6214);
#5908=STYLED_ITEM('',(#10104),#6215);
#5909=STYLED_ITEM('',(#10104),#6216);
#5910=STYLED_ITEM('',(#10104),#6217);
#5911=STYLED_ITEM('',(#10104),#6218);
#5912=STYLED_ITEM('',(#10104),#6219);
#5913=STYLED_ITEM('',(#10104),#6220);
#5914=STYLED_ITEM('',(#10104),#6221);
#5915=STYLED_ITEM('',(#10104),#6222);
#5916=STYLED_ITEM('',(#10104),#6223);
#5917=STYLED_ITEM('',(#10104),#6224);
#5918=STYLED_ITEM('',(#10104),#6225);
#5919=STYLED_ITEM('',(#10104),#6226);
#5920=STYLED_ITEM('',(#10104),#6227);
#5921=STYLED_ITEM('',(#10104),#6228);
#5922=STYLED_ITEM('',(#10104),#6229);
#5923=STYLED_ITEM('',(#10104),#6230);
#5924=STYLED_ITEM('',(#10104),#6231);
#5925=STYLED_ITEM('',(#10104),#6232);
#5926=STYLED_ITEM('',(#10104),#6233);
#5927=STYLED_ITEM('',(#10104),#6234);
#5928=STYLED_ITEM('',(#10104),#6235);
#5929=STYLED_ITEM('',(#10104),#6236);
#5930=STYLED_ITEM('',(#10104),#6237);
#5931=STYLED_ITEM('',(#10104),#6238);
#5932=STYLED_ITEM('',(#10104),#6239);
#5933=STYLED_ITEM('',(#10104),#6240);
#5934=STYLED_ITEM('',(#10104),#6241);
#5935=STYLED_ITEM('',(#10104),#6242);
#5936=STYLED_ITEM('',(#10104),#6243);
#5937=STYLED_ITEM('',(#10104),#6244);
#5938=STYLED_ITEM('',(#10104),#6245);
#5939=STYLED_ITEM('',(#10104),#6246);
#5940=STYLED_ITEM('',(#10104),#6247);
#5941=STYLED_ITEM('',(#10104),#6248);
#5942=STYLED_ITEM('',(#10104),#6249);
#5943=STYLED_ITEM('',(#10104),#6250);
#5944=STYLED_ITEM('',(#10104),#6251);
#5945=STYLED_ITEM('',(#10104),#6252);
#5946=STYLED_ITEM('',(#10104),#6253);
#5947=STYLED_ITEM('',(#10104),#6254);
#5948=STYLED_ITEM('',(#10104),#6255);
#5949=STYLED_ITEM('',(#10104),#6256);
#5950=STYLED_ITEM('',(#10104),#6257);
#5951=STYLED_ITEM('',(#10104),#6258);
#5952=STYLED_ITEM('',(#10104),#6259);
#5953=STYLED_ITEM('',(#10104),#6260);
#5954=STYLED_ITEM('',(#10104),#6261);
#5955=STYLED_ITEM('',(#10104),#6262);
#5956=STYLED_ITEM('',(#10104),#6263);
#5957=STYLED_ITEM('',(#10104),#6264);
#5958=STYLED_ITEM('',(#10104),#6265);
#5959=STYLED_ITEM('',(#10104),#6266);
#5960=STYLED_ITEM('',(#10104),#6267);
#5961=STYLED_ITEM('',(#10104),#6268);
#5962=STYLED_ITEM('',(#10104),#6269);
#5963=STYLED_ITEM('',(#10104),#6270);
#5964=STYLED_ITEM('',(#10104),#6271);
#5965=STYLED_ITEM('',(#10104),#6272);
#5966=STYLED_ITEM('',(#10104),#6273);
#5967=STYLED_ITEM('',(#10104),#6274);
#5968=STYLED_ITEM('',(#10104),#6275);
#5969=STYLED_ITEM('',(#10104),#6276);
#5970=STYLED_ITEM('',(#10104),#6277);
#5971=STYLED_ITEM('',(#10104),#6278);
#5972=STYLED_ITEM('',(#10104),#6279);
#5973=STYLED_ITEM('',(#10104),#6280);
#5974=STYLED_ITEM('',(#10104),#6281);
#5975=STYLED_ITEM('',(#10104),#6282);
#5976=STYLED_ITEM('',(#10104),#6283);
#5977=STYLED_ITEM('',(#10104),#6284);
#5978=STYLED_ITEM('',(#10103),#13);
#5979=ADVANCED_FACE('',(#343),#5606,.F.);
#5980=ADVANCED_FACE('',(#344),#335,.F.);
#5981=ADVANCED_FACE('',(#345),#5607,.F.);
#5982=ADVANCED_FACE('',(#346),#336,.F.);
#5983=ADVANCED_FACE('',(#347),#5608,.F.);
#5984=ADVANCED_FACE('',(#348),#337,.F.);
#5985=ADVANCED_FACE('',(#349),#5609,.F.);
#5986=ADVANCED_FACE('',(#350),#338,.F.);
#5987=ADVANCED_FACE('',(#351),#5610,.F.);
#5988=ADVANCED_FACE('',(#352),#339,.F.);
#5989=ADVANCED_FACE('',(#353),#5611,.F.);
#5990=ADVANCED_FACE('',(#354),#340,.F.);
#5991=ADVANCED_FACE('',(#355),#341,.F.);
#5992=ADVANCED_FACE('',(#356),#5612,.F.);
#5993=ADVANCED_FACE('',(#357),#342,.F.);
#5994=ADVANCED_FACE('',(#358),#5613,.F.);
#5995=ADVANCED_FACE('',(#359),#5614,.F.);
#5996=ADVANCED_FACE('',(#360),#5615,.F.);
#5997=ADVANCED_FACE('',(#361),#5616,.F.);
#5998=ADVANCED_FACE('',(#362),#5617,.F.);
#5999=ADVANCED_FACE('',(#363),#5618,.F.);
#6000=ADVANCED_FACE('',(#364),#5619,.F.);
#6001=ADVANCED_FACE('',(#365),#5620,.F.);
#6002=ADVANCED_FACE('',(#366),#5621,.F.);
#6003=ADVANCED_FACE('',(#367),#5622,.F.);
#6004=ADVANCED_FACE('',(#368),#5623,.F.);
#6005=ADVANCED_FACE('',(#369),#5624,.T.);
#6006=ADVANCED_FACE('',(#370),#5625,.F.);
#6007=ADVANCED_FACE('',(#371),#5626,.F.);
#6008=ADVANCED_FACE('',(#372),#5627,.F.);
#6009=ADVANCED_FACE('',(#373),#5628,.T.);
#6010=ADVANCED_FACE('',(#374),#5629,.F.);
#6011=ADVANCED_FACE('',(#375),#5630,.F.);
#6012=ADVANCED_FACE('',(#376),#5631,.F.);
#6013=ADVANCED_FACE('',(#377),#5632,.T.);
#6014=ADVANCED_FACE('',(#378),#5633,.F.);
#6015=ADVANCED_FACE('',(#379),#5634,.F.);
#6016=ADVANCED_FACE('',(#380),#5635,.F.);
#6017=ADVANCED_FACE('',(#381),#5636,.T.);
#6018=ADVANCED_FACE('',(#382),#5637,.F.);
#6019=ADVANCED_FACE('',(#383),#5638,.F.);
#6020=ADVANCED_FACE('',(#384),#5639,.F.);
#6021=ADVANCED_FACE('',(#385),#5640,.F.);
#6022=ADVANCED_FACE('',(#386),#5641,.F.);
#6023=ADVANCED_FACE('',(#387),#5642,.T.);
#6024=ADVANCED_FACE('',(#388),#5643,.T.);
#6025=ADVANCED_FACE('',(#389),#5644,.T.);
#6026=ADVANCED_FACE('',(#390),#5645,.T.);
#6027=ADVANCED_FACE('',(#391),#5646,.T.);
#6028=ADVANCED_FACE('',(#392),#326,.T.);
#6029=ADVANCED_FACE('',(#393),#5647,.T.);
#6030=ADVANCED_FACE('',(#394),#327,.T.);
#6031=ADVANCED_FACE('',(#395),#5648,.T.);
#6032=ADVANCED_FACE('',(#396),#328,.T.);
#6033=ADVANCED_FACE('',(#397),#5649,.T.);
#6034=ADVANCED_FACE('',(#398),#329,.T.);
#6035=ADVANCED_FACE('',(#399),#5650,.T.);
#6036=ADVANCED_FACE('',(#400),#330,.T.);
#6037=ADVANCED_FACE('',(#401),#5651,.T.);
#6038=ADVANCED_FACE('',(#402),#331,.T.);
#6039=ADVANCED_FACE('',(#403),#5652,.T.);
#6040=ADVANCED_FACE('',(#404),#332,.T.);
#6041=ADVANCED_FACE('',(#405),#5653,.T.);
#6042=ADVANCED_FACE('',(#406),#333,.T.);
#6043=ADVANCED_FACE('',(#407),#5654,.T.);
#6044=ADVANCED_FACE('',(#408),#334,.T.);
#6045=ADVANCED_FACE('',(#409),#5655,.T.);
#6046=ADVANCED_FACE('',(#410),#103,.F.);
#6047=ADVANCED_FACE('',(#411),#104,.T.);
#6048=ADVANCED_FACE('',(#412),#105,.F.);
#6049=ADVANCED_FACE('',(#413),#106,.F.);
#6050=ADVANCED_FACE('',(#414),#107,.F.);
#6051=ADVANCED_FACE('',(#415),#108,.F.);
#6052=ADVANCED_FACE('',(#416),#109,.F.);
#6053=ADVANCED_FACE('',(#417),#110,.F.);
#6054=ADVANCED_FACE('',(#418),#111,.F.);
#6055=ADVANCED_FACE('',(#419,#14),#112,.T.);
#6056=ADVANCED_FACE('',(#420),#113,.F.);
#6057=ADVANCED_FACE('',(#421),#114,.F.);
#6058=ADVANCED_FACE('',(#422),#115,.F.);
#6059=ADVANCED_FACE('',(#423),#116,.F.);
#6060=ADVANCED_FACE('',(#424),#117,.F.);
#6061=ADVANCED_FACE('',(#425),#118,.F.);
#6062=ADVANCED_FACE('',(#426),#119,.F.);
#6063=ADVANCED_FACE('',(#427,#15),#120,.T.);
#6064=ADVANCED_FACE('',(#428),#121,.F.);
#6065=ADVANCED_FACE('',(#429),#122,.F.);
#6066=ADVANCED_FACE('',(#430),#123,.F.);
#6067=ADVANCED_FACE('',(#431),#124,.F.);
#6068=ADVANCED_FACE('',(#432),#125,.F.);
#6069=ADVANCED_FACE('',(#433),#126,.F.);
#6070=ADVANCED_FACE('',(#434),#127,.F.);
#6071=ADVANCED_FACE('',(#435,#16),#128,.T.);
#6072=ADVANCED_FACE('',(#436),#129,.F.);
#6073=ADVANCED_FACE('',(#437),#130,.F.);
#6074=ADVANCED_FACE('',(#438),#131,.F.);
#6075=ADVANCED_FACE('',(#439),#132,.F.);
#6076=ADVANCED_FACE('',(#440),#133,.F.);
#6077=ADVANCED_FACE('',(#441),#134,.F.);
#6078=ADVANCED_FACE('',(#442),#135,.F.);
#6079=ADVANCED_FACE('',(#443,#17),#136,.T.);
#6080=ADVANCED_FACE('',(#444),#137,.F.);
#6081=ADVANCED_FACE('',(#445),#138,.F.);
#6082=ADVANCED_FACE('',(#446),#139,.F.);
#6083=ADVANCED_FACE('',(#447),#140,.F.);
#6084=ADVANCED_FACE('',(#448),#141,.F.);
#6085=ADVANCED_FACE('',(#449),#142,.F.);
#6086=ADVANCED_FACE('',(#450),#143,.F.);
#6087=ADVANCED_FACE('',(#451,#18),#144,.T.);
#6088=ADVANCED_FACE('',(#452),#145,.F.);
#6089=ADVANCED_FACE('',(#453),#146,.F.);
#6090=ADVANCED_FACE('',(#454),#147,.F.);
#6091=ADVANCED_FACE('',(#455),#148,.F.);
#6092=ADVANCED_FACE('',(#456),#149,.F.);
#6093=ADVANCED_FACE('',(#457),#150,.F.);
#6094=ADVANCED_FACE('',(#458),#151,.F.);
#6095=ADVANCED_FACE('',(#459,#19),#152,.T.);
#6096=ADVANCED_FACE('',(#460),#153,.F.);
#6097=ADVANCED_FACE('',(#461),#154,.F.);
#6098=ADVANCED_FACE('',(#462),#155,.F.);
#6099=ADVANCED_FACE('',(#463),#156,.F.);
#6100=ADVANCED_FACE('',(#464),#157,.F.);
#6101=ADVANCED_FACE('',(#465),#158,.F.);
#6102=ADVANCED_FACE('',(#466),#159,.F.);
#6103=ADVANCED_FACE('',(#467,#20),#160,.T.);
#6104=ADVANCED_FACE('',(#468),#161,.F.);
#6105=ADVANCED_FACE('',(#469),#162,.F.);
#6106=ADVANCED_FACE('',(#470),#163,.F.);
#6107=ADVANCED_FACE('',(#471),#164,.F.);
#6108=ADVANCED_FACE('',(#472),#165,.F.);
#6109=ADVANCED_FACE('',(#473),#166,.F.);
#6110=ADVANCED_FACE('',(#474),#167,.F.);
#6111=ADVANCED_FACE('',(#475,#21),#168,.T.);
#6112=ADVANCED_FACE('',(#476),#169,.F.);
#6113=ADVANCED_FACE('',(#477),#170,.F.);
#6114=ADVANCED_FACE('',(#478),#171,.F.);
#6115=ADVANCED_FACE('',(#479),#172,.F.);
#6116=ADVANCED_FACE('',(#480),#173,.F.);
#6117=ADVANCED_FACE('',(#481),#174,.F.);
#6118=ADVANCED_FACE('',(#482),#175,.F.);
#6119=ADVANCED_FACE('',(#483,#22),#176,.T.);
#6120=ADVANCED_FACE('',(#484),#177,.F.);
#6121=ADVANCED_FACE('',(#485),#178,.F.);
#6122=ADVANCED_FACE('',(#486),#179,.F.);
#6123=ADVANCED_FACE('',(#487),#180,.F.);
#6124=ADVANCED_FACE('',(#488),#181,.F.);
#6125=ADVANCED_FACE('',(#489),#182,.F.);
#6126=ADVANCED_FACE('',(#490),#183,.F.);
#6127=ADVANCED_FACE('',(#491),#184,.F.);
#6128=ADVANCED_FACE('',(#492),#185,.F.);
#6129=ADVANCED_FACE('',(#493),#186,.F.);
#6130=ADVANCED_FACE('',(#494),#187,.F.);
#6131=ADVANCED_FACE('',(#495),#188,.F.);
#6132=ADVANCED_FACE('',(#496),#189,.F.);
#6133=ADVANCED_FACE('',(#497),#190,.F.);
#6134=ADVANCED_FACE('',(#498),#191,.F.);
#6135=ADVANCED_FACE('',(#499),#192,.F.);
#6136=ADVANCED_FACE('',(#500),#193,.F.);
#6137=ADVANCED_FACE('',(#501),#194,.F.);
#6138=ADVANCED_FACE('',(#502),#195,.F.);
#6139=ADVANCED_FACE('',(#503),#196,.F.);
#6140=ADVANCED_FACE('',(#504),#197,.F.);
#6141=ADVANCED_FACE('',(#505),#198,.F.);
#6142=ADVANCED_FACE('',(#506),#199,.F.);
#6143=ADVANCED_FACE('',(#507),#200,.F.);
#6144=ADVANCED_FACE('',(#508),#201,.F.);
#6145=ADVANCED_FACE('',(#509),#202,.F.);
#6146=ADVANCED_FACE('',(#510),#203,.F.);
#6147=ADVANCED_FACE('',(#511),#204,.T.);
#6148=ADVANCED_FACE('',(#512,#23),#205,.T.);
#6149=ADVANCED_FACE('',(#513),#206,.T.);
#6150=ADVANCED_FACE('',(#514,#24),#207,.T.);
#6151=ADVANCED_FACE('',(#515),#208,.T.);
#6152=ADVANCED_FACE('',(#516,#25),#209,.T.);
#6153=ADVANCED_FACE('',(#517),#210,.T.);
#6154=ADVANCED_FACE('',(#518,#26),#211,.T.);
#6155=ADVANCED_FACE('',(#519),#212,.T.);
#6156=ADVANCED_FACE('',(#520,#27),#213,.T.);
#6157=ADVANCED_FACE('',(#521),#214,.T.);
#6158=ADVANCED_FACE('',(#522,#28),#215,.T.);
#6159=ADVANCED_FACE('',(#523),#216,.T.);
#6160=ADVANCED_FACE('',(#524,#29),#217,.T.);
#6161=ADVANCED_FACE('',(#525),#218,.T.);
#6162=ADVANCED_FACE('',(#526,#30),#219,.T.);
#6163=ADVANCED_FACE('',(#527),#220,.T.);
#6164=ADVANCED_FACE('',(#528,#31),#221,.T.);
#6165=ADVANCED_FACE('',(#529),#222,.T.);
#6166=ADVANCED_FACE('',(#530),#223,.T.);
#6167=ADVANCED_FACE('',(#531),#224,.T.);
#6168=ADVANCED_FACE('',(#532),#225,.T.);
#6169=ADVANCED_FACE('',(#533),#226,.T.);
#6170=ADVANCED_FACE('',(#534),#227,.T.);
#6171=ADVANCED_FACE('',(#535),#228,.T.);
#6172=ADVANCED_FACE('',(#536),#229,.T.);
#6173=ADVANCED_FACE('',(#537),#230,.T.);
#6174=ADVANCED_FACE('',(#538),#231,.T.);
#6175=ADVANCED_FACE('',(#539),#232,.T.);
#6176=ADVANCED_FACE('',(#540),#233,.T.);
#6177=ADVANCED_FACE('',(#541),#234,.T.);
#6178=ADVANCED_FACE('',(#542),#235,.T.);
#6179=ADVANCED_FACE('',(#543),#236,.T.);
#6180=ADVANCED_FACE('',(#544),#237,.T.);
#6181=ADVANCED_FACE('',(#545),#238,.T.);
#6182=ADVANCED_FACE('',(#546),#239,.T.);
#6183=ADVANCED_FACE('',(#547),#240,.T.);
#6184=ADVANCED_FACE('',(#548),#241,.T.);
#6185=ADVANCED_FACE('',(#549),#242,.T.);
#6186=ADVANCED_FACE('',(#550),#243,.T.);
#6187=ADVANCED_FACE('',(#551),#244,.T.);
#6188=ADVANCED_FACE('',(#552),#245,.T.);
#6189=ADVANCED_FACE('',(#553),#246,.T.);
#6190=ADVANCED_FACE('',(#554),#247,.T.);
#6191=ADVANCED_FACE('',(#555),#248,.T.);
#6192=ADVANCED_FACE('',(#556),#249,.T.);
#6193=ADVANCED_FACE('',(#557),#250,.T.);
#6194=ADVANCED_FACE('',(#558),#251,.T.);
#6195=ADVANCED_FACE('',(#559),#252,.T.);
#6196=ADVANCED_FACE('',(#560),#253,.T.);
#6197=ADVANCED_FACE('',(#561),#254,.F.);
#6198=ADVANCED_FACE('',(#562),#255,.F.);
#6199=ADVANCED_FACE('',(#563,#32,#33,#34,#35,#36),#256,.F.);
#6200=ADVANCED_FACE('',(#564),#257,.F.);
#6201=ADVANCED_FACE('',(#565,#37,#38,#39,#40,#41,#42,#43,#44,#45,#46),#258,
 .T.);
#6202=ADVANCED_FACE('',(#566),#5656,.T.);
#6203=ADVANCED_FACE('',(#567),#5657,.F.);
#6204=ADVANCED_FACE('',(#568),#5658,.T.);
#6205=ADVANCED_FACE('',(#569),#5659,.F.);
#6206=ADVANCED_FACE('',(#570),#5660,.T.);
#6207=ADVANCED_FACE('',(#571),#5661,.F.);
#6208=ADVANCED_FACE('',(#572),#5662,.T.);
#6209=ADVANCED_FACE('',(#573),#5663,.F.);
#6210=ADVANCED_FACE('',(#574),#259,.T.);
#6211=ADVANCED_FACE('',(#575),#260,.T.);
#6212=ADVANCED_FACE('',(#576),#261,.T.);
#6213=ADVANCED_FACE('',(#577),#262,.T.);
#6214=ADVANCED_FACE('',(#578),#263,.T.);
#6215=ADVANCED_FACE('',(#579),#264,.T.);
#6216=ADVANCED_FACE('',(#580),#265,.T.);
#6217=ADVANCED_FACE('',(#581),#266,.T.);
#6218=ADVANCED_FACE('',(#582),#267,.T.);
#6219=ADVANCED_FACE('',(#583),#268,.T.);
#6220=ADVANCED_FACE('',(#584),#269,.T.);
#6221=ADVANCED_FACE('',(#585),#270,.T.);
#6222=ADVANCED_FACE('',(#586),#271,.T.);
#6223=ADVANCED_FACE('',(#587),#272,.T.);
#6224=ADVANCED_FACE('',(#588),#273,.T.);
#6225=ADVANCED_FACE('',(#589),#274,.T.);
#6226=ADVANCED_FACE('',(#590),#275,.T.);
#6227=ADVANCED_FACE('',(#591),#276,.T.);
#6228=ADVANCED_FACE('',(#592),#277,.T.);
#6229=ADVANCED_FACE('',(#593),#278,.T.);
#6230=ADVANCED_FACE('',(#594),#279,.T.);
#6231=ADVANCED_FACE('',(#595),#280,.T.);
#6232=ADVANCED_FACE('',(#596),#281,.T.);
#6233=ADVANCED_FACE('',(#597),#282,.T.);
#6234=ADVANCED_FACE('',(#598),#283,.T.);
#6235=ADVANCED_FACE('',(#599),#284,.T.);
#6236=ADVANCED_FACE('',(#600),#285,.T.);
#6237=ADVANCED_FACE('',(#601),#286,.T.);
#6238=ADVANCED_FACE('',(#602),#287,.T.);
#6239=ADVANCED_FACE('',(#603),#288,.T.);
#6240=ADVANCED_FACE('',(#604),#289,.T.);
#6241=ADVANCED_FACE('',(#605),#290,.T.);
#6242=ADVANCED_FACE('',(#606),#291,.F.);
#6243=ADVANCED_FACE('',(#607),#5664,.F.);
#6244=ADVANCED_FACE('',(#608),#292,.F.);
#6245=ADVANCED_FACE('',(#609),#5665,.F.);
#6246=ADVANCED_FACE('',(#610),#293,.F.);
#6247=ADVANCED_FACE('',(#611),#294,.F.);
#6248=ADVANCED_FACE('',(#612,#47),#295,.F.);
#6249=ADVANCED_FACE('',(#613),#296,.F.);
#6250=ADVANCED_FACE('',(#614),#5666,.F.);
#6251=ADVANCED_FACE('',(#615),#297,.F.);
#6252=ADVANCED_FACE('',(#616),#5667,.F.);
#6253=ADVANCED_FACE('',(#617),#298,.F.);
#6254=ADVANCED_FACE('',(#618),#299,.F.);
#6255=ADVANCED_FACE('',(#619),#300,.F.);
#6256=ADVANCED_FACE('',(#620),#301,.F.);
#6257=ADVANCED_FACE('',(#621,#48),#302,.F.);
#6258=ADVANCED_FACE('',(#622),#303,.F.);
#6259=ADVANCED_FACE('',(#623),#304,.F.);
#6260=ADVANCED_FACE('',(#624),#305,.T.);
#6261=ADVANCED_FACE('',(#625,#49,#50,#51,#52,#53,#54,#55,#56,#57,#58,#59,
#60),#306,.F.);
#6262=ADVANCED_FACE('',(#626),#307,.F.);
#6263=ADVANCED_FACE('',(#627,#61,#62,#63,#64,#65,#66,#67,#68,#69,#70,#71,
#72),#308,.F.);
#6264=ADVANCED_FACE('',(#628),#309,.T.);
#6265=ADVANCED_FACE('',(#629),#310,.F.);
#6266=ADVANCED_FACE('',(#630,#73),#311,.F.);
#6267=ADVANCED_FACE('',(#631),#312,.F.);
#6268=ADVANCED_FACE('',(#632),#313,.F.);
#6269=ADVANCED_FACE('',(#633),#314,.F.);
#6270=ADVANCED_FACE('',(#634),#5668,.F.);
#6271=ADVANCED_FACE('',(#635),#315,.F.);
#6272=ADVANCED_FACE('',(#636),#5669,.F.);
#6273=ADVANCED_FACE('',(#637),#316,.T.);
#6274=ADVANCED_FACE('',(#638),#5670,.T.);
#6275=ADVANCED_FACE('',(#639,#74,#75,#76,#77,#78,#79),#317,.T.);
#6276=ADVANCED_FACE('',(#640),#318,.T.);
#6277=ADVANCED_FACE('',(#641,#80,#81,#82,#83,#84,#85),#319,.T.);
#6278=ADVANCED_FACE('',(#642,#86,#87,#88,#89,#90,#91),#320,.T.);
#6279=ADVANCED_FACE('',(#643),#321,.T.);
#6280=ADVANCED_FACE('',(#644,#92,#93,#94,#95,#96,#97,#98),#322,.T.);
#6281=ADVANCED_FACE('',(#645),#5671,.T.);
#6282=ADVANCED_FACE('',(#646,#99,#100,#101,#102),#323,.T.);
#6283=ADVANCED_FACE('',(#647),#324,.T.);
#6284=ADVANCED_FACE('',(#648),#325,.F.);
#6285=CLOSED_SHELL('',(#5979,#5980,#5981,#5982,#5983,#5984,#5985,#5986,
#5987,#5988,#5989,#5990,#5991,#5992,#5993,#5994,#5995,#5996,#5997,#5998,
#5999,#6000,#6001,#6002,#6003,#6004,#6005,#6006,#6007,#6008,#6009,#6010,
#6011,#6012,#6013,#6014,#6015,#6016,#6017,#6018,#6019,#6020,#6021,#6022,
#6023,#6024,#6025,#6026,#6027,#6028,#6029,#6030,#6031,#6032,#6033,#6034,
#6035,#6036,#6037,#6038,#6039,#6040,#6041,#6042,#6043,#6044,#6045,#6046,
#6047,#6048,#6049,#6050,#6051,#6052,#6053,#6054,#6055,#6056,#6057,#6058,
#6059,#6060,#6061,#6062,#6063,#6064,#6065,#6066,#6067,#6068,#6069,#6070,
#6071,#6072,#6073,#6074,#6075,#6076,#6077,#6078,#6079,#6080,#6081,#6082,
#6083,#6084,#6085,#6086,#6087,#6088,#6089,#6090,#6091,#6092,#6093,#6094,
#6095,#6096,#6097,#6098,#6099,#6100,#6101,#6102,#6103,#6104,#6105,#6106,
#6107,#6108,#6109,#6110,#6111,#6112,#6113,#6114,#6115,#6116,#6117,#6118,
#6119,#6120,#6121,#6122,#6123,#6124,#6125,#6126,#6127,#6128,#6129,#6130,
#6131,#6132,#6133,#6134,#6135,#6136,#6137,#6138,#6139,#6140,#6141,#6142,
#6143,#6144,#6145,#6146,#6147,#6148,#6149,#6150,#6151,#6152,#6153,#6154,
#6155,#6156,#6157,#6158,#6159,#6160,#6161,#6162,#6163,#6164,#6165,#6166,
#6167,#6168,#6169,#6170,#6171,#6172,#6173,#6174,#6175,#6176,#6177,#6178,
#6179,#6180,#6181,#6182,#6183,#6184,#6185,#6186,#6187,#6188,#6189,#6190,
#6191,#6192,#6193,#6194,#6195,#6196,#6197,#6198,#6199,#6200,#6201,#6202,
#6203,#6204,#6205,#6206,#6207,#6208,#6209,#6210,#6211,#6212,#6213,#6214,
#6215,#6216,#6217,#6218,#6219,#6220,#6221,#6222,#6223,#6224,#6225,#6226,
#6227,#6228,#6229,#6230,#6231,#6232,#6233,#6234,#6235,#6236,#6237,#6238,
#6239,#6240,#6241,#6242,#6243,#6244,#6245,#6246,#6247,#6248,#6249,#6250,
#6251,#6252,#6253,#6254,#6255,#6256,#6257,#6258,#6259,#6260,#6261,#6262,
#6263,#6264,#6265,#6266,#6267,#6268,#6269,#6270,#6271,#6272,#6273,#6274,
#6275,#6276,#6277,#6278,#6279,#6280,#6281,#6282,#6283,#6284));
#6286=DERIVED_UNIT_ELEMENT(#6288,1.);
#6287=DERIVED_UNIT_ELEMENT(#10089,-3.);
#6288=(
MASS_UNIT()
NAMED_UNIT(*)
SI_UNIT(.KILO.,.GRAM.)
);
#6289=DERIVED_UNIT((#6286,#6287));
#6290=MEASURE_REPRESENTATION_ITEM('density measure',
POSITIVE_RATIO_MEASURE(7850.),#6289);
#6291=PROPERTY_DEFINITION_REPRESENTATION(#6296,#6293);
#6292=PROPERTY_DEFINITION_REPRESENTATION(#6297,#6294);
#6293=REPRESENTATION('material name',(#6295),#10086);
#6294=REPRESENTATION('density',(#6290),#10086);
#6295=DESCRIPTIVE_REPRESENTATION_ITEM('Steel','Steel');
#6296=PROPERTY_DEFINITION('material property','material name',#10096);
#6297=PROPERTY_DEFINITION('material property','density of part',#10096);
#6298=AXIS2_PLACEMENT_3D('',#8388,#6772,#6773);
#6299=AXIS2_PLACEMENT_3D('',#8389,#6774,#6775);
#6300=AXIS2_PLACEMENT_3D('',#8391,#6776,#6777);
#6301=AXIS2_PLACEMENT_3D('',#8394,#6779,#6780);
#6302=AXIS2_PLACEMENT_3D('',#8395,#6781,#6782);
#6303=AXIS2_PLACEMENT_3D('',#8398,#6784,#6785);
#6304=AXIS2_PLACEMENT_3D('',#8399,#6786,#6787);
#6305=AXIS2_PLACEMENT_3D('',#8401,#6788,#6789);
#6306=AXIS2_PLACEMENT_3D('',#8404,#6791,#6792);
#6307=AXIS2_PLACEMENT_3D('',#8405,#6793,#6794);
#6308=AXIS2_PLACEMENT_3D('',#8408,#6796,#6797);
#6309=AXIS2_PLACEMENT_3D('',#8409,#6798,#6799);
#6310=AXIS2_PLACEMENT_3D('',#8411,#6800,#6801);
#6311=AXIS2_PLACEMENT_3D('',#8414,#6803,#6804);
#6312=AXIS2_PLACEMENT_3D('',#8415,#6805,#6806);
#6313=AXIS2_PLACEMENT_3D('',#8418,#6808,#6809);
#6314=AXIS2_PLACEMENT_3D('',#8419,#6810,#6811);
#6315=AXIS2_PLACEMENT_3D('',#8421,#6812,#6813);
#6316=AXIS2_PLACEMENT_3D('',#8424,#6815,#6816);
#6317=AXIS2_PLACEMENT_3D('',#8425,#6817,#6818);
#6318=AXIS2_PLACEMENT_3D('',#8428,#6820,#6821);
#6319=AXIS2_PLACEMENT_3D('',#8429,#6822,#6823);
#6320=AXIS2_PLACEMENT_3D('',#8431,#6824,#6825);
#6321=AXIS2_PLACEMENT_3D('',#8434,#6827,#6828);
#6322=AXIS2_PLACEMENT_3D('',#8435,#6829,#6830);
#6323=AXIS2_PLACEMENT_3D('',#8438,#6832,#6833);
#6324=AXIS2_PLACEMENT_3D('',#8439,#6834,#6835);
#6325=AXIS2_PLACEMENT_3D('',#8441,#6836,#6837);
#6326=AXIS2_PLACEMENT_3D('',#8444,#6839,#6840);
#6327=AXIS2_PLACEMENT_3D('',#8445,#6841,#6842);
#6328=AXIS2_PLACEMENT_3D('',#8448,#6844,#6845);
#6329=AXIS2_PLACEMENT_3D('',#8449,#6846,#6847);
#6330=AXIS2_PLACEMENT_3D('',#8451,#6848,#6849);
#6331=AXIS2_PLACEMENT_3D('',#8454,#6851,#6852);
#6332=AXIS2_PLACEMENT_3D('',#8455,#6853,#6854);
#6333=AXIS2_PLACEMENT_3D('',#8457,#6855,#6856);
#6334=AXIS2_PLACEMENT_3D('',#8459,#6858,#6859);
#6335=AXIS2_PLACEMENT_3D('',#8461,#6860,#6861);
#6336=AXIS2_PLACEMENT_3D('',#8464,#6863,#6864);
#6337=AXIS2_PLACEMENT_3D('',#8465,#6865,#6866);
#6338=AXIS2_PLACEMENT_3D('',#8467,#6867,#6868);
#6339=AXIS2_PLACEMENT_3D('',#8469,#6870,#6871);
#6340=AXIS2_PLACEMENT_3D('',#8472,#6872,#6873);
#6341=AXIS2_PLACEMENT_3D('',#8476,#6875,#6876);
#6342=AXIS2_PLACEMENT_3D('',#8478,#6878,#6879);
#6343=AXIS2_PLACEMENT_3D('',#8481,#6880,#6881);
#6344=AXIS2_PLACEMENT_3D('',#8485,#6883,#6884);
#6345=AXIS2_PLACEMENT_3D('',#8487,#6886,#6887);
#6346=AXIS2_PLACEMENT_3D('',#8490,#6888,#6889);
#6347=AXIS2_PLACEMENT_3D('',#8494,#6891,#6892);
#6348=AXIS2_PLACEMENT_3D('',#8496,#6894,#6895);
#6349=AXIS2_PLACEMENT_3D('',#8499,#6896,#6897);
#6350=AXIS2_PLACEMENT_3D('',#8503,#6899,#6900);
#6351=AXIS2_PLACEMENT_3D('',#8505,#6902,#6903);
#6352=AXIS2_PLACEMENT_3D('',#8508,#6904,#6905);
#6353=AXIS2_PLACEMENT_3D('',#8512,#6907,#6908);
#6354=AXIS2_PLACEMENT_3D('',#8514,#6910,#6911);
#6355=AXIS2_PLACEMENT_3D('',#8517,#6912,#6913);
#6356=AXIS2_PLACEMENT_3D('',#8521,#6915,#6916);
#6357=AXIS2_PLACEMENT_3D('',#8523,#6918,#6919);
#6358=AXIS2_PLACEMENT_3D('',#8526,#6920,#6921);
#6359=AXIS2_PLACEMENT_3D('',#8530,#6923,#6924);
#6360=AXIS2_PLACEMENT_3D('',#8532,#6926,#6927);
#6361=AXIS2_PLACEMENT_3D('',#8535,#6928,#6929);
#6362=AXIS2_PLACEMENT_3D('',#8539,#6931,#6932);
#6363=AXIS2_PLACEMENT_3D('',#8541,#6934,#6935);
#6364=AXIS2_PLACEMENT_3D('',#8544,#6936,#6937);
#6365=AXIS2_PLACEMENT_3D('',#8548,#6939,#6940);
#6366=AXIS2_PLACEMENT_3D('',#8550,#6942,#6943);
#6367=AXIS2_PLACEMENT_3D('',#8552,#6944,#6945);
#6368=AXIS2_PLACEMENT_3D('',#8554,#6946,#6947);
#6369=AXIS2_PLACEMENT_3D('',#8556,#6949,#6950);
#6370=AXIS2_PLACEMENT_3D('',#8558,#6951,#6952);
#6371=AXIS2_PLACEMENT_3D('',#8561,#6954,#6955);
#6372=AXIS2_PLACEMENT_3D('',#8562,#6956,#6957);
#6373=AXIS2_PLACEMENT_3D('',#8563,#6958,#6959);
#6374=AXIS2_PLACEMENT_3D('',#8564,#6960,#6961);
#6375=AXIS2_PLACEMENT_3D('',#8565,#6962,#6963);
#6376=AXIS2_PLACEMENT_3D('',#8568,#6964,#6965);
#6377=AXIS2_PLACEMENT_3D('',#8572,#6967,#6968);
#6378=AXIS2_PLACEMENT_3D('',#8574,#6970,#6971);
#6379=AXIS2_PLACEMENT_3D('',#8576,#6972,#6973);
#6380=AXIS2_PLACEMENT_3D('',#8578,#6974,#6975);
#6381=AXIS2_PLACEMENT_3D('',#8580,#6977,#6978);
#6382=AXIS2_PLACEMENT_3D('',#8582,#6979,#6980);
#6383=AXIS2_PLACEMENT_3D('',#8585,#6982,#6983);
#6384=AXIS2_PLACEMENT_3D('',#8586,#6984,#6985);
#6385=AXIS2_PLACEMENT_3D('',#8587,#6986,#6987);
#6386=AXIS2_PLACEMENT_3D('',#8588,#6988,#6989);
#6387=AXIS2_PLACEMENT_3D('',#8589,#6990,#6991);
#6388=AXIS2_PLACEMENT_3D('',#8592,#6992,#6993);
#6389=AXIS2_PLACEMENT_3D('',#8596,#6995,#6996);
#6390=AXIS2_PLACEMENT_3D('',#8598,#6998,#6999);
#6391=AXIS2_PLACEMENT_3D('',#8600,#7000,#7001);
#6392=AXIS2_PLACEMENT_3D('',#8602,#7002,#7003);
#6393=AXIS2_PLACEMENT_3D('',#8604,#7005,#7006);
#6394=AXIS2_PLACEMENT_3D('',#8606,#7007,#7008);
#6395=AXIS2_PLACEMENT_3D('',#8609,#7010,#7011);
#6396=AXIS2_PLACEMENT_3D('',#8610,#7012,#7013);
#6397=AXIS2_PLACEMENT_3D('',#8611,#7014,#7015);
#6398=AXIS2_PLACEMENT_3D('',#8612,#7016,#7017);
#6399=AXIS2_PLACEMENT_3D('',#8613,#7018,#7019);
#6400=AXIS2_PLACEMENT_3D('',#8616,#7020,#7021);
#6401=AXIS2_PLACEMENT_3D('',#8620,#7023,#7024);
#6402=AXIS2_PLACEMENT_3D('',#8622,#7026,#7027);
#6403=AXIS2_PLACEMENT_3D('',#8624,#7028,#7029);
#6404=AXIS2_PLACEMENT_3D('',#8626,#7030,#7031);
#6405=AXIS2_PLACEMENT_3D('',#8628,#7033,#7034);
#6406=AXIS2_PLACEMENT_3D('',#8630,#7035,#7036);
#6407=AXIS2_PLACEMENT_3D('',#8633,#7038,#7039);
#6408=AXIS2_PLACEMENT_3D('',#8634,#7040,#7041);
#6409=AXIS2_PLACEMENT_3D('',#8635,#7042,#7043);
#6410=AXIS2_PLACEMENT_3D('',#8636,#7044,#7045);
#6411=AXIS2_PLACEMENT_3D('',#8637,#7046,#7047);
#6412=AXIS2_PLACEMENT_3D('',#8639,#7048,#7049);
#6413=AXIS2_PLACEMENT_3D('',#8642,#7051,#7052);
#6414=AXIS2_PLACEMENT_3D('',#8643,#7053,#7054);
#6415=AXIS2_PLACEMENT_3D('',#8645,#7055,#7056);
#6416=AXIS2_PLACEMENT_3D('',#8648,#7058,#7059);
#6417=AXIS2_PLACEMENT_3D('',#8649,#7060,#7061);
#6418=AXIS2_PLACEMENT_3D('',#8651,#7062,#7063);
#6419=AXIS2_PLACEMENT_3D('',#8654,#7065,#7066);
#6420=AXIS2_PLACEMENT_3D('',#8655,#7067,#7068);
#6421=AXIS2_PLACEMENT_3D('',#8657,#7069,#7070);
#6422=AXIS2_PLACEMENT_3D('',#8660,#7072,#7073);
#6423=AXIS2_PLACEMENT_3D('',#8661,#7074,#7075);
#6424=AXIS2_PLACEMENT_3D('',#8663,#7076,#7077);
#6425=AXIS2_PLACEMENT_3D('',#8666,#7079,#7080);
#6426=AXIS2_PLACEMENT_3D('',#8667,#7081,#7082);
#6427=AXIS2_PLACEMENT_3D('',#8669,#7083,#7084);
#6428=AXIS2_PLACEMENT_3D('',#8672,#7086,#7087);
#6429=AXIS2_PLACEMENT_3D('',#8673,#7088,#7089);
#6430=AXIS2_PLACEMENT_3D('',#8675,#7090,#7091);
#6431=AXIS2_PLACEMENT_3D('',#8678,#7093,#7094);
#6432=AXIS2_PLACEMENT_3D('',#8679,#7095,#7096);
#6433=AXIS2_PLACEMENT_3D('',#8681,#7097,#7098);
#6434=AXIS2_PLACEMENT_3D('',#8684,#7100,#7101);
#6435=AXIS2_PLACEMENT_3D('',#8685,#7102,#7103);
#6436=AXIS2_PLACEMENT_3D('',#8687,#7104,#7105);
#6437=AXIS2_PLACEMENT_3D('',#8690,#7107,#7108);
#6438=AXIS2_PLACEMENT_3D('',#8691,#7109,#7110);
#6439=AXIS2_PLACEMENT_3D('',#8694,#7111,#7112);
#6440=AXIS2_PLACEMENT_3D('',#8695,#7113,#7114);
#6441=AXIS2_PLACEMENT_3D('',#8697,#7115,#7116);
#6442=AXIS2_PLACEMENT_3D('',#8698,#7117,#7118);
#6443=AXIS2_PLACEMENT_3D('',#8699,#7119,#7120);
#6444=AXIS2_PLACEMENT_3D('',#8701,#7121,#7122);
#6445=AXIS2_PLACEMENT_3D('',#8703,#7124,#7125);
#6446=AXIS2_PLACEMENT_3D('',#8706,#7126,#7127);
#6447=AXIS2_PLACEMENT_3D('',#8707,#7128,#7129);
#6448=AXIS2_PLACEMENT_3D('',#8709,#7130,#7131);
#6449=AXIS2_PLACEMENT_3D('',#8710,#7132,#7133);
#6450=AXIS2_PLACEMENT_3D('',#8711,#7134,#7135);
#6451=AXIS2_PLACEMENT_3D('',#8713,#7136,#7137);
#6452=AXIS2_PLACEMENT_3D('',#8715,#7139,#7140);
#6453=AXIS2_PLACEMENT_3D('',#8718,#7141,#7142);
#6454=AXIS2_PLACEMENT_3D('',#8719,#7143,#7144);
#6455=AXIS2_PLACEMENT_3D('',#8721,#7145,#7146);
#6456=AXIS2_PLACEMENT_3D('',#8722,#7147,#7148);
#6457=AXIS2_PLACEMENT_3D('',#8723,#7149,#7150);
#6458=AXIS2_PLACEMENT_3D('',#8725,#7151,#7152);
#6459=AXIS2_PLACEMENT_3D('',#8727,#7154,#7155);
#6460=AXIS2_PLACEMENT_3D('',#8730,#7156,#7157);
#6461=AXIS2_PLACEMENT_3D('',#8731,#7158,#7159);
#6462=AXIS2_PLACEMENT_3D('',#8733,#7160,#7161);
#6463=AXIS2_PLACEMENT_3D('',#8734,#7162,#7163);
#6464=AXIS2_PLACEMENT_3D('',#8735,#7164,#7165);
#6465=AXIS2_PLACEMENT_3D('',#8737,#7166,#7167);
#6466=AXIS2_PLACEMENT_3D('',#8739,#7169,#7170);
#6467=AXIS2_PLACEMENT_3D('',#8742,#7171,#7172);
#6468=AXIS2_PLACEMENT_3D('',#8743,#7173,#7174);
#6469=AXIS2_PLACEMENT_3D('',#8745,#7175,#7176);
#6470=AXIS2_PLACEMENT_3D('',#8746,#7177,#7178);
#6471=AXIS2_PLACEMENT_3D('',#8747,#7179,#7180);
#6472=AXIS2_PLACEMENT_3D('',#8749,#7181,#7182);
#6473=AXIS2_PLACEMENT_3D('',#8751,#7184,#7185);
#6474=AXIS2_PLACEMENT_3D('',#8754,#7186,#7187);
#6475=AXIS2_PLACEMENT_3D('',#8755,#7188,#7189);
#6476=AXIS2_PLACEMENT_3D('',#8757,#7190,#7191);
#6477=AXIS2_PLACEMENT_3D('',#8758,#7192,#7193);
#6478=AXIS2_PLACEMENT_3D('',#8759,#7194,#7195);
#6479=AXIS2_PLACEMENT_3D('',#8761,#7196,#7197);
#6480=AXIS2_PLACEMENT_3D('',#8763,#7199,#7200);
#6481=AXIS2_PLACEMENT_3D('',#8766,#7201,#7202);
#6482=AXIS2_PLACEMENT_3D('',#8767,#7203,#7204);
#6483=AXIS2_PLACEMENT_3D('',#8769,#7205,#7206);
#6484=AXIS2_PLACEMENT_3D('',#8770,#7207,#7208);
#6485=AXIS2_PLACEMENT_3D('',#8771,#7209,#7210);
#6486=AXIS2_PLACEMENT_3D('',#8773,#7211,#7212);
#6487=AXIS2_PLACEMENT_3D('',#8775,#7214,#7215);
#6488=AXIS2_PLACEMENT_3D('',#8778,#7216,#7217);
#6489=AXIS2_PLACEMENT_3D('',#8779,#7218,#7219);
#6490=AXIS2_PLACEMENT_3D('',#8781,#7220,#7221);
#6491=AXIS2_PLACEMENT_3D('',#8782,#7222,#7223);
#6492=AXIS2_PLACEMENT_3D('',#8783,#7224,#7225);
#6493=AXIS2_PLACEMENT_3D('',#8785,#7226,#7227);
#6494=AXIS2_PLACEMENT_3D('',#8787,#7229,#7230);
#6495=AXIS2_PLACEMENT_3D('',#8790,#7231,#7232);
#6496=AXIS2_PLACEMENT_3D('',#8791,#7233,#7234);
#6497=AXIS2_PLACEMENT_3D('',#8793,#7235,#7236);
#6498=AXIS2_PLACEMENT_3D('',#8794,#7237,#7238);
#6499=AXIS2_PLACEMENT_3D('',#8795,#7239,#7240);
#6500=AXIS2_PLACEMENT_3D('',#8797,#7241,#7242);
#6501=AXIS2_PLACEMENT_3D('',#8799,#7244,#7245);
#6502=AXIS2_PLACEMENT_3D('',#8884,#7288,#7289);
#6503=AXIS2_PLACEMENT_3D('',#8890,#7293,#7294);
#6504=AXIS2_PLACEMENT_3D('',#8899,#7299,#7300);
#6505=AXIS2_PLACEMENT_3D('',#8905,#7304,#7305);
#6506=AXIS2_PLACEMENT_3D('',#8911,#7309,#7310);
#6507=AXIS2_PLACEMENT_3D('',#8917,#7314,#7315);
#6508=AXIS2_PLACEMENT_3D('',#8923,#7319,#7320);
#6509=AXIS2_PLACEMENT_3D('',#8926,#7323,#7324);
#6510=AXIS2_PLACEMENT_3D('',#8927,#7325,#7326);
#6511=AXIS2_PLACEMENT_3D('',#8928,#7327,#7328);
#6512=AXIS2_PLACEMENT_3D('',#8937,#7333,#7334);
#6513=AXIS2_PLACEMENT_3D('',#8943,#7338,#7339);
#6514=AXIS2_PLACEMENT_3D('',#8949,#7343,#7344);
#6515=AXIS2_PLACEMENT_3D('',#8955,#7348,#7349);
#6516=AXIS2_PLACEMENT_3D('',#8961,#7353,#7354);
#6517=AXIS2_PLACEMENT_3D('',#8964,#7357,#7358);
#6518=AXIS2_PLACEMENT_3D('',#8965,#7359,#7360);
#6519=AXIS2_PLACEMENT_3D('',#8966,#7361,#7362);
#6520=AXIS2_PLACEMENT_3D('',#8975,#7367,#7368);
#6521=AXIS2_PLACEMENT_3D('',#8981,#7372,#7373);
#6522=AXIS2_PLACEMENT_3D('',#8987,#7377,#7378);
#6523=AXIS2_PLACEMENT_3D('',#8993,#7382,#7383);
#6524=AXIS2_PLACEMENT_3D('',#8999,#7387,#7388);
#6525=AXIS2_PLACEMENT_3D('',#9002,#7391,#7392);
#6526=AXIS2_PLACEMENT_3D('',#9003,#7393,#7394);
#6527=AXIS2_PLACEMENT_3D('',#9004,#7395,#7396);
#6528=AXIS2_PLACEMENT_3D('',#9013,#7401,#7402);
#6529=AXIS2_PLACEMENT_3D('',#9019,#7406,#7407);
#6530=AXIS2_PLACEMENT_3D('',#9025,#7411,#7412);
#6531=AXIS2_PLACEMENT_3D('',#9031,#7416,#7417);
#6532=AXIS2_PLACEMENT_3D('',#9037,#7421,#7422);
#6533=AXIS2_PLACEMENT_3D('',#9040,#7425,#7426);
#6534=AXIS2_PLACEMENT_3D('',#9041,#7427,#7428);
#6535=AXIS2_PLACEMENT_3D('',#9042,#7429,#7430);
#6536=AXIS2_PLACEMENT_3D('',#9051,#7435,#7436);
#6537=AXIS2_PLACEMENT_3D('',#9057,#7440,#7441);
#6538=AXIS2_PLACEMENT_3D('',#9063,#7445,#7446);
#6539=AXIS2_PLACEMENT_3D('',#9069,#7450,#7451);
#6540=AXIS2_PLACEMENT_3D('',#9075,#7455,#7456);
#6541=AXIS2_PLACEMENT_3D('',#9078,#7459,#7460);
#6542=AXIS2_PLACEMENT_3D('',#9079,#7461,#7462);
#6543=AXIS2_PLACEMENT_3D('',#9080,#7463,#7464);
#6544=AXIS2_PLACEMENT_3D('',#9089,#7469,#7470);
#6545=AXIS2_PLACEMENT_3D('',#9095,#7474,#7475);
#6546=AXIS2_PLACEMENT_3D('',#9101,#7479,#7480);
#6547=AXIS2_PLACEMENT_3D('',#9107,#7484,#7485);
#6548=AXIS2_PLACEMENT_3D('',#9113,#7489,#7490);
#6549=AXIS2_PLACEMENT_3D('',#9116,#7493,#7494);
#6550=AXIS2_PLACEMENT_3D('',#9117,#7495,#7496);
#6551=AXIS2_PLACEMENT_3D('',#9118,#7497,#7498);
#6552=AXIS2_PLACEMENT_3D('',#9127,#7503,#7504);
#6553=AXIS2_PLACEMENT_3D('',#9133,#7508,#7509);
#6554=AXIS2_PLACEMENT_3D('',#9139,#7513,#7514);
#6555=AXIS2_PLACEMENT_3D('',#9145,#7518,#7519);
#6556=AXIS2_PLACEMENT_3D('',#9151,#7523,#7524);
#6557=AXIS2_PLACEMENT_3D('',#9154,#7527,#7528);
#6558=AXIS2_PLACEMENT_3D('',#9155,#7529,#7530);
#6559=AXIS2_PLACEMENT_3D('',#9156,#7531,#7532);
#6560=AXIS2_PLACEMENT_3D('',#9165,#7537,#7538);
#6561=AXIS2_PLACEMENT_3D('',#9171,#7542,#7543);
#6562=AXIS2_PLACEMENT_3D('',#9177,#7547,#7548);
#6563=AXIS2_PLACEMENT_3D('',#9183,#7552,#7553);
#6564=AXIS2_PLACEMENT_3D('',#9189,#7557,#7558);
#6565=AXIS2_PLACEMENT_3D('',#9192,#7561,#7562);
#6566=AXIS2_PLACEMENT_3D('',#9193,#7563,#7564);
#6567=AXIS2_PLACEMENT_3D('',#9194,#7565,#7566);
#6568=AXIS2_PLACEMENT_3D('',#9203,#7571,#7572);
#6569=AXIS2_PLACEMENT_3D('',#9209,#7576,#7577);
#6570=AXIS2_PLACEMENT_3D('',#9215,#7581,#7582);
#6571=AXIS2_PLACEMENT_3D('',#9221,#7586,#7587);
#6572=AXIS2_PLACEMENT_3D('',#9227,#7591,#7592);
#6573=AXIS2_PLACEMENT_3D('',#9230,#7595,#7596);
#6574=AXIS2_PLACEMENT_3D('',#9231,#7597,#7598);
#6575=AXIS2_PLACEMENT_3D('',#9232,#7599,#7600);
#6576=AXIS2_PLACEMENT_3D('',#9241,#7605,#7606);
#6577=AXIS2_PLACEMENT_3D('',#9250,#7611,#7612);
#6578=AXIS2_PLACEMENT_3D('',#9259,#7617,#7618);
#6579=AXIS2_PLACEMENT_3D('',#9268,#7623,#7624);
#6580=AXIS2_PLACEMENT_3D('',#9277,#7629,#7630);
#6581=AXIS2_PLACEMENT_3D('',#9286,#7635,#7636);
#6582=AXIS2_PLACEMENT_3D('',#9295,#7641,#7642);
#6583=AXIS2_PLACEMENT_3D('',#9304,#7647,#7648);
#6584=AXIS2_PLACEMENT_3D('',#9313,#7653,#7654);
#6585=AXIS2_PLACEMENT_3D('',#9322,#7659,#7660);
#6586=AXIS2_PLACEMENT_3D('',#9331,#7665,#7666);
#6587=AXIS2_PLACEMENT_3D('',#9340,#7671,#7672);
#6588=AXIS2_PLACEMENT_3D('',#9349,#7677,#7678);
#6589=AXIS2_PLACEMENT_3D('',#9358,#7683,#7684);
#6590=AXIS2_PLACEMENT_3D('',#9367,#7689,#7690);
#6591=AXIS2_PLACEMENT_3D('',#9376,#7695,#7696);
#6592=AXIS2_PLACEMENT_3D('',#9385,#7701,#7702);
#6593=AXIS2_PLACEMENT_3D('',#9388,#7705,#7706);
#6594=AXIS2_PLACEMENT_3D('',#9391,#7709,#7710);
#6595=AXIS2_PLACEMENT_3D('',#9394,#7713,#7714);
#6596=AXIS2_PLACEMENT_3D('',#9397,#7717,#7718);
#6597=AXIS2_PLACEMENT_3D('',#9400,#7721,#7722);
#6598=AXIS2_PLACEMENT_3D('',#9403,#7725,#7726);
#6599=AXIS2_PLACEMENT_3D('',#9406,#7729,#7730);
#6600=AXIS2_PLACEMENT_3D('',#9409,#7733,#7734);
#6601=AXIS2_PLACEMENT_3D('',#9418,#7739,#7740);
#6602=AXIS2_PLACEMENT_3D('',#9421,#7743,#7744);
#6603=AXIS2_PLACEMENT_3D('',#9428,#7749,#7750);
#6604=AXIS2_PLACEMENT_3D('',#9432,#7753,#7754);
#6605=AXIS2_PLACEMENT_3D('',#9439,#7759,#7760);
#6606=AXIS2_PLACEMENT_3D('',#9443,#7763,#7764);
#6607=AXIS2_PLACEMENT_3D('',#9450,#7769,#7770);
#6608=AXIS2_PLACEMENT_3D('',#9454,#7773,#7774);
#6609=AXIS2_PLACEMENT_3D('',#9461,#7779,#7780);
#6610=AXIS2_PLACEMENT_3D('',#9465,#7783,#7784);
#6611=AXIS2_PLACEMENT_3D('',#9472,#7789,#7790);
#6612=AXIS2_PLACEMENT_3D('',#9476,#7793,#7794);
#6613=AXIS2_PLACEMENT_3D('',#9483,#7799,#7800);
#6614=AXIS2_PLACEMENT_3D('',#9487,#7803,#7804);
#6615=AXIS2_PLACEMENT_3D('',#9494,#7809,#7810);
#6616=AXIS2_PLACEMENT_3D('',#9498,#7813,#7814);
#6617=AXIS2_PLACEMENT_3D('',#9505,#7819,#7820);
#6618=AXIS2_PLACEMENT_3D('',#9509,#7823,#7824);
#6619=AXIS2_PLACEMENT_3D('',#9516,#7829,#7830);
#6620=AXIS2_PLACEMENT_3D('',#9520,#7833,#7834);
#6621=AXIS2_PLACEMENT_3D('',#9524,#7837,#7838);
#6622=AXIS2_PLACEMENT_3D('',#9527,#7841,#7842);
#6623=AXIS2_PLACEMENT_3D('',#9528,#7843,#7844);
#6624=AXIS2_PLACEMENT_3D('',#9532,#7847,#7848);
#6625=AXIS2_PLACEMENT_3D('',#9535,#7851,#7852);
#6626=AXIS2_PLACEMENT_3D('',#9536,#7853,#7854);
#6627=AXIS2_PLACEMENT_3D('',#9540,#7857,#7858);
#6628=AXIS2_PLACEMENT_3D('',#9543,#7861,#7862);
#6629=AXIS2_PLACEMENT_3D('',#9544,#7863,#7864);
#6630=AXIS2_PLACEMENT_3D('',#9548,#7867,#7868);
#6631=AXIS2_PLACEMENT_3D('',#9551,#7871,#7872);
#6632=AXIS2_PLACEMENT_3D('',#9552,#7873,#7874);
#6633=AXIS2_PLACEMENT_3D('',#9556,#7877,#7878);
#6634=AXIS2_PLACEMENT_3D('',#9559,#7881,#7882);
#6635=AXIS2_PLACEMENT_3D('',#9560,#7883,#7884);
#6636=AXIS2_PLACEMENT_3D('',#9564,#7887,#7888);
#6637=AXIS2_PLACEMENT_3D('',#9567,#7891,#7892);
#6638=AXIS2_PLACEMENT_3D('',#9568,#7893,#7894);
#6639=AXIS2_PLACEMENT_3D('',#9572,#7897,#7898);
#6640=AXIS2_PLACEMENT_3D('',#9575,#7901,#7902);
#6641=AXIS2_PLACEMENT_3D('',#9576,#7903,#7904);
#6642=AXIS2_PLACEMENT_3D('',#9580,#7907,#7908);
#6643=AXIS2_PLACEMENT_3D('',#9583,#7911,#7912);
#6644=AXIS2_PLACEMENT_3D('',#9584,#7913,#7914);
#6645=AXIS2_PLACEMENT_3D('',#9588,#7917,#7918);
#6646=AXIS2_PLACEMENT_3D('',#9591,#7921,#7922);
#6647=AXIS2_PLACEMENT_3D('',#9592,#7923,#7924);
#6648=AXIS2_PLACEMENT_3D('',#9596,#7927,#7928);
#6649=AXIS2_PLACEMENT_3D('',#9600,#7931,#7932);
#6650=AXIS2_PLACEMENT_3D('',#9604,#7935,#7936);
#6651=AXIS2_PLACEMENT_3D('',#9608,#7939,#7940);
#6652=AXIS2_PLACEMENT_3D('',#9618,#7946,#7947);
#6653=AXIS2_PLACEMENT_3D('',#9624,#7951,#7952);
#6654=AXIS2_PLACEMENT_3D('',#9630,#7956,#7957);
#6655=AXIS2_PLACEMENT_3D('',#9633,#7960,#7961);
#6656=AXIS2_PLACEMENT_3D('',#9634,#7962,#7963);
#6657=AXIS2_PLACEMENT_3D('',#9651,#7972,#7973);
#6658=AXIS2_PLACEMENT_3D('',#9652,#7974,#7975);
#6659=AXIS2_PLACEMENT_3D('',#9653,#7976,#7977);
#6660=AXIS2_PLACEMENT_3D('',#9654,#7978,#7979);
#6661=AXIS2_PLACEMENT_3D('',#9655,#7980,#7981);
#6662=AXIS2_PLACEMENT_3D('',#9656,#7982,#7983);
#6663=AXIS2_PLACEMENT_3D('',#9657,#7984,#7985);
#6664=AXIS2_PLACEMENT_3D('',#9658,#7986,#7987);
#6665=AXIS2_PLACEMENT_3D('',#9659,#7988,#7989);
#6666=AXIS2_PLACEMENT_3D('',#9660,#7990,#7991);
#6667=AXIS2_PLACEMENT_3D('',#9661,#7992,#7993);
#6668=AXIS2_PLACEMENT_3D('',#9662,#7994,#7995);
#6669=AXIS2_PLACEMENT_3D('',#9663,#7996,#7997);
#6670=AXIS2_PLACEMENT_3D('',#9664,#7998,#7999);
#6671=AXIS2_PLACEMENT_3D('',#9665,#8000,#8001);
#6672=AXIS2_PLACEMENT_3D('',#9666,#8002,#8003);
#6673=AXIS2_PLACEMENT_3D('',#9667,#8004,#8005);
#6674=AXIS2_PLACEMENT_3D('',#9668,#8006,#8007);
#6675=AXIS2_PLACEMENT_3D('',#9669,#8008,#8009);
#6676=AXIS2_PLACEMENT_3D('',#9670,#8010,#8011);
#6677=AXIS2_PLACEMENT_3D('',#9671,#8012,#8013);
#6678=AXIS2_PLACEMENT_3D('',#9672,#8014,#8015);
#6679=AXIS2_PLACEMENT_3D('',#9673,#8016,#8017);
#6680=AXIS2_PLACEMENT_3D('',#9674,#8018,#8019);
#6681=AXIS2_PLACEMENT_3D('',#9675,#8020,#8021);
#6682=AXIS2_PLACEMENT_3D('',#9684,#8026,#8027);
#6683=AXIS2_PLACEMENT_3D('',#9693,#8032,#8033);
#6684=AXIS2_PLACEMENT_3D('',#9699,#8037,#8038);
#6685=AXIS2_PLACEMENT_3D('',#9705,#8042,#8043);
#6686=AXIS2_PLACEMENT_3D('',#9711,#8047,#8048);
#6687=AXIS2_PLACEMENT_3D('',#9714,#8051,#8052);
#6688=AXIS2_PLACEMENT_3D('',#9720,#8056,#8057);
#6689=AXIS2_PLACEMENT_3D('',#9723,#8060,#8061);
#6690=AXIS2_PLACEMENT_3D('',#9732,#8066,#8067);
#6691=AXIS2_PLACEMENT_3D('',#9741,#8072,#8073);
#6692=AXIS2_PLACEMENT_3D('',#9747,#8077,#8078);
#6693=AXIS2_PLACEMENT_3D('',#9753,#8082,#8083);
#6694=AXIS2_PLACEMENT_3D('',#9759,#8087,#8088);
#6695=AXIS2_PLACEMENT_3D('',#9762,#8091,#8092);
#6696=AXIS2_PLACEMENT_3D('',#9768,#8096,#8097);
#6697=AXIS2_PLACEMENT_3D('',#9771,#8100,#8101);
#6698=AXIS2_PLACEMENT_3D('',#9780,#8106,#8107);
#6699=AXIS2_PLACEMENT_3D('',#9789,#8112,#8113);
#6700=AXIS2_PLACEMENT_3D('',#9795,#8117,#8118);
#6701=AXIS2_PLACEMENT_3D('',#9801,#8122,#8123);
#6702=AXIS2_PLACEMENT_3D('',#9807,#8127,#8128);
#6703=AXIS2_PLACEMENT_3D('',#9810,#8131,#8132);
#6704=AXIS2_PLACEMENT_3D('',#9816,#8136,#8137);
#6705=AXIS2_PLACEMENT_3D('',#9819,#8140,#8141);
#6706=AXIS2_PLACEMENT_3D('',#9828,#8146,#8147);
#6707=AXIS2_PLACEMENT_3D('',#9837,#8152,#8153);
#6708=AXIS2_PLACEMENT_3D('',#9843,#8157,#8158);
#6709=AXIS2_PLACEMENT_3D('',#9849,#8162,#8163);
#6710=AXIS2_PLACEMENT_3D('',#9855,#8167,#8168);
#6711=AXIS2_PLACEMENT_3D('',#9858,#8171,#8172);
#6712=AXIS2_PLACEMENT_3D('',#9864,#8176,#8177);
#6713=AXIS2_PLACEMENT_3D('',#9867,#8180,#8181);
#6714=AXIS2_PLACEMENT_3D('',#9876,#8186,#8187);
#6715=AXIS2_PLACEMENT_3D('',#9878,#8188,#8189);
#6716=AXIS2_PLACEMENT_3D('',#9880,#8190,#8191);
#6717=AXIS2_PLACEMENT_3D('',#9882,#8193,#8194);
#6718=AXIS2_PLACEMENT_3D('',#9888,#8198,#8199);
#6719=AXIS2_PLACEMENT_3D('',#9890,#8200,#8201);
#6720=AXIS2_PLACEMENT_3D('',#9892,#8202,#8203);
#6721=AXIS2_PLACEMENT_3D('',#9894,#8205,#8206);
#6722=AXIS2_PLACEMENT_3D('',#9900,#8210,#8211);
#6723=AXIS2_PLACEMENT_3D('',#9903,#8214,#8215);
#6724=AXIS2_PLACEMENT_3D('',#9904,#8216,#8217);
#6725=AXIS2_PLACEMENT_3D('',#9913,#8222,#8223);
#6726=AXIS2_PLACEMENT_3D('',#9915,#8224,#8225);
#6727=AXIS2_PLACEMENT_3D('',#9917,#8226,#8227);
#6728=AXIS2_PLACEMENT_3D('',#9919,#8229,#8230);
#6729=AXIS2_PLACEMENT_3D('',#9925,#8234,#8235);
#6730=AXIS2_PLACEMENT_3D('',#9927,#8236,#8237);
#6731=AXIS2_PLACEMENT_3D('',#9929,#8238,#8239);
#6732=AXIS2_PLACEMENT_3D('',#9931,#8241,#8242);
#6733=AXIS2_PLACEMENT_3D('',#9937,#8246,#8247);
#6734=AXIS2_PLACEMENT_3D('',#9940,#8250,#8251);
#6735=AXIS2_PLACEMENT_3D('',#9941,#8252,#8253);
#6736=AXIS2_PLACEMENT_3D('',#9947,#8257,#8258);
#6737=AXIS2_PLACEMENT_3D('',#9959,#8265,#8266);
#6738=AXIS2_PLACEMENT_3D('',#9968,#8271,#8272);
#6739=AXIS2_PLACEMENT_3D('',#9975,#8277,#8278);
#6740=AXIS2_PLACEMENT_3D('',#9982,#8283,#8284);
#6741=AXIS2_PLACEMENT_3D('',#9984,#8286,#8287);
#6742=AXIS2_PLACEMENT_3D('',#9986,#8289,#8290);
#6743=AXIS2_PLACEMENT_3D('',#9987,#8291,#8292);
#6744=AXIS2_PLACEMENT_3D('',#9991,#8295,#8296);
#6745=AXIS2_PLACEMENT_3D('',#9993,#8298,#8299);
#6746=AXIS2_PLACEMENT_3D('',#9994,#8300,#8301);
#6747=AXIS2_PLACEMENT_3D('',#10003,#8306,#8307);
#6748=AXIS2_PLACEMENT_3D('',#10009,#8311,#8312);
#6749=AXIS2_PLACEMENT_3D('',#10015,#8316,#8317);
#6750=AXIS2_PLACEMENT_3D('',#10017,#8318,#8319);
#6751=AXIS2_PLACEMENT_3D('',#10019,#8320,#8321);
#6752=AXIS2_PLACEMENT_3D('',#10021,#8323,#8324);
#6753=AXIS2_PLACEMENT_3D('',#10027,#8328,#8329);
#6754=AXIS2_PLACEMENT_3D('',#10028,#8330,#8331);
#6755=AXIS2_PLACEMENT_3D('',#10029,#8332,#8333);
#6756=AXIS2_PLACEMENT_3D('',#10030,#8334,#8335);
#6757=AXIS2_PLACEMENT_3D('',#10031,#8336,#8337);
#6758=AXIS2_PLACEMENT_3D('',#10034,#8338,#8339);
#6759=AXIS2_PLACEMENT_3D('',#10038,#8341,#8342);
#6760=AXIS2_PLACEMENT_3D('',#10040,#8344,#8345);
#6761=AXIS2_PLACEMENT_3D('',#10046,#8349,#8350);
#6762=AXIS2_PLACEMENT_3D('',#10052,#8354,#8355);
#6763=AXIS2_PLACEMENT_3D('',#10055,#8358,#8359);
#6764=AXIS2_PLACEMENT_3D('',#10061,#8363,#8364);
#6765=AXIS2_PLACEMENT_3D('',#10067,#8368,#8369);
#6766=AXIS2_PLACEMENT_3D('',#10073,#8373,#8374);
#6767=AXIS2_PLACEMENT_3D('',#10075,#8375,#8376);
#6768=AXIS2_PLACEMENT_3D('',#10078,#8378,#8379);
#6769=AXIS2_PLACEMENT_3D('',#10079,#8380,#8381);
#6770=AXIS2_PLACEMENT_3D('',#10082,#8384,#8385);
#6771=AXIS2_PLACEMENT_3D('',#10083,#8386,#8387);
#6772=DIRECTION('axis',(0.,0.,1.));
#6773=DIRECTION('refdir',(1.,0.,0.));
#6774=DIRECTION('center_axis',(6.12303176911189E-17,1.,0.));
#6775=DIRECTION('ref_axis',(-1.,6.12303176911189E-17,0.));
#6776=DIRECTION('center_axis',(6.12303176911189E-17,1.,0.));
#6777=DIRECTION('ref_axis',(-1.,6.12303176911189E-17,0.));
#6778=DIRECTION('',(6.12303176911189E-17,1.,0.));
#6779=DIRECTION('center_axis',(0.,-1.,0.));
#6780=DIRECTION('ref_axis',(-1.,0.,0.));
#6781=DIRECTION('center_axis',(-6.12303176911189E-17,-1.,0.));
#6782=DIRECTION('ref_axis',(-1.,6.12303176911189E-17,0.));
#6783=DIRECTION('',(0.707106781186547,-0.707106781186548,8.65956056235493E-17));
#6784=DIRECTION('center_axis',(0.,1.,0.));
#6785=DIRECTION('ref_axis',(-1.,0.,0.));
#6786=DIRECTION('center_axis',(6.12303176911189E-17,1.,0.));
#6787=DIRECTION('ref_axis',(-1.,6.12303176911189E-17,0.));
#6788=DIRECTION('center_axis',(6.12303176911189E-17,1.,0.));
#6789=DIRECTION('ref_axis',(-1.,6.12303176911189E-17,0.));
#6790=DIRECTION('',(6.12303176911189E-17,1.,0.));
#6791=DIRECTION('center_axis',(0.,-1.,0.));
#6792=DIRECTION('ref_axis',(-1.,0.,0.));
#6793=DIRECTION('center_axis',(-6.12303176911189E-17,-1.,0.));
#6794=DIRECTION('ref_axis',(-1.,6.12303176911189E-17,0.));
#6795=DIRECTION('',(0.707106781186547,-0.707106781186548,8.65956056235493E-17));
#6796=DIRECTION('center_axis',(0.,1.,0.));
#6797=DIRECTION('ref_axis',(-1.,0.,0.));
#6798=DIRECTION('center_axis',(6.12303176911189E-17,1.,0.));
#6799=DIRECTION('ref_axis',(-1.,6.12303176911189E-17,0.));
#6800=DIRECTION('center_axis',(6.12303176911189E-17,1.,0.));
#6801=DIRECTION('ref_axis',(-1.,6.12303176911189E-17,0.));
#6802=DIRECTION('',(6.12303176911189E-17,1.,0.));
#6803=DIRECTION('center_axis',(0.,-1.,0.));
#6804=DIRECTION('ref_axis',(-1.,0.,0.));
#6805=DIRECTION('center_axis',(-6.12303176911189E-17,-1.,0.));
#6806=DIRECTION('ref_axis',(-1.,6.12303176911189E-17,0.));
#6807=DIRECTION('',(0.707106781186547,-0.707106781186548,8.65956056235493E-17));
#6808=DIRECTION('center_axis',(0.,1.,0.));
#6809=DIRECTION('ref_axis',(-1.,0.,0.));
#6810=DIRECTION('center_axis',(6.12303176911189E-17,1.,0.));
#6811=DIRECTION('ref_axis',(-1.,6.12303176911189E-17,0.));
#6812=DIRECTION('center_axis',(6.12303176911189E-17,1.,0.));
#6813=DIRECTION('ref_axis',(-1.,6.12303176911189E-17,0.));
#6814=DIRECTION('',(6.12303176911189E-17,1.,0.));
#6815=DIRECTION('center_axis',(0.,-1.,0.));
#6816=DIRECTION('ref_axis',(-1.,0.,0.));
#6817=DIRECTION('center_axis',(-6.12303176911189E-17,-1.,0.));
#6818=DIRECTION('ref_axis',(-1.,6.12303176911189E-17,0.));
#6819=DIRECTION('',(0.707106781186547,-0.707106781186548,8.65956056235493E-17));
#6820=DIRECTION('center_axis',(0.,1.,0.));
#6821=DIRECTION('ref_axis',(-1.,0.,0.));
#6822=DIRECTION('center_axis',(6.12303176911189E-17,0.,1.));
#6823=DIRECTION('ref_axis',(0.,1.,0.));
#6824=DIRECTION('center_axis',(6.12303176911189E-17,0.,1.));
#6825=DIRECTION('ref_axis',(0.,1.,0.));
#6826=DIRECTION('',(6.12303176911189E-17,0.,1.));
#6827=DIRECTION('center_axis',(-6.12303176911189E-17,0.,-1.));
#6828=DIRECTION('ref_axis',(0.,1.,0.));
#6829=DIRECTION('center_axis',(-6.12303176911189E-17,0.,-1.));
#6830=DIRECTION('ref_axis',(0.,1.,0.));
#6831=DIRECTION('',(-1.29891978477146E-16,-0.707106781186547,-0.707106781186548));
#6832=DIRECTION('center_axis',(6.12303176911189E-17,0.,1.));
#6833=DIRECTION('ref_axis',(0.,1.,0.));
#6834=DIRECTION('center_axis',(6.12303176911189E-17,0.,1.));
#6835=DIRECTION('ref_axis',(0.,1.,0.));
#6836=DIRECTION('center_axis',(6.12303176911189E-17,0.,1.));
#6837=DIRECTION('ref_axis',(0.,1.,0.));
#6838=DIRECTION('',(6.12303176911189E-17,0.,1.));
#6839=DIRECTION('center_axis',(-6.12303176911189E-17,0.,-1.));
#6840=DIRECTION('ref_axis',(0.,1.,0.));
#6841=DIRECTION('center_axis',(-6.12303176911189E-17,0.,-1.));
#6842=DIRECTION('ref_axis',(0.,1.,0.));
#6843=DIRECTION('',(-1.29891978477146E-16,-0.707106781186547,-0.707106781186548));
#6844=DIRECTION('center_axis',(6.12303176911189E-17,0.,1.));
#6845=DIRECTION('ref_axis',(0.,1.,0.));
#6846=DIRECTION('center_axis',(6.12303176911189E-17,0.,1.));
#6847=DIRECTION('ref_axis',(0.,1.,0.));
#6848=DIRECTION('center_axis',(6.12303176911189E-17,0.,1.));
#6849=DIRECTION('ref_axis',(0.,1.,0.));
#6850=DIRECTION('',(1.29891978477146E-16,-0.707106781186547,0.707106781186548));
#6851=DIRECTION('center_axis',(-6.12303176911189E-17,0.,-1.));
#6852=DIRECTION('ref_axis',(0.,1.,0.));
#6853=DIRECTION('center_axis',(6.12303176911189E-17,0.,1.));
#6854=DIRECTION('ref_axis',(0.,1.,0.));
#6855=DIRECTION('center_axis',(6.12303176911189E-17,0.,1.));
#6856=DIRECTION('ref_axis',(0.,1.,0.));
#6857=DIRECTION('',(6.12303176911189E-17,0.,1.));
#6858=DIRECTION('center_axis',(6.12303176911189E-17,0.,1.));
#6859=DIRECTION('ref_axis',(0.,1.,0.));
#6860=DIRECTION('center_axis',(6.12303176911189E-17,0.,1.));
#6861=DIRECTION('ref_axis',(0.,1.,0.));
#6862=DIRECTION('',(1.29891978477146E-16,-0.707106781186547,0.707106781186548));
#6863=DIRECTION('center_axis',(-6.12303176911189E-17,0.,-1.));
#6864=DIRECTION('ref_axis',(0.,1.,0.));
#6865=DIRECTION('center_axis',(6.12303176911189E-17,0.,1.));
#6866=DIRECTION('ref_axis',(0.,1.,0.));
#6867=DIRECTION('center_axis',(6.12303176911189E-17,0.,1.));
#6868=DIRECTION('ref_axis',(0.,1.,0.));
#6869=DIRECTION('',(6.12303176911189E-17,0.,1.));
#6870=DIRECTION('center_axis',(0.,1.,6.12303176911189E-17));
#6871=DIRECTION('ref_axis',(1.,0.,0.));
#6872=DIRECTION('center_axis',(0.,-1.,0.));
#6873=DIRECTION('ref_axis',(1.,0.,0.));
#6874=DIRECTION('',(0.,1.,6.12303176911189E-17));
#6875=DIRECTION('center_axis',(0.,1.,0.));
#6876=DIRECTION('ref_axis',(1.,0.,0.));
#6877=DIRECTION('',(0.,1.,6.12303176911189E-17));
#6878=DIRECTION('center_axis',(0.,1.,6.12303176911189E-17));
#6879=DIRECTION('ref_axis',(-0.203549022269519,-5.99484460216581E-17,0.979064755536181));
#6880=DIRECTION('center_axis',(0.,1.,0.));
#6881=DIRECTION('ref_axis',(1.,0.,0.));
#6882=DIRECTION('',(0.,1.,6.12303176911189E-17));
#6883=DIRECTION('center_axis',(0.,-1.,0.));
#6884=DIRECTION('ref_axis',(1.,0.,0.));
#6885=DIRECTION('',(0.,1.,6.12303176911189E-17));
#6886=DIRECTION('center_axis',(6.12303176911189E-17,1.,3.74915180455534E-33));
#6887=DIRECTION('ref_axis',(6.12303176911189E-17,-8.21073318940323E-48,
-1.));
#6888=DIRECTION('center_axis',(0.,-1.,0.));
#6889=DIRECTION('ref_axis',(6.12303176911189E-17,0.,-1.));
#6890=DIRECTION('',(6.12303176911189E-17,1.,3.74915180455534E-33));
#6891=DIRECTION('center_axis',(0.,1.,0.));
#6892=DIRECTION('ref_axis',(6.12303176911189E-17,0.,-1.));
#6893=DIRECTION('',(6.12303176911189E-17,1.,3.74915180455534E-33));
#6894=DIRECTION('center_axis',(6.12303176911189E-17,1.,3.74915180455534E-33));
#6895=DIRECTION('ref_axis',(0.979064755536187,-5.99484460216584E-17,0.203549022269493));
#6896=DIRECTION('center_axis',(0.,1.,0.));
#6897=DIRECTION('ref_axis',(6.12303176911189E-17,0.,-1.));
#6898=DIRECTION('',(6.12303176911189E-17,1.,3.74915180455534E-33));
#6899=DIRECTION('center_axis',(0.,-1.,0.));
#6900=DIRECTION('ref_axis',(6.12303176911189E-17,0.,-1.));
#6901=DIRECTION('',(6.12303176911189E-17,1.,3.74915180455534E-33));
#6902=DIRECTION('center_axis',(7.49830360911069E-33,1.,-6.12303176911189E-17));
#6903=DIRECTION('ref_axis',(-1.,-1.77899219103737E-47,-1.22460635382238E-16));
#6904=DIRECTION('center_axis',(0.,-1.,0.));
#6905=DIRECTION('ref_axis',(-1.,0.,-1.22460635382238E-16));
#6906=DIRECTION('',(7.49830360911069E-33,1.,-6.12303176911189E-17));
#6907=DIRECTION('center_axis',(0.,1.,0.));
#6908=DIRECTION('ref_axis',(-1.,0.,-1.22460635382238E-16));
#6909=DIRECTION('',(7.49830360911069E-33,1.,-6.12303176911189E-17));
#6910=DIRECTION('center_axis',(7.49830360911069E-33,1.,-6.12303176911189E-17));
#6911=DIRECTION('ref_axis',(0.203549022269501,-5.99484460216583E-17,-0.979064755536185));
#6912=DIRECTION('center_axis',(0.,1.,0.));
#6913=DIRECTION('ref_axis',(-1.,0.,-1.22460635382238E-16));
#6914=DIRECTION('',(7.49830360911069E-33,1.,-6.12303176911189E-17));
#6915=DIRECTION('center_axis',(0.,-1.,0.));
#6916=DIRECTION('ref_axis',(-1.,0.,-1.22460635382238E-16));
#6917=DIRECTION('',(7.49830360911069E-33,1.,-6.12303176911189E-17));
#6918=DIRECTION('center_axis',(-6.12303176911189E-17,1.,-1.1247455413666E-32));
#6919=DIRECTION('ref_axis',(-1.83690953073357E-16,-6.43174099836586E-47,
1.));
#6920=DIRECTION('center_axis',(0.,-1.,0.));
#6921=DIRECTION('ref_axis',(-1.83690953073357E-16,0.,1.));
#6922=DIRECTION('',(-6.12303176911189E-17,1.,-1.1247455413666E-32));
#6923=DIRECTION('center_axis',(0.,1.,0.));
#6924=DIRECTION('ref_axis',(-1.83690953073357E-16,0.,1.));
#6925=DIRECTION('',(-6.12303176911189E-17,1.,-1.1247455413666E-32));
#6926=DIRECTION('center_axis',(-6.12303176911189E-17,1.,-1.1247455413666E-32));
#6927=DIRECTION('ref_axis',(-0.979064755536186,-5.99484460216584E-17,-0.203549022269498));
#6928=DIRECTION('center_axis',(0.,1.,0.));
#6929=DIRECTION('ref_axis',(-1.83690953073357E-16,0.,1.));
#6930=DIRECTION('',(-6.12303176911189E-17,1.,-1.1247455413666E-32));
#6931=DIRECTION('center_axis',(0.,-1.,0.));
#6932=DIRECTION('ref_axis',(-1.83690953073357E-16,0.,1.));
#6933=DIRECTION('',(-6.12303176911189E-17,1.,-1.1247455413666E-32));
#6934=DIRECTION('center_axis',(0.,1.,6.12303176911189E-17));
#6935=DIRECTION('ref_axis',(-1.,5.11954255089277E-30,-8.36112361317265E-14));
#6936=DIRECTION('center_axis',(0.,1.,0.));
#6937=DIRECTION('ref_axis',(1.,0.,0.));
#6938=DIRECTION('',(0.,1.,6.12303176911189E-17));
#6939=DIRECTION('center_axis',(0.,-1.,0.));
#6940=DIRECTION('ref_axis',(1.,0.,0.));
#6941=DIRECTION('',(0.,1.,6.12303176911189E-17));
#6942=DIRECTION('center_axis',(0.,1.,6.12303176911189E-17));
#6943=DIRECTION('ref_axis',(1.,0.,0.));
#6944=DIRECTION('center_axis',(0.,-1.,0.));
#6945=DIRECTION('ref_axis',(1.,0.,0.));
#6946=DIRECTION('center_axis',(0.,1.,0.));
#6947=DIRECTION('ref_axis',(1.,0.,0.));
#6948=DIRECTION('',(0.,1.,6.12303176911189E-17));
#6949=DIRECTION('center_axis',(0.,1.,6.12303176911189E-17));
#6950=DIRECTION('ref_axis',(-1.,4.41255774243252E-30,-7.20649166756249E-14));
#6951=DIRECTION('center_axis',(0.,-1.,0.));
#6952=DIRECTION('ref_axis',(1.,0.,0.));
#6953=DIRECTION('',(0.,1.,6.12303176911189E-17));
#6954=DIRECTION('center_axis',(0.,1.,0.));
#6955=DIRECTION('ref_axis',(1.,0.,0.));
#6956=DIRECTION('center_axis',(0.,1.,6.12303176911189E-17));
#6957=DIRECTION('ref_axis',(1.,0.,0.));
#6958=DIRECTION('center_axis',(0.,-1.,0.));
#6959=DIRECTION('ref_axis',(1.,0.,0.));
#6960=DIRECTION('center_axis',(0.,1.,0.));
#6961=DIRECTION('ref_axis',(1.,0.,0.));
#6962=DIRECTION('center_axis',(6.12303176911189E-17,1.,3.74915180455534E-33));
#6963=DIRECTION('ref_axis',(-8.36724664494176E-14,5.11954255089277E-30,
1.));
#6964=DIRECTION('center_axis',(0.,1.,0.));
#6965=DIRECTION('ref_axis',(6.12303176911189E-17,0.,-1.));
#6966=DIRECTION('',(6.12303176911189E-17,1.,3.74915180455534E-33));
#6967=DIRECTION('center_axis',(0.,-1.,0.));
#6968=DIRECTION('ref_axis',(6.12303176911189E-17,0.,-1.));
#6969=DIRECTION('',(6.12303176911189E-17,1.,3.74915180455534E-33));
#6970=DIRECTION('center_axis',(6.12303176911189E-17,1.,3.74915180455534E-33));
#6971=DIRECTION('ref_axis',(6.12303176911189E-17,-8.21073318940322E-48,
-1.));
#6972=DIRECTION('center_axis',(0.,-1.,0.));
#6973=DIRECTION('ref_axis',(6.12303176911189E-17,0.,-1.));
#6974=DIRECTION('center_axis',(0.,1.,0.));
#6975=DIRECTION('ref_axis',(6.12303176911189E-17,0.,-1.));
#6976=DIRECTION('',(6.12303176911189E-17,1.,3.74915180455534E-33));
#6977=DIRECTION('center_axis',(6.12303176911189E-17,1.,3.74915180455534E-33));
#6978=DIRECTION('ref_axis',(-7.43465930425663E-14,4.54851635944411E-30,
1.));
#6979=DIRECTION('center_axis',(0.,-1.,0.));
#6980=DIRECTION('ref_axis',(6.12303176911189E-17,0.,-1.));
#6981=DIRECTION('',(6.12303176911189E-17,1.,3.74915180455534E-33));
#6982=DIRECTION('center_axis',(0.,1.,0.));
#6983=DIRECTION('ref_axis',(6.12303176911189E-17,0.,-1.));
#6984=DIRECTION('center_axis',(6.12303176911189E-17,1.,3.74915180455534E-33));
#6985=DIRECTION('ref_axis',(6.12303176911189E-17,-8.21073318940322E-48,
-1.));
#6986=DIRECTION('center_axis',(0.,-1.,0.));
#6987=DIRECTION('ref_axis',(6.12303176911189E-17,0.,-1.));
#6988=DIRECTION('center_axis',(0.,1.,0.));
#6989=DIRECTION('ref_axis',(6.12303176911189E-17,0.,-1.));
#6990=DIRECTION('center_axis',(7.49830360911069E-33,1.,-6.12303176911189E-17));
#6991=DIRECTION('ref_axis',(1.,5.28269289130668E-30,8.63982320262091E-14));
#6992=DIRECTION('center_axis',(0.,1.,0.));
#6993=DIRECTION('ref_axis',(-1.,0.,-1.22460635382238E-16));
#6994=DIRECTION('',(7.49830360911069E-33,1.,-6.12303176911189E-17));
#6995=DIRECTION('center_axis',(0.,-1.,0.));
#6996=DIRECTION('ref_axis',(-1.,0.,-1.22460635382238E-16));
#6997=DIRECTION('',(7.49830360911069E-33,1.,-6.12303176911189E-17));
#6998=DIRECTION('center_axis',(7.49830360911069E-33,1.,-6.12303176911189E-17));
#6999=DIRECTION('ref_axis',(-1.,-1.77899219103736E-47,-1.22460635382238E-16));
#7000=DIRECTION('center_axis',(0.,-1.,0.));
#7001=DIRECTION('ref_axis',(-1.,0.,-1.22460635382238E-16));
#7002=DIRECTION('center_axis',(0.,1.,0.));
#7003=DIRECTION('ref_axis',(-1.,0.,-1.22460635382238E-16));
#7004=DIRECTION('',(7.49830360911069E-33,1.,-6.12303176911189E-17));
#7005=DIRECTION('center_axis',(7.49830360911069E-33,1.,-6.12303176911189E-17));
#7006=DIRECTION('ref_axis',(1.,4.57570808284643E-30,7.48519125701075E-14));
#7007=DIRECTION('center_axis',(0.,-1.,0.));
#7008=DIRECTION('ref_axis',(-1.,0.,-1.22460635382238E-16));
#7009=DIRECTION('',(7.49830360911069E-33,1.,-6.12303176911189E-17));
#7010=DIRECTION('center_axis',(0.,1.,0.));
#7011=DIRECTION('ref_axis',(-1.,0.,-1.22460635382238E-16));
#7012=DIRECTION('center_axis',(7.49830360911069E-33,1.,-6.12303176911189E-17));
#7013=DIRECTION('ref_axis',(-1.,-1.77899219103737E-47,-1.22460635382238E-16));
#7014=DIRECTION('center_axis',(0.,-1.,0.));
#7015=DIRECTION('ref_axis',(-1.,0.,-1.22460635382238E-16));
#7016=DIRECTION('center_axis',(0.,1.,0.));
#7017=DIRECTION('ref_axis',(-1.,0.,-1.22460635382238E-16));
#7018=DIRECTION('center_axis',(-6.12303176911189E-17,1.,-1.1247455413666E-32));
#7019=DIRECTION('ref_axis',(8.37949270847999E-14,5.11954255089277E-30,-1.));
#7020=DIRECTION('center_axis',(0.,1.,0.));
#7021=DIRECTION('ref_axis',(-1.83690953073357E-16,0.,1.));
#7022=DIRECTION('',(-6.12303176911189E-17,1.,-1.1247455413666E-32));
#7023=DIRECTION('center_axis',(0.,-1.,0.));
#7024=DIRECTION('ref_axis',(-1.83690953073357E-16,0.,1.));
#7025=DIRECTION('',(-6.12303176911189E-17,1.,-1.1247455413666E-32));
#7026=DIRECTION('center_axis',(-6.12303176911189E-17,1.,-1.1247455413666E-32));
#7027=DIRECTION('ref_axis',(-1.83690953073357E-16,-6.43174099836586E-47,
1.));
#7028=DIRECTION('center_axis',(0.,-1.,0.));
#7029=DIRECTION('ref_axis',(-1.83690953073357E-16,0.,1.));
#7030=DIRECTION('center_axis',(0.,1.,0.));
#7031=DIRECTION('ref_axis',(-1.83690953073357E-16,0.,1.));
#7032=DIRECTION('',(-6.12303176911189E-17,1.,-1.1247455413666E-32));
#7033=DIRECTION('center_axis',(-6.12303176911189E-17,1.,-1.1247455413666E-32));
#7034=DIRECTION('ref_axis',(7.13604292089981E-14,4.35817429562789E-30,-1.));
#7035=DIRECTION('center_axis',(0.,-1.,0.));
#7036=DIRECTION('ref_axis',(-1.83690953073357E-16,0.,1.));
#7037=DIRECTION('',(-6.12303176911189E-17,1.,-1.1247455413666E-32));
#7038=DIRECTION('center_axis',(0.,1.,0.));
#7039=DIRECTION('ref_axis',(-1.83690953073357E-16,0.,1.));
#7040=DIRECTION('center_axis',(-6.12303176911189E-17,1.,-1.1247455413666E-32));
#7041=DIRECTION('ref_axis',(-1.83690953073357E-16,-6.43174099836586E-47,
1.));
#7042=DIRECTION('center_axis',(0.,-1.,0.));
#7043=DIRECTION('ref_axis',(-1.83690953073357E-16,0.,1.));
#7044=DIRECTION('center_axis',(0.,1.,0.));
#7045=DIRECTION('ref_axis',(-1.83690953073357E-16,0.,1.));
#7046=DIRECTION('center_axis',(0.,1.,0.));
#7047=DIRECTION('ref_axis',(1.,0.,0.));
#7048=DIRECTION('center_axis',(0.,1.,0.));
#7049=DIRECTION('ref_axis',(1.,0.,0.));
#7050=DIRECTION('',(0.,1.,0.));
#7051=DIRECTION('center_axis',(0.,-1.,0.));
#7052=DIRECTION('ref_axis',(1.,0.,0.));
#7053=DIRECTION('center_axis',(0.,1.,0.));
#7054=DIRECTION('ref_axis',(6.12303176911189E-17,0.,-1.));
#7055=DIRECTION('center_axis',(0.,1.,0.));
#7056=DIRECTION('ref_axis',(6.12303176911189E-17,0.,-1.));
#7057=DIRECTION('',(0.,1.,0.));
#7058=DIRECTION('center_axis',(0.,-1.,0.));
#7059=DIRECTION('ref_axis',(6.12303176911189E-17,0.,-1.));
#7060=DIRECTION('center_axis',(0.,1.,0.));
#7061=DIRECTION('ref_axis',(-1.,0.,-1.22460635382238E-16));
#7062=DIRECTION('center_axis',(0.,1.,0.));
#7063=DIRECTION('ref_axis',(-1.,0.,-1.22460635382238E-16));
#7064=DIRECTION('',(0.,1.,0.));
#7065=DIRECTION('center_axis',(0.,-1.,0.));
#7066=DIRECTION('ref_axis',(-1.,0.,-1.22460635382238E-16));
#7067=DIRECTION('center_axis',(0.,1.,0.));
#7068=DIRECTION('ref_axis',(-1.83690953073357E-16,0.,1.));
#7069=DIRECTION('center_axis',(0.,1.,0.));
#7070=DIRECTION('ref_axis',(-1.83690953073357E-16,0.,1.));
#7071=DIRECTION('',(0.,1.,0.));
#7072=DIRECTION('center_axis',(0.,-1.,0.));
#7073=DIRECTION('ref_axis',(-1.83690953073357E-16,0.,1.));
#7074=DIRECTION('center_axis',(0.,1.,0.));
#7075=DIRECTION('ref_axis',(1.,0.,0.));
#7076=DIRECTION('center_axis',(0.,1.,0.));
#7077=DIRECTION('ref_axis',(1.,0.,0.));
#7078=DIRECTION('',(0.,-1.,0.));
#7079=DIRECTION('center_axis',(0.,-1.,0.));
#7080=DIRECTION('ref_axis',(1.,0.,0.));
#7081=DIRECTION('center_axis',(0.,1.,0.));
#7082=DIRECTION('ref_axis',(1.,0.,0.));
#7083=DIRECTION('center_axis',(0.,1.,0.));
#7084=DIRECTION('ref_axis',(1.,0.,0.));
#7085=DIRECTION('',(0.,-1.,0.));
#7086=DIRECTION('center_axis',(0.,-1.,0.));
#7087=DIRECTION('ref_axis',(1.,0.,0.));
#7088=DIRECTION('center_axis',(0.,1.,0.));
#7089=DIRECTION('ref_axis',(1.,0.,0.));
#7090=DIRECTION('center_axis',(0.,1.,0.));
#7091=DIRECTION('ref_axis',(1.,0.,0.));
#7092=DIRECTION('',(0.,-1.,0.));
#7093=DIRECTION('center_axis',(0.,-1.,0.));
#7094=DIRECTION('ref_axis',(1.,0.,0.));
#7095=DIRECTION('center_axis',(0.,1.,0.));
#7096=DIRECTION('ref_axis',(1.,0.,0.));
#7097=DIRECTION('center_axis',(0.,1.,0.));
#7098=DIRECTION('ref_axis',(1.,0.,0.));
#7099=DIRECTION('',(0.,-1.,0.));
#7100=DIRECTION('center_axis',(0.,-1.,0.));
#7101=DIRECTION('ref_axis',(1.,0.,0.));
#7102=DIRECTION('center_axis',(0.,1.,0.));
#7103=DIRECTION('ref_axis',(1.,0.,0.));
#7104=DIRECTION('center_axis',(0.,1.,0.));
#7105=DIRECTION('ref_axis',(1.,0.,0.));
#7106=DIRECTION('',(0.,-1.,0.));
#7107=DIRECTION('center_axis',(0.,-1.,0.));
#7108=DIRECTION('ref_axis',(1.,0.,0.));
#7109=DIRECTION('center_axis',(6.12303176911189E-17,-1.,1.22460635382238E-16));
#7110=DIRECTION('ref_axis',(0.,0.,1.));
#7111=DIRECTION('center_axis',(6.12303176911189E-17,-1.,1.22460635382238E-16));
#7112=DIRECTION('ref_axis',(-1.,-6.12303176911189E-17,7.49830360911069E-33));
#7113=DIRECTION('center_axis',(6.12303176911189E-17,-1.,1.22460635382238E-16));
#7114=DIRECTION('ref_axis',(-1.,-6.12303176911189E-17,7.49830360911069E-33));
#7115=DIRECTION('center_axis',(1.,6.12303176911189E-17,0.));
#7116=DIRECTION('ref_axis',(0.,0.,-1.));
#7117=DIRECTION('center_axis',(6.12303176911189E-17,-1.,1.22460635382238E-16));
#7118=DIRECTION('ref_axis',(-1.,-6.12303176911189E-17,7.49830360911069E-33));
#7119=DIRECTION('center_axis',(6.12303176911189E-17,-1.,1.22460635382238E-16));
#7120=DIRECTION('ref_axis',(-1.,-6.12303176911189E-17,7.49830360911069E-33));
#7121=DIRECTION('center_axis',(-1.64346021921044E-32,-1.,-2.22044604925031E-16));
#7122=DIRECTION('ref_axis',(-1.,1.64346021921044E-32,2.10941653102693E-32));
#7123=DIRECTION('',(-6.12303176911189E-17,1.,-1.22460635382238E-16));
#7124=DIRECTION('center_axis',(6.12303176911189E-17,-1.,1.22460635382238E-16));
#7125=DIRECTION('ref_axis',(0.,0.,1.));
#7126=DIRECTION('center_axis',(6.12303176911189E-17,-1.,1.22460635382238E-16));
#7127=DIRECTION('ref_axis',(-1.,-6.12303176911189E-17,7.49830360911069E-33));
#7128=DIRECTION('center_axis',(6.12303176911189E-17,-1.,1.22460635382238E-16));
#7129=DIRECTION('ref_axis',(-1.,-6.12303176911189E-17,7.49830360911069E-33));
#7130=DIRECTION('center_axis',(1.,6.12303176911189E-17,0.));
#7131=DIRECTION('ref_axis',(0.,0.,-1.));
#7132=DIRECTION('center_axis',(6.12303176911189E-17,-1.,1.22460635382238E-16));
#7133=DIRECTION('ref_axis',(-1.,-6.12303176911189E-17,7.49830360911069E-33));
#7134=DIRECTION('center_axis',(6.12303176911189E-17,-1.,1.22460635382238E-16));
#7135=DIRECTION('ref_axis',(-1.,-6.12303176911189E-17,7.49830360911069E-33));
#7136=DIRECTION('center_axis',(0.,-1.,0.));
#7137=DIRECTION('ref_axis',(-1.,0.,7.49830360911069E-33));
#7138=DIRECTION('',(-6.12303176911189E-17,1.,-1.22460635382238E-16));
#7139=DIRECTION('center_axis',(6.12303176911189E-17,-1.,1.22460635382238E-16));
#7140=DIRECTION('ref_axis',(0.,0.,1.));
#7141=DIRECTION('center_axis',(6.12303176911189E-17,-1.,1.22460635382238E-16));
#7142=DIRECTION('ref_axis',(-1.,-6.12303176911189E-17,7.49830360911069E-33));
#7143=DIRECTION('center_axis',(6.12303176911189E-17,-1.,1.22460635382238E-16));
#7144=DIRECTION('ref_axis',(-1.,-6.12303176911189E-17,7.49830360911069E-33));
#7145=DIRECTION('center_axis',(1.,6.12303176911189E-17,0.));
#7146=DIRECTION('ref_axis',(0.,0.,-1.));
#7147=DIRECTION('center_axis',(6.12303176911189E-17,-1.,1.22460635382238E-16));
#7148=DIRECTION('ref_axis',(-1.,-6.12303176911189E-17,7.49830360911069E-33));
#7149=DIRECTION('center_axis',(6.12303176911189E-17,-1.,1.22460635382238E-16));
#7150=DIRECTION('ref_axis',(-1.,-6.12303176911189E-17,7.49830360911069E-33));
#7151=DIRECTION('center_axis',(-1.64346021921044E-32,-1.,-2.22044604925032E-16));
#7152=DIRECTION('ref_axis',(-1.,1.64346021921044E-32,2.10941653102694E-32));
#7153=DIRECTION('',(-6.12303176911189E-17,1.,-1.22460635382238E-16));
#7154=DIRECTION('center_axis',(6.12303176911189E-17,-1.,1.22460635382238E-16));
#7155=DIRECTION('ref_axis',(0.,0.,1.));
#7156=DIRECTION('center_axis',(6.12303176911189E-17,-1.,1.22460635382238E-16));
#7157=DIRECTION('ref_axis',(-1.,-6.12303176911189E-17,7.49830360911069E-33));
#7158=DIRECTION('center_axis',(6.12303176911189E-17,-1.,1.22460635382238E-16));
#7159=DIRECTION('ref_axis',(-1.,-6.12303176911189E-17,7.49830360911069E-33));
#7160=DIRECTION('center_axis',(1.,6.12303176911189E-17,0.));
#7161=DIRECTION('ref_axis',(0.,0.,-1.));
#7162=DIRECTION('center_axis',(6.12303176911189E-17,-1.,1.22460635382238E-16));
#7163=DIRECTION('ref_axis',(-1.,-6.12303176911189E-17,7.49830360911069E-33));
#7164=DIRECTION('center_axis',(6.12303176911189E-17,-1.,1.22460635382238E-16));
#7165=DIRECTION('ref_axis',(-1.,-6.12303176911189E-17,7.49830360911069E-33));
#7166=DIRECTION('center_axis',(-1.64346021921044E-32,-1.,-2.22044604925031E-16));
#7167=DIRECTION('ref_axis',(-1.,1.64346021921044E-32,2.10941653102693E-32));
#7168=DIRECTION('',(-6.12303176911189E-17,1.,-1.22460635382238E-16));
#7169=DIRECTION('center_axis',(6.12303176911189E-17,-1.,1.22460635382238E-16));
#7170=DIRECTION('ref_axis',(0.,0.,1.));
#7171=DIRECTION('center_axis',(6.12303176911189E-17,-1.,1.22460635382238E-16));
#7172=DIRECTION('ref_axis',(-1.,-6.12303176911189E-17,7.49830360911069E-33));
#7173=DIRECTION('center_axis',(6.12303176911189E-17,-1.,1.22460635382238E-16));
#7174=DIRECTION('ref_axis',(-1.,-6.12303176911189E-17,7.49830360911069E-33));
#7175=DIRECTION('center_axis',(1.,6.12303176911189E-17,0.));
#7176=DIRECTION('ref_axis',(0.,0.,-1.));
#7177=DIRECTION('center_axis',(6.12303176911189E-17,-1.,1.22460635382238E-16));
#7178=DIRECTION('ref_axis',(-1.,-6.12303176911189E-17,7.49830360911069E-33));
#7179=DIRECTION('center_axis',(6.12303176911189E-17,-1.,1.22460635382238E-16));
#7180=DIRECTION('ref_axis',(-1.,-6.12303176911189E-17,7.49830360911069E-33));
#7181=DIRECTION('center_axis',(-1.64346021921044E-32,-1.,-2.22044604925031E-16));
#7182=DIRECTION('ref_axis',(-1.,1.64346021921044E-32,2.10941653102693E-32));
#7183=DIRECTION('',(-6.12303176911189E-17,1.,-1.22460635382238E-16));
#7184=DIRECTION('center_axis',(6.12303176911189E-17,-1.,1.22460635382238E-16));
#7185=DIRECTION('ref_axis',(0.,0.,1.));
#7186=DIRECTION('center_axis',(6.12303176911189E-17,-1.,1.22460635382238E-16));
#7187=DIRECTION('ref_axis',(-1.,-6.12303176911189E-17,7.49830360911069E-33));
#7188=DIRECTION('center_axis',(6.12303176911189E-17,-1.,1.22460635382238E-16));
#7189=DIRECTION('ref_axis',(-1.,-6.12303176911189E-17,7.49830360911069E-33));
#7190=DIRECTION('center_axis',(1.,6.12303176911189E-17,0.));
#7191=DIRECTION('ref_axis',(0.,0.,-1.));
#7192=DIRECTION('center_axis',(6.12303176911189E-17,-1.,1.22460635382238E-16));
#7193=DIRECTION('ref_axis',(-1.,-6.12303176911189E-17,7.49830360911069E-33));
#7194=DIRECTION('center_axis',(6.12303176911189E-17,-1.,1.22460635382238E-16));
#7195=DIRECTION('ref_axis',(-1.,-6.12303176911189E-17,7.49830360911069E-33));
#7196=DIRECTION('center_axis',(0.,-1.,0.));
#7197=DIRECTION('ref_axis',(-1.,0.,7.49830360911069E-33));
#7198=DIRECTION('',(-6.12303176911189E-17,1.,-1.22460635382238E-16));
#7199=DIRECTION('center_axis',(6.12303176911189E-17,-1.,1.22460635382238E-16));
#7200=DIRECTION('ref_axis',(0.,0.,1.));
#7201=DIRECTION('center_axis',(6.12303176911189E-17,-1.,1.22460635382238E-16));
#7202=DIRECTION('ref_axis',(-1.,-6.12303176911189E-17,7.49830360911069E-33));
#7203=DIRECTION('center_axis',(6.12303176911189E-17,-1.,1.22460635382238E-16));
#7204=DIRECTION('ref_axis',(-1.,-6.12303176911189E-17,7.49830360911069E-33));
#7205=DIRECTION('center_axis',(1.,6.12303176911189E-17,0.));
#7206=DIRECTION('ref_axis',(0.,0.,-1.));
#7207=DIRECTION('center_axis',(6.12303176911189E-17,-1.,1.22460635382238E-16));
#7208=DIRECTION('ref_axis',(-1.,-6.12303176911189E-17,7.49830360911069E-33));
#7209=DIRECTION('center_axis',(6.12303176911189E-17,-1.,1.22460635382238E-16));
#7210=DIRECTION('ref_axis',(-1.,-6.12303176911189E-17,7.49830360911069E-33));
#7211=DIRECTION('center_axis',(2.46519032881566E-32,-1.,4.44089209850063E-16));
#7212=DIRECTION('ref_axis',(-1.,-2.46519032881566E-32,-1.96934197932066E-32));
#7213=DIRECTION('',(-6.12303176911189E-17,1.,-1.22460635382238E-16));
#7214=DIRECTION('center_axis',(6.12303176911189E-17,-1.,1.22460635382238E-16));
#7215=DIRECTION('ref_axis',(0.,0.,1.));
#7216=DIRECTION('center_axis',(6.12303176911189E-17,-1.,1.22460635382238E-16));
#7217=DIRECTION('ref_axis',(-1.,-6.12303176911189E-17,7.49830360911069E-33));
#7218=DIRECTION('center_axis',(6.12303176911189E-17,-1.,1.22460635382238E-16));
#7219=DIRECTION('ref_axis',(-1.,-6.12303176911189E-17,7.49830360911069E-33));
#7220=DIRECTION('center_axis',(1.,6.12303176911189E-17,0.));
#7221=DIRECTION('ref_axis',(0.,0.,-1.));
#7222=DIRECTION('center_axis',(6.12303176911189E-17,-1.,1.22460635382238E-16));
#7223=DIRECTION('ref_axis',(-1.,-6.12303176911189E-17,7.49830360911069E-33));
#7224=DIRECTION('center_axis',(6.12303176911189E-17,-1.,1.22460635382238E-16));
#7225=DIRECTION('ref_axis',(-1.,-6.12303176911189E-17,7.49830360911069E-33));
#7226=DIRECTION('center_axis',(0.,-1.,0.));
#7227=DIRECTION('ref_axis',(-1.,0.,7.49830360911069E-33));
#7228=DIRECTION('',(-6.12303176911189E-17,1.,-1.22460635382238E-16));
#7229=DIRECTION('center_axis',(6.12303176911189E-17,-1.,1.22460635382238E-16));
#7230=DIRECTION('ref_axis',(0.,0.,1.));
#7231=DIRECTION('center_axis',(6.12303176911189E-17,-1.,1.22460635382238E-16));
#7232=DIRECTION('ref_axis',(-1.,-6.12303176911189E-17,7.49830360911069E-33));
#7233=DIRECTION('center_axis',(6.12303176911189E-17,-1.,1.22460635382238E-16));
#7234=DIRECTION('ref_axis',(-1.,-6.12303176911189E-17,7.49830360911069E-33));
#7235=DIRECTION('center_axis',(1.,6.12303176911189E-17,0.));
#7236=DIRECTION('ref_axis',(0.,0.,-1.));
#7237=DIRECTION('center_axis',(6.12303176911189E-17,-1.,1.22460635382238E-16));
#7238=DIRECTION('ref_axis',(-1.,-6.12303176911189E-17,7.49830360911069E-33));
#7239=DIRECTION('center_axis',(6.12303176911189E-17,-1.,1.22460635382238E-16));
#7240=DIRECTION('ref_axis',(-1.,-6.12303176911189E-17,7.49830360911069E-33));
#7241=DIRECTION('center_axis',(0.,-1.,0.));
#7242=DIRECTION('ref_axis',(-1.,0.,7.49830360911069E-33));
#7243=DIRECTION('',(-6.12303176911189E-17,1.,-1.22460635382238E-16));
#7244=DIRECTION('center_axis',(-1.,0.,6.12303176911189E-17));
#7245=DIRECTION('ref_axis',(6.12303176911189E-17,0.,1.));
#7246=DIRECTION('',(0.,-1.,0.));
#7247=DIRECTION('',(6.12303176911189E-17,0.,1.));
#7248=DIRECTION('',(0.,-1.,0.));
#7249=DIRECTION('',(-6.12303176911189E-17,-1.1842378929335E-15,-1.));
#7250=DIRECTION('',(-1.30520272331123E-32,-1.,-2.1316282072803E-16));
#7251=DIRECTION('',(6.12303176911189E-17,-2.22044604925031E-16,1.));
#7252=DIRECTION('',(-5.22081089324492E-32,1.,-8.5265128291212E-16));
#7253=DIRECTION('',(6.12303176911189E-17,0.,1.));
#7254=DIRECTION('',(-1.74027029774831E-32,-1.,-2.8421709430404E-16));
#7255=DIRECTION('',(6.12303176911189E-17,0.,1.));
#7256=DIRECTION('',(3.48054059549661E-32,1.,5.6843418860808E-16));
#7257=DIRECTION('',(6.12303176911189E-17,1.1842378929335E-15,1.));
#7258=DIRECTION('',(-3.48054059549661E-32,-1.,-5.6843418860808E-16));
#7259=DIRECTION('',(6.12303176911189E-17,-2.22044604925031E-16,1.));
#7260=DIRECTION('',(0.,1.,0.));
#7261=DIRECTION('',(6.12303176911189E-17,0.,1.));
#7262=DIRECTION('',(0.,-1.,0.));
#7263=DIRECTION('',(6.12303176911189E-17,4.44089209850063E-16,1.));
#7264=DIRECTION('',(6.96108119099323E-32,1.,1.13686837721616E-15));
#7265=DIRECTION('',(6.12303176911189E-17,0.,1.));
#7266=DIRECTION('',(6.96108119099323E-32,-1.,1.13686837721616E-15));
#7267=DIRECTION('',(6.12303176911189E-17,-2.22044604925032E-16,1.));
#7268=DIRECTION('',(0.,1.,0.));
#7269=DIRECTION('',(6.12303176911189E-17,1.18423789293351E-15,1.));
#7270=DIRECTION('',(-6.96108119099323E-32,-1.,-1.13686837721616E-15));
#7271=DIRECTION('',(6.12303176911189E-17,0.,1.));
#7272=DIRECTION('',(-6.96108119099323E-32,1.,-1.13686837721616E-15));
#7273=DIRECTION('',(6.12303176911189E-17,0.,1.));
#7274=DIRECTION('',(-6.96108119099322E-32,-1.,-1.13686837721616E-15));
#7275=DIRECTION('',(6.12303176911189E-17,0.,1.));
#7276=DIRECTION('',(0.,1.,0.));
#7277=DIRECTION('',(6.12303176911189E-17,-1.1842378929335E-15,1.));
#7278=DIRECTION('',(1.39221623819865E-31,-1.,2.27373675443232E-15));
#7279=DIRECTION('',(6.12303176911189E-17,0.,1.));
#7280=DIRECTION('',(1.39221623819865E-31,-1.,2.27373675443232E-15));
#7281=DIRECTION('',(6.12303176911189E-17,0.,1.));
#7282=DIRECTION('',(-1.39221623819865E-31,1.,-2.27373675443232E-15));
#7283=DIRECTION('',(6.12303176911189E-17,-2.22044604925031E-16,1.));
#7284=DIRECTION('',(0.,-1.,0.));
#7285=DIRECTION('',(6.12303176911189E-17,0.,1.));
#7286=DIRECTION('',(0.,1.,0.));
#7287=DIRECTION('',(-6.12303176911189E-17,4.04904867804469E-16,-1.));
#7288=DIRECTION('center_axis',(-6.12303176911189E-17,0.,-1.));
#7289=DIRECTION('ref_axis',(0.,-1.,0.));
#7290=DIRECTION('',(1.,0.,-6.12303176911189E-17));
#7291=DIRECTION('',(0.,1.,0.));
#7292=DIRECTION('',(-1.,0.,6.12303176911189E-17));
#7293=DIRECTION('center_axis',(-0.866025403784438,8.20330708881823E-18,
0.5));
#7294=DIRECTION('ref_axis',(-0.5,-1.36669180050161E-16,-0.866025403784438));
#7295=DIRECTION('',(-0.5,-1.36669180050161E-16,-0.866025403784438));
#7296=DIRECTION('',(6.12303176911189E-17,-1.,1.22460635382238E-16));
#7297=DIRECTION('',(0.5,1.36669180050161E-16,0.866025403784438));
#7298=DIRECTION('',(6.12303176911189E-17,-1.,1.22460635382238E-16));
#7299=DIRECTION('center_axis',(-0.866025403784439,-1.14257328293419E-16,
-0.5));
#7300=DIRECTION('ref_axis',(0.5,-7.5438862359042E-17,-0.866025403784439));
#7301=DIRECTION('',(0.5,-7.5438862359042E-17,-0.866025403784439));
#7302=DIRECTION('',(-0.5,7.5438862359042E-17,0.866025403784439));
#7303=DIRECTION('',(6.12303176911189E-17,-1.,1.22460635382238E-16));
#7304=DIRECTION('center_axis',(-1.53837014910685E-16,-1.22460635382238E-16,
-1.));
#7305=DIRECTION('ref_axis',(1.,6.12303176911188E-17,-1.53837014910685E-16));
#7306=DIRECTION('',(1.,6.12303176911188E-17,-1.53837014910685E-16));
#7307=DIRECTION('',(-1.,-6.12303176911188E-17,1.53837014910685E-16));
#7308=DIRECTION('',(6.12303176911189E-17,-1.,1.22460635382238E-16));
#7309=DIRECTION('center_axis',(0.866025403784439,-8.20330708881821E-18,
-0.5));
#7310=DIRECTION('ref_axis',(0.5,1.36669180050161E-16,0.866025403784439));
#7311=DIRECTION('',(0.5,1.36669180050161E-16,0.866025403784439));
#7312=DIRECTION('',(-0.5,-1.36669180050161E-16,-0.866025403784439));
#7313=DIRECTION('',(6.12303176911189E-17,-1.,1.22460635382238E-16));
#7314=DIRECTION('center_axis',(0.,1.22460635382238E-16,1.));
#7315=DIRECTION('ref_axis',(-1.,-6.12303176911189E-17,7.49830360911071E-33));
#7316=DIRECTION('',(-1.,-6.12303176911189E-17,7.49830360911069E-33));
#7317=DIRECTION('',(6.12303176911189E-17,-1.,1.22460635382238E-16));
#7318=DIRECTION('',(1.,6.12303176911189E-17,-7.49830360911069E-33));
#7319=DIRECTION('center_axis',(0.866025403784439,1.1425732829342E-16,0.5));
#7320=DIRECTION('ref_axis',(-0.5,7.54388623590419E-17,0.866025403784439));
#7321=DIRECTION('',(-0.5,7.54388623590419E-17,0.866025403784439));
#7322=DIRECTION('',(0.5,-7.54388623590419E-17,-0.866025403784439));
#7323=DIRECTION('center_axis',(6.12303176911189E-17,-1.,1.22460635382238E-16));
#7324=DIRECTION('ref_axis',(0.,1.22460635382238E-16,1.));
#7325=DIRECTION('center_axis',(-6.12303176911189E-17,1.,-1.22460635382238E-16));
#7326=DIRECTION('ref_axis',(1.,6.12303176911189E-17,-7.49830360911069E-33));
#7327=DIRECTION('center_axis',(-0.866025403784438,8.20330708881823E-18,
0.5));
#7328=DIRECTION('ref_axis',(-0.5,-1.36669180050161E-16,-0.866025403784438));
#7329=DIRECTION('',(-0.5,-1.36669180050161E-16,-0.866025403784438));
#7330=DIRECTION('',(6.12303176911189E-17,-1.,1.22460635382238E-16));
#7331=DIRECTION('',(0.5,1.36669180050161E-16,0.866025403784438));
#7332=DIRECTION('',(6.12303176911189E-17,-1.,1.22460635382238E-16));
#7333=DIRECTION('center_axis',(-0.866025403784439,-1.14257328293419E-16,
-0.5));
#7334=DIRECTION('ref_axis',(0.5,-7.5438862359042E-17,-0.866025403784439));
#7335=DIRECTION('',(0.5,-7.5438862359042E-17,-0.866025403784439));
#7336=DIRECTION('',(-0.5,7.5438862359042E-17,0.866025403784439));
#7337=DIRECTION('',(6.12303176911189E-17,-1.,1.22460635382238E-16));
#7338=DIRECTION('center_axis',(-1.53837014910685E-16,-1.22460635382238E-16,
-1.));
#7339=DIRECTION('ref_axis',(1.,6.12303176911188E-17,-1.53837014910685E-16));
#7340=DIRECTION('',(1.,6.12303176911188E-17,-1.53837014910685E-16));
#7341=DIRECTION('',(-1.,-6.12303176911188E-17,1.53837014910685E-16));
#7342=DIRECTION('',(6.12303176911189E-17,-1.,1.22460635382238E-16));
#7343=DIRECTION('center_axis',(0.866025403784439,-8.20330708881821E-18,
-0.5));
#7344=DIRECTION('ref_axis',(0.5,1.36669180050161E-16,0.866025403784439));
#7345=DIRECTION('',(0.5,1.36669180050161E-16,0.866025403784439));
#7346=DIRECTION('',(-0.5,-1.36669180050161E-16,-0.866025403784439));
#7347=DIRECTION('',(6.12303176911189E-17,-1.,1.22460635382238E-16));
#7348=DIRECTION('center_axis',(0.,1.22460635382238E-16,1.));
#7349=DIRECTION('ref_axis',(-1.,-6.12303176911189E-17,7.49830360911071E-33));
#7350=DIRECTION('',(-1.,-6.12303176911189E-17,7.49830360911069E-33));
#7351=DIRECTION('',(6.12303176911189E-17,-1.,1.22460635382238E-16));
#7352=DIRECTION('',(1.,6.12303176911189E-17,-7.49830360911069E-33));
#7353=DIRECTION('center_axis',(0.866025403784439,1.1425732829342E-16,0.5));
#7354=DIRECTION('ref_axis',(-0.5,7.54388623590419E-17,0.866025403784439));
#7355=DIRECTION('',(-0.5,7.54388623590419E-17,0.866025403784439));
#7356=DIRECTION('',(0.5,-7.54388623590419E-17,-0.866025403784439));
#7357=DIRECTION('center_axis',(6.12303176911189E-17,-1.,1.22460635382238E-16));
#7358=DIRECTION('ref_axis',(0.,1.22460635382238E-16,1.));
#7359=DIRECTION('center_axis',(-6.12303176911189E-17,1.,-1.22460635382238E-16));
#7360=DIRECTION('ref_axis',(1.,6.12303176911189E-17,-7.49830360911069E-33));
#7361=DIRECTION('center_axis',(-0.866025403784438,8.20330708881823E-18,
0.5));
#7362=DIRECTION('ref_axis',(-0.5,-1.36669180050161E-16,-0.866025403784438));
#7363=DIRECTION('',(-0.5,-1.36669180050161E-16,-0.866025403784438));
#7364=DIRECTION('',(6.12303176911189E-17,-1.,1.22460635382238E-16));
#7365=DIRECTION('',(0.5,1.36669180050161E-16,0.866025403784438));
#7366=DIRECTION('',(6.12303176911189E-17,-1.,1.22460635382238E-16));
#7367=DIRECTION('center_axis',(-0.866025403784439,-1.14257328293419E-16,
-0.5));
#7368=DIRECTION('ref_axis',(0.5,-7.5438862359042E-17,-0.866025403784439));
#7369=DIRECTION('',(0.5,-7.5438862359042E-17,-0.866025403784439));
#7370=DIRECTION('',(-0.5,7.5438862359042E-17,0.866025403784439));
#7371=DIRECTION('',(6.12303176911189E-17,-1.,1.22460635382238E-16));
#7372=DIRECTION('center_axis',(-1.53837014910685E-16,-1.22460635382238E-16,
-1.));
#7373=DIRECTION('ref_axis',(1.,6.12303176911188E-17,-1.53837014910685E-16));
#7374=DIRECTION('',(1.,6.12303176911188E-17,-1.53837014910685E-16));
#7375=DIRECTION('',(-1.,-6.12303176911188E-17,1.53837014910685E-16));
#7376=DIRECTION('',(6.12303176911189E-17,-1.,1.22460635382238E-16));
#7377=DIRECTION('center_axis',(0.866025403784439,-8.20330708881821E-18,
-0.5));
#7378=DIRECTION('ref_axis',(0.5,1.36669180050161E-16,0.866025403784439));
#7379=DIRECTION('',(0.5,1.36669180050161E-16,0.866025403784439));
#7380=DIRECTION('',(-0.5,-1.36669180050161E-16,-0.866025403784439));
#7381=DIRECTION('',(6.12303176911189E-17,-1.,1.22460635382238E-16));
#7382=DIRECTION('center_axis',(0.,1.22460635382238E-16,1.));
#7383=DIRECTION('ref_axis',(-1.,-6.12303176911189E-17,7.49830360911071E-33));
#7384=DIRECTION('',(-1.,-6.12303176911189E-17,7.49830360911069E-33));
#7385=DIRECTION('',(6.12303176911189E-17,-1.,1.22460635382238E-16));
#7386=DIRECTION('',(1.,6.12303176911189E-17,-7.49830360911069E-33));
#7387=DIRECTION('center_axis',(0.866025403784439,1.1425732829342E-16,0.5));
#7388=DIRECTION('ref_axis',(-0.5,7.54388623590419E-17,0.866025403784439));
#7389=DIRECTION('',(-0.5,7.54388623590419E-17,0.866025403784439));
#7390=DIRECTION('',(0.5,-7.54388623590419E-17,-0.866025403784439));
#7391=DIRECTION('center_axis',(6.12303176911189E-17,-1.,1.22460635382238E-16));
#7392=DIRECTION('ref_axis',(0.,1.22460635382238E-16,1.));
#7393=DIRECTION('center_axis',(-6.12303176911189E-17,1.,-1.22460635382238E-16));
#7394=DIRECTION('ref_axis',(1.,6.12303176911189E-17,-7.49830360911069E-33));
#7395=DIRECTION('center_axis',(-0.866025403784438,8.20330708881823E-18,
0.5));
#7396=DIRECTION('ref_axis',(-0.5,-1.36669180050161E-16,-0.866025403784438));
#7397=DIRECTION('',(-0.5,-1.36669180050161E-16,-0.866025403784438));
#7398=DIRECTION('',(6.12303176911189E-17,-1.,1.22460635382238E-16));
#7399=DIRECTION('',(0.5,1.36669180050161E-16,0.866025403784438));
#7400=DIRECTION('',(6.12303176911189E-17,-1.,1.22460635382238E-16));
#7401=DIRECTION('center_axis',(-0.866025403784439,-1.14257328293419E-16,
-0.5));
#7402=DIRECTION('ref_axis',(0.5,-7.5438862359042E-17,-0.866025403784439));
#7403=DIRECTION('',(0.5,-7.5438862359042E-17,-0.866025403784439));
#7404=DIRECTION('',(-0.5,7.5438862359042E-17,0.866025403784439));
#7405=DIRECTION('',(6.12303176911189E-17,-1.,1.22460635382238E-16));
#7406=DIRECTION('center_axis',(-1.53837014910685E-16,-1.22460635382238E-16,
-1.));
#7407=DIRECTION('ref_axis',(1.,6.12303176911188E-17,-1.53837014910685E-16));
#7408=DIRECTION('',(1.,6.12303176911188E-17,-1.53837014910685E-16));
#7409=DIRECTION('',(-1.,-6.12303176911188E-17,1.53837014910685E-16));
#7410=DIRECTION('',(6.12303176911189E-17,-1.,1.22460635382238E-16));
#7411=DIRECTION('center_axis',(0.866025403784439,-8.20330708881821E-18,
-0.5));
#7412=DIRECTION('ref_axis',(0.5,1.36669180050161E-16,0.866025403784439));
#7413=DIRECTION('',(0.5,1.36669180050161E-16,0.866025403784439));
#7414=DIRECTION('',(-0.5,-1.36669180050161E-16,-0.866025403784439));
#7415=DIRECTION('',(6.12303176911189E-17,-1.,1.22460635382238E-16));
#7416=DIRECTION('center_axis',(0.,1.22460635382238E-16,1.));
#7417=DIRECTION('ref_axis',(-1.,-6.12303176911189E-17,7.49830360911071E-33));
#7418=DIRECTION('',(-1.,-6.12303176911189E-17,7.49830360911069E-33));
#7419=DIRECTION('',(6.12303176911189E-17,-1.,1.22460635382238E-16));
#7420=DIRECTION('',(1.,6.12303176911189E-17,-7.49830360911069E-33));
#7421=DIRECTION('center_axis',(0.866025403784439,1.1425732829342E-16,0.5));
#7422=DIRECTION('ref_axis',(-0.5,7.54388623590419E-17,0.866025403784439));
#7423=DIRECTION('',(-0.5,7.54388623590419E-17,0.866025403784439));
#7424=DIRECTION('',(0.5,-7.54388623590419E-17,-0.866025403784439));
#7425=DIRECTION('center_axis',(6.12303176911189E-17,-1.,1.22460635382238E-16));
#7426=DIRECTION('ref_axis',(0.,1.22460635382238E-16,1.));
#7427=DIRECTION('center_axis',(-6.12303176911189E-17,1.,-1.22460635382238E-16));
#7428=DIRECTION('ref_axis',(1.,6.12303176911189E-17,-7.49830360911069E-33));
#7429=DIRECTION('center_axis',(-0.866025403784438,8.20330708881823E-18,
0.5));
#7430=DIRECTION('ref_axis',(-0.5,-1.36669180050161E-16,-0.866025403784438));
#7431=DIRECTION('',(-0.5,-1.36669180050161E-16,-0.866025403784438));
#7432=DIRECTION('',(6.12303176911189E-17,-1.,1.22460635382238E-16));
#7433=DIRECTION('',(0.5,1.36669180050161E-16,0.866025403784438));
#7434=DIRECTION('',(6.12303176911189E-17,-1.,1.22460635382238E-16));
#7435=DIRECTION('center_axis',(-0.866025403784439,-1.14257328293419E-16,
-0.5));
#7436=DIRECTION('ref_axis',(0.5,-7.5438862359042E-17,-0.866025403784439));
#7437=DIRECTION('',(0.5,-7.5438862359042E-17,-0.866025403784439));
#7438=DIRECTION('',(-0.5,7.5438862359042E-17,0.866025403784439));
#7439=DIRECTION('',(6.12303176911189E-17,-1.,1.22460635382238E-16));
#7440=DIRECTION('center_axis',(-1.53837014910685E-16,-1.22460635382238E-16,
-1.));
#7441=DIRECTION('ref_axis',(1.,6.12303176911188E-17,-1.53837014910685E-16));
#7442=DIRECTION('',(1.,6.12303176911188E-17,-1.53837014910685E-16));
#7443=DIRECTION('',(-1.,-6.12303176911188E-17,1.53837014910685E-16));
#7444=DIRECTION('',(6.12303176911189E-17,-1.,1.22460635382238E-16));
#7445=DIRECTION('center_axis',(0.866025403784439,-8.20330708881821E-18,
-0.5));
#7446=DIRECTION('ref_axis',(0.5,1.36669180050161E-16,0.866025403784439));
#7447=DIRECTION('',(0.5,1.36669180050161E-16,0.866025403784439));
#7448=DIRECTION('',(-0.5,-1.36669180050161E-16,-0.866025403784439));
#7449=DIRECTION('',(6.12303176911189E-17,-1.,1.22460635382238E-16));
#7450=DIRECTION('center_axis',(0.,1.22460635382238E-16,1.));
#7451=DIRECTION('ref_axis',(-1.,-6.12303176911189E-17,7.49830360911071E-33));
#7452=DIRECTION('',(-1.,-6.12303176911189E-17,7.49830360911069E-33));
#7453=DIRECTION('',(6.12303176911189E-17,-1.,1.22460635382238E-16));
#7454=DIRECTION('',(1.,6.12303176911189E-17,-7.49830360911069E-33));
#7455=DIRECTION('center_axis',(0.866025403784439,1.1425732829342E-16,0.5));
#7456=DIRECTION('ref_axis',(-0.5,7.54388623590419E-17,0.866025403784439));
#7457=DIRECTION('',(-0.5,7.54388623590419E-17,0.866025403784439));
#7458=DIRECTION('',(0.5,-7.54388623590419E-17,-0.866025403784439));
#7459=DIRECTION('center_axis',(6.12303176911189E-17,-1.,1.22460635382238E-16));
#7460=DIRECTION('ref_axis',(0.,1.22460635382238E-16,1.));
#7461=DIRECTION('center_axis',(-6.12303176911189E-17,1.,-1.22460635382238E-16));
#7462=DIRECTION('ref_axis',(1.,6.12303176911189E-17,-7.49830360911069E-33));
#7463=DIRECTION('center_axis',(-0.866025403784438,8.20330708881823E-18,
0.5));
#7464=DIRECTION('ref_axis',(-0.5,-1.36669180050161E-16,-0.866025403784438));
#7465=DIRECTION('',(-0.5,-1.36669180050161E-16,-0.866025403784438));
#7466=DIRECTION('',(6.12303176911189E-17,-1.,1.22460635382238E-16));
#7467=DIRECTION('',(0.5,1.36669180050161E-16,0.866025403784438));
#7468=DIRECTION('',(6.12303176911189E-17,-1.,1.22460635382238E-16));
#7469=DIRECTION('center_axis',(-0.866025403784439,-1.14257328293419E-16,
-0.5));
#7470=DIRECTION('ref_axis',(0.5,-7.5438862359042E-17,-0.866025403784439));
#7471=DIRECTION('',(0.5,-7.5438862359042E-17,-0.866025403784439));
#7472=DIRECTION('',(-0.5,7.5438862359042E-17,0.866025403784439));
#7473=DIRECTION('',(6.12303176911189E-17,-1.,1.22460635382238E-16));
#7474=DIRECTION('center_axis',(-1.53837014910685E-16,-1.22460635382238E-16,
-1.));
#7475=DIRECTION('ref_axis',(1.,6.12303176911188E-17,-1.53837014910685E-16));
#7476=DIRECTION('',(1.,6.12303176911188E-17,-1.53837014910685E-16));
#7477=DIRECTION('',(-1.,-6.12303176911188E-17,1.53837014910685E-16));
#7478=DIRECTION('',(6.12303176911189E-17,-1.,1.22460635382238E-16));
#7479=DIRECTION('center_axis',(0.866025403784439,-8.20330708881821E-18,
-0.5));
#7480=DIRECTION('ref_axis',(0.5,1.36669180050161E-16,0.866025403784439));
#7481=DIRECTION('',(0.5,1.36669180050161E-16,0.866025403784439));
#7482=DIRECTION('',(-0.5,-1.36669180050161E-16,-0.866025403784439));
#7483=DIRECTION('',(6.12303176911189E-17,-1.,1.22460635382238E-16));
#7484=DIRECTION('center_axis',(0.,1.22460635382238E-16,1.));
#7485=DIRECTION('ref_axis',(-1.,-6.12303176911189E-17,7.49830360911071E-33));
#7486=DIRECTION('',(-1.,-6.12303176911189E-17,7.49830360911069E-33));
#7487=DIRECTION('',(6.12303176911189E-17,-1.,1.22460635382238E-16));
#7488=DIRECTION('',(1.,6.12303176911189E-17,-7.49830360911069E-33));
#7489=DIRECTION('center_axis',(0.866025403784439,1.1425732829342E-16,0.5));
#7490=DIRECTION('ref_axis',(-0.5,7.54388623590419E-17,0.866025403784439));
#7491=DIRECTION('',(-0.5,7.54388623590419E-17,0.866025403784439));
#7492=DIRECTION('',(0.5,-7.54388623590419E-17,-0.866025403784439));
#7493=DIRECTION('center_axis',(6.12303176911189E-17,-1.,1.22460635382238E-16));
#7494=DIRECTION('ref_axis',(0.,1.22460635382238E-16,1.));
#7495=DIRECTION('center_axis',(-6.12303176911189E-17,1.,-1.22460635382238E-16));
#7496=DIRECTION('ref_axis',(1.,6.12303176911189E-17,-7.49830360911069E-33));
#7497=DIRECTION('center_axis',(-0.866025403784438,8.20330708881823E-18,
0.5));
#7498=DIRECTION('ref_axis',(-0.5,-1.36669180050161E-16,-0.866025403784438));
#7499=DIRECTION('',(-0.5,-1.36669180050161E-16,-0.866025403784438));
#7500=DIRECTION('',(6.12303176911189E-17,-1.,1.22460635382238E-16));
#7501=DIRECTION('',(0.5,1.36669180050161E-16,0.866025403784438));
#7502=DIRECTION('',(6.12303176911189E-17,-1.,1.22460635382238E-16));
#7503=DIRECTION('center_axis',(-0.866025403784439,-1.14257328293419E-16,
-0.5));
#7504=DIRECTION('ref_axis',(0.5,-7.5438862359042E-17,-0.866025403784439));
#7505=DIRECTION('',(0.5,-7.5438862359042E-17,-0.866025403784439));
#7506=DIRECTION('',(-0.5,7.5438862359042E-17,0.866025403784439));
#7507=DIRECTION('',(6.12303176911189E-17,-1.,1.22460635382238E-16));
#7508=DIRECTION('center_axis',(-1.53837014910685E-16,-1.22460635382238E-16,
-1.));
#7509=DIRECTION('ref_axis',(1.,6.12303176911188E-17,-1.53837014910685E-16));
#7510=DIRECTION('',(1.,6.12303176911188E-17,-1.53837014910685E-16));
#7511=DIRECTION('',(-1.,-6.12303176911188E-17,1.53837014910685E-16));
#7512=DIRECTION('',(6.12303176911189E-17,-1.,1.22460635382238E-16));
#7513=DIRECTION('center_axis',(0.866025403784439,-8.20330708881821E-18,
-0.5));
#7514=DIRECTION('ref_axis',(0.5,1.36669180050161E-16,0.866025403784439));
#7515=DIRECTION('',(0.5,1.36669180050161E-16,0.866025403784439));
#7516=DIRECTION('',(-0.5,-1.36669180050161E-16,-0.866025403784439));
#7517=DIRECTION('',(6.12303176911189E-17,-1.,1.22460635382238E-16));
#7518=DIRECTION('center_axis',(0.,1.22460635382238E-16,1.));
#7519=DIRECTION('ref_axis',(-1.,-6.12303176911189E-17,7.49830360911071E-33));
#7520=DIRECTION('',(-1.,-6.12303176911189E-17,7.49830360911069E-33));
#7521=DIRECTION('',(6.12303176911189E-17,-1.,1.22460635382238E-16));
#7522=DIRECTION('',(1.,6.12303176911189E-17,-7.49830360911069E-33));
#7523=DIRECTION('center_axis',(0.866025403784439,1.1425732829342E-16,0.5));
#7524=DIRECTION('ref_axis',(-0.5,7.54388623590419E-17,0.866025403784439));
#7525=DIRECTION('',(-0.5,7.54388623590419E-17,0.866025403784439));
#7526=DIRECTION('',(0.5,-7.54388623590419E-17,-0.866025403784439));
#7527=DIRECTION('center_axis',(6.12303176911189E-17,-1.,1.22460635382238E-16));
#7528=DIRECTION('ref_axis',(0.,1.22460635382238E-16,1.));
#7529=DIRECTION('center_axis',(-6.12303176911189E-17,1.,-1.22460635382238E-16));
#7530=DIRECTION('ref_axis',(1.,6.12303176911189E-17,-7.49830360911069E-33));
#7531=DIRECTION('center_axis',(-0.866025403784438,8.20330708881823E-18,
0.5));
#7532=DIRECTION('ref_axis',(-0.5,-1.36669180050161E-16,-0.866025403784438));
#7533=DIRECTION('',(-0.5,-1.36669180050161E-16,-0.866025403784438));
#7534=DIRECTION('',(6.12303176911189E-17,-1.,1.22460635382238E-16));
#7535=DIRECTION('',(0.5,1.36669180050161E-16,0.866025403784438));
#7536=DIRECTION('',(6.12303176911189E-17,-1.,1.22460635382238E-16));
#7537=DIRECTION('center_axis',(-0.866025403784439,-1.14257328293419E-16,
-0.5));
#7538=DIRECTION('ref_axis',(0.5,-7.5438862359042E-17,-0.866025403784439));
#7539=DIRECTION('',(0.5,-7.5438862359042E-17,-0.866025403784439));
#7540=DIRECTION('',(-0.5,7.5438862359042E-17,0.866025403784439));
#7541=DIRECTION('',(6.12303176911189E-17,-1.,1.22460635382238E-16));
#7542=DIRECTION('center_axis',(-1.53837014910685E-16,-1.22460635382238E-16,
-1.));
#7543=DIRECTION('ref_axis',(1.,6.12303176911188E-17,-1.53837014910685E-16));
#7544=DIRECTION('',(1.,6.12303176911188E-17,-1.53837014910685E-16));
#7545=DIRECTION('',(-1.,-6.12303176911188E-17,1.53837014910685E-16));
#7546=DIRECTION('',(6.12303176911189E-17,-1.,1.22460635382238E-16));
#7547=DIRECTION('center_axis',(0.866025403784439,-8.20330708881821E-18,
-0.5));
#7548=DIRECTION('ref_axis',(0.5,1.36669180050161E-16,0.866025403784439));
#7549=DIRECTION('',(0.5,1.36669180050161E-16,0.866025403784439));
#7550=DIRECTION('',(-0.5,-1.36669180050161E-16,-0.866025403784439));
#7551=DIRECTION('',(6.12303176911189E-17,-1.,1.22460635382238E-16));
#7552=DIRECTION('center_axis',(0.,1.22460635382238E-16,1.));
#7553=DIRECTION('ref_axis',(-1.,-6.12303176911189E-17,7.49830360911071E-33));
#7554=DIRECTION('',(-1.,-6.12303176911189E-17,7.49830360911069E-33));
#7555=DIRECTION('',(6.12303176911189E-17,-1.,1.22460635382238E-16));
#7556=DIRECTION('',(1.,6.12303176911189E-17,-7.49830360911069E-33));
#7557=DIRECTION('center_axis',(0.866025403784439,1.1425732829342E-16,0.5));
#7558=DIRECTION('ref_axis',(-0.5,7.54388623590419E-17,0.866025403784439));
#7559=DIRECTION('',(-0.5,7.54388623590419E-17,0.866025403784439));
#7560=DIRECTION('',(0.5,-7.54388623590419E-17,-0.866025403784439));
#7561=DIRECTION('center_axis',(6.12303176911189E-17,-1.,1.22460635382238E-16));
#7562=DIRECTION('ref_axis',(0.,1.22460635382238E-16,1.));
#7563=DIRECTION('center_axis',(-6.12303176911189E-17,1.,-1.22460635382238E-16));
#7564=DIRECTION('ref_axis',(1.,6.12303176911189E-17,-7.49830360911069E-33));
#7565=DIRECTION('center_axis',(-0.866025403784438,8.20330708881823E-18,
0.5));
#7566=DIRECTION('ref_axis',(-0.5,-1.36669180050161E-16,-0.866025403784438));
#7567=DIRECTION('',(-0.5,-1.36669180050161E-16,-0.866025403784438));
#7568=DIRECTION('',(6.12303176911189E-17,-1.,1.22460635382238E-16));
#7569=DIRECTION('',(0.5,1.36669180050161E-16,0.866025403784438));
#7570=DIRECTION('',(6.12303176911189E-17,-1.,1.22460635382238E-16));
#7571=DIRECTION('center_axis',(-0.866025403784439,-1.14257328293419E-16,
-0.5));
#7572=DIRECTION('ref_axis',(0.5,-7.5438862359042E-17,-0.866025403784439));
#7573=DIRECTION('',(0.5,-7.5438862359042E-17,-0.866025403784439));
#7574=DIRECTION('',(-0.5,7.5438862359042E-17,0.866025403784439));
#7575=DIRECTION('',(6.12303176911189E-17,-1.,1.22460635382238E-16));
#7576=DIRECTION('center_axis',(-1.53837014910685E-16,-1.22460635382238E-16,
-1.));
#7577=DIRECTION('ref_axis',(1.,6.12303176911188E-17,-1.53837014910685E-16));
#7578=DIRECTION('',(1.,6.12303176911188E-17,-1.53837014910685E-16));
#7579=DIRECTION('',(-1.,-6.12303176911188E-17,1.53837014910685E-16));
#7580=DIRECTION('',(6.12303176911189E-17,-1.,1.22460635382238E-16));
#7581=DIRECTION('center_axis',(0.866025403784439,-8.20330708881821E-18,
-0.5));
#7582=DIRECTION('ref_axis',(0.5,1.36669180050161E-16,0.866025403784439));
#7583=DIRECTION('',(0.5,1.36669180050161E-16,0.866025403784439));
#7584=DIRECTION('',(-0.5,-1.36669180050161E-16,-0.866025403784439));
#7585=DIRECTION('',(6.12303176911189E-17,-1.,1.22460635382238E-16));
#7586=DIRECTION('center_axis',(0.,1.22460635382238E-16,1.));
#7587=DIRECTION('ref_axis',(-1.,-6.12303176911189E-17,7.49830360911071E-33));
#7588=DIRECTION('',(-1.,-6.12303176911189E-17,7.49830360911069E-33));
#7589=DIRECTION('',(6.12303176911189E-17,-1.,1.22460635382238E-16));
#7590=DIRECTION('',(1.,6.12303176911189E-17,-7.49830360911069E-33));
#7591=DIRECTION('center_axis',(0.866025403784439,1.1425732829342E-16,0.5));
#7592=DIRECTION('ref_axis',(-0.5,7.54388623590419E-17,0.866025403784439));
#7593=DIRECTION('',(-0.5,7.54388623590419E-17,0.866025403784439));
#7594=DIRECTION('',(0.5,-7.54388623590419E-17,-0.866025403784439));
#7595=DIRECTION('center_axis',(6.12303176911189E-17,-1.,1.22460635382238E-16));
#7596=DIRECTION('ref_axis',(0.,1.22460635382238E-16,1.));
#7597=DIRECTION('center_axis',(-6.12303176911189E-17,1.,-1.22460635382238E-16));
#7598=DIRECTION('ref_axis',(1.,6.12303176911189E-17,-7.49830360911069E-33));
#7599=DIRECTION('center_axis',(-1.,0.,0.));
#7600=DIRECTION('ref_axis',(0.,0.,1.));
#7601=DIRECTION('',(0.,1.,0.));
#7602=DIRECTION('',(0.,-2.22044604925031E-16,1.));
#7603=DIRECTION('',(0.,-1.,2.27373675443232E-15));
#7604=DIRECTION('',(0.,0.,-1.));
#7605=DIRECTION('center_axis',(-1.,0.,0.));
#7606=DIRECTION('ref_axis',(0.,0.,1.));
#7607=DIRECTION('',(0.,1.,-2.27373675443232E-15));
#7608=DIRECTION('',(0.,0.,1.));
#7609=DIRECTION('',(0.,-1.,2.27373675443232E-15));
#7610=DIRECTION('',(0.,0.,-1.));
#7611=DIRECTION('center_axis',(-1.,0.,0.));
#7612=DIRECTION('ref_axis',(0.,0.,1.));
#7613=DIRECTION('',(0.,1.,0.));
#7614=DIRECTION('',(0.,0.,1.));
#7615=DIRECTION('',(0.,-1.,-1.13686837721616E-15));
#7616=DIRECTION('',(0.,0.,-1.));
#7617=DIRECTION('center_axis',(-1.,0.,0.));
#7618=DIRECTION('ref_axis',(0.,0.,1.));
#7619=DIRECTION('',(0.,1.,-1.13686837721616E-15));
#7620=DIRECTION('',(0.,0.,1.));
#7621=DIRECTION('',(0.,-1.,-1.13686837721616E-15));
#7622=DIRECTION('',(0.,0.,-1.));
#7623=DIRECTION('center_axis',(-1.,0.,0.));
#7624=DIRECTION('ref_axis',(0.,0.,1.));
#7625=DIRECTION('',(0.,1.,0.));
#7626=DIRECTION('',(0.,-2.22044604925032E-16,1.));
#7627=DIRECTION('',(0.,-1.,1.13686837721616E-15));
#7628=DIRECTION('',(0.,0.,-1.));
#7629=DIRECTION('center_axis',(-1.,0.,0.));
#7630=DIRECTION('ref_axis',(0.,0.,1.));
#7631=DIRECTION('',(0.,1.,1.13686837721616E-15));
#7632=DIRECTION('',(0.,4.44089209850063E-16,1.));
#7633=DIRECTION('',(0.,-1.,0.));
#7634=DIRECTION('',(0.,0.,-1.));
#7635=DIRECTION('center_axis',(-1.,0.,0.));
#7636=DIRECTION('ref_axis',(0.,0.,1.));
#7637=DIRECTION('',(0.,1.,0.));
#7638=DIRECTION('',(0.,-2.22044604925031E-16,1.));
#7639=DIRECTION('',(0.,-1.,-5.6843418860808E-16));
#7640=DIRECTION('',(0.,0.,-1.));
#7641=DIRECTION('center_axis',(-1.,0.,0.));
#7642=DIRECTION('ref_axis',(0.,0.,1.));
#7643=DIRECTION('',(0.,1.,5.6843418860808E-16));
#7644=DIRECTION('',(0.,0.,1.));
#7645=DIRECTION('',(0.,-1.,-2.8421709430404E-16));
#7646=DIRECTION('',(0.,0.,-1.));
#7647=DIRECTION('center_axis',(-1.,0.,0.));
#7648=DIRECTION('ref_axis',(0.,0.,1.));
#7649=DIRECTION('',(0.,1.,-8.5265128291212E-16));
#7650=DIRECTION('',(0.,-2.22044604925031E-16,1.));
#7651=DIRECTION('',(0.,-1.,-2.1316282072803E-16));
#7652=DIRECTION('',(0.,0.,-1.));
#7653=DIRECTION('center_axis',(1.,0.,0.));
#7654=DIRECTION('ref_axis',(0.,0.,-1.));
#7655=DIRECTION('',(0.,-1.,-5.6843418860808E-16));
#7656=DIRECTION('',(0.,0.,-1.));
#7657=DIRECTION('',(0.,1.,2.8421709430404E-16));
#7658=DIRECTION('',(0.,0.,-1.));
#7659=DIRECTION('center_axis',(1.,0.,0.));
#7660=DIRECTION('ref_axis',(0.,0.,-1.));
#7661=DIRECTION('',(0.,-1.,0.));
#7662=DIRECTION('',(0.,0.,-1.));
#7663=DIRECTION('',(0.,1.,5.6843418860808E-16));
#7664=DIRECTION('',(0.,2.22044604925031E-16,-1.));
#7665=DIRECTION('center_axis',(1.,0.,0.));
#7666=DIRECTION('ref_axis',(0.,0.,-1.));
#7667=DIRECTION('',(0.,-1.,-1.13686837721616E-15));
#7668=DIRECTION('',(0.,0.,-1.));
#7669=DIRECTION('',(0.,1.,0.));
#7670=DIRECTION('',(0.,-4.44089209850063E-16,-1.));
#7671=DIRECTION('center_axis',(1.,0.,0.));
#7672=DIRECTION('ref_axis',(0.,0.,-1.));
#7673=DIRECTION('',(0.,-1.,0.));
#7674=DIRECTION('',(0.,0.,-1.));
#7675=DIRECTION('',(0.,1.,-1.13686837721616E-15));
#7676=DIRECTION('',(0.,2.22044604925032E-16,-1.));
#7677=DIRECTION('center_axis',(1.,0.,0.));
#7678=DIRECTION('ref_axis',(0.,0.,-1.));
#7679=DIRECTION('',(0.,-1.,1.13686837721616E-15));
#7680=DIRECTION('',(0.,0.,-1.));
#7681=DIRECTION('',(0.,1.,1.13686837721616E-15));
#7682=DIRECTION('',(0.,0.,-1.));
#7683=DIRECTION('center_axis',(1.,0.,0.));
#7684=DIRECTION('ref_axis',(0.,0.,-1.));
#7685=DIRECTION('',(0.,-1.,0.));
#7686=DIRECTION('',(0.,0.,-1.));
#7687=DIRECTION('',(0.,1.,1.13686837721616E-15));
#7688=DIRECTION('',(0.,0.,-1.));
#7689=DIRECTION('center_axis',(1.,0.,0.));
#7690=DIRECTION('ref_axis',(0.,0.,-1.));
#7691=DIRECTION('',(0.,-1.,2.27373675443232E-15));
#7692=DIRECTION('',(0.,0.,-1.));
#7693=DIRECTION('',(0.,1.,-2.27373675443232E-15));
#7694=DIRECTION('',(0.,0.,-1.));
#7695=DIRECTION('center_axis',(1.,0.,0.));
#7696=DIRECTION('ref_axis',(0.,0.,-1.));
#7697=DIRECTION('',(0.,-1.,0.));
#7698=DIRECTION('',(0.,0.,-1.));
#7699=DIRECTION('',(0.,1.,-2.27373675443232E-15));
#7700=DIRECTION('',(0.,2.22044604925031E-16,-1.));
#7701=DIRECTION('center_axis',(0.,-1.,0.));
#7702=DIRECTION('ref_axis',(0.,0.,-1.));
#7703=DIRECTION('',(-1.,0.,6.12303176911189E-17));
#7704=DIRECTION('',(1.,0.,-6.12303176911189E-17));
#7705=DIRECTION('center_axis',(0.,-1.,0.));
#7706=DIRECTION('ref_axis',(0.,0.,-1.));
#7707=DIRECTION('',(-1.,0.,6.12303176911189E-17));
#7708=DIRECTION('',(1.,0.,-6.12303176911189E-17));
#7709=DIRECTION('center_axis',(0.,-1.,0.));
#7710=DIRECTION('ref_axis',(0.,0.,-1.));
#7711=DIRECTION('',(-1.,0.,6.12303176911189E-17));
#7712=DIRECTION('',(1.,0.,-6.12303176911189E-17));
#7713=DIRECTION('center_axis',(0.,-1.,0.));
#7714=DIRECTION('ref_axis',(0.,0.,-1.));
#7715=DIRECTION('',(-1.,0.,6.12303176911189E-17));
#7716=DIRECTION('',(1.,0.,-6.12303176911189E-17));
#7717=DIRECTION('center_axis',(0.,-1.,0.));
#7718=DIRECTION('ref_axis',(0.,0.,-1.));
#7719=DIRECTION('',(-1.,0.,6.12303176911189E-17));
#7720=DIRECTION('',(1.,0.,-6.12303176911189E-17));
#7721=DIRECTION('center_axis',(0.,-1.,0.));
#7722=DIRECTION('ref_axis',(0.,0.,-1.));
#7723=DIRECTION('',(-1.,0.,6.12303176911189E-17));
#7724=DIRECTION('',(1.,0.,-6.12303176911189E-17));
#7725=DIRECTION('center_axis',(0.,-1.,0.));
#7726=DIRECTION('ref_axis',(0.,0.,-1.));
#7727=DIRECTION('',(-1.,0.,6.12303176911189E-17));
#7728=DIRECTION('',(1.,0.,-6.12303176911189E-17));
#7729=DIRECTION('center_axis',(0.,-1.,0.));
#7730=DIRECTION('ref_axis',(0.,0.,-1.));
#7731=DIRECTION('',(-1.,0.,6.12303176911189E-17));
#7732=DIRECTION('',(1.,0.,-6.12303176911189E-17));
#7733=DIRECTION('center_axis',(1.,0.,0.));
#7734=DIRECTION('ref_axis',(0.,0.,-1.));
#7735=DIRECTION('',(0.,-1.,8.5265128291212E-16));
#7736=DIRECTION('',(0.,0.,-1.));
#7737=DIRECTION('',(0.,1.,2.1316282072803E-16));
#7738=DIRECTION('',(0.,2.22044604925031E-16,-1.));
#7739=DIRECTION('center_axis',(0.,-1.,0.));
#7740=DIRECTION('ref_axis',(0.,0.,-1.));
#7741=DIRECTION('',(-1.,0.,6.12303176911189E-17));
#7742=DIRECTION('',(1.,0.,-6.12303176911189E-17));
#7743=DIRECTION('center_axis',(-6.12303176911189E-17,-8.5265128291212E-16,
-1.));
#7744=DIRECTION('ref_axis',(5.22081089324492E-32,-1.,8.5265128291212E-16));
#7745=DIRECTION('',(-1.,0.,6.12303176911189E-17));
#7746=DIRECTION('',(-5.22081089324492E-32,1.,-8.5265128291212E-16));
#7747=DIRECTION('',(-1.,0.,6.12303176911189E-17));
#7748=DIRECTION('',(-1.,0.,6.12303176911189E-17));
#7749=DIRECTION('center_axis',(1.35958617011586E-32,1.,2.22044604925031E-16));
#7750=DIRECTION('ref_axis',(-6.12303176911189E-17,2.22044604925031E-16,
-1.));
#7751=DIRECTION('',(-1.,0.,6.12303176911189E-17));
#7752=DIRECTION('',(6.12303176911189E-17,-2.22044604925031E-16,1.));
#7753=DIRECTION('center_axis',(-6.12303176911189E-17,5.6843418860808E-16,
-1.));
#7754=DIRECTION('ref_axis',(-3.48054059549661E-32,-1.,-5.6843418860808E-16));
#7755=DIRECTION('',(-1.,0.,6.12303176911189E-17));
#7756=DIRECTION('',(3.48054059549661E-32,1.,5.6843418860808E-16));
#7757=DIRECTION('',(-1.,0.,6.12303176911189E-17));
#7758=DIRECTION('',(-1.,0.,6.12303176911189E-17));
#7759=DIRECTION('center_axis',(0.,1.,0.));
#7760=DIRECTION('ref_axis',(-6.12303176911189E-17,0.,-1.));
#7761=DIRECTION('',(-1.,0.,6.12303176911189E-17));
#7762=DIRECTION('',(6.12303176911189E-17,0.,1.));
#7763=DIRECTION('center_axis',(-6.12303176911189E-17,0.,-1.));
#7764=DIRECTION('ref_axis',(0.,-1.,0.));
#7765=DIRECTION('',(-1.,0.,6.12303176911189E-17));
#7766=DIRECTION('',(0.,1.,0.));
#7767=DIRECTION('',(-1.,0.,6.12303176911189E-17));
#7768=DIRECTION('',(-1.,0.,6.12303176911189E-17));
#7769=DIRECTION('center_axis',(1.35958617011586E-32,1.,2.22044604925031E-16));
#7770=DIRECTION('ref_axis',(-6.12303176911189E-17,2.22044604925031E-16,
-1.));
#7771=DIRECTION('',(-1.,0.,6.12303176911189E-17));
#7772=DIRECTION('',(6.12303176911189E-17,-2.22044604925031E-16,1.));
#7773=DIRECTION('center_axis',(-6.12303176911189E-17,1.13686837721616E-15,
-1.));
#7774=DIRECTION('ref_axis',(-6.96108119099323E-32,-1.,-1.13686837721616E-15));
#7775=DIRECTION('',(-1.,0.,6.12303176911189E-17));
#7776=DIRECTION('',(6.96108119099323E-32,1.,1.13686837721616E-15));
#7777=DIRECTION('',(-1.,0.,6.12303176911189E-17));
#7778=DIRECTION('',(-1.,0.,6.12303176911189E-17));
#7779=DIRECTION('center_axis',(-2.71917234023173E-32,1.,-4.44089209850063E-16));
#7780=DIRECTION('ref_axis',(-6.12303176911189E-17,-4.44089209850063E-16,
-1.));
#7781=DIRECTION('',(-1.,0.,6.12303176911189E-17));
#7782=DIRECTION('',(6.12303176911189E-17,4.44089209850063E-16,1.));
#7783=DIRECTION('center_axis',(-6.12303176911189E-17,0.,-1.));
#7784=DIRECTION('ref_axis',(0.,-1.,0.));
#7785=DIRECTION('',(-1.,0.,6.12303176911189E-17));
#7786=DIRECTION('',(0.,1.,0.));
#7787=DIRECTION('',(-1.,0.,6.12303176911189E-17));
#7788=DIRECTION('',(-1.,0.,6.12303176911189E-17));
#7789=DIRECTION('center_axis',(1.35958617011587E-32,1.,2.22044604925032E-16));
#7790=DIRECTION('ref_axis',(-6.12303176911189E-17,2.22044604925032E-16,
-1.));
#7791=DIRECTION('',(-1.,0.,6.12303176911189E-17));
#7792=DIRECTION('',(6.12303176911189E-17,-2.22044604925032E-16,1.));
#7793=DIRECTION('center_axis',(-6.12303176911189E-17,-1.13686837721616E-15,
-1.));
#7794=DIRECTION('ref_axis',(6.96108119099323E-32,-1.,1.13686837721616E-15));
#7795=DIRECTION('',(-1.,0.,6.12303176911189E-17));
#7796=DIRECTION('',(-6.96108119099323E-32,1.,-1.13686837721616E-15));
#7797=DIRECTION('',(-1.,0.,6.12303176911189E-17));
#7798=DIRECTION('',(-1.,0.,6.12303176911189E-17));
#7799=DIRECTION('center_axis',(0.,1.,0.));
#7800=DIRECTION('ref_axis',(-6.12303176911189E-17,0.,-1.));
#7801=DIRECTION('',(-1.,0.,6.12303176911189E-17));
#7802=DIRECTION('',(6.12303176911189E-17,0.,1.));
#7803=DIRECTION('center_axis',(-6.12303176911189E-17,0.,-1.));
#7804=DIRECTION('ref_axis',(0.,-1.,0.));
#7805=DIRECTION('',(-1.,0.,6.12303176911189E-17));
#7806=DIRECTION('',(0.,1.,0.));
#7807=DIRECTION('',(-1.,0.,6.12303176911189E-17));
#7808=DIRECTION('',(-1.,0.,6.12303176911189E-17));
#7809=DIRECTION('center_axis',(0.,1.,0.));
#7810=DIRECTION('ref_axis',(-6.12303176911189E-17,0.,-1.));
#7811=DIRECTION('',(-1.,0.,6.12303176911189E-17));
#7812=DIRECTION('',(6.12303176911189E-17,0.,1.));
#7813=DIRECTION('center_axis',(-6.12303176911189E-17,-2.27373675443232E-15,
-1.));
#7814=DIRECTION('ref_axis',(1.39221623819865E-31,-1.,2.27373675443232E-15));
#7815=DIRECTION('',(-1.,0.,6.12303176911189E-17));
#7816=DIRECTION('',(-1.39221623819865E-31,1.,-2.27373675443232E-15));
#7817=DIRECTION('',(-1.,0.,6.12303176911189E-17));
#7818=DIRECTION('',(-1.,0.,6.12303176911189E-17));
#7819=DIRECTION('center_axis',(0.,1.,0.));
#7820=DIRECTION('ref_axis',(-6.12303176911189E-17,0.,-1.));
#7821=DIRECTION('',(-1.,0.,6.12303176911189E-17));
#7822=DIRECTION('',(6.12303176911189E-17,0.,1.));
#7823=DIRECTION('center_axis',(-6.12303176911189E-17,0.,-1.));
#7824=DIRECTION('ref_axis',(0.,-1.,0.));
#7825=DIRECTION('',(-1.,0.,6.12303176911189E-17));
#7826=DIRECTION('',(0.,1.,0.));
#7827=DIRECTION('',(-1.,0.,6.12303176911189E-17));
#7828=DIRECTION('',(-1.,0.,6.12303176911189E-17));
#7829=DIRECTION('center_axis',(1.35958617011586E-32,1.,2.22044604925031E-16));
#7830=DIRECTION('ref_axis',(-6.12303176911189E-17,2.22044604925031E-16,
-1.));
#7831=DIRECTION('',(-1.,0.,6.12303176911189E-17));
#7832=DIRECTION('',(6.12303176911189E-17,-2.22044604925031E-16,1.));
#7833=DIRECTION('center_axis',(-7.25112624061794E-32,1.,-1.1842378929335E-15));
#7834=DIRECTION('ref_axis',(-6.12303176911189E-17,-1.1842378929335E-15,
-1.));
#7835=DIRECTION('',(6.12303176911189E-17,1.1842378929335E-15,1.));
#7836=DIRECTION('',(-1.,0.,6.12303176911189E-17));
#7837=DIRECTION('center_axis',(6.12303176911189E-17,-2.1316282072803E-16,
1.));
#7838=DIRECTION('ref_axis',(1.30520272331123E-32,1.,2.1316282072803E-16));
#7839=DIRECTION('',(-1.,0.,6.12303176911189E-17));
#7840=DIRECTION('',(-1.30520272331123E-32,-1.,-2.1316282072803E-16));
#7841=DIRECTION('center_axis',(1.35958617011586E-32,1.,2.22044604925031E-16));
#7842=DIRECTION('ref_axis',(-6.12303176911189E-17,2.22044604925031E-16,
-1.));
#7843=DIRECTION('center_axis',(0.,1.,0.));
#7844=DIRECTION('ref_axis',(-6.12303176911189E-17,0.,-1.));
#7845=DIRECTION('',(6.12303176911189E-17,0.,1.));
#7846=DIRECTION('',(-1.,0.,6.12303176911189E-17));
#7847=DIRECTION('center_axis',(6.12303176911189E-17,-2.8421709430404E-16,
1.));
#7848=DIRECTION('ref_axis',(1.74027029774831E-32,1.,2.8421709430404E-16));
#7849=DIRECTION('',(-1.,0.,6.12303176911189E-17));
#7850=DIRECTION('',(-1.74027029774831E-32,-1.,-2.8421709430404E-16));
#7851=DIRECTION('center_axis',(0.,1.,0.));
#7852=DIRECTION('ref_axis',(-6.12303176911189E-17,0.,-1.));
#7853=DIRECTION('center_axis',(-7.25112624061794E-32,1.,-1.1842378929335E-15));
#7854=DIRECTION('ref_axis',(-6.12303176911189E-17,-1.1842378929335E-15,
-1.));
#7855=DIRECTION('',(6.12303176911189E-17,1.1842378929335E-15,1.));
#7856=DIRECTION('',(-1.,0.,6.12303176911189E-17));
#7857=DIRECTION('center_axis',(6.12303176911189E-17,-5.6843418860808E-16,
1.));
#7858=DIRECTION('ref_axis',(3.48054059549661E-32,1.,5.6843418860808E-16));
#7859=DIRECTION('',(-1.,0.,6.12303176911189E-17));
#7860=DIRECTION('',(-3.48054059549661E-32,-1.,-5.6843418860808E-16));
#7861=DIRECTION('center_axis',(1.35958617011586E-32,1.,2.22044604925031E-16));
#7862=DIRECTION('ref_axis',(-6.12303176911189E-17,2.22044604925031E-16,
-1.));
#7863=DIRECTION('center_axis',(0.,1.,0.));
#7864=DIRECTION('ref_axis',(-6.12303176911189E-17,0.,-1.));
#7865=DIRECTION('',(6.12303176911189E-17,0.,1.));
#7866=DIRECTION('',(-1.,0.,6.12303176911189E-17));
#7867=DIRECTION('center_axis',(6.12303176911189E-17,0.,1.));
#7868=DIRECTION('ref_axis',(0.,1.,0.));
#7869=DIRECTION('',(-1.,0.,6.12303176911189E-17));
#7870=DIRECTION('',(0.,-1.,0.));
#7871=DIRECTION('center_axis',(-2.71917234023173E-32,1.,-4.44089209850063E-16));
#7872=DIRECTION('ref_axis',(-6.12303176911189E-17,-4.44089209850063E-16,
-1.));
#7873=DIRECTION('center_axis',(0.,1.,0.));
#7874=DIRECTION('ref_axis',(-6.12303176911189E-17,0.,-1.));
#7875=DIRECTION('',(6.12303176911189E-17,0.,1.));
#7876=DIRECTION('',(-1.,0.,6.12303176911189E-17));
#7877=DIRECTION('center_axis',(6.12303176911189E-17,1.13686837721616E-15,
1.));
#7878=DIRECTION('ref_axis',(-6.96108119099323E-32,1.,-1.13686837721616E-15));
#7879=DIRECTION('',(-1.,0.,6.12303176911189E-17));
#7880=DIRECTION('',(6.96108119099323E-32,-1.,1.13686837721616E-15));
#7881=DIRECTION('center_axis',(1.35958617011587E-32,1.,2.22044604925032E-16));
#7882=DIRECTION('ref_axis',(-6.12303176911189E-17,2.22044604925032E-16,
-1.));
#7883=DIRECTION('center_axis',(-7.25112624061798E-32,1.,-1.18423789293351E-15));
#7884=DIRECTION('ref_axis',(-6.12303176911189E-17,-1.18423789293351E-15,
-1.));
#7885=DIRECTION('',(6.12303176911189E-17,1.18423789293351E-15,1.));
#7886=DIRECTION('',(-1.,0.,6.12303176911189E-17));
#7887=DIRECTION('center_axis',(6.12303176911189E-17,-1.13686837721616E-15,
1.));
#7888=DIRECTION('ref_axis',(6.96108119099323E-32,1.,1.13686837721616E-15));
#7889=DIRECTION('',(-1.,0.,6.12303176911189E-17));
#7890=DIRECTION('',(-6.96108119099323E-32,-1.,-1.13686837721616E-15));
#7891=DIRECTION('center_axis',(0.,1.,0.));
#7892=DIRECTION('ref_axis',(-6.12303176911189E-17,0.,-1.));
#7893=DIRECTION('center_axis',(0.,1.,0.));
#7894=DIRECTION('ref_axis',(-6.12303176911189E-17,0.,-1.));
#7895=DIRECTION('',(6.12303176911189E-17,0.,1.));
#7896=DIRECTION('',(-1.,0.,6.12303176911189E-17));
#7897=DIRECTION('center_axis',(6.12303176911189E-17,-1.13686837721616E-15,
1.));
#7898=DIRECTION('ref_axis',(6.96108119099322E-32,1.,1.13686837721616E-15));
#7899=DIRECTION('',(-1.,0.,6.12303176911189E-17));
#7900=DIRECTION('',(-6.96108119099322E-32,-1.,-1.13686837721616E-15));
#7901=DIRECTION('center_axis',(0.,1.,0.));
#7902=DIRECTION('ref_axis',(-6.12303176911189E-17,0.,-1.));
#7903=DIRECTION('center_axis',(7.25112624061794E-32,1.,1.1842378929335E-15));
#7904=DIRECTION('ref_axis',(-6.12303176911189E-17,1.1842378929335E-15,-1.));
#7905=DIRECTION('',(6.12303176911189E-17,-1.1842378929335E-15,1.));
#7906=DIRECTION('',(-1.,0.,6.12303176911189E-17));
#7907=DIRECTION('center_axis',(6.12303176911189E-17,2.27373675443232E-15,
1.));
#7908=DIRECTION('ref_axis',(-1.39221623819865E-31,1.,-2.27373675443232E-15));
#7909=DIRECTION('',(-1.,0.,6.12303176911189E-17));
#7910=DIRECTION('',(1.39221623819865E-31,-1.,2.27373675443232E-15));
#7911=DIRECTION('center_axis',(0.,1.,0.));
#7912=DIRECTION('ref_axis',(-6.12303176911189E-17,0.,-1.));
#7913=DIRECTION('center_axis',(0.,1.,0.));
#7914=DIRECTION('ref_axis',(-6.12303176911189E-17,0.,-1.));
#7915=DIRECTION('',(6.12303176911189E-17,0.,1.));
#7916=DIRECTION('',(-1.,0.,6.12303176911189E-17));
#7917=DIRECTION('center_axis',(6.12303176911189E-17,2.27373675443232E-15,
1.));
#7918=DIRECTION('ref_axis',(-1.39221623819865E-31,1.,-2.27373675443232E-15));
#7919=DIRECTION('',(-1.,0.,6.12303176911189E-17));
#7920=DIRECTION('',(1.39221623819865E-31,-1.,2.27373675443232E-15));
#7921=DIRECTION('center_axis',(1.35958617011586E-32,1.,2.22044604925031E-16));
#7922=DIRECTION('ref_axis',(-6.12303176911189E-17,2.22044604925031E-16,
-1.));
#7923=DIRECTION('center_axis',(0.,1.,0.));
#7924=DIRECTION('ref_axis',(-6.12303176911189E-17,0.,-1.));
#7925=DIRECTION('',(6.12303176911189E-17,0.,1.));
#7926=DIRECTION('',(-1.,0.,6.12303176911189E-17));
#7927=DIRECTION('center_axis',(6.12303176911189E-17,0.,1.));
#7928=DIRECTION('ref_axis',(0.,1.,0.));
#7929=DIRECTION('',(0.,-1.,0.));
#7930=DIRECTION('',(-1.,0.,6.12303176911189E-17));
#7931=DIRECTION('center_axis',(-2.47924536903481E-32,-1.,-4.04904867804469E-16));
#7932=DIRECTION('ref_axis',(6.12303176911189E-17,-4.04904867804469E-16,
1.));
#7933=DIRECTION('',(-1.,2.47924536903481E-32,0.));
#7934=DIRECTION('',(-6.12303176911189E-17,4.04904867804469E-16,-1.));
#7935=DIRECTION('center_axis',(-1.,0.,6.12303176911189E-17));
#7936=DIRECTION('ref_axis',(6.12303176911189E-17,0.,1.));
#7937=DIRECTION('',(0.,1.,0.));
#7938=DIRECTION('',(-6.12303176911189E-17,0.,-1.));
#7939=DIRECTION('center_axis',(0.,0.,1.));
#7940=DIRECTION('ref_axis',(1.,0.,0.));
#7941=DIRECTION('',(-1.,0.,0.));
#7942=DIRECTION('',(0.,-1.,0.));
#7943=DIRECTION('',(1.,0.,0.));
#7944=DIRECTION('',(0.,-1.,0.));
#7945=DIRECTION('',(-1.,0.,0.));
#7946=DIRECTION('center_axis',(0.,-1.,0.));
#7947=DIRECTION('ref_axis',(0.,0.,-1.));
#7948=DIRECTION('',(0.,0.,1.));
#7949=DIRECTION('',(1.,0.,0.));
#7950=DIRECTION('',(0.,0.,-1.));
#7951=DIRECTION('center_axis',(0.,0.,1.));
#7952=DIRECTION('ref_axis',(1.,0.,0.));
#7953=DIRECTION('',(0.,1.,0.));
#7954=DIRECTION('',(-1.,0.,0.));
#7955=DIRECTION('',(0.,1.,0.));
#7956=DIRECTION('center_axis',(0.,1.,0.));
#7957=DIRECTION('ref_axis',(0.,0.,1.));
#7958=DIRECTION('',(0.,0.,-1.));
#7959=DIRECTION('',(0.,0.,-1.));
#7960=DIRECTION('center_axis',(1.,0.,0.));
#7961=DIRECTION('ref_axis',(0.,0.,-1.));
#7962=DIRECTION('center_axis',(0.,1.,0.));
#7963=DIRECTION('ref_axis',(-6.12303176911189E-17,0.,-1.));
#7964=DIRECTION('',(6.12303176911189E-17,0.,1.));
#7965=DIRECTION('',(-1.,0.,6.12303176911189E-17));
#7966=DIRECTION('',(6.12303176911189E-17,0.,1.));
#7967=DIRECTION('',(-1.,0.,6.12303176911189E-17));
#7968=DIRECTION('',(0.,0.,-1.));
#7969=DIRECTION('',(1.,0.,0.));
#7970=DIRECTION('',(0.,0.,1.));
#7971=DIRECTION('',(-1.,0.,0.));
#7972=DIRECTION('center_axis',(-6.12303176911189E-17,1.,-1.1247455413666E-32));
#7973=DIRECTION('ref_axis',(-1.83690953073357E-16,-6.43174099836586E-47,
1.));
#7974=DIRECTION('center_axis',(0.,-1.,0.));
#7975=DIRECTION('ref_axis',(-1.83690953073357E-16,0.,1.));
#7976=DIRECTION('center_axis',(0.,1.,0.));
#7977=DIRECTION('ref_axis',(-1.83690953073357E-16,0.,1.));
#7978=DIRECTION('center_axis',(-6.12303176911189E-17,1.,-1.1247455413666E-32));
#7979=DIRECTION('ref_axis',(-1.83690953073357E-16,-6.43174099836586E-47,
1.));
#7980=DIRECTION('center_axis',(0.,1.,0.));
#7981=DIRECTION('ref_axis',(-1.83690953073357E-16,0.,1.));
#7982=DIRECTION('center_axis',(0.,-1.,0.));
#7983=DIRECTION('ref_axis',(-1.83690953073357E-16,0.,1.));
#7984=DIRECTION('center_axis',(7.49830360911069E-33,1.,-6.12303176911189E-17));
#7985=DIRECTION('ref_axis',(-1.,-1.77899219103737E-47,-1.22460635382238E-16));
#7986=DIRECTION('center_axis',(0.,-1.,0.));
#7987=DIRECTION('ref_axis',(-1.,0.,-1.22460635382238E-16));
#7988=DIRECTION('center_axis',(0.,1.,0.));
#7989=DIRECTION('ref_axis',(-1.,0.,-1.22460635382238E-16));
#7990=DIRECTION('center_axis',(7.49830360911069E-33,1.,-6.12303176911189E-17));
#7991=DIRECTION('ref_axis',(-1.,-1.77899219103737E-47,-1.22460635382238E-16));
#7992=DIRECTION('center_axis',(0.,1.,0.));
#7993=DIRECTION('ref_axis',(-1.,0.,-1.22460635382238E-16));
#7994=DIRECTION('center_axis',(0.,-1.,0.));
#7995=DIRECTION('ref_axis',(-1.,0.,-1.22460635382238E-16));
#7996=DIRECTION('center_axis',(6.12303176911189E-17,1.,3.74915180455534E-33));
#7997=DIRECTION('ref_axis',(6.12303176911189E-17,-8.21073318940323E-48,
-1.));
#7998=DIRECTION('center_axis',(0.,-1.,0.));
#7999=DIRECTION('ref_axis',(6.12303176911189E-17,0.,-1.));
#8000=DIRECTION('center_axis',(0.,1.,0.));
#8001=DIRECTION('ref_axis',(6.12303176911189E-17,0.,-1.));
#8002=DIRECTION('center_axis',(6.12303176911189E-17,1.,3.74915180455534E-33));
#8003=DIRECTION('ref_axis',(6.12303176911189E-17,-8.21073318940323E-48,
-1.));
#8004=DIRECTION('center_axis',(0.,1.,0.));
#8005=DIRECTION('ref_axis',(6.12303176911189E-17,0.,-1.));
#8006=DIRECTION('center_axis',(0.,-1.,0.));
#8007=DIRECTION('ref_axis',(6.12303176911189E-17,0.,-1.));
#8008=DIRECTION('center_axis',(0.,1.,6.12303176911189E-17));
#8009=DIRECTION('ref_axis',(1.,0.,0.));
#8010=DIRECTION('center_axis',(0.,-1.,0.));
#8011=DIRECTION('ref_axis',(1.,0.,0.));
#8012=DIRECTION('center_axis',(0.,1.,0.));
#8013=DIRECTION('ref_axis',(1.,0.,0.));
#8014=DIRECTION('center_axis',(0.,1.,6.12303176911189E-17));
#8015=DIRECTION('ref_axis',(1.,0.,0.));
#8016=DIRECTION('center_axis',(0.,1.,0.));
#8017=DIRECTION('ref_axis',(1.,0.,0.));
#8018=DIRECTION('center_axis',(0.,-1.,0.));
#8019=DIRECTION('ref_axis',(1.,0.,0.));
#8020=DIRECTION('center_axis',(0.,-1.,0.));
#8021=DIRECTION('ref_axis',(0.,0.,-1.));
#8022=DIRECTION('',(-1.,0.,6.12303176911189E-17));
#8023=DIRECTION('',(0.,0.,-1.));
#8024=DIRECTION('',(1.,0.,-6.12303176911189E-17));
#8025=DIRECTION('',(0.,0.,-1.));
#8026=DIRECTION('center_axis',(0.,-1.,0.));
#8027=DIRECTION('ref_axis',(0.,0.,-1.));
#8028=DIRECTION('',(-1.,0.,6.12303176911189E-17));
#8029=DIRECTION('',(0.,0.,-1.));
#8030=DIRECTION('',(1.,0.,-6.12303176911189E-17));
#8031=DIRECTION('',(0.,0.,-1.));
#8032=DIRECTION('center_axis',(1.,0.,0.));
#8033=DIRECTION('ref_axis',(0.,0.,-1.));
#8034=DIRECTION('',(0.,-1.,0.));
#8035=DIRECTION('',(0.,1.,0.));
#8036=DIRECTION('',(0.,0.,-1.));
#8037=DIRECTION('center_axis',(1.,0.,0.));
#8038=DIRECTION('ref_axis',(0.,0.,-1.));
#8039=DIRECTION('',(0.,-1.,0.));
#8040=DIRECTION('',(0.,1.,0.));
#8041=DIRECTION('',(0.,0.,-1.));
#8042=DIRECTION('center_axis',(-1.,0.,0.));
#8043=DIRECTION('ref_axis',(0.,0.,1.));
#8044=DIRECTION('',(0.,1.,0.));
#8045=DIRECTION('',(0.,0.,-1.));
#8046=DIRECTION('',(0.,-1.,0.));
#8047=DIRECTION('center_axis',(0.,1.,0.));
#8048=DIRECTION('ref_axis',(0.,0.,1.));
#8049=DIRECTION('',(1.,0.,-6.12303176911189E-17));
#8050=DIRECTION('',(-1.,0.,6.12303176911189E-17));
#8051=DIRECTION('center_axis',(0.,1.,0.));
#8052=DIRECTION('ref_axis',(0.,0.,1.));
#8053=DIRECTION('',(1.,0.,-6.12303176911189E-17));
#8054=DIRECTION('',(-1.,0.,6.12303176911189E-17));
#8055=DIRECTION('',(0.,0.,-1.));
#8056=DIRECTION('center_axis',(-1.,0.,0.));
#8057=DIRECTION('ref_axis',(0.,0.,1.));
#8058=DIRECTION('',(0.,1.,0.));
#8059=DIRECTION('',(0.,-1.,0.));
#8060=DIRECTION('center_axis',(0.,-1.,0.));
#8061=DIRECTION('ref_axis',(0.,0.,-1.));
#8062=DIRECTION('',(-1.,0.,6.12303176911189E-17));
#8063=DIRECTION('',(0.,0.,-1.));
#8064=DIRECTION('',(1.,0.,-6.12303176911189E-17));
#8065=DIRECTION('',(0.,0.,-1.));
#8066=DIRECTION('center_axis',(0.,-1.,0.));
#8067=DIRECTION('ref_axis',(0.,0.,-1.));
#8068=DIRECTION('',(-1.,0.,6.12303176911189E-17));
#8069=DIRECTION('',(0.,0.,-1.));
#8070=DIRECTION('',(1.,0.,-6.12303176911189E-17));
#8071=DIRECTION('',(0.,0.,-1.));
#8072=DIRECTION('center_axis',(1.,0.,0.));
#8073=DIRECTION('ref_axis',(0.,0.,-1.));
#8074=DIRECTION('',(0.,-1.,0.));
#8075=DIRECTION('',(0.,1.,0.));
#8076=DIRECTION('',(0.,0.,-1.));
#8077=DIRECTION('center_axis',(1.,0.,0.));
#8078=DIRECTION('ref_axis',(0.,0.,-1.));
#8079=DIRECTION('',(0.,-1.,0.));
#8080=DIRECTION('',(0.,1.,0.));
#8081=DIRECTION('',(0.,0.,-1.));
#8082=DIRECTION('center_axis',(-1.,0.,0.));
#8083=DIRECTION('ref_axis',(0.,0.,1.));
#8084=DIRECTION('',(0.,1.,0.));
#8085=DIRECTION('',(0.,0.,-1.));
#8086=DIRECTION('',(0.,-1.,0.));
#8087=DIRECTION('center_axis',(0.,1.,0.));
#8088=DIRECTION('ref_axis',(0.,0.,1.));
#8089=DIRECTION('',(1.,0.,-6.12303176911189E-17));
#8090=DIRECTION('',(-1.,0.,6.12303176911189E-17));
#8091=DIRECTION('center_axis',(0.,1.,0.));
#8092=DIRECTION('ref_axis',(0.,0.,1.));
#8093=DIRECTION('',(1.,0.,-6.12303176911189E-17));
#8094=DIRECTION('',(-1.,0.,6.12303176911189E-17));
#8095=DIRECTION('',(0.,0.,-1.));
#8096=DIRECTION('center_axis',(-1.,0.,0.));
#8097=DIRECTION('ref_axis',(0.,0.,1.));
#8098=DIRECTION('',(0.,1.,0.));
#8099=DIRECTION('',(0.,-1.,0.));
#8100=DIRECTION('center_axis',(0.,-1.,0.));
#8101=DIRECTION('ref_axis',(0.,0.,-1.));
#8102=DIRECTION('',(-1.,0.,6.12303176911189E-17));
#8103=DIRECTION('',(0.,0.,-1.));
#8104=DIRECTION('',(1.,0.,-6.12303176911189E-17));
#8105=DIRECTION('',(0.,0.,-1.));
#8106=DIRECTION('center_axis',(0.,-1.,0.));
#8107=DIRECTION('ref_axis',(0.,0.,-1.));
#8108=DIRECTION('',(-1.,0.,0.));
#8109=DIRECTION('',(0.,0.,-1.));
#8110=DIRECTION('',(1.,0.,-6.12303176911189E-17));
#8111=DIRECTION('',(0.,0.,-1.));
#8112=DIRECTION('center_axis',(1.,0.,0.));
#8113=DIRECTION('ref_axis',(0.,0.,-1.));
#8114=DIRECTION('',(0.,-1.,0.));
#8115=DIRECTION('',(0.,1.,0.));
#8116=DIRECTION('',(0.,0.,-1.));
#8117=DIRECTION('center_axis',(1.,0.,0.));
#8118=DIRECTION('ref_axis',(0.,0.,-1.));
#8119=DIRECTION('',(0.,-1.,0.));
#8120=DIRECTION('',(0.,1.,0.));
#8121=DIRECTION('',(0.,0.,-1.));
#8122=DIRECTION('center_axis',(-1.,0.,0.));
#8123=DIRECTION('ref_axis',(0.,0.,1.));
#8124=DIRECTION('',(0.,1.,0.));
#8125=DIRECTION('',(0.,0.,-1.));
#8126=DIRECTION('',(0.,-1.,0.));
#8127=DIRECTION('center_axis',(0.,1.,0.));
#8128=DIRECTION('ref_axis',(0.,0.,1.));
#8129=DIRECTION('',(1.,0.,-6.12303176911189E-17));
#8130=DIRECTION('',(-1.,0.,6.12303176911189E-17));
#8131=DIRECTION('center_axis',(0.,1.,0.));
#8132=DIRECTION('ref_axis',(0.,0.,1.));
#8133=DIRECTION('',(1.,0.,0.));
#8134=DIRECTION('',(-1.,0.,6.12303176911189E-17));
#8135=DIRECTION('',(0.,0.,-1.));
#8136=DIRECTION('center_axis',(-1.,0.,0.));
#8137=DIRECTION('ref_axis',(0.,0.,1.));
#8138=DIRECTION('',(0.,1.,0.));
#8139=DIRECTION('',(0.,-1.,0.));
#8140=DIRECTION('center_axis',(0.,-1.,0.));
#8141=DIRECTION('ref_axis',(0.,0.,-1.));
#8142=DIRECTION('',(-1.,0.,6.12303176911189E-17));
#8143=DIRECTION('',(0.,0.,-1.));
#8144=DIRECTION('',(1.,0.,-6.12303176911189E-17));
#8145=DIRECTION('',(0.,0.,-1.));
#8146=DIRECTION('center_axis',(0.,-1.,0.));
#8147=DIRECTION('ref_axis',(0.,0.,-1.));
#8148=DIRECTION('',(-1.,0.,6.12303176911189E-17));
#8149=DIRECTION('',(0.,0.,-1.));
#8150=DIRECTION('',(1.,0.,-6.12303176911189E-17));
#8151=DIRECTION('',(0.,0.,-1.));
#8152=DIRECTION('center_axis',(1.,0.,0.));
#8153=DIRECTION('ref_axis',(0.,0.,-1.));
#8154=DIRECTION('',(0.,-1.,0.));
#8155=DIRECTION('',(0.,1.,0.));
#8156=DIRECTION('',(0.,0.,-1.));
#8157=DIRECTION('center_axis',(1.,0.,0.));
#8158=DIRECTION('ref_axis',(0.,0.,-1.));
#8159=DIRECTION('',(0.,-1.,0.));
#8160=DIRECTION('',(0.,1.,0.));
#8161=DIRECTION('',(0.,0.,-1.));
#8162=DIRECTION('center_axis',(-1.,0.,0.));
#8163=DIRECTION('ref_axis',(0.,0.,1.));
#8164=DIRECTION('',(0.,1.,0.));
#8165=DIRECTION('',(0.,0.,-1.));
#8166=DIRECTION('',(0.,-1.,0.));
#8167=DIRECTION('center_axis',(0.,1.,0.));
#8168=DIRECTION('ref_axis',(0.,0.,1.));
#8169=DIRECTION('',(1.,0.,-6.12303176911189E-17));
#8170=DIRECTION('',(-1.,0.,6.12303176911189E-17));
#8171=DIRECTION('center_axis',(0.,1.,0.));
#8172=DIRECTION('ref_axis',(0.,0.,1.));
#8173=DIRECTION('',(1.,0.,-6.12303176911189E-17));
#8174=DIRECTION('',(-1.,0.,6.12303176911189E-17));
#8175=DIRECTION('',(0.,0.,-1.));
#8176=DIRECTION('center_axis',(-1.,0.,0.));
#8177=DIRECTION('ref_axis',(0.,0.,1.));
#8178=DIRECTION('',(0.,1.,0.));
#8179=DIRECTION('',(0.,-1.,0.));
#8180=DIRECTION('center_axis',(-1.,0.,0.));
#8181=DIRECTION('ref_axis',(0.,-1.,0.));
#8182=DIRECTION('',(0.,-1.,0.));
#8183=DIRECTION('',(0.,0.,1.));
#8184=DIRECTION('',(0.,1.,0.));
#8185=DIRECTION('',(0.,0.,1.));
#8186=DIRECTION('center_axis',(0.,0.,1.));
#8187=DIRECTION('ref_axis',(1.,0.,0.));
#8188=DIRECTION('center_axis',(6.12303176911189E-17,0.,1.));
#8189=DIRECTION('ref_axis',(1.,0.,-6.12303176911189E-17));
#8190=DIRECTION('center_axis',(0.,0.,-1.));
#8191=DIRECTION('ref_axis',(1.,0.,0.));
#8192=DIRECTION('',(0.,0.,1.));
#8193=DIRECTION('center_axis',(0.,-1.,0.));
#8194=DIRECTION('ref_axis',(1.,0.,0.));
#8195=DIRECTION('',(1.,0.,-6.12303176911189E-17));
#8196=DIRECTION('',(-1.,0.,0.));
#8197=DIRECTION('',(0.,0.,1.));
#8198=DIRECTION('center_axis',(0.,0.,1.));
#8199=DIRECTION('ref_axis',(1.,0.,0.));
#8200=DIRECTION('center_axis',(6.12303176911189E-17,0.,1.));
#8201=DIRECTION('ref_axis',(1.,0.,-6.12303176911189E-17));
#8202=DIRECTION('center_axis',(0.,0.,-1.));
#8203=DIRECTION('ref_axis',(1.,0.,0.));
#8204=DIRECTION('',(0.,0.,1.));
#8205=DIRECTION('center_axis',(0.,1.,0.));
#8206=DIRECTION('ref_axis',(-1.,0.,0.));
#8207=DIRECTION('',(-1.,0.,6.12303176911189E-17));
#8208=DIRECTION('',(0.,0.,1.));
#8209=DIRECTION('',(1.,0.,0.));
#8210=DIRECTION('center_axis',(1.,0.,0.));
#8211=DIRECTION('ref_axis',(0.,1.,0.));
#8212=DIRECTION('',(0.,1.,0.));
#8213=DIRECTION('',(0.,-1.,0.));
#8214=DIRECTION('center_axis',(0.,0.,1.));
#8215=DIRECTION('ref_axis',(1.,0.,0.));
#8216=DIRECTION('center_axis',(-6.12303176911189E-17,0.,-1.));
#8217=DIRECTION('ref_axis',(0.,-1.,0.));
#8218=DIRECTION('',(0.,-1.,0.));
#8219=DIRECTION('',(-1.,0.,6.12303176911189E-17));
#8220=DIRECTION('',(0.,1.,0.));
#8221=DIRECTION('',(-1.,0.,6.12303176911189E-17));
#8222=DIRECTION('center_axis',(-1.,0.,6.12303176911189E-17));
#8223=DIRECTION('ref_axis',(6.12303176911189E-17,0.,1.));
#8224=DIRECTION('center_axis',(-1.,0.,0.));
#8225=DIRECTION('ref_axis',(0.,0.,1.));
#8226=DIRECTION('center_axis',(1.,0.,-6.12303176911189E-17));
#8227=DIRECTION('ref_axis',(6.12303176911189E-17,0.,1.));
#8228=DIRECTION('',(-1.,0.,6.12303176911189E-17));
#8229=DIRECTION('center_axis',(0.,-1.,0.));
#8230=DIRECTION('ref_axis',(6.12303176911189E-17,0.,1.));
#8231=DIRECTION('',(0.,0.,1.));
#8232=DIRECTION('',(-6.12303176911189E-17,0.,-1.));
#8233=DIRECTION('',(-1.,0.,6.12303176911189E-17));
#8234=DIRECTION('center_axis',(-1.,0.,6.12303176911189E-17));
#8235=DIRECTION('ref_axis',(6.12303176911189E-17,0.,1.));
#8236=DIRECTION('center_axis',(-1.,0.,0.));
#8237=DIRECTION('ref_axis',(0.,0.,1.));
#8238=DIRECTION('center_axis',(1.,0.,-6.12303176911189E-17));
#8239=DIRECTION('ref_axis',(6.12303176911189E-17,0.,1.));
#8240=DIRECTION('',(-1.,0.,6.12303176911189E-17));
#8241=DIRECTION('center_axis',(0.,1.,0.));
#8242=DIRECTION('ref_axis',(-6.12303176911189E-17,0.,-1.));
#8243=DIRECTION('',(0.,0.,-1.));
#8244=DIRECTION('',(-1.,0.,6.12303176911189E-17));
#8245=DIRECTION('',(6.12303176911189E-17,0.,1.));
#8246=DIRECTION('center_axis',(6.12303176911189E-17,0.,1.));
#8247=DIRECTION('ref_axis',(0.,1.,0.));
#8248=DIRECTION('',(0.,1.,0.));
#8249=DIRECTION('',(0.,-1.,0.));
#8250=DIRECTION('center_axis',(-1.,0.,6.12303176911189E-17));
#8251=DIRECTION('ref_axis',(6.12303176911189E-17,0.,1.));
#8252=DIRECTION('center_axis',(0.,0.,1.));
#8253=DIRECTION('ref_axis',(1.,0.,0.));
#8254=DIRECTION('',(0.,1.,0.));
#8255=DIRECTION('',(1.,0.,0.));
#8256=DIRECTION('',(0.,-1.,0.));
#8257=DIRECTION('center_axis',(1.,0.,0.));
#8258=DIRECTION('ref_axis',(0.,0.,-1.));
#8259=DIRECTION('',(0.,-1.,0.));
#8260=DIRECTION('',(0.,0.,-1.));
#8261=DIRECTION('',(0.,-1.,0.));
#8262=DIRECTION('',(0.,0.,-1.));
#8263=DIRECTION('',(0.,1.,0.));
#8264=DIRECTION('',(0.,0.,-1.));
#8265=DIRECTION('center_axis',(-1.,0.,0.));
#8266=DIRECTION('ref_axis',(0.,0.,1.));
#8267=DIRECTION('',(0.,0.,1.));
#8268=DIRECTION('',(0.,-1.,0.));
#8269=DIRECTION('',(0.,0.,-1.));
#8270=DIRECTION('',(0.,1.,0.));
#8271=DIRECTION('center_axis',(0.,0.,1.));
#8272=DIRECTION('ref_axis',(1.,0.,0.));
#8273=DIRECTION('',(1.,0.,0.));
#8274=DIRECTION('',(-1.,0.,0.));
#8275=DIRECTION('',(0.,1.,0.));
#8276=DIRECTION('',(1.,0.,0.));
#8277=DIRECTION('center_axis',(0.,0.,1.));
#8278=DIRECTION('ref_axis',(1.,0.,0.));
#8279=DIRECTION('',(-1.,0.,0.));
#8280=DIRECTION('',(-1.,0.,0.));
#8281=DIRECTION('',(0.,-1.,0.));
#8282=DIRECTION('',(1.,0.,0.));
#8283=DIRECTION('center_axis',(0.,1.,0.));
#8284=DIRECTION('ref_axis',(0.,0.,1.));
#8285=DIRECTION('',(0.,0.,-1.));
#8286=DIRECTION('center_axis',(1.,0.,0.));
#8287=DIRECTION('ref_axis',(0.,0.,-1.));
#8288=DIRECTION('',(0.,0.,-1.));
#8289=DIRECTION('center_axis',(0.,-1.,0.));
#8290=DIRECTION('ref_axis',(0.,0.,-1.));
#8291=DIRECTION('center_axis',(0.,0.,1.));
#8292=DIRECTION('ref_axis',(1.,0.,0.));
#8293=DIRECTION('',(0.,1.,0.));
#8294=DIRECTION('',(-1.,0.,0.));
#8295=DIRECTION('center_axis',(0.,-1.,0.));
#8296=DIRECTION('ref_axis',(0.,0.,-1.));
#8297=DIRECTION('',(0.,0.,-1.));
#8298=DIRECTION('center_axis',(-1.,0.,0.));
#8299=DIRECTION('ref_axis',(0.,0.,1.));
#8300=DIRECTION('center_axis',(-1.,0.,0.));
#8301=DIRECTION('ref_axis',(0.,-1.,0.));
#8302=DIRECTION('',(0.,1.,0.));
#8303=DIRECTION('',(0.,0.,1.));
#8304=DIRECTION('',(0.,1.,0.));
#8305=DIRECTION('',(0.,0.,1.));
#8306=DIRECTION('center_axis',(0.,1.,0.));
#8307=DIRECTION('ref_axis',(-1.,0.,0.));
#8308=DIRECTION('',(1.,0.,-6.12303176911189E-17));
#8309=DIRECTION('',(-1.,0.,0.));
#8310=DIRECTION('',(0.,0.,1.));
#8311=DIRECTION('center_axis',(1.,0.,0.));
#8312=DIRECTION('ref_axis',(0.,1.,0.));
#8313=DIRECTION('',(0.,-1.,0.));
#8314=DIRECTION('',(0.,-1.,0.));
#8315=DIRECTION('',(0.,0.,1.));
#8316=DIRECTION('center_axis',(0.,0.,1.));
#8317=DIRECTION('ref_axis',(1.,0.,0.));
#8318=DIRECTION('center_axis',(-6.12303176911189E-17,0.,-1.));
#8319=DIRECTION('ref_axis',(1.,0.,-6.12303176911189E-17));
#8320=DIRECTION('center_axis',(0.,0.,1.));
#8321=DIRECTION('ref_axis',(1.,0.,0.));
#8322=DIRECTION('',(0.,0.,1.));
#8323=DIRECTION('center_axis',(0.,-1.,0.));
#8324=DIRECTION('ref_axis',(1.,0.,0.));
#8325=DIRECTION('',(-1.,0.,6.12303176911189E-17));
#8326=DIRECTION('',(1.,0.,0.));
#8327=DIRECTION('',(0.,0.,1.));
#8328=DIRECTION('center_axis',(0.,0.,1.));
#8329=DIRECTION('ref_axis',(1.,0.,0.));
#8330=DIRECTION('center_axis',(-6.12303176911189E-17,0.,-1.));
#8331=DIRECTION('ref_axis',(1.,0.,-6.12303176911189E-17));
#8332=DIRECTION('center_axis',(0.,0.,1.));
#8333=DIRECTION('ref_axis',(1.,0.,0.));
#8334=DIRECTION('center_axis',(0.,0.,1.));
#8335=DIRECTION('ref_axis',(1.,0.,0.));
#8336=DIRECTION('center_axis',(-1.,0.,6.12303176911189E-17));
#8337=DIRECTION('ref_axis',(6.12303176911189E-17,0.,1.));
#8338=DIRECTION('center_axis',(1.,0.,-6.12303176911189E-17));
#8339=DIRECTION('ref_axis',(6.12303176911189E-17,0.,1.));
#8340=DIRECTION('',(-1.,0.,6.12303176911189E-17));
#8341=DIRECTION('center_axis',(-1.,0.,6.12303176911189E-17));
#8342=DIRECTION('ref_axis',(6.12303176911189E-17,0.,1.));
#8343=DIRECTION('',(-1.,0.,6.12303176911189E-17));
#8344=DIRECTION('center_axis',(-6.12303176911189E-17,0.,-1.));
#8345=DIRECTION('ref_axis',(0.,-1.,0.));
#8346=DIRECTION('',(0.,1.,0.));
#8347=DIRECTION('',(-1.,0.,6.12303176911189E-17));
#8348=DIRECTION('',(0.,-1.,0.));
#8349=DIRECTION('center_axis',(-1.08766893609269E-31,1.,-1.77635683940025E-15));
#8350=DIRECTION('ref_axis',(-6.12303176911189E-17,-1.77635683940025E-15,
-1.));
#8351=DIRECTION('',(6.12303176911189E-17,1.77635683940025E-15,1.));
#8352=DIRECTION('',(-1.,0.,6.12303176911189E-17));
#8353=DIRECTION('',(-6.12303176911189E-17,-1.77635683940025E-15,-1.));
#8354=DIRECTION('center_axis',(6.12303176911189E-17,0.,1.));
#8355=DIRECTION('ref_axis',(0.,1.,0.));
#8356=DIRECTION('',(0.,-1.,0.));
#8357=DIRECTION('',(0.,-1.,0.));
#8358=DIRECTION('center_axis',(-6.12303176911189E-17,0.,-1.));
#8359=DIRECTION('ref_axis',(0.,-1.,0.));
#8360=DIRECTION('',(0.,1.,0.));
#8361=DIRECTION('',(-1.,0.,6.12303176911189E-17));
#8362=DIRECTION('',(0.,-1.,0.));
#8363=DIRECTION('center_axis',(0.,1.,0.));
#8364=DIRECTION('ref_axis',(-6.12303176911189E-17,0.,-1.));
#8365=DIRECTION('',(6.12303176911189E-17,0.,1.));
#8366=DIRECTION('',(-1.,0.,6.12303176911189E-17));
#8367=DIRECTION('',(-6.12303176911189E-17,0.,-1.));
#8368=DIRECTION('center_axis',(6.12303176911189E-17,0.,1.));
#8369=DIRECTION('ref_axis',(0.,1.,0.));
#8370=DIRECTION('',(0.,-1.,0.));
#8371=DIRECTION('',(-1.,0.,6.12303176911189E-17));
#8372=DIRECTION('',(0.,-1.,0.));
#8373=DIRECTION('center_axis',(-1.,0.,6.12303176911189E-17));
#8374=DIRECTION('ref_axis',(6.12303176911189E-17,0.,1.));
#8375=DIRECTION('center_axis',(1.,0.,-6.12303176911189E-17));
#8376=DIRECTION('ref_axis',(6.12303176911189E-17,0.,1.));
#8377=DIRECTION('',(-1.,0.,6.12303176911189E-17));
#8378=DIRECTION('center_axis',(-1.,0.,6.12303176911189E-17));
#8379=DIRECTION('ref_axis',(6.12303176911189E-17,0.,1.));
#8380=DIRECTION('center_axis',(0.,-1.,0.));
#8381=DIRECTION('ref_axis',(6.12303176911189E-17,0.,1.));
#8382=DIRECTION('',(-6.12303176911189E-17,0.,-1.));
#8383=DIRECTION('',(6.12303176911189E-17,0.,1.));
#8384=DIRECTION('center_axis',(-1.,0.,6.12303176911189E-17));
#8385=DIRECTION('ref_axis',(6.12303176911189E-17,0.,1.));
#8386=DIRECTION('center_axis',(-1.,0.,6.12303176911189E-17));
#8387=DIRECTION('ref_axis',(6.12303176911189E-17,0.,1.));
#8388=CARTESIAN_POINT('',(0.,0.,0.));
#8389=CARTESIAN_POINT('Origin',(32.5,1.5,82.5));
#8390=CARTESIAN_POINT('',(34.0706,0.4294,82.5));
#8391=CARTESIAN_POINT('Origin',(32.5,0.4294,82.5));
#8392=CARTESIAN_POINT('',(34.0706,2.00000000000004,82.5));
#8393=CARTESIAN_POINT('',(34.0706,1.5,82.5));
#8394=CARTESIAN_POINT('Origin',(32.5,2.00000000000004,82.5));
#8395=CARTESIAN_POINT('Origin',(32.5,0.2147,82.5));
#8396=CARTESIAN_POINT('',(34.5,1.12132525487141E-14,82.5));
#8397=CARTESIAN_POINT('',(34.2853,0.2147,82.5));
#8398=CARTESIAN_POINT('Origin',(32.5,1.12132525487141E-14,82.5));
#8399=CARTESIAN_POINT('Origin',(182.5,1.5,82.5));
#8400=CARTESIAN_POINT('',(184.0706,0.4294,82.5));
#8401=CARTESIAN_POINT('Origin',(182.5,0.4294,82.5));
#8402=CARTESIAN_POINT('',(184.0706,2.00000000000003,82.5));
#8403=CARTESIAN_POINT('',(184.0706,1.5,82.5));
#8404=CARTESIAN_POINT('Origin',(182.5,2.00000000000003,82.5));
#8405=CARTESIAN_POINT('Origin',(182.5,0.2147,82.5));
#8406=CARTESIAN_POINT('',(184.5,1.99840144432528E-15,82.5));
#8407=CARTESIAN_POINT('',(184.2853,0.2147,82.5));
#8408=CARTESIAN_POINT('Origin',(182.5,1.99840144432528E-15,82.5));
#8409=CARTESIAN_POINT('Origin',(182.5,1.5,32.5));
#8410=CARTESIAN_POINT('',(184.0706,0.4294,32.5));
#8411=CARTESIAN_POINT('Origin',(182.5,0.4294,32.5));
#8412=CARTESIAN_POINT('',(184.0706,2.00000000000003,32.5));
#8413=CARTESIAN_POINT('',(184.0706,1.5,32.5));
#8414=CARTESIAN_POINT('Origin',(182.5,2.00000000000003,32.5));
#8415=CARTESIAN_POINT('Origin',(182.5,0.2147,32.5));
#8416=CARTESIAN_POINT('',(184.5,1.99840144432528E-15,32.5));
#8417=CARTESIAN_POINT('',(184.2853,0.2147,32.5));
#8418=CARTESIAN_POINT('Origin',(182.5,1.99840144432528E-15,32.5));
#8419=CARTESIAN_POINT('Origin',(32.5,1.5,32.5));
#8420=CARTESIAN_POINT('',(34.0706,0.4294,32.5));
#8421=CARTESIAN_POINT('Origin',(32.5,0.4294,32.5));
#8422=CARTESIAN_POINT('',(34.0706,2.00000000000004,32.5));
#8423=CARTESIAN_POINT('',(34.0706,1.5,32.5));
#8424=CARTESIAN_POINT('Origin',(32.5,2.00000000000004,32.5));
#8425=CARTESIAN_POINT('Origin',(32.5,0.2147,32.5));
#8426=CARTESIAN_POINT('',(34.5,1.12132525487141E-14,32.5));
#8427=CARTESIAN_POINT('',(34.2853,0.2147,32.5));
#8428=CARTESIAN_POINT('Origin',(32.5,1.12132525487141E-14,32.5));
#8429=CARTESIAN_POINT('Origin',(32.5,12.5,1.5));
#8430=CARTESIAN_POINT('',(32.5,10.9294,0.4294));
#8431=CARTESIAN_POINT('Origin',(32.5,12.5,0.4294));
#8432=CARTESIAN_POINT('',(32.5,10.9294,2.00000000000001));
#8433=CARTESIAN_POINT('',(32.5,10.9294,1.5));
#8434=CARTESIAN_POINT('Origin',(32.5,12.5,2.00000000000001));
#8435=CARTESIAN_POINT('Origin',(32.5,12.5,0.2147));
#8436=CARTESIAN_POINT('',(32.5,10.5,1.12132525487141E-14));
#8437=CARTESIAN_POINT('',(32.5,10.7147,0.2147));
#8438=CARTESIAN_POINT('Origin',(32.5,12.5,1.12132525487141E-14));
#8439=CARTESIAN_POINT('Origin',(182.5,12.5,1.5));
#8440=CARTESIAN_POINT('',(182.5,10.9294,0.4294));
#8441=CARTESIAN_POINT('Origin',(182.5,12.5,0.4294));
#8442=CARTESIAN_POINT('',(182.5,10.9294,2.));
#8443=CARTESIAN_POINT('',(182.5,10.9294,1.5));
#8444=CARTESIAN_POINT('Origin',(182.5,12.5,2.));
#8445=CARTESIAN_POINT('Origin',(182.5,12.5,0.2147));
#8446=CARTESIAN_POINT('',(182.5,10.5,1.99840144432528E-15));
#8447=CARTESIAN_POINT('',(182.5,10.7147,0.2147));
#8448=CARTESIAN_POINT('Origin',(182.5,12.5,1.99840144432528E-15));
#8449=CARTESIAN_POINT('Origin',(32.5,12.5,114.7853));
#8450=CARTESIAN_POINT('',(32.5,10.9294,114.5706));
#8451=CARTESIAN_POINT('Origin',(32.5,12.5,114.5706));
#8452=CARTESIAN_POINT('',(32.5,10.5000001574407,114.999999842559));
#8453=CARTESIAN_POINT('',(32.5,10.7147,114.7853));
#8454=CARTESIAN_POINT('Origin',(32.5,12.5,114.999999842559));
#8455=CARTESIAN_POINT('Origin',(32.5,12.5,113.5));
#8456=CARTESIAN_POINT('',(32.5,10.9294,113.000000000025));
#8457=CARTESIAN_POINT('Origin',(32.5,12.5,113.000000000025));
#8458=CARTESIAN_POINT('',(32.5,10.9294,113.5));
#8459=CARTESIAN_POINT('Origin',(182.5,12.5,114.7853));
#8460=CARTESIAN_POINT('',(182.5,10.9294,114.5706));
#8461=CARTESIAN_POINT('Origin',(182.5,12.5,114.5706));
#8462=CARTESIAN_POINT('',(182.5,10.5000001574407,114.999999842559));
#8463=CARTESIAN_POINT('',(182.5,10.7147,114.7853));
#8464=CARTESIAN_POINT('Origin',(182.5,12.5,114.999999842559));
#8465=CARTESIAN_POINT('Origin',(182.5,12.5,113.5));
#8466=CARTESIAN_POINT('',(182.5,10.9294,113.000000000025));
#8467=CARTESIAN_POINT('Origin',(182.5,12.5,113.000000000025));
#8468=CARTESIAN_POINT('',(182.5,10.9294,113.5));
#8469=CARTESIAN_POINT('Origin',(162.459500213672,28.,11.733850221419));
#8470=CARTESIAN_POINT('',(161.848853146866,30.,8.79665595482241));
#8471=CARTESIAN_POINT('',(163.070147280479,30.,14.6710444880154));
#8472=CARTESIAN_POINT('Origin',(162.459500213672,30.,11.733850221419));
#8473=CARTESIAN_POINT('',(161.848853146866,29.4,8.79665595482241));
#8474=CARTESIAN_POINT('',(161.848853146866,28.,8.79665595482241));
#8475=CARTESIAN_POINT('',(163.070147280479,29.4,14.6710444880154));
#8476=CARTESIAN_POINT('Origin',(162.459500213672,29.4,11.733850221419));
#8477=CARTESIAN_POINT('',(163.070147280479,28.,14.6710444880154));
#8478=CARTESIAN_POINT('Origin',(142.683849015453,28.,31.509501419638));
#8479=CARTESIAN_POINT('',(139.746654748856,29.4,30.8988543528319));
#8480=CARTESIAN_POINT('',(145.621043282049,29.4,32.120148486444));
#8481=CARTESIAN_POINT('Origin',(142.683849015453,29.4,31.509501419638));
#8482=CARTESIAN_POINT('',(139.746654748856,30.,30.8988543528319));
#8483=CARTESIAN_POINT('',(139.746654748856,28.,30.8988543528319));
#8484=CARTESIAN_POINT('',(145.621043282049,30.,32.120148486444));
#8485=CARTESIAN_POINT('Origin',(142.683849015453,30.,31.509501419638));
#8486=CARTESIAN_POINT('',(145.621043282049,28.,32.120148486444));
#8487=CARTESIAN_POINT('Origin',(142.533850221419,28.,41.7404997863285));
#8488=CARTESIAN_POINT('',(139.596655954822,30.,42.3511468531345));
#8489=CARTESIAN_POINT('',(145.471044488015,30.,41.1298527195214));
#8490=CARTESIAN_POINT('Origin',(142.533850221419,30.,41.7404997863285));
#8491=CARTESIAN_POINT('',(139.596655954822,29.4,42.3511468531345));
#8492=CARTESIAN_POINT('',(139.596655954822,28.,42.3511468531345));
#8493=CARTESIAN_POINT('',(145.471044488015,29.4,41.1298527195214));
#8494=CARTESIAN_POINT('Origin',(142.533850221419,29.4,41.7404997863285));
#8495=CARTESIAN_POINT('',(145.471044488015,28.,41.1298527195214));
#8496=CARTESIAN_POINT('Origin',(162.309501419638,28.,61.5161509845475));
#8497=CARTESIAN_POINT('',(161.698854352832,29.4,64.453345251144));
#8498=CARTESIAN_POINT('',(162.920148486444,29.4,58.5789567179508));
#8499=CARTESIAN_POINT('Origin',(162.309501419638,29.4,61.5161509845475));
#8500=CARTESIAN_POINT('',(161.698854352832,30.,64.453345251144));
#8501=CARTESIAN_POINT('',(161.698854352832,28.,64.453345251144));
#8502=CARTESIAN_POINT('',(162.920148486444,30.,58.5789567179508));
#8503=CARTESIAN_POINT('Origin',(162.309501419638,30.,61.5161509845475));
#8504=CARTESIAN_POINT('',(162.920148486444,28.,58.5789567179508));
#8505=CARTESIAN_POINT('Origin',(172.540499786328,28.,61.666149778581));
#8506=CARTESIAN_POINT('',(173.151146853134,30.,64.6033440451776));
#8507=CARTESIAN_POINT('',(171.929852719521,30.,58.7289555119846));
#8508=CARTESIAN_POINT('Origin',(172.540499786328,30.,61.666149778581));
#8509=CARTESIAN_POINT('',(173.151146853134,29.4,64.6033440451776));
#8510=CARTESIAN_POINT('',(173.151146853134,28.,64.6033440451776));
#8511=CARTESIAN_POINT('',(171.929852719521,29.4,58.7289555119846));
#8512=CARTESIAN_POINT('Origin',(172.540499786328,29.4,61.666149778581));
#8513=CARTESIAN_POINT('',(171.929852719521,28.,58.7289555119846));
#8514=CARTESIAN_POINT('Origin',(192.316150984547,28.,41.890498580362));
#8515=CARTESIAN_POINT('',(195.253345251144,29.4,42.5011456471681));
#8516=CARTESIAN_POINT('',(189.378956717951,29.4,41.2798515135561));
#8517=CARTESIAN_POINT('Origin',(192.316150984547,29.4,41.890498580362));
#8518=CARTESIAN_POINT('',(195.253345251144,30.,42.5011456471681));
#8519=CARTESIAN_POINT('',(195.253345251144,28.,42.5011456471681));
#8520=CARTESIAN_POINT('',(189.378956717951,30.,41.2798515135561));
#8521=CARTESIAN_POINT('Origin',(192.316150984547,30.,41.890498580362));
#8522=CARTESIAN_POINT('',(189.378956717951,28.,41.2798515135561));
#8523=CARTESIAN_POINT('Origin',(192.466149778581,28.,31.6595002136715));
#8524=CARTESIAN_POINT('',(195.403344045178,30.,31.0488531468655));
#8525=CARTESIAN_POINT('',(189.528955511985,30.,32.2701472804786));
#8526=CARTESIAN_POINT('Origin',(192.466149778581,30.,31.6595002136715));
#8527=CARTESIAN_POINT('',(195.403344045178,29.4,31.0488531468655));
#8528=CARTESIAN_POINT('',(195.403344045178,28.,31.0488531468655));
#8529=CARTESIAN_POINT('',(189.528955511985,29.4,32.2701472804786));
#8530=CARTESIAN_POINT('Origin',(192.466149778581,29.4,31.6595002136715));
#8531=CARTESIAN_POINT('',(189.528955511985,28.,32.2701472804786));
#8532=CARTESIAN_POINT('Origin',(172.690498580362,28.,11.8838490154525));
#8533=CARTESIAN_POINT('',(173.301145647168,29.4,8.94665474885593));
#8534=CARTESIAN_POINT('',(172.079851513556,29.4,14.8210432820491));
#8535=CARTESIAN_POINT('Origin',(172.690498580362,29.4,11.8838490154525));
#8536=CARTESIAN_POINT('',(173.301145647168,30.,8.94665474885593));
#8537=CARTESIAN_POINT('',(173.301145647168,28.,8.94665474885593));
#8538=CARTESIAN_POINT('',(172.079851513556,30.,14.8210432820491));
#8539=CARTESIAN_POINT('Origin',(172.690498580362,30.,11.8838490154525));
#8540=CARTESIAN_POINT('',(172.079851513556,28.,14.8210432820491));
#8541=CARTESIAN_POINT('Origin',(167.650000281526,28.,36.700001487492));
#8542=CARTESIAN_POINT('',(149.896479504017,29.4,26.4500014875305));
#8543=CARTESIAN_POINT('',(149.896479504015,29.4,46.9500014874507));
#8544=CARTESIAN_POINT('Origin',(167.650000281526,29.4,36.700001487492));
#8545=CARTESIAN_POINT('',(149.896479504017,30.,26.4500014875305));
#8546=CARTESIAN_POINT('',(149.896479504017,28.,26.4500014875305));
#8547=CARTESIAN_POINT('',(149.896479504015,30.,46.9500014874507));
#8548=CARTESIAN_POINT('Origin',(167.650000281526,30.,36.700001487492));
#8549=CARTESIAN_POINT('',(149.896479504015,28.,46.9500014874507));
#8550=CARTESIAN_POINT('Origin',(152.494555715359,28.,27.950001487527));
#8551=CARTESIAN_POINT('',(155.092631926702,30.,29.4500014875201));
#8552=CARTESIAN_POINT('Origin',(152.494555715359,30.,27.950001487527));
#8553=CARTESIAN_POINT('',(155.092631926702,29.4,29.4500014875201));
#8554=CARTESIAN_POINT('Origin',(152.494555715359,29.4,27.950001487527));
#8555=CARTESIAN_POINT('',(155.092631926702,28.,29.4500014875201));
#8556=CARTESIAN_POINT('Origin',(167.650000281525,28.,36.7000014874919));
#8557=CARTESIAN_POINT('',(155.092631926701,29.4,43.9500014874619));
#8558=CARTESIAN_POINT('Origin',(167.650000281525,29.4,36.7000014874919));
#8559=CARTESIAN_POINT('',(155.092631926701,30.,43.9500014874619));
#8560=CARTESIAN_POINT('',(155.092631926701,28.,43.9500014874619));
#8561=CARTESIAN_POINT('Origin',(167.650000281525,30.,36.7000014874919));
#8562=CARTESIAN_POINT('Origin',(152.494555715359,28.,45.450001487456));
#8563=CARTESIAN_POINT('Origin',(152.494555715359,30.,45.450001487456));
#8564=CARTESIAN_POINT('Origin',(152.494555715359,29.4,45.450001487456));
#8565=CARTESIAN_POINT('Origin',(167.500001487492,28.,36.5499997184745));
#8566=CARTESIAN_POINT('',(157.25000148753,29.4,54.3035204959835));
#8567=CARTESIAN_POINT('',(177.750001487451,29.4,54.3035204959851));
#8568=CARTESIAN_POINT('Origin',(167.500001487492,29.4,36.5499997184745));
#8569=CARTESIAN_POINT('',(157.25000148753,30.,54.3035204959835));
#8570=CARTESIAN_POINT('',(157.25000148753,28.,54.3035204959835));
#8571=CARTESIAN_POINT('',(177.750001487451,30.,54.3035204959851));
#8572=CARTESIAN_POINT('Origin',(167.500001487492,30.,36.5499997184745));
#8573=CARTESIAN_POINT('',(177.750001487451,28.,54.3035204959851));
#8574=CARTESIAN_POINT('Origin',(158.750001487527,28.,51.7054442846415));
#8575=CARTESIAN_POINT('',(160.25000148752,30.,49.1073680732982));
#8576=CARTESIAN_POINT('Origin',(158.750001487527,30.,51.7054442846415));
#8577=CARTESIAN_POINT('',(160.25000148752,29.4,49.1073680732982));
#8578=CARTESIAN_POINT('Origin',(158.750001487527,29.4,51.7054442846415));
#8579=CARTESIAN_POINT('',(160.25000148752,28.,49.1073680732982));
#8580=CARTESIAN_POINT('Origin',(167.500001487492,28.,36.5499997184746));
#8581=CARTESIAN_POINT('',(174.750001487462,29.4,49.107368073299));
#8582=CARTESIAN_POINT('Origin',(167.500001487492,29.4,36.5499997184746));
#8583=CARTESIAN_POINT('',(174.750001487462,30.,49.107368073299));
#8584=CARTESIAN_POINT('',(174.750001487462,28.,49.107368073299));
#8585=CARTESIAN_POINT('Origin',(167.500001487492,30.,36.5499997184746));
#8586=CARTESIAN_POINT('Origin',(176.250001487456,28.,51.7054442846415));
#8587=CARTESIAN_POINT('Origin',(176.250001487456,30.,51.7054442846415));
#8588=CARTESIAN_POINT('Origin',(176.250001487456,29.4,51.7054442846415));
#8589=CARTESIAN_POINT('Origin',(167.349999718474,28.,36.699998512508));
#8590=CARTESIAN_POINT('',(185.103520495983,29.4,46.9499985124695));
#8591=CARTESIAN_POINT('',(185.103520495985,29.4,26.4499985125494));
#8592=CARTESIAN_POINT('Origin',(167.349999718474,29.4,36.699998512508));
#8593=CARTESIAN_POINT('',(185.103520495983,30.,46.9499985124695));
#8594=CARTESIAN_POINT('',(185.103520495983,28.,46.9499985124695));
#8595=CARTESIAN_POINT('',(185.103520495985,30.,26.4499985125494));
#8596=CARTESIAN_POINT('Origin',(167.349999718474,30.,36.699998512508));
#8597=CARTESIAN_POINT('',(185.103520495985,28.,26.4499985125494));
#8598=CARTESIAN_POINT('Origin',(182.505444284641,28.,45.449998512473));
#8599=CARTESIAN_POINT('',(179.907368073298,30.,43.9499985124799));
#8600=CARTESIAN_POINT('Origin',(182.505444284641,30.,45.449998512473));
#8601=CARTESIAN_POINT('',(179.907368073298,29.4,43.9499985124799));
#8602=CARTESIAN_POINT('Origin',(182.505444284641,29.4,45.449998512473));
#8603=CARTESIAN_POINT('',(179.907368073298,28.,43.9499985124799));
#8604=CARTESIAN_POINT('Origin',(167.349999718475,28.,36.6999985125081));
#8605=CARTESIAN_POINT('',(179.907368073299,29.4,29.4499985125382));
#8606=CARTESIAN_POINT('Origin',(167.349999718475,29.4,36.6999985125081));
#8607=CARTESIAN_POINT('',(179.907368073299,30.,29.4499985125382));
#8608=CARTESIAN_POINT('',(179.907368073299,28.,29.4499985125382));
#8609=CARTESIAN_POINT('Origin',(167.349999718475,30.,36.6999985125081));
#8610=CARTESIAN_POINT('Origin',(182.505444284641,28.,27.949998512544));
#8611=CARTESIAN_POINT('Origin',(182.505444284641,30.,27.949998512544));
#8612=CARTESIAN_POINT('Origin',(182.505444284641,29.4,27.949998512544));
#8613=CARTESIAN_POINT('Origin',(167.499998512508,28.,36.8500002815255));
#8614=CARTESIAN_POINT('',(177.74999851247,29.4,19.0964795040165));
#8615=CARTESIAN_POINT('',(157.249998512549,29.4,19.0964795040148));
#8616=CARTESIAN_POINT('Origin',(167.499998512508,29.4,36.8500002815255));
#8617=CARTESIAN_POINT('',(177.74999851247,30.,19.0964795040165));
#8618=CARTESIAN_POINT('',(177.74999851247,28.,19.0964795040165));
#8619=CARTESIAN_POINT('',(157.249998512549,30.,19.0964795040148));
#8620=CARTESIAN_POINT('Origin',(167.499998512508,30.,36.8500002815255));
#8621=CARTESIAN_POINT('',(157.249998512549,28.,19.0964795040148));
#8622=CARTESIAN_POINT('Origin',(176.249998512473,28.,21.6945557153585));
#8623=CARTESIAN_POINT('',(174.74999851248,30.,24.2926319267017));
#8624=CARTESIAN_POINT('Origin',(176.249998512473,30.,21.6945557153585));
#8625=CARTESIAN_POINT('',(174.74999851248,29.4,24.2926319267017));
#8626=CARTESIAN_POINT('Origin',(176.249998512473,29.4,21.6945557153585));
#8627=CARTESIAN_POINT('',(174.74999851248,28.,24.2926319267017));
#8628=CARTESIAN_POINT('Origin',(167.499998512508,28.,36.8500002815254));
#8629=CARTESIAN_POINT('',(160.249998512538,29.4,24.292631926701));
#8630=CARTESIAN_POINT('Origin',(167.499998512508,29.4,36.8500002815254));
#8631=CARTESIAN_POINT('',(160.249998512538,30.,24.292631926701));
#8632=CARTESIAN_POINT('',(160.249998512538,28.,24.292631926701));
#8633=CARTESIAN_POINT('Origin',(167.499998512508,30.,36.8500002815254));
#8634=CARTESIAN_POINT('Origin',(158.749998512544,28.,21.6945557153585));
#8635=CARTESIAN_POINT('Origin',(158.749998512544,30.,21.6945557153585));
#8636=CARTESIAN_POINT('Origin',(158.749998512544,29.4,21.6945557153585));
#8637=CARTESIAN_POINT('Origin',(167.5,30.,30.336));
#8638=CARTESIAN_POINT('',(165.5,29.4,30.336));
#8639=CARTESIAN_POINT('Origin',(167.5,29.4,30.336));
#8640=CARTESIAN_POINT('',(165.5,30.,30.336));
#8641=CARTESIAN_POINT('',(165.5,30.,30.336));
#8642=CARTESIAN_POINT('Origin',(167.5,30.,30.336));
#8643=CARTESIAN_POINT('Origin',(161.136,30.,36.7));
#8644=CARTESIAN_POINT('',(161.136,29.4,38.7));
#8645=CARTESIAN_POINT('Origin',(161.136,29.4,36.7));
#8646=CARTESIAN_POINT('',(161.136,30.,38.7));
#8647=CARTESIAN_POINT('',(161.136,30.,38.7));
#8648=CARTESIAN_POINT('Origin',(161.136,30.,36.7));
#8649=CARTESIAN_POINT('Origin',(167.5,30.,43.064));
#8650=CARTESIAN_POINT('',(169.5,29.4,43.064));
#8651=CARTESIAN_POINT('Origin',(167.5,29.4,43.064));
#8652=CARTESIAN_POINT('',(169.5,30.,43.064));
#8653=CARTESIAN_POINT('',(169.5,30.,43.064));
#8654=CARTESIAN_POINT('Origin',(167.5,30.,43.064));
#8655=CARTESIAN_POINT('Origin',(173.864,30.,36.7));
#8656=CARTESIAN_POINT('',(173.864,29.4,34.7));
#8657=CARTESIAN_POINT('Origin',(173.864,29.4,36.7));
#8658=CARTESIAN_POINT('',(173.864,30.,34.7));
#8659=CARTESIAN_POINT('',(173.864,30.,34.7));
#8660=CARTESIAN_POINT('Origin',(173.864,30.,36.7));
#8661=CARTESIAN_POINT('Origin',(27.5,3.75,10.));
#8662=CARTESIAN_POINT('',(25.,5.5,10.));
#8663=CARTESIAN_POINT('Origin',(27.5,5.5,10.));
#8664=CARTESIAN_POINT('',(25.,2.00000000000003,10.));
#8665=CARTESIAN_POINT('',(25.,3.75,10.));
#8666=CARTESIAN_POINT('Origin',(27.5,2.00000000000003,10.));
#8667=CARTESIAN_POINT('Origin',(27.5,3.75,73.5));
#8668=CARTESIAN_POINT('',(25.,5.5,73.5));
#8669=CARTESIAN_POINT('Origin',(27.5,5.5,73.5));
#8670=CARTESIAN_POINT('',(25.,2.00000000000003,73.5));
#8671=CARTESIAN_POINT('',(25.,3.75,73.5));
#8672=CARTESIAN_POINT('Origin',(27.5,2.00000000000003,73.5));
#8673=CARTESIAN_POINT('Origin',(96.5,3.75,73.5));
#8674=CARTESIAN_POINT('',(94.,5.5,73.5));
#8675=CARTESIAN_POINT('Origin',(96.5,5.5,73.5));
#8676=CARTESIAN_POINT('',(94.,2.00000000000003,73.5));
#8677=CARTESIAN_POINT('',(94.,3.75,73.5));
#8678=CARTESIAN_POINT('Origin',(96.5,2.00000000000003,73.5));
#8679=CARTESIAN_POINT('Origin',(205.5,3.75,105.));
#8680=CARTESIAN_POINT('',(203.,5.5,105.));
#8681=CARTESIAN_POINT('Origin',(205.5,5.5,105.));
#8682=CARTESIAN_POINT('',(203.,2.00000000000003,105.));
#8683=CARTESIAN_POINT('',(203.,3.75,105.));
#8684=CARTESIAN_POINT('Origin',(205.5,2.00000000000003,105.));
#8685=CARTESIAN_POINT('Origin',(205.5,3.75,10.));
#8686=CARTESIAN_POINT('',(203.,5.5,10.));
#8687=CARTESIAN_POINT('Origin',(205.5,5.5,10.));
#8688=CARTESIAN_POINT('',(203.,2.00000000000003,10.));
#8689=CARTESIAN_POINT('',(203.,3.75,10.));
#8690=CARTESIAN_POINT('Origin',(205.5,2.00000000000003,10.));
#8691=CARTESIAN_POINT('Origin',(9.1,17.5,104.5));
#8692=CARTESIAN_POINT('',(12.1,17.5,104.5));
#8693=CARTESIAN_POINT('',(9.1,17.5,101.5));
#8694=CARTESIAN_POINT('Origin',(9.1,17.5,104.5));
#8695=CARTESIAN_POINT('Origin',(9.1,17.5,104.5));
#8696=CARTESIAN_POINT('',(9.1,18.5,102.5));
#8697=CARTESIAN_POINT('Origin',(9.1,17.5,102.5));
#8698=CARTESIAN_POINT('Origin',(9.1,18.5,104.5));
#8699=CARTESIAN_POINT('Origin',(9.1,16.5,104.5));
#8700=CARTESIAN_POINT('',(12.1,15.85,104.5));
#8701=CARTESIAN_POINT('Origin',(9.1,15.85,104.5));
#8702=CARTESIAN_POINT('',(12.1,16.5,104.5));
#8703=CARTESIAN_POINT('Origin',(9.1,17.5,85.5));
#8704=CARTESIAN_POINT('',(12.1,17.5,85.5));
#8705=CARTESIAN_POINT('',(9.1,17.5,82.5));
#8706=CARTESIAN_POINT('Origin',(9.1,17.5,85.5));
#8707=CARTESIAN_POINT('Origin',(9.1,17.5,85.5));
#8708=CARTESIAN_POINT('',(9.1,18.5,83.5));
#8709=CARTESIAN_POINT('Origin',(9.1,17.5,83.5));
#8710=CARTESIAN_POINT('Origin',(9.1,18.5,85.5));
#8711=CARTESIAN_POINT('Origin',(9.1,16.5,85.5));
#8712=CARTESIAN_POINT('',(12.1,15.85,85.5));
#8713=CARTESIAN_POINT('Origin',(9.1,15.85,85.5));
#8714=CARTESIAN_POINT('',(12.1,16.5,85.5));
#8715=CARTESIAN_POINT('Origin',(9.1,17.5,66.5));
#8716=CARTESIAN_POINT('',(12.1,17.5,66.5));
#8717=CARTESIAN_POINT('',(9.1,17.5,63.5));
#8718=CARTESIAN_POINT('Origin',(9.1,17.5,66.5));
#8719=CARTESIAN_POINT('Origin',(9.1,17.5,66.5));
#8720=CARTESIAN_POINT('',(9.1,18.5,64.5));
#8721=CARTESIAN_POINT('Origin',(9.1,17.5,64.5));
#8722=CARTESIAN_POINT('Origin',(9.1,18.5,66.5));
#8723=CARTESIAN_POINT('Origin',(9.1,16.5,66.5));
#8724=CARTESIAN_POINT('',(12.1,15.85,66.5));
#8725=CARTESIAN_POINT('Origin',(9.1,15.85,66.5));
#8726=CARTESIAN_POINT('',(12.1,16.5,66.5));
#8727=CARTESIAN_POINT('Origin',(9.1,17.5,47.5));
#8728=CARTESIAN_POINT('',(12.1,17.5,47.5));
#8729=CARTESIAN_POINT('',(9.1,17.5,44.5));
#8730=CARTESIAN_POINT('Origin',(9.1,17.5,47.5));
#8731=CARTESIAN_POINT('Origin',(9.1,17.5,47.5));
#8732=CARTESIAN_POINT('',(9.1,18.5,45.5));
#8733=CARTESIAN_POINT('Origin',(9.1,17.5,45.5));
#8734=CARTESIAN_POINT('Origin',(9.1,18.5,47.5));
#8735=CARTESIAN_POINT('Origin',(9.1,16.5,47.5));
#8736=CARTESIAN_POINT('',(12.1,15.85,47.5));
#8737=CARTESIAN_POINT('Origin',(9.1,15.85,47.5));
#8738=CARTESIAN_POINT('',(12.1,16.5,47.5));
#8739=CARTESIAN_POINT('Origin',(9.1,17.5,28.5));
#8740=CARTESIAN_POINT('',(12.1,17.5,28.5));
#8741=CARTESIAN_POINT('',(9.1,17.5,25.5));
#8742=CARTESIAN_POINT('Origin',(9.1,17.5,28.5));
#8743=CARTESIAN_POINT('Origin',(9.1,17.5,28.5));
#8744=CARTESIAN_POINT('',(9.1,18.5,26.5));
#8745=CARTESIAN_POINT('Origin',(9.1,17.5,26.5));
#8746=CARTESIAN_POINT('Origin',(9.1,18.5,28.5));
#8747=CARTESIAN_POINT('Origin',(9.1,16.5,28.5));
#8748=CARTESIAN_POINT('',(12.1,15.85,28.5));
#8749=CARTESIAN_POINT('Origin',(9.1,15.85,28.5));
#8750=CARTESIAN_POINT('',(12.1,16.5,28.5));
#8751=CARTESIAN_POINT('Origin',(9.1,17.5,38.));
#8752=CARTESIAN_POINT('',(12.1,17.5,38.));
#8753=CARTESIAN_POINT('',(9.1,17.5,35.));
#8754=CARTESIAN_POINT('Origin',(9.1,17.5,38.));
#8755=CARTESIAN_POINT('Origin',(9.1,17.5,38.));
#8756=CARTESIAN_POINT('',(9.1,18.5,36.));
#8757=CARTESIAN_POINT('Origin',(9.1,17.5,36.));
#8758=CARTESIAN_POINT('Origin',(9.1,18.5,38.));
#8759=CARTESIAN_POINT('Origin',(9.1,16.5,38.));
#8760=CARTESIAN_POINT('',(12.1,15.85,38.));
#8761=CARTESIAN_POINT('Origin',(9.1,15.85,38.));
#8762=CARTESIAN_POINT('',(12.1,16.5,38.));
#8763=CARTESIAN_POINT('Origin',(9.1,17.5,57.));
#8764=CARTESIAN_POINT('',(12.1,17.5,57.));
#8765=CARTESIAN_POINT('',(9.1,17.5,54.));
#8766=CARTESIAN_POINT('Origin',(9.1,17.5,57.));
#8767=CARTESIAN_POINT('Origin',(9.1,17.5,57.));
#8768=CARTESIAN_POINT('',(9.1,18.5,55.));
#8769=CARTESIAN_POINT('Origin',(9.1,17.5,55.));
#8770=CARTESIAN_POINT('Origin',(9.1,18.5,57.));
#8771=CARTESIAN_POINT('Origin',(9.1,16.5,57.));
#8772=CARTESIAN_POINT('',(12.1,15.85,57.));
#8773=CARTESIAN_POINT('Origin',(9.1,15.85,57.));
#8774=CARTESIAN_POINT('',(12.1,16.5,57.));
#8775=CARTESIAN_POINT('Origin',(9.1,17.5,76.));
#8776=CARTESIAN_POINT('',(12.1,17.5,76.));
#8777=CARTESIAN_POINT('',(9.1,17.5,73.));
#8778=CARTESIAN_POINT('Origin',(9.1,17.5,76.));
#8779=CARTESIAN_POINT('Origin',(9.1,17.5,76.));
#8780=CARTESIAN_POINT('',(9.1,18.5,74.));
#8781=CARTESIAN_POINT('Origin',(9.1,17.5,74.));
#8782=CARTESIAN_POINT('Origin',(9.1,18.5,76.));
#8783=CARTESIAN_POINT('Origin',(9.1,16.5,76.));
#8784=CARTESIAN_POINT('',(12.1,15.85,76.));
#8785=CARTESIAN_POINT('Origin',(9.1,15.85,76.));
#8786=CARTESIAN_POINT('',(12.1,16.5,76.));
#8787=CARTESIAN_POINT('Origin',(9.1,17.5,95.));
#8788=CARTESIAN_POINT('',(12.1,17.5,95.));
#8789=CARTESIAN_POINT('',(9.1,17.5,92.));
#8790=CARTESIAN_POINT('Origin',(9.1,17.5,95.));
#8791=CARTESIAN_POINT('Origin',(9.1,17.5,95.));
#8792=CARTESIAN_POINT('',(9.1,18.5,93.));
#8793=CARTESIAN_POINT('Origin',(9.1,17.5,93.));
#8794=CARTESIAN_POINT('Origin',(9.1,18.5,95.));
#8795=CARTESIAN_POINT('Origin',(9.1,16.5,95.));
#8796=CARTESIAN_POINT('',(12.1,15.85,95.));
#8797=CARTESIAN_POINT('Origin',(9.1,15.85,95.));
#8798=CARTESIAN_POINT('',(12.1,16.5,95.));
#8799=CARTESIAN_POINT('Origin',(17.17,14.7300625552888,66.5));
#8800=CARTESIAN_POINT('',(17.17,7.1,109.));
#8801=CARTESIAN_POINT('',(17.17,7.08999999999996,109.));
#8802=CARTESIAN_POINT('',(17.17,10.5150312776444,109.));
#8803=CARTESIAN_POINT('',(17.17,7.1,23.));
#8804=CARTESIAN_POINT('',(17.17,7.1,62.));
#8805=CARTESIAN_POINT('',(17.17,22.1,23.));
#8806=CARTESIAN_POINT('',(17.17,22.1,23.));
#8807=CARTESIAN_POINT('',(17.17,22.1,24.5));
#8808=CARTESIAN_POINT('',(17.17,22.1,24.5));
#8809=CARTESIAN_POINT('',(17.17,15.85,24.5));
#8810=CARTESIAN_POINT('',(17.17,22.1,24.5));
#8811=CARTESIAN_POINT('',(17.17,15.85,32.5));
#8812=CARTESIAN_POINT('',(17.17,15.85,24.5));
#8813=CARTESIAN_POINT('',(17.17,22.1,32.5));
#8814=CARTESIAN_POINT('',(17.17,15.85,32.5));
#8815=CARTESIAN_POINT('',(17.17,22.1,34.));
#8816=CARTESIAN_POINT('',(17.17,22.1,32.5));
#8817=CARTESIAN_POINT('',(17.17,15.85,34.));
#8818=CARTESIAN_POINT('',(17.17,22.1,34.));
#8819=CARTESIAN_POINT('',(17.17,15.85,42.));
#8820=CARTESIAN_POINT('',(17.17,15.85,34.));
#8821=CARTESIAN_POINT('',(17.17,22.1,42.));
#8822=CARTESIAN_POINT('',(17.17,15.85,42.));
#8823=CARTESIAN_POINT('',(17.17,22.1,43.5));
#8824=CARTESIAN_POINT('',(17.17,22.1,42.));
#8825=CARTESIAN_POINT('',(17.17,15.85,43.5));
#8826=CARTESIAN_POINT('',(17.17,22.1,43.5));
#8827=CARTESIAN_POINT('',(17.17,15.85,51.5));
#8828=CARTESIAN_POINT('',(17.17,15.85,43.5));
#8829=CARTESIAN_POINT('',(17.17,22.1,51.5));
#8830=CARTESIAN_POINT('',(17.17,15.85,51.5));
#8831=CARTESIAN_POINT('',(17.17,22.1,53.));
#8832=CARTESIAN_POINT('',(17.17,22.1,51.5));
#8833=CARTESIAN_POINT('',(17.17,15.85,53.));
#8834=CARTESIAN_POINT('',(17.17,22.1,53.));
#8835=CARTESIAN_POINT('',(17.17,15.85,61.));
#8836=CARTESIAN_POINT('',(17.17,15.85,53.));
#8837=CARTESIAN_POINT('',(17.17,22.1,61.));
#8838=CARTESIAN_POINT('',(17.17,15.85,61.));
#8839=CARTESIAN_POINT('',(17.17,22.1,62.5));
#8840=CARTESIAN_POINT('',(17.17,22.1,61.));
#8841=CARTESIAN_POINT('',(17.17,15.85,62.5));
#8842=CARTESIAN_POINT('',(17.17,22.1,62.5));
#8843=CARTESIAN_POINT('',(17.17,15.85,70.5));
#8844=CARTESIAN_POINT('',(17.17,15.85,62.5));
#8845=CARTESIAN_POINT('',(17.17,22.1,70.5));
#8846=CARTESIAN_POINT('',(17.17,15.85,70.5));
#8847=CARTESIAN_POINT('',(17.17,22.1,72.));
#8848=CARTESIAN_POINT('',(17.17,22.1,70.5));
#8849=CARTESIAN_POINT('',(17.17,15.85,72.));
#8850=CARTESIAN_POINT('',(17.17,22.1,72.));
#8851=CARTESIAN_POINT('',(17.17,15.85,80.));
#8852=CARTESIAN_POINT('',(17.17,15.85,72.));
#8853=CARTESIAN_POINT('',(17.17,22.1,80.));
#8854=CARTESIAN_POINT('',(17.17,15.85,80.));
#8855=CARTESIAN_POINT('',(17.17,22.1,81.5));
#8856=CARTESIAN_POINT('',(17.17,22.1,80.));
#8857=CARTESIAN_POINT('',(17.17,15.85,81.5));
#8858=CARTESIAN_POINT('',(17.17,22.1,81.5));
#8859=CARTESIAN_POINT('',(17.17,15.85,89.5));
#8860=CARTESIAN_POINT('',(17.17,15.85,81.5));
#8861=CARTESIAN_POINT('',(17.17,22.1,89.5));
#8862=CARTESIAN_POINT('',(17.17,15.85,89.5));
#8863=CARTESIAN_POINT('',(17.17,22.1,91.));
#8864=CARTESIAN_POINT('',(17.17,22.1,89.5));
#8865=CARTESIAN_POINT('',(17.17,15.85,91.));
#8866=CARTESIAN_POINT('',(17.17,22.1,91.));
#8867=CARTESIAN_POINT('',(17.17,15.85,99.));
#8868=CARTESIAN_POINT('',(17.17,15.85,91.));
#8869=CARTESIAN_POINT('',(17.17,22.1,99.));
#8870=CARTESIAN_POINT('',(17.17,22.1,99.));
#8871=CARTESIAN_POINT('',(17.17,22.1,100.5));
#8872=CARTESIAN_POINT('',(17.17,22.1,99.));
#8873=CARTESIAN_POINT('',(17.17,15.85,100.5));
#8874=CARTESIAN_POINT('',(17.17,15.85,100.5));
#8875=CARTESIAN_POINT('',(17.17,15.85,108.5));
#8876=CARTESIAN_POINT('',(17.17,15.85,100.5));
#8877=CARTESIAN_POINT('',(17.17,22.1,108.5));
#8878=CARTESIAN_POINT('',(17.17,22.1,108.5));
#8879=CARTESIAN_POINT('',(17.17,22.1,110.));
#8880=CARTESIAN_POINT('',(17.17,22.1,108.5));
#8881=CARTESIAN_POINT('',(17.17,7.08999999999996,110.));
#8882=CARTESIAN_POINT('',(17.17,7.08999999999996,110.));
#8883=CARTESIAN_POINT('',(17.17,7.08999999999996,110.));
#8884=CARTESIAN_POINT('Origin',(17.17,14.595,23.));
#8885=CARTESIAN_POINT('',(2.51,7.1,23.));
#8886=CARTESIAN_POINT('',(62.46,7.1,23.));
#8887=CARTESIAN_POINT('',(2.51,22.1,23.));
#8888=CARTESIAN_POINT('',(2.51,22.1,23.));
#8889=CARTESIAN_POINT('',(17.17,22.1,23.));
#8890=CARTESIAN_POINT('Origin',(8.01746824526945,19.5,95.625));
#8891=CARTESIAN_POINT('',(8.37831216351297,18.5,96.25));
#8892=CARTESIAN_POINT('',(7.65662432702594,18.5,95.));
#8893=CARTESIAN_POINT('',(7.89246824526945,18.5,95.4084936490539));
#8894=CARTESIAN_POINT('',(8.37831216351297,16.5,96.25));
#8895=CARTESIAN_POINT('',(8.37831216351297,19.5,96.25));
#8896=CARTESIAN_POINT('',(7.65662432702594,16.5,95.));
#8897=CARTESIAN_POINT('',(8.37831216351297,16.5,96.25));
#8898=CARTESIAN_POINT('',(7.65662432702594,19.5,95.));
#8899=CARTESIAN_POINT('Origin',(8.01746824526945,19.5,94.375));
#8900=CARTESIAN_POINT('',(8.37831216351297,18.5,93.75));
#8901=CARTESIAN_POINT('',(7.89246824526945,18.5,94.5915063509461));
#8902=CARTESIAN_POINT('',(8.37831216351297,16.5,93.75));
#8903=CARTESIAN_POINT('',(7.65662432702594,16.5,95.));
#8904=CARTESIAN_POINT('',(8.37831216351297,19.5,93.75));
#8905=CARTESIAN_POINT('Origin',(9.1,19.5,93.75));
#8906=CARTESIAN_POINT('',(9.82168783648703,18.5,93.75));
#8907=CARTESIAN_POINT('',(8.6,18.5,93.75));
#8908=CARTESIAN_POINT('',(9.82168783648703,16.5,93.75));
#8909=CARTESIAN_POINT('',(8.37831216351297,16.5,93.75));
#8910=CARTESIAN_POINT('',(9.82168783648703,19.5,93.75));
#8911=CARTESIAN_POINT('Origin',(10.1825317547305,19.5,94.375));
#8912=CARTESIAN_POINT('',(10.5433756729741,18.5,95.));
#8913=CARTESIAN_POINT('',(10.0575317547305,18.5,94.1584936490539));
#8914=CARTESIAN_POINT('',(10.5433756729741,16.5,95.));
#8915=CARTESIAN_POINT('',(9.82168783648703,16.5,93.75));
#8916=CARTESIAN_POINT('',(10.5433756729741,19.5,95.));
#8917=CARTESIAN_POINT('Origin',(9.1,19.5,96.25));
#8918=CARTESIAN_POINT('',(9.82168783648703,18.5,96.25));
#8919=CARTESIAN_POINT('',(8.6,18.5,96.25));
#8920=CARTESIAN_POINT('',(9.82168783648703,16.5,96.25));
#8921=CARTESIAN_POINT('',(9.82168783648703,19.5,96.25));
#8922=CARTESIAN_POINT('',(9.82168783648703,16.5,96.25));
#8923=CARTESIAN_POINT('Origin',(10.1825317547305,19.5,95.625));
#8924=CARTESIAN_POINT('',(10.0575317547305,18.5,95.8415063509461));
#8925=CARTESIAN_POINT('',(10.5433756729741,16.5,95.));
#8926=CARTESIAN_POINT('Origin',(9.1,16.5,95.));
#8927=CARTESIAN_POINT('Origin',(8.1,18.5,95.));
#8928=CARTESIAN_POINT('Origin',(8.01746824526945,19.5,76.625));
#8929=CARTESIAN_POINT('',(8.37831216351297,18.5,77.25));
#8930=CARTESIAN_POINT('',(7.65662432702594,18.5,76.));
#8931=CARTESIAN_POINT('',(7.89246824526945,18.5,76.4084936490539));
#8932=CARTESIAN_POINT('',(8.37831216351297,16.5,77.25));
#8933=CARTESIAN_POINT('',(8.37831216351297,19.5,77.25));
#8934=CARTESIAN_POINT('',(7.65662432702594,16.5,76.));
#8935=CARTESIAN_POINT('',(8.37831216351297,16.5,77.25));
#8936=CARTESIAN_POINT('',(7.65662432702594,19.5,76.));
#8937=CARTESIAN_POINT('Origin',(8.01746824526945,19.5,75.375));
#8938=CARTESIAN_POINT('',(8.37831216351297,18.5,74.75));
#8939=CARTESIAN_POINT('',(7.89246824526945,18.5,75.5915063509461));
#8940=CARTESIAN_POINT('',(8.37831216351297,16.5,74.75));
#8941=CARTESIAN_POINT('',(7.65662432702594,16.5,76.));
#8942=CARTESIAN_POINT('',(8.37831216351297,19.5,74.75));
#8943=CARTESIAN_POINT('Origin',(9.1,19.5,74.75));
#8944=CARTESIAN_POINT('',(9.82168783648703,18.5,74.75));
#8945=CARTESIAN_POINT('',(8.6,18.5,74.75));
#8946=CARTESIAN_POINT('',(9.82168783648703,16.5,74.75));
#8947=CARTESIAN_POINT('',(8.37831216351297,16.5,74.75));
#8948=CARTESIAN_POINT('',(9.82168783648703,19.5,74.75));
#8949=CARTESIAN_POINT('Origin',(10.1825317547305,19.5,75.375));
#8950=CARTESIAN_POINT('',(10.5433756729741,18.5,76.));
#8951=CARTESIAN_POINT('',(10.0575317547305,18.5,75.1584936490539));
#8952=CARTESIAN_POINT('',(10.5433756729741,16.5,76.));
#8953=CARTESIAN_POINT('',(9.82168783648703,16.5,74.75));
#8954=CARTESIAN_POINT('',(10.5433756729741,19.5,76.));
#8955=CARTESIAN_POINT('Origin',(9.1,19.5,77.25));
#8956=CARTESIAN_POINT('',(9.82168783648703,18.5,77.25));
#8957=CARTESIAN_POINT('',(8.6,18.5,77.25));
#8958=CARTESIAN_POINT('',(9.82168783648703,16.5,77.25));
#8959=CARTESIAN_POINT('',(9.82168783648703,19.5,77.25));
#8960=CARTESIAN_POINT('',(9.82168783648703,16.5,77.25));
#8961=CARTESIAN_POINT('Origin',(10.1825317547305,19.5,76.625));
#8962=CARTESIAN_POINT('',(10.0575317547305,18.5,76.8415063509461));
#8963=CARTESIAN_POINT('',(10.5433756729741,16.5,76.));
#8964=CARTESIAN_POINT('Origin',(9.1,16.5,76.));
#8965=CARTESIAN_POINT('Origin',(8.1,18.5,76.));
#8966=CARTESIAN_POINT('Origin',(8.01746824526945,19.5,57.625));
#8967=CARTESIAN_POINT('',(8.37831216351297,18.5,58.25));
#8968=CARTESIAN_POINT('',(7.65662432702594,18.5,57.));
#8969=CARTESIAN_POINT('',(7.89246824526945,18.5,57.4084936490539));
#8970=CARTESIAN_POINT('',(8.37831216351297,16.5,58.25));
#8971=CARTESIAN_POINT('',(8.37831216351297,19.5,58.25));
#8972=CARTESIAN_POINT('',(7.65662432702594,16.5,57.));
#8973=CARTESIAN_POINT('',(8.37831216351297,16.5,58.25));
#8974=CARTESIAN_POINT('',(7.65662432702594,19.5,57.));
#8975=CARTESIAN_POINT('Origin',(8.01746824526945,19.5,56.375));
#8976=CARTESIAN_POINT('',(8.37831216351297,18.5,55.75));
#8977=CARTESIAN_POINT('',(7.89246824526945,18.5,56.5915063509461));
#8978=CARTESIAN_POINT('',(8.37831216351297,16.5,55.75));
#8979=CARTESIAN_POINT('',(7.65662432702594,16.5,57.));
#8980=CARTESIAN_POINT('',(8.37831216351297,19.5,55.75));
#8981=CARTESIAN_POINT('Origin',(9.1,19.5,55.75));
#8982=CARTESIAN_POINT('',(9.82168783648703,18.5,55.75));
#8983=CARTESIAN_POINT('',(8.6,18.5,55.75));
#8984=CARTESIAN_POINT('',(9.82168783648703,16.5,55.75));
#8985=CARTESIAN_POINT('',(8.37831216351297,16.5,55.75));
#8986=CARTESIAN_POINT('',(9.82168783648703,19.5,55.75));
#8987=CARTESIAN_POINT('Origin',(10.1825317547305,19.5,56.375));
#8988=CARTESIAN_POINT('',(10.5433756729741,18.5,57.));
#8989=CARTESIAN_POINT('',(10.0575317547305,18.5,56.1584936490539));
#8990=CARTESIAN_POINT('',(10.5433756729741,16.5,57.));
#8991=CARTESIAN_POINT('',(9.82168783648703,16.5,55.75));
#8992=CARTESIAN_POINT('',(10.5433756729741,19.5,57.));
#8993=CARTESIAN_POINT('Origin',(9.1,19.5,58.25));
#8994=CARTESIAN_POINT('',(9.82168783648703,18.5,58.25));
#8995=CARTESIAN_POINT('',(8.6,18.5,58.25));
#8996=CARTESIAN_POINT('',(9.82168783648703,16.5,58.25));
#8997=CARTESIAN_POINT('',(9.82168783648703,19.5,58.25));
#8998=CARTESIAN_POINT('',(9.82168783648703,16.5,58.25));
#8999=CARTESIAN_POINT('Origin',(10.1825317547305,19.5,57.625));
#9000=CARTESIAN_POINT('',(10.0575317547305,18.5,57.8415063509461));
#9001=CARTESIAN_POINT('',(10.5433756729741,16.5,57.));
#9002=CARTESIAN_POINT('Origin',(9.1,16.5,57.));
#9003=CARTESIAN_POINT('Origin',(8.1,18.5,57.));
#9004=CARTESIAN_POINT('Origin',(8.01746824526945,19.5,38.625));
#9005=CARTESIAN_POINT('',(8.37831216351297,18.5,39.25));
#9006=CARTESIAN_POINT('',(7.65662432702594,18.5,38.));
#9007=CARTESIAN_POINT('',(7.89246824526945,18.5,38.4084936490539));
#9008=CARTESIAN_POINT('',(8.37831216351297,16.5,39.25));
#9009=CARTESIAN_POINT('',(8.37831216351297,19.5,39.25));
#9010=CARTESIAN_POINT('',(7.65662432702594,16.5,38.));
#9011=CARTESIAN_POINT('',(8.37831216351297,16.5,39.25));
#9012=CARTESIAN_POINT('',(7.65662432702594,19.5,38.));
#9013=CARTESIAN_POINT('Origin',(8.01746824526945,19.5,37.375));
#9014=CARTESIAN_POINT('',(8.37831216351297,18.5,36.75));
#9015=CARTESIAN_POINT('',(7.89246824526945,18.5,37.5915063509461));
#9016=CARTESIAN_POINT('',(8.37831216351297,16.5,36.75));
#9017=CARTESIAN_POINT('',(7.65662432702594,16.5,38.));
#9018=CARTESIAN_POINT('',(8.37831216351297,19.5,36.75));
#9019=CARTESIAN_POINT('Origin',(9.1,19.5,36.75));
#9020=CARTESIAN_POINT('',(9.82168783648703,18.5,36.75));
#9021=CARTESIAN_POINT('',(8.6,18.5,36.75));
#9022=CARTESIAN_POINT('',(9.82168783648703,16.5,36.75));
#9023=CARTESIAN_POINT('',(8.37831216351297,16.5,36.75));
#9024=CARTESIAN_POINT('',(9.82168783648703,19.5,36.75));
#9025=CARTESIAN_POINT('Origin',(10.1825317547305,19.5,37.375));
#9026=CARTESIAN_POINT('',(10.5433756729741,18.5,38.));
#9027=CARTESIAN_POINT('',(10.0575317547305,18.5,37.1584936490539));
#9028=CARTESIAN_POINT('',(10.5433756729741,16.5,38.));
#9029=CARTESIAN_POINT('',(9.82168783648703,16.5,36.75));
#9030=CARTESIAN_POINT('',(10.5433756729741,19.5,38.));
#9031=CARTESIAN_POINT('Origin',(9.1,19.5,39.25));
#9032=CARTESIAN_POINT('',(9.82168783648703,18.5,39.25));
#9033=CARTESIAN_POINT('',(8.6,18.5,39.25));
#9034=CARTESIAN_POINT('',(9.82168783648703,16.5,39.25));
#9035=CARTESIAN_POINT('',(9.82168783648703,19.5,39.25));
#9036=CARTESIAN_POINT('',(9.82168783648703,16.5,39.25));
#9037=CARTESIAN_POINT('Origin',(10.1825317547305,19.5,38.625));
#9038=CARTESIAN_POINT('',(10.0575317547305,18.5,38.8415063509461));
#9039=CARTESIAN_POINT('',(10.5433756729741,16.5,38.));
#9040=CARTESIAN_POINT('Origin',(9.1,16.5,38.));
#9041=CARTESIAN_POINT('Origin',(8.1,18.5,38.));
#9042=CARTESIAN_POINT('Origin',(8.01746824526945,19.5,29.125));
#9043=CARTESIAN_POINT('',(8.37831216351297,18.5,29.75));
#9044=CARTESIAN_POINT('',(7.65662432702594,18.5,28.5));
#9045=CARTESIAN_POINT('',(7.89246824526945,18.5,28.9084936490539));
#9046=CARTESIAN_POINT('',(8.37831216351297,16.5,29.75));
#9047=CARTESIAN_POINT('',(8.37831216351297,19.5,29.75));
#9048=CARTESIAN_POINT('',(7.65662432702594,16.5,28.5));
#9049=CARTESIAN_POINT('',(8.37831216351297,16.5,29.75));
#9050=CARTESIAN_POINT('',(7.65662432702594,19.5,28.5));
#9051=CARTESIAN_POINT('Origin',(8.01746824526945,19.5,27.875));
#9052=CARTESIAN_POINT('',(8.37831216351297,18.5,27.25));
#9053=CARTESIAN_POINT('',(7.89246824526945,18.5,28.0915063509461));
#9054=CARTESIAN_POINT('',(8.37831216351297,16.5,27.25));
#9055=CARTESIAN_POINT('',(7.65662432702594,16.5,28.5));
#9056=CARTESIAN_POINT('',(8.37831216351297,19.5,27.25));
#9057=CARTESIAN_POINT('Origin',(9.1,19.5,27.25));
#9058=CARTESIAN_POINT('',(9.82168783648703,18.5,27.25));
#9059=CARTESIAN_POINT('',(8.6,18.5,27.25));
#9060=CARTESIAN_POINT('',(9.82168783648703,16.5,27.25));
#9061=CARTESIAN_POINT('',(8.37831216351297,16.5,27.25));
#9062=CARTESIAN_POINT('',(9.82168783648703,19.5,27.25));
#9063=CARTESIAN_POINT('Origin',(10.1825317547305,19.5,27.875));
#9064=CARTESIAN_POINT('',(10.5433756729741,18.5,28.5));
#9065=CARTESIAN_POINT('',(10.0575317547305,18.5,27.6584936490539));
#9066=CARTESIAN_POINT('',(10.5433756729741,16.5,28.5));
#9067=CARTESIAN_POINT('',(9.82168783648703,16.5,27.25));
#9068=CARTESIAN_POINT('',(10.5433756729741,19.5,28.5));
#9069=CARTESIAN_POINT('Origin',(9.1,19.5,29.75));
#9070=CARTESIAN_POINT('',(9.82168783648703,18.5,29.75));
#9071=CARTESIAN_POINT('',(8.6,18.5,29.75));
#9072=CARTESIAN_POINT('',(9.82168783648703,16.5,29.75));
#9073=CARTESIAN_POINT('',(9.82168783648703,19.5,29.75));
#9074=CARTESIAN_POINT('',(9.82168783648703,16.5,29.75));
#9075=CARTESIAN_POINT('Origin',(10.1825317547305,19.5,29.125));
#9076=CARTESIAN_POINT('',(10.0575317547305,18.5,29.3415063509461));
#9077=CARTESIAN_POINT('',(10.5433756729741,16.5,28.5));
#9078=CARTESIAN_POINT('Origin',(9.1,16.5,28.5));
#9079=CARTESIAN_POINT('Origin',(8.1,18.5,28.5));
#9080=CARTESIAN_POINT('Origin',(8.01746824526945,19.5,48.125));
#9081=CARTESIAN_POINT('',(8.37831216351297,18.5,48.75));
#9082=CARTESIAN_POINT('',(7.65662432702594,18.5,47.5));
#9083=CARTESIAN_POINT('',(7.89246824526945,18.5,47.9084936490539));
#9084=CARTESIAN_POINT('',(8.37831216351297,16.5,48.75));
#9085=CARTESIAN_POINT('',(8.37831216351297,19.5,48.75));
#9086=CARTESIAN_POINT('',(7.65662432702594,16.5,47.5));
#9087=CARTESIAN_POINT('',(8.37831216351297,16.5,48.75));
#9088=CARTESIAN_POINT('',(7.65662432702594,19.5,47.5));
#9089=CARTESIAN_POINT('Origin',(8.01746824526945,19.5,46.875));
#9090=CARTESIAN_POINT('',(8.37831216351297,18.5,46.25));
#9091=CARTESIAN_POINT('',(7.89246824526945,18.5,47.0915063509461));
#9092=CARTESIAN_POINT('',(8.37831216351297,16.5,46.25));
#9093=CARTESIAN_POINT('',(7.65662432702594,16.5,47.5));
#9094=CARTESIAN_POINT('',(8.37831216351297,19.5,46.25));
#9095=CARTESIAN_POINT('Origin',(9.1,19.5,46.25));
#9096=CARTESIAN_POINT('',(9.82168783648703,18.5,46.25));
#9097=CARTESIAN_POINT('',(8.6,18.5,46.25));
#9098=CARTESIAN_POINT('',(9.82168783648703,16.5,46.25));
#9099=CARTESIAN_POINT('',(8.37831216351297,16.5,46.25));
#9100=CARTESIAN_POINT('',(9.82168783648703,19.5,46.25));
#9101=CARTESIAN_POINT('Origin',(10.1825317547305,19.5,46.875));
#9102=CARTESIAN_POINT('',(10.5433756729741,18.5,47.5));
#9103=CARTESIAN_POINT('',(10.0575317547305,18.5,46.6584936490539));
#9104=CARTESIAN_POINT('',(10.5433756729741,16.5,47.5));
#9105=CARTESIAN_POINT('',(9.82168783648703,16.5,46.25));
#9106=CARTESIAN_POINT('',(10.5433756729741,19.5,47.5));
#9107=CARTESIAN_POINT('Origin',(9.1,19.5,48.75));
#9108=CARTESIAN_POINT('',(9.82168783648703,18.5,48.75));
#9109=CARTESIAN_POINT('',(8.6,18.5,48.75));
#9110=CARTESIAN_POINT('',(9.82168783648703,16.5,48.75));
#9111=CARTESIAN_POINT('',(9.82168783648703,19.5,48.75));
#9112=CARTESIAN_POINT('',(9.82168783648703,16.5,48.75));
#9113=CARTESIAN_POINT('Origin',(10.1825317547305,19.5,48.125));
#9114=CARTESIAN_POINT('',(10.0575317547305,18.5,48.3415063509461));
#9115=CARTESIAN_POINT('',(10.5433756729741,16.5,47.5));
#9116=CARTESIAN_POINT('Origin',(9.1,16.5,47.5));
#9117=CARTESIAN_POINT('Origin',(8.1,18.5,47.5));
#9118=CARTESIAN_POINT('Origin',(8.01746824526945,19.5,67.125));
#9119=CARTESIAN_POINT('',(8.37831216351297,18.5,67.75));
#9120=CARTESIAN_POINT('',(7.65662432702594,18.5,66.5));
#9121=CARTESIAN_POINT('',(7.89246824526945,18.5,66.9084936490539));
#9122=CARTESIAN_POINT('',(8.37831216351297,16.5,67.75));
#9123=CARTESIAN_POINT('',(8.37831216351297,19.5,67.75));
#9124=CARTESIAN_POINT('',(7.65662432702594,16.5,66.5));
#9125=CARTESIAN_POINT('',(8.37831216351297,16.5,67.75));
#9126=CARTESIAN_POINT('',(7.65662432702594,19.5,66.5));
#9127=CARTESIAN_POINT('Origin',(8.01746824526945,19.5,65.875));
#9128=CARTESIAN_POINT('',(8.37831216351297,18.5,65.25));
#9129=CARTESIAN_POINT('',(7.89246824526945,18.5,66.0915063509461));
#9130=CARTESIAN_POINT('',(8.37831216351297,16.5,65.25));
#9131=CARTESIAN_POINT('',(7.65662432702594,16.5,66.5));
#9132=CARTESIAN_POINT('',(8.37831216351297,19.5,65.25));
#9133=CARTESIAN_POINT('Origin',(9.1,19.5,65.25));
#9134=CARTESIAN_POINT('',(9.82168783648703,18.5,65.25));
#9135=CARTESIAN_POINT('',(8.6,18.5,65.25));
#9136=CARTESIAN_POINT('',(9.82168783648703,16.5,65.25));
#9137=CARTESIAN_POINT('',(8.37831216351297,16.5,65.25));
#9138=CARTESIAN_POINT('',(9.82168783648703,19.5,65.25));
#9139=CARTESIAN_POINT('Origin',(10.1825317547305,19.5,65.875));
#9140=CARTESIAN_POINT('',(10.5433756729741,18.5,66.5));
#9141=CARTESIAN_POINT('',(10.0575317547305,18.5,65.6584936490539));
#9142=CARTESIAN_POINT('',(10.5433756729741,16.5,66.5));
#9143=CARTESIAN_POINT('',(9.82168783648703,16.5,65.25));
#9144=CARTESIAN_POINT('',(10.5433756729741,19.5,66.5));
#9145=CARTESIAN_POINT('Origin',(9.1,19.5,67.75));
#9146=CARTESIAN_POINT('',(9.82168783648703,18.5,67.75));
#9147=CARTESIAN_POINT('',(8.6,18.5,67.75));
#9148=CARTESIAN_POINT('',(9.82168783648703,16.5,67.75));
#9149=CARTESIAN_POINT('',(9.82168783648703,19.5,67.75));
#9150=CARTESIAN_POINT('',(9.82168783648703,16.5,67.75));
#9151=CARTESIAN_POINT('Origin',(10.1825317547305,19.5,67.125));
#9152=CARTESIAN_POINT('',(10.0575317547305,18.5,67.3415063509461));
#9153=CARTESIAN_POINT('',(10.5433756729741,16.5,66.5));
#9154=CARTESIAN_POINT('Origin',(9.1,16.5,66.5));
#9155=CARTESIAN_POINT('Origin',(8.1,18.5,66.5));
#9156=CARTESIAN_POINT('Origin',(8.01746824526945,19.5,86.125));
#9157=CARTESIAN_POINT('',(8.37831216351297,18.5,86.75));
#9158=CARTESIAN_POINT('',(7.65662432702594,18.5,85.5));
#9159=CARTESIAN_POINT('',(7.89246824526945,18.5,85.9084936490539));
#9160=CARTESIAN_POINT('',(8.37831216351297,16.5,86.75));
#9161=CARTESIAN_POINT('',(8.37831216351297,19.5,86.75));
#9162=CARTESIAN_POINT('',(7.65662432702594,16.5,85.5));
#9163=CARTESIAN_POINT('',(8.37831216351297,16.5,86.75));
#9164=CARTESIAN_POINT('',(7.65662432702594,19.5,85.5));
#9165=CARTESIAN_POINT('Origin',(8.01746824526945,19.5,84.875));
#9166=CARTESIAN_POINT('',(8.37831216351297,18.5,84.25));
#9167=CARTESIAN_POINT('',(7.89246824526945,18.5,85.0915063509461));
#9168=CARTESIAN_POINT('',(8.37831216351297,16.5,84.25));
#9169=CARTESIAN_POINT('',(7.65662432702594,16.5,85.5));
#9170=CARTESIAN_POINT('',(8.37831216351297,19.5,84.25));
#9171=CARTESIAN_POINT('Origin',(9.1,19.5,84.25));
#9172=CARTESIAN_POINT('',(9.82168783648703,18.5,84.25));
#9173=CARTESIAN_POINT('',(8.6,18.5,84.25));
#9174=CARTESIAN_POINT('',(9.82168783648703,16.5,84.25));
#9175=CARTESIAN_POINT('',(8.37831216351297,16.5,84.25));
#9176=CARTESIAN_POINT('',(9.82168783648703,19.5,84.25));
#9177=CARTESIAN_POINT('Origin',(10.1825317547305,19.5,84.875));
#9178=CARTESIAN_POINT('',(10.5433756729741,18.5,85.5));
#9179=CARTESIAN_POINT('',(10.0575317547305,18.5,84.6584936490539));
#9180=CARTESIAN_POINT('',(10.5433756729741,16.5,85.5));
#9181=CARTESIAN_POINT('',(9.82168783648703,16.5,84.25));
#9182=CARTESIAN_POINT('',(10.5433756729741,19.5,85.5));
#9183=CARTESIAN_POINT('Origin',(9.1,19.5,86.75));
#9184=CARTESIAN_POINT('',(9.82168783648703,18.5,86.75));
#9185=CARTESIAN_POINT('',(8.6,18.5,86.75));
#9186=CARTESIAN_POINT('',(9.82168783648703,16.5,86.75));
#9187=CARTESIAN_POINT('',(9.82168783648703,19.5,86.75));
#9188=CARTESIAN_POINT('',(9.82168783648703,16.5,86.75));
#9189=CARTESIAN_POINT('Origin',(10.1825317547305,19.5,86.125));
#9190=CARTESIAN_POINT('',(10.0575317547305,18.5,86.3415063509461));
#9191=CARTESIAN_POINT('',(10.5433756729741,16.5,85.5));
#9192=CARTESIAN_POINT('Origin',(9.1,16.5,85.5));
#9193=CARTESIAN_POINT('Origin',(8.1,18.5,85.5));
#9194=CARTESIAN_POINT('Origin',(8.01746824526945,19.5,105.125));
#9195=CARTESIAN_POINT('',(8.37831216351297,18.5,105.75));
#9196=CARTESIAN_POINT('',(7.65662432702594,18.5,104.5));
#9197=CARTESIAN_POINT('',(7.89246824526945,18.5,104.908493649054));
#9198=CARTESIAN_POINT('',(8.37831216351297,16.5,105.75));
#9199=CARTESIAN_POINT('',(8.37831216351297,19.5,105.75));
#9200=CARTESIAN_POINT('',(7.65662432702594,16.5,104.5));
#9201=CARTESIAN_POINT('',(8.37831216351297,16.5,105.75));
#9202=CARTESIAN_POINT('',(7.65662432702594,19.5,104.5));
#9203=CARTESIAN_POINT('Origin',(8.01746824526945,19.5,103.875));
#9204=CARTESIAN_POINT('',(8.37831216351297,18.5,103.25));
#9205=CARTESIAN_POINT('',(7.89246824526945,18.5,104.091506350946));
#9206=CARTESIAN_POINT('',(8.37831216351297,16.5,103.25));
#9207=CARTESIAN_POINT('',(7.65662432702594,16.5,104.5));
#9208=CARTESIAN_POINT('',(8.37831216351297,19.5,103.25));
#9209=CARTESIAN_POINT('Origin',(9.1,19.5,103.25));
#9210=CARTESIAN_POINT('',(9.82168783648703,18.5,103.25));
#9211=CARTESIAN_POINT('',(8.6,18.5,103.25));
#9212=CARTESIAN_POINT('',(9.82168783648703,16.5,103.25));
#9213=CARTESIAN_POINT('',(8.37831216351297,16.5,103.25));
#9214=CARTESIAN_POINT('',(9.82168783648703,19.5,103.25));
#9215=CARTESIAN_POINT('Origin',(10.1825317547305,19.5,103.875));
#9216=CARTESIAN_POINT('',(10.5433756729741,18.5,104.5));
#9217=CARTESIAN_POINT('',(10.0575317547305,18.5,103.658493649054));
#9218=CARTESIAN_POINT('',(10.5433756729741,16.5,104.5));
#9219=CARTESIAN_POINT('',(9.82168783648703,16.5,103.25));
#9220=CARTESIAN_POINT('',(10.5433756729741,19.5,104.5));
#9221=CARTESIAN_POINT('Origin',(9.1,19.5,105.75));
#9222=CARTESIAN_POINT('',(9.82168783648703,18.5,105.75));
#9223=CARTESIAN_POINT('',(8.6,18.5,105.75));
#9224=CARTESIAN_POINT('',(9.82168783648703,16.5,105.75));
#9225=CARTESIAN_POINT('',(9.82168783648703,19.5,105.75));
#9226=CARTESIAN_POINT('',(9.82168783648703,16.5,105.75));
#9227=CARTESIAN_POINT('Origin',(10.1825317547305,19.5,105.125));
#9228=CARTESIAN_POINT('',(10.0575317547305,18.5,105.341506350946));
#9229=CARTESIAN_POINT('',(10.5433756729741,16.5,104.5));
#9230=CARTESIAN_POINT('Origin',(9.1,16.5,104.5));
#9231=CARTESIAN_POINT('Origin',(8.1,18.5,104.5));
#9232=CARTESIAN_POINT('Origin',(17.15,14.645,66.5));
#9233=CARTESIAN_POINT('',(17.15,15.85,108.5));
#9234=CARTESIAN_POINT('',(17.15,22.09,108.5));
#9235=CARTESIAN_POINT('',(17.15,16.81,108.5));
#9236=CARTESIAN_POINT('',(17.15,15.85,100.5));
#9237=CARTESIAN_POINT('',(17.15,15.85,85.5));
#9238=CARTESIAN_POINT('',(17.15,22.09,100.5));
#9239=CARTESIAN_POINT('',(17.15,16.81,100.5));
#9240=CARTESIAN_POINT('',(17.15,22.09,66.5));
#9241=CARTESIAN_POINT('Origin',(17.15,14.645,66.5));
#9242=CARTESIAN_POINT('',(17.15,15.85,99.));
#9243=CARTESIAN_POINT('',(17.15,22.09,99.));
#9244=CARTESIAN_POINT('',(17.15,16.81,99.));
#9245=CARTESIAN_POINT('',(17.15,15.85,91.));
#9246=CARTESIAN_POINT('',(17.15,15.85,80.75));
#9247=CARTESIAN_POINT('',(17.15,22.09,91.));
#9248=CARTESIAN_POINT('',(17.15,16.81,91.));
#9249=CARTESIAN_POINT('',(17.15,22.09,66.5));
#9250=CARTESIAN_POINT('Origin',(17.15,14.645,66.5));
#9251=CARTESIAN_POINT('',(17.15,15.85,89.5));
#9252=CARTESIAN_POINT('',(17.15,22.09,89.5));
#9253=CARTESIAN_POINT('',(17.15,16.81,89.5));
#9254=CARTESIAN_POINT('',(17.15,15.85,81.5));
#9255=CARTESIAN_POINT('',(17.15,15.85,76.));
#9256=CARTESIAN_POINT('',(17.15,22.09,81.5));
#9257=CARTESIAN_POINT('',(17.15,16.81,81.5));
#9258=CARTESIAN_POINT('',(17.15,22.09,66.5));
#9259=CARTESIAN_POINT('Origin',(17.15,14.645,66.5));
#9260=CARTESIAN_POINT('',(17.15,15.85,80.));
#9261=CARTESIAN_POINT('',(17.15,22.09,80.));
#9262=CARTESIAN_POINT('',(17.15,16.81,80.));
#9263=CARTESIAN_POINT('',(17.15,15.85,72.));
#9264=CARTESIAN_POINT('',(17.15,15.85,71.25));
#9265=CARTESIAN_POINT('',(17.15,22.09,72.));
#9266=CARTESIAN_POINT('',(17.15,16.81,72.));
#9267=CARTESIAN_POINT('',(17.15,22.09,66.5));
#9268=CARTESIAN_POINT('Origin',(17.15,14.645,66.5));
#9269=CARTESIAN_POINT('',(17.15,15.85,70.5));
#9270=CARTESIAN_POINT('',(17.15,22.09,70.5));
#9271=CARTESIAN_POINT('',(17.15,16.81,70.5));
#9272=CARTESIAN_POINT('',(17.15,15.85,62.5));
#9273=CARTESIAN_POINT('',(17.15,15.85,66.5));
#9274=CARTESIAN_POINT('',(17.15,22.09,62.5));
#9275=CARTESIAN_POINT('',(17.15,16.81,62.5));
#9276=CARTESIAN_POINT('',(17.15,22.09,66.5));
#9277=CARTESIAN_POINT('Origin',(17.15,14.645,66.5));
#9278=CARTESIAN_POINT('',(17.15,15.85,61.));
#9279=CARTESIAN_POINT('',(17.15,22.09,61.));
#9280=CARTESIAN_POINT('',(17.15,16.81,61.));
#9281=CARTESIAN_POINT('',(17.15,15.85,53.));
#9282=CARTESIAN_POINT('',(17.15,15.85,61.75));
#9283=CARTESIAN_POINT('',(17.15,22.09,53.));
#9284=CARTESIAN_POINT('',(17.15,16.81,53.));
#9285=CARTESIAN_POINT('',(17.15,22.09,66.5));
#9286=CARTESIAN_POINT('Origin',(17.15,14.645,66.5));
#9287=CARTESIAN_POINT('',(17.15,15.85,51.5));
#9288=CARTESIAN_POINT('',(17.15,22.09,51.5));
#9289=CARTESIAN_POINT('',(17.15,16.81,51.5));
#9290=CARTESIAN_POINT('',(17.15,15.85,43.5));
#9291=CARTESIAN_POINT('',(17.15,15.85,57.));
#9292=CARTESIAN_POINT('',(17.15,22.09,43.5));
#9293=CARTESIAN_POINT('',(17.15,16.81,43.5));
#9294=CARTESIAN_POINT('',(17.15,22.09,66.5));
#9295=CARTESIAN_POINT('Origin',(17.15,14.645,66.5));
#9296=CARTESIAN_POINT('',(17.15,15.85,42.));
#9297=CARTESIAN_POINT('',(17.15,22.09,42.));
#9298=CARTESIAN_POINT('',(17.15,16.81,42.));
#9299=CARTESIAN_POINT('',(17.15,15.85,34.));
#9300=CARTESIAN_POINT('',(17.15,15.85,52.25));
#9301=CARTESIAN_POINT('',(17.15,22.09,34.));
#9302=CARTESIAN_POINT('',(17.15,16.81,34.));
#9303=CARTESIAN_POINT('',(17.15,22.09,66.5));
#9304=CARTESIAN_POINT('Origin',(17.15,14.645,66.5));
#9305=CARTESIAN_POINT('',(17.15,15.85,32.5));
#9306=CARTESIAN_POINT('',(17.15,22.09,32.5));
#9307=CARTESIAN_POINT('',(17.15,16.81,32.5));
#9308=CARTESIAN_POINT('',(17.15,15.85,24.5));
#9309=CARTESIAN_POINT('',(17.15,15.85,47.5));
#9310=CARTESIAN_POINT('',(17.15,22.09,24.5));
#9311=CARTESIAN_POINT('',(17.15,16.81,24.5));
#9312=CARTESIAN_POINT('',(17.15,22.09,66.5));
#9313=CARTESIAN_POINT('Origin',(15.7,14.645,66.5));
#9314=CARTESIAN_POINT('',(15.7,22.09,42.));
#9315=CARTESIAN_POINT('',(15.7,15.85,42.));
#9316=CARTESIAN_POINT('',(15.7,16.81,42.));
#9317=CARTESIAN_POINT('',(15.7,22.09,34.));
#9318=CARTESIAN_POINT('',(15.7,22.09,66.5));
#9319=CARTESIAN_POINT('',(15.7,15.85,34.));
#9320=CARTESIAN_POINT('',(15.7,16.81,34.));
#9321=CARTESIAN_POINT('',(15.7,15.85,52.25));
#9322=CARTESIAN_POINT('Origin',(15.7,14.645,66.5));
#9323=CARTESIAN_POINT('',(15.7,22.09,51.5));
#9324=CARTESIAN_POINT('',(15.7,15.85,51.5));
#9325=CARTESIAN_POINT('',(15.7,16.81,51.5));
#9326=CARTESIAN_POINT('',(15.7,22.09,43.5));
#9327=CARTESIAN_POINT('',(15.7,22.09,66.5));
#9328=CARTESIAN_POINT('',(15.7,15.85,43.5));
#9329=CARTESIAN_POINT('',(15.7,16.81,43.5));
#9330=CARTESIAN_POINT('',(15.7,15.85,57.));
#9331=CARTESIAN_POINT('Origin',(15.7,14.645,66.5));
#9332=CARTESIAN_POINT('',(15.7,22.09,61.));
#9333=CARTESIAN_POINT('',(15.7,15.85,61.));
#9334=CARTESIAN_POINT('',(15.7,16.81,61.));
#9335=CARTESIAN_POINT('',(15.7,22.09,53.));
#9336=CARTESIAN_POINT('',(15.7,22.09,66.5));
#9337=CARTESIAN_POINT('',(15.7,15.85,53.));
#9338=CARTESIAN_POINT('',(15.7,16.81,53.));
#9339=CARTESIAN_POINT('',(15.7,15.85,61.75));
#9340=CARTESIAN_POINT('Origin',(15.7,14.645,66.5));
#9341=CARTESIAN_POINT('',(15.7,22.09,70.5));
#9342=CARTESIAN_POINT('',(15.7,15.85,70.5));
#9343=CARTESIAN_POINT('',(15.7,16.81,70.5));
#9344=CARTESIAN_POINT('',(15.7,22.09,62.5));
#9345=CARTESIAN_POINT('',(15.7,22.09,66.5));
#9346=CARTESIAN_POINT('',(15.7,15.85,62.5));
#9347=CARTESIAN_POINT('',(15.7,16.81,62.5));
#9348=CARTESIAN_POINT('',(15.7,15.85,66.5));
#9349=CARTESIAN_POINT('Origin',(15.7,14.645,66.5));
#9350=CARTESIAN_POINT('',(15.7,22.09,80.));
#9351=CARTESIAN_POINT('',(15.7,15.85,80.));
#9352=CARTESIAN_POINT('',(15.7,16.81,80.));
#9353=CARTESIAN_POINT('',(15.7,22.09,72.));
#9354=CARTESIAN_POINT('',(15.7,22.09,66.5));
#9355=CARTESIAN_POINT('',(15.7,15.85,72.));
#9356=CARTESIAN_POINT('',(15.7,16.81,72.));
#9357=CARTESIAN_POINT('',(15.7,15.85,71.25));
#9358=CARTESIAN_POINT('Origin',(15.7,14.645,66.5));
#9359=CARTESIAN_POINT('',(15.7,22.09,89.5));
#9360=CARTESIAN_POINT('',(15.7,15.85,89.5));
#9361=CARTESIAN_POINT('',(15.7,16.81,89.5));
#9362=CARTESIAN_POINT('',(15.7,22.09,81.5));
#9363=CARTESIAN_POINT('',(15.7,22.09,66.5));
#9364=CARTESIAN_POINT('',(15.7,15.85,81.5));
#9365=CARTESIAN_POINT('',(15.7,16.81,81.5));
#9366=CARTESIAN_POINT('',(15.7,15.85,76.));
#9367=CARTESIAN_POINT('Origin',(15.7,14.645,66.5));
#9368=CARTESIAN_POINT('',(15.7,22.09,99.));
#9369=CARTESIAN_POINT('',(15.7,15.85,99.));
#9370=CARTESIAN_POINT('',(15.7,16.81,99.));
#9371=CARTESIAN_POINT('',(15.7,22.09,91.));
#9372=CARTESIAN_POINT('',(15.7,22.09,66.5));
#9373=CARTESIAN_POINT('',(15.7,15.85,91.));
#9374=CARTESIAN_POINT('',(15.7,16.81,91.));
#9375=CARTESIAN_POINT('',(15.7,15.85,80.75));
#9376=CARTESIAN_POINT('Origin',(15.7,14.645,66.5));
#9377=CARTESIAN_POINT('',(15.7,22.09,108.5));
#9378=CARTESIAN_POINT('',(15.7,15.85,108.5));
#9379=CARTESIAN_POINT('',(15.7,16.81,108.5));
#9380=CARTESIAN_POINT('',(15.7,22.09,100.5));
#9381=CARTESIAN_POINT('',(15.7,22.09,66.5));
#9382=CARTESIAN_POINT('',(15.7,15.85,100.5));
#9383=CARTESIAN_POINT('',(15.7,16.81,100.5));
#9384=CARTESIAN_POINT('',(15.7,15.85,85.5));
#9385=CARTESIAN_POINT('Origin',(16.425,22.09,66.5));
#9386=CARTESIAN_POINT('',(16.7975,22.09,108.5));
#9387=CARTESIAN_POINT('',(16.7975,22.09,100.5));
#9388=CARTESIAN_POINT('Origin',(16.425,22.09,66.5));
#9389=CARTESIAN_POINT('',(16.7975,22.09,99.));
#9390=CARTESIAN_POINT('',(16.7975,22.09,91.));
#9391=CARTESIAN_POINT('Origin',(16.425,22.09,66.5));
#9392=CARTESIAN_POINT('',(16.7975,22.09,89.5));
#9393=CARTESIAN_POINT('',(16.7975,22.09,81.5));
#9394=CARTESIAN_POINT('Origin',(16.425,22.09,66.5));
#9395=CARTESIAN_POINT('',(16.7975,22.09,80.));
#9396=CARTESIAN_POINT('',(16.7975,22.09,72.));
#9397=CARTESIAN_POINT('Origin',(16.425,22.09,66.5));
#9398=CARTESIAN_POINT('',(16.7975,22.09,70.5));
#9399=CARTESIAN_POINT('',(16.7975,22.09,62.5));
#9400=CARTESIAN_POINT('Origin',(16.425,22.09,66.5));
#9401=CARTESIAN_POINT('',(16.7975,22.09,61.));
#9402=CARTESIAN_POINT('',(16.7975,22.09,53.));
#9403=CARTESIAN_POINT('Origin',(16.425,22.09,66.5));
#9404=CARTESIAN_POINT('',(16.7975,22.09,51.5));
#9405=CARTESIAN_POINT('',(16.7975,22.09,43.5));
#9406=CARTESIAN_POINT('Origin',(16.425,22.09,66.5));
#9407=CARTESIAN_POINT('',(16.7975,22.09,42.));
#9408=CARTESIAN_POINT('',(16.7975,22.09,34.));
#9409=CARTESIAN_POINT('Origin',(15.7,14.645,66.5));
#9410=CARTESIAN_POINT('',(15.7,22.09,32.5));
#9411=CARTESIAN_POINT('',(15.7,15.85,32.5));
#9412=CARTESIAN_POINT('',(15.7,16.81,32.5));
#9413=CARTESIAN_POINT('',(15.7,22.09,24.5));
#9414=CARTESIAN_POINT('',(15.7,22.09,66.5));
#9415=CARTESIAN_POINT('',(15.7,15.85,24.5));
#9416=CARTESIAN_POINT('',(15.7,16.81,24.5));
#9417=CARTESIAN_POINT('',(15.7,15.85,47.5));
#9418=CARTESIAN_POINT('Origin',(16.425,22.09,66.5));
#9419=CARTESIAN_POINT('',(16.7975,22.09,32.5));
#9420=CARTESIAN_POINT('',(16.7975,22.09,24.5));
#9421=CARTESIAN_POINT('Origin',(17.17,18.975,32.5));
#9422=CARTESIAN_POINT('',(2.51,15.85,32.5));
#9423=CARTESIAN_POINT('',(17.17,15.85,32.5));
#9424=CARTESIAN_POINT('',(2.51,22.1,32.5));
#9425=CARTESIAN_POINT('',(2.51,15.85,32.5));
#9426=CARTESIAN_POINT('',(17.17,22.1,32.5));
#9427=CARTESIAN_POINT('',(17.17,15.85,32.5));
#9428=CARTESIAN_POINT('Origin',(17.17,15.85,28.5));
#9429=CARTESIAN_POINT('',(2.51,15.85,24.5));
#9430=CARTESIAN_POINT('',(17.17,15.85,24.5));
#9431=CARTESIAN_POINT('',(2.51,15.85,24.5));
#9432=CARTESIAN_POINT('Origin',(17.17,18.975,42.));
#9433=CARTESIAN_POINT('',(2.51,15.85,42.));
#9434=CARTESIAN_POINT('',(17.17,15.85,42.));
#9435=CARTESIAN_POINT('',(2.51,22.1,42.));
#9436=CARTESIAN_POINT('',(2.51,15.85,42.));
#9437=CARTESIAN_POINT('',(17.17,22.1,42.));
#9438=CARTESIAN_POINT('',(17.17,15.85,42.));
#9439=CARTESIAN_POINT('Origin',(17.17,15.85,38.));
#9440=CARTESIAN_POINT('',(2.51,15.85,34.));
#9441=CARTESIAN_POINT('',(17.17,15.85,34.));
#9442=CARTESIAN_POINT('',(2.51,15.85,34.));
#9443=CARTESIAN_POINT('Origin',(17.17,18.975,51.5));
#9444=CARTESIAN_POINT('',(2.51,15.85,51.5));
#9445=CARTESIAN_POINT('',(17.17,15.85,51.5));
#9446=CARTESIAN_POINT('',(2.51,22.1,51.5));
#9447=CARTESIAN_POINT('',(2.51,15.85,51.5));
#9448=CARTESIAN_POINT('',(17.17,22.1,51.5));
#9449=CARTESIAN_POINT('',(17.17,15.85,51.5));
#9450=CARTESIAN_POINT('Origin',(17.17,15.85,47.5));
#9451=CARTESIAN_POINT('',(2.51,15.85,43.5));
#9452=CARTESIAN_POINT('',(17.17,15.85,43.5));
#9453=CARTESIAN_POINT('',(2.51,15.85,43.5));
#9454=CARTESIAN_POINT('Origin',(17.17,18.975,61.));
#9455=CARTESIAN_POINT('',(2.51,15.85,61.));
#9456=CARTESIAN_POINT('',(17.17,15.85,61.));
#9457=CARTESIAN_POINT('',(2.51,22.1,61.));
#9458=CARTESIAN_POINT('',(2.51,15.85,61.));
#9459=CARTESIAN_POINT('',(17.17,22.1,61.));
#9460=CARTESIAN_POINT('',(17.17,15.85,61.));
#9461=CARTESIAN_POINT('Origin',(17.17,15.85,57.));
#9462=CARTESIAN_POINT('',(2.51,15.85,53.));
#9463=CARTESIAN_POINT('',(17.17,15.85,53.));
#9464=CARTESIAN_POINT('',(2.51,15.85,53.));
#9465=CARTESIAN_POINT('Origin',(17.17,18.975,70.5));
#9466=CARTESIAN_POINT('',(2.51000000000001,15.85,70.5));
#9467=CARTESIAN_POINT('',(17.17,15.85,70.5));
#9468=CARTESIAN_POINT('',(2.51000000000001,22.1,70.5));
#9469=CARTESIAN_POINT('',(2.51000000000001,15.85,70.5));
#9470=CARTESIAN_POINT('',(17.17,22.1,70.5));
#9471=CARTESIAN_POINT('',(17.17,15.85,70.5));
#9472=CARTESIAN_POINT('Origin',(17.17,15.85,66.5));
#9473=CARTESIAN_POINT('',(2.51,15.85,62.5));
#9474=CARTESIAN_POINT('',(17.17,15.85,62.5));
#9475=CARTESIAN_POINT('',(2.51,15.85,62.5));
#9476=CARTESIAN_POINT('Origin',(17.17,18.975,80.));
#9477=CARTESIAN_POINT('',(2.51000000000001,15.85,80.));
#9478=CARTESIAN_POINT('',(17.17,15.85,80.));
#9479=CARTESIAN_POINT('',(2.51000000000001,22.1,80.));
#9480=CARTESIAN_POINT('',(2.51000000000001,15.85,80.));
#9481=CARTESIAN_POINT('',(17.17,22.1,80.));
#9482=CARTESIAN_POINT('',(17.17,15.85,80.));
#9483=CARTESIAN_POINT('Origin',(17.17,15.85,76.));
#9484=CARTESIAN_POINT('',(2.51000000000001,15.85,72.));
#9485=CARTESIAN_POINT('',(17.17,15.85,72.));
#9486=CARTESIAN_POINT('',(2.51000000000001,15.85,72.));
#9487=CARTESIAN_POINT('Origin',(17.17,18.975,89.5));
#9488=CARTESIAN_POINT('',(2.51000000000001,15.85,89.5));
#9489=CARTESIAN_POINT('',(17.17,15.85,89.5));
#9490=CARTESIAN_POINT('',(2.51000000000001,22.1,89.5));
#9491=CARTESIAN_POINT('',(2.51000000000001,15.85,89.5));
#9492=CARTESIAN_POINT('',(17.17,22.1,89.5));
#9493=CARTESIAN_POINT('',(17.17,15.85,89.5));
#9494=CARTESIAN_POINT('Origin',(17.17,15.85,85.5));
#9495=CARTESIAN_POINT('',(2.51000000000001,15.85,81.5));
#9496=CARTESIAN_POINT('',(17.17,15.85,81.5));
#9497=CARTESIAN_POINT('',(2.51000000000001,15.85,81.5));
#9498=CARTESIAN_POINT('Origin',(17.17,18.975,99.));
#9499=CARTESIAN_POINT('',(2.51000000000001,15.85,99.));
#9500=CARTESIAN_POINT('',(17.17,15.85,99.));
#9501=CARTESIAN_POINT('',(2.51000000000001,22.1,99.));
#9502=CARTESIAN_POINT('',(2.51000000000001,22.1,99.));
#9503=CARTESIAN_POINT('',(17.17,22.1,99.));
#9504=CARTESIAN_POINT('',(17.17,15.85,99.));
#9505=CARTESIAN_POINT('Origin',(17.17,15.85,95.));
#9506=CARTESIAN_POINT('',(2.51000000000001,15.85,91.));
#9507=CARTESIAN_POINT('',(17.17,15.85,91.));
#9508=CARTESIAN_POINT('',(2.51000000000001,15.85,91.));
#9509=CARTESIAN_POINT('Origin',(17.17,18.975,108.5));
#9510=CARTESIAN_POINT('',(2.51000000000001,15.85,108.5));
#9511=CARTESIAN_POINT('',(17.17,15.85,108.5));
#9512=CARTESIAN_POINT('',(2.51000000000001,22.1,108.5));
#9513=CARTESIAN_POINT('',(2.51000000000001,22.1,108.5));
#9514=CARTESIAN_POINT('',(17.17,22.1,108.5));
#9515=CARTESIAN_POINT('',(17.17,15.85,108.5));
#9516=CARTESIAN_POINT('Origin',(17.17,15.85,104.5));
#9517=CARTESIAN_POINT('',(2.51000000000001,15.85,100.5));
#9518=CARTESIAN_POINT('',(17.17,15.85,100.5));
#9519=CARTESIAN_POINT('',(2.51000000000001,15.85,100.5));
#9520=CARTESIAN_POINT('Origin',(17.17,22.1,23.75));
#9521=CARTESIAN_POINT('',(2.51,22.1,24.5));
#9522=CARTESIAN_POINT('',(2.51,22.1,24.5));
#9523=CARTESIAN_POINT('',(17.17,22.1,24.5));
#9524=CARTESIAN_POINT('Origin',(17.17,18.975,24.5));
#9525=CARTESIAN_POINT('',(17.17,15.85,24.5));
#9526=CARTESIAN_POINT('',(2.51,22.1,24.5));
#9527=CARTESIAN_POINT('Origin',(17.17,15.85,28.5));
#9528=CARTESIAN_POINT('Origin',(17.17,22.1,33.25));
#9529=CARTESIAN_POINT('',(2.51,22.1,34.));
#9530=CARTESIAN_POINT('',(2.51,22.1,32.5));
#9531=CARTESIAN_POINT('',(17.17,22.1,34.));
#9532=CARTESIAN_POINT('Origin',(17.17,18.975,34.));
#9533=CARTESIAN_POINT('',(17.17,15.85,34.));
#9534=CARTESIAN_POINT('',(2.51,22.1,34.));
#9535=CARTESIAN_POINT('Origin',(17.17,15.85,38.));
#9536=CARTESIAN_POINT('Origin',(17.17,22.1,42.75));
#9537=CARTESIAN_POINT('',(2.51,22.1,43.5));
#9538=CARTESIAN_POINT('',(2.51,22.1,42.));
#9539=CARTESIAN_POINT('',(17.17,22.1,43.5));
#9540=CARTESIAN_POINT('Origin',(17.17,18.975,43.5));
#9541=CARTESIAN_POINT('',(17.17,15.85,43.5));
#9542=CARTESIAN_POINT('',(2.51,22.1,43.5));
#9543=CARTESIAN_POINT('Origin',(17.17,15.85,47.5));
#9544=CARTESIAN_POINT('Origin',(17.17,22.1,52.25));
#9545=CARTESIAN_POINT('',(2.51,22.1,53.));
#9546=CARTESIAN_POINT('',(2.51,22.1,51.5));
#9547=CARTESIAN_POINT('',(17.17,22.1,53.));
#9548=CARTESIAN_POINT('Origin',(17.17,18.975,53.));
#9549=CARTESIAN_POINT('',(17.17,15.85,53.));
#9550=CARTESIAN_POINT('',(2.51,22.1,53.));
#9551=CARTESIAN_POINT('Origin',(17.17,15.85,57.));
#9552=CARTESIAN_POINT('Origin',(17.17,22.1,61.75));
#9553=CARTESIAN_POINT('',(2.51,22.1,62.5));
#9554=CARTESIAN_POINT('',(2.51,22.1,61.));
#9555=CARTESIAN_POINT('',(17.17,22.1,62.5));
#9556=CARTESIAN_POINT('Origin',(17.17,18.975,62.5));
#9557=CARTESIAN_POINT('',(17.17,15.85,62.5));
#9558=CARTESIAN_POINT('',(2.51,22.1,62.5));
#9559=CARTESIAN_POINT('Origin',(17.17,15.85,66.5));
#9560=CARTESIAN_POINT('Origin',(17.17,22.1,71.25));
#9561=CARTESIAN_POINT('',(2.51000000000001,22.1,72.));
#9562=CARTESIAN_POINT('',(2.51000000000001,22.1,70.5));
#9563=CARTESIAN_POINT('',(17.17,22.1,72.));
#9564=CARTESIAN_POINT('Origin',(17.17,18.975,72.));
#9565=CARTESIAN_POINT('',(17.17,15.85,72.));
#9566=CARTESIAN_POINT('',(2.51000000000001,22.1,72.));
#9567=CARTESIAN_POINT('Origin',(17.17,15.85,76.));
#9568=CARTESIAN_POINT('Origin',(17.17,22.1,80.75));
#9569=CARTESIAN_POINT('',(2.51000000000001,22.1,81.5));
#9570=CARTESIAN_POINT('',(2.51000000000001,22.1,80.));
#9571=CARTESIAN_POINT('',(17.17,22.1,81.5));
#9572=CARTESIAN_POINT('Origin',(17.17,18.975,81.5));
#9573=CARTESIAN_POINT('',(17.17,15.85,81.5));
#9574=CARTESIAN_POINT('',(2.51000000000001,22.1,81.5));
#9575=CARTESIAN_POINT('Origin',(17.17,15.85,85.5));
#9576=CARTESIAN_POINT('Origin',(17.17,22.1,90.25));
#9577=CARTESIAN_POINT('',(2.51000000000001,22.1,91.));
#9578=CARTESIAN_POINT('',(2.51000000000001,22.1,89.5));
#9579=CARTESIAN_POINT('',(17.17,22.1,91.));
#9580=CARTESIAN_POINT('Origin',(17.17,18.975,91.));
#9581=CARTESIAN_POINT('',(17.17,15.85,91.));
#9582=CARTESIAN_POINT('',(2.51000000000001,22.1,91.));
#9583=CARTESIAN_POINT('Origin',(17.17,15.85,95.));
#9584=CARTESIAN_POINT('Origin',(17.17,22.1,99.75));
#9585=CARTESIAN_POINT('',(2.51000000000001,22.1,100.5));
#9586=CARTESIAN_POINT('',(2.51000000000001,22.1,99.));
#9587=CARTESIAN_POINT('',(17.17,22.1,100.5));
#9588=CARTESIAN_POINT('Origin',(17.17,18.975,100.5));
#9589=CARTESIAN_POINT('',(17.17,15.85,100.5));
#9590=CARTESIAN_POINT('',(2.51000000000001,15.85,100.5));
#9591=CARTESIAN_POINT('Origin',(17.17,15.85,104.5));
#9592=CARTESIAN_POINT('Origin',(17.17,22.1,109.25));
#9593=CARTESIAN_POINT('',(2.51000000000001,22.1,110.));
#9594=CARTESIAN_POINT('',(2.51000000000001,22.1,108.5));
#9595=CARTESIAN_POINT('',(17.17,22.1,110.));
#9596=CARTESIAN_POINT('Origin',(17.17,14.595,110.));
#9597=CARTESIAN_POINT('',(2.51000000000001,7.08999999999996,110.));
#9598=CARTESIAN_POINT('',(2.51000000000001,7.08999999999996,110.));
#9599=CARTESIAN_POINT('',(17.17,7.08999999999996,110.));
#9600=CARTESIAN_POINT('Origin',(17.17,7.08999999999998,66.5));
#9601=CARTESIAN_POINT('',(2.51000000000001,7.08999999999996,109.));
#9602=CARTESIAN_POINT('',(62.46,7.08999999999997,109.));
#9603=CARTESIAN_POINT('',(2.51000000000001,7.08999999999996,110.));
#9604=CARTESIAN_POINT('Origin',(2.51,14.7300625552888,66.5));
#9605=CARTESIAN_POINT('',(2.51000000000001,7.1,109.));
#9606=CARTESIAN_POINT('',(2.51000000000001,10.5150312776444,109.));
#9607=CARTESIAN_POINT('',(2.51000000000001,7.1,62.));
#9608=CARTESIAN_POINT('Origin',(107.75,6.3,109.));
#9609=CARTESIAN_POINT('',(2.5,7.1,109.));
#9610=CARTESIAN_POINT('',(107.75,7.1,109.));
#9611=CARTESIAN_POINT('',(2.5,5.5,109.));
#9612=CARTESIAN_POINT('',(2.5,6.3,109.));
#9613=CARTESIAN_POINT('',(212.99,5.5,109.));
#9614=CARTESIAN_POINT('',(107.75,5.5,109.));
#9615=CARTESIAN_POINT('',(212.99,7.1,109.));
#9616=CARTESIAN_POINT('',(212.99,11.,109.));
#9617=CARTESIAN_POINT('',(107.75,7.1,109.));
#9618=CARTESIAN_POINT('Origin',(107.75,7.1,57.5));
#9619=CARTESIAN_POINT('',(212.99,7.1,6.));
#9620=CARTESIAN_POINT('',(212.99,7.1,57.5));
#9621=CARTESIAN_POINT('',(2.5,7.1,6.));
#9622=CARTESIAN_POINT('',(107.75,7.1,6.));
#9623=CARTESIAN_POINT('',(2.5,7.1,57.5));
#9624=CARTESIAN_POINT('Origin',(107.75,6.3,6.));
#9625=CARTESIAN_POINT('',(212.99,5.5,6.));
#9626=CARTESIAN_POINT('',(212.99,11.,6.));
#9627=CARTESIAN_POINT('',(2.5,5.5,6.));
#9628=CARTESIAN_POINT('',(107.75,5.5,6.));
#9629=CARTESIAN_POINT('',(2.5,6.3,6.));
#9630=CARTESIAN_POINT('Origin',(107.75,5.5,57.5));
#9631=CARTESIAN_POINT('',(212.99,5.5,57.5));
#9632=CARTESIAN_POINT('',(2.5,5.5,57.5));
#9633=CARTESIAN_POINT('Origin',(2.5,6.3,57.5));
#9634=CARTESIAN_POINT('Origin',(215.,2.00000000000003,57.5000000000123));
#9635=CARTESIAN_POINT('',(0.,2.00000000000003,2.00000000000001));
#9636=CARTESIAN_POINT('',(0.,2.00000000000003,113.000000000025));
#9637=CARTESIAN_POINT('',(0.,2.00000000000003,2.00000000000001));
#9638=CARTESIAN_POINT('',(215.,2.00000000000003,113.000000000025));
#9639=CARTESIAN_POINT('',(215.,2.00000000000003,113.000000000025));
#9640=CARTESIAN_POINT('',(215.,2.00000000000003,2.));
#9641=CARTESIAN_POINT('',(215.,2.00000000000003,2.));
#9642=CARTESIAN_POINT('',(215.,2.00000000000003,2.));
#9643=CARTESIAN_POINT('',(212.99,2.00000000000003,112.9));
#9644=CARTESIAN_POINT('',(212.99,2.00000000000003,2.1));
#9645=CARTESIAN_POINT('',(212.99,2.00000000000003,57.5000000000062));
#9646=CARTESIAN_POINT('',(214.99,2.00000000000003,2.1));
#9647=CARTESIAN_POINT('',(214.495,2.00000000000003,2.1));
#9648=CARTESIAN_POINT('',(214.99,2.00000000000003,112.9));
#9649=CARTESIAN_POINT('',(214.99,2.00000000000003,57.5000000000062));
#9650=CARTESIAN_POINT('',(214.495,2.00000000000003,112.9));
#9651=CARTESIAN_POINT('Origin',(167.499998512508,28.,36.8500002815255));
#9652=CARTESIAN_POINT('Origin',(167.499998512508,29.4,36.8500002815255));
#9653=CARTESIAN_POINT('Origin',(167.499998512508,30.,36.8500002815255));
#9654=CARTESIAN_POINT('Origin',(167.499998512508,28.,36.8500002815255));
#9655=CARTESIAN_POINT('Origin',(167.499998512508,29.4,36.8500002815255));
#9656=CARTESIAN_POINT('Origin',(167.499998512508,30.,36.8500002815255));
#9657=CARTESIAN_POINT('Origin',(167.349999718475,28.,36.699998512508));
#9658=CARTESIAN_POINT('Origin',(167.349999718475,29.4,36.699998512508));
#9659=CARTESIAN_POINT('Origin',(167.349999718475,30.,36.699998512508));
#9660=CARTESIAN_POINT('Origin',(167.349999718475,28.,36.6999985125081));
#9661=CARTESIAN_POINT('Origin',(167.349999718475,29.4,36.6999985125081));
#9662=CARTESIAN_POINT('Origin',(167.349999718475,30.,36.6999985125081));
#9663=CARTESIAN_POINT('Origin',(167.500001487492,28.,36.5499997184745));
#9664=CARTESIAN_POINT('Origin',(167.500001487492,29.4,36.5499997184745));
#9665=CARTESIAN_POINT('Origin',(167.500001487492,30.,36.5499997184745));
#9666=CARTESIAN_POINT('Origin',(167.500001487492,28.,36.5499997184745));
#9667=CARTESIAN_POINT('Origin',(167.500001487492,29.4,36.5499997184745));
#9668=CARTESIAN_POINT('Origin',(167.500001487492,30.,36.5499997184745));
#9669=CARTESIAN_POINT('Origin',(167.650000281525,28.,36.700001487492));
#9670=CARTESIAN_POINT('Origin',(167.650000281525,29.4,36.700001487492));
#9671=CARTESIAN_POINT('Origin',(167.650000281525,30.,36.700001487492));
#9672=CARTESIAN_POINT('Origin',(167.650000281525,28.,36.7000014874919));
#9673=CARTESIAN_POINT('Origin',(167.650000281525,29.4,36.7000014874919));
#9674=CARTESIAN_POINT('Origin',(167.650000281525,30.,36.7000014874919));
#9675=CARTESIAN_POINT('Origin',(190.,19.7,59.));
#9676=CARTESIAN_POINT('',(191.,19.7,113.000000000025));
#9677=CARTESIAN_POINT('',(189.,19.7,113.000000000025));
#9678=CARTESIAN_POINT('',(202.5,19.7,113.000000000025));
#9679=CARTESIAN_POINT('',(191.,19.7,114.999999842559));
#9680=CARTESIAN_POINT('',(191.,19.7,59.));
#9681=CARTESIAN_POINT('',(189.,19.7,114.999999842559));
#9682=CARTESIAN_POINT('',(202.5,19.7,114.999999842559));
#9683=CARTESIAN_POINT('',(189.,19.7,59.));
#9684=CARTESIAN_POINT('Origin',(190.,19.7,59.));
#9685=CARTESIAN_POINT('',(191.,19.7,0.));
#9686=CARTESIAN_POINT('',(189.,19.7,0.));
#9687=CARTESIAN_POINT('',(202.5,19.7,0.));
#9688=CARTESIAN_POINT('',(191.,19.7,2.));
#9689=CARTESIAN_POINT('',(191.,19.7,59.));
#9690=CARTESIAN_POINT('',(189.,19.7,2.));
#9691=CARTESIAN_POINT('',(202.5,19.7,2.));
#9692=CARTESIAN_POINT('',(189.,19.7,59.));
#9693=CARTESIAN_POINT('Origin',(189.,16.25,59.));
#9694=CARTESIAN_POINT('',(189.,12.8,113.000000000025));
#9695=CARTESIAN_POINT('',(189.,16.,113.000000000025));
#9696=CARTESIAN_POINT('',(189.,12.8,114.999999842559));
#9697=CARTESIAN_POINT('',(189.,16.025,114.999999842559));
#9698=CARTESIAN_POINT('',(189.,12.8,59.));
#9699=CARTESIAN_POINT('Origin',(189.,16.25,59.));
#9700=CARTESIAN_POINT('',(189.,12.8,0.));
#9701=CARTESIAN_POINT('',(189.,16.025,0.));
#9702=CARTESIAN_POINT('',(189.,12.8,2.));
#9703=CARTESIAN_POINT('',(189.,16.,2.));
#9704=CARTESIAN_POINT('',(189.,12.8,59.));
#9705=CARTESIAN_POINT('Origin',(191.,16.25,59.));
#9706=CARTESIAN_POINT('',(191.,12.8,113.000000000025));
#9707=CARTESIAN_POINT('',(191.,16.,113.000000000025));
#9708=CARTESIAN_POINT('',(191.,12.8,114.999999842559));
#9709=CARTESIAN_POINT('',(191.,12.8,59.));
#9710=CARTESIAN_POINT('',(191.,16.025,114.999999842559));
#9711=CARTESIAN_POINT('Origin',(190.,12.8,59.));
#9712=CARTESIAN_POINT('',(202.5,12.8,113.000000000025));
#9713=CARTESIAN_POINT('',(202.5,12.8,114.999999842559));
#9714=CARTESIAN_POINT('Origin',(190.,12.8,59.));
#9715=CARTESIAN_POINT('',(191.,12.8,0.));
#9716=CARTESIAN_POINT('',(202.5,12.8,0.));
#9717=CARTESIAN_POINT('',(191.,12.8,2.));
#9718=CARTESIAN_POINT('',(202.5,12.8,2.));
#9719=CARTESIAN_POINT('',(191.,12.8,59.));
#9720=CARTESIAN_POINT('Origin',(191.,16.25,59.));
#9721=CARTESIAN_POINT('',(191.,16.025,0.));
#9722=CARTESIAN_POINT('',(191.,16.,2.));
#9723=CARTESIAN_POINT('Origin',(175.,19.7,59.));
#9724=CARTESIAN_POINT('',(176.,19.7,113.000000000025));
#9725=CARTESIAN_POINT('',(174.,19.7,113.000000000025));
#9726=CARTESIAN_POINT('',(195.,19.7,113.000000000025));
#9727=CARTESIAN_POINT('',(176.,19.7,114.999999842559));
#9728=CARTESIAN_POINT('',(176.,19.7,59.));
#9729=CARTESIAN_POINT('',(174.,19.7,114.999999842559));
#9730=CARTESIAN_POINT('',(195.,19.7,114.999999842559));
#9731=CARTESIAN_POINT('',(174.,19.7,59.));
#9732=CARTESIAN_POINT('Origin',(175.,19.7,59.));
#9733=CARTESIAN_POINT('',(176.,19.7,0.));
#9734=CARTESIAN_POINT('',(174.,19.7,0.));
#9735=CARTESIAN_POINT('',(195.,19.7,0.));
#9736=CARTESIAN_POINT('',(176.,19.7,2.));
#9737=CARTESIAN_POINT('',(176.,19.7,59.));
#9738=CARTESIAN_POINT('',(174.,19.7,2.));
#9739=CARTESIAN_POINT('',(195.,19.7,2.));
#9740=CARTESIAN_POINT('',(174.,19.7,59.));
#9741=CARTESIAN_POINT('Origin',(174.,16.25,59.));
#9742=CARTESIAN_POINT('',(174.,12.8,113.000000000025));
#9743=CARTESIAN_POINT('',(174.,16.,113.000000000025));
#9744=CARTESIAN_POINT('',(174.,12.8,114.999999842559));
#9745=CARTESIAN_POINT('',(174.,16.025,114.999999842559));
#9746=CARTESIAN_POINT('',(174.,12.8,59.));
#9747=CARTESIAN_POINT('Origin',(174.,16.25,59.));
#9748=CARTESIAN_POINT('',(174.,12.8,0.));
#9749=CARTESIAN_POINT('',(174.,16.025,3.5527136788005E-15));
#9750=CARTESIAN_POINT('',(174.,12.8,2.));
#9751=CARTESIAN_POINT('',(174.,16.,2.));
#9752=CARTESIAN_POINT('',(174.,12.8,59.));
#9753=CARTESIAN_POINT('Origin',(176.,16.25,59.));
#9754=CARTESIAN_POINT('',(176.,12.8,113.000000000025));
#9755=CARTESIAN_POINT('',(176.,16.,113.000000000025));
#9756=CARTESIAN_POINT('',(176.,12.8,114.999999842559));
#9757=CARTESIAN_POINT('',(176.,12.8,59.));
#9758=CARTESIAN_POINT('',(176.,16.025,114.999999842559));
#9759=CARTESIAN_POINT('Origin',(175.,12.8,59.));
#9760=CARTESIAN_POINT('',(195.,12.8,113.000000000025));
#9761=CARTESIAN_POINT('',(195.,12.8,114.999999842559));
#9762=CARTESIAN_POINT('Origin',(175.,12.8,59.));
#9763=CARTESIAN_POINT('',(176.,12.8,0.));
#9764=CARTESIAN_POINT('',(195.,12.8,0.));
#9765=CARTESIAN_POINT('',(176.,12.8,2.));
#9766=CARTESIAN_POINT('',(195.,12.8,2.));
#9767=CARTESIAN_POINT('',(176.,12.8,59.));
#9768=CARTESIAN_POINT('Origin',(176.,16.25,59.));
#9769=CARTESIAN_POINT('',(176.,16.025,3.5527136788005E-15));
#9770=CARTESIAN_POINT('',(176.,16.,2.));
#9771=CARTESIAN_POINT('Origin',(40.,19.7,59.));
#9772=CARTESIAN_POINT('',(41.,19.7,113.000000000025));
#9773=CARTESIAN_POINT('',(39.,19.7,113.000000000025));
#9774=CARTESIAN_POINT('',(127.5,19.7,113.000000000025));
#9775=CARTESIAN_POINT('',(41.,19.7,114.999999842559));
#9776=CARTESIAN_POINT('',(41.,19.7,59.));
#9777=CARTESIAN_POINT('',(39.,19.7,114.999999842559));
#9778=CARTESIAN_POINT('',(127.5,19.7,114.999999842559));
#9779=CARTESIAN_POINT('',(39.,19.7,59.));
#9780=CARTESIAN_POINT('Origin',(40.,19.7,59.));
#9781=CARTESIAN_POINT('',(41.,19.7,0.399999999999999));
#9782=CARTESIAN_POINT('',(39.,19.7,0.399999999999999));
#9783=CARTESIAN_POINT('',(61.25,19.7,0.399999999999999));
#9784=CARTESIAN_POINT('',(41.,19.7,2.00000000000001));
#9785=CARTESIAN_POINT('',(41.,19.7,59.));
#9786=CARTESIAN_POINT('',(39.,19.7,2.00000000000001));
#9787=CARTESIAN_POINT('',(127.5,19.7,2.00000000000001));
#9788=CARTESIAN_POINT('',(39.,19.7,59.));
#9789=CARTESIAN_POINT('Origin',(39.,16.25,59.));
#9790=CARTESIAN_POINT('',(39.,12.8,113.000000000025));
#9791=CARTESIAN_POINT('',(39.,16.,113.000000000025));
#9792=CARTESIAN_POINT('',(39.,12.8,114.999999842559));
#9793=CARTESIAN_POINT('',(39.,16.025,114.999999842559));
#9794=CARTESIAN_POINT('',(39.,12.8,59.));
#9795=CARTESIAN_POINT('Origin',(39.,16.25,59.));
#9796=CARTESIAN_POINT('',(39.,12.8,0.399999999999999));
#9797=CARTESIAN_POINT('',(39.,16.2249515599508,0.399999999999999));
#9798=CARTESIAN_POINT('',(39.,12.8,2.00000000000001));
#9799=CARTESIAN_POINT('',(39.,16.,2.00000000000001));
#9800=CARTESIAN_POINT('',(39.,12.8,59.));
#9801=CARTESIAN_POINT('Origin',(41.,16.25,59.));
#9802=CARTESIAN_POINT('',(41.,12.8,113.000000000025));
#9803=CARTESIAN_POINT('',(41.,16.,113.000000000025));
#9804=CARTESIAN_POINT('',(41.,12.8,114.999999842559));
#9805=CARTESIAN_POINT('',(41.,12.8,59.));
#9806=CARTESIAN_POINT('',(41.,16.025,114.999999842559));
#9807=CARTESIAN_POINT('Origin',(40.,12.8,59.));
#9808=CARTESIAN_POINT('',(127.5,12.8,113.000000000025));
#9809=CARTESIAN_POINT('',(127.5,12.8,114.999999842559));
#9810=CARTESIAN_POINT('Origin',(40.,12.8,59.));
#9811=CARTESIAN_POINT('',(41.,12.8,0.399999999999999));
#9812=CARTESIAN_POINT('',(61.25,12.8,0.399999999999999));
#9813=CARTESIAN_POINT('',(41.,12.8,2.00000000000001));
#9814=CARTESIAN_POINT('',(127.5,12.8,2.00000000000001));
#9815=CARTESIAN_POINT('',(41.,12.8,59.));
#9816=CARTESIAN_POINT('Origin',(41.,16.25,59.));
#9817=CARTESIAN_POINT('',(41.,16.2249515599508,0.399999999999999));
#9818=CARTESIAN_POINT('',(41.,16.,2.00000000000001));
#9819=CARTESIAN_POINT('Origin',(25.,19.7,59.));
#9820=CARTESIAN_POINT('',(26.,19.7,113.000000000025));
#9821=CARTESIAN_POINT('',(24.,19.7,113.000000000025));
#9822=CARTESIAN_POINT('',(120.,19.7,113.000000000025));
#9823=CARTESIAN_POINT('',(26.,19.7,114.999999842559));
#9824=CARTESIAN_POINT('',(26.,19.7,59.));
#9825=CARTESIAN_POINT('',(24.,19.7,114.999999842559));
#9826=CARTESIAN_POINT('',(120.,19.7,114.999999842559));
#9827=CARTESIAN_POINT('',(24.,19.7,59.));
#9828=CARTESIAN_POINT('Origin',(25.,19.7,59.));
#9829=CARTESIAN_POINT('',(26.,19.7,1.4210854715202E-14));
#9830=CARTESIAN_POINT('',(24.,19.7,1.4210854715202E-14));
#9831=CARTESIAN_POINT('',(120.,19.7,7.105427357601E-15));
#9832=CARTESIAN_POINT('',(26.,19.7,2.00000000000001));
#9833=CARTESIAN_POINT('',(26.,19.7,59.));
#9834=CARTESIAN_POINT('',(24.,19.7,2.00000000000001));
#9835=CARTESIAN_POINT('',(120.,19.7,2.00000000000001));
#9836=CARTESIAN_POINT('',(24.,19.7,59.));
#9837=CARTESIAN_POINT('Origin',(24.,16.25,59.));
#9838=CARTESIAN_POINT('',(24.,12.8,113.000000000025));
#9839=CARTESIAN_POINT('',(24.,16.,113.000000000025));
#9840=CARTESIAN_POINT('',(24.,12.8,114.999999842559));
#9841=CARTESIAN_POINT('',(24.,16.025,114.999999842559));
#9842=CARTESIAN_POINT('',(24.,12.8,59.));
#9843=CARTESIAN_POINT('Origin',(24.,16.25,59.));
#9844=CARTESIAN_POINT('',(24.,12.8,1.4210854715202E-14));
#9845=CARTESIAN_POINT('',(24.,16.025,1.06581410364015E-14));
#9846=CARTESIAN_POINT('',(24.,12.8,2.00000000000001));
#9847=CARTESIAN_POINT('',(24.,16.,2.00000000000001));
#9848=CARTESIAN_POINT('',(24.,12.8,59.));
#9849=CARTESIAN_POINT('Origin',(26.,16.25,59.));
#9850=CARTESIAN_POINT('',(26.,12.8,113.000000000025));
#9851=CARTESIAN_POINT('',(26.,16.,113.000000000025));
#9852=CARTESIAN_POINT('',(26.,12.8,114.999999842559));
#9853=CARTESIAN_POINT('',(26.,12.8,59.));
#9854=CARTESIAN_POINT('',(26.,16.025,114.999999842559));
#9855=CARTESIAN_POINT('Origin',(25.,12.8,59.));
#9856=CARTESIAN_POINT('',(120.,12.8,113.000000000025));
#9857=CARTESIAN_POINT('',(120.,12.8,114.999999842559));
#9858=CARTESIAN_POINT('Origin',(25.,12.8,59.));
#9859=CARTESIAN_POINT('',(26.,12.8,1.4210854715202E-14));
#9860=CARTESIAN_POINT('',(120.,12.8,7.105427357601E-15));
#9861=CARTESIAN_POINT('',(26.,12.8,2.00000000000001));
#9862=CARTESIAN_POINT('',(120.,12.8,2.00000000000001));
#9863=CARTESIAN_POINT('',(26.,12.8,59.));
#9864=CARTESIAN_POINT('Origin',(26.,16.25,59.));
#9865=CARTESIAN_POINT('',(26.,16.025,1.06581410364015E-14));
#9866=CARTESIAN_POINT('',(26.,16.,2.00000000000001));
#9867=CARTESIAN_POINT('Origin',(38.,17.3499997728471,-0.1));
#9868=CARTESIAN_POINT('',(38.,25.4999995456941,1.08385522779031E-14));
#9869=CARTESIAN_POINT('',(38.,9.2,1.08385522779031E-14));
#9870=CARTESIAN_POINT('',(38.,16.5749998864235,1.08385522779031E-14));
#9871=CARTESIAN_POINT('',(38.,25.4999995456941,0.4));
#9872=CARTESIAN_POINT('',(38.,25.4999995456941,-0.1));
#9873=CARTESIAN_POINT('',(38.,9.2,0.4));
#9874=CARTESIAN_POINT('',(38.,9.2,0.4));
#9875=CARTESIAN_POINT('',(38.,9.2,-0.1));
#9876=CARTESIAN_POINT('Origin',(40.5,9.2,-0.1));
#9877=CARTESIAN_POINT('',(40.5,6.7,1.06858966120171E-14));
#9878=CARTESIAN_POINT('Origin',(40.5,9.2,0.));
#9879=CARTESIAN_POINT('',(40.5,6.7,0.4));
#9880=CARTESIAN_POINT('Origin',(40.5,9.2,0.4));
#9881=CARTESIAN_POINT('',(40.5,6.7,-0.1));
#9882=CARTESIAN_POINT('Origin',(82.5,6.7,-0.1));
#9883=CARTESIAN_POINT('',(124.5,6.7,5.53723733531797E-15));
#9884=CARTESIAN_POINT('',(148.75,6.7,4.05925293378573E-15));
#9885=CARTESIAN_POINT('',(124.5,6.7,0.4));
#9886=CARTESIAN_POINT('',(40.5,6.7,0.4));
#9887=CARTESIAN_POINT('',(124.5,6.7,-0.1));
#9888=CARTESIAN_POINT('Origin',(124.5,9.2,-0.1));
#9889=CARTESIAN_POINT('',(127.,9.2,5.38458166943201E-15));
#9890=CARTESIAN_POINT('Origin',(124.5,9.2,0.));
#9891=CARTESIAN_POINT('',(127.,9.2,0.4));
#9892=CARTESIAN_POINT('Origin',(124.5,9.2,0.4));
#9893=CARTESIAN_POINT('',(127.,9.2,-0.1));
#9894=CARTESIAN_POINT('Origin',(82.5,25.4999995456941,-0.1));
#9895=CARTESIAN_POINT('',(127.,25.4999995456941,5.38458166943201E-15));
#9896=CARTESIAN_POINT('',(148.75,25.4999995456941,4.05925293378573E-15));
#9897=CARTESIAN_POINT('',(127.,25.4999995456941,0.4));
#9898=CARTESIAN_POINT('',(127.,25.4999995456941,-0.1));
#9899=CARTESIAN_POINT('',(38.,25.4999995456941,0.4));
#9900=CARTESIAN_POINT('Origin',(127.,17.3499997728471,-0.1));
#9901=CARTESIAN_POINT('',(127.,16.5749998864235,5.39152056333592E-15));
#9902=CARTESIAN_POINT('',(127.,25.4999995456941,0.4));
#9903=CARTESIAN_POINT('Origin',(82.5,16.1999031199016,0.4));
#9904=CARTESIAN_POINT('Origin',(215.1,17.3499997728471,29.5));
#9905=CARTESIAN_POINT('',(214.99,25.4999995456941,29.5));
#9906=CARTESIAN_POINT('',(214.99,9.2,29.5));
#9907=CARTESIAN_POINT('',(214.99,16.5249998864235,29.5));
#9908=CARTESIAN_POINT('',(214.6,25.4999995456941,29.5));
#9909=CARTESIAN_POINT('',(215.1,25.4999995456941,29.5));
#9910=CARTESIAN_POINT('',(214.6,9.2,29.5));
#9911=CARTESIAN_POINT('',(214.6,9.2,29.5));
#9912=CARTESIAN_POINT('',(215.1,9.2,29.5));
#9913=CARTESIAN_POINT('Origin',(215.1,9.2,32.));
#9914=CARTESIAN_POINT('',(214.99,6.7,32.));
#9915=CARTESIAN_POINT('Origin',(214.99,9.2,32.));
#9916=CARTESIAN_POINT('',(214.6,6.7,32.));
#9917=CARTESIAN_POINT('Origin',(214.6,9.2,32.));
#9918=CARTESIAN_POINT('',(215.1,6.7,32.));
#9919=CARTESIAN_POINT('Origin',(215.1,6.7,53.));
#9920=CARTESIAN_POINT('',(214.99,6.7,74.));
#9921=CARTESIAN_POINT('',(214.99,6.7,55.25));
#9922=CARTESIAN_POINT('',(214.6,6.7,74.));
#9923=CARTESIAN_POINT('',(214.6,6.7,32.));
#9924=CARTESIAN_POINT('',(215.1,6.7,74.));
#9925=CARTESIAN_POINT('Origin',(215.1,9.2,74.));
#9926=CARTESIAN_POINT('',(214.99,9.2,76.5));
#9927=CARTESIAN_POINT('Origin',(214.99,9.2,74.));
#9928=CARTESIAN_POINT('',(214.6,9.2,76.5));
#9929=CARTESIAN_POINT('Origin',(214.6,9.2,74.));
#9930=CARTESIAN_POINT('',(215.1,9.2,76.5));
#9931=CARTESIAN_POINT('Origin',(215.1,25.4999995456941,53.));
#9932=CARTESIAN_POINT('',(214.99,25.4999995456941,76.5));
#9933=CARTESIAN_POINT('',(214.99,25.4999995456941,55.25));
#9934=CARTESIAN_POINT('',(214.6,25.4999995456941,76.5));
#9935=CARTESIAN_POINT('',(215.1,25.4999995456941,76.5));
#9936=CARTESIAN_POINT('',(214.6,25.4999995456941,76.5));
#9937=CARTESIAN_POINT('Origin',(215.1,17.3499997728471,76.5));
#9938=CARTESIAN_POINT('',(214.99,16.5249998864235,76.5));
#9939=CARTESIAN_POINT('',(214.6,25.4999995456941,76.5));
#9940=CARTESIAN_POINT('Origin',(214.6,16.2647283273271,53.));
#9941=CARTESIAN_POINT('Origin',(213.99,15.7,2.1));
#9942=CARTESIAN_POINT('',(212.99,29.5,2.1));
#9943=CARTESIAN_POINT('',(212.99,15.7,2.1));
#9944=CARTESIAN_POINT('',(214.99,29.5,2.1));
#9945=CARTESIAN_POINT('',(213.99,29.5,2.1));
#9946=CARTESIAN_POINT('',(214.99,15.7,2.1));
#9947=CARTESIAN_POINT('Origin',(212.99,15.7,57.5));
#9948=CARTESIAN_POINT('',(212.99,29.5,112.9));
#9949=CARTESIAN_POINT('',(212.99,15.7,112.9));
#9950=CARTESIAN_POINT('',(212.99,29.5,112.75));
#9951=CARTESIAN_POINT('',(212.99,29.5,57.5));
#9952=CARTESIAN_POINT('',(212.99,29.4,112.75));
#9953=CARTESIAN_POINT('',(212.99,22.7,112.75));
#9954=CARTESIAN_POINT('',(212.99,29.4,2.25));
#9955=CARTESIAN_POINT('',(212.99,29.4,57.5));
#9956=CARTESIAN_POINT('',(212.99,29.5,2.25));
#9957=CARTESIAN_POINT('',(212.99,22.7,2.25));
#9958=CARTESIAN_POINT('',(212.99,29.5,57.5));
#9959=CARTESIAN_POINT('Origin',(214.9,29.7,57.5));
#9960=CARTESIAN_POINT('',(214.9,29.5,2.25));
#9961=CARTESIAN_POINT('',(214.9,29.5,112.75));
#9962=CARTESIAN_POINT('',(214.9,29.5,57.5));
#9963=CARTESIAN_POINT('',(214.9,30.,2.25));
#9964=CARTESIAN_POINT('',(214.9,29.7,2.25));
#9965=CARTESIAN_POINT('',(214.9,30.,112.75));
#9966=CARTESIAN_POINT('',(214.9,30.,57.5));
#9967=CARTESIAN_POINT('',(214.9,29.7,112.75));
#9968=CARTESIAN_POINT('Origin',(114.95,29.7,2.25));
#9969=CARTESIAN_POINT('',(164.47,29.5,2.25));
#9970=CARTESIAN_POINT('',(15.,29.4,2.25));
#9971=CARTESIAN_POINT('',(114.95,29.4,2.25));
#9972=CARTESIAN_POINT('',(15.,30.,2.25));
#9973=CARTESIAN_POINT('',(15.,29.7,2.25));
#9974=CARTESIAN_POINT('',(114.95,30.,2.25));
#9975=CARTESIAN_POINT('Origin',(114.95,29.7,112.75));
#9976=CARTESIAN_POINT('',(164.47,29.5,112.75));
#9977=CARTESIAN_POINT('',(15.,30.,112.75));
#9978=CARTESIAN_POINT('',(114.95,30.,112.75));
#9979=CARTESIAN_POINT('',(15.,29.4,112.75));
#9980=CARTESIAN_POINT('',(15.,29.7,112.75));
#9981=CARTESIAN_POINT('',(114.95,29.4,112.75));
#9982=CARTESIAN_POINT('Origin',(114.95,29.4,57.5));
#9983=CARTESIAN_POINT('',(15.,29.4,57.5));
#9984=CARTESIAN_POINT('Origin',(15.,29.7,57.5));
#9985=CARTESIAN_POINT('',(15.,30.,57.5));
#9986=CARTESIAN_POINT('Origin',(114.95,30.,57.5));
#9987=CARTESIAN_POINT('Origin',(213.99,15.7,112.9));
#9988=CARTESIAN_POINT('',(214.99,29.5,112.9));
#9989=CARTESIAN_POINT('',(214.99,15.7,112.9));
#9990=CARTESIAN_POINT('',(213.99,29.5,112.9));
#9991=CARTESIAN_POINT('Origin',(213.99,29.5,57.5));
#9992=CARTESIAN_POINT('',(214.99,29.5,57.5));
#9993=CARTESIAN_POINT('Origin',(214.99,15.7,57.5));
#9994=CARTESIAN_POINT('Origin',(85.,17.3499997728471,114.6));
#9995=CARTESIAN_POINT('',(85.,9.2,114.999999842559));
#9996=CARTESIAN_POINT('',(85.,25.4999995456941,114.999999842559));
#9997=CARTESIAN_POINT('',(85.,16.5749998864235,114.999999842559));
#9998=CARTESIAN_POINT('',(85.,9.2,114.6));
#9999=CARTESIAN_POINT('',(85.,9.2,114.6));
#10000=CARTESIAN_POINT('',(85.,25.4999995456941,114.6));
#10001=CARTESIAN_POINT('',(85.,9.2,114.6));
#10002=CARTESIAN_POINT('',(85.,25.4999995456941,114.6));
#10003=CARTESIAN_POINT('Origin',(101.499999963562,25.4999995456941,114.6));
#10004=CARTESIAN_POINT('',(117.999999927123,25.4999995456941,114.999999842559));
#10005=CARTESIAN_POINT('',(158.249999981781,25.4999995456941,114.999999842559));
#10006=CARTESIAN_POINT('',(117.999999927123,25.4999995456941,114.6));
#10007=CARTESIAN_POINT('',(117.999999927123,25.4999995456941,114.6));
#10008=CARTESIAN_POINT('',(117.999999927123,25.4999995456941,114.6));
#10009=CARTESIAN_POINT('Origin',(117.999999927123,17.3499997728471,114.6));
#10010=CARTESIAN_POINT('',(117.999999927123,9.2,114.999999842559));
#10011=CARTESIAN_POINT('',(117.999999927123,16.5749998864235,114.999999842559));
#10012=CARTESIAN_POINT('',(117.999999927123,9.2,114.6));
#10013=CARTESIAN_POINT('',(117.999999927123,25.4999995456941,114.6));
#10014=CARTESIAN_POINT('',(117.999999927123,9.2,114.6));
#10015=CARTESIAN_POINT('Origin',(115.499999927123,9.2,114.6));
#10016=CARTESIAN_POINT('',(115.499999927123,6.7,114.999999842559));
#10017=CARTESIAN_POINT('Origin',(115.499999927123,9.2,114.999999842559));
#10018=CARTESIAN_POINT('',(115.499999927123,6.7,114.6));
#10019=CARTESIAN_POINT('Origin',(115.499999927123,9.2,114.6));
#10020=CARTESIAN_POINT('',(115.499999927123,6.7,114.6));
#10021=CARTESIAN_POINT('Origin',(101.499999963562,6.7,114.6));
#10022=CARTESIAN_POINT('',(87.5,6.7,114.999999842559));
#10023=CARTESIAN_POINT('',(158.249999981781,6.7,114.999999842559));
#10024=CARTESIAN_POINT('',(87.5,6.7,114.6));
#10025=CARTESIAN_POINT('',(87.5,6.7,114.6));
#10026=CARTESIAN_POINT('',(87.5,6.7,114.6));
#10027=CARTESIAN_POINT('Origin',(87.5,9.2,114.6));
#10028=CARTESIAN_POINT('Origin',(87.5,9.2,114.999999842559));
#10029=CARTESIAN_POINT('Origin',(87.5,9.2,114.6));
#10030=CARTESIAN_POINT('Origin',(101.499999963562,16.3101913000277,114.6));
#10031=CARTESIAN_POINT('Origin',(215.,2.1,2.1));
#10032=CARTESIAN_POINT('',(0.,0.,2.10000000000001));
#10033=CARTESIAN_POINT('',(0.,2.1,1.31645183035906E-14));
#10034=CARTESIAN_POINT('Origin',(0.,2.1,2.10000000000001));
#10035=CARTESIAN_POINT('',(215.,2.1,0.));
#10036=CARTESIAN_POINT('',(215.,2.1,0.));
#10037=CARTESIAN_POINT('',(215.,0.,2.1));
#10038=CARTESIAN_POINT('Origin',(215.,2.1,2.1));
#10039=CARTESIAN_POINT('',(215.,0.,2.1));
#10040=CARTESIAN_POINT('Origin',(215.,15.8,0.));
#10041=CARTESIAN_POINT('',(0.,29.5,1.31645183035906E-14));
#10042=CARTESIAN_POINT('',(0.,29.5,1.31645183035906E-14));
#10043=CARTESIAN_POINT('',(215.,29.5,0.));
#10044=CARTESIAN_POINT('',(215.,29.5,0.));
#10045=CARTESIAN_POINT('',(215.,29.5,0.));
#10046=CARTESIAN_POINT('Origin',(215.,29.5,1.));
#10047=CARTESIAN_POINT('',(0.,29.5,2.00000000000001));
#10048=CARTESIAN_POINT('',(0.,29.5,2.00000000000001));
#10049=CARTESIAN_POINT('',(215.,29.5,2.));
#10050=CARTESIAN_POINT('',(215.,29.5,2.));
#10051=CARTESIAN_POINT('',(215.,29.5,2.));
#10052=CARTESIAN_POINT('Origin',(215.,15.75,2.));
#10053=CARTESIAN_POINT('',(0.,29.5,2.00000000000001));
#10054=CARTESIAN_POINT('',(215.,29.5,2.));
#10055=CARTESIAN_POINT('Origin',(215.,15.75,113.000000000025));
#10056=CARTESIAN_POINT('',(0.,29.5,113.000000000025));
#10057=CARTESIAN_POINT('',(0.,29.5,113.000000000025));
#10058=CARTESIAN_POINT('',(215.,29.5,113.000000000025));
#10059=CARTESIAN_POINT('',(215.,29.5,113.000000000025));
#10060=CARTESIAN_POINT('',(215.,29.5,113.000000000025));
#10061=CARTESIAN_POINT('Origin',(215.,29.5,113.999999921292));
#10062=CARTESIAN_POINT('',(0.,29.5,114.999999842559));
#10063=CARTESIAN_POINT('',(0.,29.5,114.999999842559));
#10064=CARTESIAN_POINT('',(215.,29.5,114.999999842559));
#10065=CARTESIAN_POINT('',(215.,29.5,114.999999842559));
#10066=CARTESIAN_POINT('',(215.,29.5,114.999999842559));
#10067=CARTESIAN_POINT('Origin',(215.,15.8,114.999999842559));
#10068=CARTESIAN_POINT('',(0.,2.1,114.999999842559));
#10069=CARTESIAN_POINT('',(0.,29.5,114.999999842559));
#10070=CARTESIAN_POINT('',(215.,2.1,114.999999842559));
#10071=CARTESIAN_POINT('',(215.,2.1,114.999999842559));
#10072=CARTESIAN_POINT('',(215.,29.5,114.999999842559));
#10073=CARTESIAN_POINT('Origin',(215.,2.1,112.899999842559));
#10074=CARTESIAN_POINT('',(0.,0.,112.899999842559));
#10075=CARTESIAN_POINT('Origin',(0.,2.1,112.899999842559));
#10076=CARTESIAN_POINT('',(215.,0.,112.899999842559));
#10077=CARTESIAN_POINT('',(215.,0.,112.899999842559));
#10078=CARTESIAN_POINT('Origin',(215.,2.1,112.899999842559));
#10079=CARTESIAN_POINT('Origin',(215.,0.,57.4999999212796));
#10080=CARTESIAN_POINT('',(0.,0.,2.10000000000001));
#10081=CARTESIAN_POINT('',(215.,0.,2.1));
#10082=CARTESIAN_POINT('Origin',(0.,6.07051170612504,57.499999933934));
#10083=CARTESIAN_POINT('Origin',(215.,6.07051170612504,57.499999933934));
#10084=UNCERTAINTY_MEASURE_WITH_UNIT(LENGTH_MEASURE(0.01),#10088,
'DISTANCE_ACCURACY_VALUE',
'Maximum model space distance between geometric entities at asserted c
onnectivities');
#10085=UNCERTAINTY_MEASURE_WITH_UNIT(LENGTH_MEASURE(0.01),#10088,
'DISTANCE_ACCURACY_VALUE',
'Maximum model space distance between geometric entities at asserted c
onnectivities');
#10086=(
GEOMETRIC_REPRESENTATION_CONTEXT(3)
GLOBAL_UNCERTAINTY_ASSIGNED_CONTEXT((#10084))
GLOBAL_UNIT_ASSIGNED_CONTEXT((#10088,#10090,#10091))
REPRESENTATION_CONTEXT('','3D')
);
#10087=(
GEOMETRIC_REPRESENTATION_CONTEXT(3)
GLOBAL_UNCERTAINTY_ASSIGNED_CONTEXT((#10085))
GLOBAL_UNIT_ASSIGNED_CONTEXT((#10088,#10090,#10091))
REPRESENTATION_CONTEXT('','3D')
);
#10088=(
LENGTH_UNIT()
NAMED_UNIT(*)
SI_UNIT(.MILLI.,.METRE.)
);
#10089=(
LENGTH_UNIT()
NAMED_UNIT(*)
SI_UNIT($,.METRE.)
);
#10090=(
NAMED_UNIT(*)
PLANE_ANGLE_UNIT()
SI_UNIT($,.RADIAN.)
);
#10091=(
NAMED_UNIT(*)
SI_UNIT($,.STERADIAN.)
SOLID_ANGLE_UNIT()
);
#10092=SHAPE_DEFINITION_REPRESENTATION(#10093,#10094);
#10093=PRODUCT_DEFINITION_SHAPE('',$,#10096);
#10094=SHAPE_REPRESENTATION('',(#6298),#10086);
#10095=PRODUCT_DEFINITION_CONTEXT('part definition',#10100,'design');
#10096=PRODUCT_DEFINITION('converter_lrs-350-36','LRS-350-36 v3',#10097,
#10095);
#10097=PRODUCT_DEFINITION_FORMATION('',$,#10102);
#10098=PRODUCT_RELATED_PRODUCT_CATEGORY('LRS-350-36 v3','LRS-350-36 v3',
(#10102));
#10099=APPLICATION_PROTOCOL_DEFINITION('international standard',
'automotive_design',2009,#10100);
#10100=APPLICATION_CONTEXT(
'Core Data for Automotive Mechanical Design Process');
#10101=PRODUCT_CONTEXT('part definition',#10100,'mechanical');
#10102=PRODUCT('converter_lrs-350-36','LRS-350-36 v3','STEP AP242',(#10101));
#10103=PRESENTATION_STYLE_ASSIGNMENT((#10108));
#10104=PRESENTATION_STYLE_ASSIGNMENT((#10109));
#10105=PRESENTATION_STYLE_ASSIGNMENT((#10110));
#10106=PRESENTATION_STYLE_ASSIGNMENT((#10111));
#10107=PRESENTATION_STYLE_ASSIGNMENT((#10112));
#10108=SURFACE_STYLE_USAGE(.BOTH.,#10113);
#10109=SURFACE_STYLE_USAGE(.BOTH.,#10114);
#10110=SURFACE_STYLE_USAGE(.BOTH.,#10115);
#10111=SURFACE_STYLE_USAGE(.BOTH.,#10116);
#10112=SURFACE_STYLE_USAGE(.BOTH.,#10117);
#10113=SURFACE_SIDE_STYLE('',(#10118));
#10114=SURFACE_SIDE_STYLE('',(#10119));
#10115=SURFACE_SIDE_STYLE('',(#10120));
#10116=SURFACE_SIDE_STYLE('',(#10121));
#10117=SURFACE_SIDE_STYLE('',(#10122));
#10118=SURFACE_STYLE_FILL_AREA(#10123);
#10119=SURFACE_STYLE_FILL_AREA(#10124);
#10120=SURFACE_STYLE_FILL_AREA(#10125);
#10121=SURFACE_STYLE_FILL_AREA(#10126);
#10122=SURFACE_STYLE_FILL_AREA(#10127);
#10123=FILL_AREA_STYLE('Steel - Satin',(#10128));
#10124=FILL_AREA_STYLE('Opaque(192,192,192)',(#10129));
#10125=FILL_AREA_STYLE('Opaque(255,244,79)',(#10130));
#10126=FILL_AREA_STYLE('Opaque(128,128,128)',(#10131));
#10127=FILL_AREA_STYLE('Opaque(30,30,30)',(#10132));
#10128=FILL_AREA_STYLE_COLOUR('Steel - Satin',#10133);
#10129=FILL_AREA_STYLE_COLOUR('Opaque(192,192,192)',#10134);
#10130=FILL_AREA_STYLE_COLOUR('Opaque(255,244,79)',#10135);
#10131=FILL_AREA_STYLE_COLOUR('Opaque(128,128,128)',#10136);
#10132=FILL_AREA_STYLE_COLOUR('Opaque(30,30,30)',#10137);
#10133=COLOUR_RGB('Steel - Satin',0.627450980392157,0.627450980392157,0.627450980392157);
#10134=COLOUR_RGB('Opaque(192,192,192)',0.752941176470588,0.752941176470588,
0.752941176470588);
#10135=COLOUR_RGB('Opaque(255,244,79)',1.,0.956862745098039,0.309803921568627);
#10136=COLOUR_RGB('Opaque(128,128,128)',0.501960784313725,0.501960784313725,
0.501960784313725);
#10137=COLOUR_RGB('Opaque(30,30,30)',0.117647058823529,0.117647058823529,
0.117647058823529);
ENDSEC;
END-ISO-10303-21;
