ISO-10303-21;
HEADER;
/* Generated by software containing ST-Developer
 * from STEP Tools, Inc. (www.steptools.com) 
 */

FILE_DESCRIPTION(
/* description */ ('STEP AP203'),
/* implementation_level */ '2;1');

FILE_NAME(
/* name */ '[M4 x 16mm] Button Head Screw.step',
/* time_stamp */ '2026-03-25T02:15:32-04:00',
/* author */ (''),
/* organization */ (''),
/* preprocessor_version */ 'ST-DEVELOPER v20.1',
/* originating_system */ 'Autodesk Translation Framework v14.24.0.0',
/* authorisation */ '');

FILE_SCHEMA (('AUTOMOTIVE_DESIGN { 1 0 10303 214 3 1 1 }'));
ENDSEC;

DATA;
#10=MECHANICAL_DESIGN_GEOMETRIC_PRESENTATION_REPRESENTATION('',(#13),#6420);
#11=SHAPE_REPRESENTATION_RELATIONSHIP('SRR','None',#6427,#12);
#12=ADVANCED_BREP_SHAPE_REPRESENTATION('',(#14),#6419);
#13=STYLED_ITEM('',(#6436),#14);
#14=MANIFOLD_SOLID_BREP('Body1',#1187);
#15=(
BOUNDED_SURFACE()
B_SPLINE_SURFACE(1,2,((#5116,#5117,#5118,#5119,#5120,#5121,#5122,#5123,
#5124,#5125,#5126,#5127,#5128,#5129,#5130,#5131,#5132,#5133,#5134,#5135,
#5136,#5137,#5138,#5139,#5140,#5141,#5142,#5143,#5144,#5145,#5146,#5147,
#5148,#5149,#5150,#5151,#5152,#5153,#5154,#5155,#5156,#5157,#5158,#5159,
#5160,#5161,#5162,#5163,#5164,#5165,#5166,#5167,#5168,#5169,#5170,#5171,
#5172,#5173,#5174,#5175,#5176,#5177,#5178,#5179,#5180,#5181,#5182,#5183,
#5184,#5185,#5186,#5187,#5188,#5189,#5190,#5191,#5192,#5193,#5194,#5195,
#5196,#5197,#5198,#5199,#5200,#5201,#5202,#5203,#5204,#5205,#5206,#5207,
#5208,#5209,#5210,#5211,#5212,#5213,#5214,#5215,#5216,#5217,#5218,#5219,
#5220,#5221,#5222,#5223,#5224,#5225,#5226,#5227,#5228,#5229,#5230,#5231,
#5232,#5233,#5234,#5235,#5236,#5237,#5238,#5239,#5240,#5241,#5242,#5243,
#5244,#5245,#5246,#5247,#5248,#5249,#5250,#5251,#5252,#5253,#5254,#5255,
#5256,#5257,#5258,#5259,#5260,#5261,#5262,#5263,#5264,#5265,#5266,#5267,
#5268,#5269,#5270,#5271,#5272,#5273,#5274,#5275,#5276,#5277,#5278,#5279,
#5280,#5281,#5282,#5283,#5284,#5285,#5286,#5287,#5288,#5289,#5290,#5291,
#5292,#5293,#5294,#5295,#5296,#5297,#5298,#5299,#5300,#5301,#5302,#5303,
#5304,#5305,#5306,#5307,#5308,#5309,#5310,#5311,#5312,#5313,#5314,#5315,
#5316,#5317,#5318,#5319,#5320,#5321,#5322,#5323,#5324,#5325,#5326,#5327,
#5328,#5329,#5330,#5331,#5332,#5333,#5334,#5335,#5336,#5337,#5338,#5339,
#5340,#5341,#5342,#5343,#5344,#5345,#5346,#5347,#5348,#5349,#5350,#5351,
#5352,#5353,#5354,#5355,#5356,#5357,#5358,#5359,#5360,#5361,#5362,#5363,
#5364,#5365,#5366,#5367,#5368,#5369,#5370,#5371,#5372,#5373,#5374,#5375,
#5376,#5377,#5378,#5379,#5380,#5381,#5382,#5383,#5384,#5385,#5386,#5387,
#5388,#5389,#5390,#5391,#5392,#5393,#5394,#5395,#5396,#5397,#5398,#5399,
#5400,#5401,#5402,#5403,#5404,#5405,#5406,#5407,#5408,#5409,#5410,#5411,
#5412,#5413,#5414,#5415,#5416,#5417,#5418,#5419,#5420,#5421,#5422,#5423,
#5424,#5425,#5426,#5427,#5428,#5429,#5430,#5431,#5432,#5433,#5434,#5435,
#5436,#5437,#5438,#5439,#5440),(#5441,#5442,#5443,#5444,#5445,#5446,#5447,
#5448,#5449,#5450,#5451,#5452,#5453,#5454,#5455,#5456,#5457,#5458,#5459,
#5460,#5461,#5462,#5463,#5464,#5465,#5466,#5467,#5468,#5469,#5470,#5471,
#5472,#5473,#5474,#5475,#5476,#5477,#5478,#5479,#5480,#5481,#5482,#5483,
#5484,#5485,#5486,#5487,#5488,#5489,#5490,#5491,#5492,#5493,#5494,#5495,
#5496,#5497,#5498,#5499,#5500,#5501,#5502,#5503,#5504,#5505,#5506,#5507,
#5508,#5509,#5510,#5511,#5512,#5513,#5514,#5515,#5516,#5517,#5518,#5519,
#5520,#5521,#5522,#5523,#5524,#5525,#5526,#5527,#5528,#5529,#5530,#5531,
#5532,#5533,#5534,#5535,#5536,#5537,#5538,#5539,#5540,#5541,#5542,#5543,
#5544,#5545,#5546,#5547,#5548,#5549,#5550,#5551,#5552,#5553,#5554,#5555,
#5556,#5557,#5558,#5559,#5560,#5561,#5562,#5563,#5564,#5565,#5566,#5567,
#5568,#5569,#5570,#5571,#5572,#5573,#5574,#5575,#5576,#5577,#5578,#5579,
#5580,#5581,#5582,#5583,#5584,#5585,#5586,#5587,#5588,#5589,#5590,#5591,
#5592,#5593,#5594,#5595,#5596,#5597,#5598,#5599,#5600,#5601,#5602,#5603,
#5604,#5605,#5606,#5607,#5608,#5609,#5610,#5611,#5612,#5613,#5614,#5615,
#5616,#5617,#5618,#5619,#5620,#5621,#5622,#5623,#5624,#5625,#5626,#5627,
#5628,#5629,#5630,#5631,#5632,#5633,#5634,#5635,#5636,#5637,#5638,#5639,
#5640,#5641,#5642,#5643,#5644,#5645,#5646,#5647,#5648,#5649,#5650,#5651,
#5652,#5653,#5654,#5655,#5656,#5657,#5658,#5659,#5660,#5661,#5662,#5663,
#5664,#5665,#5666,#5667,#5668,#5669,#5670,#5671,#5672,#5673,#5674,#5675,
#5676,#5677,#5678,#5679,#5680,#5681,#5682,#5683,#5684,#5685,#5686,#5687,
#5688,#5689,#5690,#5691,#5692,#5693,#5694,#5695,#5696,#5697,#5698,#5699,
#5700,#5701,#5702,#5703,#5704,#5705,#5706,#5707,#5708,#5709,#5710,#5711,
#5712,#5713,#5714,#5715,#5716,#5717,#5718,#5719,#5720,#5721,#5722,#5723,
#5724,#5725,#5726,#5727,#5728,#5729,#5730,#5731,#5732,#5733,#5734,#5735,
#5736,#5737,#5738,#5739,#5740,#5741,#5742,#5743,#5744,#5745,#5746,#5747,
#5748,#5749,#5750,#5751,#5752,#5753,#5754,#5755,#5756,#5757,#5758,#5759,
#5760,#5761,#5762,#5763,#5764,#5765)),.UNSPECIFIED.,.F.,.F.,.F.)
B_SPLINE_SURFACE_WITH_KNOTS((2,2),(3,2,2,2,2,2,2,2,2,2,2,2,2,2,2,2,2,2,
2,2,2,2,2,2,2,2,2,2,2,2,2,2,2,2,2,2,2,2,2,2,2,2,2,2,2,2,2,2,2,2,2,2,2,2,
2,2,2,2,2,2,2,2,2,2,2,2,2,2,2,2,2,2,2,2,2,2,2,2,2,2,2,2,2,2,2,2,2,2,2,2,
2,2,2,2,2,2,2,2,2,2,2,2,2,2,2,2,2,2,2,2,2,2,2,2,2,2,2,2,2,2,2,2,2,2,2,2,
2,2,2,2,2,2,2,2,2,2,2,2,2,2,2,2,2,2,2,2,2,2,2,2,2,2,2,2,2,2,2,2,2,2,2,2,
3),(-2.70216158735904E-5,1.),(0.,0.00617283950617284,0.0123456790123457,
0.0185185185185185,0.0246913580246914,0.0308641975308642,0.037037037037037,
0.0432098765432099,0.0493827160493827,0.0555555555555556,0.0617283950617284,
0.0679012345679012,0.0740740740740741,0.0802469135802469,0.0864197530864197,
0.0925925925925926,0.0987654320987654,0.104938271604938,0.111111111111111,
0.117283950617284,0.123456790123457,0.12962962962963,0.135802469135802,
0.141975308641975,0.148148148148148,0.154320987654321,0.160493827160494,
0.166666666666667,0.172839506172839,0.179012345679012,0.185185185185185,
0.191358024691358,0.197530864197531,0.203703703703704,0.209876543209877,
0.216049382716049,0.222222222222222,0.228395061728395,0.234567901234568,
0.240740740740741,0.246913580246914,0.253086419753086,0.259259259259259,
0.265432098765432,0.271604938271605,0.277777777777778,0.283950617283951,
0.290123456790123,0.296296296296296,0.302469135802469,0.308641975308642,
0.314814814814815,0.320987654320988,0.327160493827161,0.333333333333333,
0.339506172839506,0.345679012345679,0.351851851851852,0.358024691358025,
0.364197530864198,0.37037037037037,0.376543209876543,0.382716049382716,
0.388888888888889,0.395061728395062,0.401234567901235,0.407407407407407,
0.41358024691358,0.419753086419753,0.425925925925926,0.432098765432099,
0.438271604938272,0.444444444444444,0.450617283950617,0.45679012345679,
0.462962962962963,0.469135802469136,0.475308641975309,0.481481481481481,
0.487654320987654,0.493827160493827,0.5,0.506172839506173,0.512345679012346,
0.518518518518518,0.524691358024691,0.530864197530864,0.537037037037037,
0.54320987654321,0.549382716049383,0.555555555555556,0.561728395061728,
0.567901234567901,0.574074074074074,0.580246913580247,0.58641975308642,
0.592592592592593,0.598765432098765,0.604938271604938,0.611111111111111,
0.617283950617284,0.623456790123457,0.62962962962963,0.635802469135803,
0.641975308641975,0.648148148148148,0.654320987654321,0.660493827160494,
0.666666666666667,0.672839506172839,0.679012345679012,0.685185185185185,
0.691358024691358,0.697530864197531,0.703703703703704,0.709876543209877,
0.716049382716049,0.722222222222222,0.728395061728395,0.734567901234568,
0.740740740740741,0.746913580246914,0.753086419753086,0.759259259259259,
0.765432098765432,0.771604938271605,0.777777777777778,0.783950617283951,
0.790123456790123,0.796296296296296,0.802469135802469,0.808641975308642,
0.814814814814815,0.820987654320988,0.827160493827161,0.833333333333333,
0.839506172839506,0.845679012345679,0.851851851851852,0.858024691358025,
0.864197530864197,0.87037037037037,0.876543209876543,0.882716049382716,
0.888888888888889,0.895061728395062,0.901234567901235,0.907407407407407,
0.91358024691358,0.919753086419753,0.925925925925926,0.932098765432099,
0.938271604938272,0.944444444444444,0.950617283950617,0.95679012345679,
0.962962962962963,0.969135802469136,0.975308641975309,0.981481481481482,
0.987654320987654,0.993827160493827,1.),.UNSPECIFIED.)
GEOMETRIC_REPRESENTATION_ITEM()
RATIONAL_B_SPLINE_SURFACE(((1.,0.866025403784439,1.,0.866025403784439,1.,
0.866025403784439,1.,0.866025403784439,1.,0.866025403784439,1.,0.866025403784439,
1.,0.866025403784439,1.,0.866025403784439,1.,0.866025403784439,1.,0.866025403784439,
1.,0.866025403784439,1.,0.866025403784439,1.,0.866025403784439,1.,0.866025403784439,
1.,0.866025403784439,1.,0.866025403784439,1.,0.866025403784439,1.,0.866025403784439,
1.,0.866025403784439,1.,0.866025403784439,1.,0.866025403784439,1.,0.866025403784439,
1.,0.866025403784439,1.,0.866025403784439,1.,0.866025403784439,1.,0.866025403784439,
1.,0.866025403784439,1.,0.866025403784439,1.,0.866025403784439,1.,0.866025403784439,
1.,0.866025403784439,1.,0.866025403784439,1.,0.866025403784439,1.,0.866025403784439,
1.,0.866025403784439,1.,0.866025403784439,1.,0.866025403784439,1.,0.866025403784439,
1.,0.866025403784439,1.,0.866025403784439,1.,0.866025403784439,1.,0.866025403784439,
1.,0.866025403784439,1.,0.866025403784439,1.,0.866025403784439,1.,0.866025403784439,
1.,0.866025403784439,1.,0.866025403784439,1.,0.866025403784439,1.,0.866025403784439,
1.,0.866025403784439,1.,0.866025403784439,1.,0.866025403784439,1.,0.866025403784439,
1.,0.866025403784439,1.,0.866025403784439,1.,0.866025403784439,1.,0.866025403784439,
1.,0.866025403784439,1.,0.866025403784439,1.,0.866025403784439,1.,0.866025403784439,
1.,0.866025403784439,1.,0.866025403784439,1.,0.866025403784439,1.,0.866025403784439,
1.,0.866025403784439,1.,0.866025403784439,1.,0.866025403784439,1.,0.866025403784439,
1.,0.866025403784439,1.,0.866025403784439,1.,0.866025403784439,1.,0.866025403784439,
1.,0.866025403784439,1.,0.866025403784439,1.,0.866025403784439,1.,0.866025403784439,
1.,0.866025403784439,1.,0.866025403784439,1.,0.866025403784439,1.,0.866025403784439,
1.,0.866025403784439,1.,0.866025403784439,1.,0.866025403784439,1.,0.866025403784439,
1.,0.866025403784439,1.,0.866025403784439,1.,0.866025403784439,1.,0.866025403784439,
1.,0.866025403784439,1.,0.866025403784439,1.,0.866025403784439,1.,0.866025403784439,
1.,0.866025403784439,1.,0.866025403784439,1.,0.866025403784439,1.,0.866025403784439,
1.,0.866025403784439,1.,0.866025403784439,1.,0.866025403784439,1.,0.866025403784439,
1.,0.866025403784439,1.,0.866025403784439,1.,0.866025403784439,1.,0.866025403784439,
1.,0.866025403784439,1.,0.866025403784439,1.,0.866025403784439,1.,0.866025403784439,
1.,0.866025403784439,1.,0.866025403784439,1.,0.866025403784439,1.,0.866025403784439,
1.,0.866025403784439,1.,0.866025403784439,1.,0.866025403784439,1.,0.866025403784439,
1.,0.866025403784439,1.,0.866025403784439,1.,0.866025403784439,1.,0.866025403784439,
1.,0.866025403784439,1.,0.866025403784439,1.,0.866025403784439,1.,0.866025403784439,
1.,0.866025403784439,1.,0.866025403784439,1.,0.866025403784439,1.,0.866025403784439,
1.,0.866025403784439,1.,0.866025403784439,1.,0.866025403784439,1.,0.866025403784439,
1.,0.866025403784439,1.,0.866025403784439,1.,0.866025403784439,1.,0.866025403784439,
1.,0.866025403784439,1.,0.866025403784439,1.,0.866025403784439,1.,0.866025403784439,
1.,0.866025403784439,1.,0.866025403784439,1.,0.866025403784439,1.,0.866025403784439,
1.,0.866025403784439,1.,0.866025403784439,1.,0.866025403784439,1.,0.866025403784439,
1.,0.866025403784439,1.,0.866025403784439,1.,0.866025403784439,1.,0.866025403784439,
1.,0.866025403784439,1.,0.866025403784439,1.,0.866025403784439,1.,0.866025403784439,
1.,0.866025403784439,1.,0.866025403784439,1.,0.866025403784439,1.,0.866025403784439,
1.),(1.,0.866025403784439,1.,0.866025403784439,1.,0.866025403784439,1.,
0.866025403784439,1.,0.866025403784439,1.,0.866025403784439,1.,0.866025403784439,
1.,0.866025403784439,1.,0.866025403784439,1.,0.866025403784439,1.,0.866025403784439,
1.,0.866025403784439,1.,0.866025403784439,1.,0.866025403784439,1.,0.866025403784439,
1.,0.866025403784439,1.,0.866025403784439,1.,0.866025403784439,1.,0.866025403784439,
1.,0.866025403784439,1.,0.866025403784439,1.,0.866025403784439,1.,0.866025403784439,
1.,0.866025403784439,1.,0.866025403784439,1.,0.866025403784439,1.,0.866025403784439,
1.,0.866025403784439,1.,0.866025403784439,1.,0.866025403784439,1.,0.866025403784439,
1.,0.866025403784439,1.,0.866025403784439,1.,0.866025403784439,1.,0.866025403784439,
1.,0.866025403784439,1.,0.866025403784439,1.,0.866025403784439,1.,0.866025403784439,
1.,0.866025403784439,1.,0.866025403784439,1.,0.866025403784439,1.,0.866025403784439,
1.,0.866025403784439,1.,0.866025403784439,1.,0.866025403784439,1.,0.866025403784439,
1.,0.866025403784439,1.,0.866025403784439,1.,0.866025403784439,1.,0.866025403784439,
1.,0.866025403784439,1.,0.866025403784439,1.,0.866025403784439,1.,0.866025403784439,
1.,0.866025403784439,1.,0.866025403784439,1.,0.866025403784439,1.,0.866025403784439,
1.,0.866025403784439,1.,0.866025403784439,1.,0.866025403784439,1.,0.866025403784439,
1.,0.866025403784439,1.,0.866025403784439,1.,0.866025403784439,1.,0.866025403784439,
1.,0.866025403784439,1.,0.866025403784439,1.,0.866025403784439,1.,0.866025403784439,
1.,0.866025403784439,1.,0.866025403784439,1.,0.866025403784439,1.,0.866025403784439,
1.,0.866025403784439,1.,0.866025403784439,1.,0.866025403784439,1.,0.866025403784439,
1.,0.866025403784439,1.,0.866025403784439,1.,0.866025403784439,1.,0.866025403784439,
1.,0.866025403784439,1.,0.866025403784439,1.,0.866025403784439,1.,0.866025403784439,
1.,0.866025403784439,1.,0.866025403784439,1.,0.866025403784439,1.,0.866025403784439,
1.,0.866025403784439,1.,0.866025403784439,1.,0.866025403784439,1.,0.866025403784439,
1.,0.866025403784439,1.,0.866025403784439,1.,0.866025403784439,1.,0.866025403784439,
1.,0.866025403784439,1.,0.866025403784439,1.,0.866025403784439,1.,0.866025403784439,
1.,0.866025403784439,1.,0.866025403784439,1.,0.866025403784439,1.,0.866025403784439,
1.,0.866025403784439,1.,0.866025403784439,1.,0.866025403784439,1.,0.866025403784439,
1.,0.866025403784439,1.,0.866025403784439,1.,0.866025403784439,1.,0.866025403784439,
1.,0.866025403784439,1.,0.866025403784439,1.,0.866025403784439,1.,0.866025403784439,
1.,0.866025403784439,1.,0.866025403784439,1.,0.866025403784439,1.,0.866025403784439,
1.,0.866025403784439,1.,0.866025403784439,1.,0.866025403784439,1.,0.866025403784439,
1.,0.866025403784439,1.,0.866025403784439,1.,0.866025403784439,1.,0.866025403784439,
1.,0.866025403784439,1.,0.866025403784439,1.,0.866025403784439,1.,0.866025403784439,
1.,0.866025403784439,1.,0.866025403784439,1.,0.866025403784439,1.,0.866025403784439,
1.,0.866025403784439,1.,0.866025403784439,1.,0.866025403784439,1.,0.866025403784439,
1.,0.866025403784439,1.,0.866025403784439,1.,0.866025403784439,1.,0.866025403784439,
1.,0.866025403784439,1.,0.866025403784439,1.,0.866025403784439,1.,0.866025403784439,
1.,0.866025403784439,1.,0.866025403784439,1.,0.866025403784439,1.,0.866025403784439,
1.,0.866025403784439,1.,0.866025403784439,1.,0.866025403784439,1.,0.866025403784439,
1.,0.866025403784439,1.,0.866025403784439,1.,0.866025403784439,1.)))
REPRESENTATION_ITEM('')
SURFACE()
);
#16=(
BOUNDED_SURFACE()
B_SPLINE_SURFACE(1,2,((#5766,#5767,#5768,#5769,#5770,#5771,#5772,#5773,
#5774,#5775,#5776,#5777,#5778,#5779,#5780,#5781,#5782,#5783,#5784,#5785,
#5786,#5787,#5788,#5789,#5790,#5791,#5792,#5793,#5794,#5795,#5796,#5797,
#5798,#5799,#5800,#5801,#5802,#5803,#5804,#5805,#5806,#5807,#5808,#5809,
#5810,#5811,#5812,#5813,#5814,#5815,#5816,#5817,#5818,#5819,#5820,#5821,
#5822,#5823,#5824,#5825,#5826,#5827,#5828,#5829,#5830,#5831,#5832,#5833,
#5834,#5835,#5836,#5837,#5838,#5839,#5840,#5841,#5842,#5843,#5844,#5845,
#5846,#5847,#5848,#5849,#5850,#5851,#5852,#5853,#5854,#5855,#5856,#5857,
#5858,#5859,#5860,#5861,#5862,#5863,#5864,#5865,#5866,#5867,#5868,#5869,
#5870,#5871,#5872,#5873,#5874,#5875,#5876,#5877,#5878,#5879,#5880,#5881,
#5882,#5883,#5884,#5885,#5886,#5887,#5888,#5889,#5890,#5891,#5892,#5893,
#5894,#5895,#5896,#5897,#5898,#5899,#5900,#5901,#5902,#5903,#5904,#5905,
#5906,#5907,#5908,#5909,#5910,#5911,#5912,#5913,#5914,#5915,#5916,#5917,
#5918,#5919,#5920,#5921,#5922,#5923,#5924,#5925,#5926,#5927,#5928,#5929,
#5930,#5931,#5932,#5933,#5934,#5935,#5936,#5937,#5938,#5939,#5940,#5941,
#5942,#5943,#5944,#5945,#5946,#5947,#5948,#5949,#5950,#5951,#5952,#5953,
#5954,#5955,#5956,#5957,#5958,#5959,#5960,#5961,#5962,#5963,#5964,#5965,
#5966,#5967,#5968,#5969,#5970,#5971,#5972,#5973,#5974,#5975,#5976,#5977,
#5978,#5979,#5980,#5981,#5982,#5983,#5984,#5985,#5986,#5987,#5988,#5989,
#5990,#5991,#5992,#5993,#5994,#5995,#5996,#5997,#5998,#5999,#6000,#6001,
#6002,#6003,#6004,#6005,#6006,#6007,#6008,#6009,#6010,#6011,#6012,#6013,
#6014,#6015,#6016,#6017,#6018,#6019,#6020,#6021,#6022,#6023,#6024,#6025,
#6026,#6027,#6028,#6029,#6030,#6031,#6032,#6033,#6034,#6035,#6036,#6037,
#6038,#6039,#6040,#6041,#6042,#6043,#6044,#6045,#6046,#6047,#6048,#6049,
#6050,#6051,#6052,#6053,#6054,#6055,#6056,#6057,#6058,#6059,#6060,#6061,
#6062,#6063,#6064,#6065,#6066,#6067,#6068,#6069,#6070,#6071,#6072,#6073,
#6074,#6075,#6076,#6077,#6078,#6079,#6080,#6081,#6082,#6083,#6084,#6085,
#6086,#6087,#6088,#6089,#6090),(#6091,#6092,#6093,#6094,#6095,#6096,#6097,
#6098,#6099,#6100,#6101,#6102,#6103,#6104,#6105,#6106,#6107,#6108,#6109,
#6110,#6111,#6112,#6113,#6114,#6115,#6116,#6117,#6118,#6119,#6120,#6121,
#6122,#6123,#6124,#6125,#6126,#6127,#6128,#6129,#6130,#6131,#6132,#6133,
#6134,#6135,#6136,#6137,#6138,#6139,#6140,#6141,#6142,#6143,#6144,#6145,
#6146,#6147,#6148,#6149,#6150,#6151,#6152,#6153,#6154,#6155,#6156,#6157,
#6158,#6159,#6160,#6161,#6162,#6163,#6164,#6165,#6166,#6167,#6168,#6169,
#6170,#6171,#6172,#6173,#6174,#6175,#6176,#6177,#6178,#6179,#6180,#6181,
#6182,#6183,#6184,#6185,#6186,#6187,#6188,#6189,#6190,#6191,#6192,#6193,
#6194,#6195,#6196,#6197,#6198,#6199,#6200,#6201,#6202,#6203,#6204,#6205,
#6206,#6207,#6208,#6209,#6210,#6211,#6212,#6213,#6214,#6215,#6216,#6217,
#6218,#6219,#6220,#6221,#6222,#6223,#6224,#6225,#6226,#6227,#6228,#6229,
#6230,#6231,#6232,#6233,#6234,#6235,#6236,#6237,#6238,#6239,#6240,#6241,
#6242,#6243,#6244,#6245,#6246,#6247,#6248,#6249,#6250,#6251,#6252,#6253,
#6254,#6255,#6256,#6257,#6258,#6259,#6260,#6261,#6262,#6263,#6264,#6265,
#6266,#6267,#6268,#6269,#6270,#6271,#6272,#6273,#6274,#6275,#6276,#6277,
#6278,#6279,#6280,#6281,#6282,#6283,#6284,#6285,#6286,#6287,#6288,#6289,
#6290,#6291,#6292,#6293,#6294,#6295,#6296,#6297,#6298,#6299,#6300,#6301,
#6302,#6303,#6304,#6305,#6306,#6307,#6308,#6309,#6310,#6311,#6312,#6313,
#6314,#6315,#6316,#6317,#6318,#6319,#6320,#6321,#6322,#6323,#6324,#6325,
#6326,#6327,#6328,#6329,#6330,#6331,#6332,#6333,#6334,#6335,#6336,#6337,
#6338,#6339,#6340,#6341,#6342,#6343,#6344,#6345,#6346,#6347,#6348,#6349,
#6350,#6351,#6352,#6353,#6354,#6355,#6356,#6357,#6358,#6359,#6360,#6361,
#6362,#6363,#6364,#6365,#6366,#6367,#6368,#6369,#6370,#6371,#6372,#6373,
#6374,#6375,#6376,#6377,#6378,#6379,#6380,#6381,#6382,#6383,#6384,#6385,
#6386,#6387,#6388,#6389,#6390,#6391,#6392,#6393,#6394,#6395,#6396,#6397,
#6398,#6399,#6400,#6401,#6402,#6403,#6404,#6405,#6406,#6407,#6408,#6409,
#6410,#6411,#6412,#6413,#6414,#6415)),.UNSPECIFIED.,.F.,.F.,.F.)
B_SPLINE_SURFACE_WITH_KNOTS((2,2),(3,2,2,2,2,2,2,2,2,2,2,2,2,2,2,2,2,2,
2,2,2,2,2,2,2,2,2,2,2,2,2,2,2,2,2,2,2,2,2,2,2,2,2,2,2,2,2,2,2,2,2,2,2,2,
2,2,2,2,2,2,2,2,2,2,2,2,2,2,2,2,2,2,2,2,2,2,2,2,2,2,2,2,2,2,2,2,2,2,2,2,
2,2,2,2,2,2,2,2,2,2,2,2,2,2,2,2,2,2,2,2,2,2,2,2,2,2,2,2,2,2,2,2,2,2,2,2,
2,2,2,2,2,2,2,2,2,2,2,2,2,2,2,2,2,2,2,2,2,2,2,2,2,2,2,2,2,2,2,2,2,2,2,2,
3),(0.,1.00000384345594),(0.,0.00617283950617284,0.0123456790123457,0.0185185185185185,
0.0246913580246914,0.0308641975308642,0.037037037037037,0.0432098765432099,
0.0493827160493827,0.0555555555555556,0.0617283950617284,0.0679012345679012,
0.0740740740740741,0.0802469135802469,0.0864197530864197,0.0925925925925926,
0.0987654320987654,0.104938271604938,0.111111111111111,0.117283950617284,
0.123456790123457,0.12962962962963,0.135802469135802,0.141975308641975,
0.148148148148148,0.154320987654321,0.160493827160494,0.166666666666667,
0.172839506172839,0.179012345679012,0.185185185185185,0.191358024691358,
0.197530864197531,0.203703703703704,0.209876543209877,0.216049382716049,
0.222222222222222,0.228395061728395,0.234567901234568,0.240740740740741,
0.246913580246914,0.253086419753086,0.259259259259259,0.265432098765432,
0.271604938271605,0.277777777777778,0.283950617283951,0.290123456790123,
0.296296296296296,0.302469135802469,0.308641975308642,0.314814814814815,
0.320987654320988,0.327160493827161,0.333333333333333,0.339506172839506,
0.345679012345679,0.351851851851852,0.358024691358025,0.364197530864198,
0.37037037037037,0.376543209876543,0.382716049382716,0.388888888888889,
0.395061728395062,0.401234567901235,0.407407407407407,0.41358024691358,
0.419753086419753,0.425925925925926,0.432098765432099,0.438271604938272,
0.444444444444444,0.450617283950617,0.45679012345679,0.462962962962963,
0.469135802469136,0.475308641975309,0.481481481481481,0.487654320987654,
0.493827160493827,0.5,0.506172839506173,0.512345679012346,0.518518518518518,
0.524691358024691,0.530864197530864,0.537037037037037,0.54320987654321,
0.549382716049383,0.555555555555556,0.561728395061728,0.567901234567901,
0.574074074074074,0.580246913580247,0.58641975308642,0.592592592592593,
0.598765432098765,0.604938271604938,0.611111111111111,0.617283950617284,
0.623456790123457,0.62962962962963,0.635802469135803,0.641975308641975,
0.648148148148148,0.654320987654321,0.660493827160494,0.666666666666667,
0.672839506172839,0.679012345679012,0.685185185185185,0.691358024691358,
0.697530864197531,0.703703703703704,0.709876543209877,0.716049382716049,
0.722222222222222,0.728395061728395,0.734567901234568,0.740740740740741,
0.746913580246914,0.753086419753086,0.759259259259259,0.765432098765432,
0.771604938271605,0.777777777777778,0.783950617283951,0.790123456790123,
0.796296296296296,0.802469135802469,0.808641975308642,0.814814814814815,
0.820987654320988,0.827160493827161,0.833333333333333,0.839506172839506,
0.845679012345679,0.851851851851852,0.858024691358025,0.864197530864197,
0.87037037037037,0.876543209876543,0.882716049382716,0.888888888888889,
0.895061728395062,0.901234567901235,0.907407407407407,0.91358024691358,
0.919753086419753,0.925925925925926,0.932098765432099,0.938271604938272,
0.944444444444444,0.950617283950617,0.95679012345679,0.962962962962963,
0.969135802469136,0.975308641975309,0.981481481481482,0.987654320987654,
0.993827160493827,1.),.UNSPECIFIED.)
GEOMETRIC_REPRESENTATION_ITEM()
RATIONAL_B_SPLINE_SURFACE(((1.,0.866025403784439,1.,0.866025403784439,1.,
0.866025403784439,1.,0.866025403784439,1.,0.866025403784439,1.,0.866025403784439,
1.,0.866025403784439,1.,0.866025403784439,1.,0.866025403784439,1.,0.866025403784439,
1.,0.866025403784439,1.,0.866025403784439,1.,0.866025403784439,1.,0.866025403784439,
1.,0.866025403784439,1.,0.866025403784439,1.,0.866025403784439,1.,0.866025403784439,
1.,0.866025403784439,1.,0.866025403784439,1.,0.866025403784439,1.,0.866025403784439,
1.,0.866025403784439,1.,0.866025403784439,1.,0.866025403784439,1.,0.866025403784439,
1.,0.866025403784439,1.,0.866025403784439,1.,0.866025403784439,1.,0.866025403784439,
1.,0.866025403784439,1.,0.866025403784439,1.,0.866025403784439,1.,0.866025403784439,
1.,0.866025403784439,1.,0.866025403784439,1.,0.866025403784439,1.,0.866025403784439,
1.,0.866025403784439,1.,0.866025403784439,1.,0.866025403784439,1.,0.866025403784439,
1.,0.866025403784439,1.,0.866025403784439,1.,0.866025403784439,1.,0.866025403784439,
1.,0.866025403784439,1.,0.866025403784439,1.,0.866025403784439,1.,0.866025403784439,
1.,0.866025403784439,1.,0.866025403784439,1.,0.866025403784439,1.,0.866025403784439,
1.,0.866025403784439,1.,0.866025403784439,1.,0.866025403784439,1.,0.866025403784439,
1.,0.866025403784439,1.,0.866025403784439,1.,0.866025403784439,1.,0.866025403784439,
1.,0.866025403784439,1.,0.866025403784439,1.,0.866025403784439,1.,0.866025403784439,
1.,0.866025403784439,1.,0.866025403784439,1.,0.866025403784439,1.,0.866025403784439,
1.,0.866025403784439,1.,0.866025403784439,1.,0.866025403784439,1.,0.866025403784439,
1.,0.866025403784439,1.,0.866025403784439,1.,0.866025403784439,1.,0.866025403784439,
1.,0.866025403784439,1.,0.866025403784439,1.,0.866025403784439,1.,0.866025403784439,
1.,0.866025403784439,1.,0.866025403784439,1.,0.866025403784439,1.,0.866025403784439,
1.,0.866025403784439,1.,0.866025403784439,1.,0.866025403784439,1.,0.866025403784439,
1.,0.866025403784439,1.,0.866025403784439,1.,0.866025403784439,1.,0.866025403784439,
1.,0.866025403784439,1.,0.866025403784439,1.,0.866025403784439,1.,0.866025403784439,
1.,0.866025403784439,1.,0.866025403784439,1.,0.866025403784439,1.,0.866025403784439,
1.,0.866025403784439,1.,0.866025403784439,1.,0.866025403784439,1.,0.866025403784439,
1.,0.866025403784439,1.,0.866025403784439,1.,0.866025403784439,1.,0.866025403784439,
1.,0.866025403784439,1.,0.866025403784439,1.,0.866025403784439,1.,0.866025403784439,
1.,0.866025403784439,1.,0.866025403784439,1.,0.866025403784439,1.,0.866025403784439,
1.,0.866025403784439,1.,0.866025403784439,1.,0.866025403784439,1.,0.866025403784439,
1.,0.866025403784439,1.,0.866025403784439,1.,0.866025403784439,1.,0.866025403784439,
1.,0.866025403784439,1.,0.866025403784439,1.,0.866025403784439,1.,0.866025403784439,
1.,0.866025403784439,1.,0.866025403784439,1.,0.866025403784439,1.,0.866025403784439,
1.,0.866025403784439,1.,0.866025403784439,1.,0.866025403784439,1.,0.866025403784439,
1.,0.866025403784439,1.,0.866025403784439,1.,0.866025403784439,1.,0.866025403784439,
1.,0.866025403784439,1.,0.866025403784439,1.,0.866025403784439,1.,0.866025403784439,
1.,0.866025403784439,1.,0.866025403784439,1.,0.866025403784439,1.,0.866025403784439,
1.,0.866025403784439,1.,0.866025403784439,1.,0.866025403784439,1.,0.866025403784439,
1.,0.866025403784439,1.,0.866025403784439,1.,0.866025403784439,1.,0.866025403784439,
1.,0.866025403784439,1.,0.866025403784439,1.,0.866025403784439,1.,0.866025403784439,
1.),(1.,0.866025403784439,1.,0.866025403784439,1.,0.866025403784439,1.,
0.866025403784439,1.,0.866025403784439,1.,0.866025403784439,1.,0.866025403784439,
1.,0.866025403784439,1.,0.866025403784439,1.,0.866025403784439,1.,0.866025403784439,
1.,0.866025403784439,1.,0.866025403784439,1.,0.866025403784439,1.,0.866025403784439,
1.,0.866025403784439,1.,0.866025403784439,1.,0.866025403784439,1.,0.866025403784439,
1.,0.866025403784439,1.,0.866025403784439,1.,0.866025403784439,1.,0.866025403784439,
1.,0.866025403784439,1.,0.866025403784439,1.,0.866025403784439,1.,0.866025403784439,
1.,0.866025403784439,1.,0.866025403784439,1.,0.866025403784439,1.,0.866025403784439,
1.,0.866025403784439,1.,0.866025403784439,1.,0.866025403784439,1.,0.866025403784439,
1.,0.866025403784439,1.,0.866025403784439,1.,0.866025403784439,1.,0.866025403784439,
1.,0.866025403784439,1.,0.866025403784439,1.,0.866025403784439,1.,0.866025403784439,
1.,0.866025403784439,1.,0.866025403784439,1.,0.866025403784439,1.,0.866025403784439,
1.,0.866025403784439,1.,0.866025403784439,1.,0.866025403784439,1.,0.866025403784439,
1.,0.866025403784439,1.,0.866025403784439,1.,0.866025403784439,1.,0.866025403784439,
1.,0.866025403784439,1.,0.866025403784439,1.,0.866025403784439,1.,0.866025403784439,
1.,0.866025403784439,1.,0.866025403784439,1.,0.866025403784439,1.,0.866025403784439,
1.,0.866025403784439,1.,0.866025403784439,1.,0.866025403784439,1.,0.866025403784439,
1.,0.866025403784439,1.,0.866025403784439,1.,0.866025403784439,1.,0.866025403784439,
1.,0.866025403784439,1.,0.866025403784439,1.,0.866025403784439,1.,0.866025403784439,
1.,0.866025403784439,1.,0.866025403784439,1.,0.866025403784439,1.,0.866025403784439,
1.,0.866025403784439,1.,0.866025403784439,1.,0.866025403784439,1.,0.866025403784439,
1.,0.866025403784439,1.,0.866025403784439,1.,0.866025403784439,1.,0.866025403784439,
1.,0.866025403784439,1.,0.866025403784439,1.,0.866025403784439,1.,0.866025403784439,
1.,0.866025403784439,1.,0.866025403784439,1.,0.866025403784439,1.,0.866025403784439,
1.,0.866025403784439,1.,0.866025403784439,1.,0.866025403784439,1.,0.866025403784439,
1.,0.866025403784439,1.,0.866025403784439,1.,0.866025403784439,1.,0.866025403784439,
1.,0.866025403784439,1.,0.866025403784439,1.,0.866025403784439,1.,0.866025403784439,
1.,0.866025403784439,1.,0.866025403784439,1.,0.866025403784439,1.,0.866025403784439,
1.,0.866025403784439,1.,0.866025403784439,1.,0.866025403784439,1.,0.866025403784439,
1.,0.866025403784439,1.,0.866025403784439,1.,0.866025403784439,1.,0.866025403784439,
1.,0.866025403784439,1.,0.866025403784439,1.,0.866025403784439,1.,0.866025403784439,
1.,0.866025403784439,1.,0.866025403784439,1.,0.866025403784439,1.,0.866025403784439,
1.,0.866025403784439,1.,0.866025403784439,1.,0.866025403784439,1.,0.866025403784439,
1.,0.866025403784439,1.,0.866025403784439,1.,0.866025403784439,1.,0.866025403784439,
1.,0.866025403784439,1.,0.866025403784439,1.,0.866025403784439,1.,0.866025403784439,
1.,0.866025403784439,1.,0.866025403784439,1.,0.866025403784439,1.,0.866025403784439,
1.,0.866025403784439,1.,0.866025403784439,1.,0.866025403784439,1.,0.866025403784439,
1.,0.866025403784439,1.,0.866025403784439,1.,0.866025403784439,1.,0.866025403784439,
1.,0.866025403784439,1.,0.866025403784439,1.,0.866025403784439,1.,0.866025403784439,
1.,0.866025403784439,1.,0.866025403784439,1.,0.866025403784439,1.,0.866025403784439,
1.,0.866025403784439,1.,0.866025403784439,1.,0.866025403784439,1.)))
REPRESENTATION_ITEM('')
SURFACE()
);
#17=PLANE('',#1263);
#18=PLANE('',#1264);
#19=PLANE('',#1265);
#20=PLANE('',#1266);
#21=PLANE('',#1267);
#22=PLANE('',#1268);
#23=PLANE('',#1269);
#24=PLANE('',#1280);
#25=PLANE('',#1281);
#26=PLANE('',#1282);
#27=(
BOUNDED_CURVE()
B_SPLINE_CURVE(2,(#5056,#5057,#5058),.UNSPECIFIED.,.F.,.F.)
B_SPLINE_CURVE_WITH_KNOTS((3,3),(0.127655147271297,0.35532436269275),
 .UNSPECIFIED.)
CURVE()
GEOMETRIC_REPRESENTATION_ITEM()
RATIONAL_B_SPLINE_CURVE((1.3712812921102,1.58341924626904,1.3712812921102))
REPRESENTATION_ITEM('')
);
#28=(
BOUNDED_CURVE()
B_SPLINE_CURVE(2,(#5077,#5078,#5079),.UNSPECIFIED.,.F.,.F.)
B_SPLINE_CURVE_WITH_KNOTS((3,3),(0.127655147271297,0.355324362692751),
 .UNSPECIFIED.)
CURVE()
GEOMETRIC_REPRESENTATION_ITEM()
RATIONAL_B_SPLINE_CURVE((1.37128129211021,1.58341924626905,1.37128129211021))
REPRESENTATION_ITEM('')
);
#29=(
BOUNDED_CURVE()
B_SPLINE_CURVE(2,(#5083,#5084,#5085),.UNSPECIFIED.,.F.,.F.)
B_SPLINE_CURVE_WITH_KNOTS((3,3),(0.127655147271297,0.35532436269275),
 .UNSPECIFIED.)
CURVE()
GEOMETRIC_REPRESENTATION_ITEM()
RATIONAL_B_SPLINE_CURVE((1.3712812921102,1.58341924626904,1.3712812921102))
REPRESENTATION_ITEM('')
);
#30=(
BOUNDED_CURVE()
B_SPLINE_CURVE(2,(#5088,#5089,#5090),.UNSPECIFIED.,.F.,.F.)
B_SPLINE_CURVE_WITH_KNOTS((3,3),(0.127655147271297,0.355324362692751),
 .UNSPECIFIED.)
CURVE()
GEOMETRIC_REPRESENTATION_ITEM()
RATIONAL_B_SPLINE_CURVE((1.3712812921102,1.58341924626904,1.3712812921102))
REPRESENTATION_ITEM('')
);
#31=(
BOUNDED_CURVE()
B_SPLINE_CURVE(2,(#5096,#5097,#5098),.UNSPECIFIED.,.F.,.F.)
B_SPLINE_CURVE_WITH_KNOTS((3,3),(0.127655147271297,0.355324362692751),
 .UNSPECIFIED.)
CURVE()
GEOMETRIC_REPRESENTATION_ITEM()
RATIONAL_B_SPLINE_CURVE((1.37128129211021,1.58341924626905,1.37128129211021))
REPRESENTATION_ITEM('')
);
#32=(
BOUNDED_CURVE()
B_SPLINE_CURVE(2,(#5101,#5102,#5103),.UNSPECIFIED.,.F.,.F.)
B_SPLINE_CURVE_WITH_KNOTS((3,3),(0.127655147271297,0.355324362692751),
 .UNSPECIFIED.)
CURVE()
GEOMETRIC_REPRESENTATION_ITEM()
RATIONAL_B_SPLINE_CURVE((1.37128129211021,1.58341924626905,1.37128129211021))
REPRESENTATION_ITEM('')
);
#33=FACE_BOUND('',#204,.T.);
#34=FACE_BOUND('',#219,.T.);
#35=FACE_BOUND('',#221,.T.);
#36=SPHERICAL_SURFACE('',#1259,4.22922968981298);
#37=CYLINDRICAL_SURFACE('',#1203,1.54533666301315);
#38=CYLINDRICAL_SURFACE('',#1205,1.54533666301315);
#39=CYLINDRICAL_SURFACE('',#1206,1.54533666301315);
#40=CYLINDRICAL_SURFACE('',#1207,1.54533666301315);
#41=CYLINDRICAL_SURFACE('',#1208,1.54533666301315);
#42=CYLINDRICAL_SURFACE('',#1209,1.54533666301315);
#43=CYLINDRICAL_SURFACE('',#1210,1.54533666301315);
#44=CYLINDRICAL_SURFACE('',#1211,1.54533666301315);
#45=CYLINDRICAL_SURFACE('',#1212,1.54533666301315);
#46=CYLINDRICAL_SURFACE('',#1213,1.54533666301315);
#47=CYLINDRICAL_SURFACE('',#1214,1.54533666301315);
#48=CYLINDRICAL_SURFACE('',#1215,1.54533666301315);
#49=CYLINDRICAL_SURFACE('',#1216,1.54533666301315);
#50=CYLINDRICAL_SURFACE('',#1217,1.54533666301315);
#51=CYLINDRICAL_SURFACE('',#1218,1.54533666301315);
#52=CYLINDRICAL_SURFACE('',#1219,1.54533666301315);
#53=CYLINDRICAL_SURFACE('',#1220,1.54533666301315);
#54=CYLINDRICAL_SURFACE('',#1221,1.54533666301315);
#55=CYLINDRICAL_SURFACE('',#1222,1.54533666301315);
#56=CYLINDRICAL_SURFACE('',#1223,1.54533666301315);
#57=CYLINDRICAL_SURFACE('',#1224,1.54533666301315);
#58=CYLINDRICAL_SURFACE('',#1225,1.54533666301315);
#59=CYLINDRICAL_SURFACE('',#1226,1.99999999999999);
#60=CYLINDRICAL_SURFACE('',#1228,1.99999999999999);
#61=CYLINDRICAL_SURFACE('',#1229,1.99999999999999);
#62=CYLINDRICAL_SURFACE('',#1230,1.99999999999999);
#63=CYLINDRICAL_SURFACE('',#1231,1.99999999999999);
#64=CYLINDRICAL_SURFACE('',#1232,1.99999999999999);
#65=CYLINDRICAL_SURFACE('',#1233,1.99999999999999);
#66=CYLINDRICAL_SURFACE('',#1234,1.99999999999999);
#67=CYLINDRICAL_SURFACE('',#1235,1.99999999999999);
#68=CYLINDRICAL_SURFACE('',#1236,1.99999999999999);
#69=CYLINDRICAL_SURFACE('',#1237,1.99999999999999);
#70=CYLINDRICAL_SURFACE('',#1238,1.99999999999999);
#71=CYLINDRICAL_SURFACE('',#1239,1.99999999999999);
#72=CYLINDRICAL_SURFACE('',#1240,1.99999999999999);
#73=CYLINDRICAL_SURFACE('',#1241,1.99999999999999);
#74=CYLINDRICAL_SURFACE('',#1242,1.99999999999999);
#75=CYLINDRICAL_SURFACE('',#1243,1.99999999999999);
#76=CYLINDRICAL_SURFACE('',#1244,1.99999999999999);
#77=CYLINDRICAL_SURFACE('',#1245,1.99999999999999);
#78=CYLINDRICAL_SURFACE('',#1246,1.99999999999999);
#79=CYLINDRICAL_SURFACE('',#1247,1.99999999999999);
#80=CYLINDRICAL_SURFACE('',#1248,1.99999999999999);
#81=CYLINDRICAL_SURFACE('',#1249,1.99999999999999);
#82=CYLINDRICAL_SURFACE('',#1253,1.54533666301315);
#83=CYLINDRICAL_SURFACE('',#1256,3.80000000000001);
#84=FACE_OUTER_BOUND('',#153,.T.);
#85=FACE_OUTER_BOUND('',#154,.T.);
#86=FACE_OUTER_BOUND('',#155,.T.);
#87=FACE_OUTER_BOUND('',#156,.T.);
#88=FACE_OUTER_BOUND('',#157,.T.);
#89=FACE_OUTER_BOUND('',#158,.T.);
#90=FACE_OUTER_BOUND('',#159,.T.);
#91=FACE_OUTER_BOUND('',#160,.T.);
#92=FACE_OUTER_BOUND('',#161,.T.);
#93=FACE_OUTER_BOUND('',#162,.T.);
#94=FACE_OUTER_BOUND('',#163,.T.);
#95=FACE_OUTER_BOUND('',#164,.T.);
#96=FACE_OUTER_BOUND('',#165,.T.);
#97=FACE_OUTER_BOUND('',#166,.T.);
#98=FACE_OUTER_BOUND('',#167,.T.);
#99=FACE_OUTER_BOUND('',#168,.T.);
#100=FACE_OUTER_BOUND('',#169,.T.);
#101=FACE_OUTER_BOUND('',#170,.T.);
#102=FACE_OUTER_BOUND('',#171,.T.);
#103=FACE_OUTER_BOUND('',#172,.T.);
#104=FACE_OUTER_BOUND('',#173,.T.);
#105=FACE_OUTER_BOUND('',#174,.T.);
#106=FACE_OUTER_BOUND('',#175,.T.);
#107=FACE_OUTER_BOUND('',#176,.T.);
#108=FACE_OUTER_BOUND('',#177,.T.);
#109=FACE_OUTER_BOUND('',#178,.T.);
#110=FACE_OUTER_BOUND('',#179,.T.);
#111=FACE_OUTER_BOUND('',#180,.T.);
#112=FACE_OUTER_BOUND('',#181,.T.);
#113=FACE_OUTER_BOUND('',#182,.T.);
#114=FACE_OUTER_BOUND('',#183,.T.);
#115=FACE_OUTER_BOUND('',#184,.T.);
#116=FACE_OUTER_BOUND('',#185,.T.);
#117=FACE_OUTER_BOUND('',#186,.T.);
#118=FACE_OUTER_BOUND('',#187,.T.);
#119=FACE_OUTER_BOUND('',#188,.T.);
#120=FACE_OUTER_BOUND('',#189,.T.);
#121=FACE_OUTER_BOUND('',#190,.T.);
#122=FACE_OUTER_BOUND('',#191,.T.);
#123=FACE_OUTER_BOUND('',#192,.T.);
#124=FACE_OUTER_BOUND('',#193,.T.);
#125=FACE_OUTER_BOUND('',#194,.T.);
#126=FACE_OUTER_BOUND('',#195,.T.);
#127=FACE_OUTER_BOUND('',#196,.T.);
#128=FACE_OUTER_BOUND('',#197,.T.);
#129=FACE_OUTER_BOUND('',#198,.T.);
#130=FACE_OUTER_BOUND('',#199,.T.);
#131=FACE_OUTER_BOUND('',#200,.T.);
#132=FACE_OUTER_BOUND('',#201,.T.);
#133=FACE_OUTER_BOUND('',#202,.T.);
#134=FACE_OUTER_BOUND('',#203,.T.);
#135=FACE_OUTER_BOUND('',#205,.T.);
#136=FACE_OUTER_BOUND('',#206,.T.);
#137=FACE_OUTER_BOUND('',#207,.T.);
#138=FACE_OUTER_BOUND('',#208,.T.);
#139=FACE_OUTER_BOUND('',#209,.T.);
#140=FACE_OUTER_BOUND('',#210,.T.);
#141=FACE_OUTER_BOUND('',#211,.T.);
#142=FACE_OUTER_BOUND('',#212,.T.);
#143=FACE_OUTER_BOUND('',#213,.T.);
#144=FACE_OUTER_BOUND('',#214,.T.);
#145=FACE_OUTER_BOUND('',#215,.T.);
#146=FACE_OUTER_BOUND('',#216,.T.);
#147=FACE_OUTER_BOUND('',#217,.T.);
#148=FACE_OUTER_BOUND('',#218,.T.);
#149=FACE_OUTER_BOUND('',#220,.T.);
#150=FACE_OUTER_BOUND('',#222,.T.);
#151=FACE_OUTER_BOUND('',#223,.T.);
#152=FACE_OUTER_BOUND('',#224,.T.);
#153=EDGE_LOOP('',(#751,#752,#753,#754));
#154=EDGE_LOOP('',(#755,#756,#757,#758));
#155=EDGE_LOOP('',(#759,#760,#761,#762));
#156=EDGE_LOOP('',(#763,#764,#765,#766));
#157=EDGE_LOOP('',(#767,#768,#769,#770));
#158=EDGE_LOOP('',(#771,#772,#773,#774));
#159=EDGE_LOOP('',(#775,#776,#777,#778));
#160=EDGE_LOOP('',(#779,#780,#781,#782));
#161=EDGE_LOOP('',(#783,#784,#785,#786));
#162=EDGE_LOOP('',(#787,#788,#789,#790));
#163=EDGE_LOOP('',(#791,#792,#793,#794));
#164=EDGE_LOOP('',(#795,#796,#797,#798));
#165=EDGE_LOOP('',(#799,#800,#801,#802));
#166=EDGE_LOOP('',(#803,#804,#805,#806));
#167=EDGE_LOOP('',(#807,#808,#809,#810));
#168=EDGE_LOOP('',(#811,#812,#813,#814));
#169=EDGE_LOOP('',(#815,#816,#817,#818));
#170=EDGE_LOOP('',(#819,#820,#821,#822));
#171=EDGE_LOOP('',(#823,#824,#825,#826));
#172=EDGE_LOOP('',(#827,#828,#829,#830));
#173=EDGE_LOOP('',(#831,#832,#833,#834));
#174=EDGE_LOOP('',(#835,#836,#837,#838));
#175=EDGE_LOOP('',(#839,#840,#841,#842));
#176=EDGE_LOOP('',(#843,#844,#845,#846));
#177=EDGE_LOOP('',(#847,#848,#849,#850));
#178=EDGE_LOOP('',(#851,#852,#853,#854));
#179=EDGE_LOOP('',(#855,#856,#857,#858));
#180=EDGE_LOOP('',(#859,#860,#861,#862));
#181=EDGE_LOOP('',(#863,#864,#865,#866));
#182=EDGE_LOOP('',(#867,#868,#869,#870));
#183=EDGE_LOOP('',(#871,#872,#873,#874));
#184=EDGE_LOOP('',(#875,#876,#877,#878));
#185=EDGE_LOOP('',(#879,#880,#881,#882));
#186=EDGE_LOOP('',(#883,#884,#885,#886));
#187=EDGE_LOOP('',(#887,#888,#889,#890));
#188=EDGE_LOOP('',(#891,#892,#893,#894));
#189=EDGE_LOOP('',(#895,#896,#897,#898));
#190=EDGE_LOOP('',(#899,#900,#901,#902));
#191=EDGE_LOOP('',(#903,#904,#905,#906));
#192=EDGE_LOOP('',(#907,#908,#909,#910));
#193=EDGE_LOOP('',(#911,#912,#913,#914));
#194=EDGE_LOOP('',(#915,#916,#917,#918));
#195=EDGE_LOOP('',(#919,#920,#921,#922));
#196=EDGE_LOOP('',(#923,#924,#925,#926));
#197=EDGE_LOOP('',(#927,#928,#929,#930));
#198=EDGE_LOOP('',(#931,#932,#933,#934));
#199=EDGE_LOOP('',(#935,#936,#937,#938,#939,#940,#941,#942));
#200=EDGE_LOOP('',(#943,#944,#945,#946));
#201=EDGE_LOOP('',(#947,#948,#949,#950));
#202=EDGE_LOOP('',(#951,#952,#953,#954));
#203=EDGE_LOOP('',(#955));
#204=EDGE_LOOP('',(#956));
#205=EDGE_LOOP('',(#957,#958));
#206=EDGE_LOOP('',(#959,#960,#961,#962,#963,#964));
#207=EDGE_LOOP('',(#965,#966,#967,#968));
#208=EDGE_LOOP('',(#969,#970,#971,#972));
#209=EDGE_LOOP('',(#973,#974,#975,#976));
#210=EDGE_LOOP('',(#977,#978,#979,#980));
#211=EDGE_LOOP('',(#981,#982,#983,#984));
#212=EDGE_LOOP('',(#985,#986,#987,#988));
#213=EDGE_LOOP('',(#989,#990));
#214=EDGE_LOOP('',(#991,#992));
#215=EDGE_LOOP('',(#993,#994));
#216=EDGE_LOOP('',(#995,#996));
#217=EDGE_LOOP('',(#997,#998));
#218=EDGE_LOOP('',(#999));
#219=EDGE_LOOP('',(#1000,#1001,#1002,#1003,#1004,#1005));
#220=EDGE_LOOP('',(#1006));
#221=EDGE_LOOP('',(#1007,#1008));
#222=EDGE_LOOP('',(#1009,#1010,#1011,#1012,#1013,#1014,#1015,#1016,#1017,
#1018,#1019,#1020,#1021,#1022,#1023,#1024,#1025,#1026,#1027,#1028,#1029,
#1030,#1031,#1032,#1033,#1034,#1035,#1036,#1037,#1038,#1039,#1040,#1041,
#1042,#1043,#1044,#1045,#1046,#1047,#1048,#1049,#1050,#1051,#1052,#1053,
#1054,#1055,#1056,#1057,#1058));
#223=EDGE_LOOP('',(#1059,#1060,#1061,#1062,#1063,#1064,#1065,#1066,#1067,
#1068,#1069,#1070,#1071,#1072,#1073,#1074,#1075,#1076,#1077,#1078,#1079,
#1080,#1081,#1082,#1083,#1084,#1085,#1086,#1087,#1088,#1089,#1090,#1091,
#1092,#1093,#1094,#1095,#1096,#1097,#1098,#1099,#1100,#1101,#1102,#1103,
#1104,#1105,#1106,#1107));
#224=EDGE_LOOP('',(#1108));
#225=CIRCLE('',#1202,1.54533666301315);
#226=CIRCLE('',#1204,1.54533666301315);
#227=CIRCLE('',#1227,1.99999999999999);
#228=CIRCLE('',#1250,1.99999999999999);
#229=CIRCLE('',#1252,1.47499999999999);
#230=CIRCLE('',#1255,1.99999999999999);
#231=CIRCLE('',#1257,3.80000000000001);
#232=CIRCLE('',#1258,3.80000000000001);
#233=CIRCLE('',#1260,2.00000000000001);
#234=CIRCLE('',#1262,1.44337567297407);
#235=CIRCLE('',#1271,1.44337567297407);
#236=CIRCLE('',#1273,1.44337567297407);
#237=CIRCLE('',#1275,1.44337567297407);
#238=CIRCLE('',#1277,1.44337567297407);
#239=CIRCLE('',#1279,1.44337567297407);
#240=B_SPLINE_CURVE_WITH_KNOTS('',3,(#1514,#1515,#1516,#1517,#1518,#1519,
#1520,#1521,#1522,#1523),.UNSPECIFIED.,.F.,.F.,(4,2,2,2,4),(0.0829711029142899,
0.0925403844213609,0.131828155718789,0.147129151169732,0.157292624337784),
 .UNSPECIFIED.);
#241=B_SPLINE_CURVE_WITH_KNOTS('',3,(#1526,#1527,#1528,#1529,#1530,#1531),
 .UNSPECIFIED.,.F.,.F.,(4,2,4),(1.00000010302276E-6,0.0388709346646132,
0.0401070215702891),.UNSPECIFIED.);
#242=B_SPLINE_CURVE_WITH_KNOTS('',3,(#1537,#1538,#1539,#1540,#1541,#1542,
#1543,#1544,#1545,#1546,#1547,#1548,#1549,#1550,#1551,#1552,#1553,#1554,
#1555,#1556,#1557,#1558,#1559,#1560,#1561,#1562,#1563,#1564,#1565,#1566),
 .UNSPECIFIED.,.F.,.F.,(4,2,2,2,2,2,2,2,2,2,2,2,2,2,4),(20.8447567032643,
20.8643091233574,20.923683865879,20.9854589776237,21.0462951357352,21.1053276694184,
21.1671198641256,21.227290223946,21.2872242028505,21.3490049166711,21.408461285644,
21.4704611400895,21.5313898061889,21.5677498176909,21.6032797168491),
 .UNSPECIFIED.);
#243=B_SPLINE_CURVE_WITH_KNOTS('',3,(#1569,#1570,#1571,#1572,#1573,#1574,
#1575,#1576,#1577,#1578,#1579,#1580,#1581,#1582,#1583,#1584,#1585,#1586,
#1587,#1588,#1589,#1590,#1591,#1592),.UNSPECIFIED.,.F.,.F.,(4,2,2,2,2,2,
2,2,2,2,2,4),(9.99999989717099E-7,0.0550220761999821,0.108893536842295,
0.169642222026475,0.231304246231721,0.290590197951115,0.352189303437351,
0.412400236652385,0.472408982354053,0.534791805425502,0.593869812881845,
0.635260480658593),.UNSPECIFIED.);
#244=B_SPLINE_CURVE_WITH_KNOTS('',3,(#1597,#1598,#1599,#1600,#1601,#1602,
#1603,#1604,#1605,#1606,#1607,#1608,#1609,#1610,#1611,#1612,#1613,#1614,
#1615,#1616,#1617,#1618,#1619,#1620,#1621,#1622,#1623,#1624,#1625,#1626,
#1627,#1628,#1629,#1630,#1631,#1632),.UNSPECIFIED.,.F.,.F.,(4,2,2,2,2,2,
2,2,2,2,2,2,2,2,2,2,2,4),(19.8664483470908,19.8939854692528,19.9529700950214,
20.014700641082,20.0752494446487,20.1345077396043,20.1967151521082,20.2565647565035,
20.3172312771394,20.3786433652603,20.4378144114248,20.499631132137,20.5604296308447,
20.6196460921331,20.6821233608493,20.7422245323475,20.8026185058424,20.8447567032643),
 .UNSPECIFIED.);
#245=B_SPLINE_CURVE_WITH_KNOTS('',3,(#1633,#1634,#1635,#1636,#1637,#1638,
#1639,#1640,#1641,#1642,#1643,#1644,#1645,#1646,#1647,#1648,#1649,#1650,
#1651,#1652,#1653,#1654,#1655,#1656,#1657,#1658,#1659,#1660,#1661,#1662,
#1663,#1664,#1665,#1666,#1667,#1668),.UNSPECIFIED.,.F.,.F.,(4,2,2,2,2,2,
2,2,2,2,2,2,2,2,2,2,2,4),(0.635260480658593,0.654573973886549,0.71626390066285,
0.775338594311295,0.83665134624373,0.897110868685363,0.956859583177849,
1.01896365032336,1.07806264802133,1.13850843971119,1.200102086325,1.25897147994256,
1.32004371063816,1.38087135245366,1.4404092263022,1.50228646048764,1.5615152188244,
1.61053394925775),.UNSPECIFIED.);
#246=B_SPLINE_CURVE_WITH_KNOTS('',3,(#1673,#1674,#1675,#1676,#1677,#1678,
#1679,#1680,#1681,#1682,#1683,#1684,#1685,#1686,#1687,#1688,#1689,#1690,
#1691,#1692,#1693,#1694,#1695,#1696,#1697,#1698,#1699,#1700,#1701,#1702,
#1703,#1704,#1705,#1706,#1707,#1708),.UNSPECIFIED.,.F.,.F.,(4,2,2,2,2,2,
2,2,2,2,2,2,2,2,2,2,2,4),(18.8897695009265,18.9253916938456,18.9843133117496,
19.0460256023768,19.1062309322554,19.1658874237016,19.2277148923382,19.2872123583596,
19.3487576399332,19.4097534457272,19.4686560241492,19.530352960428,19.5907031835208,
19.6501113117505,19.712101399823,19.7717491512585,19.8328056477057,19.8664483470908),
 .UNSPECIFIED.);
#247=B_SPLINE_CURVE_WITH_KNOTS('',3,(#1709,#1710,#1711,#1712,#1713,#1714,
#1715,#1716,#1717,#1718,#1719,#1720,#1721,#1722,#1723,#1724,#1725,#1726,
#1727,#1728,#1729,#1730,#1731,#1732,#1733,#1734,#1735,#1736,#1737,#1738,
#1739,#1740,#1741,#1742,#1743,#1744),.UNSPECIFIED.,.F.,.F.,(4,2,2,2,2,2,
2,2,2,2,2,2,2,2,2,2,2,4),(1.61053394925775,1.62175311123173,1.68330364062277,
1.74207157718102,1.80295096205103,1.86424942597697,1.9236275306793,1.98533208420885,
2.04479103640603,2.10487409733338,2.16643098646084,2.22519952288424,2.28593652360452,
2.34778410976139,2.4070555098323,2.46864372321902,2.52841760279508,2.58494833061842),
 .UNSPECIFIED.);
#248=B_SPLINE_CURVE_WITH_KNOTS('',3,(#1749,#1750,#1751,#1752,#1753,#1754,
#1755,#1756,#1757,#1758,#1759,#1760,#1761,#1762,#1763,#1764,#1765,#1766,
#1767,#1768,#1769,#1770,#1771,#1772,#1773,#1774,#1775,#1776,#1777,#1778,
#1779,#1780,#1781,#1782,#1783,#1784),.UNSPECIFIED.,.F.,.F.,(4,2,2,2,2,2,
2,2,2,2,2,2,2,2,2,2,2,4),(17.9115430260175,17.954676461735,18.0139171498281,
18.0763477275425,18.1364060467776,18.196881072365,18.2585230721771,18.3178520693971,
18.3796074944693,18.4403917802356,18.4994230962986,18.5611967609726,18.6213132521219,
18.6812988782063,18.7430205799928,18.8024213108911,18.8645287397594,18.8897695009265),
 .UNSPECIFIED.);
#249=B_SPLINE_CURVE_WITH_KNOTS('',3,(#1785,#1786,#1787,#1788,#1789,#1790,
#1791,#1792,#1793,#1794,#1795,#1796,#1797,#1798,#1799,#1800,#1801,#1802,
#1803,#1804,#1805,#1806,#1807,#1808,#1809,#1810,#1811,#1812,#1813,#1814,
#1815,#1816,#1817,#1818,#1819,#1820,#1821,#1822),.UNSPECIFIED.,.F.,.F.,
(4,2,2,2,2,2,2,2,2,2,2,2,2,2,2,2,2,2,4),(2.58494833061842,2.58840135919978,
2.65001102076026,2.70887300343564,2.7695211391902,2.83111346445277,2.89030588059516,
2.95180674462337,3.01204650001927,3.07196388812157,3.1342495702929,3.19330113503016,
3.25391400636539,3.31555228743266,3.3745446083914,3.43577053281707,3.496289754828,
3.55595931898768,3.56065143370213),.UNSPECIFIED.);
#250=B_SPLINE_CURVE_WITH_KNOTS('',3,(#1827,#1828,#1829,#1830,#1831,#1832,
#1833,#1834,#1835,#1836,#1837,#1838,#1839,#1840,#1841,#1842,#1843,#1844,
#1845,#1846,#1847,#1848,#1849,#1850,#1851,#1852,#1853,#1854,#1855,#1856,
#1857,#1858,#1859,#1860,#1861,#1862),.UNSPECIFIED.,.F.,.F.,(4,2,2,2,2,2,
2,2,2,2,2,2,2,2,2,2,2,4),(16.9339787541849,16.9848360581274,17.044321609949,
17.1062911866485,17.1659208536461,17.2271159970364,17.2882702234917,17.3472486581901,
17.4089912435661,17.4695102938443,17.5288203737489,17.5909939125993,17.6508128231231,
17.7115910812816,17.7729658485871,17.8321048460535,17.893920151268,17.9115430260175),
 .UNSPECIFIED.);
#251=B_SPLINE_CURVE_WITH_KNOTS('',3,(#1863,#1864,#1865,#1866,#1867,#1868,
#1869,#1870,#1871,#1872,#1873,#1874,#1875,#1876,#1877,#1878,#1879,#1880,
#1881,#1882,#1883,#1884,#1885,#1886,#1887,#1888,#1889,#1890,#1891,#1892,
#1893,#1894,#1895,#1896,#1897,#1898),.UNSPECIFIED.,.F.,.F.,(4,2,2,2,2,2,
2,2,2,2,2,2,2,2,2,2,2,4),(3.56065143370213,3.6179791023339,3.67707926475712,
3.73744624311578,3.79900197177624,3.8578148267415,3.91881206137293,3.97972695596964,
4.0391983775622,4.10100477710184,4.1602607977486,4.22043300982537,4.2819583670301,
4.34069586857695,4.40151269033487,4.46292036949948,4.52224519751697,4.53478014403406),
 .UNSPECIFIED.);
#252=B_SPLINE_CURVE_WITH_KNOTS('',3,(#1903,#1904,#1905,#1906,#1907,#1908,
#1909,#1910,#1911,#1912,#1913,#1914,#1915,#1916,#1917,#1918,#1919,#1920,
#1921,#1922,#1923,#1924,#1925,#1926,#1927,#1928,#1929,#1930,#1931,#1932,
#1933,#1934,#1935,#1936,#1937,#1938),.UNSPECIFIED.,.F.,.F.,(4,2,2,2,2,2,
2,2,2,2,2,2,2,2,2,2,2,4),(15.9565793095078,16.0147996619004,16.074901978452,
16.1366315391919,16.1960409179907,16.2583222627013,16.3191852414369,16.378150354233,
16.4398989614948,16.5001013621377,16.5598577413366,16.6216786423204,16.6811711569311,
16.7428761682172,16.8038587889337,16.8627810034016,16.9245025074399,16.9339787541849),
 .UNSPECIFIED.);
#253=B_SPLINE_CURVE_WITH_KNOTS('',3,(#1939,#1940,#1941,#1942,#1943,#1944,
#1945,#1946,#1947,#1948,#1949,#1950,#1951,#1952,#1953,#1954,#1955,#1956,
#1957,#1958,#1959,#1960,#1961,#1962,#1963,#1964,#1965,#1966,#1967,#1968,
#1969,#1970,#1971,#1972,#1973,#1974),.UNSPECIFIED.,.F.,.F.,(4,2,2,2,2,2,
2,2,2,2,2,2,2,2,2,2,2,4),(4.53478014403406,4.58389290601057,4.64340227862188,
4.70343342377405,4.76497703448277,4.82373952974339,4.88442715428505,4.94639906276222,
5.00563081318999,5.06717664452275,5.12701851442103,5.18696461360996,5.24857220723491,
5.30744926912891,5.36806189848079,5.42965104631891,5.48881373970076,5.50950508871925),
 .UNSPECIFIED.);
#254=B_SPLINE_CURVE_WITH_KNOTS('',3,(#1979,#1980,#1981,#1982,#1983,#1984,
#1985,#1986,#1987,#1988,#1989,#1990,#1991,#1992,#1993,#1994,#1995,#1996,
#1997,#1998,#1999,#2000,#2001,#2002,#2003,#2004,#2005,#2006,#2007,#2008,
#2009,#2010,#2011,#2012,#2013,#2014,#2015,#2016),.UNSPECIFIED.,.F.,.F.,
(4,2,2,2,2,2,2,2,2,2,2,2,2,2,2,2,2,2,4),(14.9772237830994,14.9836196312742,
15.0434725339014,15.1044257364094,15.1658295233137,15.2250035623039,15.2868831961385,
15.3476634064267,15.4069936015369,15.4694455619997,15.5295263934282,15.5901473839378,
15.6518077762351,15.7111553963225,15.7729573150609,15.8337555085579,15.8928507637016,
15.9546718709091,15.9565793095078),.UNSPECIFIED.);
#255=B_SPLINE_CURVE_WITH_KNOTS('',3,(#2017,#2018,#2019,#2020,#2021,#2022,
#2023,#2024,#2025,#2026,#2027,#2028,#2029,#2030,#2031,#2032,#2033,#2034,
#2035,#2036,#2037,#2038,#2039,#2040,#2041,#2042,#2043,#2044,#2045,#2046,
#2047,#2048,#2049,#2050,#2051,#2052),.UNSPECIFIED.,.F.,.F.,(4,2,2,2,2,2,
2,2,2,2,2,2,2,2,2,2,2,4),(5.50950508871925,5.55028270690613,5.61061992849563,
5.67051079996856,5.73276680141091,5.79185902041702,5.85244622040874,5.9140995725112,
5.97307664969565,6.03428183752175,6.09492882381972,6.15458387350044,6.21658663278516,
6.27575469703064,6.3361082924284,6.39769233699441,6.45651556505001,6.48527066150942),
 .UNSPECIFIED.);
#256=B_SPLINE_CURVE_WITH_KNOTS('',3,(#2057,#2058,#2059,#2060,#2061,#2062,
#2063,#2064,#2065,#2066,#2067,#2068,#2069,#2070,#2071,#2072,#2073,#2074,
#2075,#2076,#2077,#2078,#2079,#2080,#2081,#2082,#2083,#2084,#2085,#2086,
#2087,#2088,#2089,#2090,#2091,#2092),.UNSPECIFIED.,.F.,.F.,(4,2,2,2,2,2,
2,2,2,2,2,2,2,2,2,2,2,4),(13.9987502991815,14.0129604561848,14.0725114855523,
14.1344354999879,14.1954701410272,14.2544764691083,14.3162866298482,14.376668351236,
14.4362935853963,14.4983093670044,14.5579850096287,14.6193800403904,14.6805744092533,
14.7396126191538,14.801432101468,14.8619868440279,14.9214125929807,14.9772237830994),
 .UNSPECIFIED.);
#257=B_SPLINE_CURVE_WITH_KNOTS('',3,(#2093,#2094,#2095,#2096,#2097,#2098,
#2099,#2100,#2101,#2102,#2103,#2104,#2105,#2106,#2107,#2108,#2109,#2110,
#2111,#2112,#2113,#2114,#2115,#2116,#2117,#2118,#2119,#2120,#2121,#2122,
#2123,#2124,#2125,#2126,#2127,#2128),.UNSPECIFIED.,.F.,.F.,(4,2,2,2,2,2,
2,2,2,2,2,2,2,2,2,2,2,4),(6.48527066150942,6.51750365031194,6.57857275343485,
6.6380421276504,6.69984471653714,6.75919388392481,6.81936565876217,6.88093167826188,
6.93970504261371,7.0005250063773,7.06210749572054,7.12144327646421,7.18310097635562,
7.24272552497557,7.30276984357672,7.36436571412893,7.42318753187932,7.45991773420849),
 .UNSPECIFIED.);
#258=B_SPLINE_CURVE_WITH_KNOTS('',3,(#2133,#2134,#2135,#2136,#2137,#2138,
#2139,#2140,#2141,#2142,#2143,#2144,#2145,#2146,#2147,#2148,#2149,#2150,
#2151,#2152,#2153,#2154,#2155,#2156,#2157,#2158,#2159,#2160,#2161,#2162,
#2163,#2164,#2165,#2166,#2167,#2168),.UNSPECIFIED.,.F.,.F.,(4,2,2,2,2,2,
2,2,2,2,2,2,2,2,2,2,2,4),(13.019322609625,13.0416812554408,13.1009254625897,
13.1627798063952,13.2236597689328,13.2828882001409,13.3454528881323,13.4056358481357,
13.4659809674441,13.5277603919739,13.587219532536,13.649052230895,13.7099799201061,
13.7690513074592,13.830899675752,13.8911633920105,13.9510800401258,13.9987502991815),
 .UNSPECIFIED.);
#259=B_SPLINE_CURVE_WITH_KNOTS('',3,(#2169,#2170,#2171,#2172,#2173,#2174,
#2175,#2176,#2177,#2178,#2179,#2180,#2181,#2182,#2183,#2184,#2185,#2186,
#2187,#2188,#2189,#2190,#2191,#2192,#2193,#2194,#2195,#2196,#2197,#2198,
#2199,#2200,#2201,#2202,#2203,#2204),.UNSPECIFIED.,.F.,.F.,(4,2,2,2,2,2,
2,2,2,2,2,2,2,2,2,2,2,4),(7.45991773420849,7.48389139511152,7.54605187696809,
7.60530804571221,7.66687815074612,7.72685159889567,7.78682495968975,7.8484958121708,
7.90745223294657,7.9680948598637,8.02974638157733,8.08894339145389,8.15044708381914,
8.210944823765,8.27087408794915,8.33316802924324,8.39236493162503,8.43657450752848),
 .UNSPECIFIED.);
#260=B_SPLINE_CURVE_WITH_KNOTS('',3,(#2209,#2210,#2211,#2212,#2213,#2214,
#2215,#2216,#2217,#2218,#2219,#2220,#2221,#2222,#2223,#2224,#2225,#2226,
#2227,#2228,#2229,#2230,#2231,#2232,#2233,#2234,#2235,#2236,#2237,#2238,
#2239,#2240,#2241,#2242,#2243,#2244),.UNSPECIFIED.,.F.,.F.,(4,2,2,2,2,2,
2,2,2,2,2,2,2,2,2,2,2,4),(12.0419236944092,12.0724469215241,12.1313656881664,
12.193071014318,12.2534747090454,12.3128353343588,12.3748840447659,12.4345863054043,
12.4955288280803,12.5567719808939,12.6158015292176,12.6775545485345,12.7381711496658,
12.7974109032187,12.8596916143097,12.9196095901055,12.9801929369377,13.019322609625),
 .UNSPECIFIED.);
#261=B_SPLINE_CURVE_WITH_KNOTS('',3,(#2245,#2246,#2247,#2248,#2249,#2250,
#2251,#2252,#2253,#2254,#2255,#2256,#2257,#2258,#2259,#2260,#2261,#2262,
#2263,#2264,#2265,#2266,#2267,#2268,#2269,#2270,#2271,#2272,#2273,#2274,
#2275,#2276,#2277,#2278,#2279,#2280),.UNSPECIFIED.,.F.,.F.,(4,2,2,2,2,2,
2,2,2,2,2,2,2,2,2,2,2,4),(8.43657450752848,8.45299207879692,8.5147253438698,
8.57375359409276,8.63500386888795,8.69583967121352,8.75554432310525,8.81759685662492,
8.87689517877177,8.93730024855769,8.99897645018395,9.05787506844774,9.11891911556032,
9.18020128488557,9.23973198228739,9.30159677360469,9.36109973526334,9.41304421340603),
 .UNSPECIFIED.);
#262=B_SPLINE_CURVE_WITH_KNOTS('',3,(#2285,#2286,#2287,#2288,#2289,#2290,
#2291,#2292,#2293,#2294,#2295,#2296,#2297,#2298,#2299,#2300,#2301,#2302,
#2303,#2304,#2305,#2306,#2307,#2308,#2309,#2310,#2311,#2312,#2313,#2314,
#2315,#2316,#2317,#2318,#2319,#2320),.UNSPECIFIED.,.F.,.F.,(4,2,2,2,2,2,
2,2,2,2,2,2,2,2,2,2,2,4),(11.0649809461139,11.1033316031907,11.1623284938762,
11.2240849999855,11.2842243010834,11.3441166558219,11.4058658536138,11.465291771003,
11.5272430110272,11.588141346771,11.6470521125242,11.7087596448344,11.7690034061335,
11.8285864873639,11.8904572909744,11.9499948663467,12.0114013394695,12.0419236944092),
 .UNSPECIFIED.);
#263=B_SPLINE_CURVE_WITH_KNOTS('',3,(#2321,#2322,#2323,#2324,#2325,#2326,
#2327,#2328,#2329,#2330,#2331,#2332,#2333,#2334,#2335,#2336,#2337,#2338,
#2339,#2340,#2341,#2342,#2343,#2344,#2345,#2346,#2347,#2348,#2349,#2350,
#2351,#2352,#2353,#2354,#2355,#2356),.UNSPECIFIED.,.F.,.F.,(4,2,2,2,2,2,
2,2,2,2,2,2,2,2,2,2,2,4),(9.41304421340603,9.42133520021519,9.4830048491299,
9.54187735104658,9.60276491483781,9.66457896183953,9.72398834400952,9.78572127848577,
9.84551944693869,9.90564033179722,9.96735068395524,10.02629319099,10.0870770981915,
10.1487714942241,10.2080913551576,10.2697258065367,10.3299583631263,10.3898239231261),
 .UNSPECIFIED.);
#264=B_SPLINE_CURVE_WITH_KNOTS('',3,(#2361,#2362,#2363,#2364,#2365,#2366,
#2367,#2368,#2369,#2370,#2371,#2372,#2373,#2374,#2375,#2376,#2377,#2378,
#2379,#2380,#2381,#2382,#2383,#2384,#2385,#2386,#2387,#2388,#2389,#2390,
#2391,#2392,#2393,#2394,#2395,#2396),.UNSPECIFIED.,.F.,.F.,(4,2,2,2,2,2,
2,2,2,2,2,2,2,2,2,2,2,4),(10.0870087235684,10.1328599640903,10.1920769185466,
10.2542499074823,10.3140661924393,10.3746842952345,10.4360627837763,10.4952012509782,
10.5569804186191,10.6177462106228,10.6769242392475,10.7393682472639,10.7994372063111,
10.859786161473,10.9214442104201,10.9807875551138,11.0425271176312,11.0649809461139),
 .UNSPECIFIED.);
#265=B_SPLINE_CURVE_WITH_KNOTS('',3,(#2397,#2398,#2399,#2400,#2401,#2402,
#2403,#2404,#2405,#2406,#2407,#2408,#2409,#2410,#2411,#2412,#2413,#2414,
#2415,#2416,#2417,#2418,#2419,#2420,#2421,#2422,#2423,#2424,#2425,#2426,
#2427,#2428,#2429,#2430,#2431,#2432,#2433,#2434),.UNSPECIFIED.,.F.,.F.,
(4,2,2,2,2,2,2,2,2,2,2,2,2,2,2,2,2,2,4),(10.3898239231261,10.3900010960565,
10.4524194824508,10.5115244534594,10.5722628425544,10.631549520583,10.6932302429282,
10.7539766468412,10.8129173772102,10.8746150321823,10.9346968763943,10.9945324345761,
11.0562226225494,11.1155917551633,11.1774844670335,11.2383245762923,11.2971791754367,
11.3588278575297,11.3663981362379),.UNSPECIFIED.);
#266=B_SPLINE_CURVE_WITH_KNOTS('',3,(#2439,#2440,#2441,#2442,#2443,#2444,
#2445,#2446,#2447,#2448,#2449,#2450,#2451,#2452,#2453,#2454,#2455,#2456,
#2457,#2458,#2459,#2460,#2461,#2462,#2463,#2464,#2465,#2466,#2467,#2468,
#2469,#2470,#2471,#2472,#2473,#2474),.UNSPECIFIED.,.F.,.F.,(4,2,2,2,2,2,
2,2,2,2,2,2,2,2,2,2,2,4),(9.11062494484187,9.16642433645558,9.22571768317929,
9.28614664871046,9.34783330778811,9.40674600962225,9.46781283684601,9.52906233838932,
9.58861284567076,9.6504987536831,9.70998853729042,9.77024345731753,9.83191953664324,
9.89079777665251,9.9517038892505,10.0106533713935,10.0723450014164,10.0870087235684),
 .UNSPECIFIED.);
#267=B_SPLINE_CURVE_WITH_KNOTS('',3,(#2475,#2476,#2477,#2478,#2479,#2480,
#2481,#2482,#2483,#2484,#2485,#2486,#2487,#2488,#2489,#2490,#2491,#2492,
#2493,#2494,#2495,#2496,#2497,#2498,#2499,#2500,#2501,#2502,#2503,#2504,
#2505,#2506,#2507,#2508,#2509,#2510),.UNSPECIFIED.,.F.,.F.,(4,2,2,2,2,2,
2,2,2,2,2,2,2,2,2,2,2,4),(11.3663981362379,11.4190140052682,11.4785405092823,
11.5403521292554,11.5998327588765,11.6611811558765,11.7221683186714,11.7810308106474,
11.842677240068,11.9030231138979,11.9623272768923,12.024316578235,12.083961683533,
12.1448464781698,12.2060309739681,12.2650040363687,12.3266980613213,12.342370705257),
 .UNSPECIFIED.);
#268=B_SPLINE_CURVE_WITH_KNOTS('',3,(#2515,#2516,#2517,#2518,#2519,#2520,
#2521,#2522,#2523,#2524,#2525,#2526,#2527,#2528,#2529,#2530,#2531,#2532,
#2533,#2534,#2535,#2536,#2537,#2538,#2539,#2540,#2541,#2542,#2543,#2544,
#2545,#2546,#2547,#2548,#2549,#2550,#2551,#2552),.UNSPECIFIED.,.F.,.F.,
(4,2,2,2,2,2,2,2,2,2,2,2,2,2,2,2,2,2,4),(8.13334158732678,8.13534183493862,
8.19703334593453,8.25600254831303,8.31667689836526,8.37834935315633,8.43757551423569,
8.49910981722052,8.55959263469902,8.61955009265109,8.68187402953634,8.74107485954392,
8.80173013610946,8.86347818968954,8.92252915713351,8.98380620463585,9.04461743312335,
9.10434616030527,9.11062494484187),.UNSPECIFIED.);
#269=B_SPLINE_CURVE_WITH_KNOTS('',3,(#2553,#2554,#2555,#2556,#2557,#2558,
#2559,#2560,#2561,#2562,#2563,#2564,#2565,#2566,#2567,#2568,#2569,#2570,
#2571,#2572,#2573,#2574,#2575,#2576,#2577,#2578,#2579,#2580,#2581,#2582,
#2583,#2584,#2585,#2586,#2587,#2588),.UNSPECIFIED.,.F.,.F.,(4,2,2,2,2,2,
2,2,2,2,2,2,2,2,2,2,2,4),(12.342370705257,12.3872565863128,12.4464398853653,
12.5086609125928,12.5685214767193,12.6290473228448,12.6904767034332,12.7496641172401,
12.811459313965,12.8722808993568,12.9314527749062,12.9939574566607,13.0540827032541,
13.1143704222911,13.1760905853357,13.2354926943181,13.2972661940229,13.3206251286096),
 .UNSPECIFIED.);
#270=B_SPLINE_CURVE_WITH_KNOTS('',3,(#2593,#2594,#2595,#2596,#2597,#2598,
#2599,#2600,#2601,#2602,#2603,#2604,#2605,#2606,#2607,#2608,#2609,#2610,
#2611,#2612,#2613,#2614,#2615,#2616,#2617,#2618,#2619,#2620,#2621,#2622,
#2623,#2624,#2625,#2626,#2627,#2628),.UNSPECIFIED.,.F.,.F.,(4,2,2,2,2,2,
2,2,2,2,2,2,2,2,2,2,2,4),(7.157968606854,7.16753738162097,7.22913202421743,
7.28793338910347,7.34879483227204,7.41035787949858,7.46973128444666,7.53142856897465,
7.59105354794839,7.65113517966213,7.71275556964981,7.77159712200284,7.83233768100166,
7.89447440936532,7.9537633248459,8.01536783978389,8.07533625323297,8.13334158732678),
 .UNSPECIFIED.);
#271=B_SPLINE_CURVE_WITH_KNOTS('',3,(#2629,#2630,#2631,#2632,#2633,#2634,
#2635,#2636,#2637,#2638,#2639,#2640,#2641,#2642,#2643,#2644,#2645,#2646,
#2647,#2648,#2649,#2650,#2651,#2652,#2653,#2654,#2655,#2656,#2657,#2658,
#2659,#2660,#2661,#2662,#2663,#2664),.UNSPECIFIED.,.F.,.F.,(4,2,2,2,2,2,
2,2,2,2,2,2,2,2,2,2,2,4),(13.3206251286096,13.3581354253954,13.4171503110137,
13.4789394710815,13.5391453562052,13.5990048991312,13.6608259189565,13.7203197927183,
13.7821849977018,13.8431610275098,13.902110830708,13.9638617765988,14.024185501101,
14.0837538342718,14.1457100365241,14.2053283538313,14.2666650127231,14.2982233724148),
 .UNSPECIFIED.);
#272=B_SPLINE_CURVE_WITH_KNOTS('',3,(#2669,#2670,#2671,#2672,#2673,#2674,
#2675,#2676,#2677,#2678,#2679,#2680,#2681,#2682,#2683,#2684,#2685,#2686,
#2687,#2688,#2689,#2690,#2691,#2692,#2693,#2694,#2695,#2696,#2697,#2698,
#2699,#2700,#2701,#2702,#2703,#2704),.UNSPECIFIED.,.F.,.F.,(4,2,2,2,2,2,
2,2,2,2,2,2,2,2,2,2,2,4),(6.18238743886,6.20008595833069,6.26177708803262,
6.32080056036538,6.38205606981544,6.44269943270756,6.50240146062603,6.56445373307232,
6.62363857762714,6.6840392294131,6.74565629710978,6.80451663501731,6.86555073250926,
6.92660720496169,6.98611895747151,7.04796618057296,7.10732332360127,7.157968606854),
 .UNSPECIFIED.);
#273=B_SPLINE_CURVE_WITH_KNOTS('',3,(#2705,#2706,#2707,#2708,#2709,#2710,
#2711,#2712,#2713,#2714,#2715,#2716,#2717,#2718,#2719,#2720,#2721,#2722,
#2723,#2724,#2725,#2726,#2727,#2728,#2729,#2730,#2731,#2732,#2733,#2734,
#2735,#2736,#2737,#2738,#2739,#2740),.UNSPECIFIED.,.F.,.F.,(4,2,2,2,2,2,
2,2,2,2,2,2,2,2,2,2,2,4),(14.2982233724148,14.3278005692668,14.3867821284125,
14.4485423409437,14.5090388704134,14.568407815377,14.6305550396837,14.6903503987258,
14.7512455594019,14.8125902880708,14.8717074477957,14.9335277048001,14.9942494379731,
15.053522818795,15.1159146812641,15.1759377040316,15.2365008602042,15.2766547842965),
 .UNSPECIFIED.);
#274=B_SPLINE_CURVE_WITH_KNOTS('',3,(#2745,#2746,#2747,#2748,#2749,#2750,
#2751,#2752,#2753,#2754,#2755,#2756,#2757,#2758,#2759,#2760,#2761,#2762,
#2763,#2764,#2765,#2766,#2767,#2768,#2769,#2770,#2771,#2772,#2773,#2774,
#2775,#2776,#2777,#2778,#2779,#2780),.UNSPECIFIED.,.F.,.F.,(4,2,2,2,2,2,
2,2,2,2,2,2,2,2,2,2,2,4),(5.20610063067233,5.23140544822199,5.29337569899128,
5.35266322873579,5.41426743902996,5.47412647012185,5.53412811298436,5.59577962383605,
5.6546922224119,5.71536009481236,5.77699352344884,5.83620833014907,5.89773180121272,
5.95807592913824,6.01801824544416,6.08032847581391,6.1394471291192,6.18238743886),
 .UNSPECIFIED.);
#275=B_SPLINE_CURVE_WITH_KNOTS('',3,(#2781,#2782,#2783,#2784,#2785,#2786,
#2787,#2788,#2789,#2790,#2791,#2792,#2793,#2794,#2795,#2796,#2797,#2798,
#2799,#2800,#2801,#2802,#2803,#2804,#2805,#2806,#2807,#2808,#2809,#2810,
#2811,#2812,#2813,#2814,#2815,#2816),.UNSPECIFIED.,.F.,.F.,(4,2,2,2,2,2,
2,2,2,2,2,2,2,2,2,2,2,4),(15.2766547842965,15.298101904951,15.357392407071,
15.4191349532379,15.4798746115599,15.5389131763483,15.6006748958155,15.6607447874064,
15.7207896531406,15.7824597569334,15.8418119177755,15.9040339400672,15.9648382650557,
16.023746732608,16.0854359775076,16.1455803494056,16.205279546232,16.2537593619833),
 .UNSPECIFIED.);
#276=B_SPLINE_CURVE_WITH_KNOTS('',3,(#2821,#2822,#2823,#2824,#2825,#2826,
#2827,#2828,#2829,#2830,#2831,#2832,#2833,#2834,#2835,#2836,#2837,#2838,
#2839,#2840,#2841,#2842,#2843,#2844,#2845,#2846,#2847,#2848,#2849,#2850,
#2851,#2852,#2853,#2854,#2855,#2856),.UNSPECIFIED.,.F.,.F.,(4,2,2,2,2,2,
2,2,2,2,2,2,2,2,2,2,2,4),(4.23131541071333,4.26501592884666,4.32594146498249,
4.38547857589997,4.44735387851104,4.50664112885359,4.56687922976224,4.62845678124309,
4.68724603261497,4.74812808735644,4.80953898095582,4.86892460449933,4.93063601741499,
4.9901685325448,5.05026046008,5.11185198854027,5.17065748454698,5.20610063067233),
 .UNSPECIFIED.);
#277=B_SPLINE_CURVE_WITH_KNOTS('',3,(#2857,#2858,#2859,#2860,#2861,#2862,
#2863,#2864,#2865,#2866,#2867,#2868,#2869,#2870,#2871,#2872,#2873,#2874,
#2875,#2876,#2877,#2878,#2879,#2880,#2881,#2882,#2883,#2884,#2885,#2886,
#2887,#2888,#2889,#2890,#2891,#2892),.UNSPECIFIED.,.F.,.F.,(4,2,2,2,2,2,
2,2,2,2,2,2,2,2,2,2,2,4),(16.2537593619833,16.26704084398,16.3264760055805,
16.3881221963665,16.4490459944488,16.5079115104214,16.5695736312694,16.629848971179,
16.689277513559,16.7511872873135,16.8107594159797,16.8718961487494,16.9329913368206,
16.9919129154385,17.0535960473065,17.1140566550189,17.1733097929315,17.2299800573919),
 .UNSPECIFIED.);
#278=B_SPLINE_CURVE_WITH_KNOTS('',3,(#2897,#2898,#2899,#2900,#2901,#2902,
#2903,#2904,#2905,#2906,#2907,#2908,#2909,#2910,#2911,#2912,#2913,#2914,
#2915,#2916,#2917,#2918,#2919,#2920,#2921,#2922,#2923,#2924,#2925,#2926,
#2927,#2928,#2929,#2930,#2931,#2932),.UNSPECIFIED.,.F.,.F.,(4,2,2,2,2,2,
2,2,2,2,2,2,2,2,2,2,2,4),(3.25485672006067,3.29702867790217,3.35729961507334,
3.41729209269641,3.47965661639357,3.53875867416242,3.59944708624938,3.66114718180253,
3.72021027324572,3.78151054892097,3.84204998649267,3.90178999567306,3.96388372316794,
4.02302438731104,4.08346217094314,4.14507470843044,4.20394880638168,4.23131541071333),
 .UNSPECIFIED.);
#279=B_SPLINE_CURVE_WITH_KNOTS('',3,(#2933,#2934,#2935,#2936,#2937,#2938,
#2939,#2940,#2941,#2942,#2943,#2944,#2945,#2946,#2947,#2948,#2949,#2950,
#2951,#2952,#2953,#2954,#2955,#2956,#2957,#2958,#2959,#2960,#2961,#2962,
#2963,#2964,#2965,#2966,#2967,#2968,#2969,#2970),.UNSPECIFIED.,.F.,.F.,
(4,2,2,2,2,2,2,2,2,2,2,2,2,2,2,2,2,2,4),(17.2299800573919,17.2354232781732,
17.2951844169568,17.3559045605011,17.4172200293804,17.4763019114693,17.5380576394069,
17.5987552282712,17.6579389307857,17.7203091552967,17.7803094228958,17.8407265039441,
17.9023089020424,17.9615805379337,18.0232763690479,18.0840018654905,18.1429762929389,
18.2046903503919,18.2074682750752),.UNSPECIFIED.);
#280=B_SPLINE_CURVE_WITH_KNOTS('',3,(#2975,#2976,#2977,#2978,#2979,#2980,
#2981,#2982,#2983,#2984,#2985,#2986,#2987,#2988,#2989,#2990,#2991,#2992,
#2993,#2994,#2995,#2996,#2997,#2998,#2999,#3000,#3001,#3002,#3003,#3004,
#3005,#3006,#3007,#3008,#3009,#3010),.UNSPECIFIED.,.F.,.F.,(4,2,2,2,2,2,
2,2,2,2,2,2,2,2,2,2,2,4),(2.27891452620724,2.32946511084501,2.38897161415326,
2.44913890877412,2.51076773313882,2.56960332004027,2.63042432755332,2.69229524663995,
2.75164562588148,2.81331634412351,2.87313154880881,2.93319438249352,2.9948720106564,
3.05379340491049,3.11452055200836,3.17618127040067,3.23544908984338,3.25485672006067),
 .UNSPECIFIED.);
#281=B_SPLINE_CURVE_WITH_KNOTS('',3,(#3011,#3012,#3013,#3014,#3015,#3016,
#3017,#3018,#3019,#3020,#3021,#3022,#3023,#3024,#3025,#3026,#3027,#3028,
#3029,#3030,#3031,#3032,#3033,#3034,#3035,#3036,#3037,#3038,#3039,#3040,
#3041,#3042,#3043,#3044,#3045,#3046),.UNSPECIFIED.,.F.,.F.,(4,2,2,2,2,2,
2,2,2,2,2,2,2,2,2,2,2,4),(18.2074682750752,18.2647486877633,18.3246767209881,
18.3863387008549,18.4456819602142,18.5077299798411,18.5685340115157,18.6273987607778,
18.689051457456,18.7491984891058,18.8087976343683,18.8705652194541,18.9300050644582,
18.9914914188934,19.0524281196563,19.1112737481535,19.1729110565797,19.1833773036467),
 .UNSPECIFIED.);
#282=B_SPLINE_CURVE_WITH_KNOTS('',3,(#3051,#3052,#3053,#3054,#3055,#3056,
#3057,#3058,#3059,#3060,#3061,#3062,#3063,#3064,#3065,#3066,#3067,#3068,
#3069,#3070,#3071,#3072,#3073,#3074,#3075,#3076,#3077,#3078,#3079,#3080,
#3081,#3082,#3083,#3084,#3085,#3086),.UNSPECIFIED.,.F.,.F.,(4,2,2,2,2,2,
2,2,2,2,2,2,2,2,2,2,2,4),(1.30304517410696,1.36187390187109,1.42103799627327,
1.4815779064368,1.54325239645933,1.60220709831323,1.66337272184399,1.72423659061145,
1.7838632119327,1.84583332752966,1.90511788713255,1.96544503989074,2.02707177509858,
2.0859155885642,2.14688377760646,2.20821078329959,2.26767280605813,2.27891452620724),
 .UNSPECIFIED.);
#283=B_SPLINE_CURVE_WITH_KNOTS('',3,(#3087,#3088,#3089,#3090,#3091,#3092,
#3093,#3094,#3095,#3096,#3097,#3098,#3099,#3100,#3101,#3102,#3103,#3104,
#3105,#3106,#3107,#3108,#3109,#3110,#3111,#3112,#3113,#3114,#3115,#3116,
#3117,#3118,#3119,#3120,#3121,#3122),.UNSPECIFIED.,.F.,.F.,(4,2,2,2,2,2,
2,2,2,2,2,2,2,2,2,2,2,4),(19.1833773036467,19.2332027848768,19.2925537124597,
19.3544837024029,19.414073633502,19.4750715857535,19.536192073404,19.5951195629162,
19.6567903965202,19.717280459514,19.7764815917456,19.8386286409859,19.8984201779486,
19.9590284185307,20.0203808998774,20.0794945233317,20.1412513922422,20.1598434668364),
 .UNSPECIFIED.);
#284=B_SPLINE_CURVE_WITH_KNOTS('',3,(#3127,#3128,#3129,#3130,#3131,#3132,
#3133,#3134,#3135,#3136,#3137,#3138,#3139,#3140,#3141,#3142,#3143,#3144,
#3145,#3146,#3147,#3148,#3149,#3150,#3151,#3152,#3153,#3154,#3155,#3156,
#3157,#3158,#3159,#3160,#3161,#3162,#3163,#3164),.UNSPECIFIED.,.F.,.F.,
(4,2,2,2,2,2,2,2,2,2,2,2,2,2,2,2,2,2,4),(0.3250320685449,0.32969499902966,
0.391465005084961,0.450461435982313,0.511312237034685,0.573066605767166,
0.632450670949636,0.694152100644369,0.754419896379868,0.814526837890292,
0.877012519712569,0.936165569132921,0.99696862181969,1.0587444388141,1.11791376685026,
1.17932435393227,1.23982977561735,1.29967195577931,1.30304517410696),
 .UNSPECIFIED.);
#285=B_SPLINE_CURVE_WITH_KNOTS('',3,(#3165,#3166,#3167,#3168,#3169,#3170,
#3171,#3172,#3173,#3174,#3175,#3176,#3177,#3178,#3179,#3180,#3181,#3182,
#3183,#3184,#3185,#3186,#3187,#3188,#3189,#3190,#3191,#3192,#3193,#3194,
#3195,#3196,#3197,#3198,#3199,#3200),.UNSPECIFIED.,.F.,.F.,(4,2,2,2,2,2,
2,2,2,2,2,2,2,2,2,2,2,4),(20.1598434668364,20.2019908577393,20.2611500828673,
20.3235666745478,20.3836094852043,20.4439453147859,20.5055760351304,20.5648931865695,
20.6266084930322,20.6873856227653,20.7463610730243,20.8080934510048,20.8682054178956,
20.9280816569607,20.9898024002376,21.0492010596998,21.1111414040671,21.137370405722),
 .UNSPECIFIED.);
#286=B_SPLINE_CURVE_WITH_KNOTS('',3,(#3206,#3207,#3208,#3209,#3210,#3211,
#3212,#3213,#3214,#3215,#3216,#3217,#3218,#3219,#3220,#3221),
 .UNSPECIFIED.,.F.,.F.,(4,2,2,2,2,2,2,4),(-0.474566924422213,-0.414500391308134,
-0.335552098865076,-0.259474813979912,-0.179906569760233,-0.101811451716538,
-0.0510824592987568,-9.99999999973245E-7),.UNSPECIFIED.);
#287=B_SPLINE_CURVE_WITH_KNOTS('',3,(#3224,#3225,#3226,#3227,#3228,#3229,
#3230,#3231,#3232,#3233,#3234,#3235),.UNSPECIFIED.,.F.,.F.,(4,2,2,2,2,4),
(-27.9712861518567,-27.8972149217623,-27.8258320224673,-27.7479250038943,
-27.6682376538432,-27.6556391601391),.UNSPECIFIED.);
#288=B_SPLINE_CURVE_WITH_KNOTS('',3,(#3240,#3241,#3242,#3243,#3244,#3245,
#3246,#3247,#3248,#3249,#3250,#3251,#3252,#3253,#3254,#3255,#3256,#3257,
#3258,#3259,#3260,#3261,#3262,#3263,#3264,#3265,#3266,#3267,#3268,#3269,
#3270,#3271,#3272,#3273,#3274,#3275),.UNSPECIFIED.,.F.,.F.,(4,2,2,2,2,2,
2,2,2,2,2,2,2,2,2,2,2,4),(-1.73491342964186,-1.66266734942838,-1.5841945163059,
-1.50823834110688,-1.42869181346673,-1.35108219491142,-1.27421620544182,
-1.19449041771853,-1.11777662141137,-1.03850417527441,-0.959817199563509,
-0.883865620831664,-0.804329243950516,-0.726500813076491,-0.649978194523286,
-0.570008560630225,-0.493074998292995,-0.474566924422213),.UNSPECIFIED.);
#289=B_SPLINE_CURVE_WITH_KNOTS('',3,(#3276,#3277,#3278,#3279,#3280,#3281,
#3282,#3283,#3284,#3285,#3286,#3287,#3288,#3289,#3290,#3291,#3292,#3293,
#3294,#3295,#3296,#3297,#3298,#3299,#3300,#3301,#3302,#3303,#3304,#3305,
#3306,#3307,#3308,#3309,#3310,#3311),.UNSPECIFIED.,.F.,.F.,(4,2,2,2,2,2,
2,2,2,2,2,2,2,2,2,2,2,4),(-27.6556391601391,-27.592152405571,-27.5133835155381,
-27.4337317673332,-27.356926791938,-27.2771104231155,-27.1999738867385,
-27.1222703403819,-27.0425606190322,-26.9664340759953,-26.8878643096362,
-26.8074011873997,-26.7307501021194,-26.6511062298803,-26.573500429481,
-26.4959447738273,-26.4161741906703,-26.3925608273379),.UNSPECIFIED.);
#290=B_SPLINE_CURVE_WITH_KNOTS('',3,(#3316,#3317,#3318,#3319,#3320,#3321,
#3322,#3323,#3324,#3325,#3326,#3327,#3328,#3329,#3330,#3331,#3332,#3333,
#3334,#3335,#3336,#3337,#3338,#3339,#3340,#3341,#3342,#3343,#3344,#3345,
#3346,#3347,#3348,#3349,#3350,#3351,#3352,#3353),.UNSPECIFIED.,.F.,.F.,
(4,2,2,2,2,2,2,2,2,2,2,2,2,2,2,2,2,2,4),(-2.99653653061387,-2.99263684893087,
-2.91301185841054,-2.83481615489468,-2.75849294667644,-2.67812482417576,
-2.60082771055028,-2.5228658123248,-2.44350855898723,-2.36712345301521,
-2.28755331027697,-2.20924048780821,-2.13316319012596,-2.05356717026482,
-1.97612219204495,-1.89881132500257,-1.81927491759144,-1.74273061107902,
-1.73491342964186),.UNSPECIFIED.);
#291=B_SPLINE_CURVE_WITH_KNOTS('',3,(#3354,#3355,#3356,#3357,#3358,#3359,
#3360,#3361,#3362,#3363,#3364,#3365,#3366,#3367,#3368,#3369,#3370,#3371,
#3372,#3373,#3374,#3375,#3376,#3377,#3378,#3379,#3380,#3381,#3382,#3383,
#3384,#3385,#3386,#3387,#3388,#3389),.UNSPECIFIED.,.F.,.F.,(4,2,2,2,2,2,
2,2,2,2,2,2,2,2,2,2,2,4),(-26.3925608273379,-26.3398959357292,-26.2614693167663,
-26.1817285166905,-26.1052273834756,-26.0257527854822,-25.9474507012254,
-25.8700318193549,-25.7895420932807,-25.7129790285491,-25.6346603072744,
-25.5548426857635,-25.4785392193517,-25.3993640711158,-25.3204808159545,
-25.2433234088216,-25.1631225612597,-25.1278183858036),.UNSPECIFIED.);
#292=B_SPLINE_CURVE_WITH_KNOTS('',3,(#3394,#3395,#3396,#3397,#3398,#3399,
#3400,#3401,#3402,#3403,#3404,#3405,#3406,#3407,#3408,#3409,#3410,#3411,
#3412,#3413,#3414,#3415,#3416,#3417,#3418,#3419,#3420,#3421,#3422,#3423,
#3424,#3425,#3426,#3427,#3428,#3429),.UNSPECIFIED.,.F.,.F.,(4,2,2,2,2,2,
2,2,2,2,2,2,2,2,2,2,2,4),(-4.25767538216328,-4.24214275612175,-4.16255593422384,
-4.08486428479685,-4.00802900992294,-3.92821521449127,-3.85141941978399,
-3.77224359069595,-3.69346524153255,-3.61745660647207,-3.53787213217595,
-3.45995186607014,-3.3834373536407,-3.30336986847353,-3.22634521198289,
-3.14784499398399,-3.06879678618678,-2.99653653061387),.UNSPECIFIED.);
#293=B_SPLINE_CURVE_WITH_KNOTS('',3,(#3430,#3431,#3432,#3433,#3434,#3435,
#3436,#3437,#3438,#3439,#3440,#3441,#3442,#3443,#3444,#3445,#3446,#3447,
#3448,#3449,#3450,#3451,#3452,#3453,#3454,#3455,#3456,#3457,#3458,#3459,
#3460,#3461,#3462,#3463,#3464,#3465),.UNSPECIFIED.,.F.,.F.,(4,2,2,2,2,2,
2,2,2,2,2,2,2,2,2,2,2,4),(-25.1278183858036,-25.0863298276707,-25.0082747620618,
-24.9284853462821,-24.8522962115964,-24.7733794220292,-24.6937861333977,
-24.6168449029852,-24.5368840352111,-24.4597364342489,-24.3818962482587,
-24.3020930134024,-24.2258880439904,-24.1471814813129,-24.0667886696291,
-23.9900126998946,-23.9102366496631,-23.863349077752),.UNSPECIFIED.);
#294=B_SPLINE_CURVE_WITH_KNOTS('',3,(#3470,#3471,#3472,#3473,#3474,#3475,
#3476,#3477,#3478,#3479,#3480,#3481,#3482,#3483,#3484,#3485,#3486,#3487,
#3488,#3489,#3490,#3491,#3492,#3493,#3494,#3495,#3496,#3497,#3498,#3499,
#3500,#3501,#3502,#3503,#3504,#3505),.UNSPECIFIED.,.F.,.F.,(4,2,2,2,2,2,
2,2,2,2,2,2,2,2,2,2,2,4),(-5.51950345320666,-5.49292065175589,-5.41248254391896,
-5.33512138475662,-5.25723543380419,-5.17780753015521,-5.10135651606599,
-5.02175059339201,-4.94336701131112,-4.86727747159875,-4.78764846808538,
-4.71013231449351,-4.6328686046377,-4.55325514762844,-4.47663895360107,
-4.39668623790583,-4.31813174984266,-4.25767538216328),.UNSPECIFIED.);
#295=B_SPLINE_CURVE_WITH_KNOTS('',3,(#3506,#3507,#3508,#3509,#3510,#3511,
#3512,#3513,#3514,#3515,#3516,#3517,#3518,#3519,#3520,#3521,#3522,#3523,
#3524,#3525,#3526,#3527,#3528,#3529,#3530,#3531,#3532,#3533,#3534,#3535,
#3536,#3537,#3538,#3539,#3540,#3541),.UNSPECIFIED.,.F.,.F.,(4,2,2,2,2,2,
2,2,2,2,2,2,2,2,2,2,2,4),(-23.863349077752,-23.8326353224628,-23.754955183972,
-23.6750988736224,-23.5987629889561,-23.5202118023461,-23.4403826861043,
-23.3637635865534,-23.2841642254424,-23.2058963094834,-23.1283611208119,
-23.0477470119736,-22.9711527625166,-22.8927162826455,-22.8128254207126,
-22.7364244415953,-22.6571320232289,-22.5974734263944),.UNSPECIFIED.);
#296=B_SPLINE_CURVE_WITH_KNOTS('',3,(#3546,#3547,#3548,#3549,#3550,#3551,
#3552,#3553,#3554,#3555,#3556,#3557,#3558,#3559,#3560,#3561,#3562,#3563,
#3564,#3565,#3566,#3567,#3568,#3569,#3570,#3571,#3572,#3573,#3574,#3575,
#3576,#3577,#3578,#3579,#3580,#3581),.UNSPECIFIED.,.F.,.F.,(4,2,2,2,2,2,
2,2,2,2,2,2,2,2,2,2,2,4),(-6.781115353809,-6.74274472513892,-6.66287850167497,
-6.58603498831298,-6.50698727779347,-6.42815296316177,-6.35211792170849,
-6.27252076351156,-6.19454365497742,-6.11806750259209,-6.03793820424608,
-5.96085714540662,-5.88246156949504,-5.8033494872766,-5.72713817278922,
-5.64749198940151,-5.56923130886577,-5.51950345320666),.UNSPECIFIED.);
#297=B_SPLINE_CURVE_WITH_KNOTS('',3,(#3582,#3583,#3584,#3585,#3586,#3587,
#3588,#3589,#3590,#3591,#3592,#3593,#3594,#3595,#3596,#3597,#3598,#3599,
#3600,#3601,#3602,#3603,#3604,#3605,#3606,#3607,#3608,#3609,#3610,#3611,
#3612,#3613,#3614,#3615,#3616,#3617),.UNSPECIFIED.,.F.,.F.,(4,2,2,2,2,2,
2,2,2,2,2,2,2,2,2,2,2,4),(-22.5974734263944,-22.5783110088083,-22.5010456509967,
-22.4207293958474,-22.343931446699,-22.2657675491064,-22.1859134880946,
-22.1096528383042,-22.0306275023483,-21.9511182072453,-21.8740784508975,
-21.7940123802359,-21.7168821277551,-21.6389432669598,-21.559083297709,
-21.4828313101784,-21.4040262784672,-21.3321093279328),.UNSPECIFIED.);
#298=B_SPLINE_CURVE_WITH_KNOTS('',3,(#3622,#3623,#3624,#3625,#3626,#3627,
#3628,#3629,#3630,#3631,#3632,#3633,#3634,#3635,#3636,#3637,#3638,#3639,
#3640,#3641,#3642,#3643,#3644,#3645,#3646,#3647,#3648,#3649,#3650,#3651,
#3652,#3653,#3654,#3655,#3656,#3657),.UNSPECIFIED.,.F.,.F.,(4,2,2,2,2,2,
2,2,2,2,2,2,2,2,2,2,2,4),(-8.04266522188799,-7.99196746725953,-7.91250370402666,
-7.83602033848518,-7.75641387823817,-7.67799408442136,-7.60192373287109,
-7.52229719663478,-7.44474403918412,-7.36755967292308,-7.28790433731991,
-7.21125015942075,-7.13144131652407,-7.05284011922872,-6.97684910209785,
-6.89725742242323,-6.81951829154143,-6.781115353809),.UNSPECIFIED.);
#299=B_SPLINE_CURVE_WITH_KNOTS('',3,(#3658,#3659,#3660,#3661,#3662,#3663,
#3664,#3665,#3666,#3667,#3668,#3669,#3670,#3671,#3672,#3673,#3674,#3675,
#3676,#3677,#3678,#3679,#3680,#3681,#3682,#3683,#3684,#3685,#3686,#3687,
#3688,#3689,#3690,#3691,#3692,#3693,#3694,#3695),.UNSPECIFIED.,.F.,.F.,
(4,2,2,2,2,2,2,2,2,2,2,2,2,2,2,2,2,2,4),(-21.3321093279328,-21.3237307264605,
-21.2468666659163,-21.1669967221364,-21.0894288576499,-21.0116612341729,
-20.9317556040023,-20.8553932640147,-20.7767548475014,-20.6968736813467,
-20.6201727196641,-20.5404861347069,-20.4622806114677,-20.3846653440564,
-20.3039645773907,-20.2273690496463,-20.148851398601,-20.0689231551558,
-20.0656017448459),.UNSPECIFIED.);
#300=B_SPLINE_CURVE_WITH_KNOTS('',3,(#3700,#3701,#3702,#3703,#3704,#3705,
#3706,#3707,#3708,#3709,#3710,#3711,#3712,#3713,#3714,#3715,#3716,#3717,
#3718,#3719,#3720,#3721,#3722,#3723,#3724,#3725,#3726,#3727,#3728,#3729,
#3730,#3731,#3732,#3733,#3734,#3735),.UNSPECIFIED.,.F.,.F.,(4,2,2,2,2,2,
2,2,2,2,2,2,2,2,2,2,2,4),(-9.30428113622757,-9.24155608167664,-9.1627002258009,
-9.08666929029061,-9.00709529011603,-8.92909529936231,-8.85268976106311,
-8.77253350885983,-8.69542970654851,-8.61717309786584,-8.53803175663629,
-8.46179929906477,-8.38216744011519,-8.3038759177727,-8.2276091595196,-8.14713610641626,
-8.06974470160033,-8.04266522188799),.UNSPECIFIED.);
#301=B_SPLINE_CURVE_WITH_KNOTS('',3,(#3736,#3737,#3738,#3739,#3740,#3741,
#3742,#3743,#3744,#3745,#3746,#3747,#3748,#3749,#3750,#3751,#3752,#3753,
#3754,#3755,#3756,#3757,#3758,#3759,#3760,#3761,#3762,#3763,#3764,#3765,
#3766,#3767,#3768,#3769,#3770,#3771),.UNSPECIFIED.,.F.,.F.,(4,2,2,2,2,2,
2,2,2,2,2,2,2,2,2,2,2,4),(-20.0656017448459,-19.992456550885,-19.9130838662876,
-19.8343536300185,-19.7570160139049,-19.6766214753734,-19.5998479980475,
-19.5216112629637,-19.4417283117051,-19.3654272166175,-19.2863297274221,
-19.206934062691,-19.1298309133053,-19.0496961468399,-18.9726133808698,
-18.8946112394536,-18.8147301904054,-18.7997280630733),.UNSPECIFIED.);
#302=B_SPLINE_CURVE_WITH_KNOTS('',3,(#3776,#3777,#3778,#3779,#3780,#3781,
#3782,#3783,#3784,#3785,#3786,#3787,#3788,#3789,#3790,#3791,#3792,#3793,
#3794,#3795,#3796,#3797,#3798,#3799,#3800,#3801,#3802,#3803,#3804,#3805,
#3806,#3807,#3808,#3809,#3810,#3811),.UNSPECIFIED.,.F.,.F.,(4,2,2,2,2,2,
2,2,2,2,2,2,2,2,2,2,2,4),(-10.5650701803028,-10.4903491103872,-10.4119273087052,
-10.3359088629792,-10.2563212081282,-10.1787648341509,-10.101695311024,
-10.0220327452842,-9.94537406474759,-9.86574790138735,-9.78713425929579,
-9.71117261943265,-9.63161222401219,-9.55385943819045,-9.47718086604724,
-9.39729692803216,-9.32043923443428,-9.30428113622757),.UNSPECIFIED.);
#303=B_SPLINE_CURVE_WITH_KNOTS('',3,(#3812,#3813,#3814,#3815,#3816,#3817,
#3818,#3819,#3820,#3821,#3822,#3823,#3824,#3825,#3826,#3827,#3828,#3829,
#3830,#3831,#3832,#3833,#3834,#3835,#3836,#3837,#3838,#3839,#3840,#3841,
#3842,#3843,#3844,#3845,#3846,#3847),.UNSPECIFIED.,.F.,.F.,(4,2,2,2,2,2,
2,2,2,2,2,2,2,2,2,2,2,4),(-18.7997280630733,-18.7384620729842,-18.6595943504414,
-18.5794273522923,-18.5025097992881,-18.422581889547,-18.3450785989266,
-18.2672583392885,-18.1873389430218,-18.1109813928031,-18.0322909590134,
-17.9523931145274,-17.8756444476414,-17.7959060856931,-17.7177942348583,
-17.640133255458,-17.5593815112698,-17.5333007038752),.UNSPECIFIED.);
#304=B_SPLINE_CURVE_WITH_KNOTS('',3,(#3852,#3853,#3854,#3855,#3856,#3857,
#3858,#3859,#3860,#3861,#3862,#3863,#3864,#3865,#3866,#3867,#3868,#3869,
#3870,#3871,#3872,#3873,#3874,#3875,#3876,#3877,#3878,#3879,#3880,#3881,
#3882,#3883,#3884,#3885,#3886,#3887,#3888,#3889),.UNSPECIFIED.,.F.,.F.,
(4,2,2,2,2,2,2,2,2,2,2,2,2,2,2,2,2,2,4),(-11.8261899052251,-11.8198994556555,
-11.7403861864994,-11.6623973591936,-11.586097628806,-11.5059492460725,
-11.4288564429712,-11.3507784629106,-11.2716423743278,-11.1954188093138,
-11.1158381770003,-11.0375497672522,-10.9613603065221,-10.8808870446503,
-10.8034990218469,-10.7258675497303,-10.6464023848635,-10.5699199814441,
-10.5650701803028),.UNSPECIFIED.);
#305=B_SPLINE_CURVE_WITH_KNOTS('',3,(#3890,#3891,#3892,#3893,#3894,#3895,
#3896,#3897,#3898,#3899,#3900,#3901,#3902,#3903,#3904,#3905,#3906,#3907,
#3908,#3909,#3910,#3911,#3912,#3913,#3914,#3915,#3916,#3917,#3918,#3919,
#3920,#3921,#3922,#3923,#3924,#3925),.UNSPECIFIED.,.F.,.F.,(4,2,2,2,2,2,
2,2,2,2,2,2,2,2,2,2,2,4),(-17.5333007038752,-17.482815516556,-17.4042514033898,
-17.3243212129792,-17.2478196380056,-17.1684018526921,-17.0897948198432,
-17.0124190540813,-16.9319816078482,-16.8552639594467,-16.7769887976619,
-16.6971125776245,-16.6208016320919,-16.541666842984,-16.46241899312,-16.3852863081751,
-16.305117935811,-16.2672335725831),.UNSPECIFIED.);
#306=B_SPLINE_CURVE_WITH_KNOTS('',3,(#3930,#3931,#3932,#3933,#3934,#3935,
#3936,#3937,#3938,#3939,#3940,#3941,#3942,#3943,#3944,#3945,#3946,#3947,
#3948,#3949,#3950,#3951,#3952,#3953,#3954,#3955,#3956,#3957,#3958,#3959,
#3960,#3961,#3962,#3963,#3964,#3965),.UNSPECIFIED.,.F.,.F.,(4,2,2,2,2,2,
2,2,2,2,2,2,2,2,2,2,2,4),(-13.0858283817096,-13.0679890938346,-12.9884790858145,
-12.9109540135124,-12.8340394906069,-12.7544049577664,-12.677775947624,
-12.5983784356809,-12.5197870660632,-12.4438876413178,-12.3643967258268,
-12.286664500389,-12.2101184675705,-12.1302517981538,-12.053413833884,-11.9747380089091,
-11.8958951921332,-11.8261899052251),.UNSPECIFIED.);
#307=B_SPLINE_CURVE_WITH_KNOTS('',3,(#3966,#3967,#3968,#3969,#3970,#3971,
#3972,#3973,#3974,#3975,#3976,#3977,#3978,#3979,#3980,#3981,#3982,#3983,
#3984,#3985,#3986,#3987,#3988,#3989,#3990,#3991,#3992,#3993,#3994,#3995,
#3996,#3997,#3998,#3999,#4000,#4001),.UNSPECIFIED.,.F.,.F.,(4,2,2,2,2,2,
2,2,2,2,2,2,2,2,2,2,2,4),(-16.2672335725831,-16.2281148951526,-16.1500836115247,
-16.0702172758274,-15.9939641671702,-15.9150683104291,-15.835066148991,
-15.7581287602739,-15.6781777548075,-15.6007730145608,-15.522934065367,
-15.4430368490611,-15.3667162223784,-15.288008115693,-15.2081292900467,
-15.1313663275579,-15.0527918166861,-15.0013829153228),.UNSPECIFIED.);
#308=B_SPLINE_CURVE_WITH_KNOTS('',3,(#4006,#4007,#4008,#4009,#4010,#4011,
#4012,#4013,#4014,#4015,#4016,#4017,#4018,#4019,#4020,#4021,#4022,#4023,
#4024,#4025,#4026,#4027,#4028,#4029,#4030,#4031,#4032,#4033,#4034,#4035,
#4036,#4037,#4038,#4039,#4040,#4041),.UNSPECIFIED.,.F.,.F.,(4,2,2,2,2,2,
2,2,2,2,2,2,2,2,2,2,2,4),(-14.3467012802943,-14.3178152909158,-14.2375166542774,
-14.1602827469499,-14.0822220263765,-14.0029353885638,-13.9266159338308,
-13.84707682874,-13.7688351468475,-13.6927596747586,-13.6131917639272,-13.5358185265174,
-13.4584415106612,-13.3789834088058,-13.3025119358074,-13.2223094409772,
-13.1439206255155,-13.0858283817096),.UNSPECIFIED.);
#309=B_SPLINE_CURVE_WITH_KNOTS('',3,(#4042,#4043,#4044,#4045,#4046,#4047,
#4048,#4049,#4050,#4051,#4052,#4053,#4054,#4055,#4056,#4057,#4058,#4059,
#4060,#4061,#4062,#4063,#4064,#4065,#4066,#4067,#4068,#4069,#4070,#4071,
#4072,#4073,#4074,#4075,#4076,#4077),.UNSPECIFIED.,.F.,.F.,(4,2,2,2,2,2,
2,2,2,2,2,2,2,2,2,2,2,4),(-15.0013829153228,-14.9762796099736,-14.8955143160376,
-14.8178432928448,-14.739842637006,-14.6600897911582,-14.5833291081176,
-14.5034479116099,-14.4247425533661,-14.348417194825,-14.2685171571417,
-14.1906810948364,-14.1132630250082,-14.0333155236112,-13.9563811704003,
-13.8763564558969,-13.7974647864154,-13.7352653791235),.UNSPECIFIED.);
#310=B_SPLINE_CURVE_WITH_KNOTS('',3,(#4082,#4083,#4084,#4085,#4086,#4087,
#4088,#4089,#4090,#4091,#4092,#4093,#4094,#4095,#4096,#4097,#4098,#4099,
#4100,#4101,#4102,#4103,#4104,#4105,#4106,#4107,#4108,#4109,#4110,#4111,
#4112,#4113,#4114,#4115,#4116,#4117),.UNSPECIFIED.,.F.,.F.,(4,2,2,2,2,2,
2,2,2,2,2,2,2,2,2,2,2,4),(-15.6079637658637,-15.5653357213335,-15.4874265875974,
-15.4078388245245,-15.3318309742429,-15.2530634041801,-15.1738382590647,
-15.0970507224378,-15.0191851746504,-14.9426153176895,-14.8626079231854,
-14.7856377107216,-14.707007355531,-14.6280219721427,-14.551907280514,-14.4722969203414,
-14.394165296356,-14.3467012802943),.UNSPECIFIED.);
#311=B_SPLINE_CURVE_WITH_KNOTS('',3,(#4118,#4119,#4120,#4121,#4122,#4123,
#4124,#4125,#4126,#4127,#4128,#4129,#4130,#4131,#4132,#4133,#4134,#4135,
#4136,#4137,#4138,#4139,#4140,#4141,#4142,#4143,#4144,#4145,#4146,#4147,
#4148,#4149,#4150,#4151,#4152,#4153),.UNSPECIFIED.,.F.,.F.,(4,2,2,2,2,2,
2,2,2,2,2,2,2,2,2,2,2,4),(-13.7352653791235,-13.7212100320027,-13.6413419158733,
-13.5633149581927,-13.4863012942197,-13.4061378721229,-13.329009557407,
-13.2497416107585,-13.1706122655109,-13.0943031426185,-13.0144262568181,
-12.9361566955925,-12.859431757377,-12.7790005384545,-12.7016303262564,
-12.6230066831336,-12.5435954103538,-12.4694791970523),.UNSPECIFIED.);
#312=B_SPLINE_CURVE_WITH_KNOTS('',3,(#4158,#4159,#4160,#4161,#4162,#4163,
#4164,#4165,#4166,#4167,#4168,#4169,#4170,#4171,#4172,#4173,#4174,#4175,
#4176,#4177,#4178,#4179,#4180,#4181,#4182,#4183,#4184,#4185,#4186,#4187,
#4188,#4189,#4190,#4191,#4192,#4193),.UNSPECIFIED.,.F.,.F.,(4,2,2,2,2,2,
2,2,2,2,2,2,2,2,2,2,2,4),(-16.8697255691455,-16.8160161380962,-16.7377190745816,
-16.6581531063877,-16.5817823190025,-16.5024406414397,-16.4244460028031,
-16.347162474141,-16.2668095697769,-16.1904744544644,-16.1122925420196,
-16.0326669846434,-15.9565159348351,-15.8774810956323,-15.7989389493498,
-15.7219253868671,-15.6418704522841,-15.6079637658637),.UNSPECIFIED.);
#313=B_SPLINE_CURVE_WITH_KNOTS('',3,(#4194,#4195,#4196,#4197,#4198,#4199,
#4200,#4201,#4202,#4203,#4204,#4205,#4206,#4207,#4208,#4209,#4210,#4211,
#4212,#4213,#4214,#4215,#4216,#4217,#4218,#4219,#4220,#4221,#4222,#4223,
#4224,#4225,#4226,#4227,#4228,#4229,#4230,#4231),.UNSPECIFIED.,.F.,.F.,
(4,2,2,2,2,2,2,2,2,2,2,2,2,2,2,2,2,2,4),(-12.4694791970523,-12.4670991298059,
-12.3871694866574,-12.308612076062,-12.2320424519479,-12.1512980422264,
-12.0736436553475,-11.9955193273127,-11.9157883942179,-11.839046580857,
-11.7591513222174,-11.6804683334667,-11.6041105409088,-11.5241933191045,
-11.4463805858969,-11.3688688308345,-11.2889491832864,-11.2120392633283,
-11.202822719944),.UNSPECIFIED.);
#314=B_SPLINE_CURVE_WITH_KNOTS('',3,(#4236,#4237,#4238,#4239,#4240,#4241,
#4242,#4243,#4244,#4245,#4246,#4247,#4248,#4249,#4250,#4251,#4252,#4253,
#4254,#4255,#4256,#4257,#4258,#4259,#4260,#4261,#4262,#4263,#4264,#4265,
#4266,#4267,#4268,#4269,#4270,#4271),.UNSPECIFIED.,.F.,.F.,(4,2,2,2,2,2,
2,2,2,2,2,2,2,2,2,2,2,4),(-18.130131024688,-18.0654042478367,-17.9867399227645,
-17.9074274023388,-17.8307333085374,-17.7510289032238,-17.6741448427409,
-17.5965548231663,-17.5170140070699,-17.4410607629837,-17.362607325277,
-17.2824996706917,-17.2059716934948,-17.1264530138247,-17.0491188565866,
-16.9716898590043,-16.8920971405026,-16.8697255691455),.UNSPECIFIED.);
#315=B_SPLINE_CURVE_WITH_KNOTS('',3,(#4272,#4273,#4274,#4275,#4276,#4277,
#4278,#4279,#4280,#4281,#4282,#4283,#4284,#4285,#4286,#4287,#4288,#4289,
#4290,#4291,#4292,#4293,#4294,#4295,#4296,#4297,#4298,#4299,#4300,#4301,
#4302,#4303,#4304,#4305,#4306,#4307),.UNSPECIFIED.,.F.,.F.,(4,2,2,2,2,2,
2,2,2,2,2,2,2,2,2,2,2,4),(-11.202822719944,-11.131855024808,-11.0529961952137,
-10.9767307431429,-10.8968528729551,-10.818859703206,-10.741770876734,-10.6616458283902,
-10.5845516553746,-10.5051408841898,-10.4260535671517,-10.3497584860572,
-10.2698797880095,-10.1916533182546,-10.1148769756253,-10.0344934529835,
-9.95716601378045,-9.93709376449496),.UNSPECIFIED.);
#316=B_SPLINE_CURVE_WITH_KNOTS('',3,(#4312,#4313,#4314,#4315,#4316,#4317,
#4318,#4319,#4320,#4321,#4322,#4323,#4324,#4325,#4326,#4327,#4328,#4329,
#4330,#4331,#4332,#4333,#4334,#4335,#4336,#4337,#4338,#4339,#4340,#4341,
#4342,#4343,#4344,#4345,#4346,#4347,#4348,#4349),.UNSPECIFIED.,.F.,.F.,
(4,2,2,2,2,2,2,2,2,2,2,2,2,2,2,2,2,2,4),(-19.3908340366476,-19.3905110113646,
-19.3142528699034,-19.2350304125092,-19.1569981622037,-19.0798256149799,
-18.9995915307059,-18.9232835814973,-18.8452140487777,-18.7656566876112,
-18.6895985155554,-18.6106755160095,-18.5320677854885,-18.4551569651171,
-18.3752120042243,-18.2986786313232,-18.2208730781879,-18.1413449758688,
-18.130131024688),.UNSPECIFIED.);
#317=B_SPLINE_CURVE_WITH_KNOTS('',3,(#4350,#4351,#4352,#4353,#4354,#4355,
#4356,#4357,#4358,#4359,#4360,#4361,#4362,#4363,#4364,#4365,#4366,#4367,
#4368,#4369,#4370,#4371,#4372,#4373,#4374,#4375,#4376,#4377,#4378,#4379,
#4380,#4381,#4382,#4383,#4384,#4385),.UNSPECIFIED.,.F.,.F.,(4,2,2,2,2,2,
2,2,2,2,2,2,2,2,2,2,2,4),(-9.93709376449496,-9.87842387022274,-9.79906245329738,
-9.72260529842434,-9.64268247759571,-9.56417621852736,-9.48758136371682,
-9.40689274552638,-9.32928871394156,-9.25107520571449,-9.17140082935492,
-9.09471133119108,-9.01483758971458,-8.93621136456266,-8.85985309751452,
-8.77995450905451,-8.70219910672637,-8.67062251451769),.UNSPECIFIED.);
#318=B_SPLINE_CURVE_WITH_KNOTS('',3,(#4390,#4391,#4392,#4393,#4394,#4395,
#4396,#4397,#4398,#4399,#4400,#4401,#4402,#4403,#4404,#4405,#4406,#4407,
#4408,#4409,#4410,#4411,#4412,#4413,#4414,#4415,#4416,#4417,#4418,#4419,
#4420,#4421,#4422,#4423,#4424,#4425),.UNSPECIFIED.,.F.,.F.,(4,2,2,2,2,2,
2,2,2,2,2,2,2,2,2,2,2,4),(-20.6500516777212,-20.6384650651799,-20.5619015855297,
-20.4823357902053,-20.4054590960482,-20.3280000447085,-20.2485474635829,
-20.1726681816873,-20.0943458214951,-20.0141647862546,-19.9377562415714,
-19.8583640552204,-19.7810217227787,-19.7037117336623,-19.6241995564824,
-19.5481718550375,-19.4699938408433,-19.3908340366476),.UNSPECIFIED.);
#319=B_SPLINE_CURVE_WITH_KNOTS('',3,(#4426,#4427,#4428,#4429,#4430,#4431,
#4432,#4433,#4434,#4435,#4436,#4437,#4438,#4439,#4440,#4441,#4442,#4443,
#4444,#4445,#4446,#4447,#4448,#4449,#4450,#4451,#4452,#4453,#4454,#4455,
#4456,#4457,#4458,#4459,#4460,#4461),.UNSPECIFIED.,.F.,.F.,(4,2,2,2,2,2,
2,2,2,2,2,2,2,2,2,2,2,4),(-8.67062251451769,-8.62462719222898,-8.54477034293999,
-8.46791857340225,-8.387610347185,-8.30881901003629,-8.23257391764963,-8.15272199312095,
-8.07479685127723,-7.99766479150995,-7.91761332806546,-7.84058725832598,
-7.76106717399437,-7.68205687582464,-7.60580645158563,-7.5259615071433,
-7.44781268364688,-7.4053390746226),.UNSPECIFIED.);
#320=B_SPLINE_CURVE_WITH_KNOTS('',3,(#4466,#4467,#4468,#4469,#4470,#4471,
#4472,#4473,#4474,#4475,#4476,#4477,#4478,#4479,#4480,#4481,#4482,#4483,
#4484,#4485,#4486,#4487,#4488,#4489,#4490,#4491,#4492,#4493,#4494,#4495,
#4496,#4497,#4498,#4499,#4500,#4501),.UNSPECIFIED.,.F.,.F.,(4,2,2,2,2,2,
2,2,2,2,2,2,2,2,2,2,2,4),(-21.9089486401524,-21.8864367586592,-21.8094140688282,
-21.7293393827674,-21.6530881052915,-21.575170206202,-21.4957181835042,
-21.4197864394038,-21.3410149281925,-21.2623669631412,-21.1855969350533,
-21.1058016131915,-21.029298207534,-20.9516345855157,-20.8722029201261,
-20.7963613209799,-20.717838975999,-20.6500516777212),.UNSPECIFIED.);
#321=B_SPLINE_CURVE_WITH_KNOTS('',3,(#4502,#4503,#4504,#4505,#4506,#4507,
#4508,#4509,#4510,#4511,#4512,#4513,#4514,#4515,#4516,#4517,#4518,#4519,
#4520,#4521,#4522,#4523,#4524,#4525,#4526,#4527,#4528,#4529,#4530,#4531,
#4532,#4533,#4534,#4535,#4536,#4537),.UNSPECIFIED.,.F.,.F.,(4,2,2,2,2,2,
2,2,2,2,2,2,2,2,2,2,2,4),(-7.4053390746226,-7.37101602172832,-7.29071573511698,
-7.21346532160577,-7.134636530314,-7.05536030988216,-6.97897305708043,-6.89909247801139,
-6.82067226135465,-6.74408282173553,-6.66348587746725,-6.58596674779512,
-6.50769488600606,-6.4281127208999,-6.35150988549589,-6.27169308119943,
-6.19315904338872,-6.13955085018774),.UNSPECIFIED.);
#322=B_SPLINE_CURVE_WITH_KNOTS('',3,(#4542,#4543,#4544,#4545,#4546,#4547,
#4548,#4549,#4550,#4551,#4552,#4553,#4554,#4555,#4556,#4557,#4558,#4559,
#4560,#4561,#4562,#4563,#4564,#4565,#4566,#4567,#4568,#4569,#4570,#4571,
#4572,#4573,#4574,#4575,#4576,#4577),.UNSPECIFIED.,.F.,.F.,(4,2,2,2,2,2,
2,2,2,2,2,2,2,2,2,2,2,4),(-23.1692423202435,-23.1354831440174,-23.0580004475699,
-22.9784790051756,-22.9025207593997,-22.8241731810239,-22.7446692512767,
-22.6682586000772,-22.5888685256908,-22.5112778915589,-22.4339619505112,
-22.3535644811112,-22.2774297687233,-22.1992143525978,-22.1196971768805,
-22.0435436797847,-21.9644808961973,-21.9089486401524),.UNSPECIFIED.);
#323=B_SPLINE_CURVE_WITH_KNOTS('',3,(#4578,#4579,#4580,#4581,#4582,#4583,
#4584,#4585,#4586,#4587,#4588,#4589,#4590,#4591,#4592,#4593,#4594,#4595,
#4596,#4597,#4598,#4599,#4600,#4601,#4602,#4603,#4604,#4605,#4606,#4607,
#4608,#4609,#4610,#4611,#4612,#4613),.UNSPECIFIED.,.F.,.F.,(4,2,2,2,2,2,
2,2,2,2,2,2,2,2,2,2,2,4),(-6.13955085018774,-6.11683148946002,-6.03698712933907,
-5.95932412160443,-5.88172283081556,-5.80196494700155,-5.72520614689353,
-5.64480460703394,-5.56611680425475,-5.48992298456434,-5.41013273679881,
-5.33231128437292,-5.25516586183007,-5.17522478357489,-5.09830222036532,
-5.01870188420879,-4.93980531123014,-4.87519382828866),.UNSPECIFIED.);
#324=B_SPLINE_CURVE_WITH_KNOTS('',3,(#4618,#4619,#4620,#4621,#4622,#4623,
#4624,#4625,#4626,#4627,#4628,#4629,#4630,#4631,#4632,#4633,#4634,#4635,
#4636,#4637,#4638,#4639,#4640,#4641,#4642,#4643,#4644,#4645,#4646,#4647,
#4648,#4649,#4650,#4651,#4652,#4653),.UNSPECIFIED.,.F.,.F.,(4,2,2,2,2,2,
2,2,2,2,2,2,2,2,2,2,2,4),(-24.4289502292297,-24.3840937050332,-24.3061721187969,
-24.2266678142395,-24.15070775144,-24.0719308032437,-23.9930856497658,-23.9163033728811,
-23.8364984859165,-23.7598712321021,-23.6821945990306,-23.6027020783773,
-23.5268056326507,-23.4482686822958,-23.3686770670163,-23.2920914934193,
-23.2125054711193,-23.1692423202435),.UNSPECIFIED.);
#325=B_SPLINE_CURVE_WITH_KNOTS('',3,(#4654,#4655,#4656,#4657,#4658,#4659,
#4660,#4661,#4662,#4663,#4664,#4665,#4666,#4667,#4668,#4669,#4670,#4671,
#4672,#4673,#4674,#4675,#4676,#4677,#4678,#4679,#4680,#4681,#4682,#4683,
#4684,#4685,#4686,#4687,#4688,#4689,#4690,#4691),.UNSPECIFIED.,.F.,.F.,
(4,2,2,2,2,2,2,2,2,2,2,2,2,2,2,2,2,2,4),(-4.87519382828866,-4.86363073723883,
-4.78385541551742,-4.70582054957518,-4.62903307554796,-4.54885349244555,
-4.4717161138272,-4.3928287156076,-4.31367505323244,-4.23738982268291,-4.15758749850474,
-4.07929027337989,-4.00273607997324,-3.92226892295646,-3.84487128214115,
-3.76656890395171,-3.68711688588646,-3.61063718986927,-3.61061155149563),
 .UNSPECIFIED.);
#326=B_SPLINE_CURVE_WITH_KNOTS('',3,(#4696,#4697,#4698,#4699,#4700,#4701,
#4702,#4703,#4704,#4705,#4706,#4707,#4708,#4709,#4710,#4711,#4712,#4713,
#4714,#4715,#4716,#4717,#4718,#4719,#4720,#4721,#4722,#4723,#4724,#4725,
#4726,#4727,#4728,#4729,#4730,#4731),.UNSPECIFIED.,.F.,.F.,(4,2,2,2,2,2,
2,2,2,2,2,2,2,2,2,2,2,4),(-25.6897896255351,-25.634033874492,-25.5556957661354,
-25.4761642767185,-25.3997599415694,-25.3203787870968,-25.2426510182608,
-25.1653390499918,-25.084949371389,-25.0087449228357,-24.9305338192127,
-24.8509736770148,-24.7748178407655,-24.6957573612553,-24.6175439279071,
-24.5405176489201,-24.4604427257998,-24.4289502292297),.UNSPECIFIED.);
#327=B_SPLINE_CURVE_WITH_KNOTS('',3,(#4732,#4733,#4734,#4735,#4736,#4737,
#4738,#4739,#4740,#4741,#4742,#4743,#4744,#4745,#4746,#4747,#4748,#4749,
#4750,#4751,#4752,#4753,#4754,#4755,#4756,#4757,#4758,#4759,#4760,#4761,
#4762,#4763,#4764,#4765,#4766,#4767),.UNSPECIFIED.,.F.,.F.,(4,2,2,2,2,2,
2,2,2,2,2,2,2,2,2,2,2,4),(-3.61061155149563,-3.53091381045803,-3.4525097003457,
-3.37624408418864,-3.29649057777788,-3.21895736786709,-3.14135543796776,
-3.06173524364576,-2.98510661936367,-2.90463813293161,-2.82609266155993,
-2.74998165387459,-2.67029012069444,-2.59261079450035,-2.51548021680134,
-2.43568932789473,-2.35890847664033,-2.3475968346808),.UNSPECIFIED.);
#328=B_SPLINE_CURVE_WITH_KNOTS('',3,(#4772,#4773,#4774,#4775,#4776,#4777,
#4778,#4779,#4780,#4781,#4782,#4783,#4784,#4785,#4786,#4787,#4788,#4789,
#4790,#4791,#4792,#4793,#4794,#4795,#4796,#4797,#4798,#4799,#4800,#4801,
#4802,#4803,#4804,#4805,#4806,#4807),.UNSPECIFIED.,.F.,.F.,(4,2,2,2,2,2,
2,2,2,2,2,2,2,2,2,2,2,4),(-26.9498075024505,-26.8827118167202,-26.803963847759,
-26.7249626990278,-26.6482018738956,-26.5684222158485,-26.4917075830599,
-26.4140519411013,-26.3345361497524,-26.2586172748754,-26.1801002064123,
-26.1003350656382,-26.0237612897789,-25.944190036687,-25.8670610387959,
-25.789588925027,-25.710036704649,-25.6897896255351),.UNSPECIFIED.);
#329=B_SPLINE_CURVE_WITH_KNOTS('',3,(#4808,#4809,#4810,#4811,#4812,#4813,
#4814,#4815,#4816,#4817,#4818,#4819,#4820,#4821,#4822,#4823,#4824,#4825,
#4826,#4827,#4828,#4829,#4830,#4831,#4832,#4833,#4834,#4835,#4836,#4837,
#4838,#4839,#4840,#4841,#4842,#4843),.UNSPECIFIED.,.F.,.F.,(4,2,2,2,2,2,
2,2,2,2,2,2,2,2,2,2,2,4),(-2.3475968346808,-2.27925285840971,-2.20050989907433,
-2.12444374529426,-2.04477551620102,-1.96689411260114,-1.89014429044202,
-1.81012630620055,-1.73314116671277,-1.65421962048954,-1.57522943442743,
-1.49908059707632,-1.41939445381191,-1.34126074635067,-1.2647713864325,
-1.18447594342428,-1.10723993127455,-1.08498136881577),.UNSPECIFIED.);
#330=B_SPLINE_CURVE_WITH_KNOTS('',3,(#4846,#4847,#4848,#4849,#4850,#4851,
#4852,#4853,#4854,#4855,#4856,#4857,#4858,#4859,#4860,#4861,#4862,#4863,
#4864,#4865,#4866,#4867,#4868,#4869,#4870,#4871,#4872,#4873,#4874,#4875,
#4876,#4877),.UNSPECIFIED.,.F.,.F.,(4,2,2,2,2,2,2,2,2,2,2,2,2,2,2,4),(-1.08498136881577,
-1.02893213916908,-0.94965216754781,-0.873288523136283,-0.793539837473717,
-0.715110157689579,-0.638745879330593,-0.558129138764575,-0.48060130928652,
-0.402757665055835,-0.323151398490542,-0.246532009328508,-0.16680105641502,
-0.0882402932169989,-0.0436522545453104,-1.00000008718126E-6),
 .UNSPECIFIED.);
#331=B_SPLINE_CURVE_WITH_KNOTS('',3,(#4880,#4881,#4882,#4883,#4884,#4885,
#4886,#4887,#4888,#4889,#4890,#4891,#4892,#4893,#4894,#4895,#4896,#4897,
#4898,#4899,#4900,#4901,#4902,#4903,#4904,#4905,#4906,#4907),
 .UNSPECIFIED.,.F.,.F.,(4,2,2,2,2,2,2,2,2,2,2,2,2,4),(-27.8736874221845,
-27.8063967247886,-27.7407643823058,-27.6625915437453,-27.5830249722353,
-27.5068968754592,-27.42787319053,-27.3495288787345,-27.272532691874,-27.1924923206464,
-27.1160800632244,-27.0381887743017,-26.95866931298,-26.9498075024505),
 .UNSPECIFIED.);
#332=B_SPLINE_CURVE_WITH_KNOTS('',3,(#4909,#4910,#4911,#4912,#4913,#4914,
#4915,#4916,#4917,#4918,#4919,#4920),.UNSPECIFIED.,.F.,.F.,(4,2,2,2,2,4),
(-0.229686477639863,-0.191675750777274,-0.151148664104078,-0.110147988905154,
-0.0612367639490887,-1.00000009925494E-6),.UNSPECIFIED.);
#333=B_SPLINE_CURVE_WITH_KNOTS('',3,(#4922,#4923,#4924,#4925,#4926,#4927,
#4928,#4929,#4930,#4931,#4932,#4933,#4934,#4935,#4936,#4937,#4938,#4939,
#4940,#4941,#4942,#4943,#4944,#4945),.UNSPECIFIED.,.F.,.F.,(4,2,2,2,2,2,
2,2,2,2,2,4),(-0.65349462758466,-0.618045569967253,-0.582420477602606,-0.549639610537517,
-0.523768537644947,-0.499763352189979,-0.467811461130829,-0.423989906100137,
-0.378667744145566,-0.324806553063875,-0.272963279569415,-0.246052296180934),
 .UNSPECIFIED.);
#334=B_SPLINE_CURVE_WITH_KNOTS('',3,(#4949,#4950,#4951,#4952,#4953,#4954,
#4955,#4956,#4957,#4958,#4959,#4960,#4961,#4962,#4963,#4964,#4965,#4966),
 .UNSPECIFIED.,.F.,.F.,(4,2,2,2,2,2,2,2,4),(-0.246052296180934,-0.229849162021544,
-0.195926105415136,-0.159466154658444,-0.12794656502604,-0.101516324515247,
-0.0642073135021817,-0.0309173275212587,-9.99999999917733E-7),
 .UNSPECIFIED.);
#335=B_SPLINE_CURVE_WITH_KNOTS('',3,(#4968,#4969,#4970,#4971,#4972,#4973,
#4974,#4975,#4976,#4977,#4978,#4979,#4980,#4981,#4982,#4983,#4984,#4985),
 .UNSPECIFIED.,.F.,.F.,(4,2,2,2,2,2,2,2,4),(21.137370405722,21.1720108196586,
21.2308977402234,21.2925798298871,21.3527945865954,21.4123595748385,21.4742002221509,
21.5305870897413,21.5855351353696),.UNSPECIFIED.);
#336=B_SPLINE_CURVE_WITH_KNOTS('',3,(#4986,#4987,#4988,#4989,#4990,#4991,
#4992,#4993,#4994,#4995,#4996,#4997,#4998,#4999),.UNSPECIFIED.,.F.,.F.,
(4,2,2,2,2,2,4),(1.00000012066143E-6,0.0450636799330586,0.0883895942580563,
0.147865333485625,0.209667525972557,0.269507479538205,0.3250320685449),
 .UNSPECIFIED.);
#337=B_SPLINE_CURVE_WITH_KNOTS('',3,(#5001,#5002,#5003,#5004,#5005,#5006,
#5007,#5008,#5009,#5010,#5011,#5012,#5013,#5014,#5015,#5016,#5017,#5018,
#5019,#5020,#5021,#5022,#5023,#5024,#5025,#5026,#5027,#5028,#5029,#5030,
#5031,#5032,#5033,#5034,#5035,#5036),.UNSPECIFIED.,.F.,.F.,(4,2,2,2,2,2,
2,2,2,2,2,2,2,2,2,2,2,4),(0.0401070215702891,0.0781202074001266,0.148844490067476,
0.230699150228838,0.306860455841483,0.40554647468086,0.52876577142484,0.653895697708361,
0.752224551116363,0.844338503080598,0.889775893850551,0.996312641305891,
1.11865588403168,1.24531418522602,1.33851643185187,1.42328742472523,1.48060609095968,
1.52407601644611),.UNSPECIFIED.);
#338=B_SPLINE_CURVE_WITH_KNOTS('',3,(#5038,#5039,#5040,#5041,#5042,#5043),
 .UNSPECIFIED.,.F.,.F.,(4,2,4),(9.99999998477014E-7,0.0532882776431193,
0.0829711029142899),.UNSPECIFIED.);
#339=LINE('',#1512,#398);
#340=LINE('',#1535,#399);
#341=LINE('',#1596,#400);
#342=LINE('',#1672,#401);
#343=LINE('',#1748,#402);
#344=LINE('',#1826,#403);
#345=LINE('',#1902,#404);
#346=LINE('',#1978,#405);
#347=LINE('',#2056,#406);
#348=LINE('',#2132,#407);
#349=LINE('',#2208,#408);
#350=LINE('',#2284,#409);
#351=LINE('',#2360,#410);
#352=LINE('',#2438,#411);
#353=LINE('',#2514,#412);
#354=LINE('',#2592,#413);
#355=LINE('',#2668,#414);
#356=LINE('',#2744,#415);
#357=LINE('',#2820,#416);
#358=LINE('',#2896,#417);
#359=LINE('',#2974,#418);
#360=LINE('',#3050,#419);
#361=LINE('',#3126,#420);
#362=LINE('',#3204,#421);
#363=LINE('',#3239,#422);
#364=LINE('',#3315,#423);
#365=LINE('',#3393,#424);
#366=LINE('',#3469,#425);
#367=LINE('',#3545,#426);
#368=LINE('',#3621,#427);
#369=LINE('',#3699,#428);
#370=LINE('',#3775,#429);
#371=LINE('',#3851,#430);
#372=LINE('',#3929,#431);
#373=LINE('',#4005,#432);
#374=LINE('',#4081,#433);
#375=LINE('',#4157,#434);
#376=LINE('',#4235,#435);
#377=LINE('',#4311,#436);
#378=LINE('',#4389,#437);
#379=LINE('',#4465,#438);
#380=LINE('',#4541,#439);
#381=LINE('',#4617,#440);
#382=LINE('',#4695,#441);
#383=LINE('',#4771,#442);
#384=LINE('',#4947,#443);
#385=LINE('',#5048,#444);
#386=LINE('',#5063,#445);
#387=LINE('',#5065,#446);
#388=LINE('',#5067,#447);
#389=LINE('',#5069,#448);
#390=LINE('',#5071,#449);
#391=LINE('',#5072,#450);
#392=LINE('',#5075,#451);
#393=LINE('',#5080,#452);
#394=LINE('',#5086,#453);
#395=LINE('',#5091,#454);
#396=LINE('',#5093,#455);
#397=LINE('',#5099,#456);
#398=VECTOR('',#1287,1.99999999999999);
#399=VECTOR('',#1292,1.54533666301315);
#400=VECTOR('',#1297,1.54533666301315);
#401=VECTOR('',#1300,1.54533666301315);
#402=VECTOR('',#1303,1.54533666301315);
#403=VECTOR('',#1306,1.54533666301315);
#404=VECTOR('',#1309,1.54533666301315);
#405=VECTOR('',#1312,1.54533666301315);
#406=VECTOR('',#1315,1.54533666301315);
#407=VECTOR('',#1318,1.54533666301315);
#408=VECTOR('',#1321,1.54533666301315);
#409=VECTOR('',#1324,1.54533666301315);
#410=VECTOR('',#1327,1.54533666301315);
#411=VECTOR('',#1330,1.54533666301315);
#412=VECTOR('',#1333,1.54533666301315);
#413=VECTOR('',#1336,1.54533666301315);
#414=VECTOR('',#1339,1.54533666301315);
#415=VECTOR('',#1342,1.54533666301315);
#416=VECTOR('',#1345,1.54533666301315);
#417=VECTOR('',#1348,1.54533666301315);
#418=VECTOR('',#1351,1.54533666301315);
#419=VECTOR('',#1354,1.54533666301315);
#420=VECTOR('',#1357,1.54533666301315);
#421=VECTOR('',#1360,1.99999999999999);
#422=VECTOR('',#1365,1.99999999999999);
#423=VECTOR('',#1368,1.99999999999999);
#424=VECTOR('',#1371,1.99999999999999);
#425=VECTOR('',#1374,1.99999999999999);
#426=VECTOR('',#1377,1.99999999999999);
#427=VECTOR('',#1380,1.99999999999999);
#428=VECTOR('',#1383,1.99999999999999);
#429=VECTOR('',#1386,1.99999999999999);
#430=VECTOR('',#1389,1.99999999999999);
#431=VECTOR('',#1392,1.99999999999999);
#432=VECTOR('',#1395,1.99999999999999);
#433=VECTOR('',#1398,1.99999999999999);
#434=VECTOR('',#1401,1.99999999999999);
#435=VECTOR('',#1404,1.99999999999999);
#436=VECTOR('',#1407,1.99999999999999);
#437=VECTOR('',#1410,1.99999999999999);
#438=VECTOR('',#1413,1.99999999999999);
#439=VECTOR('',#1416,1.99999999999999);
#440=VECTOR('',#1419,1.99999999999999);
#441=VECTOR('',#1422,1.99999999999999);
#442=VECTOR('',#1425,1.99999999999999);
#443=VECTOR('',#1432,1.47499999999999);
#444=VECTOR('',#1445,3.80000000000001);
#445=VECTOR('',#1458,1000.);
#446=VECTOR('',#1459,1000.);
#447=VECTOR('',#1460,1000.);
#448=VECTOR('',#1461,1000.);
#449=VECTOR('',#1462,1000.);
#450=VECTOR('',#1463,1000.);
#451=VECTOR('',#1466,1000.);
#452=VECTOR('',#1467,1000.);
#453=VECTOR('',#1470,1000.);
#454=VECTOR('',#1473,1000.);
#455=VECTOR('',#1476,1000.);
#456=VECTOR('',#1479,1000.);
#457=VERTEX_POINT('',#1510);
#458=VERTEX_POINT('',#1511);
#459=VERTEX_POINT('',#1513);
#460=VERTEX_POINT('',#1524);
#461=VERTEX_POINT('',#1533);
#462=VERTEX_POINT('',#1534);
#463=VERTEX_POINT('',#1536);
#464=VERTEX_POINT('',#1567);
#465=VERTEX_POINT('',#1594);
#466=VERTEX_POINT('',#1595);
#467=VERTEX_POINT('',#1670);
#468=VERTEX_POINT('',#1671);
#469=VERTEX_POINT('',#1746);
#470=VERTEX_POINT('',#1747);
#471=VERTEX_POINT('',#1824);
#472=VERTEX_POINT('',#1825);
#473=VERTEX_POINT('',#1900);
#474=VERTEX_POINT('',#1901);
#475=VERTEX_POINT('',#1976);
#476=VERTEX_POINT('',#1977);
#477=VERTEX_POINT('',#2054);
#478=VERTEX_POINT('',#2055);
#479=VERTEX_POINT('',#2130);
#480=VERTEX_POINT('',#2131);
#481=VERTEX_POINT('',#2206);
#482=VERTEX_POINT('',#2207);
#483=VERTEX_POINT('',#2282);
#484=VERTEX_POINT('',#2283);
#485=VERTEX_POINT('',#2358);
#486=VERTEX_POINT('',#2359);
#487=VERTEX_POINT('',#2436);
#488=VERTEX_POINT('',#2437);
#489=VERTEX_POINT('',#2512);
#490=VERTEX_POINT('',#2513);
#491=VERTEX_POINT('',#2590);
#492=VERTEX_POINT('',#2591);
#493=VERTEX_POINT('',#2666);
#494=VERTEX_POINT('',#2667);
#495=VERTEX_POINT('',#2742);
#496=VERTEX_POINT('',#2743);
#497=VERTEX_POINT('',#2818);
#498=VERTEX_POINT('',#2819);
#499=VERTEX_POINT('',#2894);
#500=VERTEX_POINT('',#2895);
#501=VERTEX_POINT('',#2972);
#502=VERTEX_POINT('',#2973);
#503=VERTEX_POINT('',#3048);
#504=VERTEX_POINT('',#3049);
#505=VERTEX_POINT('',#3124);
#506=VERTEX_POINT('',#3125);
#507=VERTEX_POINT('',#3202);
#508=VERTEX_POINT('',#3203);
#509=VERTEX_POINT('',#3205);
#510=VERTEX_POINT('',#3222);
#511=VERTEX_POINT('',#3237);
#512=VERTEX_POINT('',#3238);
#513=VERTEX_POINT('',#3313);
#514=VERTEX_POINT('',#3314);
#515=VERTEX_POINT('',#3391);
#516=VERTEX_POINT('',#3392);
#517=VERTEX_POINT('',#3467);
#518=VERTEX_POINT('',#3468);
#519=VERTEX_POINT('',#3543);
#520=VERTEX_POINT('',#3544);
#521=VERTEX_POINT('',#3619);
#522=VERTEX_POINT('',#3620);
#523=VERTEX_POINT('',#3697);
#524=VERTEX_POINT('',#3698);
#525=VERTEX_POINT('',#3773);
#526=VERTEX_POINT('',#3774);
#527=VERTEX_POINT('',#3849);
#528=VERTEX_POINT('',#3850);
#529=VERTEX_POINT('',#3927);
#530=VERTEX_POINT('',#3928);
#531=VERTEX_POINT('',#4003);
#532=VERTEX_POINT('',#4004);
#533=VERTEX_POINT('',#4079);
#534=VERTEX_POINT('',#4080);
#535=VERTEX_POINT('',#4155);
#536=VERTEX_POINT('',#4156);
#537=VERTEX_POINT('',#4233);
#538=VERTEX_POINT('',#4234);
#539=VERTEX_POINT('',#4309);
#540=VERTEX_POINT('',#4310);
#541=VERTEX_POINT('',#4387);
#542=VERTEX_POINT('',#4388);
#543=VERTEX_POINT('',#4463);
#544=VERTEX_POINT('',#4464);
#545=VERTEX_POINT('',#4539);
#546=VERTEX_POINT('',#4540);
#547=VERTEX_POINT('',#4615);
#548=VERTEX_POINT('',#4616);
#549=VERTEX_POINT('',#4693);
#550=VERTEX_POINT('',#4694);
#551=VERTEX_POINT('',#4769);
#552=VERTEX_POINT('',#4770);
#553=VERTEX_POINT('',#4845);
#554=VERTEX_POINT('',#4878);
#555=VERTEX_POINT('',#4921);
#556=VERTEX_POINT('',#4946);
#557=VERTEX_POINT('',#5045);
#558=VERTEX_POINT('',#5047);
#559=VERTEX_POINT('',#5051);
#560=VERTEX_POINT('',#5054);
#561=VERTEX_POINT('',#5055);
#562=VERTEX_POINT('',#5061);
#563=VERTEX_POINT('',#5062);
#564=VERTEX_POINT('',#5064);
#565=VERTEX_POINT('',#5066);
#566=VERTEX_POINT('',#5068);
#567=VERTEX_POINT('',#5070);
#568=VERTEX_POINT('',#5074);
#569=VERTEX_POINT('',#5076);
#570=VERTEX_POINT('',#5082);
#571=VERTEX_POINT('',#5095);
#572=EDGE_CURVE('',#457,#458,#339,.T.);
#573=EDGE_CURVE('',#457,#459,#240,.T.);
#574=EDGE_CURVE('',#459,#460,#225,.T.);
#575=EDGE_CURVE('',#460,#458,#241,.T.);
#576=EDGE_CURVE('',#461,#462,#340,.T.);
#577=EDGE_CURVE('',#463,#461,#242,.F.);
#578=EDGE_CURVE('',#463,#464,#226,.T.);
#579=EDGE_CURVE('',#464,#462,#243,.T.);
#580=EDGE_CURVE('',#465,#466,#341,.T.);
#581=EDGE_CURVE('',#461,#465,#244,.F.);
#582=EDGE_CURVE('',#462,#466,#245,.T.);
#583=EDGE_CURVE('',#467,#468,#342,.T.);
#584=EDGE_CURVE('',#465,#467,#246,.F.);
#585=EDGE_CURVE('',#466,#468,#247,.T.);
#586=EDGE_CURVE('',#469,#470,#343,.T.);
#587=EDGE_CURVE('',#467,#469,#248,.F.);
#588=EDGE_CURVE('',#468,#470,#249,.T.);
#589=EDGE_CURVE('',#471,#472,#344,.T.);
#590=EDGE_CURVE('',#469,#471,#250,.F.);
#591=EDGE_CURVE('',#470,#472,#251,.T.);
#592=EDGE_CURVE('',#473,#474,#345,.T.);
#593=EDGE_CURVE('',#471,#473,#252,.F.);
#594=EDGE_CURVE('',#472,#474,#253,.T.);
#595=EDGE_CURVE('',#475,#476,#346,.T.);
#596=EDGE_CURVE('',#473,#475,#254,.F.);
#597=EDGE_CURVE('',#474,#476,#255,.T.);
#598=EDGE_CURVE('',#477,#478,#347,.T.);
#599=EDGE_CURVE('',#475,#477,#256,.F.);
#600=EDGE_CURVE('',#476,#478,#257,.T.);
#601=EDGE_CURVE('',#479,#480,#348,.T.);
#602=EDGE_CURVE('',#477,#479,#258,.F.);
#603=EDGE_CURVE('',#478,#480,#259,.T.);
#604=EDGE_CURVE('',#481,#482,#349,.T.);
#605=EDGE_CURVE('',#479,#481,#260,.F.);
#606=EDGE_CURVE('',#480,#482,#261,.T.);
#607=EDGE_CURVE('',#483,#484,#350,.T.);
#608=EDGE_CURVE('',#481,#483,#262,.F.);
#609=EDGE_CURVE('',#482,#484,#263,.T.);
#610=EDGE_CURVE('',#485,#486,#351,.T.);
#611=EDGE_CURVE('',#483,#485,#264,.F.);
#612=EDGE_CURVE('',#484,#486,#265,.T.);
#613=EDGE_CURVE('',#487,#488,#352,.T.);
#614=EDGE_CURVE('',#485,#487,#266,.F.);
#615=EDGE_CURVE('',#486,#488,#267,.T.);
#616=EDGE_CURVE('',#489,#490,#353,.T.);
#617=EDGE_CURVE('',#487,#489,#268,.F.);
#618=EDGE_CURVE('',#488,#490,#269,.T.);
#619=EDGE_CURVE('',#491,#492,#354,.T.);
#620=EDGE_CURVE('',#489,#491,#270,.F.);
#621=EDGE_CURVE('',#490,#492,#271,.T.);
#622=EDGE_CURVE('',#493,#494,#355,.T.);
#623=EDGE_CURVE('',#491,#493,#272,.F.);
#624=EDGE_CURVE('',#492,#494,#273,.T.);
#625=EDGE_CURVE('',#495,#496,#356,.T.);
#626=EDGE_CURVE('',#493,#495,#274,.F.);
#627=EDGE_CURVE('',#494,#496,#275,.T.);
#628=EDGE_CURVE('',#497,#498,#357,.T.);
#629=EDGE_CURVE('',#495,#497,#276,.F.);
#630=EDGE_CURVE('',#496,#498,#277,.T.);
#631=EDGE_CURVE('',#499,#500,#358,.T.);
#632=EDGE_CURVE('',#497,#499,#278,.F.);
#633=EDGE_CURVE('',#498,#500,#279,.T.);
#634=EDGE_CURVE('',#501,#502,#359,.T.);
#635=EDGE_CURVE('',#499,#501,#280,.F.);
#636=EDGE_CURVE('',#500,#502,#281,.T.);
#637=EDGE_CURVE('',#503,#504,#360,.T.);
#638=EDGE_CURVE('',#501,#503,#282,.F.);
#639=EDGE_CURVE('',#502,#504,#283,.T.);
#640=EDGE_CURVE('',#505,#506,#361,.T.);
#641=EDGE_CURVE('',#503,#505,#284,.F.);
#642=EDGE_CURVE('',#504,#506,#285,.T.);
#643=EDGE_CURVE('',#507,#508,#362,.T.);
#644=EDGE_CURVE('',#509,#507,#286,.F.);
#645=EDGE_CURVE('',#509,#510,#227,.T.);
#646=EDGE_CURVE('',#508,#510,#287,.F.);
#647=EDGE_CURVE('',#511,#512,#363,.T.);
#648=EDGE_CURVE('',#507,#511,#288,.F.);
#649=EDGE_CURVE('',#512,#508,#289,.F.);
#650=EDGE_CURVE('',#513,#514,#364,.T.);
#651=EDGE_CURVE('',#511,#513,#290,.F.);
#652=EDGE_CURVE('',#514,#512,#291,.F.);
#653=EDGE_CURVE('',#515,#516,#365,.T.);
#654=EDGE_CURVE('',#513,#515,#292,.F.);
#655=EDGE_CURVE('',#516,#514,#293,.F.);
#656=EDGE_CURVE('',#517,#518,#366,.T.);
#657=EDGE_CURVE('',#515,#517,#294,.F.);
#658=EDGE_CURVE('',#518,#516,#295,.F.);
#659=EDGE_CURVE('',#519,#520,#367,.T.);
#660=EDGE_CURVE('',#517,#519,#296,.F.);
#661=EDGE_CURVE('',#520,#518,#297,.F.);
#662=EDGE_CURVE('',#521,#522,#368,.T.);
#663=EDGE_CURVE('',#519,#521,#298,.F.);
#664=EDGE_CURVE('',#522,#520,#299,.F.);
#665=EDGE_CURVE('',#523,#524,#369,.T.);
#666=EDGE_CURVE('',#521,#523,#300,.F.);
#667=EDGE_CURVE('',#524,#522,#301,.F.);
#668=EDGE_CURVE('',#525,#526,#370,.T.);
#669=EDGE_CURVE('',#523,#525,#302,.F.);
#670=EDGE_CURVE('',#526,#524,#303,.F.);
#671=EDGE_CURVE('',#527,#528,#371,.T.);
#672=EDGE_CURVE('',#525,#527,#304,.F.);
#673=EDGE_CURVE('',#528,#526,#305,.F.);
#674=EDGE_CURVE('',#529,#530,#372,.T.);
#675=EDGE_CURVE('',#527,#529,#306,.F.);
#676=EDGE_CURVE('',#530,#528,#307,.F.);
#677=EDGE_CURVE('',#531,#532,#373,.T.);
#678=EDGE_CURVE('',#529,#531,#308,.F.);
#679=EDGE_CURVE('',#532,#530,#309,.F.);
#680=EDGE_CURVE('',#533,#534,#374,.T.);
#681=EDGE_CURVE('',#531,#533,#310,.F.);
#682=EDGE_CURVE('',#534,#532,#311,.F.);
#683=EDGE_CURVE('',#535,#536,#375,.T.);
#684=EDGE_CURVE('',#533,#535,#312,.F.);
#685=EDGE_CURVE('',#536,#534,#313,.F.);
#686=EDGE_CURVE('',#537,#538,#376,.T.);
#687=EDGE_CURVE('',#535,#537,#314,.F.);
#688=EDGE_CURVE('',#538,#536,#315,.F.);
#689=EDGE_CURVE('',#539,#540,#377,.T.);
#690=EDGE_CURVE('',#537,#539,#316,.F.);
#691=EDGE_CURVE('',#540,#538,#317,.F.);
#692=EDGE_CURVE('',#541,#542,#378,.T.);
#693=EDGE_CURVE('',#539,#541,#318,.F.);
#694=EDGE_CURVE('',#542,#540,#319,.F.);
#695=EDGE_CURVE('',#543,#544,#379,.T.);
#696=EDGE_CURVE('',#541,#543,#320,.F.);
#697=EDGE_CURVE('',#544,#542,#321,.F.);
#698=EDGE_CURVE('',#545,#546,#380,.T.);
#699=EDGE_CURVE('',#543,#545,#322,.F.);
#700=EDGE_CURVE('',#546,#544,#323,.F.);
#701=EDGE_CURVE('',#547,#548,#381,.T.);
#702=EDGE_CURVE('',#545,#547,#324,.F.);
#703=EDGE_CURVE('',#548,#546,#325,.F.);
#704=EDGE_CURVE('',#549,#550,#382,.T.);
#705=EDGE_CURVE('',#547,#549,#326,.F.);
#706=EDGE_CURVE('',#550,#548,#327,.F.);
#707=EDGE_CURVE('',#551,#552,#383,.T.);
#708=EDGE_CURVE('',#549,#551,#328,.F.);
#709=EDGE_CURVE('',#552,#550,#329,.F.);
#710=EDGE_CURVE('',#553,#552,#330,.F.);
#711=EDGE_CURVE('',#553,#554,#228,.T.);
#712=EDGE_CURVE('',#551,#554,#331,.F.);
#713=EDGE_CURVE('',#510,#463,#332,.F.);
#714=EDGE_CURVE('',#555,#509,#333,.F.);
#715=EDGE_CURVE('',#555,#556,#384,.T.);
#716=EDGE_CURVE('',#556,#556,#229,.T.);
#717=EDGE_CURVE('',#464,#555,#334,.F.);
#718=EDGE_CURVE('',#506,#460,#335,.T.);
#719=EDGE_CURVE('',#505,#459,#336,.F.);
#720=EDGE_CURVE('',#458,#554,#337,.T.);
#721=EDGE_CURVE('',#554,#553,#230,.T.);
#722=EDGE_CURVE('',#553,#457,#338,.T.);
#723=EDGE_CURVE('',#557,#557,#231,.T.);
#724=EDGE_CURVE('',#557,#558,#385,.T.);
#725=EDGE_CURVE('',#558,#558,#232,.T.);
#726=EDGE_CURVE('',#559,#559,#233,.T.);
#727=EDGE_CURVE('',#560,#561,#27,.F.);
#728=EDGE_CURVE('',#560,#561,#234,.T.);
#729=EDGE_CURVE('',#562,#563,#386,.T.);
#730=EDGE_CURVE('',#563,#564,#387,.T.);
#731=EDGE_CURVE('',#564,#565,#388,.T.);
#732=EDGE_CURVE('',#565,#566,#389,.T.);
#733=EDGE_CURVE('',#566,#567,#390,.T.);
#734=EDGE_CURVE('',#567,#562,#391,.T.);
#735=EDGE_CURVE('',#566,#568,#392,.T.);
#736=EDGE_CURVE('',#568,#569,#28,.T.);
#737=EDGE_CURVE('',#567,#569,#393,.T.);
#738=EDGE_CURVE('',#569,#570,#29,.T.);
#739=EDGE_CURVE('',#562,#570,#394,.T.);
#740=EDGE_CURVE('',#570,#560,#30,.T.);
#741=EDGE_CURVE('',#563,#560,#395,.T.);
#742=EDGE_CURVE('',#564,#561,#396,.T.);
#743=EDGE_CURVE('',#561,#571,#31,.T.);
#744=EDGE_CURVE('',#565,#571,#397,.T.);
#745=EDGE_CURVE('',#571,#568,#32,.T.);
#746=EDGE_CURVE('',#568,#569,#235,.T.);
#747=EDGE_CURVE('',#569,#570,#236,.T.);
#748=EDGE_CURVE('',#570,#560,#237,.T.);
#749=EDGE_CURVE('',#561,#571,#238,.T.);
#750=EDGE_CURVE('',#571,#568,#239,.T.);
#751=ORIENTED_EDGE('',*,*,#572,.F.);
#752=ORIENTED_EDGE('',*,*,#573,.T.);
#753=ORIENTED_EDGE('',*,*,#574,.T.);
#754=ORIENTED_EDGE('',*,*,#575,.T.);
#755=ORIENTED_EDGE('',*,*,#576,.F.);
#756=ORIENTED_EDGE('',*,*,#577,.F.);
#757=ORIENTED_EDGE('',*,*,#578,.T.);
#758=ORIENTED_EDGE('',*,*,#579,.T.);
#759=ORIENTED_EDGE('',*,*,#580,.F.);
#760=ORIENTED_EDGE('',*,*,#581,.F.);
#761=ORIENTED_EDGE('',*,*,#576,.T.);
#762=ORIENTED_EDGE('',*,*,#582,.T.);
#763=ORIENTED_EDGE('',*,*,#583,.F.);
#764=ORIENTED_EDGE('',*,*,#584,.F.);
#765=ORIENTED_EDGE('',*,*,#580,.T.);
#766=ORIENTED_EDGE('',*,*,#585,.T.);
#767=ORIENTED_EDGE('',*,*,#586,.F.);
#768=ORIENTED_EDGE('',*,*,#587,.F.);
#769=ORIENTED_EDGE('',*,*,#583,.T.);
#770=ORIENTED_EDGE('',*,*,#588,.T.);
#771=ORIENTED_EDGE('',*,*,#589,.F.);
#772=ORIENTED_EDGE('',*,*,#590,.F.);
#773=ORIENTED_EDGE('',*,*,#586,.T.);
#774=ORIENTED_EDGE('',*,*,#591,.T.);
#775=ORIENTED_EDGE('',*,*,#592,.F.);
#776=ORIENTED_EDGE('',*,*,#593,.F.);
#777=ORIENTED_EDGE('',*,*,#589,.T.);
#778=ORIENTED_EDGE('',*,*,#594,.T.);
#779=ORIENTED_EDGE('',*,*,#595,.F.);
#780=ORIENTED_EDGE('',*,*,#596,.F.);
#781=ORIENTED_EDGE('',*,*,#592,.T.);
#782=ORIENTED_EDGE('',*,*,#597,.T.);
#783=ORIENTED_EDGE('',*,*,#598,.F.);
#784=ORIENTED_EDGE('',*,*,#599,.F.);
#785=ORIENTED_EDGE('',*,*,#595,.T.);
#786=ORIENTED_EDGE('',*,*,#600,.T.);
#787=ORIENTED_EDGE('',*,*,#601,.F.);
#788=ORIENTED_EDGE('',*,*,#602,.F.);
#789=ORIENTED_EDGE('',*,*,#598,.T.);
#790=ORIENTED_EDGE('',*,*,#603,.T.);
#791=ORIENTED_EDGE('',*,*,#604,.F.);
#792=ORIENTED_EDGE('',*,*,#605,.F.);
#793=ORIENTED_EDGE('',*,*,#601,.T.);
#794=ORIENTED_EDGE('',*,*,#606,.T.);
#795=ORIENTED_EDGE('',*,*,#607,.F.);
#796=ORIENTED_EDGE('',*,*,#608,.F.);
#797=ORIENTED_EDGE('',*,*,#604,.T.);
#798=ORIENTED_EDGE('',*,*,#609,.T.);
#799=ORIENTED_EDGE('',*,*,#610,.F.);
#800=ORIENTED_EDGE('',*,*,#611,.F.);
#801=ORIENTED_EDGE('',*,*,#607,.T.);
#802=ORIENTED_EDGE('',*,*,#612,.T.);
#803=ORIENTED_EDGE('',*,*,#613,.F.);
#804=ORIENTED_EDGE('',*,*,#614,.F.);
#805=ORIENTED_EDGE('',*,*,#610,.T.);
#806=ORIENTED_EDGE('',*,*,#615,.T.);
#807=ORIENTED_EDGE('',*,*,#616,.F.);
#808=ORIENTED_EDGE('',*,*,#617,.F.);
#809=ORIENTED_EDGE('',*,*,#613,.T.);
#810=ORIENTED_EDGE('',*,*,#618,.T.);
#811=ORIENTED_EDGE('',*,*,#619,.F.);
#812=ORIENTED_EDGE('',*,*,#620,.F.);
#813=ORIENTED_EDGE('',*,*,#616,.T.);
#814=ORIENTED_EDGE('',*,*,#621,.T.);
#815=ORIENTED_EDGE('',*,*,#622,.F.);
#816=ORIENTED_EDGE('',*,*,#623,.F.);
#817=ORIENTED_EDGE('',*,*,#619,.T.);
#818=ORIENTED_EDGE('',*,*,#624,.T.);
#819=ORIENTED_EDGE('',*,*,#625,.F.);
#820=ORIENTED_EDGE('',*,*,#626,.F.);
#821=ORIENTED_EDGE('',*,*,#622,.T.);
#822=ORIENTED_EDGE('',*,*,#627,.T.);
#823=ORIENTED_EDGE('',*,*,#628,.F.);
#824=ORIENTED_EDGE('',*,*,#629,.F.);
#825=ORIENTED_EDGE('',*,*,#625,.T.);
#826=ORIENTED_EDGE('',*,*,#630,.T.);
#827=ORIENTED_EDGE('',*,*,#631,.F.);
#828=ORIENTED_EDGE('',*,*,#632,.F.);
#829=ORIENTED_EDGE('',*,*,#628,.T.);
#830=ORIENTED_EDGE('',*,*,#633,.T.);
#831=ORIENTED_EDGE('',*,*,#634,.F.);
#832=ORIENTED_EDGE('',*,*,#635,.F.);
#833=ORIENTED_EDGE('',*,*,#631,.T.);
#834=ORIENTED_EDGE('',*,*,#636,.T.);
#835=ORIENTED_EDGE('',*,*,#637,.F.);
#836=ORIENTED_EDGE('',*,*,#638,.F.);
#837=ORIENTED_EDGE('',*,*,#634,.T.);
#838=ORIENTED_EDGE('',*,*,#639,.T.);
#839=ORIENTED_EDGE('',*,*,#640,.F.);
#840=ORIENTED_EDGE('',*,*,#641,.F.);
#841=ORIENTED_EDGE('',*,*,#637,.T.);
#842=ORIENTED_EDGE('',*,*,#642,.T.);
#843=ORIENTED_EDGE('',*,*,#643,.F.);
#844=ORIENTED_EDGE('',*,*,#644,.F.);
#845=ORIENTED_EDGE('',*,*,#645,.T.);
#846=ORIENTED_EDGE('',*,*,#646,.F.);
#847=ORIENTED_EDGE('',*,*,#647,.F.);
#848=ORIENTED_EDGE('',*,*,#648,.F.);
#849=ORIENTED_EDGE('',*,*,#643,.T.);
#850=ORIENTED_EDGE('',*,*,#649,.F.);
#851=ORIENTED_EDGE('',*,*,#650,.F.);
#852=ORIENTED_EDGE('',*,*,#651,.F.);
#853=ORIENTED_EDGE('',*,*,#647,.T.);
#854=ORIENTED_EDGE('',*,*,#652,.F.);
#855=ORIENTED_EDGE('',*,*,#653,.F.);
#856=ORIENTED_EDGE('',*,*,#654,.F.);
#857=ORIENTED_EDGE('',*,*,#650,.T.);
#858=ORIENTED_EDGE('',*,*,#655,.F.);
#859=ORIENTED_EDGE('',*,*,#656,.F.);
#860=ORIENTED_EDGE('',*,*,#657,.F.);
#861=ORIENTED_EDGE('',*,*,#653,.T.);
#862=ORIENTED_EDGE('',*,*,#658,.F.);
#863=ORIENTED_EDGE('',*,*,#659,.F.);
#864=ORIENTED_EDGE('',*,*,#660,.F.);
#865=ORIENTED_EDGE('',*,*,#656,.T.);
#866=ORIENTED_EDGE('',*,*,#661,.F.);
#867=ORIENTED_EDGE('',*,*,#662,.F.);
#868=ORIENTED_EDGE('',*,*,#663,.F.);
#869=ORIENTED_EDGE('',*,*,#659,.T.);
#870=ORIENTED_EDGE('',*,*,#664,.F.);
#871=ORIENTED_EDGE('',*,*,#665,.F.);
#872=ORIENTED_EDGE('',*,*,#666,.F.);
#873=ORIENTED_EDGE('',*,*,#662,.T.);
#874=ORIENTED_EDGE('',*,*,#667,.F.);
#875=ORIENTED_EDGE('',*,*,#668,.F.);
#876=ORIENTED_EDGE('',*,*,#669,.F.);
#877=ORIENTED_EDGE('',*,*,#665,.T.);
#878=ORIENTED_EDGE('',*,*,#670,.F.);
#879=ORIENTED_EDGE('',*,*,#671,.F.);
#880=ORIENTED_EDGE('',*,*,#672,.F.);
#881=ORIENTED_EDGE('',*,*,#668,.T.);
#882=ORIENTED_EDGE('',*,*,#673,.F.);
#883=ORIENTED_EDGE('',*,*,#674,.F.);
#884=ORIENTED_EDGE('',*,*,#675,.F.);
#885=ORIENTED_EDGE('',*,*,#671,.T.);
#886=ORIENTED_EDGE('',*,*,#676,.F.);
#887=ORIENTED_EDGE('',*,*,#677,.F.);
#888=ORIENTED_EDGE('',*,*,#678,.F.);
#889=ORIENTED_EDGE('',*,*,#674,.T.);
#890=ORIENTED_EDGE('',*,*,#679,.F.);
#891=ORIENTED_EDGE('',*,*,#680,.F.);
#892=ORIENTED_EDGE('',*,*,#681,.F.);
#893=ORIENTED_EDGE('',*,*,#677,.T.);
#894=ORIENTED_EDGE('',*,*,#682,.F.);
#895=ORIENTED_EDGE('',*,*,#683,.F.);
#896=ORIENTED_EDGE('',*,*,#684,.F.);
#897=ORIENTED_EDGE('',*,*,#680,.T.);
#898=ORIENTED_EDGE('',*,*,#685,.F.);
#899=ORIENTED_EDGE('',*,*,#686,.F.);
#900=ORIENTED_EDGE('',*,*,#687,.F.);
#901=ORIENTED_EDGE('',*,*,#683,.T.);
#902=ORIENTED_EDGE('',*,*,#688,.F.);
#903=ORIENTED_EDGE('',*,*,#689,.F.);
#904=ORIENTED_EDGE('',*,*,#690,.F.);
#905=ORIENTED_EDGE('',*,*,#686,.T.);
#906=ORIENTED_EDGE('',*,*,#691,.F.);
#907=ORIENTED_EDGE('',*,*,#692,.F.);
#908=ORIENTED_EDGE('',*,*,#693,.F.);
#909=ORIENTED_EDGE('',*,*,#689,.T.);
#910=ORIENTED_EDGE('',*,*,#694,.F.);
#911=ORIENTED_EDGE('',*,*,#695,.F.);
#912=ORIENTED_EDGE('',*,*,#696,.F.);
#913=ORIENTED_EDGE('',*,*,#692,.T.);
#914=ORIENTED_EDGE('',*,*,#697,.F.);
#915=ORIENTED_EDGE('',*,*,#698,.F.);
#916=ORIENTED_EDGE('',*,*,#699,.F.);
#917=ORIENTED_EDGE('',*,*,#695,.T.);
#918=ORIENTED_EDGE('',*,*,#700,.F.);
#919=ORIENTED_EDGE('',*,*,#701,.F.);
#920=ORIENTED_EDGE('',*,*,#702,.F.);
#921=ORIENTED_EDGE('',*,*,#698,.T.);
#922=ORIENTED_EDGE('',*,*,#703,.F.);
#923=ORIENTED_EDGE('',*,*,#704,.F.);
#924=ORIENTED_EDGE('',*,*,#705,.F.);
#925=ORIENTED_EDGE('',*,*,#701,.T.);
#926=ORIENTED_EDGE('',*,*,#706,.F.);
#927=ORIENTED_EDGE('',*,*,#707,.F.);
#928=ORIENTED_EDGE('',*,*,#708,.F.);
#929=ORIENTED_EDGE('',*,*,#704,.T.);
#930=ORIENTED_EDGE('',*,*,#709,.F.);
#931=ORIENTED_EDGE('',*,*,#707,.T.);
#932=ORIENTED_EDGE('',*,*,#710,.F.);
#933=ORIENTED_EDGE('',*,*,#711,.T.);
#934=ORIENTED_EDGE('',*,*,#712,.F.);
#935=ORIENTED_EDGE('',*,*,#578,.F.);
#936=ORIENTED_EDGE('',*,*,#713,.F.);
#937=ORIENTED_EDGE('',*,*,#645,.F.);
#938=ORIENTED_EDGE('',*,*,#714,.F.);
#939=ORIENTED_EDGE('',*,*,#715,.T.);
#940=ORIENTED_EDGE('',*,*,#716,.T.);
#941=ORIENTED_EDGE('',*,*,#715,.F.);
#942=ORIENTED_EDGE('',*,*,#717,.F.);
#943=ORIENTED_EDGE('',*,*,#640,.T.);
#944=ORIENTED_EDGE('',*,*,#718,.T.);
#945=ORIENTED_EDGE('',*,*,#574,.F.);
#946=ORIENTED_EDGE('',*,*,#719,.F.);
#947=ORIENTED_EDGE('',*,*,#572,.T.);
#948=ORIENTED_EDGE('',*,*,#720,.T.);
#949=ORIENTED_EDGE('',*,*,#721,.T.);
#950=ORIENTED_EDGE('',*,*,#722,.T.);
#951=ORIENTED_EDGE('',*,*,#723,.F.);
#952=ORIENTED_EDGE('',*,*,#724,.T.);
#953=ORIENTED_EDGE('',*,*,#725,.T.);
#954=ORIENTED_EDGE('',*,*,#724,.F.);
#955=ORIENTED_EDGE('',*,*,#723,.T.);
#956=ORIENTED_EDGE('',*,*,#726,.F.);
#957=ORIENTED_EDGE('',*,*,#727,.F.);
#958=ORIENTED_EDGE('',*,*,#728,.T.);
#959=ORIENTED_EDGE('',*,*,#729,.T.);
#960=ORIENTED_EDGE('',*,*,#730,.T.);
#961=ORIENTED_EDGE('',*,*,#731,.T.);
#962=ORIENTED_EDGE('',*,*,#732,.T.);
#963=ORIENTED_EDGE('',*,*,#733,.T.);
#964=ORIENTED_EDGE('',*,*,#734,.T.);
#965=ORIENTED_EDGE('',*,*,#735,.T.);
#966=ORIENTED_EDGE('',*,*,#736,.T.);
#967=ORIENTED_EDGE('',*,*,#737,.F.);
#968=ORIENTED_EDGE('',*,*,#733,.F.);
#969=ORIENTED_EDGE('',*,*,#737,.T.);
#970=ORIENTED_EDGE('',*,*,#738,.T.);
#971=ORIENTED_EDGE('',*,*,#739,.F.);
#972=ORIENTED_EDGE('',*,*,#734,.F.);
#973=ORIENTED_EDGE('',*,*,#739,.T.);
#974=ORIENTED_EDGE('',*,*,#740,.T.);
#975=ORIENTED_EDGE('',*,*,#741,.F.);
#976=ORIENTED_EDGE('',*,*,#729,.F.);
#977=ORIENTED_EDGE('',*,*,#741,.T.);
#978=ORIENTED_EDGE('',*,*,#727,.T.);
#979=ORIENTED_EDGE('',*,*,#742,.F.);
#980=ORIENTED_EDGE('',*,*,#730,.F.);
#981=ORIENTED_EDGE('',*,*,#742,.T.);
#982=ORIENTED_EDGE('',*,*,#743,.T.);
#983=ORIENTED_EDGE('',*,*,#744,.F.);
#984=ORIENTED_EDGE('',*,*,#731,.F.);
#985=ORIENTED_EDGE('',*,*,#744,.T.);
#986=ORIENTED_EDGE('',*,*,#745,.T.);
#987=ORIENTED_EDGE('',*,*,#735,.F.);
#988=ORIENTED_EDGE('',*,*,#732,.F.);
#989=ORIENTED_EDGE('',*,*,#746,.T.);
#990=ORIENTED_EDGE('',*,*,#736,.F.);
#991=ORIENTED_EDGE('',*,*,#747,.T.);
#992=ORIENTED_EDGE('',*,*,#738,.F.);
#993=ORIENTED_EDGE('',*,*,#748,.T.);
#994=ORIENTED_EDGE('',*,*,#740,.F.);
#995=ORIENTED_EDGE('',*,*,#749,.T.);
#996=ORIENTED_EDGE('',*,*,#743,.F.);
#997=ORIENTED_EDGE('',*,*,#750,.T.);
#998=ORIENTED_EDGE('',*,*,#745,.F.);
#999=ORIENTED_EDGE('',*,*,#726,.T.);
#1000=ORIENTED_EDGE('',*,*,#750,.F.);
#1001=ORIENTED_EDGE('',*,*,#749,.F.);
#1002=ORIENTED_EDGE('',*,*,#728,.F.);
#1003=ORIENTED_EDGE('',*,*,#748,.F.);
#1004=ORIENTED_EDGE('',*,*,#747,.F.);
#1005=ORIENTED_EDGE('',*,*,#746,.F.);
#1006=ORIENTED_EDGE('',*,*,#725,.F.);
#1007=ORIENTED_EDGE('',*,*,#711,.F.);
#1008=ORIENTED_EDGE('',*,*,#721,.F.);
#1009=ORIENTED_EDGE('',*,*,#575,.F.);
#1010=ORIENTED_EDGE('',*,*,#718,.F.);
#1011=ORIENTED_EDGE('',*,*,#642,.F.);
#1012=ORIENTED_EDGE('',*,*,#639,.F.);
#1013=ORIENTED_EDGE('',*,*,#636,.F.);
#1014=ORIENTED_EDGE('',*,*,#633,.F.);
#1015=ORIENTED_EDGE('',*,*,#630,.F.);
#1016=ORIENTED_EDGE('',*,*,#627,.F.);
#1017=ORIENTED_EDGE('',*,*,#624,.F.);
#1018=ORIENTED_EDGE('',*,*,#621,.F.);
#1019=ORIENTED_EDGE('',*,*,#618,.F.);
#1020=ORIENTED_EDGE('',*,*,#615,.F.);
#1021=ORIENTED_EDGE('',*,*,#612,.F.);
#1022=ORIENTED_EDGE('',*,*,#609,.F.);
#1023=ORIENTED_EDGE('',*,*,#606,.F.);
#1024=ORIENTED_EDGE('',*,*,#603,.F.);
#1025=ORIENTED_EDGE('',*,*,#600,.F.);
#1026=ORIENTED_EDGE('',*,*,#597,.F.);
#1027=ORIENTED_EDGE('',*,*,#594,.F.);
#1028=ORIENTED_EDGE('',*,*,#591,.F.);
#1029=ORIENTED_EDGE('',*,*,#588,.F.);
#1030=ORIENTED_EDGE('',*,*,#585,.F.);
#1031=ORIENTED_EDGE('',*,*,#582,.F.);
#1032=ORIENTED_EDGE('',*,*,#579,.F.);
#1033=ORIENTED_EDGE('',*,*,#717,.T.);
#1034=ORIENTED_EDGE('',*,*,#714,.T.);
#1035=ORIENTED_EDGE('',*,*,#644,.T.);
#1036=ORIENTED_EDGE('',*,*,#648,.T.);
#1037=ORIENTED_EDGE('',*,*,#651,.T.);
#1038=ORIENTED_EDGE('',*,*,#654,.T.);
#1039=ORIENTED_EDGE('',*,*,#657,.T.);
#1040=ORIENTED_EDGE('',*,*,#660,.T.);
#1041=ORIENTED_EDGE('',*,*,#663,.T.);
#1042=ORIENTED_EDGE('',*,*,#666,.T.);
#1043=ORIENTED_EDGE('',*,*,#669,.T.);
#1044=ORIENTED_EDGE('',*,*,#672,.T.);
#1045=ORIENTED_EDGE('',*,*,#675,.T.);
#1046=ORIENTED_EDGE('',*,*,#678,.T.);
#1047=ORIENTED_EDGE('',*,*,#681,.T.);
#1048=ORIENTED_EDGE('',*,*,#684,.T.);
#1049=ORIENTED_EDGE('',*,*,#687,.T.);
#1050=ORIENTED_EDGE('',*,*,#690,.T.);
#1051=ORIENTED_EDGE('',*,*,#693,.T.);
#1052=ORIENTED_EDGE('',*,*,#696,.T.);
#1053=ORIENTED_EDGE('',*,*,#699,.T.);
#1054=ORIENTED_EDGE('',*,*,#702,.T.);
#1055=ORIENTED_EDGE('',*,*,#705,.T.);
#1056=ORIENTED_EDGE('',*,*,#708,.T.);
#1057=ORIENTED_EDGE('',*,*,#712,.T.);
#1058=ORIENTED_EDGE('',*,*,#720,.F.);
#1059=ORIENTED_EDGE('',*,*,#722,.F.);
#1060=ORIENTED_EDGE('',*,*,#710,.T.);
#1061=ORIENTED_EDGE('',*,*,#709,.T.);
#1062=ORIENTED_EDGE('',*,*,#706,.T.);
#1063=ORIENTED_EDGE('',*,*,#703,.T.);
#1064=ORIENTED_EDGE('',*,*,#700,.T.);
#1065=ORIENTED_EDGE('',*,*,#697,.T.);
#1066=ORIENTED_EDGE('',*,*,#694,.T.);
#1067=ORIENTED_EDGE('',*,*,#691,.T.);
#1068=ORIENTED_EDGE('',*,*,#688,.T.);
#1069=ORIENTED_EDGE('',*,*,#685,.T.);
#1070=ORIENTED_EDGE('',*,*,#682,.T.);
#1071=ORIENTED_EDGE('',*,*,#679,.T.);
#1072=ORIENTED_EDGE('',*,*,#676,.T.);
#1073=ORIENTED_EDGE('',*,*,#673,.T.);
#1074=ORIENTED_EDGE('',*,*,#670,.T.);
#1075=ORIENTED_EDGE('',*,*,#667,.T.);
#1076=ORIENTED_EDGE('',*,*,#664,.T.);
#1077=ORIENTED_EDGE('',*,*,#661,.T.);
#1078=ORIENTED_EDGE('',*,*,#658,.T.);
#1079=ORIENTED_EDGE('',*,*,#655,.T.);
#1080=ORIENTED_EDGE('',*,*,#652,.T.);
#1081=ORIENTED_EDGE('',*,*,#649,.T.);
#1082=ORIENTED_EDGE('',*,*,#646,.T.);
#1083=ORIENTED_EDGE('',*,*,#713,.T.);
#1084=ORIENTED_EDGE('',*,*,#577,.T.);
#1085=ORIENTED_EDGE('',*,*,#581,.T.);
#1086=ORIENTED_EDGE('',*,*,#584,.T.);
#1087=ORIENTED_EDGE('',*,*,#587,.T.);
#1088=ORIENTED_EDGE('',*,*,#590,.T.);
#1089=ORIENTED_EDGE('',*,*,#593,.T.);
#1090=ORIENTED_EDGE('',*,*,#596,.T.);
#1091=ORIENTED_EDGE('',*,*,#599,.T.);
#1092=ORIENTED_EDGE('',*,*,#602,.T.);
#1093=ORIENTED_EDGE('',*,*,#605,.T.);
#1094=ORIENTED_EDGE('',*,*,#608,.T.);
#1095=ORIENTED_EDGE('',*,*,#611,.T.);
#1096=ORIENTED_EDGE('',*,*,#614,.T.);
#1097=ORIENTED_EDGE('',*,*,#617,.T.);
#1098=ORIENTED_EDGE('',*,*,#620,.T.);
#1099=ORIENTED_EDGE('',*,*,#623,.T.);
#1100=ORIENTED_EDGE('',*,*,#626,.T.);
#1101=ORIENTED_EDGE('',*,*,#629,.T.);
#1102=ORIENTED_EDGE('',*,*,#632,.T.);
#1103=ORIENTED_EDGE('',*,*,#635,.T.);
#1104=ORIENTED_EDGE('',*,*,#638,.T.);
#1105=ORIENTED_EDGE('',*,*,#641,.T.);
#1106=ORIENTED_EDGE('',*,*,#719,.T.);
#1107=ORIENTED_EDGE('',*,*,#573,.F.);
#1108=ORIENTED_EDGE('',*,*,#716,.F.);
#1109=CONICAL_SURFACE('',#1201,1.99999999999999,0.78539816339745);
#1110=CONICAL_SURFACE('',#1251,1.47499999999999,0.785398163397448);
#1111=CONICAL_SURFACE('',#1254,1.99999999999999,0.78539816339745);
#1112=CONICAL_SURFACE('',#1261,1.44337567297407,0.78539816339745);
#1113=CONICAL_SURFACE('',#1270,1.44337567297407,0.78539816339745);
#1114=CONICAL_SURFACE('',#1272,1.44337567297407,0.78539816339745);
#1115=CONICAL_SURFACE('',#1274,1.44337567297407,0.78539816339745);
#1116=CONICAL_SURFACE('',#1276,1.44337567297407,0.78539816339745);
#1117=CONICAL_SURFACE('',#1278,1.44337567297407,0.78539816339745);
#1118=ADVANCED_FACE('',(#84),#1109,.T.);
#1119=ADVANCED_FACE('',(#85),#37,.T.);
#1120=ADVANCED_FACE('',(#86),#38,.T.);
#1121=ADVANCED_FACE('',(#87),#39,.T.);
#1122=ADVANCED_FACE('',(#88),#40,.T.);
#1123=ADVANCED_FACE('',(#89),#41,.T.);
#1124=ADVANCED_FACE('',(#90),#42,.T.);
#1125=ADVANCED_FACE('',(#91),#43,.T.);
#1126=ADVANCED_FACE('',(#92),#44,.T.);
#1127=ADVANCED_FACE('',(#93),#45,.T.);
#1128=ADVANCED_FACE('',(#94),#46,.T.);
#1129=ADVANCED_FACE('',(#95),#47,.T.);
#1130=ADVANCED_FACE('',(#96),#48,.T.);
#1131=ADVANCED_FACE('',(#97),#49,.T.);
#1132=ADVANCED_FACE('',(#98),#50,.T.);
#1133=ADVANCED_FACE('',(#99),#51,.T.);
#1134=ADVANCED_FACE('',(#100),#52,.T.);
#1135=ADVANCED_FACE('',(#101),#53,.T.);
#1136=ADVANCED_FACE('',(#102),#54,.T.);
#1137=ADVANCED_FACE('',(#103),#55,.T.);
#1138=ADVANCED_FACE('',(#104),#56,.T.);
#1139=ADVANCED_FACE('',(#105),#57,.T.);
#1140=ADVANCED_FACE('',(#106),#58,.T.);
#1141=ADVANCED_FACE('',(#107),#59,.T.);
#1142=ADVANCED_FACE('',(#108),#60,.T.);
#1143=ADVANCED_FACE('',(#109),#61,.T.);
#1144=ADVANCED_FACE('',(#110),#62,.T.);
#1145=ADVANCED_FACE('',(#111),#63,.T.);
#1146=ADVANCED_FACE('',(#112),#64,.T.);
#1147=ADVANCED_FACE('',(#113),#65,.T.);
#1148=ADVANCED_FACE('',(#114),#66,.T.);
#1149=ADVANCED_FACE('',(#115),#67,.T.);
#1150=ADVANCED_FACE('',(#116),#68,.T.);
#1151=ADVANCED_FACE('',(#117),#69,.T.);
#1152=ADVANCED_FACE('',(#118),#70,.T.);
#1153=ADVANCED_FACE('',(#119),#71,.T.);
#1154=ADVANCED_FACE('',(#120),#72,.T.);
#1155=ADVANCED_FACE('',(#121),#73,.T.);
#1156=ADVANCED_FACE('',(#122),#74,.T.);
#1157=ADVANCED_FACE('',(#123),#75,.T.);
#1158=ADVANCED_FACE('',(#124),#76,.T.);
#1159=ADVANCED_FACE('',(#125),#77,.T.);
#1160=ADVANCED_FACE('',(#126),#78,.T.);
#1161=ADVANCED_FACE('',(#127),#79,.T.);
#1162=ADVANCED_FACE('',(#128),#80,.T.);
#1163=ADVANCED_FACE('',(#129),#81,.T.);
#1164=ADVANCED_FACE('',(#130),#1110,.T.);
#1165=ADVANCED_FACE('',(#131),#82,.T.);
#1166=ADVANCED_FACE('',(#132),#1111,.T.);
#1167=ADVANCED_FACE('',(#133),#83,.T.);
#1168=ADVANCED_FACE('',(#134,#33),#36,.T.);
#1169=ADVANCED_FACE('',(#135),#1112,.F.);
#1170=ADVANCED_FACE('',(#136),#17,.T.);
#1171=ADVANCED_FACE('',(#137),#18,.F.);
#1172=ADVANCED_FACE('',(#138),#19,.F.);
#1173=ADVANCED_FACE('',(#139),#20,.F.);
#1174=ADVANCED_FACE('',(#140),#21,.F.);
#1175=ADVANCED_FACE('',(#141),#22,.F.);
#1176=ADVANCED_FACE('',(#142),#23,.F.);
#1177=ADVANCED_FACE('',(#143),#1113,.F.);
#1178=ADVANCED_FACE('',(#144),#1114,.F.);
#1179=ADVANCED_FACE('',(#145),#1115,.F.);
#1180=ADVANCED_FACE('',(#146),#1116,.F.);
#1181=ADVANCED_FACE('',(#147),#1117,.F.);
#1182=ADVANCED_FACE('',(#148,#34),#24,.F.);
#1183=ADVANCED_FACE('',(#149,#35),#25,.T.);
#1184=ADVANCED_FACE('',(#150),#15,.T.);
#1185=ADVANCED_FACE('',(#151),#16,.T.);
#1186=ADVANCED_FACE('',(#152),#26,.F.);
#1187=CLOSED_SHELL('',(#1118,#1119,#1120,#1121,#1122,#1123,#1124,#1125,
#1126,#1127,#1128,#1129,#1130,#1131,#1132,#1133,#1134,#1135,#1136,#1137,
#1138,#1139,#1140,#1141,#1142,#1143,#1144,#1145,#1146,#1147,#1148,#1149,
#1150,#1151,#1152,#1153,#1154,#1155,#1156,#1157,#1158,#1159,#1160,#1161,
#1162,#1163,#1164,#1165,#1166,#1167,#1168,#1169,#1170,#1171,#1172,#1173,
#1174,#1175,#1176,#1177,#1178,#1179,#1180,#1181,#1182,#1183,#1184,#1185,
#1186));
#1188=DERIVED_UNIT_ELEMENT(#1190,1.);
#1189=DERIVED_UNIT_ELEMENT(#6422,-3.);
#1190=(
MASS_UNIT()
NAMED_UNIT(*)
SI_UNIT(.KILO.,.GRAM.)
);
#1191=DERIVED_UNIT((#1188,#1189));
#1192=MEASURE_REPRESENTATION_ITEM('density measure',
POSITIVE_RATIO_MEASURE(7850.),#1191);
#1193=PROPERTY_DEFINITION_REPRESENTATION(#1198,#1195);
#1194=PROPERTY_DEFINITION_REPRESENTATION(#1199,#1196);
#1195=REPRESENTATION('material name',(#1197),#6419);
#1196=REPRESENTATION('density',(#1192),#6419);
#1197=DESCRIPTIVE_REPRESENTATION_ITEM('Steel','Steel');
#1198=PROPERTY_DEFINITION('material property','material name',#6429);
#1199=PROPERTY_DEFINITION('material property','density of part',#6429);
#1200=AXIS2_PLACEMENT_3D('',#1508,#1283,#1284);
#1201=AXIS2_PLACEMENT_3D('',#1509,#1285,#1286);
#1202=AXIS2_PLACEMENT_3D('',#1525,#1288,#1289);
#1203=AXIS2_PLACEMENT_3D('',#1532,#1290,#1291);
#1204=AXIS2_PLACEMENT_3D('',#1568,#1293,#1294);
#1205=AXIS2_PLACEMENT_3D('',#1593,#1295,#1296);
#1206=AXIS2_PLACEMENT_3D('',#1669,#1298,#1299);
#1207=AXIS2_PLACEMENT_3D('',#1745,#1301,#1302);
#1208=AXIS2_PLACEMENT_3D('',#1823,#1304,#1305);
#1209=AXIS2_PLACEMENT_3D('',#1899,#1307,#1308);
#1210=AXIS2_PLACEMENT_3D('',#1975,#1310,#1311);
#1211=AXIS2_PLACEMENT_3D('',#2053,#1313,#1314);
#1212=AXIS2_PLACEMENT_3D('',#2129,#1316,#1317);
#1213=AXIS2_PLACEMENT_3D('',#2205,#1319,#1320);
#1214=AXIS2_PLACEMENT_3D('',#2281,#1322,#1323);
#1215=AXIS2_PLACEMENT_3D('',#2357,#1325,#1326);
#1216=AXIS2_PLACEMENT_3D('',#2435,#1328,#1329);
#1217=AXIS2_PLACEMENT_3D('',#2511,#1331,#1332);
#1218=AXIS2_PLACEMENT_3D('',#2589,#1334,#1335);
#1219=AXIS2_PLACEMENT_3D('',#2665,#1337,#1338);
#1220=AXIS2_PLACEMENT_3D('',#2741,#1340,#1341);
#1221=AXIS2_PLACEMENT_3D('',#2817,#1343,#1344);
#1222=AXIS2_PLACEMENT_3D('',#2893,#1346,#1347);
#1223=AXIS2_PLACEMENT_3D('',#2971,#1349,#1350);
#1224=AXIS2_PLACEMENT_3D('',#3047,#1352,#1353);
#1225=AXIS2_PLACEMENT_3D('',#3123,#1355,#1356);
#1226=AXIS2_PLACEMENT_3D('',#3201,#1358,#1359);
#1227=AXIS2_PLACEMENT_3D('',#3223,#1361,#1362);
#1228=AXIS2_PLACEMENT_3D('',#3236,#1363,#1364);
#1229=AXIS2_PLACEMENT_3D('',#3312,#1366,#1367);
#1230=AXIS2_PLACEMENT_3D('',#3390,#1369,#1370);
#1231=AXIS2_PLACEMENT_3D('',#3466,#1372,#1373);
#1232=AXIS2_PLACEMENT_3D('',#3542,#1375,#1376);
#1233=AXIS2_PLACEMENT_3D('',#3618,#1378,#1379);
#1234=AXIS2_PLACEMENT_3D('',#3696,#1381,#1382);
#1235=AXIS2_PLACEMENT_3D('',#3772,#1384,#1385);
#1236=AXIS2_PLACEMENT_3D('',#3848,#1387,#1388);
#1237=AXIS2_PLACEMENT_3D('',#3926,#1390,#1391);
#1238=AXIS2_PLACEMENT_3D('',#4002,#1393,#1394);
#1239=AXIS2_PLACEMENT_3D('',#4078,#1396,#1397);
#1240=AXIS2_PLACEMENT_3D('',#4154,#1399,#1400);
#1241=AXIS2_PLACEMENT_3D('',#4232,#1402,#1403);
#1242=AXIS2_PLACEMENT_3D('',#4308,#1405,#1406);
#1243=AXIS2_PLACEMENT_3D('',#4386,#1408,#1409);
#1244=AXIS2_PLACEMENT_3D('',#4462,#1411,#1412);
#1245=AXIS2_PLACEMENT_3D('',#4538,#1414,#1415);
#1246=AXIS2_PLACEMENT_3D('',#4614,#1417,#1418);
#1247=AXIS2_PLACEMENT_3D('',#4692,#1420,#1421);
#1248=AXIS2_PLACEMENT_3D('',#4768,#1423,#1424);
#1249=AXIS2_PLACEMENT_3D('',#4844,#1426,#1427);
#1250=AXIS2_PLACEMENT_3D('',#4879,#1428,#1429);
#1251=AXIS2_PLACEMENT_3D('',#4908,#1430,#1431);
#1252=AXIS2_PLACEMENT_3D('',#4948,#1433,#1434);
#1253=AXIS2_PLACEMENT_3D('',#4967,#1435,#1436);
#1254=AXIS2_PLACEMENT_3D('',#5000,#1437,#1438);
#1255=AXIS2_PLACEMENT_3D('',#5037,#1439,#1440);
#1256=AXIS2_PLACEMENT_3D('',#5044,#1441,#1442);
#1257=AXIS2_PLACEMENT_3D('',#5046,#1443,#1444);
#1258=AXIS2_PLACEMENT_3D('',#5049,#1446,#1447);
#1259=AXIS2_PLACEMENT_3D('',#5050,#1448,#1449);
#1260=AXIS2_PLACEMENT_3D('',#5052,#1450,#1451);
#1261=AXIS2_PLACEMENT_3D('',#5053,#1452,#1453);
#1262=AXIS2_PLACEMENT_3D('',#5059,#1454,#1455);
#1263=AXIS2_PLACEMENT_3D('',#5060,#1456,#1457);
#1264=AXIS2_PLACEMENT_3D('',#5073,#1464,#1465);
#1265=AXIS2_PLACEMENT_3D('',#5081,#1468,#1469);
#1266=AXIS2_PLACEMENT_3D('',#5087,#1471,#1472);
#1267=AXIS2_PLACEMENT_3D('',#5092,#1474,#1475);
#1268=AXIS2_PLACEMENT_3D('',#5094,#1477,#1478);
#1269=AXIS2_PLACEMENT_3D('',#5100,#1480,#1481);
#1270=AXIS2_PLACEMENT_3D('',#5104,#1482,#1483);
#1271=AXIS2_PLACEMENT_3D('',#5105,#1484,#1485);
#1272=AXIS2_PLACEMENT_3D('',#5106,#1486,#1487);
#1273=AXIS2_PLACEMENT_3D('',#5107,#1488,#1489);
#1274=AXIS2_PLACEMENT_3D('',#5108,#1490,#1491);
#1275=AXIS2_PLACEMENT_3D('',#5109,#1492,#1493);
#1276=AXIS2_PLACEMENT_3D('',#5110,#1494,#1495);
#1277=AXIS2_PLACEMENT_3D('',#5111,#1496,#1497);
#1278=AXIS2_PLACEMENT_3D('',#5112,#1498,#1499);
#1279=AXIS2_PLACEMENT_3D('',#5113,#1500,#1501);
#1280=AXIS2_PLACEMENT_3D('',#5114,#1502,#1503);
#1281=AXIS2_PLACEMENT_3D('',#5115,#1504,#1505);
#1282=AXIS2_PLACEMENT_3D('',#6416,#1506,#1507);
#1283=DIRECTION('axis',(0.,0.,1.));
#1284=DIRECTION('refdir',(1.,0.,0.));
#1285=DIRECTION('center_axis',(0.,0.,1.));
#1286=DIRECTION('ref_axis',(-1.,0.,0.));
#1287=DIRECTION('',(-0.707106781186549,-8.65956056235495E-17,-0.707106781186546));
#1288=DIRECTION('center_axis',(0.,0.,1.));
#1289=DIRECTION('ref_axis',(1.,0.,0.));
#1290=DIRECTION('center_axis',(0.,0.,1.));
#1291=DIRECTION('ref_axis',(1.,0.,0.));
#1292=DIRECTION('',(0.,0.,-1.));
#1293=DIRECTION('center_axis',(0.,-5.64830339042939E-16,1.));
#1294=DIRECTION('ref_axis',(0.,-1.,-5.64830339042939E-16));
#1295=DIRECTION('center_axis',(0.,0.,1.));
#1296=DIRECTION('ref_axis',(1.,0.,0.));
#1297=DIRECTION('',(0.,0.,-1.));
#1298=DIRECTION('center_axis',(0.,0.,1.));
#1299=DIRECTION('ref_axis',(1.,0.,0.));
#1300=DIRECTION('',(0.,0.,-1.));
#1301=DIRECTION('center_axis',(0.,0.,1.));
#1302=DIRECTION('ref_axis',(1.,0.,0.));
#1303=DIRECTION('',(0.,0.,-1.));
#1304=DIRECTION('center_axis',(0.,0.,1.));
#1305=DIRECTION('ref_axis',(1.,0.,0.));
#1306=DIRECTION('',(0.,0.,-1.));
#1307=DIRECTION('center_axis',(0.,0.,1.));
#1308=DIRECTION('ref_axis',(1.,0.,0.));
#1309=DIRECTION('',(0.,0.,-1.));
#1310=DIRECTION('center_axis',(0.,0.,1.));
#1311=DIRECTION('ref_axis',(1.,0.,0.));
#1312=DIRECTION('',(0.,0.,-1.));
#1313=DIRECTION('center_axis',(0.,0.,1.));
#1314=DIRECTION('ref_axis',(1.,0.,0.));
#1315=DIRECTION('',(0.,0.,-1.));
#1316=DIRECTION('center_axis',(0.,0.,1.));
#1317=DIRECTION('ref_axis',(1.,0.,0.));
#1318=DIRECTION('',(0.,0.,-1.));
#1319=DIRECTION('center_axis',(0.,0.,1.));
#1320=DIRECTION('ref_axis',(1.,0.,0.));
#1321=DIRECTION('',(0.,0.,-1.));
#1322=DIRECTION('center_axis',(0.,0.,1.));
#1323=DIRECTION('ref_axis',(1.,0.,0.));
#1324=DIRECTION('',(0.,0.,-1.));
#1325=DIRECTION('center_axis',(0.,0.,1.));
#1326=DIRECTION('ref_axis',(1.,0.,0.));
#1327=DIRECTION('',(0.,0.,-1.));
#1328=DIRECTION('center_axis',(0.,0.,1.));
#1329=DIRECTION('ref_axis',(1.,0.,0.));
#1330=DIRECTION('',(0.,0.,-1.));
#1331=DIRECTION('center_axis',(0.,0.,1.));
#1332=DIRECTION('ref_axis',(1.,0.,0.));
#1333=DIRECTION('',(0.,0.,-1.));
#1334=DIRECTION('center_axis',(0.,0.,1.));
#1335=DIRECTION('ref_axis',(1.,0.,0.));
#1336=DIRECTION('',(0.,0.,-1.));
#1337=DIRECTION('center_axis',(0.,0.,1.));
#1338=DIRECTION('ref_axis',(1.,0.,0.));
#1339=DIRECTION('',(0.,0.,-1.));
#1340=DIRECTION('center_axis',(0.,0.,1.));
#1341=DIRECTION('ref_axis',(1.,0.,0.));
#1342=DIRECTION('',(0.,0.,-1.));
#1343=DIRECTION('center_axis',(0.,0.,1.));
#1344=DIRECTION('ref_axis',(1.,0.,0.));
#1345=DIRECTION('',(0.,0.,-1.));
#1346=DIRECTION('center_axis',(0.,0.,1.));
#1347=DIRECTION('ref_axis',(1.,0.,0.));
#1348=DIRECTION('',(0.,0.,-1.));
#1349=DIRECTION('center_axis',(0.,0.,1.));
#1350=DIRECTION('ref_axis',(1.,0.,0.));
#1351=DIRECTION('',(0.,0.,-1.));
#1352=DIRECTION('center_axis',(0.,0.,1.));
#1353=DIRECTION('ref_axis',(1.,0.,0.));
#1354=DIRECTION('',(0.,0.,-1.));
#1355=DIRECTION('center_axis',(0.,0.,1.));
#1356=DIRECTION('ref_axis',(1.,0.,0.));
#1357=DIRECTION('',(0.,0.,-1.));
#1358=DIRECTION('center_axis',(0.,-5.64830339042939E-16,1.));
#1359=DIRECTION('ref_axis',(0.,-1.,-5.64830339042939E-16));
#1360=DIRECTION('',(0.,5.64830339042939E-16,-1.));
#1361=DIRECTION('center_axis',(0.,-5.64830339042939E-16,1.));
#1362=DIRECTION('ref_axis',(0.,-1.,-5.64830339042939E-16));
#1363=DIRECTION('center_axis',(0.,-5.64830339042939E-16,1.));
#1364=DIRECTION('ref_axis',(0.,-1.,-5.64830339042939E-16));
#1365=DIRECTION('',(0.,5.64830339042939E-16,-1.));
#1366=DIRECTION('center_axis',(0.,-5.64830339042939E-16,1.));
#1367=DIRECTION('ref_axis',(0.,-1.,-5.64830339042939E-16));
#1368=DIRECTION('',(0.,5.64830339042939E-16,-1.));
#1369=DIRECTION('center_axis',(0.,-5.64830339042939E-16,1.));
#1370=DIRECTION('ref_axis',(0.,-1.,-5.64830339042939E-16));
#1371=DIRECTION('',(0.,5.64830339042939E-16,-1.));
#1372=DIRECTION('center_axis',(0.,-5.64830339042939E-16,1.));
#1373=DIRECTION('ref_axis',(0.,-1.,-5.64830339042939E-16));
#1374=DIRECTION('',(0.,5.64830339042939E-16,-1.));
#1375=DIRECTION('center_axis',(0.,-5.64830339042939E-16,1.));
#1376=DIRECTION('ref_axis',(0.,-1.,-5.64830339042939E-16));
#1377=DIRECTION('',(0.,5.64830339042939E-16,-1.));
#1378=DIRECTION('center_axis',(0.,-5.64830339042939E-16,1.));
#1379=DIRECTION('ref_axis',(0.,-1.,-5.64830339042939E-16));
#1380=DIRECTION('',(0.,5.64830339042939E-16,-1.));
#1381=DIRECTION('center_axis',(0.,-5.64830339042939E-16,1.));
#1382=DIRECTION('ref_axis',(0.,-1.,-5.64830339042939E-16));
#1383=DIRECTION('',(0.,5.64830339042939E-16,-1.));
#1384=DIRECTION('center_axis',(0.,-5.64830339042939E-16,1.));
#1385=DIRECTION('ref_axis',(0.,-1.,-5.64830339042939E-16));
#1386=DIRECTION('',(0.,5.64830339042939E-16,-1.));
#1387=DIRECTION('center_axis',(0.,-5.64830339042939E-16,1.));
#1388=DIRECTION('ref_axis',(0.,-1.,-5.64830339042939E-16));
#1389=DIRECTION('',(0.,5.64830339042939E-16,-1.));
#1390=DIRECTION('center_axis',(0.,-5.64830339042939E-16,1.));
#1391=DIRECTION('ref_axis',(0.,-1.,-5.64830339042939E-16));
#1392=DIRECTION('',(0.,5.64830339042939E-16,-1.));
#1393=DIRECTION('center_axis',(0.,-5.64830339042939E-16,1.));
#1394=DIRECTION('ref_axis',(0.,-1.,-5.64830339042939E-16));
#1395=DIRECTION('',(0.,5.64830339042939E-16,-1.));
#1396=DIRECTION('center_axis',(0.,-5.64830339042939E-16,1.));
#1397=DIRECTION('ref_axis',(0.,-1.,-5.64830339042939E-16));
#1398=DIRECTION('',(0.,5.64830339042939E-16,-1.));
#1399=DIRECTION('center_axis',(0.,-5.64830339042939E-16,1.));
#1400=DIRECTION('ref_axis',(0.,-1.,-5.64830339042939E-16));
#1401=DIRECTION('',(0.,5.64830339042939E-16,-1.));
#1402=DIRECTION('center_axis',(0.,-5.64830339042939E-16,1.));
#1403=DIRECTION('ref_axis',(0.,-1.,-5.64830339042939E-16));
#1404=DIRECTION('',(0.,5.64830339042939E-16,-1.));
#1405=DIRECTION('center_axis',(0.,-5.64830339042939E-16,1.));
#1406=DIRECTION('ref_axis',(0.,-1.,-5.64830339042939E-16));
#1407=DIRECTION('',(0.,5.64830339042939E-16,-1.));
#1408=DIRECTION('center_axis',(0.,-5.64830339042939E-16,1.));
#1409=DIRECTION('ref_axis',(0.,-1.,-5.64830339042939E-16));
#1410=DIRECTION('',(0.,5.64830339042939E-16,-1.));
#1411=DIRECTION('center_axis',(0.,-5.64830339042939E-16,1.));
#1412=DIRECTION('ref_axis',(0.,-1.,-5.64830339042939E-16));
#1413=DIRECTION('',(0.,5.64830339042939E-16,-1.));
#1414=DIRECTION('center_axis',(0.,-5.64830339042939E-16,1.));
#1415=DIRECTION('ref_axis',(0.,-1.,-5.64830339042939E-16));
#1416=DIRECTION('',(0.,5.64830339042939E-16,-1.));
#1417=DIRECTION('center_axis',(0.,-5.64830339042939E-16,1.));
#1418=DIRECTION('ref_axis',(0.,-1.,-5.64830339042939E-16));
#1419=DIRECTION('',(0.,5.64830339042939E-16,-1.));
#1420=DIRECTION('center_axis',(0.,-5.64830339042939E-16,1.));
#1421=DIRECTION('ref_axis',(0.,-1.,-5.64830339042939E-16));
#1422=DIRECTION('',(0.,5.64830339042939E-16,-1.));
#1423=DIRECTION('center_axis',(0.,-5.64830339042939E-16,1.));
#1424=DIRECTION('ref_axis',(0.,-1.,-5.64830339042939E-16));
#1425=DIRECTION('',(0.,5.64830339042939E-16,-1.));
#1426=DIRECTION('center_axis',(0.,-5.64830339042939E-16,1.));
#1427=DIRECTION('ref_axis',(0.,-1.,-5.64830339042939E-16));
#1428=DIRECTION('center_axis',(0.,0.,-1.));
#1429=DIRECTION('ref_axis',(-1.,0.,0.));
#1430=DIRECTION('center_axis',(0.,-5.64830339042939E-16,1.));
#1431=DIRECTION('ref_axis',(0.,-1.,-5.64830339042939E-16));
#1432=DIRECTION('',(8.65956056235493E-17,-0.707106781186547,-0.707106781186548));
#1433=DIRECTION('center_axis',(0.,-5.64830339042939E-16,1.));
#1434=DIRECTION('ref_axis',(0.,-1.,-5.64830339042939E-16));
#1435=DIRECTION('center_axis',(0.,0.,1.));
#1436=DIRECTION('ref_axis',(1.,0.,0.));
#1437=DIRECTION('center_axis',(0.,0.,1.));
#1438=DIRECTION('ref_axis',(-1.,0.,0.));
#1439=DIRECTION('center_axis',(0.,0.,-1.));
#1440=DIRECTION('ref_axis',(-1.,0.,0.));
#1441=DIRECTION('center_axis',(0.,-5.64830339042939E-16,1.));
#1442=DIRECTION('ref_axis',(0.,-1.,-5.64830339042939E-16));
#1443=DIRECTION('center_axis',(0.,-5.64830339042939E-16,1.));
#1444=DIRECTION('ref_axis',(0.,-1.,-5.64830339042939E-16));
#1445=DIRECTION('',(0.,5.64830339042939E-16,-1.));
#1446=DIRECTION('center_axis',(0.,-5.64830339042939E-16,1.));
#1447=DIRECTION('ref_axis',(0.,-1.,-5.64830339042939E-16));
#1448=DIRECTION('center_axis',(1.,6.9217303377289E-15,0.));
#1449=DIRECTION('ref_axis',(6.98296267768627E-15,-1.,-6.30028505077057E-16));
#1450=DIRECTION('center_axis',(0.,-5.64830339042939E-16,1.));
#1451=DIRECTION('ref_axis',(0.,-1.,-5.64830339042939E-16));
#1452=DIRECTION('center_axis',(0.,0.,1.));
#1453=DIRECTION('ref_axis',(1.,0.,0.));
#1454=DIRECTION('center_axis',(0.,0.,1.));
#1455=DIRECTION('ref_axis',(1.,0.,0.));
#1456=DIRECTION('center_axis',(0.,0.,1.));
#1457=DIRECTION('ref_axis',(1.,0.,0.));
#1458=DIRECTION('',(0.866025403784438,0.5,0.));
#1459=DIRECTION('',(-1.50231459873715E-16,1.,0.));
#1460=DIRECTION('',(-0.866025403784439,0.5,0.));
#1461=DIRECTION('',(-0.866025403784438,-0.5,0.));
#1462=DIRECTION('',(-1.50231459873715E-16,-1.,0.));
#1463=DIRECTION('',(0.866025403784438,-0.5,0.));
#1464=DIRECTION('center_axis',(-1.,1.50231459873715E-16,0.));
#1465=DIRECTION('ref_axis',(-1.50231459873715E-16,-1.,0.));
#1466=DIRECTION('',(0.,0.,1.));
#1467=DIRECTION('',(0.,0.,1.));
#1468=DIRECTION('center_axis',(-0.5,-0.866025403784439,0.));
#1469=DIRECTION('ref_axis',(0.866025403784439,-0.5,0.));
#1470=DIRECTION('',(0.,0.,1.));
#1471=DIRECTION('center_axis',(0.5,-0.866025403784438,0.));
#1472=DIRECTION('ref_axis',(0.866025403784438,0.5,0.));
#1473=DIRECTION('',(0.,0.,1.));
#1474=DIRECTION('center_axis',(1.,1.50231459873715E-16,0.));
#1475=DIRECTION('ref_axis',(-1.50231459873715E-16,1.,0.));
#1476=DIRECTION('',(0.,0.,1.));
#1477=DIRECTION('center_axis',(0.5,0.866025403784439,0.));
#1478=DIRECTION('ref_axis',(-0.866025403784439,0.5,0.));
#1479=DIRECTION('',(0.,0.,1.));
#1480=DIRECTION('center_axis',(-0.5,0.866025403784438,0.));
#1481=DIRECTION('ref_axis',(-0.866025403784438,-0.5,0.));
#1482=DIRECTION('center_axis',(0.,0.,1.));
#1483=DIRECTION('ref_axis',(-1.,-7.6571373978539E-16,0.));
#1484=DIRECTION('center_axis',(0.,0.,1.));
#1485=DIRECTION('ref_axis',(1.,0.,0.));
#1486=DIRECTION('center_axis',(0.,0.,1.));
#1487=DIRECTION('ref_axis',(1.,0.,0.));
#1488=DIRECTION('center_axis',(0.,0.,1.));
#1489=DIRECTION('ref_axis',(1.,0.,0.));
#1490=DIRECTION('center_axis',(0.,0.,1.));
#1491=DIRECTION('ref_axis',(1.,0.,0.));
#1492=DIRECTION('center_axis',(0.,0.,1.));
#1493=DIRECTION('ref_axis',(1.,0.,0.));
#1494=DIRECTION('center_axis',(0.,0.,1.));
#1495=DIRECTION('ref_axis',(1.,0.,0.));
#1496=DIRECTION('center_axis',(0.,0.,1.));
#1497=DIRECTION('ref_axis',(1.,0.,0.));
#1498=DIRECTION('center_axis',(0.,0.,1.));
#1499=DIRECTION('ref_axis',(1.,0.,0.));
#1500=DIRECTION('center_axis',(0.,0.,1.));
#1501=DIRECTION('ref_axis',(1.,0.,0.));
#1502=DIRECTION('center_axis',(0.,5.64830339042939E-16,-1.));
#1503=DIRECTION('ref_axis',(0.,1.,5.64830339042939E-16));
#1504=DIRECTION('center_axis',(0.,5.64830339042939E-16,-1.));
#1505=DIRECTION('ref_axis',(0.,1.,5.64830339042939E-16));
#1506=DIRECTION('center_axis',(0.,-5.64830339042939E-16,1.));
#1507=DIRECTION('ref_axis',(0.,-1.,-5.64830339042939E-16));
#1508=CARTESIAN_POINT('',(0.,0.,0.));
#1509=CARTESIAN_POINT('Origin',(0.,-7.56090209003774E-15,8.));
#1510=CARTESIAN_POINT('',(1.82254809471606,6.58336358252837E-15,7.82254809471607));
#1511=CARTESIAN_POINT('',(1.5641424650952,-6.93659089724841E-11,7.56414246509521));
#1512=CARTESIAN_POINT('',(1.99999999999999,-7.31597273020827E-15,8.));
#1513=CARTESIAN_POINT('',(0.766963950102146,-1.34157806381005,7.54533666301316));
#1514=CARTESIAN_POINT('Ctrl Pts',(1.82254809471606,2.03118483110406E-15,
7.82254809471607));
#1515=CARTESIAN_POINT('Ctrl Pts',(1.81377715331718,-0.0579107266068119,
7.81377715331719));
#1516=CARTESIAN_POINT('Ctrl Pts',(1.80217506241404,-0.115454784804632,7.80493486740806));
#1517=CARTESIAN_POINT('Ctrl Pts',(1.72853470658202,-0.406333006283137,7.75956001120439));
#1518=CARTESIAN_POINT('Ctrl Pts',(1.62293680003997,-0.625951114291006,7.72294180854704));
#1519=CARTESIAN_POINT('Ctrl Pts',(1.42028289219862,-0.893605479652933,7.67542731320407));
#1520=CARTESIAN_POINT('Ctrl Pts',(1.31230504391349,-1.02437731857329,7.65157649828311));
#1521=CARTESIAN_POINT('Ctrl Pts',(1.02470894480812,-1.22900393471698,7.59410137469549));
#1522=CARTESIAN_POINT('Ctrl Pts',(0.899370740074949,-1.2943558863811,7.57005554674121));
#1523=CARTESIAN_POINT('Ctrl Pts',(0.766963950101145,-1.3415780638104,7.54533666301297));
#1524=CARTESIAN_POINT('',(1.49455171508675,-0.392912933082968,7.54533666301316));
#1525=CARTESIAN_POINT('Origin',(0.,-7.56090209003774E-15,7.54533666301317));
#1526=CARTESIAN_POINT('Ctrl Pts',(1.49455171508676,-0.392912933082934,7.54533666301316));
#1527=CARTESIAN_POINT('Ctrl Pts',(1.53321360480996,-0.269390704778945,7.55132158059896));
#1528=CARTESIAN_POINT('Ctrl Pts',(1.55637592775346,-0.141558180537466,7.55744381631022));
#1529=CARTESIAN_POINT('Ctrl Pts',(1.56373748443772,-0.00822015640532301,
7.56375368559522));
#1530=CARTESIAN_POINT('Ctrl Pts',(1.56394810463172,-0.0041102250463534,
7.5639481046321));
#1531=CARTESIAN_POINT('Ctrl Pts',(1.5641424650952,-1.38726412625171E-10,
7.56414246509521));
#1532=CARTESIAN_POINT('Origin',(0.,2.86881671076834E-15,-8.));
#1533=CARTESIAN_POINT('',(-1.54533666301315,-7.52465318675552E-15,-7.3875));
#1534=CARTESIAN_POINT('',(-1.54533666301315,4.76586264054016E-15,-7.47500000000001));
#1535=CARTESIAN_POINT('',(-1.54533666301315,2.67956755097193E-15,-8.));
#1536=CARTESIAN_POINT('',(-0.250692635769014,-1.52486674972727,-7.92966333698684));
#1537=CARTESIAN_POINT('Ctrl Pts',(-1.54533666301315,-1.92248890512991E-14,
-7.3875));
#1538=CARTESIAN_POINT('Ctrl Pts',(-1.54533666301315,0.0645483786400125,
-7.39237314146808));
#1539=CARTESIAN_POINT('Ctrl Pts',(-1.54129251790538,0.129167078390014,-7.3972515918954));
#1540=CARTESIAN_POINT('Ctrl Pts',(-1.50853413617756,0.388758357896388,-7.41684968336673));
#1541=CARTESIAN_POINT('Ctrl Pts',(-1.44679852788151,0.577606007448069,-7.43110691695755));
#1542=CARTESIAN_POINT('Ctrl Pts',(-1.2518096371624,0.928992471288064,-7.45763517350461));
#1543=CARTESIAN_POINT('Ctrl Pts',(-1.11767239345726,1.08672049900574,-7.47211316525692));
#1544=CARTESIAN_POINT('Ctrl Pts',(-0.797867572808225,1.33876460076186,-7.5025366118776));
#1545=CARTESIAN_POINT('Ctrl Pts',(-0.616185904653434,1.43150513799871,-7.51791598405182));
#1546=CARTESIAN_POINT('Ctrl Pts',(-0.233181897552419,1.54017314703205,-7.54705932538746));
#1547=CARTESIAN_POINT('Ctrl Pts',(-0.0361807973894465,1.55729787595831,
-7.55968293668895));
#1548=CARTESIAN_POINT('Ctrl Pts',(0.362880767915202,1.51607367671771,-7.5873302764919));
#1549=CARTESIAN_POINT('Ctrl Pts',(0.560691365895742,1.45456148259744,-7.60258537412637));
#1550=CARTESIAN_POINT('Ctrl Pts',(0.915947417265952,1.26054965430057,-7.63313607141864));
#1551=CARTESIAN_POINT('Ctrl Pts',(1.07103953698048,1.1317449372863,-7.64813833114235));
#1552=CARTESIAN_POINT('Ctrl Pts',(1.32312962670637,0.8227924094431,-7.67628267084217));
#1553=CARTESIAN_POINT('Ctrl Pts',(1.41794484253054,0.645830320664645,-7.68874242338401));
#1554=CARTESIAN_POINT('Ctrl Pts',(1.53711080219724,0.25967801238821,-7.71789536054685));
#1555=CARTESIAN_POINT('Ctrl Pts',(1.55796398161098,0.0535989554791266,-7.73345349568648));
#1556=CARTESIAN_POINT('Ctrl Pts',(1.51876689419197,-0.346938790671341,-7.76369247521501));
#1557=CARTESIAN_POINT('Ctrl Pts',(1.4620841130865,-0.537933648527795,-7.77811181434668));
#1558=CARTESIAN_POINT('Ctrl Pts',(1.27592625937387,-0.895813949577062,-7.80513032933335));
#1559=CARTESIAN_POINT('Ctrl Pts',(1.14530924889506,-1.05773549038534,-7.81921210310393));
#1560=CARTESIAN_POINT('Ctrl Pts',(0.830830528757487,-1.31863692687832,-7.84962166820961));
#1561=CARTESIAN_POINT('Ctrl Pts',(0.651045266175397,-1.41606050973938,-7.86505382620486));
#1562=CARTESIAN_POINT('Ctrl Pts',(0.342142456399321,-1.51182437531103,-7.88886522111865));
#1563=CARTESIAN_POINT('Ctrl Pts',(0.222870258747003,-1.53395409838367,-7.89749875841239));
#1564=CARTESIAN_POINT('Ctrl Pts',(-0.0156796210388363,-1.54976788465197,
-7.91369242545839));
#1565=CARTESIAN_POINT('Ctrl Pts',(-0.134046354403677,-1.54404374583749,
-7.92131294528523));
#1566=CARTESIAN_POINT('Ctrl Pts',(-0.250692635768997,-1.52486674972727,
-7.92966333698684));
#1567=CARTESIAN_POINT('',(0.906259917756532,-1.25170218643276,-7.92966333698686));
#1568=CARTESIAN_POINT('Origin',(0.,8.01783970415227E-15,-7.92966333698684));
#1569=CARTESIAN_POINT('Ctrl Pts',(0.906259917755395,-1.25170218643358,-7.92966333698697));
#1570=CARTESIAN_POINT('Ctrl Pts',(1.05439751372425,-1.14444730824108,-7.91592923669128));
#1571=CARTESIAN_POINT('Ctrl Pts',(1.18235643644608,-1.01172169264623,-7.90255297777969));
#1572=CARTESIAN_POINT('Ctrl Pts',(1.38381368300863,-0.710790177644376,-7.87802186200361));
#1573=CARTESIAN_POINT('Ctrl Pts',(1.45684484807802,-0.545711725171592,-7.8661990276686));
#1574=CARTESIAN_POINT('Ctrl Pts',(1.54858675446552,-0.175513732173309,-7.83825057676886));
#1575=CARTESIAN_POINT('Ctrl Pts',(1.55824116460309,0.0283281251012364,-7.82286134115142));
#1576=CARTESIAN_POINT('Ctrl Pts',(1.49808978271544,0.43114111554891,-7.79245058988255));
#1577=CARTESIAN_POINT('Ctrl Pts',(1.42770540936423,0.625875493991923,-7.77805319871031));
#1578=CARTESIAN_POINT('Ctrl Pts',(1.21932022156841,0.969611665942155,-7.75145333511552));
#1579=CARTESIAN_POINT('Ctrl Pts',(1.08591955661055,1.11696975585549,-7.73716894108946));
#1580=CARTESIAN_POINT('Ctrl Pts',(0.764956660359337,1.35822273546288,-7.70707712088197));
#1581=CARTESIAN_POINT('Ctrl Pts',(0.578593037686149,1.44747063005269,-7.69152347609359));
#1582=CARTESIAN_POINT('Ctrl Pts',(0.186375098444987,1.54704212257066,-7.66212108993957));
#1583=CARTESIAN_POINT('Ctrl Pts',(-0.0151342344854912,1.55815145666294,
-7.64949423488032));
#1584=CARTESIAN_POINT('Ctrl Pts',(-0.410641300964476,1.50305373944244,-7.62155559599661));
#1585=CARTESIAN_POINT('Ctrl Pts',(-0.600848137607854,1.43761881370277,-7.60664956785061));
#1586=CARTESIAN_POINT('Ctrl Pts',(-0.952683505791234,1.2342462988652,-7.57596917268069));
#1587=CARTESIAN_POINT('Ctrl Pts',(-1.10939261242451,1.09556073336077,-7.56048821001991));
#1588=CARTESIAN_POINT('Ctrl Pts',(-1.35221931849289,0.773355749630226,-7.53244927004339));
#1589=CARTESIAN_POINT('Ctrl Pts',(-1.43938609365259,0.595615671751829,-7.51996657375767));
#1590=CARTESIAN_POINT('Ctrl Pts',(-1.52713404497802,0.273563841082327,-7.49565296334682));
#1591=CARTESIAN_POINT('Ctrl Pts',(-1.54533666301315,0.136937000554238,-7.48533818958702));
#1592=CARTESIAN_POINT('Ctrl Pts',(-1.54533666301315,6.48786580015326E-15,
-7.47500000000001));
#1593=CARTESIAN_POINT('Origin',(0.,2.86881671076834E-15,-8.));
#1594=CARTESIAN_POINT('',(-1.54533666301315,1.66504442723161E-15,-6.68750000000001));
#1595=CARTESIAN_POINT('',(-1.54533666301315,4.39289709320514E-15,-6.77500000000001));
#1596=CARTESIAN_POINT('',(-1.54533666301315,2.67956755097193E-15,-8.));
#1597=CARTESIAN_POINT('Ctrl Pts',(-1.54533666301315,-7.4371240892619E-16,
-6.68750000000001));
#1598=CARTESIAN_POINT('Ctrl Pts',(-1.54533666301315,0.0911438608925901,
-6.69438099279075));
#1599=CARTESIAN_POINT('Ctrl Pts',(-1.5372732698127,0.182325602026301,-6.70126484538639));
#1600=CARTESIAN_POINT('Ctrl Pts',(-1.48654094077825,0.465552822706178,-6.72264735480124));
#1601=CARTESIAN_POINT('Ctrl Pts',(-1.41553088047541,0.650187549004093,-6.73616052011251));
#1602=CARTESIAN_POINT('Ctrl Pts',(-1.20360077456442,0.990694596481096,-6.76287026255099));
#1603=CARTESIAN_POINT('Ctrl Pts',(-1.06167190986927,1.14146167488378,-6.77784092476036));
#1604=CARTESIAN_POINT('Ctrl Pts',(-0.730578513165041,1.37649690845661,-6.80836038408198));
#1605=CARTESIAN_POINT('Ctrl Pts',(-0.545466727583685,1.45978472495381,-6.82360720109764));
#1606=CARTESIAN_POINT('Ctrl Pts',(-0.157873947752946,1.54979861384271,-6.85234640758133));
#1607=CARTESIAN_POINT('Ctrl Pts',(0.0405009151680534,1.55729035441001,-6.86469677945551));
#1608=CARTESIAN_POINT('Ctrl Pts',(0.439192557613382,1.49594591243763,-6.89307943164526));
#1609=CARTESIAN_POINT('Ctrl Pts',(0.634981273945975,1.42390760391894,-6.90859967532513));
#1610=CARTESIAN_POINT('Ctrl Pts',(0.979933895270855,1.21131001007152,-6.93917829484229));
#1611=CARTESIAN_POINT('Ctrl Pts',(1.12743437579182,1.07539229405559,-6.95395270378128));
#1612=CARTESIAN_POINT('Ctrl Pts',(1.36449094898867,0.752879333806894,-6.98162600979868));
#1613=CARTESIAN_POINT('Ctrl Pts',(1.45091733926704,0.568789255341004,-6.99455871215974));
#1614=CARTESIAN_POINT('Ctrl Pts',(1.54886283133453,0.175244796857682,-7.02426972675954));
#1615=CARTESIAN_POINT('Ctrl Pts',(1.55844366119397,-0.0305301890375727,
-7.03980490576769));
#1616=CARTESIAN_POINT('Ctrl Pts',(1.49825673925348,-0.426525261416191,-7.06970093180305));
#1617=CARTESIAN_POINT('Ctrl Pts',(1.43194120526531,-0.613300641797702,-7.08369518372594));
#1618=CARTESIAN_POINT('Ctrl Pts',(1.22869950053468,-0.959381674334225,-7.11004727286607));
#1619=CARTESIAN_POINT('Ctrl Pts',(1.09072795928092,-1.11372163228338,-7.12489406864683));
#1620=CARTESIAN_POINT('Ctrl Pts',(0.765441756533243,-1.35749405821413,-7.15536365675166));
#1621=CARTESIAN_POINT('Ctrl Pts',(0.582035422400716,-1.44566199158342,-7.1706831834801));
#1622=CARTESIAN_POINT('Ctrl Pts',(0.196772871340933,-1.54528213456986,-7.1996326529723));
#1623=CARTESIAN_POINT('Ctrl Pts',(-0.000866218856244542,-1.55775575369023,
-7.21208783906071));
#1624=CARTESIAN_POINT('Ctrl Pts',(-0.401055234596024,-1.50669160455311,
-7.24018033137372));
#1625=CARTESIAN_POINT('Ctrl Pts',(-0.599114052608612,-1.43944175260389,
-7.25566824296271));
#1626=CARTESIAN_POINT('Ctrl Pts',(-0.950082771957219,-1.23493907406239,
-7.2863346367997));
#1627=CARTESIAN_POINT('Ctrl Pts',(-1.1012036237553,-1.10232185816339,-7.30122116353067));
#1628=CARTESIAN_POINT('Ctrl Pts',(-1.34538415537095,-0.786188345528211,
-7.32911943278332));
#1629=CARTESIAN_POINT('Ctrl Pts',(-1.43579897950543,-0.605510625119803,
-7.34178639729135));
#1630=CARTESIAN_POINT('Ctrl Pts',(-1.52655153354809,-0.277894569983573,
-7.36652008414033));
#1631=CARTESIAN_POINT('Ctrl Pts',(-1.54533666301315,-0.139110592233916,
-7.37699771303406));
#1632=CARTESIAN_POINT('Ctrl Pts',(-1.54533666301315,-1.91166527052644E-14,
-7.3875));
#1633=CARTESIAN_POINT('Ctrl Pts',(-1.54533666301315,6.69340982712366E-15,
-7.47500000000001));
#1634=CARTESIAN_POINT('Ctrl Pts',(-1.54533666301315,-0.0638967142038207,
-7.47017605656067));
#1635=CARTESIAN_POINT('Ctrl Pts',(-1.54137375699747,-0.127860959108099,
-7.46534701482668));
#1636=CARTESIAN_POINT('Ctrl Pts',(-1.50802479035208,-0.394868306458419,
-7.44518904023354));
#1637=CARTESIAN_POINT('Ctrl Pts',(-1.44242289775753,-0.591209690638819,
-7.43036605999286));
#1638=CARTESIAN_POINT('Ctrl Pts',(-1.24265040568961,-0.939384484850851,
-7.40408027151045));
#1639=CARTESIAN_POINT('Ctrl Pts',(-1.11327699570534,-1.08965506100622,-7.38998868364028));
#1640=CARTESIAN_POINT('Ctrl Pts',(-0.799060223001719,-1.33836542296344,
-7.36005643343367));
#1641=CARTESIAN_POINT('Ctrl Pts',(-0.615503086181188,-1.43209082839398,
-7.34451726368274));
#1642=CARTESIAN_POINT('Ctrl Pts',(-0.225302616214113,-1.54201667592795,
-7.31485592656535));
#1643=CARTESIAN_POINT('Ctrl Pts',(-0.0228508282131875,-1.55821593419093,
-7.30198018591065));
#1644=CARTESIAN_POINT('Ctrl Pts',(0.374609357780867,-1.51237572576252,-7.27426330154218));
#1645=CARTESIAN_POINT('Ctrl Pts',(0.565875878768909,-1.4516759814611,-7.25946673325628));
#1646=CARTESIAN_POINT('Ctrl Pts',(0.921717381413616,-1.25745474713253,-7.22886985367734));
#1647=CARTESIAN_POINT('Ctrl Pts',(1.08142976400032,-1.12307439377258,-7.21335504563665));
#1648=CARTESIAN_POINT('Ctrl Pts',(1.33234167915206,-0.807228446174491,-7.18502752400449));
#1649=CARTESIAN_POINT('Ctrl Pts',(1.42414119172312,-0.631333008898245,-7.17266308822393));
#1650=CARTESIAN_POINT('Ctrl Pts',(1.53817456569876,-0.250124339184042,-7.14388337577391));
#1651=CARTESIAN_POINT('Ctrl Pts',(1.5576346220766,-0.0479754198368419,-7.12862195012152));
#1652=CARTESIAN_POINT('Ctrl Pts',(1.51763621488942,0.356172562271468,-7.09811041238274));
#1653=CARTESIAN_POINT('Ctrl Pts',(1.45706088955479,0.554167360747162,-7.08316260605136));
#1654=CARTESIAN_POINT('Ctrl Pts',(1.26638504468908,0.907060251903837,-7.05652062033588));
#1655=CARTESIAN_POINT('Ctrl Pts',(1.14119572307646,1.06030137781589,-7.0429220916983));
#1656=CARTESIAN_POINT('Ctrl Pts',(0.834357652232444,1.31656722992607,-7.01318706698635));
#1657=CARTESIAN_POINT('Ctrl Pts',(0.653863065982568,1.41490965084854,-6.99767384812794));
#1658=CARTESIAN_POINT('Ctrl Pts',(0.265916173438668,1.53572899588942,-6.96774864559345));
#1659=CARTESIAN_POINT('Ctrl Pts',(0.0624382610488642,1.55732046261355,-6.95453466603022));
#1660=CARTESIAN_POINT('Ctrl Pts',(-0.336993398678732,1.52113687086289,-6.92705340166764));
#1661=CARTESIAN_POINT('Ctrl Pts',(-0.529236262820675,1.46536470327659,-6.91237900473935));
#1662=CARTESIAN_POINT('Ctrl Pts',(-0.888989670736332,1.28071568758963,-6.88188769115224));
#1663=CARTESIAN_POINT('Ctrl Pts',(-1.05169802070233,1.15086620035344,-6.86634803355786));
#1664=CARTESIAN_POINT('Ctrl Pts',(-1.31093302501094,0.841698479697606,-6.8377284261418));
#1665=CARTESIAN_POINT('Ctrl Pts',(-1.40755976716663,0.667667423021149,-6.82540618950565));
#1666=CARTESIAN_POINT('Ctrl Pts',(-1.51960365023997,0.324871260971943,-6.79952646599322));
#1667=CARTESIAN_POINT('Ctrl Pts',(-1.54533666301315,0.162814979516463,-6.78729187231381));
#1668=CARTESIAN_POINT('Ctrl Pts',(-1.54533666301315,6.86950496486816E-15,
-6.77500000000001));
#1669=CARTESIAN_POINT('Origin',(0.,2.86881671076834E-15,-8.));
#1670=CARTESIAN_POINT('',(-1.54533666301315,-1.84343380293148E-15,-5.98750000000001));
#1671=CARTESIAN_POINT('',(-1.54533666301315,5.83271757826589E-15,-6.07500000000001));
#1672=CARTESIAN_POINT('',(-1.54533666301315,2.67956755097193E-15,-8.));
#1673=CARTESIAN_POINT('Ctrl Pts',(-1.54533666301315,-8.04911692853238E-15,
-5.98750000000001));
#1674=CARTESIAN_POINT('Ctrl Pts',(-1.54533666301315,0.11791914734892,-5.99640241860344));
#1675=CARTESIAN_POINT('Ctrl Pts',(-1.53183933045711,0.235730390678423,-6.00529669088986));
#1676=CARTESIAN_POINT('Ctrl Pts',(-1.46040098427617,0.541935256672322,-6.02841391957384));
#1677=CARTESIAN_POINT('Ctrl Pts',(-1.38001980965118,0.722481672573754,-6.04121124109616));
#1678=CARTESIAN_POINT('Ctrl Pts',(-1.15081211162624,1.05156383529334,-6.06861935065756));
#1679=CARTESIAN_POINT('Ctrl Pts',(-1.00122989980279,1.19484430467248,-6.08380779518108));
#1680=CARTESIAN_POINT('Ctrl Pts',(-0.659196236371756,1.41192989498256,-6.11436498189065));
#1681=CARTESIAN_POINT('Ctrl Pts',(-0.471046692601402,1.48533674991091,-6.12943742552065));
#1682=CARTESIAN_POINT('Ctrl Pts',(-0.0789642389070211,1.55600389383464,
-6.15773987274228));
#1683=CARTESIAN_POINT('Ctrl Pts',(0.121065690656315,1.55329604061949,-6.17011499571278));
#1684=CARTESIAN_POINT('Ctrl Pts',(0.5163792865648,1.47093569353513,-6.19907009435115));
#1685=CARTESIAN_POINT('Ctrl Pts',(0.707173324056108,1.38931073000854,-6.21462565569872));
#1686=CARTESIAN_POINT('Ctrl Pts',(1.03924030813473,1.16066201190118,-6.2449676914991));
#1687=CARTESIAN_POINT('Ctrl Pts',(1.17910597062264,1.01828621170189,-6.25948670485004));
#1688=CARTESIAN_POINT('Ctrl Pts',(1.40134463822816,0.682767173997852,-6.28668214835504));
#1689=CARTESIAN_POINT('Ctrl Pts',(1.47936513174703,0.491392674316052,-6.30040184093273));
#1690=CARTESIAN_POINT('Ctrl Pts',(1.55594528354238,0.0909780260577139,-6.33063152706838));
#1691=CARTESIAN_POINT('Ctrl Pts',(1.55443559129632,-0.113903379932926,-6.34609924440856));
#1692=CARTESIAN_POINT('Ctrl Pts',(1.47373811637098,-0.504541524825869,-6.37559084408927));
#1693=CARTESIAN_POINT('Ctrl Pts',(1.39798004998697,-0.68707377634324,-6.38870039871144));
#1694=CARTESIAN_POINT('Ctrl Pts',(1.17727956557954,-1.02183986622795,-6.41576685136577));
#1695=CARTESIAN_POINT('Ctrl Pts',(1.03142782267461,-1.16886946204128,-6.43085291449384));
#1696=CARTESIAN_POINT('Ctrl Pts',(0.694676657209619,-1.39488656379039,-6.46140187050499));
#1697=CARTESIAN_POINT('Ctrl Pts',(0.507962882524981,-1.47318655055026,-6.47656514735056));
#1698=CARTESIAN_POINT('Ctrl Pts',(0.11806861357367,-1.55342144850222,-6.50508569132044));
#1699=CARTESIAN_POINT('Ctrl Pts',(-0.0811172387693972,-1.55578809520719,
-6.51740903939601));
#1700=CARTESIAN_POINT('Ctrl Pts',(-0.47816277703071,-1.48387325473369,-6.54608307812864));
#1701=CARTESIAN_POINT('Ctrl Pts',(-0.671497732278783,-1.40697715625771,
-6.56162626318285));
#1702=CARTESIAN_POINT('Ctrl Pts',(-1.01006517522138,-1.1862193989466,-6.5920954403702));
#1703=CARTESIAN_POINT('Ctrl Pts',(-1.15376321469075,-1.04700352407074,-6.60674573916009));
#1704=CARTESIAN_POINT('Ctrl Pts',(-1.38341008833424,-0.717942699338812,
-6.63418175717882));
#1705=CARTESIAN_POINT('Ctrl Pts',(-1.46565434032136,-0.530240248330924,
-6.6474690062457));
#1706=CARTESIAN_POINT('Ctrl Pts',(-1.53330088890848,-0.222648323064155,
-6.67069095229368));
#1707=CARTESIAN_POINT('Ctrl Pts',(-1.54533666301315,-0.111352431629589,
-6.67909334186888));
#1708=CARTESIAN_POINT('Ctrl Pts',(-1.54533666301315,-5.55111512312578E-16,
-6.68750000000001));
#1709=CARTESIAN_POINT('Ctrl Pts',(-1.54533666301315,6.69340982712366E-15,
-6.77500000000001));
#1710=CARTESIAN_POINT('Ctrl Pts',(-1.54533666301315,-0.0372642785897469,
-6.77218669771265));
#1711=CARTESIAN_POINT('Ctrl Pts',(-1.54398880018869,-0.0745683006412382,
-6.76937039495473));
#1712=CARTESIAN_POINT('Ctrl Pts',(-1.52644702901389,-0.316315588230966,
-6.75111945268833));
#1713=CARTESIAN_POINT('Ctrl Pts',(-1.47106234737435,-0.515865399223526,
-6.73605424920247));
#1714=CARTESIAN_POINT('Ctrl Pts',(-1.28973653835777,-0.873500324924159,
-6.70905425906199));
#1715=CARTESIAN_POINT('Ctrl Pts',(-1.1687556382859,-1.02979852763721,-6.69587541883904));
#1716=CARTESIAN_POINT('Ctrl Pts',(-0.869403751816567,-1.29360791333244,
-6.66634509831688));
#1717=CARTESIAN_POINT('Ctrl Pts',(-0.692116356706737,-1.39651669033145,
-6.65086919944651));
#1718=CARTESIAN_POINT('Ctrl Pts',(-0.306589774225583,-1.52835076400491,
-6.62068645648097));
#1719=CARTESIAN_POINT('Ctrl Pts',(-0.102045630229844,-1.55544003451331,
-6.60705326949974));
#1720=CARTESIAN_POINT('Ctrl Pts',(0.299295102302056,-1.52893919331418,-6.57981269150497));
#1721=CARTESIAN_POINT('Ctrl Pts',(0.492385982429335,-1.4780893953615,-6.5652686595893));
#1722=CARTESIAN_POINT('Ctrl Pts',(0.855788299098694,-1.30305205700812,-6.53490159656417));
#1723=CARTESIAN_POINT('Ctrl Pts',(1.02135927014608,-1.17777983350067,-6.51934755920144));
#1724=CARTESIAN_POINT('Ctrl Pts',(1.28882715274126,-0.875353452438554,-6.49044414649073));
#1725=CARTESIAN_POINT('Ctrl Pts',(1.39029080120687,-0.703142427804345,-6.47808440885881));
#1726=CARTESIAN_POINT('Ctrl Pts',(1.52339993469093,-0.327717518267511,-6.44974134690499));
#1727=CARTESIAN_POINT('Ctrl Pts',(1.55299037656387,-0.127840446590055,-6.43465143656129));
#1728=CARTESIAN_POINT('Ctrl Pts',(1.53408968364085,0.276912284507938,-6.4040942427202));
#1729=CARTESIAN_POINT('Ctrl Pts',(1.48384922045586,0.477854147772008,-6.38892394491914));
#1730=CARTESIAN_POINT('Ctrl Pts',(1.31176094613594,0.840065334439822,-6.36157846558811));
#1731=CARTESIAN_POINT('Ctrl Pts',(1.19485330600075,0.99939245846869,-6.34872948888267));
#1732=CARTESIAN_POINT('Ctrl Pts',(0.902799445327288,1.27044401553983,-6.31940294629008));
#1733=CARTESIAN_POINT('Ctrl Pts',(0.728730686616099,1.37768703408423,-6.30397387756901));
#1734=CARTESIAN_POINT('Ctrl Pts',(0.345697105289461,1.52022259838253,-6.27355017092005));
#1735=CARTESIAN_POINT('Ctrl Pts',(0.140096877976166,1.55270325262047,-6.25943780592498));
#1736=CARTESIAN_POINT('Ctrl Pts',(-0.263019463830881,1.53553658536723,-6.23243348227054));
#1737=CARTESIAN_POINT('Ctrl Pts',(-0.456805319149207,1.48940841036234,-6.21802224360977));
#1738=CARTESIAN_POINT('Ctrl Pts',(-0.823466803479634,1.32363698581732,-6.18779186109689));
#1739=CARTESIAN_POINT('Ctrl Pts',(-0.991662563154709,1.20280306722451,-6.1722337483739));
#1740=CARTESIAN_POINT('Ctrl Pts',(-1.26696071389597,0.906917057757039,-6.14306526745359));
#1741=CARTESIAN_POINT('Ctrl Pts',(-1.373084502488,0.736424921437335,-6.13059710248956));
#1742=CARTESIAN_POINT('Ctrl Pts',(-1.51103197402112,0.374543297949793,-6.10327650384544));
#1743=CARTESIAN_POINT('Ctrl Pts',(-1.54533666301315,0.187989254011889,-6.08919242820006));
#1744=CARTESIAN_POINT('Ctrl Pts',(-1.54533666301315,1.04430353253804E-14,
-6.07500000000001));
#1745=CARTESIAN_POINT('Origin',(0.,2.86881671076834E-15,-8.));
#1746=CARTESIAN_POINT('',(-1.54533666301315,8.18326788821447E-15,-5.28750000000001));
#1747=CARTESIAN_POINT('',(-1.54533666301315,3.62961876377535E-15,-5.37500000000001));
#1748=CARTESIAN_POINT('',(-1.54533666301315,2.67956755097193E-15,-8.));
#1749=CARTESIAN_POINT('Ctrl Pts',(-1.54533666301315,1.45716771982052E-14,
-5.28750000000001));
#1750=CARTESIAN_POINT('Ctrl Pts',(-1.54533666301315,0.142458051785649,-5.29825500662055));
#1751=CARTESIAN_POINT('Ctrl Pts',(-1.52563651573314,0.284528444967215,-5.30898074658462));
#1752=CARTESIAN_POINT('Ctrl Pts',(-1.43290694253968,0.611091469580496,-5.33363493388898));
#1753=CARTESIAN_POINT('Ctrl Pts',(-1.34374557486269,0.78803046546642,-5.34605723622986));
#1754=CARTESIAN_POINT('Ctrl Pts',(-1.09742679839288,1.1075039996269,-5.37422138601274));
#1755=CARTESIAN_POINT('Ctrl Pts',(-0.939409612744535,1.24434186577199,-5.38971812581644));
#1756=CARTESIAN_POINT('Ctrl Pts',(-0.585819561807974,1.44378004143458,-5.42036473128097));
#1757=CARTESIAN_POINT('Ctrl Pts',(-0.395141796305271,1.50717625819494,-5.43522459228164));
#1758=CARTESIAN_POINT('Ctrl Pts',(0.00121335308242813,1.55829008458375,
-5.46306829620482));
#1759=CARTESIAN_POINT('Ctrl Pts',(0.203122944852442,1.5449994998737,-5.47579319270488));
#1760=CARTESIAN_POINT('Ctrl Pts',(0.594489396778747,1.44098294082144,-5.50530769968451));
#1761=CARTESIAN_POINT('Ctrl Pts',(0.779660913905565,1.34980251678054,-5.5208563520038));
#1762=CARTESIAN_POINT('Ctrl Pts',(1.09767988349916,1.10537811891043,-5.55087540874656));
#1763=CARTESIAN_POINT('Ctrl Pts',(1.22938241215624,0.95677994326752,-5.56509558694705));
#1764=CARTESIAN_POINT('Ctrl Pts',(1.43407483438422,0.611123723369793,-5.59152649023152));
#1765=CARTESIAN_POINT('Ctrl Pts',(1.50244572251373,0.415700174198867,-5.60611631849074));
#1766=CARTESIAN_POINT('Ctrl Pts',(1.55842235777991,0.0125037613836613,-5.63655601659729));
#1767=CARTESIAN_POINT('Ctrl Pts',(1.54672413259771,-0.19102542680307,-5.65192164696344));
#1768=CARTESIAN_POINT('Ctrl Pts',(1.44715357080516,-0.576432599850245,-5.68101832943078));
#1769=CARTESIAN_POINT('Ctrl Pts',(1.36243419522242,-0.755170226749916,-5.69359494024689));
#1770=CARTESIAN_POINT('Ctrl Pts',(1.12528611580017,-1.07883965031428,-5.72131788322178));
#1771=CARTESIAN_POINT('Ctrl Pts',(0.972293184024317,-1.21851253206031,-5.73659314630448));
#1772=CARTESIAN_POINT('Ctrl Pts',(0.625519335156142,-1.42710403725151,-5.76713961851098));
#1773=CARTESIAN_POINT('Ctrl Pts',(0.436137370479003,-1.4958985890679,-5.78211853444994));
#1774=CARTESIAN_POINT('Ctrl Pts',(0.0420521220244979,-1.55755791240221,
-5.81021190021874));
#1775=CARTESIAN_POINT('Ctrl Pts',(-0.158816657376176,-1.5500123915813,-5.82270715843007));
#1776=CARTESIAN_POINT('Ctrl Pts',(-0.552383467022621,-1.4577258352097,-5.85192274403479));
#1777=CARTESIAN_POINT('Ctrl Pts',(-0.740658724160178,-1.37167785669593,
-5.86748058382919));
#1778=CARTESIAN_POINT('Ctrl Pts',(-1.06637979544626,-1.13569782338742,-5.89768445719413));
#1779=CARTESIAN_POINT('Ctrl Pts',(-1.20253882145794,-0.990413874464355,
-5.91207090214085));
#1780=CARTESIAN_POINT('Ctrl Pts',(-1.41765594799725,-0.648769415874921,
-5.93903195146536));
#1781=CARTESIAN_POINT('Ctrl Pts',(-1.49156889790125,-0.453812577159879,
-5.95323898624427));
#1782=CARTESIAN_POINT('Ctrl Pts',(-1.5385603647969,-0.167161744549281,-5.97487996451026));
#1783=CARTESIAN_POINT('Ctrl Pts',(-1.54533666301315,-0.0835537846315143,
-5.98119202726264));
#1784=CARTESIAN_POINT('Ctrl Pts',(-1.54533666301315,-8.06924922347835E-15,
-5.98750000000001));
#1785=CARTESIAN_POINT('Ctrl Pts',(-1.54533666301315,1.05607267022302E-14,
-6.07500000000001));
#1786=CARTESIAN_POINT('Ctrl Pts',(-1.54533666301315,-0.0114828216809572,
-6.07413309341486));
#1787=CARTESIAN_POINT('Ctrl Pts',(-1.54520867650569,-0.0229709982039939,
-6.07326578256082));
#1788=CARTESIAN_POINT('Ctrl Pts',(-1.54037879283473,-0.239494923960376,
-6.05691910207611));
#1789=CARTESIAN_POINT('Ctrl Pts',(-1.4950344684782,-0.441626860884022,-6.04165895852799));
#1790=CARTESIAN_POINT('Ctrl Pts',(-1.33172439958728,-0.808084962199303,
-6.01399285432123));
#1791=CARTESIAN_POINT('Ctrl Pts',(-1.21861646664155,-0.970301947900046,
-6.00138126587512));
#1792=CARTESIAN_POINT('Ctrl Pts',(-0.933407901125296,-1.24805062338499,
-5.97224947568936));
#1793=CARTESIAN_POINT('Ctrl Pts',(-0.762435548739192,-1.35925117446225,
-5.95687346554574));
#1794=CARTESIAN_POINT('Ctrl Pts',(-0.384506585039011,-1.5107305746621,-5.92644589430343));
#1795=CARTESIAN_POINT('Ctrl Pts',(-0.180899871037863,-1.54833031396935,
-5.91194049374341));
#1796=CARTESIAN_POINT('Ctrl Pts',(0.22087804354876,-1.54209475361467,-5.8854363055295));
#1797=CARTESIAN_POINT('Ctrl Pts',(0.41532475407022,-1.50143336122842,-5.87118821920707));
#1798=CARTESIAN_POINT('Ctrl Pts',(0.785467224824715,-1.34644640083973,-5.84113733658604));
#1799=CARTESIAN_POINT('Ctrl Pts',(0.956555069437742,-1.23080924936731,-5.82558630270607));
#1800=CARTESIAN_POINT('Ctrl Pts',(1.24084221536814,-0.942603819245386,-5.79612003489925));
#1801=CARTESIAN_POINT('Ctrl Pts',(1.35240390216764,-0.774069406615666,-5.7834391088363));
#1802=CARTESIAN_POINT('Ctrl Pts',(1.50464519042017,-0.404715238487184,-5.75555436330068));
#1803=CARTESIAN_POINT('Ctrl Pts',(1.54421970764302,-0.207619242528331,-5.74067441292337));
#1804=CARTESIAN_POINT('Ctrl Pts',(1.54645023516309,0.198516178399605,-5.71001283159355));
#1805=CARTESIAN_POINT('Ctrl Pts',(1.50598203282965,0.403694850672263,-5.69452267185162));
#1806=CARTESIAN_POINT('Ctrl Pts',(1.35069608663124,0.776037048850857,-5.66641234213477));
#1807=CARTESIAN_POINT('Ctrl Pts',(1.24131497035809,0.941149723171748,-5.65396576367647));
#1808=CARTESIAN_POINT('Ctrl Pts',(0.962846386793406,1.22540544015277,-5.62502901539036));
#1809=CARTESIAN_POINT('Ctrl Pts',(0.794991286935721,1.34039831153665,-5.60971366320582));
#1810=CARTESIAN_POINT('Ctrl Pts',(0.421513381066697,1.5007967934092,-5.57924043112826));
#1811=CARTESIAN_POINT('Ctrl Pts',(0.218929521380675,1.54343334567098,-5.56438576819218));
#1812=CARTESIAN_POINT('Ctrl Pts',(-0.182379389567031,1.54703638979254,-5.53801161626274));
#1813=CARTESIAN_POINT('Ctrl Pts',(-0.377318141066098,1.51139551831335,-5.52404919661046));
#1814=CARTESIAN_POINT('Ctrl Pts',(-0.750531579721163,1.366150655127,-5.49416527422821));
#1815=CARTESIAN_POINT('Ctrl Pts',(-0.924102565424241,1.25527188071199,-5.47863150818037));
#1816=CARTESIAN_POINT('Ctrl Pts',(-1.21646424968905,0.97413182019963,-5.44890401904666));
#1817=CARTESIAN_POINT('Ctrl Pts',(-1.33299734348136,0.807351227581062,-5.43595175168336));
#1818=CARTESIAN_POINT('Ctrl Pts',(-1.4943535961072,0.440990184678509,-5.40829297499413));
#1819=CARTESIAN_POINT('Ctrl Pts',(-1.53860773619391,0.245390624214613,-5.39352599944312));
#1820=CARTESIAN_POINT('Ctrl Pts',(-1.5451004442294,0.0312097587015638,-5.37735621052834));
#1821=CARTESIAN_POINT('Ctrl Pts',(-1.54533666301315,0.0155999877537012,
-5.37617773596838));
#1822=CARTESIAN_POINT('Ctrl Pts',(-1.54533666301315,6.69340982712366E-15,
-5.37500000000001));
#1823=CARTESIAN_POINT('Origin',(0.,2.86881671076834E-15,-8.));
#1824=CARTESIAN_POINT('',(-1.54533666301315,7.9490802189576E-15,-4.58750000000001));
#1825=CARTESIAN_POINT('',(-1.54533666301315,2.88368766910532E-15,-4.67500000000001));
#1826=CARTESIAN_POINT('',(-1.54533666301315,2.67956755097193E-15,-8.));
#1827=CARTESIAN_POINT('Ctrl Pts',(-1.54533666301315,1.40512601554121E-14,
-4.58750000000001));
#1828=CARTESIAN_POINT('Ctrl Pts',(-1.54533666301315,0.168528556442971,-4.60022322425848));
#1829=CARTESIAN_POINT('Ctrl Pts',(-1.51776592625931,0.336167619790685,-4.6128792953865));
#1830=CARTESIAN_POINT('Ctrl Pts',(-1.40003683956978,0.683396296498462,-4.63909365582469));
#1831=CARTESIAN_POINT('Ctrl Pts',(-1.30128047877652,0.856622410268011,-4.65142287146227));
#1832=CARTESIAN_POINT('Ctrl Pts',(-1.03840921615377,1.16282847158654,-4.68016842594133));
#1833=CARTESIAN_POINT('Ctrl Pts',(-0.874423653288277,1.29066751409506,-4.69571569929983));
#1834=CARTESIAN_POINT('Ctrl Pts',(-0.513030817505626,1.47108774552521,-4.72615457294778));
#1835=CARTESIAN_POINT('Ctrl Pts',(-0.320398717358878,1.52469113644603,-4.74077255174428));
#1836=CARTESIAN_POINT('Ctrl Pts',(0.0798814192401663,1.55661379911311,-4.76814844927051));
#1837=CARTESIAN_POINT('Ctrl Pts',(0.283824360918982,1.53261457532065,-4.78153707130135));
#1838=CARTESIAN_POINT('Ctrl Pts',(0.670726478066886,1.40695925816451,-4.81157651310829));
#1839=CARTESIAN_POINT('Ctrl Pts',(0.849826408094208,1.30659910821503,-4.82707471255952));
#1840=CARTESIAN_POINT('Ctrl Pts',(1.15338083798686,1.04700975236146,-4.85672050372492));
#1841=CARTESIAN_POINT('Ctrl Pts',(1.2767200608283,0.892433506315685,-4.87012488045774));
#1842=CARTESIAN_POINT('Ctrl Pts',(1.46331005946204,0.537454903553891,-4.89692432896203));
#1843=CARTESIAN_POINT('Ctrl Pts',(1.52161966421642,0.338762530367153,-4.91192479936217));
#1844=CARTESIAN_POINT('Ctrl Pts',(1.55696251267009,-0.0656144201330706,
-4.94245362328828));
#1845=CARTESIAN_POINT('Ctrl Pts',(1.53525338839619,-0.267305552611525,-4.95768048788399));
#1846=CARTESIAN_POINT('Ctrl Pts',(1.41700780532348,-0.647260776618841,-4.98636557025374));
#1847=CARTESIAN_POINT('Ctrl Pts',(1.32310736313823,-0.822337798267684,-4.99870162412892));
#1848=CARTESIAN_POINT('Ctrl Pts',(1.06855967057297,-1.13528341567889,-5.02715737643349));
#1849=CARTESIAN_POINT('Ctrl Pts',(0.907526336368564,-1.26769677412229,-5.04268430008007));
#1850=CARTESIAN_POINT('Ctrl Pts',(0.549949041133858,-1.45775515601873,-5.07323752897478));
#1851=CARTESIAN_POINT('Ctrl Pts',(0.358241535724924,-1.51630879597621,-5.08798191834781));
#1852=CARTESIAN_POINT('Ctrl Pts',(-0.0400848120551399,-1.55794689567025,
-5.11559681249388));
#1853=CARTESIAN_POINT('Ctrl Pts',(-0.242978094284484,-1.53941195805497,
-5.128609897157));
#1854=CARTESIAN_POINT('Ctrl Pts',(-0.632217065802192,-1.42475722847482,
-5.15838687587791));
#1855=CARTESIAN_POINT('Ctrl Pts',(-0.814458362599745,-1.32901551801583,
-5.17391612558323));
#1856=CARTESIAN_POINT('Ctrl Pts',(-1.12547511316857,-1.07701334037426,-5.20376341319967));
#1857=CARTESIAN_POINT('Ctrl Pts',(-1.25302916828449,-0.925459214998443,
-5.21763157305196));
#1858=CARTESIAN_POINT('Ctrl Pts',(-1.44887075007434,-0.575233048203317,
-5.24407223186591));
#1859=CARTESIAN_POINT('Ctrl Pts',(-1.51230385464751,-0.378160221209984,
-5.25895043308005));
#1860=CARTESIAN_POINT('Ctrl Pts',(-1.54204847844859,-0.116471871773449,
-5.27870684484778));
#1861=CARTESIAN_POINT('Ctrl Pts',(-1.54533666301315,-0.0582035806310322,
-5.28310586511484));
#1862=CARTESIAN_POINT('Ctrl Pts',(-1.54533666301315,1.41676593056065E-14,
-5.28750000000001));
#1863=CARTESIAN_POINT('Ctrl Pts',(-1.54533666301315,7.32053306862213E-15,
-5.37500000000001));
#1864=CARTESIAN_POINT('Ctrl Pts',(-1.54533666301315,-0.190598692280056,
-5.36061056976674));
#1865=CARTESIAN_POINT('Ctrl Pts',(-1.51007240634152,-0.379736983997609,
-5.34633139386817));
#1866=CARTESIAN_POINT('Ctrl Pts',(-1.37010980681886,-0.741354838885934,
-5.31903070868626));
#1867=CARTESIAN_POINT('Ctrl Pts',(-1.26468495242165,-0.909607540795682,
-5.30668437974916));
#1868=CARTESIAN_POINT('Ctrl Pts',(-0.993388922240772,-1.20069617863599,
-5.27795865420806));
#1869=CARTESIAN_POINT('Ctrl Pts',(-0.828920346175801,-1.31960864596793,
-5.26271676092074));
#1870=CARTESIAN_POINT('Ctrl Pts',(-0.460130535452903,-1.48941700415793,
-5.23219483933779));
#1871=CARTESIAN_POINT('Ctrl Pts',(-0.258673309996111,-1.53727668637958,
-5.21721667475003));
#1872=CARTESIAN_POINT('Ctrl Pts',(0.142145784230691,-1.55121266394837,-5.19048450039313));
#1873=CARTESIAN_POINT('Ctrl Pts',(0.337582113993371,-1.52071516330575,-5.17699899202023));
#1874=CARTESIAN_POINT('Ctrl Pts',(0.713643894176892,-1.38569818605287,-5.14731492304592));
#1875=CARTESIAN_POINT('Ctrl Pts',(0.88966273135622,-1.27982435593694,-5.13181003952973));
#1876=CARTESIAN_POINT('Ctrl Pts',(1.19036883649423,-1.00616128714324,-5.101819221669));
#1877=CARTESIAN_POINT('Ctrl Pts',(1.31213197674322,-0.841198575723545,-5.08850708954455));
#1878=CARTESIAN_POINT('Ctrl Pts',(1.48286968426658,-0.477986961076112,-5.06108608194812));
#1879=CARTESIAN_POINT('Ctrl Pts',(1.53188043692076,-0.284039336052978,-5.04644382084027));
#1880=CARTESIAN_POINT('Ctrl Pts',(1.55441702583445,0.119448582948417,-5.0159821151959));
#1881=CARTESIAN_POINT('Ctrl Pts',(1.52468252937511,0.325343977737328,-5.00043784580336));
#1882=CARTESIAN_POINT('Ctrl Pts',(1.38906422710184,0.705390571430416,-4.97174586539196));
#1883=CARTESIAN_POINT('Ctrl Pts',(1.28767271491115,0.876912656361381,-4.95942151793657));
#1884=CARTESIAN_POINT('Ctrl Pts',(1.02369551057016,1.1748787220516,-4.9309146985917));
#1885=CARTESIAN_POINT('Ctrl Pts',(0.862749914269458,1.29766487601406,-4.91575691886995));
#1886=CARTESIAN_POINT('Ctrl Pts',(0.498954527134834,1.47686985162898,-4.88520683646486));
#1887=CARTESIAN_POINT('Ctrl Pts',(0.298781032165481,1.5299916806898,-4.87011396859275));
#1888=CARTESIAN_POINT('Ctrl Pts',(-0.101445531578899,1.55438940888573,-4.84302562479142));
#1889=CARTESIAN_POINT('Ctrl Pts',(-0.297438184032854,1.5290501888749,-4.82993828930616));
#1890=CARTESIAN_POINT('Ctrl Pts',(-0.676256821917264,1.40424621001031,-4.80045949310713));
#1891=CARTESIAN_POINT('Ctrl Pts',(-0.854582187108533,1.30342565910588,-4.78499455659579));
#1892=CARTESIAN_POINT('Ctrl Pts',(-1.16356987375206,1.03737073375494,-4.75474946924711));
#1893=CARTESIAN_POINT('Ctrl Pts',(-1.29062253814034,0.874228177347157,-4.74100069085162));
#1894=CARTESIAN_POINT('Ctrl Pts',(-1.47064028934813,0.514201665468607,-4.71382014562946));
#1895=CARTESIAN_POINT('Ctrl Pts',(-1.52429109655529,0.321996433024199,-4.69930942811276));
#1896=CARTESIAN_POINT('Ctrl Pts',(-1.54365379247652,0.0833251376248897,
-4.68129071081334));
#1897=CARTESIAN_POINT('Ctrl Pts',(-1.54533666301315,0.0416385944809064,
-4.67814354544163));
#1898=CARTESIAN_POINT('Ctrl Pts',(-1.54533666301315,-5.94995864440329E-16,
-4.67500000000001));
#1899=CARTESIAN_POINT('Origin',(0.,2.86881671076834E-15,-8.));
#1900=CARTESIAN_POINT('',(-1.54533666301315,4.27146644988677E-15,-3.88750000000002));
#1901=CARTESIAN_POINT('',(-1.54533666301315,1.67805485330144E-15,-3.97500000000002));
#1902=CARTESIAN_POINT('',(-1.54533666301315,2.67956755097193E-15,-8.));
#1903=CARTESIAN_POINT('Ctrl Pts',(-1.54533666301315,4.9960036108132E-15,
-3.88750000000002));
#1904=CARTESIAN_POINT('Ctrl Pts',(-1.54533666301315,0.193040796612929,-3.90207379923131));
#1905=CARTESIAN_POINT('Ctrl Pts',(-1.50916419237206,0.38447719901336,-3.91652647318982));
#1906=CARTESIAN_POINT('Ctrl Pts',(-1.36575693612984,0.750039933125938,-3.94412498079483));
#1907=CARTESIAN_POINT('Ctrl Pts',(-1.257687843516,0.919826322278584,-3.95665883946126));
#1908=CARTESIAN_POINT('Ctrl Pts',(-0.979155470387316,1.21297061305607,-3.98593528408152));
#1909=CARTESIAN_POINT('Ctrl Pts',(-0.809903966925128,1.33194711652139,-4.00149230916265));
#1910=CARTESIAN_POINT('Ctrl Pts',(-0.441957517997469,1.49385608111548,-4.03166090442795));
#1911=CARTESIAN_POINT('Ctrl Pts',(-0.247916852229441,1.53802281546961,-4.04601476253916));
#1912=CARTESIAN_POINT('Ctrl Pts',(0.155921212076619,1.55129577356478,-4.0729192937865));
#1913=CARTESIAN_POINT('Ctrl Pts',(0.361968391836498,1.51653847681282,-4.08725307878982));
#1914=CARTESIAN_POINT('Ctrl Pts',(0.743913779110763,1.36951565519436,-4.11777502265987));
#1915=CARTESIAN_POINT('Ctrl Pts',(0.916603844238398,1.26048599169838,-4.13318139267724));
#1916=CARTESIAN_POINT('Ctrl Pts',(1.20558995068121,0.986421860405489,-4.16242107974194));
#1917=CARTESIAN_POINT('Ctrl Pts',(1.32079256235961,0.825805748955058,-4.17515500660747));
#1918=CARTESIAN_POINT('Ctrl Pts',(1.4889606538535,0.461685611686663,-4.20264460398652));
#1919=CARTESIAN_POINT('Ctrl Pts',(1.53701512050904,0.260196319658833,-4.21785623044472));
#1920=CARTESIAN_POINT('Ctrl Pts',(1.5514978137303,-0.144542392879812,-4.24841236594128));
#1921=CARTESIAN_POINT('Ctrl Pts',(1.51980596919248,-0.343879675890186,-4.26346152442424));
#1922=CARTESIAN_POINT('Ctrl Pts',(1.38270108705137,-0.718060337533153,-4.29171065069546));
#1923=CARTESIAN_POINT('Ctrl Pts',(1.27916483867588,-0.889501682898616,-4.30410994933562));
#1924=CARTESIAN_POINT('Ctrl Pts',(1.00820024232643,-1.18902414953197,-4.33313236524211));
#1925=CARTESIAN_POINT('Ctrl Pts',(0.841445260610359,-1.31232472263363,-4.34868938908246));
#1926=CARTESIAN_POINT('Ctrl Pts',(0.476561854272184,-1.48323938143564,-4.37899766503105));
#1927=CARTESIAN_POINT('Ctrl Pts',(0.283147069890134,-1.53198554912114,-4.39348346647745));
#1928=CARTESIAN_POINT('Ctrl Pts',(-0.118991439818526,-1.55433403840793,
-4.42061946138672));
#1929=CARTESIAN_POINT('Ctrl Pts',(-0.324002406123894,-1.52485776229416,
-4.43445677273627));
#1930=CARTESIAN_POINT('Ctrl Pts',(-0.708439814471371,-1.38827293163806,
-4.46474763542308));
#1931=CARTESIAN_POINT('Ctrl Pts',(-0.884310567207479,-1.28342740841221,
-4.48020402046371));
#1932=CARTESIAN_POINT('Ctrl Pts',(-1.18042570068911,-1.01639273653931,-4.50964446552627));
#1933=CARTESIAN_POINT('Ctrl Pts',(-1.29959684556757,-0.858757467610995,
-4.52266728514939));
#1934=CARTESIAN_POINT('Ctrl Pts',(-1.47684089590876,-0.499087013614742,
-4.54982094944181));
#1935=CARTESIAN_POINT('Ctrl Pts',(-1.52995401819052,-0.298904415548364,
-4.56493392579192));
#1936=CARTESIAN_POINT('Ctrl Pts',(-1.54437952429649,-0.0628347692075847,
-4.58275622911193));
#1937=CARTESIAN_POINT('Ctrl Pts',(-1.54533666301315,-0.0314019434894279,
-4.58512928029767));
#1938=CARTESIAN_POINT('Ctrl Pts',(-1.54533666301315,1.41676593056065E-14,
-4.58750000000001));
#1939=CARTESIAN_POINT('Ctrl Pts',(-1.54533666301315,-1.04083408558608E-15,
-4.67500000000001));
#1940=CARTESIAN_POINT('Ctrl Pts',(-1.54533666301315,-0.163142808546414,
-4.66268337792063));
#1941=CARTESIAN_POINT('Ctrl Pts',(-1.51949974239235,-0.325549545175635,
-4.65042232629335));
#1942=CARTESIAN_POINT('Ctrl Pts',(-1.40678376590838,-0.669602325967908,
-4.62444773314925));
#1943=CARTESIAN_POINT('Ctrl Pts',(-1.30935643573056,-0.844388123259661,
-4.61206696561661));
#1944=CARTESIAN_POINT('Ctrl Pts',(-1.05255375210758,-1.14901221212681,-4.58377789967759));
#1945=CARTESIAN_POINT('Ctrl Pts',(-0.895123047052311,-1.2754718445225,-4.56871126213709));
#1946=CARTESIAN_POINT('Ctrl Pts',(-0.536421000432044,-1.46368288722695,
-4.53815422872363));
#1947=CARTESIAN_POINT('Ctrl Pts',(-0.337633546374271,-1.52189330174735,
-4.52295989835845));
#1948=CARTESIAN_POINT('Ctrl Pts',(0.06192008955697,-1.55647146699425,-4.49553126062241));
#1949=CARTESIAN_POINT('Ctrl Pts',(0.258506040412882,-1.53611252942636,-4.48275031700171));
#1950=CARTESIAN_POINT('Ctrl Pts',(0.639892174640273,-1.42111310818517,-4.45347375647869));
#1951=CARTESIAN_POINT('Ctrl Pts',(0.820299412601927,-1.32518957590785,-4.4380575567287));
#1952=CARTESIAN_POINT('Ctrl Pts',(1.13718425723865,-1.06657496746302,-4.40757699893281));
#1953=CARTESIAN_POINT('Ctrl Pts',(1.26937803872778,-0.905193063582011,-4.39333841449929));
#1954=CARTESIAN_POINT('Ctrl Pts',(1.45822396255937,-0.548262224566072,-4.36639158005525));
#1955=CARTESIAN_POINT('Ctrl Pts',(1.5162241314983,-0.357811349266146,-4.35201330940601));
#1956=CARTESIAN_POINT('Ctrl Pts',(1.55829625375798,0.042144781878255,-4.32181823945761));
#1957=CARTESIAN_POINT('Ctrl Pts',(1.53898266735347,0.248217855662755,-4.30626055601967));
#1958=CARTESIAN_POINT('Ctrl Pts',(1.42269030829887,0.635403668661827,-4.27702959343114));
#1959=CARTESIAN_POINT('Ctrl Pts',(1.32901612537445,0.8133236002829,-4.26452496684603));
#1960=CARTESIAN_POINT('Ctrl Pts',(1.07898106213106,1.12415188953754,-4.23644418148549));
#1961=CARTESIAN_POINT('Ctrl Pts',(0.924915401747497,1.2539620712543,-4.22147107886609));
#1962=CARTESIAN_POINT('Ctrl Pts',(0.571185670693442,1.45047387402956,-4.19092580557531));
#1963=CARTESIAN_POINT('Ctrl Pts',(0.373817039764846,1.51341505525564,-4.17564566299903));
#1964=CARTESIAN_POINT('Ctrl Pts',(-0.0250174717135604,1.5575266843213,-4.14790417366084));
#1965=CARTESIAN_POINT('Ctrl Pts',(-0.222205771799553,1.54180357818393,-4.13533850549464));
#1966=CARTESIAN_POINT('Ctrl Pts',(-0.605898848557861,1.43586963636644,-4.10625331731732));
#1967=CARTESIAN_POINT('Ctrl Pts',(-0.788113701526754,1.34450805857819,-4.0908911376957));
#1968=CARTESIAN_POINT('Ctrl Pts',(-1.10964210655479,1.09491709514606,-4.06044760169994));
#1969=CARTESIAN_POINT('Ctrl Pts',(-1.24492333587728,0.938192878413906,-4.04582976702408));
#1970=CARTESIAN_POINT('Ctrl Pts',(-1.442416847316,0.588414307207988,-4.01942289986644));
#1971=CARTESIAN_POINT('Ctrl Pts',(-1.50552559681785,0.40017896814381,-4.00521189324043));
#1972=CARTESIAN_POINT('Ctrl Pts',(-1.54078307994101,0.137057272509164,-3.9853472696331));
#1973=CARTESIAN_POINT('Ctrl Pts',(-1.54533666301315,0.0684933568515863,
-3.98017097136434));
#1974=CARTESIAN_POINT('Ctrl Pts',(-1.54533666301315,-5.94995864440329E-16,
-3.97500000000002));
#1975=CARTESIAN_POINT('Origin',(0.,2.86881671076834E-15,-8.));
#1976=CARTESIAN_POINT('',(-1.54533666301315,6.43987079485778E-15,-3.18750000000002));
#1977=CARTESIAN_POINT('',(-1.54533666301315,3.93753218076123E-15,-3.27500000000002));
#1978=CARTESIAN_POINT('',(-1.54533666301315,2.67956755097193E-15,-8.));
#1979=CARTESIAN_POINT('Ctrl Pts',(-1.54533666301315,1.04491126963329E-14,
-3.18750000000002));
#1980=CARTESIAN_POINT('Ctrl Pts',(-1.54533666301315,0.0211679264218027,
-3.1890980928137));
#1981=CARTESIAN_POINT('Ctrl Pts',(-1.54490173132906,0.0423526498190962,
-3.19069745373105));
#1982=CARTESIAN_POINT('Ctrl Pts',(-1.53586994428909,0.261822899923815,-3.20726656978522));
#1983=CARTESIAN_POINT('Ctrl Pts',(-1.48958950400071,0.456735093650867,-3.22198165192821));
#1984=CARTESIAN_POINT('Ctrl Pts',(-1.32425204765244,0.821768192163439,-3.24954017418797));
#1985=CARTESIAN_POINT('Ctrl Pts',(-1.20551370661037,0.987779437729012,-3.26263515100128));
#1986=CARTESIAN_POINT('Ctrl Pts',(-0.909614732593701,1.26577232099344,-3.2924751135675));
#1987=CARTESIAN_POINT('Ctrl Pts',(-0.734991164560329,1.37454018841198,-3.30799801646765));
#1988=CARTESIAN_POINT('Ctrl Pts',(-0.36056136589397,1.51545652332163,-3.33779807300084));
#1989=CARTESIAN_POINT('Ctrl Pts',(-0.165419048518134,1.54892292908067,-3.35154929431081));
#1990=CARTESIAN_POINT('Ctrl Pts',(0.235694767628472,1.54096433992517,-3.37807510368139));
#1991=CARTESIAN_POINT('Ctrl Pts',(0.437820919004144,1.49612346685513,-3.39298304965256));
#1992=CARTESIAN_POINT('Ctrl Pts',(0.809352744407331,1.33174370151588,-3.42347932963435));
#1993=CARTESIAN_POINT('Ctrl Pts',(0.975791912371929,1.21508760936447,-3.43876488940854));
#1994=CARTESIAN_POINT('Ctrl Pts',(1.25124387828791,0.927946750997078,-3.46761331521704));
#1995=CARTESIAN_POINT('Ctrl Pts',(1.35896021593414,0.76152098992997,-3.48000824586106));
#1996=CARTESIAN_POINT('Ctrl Pts',(1.51018606920514,0.387551735317345,-3.5082414117567));
#1997=CARTESIAN_POINT('Ctrl Pts',(1.54843023444214,0.18218012285445,-3.5237461377025));
#1998=CARTESIAN_POINT('Ctrl Pts',(1.54197698980827,-0.223489154750894,-3.55437252709716));
#1999=CARTESIAN_POINT('Ctrl Pts',(1.5004325766861,-0.419970558762608,-3.56920607826868));
#2000=CARTESIAN_POINT('Ctrl Pts',(1.34436723470718,-0.788076974572503,-3.59699662355181));
#2001=CARTESIAN_POINT('Ctrl Pts',(1.2307328657927,-0.955876547167041,-3.60978201710823));
#2002=CARTESIAN_POINT('Ctrl Pts',(0.943062474888854,-1.2411412688006,-3.63935848046008));
#2003=CARTESIAN_POINT('Ctrl Pts',(0.770920732004187,-1.35479492102029,-3.65490354661509));
#2004=CARTESIAN_POINT('Ctrl Pts',(0.39954202464668,-1.50568357771732,-3.68488055345916));
#2005=CARTESIAN_POINT('Ctrl Pts',(0.204885212341834,-1.54427543963722,-3.69906425594426));
#2006=CARTESIAN_POINT('Ctrl Pts',(-0.196686657752365,-1.54639771931249,
-3.72539970465192));
#2007=CARTESIAN_POINT('Ctrl Pts',(-0.399876242519403,-1.50673356023632,
-3.74010166346179));
#2008=CARTESIAN_POINT('Ctrl Pts',(-0.776047840611155,-1.35149583202832,
-3.77055620493508));
#2009=CARTESIAN_POINT('Ctrl Pts',(-0.945732198085556,-1.23870595286777,
-3.78590799806981));
#2010=CARTESIAN_POINT('Ctrl Pts',(-1.22813866707349,-0.958241709067627,
-3.81495909043183));
#2011=CARTESIAN_POINT('Ctrl Pts',(-1.33969576779734,-0.794827128076289,
-3.8274937671652));
#2012=CARTESIAN_POINT('Ctrl Pts',(-1.49938001338332,-0.42664418408029,-3.8552900900168));
#2013=CARTESIAN_POINT('Ctrl Pts',(-1.54270134746591,-0.224058329712837,
-3.87058450249569));
#2014=CARTESIAN_POINT('Ctrl Pts',(-1.54529783747979,-0.0126506825388532,
-3.88654492464444));
#2015=CARTESIAN_POINT('Ctrl Pts',(-1.54533666301315,-0.00632448021110831,
-3.88702252732866));
#2016=CARTESIAN_POINT('Ctrl Pts',(-1.54533666301315,6.73056608705935E-15,
-3.88750000000002));
#2017=CARTESIAN_POINT('Ctrl Pts',(-1.54533666301315,-7.97972798949331E-16,
-3.97500000000002));
#2018=CARTESIAN_POINT('Ctrl Pts',(-1.54533666301315,-0.134983753429259,
-3.96480927266942));
#2019=CARTESIAN_POINT('Ctrl Pts',(-1.52764966856529,-0.26969346473739,-3.95463923441038));
#2020=CARTESIAN_POINT('Ctrl Pts',(-1.44048731224806,-0.59439792651466,-3.93012536108165));
#2021=CARTESIAN_POINT('Ctrl Pts',(-1.35128074004031,-0.776105389277559,
-3.91738557103464));
#2022=CARTESIAN_POINT('Ctrl Pts',(-1.10926351462641,-1.09418490391407,-3.88955528416229));
#2023=CARTESIAN_POINT('Ctrl Pts',(-0.959237994423432,-1.22781776735459,
-3.87470203312012));
#2024=CARTESIAN_POINT('Ctrl Pts',(-0.610082677342764,-1.43480425003101,
-3.84406044350651));
#2025=CARTESIAN_POINT('Ctrl Pts',(-0.412703617221663,-1.50352025323447,
-3.82856163120574));
#2026=CARTESIAN_POINT('Ctrl Pts',(-0.0129604903393978,-1.55771843267536,
-3.80037998843212));
#2027=CARTESIAN_POINT('Ctrl Pts',(0.18489727654631,-1.54676377625488,-3.7879650251364));
#2028=CARTESIAN_POINT('Ctrl Pts',(0.570880046045319,-1.45008239138142,-3.75907939891845));
#2029=CARTESIAN_POINT('Ctrl Pts',(0.754821914039702,-1.36340491652165,-3.74378112002258));
#2030=CARTESIAN_POINT('Ctrl Pts',(1.08191052595091,-1.12229178919309,-3.71329407100026));
#2031=CARTESIAN_POINT('Ctrl Pts',(1.2211033044895,-0.969034134656593,-3.6984082837629));
#2032=CARTESIAN_POINT('Ctrl Pts',(1.42701055105857,-0.624651486850815,-3.67194602831494));
#2033=CARTESIAN_POINT('Ctrl Pts',(1.49476591562315,-0.438539084448092,-3.65810792684222));
#2034=CARTESIAN_POINT('Ctrl Pts',(1.55811824462576,-0.0433478018381331,
-3.62827258368281));
#2035=CARTESIAN_POINT('Ctrl Pts',(1.55024762570677,0.162328119144325,-3.61274488367481));
#2036=CARTESIAN_POINT('Ctrl Pts',(1.45556206462914,0.556958450966801,-3.58295189003062));
#2037=CARTESIAN_POINT('Ctrl Pts',(1.37041905347426,0.74215385763289,-3.56991846268767));
#2038=CARTESIAN_POINT('Ctrl Pts',(1.13564346590429,1.06669195260642,-3.54231784599761));
#2039=CARTESIAN_POINT('Ctrl Pts',(0.989309831569675,1.20363962087742,-3.52758084849855));
#2040=CARTESIAN_POINT('Ctrl Pts',(0.646309552964888,1.41877756291765,-3.49703398290426));
#2041=CARTESIAN_POINT('Ctrl Pts',(0.451266443126937,1.492324753274,-3.48150553079436));
#2042=CARTESIAN_POINT('Ctrl Pts',(0.0530718819344567,1.55693639073253,-3.45303204845894));
#2043=CARTESIAN_POINT('Ctrl Pts',(-0.14554784146962,1.55102809995832,-3.44069871646114));
#2044=CARTESIAN_POINT('Ctrl Pts',(-0.533862039212308,1.46404725598169,-3.41202683396444));
#2045=CARTESIAN_POINT('Ctrl Pts',(-0.719485219686223,1.38230463733997,-3.39680490932089));
#2046=CARTESIAN_POINT('Ctrl Pts',(-1.05236111451841,1.15005374002716,-3.36627401081212));
#2047=CARTESIAN_POINT('Ctrl Pts',(-1.19551833754175,1.00043532493887,-3.35126639651435));
#2048=CARTESIAN_POINT('Ctrl Pts',(-1.41017675843043,0.661701619968244,-3.32444521307581));
#2049=CARTESIAN_POINT('Ctrl Pts',(-1.48266242131696,0.477727117313833,-3.31106646479521));
#2050=CARTESIAN_POINT('Ctrl Pts',(-1.53650382593637,0.190810142715001,-3.28940539388574));
#2051=CARTESIAN_POINT('Ctrl Pts',(-1.54533666301315,0.0953932281247745,
-3.28220180282672));
#2052=CARTESIAN_POINT('Ctrl Pts',(-1.54533666301315,-4.46231273954688E-15,
-3.27500000000002));
#2053=CARTESIAN_POINT('Origin',(0.,2.86881671076834E-15,-8.));
#2054=CARTESIAN_POINT('',(-1.54533666301315,7.55009381948293E-15,-2.48750000000002));
#2055=CARTESIAN_POINT('',(-1.54533666301315,2.04668359194651E-15,-2.57500000000002));
#2056=CARTESIAN_POINT('',(-1.54533666301315,2.67956755097193E-15,-8.));
#2057=CARTESIAN_POINT('Ctrl Pts',(-1.54533666301315,1.04491126963329E-14,
-2.48750000000002));
#2058=CARTESIAN_POINT('Ctrl Pts',(-1.54533666301315,0.0469635424536351,
-2.49104555747242));
#2059=CARTESIAN_POINT('Ctrl Pts',(-1.54319584804071,0.0939825155190876,
-2.49459529973177));
#2060=CARTESIAN_POINT('Ctrl Pts',(-1.52089101492368,0.337575341347103,-2.51298557266935));
#2061=CARTESIAN_POINT('Ctrl Pts',(-1.46534485031677,0.529030696207923,-2.52743967746199));
#2062=CARTESIAN_POINT('Ctrl Pts',(-1.28149622388889,0.887721828738247,-2.55451940694541));
#2063=CARTESIAN_POINT('Ctrl Pts',(-1.15222580290569,1.05010438376694,-2.56847183017876));
#2064=CARTESIAN_POINT('Ctrl Pts',(-0.839813097439865,1.31295535917415,-2.59881990747332));
#2065=CARTESIAN_POINT('Ctrl Pts',(-0.660570552311426,1.41166136438016,-2.61426499068332));
#2066=CARTESIAN_POINT('Ctrl Pts',(-0.280631210010542,1.53222148213836,-2.64365686294961));
#2067=CARTESIAN_POINT('Ctrl Pts',(-0.0843890365549698,1.55540883518608,
-2.65660232128382));
#2068=CARTESIAN_POINT('Ctrl Pts',(0.315559182739624,1.52662110770232,-2.68383818012489));
#2069=CARTESIAN_POINT('Ctrl Pts',(0.515151449341123,1.47130071542993,-2.69897603777837));
#2070=CARTESIAN_POINT('Ctrl Pts',(0.876778318725553,1.28819481497591,-2.72953159144772));
#2071=CARTESIAN_POINT('Ctrl Pts',(1.03621844662536,1.16381272176199,-2.74465118499443));
#2072=CARTESIAN_POINT('Ctrl Pts',(1.29710737616796,0.862972544081164,-2.7730645804785));
#2073=CARTESIAN_POINT('Ctrl Pts',(1.39679601659337,0.690050824298249,-2.78540395424613));
#2074=CARTESIAN_POINT('Ctrl Pts',(1.52816888744059,0.308400396211502,-2.81421701766622));
#2075=CARTESIAN_POINT('Ctrl Pts',(1.55560195275467,0.102421774040814,-2.8297675703894));
#2076=CARTESIAN_POINT('Ctrl Pts',(1.52873577912334,-0.300367793180634,-2.86017655329945));
#2077=CARTESIAN_POINT('Ctrl Pts',(1.47772512510859,-0.493580525101403,-2.87476333295094));
#2078=CARTESIAN_POINT('Ctrl Pts',(1.3030041260418,-0.855433561115218,-2.90208177335644));
#2079=CARTESIAN_POINT('Ctrl Pts',(1.17898483489911,-1.01961823326779,-2.91557149629475));
#2080=CARTESIAN_POINT('Ctrl Pts',(0.874726956436192,-1.29004189980564,-2.94567225323697));
#2081=CARTESIAN_POINT('Ctrl Pts',(0.697703654880433,-1.39375889766501,-2.9611613939999));
#2082=CARTESIAN_POINT('Ctrl Pts',(0.3204512243646,-1.52440379643484,-2.99075827225777));
#2083=CARTESIAN_POINT('Ctrl Pts',(0.124784239041016,-1.55269627902776,-3.00406361930938));
#2084=CARTESIAN_POINT('Ctrl Pts',(-0.27579426854247,-1.53429946730132,-3.03094845123788));
#2085=CARTESIAN_POINT('Ctrl Pts',(-0.476721647558213,-1.48419240035654,
-3.04597680794338));
#2086=CARTESIAN_POINT('Ctrl Pts',(-0.843411999895173,-1.31036057836763,
-3.0765133415874));
#2087=CARTESIAN_POINT('Ctrl Pts',(-1.00638972964134,-1.18978444735809,-3.0917205611722));
#2088=CARTESIAN_POINT('Ctrl Pts',(-1.27457209488567,-0.895758356406348,
-3.12035359380854));
#2089=CARTESIAN_POINT('Ctrl Pts',(-1.378281002651,-0.726122973342704,-3.13268065291688));
#2090=CARTESIAN_POINT('Ctrl Pts',(-1.51221569637678,-0.368150376508423,
-3.15970613586196));
#2091=CARTESIAN_POINT('Ctrl Pts',(-1.54533666301315,-0.184714698296184,
-3.17355478750986));
#2092=CARTESIAN_POINT('Ctrl Pts',(-1.54533666301315,1.11716191852906E-14,
-3.18750000000002));
#2093=CARTESIAN_POINT('Ctrl Pts',(-1.54533666301315,-3.64291929955129E-15,
-3.27500000000002));
#2094=CARTESIAN_POINT('Ctrl Pts',(-1.54533666301315,-0.106930917735633,
-3.26692714828142));
#2095=CARTESIAN_POINT('Ctrl Pts',(-1.53423780252462,-0.213832072810377,
-3.25885654352331));
#2096=CARTESIAN_POINT('Ctrl Pts',(-1.47004389310785,-0.518146403774168,
-3.23588204258627));
#2097=CARTESIAN_POINT('Ctrl Pts',(-1.38911291694406,-0.706988606082034,
-3.22246811104482));
#2098=CARTESIAN_POINT('Ctrl Pts',(-1.16177809414614,-1.03807444947258,-3.19510681782263));
#2099=CARTESIAN_POINT('Ctrl Pts',(-1.01927314269213,-1.1782912812948,-3.18049674071484));
#2100=CARTESIAN_POINT('Ctrl Pts',(-0.682722588538384,-1.40154059587699,
-3.15006537932226));
#2101=CARTESIAN_POINT('Ctrl Pts',(-0.490171552085627,-1.47992639728355,
-3.13451721471537));
#2102=CARTESIAN_POINT('Ctrl Pts',(-0.0936582219587011,-1.55511416222433,
-3.10575442622482));
#2103=CARTESIAN_POINT('Ctrl Pts',(0.105789604027386,-1.55433621181045,-3.09342304079955));
#2104=CARTESIAN_POINT('Ctrl Pts',(0.496377638814694,-1.47710960314077,-3.06497069427354));
#2105=CARTESIAN_POINT('Ctrl Pts',(0.68355687666857,-1.40034695798928,-3.04983501632369));
#2106=CARTESIAN_POINT('Ctrl Pts',(1.02199608682197,-1.17712704900911,-3.0192812819321));
#2107=CARTESIAN_POINT('Ctrl Pts',(1.16903239220668,-1.03126662405364,-3.00416190426843));
#2108=CARTESIAN_POINT('Ctrl Pts',(1.39241551757259,-0.698280368746549,-2.97698724190858));
#2109=CARTESIAN_POINT('Ctrl Pts',(1.46962914445282,-0.516379878507579,-2.96398459190231));
#2110=CARTESIAN_POINT('Ctrl Pts',(1.55343330868525,-0.126583235607037,-2.93455652221788));
#2111=CARTESIAN_POINT('Ctrl Pts',(1.55662276658131,0.0781105824357062,-2.91910296700891));
#2112=CARTESIAN_POINT('Ctrl Pts',(1.48332877501194,0.479529709310065,-2.88879744680119));
#2113=CARTESIAN_POINT('Ctrl Pts',(1.40660204622131,0.672031877537574,-2.87493112085449));
#2114=CARTESIAN_POINT('Ctrl Pts',(1.18661570970028,1.00949698082532,-2.84780947790245));
#2115=CARTESIAN_POINT('Ctrl Pts',(1.04792024969889,1.1528062483842,-2.83333173754075));
#2116=CARTESIAN_POINT('Ctrl Pts',(0.717850607511988,1.38380067039744,-2.80303174520088));
#2117=CARTESIAN_POINT('Ctrl Pts',(0.527845411942257,1.46683761738297,-2.78747445993444));
#2118=CARTESIAN_POINT('Ctrl Pts',(0.133075201315121,1.55234959145984,-2.75843592105017));
#2119=CARTESIAN_POINT('Ctrl Pts',(-0.0672165820590285,1.55659145981146,
-2.74603013059285));
#2120=CARTESIAN_POINT('Ctrl Pts',(-0.459943261973425,1.48879292666076,-2.71779384720405));
#2121=CARTESIAN_POINT('Ctrl Pts',(-0.648497852232832,1.41685463472917,-2.70275035634433));
#2122=CARTESIAN_POINT('Ctrl Pts',(-0.992065820044644,1.20246572137638,-2.67219464874453));
#2123=CARTESIAN_POINT('Ctrl Pts',(-1.14274508098406,1.06032621266967,-2.65697754655549));
#2124=CARTESIAN_POINT('Ctrl Pts',(-1.37448888566366,0.732961310459024,-2.62946844586414));
#2125=CARTESIAN_POINT('Ctrl Pts',(-1.45625288274473,0.552997154583737,-2.61674904811724));
#2126=CARTESIAN_POINT('Ctrl Pts',(-1.53093083745055,0.243503462465468,-2.59338352636524));
#2127=CARTESIAN_POINT('Ctrl Pts',(-1.54533666301315,0.121822656680607,-2.58419711776703));
#2128=CARTESIAN_POINT('Ctrl Pts',(-1.54533666301315,-2.35922392732846E-15,
-2.57500000000002));
#2129=CARTESIAN_POINT('Origin',(0.,2.86881671076834E-15,-8.));
#2130=CARTESIAN_POINT('',(-1.54533666301315,-4.90349491669568E-16,-1.78750000000002));
#2131=CARTESIAN_POINT('',(-1.54533666301315,-2.19037849812684E-15,-1.87500000000002));
#2132=CARTESIAN_POINT('',(-1.54533666301315,2.67956755097193E-15,-8.));
#2133=CARTESIAN_POINT('Ctrl Pts',(-1.54533666301315,-4.57381542219478E-15,
-1.78750000000002));
#2134=CARTESIAN_POINT('Ctrl Pts',(-1.54533666301315,0.0739005284443987,
-1.79307919094583));
#2135=CARTESIAN_POINT('Ctrl Pts',(-1.54003573048987,0.147869478667094,-1.79866354745911));
#2136=CARTESIAN_POINT('Ctrl Pts',(-1.50123307587829,0.415993689282843,-1.81890584071071));
#2137=CARTESIAN_POINT('Ctrl Pts',(-1.43617635592257,0.603353275291851,-1.83304279061945));
#2138=CARTESIAN_POINT('Ctrl Pts',(-1.23526509568375,0.950910875122142,-1.85929824943073));
#2139=CARTESIAN_POINT('Ctrl Pts',(-1.09836625271424,1.10618699000684,-1.87411024871099));
#2140=CARTESIAN_POINT('Ctrl Pts',(-0.774670617803966,1.3522688079382,-1.90456301811744));
#2141=CARTESIAN_POINT('Ctrl Pts',(-0.591741298055521,1.44173480773016,-1.91990035635257));
#2142=CARTESIAN_POINT('Ctrl Pts',(-0.207112289237531,1.54391830334289,-1.94890516533361));
#2143=CARTESIAN_POINT('Ctrl Pts',(-0.00965933980386531,1.55771341129048,
-1.96140126148576));
#2144=CARTESIAN_POINT('Ctrl Pts',(0.390910037434302,1.50937505625433,-1.98941572915766));
#2145=CARTESIAN_POINT('Ctrl Pts',(0.589551223552724,1.44340472529062,-2.00489341746809));
#2146=CARTESIAN_POINT('Ctrl Pts',(0.942082200714479,1.24107341109195,-2.03557998931892));
#2147=CARTESIAN_POINT('Ctrl Pts',(1.09414961179354,1.10934616278579,-2.05049480895818));
#2148=CARTESIAN_POINT('Ctrl Pts',(1.34020565729062,0.79490600556149,-2.07845178121989));
#2149=CARTESIAN_POINT('Ctrl Pts',(1.4316661891891,0.615116387773014,-2.09106120106956));
#2150=CARTESIAN_POINT('Ctrl Pts',(1.54237014912303,0.225949630776675,-2.12044171691632));
#2151=CARTESIAN_POINT('Ctrl Pts',(1.55870083457775,0.0199200682443793,-2.13599611543073));
#2152=CARTESIAN_POINT('Ctrl Pts',(1.51106951824987,-0.37884995463848,-2.16610163900358));
#2153=CARTESIAN_POINT('Ctrl Pts',(1.4505275869691,-0.568219788678384,-2.18039829541085));
#2154=CARTESIAN_POINT('Ctrl Pts',(1.2577183163502,-0.920983899925917,-2.20703055876415));
#2155=CARTESIAN_POINT('Ctrl Pts',(1.12457773270827,-1.07957484257165,-2.22139195033115));
#2156=CARTESIAN_POINT('Ctrl Pts',(0.806279487087208,-1.33373430091094,-2.25179674537761));
#2157=CARTESIAN_POINT('Ctrl Pts',(0.625067784249039,-1.42766653443317,-2.26719037467898));
#2158=CARTESIAN_POINT('Ctrl Pts',(0.242664974081487,-1.53870151619481,-2.29638375734156));
#2159=CARTESIAN_POINT('Ctrl Pts',(0.0458220633077878,-1.55703717379535,
-2.30906241806382));
#2160=CARTESIAN_POINT('Ctrl Pts',(-0.353428910885061,-1.51830418891689,
-2.33662810338454));
#2161=CARTESIAN_POINT('Ctrl Pts',(-0.551612297522273,-1.45802762693294,
-2.35186093185486));
#2162=CARTESIAN_POINT('Ctrl Pts',(-0.90817108642685,-1.26618266009785,-2.38241500933267));
#2163=CARTESIAN_POINT('Ctrl Pts',(-1.06414377210997,-1.13825198097973,-2.3974418485424));
#2164=CARTESIAN_POINT('Ctrl Pts',(-1.31800318575536,-0.830920130476686,
-2.42564069185151));
#2165=CARTESIAN_POINT('Ctrl Pts',(-1.41379977123846,-0.654778435597424,
-2.43806687690473));
#2166=CARTESIAN_POINT('Ctrl Pts',(-1.52124191685252,-0.314469723366507,
-2.46375880801843));
#2167=CARTESIAN_POINT('Ctrl Pts',(-1.54533666301315,-0.157546762813062,
-2.47560585673567));
#2168=CARTESIAN_POINT('Ctrl Pts',(-1.54533666301315,1.00613961606655E-14,
-2.48750000000002));
#2169=CARTESIAN_POINT('Ctrl Pts',(-1.54533666301315,-4.46231273954688E-15,
-2.57500000000002));
#2170=CARTESIAN_POINT('Ctrl Pts',(-1.54533666301315,-0.0795131765241476,
-2.56899707682918));
#2171=CARTESIAN_POINT('Ctrl Pts',(-1.53919992975899,-0.159086783265818,
-2.56298959142138));
#2172=CARTESIAN_POINT('Ctrl Pts',(-1.4950017879839,-0.442634137102613,-2.54158291324823));
#2173=CARTESIAN_POINT('Ctrl Pts',(-1.42231650223868,-0.638662188048728,
-2.52721819250162));
#2174=CARTESIAN_POINT('Ctrl Pts',(-1.2093107514368,-0.982107091402877,-2.50032722476147));
#2175=CARTESIAN_POINT('Ctrl Pts',(-1.07425401232538,-1.12822891499711,-2.48598122081751));
#2176=CARTESIAN_POINT('Ctrl Pts',(-0.750430804730268,-1.36633440921823,
-2.4558212006151));
#2177=CARTESIAN_POINT('Ctrl Pts',(-0.562915738407861,-1.45367029349597,
-2.44026444733399));
#2178=CARTESIAN_POINT('Ctrl Pts',(-0.169882907084015,-1.54887795340471,
-2.41097350823727));
#2179=CARTESIAN_POINT('Ctrl Pts',(0.0312403230784147,-1.55785095713628,
-2.39842985277459));
#2180=CARTESIAN_POINT('Ctrl Pts',(0.425900498875151,-1.49882761234304,-2.37039840030107));
#2181=CARTESIAN_POINT('Ctrl Pts',(0.615621209596809,-1.43138288148632,-2.35544828967751));
#2182=CARTESIAN_POINT('Ctrl Pts',(0.963738864385985,-1.22529083471692,-2.32490830703876));
#2183=CARTESIAN_POINT('Ctrl Pts',(1.11771072540413,-1.08668709740005,-2.30960939821706));
#2184=CARTESIAN_POINT('Ctrl Pts',(1.35716933637131,-0.764612945797506,-2.28179560771107));
#2185=CARTESIAN_POINT('Ctrl Pts',(1.4431562642004,-0.586393998038721,-2.26927037469696));
#2186=CARTESIAN_POINT('Ctrl Pts',(1.54534598932055,-0.201735037218007,-2.24023017922596));
#2187=CARTESIAN_POINT('Ctrl Pts',(1.55845371614408,0.00156627365484389,
-2.22488175267517));
#2188=CARTESIAN_POINT('Ctrl Pts',(1.50536305871909,0.405004319738881,-2.1944238122343));
#2189=CARTESIAN_POINT('Ctrl Pts',(1.43838701535051,0.600892374839351,-2.17969463943575));
#2190=CARTESIAN_POINT('Ctrl Pts',(1.23625672214407,0.947851955194216,-2.15338205255018));
#2191=CARTESIAN_POINT('Ctrl Pts',(1.10573423385912,1.09729574101352,-2.13920710698476));
#2192=CARTESIAN_POINT('Ctrl Pts',(0.789767425781305,1.3438912115245,-2.10924026986411));
#2193=CARTESIAN_POINT('Ctrl Pts',(0.605430985183818,1.43639815824005,-2.09369614248177));
#2194=CARTESIAN_POINT('Ctrl Pts',(0.214665800955409,1.54348674401124,-2.06410498443983));
#2195=CARTESIAN_POINT('Ctrl Pts',(0.0124757191006836,1.55828811297034,-2.05130457120282));
#2196=CARTESIAN_POINT('Ctrl Pts',(-0.384457065859644,1.50991902619727,-2.02352670901757));
#2197=CARTESIAN_POINT('Ctrl Pts',(-0.575446174306386,1.44792660856803,-2.00869948255257));
#2198=CARTESIAN_POINT('Ctrl Pts',(-0.930218171472704,1.25120252590024,-1.97807805129238));
#2199=CARTESIAN_POINT('Ctrl Pts',(-1.08912283306509,1.11564211629979,-1.9625715084567));
#2200=CARTESIAN_POINT('Ctrl Pts',(-1.33783637670094,0.798054919359414,-1.93432199082343));
#2201=CARTESIAN_POINT('Ctrl Pts',(-1.42837106581557,0.621661402344836,-1.92193292105392));
#2202=CARTESIAN_POINT('Ctrl Pts',(-1.52457657223924,0.292033691823099,-1.89704736236113));
#2203=CARTESIAN_POINT('Ctrl Pts',(-1.54533666301315,0.146239911673013,-1.88604052174319));
#2204=CARTESIAN_POINT('Ctrl Pts',(-1.54533666301315,-3.33066907387547E-15,
-1.87500000000002));
#2205=CARTESIAN_POINT('Origin',(0.,2.86881671076834E-15,-8.));
#2206=CARTESIAN_POINT('',(-1.54533666301315,5.31147882226712E-17,-1.08750000000002));
#2207=CARTESIAN_POINT('',(-1.54533666301315,9.09399771310229E-15,-1.17500000000002));
#2208=CARTESIAN_POINT('',(-1.54533666301315,2.67956755097193E-15,-8.));
#2209=CARTESIAN_POINT('Ctrl Pts',(-1.54533666301315,-5.96744875736022E-15,
-1.08750000000002));
#2210=CARTESIAN_POINT('Ctrl Pts',(-1.54533666301315,0.101051770968311,-1.09512899992076));
#2211=CARTESIAN_POINT('Ctrl Pts',(-1.5354247791258,0.20210353528525,-1.10275799933934));
#2212=CARTESIAN_POINT('Ctrl Pts',(-1.47733943696661,0.493910726794684,-1.12478826184303));
#2213=CARTESIAN_POINT('Ctrl Pts',(-1.40288263458486,0.67701285708255,-1.13800008144291));
#2214=CARTESIAN_POINT('Ctrl Pts',(-1.18458313599123,1.0133623379377,-1.1649693240547));
#2215=CARTESIAN_POINT('Ctrl Pts',(-1.03979780063758,1.16142807402288,-1.18002477614799));
#2216=CARTESIAN_POINT('Ctrl Pts',(-0.704574533547143,1.38993341931573,-1.2105677621629));
#2217=CARTESIAN_POINT('Ctrl Pts',(-0.518287170903047,1.4696047824025,-1.22575492626856));
#2218=CARTESIAN_POINT('Ctrl Pts',(-0.129017887441159,1.55252522559136,-1.25433598170376));
#2219=CARTESIAN_POINT('Ctrl Pts',(0.0699390429558173,1.55630517499822,-1.26665867442454));
#2220=CARTESIAN_POINT('Ctrl Pts',(0.467449285150938,1.48730373338532,-1.29525312124359));
#2221=CARTESIAN_POINT('Ctrl Pts',(0.661472493354777,1.41173954250775,-1.31079102843183));
#2222=CARTESIAN_POINT('Ctrl Pts',(1.00181957165264,1.19321379236944,-1.34129230694006));
#2223=CARTESIAN_POINT('Ctrl Pts',(1.14657346971527,1.05489705435184,-1.35597769866068));
#2224=CARTESIAN_POINT('Ctrl Pts',(1.37827129713689,0.727639762528619,-1.3834797312194));
#2225=CARTESIAN_POINT('Ctrl Pts',(1.46167704637793,0.540943426936719,-1.39666095955889));
#2226=CARTESIAN_POINT('Ctrl Pts',(1.55194719813498,0.144863776387631,-1.42656337090397));
#2227=CARTESIAN_POINT('Ctrl Pts',(1.55751139960208,-0.0606562868428262,
-1.44207930428218));
#2228=CARTESIAN_POINT('Ctrl Pts',(1.4898926304611,-0.454750779837867,-1.47183184426255));
#2229=CARTESIAN_POINT('Ctrl Pts',(1.42018709187872,-0.639974254548404,-1.48547055921657));
#2230=CARTESIAN_POINT('Ctrl Pts',(1.21067036968368,-0.98204067634454,-1.51208137444011));
#2231=CARTESIAN_POINT('Ctrl Pts',(1.06983389614602,-1.13381321963461,-1.52701856883606));
#2232=CARTESIAN_POINT('Ctrl Pts',(0.740333802940499,-1.37129530833518,-1.55752621955291));
#2233=CARTESIAN_POINT('Ctrl Pts',(0.555684074630603,-1.45594496484528,-1.57279423331647));
#2234=CARTESIAN_POINT('Ctrl Pts',(0.168733547549888,-1.548635140499,-1.60159247281896));
#2235=CARTESIAN_POINT('Ctrl Pts',(-0.0294302582764504,-1.5575197532727,
-1.61396430490406));
#2236=CARTESIAN_POINT('Ctrl Pts',(-0.428550694537904,-1.49904972079657,
-1.64226648909557));
#2237=CARTESIAN_POINT('Ctrl Pts',(-0.624985799218705,-1.42834416812813,
-1.65777868572242));
#2238=CARTESIAN_POINT('Ctrl Pts',(-0.971640085739152,-1.21799459677326,
-1.68838370421519));
#2239=CARTESIAN_POINT('Ctrl Pts',(-1.12016073315463,-1.08299066209703,-1.7031903197116));
#2240=CARTESIAN_POINT('Ctrl Pts',(-1.35921728703876,-0.762260301845653,
-1.73092709775127));
#2241=CARTESIAN_POINT('Ctrl Pts',(-1.44676626752194,-0.579134355165947,
-1.74377769897234));
#2242=CARTESIAN_POINT('Ctrl Pts',(-1.52909974370627,-0.258455787922648,
-1.76798763354981));
#2243=CARTESIAN_POINT('Ctrl Pts',(-1.54533666301315,-0.129332675747927,
-1.77773590617391));
#2244=CARTESIAN_POINT('Ctrl Pts',(-1.54533666301315,-4.33680868994202E-15,
-1.78750000000002));
#2245=CARTESIAN_POINT('Ctrl Pts',(-1.54533666301315,-4.46231273954687E-15,
-1.87500000000002));
#2246=CARTESIAN_POINT('Ctrl Pts',(-1.54533666301315,-0.0543073332670528,
-1.87090001602923));
#2247=CARTESIAN_POINT('Ctrl Pts',(-1.54247397494793,-0.108676191025723,
-1.86679538720821));
#2248=CARTESIAN_POINT('Ctrl Pts',(-1.51512590786292,-0.366697584004005,
-1.84731581581904));
#2249=CARTESIAN_POINT('Ctrl Pts',(-1.45318210869023,-0.564256786035913,
-1.83240089525704));
#2250=CARTESIAN_POINT('Ctrl Pts',(-1.26003444184072,-0.915877772202719,
-1.80585493322302));
#2251=CARTESIAN_POINT('Ctrl Pts',(-1.13371722701417,-1.06831157442573,-1.79213076832632));
#2252=CARTESIAN_POINT('Ctrl Pts',(-0.824883421674163,-1.32254595330328,
-1.76234194367533));
#2253=CARTESIAN_POINT('Ctrl Pts',(-0.643550635019801,-1.41965085939255,
-1.74682063577061));
#2254=CARTESIAN_POINT('Ctrl Pts',(-0.254981447566128,-1.5375274587185,-1.71696582941316));
#2255=CARTESIAN_POINT('Ctrl Pts',(-0.0517838269831436,-1.55765813908659,
-1.70385081066273));
#2256=CARTESIAN_POINT('Ctrl Pts',(0.347123539327515,-1.51887403327848,-1.67630566119974));
#2257=CARTESIAN_POINT('Ctrl Pts',(0.539116372171609,-1.46177642285694,-1.66159757888529));
#2258=CARTESIAN_POINT('Ctrl Pts',(0.89784313840679,-1.27454772808891,-1.63107601091608));
#2259=CARTESIAN_POINT('Ctrl Pts',(1.05975849716041,-1.14347444855511,-1.61554200452504));
#2260=CARTESIAN_POINT('Ctrl Pts',(1.3167632914977,-0.832503697657196,-1.58700015064711));
#2261=CARTESIAN_POINT('Ctrl Pts',(1.41209029400722,-0.657976203601643,-1.57467454164359));
#2262=CARTESIAN_POINT('Ctrl Pts',(1.5331749844907,-0.27887361704595,-1.54605382995225));
#2263=CARTESIAN_POINT('Ctrl Pts',(1.55639650483854,-0.0775051488729259,
-1.53085132520632));
#2264=CARTESIAN_POINT('Ctrl Pts',(1.52419336437842,0.326995663767413,-1.50031315018969));
#2265=CARTESIAN_POINT('Ctrl Pts',(1.467416512655,0.526143382035303,-1.48527830307794));
#2266=CARTESIAN_POINT('Ctrl Pts',(1.28358643531944,0.882519004035565,-1.45837338527254));
#2267=CARTESIAN_POINT('Ctrl Pts',(1.16148712462872,1.03799774168095,-1.44509068938795));
#2268=CARTESIAN_POINT('Ctrl Pts',(0.860139965245334,1.29980817479734,-1.41550537151673));
#2269=CARTESIAN_POINT('Ctrl Pts',(0.681988198120456,1.40151167819407,-1.40001845542188));
#2270=CARTESIAN_POINT('Ctrl Pts',(0.295803134728544,1.53041368676875,-1.36990333956978));
#2271=CARTESIAN_POINT('Ctrl Pts',(0.0915451952161711,1.55603462572776,-1.35638918081998));
#2272=CARTESIAN_POINT('Ctrl Pts',(-0.309295505537371,1.52696397265091,-1.32908429040971));
#2273=CARTESIAN_POINT('Ctrl Pts',(-0.502174014249898,1.47480994658778,-1.31450491166441));
#2274=CARTESIAN_POINT('Ctrl Pts',(-0.864634570747789,1.29722110077599,-1.28410310800582));
#2275=CARTESIAN_POINT('Ctrl Pts',(-1.02945965745114,1.17073112982396,-1.26855187011372));
#2276=CARTESIAN_POINT('Ctrl Pts',(-1.29475279089227,0.86651205741956,-1.23972297510699));
#2277=CARTESIAN_POINT('Ctrl Pts',(-1.39493404111081,0.693820329353868,-1.22738062813671));
#2278=CARTESIAN_POINT('Ctrl Pts',(-1.51650842797897,0.343674862769234,-1.20094606186218));
#2279=CARTESIAN_POINT('Ctrl Pts',(-1.54533666301315,0.172329215619859,-1.18801015865144));
#2280=CARTESIAN_POINT('Ctrl Pts',(-1.54533666301315,9.71445146547012E-15,
-1.17500000000002));
#2281=CARTESIAN_POINT('Origin',(0.,2.86881671076834E-15,-8.));
#2282=CARTESIAN_POINT('',(-1.54533666301315,3.3867574771386E-15,-0.387500000000024));
#2283=CARTESIAN_POINT('',(-1.54533666301315,2.53674297390996E-15,-0.475000000000024));
#2284=CARTESIAN_POINT('',(-1.54533666301315,2.67956755097193E-15,-8.));
#2285=CARTESIAN_POINT('Ctrl Pts',(-1.54533666301315,1.17267306976032E-14,
-0.387500000000025));
#2286=CARTESIAN_POINT('Ctrl Pts',(-1.54533666301315,0.126877591371149,-0.397078744887306));
#2287=CARTESIAN_POINT('Ctrl Pts',(-1.52971039014984,0.253563789888698,-0.406643040388386));
#2288=CARTESIAN_POINT('Ctrl Pts',(-1.45075414053356,0.567289692744999,-0.430328076930435));
#2289=CARTESIAN_POINT('Ctrl Pts',(-1.36719208191007,0.746504740532433,-0.442956758307304));
#2290=CARTESIAN_POINT('Ctrl Pts',(-1.13215756065591,1.07162535096737,-0.470596293228369));
#2291=CARTESIAN_POINT('Ctrl Pts',(-0.98006552482341,1.21226860749577,-0.485849284145155));
#2292=CARTESIAN_POINT('Ctrl Pts',(-0.634535062896528,1.42313561039723,-0.516400357390495));
#2293=CARTESIAN_POINT('Ctrl Pts',(-0.445470850799131,1.49316192603028,-0.531404994808929));
#2294=CARTESIAN_POINT('Ctrl Pts',(-0.051914618578018,1.55722656988585,-0.559554568732555));
#2295=CARTESIAN_POINT('Ctrl Pts',(0.148725450947552,1.55097884298707,-0.572010899492745));
#2296=CARTESIAN_POINT('Ctrl Pts',(0.542770398639387,1.46135134323809,-0.60115737243013));
#2297=CARTESIAN_POINT('Ctrl Pts',(0.731730206617745,1.37648123047898,-0.616715507077076));
#2298=CARTESIAN_POINT('Ctrl Pts',(1.05916700213322,1.14244876896317,-0.646958040023359));
#2299=CARTESIAN_POINT('Ctrl Pts',(1.19632495941002,0.997934671865577,-0.661380736160053));
#2300=CARTESIAN_POINT('Ctrl Pts',(1.41335782077364,0.657930004409837,-0.688405140138879));
#2301=CARTESIAN_POINT('Ctrl Pts',(1.48838065608542,0.463941602616248,-0.702474285797595));
#2302=CARTESIAN_POINT('Ctrl Pts',(1.55735026284606,0.0612222199082054,-0.732877970060798));
#2303=CARTESIAN_POINT('Ctrl Pts',(1.55196159969171,-0.143205021276296,-0.748311399795362));
#2304=CARTESIAN_POINT('Ctrl Pts',(1.46408800352953,-0.531887640108573,-0.777655365169233));
#2305=CARTESIAN_POINT('Ctrl Pts',(1.38495656401462,-0.712964907940082,-0.790529230496549));
#2306=CARTESIAN_POINT('Ctrl Pts',(1.15804453024374,-1.04359237725025,-0.817845578479657));
#2307=CARTESIAN_POINT('Ctrl Pts',(1.00946141913697,-1.1878964446962,-0.833007339141594));
#2308=CARTESIAN_POINT('Ctrl Pts',(0.668832785465381,-1.40740967006239,-0.863564301330976));
#2309=CARTESIAN_POINT('Ctrl Pts',(0.481059040791151,-1.4821420282592,-0.878662209751791));
#2310=CARTESIAN_POINT('Ctrl Pts',(0.0895634196830365,-1.5553991547269,-0.907024055631159));
#2311=CARTESIAN_POINT('Ctrl Pts',(-0.11023446363378,-1.55407126111573,-0.919377571762207));
#2312=CARTESIAN_POINT('Ctrl Pts',(-0.50602852055347,-1.47454878219005,-0.948256959838225));
#2313=CARTESIAN_POINT('Ctrl Pts',(-0.69752410094443,-1.39420116556925,-0.963810171790953));
#2314=CARTESIAN_POINT('Ctrl Pts',(-1.03137538657765,-1.16767866887422,-0.994188607193412));
#2315=CARTESIAN_POINT('Ctrl Pts',(-1.17228929437404,-1.02615135446662,-1.00874412768307));
#2316=CARTESIAN_POINT('Ctrl Pts',(-1.39654915594142,-0.692385591191279,
-1.03600553714514));
#2317=CARTESIAN_POINT('Ctrl Pts',(-1.47572668738896,-0.502018669720785,
-1.04959962126536));
#2318=CARTESIAN_POINT('Ctrl Pts',(-1.53542534560315,-0.202097773651594,
-1.07224243564073));
#2319=CARTESIAN_POINT('Ctrl Pts',(-1.54533666301315,-0.1010488835003,-1.07987121807144));
#2320=CARTESIAN_POINT('Ctrl Pts',(-1.54533666301315,-5.25621213220973E-15,
-1.08750000000002));
#2321=CARTESIAN_POINT('Ctrl Pts',(-1.54533666301315,1.04119840160138E-14,
-1.17500000000002));
#2322=CARTESIAN_POINT('Ctrl Pts',(-1.54533666301315,-0.0275058929192137,
-1.17292341635493));
#2323=CARTESIAN_POINT('Ctrl Pts',(-1.54460229387745,-0.0550368433691742,
-1.17084494096763));
#2324=CARTESIAN_POINT('Ctrl Pts',(-1.53217457459194,-0.287312946192291,
-1.15330903483708));
#2325=CARTESIAN_POINT('Ctrl Pts',(-1.4805750806393,-0.487901279941393,-1.13816542708425));
#2326=CARTESIAN_POINT('Ctrl Pts',(-1.30604836783216,-0.848915066367854,
-1.11091034662757));
#2327=CARTESIAN_POINT('Ctrl Pts',(-1.18807324806698,-1.00744157242643,-1.09798236133241));
#2328=CARTESIAN_POINT('Ctrl Pts',(-0.894102370466003,-1.27660117630385,
-1.0686018988675));
#2329=CARTESIAN_POINT('Ctrl Pts',(-0.719179684662098,-1.38271707064954,
-1.05315954584383));
#2330=CARTESIAN_POINT('Ctrl Pts',(-0.335478271091192,-1.52244518154059,
-1.02279815106559));
#2331=CARTESIAN_POINT('Ctrl Pts',(-0.130156603861482,-1.55350636922751,
-1.00881821276901));
#2332=CARTESIAN_POINT('Ctrl Pts',(0.272501371264481,-1.53389764141398,-0.981751674929911));
#2333=CARTESIAN_POINT('Ctrl Pts',(0.466116915768954,-1.48653671790972,-0.967305037668658));
#2334=CARTESIAN_POINT('Ctrl Pts',(0.831950132636118,-1.31834174452034,-0.937037324387368));
#2335=CARTESIAN_POINT('Ctrl Pts',(0.999471979664653,-1.19634455750251,-0.92147936199641));
#2336=CARTESIAN_POINT('Ctrl Pts',(1.2727320080628,-0.898743034457539,-0.892379379230432));
#2337=CARTESIAN_POINT('Ctrl Pts',(1.37763618445159,-0.727805048416882,-0.879946336946692));
#2338=CARTESIAN_POINT('Ctrl Pts',(1.51735862005527,-0.354446235250771,-0.851759256910824));
#2339=CARTESIAN_POINT('Ctrl Pts',(1.55042269703024,-0.155474407685651,-0.836737688835596));
#2340=CARTESIAN_POINT('Ctrl Pts',(1.5388328183267,0.24922871288017,-0.806184240388996));
#2341=CARTESIAN_POINT('Ctrl Pts',(1.49221378192059,0.451063329956241,-0.790946543286609));
#2342=CARTESIAN_POINT('Ctrl Pts',(1.32661893227504,0.816425691823159,-0.763363162975577));
#2343=CARTESIAN_POINT('Ctrl Pts',(1.2125283036662,0.977889259624008,-0.750696807496269));
#2344=CARTESIAN_POINT('Ctrl Pts',(0.925546436229735,1.25391169891863,-0.721514238246994));
#2345=CARTESIAN_POINT('Ctrl Pts',(0.753765024889594,1.36409719034847,-0.706123647132999));
#2346=CARTESIAN_POINT('Ctrl Pts',(0.374739806966918,1.51318409934617,-0.675714712942502));
#2347=CARTESIAN_POINT('Ctrl Pts',(0.170878978644352,1.54947230526409,-0.661328421484364));
#2348=CARTESIAN_POINT('Ctrl Pts',(-0.231007405134551,1.54062613918582,-0.634718596315519));
#2349=CARTESIAN_POINT('Ctrl Pts',(-0.425309509041508,1.49865251108141,-0.620430430333965));
#2350=CARTESIAN_POINT('Ctrl Pts',(-0.794644943835528,1.34107138142045,-0.590334388222792));
#2351=CARTESIAN_POINT('Ctrl Pts',(-0.965052906270603,1.22418114543122,-0.574780504595456));
#2352=CARTESIAN_POINT('Ctrl Pts',(-1.24718940149981,0.93412079060995,-0.545384829718345));
#2353=CARTESIAN_POINT('Ctrl Pts',(-1.35744107021974,0.765118915908407,-0.532763382995539));
#2354=CARTESIAN_POINT('Ctrl Pts',(-1.50702691651625,0.395521530442457,-0.504860275534831));
#2355=CARTESIAN_POINT('Ctrl Pts',(-1.54533666301315,0.198664353451622,-0.489998355023516));
#2356=CARTESIAN_POINT('Ctrl Pts',(-1.54533666301315,-3.46944695195361E-15,
-0.475000000000024));
#2357=CARTESIAN_POINT('Origin',(0.,2.86881671076834E-15,-8.));
#2358=CARTESIAN_POINT('',(-1.54533666301315,-1.81741295079183E-15,0.312499999999975));
#2359=CARTESIAN_POINT('',(-1.54533666301315,-1.67863507271368E-15,0.224999999999975));
#2360=CARTESIAN_POINT('',(-1.54533666301315,2.67956755097193E-15,-8.));
#2361=CARTESIAN_POINT('Ctrl Pts',(-1.54533666301315,-5.34294830600857E-15,
0.312499999999975));
#2362=CARTESIAN_POINT('Ctrl Pts',(-1.54533666301315,0.151827385287292,0.301037646602078));
#2363=CARTESIAN_POINT('Ctrl Pts',(-1.52295975960577,0.303113823296755,0.289616132535349));
#2364=CARTESIAN_POINT('Ctrl Pts',(-1.42152464359856,0.63722983859455,0.264391724988622));
#2365=CARTESIAN_POINT('Ctrl Pts',(-1.32894997341162,0.812822031060481,0.252039574960712));
#2366=CARTESIAN_POINT('Ctrl Pts',(-1.07669427109202,1.12759902333009,0.223664545524067));
#2367=CARTESIAN_POINT('Ctrl Pts',(-0.916491484667832,1.26125459637303,0.208145033177727));
#2368=CARTESIAN_POINT('Ctrl Pts',(-0.560003611639227,1.45394063161259,0.177563843649133));
#2369=CARTESIAN_POINT('Ctrl Pts',(-0.368571504873601,1.5138483548185,0.162786346325215));
#2370=CARTESIAN_POINT('Ctrl Pts',(0.029209702761054,1.55813834371921,0.135106990759354));
#2371=CARTESIAN_POINT('Ctrl Pts',(0.23182342098732,1.54107931051735,0.122182350345814));
#2372=CARTESIAN_POINT('Ctrl Pts',(0.621672567394619,1.42941098482474,0.0924782082337136));
#2373=CARTESIAN_POINT('Ctrl Pts',(0.804747304804299,1.33494049585079,0.0769424530419643));
#2374=CARTESIAN_POINT('Ctrl Pts',(1.1177855019595,1.08501500941103,0.0470413912805275));
#2375=CARTESIAN_POINT('Ctrl Pts',(1.24648795132941,0.934272495487113,0.0330337939722871));
#2376=CARTESIAN_POINT('Ctrl Pts',(1.44481516552495,0.585341261118358,0.00669089731809662));
#2377=CARTESIAN_POINT('Ctrl Pts',(1.50962029533157,0.388727953572045,-0.00815261203669363));
#2378=CARTESIAN_POINT('Ctrl Pts',(1.55835683639575,-0.0148439776598422,
-0.0386206602646104));
#2379=CARTESIAN_POINT('Ctrl Pts',(1.54313914700872,-0.21778537038254,-0.0539419144510492));
#2380=CARTESIAN_POINT('Ctrl Pts',(1.43702322143987,-0.60131267911859,-0.0828966747675665));
#2381=CARTESIAN_POINT('Ctrl Pts',(1.34912435819189,-0.778757502402958,-0.0953555281672956));
#2382=CARTESIAN_POINT('Ctrl Pts',(1.10501406069967,-1.09996110302006,-0.123440590979842));
#2383=CARTESIAN_POINT('Ctrl Pts',(0.947822234261801,-1.23796959418308,-0.138927556357427));
#2384=CARTESIAN_POINT('Ctrl Pts',(0.595337628082332,-1.43989919756165,-0.169595932636905));
#2385=CARTESIAN_POINT('Ctrl Pts',(0.404955370065784,-1.50458591039873,-0.18448518655675));
#2386=CARTESIAN_POINT('Ctrl Pts',(0.00913577971123545,-1.55822178687918,
-0.212389077162428));
#2387=CARTESIAN_POINT('Ctrl Pts',(-0.192519458340106,-1.54631364026241,
-0.225050315615134));
#2388=CARTESIAN_POINT('Ctrl Pts',(-0.584427848044412,-1.44511300145482,
-0.254493959959755));
#2389=CARTESIAN_POINT('Ctrl Pts',(-0.770356795066716,-1.35515503810608,
-0.270045988698598));
#2390=CARTESIAN_POINT('Ctrl Pts',(-1.09024424841562,-1.11273562325175,-0.30011152549905));
#2391=CARTESIAN_POINT('Ctrl Pts',(-1.22302383303075,-0.964920774225167,
-0.314372554146354));
#2392=CARTESIAN_POINT('Ctrl Pts',(-1.43005763930682,-0.620476198514781,
-0.340910803314762));
#2393=CARTESIAN_POINT('Ctrl Pts',(-1.49970473690324,-0.425486873588793,
-0.355377462277248));
#2394=CARTESIAN_POINT('Ctrl Pts',(-1.539980387893,-0.148636083917999,-0.376278576945651));
#2395=CARTESIAN_POINT('Ctrl Pts',(-1.54533666301315,-0.0742852376491469,
-0.381891765065528));
#2396=CARTESIAN_POINT('Ctrl Pts',(-1.54533666301315,1.04491126963329E-14,
-0.387500000000025));
#2397=CARTESIAN_POINT('Ctrl Pts',(-1.54533666301315,-4.46231273954688E-15,
-0.475000000000024));
#2398=CARTESIAN_POINT('Ctrl Pts',(-1.54533666301315,-0.000587949827587857,
-0.47495561216649));
#2399=CARTESIAN_POINT('Ctrl Pts',(-1.54533632746976,-0.001175915483718,
-0.474911223137959));
#2400=CARTESIAN_POINT('Ctrl Pts',(-1.54509921198372,-0.208910879624119,
-0.459228073701043));
#2401=CARTESIAN_POINT('Ctrl Pts',(-1.50321409260237,-0.413954510503938,
-0.443748109037981));
#2402=CARTESIAN_POINT('Ctrl Pts',(-1.34534470280452,-0.785251649368965,
-0.4157166770717));
#2403=CARTESIAN_POINT('Ctrl Pts',(-1.23489958431788,-0.949531413482789,
-0.403229924805836));
#2404=CARTESIAN_POINT('Ctrl Pts',(-0.954504657685217,-1.23193600405713,
-0.374237105762533));
#2405=CARTESIAN_POINT('Ctrl Pts',(-0.785751964636069,-1.34585569260007,
-0.358903578146925));
#2406=CARTESIAN_POINT('Ctrl Pts',(-0.418497668041259,-1.5005574296605,-0.329052295041885));
#2407=CARTESIAN_POINT('Ctrl Pts',(-0.224095924125194,-1.54163556838872,
-0.31479141736826));
#2408=CARTESIAN_POINT('Ctrl Pts',(0.177718312502723,-1.54870000933182,-0.288253565802232));
#2409=CARTESIAN_POINT('Ctrl Pts',(0.381406609905538,-1.5115165765499,-0.273786456437624));
#2410=CARTESIAN_POINT('Ctrl Pts',(0.759685251937739,-1.36079618987926,-0.243364673956797));
#2411=CARTESIAN_POINT('Ctrl Pts',(0.930915188406926,-1.24991738868383,-0.22798396800868));
#2412=CARTESIAN_POINT('Ctrl Pts',(1.21668720245332,-0.972716556857237,-0.198836018750952));
#2413=CARTESIAN_POINT('Ctrl Pts',(1.33010726500245,-0.810739333738322,-0.18620753999223));
#2414=CARTESIAN_POINT('Ctrl Pts',(1.49414412095624,-0.44462904670513,-0.158567694356745));
#2415=CARTESIAN_POINT('Ctrl Pts',(1.53989394273393,-0.242590739614169,-0.143314619482226));
#2416=CARTESIAN_POINT('Ctrl Pts',(1.54973525706179,0.162080724240541,-0.112763560989253));
#2417=CARTESIAN_POINT('Ctrl Pts',(1.51584315914446,0.360827040401247,-0.0977590181127919));
#2418=CARTESIAN_POINT('Ctrl Pts',(1.37453792816281,0.733686298478161,-0.0696096524652952));
#2419=CARTESIAN_POINT('Ctrl Pts',(1.2688026139243,0.904320156406073,-0.0571531863492714));
#2420=CARTESIAN_POINT('Ctrl Pts',(0.994152784579833,1.2007528843777,-0.0280064560813085));
#2421=CARTESIAN_POINT('Ctrl Pts',(0.826170677311774,1.32195744402562,-0.0124483213047885));
#2422=CARTESIAN_POINT('Ctrl Pts',(0.459771117710822,1.48850067764827,0.0177940704303212));
#2423=CARTESIAN_POINT('Ctrl Pts',(0.266038624441366,1.5350212672383,0.0322166330617176));
#2424=CARTESIAN_POINT('Ctrl Pts',(-0.136932207395845,1.55296571613419,0.0592408027523115));
#2425=CARTESIAN_POINT('Ctrl Pts',(-0.342443558181547,1.52093785110188,0.0733104500640665));
#2426=CARTESIAN_POINT('Ctrl Pts',(-0.7256910571616,1.37929702402639,0.103714368431414));
#2427=CARTESIAN_POINT('Ctrl Pts',(-0.900032690953041,1.27241244655815,0.119147747685629));
#2428=CARTESIAN_POINT('Ctrl Pts',(-1.19269769794279,1.00196325299064,0.148491509885042));
#2429=CARTESIAN_POINT('Ctrl Pts',(-1.30994547463032,0.8428917657233,0.161365081459979));
#2430=CARTESIAN_POINT('Ctrl Pts',(-1.48281205975081,0.481061939933483,0.188681769587451));
#2431=CARTESIAN_POINT('Ctrl Pts',(-1.53348637255691,0.280231832405292,0.203843630282542));
#2432=CARTESIAN_POINT('Ctrl Pts',(-1.54472376150968,0.0502782605017231,
0.221204194724061));
#2433=CARTESIAN_POINT('Ctrl Pts',(-1.54533666301315,0.0251283255402132,
0.223102913073961));
#2434=CARTESIAN_POINT('Ctrl Pts',(-1.54533666301315,-4.46231273954688E-15,
0.224999999999974));
#2435=CARTESIAN_POINT('Origin',(0.,2.86881671076834E-15,-8.));
#2436=CARTESIAN_POINT('',(-1.54533666301315,-5.51064813328757E-16,1.01249999999997));
#2437=CARTESIAN_POINT('',(-1.54533666301315,6.36180823843882E-15,0.924999999999972));
#2438=CARTESIAN_POINT('',(-1.54533666301315,2.67956755097193E-15,-8.));
#2439=CARTESIAN_POINT('Ctrl Pts',(-1.54533666301315,-5.23886489744996E-15,
1.01249999999997));
#2440=CARTESIAN_POINT('Ctrl Pts',(-1.54533666301315,0.185076282114264,0.998527489394272));
#2441=CARTESIAN_POINT('Ctrl Pts',(-1.51208591926159,0.368862833798316,0.984652348218671));
#2442=CARTESIAN_POINT('Ctrl Pts',(-1.37778372214772,0.727061402959054,0.957609805277077));
#2443=CARTESIAN_POINT('Ctrl Pts',(-1.27396943908282,0.896611520775667,0.945281986090311));
#2444=CARTESIAN_POINT('Ctrl Pts',(-1.00559584915132,1.19045770519645,0.916643242021066));
#2445=CARTESIAN_POINT('Ctrl Pts',(-0.842526213605149,1.31093232938563,0.90143384518221));
#2446=CARTESIAN_POINT('Ctrl Pts',(-0.475705829891776,1.48451814538285,0.870898096131451));
#2447=CARTESIAN_POINT('Ctrl Pts',(-0.274745210134946,1.53448755457753,0.855872762400906));
#2448=CARTESIAN_POINT('Ctrl Pts',(0.125848562705094,1.55261083587978,0.828997257628584));
#2449=CARTESIAN_POINT('Ctrl Pts',(0.321501125409898,1.52418339228245,0.81568130843123));
#2450=CARTESIAN_POINT('Ctrl Pts',(0.698681204346446,1.3932711499105,0.786079068941732));
#2451=CARTESIAN_POINT('Ctrl Pts',(0.875643813377823,1.28942198394425,0.770588907263203));
#2452=CARTESIAN_POINT('Ctrl Pts',(1.1796847828545,1.01879948273741,0.740494826530771));
#2453=CARTESIAN_POINT('Ctrl Pts',(1.30356576120867,0.854567195513805,0.727016366258236));
#2454=CARTESIAN_POINT('Ctrl Pts',(1.47804364803666,0.492630873539861,0.699691638099674));
#2455=CARTESIAN_POINT('Ctrl Pts',(1.52893259193914,0.299372725090975,0.685101429684026));
#2456=CARTESIAN_POINT('Ctrl Pts',(1.55553500950422,-0.103460747818561,0.654689132072142));
#2457=CARTESIAN_POINT('Ctrl Pts',(1.52796161133358,-0.309435007910995,0.639138908668225));
#2458=CARTESIAN_POINT('Ctrl Pts',(1.39632959323864,-0.690987926946069,0.610333206787081));
#2459=CARTESIAN_POINT('Ctrl Pts',(1.29653696462087,-0.863824375101561,0.597995131266547));
#2460=CARTESIAN_POINT('Ctrl Pts',(1.03546000788641,-1.16448975299946,0.569576040636934));
#2461=CARTESIAN_POINT('Ctrl Pts',(0.87592784996439,-1.28877526959925,0.55445407560902));
#2462=CARTESIAN_POINT('Ctrl Pts',(0.514167850056169,-1.47164460328026,0.52389874759488));
#2463=CARTESIAN_POINT('Ctrl Pts',(0.314539510698976,-1.5268314276655,0.508763573371178));
#2464=CARTESIAN_POINT('Ctrl Pts',(-0.0854261505461349,-1.55535209679354,
0.481536655063467));
#2465=CARTESIAN_POINT('Ctrl Pts',(-0.281652871400322,-1.53203403206001,
0.468582989421337));
#2466=CARTESIAN_POINT('Ctrl Pts',(-0.661524631402337,-1.41121644105957,
0.43918581668724));
#2467=CARTESIAN_POINT('Ctrl Pts',(-0.8407122272769,-1.31238191798927,0.42373947480723));
#2468=CARTESIAN_POINT('Ctrl Pts',(-1.14572589096225,-1.05539501486523,0.394096514196157));
#2469=CARTESIAN_POINT('Ctrl Pts',(-1.27022922982354,-0.901660439208369,
0.380571715649646));
#2470=CARTESIAN_POINT('Ctrl Pts',(-1.45939464248884,-0.547994082733709,
0.353871336431572));
#2471=CARTESIAN_POINT('Ctrl Pts',(-1.51913289671977,-0.349738146815429,
0.338903815279666));
#2472=CARTESIAN_POINT('Ctrl Pts',(-1.54304819772844,-0.0971674042086927,
0.319835745943889));
#2473=CARTESIAN_POINT('Ctrl Pts',(-1.54533666301315,-0.048556038344245,
0.316165784469953));
#2474=CARTESIAN_POINT('Ctrl Pts',(-1.54533666301315,-4.57381542219478E-15,
0.312499999999975));
#2475=CARTESIAN_POINT('Ctrl Pts',(-1.54533666301315,-4.64905891561784E-15,
0.224999999999975));
#2476=CARTESIAN_POINT('Ctrl Pts',(-1.54533666301315,-0.174649935164373,
0.238185363588933));
#2477=CARTESIAN_POINT('Ctrl Pts',(-1.51572682331792,-0.348255984758107,
0.251291918040171));
#2478=CARTESIAN_POINT('Ctrl Pts',(-1.39177935931303,-0.700170475360671,
0.277860038471771));
#2479=CARTESIAN_POINT('Ctrl Pts',(-1.29072559378069,-0.872534761400346,
0.290213623844481));
#2480=CARTESIAN_POINT('Ctrl Pts',(-1.02395188591858,-1.17553446983009,0.319093292377631));
#2481=CARTESIAN_POINT('Ctrl Pts',(-0.858618213643176,-1.30119610706306,
0.334646514391443));
#2482=CARTESIAN_POINT('Ctrl Pts',(-0.495514797035073,-1.47704893483977,
0.365024817984));
#2483=CARTESIAN_POINT('Ctrl Pts',(-0.302490799121584,-1.52831538622493,
0.37958020487025));
#2484=CARTESIAN_POINT('Ctrl Pts',(0.0986906432660093,-1.55563755454456,
0.406841371687582));
#2485=CARTESIAN_POINT('Ctrl Pts',(0.303143079381263,-1.52901830785931,0.420435908265896));
#2486=CARTESIAN_POINT('Ctrl Pts',(0.688881394450937,-1.39812201987906,0.450597095094505));
#2487=CARTESIAN_POINT('Ctrl Pts',(0.86644609162386,-1.29559790580831,0.466076604118538));
#2488=CARTESIAN_POINT('Ctrl Pts',(1.16643633154082,-1.03242716085623,0.495624553695845));
#2489=CARTESIAN_POINT('Ctrl Pts',(1.28777480990777,-0.876391520254188,0.508835985510328));
#2490=CARTESIAN_POINT('Ctrl Pts',(1.46990280428723,-0.519159121019089,0.535805586531009));
#2491=CARTESIAN_POINT('Ctrl Pts',(1.52573357048641,-0.319736964007968,0.55086115265768));
#2492=CARTESIAN_POINT('Ctrl Pts',(1.55600263628341,0.0848279036414853,0.581404163568373));
#2493=CARTESIAN_POINT('Ctrl Pts',(1.53185122188619,0.285992027741259,0.596591241163412));
#2494=CARTESIAN_POINT('Ctrl Pts',(1.40901808692376,0.664566399663963,0.625172074786767));
#2495=CARTESIAN_POINT('Ctrl Pts',(1.31280824519626,0.838756258131473,0.63749475868027));
#2496=CARTESIAN_POINT('Ctrl Pts',(1.0542877053576,1.14850269345416,0.666089498706715));
#2497=CARTESIAN_POINT('Ctrl Pts',(0.891832604246336,1.27874500157529,0.681627426726576));
#2498=CARTESIAN_POINT('Ctrl Pts',(0.532406349970978,1.46422159884266,0.71212859007662));
#2499=CARTESIAN_POINT('Ctrl Pts',(0.340242654092693,1.5204187778294,0.726813854192559));
#2500=CARTESIAN_POINT('Ctrl Pts',(-0.0590213647634963,1.55743651497461,
0.754315645259259));
#2501=CARTESIAN_POINT('Ctrl Pts',(-0.262409069262245,1.53631432346315,0.767497251229077));
#2502=CARTESIAN_POINT('Ctrl Pts',(-0.650556826483006,1.4164396243266,0.797399928108105));
#2503=CARTESIAN_POINT('Ctrl Pts',(-0.831321350669821,1.31849366173399,0.812915830390637));
#2504=CARTESIAN_POINT('Ctrl Pts',(-1.13880026688524,1.06287917259644,0.842668166844809));
#2505=CARTESIAN_POINT('Ctrl Pts',(-1.26435147170535,0.909897615255171,0.856306410880836));
#2506=CARTESIAN_POINT('Ctrl Pts',(-1.455821975208,0.557412796160557,0.88291758880642));
#2507=CARTESIAN_POINT('Ctrl Pts',(-1.51683744084255,0.359556920405298,0.897854907034393));
#2508=CARTESIAN_POINT('Ctrl Pts',(-1.54272376467673,0.103826900565082,0.917161489020991));
#2509=CARTESIAN_POINT('Ctrl Pts',(-1.54533666301315,0.0518838962012767,
0.921082975724059));
#2510=CARTESIAN_POINT('Ctrl Pts',(-1.54533666301315,1.04119840160138E-14,
0.924999999999972));
#2511=CARTESIAN_POINT('Origin',(0.,2.86881671076834E-15,-8.));
#2512=CARTESIAN_POINT('',(-1.54533666301315,-1.62659336843438E-15,1.71249999999997));
#2513=CARTESIAN_POINT('',(-1.54533666301315,5.39469990058175E-15,1.62499999999997));
#2514=CARTESIAN_POINT('',(-1.54533666301315,2.67956755097193E-15,-8.));
#2515=CARTESIAN_POINT('Ctrl Pts',(-1.54533666301315,2.97483420034739E-15,
1.71249999999997));
#2516=CARTESIAN_POINT('Ctrl Pts',(-1.54533666301315,0.00664593079242642,
1.7119982591101));
#2517=CARTESIAN_POINT('Ctrl Pts',(-1.54529379046027,0.0132937564653334,
1.71149637516442));
#2518=CARTESIAN_POINT('Ctrl Pts',(-1.54256115677264,0.225020798978808,1.6955118399596));
#2519=CARTESIAN_POINT('Ctrl Pts',(-1.49911363785544,0.4275789810956,1.68021951662369));
#2520=CARTESIAN_POINT('Ctrl Pts',(-1.33920322386057,0.795654839769128,1.65243127828074));
#2521=CARTESIAN_POINT('Ctrl Pts',(-1.2275496900416,0.958994645474089,1.63989216045388));
#2522=CARTESIAN_POINT('Ctrl Pts',(-0.944968864868637,1.23929034833918,1.61083603051723));
#2523=CARTESIAN_POINT('Ctrl Pts',(-0.775204027635943,1.35198185907506,1.59548268871112));
#2524=CARTESIAN_POINT('Ctrl Pts',(-0.398922200066116,1.50698652685631,1.56502973783832));
#2525=CARTESIAN_POINT('Ctrl Pts',(-0.195706113942805,1.54652252207087,1.55034030636223));
#2526=CARTESIAN_POINT('Ctrl Pts',(0.205879801748502,1.54414474166202,1.52399429469766));
#2527=CARTESIAN_POINT('Ctrl Pts',(0.400524196185461,1.50542425847488,1.50980654891765));
#2528=CARTESIAN_POINT('Ctrl Pts',(0.771827373779359,1.35428064161937,1.47982485608608));
#2529=CARTESIAN_POINT('Ctrl Pts',(0.943904270671622,1.24050345630645,1.46427936652938));
#2530=CARTESIAN_POINT('Ctrl Pts',(1.23136469068879,0.955055411350555,1.43470971128652));
#2531=CARTESIAN_POINT('Ctrl Pts',(1.344869996398,0.787210242080139,1.42193118875484));
#2532=CARTESIAN_POINT('Ctrl Pts',(1.50069822129479,0.419026122807171,1.39413477717458));
#2533=CARTESIAN_POINT('Ctrl Pts',(1.54212076051424,0.222506051556421,1.37929830678293));
#2534=CARTESIAN_POINT('Ctrl Pts',(1.54831250685507,-0.183193370919707,1.34866964157247));
#2535=CARTESIAN_POINT('Ctrl Pts',(1.50993049260199,-0.388553700085618,1.33316576746996));
#2536=CARTESIAN_POINT('Ctrl Pts',(1.35845279556775,-0.76242257772249,1.30494017962992));
#2537=CARTESIAN_POINT('Ctrl Pts',(1.25063344766169,-0.928766741299018,1.29254245142381));
#2538=CARTESIAN_POINT('Ctrl Pts',(0.97499474645473,-1.21572948487802,1.26368854007083));
#2539=CARTESIAN_POINT('Ctrl Pts',(0.808467570308483,-1.332283238172,1.24840108928209));
#2540=CARTESIAN_POINT('Ctrl Pts',(0.43681418672135,-1.49641754313356,1.21790612728705));
#2541=CARTESIAN_POINT('Ctrl Pts',(0.234659018100431,-1.54112227741551,1.20300142309121));
#2542=CARTESIAN_POINT('Ctrl Pts',(-0.166467334028226,-1.54881166059908,
1.17648495608132));
#2543=CARTESIAN_POINT('Ctrl Pts',(-0.36159681082089,-1.51521113648867,1.16272111129012));
#2544=CARTESIAN_POINT('Ctrl Pts',(-0.735952102318932,-1.37402799822745,
1.13291585485412));
#2545=CARTESIAN_POINT('Ctrl Pts',(-0.910511493170531,-1.26512970442114,
1.11739222461657));
#2546=CARTESIAN_POINT('Ctrl Pts',(-1.20619267795372,-0.986942110477004,
1.08755915148421));
#2547=CARTESIAN_POINT('Ctrl Pts',(-1.32479474655576,-0.820883453678257,
1.07447338001137));
#2548=CARTESIAN_POINT('Ctrl Pts',(-1.48988727322365,-0.455768294055819,
1.04690866246978));
#2549=CARTESIAN_POINT('Ctrl Pts',(-1.53604337599544,-0.260813227423547,
1.03219034359588));
#2550=CARTESIAN_POINT('Ctrl Pts',(-1.54491568610368,-0.0416674688337477,
1.01564572533842));
#2551=CARTESIAN_POINT('Ctrl Pts',(-1.54533666301315,-0.0208255693229775,
1.01407224623764));
#2552=CARTESIAN_POINT('Ctrl Pts',(-1.54533666301315,-4.57381542219478E-15,
1.01249999999997));
#2553=CARTESIAN_POINT('Ctrl Pts',(-1.54533666301315,1.2490009027033E-14,
0.924999999999972));
#2554=CARTESIAN_POINT('Ctrl Pts',(-1.54533666301315,-0.148593587857289,
0.93621821477367));
#2555=CARTESIAN_POINT('Ctrl Pts',(-1.52390289004117,-0.296702353586699,
0.947399827437981));
#2556=CARTESIAN_POINT('Ctrl Pts',(-1.42550810930199,-0.62822658444442,0.972428565744095));
#2557=CARTESIAN_POINT('Ctrl Pts',(-1.33411572115443,-0.804281898981857,
0.984800308432033));
#2558=CARTESIAN_POINT('Ctrl Pts',(-1.08391065641387,-1.12068872901702,1.0131027873619));
#2559=CARTESIAN_POINT('Ctrl Pts',(-0.924457249363383,-1.25544927646095,
1.02861501477334));
#2560=CARTESIAN_POINT('Ctrl Pts',(-0.568957999260958,-1.45047643751958,
1.05921993950085));
#2561=CARTESIAN_POINT('Ctrl Pts',(-0.377779794862899,-1.51159223305596,
1.07402643861575));
#2562=CARTESIAN_POINT('Ctrl Pts',(0.0195111143493177,-1.5582465326683,1.10176298572432));
#2563=CARTESIAN_POINT('Ctrl Pts',(0.221878318827302,-1.54249790729942,1.11461387564709));
#2564=CARTESIAN_POINT('Ctrl Pts',(0.612261712668139,-1.43348613725658,1.1442526680097));
#2565=CARTESIAN_POINT('Ctrl Pts',(0.796070755823696,-1.34015257443038,1.15979351648742));
#2566=CARTESIAN_POINT('Ctrl Pts',(1.11090553050808,-1.09208067078772,1.1897420720278));
#2567=CARTESIAN_POINT('Ctrl Pts',(1.24063119168333,-0.942057204027392,1.20387849202456));
#2568=CARTESIAN_POINT('Ctrl Pts',(1.4411603872694,-0.594279482338031,1.23013430313779));
#2569=CARTESIAN_POINT('Ctrl Pts',(1.50717913257718,-0.398081855515637,1.24494643027949));
#2570=CARTESIAN_POINT('Ctrl Pts',(1.55843425549392,0.00528854203089516,
1.27539926352943));
#2571=CARTESIAN_POINT('Ctrl Pts',(1.54444446357286,0.208442138168584,1.29073653821527));
#2572=CARTESIAN_POINT('Ctrl Pts',(1.44061423292313,0.592629720835985,1.31974114654258));
#2573=CARTESIAN_POINT('Ctrl Pts',(1.35383018063228,0.770524724574444,1.3322370841282));
#2574=CARTESIAN_POINT('Ctrl Pts',(1.1116753601423,1.09325266868168,1.36025183597159));
#2575=CARTESIAN_POINT('Ctrl Pts',(0.955219804145961,1.23229167098246,1.37572956265723));
#2576=CARTESIAN_POINT('Ctrl Pts',(0.603726236515921,1.43641795215097,1.40641606357782));
#2577=CARTESIAN_POINT('Ctrl Pts',(0.413612292588359,1.50224397949206,1.42133078156104));
#2578=CARTESIAN_POINT('Ctrl Pts',(0.0182691792952861,1.55810572155308,1.44928754134589));
#2579=CARTESIAN_POINT('Ctrl Pts',(-0.183164350643913,1.54741316887948,1.46189716045857));
#2580=CARTESIAN_POINT('Ctrl Pts',(-0.57554275091477,1.44869225446568,1.4912779301787));
#2581=CARTESIAN_POINT('Ctrl Pts',(-0.762132282969751,1.35981590009883,1.50683232035013));
#2582=CARTESIAN_POINT('Ctrl Pts',(-1.08365503431176,1.11917378550102,1.53693768575691));
#2583=CARTESIAN_POINT('Ctrl Pts',(-1.21737936148609,0.972055204290928,1.55123420030744));
#2584=CARTESIAN_POINT('Ctrl Pts',(-1.42646914687976,0.628691049568471,1.57786608859204));
#2585=CARTESIAN_POINT('Ctrl Pts',(-1.497238129952,0.434090871861353,1.5922278952136));
#2586=CARTESIAN_POINT('Ctrl Pts',(-1.53954660292625,0.154532415628515,1.61333342775404));
#2587=CARTESIAN_POINT('Ctrl Pts',(-1.54533666301315,0.0772346714082228,
1.61916909474809));
#2588=CARTESIAN_POINT('Ctrl Pts',(-1.54533666301315,2.97483563823348E-15,
1.62499999999997));
#2589=CARTESIAN_POINT('Origin',(0.,2.86881671076834E-15,-8.));
#2590=CARTESIAN_POINT('',(-1.54533666301315,2.12213516101038E-16,2.41249999999997));
#2591=CARTESIAN_POINT('',(-1.54533666301315,1.03728141755489E-14,2.32499999999997));
#2592=CARTESIAN_POINT('',(-1.54533666301315,2.67956755097193E-15,-8.));
#2593=CARTESIAN_POINT('Ctrl Pts',(-1.54533666301315,-1.18993522367469E-14,
2.41249999999997));
#2594=CARTESIAN_POINT('Ctrl Pts',(-1.54533666301315,0.0317729495535851,
2.41010127084062));
#2595=CARTESIAN_POINT('Ctrl Pts',(-1.5443567742165,0.0635773425677552,2.40770016782719));
#2596=CARTESIAN_POINT('Ctrl Pts',(-1.52973797220963,0.30000741110455,2.38985065408941));
#2597=CARTESIAN_POINT('Ctrl Pts',(-1.4764808749143,0.500150755054872,2.37474064126626));
#2598=CARTESIAN_POINT('Ctrl Pts',(-1.29897825851782,0.859692893847806,2.34759666425261));
#2599=CARTESIAN_POINT('Ctrl Pts',(-1.17969294589266,1.01724340679798,2.33456444589945));
#2600=CARTESIAN_POINT('Ctrl Pts',(-0.883373338804771,1.28407496294033,2.30511829927126));
#2601=CARTESIAN_POINT('Ctrl Pts',(-0.707412575017263,1.38879881605816,2.28966062198124));
#2602=CARTESIAN_POINT('Ctrl Pts',(-0.322905586707035,1.52508374156105,2.25937653087095));
#2603=CARTESIAN_POINT('Ctrl Pts',(-0.117924193162844,1.55440903439782,2.24555251423754));
#2604=CARTESIAN_POINT('Ctrl Pts',(0.284164406094353,1.53179882758206,2.21840990323684));
#2605=CARTESIAN_POINT('Ctrl Pts',(0.477559474978607,1.48292021563401,2.20392039131455));
#2606=CARTESIAN_POINT('Ctrl Pts',(0.84235101010249,1.31174572899726,2.1736083140607));
#2607=CARTESIAN_POINT('Ctrl Pts',(1.00903213910901,1.18832074805268,2.15805142267053));
#2608=CARTESIAN_POINT('Ctrl Pts',(1.27977697401698,0.888614986558317,2.12903645606771));
#2609=CARTESIAN_POINT('Ctrl Pts',(1.38318256844847,0.717125375890495,2.11664006487366));
#2610=CARTESIAN_POINT('Ctrl Pts',(1.52003662560517,0.342866242190186,2.08838501427955));
#2611=CARTESIAN_POINT('Ctrl Pts',(1.55159679213468,0.143494430952182,2.07333324905509));
#2612=CARTESIAN_POINT('Ctrl Pts',(1.5368368333081,-0.261246594887897,2.04277693891362));
#2613=CARTESIAN_POINT('Ctrl Pts',(1.48864495572219,-0.462702243167704,2.0275678524223));
#2614=CARTESIAN_POINT('Ctrl Pts',(1.32023050107479,-0.826702998245559,2.0000872679157));
#2615=CARTESIAN_POINT('Ctrl Pts',(1.20492113198704,-0.987238031882764,1.98734654260715));
#2616=CARTESIAN_POINT('Ctrl Pts',(0.9157427461759,-1.26111388203661,1.95810139127752));
#2617=CARTESIAN_POINT('Ctrl Pts',(0.742965834146238,-1.37003218320612,1.9426935467894));
#2618=CARTESIAN_POINT('Ctrl Pts',(0.360951533395055,-1.51677395408728,1.91217770635561));
#2619=CARTESIAN_POINT('Ctrl Pts',(0.154932401315382,-1.55138836823381,1.89785813920159));
#2620=CARTESIAN_POINT('Ctrl Pts',(-0.248860851437001,-1.53787187331872,
1.87094734477466));
#2621=CARTESIAN_POINT('Ctrl Pts',(-0.442886180590961,-1.49358261178908,
1.85658986423993));
#2622=CARTESIAN_POINT('Ctrl Pts',(-0.810753542161464,-1.33143214007321,
1.82641732341256));
#2623=CARTESIAN_POINT('Ctrl Pts',(-0.979939689008543,-1.21233937326821,
1.81086018273347));
#2624=CARTESIAN_POINT('Ctrl Pts',(-1.2582703311677,-0.919023365913968,1.78159044561592));
#2625=CARTESIAN_POINT('Ctrl Pts',(-1.36621772497104,-0.749193011288102,
1.76906104162214));
#2626=CARTESIAN_POINT('Ctrl Pts',(-1.50928208113265,-0.383858221743662,
1.74147974290991));
#2627=CARTESIAN_POINT('Ctrl Pts',(-1.54533666301315,-0.192725857387947,
1.72705002259381));
#2628=CARTESIAN_POINT('Ctrl Pts',(-1.54533666301315,5.06539254985228E-15,
1.71249999999997));
#2629=CARTESIAN_POINT('Ctrl Pts',(-1.54533666301315,5.86336534880161E-15,
1.62499999999997));
#2630=CARTESIAN_POINT('Ctrl Pts',(-1.54533666301315,-0.124025153456062,
1.63436339736371));
#2631=CARTESIAN_POINT('Ctrl Pts',(-1.5304051743255,-0.247887663253966,1.6437145157892));
#2632=CARTESIAN_POINT('Ctrl Pts',(-1.45387462807006,-0.559229175588502,
1.66721954049249));
#2633=CARTESIAN_POINT('Ctrl Pts',(-1.37132823768735,-0.738866264411445,
1.6798979935679));
#2634=CARTESIAN_POINT('Ctrl Pts',(-1.13815153292124,-1.06525616709598,1.70746397503393));
#2635=CARTESIAN_POINT('Ctrl Pts',(-0.986855597308577,-1.20674634020287,
1.72269688517996));
#2636=CARTESIAN_POINT('Ctrl Pts',(-0.642429128953524,-1.41960483617757,
1.75325095259923));
#2637=CARTESIAN_POINT('Ctrl Pts',(-0.453650408694876,-1.49071146623479,
1.76827770384178));
#2638=CARTESIAN_POINT('Ctrl Pts',(-0.0605616280739492,-1.55688576956251,
1.79647635049646));
#2639=CARTESIAN_POINT('Ctrl Pts',(0.139880636176117,-1.55177264883569,1.80890264842561));
#2640=CARTESIAN_POINT('Ctrl Pts',(0.534337877155159,-1.46447227105694,1.83798823353396));
#2641=CARTESIAN_POINT('Ctrl Pts',(0.723890916372025,-1.38063722258324,1.8535460828953));
#2642=CARTESIAN_POINT('Ctrl Pts',(1.05281985818127,-1.14831910462265,1.88382146147544));
#2643=CARTESIAN_POINT('Ctrl Pts',(1.19084849050639,-1.00448430186861,1.89827544159099));
#2644=CARTESIAN_POINT('Ctrl Pts',(1.40955311213255,-0.665915393184782,1.92535495063112));
#2645=CARTESIAN_POINT('Ctrl Pts',(1.48554145659629,-0.47276927782937,1.93930783202978));
#2646=CARTESIAN_POINT('Ctrl Pts',(1.55696092152985,-0.0707834989384488,
1.96965613217246));
#2647=CARTESIAN_POINT('Ctrl Pts',(1.55281656882805,0.133797500177731,1.98510117000886));
#2648=CARTESIAN_POINT('Ctrl Pts',(1.46724579272041,0.523112156748409,2.01449285167519));
#2649=CARTESIAN_POINT('Ctrl Pts',(1.38920119512391,0.704654672945408,2.02743801594775));
#2650=CARTESIAN_POINT('Ctrl Pts',(1.16428818101485,1.03662078231047,2.05467419615195));
#2651=CARTESIAN_POINT('Ctrl Pts',(1.01657967351291,1.18180903387501,2.06981215015503));
#2652=CARTESIAN_POINT('Ctrl Pts',(0.677186907816491,1.40342573965619,2.10036771167893));
#2653=CARTESIAN_POINT('Ctrl Pts',(0.489747440301883,1.47930929223898,2.11548721984577));
#2654=CARTESIAN_POINT('Ctrl Pts',(0.0987656770989917,1.55481664674491,2.14390041052536));
#2655=CARTESIAN_POINT('Ctrl Pts',(-0.10083403121229,1.55468391018718,2.15623983192904));
#2656=CARTESIAN_POINT('Ctrl Pts',(-0.49703780879326,1.47762111603879,2.18505315999627));
#2657=CARTESIAN_POINT('Ctrl Pts',(-0.689134672111156,1.39838508867534,2.20060372443125));
#2658=CARTESIAN_POINT('Ctrl Pts',(-1.02452147090606,1.17371609395515,2.23101258790587));
#2659=CARTESIAN_POINT('Ctrl Pts',(-1.16633967446009,1.03293023331455,2.24559924415141));
#2660=CARTESIAN_POINT('Ctrl Pts',(-1.39234613062278,0.700684818155042,2.27291745837269));
#2661=CARTESIAN_POINT('Ctrl Pts',(-1.47252061115064,0.511185172869499,2.28640758735908));
#2662=CARTESIAN_POINT('Ctrl Pts',(-1.53475901928073,0.208764099610682,2.30923915499824));
#2663=CARTESIAN_POINT('Ctrl Pts',(-1.54533666301315,0.104390104969605,2.31711896936679));
#2664=CARTESIAN_POINT('Ctrl Pts',(-1.54533666301315,1.795438797636E-14,
2.32499999999997));
#2665=CARTESIAN_POINT('Origin',(0.,2.86881671076834E-15,-8.));
#2666=CARTESIAN_POINT('',(-1.54533666301315,-5.0353249987288E-15,3.11249999999997));
#2667=CARTESIAN_POINT('',(-1.54533666301315,-4.93991520755008E-15,3.02499999999997));
#2668=CARTESIAN_POINT('',(-1.54533666301315,2.67956755097193E-15,-8.));
#2669=CARTESIAN_POINT('Ctrl Pts',(-1.54533666301315,-2.68107239512796E-14,
3.11249999999997));
#2670=CARTESIAN_POINT('Ctrl Pts',(-1.54533666301315,0.058569841555692,3.10807821389663));
#2671=CARTESIAN_POINT('Ctrl Pts',(-1.54200696488727,0.11720464426191,3.10365152348921));
#2672=CARTESIAN_POINT('Ctrl Pts',(-1.51203411808622,0.379236601093887,3.08386917075313));
#2673=CARTESIAN_POINT('Ctrl Pts',(-1.44846122099255,0.576263112362833,3.06899446618882));
#2674=CARTESIAN_POINT('Ctrl Pts',(-1.25236655849635,0.926357781028069,3.04256373495172));
#2675=CARTESIAN_POINT('Ctrl Pts',(-1.12469589442285,1.07782926996556,3.02868166708406));
#2676=CARTESIAN_POINT('Ctrl Pts',(-0.813473644269581,1.32962075763123,2.99882889673452));
#2677=CARTESIAN_POINT('Ctrl Pts',(-0.631147273454383,1.42523362490729,2.98329894833912));
#2678=CARTESIAN_POINT('Ctrl Pts',(-0.24184583160251,1.53958488529309,2.95352934056766));
#2679=CARTESIAN_POINT('Ctrl Pts',(-0.0389810717243721,1.55796970732155,
2.94052550948338));
#2680=CARTESIAN_POINT('Ctrl Pts',(0.359290170695065,1.5160624170381,2.91290405680347));
#2681=CARTESIAN_POINT('Ctrl Pts',(0.550970172581615,1.45737137406532,2.89815627896374));
#2682=CARTESIAN_POINT('Ctrl Pts',(0.9084378195825,1.26704618416787,2.86760014756329));
#2683=CARTESIAN_POINT('Ctrl Pts',(1.06938732774288,1.13450659684637,2.85207393969722));
#2684=CARTESIAN_POINT('Ctrl Pts',(1.32370275262943,0.821374918875545,2.82362634997226));
#2685=CARTESIAN_POINT('Ctrl Pts',(1.41746862919497,0.646245805476045,2.81128894403835));
#2686=CARTESIAN_POINT('Ctrl Pts',(1.53544552264595,0.266210213968238,2.78259779424743));
#2687=CARTESIAN_POINT('Ctrl Pts',(1.55701136444987,0.0644891325328184,2.76736866862663));
#2688=CARTESIAN_POINT('Ctrl Pts',(1.52137144243105,-0.339874824098279,2.73684082568507));
#2689=CARTESIAN_POINT('Ctrl Pts',(1.46291700940579,-0.5385234834085,2.72184365550577));
#2690=CARTESIAN_POINT('Ctrl Pts',(1.27606606518227,-0.893369505270581,2.69505421632307));
#2691=CARTESIAN_POINT('Ctrl Pts',(1.15260920665603,-1.04786045221552,2.68163794117814));
#2692=CARTESIAN_POINT('Ctrl Pts',(0.848845633491477,-1.30723881915588,2.65198644033447));
#2693=CARTESIAN_POINT('Ctrl Pts',(0.669656304796198,-1.40747114103098,2.63648722112311));
#2694=CARTESIAN_POINT('Ctrl Pts',(0.282686863040423,-1.53281865836679,2.60645499635871));
#2695=CARTESIAN_POINT('Ctrl Pts',(0.0787736728181806,-1.55666435914937,
2.5930779317815));
#2696=CARTESIAN_POINT('Ctrl Pts',(-0.321452943131697,-1.52447095813747,
2.56569531368612));
#2697=CARTESIAN_POINT('Ctrl Pts',(-0.51406106445429,-1.47072988134605,2.55107370529594));
#2698=CARTESIAN_POINT('Ctrl Pts',(-0.875351309004204,-1.2900408981767,2.52063139437336));
#2699=CARTESIAN_POINT('Ctrl Pts',(-1.03925653586623,-1.1620739270797,2.50508454445094));
#2700=CARTESIAN_POINT('Ctrl Pts',(-1.3018974160535,-0.855679407675384,2.47634693878986));
#2701=CARTESIAN_POINT('Ctrl Pts',(-1.40051845543436,-0.682402451761054,
2.46401862456744));
#2702=CARTESIAN_POINT('Ctrl Pts',(-1.51788416583254,-0.335452720392471,
2.43782532337394));
#2703=CARTESIAN_POINT('Ctrl Pts',(-1.54533666301315,-0.168166778830592,
2.42519591151221));
#2704=CARTESIAN_POINT('Ctrl Pts',(-1.54533666301315,-9.05525654459893E-15,
2.41249999999997));
#2705=CARTESIAN_POINT('Ctrl Pts',(-1.54533666301315,1.78491323937942E-14,
2.32499999999997));
#2706=CARTESIAN_POINT('Ctrl Pts',(-1.54533666301315,-0.0978367289761705,
2.33238627725619));
#2707=CARTESIAN_POINT('Ctrl Pts',(-1.53604549492869,-0.195687609032039,
2.33977362286169));
#2708=CARTESIAN_POINT('Ctrl Pts',(-1.4803859964635,-0.484719661206971,2.36159437357197));
#2709=CARTESIAN_POINT('Ctrl Pts',(-1.40705004873325,-0.668316505211182,
2.37489934031714));
#2710=CARTESIAN_POINT('Ctrl Pts',(-1.190820442448,-1.00602386665232,2.40178450768726));
#2711=CARTESIAN_POINT('Ctrl Pts',(-1.04695907067689,-1.15497503480288,2.41681297300399));
#2712=CARTESIAN_POINT('Ctrl Pts',(-0.713065798647619,-1.3856138067338,2.44734953460074));
#2713=CARTESIAN_POINT('Ctrl Pts',(-0.527153433674192,-1.46646390612303,
2.46255667573943));
#2714=CARTESIAN_POINT('Ctrl Pts',(-0.138426022479201,-1.55169440826578,
2.49118950285232));
#2715=CARTESIAN_POINT('Ctrl Pts',(0.060337744318262,-1.55668644812007,2.50351653564812));
#2716=CARTESIAN_POINT('Ctrl Pts',(0.45823998526803,-1.49018470462461,2.53204225335239));
#2717=CARTESIAN_POINT('Ctrl Pts',(0.65284649407781,-1.41576758747609,2.54757499784628));
#2718=CARTESIAN_POINT('Ctrl Pts',(0.994708587528701,-1.19916736111939,2.57810264556033));
#2719=CARTESIAN_POINT('Ctrl Pts',(1.14036370500957,-1.06162812557811,2.59281761113555));
#2720=CARTESIAN_POINT('Ctrl Pts',(1.37381594915998,-0.735918983599602,2.6203759104166));
#2721=CARTESIAN_POINT('Ctrl Pts',(1.45821280474311,-0.550079546552901,2.6334712194864));
#2722=CARTESIAN_POINT('Ctrl Pts',(1.55100222882355,-0.1548237940044,2.66331142986538));
#2723=CARTESIAN_POINT('Ctrl Pts',(1.55788096194126,0.0507882371600485,2.67883430645057));
#2724=CARTESIAN_POINT('Ctrl Pts',(1.49269353368212,0.445509642653244,2.70863417578848));
#2725=CARTESIAN_POINT('Ctrl Pts',(1.42410072124883,0.631239037260416,2.72238494380775));
#2726=CARTESIAN_POINT('Ctrl Pts',(1.21664330778533,0.974629260849252,2.74891108935333));
#2727=CARTESIAN_POINT('Ctrl Pts',(1.07674317674865,1.12725185032558,2.76381915187615));
#2728=CARTESIAN_POINT('Ctrl Pts',(0.748614750816717,1.36680975851367,2.79431547903323));
#2729=CARTESIAN_POINT('Ctrl Pts',(0.56436642300074,1.45261767468053,2.80960097062394));
#2730=CARTESIAN_POINT('Ctrl Pts',(0.177966971667118,1.54758661921269,2.83844919893049));
#2731=CARTESIAN_POINT('Ctrl Pts',(-0.0200208245025712,1.55765414340539,
2.85084402985732));
#2732=CARTESIAN_POINT('Ctrl Pts',(-0.419499220911422,1.50162528865458,2.8790774684682));
#2733=CARTESIAN_POINT('Ctrl Pts',(-0.616476206252323,1.43205540121417,2.89458222495388));
#2734=CARTESIAN_POINT('Ctrl Pts',(-0.964563834850852,1.22362448076639,2.9252085321884));
#2735=CARTESIAN_POINT('Ctrl Pts',(-1.11394611542327,1.08940215923789,2.94004197816412));
#2736=CARTESIAN_POINT('Ctrl Pts',(-1.35469626042577,0.770186407008131,2.96783231219764));
#2737=CARTESIAN_POINT('Ctrl Pts',(-1.44319402311551,0.587873166307847,2.98061795408242));
#2738=CARTESIAN_POINT('Ctrl Pts',(-1.52827773993326,0.264885955006736,3.00500218194704));
#2739=CARTESIAN_POINT('Ctrl Pts',(-1.54533666301315,0.132565684559966,3.01499182708712));
#2740=CARTESIAN_POINT('Ctrl Pts',(-1.54533666301315,1.21430643318376E-15,
3.02499999999997));
#2741=CARTESIAN_POINT('Origin',(0.,2.86881671076834E-15,-8.));
#2742=CARTESIAN_POINT('',(-1.54533666301315,-1.31867995144849E-15,3.81249999999997));
#2743=CARTESIAN_POINT('',(-1.54533666301315,8.19194150559435E-15,3.72499999999997));
#2744=CARTESIAN_POINT('',(-1.54533666301315,2.67956755097193E-15,-8.));
#2745=CARTESIAN_POINT('Ctrl Pts',(-1.54533666301315,-1.18993522367469E-14,
3.81249999999997));
#2746=CARTESIAN_POINT('Ctrl Pts',(-1.54533666301315,0.0839297664344499,
3.80616364215745));
#2747=CARTESIAN_POINT('Ctrl Pts',(-1.53849924056965,0.167913019248774,3.79982324630963));
#2748=CARTESIAN_POINT('Ctrl Pts',(-1.49124514917596,0.45485194809882,3.778160517943));
#2749=CARTESIAN_POINT('Ctrl Pts',(-1.41721820388277,0.649709315339248,3.76396785183226));
#2750=CARTESIAN_POINT('Ctrl Pts',(-1.20190461402399,0.991185879680879,3.73700029512626));
#2751=CARTESIAN_POINT('Ctrl Pts',(-1.06564308974365,1.13639129963357,3.72261011300753));
#2752=CARTESIAN_POINT('Ctrl Pts',(-0.73974578729451,1.37217243873827,3.69240222525374));
#2753=CARTESIAN_POINT('Ctrl Pts',(-0.551400097881592,1.45810003075467,3.67684432484432));
#2754=CARTESIAN_POINT('Ctrl Pts',(-0.157783975317615,1.55011427188563,3.64763579444082));
#2755=CARTESIAN_POINT('Ctrl Pts',(0.043061252414158,1.55752681564982,3.63514474800684));
#2756=CARTESIAN_POINT('Ctrl Pts',(0.43709257316265,1.49562141809438,3.60704561930362));
#2757=CARTESIAN_POINT('Ctrl Pts',(0.626442409487383,1.42670085232069,3.59206404718978));
#2758=CARTESIAN_POINT('Ctrl Pts',(0.973089806109959,1.21787632031313,3.561517046319));
#2759=CARTESIAN_POINT('Ctrl Pts',(1.12599090561414,1.07810393480783,3.54624403129448));
#2760=CARTESIAN_POINT('Ctrl Pts',(1.3629229866863,0.754285852274426,3.51852959902187));
#2761=CARTESIAN_POINT('Ctrl Pts',(1.44752399540972,0.575499565538344,3.50594788911467));
#2762=CARTESIAN_POINT('Ctrl Pts',(1.54684931908221,0.19002261130118,3.47684593844977));
#2763=CARTESIAN_POINT('Ctrl Pts',(1.55841549618325,-0.0135274121884432,
3.46147873510254));
#2764=CARTESIAN_POINT('Ctrl Pts',(1.50216877912098,-0.41670023767037,3.43104081774423));
#2765=CARTESIAN_POINT('Ctrl Pts',(1.43366747622599,-0.612079821598142,3.41646376580464));
#2766=CARTESIAN_POINT('Ctrl Pts',(1.22873566493837,-0.957613067726235,3.39002185293586));
#2767=CARTESIAN_POINT('Ctrl Pts',(1.09692295792348,-1.10613161961736,3.37579747675406));
#2768=CARTESIAN_POINT('Ctrl Pts',(0.778712648361641,-1.35035194630263,3.34577361320796));
#2769=CARTESIAN_POINT('Ctrl Pts',(0.593463439247506,-1.44140783346213,3.33022458229201));
#2770=CARTESIAN_POINT('Ctrl Pts',(0.20204124970585,-1.54513686799696,3.3007172845772));
#2771=CARTESIAN_POINT('Ctrl Pts',(0.000157752058886212,-1.55828619365764,
3.28799913264204));
#2772=CARTESIAN_POINT('Ctrl Pts',(-0.396142980645366,-1.50691511929277,
3.26014927596783));
#2773=CARTESIAN_POINT('Ctrl Pts',(-0.586791018181902,-1.44338729628123,
3.24528639075386));
#2774=CARTESIAN_POINT('Ctrl Pts',(-0.940269164589491,-1.24369488364094,
3.21463750483406));
#2775=CARTESIAN_POINT('Ctrl Pts',(-1.09820259706152,-1.10673747220955,3.19914172833875));
#2776=CARTESIAN_POINT('Ctrl Pts',(-1.34429646056063,-0.78708733096662,3.17098561712391));
#2777=CARTESIAN_POINT('Ctrl Pts',(-1.4333290818654,-0.61009694495641,3.15855985130305));
#2778=CARTESIAN_POINT('Ctrl Pts',(-1.5257346874158,-0.283822976848953,3.13392748659556));
#2779=CARTESIAN_POINT('Ctrl Pts',(-1.54533666301315,-0.142102685031842,
3.12322817786816));
#2780=CARTESIAN_POINT('Ctrl Pts',(-1.54533666301315,-2.41820452551167E-14,
3.11249999999997));
#2781=CARTESIAN_POINT('Ctrl Pts',(-1.54533666301315,2.97483563823348E-15,
3.02499999999997));
#2782=CARTESIAN_POINT('Ctrl Pts',(-1.54533666301315,-0.0708063357611013,
3.03034559191521));
#2783=CARTESIAN_POINT('Ctrl Pts',(-1.54047034040221,-0.141682684981655,
3.03569646956341));
#2784=CARTESIAN_POINT('Ctrl Pts',(-1.50372163293454,-0.406863536807833,
3.05571655113325));
#2785=CARTESIAN_POINT('Ctrl Pts',(-1.43981052616823,-0.594735282536864,
3.0699001079333));
#2786=CARTESIAN_POINT('Ctrl Pts',(-1.24085482693348,-0.943562823140543,
3.09623517612771));
#2787=CARTESIAN_POINT('Ctrl Pts',(-1.10490634688585,-1.09969495106391,3.1109375867633));
#2788=CARTESIAN_POINT('Ctrl Pts',(-0.782375451114794,-1.34784261265869,
3.14139218529694));
#2789=CARTESIAN_POINT('Ctrl Pts',(-0.59985275469457,-1.43839435643319,3.15674392256289));
#2790=CARTESIAN_POINT('Ctrl Pts',(-0.215758244447768,-1.54272493972026,
3.1857948334881));
#2791=CARTESIAN_POINT('Ctrl Pts',(-0.0184579193555455,-1.55762457873683,
3.19832935115711));
#2792=CARTESIAN_POINT('Ctrl Pts',(0.380239252345577,-1.51181473815528,3.22612596507619));
#2793=CARTESIAN_POINT('Ctrl Pts',(0.577343005174823,-1.44803475364224,3.24142045267509));
#2794=CARTESIAN_POINT('Ctrl Pts',(0.930166891810018,-1.25005847719226,3.27196178149542));
#2795=CARTESIAN_POINT('Ctrl Pts',(1.083625960478,-1.11966077543874,3.28691740198339));
#2796=CARTESIAN_POINT('Ctrl Pts',(1.33245021200721,-0.807730607719128,3.31496061644452));
#2797=CARTESIAN_POINT('Ctrl Pts',(1.42545142883516,-0.629243828686282,3.32749463643067));
#2798=CARTESIAN_POINT('Ctrl Pts',(1.54004665511551,-0.241452373517006,3.35677132255303));
#2799=CARTESIAN_POINT('Ctrl Pts',(1.55845277446845,-0.0353880768762578,
3.37232834335211));
#2800=CARTESIAN_POINT('Ctrl Pts',(1.51468786983113,0.364215492210283,3.40249679629138));
#2801=CARTESIAN_POINT('Ctrl Pts',(1.45591295345139,0.554341275836958,3.41685052383438));
#2802=CARTESIAN_POINT('Ctrl Pts',(1.26548023623351,0.910708788509652,3.44375482941835));
#2803=CARTESIAN_POINT('Ctrl Pts',(1.13235098076453,1.07177053329684,3.45808912748727));
#2804=CARTESIAN_POINT('Ctrl Pts',(0.81404526254148,1.32902631665373,3.48861129110962));
#2805=CARTESIAN_POINT('Ctrl Pts',(0.633275863395098,1.42406075248794,3.50401760787781));
#2806=CARTESIAN_POINT('Ctrl Pts',(0.251433900578022,1.53728860630871,3.53325709803202));
#2807=CARTESIAN_POINT('Ctrl Pts',(0.0547343546320022,1.55674414741212,3.54599078100267));
#2808=CARTESIAN_POINT('Ctrl Pts',(-0.344686265515661,1.52031207999203,3.57348070303583));
#2809=CARTESIAN_POINT('Ctrl Pts',(-0.543206916838581,1.46117892957735,3.5886924208744));
#2810=CARTESIAN_POINT('Ctrl Pts',(-0.900957200188478,1.27134334554874,3.61924854980793));
#2811=CARTESIAN_POINT('Ctrl Pts',(-1.05773897821648,1.14422527613209,3.63429761424714));
#2812=CARTESIAN_POINT('Ctrl Pts',(-1.31322952765442,0.838392221952322,3.66254652699218));
#2813=CARTESIAN_POINT('Ctrl Pts',(-1.40993010340196,0.66300331937158,3.67494593145208));
#2814=CARTESIAN_POINT('Ctrl Pts',(-1.52028372379781,0.320612695264169,3.70079503849044));
#2815=CARTESIAN_POINT('Ctrl Pts',(-1.54533666301315,0.160648687177079,3.71287167399443));
#2816=CARTESIAN_POINT('Ctrl Pts',(-1.54533666301315,2.15452655716319E-14,
3.72499999999997));
#2817=CARTESIAN_POINT('Origin',(0.,2.86881671076834E-15,-8.));
#2818=CARTESIAN_POINT('',(-1.54533666301315,5.8084225474611E-16,4.51249999999996));
#2819=CARTESIAN_POINT('',(-1.54533666301315,2.71021532150764E-15,4.42499999999996));
#2820=CARTESIAN_POINT('',(-1.54533666301315,2.67956755097193E-15,-8.));
#2821=CARTESIAN_POINT('Ctrl Pts',(-1.54533666301315,4.1286418728248E-15,
4.51249999999996));
#2822=CARTESIAN_POINT('Ctrl Pts',(-1.54533666301315,0.11175847987529,4.50406268686888));
#2823=CARTESIAN_POINT('Ctrl Pts',(-1.53321294418907,0.2234577615797,4.49562984296025));
#2824=CARTESIAN_POINT('Ctrl Pts',(-1.46524616439892,0.531349571151014,4.4723852568604));
#2825=CARTESIAN_POINT('Ctrl Pts',(-1.38288150213587,0.718947631755868,4.45910926329936));
#2826=CARTESIAN_POINT('Ctrl Pts',(-1.15302227170769,1.04782203205686,4.43166639823884));
#2827=CARTESIAN_POINT('Ctrl Pts',(-1.00921479642863,1.18694529925496,4.41701244013342));
#2828=CARTESIAN_POINT('Ctrl Pts',(-0.670462669524448,1.40747290432277,4.38653987582906));
#2829=CARTESIAN_POINT('Ctrl Pts',(-0.477056137949661,1.48423155064772,4.37099719955404));
#2830=CARTESIAN_POINT('Ctrl Pts',(-0.0799621611818323,1.55584517647157,
4.34233136408709));
#2831=CARTESIAN_POINT('Ctrl Pts',(0.119199835393924,1.55333237410051,4.33000836805912));
#2832=CARTESIAN_POINT('Ctrl Pts',(0.509029813103212,1.47282015750297,4.30148155932364));
#2833=CARTESIAN_POINT('Ctrl Pts',(0.695700030248476,1.39437850981451,4.28631578291809));
#2834=CARTESIAN_POINT('Ctrl Pts',(1.03229433278292,1.16810407120866,4.2557673688814));
#2835=CARTESIAN_POINT('Ctrl Pts',(1.17803634291238,1.02096714571039,4.24068442875891));
#2836=CARTESIAN_POINT('Ctrl Pts',(1.39848916105924,0.686037309975489,4.21362798780041));
#2837=CARTESIAN_POINT('Ctrl Pts',(1.47411293872912,0.503446469883782,4.20050817187103));
#2838=CARTESIAN_POINT('Ctrl Pts',(1.55452301744404,0.112730872972859,4.17101072487628));
#2839=CARTESIAN_POINT('Ctrl Pts',(1.55587728927612,-0.092167190446712,4.1555417499676));
#2840=CARTESIAN_POINT('Ctrl Pts',(1.47899380301106,-0.492488407979535,4.12531911747377));
#2841=CARTESIAN_POINT('Ctrl Pts',(1.40085392316103,-0.683758898269579,4.11161262912448));
#2842=CARTESIAN_POINT('Ctrl Pts',(1.17840700056153,-1.01909758863928,4.08441037736045));
#2843=CARTESIAN_POINT('Ctrl Pts',(1.0384332471538,-1.16138643732489,4.06988757911603));
#2844=CARTESIAN_POINT('Ctrl Pts',(0.706182058415453,-1.3898170064528,4.03954173443715));
#2845=CARTESIAN_POINT('Ctrl Pts',(0.515315456933218,-1.47131080550265,4.02398637994689));
#2846=CARTESIAN_POINT('Ctrl Pts',(0.119952043190745,-1.55337917363642,3.99503904576287));
#2847=CARTESIAN_POINT('Ctrl Pts',(-0.0800538464568893,-1.55594499162759,
3.98266640922013));
#2848=CARTESIAN_POINT('Ctrl Pts',(-0.472076219091416,-1.48501167853197,
3.95435784283532));
#2849=CARTESIAN_POINT('Ctrl Pts',(-0.660187584107102,-1.41146858257489,
3.93928275256304));
#2850=CARTESIAN_POINT('Ctrl Pts',(-1.00207771710825,-1.19413319109756,3.90872552058722));
#2851=CARTESIAN_POINT('Ctrl Pts',(-1.15155762772409,-1.05074723939248,3.89353978291691));
#2852=CARTESIAN_POINT('Ctrl Pts',(-1.38052966011116,-0.721506042356111,
3.86614107828452));
#2853=CARTESIAN_POINT('Ctrl Pts',(-1.46078245705296,-0.54090529826916,3.85333616188095));
#2854=CARTESIAN_POINT('Ctrl Pts',(-1.53192232719852,-0.235007215357119,
3.8302420940786));
#2855=CARTESIAN_POINT('Ctrl Pts',(-1.54533666301315,-0.117556072876837,
3.82137500794951));
#2856=CARTESIAN_POINT('Ctrl Pts',(-1.54533666301315,-1.33573707650214E-14,
3.81249999999997));
#2857=CARTESIAN_POINT('Ctrl Pts',(-1.54533666301315,1.78491323937942E-14,
3.72499999999996));
#2858=CARTESIAN_POINT('Ctrl Pts',(-1.54533666301315,-0.0440111541985826,
3.72832266410249));
#2859=CARTESIAN_POINT('Ctrl Pts',(-1.54345655172689,-0.0880736959835184,
3.73164920775989));
#2860=CARTESIAN_POINT('Ctrl Pts',(-1.52279588364761,-0.32894190154226,3.74983378288912));
#2861=CARTESIAN_POINT('Ctrl Pts',(-1.46829942304905,-0.520815329463735,
3.76431945050659));
#2862=CARTESIAN_POINT('Ctrl Pts',(-1.28657545992625,-0.880248580107251,
3.79145520690545));
#2863=CARTESIAN_POINT('Ctrl Pts',(-1.1585375260629,-1.04305334881578,3.8052929984824));
#2864=CARTESIAN_POINT('Ctrl Pts',(-0.848024782077276,-1.30768591650064,
3.83558410511256));
#2865=CARTESIAN_POINT('Ctrl Pts',(-0.669288345349388,-1.40756669149651,
3.85104044342279));
#2866=CARTESIAN_POINT('Ctrl Pts',(-0.289969315025197,-1.53048254049857,
3.88048068290413));
#2867=CARTESIAN_POINT('Ctrl Pts',(-0.0938670061550798,-1.55486505328781,
3.89350316489026));
#2868=CARTESIAN_POINT('Ctrl Pts',(0.306238113100191,-1.52851729098553,3.92065717832234));
#2869=CARTESIAN_POINT('Ctrl Pts',(0.506156517893769,-1.47441810302808,3.93577026135939));
#2870=CARTESIAN_POINT('Ctrl Pts',(0.868993900634309,-1.29347716184947,3.96632323727072));
#2871=CARTESIAN_POINT('Ctrl Pts',(1.02927270935481,-1.16997989702183,3.98146426447405));
#2872=CARTESIAN_POINT('Ctrl Pts',(1.29187931048158,-0.870736359901304,4.00992969380447));
#2873=CARTESIAN_POINT('Ctrl Pts',(1.39251531813347,-0.698594476028626,4.0222589431023));
#2874=CARTESIAN_POINT('Ctrl Pts',(1.52625187550614,-0.317834459018673,4.0510047840881));
#2875=CARTESIAN_POINT('Ctrl Pts',(1.55496550942732,-0.111899074236335,4.06655207256336));
#2876=CARTESIAN_POINT('Ctrl Pts',(1.53050735435202,0.291284772656962,4.09699082199364));
#2877=CARTESIAN_POINT('Ctrl Pts',(1.48060847150443,0.484909025234889,4.11160866979002));
#2878=CARTESIAN_POINT('Ctrl Pts',(1.30810482039657,0.847519912508678,4.13898432489989));
#2879=CARTESIAN_POINT('Ctrl Pts',(1.18534407970788,1.01213822980411,4.1523733648719));
#2880=CARTESIAN_POINT('Ctrl Pts',(0.883063925767489,1.28436997837043,4.18241306682652));
#2881=CARTESIAN_POINT('Ctrl Pts',(0.706597143059337,1.38928989466802,4.19791122933787));
#2882=CARTESIAN_POINT('Ctrl Pts',(0.330006134248582,1.52237072782798,4.22755681450514));
#2883=CARTESIAN_POINT('Ctrl Pts',(0.13446902315877,1.55189229254572,4.24096076328682));
#2884=CARTESIAN_POINT('Ctrl Pts',(-0.266245897849224,1.53598412726526,4.26776057274836));
#2885=CARTESIAN_POINT('Ctrl Pts',(-0.467472094334646,1.48713022740864,4.2827611620399));
#2886=CARTESIAN_POINT('Ctrl Pts',(-0.835339274757026,1.3155400441458,4.31329002104109));
#2887=CARTESIAN_POINT('Ctrl Pts',(-0.999150835923434,1.19588989037855,4.32851680393575));
#2888=CARTESIAN_POINT('Ctrl Pts',(-1.26907156325294,0.903501656096134,4.35720166736792));
#2889=CARTESIAN_POINT('Ctrl Pts',(-1.37373843583337,0.734639711424345,4.36953767364465));
#2890=CARTESIAN_POINT('Ctrl Pts',(-1.51102701078564,0.374622938868021,4.39671748358739));
#2891=CARTESIAN_POINT('Ctrl Pts',(-1.54533666301315,0.18800068772421,4.41080670860089));
#2892=CARTESIAN_POINT('Ctrl Pts',(-1.54533666301315,1.97758476261356E-15,
4.42499999999996));
#2893=CARTESIAN_POINT('Origin',(0.,2.86881671076834E-15,-8.));
#2894=CARTESIAN_POINT('',(-1.54533666301315,9.34553261711893E-15,5.21249999999996));
#2895=CARTESIAN_POINT('',(-1.54533666301315,-2.04292700266881E-15,5.12499999999996));
#2896=CARTESIAN_POINT('',(-1.54533666301315,2.67956755097193E-15,-8.));
#2897=CARTESIAN_POINT('Ctrl Pts',(-1.54533666301315,2.019218126037E-14,
5.21249999999996));
#2898=CARTESIAN_POINT('Ctrl Pts',(-1.54533666301315,0.139484516119096,5.20196948329333));
#2899=CARTESIAN_POINT('Ctrl Pts',(-1.52645039987043,0.278637417205923,5.19146400218018));
#2900=CARTESIAN_POINT('Ctrl Pts',(-1.43536989458642,0.606516068776937,5.16671049036265));
#2901=CARTESIAN_POINT('Ctrl Pts',(-1.34484567663812,0.787100744190664,5.15404978507806));
#2902=CARTESIAN_POINT('Ctrl Pts',(-1.10046907917676,1.10305750541902,5.12614536877115));
#2903=CARTESIAN_POINT('Ctrl Pts',(-0.949249139169346,1.23558209416739,5.11125586000047));
#2904=CARTESIAN_POINT('Ctrl Pts',(-0.598116666945231,1.43985855933677,5.08058729886607));
#2905=CARTESIAN_POINT('Ctrl Pts',(-0.399996663662875,1.50697501520563,5.0651004223298));
#2906=CARTESIAN_POINT('Ctrl Pts',(0.000232384779415319,1.55775458894242,
5.03701605476782));
#2907=CARTESIAN_POINT('Ctrl Pts',(0.197851865161576,1.54514302472459,5.02455685571471));
#2908=CARTESIAN_POINT('Ctrl Pts',(0.583048585852839,1.44525558823576,4.99560160051606));
#2909=CARTESIAN_POINT('Ctrl Pts',(0.76640560921628,1.35695220969165,4.98028018501406));
#2910=CARTESIAN_POINT('Ctrl Pts',(1.09152675386395,1.11293852344433,4.94981228155235));
#2911=CARTESIAN_POINT('Ctrl Pts',(1.22938676241915,0.958500602459418,4.93496908003074));
#2912=CARTESIAN_POINT('Ctrl Pts',(1.43238569492784,0.61226538993358,4.90862704369917));
#2913=CARTESIAN_POINT('Ctrl Pts',(1.49857009594152,0.425429349955366,4.89461819492114));
#2914=CARTESIAN_POINT('Ctrl Pts',(1.55846809062433,0.0293613359269458,4.86471666208629));
#2915=CARTESIAN_POINT('Ctrl Pts',(1.54873121051141,-0.176421991229411,4.84918085334666));
#2916=CARTESIAN_POINT('Ctrl Pts',(1.45048884115747,-0.56986689559126,4.81947735468031));
#2917=CARTESIAN_POINT('Ctrl Pts',(1.36394553355371,-0.753856437512402,4.80655346607751));
#2918=CARTESIAN_POINT('Ctrl Pts',(1.12668086569251,-1.07618422432152,4.77887354445938));
#2919=CARTESIAN_POINT('Ctrl Pts',(0.979074108227757,-1.21200732932678,4.76409575835774));
#2920=CARTESIAN_POINT('Ctrl Pts',(0.633943983741806,-1.42437191733354,4.733514328932));
#2921=CARTESIAN_POINT('Ctrl Pts',(0.438087688506593,-1.49627197870708,4.71799488539799));
#2922=CARTESIAN_POINT('Ctrl Pts',(0.0393511239141834,-1.55731776669027,
4.68962056971872));
#2923=CARTESIAN_POINT('Ctrl Pts',(-0.159001618997421,-1.54968129922312,
4.67726825045058));
#2924=CARTESIAN_POINT('Ctrl Pts',(-0.546527999288203,-1.45938968632043,
4.64852290174297));
#2925=CARTESIAN_POINT('Ctrl Pts',(-0.731592307260283,-1.37596047594057,
4.63327385154748));
#2926=CARTESIAN_POINT('Ctrl Pts',(-1.06252125333265,-1.14067088652645,4.60275554282227));
#2927=CARTESIAN_POINT('Ctrl Pts',(-1.20433712747665,-0.989799113880041,
4.58778831609904));
#2928=CARTESIAN_POINT('Ctrl Pts',(-1.41601705151901,-0.649130012756858,
4.56108881370768));
#2929=CARTESIAN_POINT('Ctrl Pts',(-1.48689185036415,-0.464434461608286,
4.54756292306253));
#2930=CARTESIAN_POINT('Ctrl Pts',(-1.53734214189003,-0.181546638049159,
4.52620603675733));
#2931=CARTESIAN_POINT('Ctrl Pts',(-1.54533666301315,-0.0907538005010452,
4.51935154480907));
#2932=CARTESIAN_POINT('Ctrl Pts',(-1.54533666301315,2.97483420034739E-15,
4.51249999999996));
#2933=CARTESIAN_POINT('Ctrl Pts',(-1.54533666301315,2.97483563823348E-15,
4.42499999999996));
#2934=CARTESIAN_POINT('Ctrl Pts',(-1.54533666301315,-0.0180576049904085,
4.42636327612784));
#2935=CARTESIAN_POINT('Ctrl Pts',(-1.54502015436983,-0.036127927084475,
4.42772751234558));
#2936=CARTESIAN_POINT('Ctrl Pts',(-1.53742107478675,-0.252646564114679,
4.44407379355285));
#2937=CARTESIAN_POINT('Ctrl Pts',(-1.49227147316721,-0.447945332872744,
4.45881806054687));
#2938=CARTESIAN_POINT('Ctrl Pts',(-1.32915854608044,-0.81372198351503,4.48643271798451));
#2939=CARTESIAN_POINT('Ctrl Pts',(-1.21165497137373,-0.980163434293634,
4.49944613769831));
#2940=CARTESIAN_POINT('Ctrl Pts',(-0.917733221348076,-1.25991947740542,
4.52922338228091));
#2941=CARTESIAN_POINT('Ctrl Pts',(-0.743695329959767,-1.36986923068131,
4.54475260661405));
#2942=CARTESIAN_POINT('Ctrl Pts',(-0.369943791880654,-1.51320632550806,
4.57459969630105));
#2943=CARTESIAN_POINT('Ctrl Pts',(-0.174916562378146,-1.54788917961215,
4.58846735537063));
#2944=CARTESIAN_POINT('Ctrl Pts',(0.226308527803595,-1.54236959766012,4.6149083724064));
#2945=CARTESIAN_POINT('Ctrl Pts',(0.428694077624371,-1.49876265917014,4.6297866996803));
#2946=CARTESIAN_POINT('Ctrl Pts',(0.801321092812788,-1.33660973612339,4.66027052592715));
#2947=CARTESIAN_POINT('Ctrl Pts',(0.968555251094746,-1.2208830594418,4.67557297973882));
#2948=CARTESIAN_POINT('Ctrl Pts',(1.24569766667457,-0.935356925813521,4.70447097694484));
#2949=CARTESIAN_POINT('Ctrl Pts',(1.35434671823221,-0.769668320421799,4.71689315536749));
#2950=CARTESIAN_POINT('Ctrl Pts',(1.50784994498451,-0.396609393020541,4.74505759524125));
#2951=CARTESIAN_POINT('Ctrl Pts',(1.54734117135615,-0.191343104178857,4.76055436967971));
#2952=CARTESIAN_POINT('Ctrl Pts',(1.5432547050388,0.214592856409324,4.79120089256075));
#2953=CARTESIAN_POINT('Ctrl Pts',(1.50281390611301,0.411421305999156,4.80606064426951));
#2954=CARTESIAN_POINT('Ctrl Pts',(1.34889317872067,0.780228904451641,4.83390412600565));
#2955=CARTESIAN_POINT('Ctrl Pts',(1.23642351002972,0.948440713802623,4.84662926706849));
#2956=CARTESIAN_POINT('Ctrl Pts',(0.950651317906164,1.23535878867272,4.87614403423933));
#2957=CARTESIAN_POINT('Ctrl Pts',(0.779098506009209,1.350127136157,4.89169267274483));
#2958=CARTESIAN_POINT('Ctrl Pts',(0.408408360087725,1.50331777586585,4.92171155567072));
#2959=CARTESIAN_POINT('Ctrl Pts',(0.213866801759608,1.5430715409348,4.93593158218152));
#2960=CARTESIAN_POINT('Ctrl Pts',(-0.187825996887037,1.54750256337543,4.96236208773859));
#2961=CARTESIAN_POINT('Ctrl Pts',(-0.391252217783969,1.50899684348382,4.97695237816));
#2962=CARTESIAN_POINT('Ctrl Pts',(-0.768414730542854,1.35586695558353,5.00739214032784));
#2963=CARTESIAN_POINT('Ctrl Pts',(-0.93882402874397,1.24396764952532,5.02275771377952));
#2964=CARTESIAN_POINT('Ctrl Pts',(-1.22280454058995,0.965027019037942,5.05185420596949));
#2965=CARTESIAN_POINT('Ctrl Pts',(-1.33523251971509,0.802286250435132,5.06443063360165));
#2966=CARTESIAN_POINT('Ctrl Pts',(-1.49695587306433,0.435071207406722,5.09215388384567));
#2967=CARTESIAN_POINT('Ctrl Pts',(-1.54141490045819,0.232737927332964,5.10742922798713));
#2968=CARTESIAN_POINT('Ctrl Pts',(-1.54525407451135,0.0184518362511028,
5.12360696100668));
#2969=CARTESIAN_POINT('Ctrl Pts',(-1.54533666301315,0.00922414499731601,
5.12430361436734));
#2970=CARTESIAN_POINT('Ctrl Pts',(-1.54533666301315,-1.17507184311109E-14,
5.12499999999996));
#2971=CARTESIAN_POINT('Origin',(0.,2.86881671076834E-15,-8.));
#2972=CARTESIAN_POINT('',(-1.54533666301315,-3.77765047864562E-15,5.91249999999996));
#2973=CARTESIAN_POINT('',(-1.54533666301315,-6.37973569261083E-15,5.82499999999996));
#2974=CARTESIAN_POINT('',(-1.54533666301315,2.67956755097193E-15,-8.));
#2975=CARTESIAN_POINT('Ctrl Pts',(-1.54533666301315,1.11022302462516E-15,
5.91249999999996));
#2976=CARTESIAN_POINT('Ctrl Pts',(-1.54533666301315,0.167710680256744,5.89983852208498));
#2977=CARTESIAN_POINT('Ctrl Pts',(-1.51803262718982,0.334585342733611,5.88724016013045));
#2978=CARTESIAN_POINT('Ctrl Pts',(-1.40094097073329,0.681654387414338,5.86103785126454));
#2979=CARTESIAN_POINT('Ctrl Pts',(-1.30218265791101,0.855340667083284,5.84868449749846));
#2980=CARTESIAN_POINT('Ctrl Pts',(-1.04297539761488,1.15774158143168,5.82032213727631));
#2981=CARTESIAN_POINT('Ctrl Pts',(-0.884360091647965,1.28298361963989,5.80522401057023));
#2982=CARTESIAN_POINT('Ctrl Pts',(-0.523929657375173,1.46819889651058,5.77466705682783));
#2983=CARTESIAN_POINT('Ctrl Pts',(-0.324663795649754,1.52471163781919,5.75950553122249));
#2984=CARTESIAN_POINT('Ctrl Pts',(0.0751256317859282,1.55588550699584,5.73218998239524));
#2985=CARTESIAN_POINT('Ctrl Pts',(0.27150744767656,1.53386499213792,5.71931542661597));
#2986=CARTESIAN_POINT('Ctrl Pts',(0.652047263248717,1.41560140425976,5.68997098391562));
#2987=CARTESIAN_POINT('Ctrl Pts',(0.831775937175711,1.3180429758596,5.67453743562034));
#2988=CARTESIAN_POINT('Ctrl Pts',(1.1460378094445,1.05693631168496,5.64413430140519));
#2989=CARTESIAN_POINT('Ctrl Pts',(1.27651316747678,0.894966284947289,5.63006633408299));
#2990=CARTESIAN_POINT('Ctrl Pts',(1.46242869719685,0.53700068890383,5.6030413796693));
#2991=CARTESIAN_POINT('Ctrl Pts',(1.51899241591547,0.345957210628729,5.58861836989271));
#2992=CARTESIAN_POINT('Ctrl Pts',(1.55792987356545,-0.0546319969076648,
5.55837550523771));
#2993=CARTESIAN_POINT('Ctrl Pts',(1.53693776361988,-0.260711042783199,5.54281737093107));
#2994=CARTESIAN_POINT('Ctrl Pts',(1.41751284024862,-0.646769718928991,5.51367150261532));
#2995=CARTESIAN_POINT('Ctrl Pts',(1.3225946945969,-0.823645610618895,5.50121548960558));
#2996=CARTESIAN_POINT('Ctrl Pts',(1.07031910760046,-1.13242847332474,5.47306542634756));
#2997=CARTESIAN_POINT('Ctrl Pts',(0.91513452836367,-1.26114191814682,5.45806056683012));
#2998=CARTESIAN_POINT('Ctrl Pts',(0.559741399110617,-1.45492719654313,5.42750945899246));
#2999=CARTESIAN_POINT('Ctrl Pts',(0.361891380392141,-1.51631007518223,5.41225666537223));
#3000=CARTESIAN_POINT('Ctrl Pts',(-0.0371903063258281,-1.55727331991331,
5.38461786050772));
#3001=CARTESIAN_POINT('Ctrl Pts',(-0.234174691670665,-1.54002181974046,
5.37198870280449));
#3002=CARTESIAN_POINT('Ctrl Pts',(-0.617116015282521,-1.43110622259765,
5.34284011385369));
#3003=CARTESIAN_POINT('Ctrl Pts',(-0.798748887731034,-1.33824093872951,
5.32745922307876));
#3004=CARTESIAN_POINT('Ctrl Pts',(-1.1183967456779,-1.08597519777479,5.29703767247015));
#3005=CARTESIAN_POINT('Ctrl Pts',(-1.25243000979989,-0.928156638727916,
5.28257207152762));
#3006=CARTESIAN_POINT('Ctrl Pts',(-1.44719139637132,-0.576625441795357,
5.25603288821756));
#3007=CARTESIAN_POINT('Ctrl Pts',(-1.50880235507572,-0.387722825725254,
5.24177150487696));
#3008=CARTESIAN_POINT('Ctrl Pts',(-1.54133716459694,-0.128452409971106,
5.22219763732091));
#3009=CARTESIAN_POINT('Ctrl Pts',(-1.54533666301315,-0.0641910892553391,
5.21734616756485));
#3010=CARTESIAN_POINT('Ctrl Pts',(-1.54533666301315,1.78862059148801E-14,
5.21249999999996));
#3011=CARTESIAN_POINT('Ctrl Pts',(-1.54533666301315,-1.3392065234541E-14,
5.12499999999996));
#3012=CARTESIAN_POINT('Ctrl Pts',(-1.54533666301315,-0.190200560622915,
5.13935937290369));
#3013=CARTESIAN_POINT('Ctrl Pts',(-1.51022042532229,-0.378893329080604,
5.15360491359843));
#3014=CARTESIAN_POINT('Ctrl Pts',(-1.3698935205691,-0.742392868445406,5.18104765834628));
#3015=CARTESIAN_POINT('Ctrl Pts',(-1.26291993270794,-0.912575909319344,
5.19354306964431));
#3016=CARTESIAN_POINT('Ctrl Pts',(-0.986206398836682,-1.2072650246219,5.22275890998209));
#3017=CARTESIAN_POINT('Ctrl Pts',(-0.817546542769973,-1.32728781296138,
5.23831674745727));
#3018=CARTESIAN_POINT('Ctrl Pts',(-0.450318267879826,-1.49137141330398,
5.26852047558899));
#3019=CARTESIAN_POINT('Ctrl Pts',(-0.256418560595094,-1.53664198986922,
5.28290678544592));
#3020=CARTESIAN_POINT('Ctrl Pts',(0.147014485873205,-1.55210747844693,5.30986759964505));
#3021=CARTESIAN_POINT('Ctrl Pts',(0.352809588941087,-1.51863418726691,5.32407515446942));
#3022=CARTESIAN_POINT('Ctrl Pts',(0.735371292716056,-1.37413976241664,5.35454195212025));
#3023=CARTESIAN_POINT('Ctrl Pts',(0.908840278685747,-1.26611454351406,5.36996133333241));
#3024=CARTESIAN_POINT('Ctrl Pts',(1.19955551505893,-0.993746173915475,5.39925006178403));
#3025=CARTESIAN_POINT('Ctrl Pts',(1.31571869189723,-0.83385779066548,5.41204711003143));
#3026=CARTESIAN_POINT('Ctrl Pts',(1.48609912091572,-0.470812520058945,5.43945555932569));
#3027=CARTESIAN_POINT('Ctrl Pts',(1.53538739190615,-0.269628996414803,5.45464410150785));
#3028=CARTESIAN_POINT('Ctrl Pts',(1.55236178658676,0.135123614677588,5.485201286289));
#3029=CARTESIAN_POINT('Ctrl Pts',(1.52185426354159,0.33476805832217,5.50027363415728));
#3030=CARTESIAN_POINT('Ctrl Pts',(1.3870031642177,0.709652065922172,5.52857586020299));
#3031=CARTESIAN_POINT('Ctrl Pts',(1.28463824944354,0.881527326181025,5.54095107416009));
#3032=CARTESIAN_POINT('Ctrl Pts',(1.0156470614373,1.18269193258385,5.56990645329225));
#3033=CARTESIAN_POINT('Ctrl Pts',(0.849557958559122,1.30710729213399,5.5854620219658));
#3034=CARTESIAN_POINT('Ctrl Pts',(0.485505372694795,1.48035166902027,5.61580391984195));
#3035=CARTESIAN_POINT('Ctrl Pts',(0.292270715194552,1.53028603144166,5.63032279628597));
#3036=CARTESIAN_POINT('Ctrl Pts',(-0.109418509247304,1.55498106671442,5.65751799365362));
#3037=CARTESIAN_POINT('Ctrl Pts',(-0.314165032869155,1.52685592833804,5.67123816463004));
#3038=CARTESIAN_POINT('Ctrl Pts',(-0.699221806446548,1.39295777673883,5.70146810559161));
#3039=CARTESIAN_POINT('Ctrl Pts',(-0.875896130643357,1.2892050792028,5.71693577731172));
#3040=CARTESIAN_POINT('Ctrl Pts',(-1.17384233107383,1.02399234783374,5.74642716555283));
#3041=CARTESIAN_POINT('Ctrl Pts',(-1.29403660375897,0.867114666190759,5.75953635046417));
#3042=CARTESIAN_POINT('Ctrl Pts',(-1.47359269513111,0.508594602037431,5.78660316497715));
#3043=CARTESIAN_POINT('Ctrl Pts',(-1.52799284404202,0.308766996152222,5.80168934085364));
#3044=CARTESIAN_POINT('Ctrl Pts',(-1.54416649555945,0.0694781234160388,
5.81975468274369));
#3045=CARTESIAN_POINT('Ctrl Pts',(-1.54533666301315,0.0347211055964457,
5.82237869698563));
#3046=CARTESIAN_POINT('Ctrl Pts',(-1.54533666301315,-2.66250141818886E-14,
5.82499999999996));
#3047=CARTESIAN_POINT('Origin',(0.,2.86881671076834E-15,-8.));
#3048=CARTESIAN_POINT('',(-1.54533666301315,8.79909472218623E-15,6.61249999999996));
#3049=CARTESIAN_POINT('',(-1.54533666301315,3.08318086884265E-15,6.52499999999996));
#3050=CARTESIAN_POINT('',(-1.54533666301315,2.67956755097193E-15,-8.));
#3051=CARTESIAN_POINT('Ctrl Pts',(-1.54533666301315,1.56472057533108E-14,
6.61249999999996));
#3052=CARTESIAN_POINT('Ctrl Pts',(-1.54533666301315,0.195257759113922,6.59775882906818));
#3053=CARTESIAN_POINT('Ctrl Pts',(-1.50832778668677,0.388900488352583,6.58313958635872));
#3054=CARTESIAN_POINT('Ctrl Pts',(-1.36352072368664,0.753355605576194,6.55562469934815));
#3055=CARTESIAN_POINT('Ctrl Pts',(-1.25673507138623,0.920520664133204,6.54325265694848));
#3056=CARTESIAN_POINT('Ctrl Pts',(-0.982970624787603,1.20926827308879,6.51445391195538));
#3057=CARTESIAN_POINT('Ctrl Pts',(-0.817328890655479,1.32684548107527,6.49918571927356));
#3058=CARTESIAN_POINT('Ctrl Pts',(-0.446902042182994,1.49343747889664,6.46867817694504));
#3059=CARTESIAN_POINT('Ctrl Pts',(-0.245042185720126,1.53950671530738,6.45374127348042));
#3060=CARTESIAN_POINT('Ctrl Pts',(0.155955590232909,1.54989565154838,6.42713131029514));
#3061=CARTESIAN_POINT('Ctrl Pts',(0.351215387699809,1.51763842846934,6.41349148878236));
#3062=CARTESIAN_POINT('Ctrl Pts',(0.726313866983474,1.37912640124375,6.38373847071644));
#3063=CARTESIAN_POINT('Ctrl Pts',(0.901511585206243,1.27153569016479,6.36822246433553));
#3064=CARTESIAN_POINT('Ctrl Pts',(1.19937169849956,0.995301764428874,6.33832067679804));
#3065=CARTESIAN_POINT('Ctrl Pts',(1.31934011526693,0.829717771171124,6.32514033524442));
#3066=CARTESIAN_POINT('Ctrl Pts',(1.4868820266658,0.465425406622168,6.29763773540241));
#3067=CARTESIAN_POINT('Ctrl Pts',(1.53427960215634,0.27090251443903,6.28295204395112));
#3068=CARTESIAN_POINT('Ctrl Pts',(1.55333055223492,-0.133113158840102,6.25245049499372));
#3069=CARTESIAN_POINT('Ctrl Pts',(1.52174654064031,-0.338923632738699,6.23691263678487));
#3070=CARTESIAN_POINT('Ctrl Pts',(1.382724675684,-0.717669197538096,6.20831887879186));
#3071=CARTESIAN_POINT('Ctrl Pts',(1.27996310350546,-0.888073191527956,6.19599616500805));
#3072=CARTESIAN_POINT('Ctrl Pts',(1.01349987632739,-1.18371376749206,6.16741458850677));
#3073=CARTESIAN_POINT('Ctrl Pts',(0.851350381628687,-1.30519852717039,6.15222722120663));
#3074=CARTESIAN_POINT('Ctrl Pts',(0.485835377035342,-1.48123549241745,6.12168429376304));
#3075=CARTESIAN_POINT('Ctrl Pts',(0.28521092145774,-1.53257793728249,6.10662910960271));
#3076=CARTESIAN_POINT('Ctrl Pts',(-0.115227465508856,-1.55343130330923,
6.0796607090023));
#3077=CARTESIAN_POINT('Ctrl Pts',(-0.311025623386878,-1.52634950815089,
6.0664479780652));
#3078=CARTESIAN_POINT('Ctrl Pts',(-0.688924043951517,-1.39810126735295,
6.03689933305491));
#3079=CARTESIAN_POINT('Ctrl Pts',(-0.866487177651088,-1.29557071344117,
6.021419683162));
#3080=CARTESIAN_POINT('Ctrl Pts',(-1.17268794428473,-1.0269339385774,5.99125934898913));
#3081=CARTESIAN_POINT('Ctrl Pts',(-1.29794922929784,-0.863176415233024,
5.97766632751996));
#3082=CARTESIAN_POINT('Ctrl Pts',(-1.47484700873256,-0.502071245960895,
5.9504043480281));
#3083=CARTESIAN_POINT('Ctrl Pts',(-1.52694537045037,-0.309268407737008,
5.93584851369256));
#3084=CARTESIAN_POINT('Ctrl Pts',(-1.54398647480933,-0.0746342131406571,
5.91813458117239));
#3085=CARTESIAN_POINT('Ctrl Pts',(-1.54533666301315,-0.0372964337993957,
5.91531572987557));
#3086=CARTESIAN_POINT('Ctrl Pts',(-1.54533666301315,2.97483420034739E-15,
5.91249999999996));
#3087=CARTESIAN_POINT('Ctrl Pts',(-1.54533666301315,-2.73045475118749E-14,
5.82499999999996));
#3088=CARTESIAN_POINT('Ctrl Pts',(-1.54533666301315,-0.165292848918114,
5.83747894142979));
#3089=CARTESIAN_POINT('Ctrl Pts',(-1.51881443704879,-0.329771812302192,
5.84989643779421));
#3090=CARTESIAN_POINT('Ctrl Pts',(-1.40431906914319,-0.67449733020055,5.87592181986838));
#3091=CARTESIAN_POINT('Ctrl Pts',(-1.30677071030559,-0.848178766918209,
5.88824518190039));
#3092=CARTESIAN_POINT('Ctrl Pts',(-1.04595930628218,-1.15606590490401,5.91691951715423));
#3093=CARTESIAN_POINT('Ctrl Pts',(-0.882694845475416,-1.28504611071741,
5.93246272044662));
#3094=CARTESIAN_POINT('Ctrl Pts',(-0.522225433605402,-1.4678652926061,5.96293177486039));
#3095=CARTESIAN_POINT('Ctrl Pts',(-0.32981101006621,-1.52269840615491,5.97758194119425));
#3096=CARTESIAN_POINT('Ctrl Pts',(0.0699894581124512,-1.5570379984983,6.00501771152724));
#3097=CARTESIAN_POINT('Ctrl Pts',(0.273667767729591,-1.53440672437766,6.01830536886877));
#3098=CARTESIAN_POINT('Ctrl Pts',(0.661166376606703,-1.4114966849667,6.04828018146667));
#3099=CARTESIAN_POINT('Ctrl Pts',(0.841060631547595,-1.31227950831812,6.06378717007417));
#3100=CARTESIAN_POINT('Ctrl Pts',(1.14647971568981,-1.05457457823963,6.09348374171075));
#3101=CARTESIAN_POINT('Ctrl Pts',(1.27086869793516,-0.900757561289647,6.10699644798069));
#3102=CARTESIAN_POINT('Ctrl Pts',(1.45978179554211,-0.546962276647171,6.13370656075387));
#3103=CARTESIAN_POINT('Ctrl Pts',(1.51938015880382,-0.34866309102659,6.14867734708334));
#3104=CARTESIAN_POINT('Ctrl Pts',(1.55736900033109,0.0555903653773198,6.17919684770475));
#3105=CARTESIAN_POINT('Ctrl Pts',(1.53693718461409,0.257544710454483,6.19444358378688));
#3106=CARTESIAN_POINT('Ctrl Pts',(1.42108520768029,0.638213904379391,6.22318256799716));
#3107=CARTESIAN_POINT('Ctrl Pts',(1.32838087834312,0.813755521005224,6.23553287063711));
#3108=CARTESIAN_POINT('Ctrl Pts',(1.07590066737616,1.12835357875062,6.26391582435035));
#3109=CARTESIAN_POINT('Ctrl Pts',(0.915616196445681,1.26188780699339,6.27943609682449));
#3110=CARTESIAN_POINT('Ctrl Pts',(0.559020882499968,1.45431696465272,6.31001461438316));
#3111=CARTESIAN_POINT('Ctrl Pts',(0.36756140727972,1.51409222781682,6.3247889009967));
#3112=CARTESIAN_POINT('Ctrl Pts',(-0.0302733328141097,1.55812289075502,
6.35246196755991));
#3113=CARTESIAN_POINT('Ctrl Pts',(-0.232914248344545,1.54091981690118,6.36539499005123));
#3114=CARTESIAN_POINT('Ctrl Pts',(-0.622704239107383,1.42895976596611,6.39510627652145));
#3115=CARTESIAN_POINT('Ctrl Pts',(-0.805697932458295,1.33436477659409,6.41064143257619));
#3116=CARTESIAN_POINT('Ctrl Pts',(-1.11853874932081,1.08423610297317,6.44053725923998));
#3117=CARTESIAN_POINT('Ctrl Pts',(-1.24712893291313,0.933414462727734,6.45453098402992));
#3118=CARTESIAN_POINT('Ctrl Pts',(-1.44521381914683,0.584356648479293,6.48088343695297));
#3119=CARTESIAN_POINT('Ctrl Pts',(-1.50988528281122,0.387698088451319,6.49573036268706));
#3120=CARTESIAN_POINT('Ctrl Pts',(-1.54167126719422,0.122969499631633,6.51571630022946));
#3121=CARTESIAN_POINT('Ctrl Pts',(-1.54533666301315,0.0614514442827676,
6.52036066454774));
#3122=CARTESIAN_POINT('Ctrl Pts',(-1.54533666301315,-1.17507184311109E-14,
6.52499999999996));
#3123=CARTESIAN_POINT('Origin',(0.,2.86881671076834E-15,-8.));
#3124=CARTESIAN_POINT('',(-1.54533666301315,7.41131594140479E-15,7.31249999999996));
#3125=CARTESIAN_POINT('',(-1.54533666301315,-8.63053940269074E-15,7.22499999999996));
#3126=CARTESIAN_POINT('',(-1.54533666301315,2.67956755097193E-15,-8.));
#3127=CARTESIAN_POINT('Ctrl Pts',(-1.54533666301315,2.97483420034739E-15,
7.31249999999996));
#3128=CARTESIAN_POINT('Ctrl Pts',(-1.54533666301315,0.0154603720256213,
7.31133280445427));
#3129=CARTESIAN_POINT('Ctrl Pts',(-1.545104653397,0.0309300035070479,7.3101649098572));
#3130=CARTESIAN_POINT('Ctrl Pts',(-1.5384817876342,0.25138506110392,7.29352144482124));
#3131=CARTESIAN_POINT('Ctrl Pts',(-1.49158045816106,0.453152648095177,7.2782888082191));
#3132=CARTESIAN_POINT('Ctrl Pts',(-1.32547959331123,0.818271413003653,7.25072381849301));
#3133=CARTESIAN_POINT('Ctrl Pts',(-1.21117074018649,0.979568243883606,7.23804466981574));
#3134=CARTESIAN_POINT('Ctrl Pts',(-0.923795339979432,1.2552067795627,7.2088508624222));
#3135=CARTESIAN_POINT('Ctrl Pts',(-0.751835027822942,1.36516604033961,7.19345711426931));
#3136=CARTESIAN_POINT('Ctrl Pts',(-0.372568234435897,1.51372053665475,7.16305248303509));
#3137=CARTESIAN_POINT('Ctrl Pts',(-0.168652072261084,1.54971716451799,7.14869206613634));
#3138=CARTESIAN_POINT('Ctrl Pts',(0.233256051478438,1.54029089568243,7.12205892187239));
#3139=CARTESIAN_POINT('Ctrl Pts',(0.427524836118156,1.49802580688553,7.10776193230005));
#3140=CARTESIAN_POINT('Ctrl Pts',(0.796678577027076,1.33986895629047,7.07765603729134));
#3141=CARTESIAN_POINT('Ctrl Pts',(0.966934304135571,1.2227008826963,7.0621016192174));
#3142=CARTESIAN_POINT('Ctrl Pts',(1.248592531294,0.932229526122851,7.0327216996985));
#3143=CARTESIAN_POINT('Ctrl Pts',(1.35855365688071,0.763123638371212,7.02011274761303));
#3144=CARTESIAN_POINT('Ctrl Pts',(1.50781829852463,0.392806163189224,6.99215527629176));
#3145=CARTESIAN_POINT('Ctrl Pts',(1.54585311423668,0.195245135596903,6.97724021790733));
#3146=CARTESIAN_POINT('Ctrl Pts',(1.54478897186471,-0.211223509269682,6.94655347951815));
#3147=CARTESIAN_POINT('Ctrl Pts',(1.50258842808109,-0.416235793745976,6.93107588138174));
#3148=CARTESIAN_POINT('Ctrl Pts',(1.34414423886857,-0.78729938633953,6.90306208121419));
#3149=CARTESIAN_POINT('Ctrl Pts',(1.23346187190989,-0.951394104314398,6.89056561232347));
#3150=CARTESIAN_POINT('Ctrl Pts',(0.952637618672335,-1.23338519609083,6.86156033204265));
#3151=CARTESIAN_POINT('Ctrl Pts',(0.783685592178634,-1.34706453143901,6.84622284457141));
#3152=CARTESIAN_POINT('Ctrl Pts',(0.408714451363792,-1.50433059319466,6.8157702252043));
#3153=CARTESIAN_POINT('Ctrl Pts',(0.205789668535001,-1.54523846831398,6.80095852629646));
#3154=CARTESIAN_POINT('Ctrl Pts',(-0.195660614374285,-1.54543036894983,
6.77470389503519));
#3155=CARTESIAN_POINT('Ctrl Pts',(-0.390446095413616,-1.50807951847789,
6.76056570009736));
#3156=CARTESIAN_POINT('Ctrl Pts',(-0.762690440872658,-1.35942693214053,
6.73061650374291));
#3157=CARTESIAN_POINT('Ctrl Pts',(-0.935415782006318,-1.24689412630983,
6.7150755907929));
#3158=CARTESIAN_POINT('Ctrl Pts',(-1.22498688106629,-0.963293874125557,
6.68543768680805));
#3159=CARTESIAN_POINT('Ctrl Pts',(-1.33979217973388,-0.795907061439501,
6.67258776343504));
#3160=CARTESIAN_POINT('Ctrl Pts',(-1.49800273635789,-0.42850564770631,6.64485044295674));
#3161=CARTESIAN_POINT('Ctrl Pts',(-1.54064807439273,-0.232377406025838,
6.63004355411257));
#3162=CARTESIAN_POINT('Ctrl Pts',(-1.54521499021295,-0.0223973308803434,
6.61419090787697));
#3163=CARTESIAN_POINT('Ctrl Pts',(-1.54533666301315,-0.0111960104644369,
6.61334525349851));
#3164=CARTESIAN_POINT('Ctrl Pts',(-1.54533666301315,1.78862059148801E-14,
6.61249999999996));
#3165=CARTESIAN_POINT('Ctrl Pts',(-1.54533666301315,-1.56125112837913E-14,
6.52499999999996));
#3166=CARTESIAN_POINT('Ctrl Pts',(-1.54533666301315,-0.139307640500722,
6.53551716331292));
#3167=CARTESIAN_POINT('Ctrl Pts',(-1.52649828325877,-0.278272961163131,
6.54600848286284));
#3168=CARTESIAN_POINT('Ctrl Pts',(-1.43662483907844,-0.602267100107139,
6.57046872969115));
#3169=CARTESIAN_POINT('Ctrl Pts',(-1.34860308482583,-0.779662501092823,
6.58292377162731));
#3170=CARTESIAN_POINT('Ctrl Pts',(-1.10427752981776,-1.10069787293947,6.61101655798494));
#3171=CARTESIAN_POINT('Ctrl Pts',(-0.94700496742829,-1.23859258081631,6.62650450690434));
#3172=CARTESIAN_POINT('Ctrl Pts',(-0.594411968055407,-1.44027983822985,
6.65717082201414));
#3173=CARTESIAN_POINT('Ctrl Pts',(-0.404000555422307,-1.50484094328,6.67205724066416));
#3174=CARTESIAN_POINT('Ctrl Pts',(-0.00812864486412518,-1.55823138298246,
6.69995528729683));
#3175=CARTESIAN_POINT('Ctrl Pts',(0.193551200732981,-1.54618894180533,6.71262247950674));
#3176=CARTESIAN_POINT('Ctrl Pts',(0.585407290839114,-1.44471455795939,6.74207303775115));
#3177=CARTESIAN_POINT('Ctrl Pts',(0.771262944529421,-1.35463748364697,6.75762477066622));
#3178=CARTESIAN_POINT('Ctrl Pts',(1.09096928957799,-1.11202253595707,6.78768584731884));
#3179=CARTESIAN_POINT('Ctrl Pts',(1.22364436597091,-0.964131193868416,6.80194293052911));
#3180=CARTESIAN_POINT('Ctrl Pts',(1.43045086568542,-0.619568118373491,6.82847079120014));
#3181=CARTESIAN_POINT('Ctrl Pts',(1.49997400067637,-0.424536223843103,6.84294923248725));
#3182=CARTESIAN_POINT('Ctrl Pts',(1.55833839291085,-0.0215541678047532,
6.87337274752429));
#3183=CARTESIAN_POINT('Ctrl Pts',(1.54780842500554,0.182156310870677,6.88875206458895));
#3184=CARTESIAN_POINT('Ctrl Pts',(1.45040677910534,0.568178997545945,6.91789521584526));
#3185=CARTESIAN_POINT('Ctrl Pts',(1.36673240039379,0.747347548638814,6.93051862723631));
#3186=CARTESIAN_POINT('Ctrl Pts',(1.13149259408718,1.07232754454057,6.95816627607029));
#3187=CARTESIAN_POINT('Ctrl Pts',(0.979312831478875,1.2128768711614,6.97342145702376));
#3188=CARTESIAN_POINT('Ctrl Pts',(0.633661013384982,1.42352331899669,7.00397213919933));
#3189=CARTESIAN_POINT('Ctrl Pts',(0.444565609585186,1.49343012306827,7.01897430465567));
#3190=CARTESIAN_POINT('Ctrl Pts',(0.0509578653261947,1.55726138996755,7.04711843700115));
#3191=CARTESIAN_POINT('Ctrl Pts',(-0.149704247333208,1.55088794075675,7.05957832596029));
#3192=CARTESIAN_POINT('Ctrl Pts',(-0.543703181408352,1.46100271535869,7.08873151908428));
#3193=CARTESIAN_POINT('Ctrl Pts',(-0.732596952277989,1.37601821254234,7.10428965412493));
#3194=CARTESIAN_POINT('Ctrl Pts',(-1.05986795299467,1.14179645574946,7.13452849268656));
#3195=CARTESIAN_POINT('Ctrl Pts',(-1.19692927884029,0.997207445319419,7.14894769875036));
#3196=CARTESIAN_POINT('Ctrl Pts',(-1.413776718444,0.657043807583216,7.17596598039876));
#3197=CARTESIAN_POINT('Ctrl Pts',(-1.48869229300235,0.462961821169985,7.19004825533314));
#3198=CARTESIAN_POINT('Ctrl Pts',(-1.53801258847933,0.173777783291669,7.2118804803492));
#3199=CARTESIAN_POINT('Ctrl Pts',(-1.54533666301315,0.0868651661718788,
7.21844203135191));
#3200=CARTESIAN_POINT('Ctrl Pts',(-1.54533666301315,-2.66250141818886E-14,
7.22499999999996));
#3201=CARTESIAN_POINT('Origin',(0.,-2.22234418521235E-15,10.2));
#3202=CARTESIAN_POINT('',(-2.04708812542721E-13,2.,-7.2125));
#3203=CARTESIAN_POINT('',(1.14535818188246E-13,2.,-7.30000000000001));
#3204=CARTESIAN_POINT('',(-2.4492935982947E-16,1.99999999999999,10.2));
#3205=CARTESIAN_POINT('',(1.40125853844424,-1.42705098312467,-7.475));
#3206=CARTESIAN_POINT('Ctrl Pts',(-4.08943712226773E-13,2.,-7.2125));
#3207=CARTESIAN_POINT('Ctrl Pts',(0.199581556138339,2.00000000000004,-7.22258249070167));
#3208=CARTESIAN_POINT('Ctrl Pts',(0.398356479693385,1.97013442111641,-7.23349531120288));
#3209=CARTESIAN_POINT('Ctrl Pts',(0.841294518697153,1.83344673181327,-7.25985844512887));
#3210=CARTESIAN_POINT('Ctrl Pts',(1.07505573867381,1.7069135318563,-7.27535818083125));
#3211=CARTESIAN_POINT('Ctrl Pts',(1.47276149958278,1.37670754818416,-7.30508054739877));
#3212=CARTESIAN_POINT('Ctrl Pts',(1.63526228635092,1.17906163317138,-7.31872140473182));
#3213=CARTESIAN_POINT('Ctrl Pts',(1.88328913105952,0.72355005846977,-7.34529291325608));
#3214=CARTESIAN_POINT('Ctrl Pts',(1.96249654905511,0.46782491010231,-7.36021021357751));
#3215=CARTESIAN_POINT('Ctrl Pts',(2.01610793916306,-0.0546295485998312,
-7.39068672366847));
#3216=CARTESIAN_POINT('Ctrl Pts',(1.99191978473248,-0.316143145101289,-7.40594168346439));
#3217=CARTESIAN_POINT('Ctrl Pts',(1.8705278535957,-0.727796657977893,-7.42995480504885));
#3218=CARTESIAN_POINT('Ctrl Pts',(1.80239495639039,-0.883114815008883,-7.43887052594436));
#3219=CARTESIAN_POINT('Ctrl Pts',(1.62819048458535,-1.17384529859149,-7.45615065243429));
#3220=CARTESIAN_POINT('Ctrl Pts',(1.52255854653442,-1.30794334502373,-7.46539817539374));
#3221=CARTESIAN_POINT('Ctrl Pts',(1.40125853844368,-1.42705098312521,-7.47500000000004));
#3222=CARTESIAN_POINT('',(2.,-9.79022395372016E-14,-7.475));
#3223=CARTESIAN_POINT('Origin',(0.,7.7610320573716E-15,-7.475));
#3224=CARTESIAN_POINT('Ctrl Pts',(1.99999999999999,-1.23054344491891E-12,
-7.47500000000007));
#3225=CARTESIAN_POINT('Ctrl Pts',(2.00000000000014,0.246409738226475,-7.46062609860346));
#3226=CARTESIAN_POINT('Ctrl Pts',(1.95446413017772,0.490727483672156,-7.44637423011912));
#3227=CARTESIAN_POINT('Ctrl Pts',(1.78007818201457,0.942197403566797,-7.42003848479194));
#3228=CARTESIAN_POINT('Ctrl Pts',(1.65573970638292,1.1467102864958,-7.40853252109774));
#3229=CARTESIAN_POINT('Ctrl Pts',(1.32671877212565,1.51888771421245,-7.38105581768846));
#3230=CARTESIAN_POINT('Ctrl Pts',(1.11889891505665,1.67786968035771,-7.36592016926399));
#3231=CARTESIAN_POINT('Ctrl Pts',(0.648915807370016,1.91028669726446,-7.33539866315219));
#3232=CARTESIAN_POINT('Ctrl Pts',(0.390219136798251,1.97940905046863,-7.32031371768267));
#3233=CARTESIAN_POINT('Ctrl Pts',(0.0836966695772577,1.99868777365031,-7.30426647405564));
#3234=CARTESIAN_POINT('Ctrl Pts',(0.041829130597466,2.,-7.30211313023341));
#3235=CARTESIAN_POINT('Ctrl Pts',(2.29316565736322E-13,2.,-7.30000000000001));
#3236=CARTESIAN_POINT('Origin',(0.,-2.22234418521235E-15,10.2));
#3237=CARTESIAN_POINT('',(-4.28382955523678E-14,2.,-6.51250000000002));
#3238=CARTESIAN_POINT('',(1.41514237686637E-13,2.,-6.60000000000001));
#3239=CARTESIAN_POINT('',(-2.4492935982947E-16,1.99999999999999,10.2));
#3240=CARTESIAN_POINT('Ctrl Pts',(-8.51402282009417E-14,2.,-6.51250000000001));
#3241=CARTESIAN_POINT('Ctrl Pts',(0.240415276963465,2.00000000000001,-6.52464533467633));
#3242=CARTESIAN_POINT('Ctrl Pts',(0.479105268437196,1.95665702072008,-6.53796768135307));
#3243=CARTESIAN_POINT('Ctrl Pts',(0.949511852196488,1.77958230913156,-6.56689643012024));
#3244=CARTESIAN_POINT('Ctrl Pts',(1.17397716883803,1.64020395074742,-6.58230120445112));
#3245=CARTESIAN_POINT('Ctrl Pts',(1.55034595179526,1.28864121051691,-6.61156857179639));
#3246=CARTESIAN_POINT('Ctrl Pts',(1.70089150473321,1.08217620927653,-6.62437305445898));
#3247=CARTESIAN_POINT('Ctrl Pts',(1.92205302571621,0.613234134360856,-6.65172800882906));
#3248=CARTESIAN_POINT('Ctrl Pts',(1.98633039864592,0.353262514282129,-6.66689302000032));
#3249=CARTESIAN_POINT('Ctrl Pts',(2.00947737479671,-0.170063388355497,-6.69742036432084));
#3250=CARTESIAN_POINT('Ctrl Pts',(1.97065979767212,-0.428304781003183,-6.71248444555862));
#3251=CARTESIAN_POINT('Ctrl Pts',(1.79762135953289,-0.913359583269973,-6.74077930902419));
#3252=CARTESIAN_POINT('Ctrl Pts',(1.66595927574611,-1.13589152933831,-6.75313565809527));
#3253=CARTESIAN_POINT('Ctrl Pts',(1.31942917169767,-1.52635314740459,-6.78203018123032));
#3254=CARTESIAN_POINT('Ctrl Pts',(1.10514263620977,-1.68798266738058,-6.79756973459587));
#3255=CARTESIAN_POINT('Ctrl Pts',(0.635038287227704,-1.91366572697305,-6.82790095850511));
#3256=CARTESIAN_POINT('Ctrl Pts',(0.385375738548369,-1.97912004841415,-6.84242253260305));
#3257=CARTESIAN_POINT('Ctrl Pts',(-0.133642017059145,-2.01295997593466,
-6.86962934656906));
#3258=CARTESIAN_POINT('Ctrl Pts',(-0.398235693944128,-1.9777066080992,-6.88326835387677));
#3259=CARTESIAN_POINT('Ctrl Pts',(-0.896657436638906,-1.80690111186098,
-6.91342952449042));
#3260=CARTESIAN_POINT('Ctrl Pts',(-1.12578509805601,-1.67376658284245,-6.92888772015745));
#3261=CARTESIAN_POINT('Ctrl Pts',(-1.51268576909906,-1.33265233847834,-6.9583823911935));
#3262=CARTESIAN_POINT('Ctrl Pts',(-1.66910723149603,-1.1305794117581,-6.97154953431423));
#3263=CARTESIAN_POINT('Ctrl Pts',(-1.90362609029553,-0.668231159340718,
-6.99851984903858));
#3264=CARTESIAN_POINT('Ctrl Pts',(-1.97534071042218,-0.410254522573498,
-7.01356848618333));
#3265=CARTESIAN_POINT('Ctrl Pts',(-2.01359277090206,0.11286237548727,-7.04408363857021));
#3266=CARTESIAN_POINT('Ctrl Pts',(-1.98199723657683,0.372827772352874,-7.0592482867207));
#3267=CARTESIAN_POINT('Ctrl Pts',(-1.82261316380244,0.862064389089699,-7.08778708936368));
#3268=CARTESIAN_POINT('Ctrl Pts',(-1.69794772380484,1.08721870829956,-7.10010003697728));
#3269=CARTESIAN_POINT('Ctrl Pts',(-1.36331831513592,1.48742345623435,-7.12867753363641));
#3270=CARTESIAN_POINT('Ctrl Pts',(-1.15316054509002,1.65567491731522,-7.14420164936491));
#3271=CARTESIAN_POINT('Ctrl Pts',(-0.688322379810232,1.8952465166115,-7.1746719178316));
#3272=CARTESIAN_POINT('Ctrl Pts',(-0.439890516241858,1.9678110422558,-7.18933870095221));
#3273=CARTESIAN_POINT('Ctrl Pts',(-0.123060585248386,1.99716382332144,-7.2062004852536));
#3274=CARTESIAN_POINT('Ctrl Pts',(-0.0614961811364281,1.99999999999999,
-7.20939332678586));
#3275=CARTESIAN_POINT('Ctrl Pts',(-4.09172695725612E-13,2.,-7.2125));
#3276=CARTESIAN_POINT('Ctrl Pts',(2.23744633931489E-13,2.,-7.30000000000001));
#3277=CARTESIAN_POINT('Ctrl Pts',(-0.210786098294477,2.,-7.28935147657324));
#3278=CARTESIAN_POINT('Ctrl Pts',(-0.420499533168031,1.96668559328632,-7.27778547192059));
#3279=CARTESIAN_POINT('Ctrl Pts',(-0.870652891613036,1.81954126936393,-7.25075284823881));
#3280=CARTESIAN_POINT('Ctrl Pts',(-1.1014664300932,1.68983330783675,-7.2353094267357));
#3281=CARTESIAN_POINT('Ctrl Pts',(-1.50210499378551,1.34684653687575,-7.2050661274389));
#3282=CARTESIAN_POINT('Ctrl Pts',(-1.66719291463725,1.1361024770106,-7.1912726444922));
#3283=CARTESIAN_POINT('Ctrl Pts',(-1.90132061837067,0.67105023201746,-7.1641445968676));
#3284=CARTESIAN_POINT('Ctrl Pts',(-1.97141387066001,0.422864481070709,-7.14966709472904));
#3285=CARTESIAN_POINT('Ctrl Pts',(-2.01524859623759,-0.0963331039790572,
-7.11938056893448));
#3286=CARTESIAN_POINT('Ctrl Pts',(-1.98467415947452,-0.362760937822003,
-7.10383894529364));
#3287=CARTESIAN_POINT('Ctrl Pts',(-1.82397502289741,-0.859642804495928,
-7.07485416973767));
#3288=CARTESIAN_POINT('Ctrl Pts',(-1.69875752267632,-1.08631976931511,-7.06246709161617));
#3289=CARTESIAN_POINT('Ctrl Pts',(-1.36822254662113,-1.48148801429794,-7.03424333611483));
#3290=CARTESIAN_POINT('Ctrl Pts',(-1.16547822443945,-1.64574445802734,-7.01921025538626));
#3291=CARTESIAN_POINT('Ctrl Pts',(-0.702876170744092,-1.89110391184388,
-6.98868413871327));
#3292=CARTESIAN_POINT('Ctrl Pts',(-0.446207713470541,-1.9675485722896,-6.97348808752991));
#3293=CARTESIAN_POINT('Ctrl Pts',(0.0701826233221629,-2.01475569650749,
-6.94602412932756));
#3294=CARTESIAN_POINT('Ctrl Pts',(0.324523454925817,-1.98969284461106,-6.93330505052919));
#3295=CARTESIAN_POINT('Ctrl Pts',(0.818222456318019,-1.8436083311107,-6.90410349272543));
#3296=CARTESIAN_POINT('Ctrl Pts',(1.05199546056253,-1.7209527542423,-6.88871625904374));
#3297=CARTESIAN_POINT('Ctrl Pts',(1.46397623494191,-1.38869772960405,-6.85821298153026));
#3298=CARTESIAN_POINT('Ctrl Pts',(1.63648170951043,-1.18048882650268,-6.84386184821259));
#3299=CARTESIAN_POINT('Ctrl Pts',(1.88329420524403,-0.719863318588911,-6.81699202691762));
#3300=CARTESIAN_POINT('Ctrl Pts',(1.95961106586203,-0.474215259643042,-6.80266255681244));
#3301=CARTESIAN_POINT('Ctrl Pts',(2.01701240425894,0.0422837848411865,-6.7725334458842));
#3302=CARTESIAN_POINT('Ctrl Pts',(1.99370168001181,0.308700205990751,-6.75699248798381));
#3303=CARTESIAN_POINT('Ctrl Pts',(1.84654424693862,0.810476791790845,-6.72772218714547));
#3304=CARTESIAN_POINT('Ctrl Pts',(1.7267043977041,1.04167290821088,-6.715181116116));
#3305=CARTESIAN_POINT('Ctrl Pts',(1.4058549705935,1.44570961803928,-6.68718799305707));
#3306=CARTESIAN_POINT('Ctrl Pts',(1.2079445722042,1.61472761049499,-6.67226023470422));
#3307=CARTESIAN_POINT('Ctrl Pts',(0.752523441561579,1.87190678188844,-6.6417521432061));
#3308=CARTESIAN_POINT('Ctrl Pts',(0.497931316385274,1.95510269101213,-6.62646407305631));
#3309=CARTESIAN_POINT('Ctrl Pts',(0.156523227684387,1.99541123355094,-6.6080411026897));
#3310=CARTESIAN_POINT('Ctrl Pts',(0.0782236429366117,2.,-6.60395171361431));
#3311=CARTESIAN_POINT('Ctrl Pts',(2.83273404733103E-13,2.,-6.60000000000001));
#3312=CARTESIAN_POINT('Origin',(0.,-2.22234418521235E-15,10.2));
#3313=CARTESIAN_POINT('',(4.37393856981713E-15,2.,-5.81250000000002));
#3314=CARTESIAN_POINT('',(2.25410648217349E-15,2.,-5.9));
#3315=CARTESIAN_POINT('',(-2.4492935982947E-16,1.99999999999999,10.2));
#3316=CARTESIAN_POINT('Ctrl Pts',(8.99280649946374E-15,2.,-5.81250000000002));
#3317=CARTESIAN_POINT('Ctrl Pts',(0.0129749242949115,2.,-5.81315546915303));
#3318=CARTESIAN_POINT('Ctrl Pts',(0.0259547052139701,1.99987373868331,-5.81381486627551));
#3319=CARTESIAN_POINT('Ctrl Pts',(0.304024931743382,1.99445902987417,-5.82802038829473));
#3320=CARTESIAN_POINT('Ctrl Pts',(0.565406828724873,1.93663690906703,-5.84291139631933));
#3321=CARTESIAN_POINT('Ctrl Pts',(1.04597008789022,1.72444040056103,-5.87337762726691));
#3322=CARTESIAN_POINT('Ctrl Pts',(1.26129025946436,1.57382001477672,-5.88864829826656));
#3323=CARTESIAN_POINT('Ctrl Pts',(1.61780784714119,1.20301864621953,-5.91747394663921));
#3324=CARTESIAN_POINT('Ctrl Pts',(1.75736650632022,0.988033066971459,-5.9298647377601));
#3325=CARTESIAN_POINT('Ctrl Pts',(1.95365156144886,0.504791836401849,-5.95805380954332));
#3326=CARTESIAN_POINT('Ctrl Pts',(2.00356885212258,0.239266094134115,-5.97354281117561));
#3327=CARTESIAN_POINT('Ctrl Pts',(1.99617829916599,-0.285387444212659,-6.0041476009125));
#3328=CARTESIAN_POINT('Ctrl Pts',(1.94296292633027,-0.539538038053089,-6.01897305221986));
#3329=CARTESIAN_POINT('Ctrl Pts',(1.74226685940217,-1.01580318605129,-6.04675518585309));
#3330=CARTESIAN_POINT('Ctrl Pts',(1.59592647549262,-1.23303797877933,-6.05950702361082));
#3331=CARTESIAN_POINT('Ctrl Pts',(1.22504385039171,-1.60283014219082,-6.08902893192796));
#3332=CARTESIAN_POINT('Ctrl Pts',(1.00284585168187,-1.75045313349232,-6.10455963401484));
#3333=CARTESIAN_POINT('Ctrl Pts',(0.523119966699823,-1.94704956569686,-6.13452856014357));
#3334=CARTESIAN_POINT('Ctrl Pts',(0.271547002100086,-1.99774023572745,-6.1487160384173));
#3335=CARTESIAN_POINT('Ctrl Pts',(-0.247779214491536,-2.00220321254939,
-6.17508160753242));
#3336=CARTESIAN_POINT('Ctrl Pts',(-0.510685222065363,-1.95180003870402,
-6.18970470411725));
#3337=CARTESIAN_POINT('Ctrl Pts',(-0.997804488383841,-1.75285599822843,
-6.22011560209056));
#3338=CARTESIAN_POINT('Ctrl Pts',(-1.21779715992479,-1.60782399036237,-6.23545932478169));
#3339=CARTESIAN_POINT('Ctrl Pts',(-1.58433682871557,-1.24666381408204,-6.26451006869548));
#3340=CARTESIAN_POINT('Ctrl Pts',(-1.72943163939301,-1.03602198294549,-6.27706538432829));
#3341=CARTESIAN_POINT('Ctrl Pts',(-1.9379483295137,-0.560994505430278,-6.30477532051667));
#3342=CARTESIAN_POINT('Ctrl Pts',(-1.99517254597835,-0.299346394202147,
-6.32003812700498));
#3343=CARTESIAN_POINT('Ctrl Pts',(-2.00411994396035,0.223775649137355,-6.35055357953312));
#3344=CARTESIAN_POINT('Ctrl Pts',(-1.95856951105397,0.480214368972667,-6.36551250485685));
#3345=CARTESIAN_POINT('Ctrl Pts',(-1.77267851153953,0.961239200731819,-6.39357228670946));
#3346=CARTESIAN_POINT('Ctrl Pts',(-1.63428455845114,1.18130862808963,-6.40606047154923));
#3347=CARTESIAN_POINT('Ctrl Pts',(-1.27647492502568,1.56232659443424,-6.43524937578309));
#3348=CARTESIAN_POINT('Ctrl Pts',(-1.05843207181434,1.7175440440515,-6.45079167264661));
#3349=CARTESIAN_POINT('Ctrl Pts',(-0.583674538862817,1.92986397778694,-6.48096820895738));
#3350=CARTESIAN_POINT('Ctrl Pts',(-0.333023968337309,1.98851444821942,-6.49534125043531));
#3351=CARTESIAN_POINT('Ctrl Pts',(-0.0520456298531762,1.99949247927749,
-6.50985594845185));
#3352=CARTESIAN_POINT('Ctrl Pts',(-0.0260134506224093,2.,-6.51118584863707));
#3353=CARTESIAN_POINT('Ctrl Pts',(-8.54316617449061E-14,2.,-6.51250000000002));
#3354=CARTESIAN_POINT('Ctrl Pts',(2.83273404733103E-13,2.,-6.60000000000001));
#3355=CARTESIAN_POINT('Ctrl Pts',(-0.174462215250243,2.,-6.59118649189293));
#3356=CARTESIAN_POINT('Ctrl Pts',(-0.348478959897909,1.97717946695996,-6.58172988925551));
#3357=CARTESIAN_POINT('Ctrl Pts',(-0.769590374450034,1.86433861729958,-6.55716492880891));
#3358=CARTESIAN_POINT('Ctrl Pts',(-1.00589113095963,1.74819897726404,-6.54184004592041));
#3359=CARTESIAN_POINT('Ctrl Pts',(-1.42403589040075,1.42913855112892,-6.51141021775025));
#3360=CARTESIAN_POINT('Ctrl Pts',(-1.60067274511958,1.22802266267254,-6.4966346553225));
#3361=CARTESIAN_POINT('Ctrl Pts',(-1.85983074481908,0.77822544160146,-6.47039648409336));
#3362=CARTESIAN_POINT('Ctrl Pts',(-1.94355883865426,0.535850817177318,-6.45625796433529));
#3363=CARTESIAN_POINT('Ctrl Pts',(-2.01721107536106,0.0230760270441807,
-6.42634610157752));
#3364=CARTESIAN_POINT('Ctrl Pts',(-2.00264798359587,-0.243071122732646,
-6.41082085117388));
#3365=CARTESIAN_POINT('Ctrl Pts',(-1.87197310191177,-0.750571977609544,
-6.38121663463939));
#3366=CARTESIAN_POINT('Ctrl Pts',(-1.75864179101775,-0.987321591881158,
-6.36837978082215));
#3367=CARTESIAN_POINT('Ctrl Pts',(-1.44943781644684,-1.40186945024436,-6.340668389299));
#3368=CARTESIAN_POINT('Ctrl Pts',(-1.25742362705349,-1.57637567518965,-6.3258784230605));
#3369=CARTESIAN_POINT('Ctrl Pts',(-0.809218772014608,-1.84840069002794,
-6.2953018806782));
#3370=CARTESIAN_POINT('Ctrl Pts',(-0.55524162555708,-1.93988614674171,-6.2798030996433));
#3371=CARTESIAN_POINT('Ctrl Pts',(-0.0392154707970758,-2.01571631191522,
-6.25152270054844));
#3372=CARTESIAN_POINT('Ctrl Pts',(0.217052019973712,-2.00438177719695,-6.23916273564586));
#3373=CARTESIAN_POINT('Ctrl Pts',(0.717383032723621,-1.88494530225633,-6.21040337536511));
#3374=CARTESIAN_POINT('Ctrl Pts',(0.956173461588267,-1.77577414229597,-6.19515596617426));
#3375=CARTESIAN_POINT('Ctrl Pts',(1.38257729374636,-1.46926355859601,-6.16467494201268));
#3376=CARTESIAN_POINT('Ctrl Pts',(1.56495162223131,-1.27327577846748,-6.14974541834008));
#3377=CARTESIAN_POINT('Ctrl Pts',(1.83655477293755,-0.831454732240575,-6.12313808284332));
#3378=CARTESIAN_POINT('Ctrl Pts',(1.92708410468508,-0.592178412564586,-6.10954374073289));
#3379=CARTESIAN_POINT('Ctrl Pts',(2.01553293553452,-0.0829971116976963,
-6.07984149818232));
#3380=CARTESIAN_POINT('Ctrl Pts',(2.00895537047601,0.182658486535683,-6.06434492161871));
#3381=CARTESIAN_POINT('Ctrl Pts',(1.89352238663297,0.695218667001408,-6.03444557775821));
#3382=CARTESIAN_POINT('Ctrl Pts',(1.78619074991469,0.937149384178269,-6.02123485927822));
#3383=CARTESIAN_POINT('Ctrl Pts',(1.48762007742487,1.36115337307254,-5.99378483868207));
#3384=CARTESIAN_POINT('Ctrl Pts',(1.30105696102983,1.54044329553701,-5.97913072604809));
#3385=CARTESIAN_POINT('Ctrl Pts',(0.861998568838691,1.82426962216971,-5.94867204110734));
#3386=CARTESIAN_POINT('Ctrl Pts',(0.611533416272353,1.9227725540056,-5.93314600314383));
#3387=CARTESIAN_POINT('Ctrl Pts',(0.233599864180123,1.98977243148991,-5.91209933672237));
#3388=CARTESIAN_POINT('Ctrl Pts',(0.116787762353,2.,-5.90589990152785));
#3389=CARTESIAN_POINT('Ctrl Pts',(4.05925293378573E-15,2.,-5.9));
#3390=CARTESIAN_POINT('Origin',(0.,-2.22234418521235E-15,10.2));
#3391=CARTESIAN_POINT('',(1.57251649060697E-13,2.,-5.11250000000004));
#3392=CARTESIAN_POINT('',(-4.44446494911222E-14,2.,-5.2));
#3393=CARTESIAN_POINT('',(-2.4492935982947E-16,1.99999999999999,10.2));
#3394=CARTESIAN_POINT('Ctrl Pts',(3.14748227481224E-13,2.,-5.11250000000004));
#3395=CARTESIAN_POINT('Ctrl Pts',(0.0516163424942689,2.,-5.11510756205797));
#3396=CARTESIAN_POINT('Ctrl Pts',(0.103284540381687,1.99800189143594,-5.11777602192088));
#3397=CARTESIAN_POINT('Ctrl Pts',(0.419312199649847,1.9734533061511,-5.13445715456313));
#3398=CARTESIAN_POINT('Ctrl Pts',(0.676983177795179,1.90052427830353,-5.14960131196071));
#3399=CARTESIAN_POINT('Ctrl Pts',(1.14318137806946,1.66136298155126,-5.18012831971976));
#3400=CARTESIAN_POINT('Ctrl Pts',(1.34838407067917,1.4996247417877,-5.19521214515515));
#3401=CARTESIAN_POINT('Ctrl Pts',(1.68390085417184,1.10906387067026,-5.22355319060695));
#3402=CARTESIAN_POINT('Ctrl Pts',(1.81187601211722,0.884675567018556,-5.23589392525733));
#3403=CARTESIAN_POINT('Ctrl Pts',(1.97948186598711,0.390355388351545,-5.26472926901291));
#3404=CARTESIAN_POINT('Ctrl Pts',(2.01378455732168,0.123996102850606,-5.28026689400046));
#3405=CARTESIAN_POINT('Ctrl Pts',(1.9769385351751,-0.396448469873235,-5.31062616074269));
#3406=CARTESIAN_POINT('Ctrl Pts',(1.91006404149713,-0.645873471982017,-5.32517595253237));
#3407=CARTESIAN_POINT('Ctrl Pts',(1.68241441950457,-1.11314938643911,-5.35243371420903));
#3408=CARTESIAN_POINT('Ctrl Pts',(1.52104909892929,-1.32516881733761,-5.36597683950132));
#3409=CARTESIAN_POINT('Ctrl Pts',(1.12619531645468,-1.6735140203266,-5.39608418996203));
#3410=CARTESIAN_POINT('Ctrl Pts',(0.896961624516293,-1.80677181786122,-5.4115513374264));
#3411=CARTESIAN_POINT('Ctrl Pts',(0.408854284908189,-1.97409184779525,-5.44108978405881));
#3412=CARTESIAN_POINT('Ctrl Pts',(0.15580163490541,-2.00994271239265,-5.45433919408485));
#3413=CARTESIAN_POINT('Ctrl Pts',(-0.3620338689115,-1.98475505238608,-5.48123392507678));
#3414=CARTESIAN_POINT('Ctrl Pts',(-0.621666485932412,-1.91932425760932,
-5.49625848237392));
#3415=CARTESIAN_POINT('Ctrl Pts',(-1.09521302901674,-1.69348011861341,-5.52676829770544));
#3416=CARTESIAN_POINT('Ctrl Pts',(-1.30552700060879,-1.53720028573463,-5.54195113195763));
#3417=CARTESIAN_POINT('Ctrl Pts',(-1.65154572763659,-1.15644832018127,-5.57053662307409));
#3418=CARTESIAN_POINT('Ctrl Pts',(-1.78531566459708,-0.936813906265705,
-5.5828525221346));
#3419=CARTESIAN_POINT('Ctrl Pts',(-1.967349166054,-0.447977328682746,-5.61136798916027));
#3420=CARTESIAN_POINT('Ctrl Pts',(-2.00948294633263,-0.181925898524174,
-5.62688765591952));
#3421=CARTESIAN_POINT('Ctrl Pts',(-1.98737218708537,0.340833908949159,-5.65738197802213));
#3422=CARTESIAN_POINT('Ctrl Pts',(-1.92731214406609,0.592722583769453,-5.67207548405331));
#3423=CARTESIAN_POINT('Ctrl Pts',(-1.71321076350362,1.0645695228295,-5.69959988883181));
#3424=CARTESIAN_POINT('Ctrl Pts',(-1.5594899771701,1.2792246979628,-5.71269484068871));
#3425=CARTESIAN_POINT('Ctrl Pts',(-1.17670847216134,1.63851781642599,-5.74251163624435));
#3426=CARTESIAN_POINT('Ctrl Pts',(-0.950921310934574,1.77908020655775,-5.75801772197565));
#3427=CARTESIAN_POINT('Ctrl Pts',(-0.479051751425264,1.95665113026126,-5.78703485042245));
#3428=CARTESIAN_POINT('Ctrl Pts',(-0.240422532350929,2.,-5.80035429879496));
#3429=CARTESIAN_POINT('Ctrl Pts',(9.64506252643105E-15,2.,-5.81250000000002));
#3430=CARTESIAN_POINT('Ctrl Pts',(4.37150315946155E-15,2.,-5.9));
#3431=CARTESIAN_POINT('Ctrl Pts',(-0.137245971757931,2.,-5.89306658761028));
#3432=CARTESIAN_POINT('Ctrl Pts',(-0.274416247777071,1.98587610323217,-5.88572505224003));
#3433=CARTESIAN_POINT('Ctrl Pts',(-0.66325965218808,1.9045646806236,-5.8637098202123));
#3434=CARTESIAN_POINT('Ctrl Pts',(-0.904395045099683,1.80258962675102,-5.84855383420693));
#3435=CARTESIAN_POINT('Ctrl Pts',(-1.33902035624588,1.50907468953799,-5.8180365158377));
#3436=CARTESIAN_POINT('Ctrl Pts',(-1.52707892260515,1.3184676644451,-5.80297677368028));
#3437=CARTESIAN_POINT('Ctrl Pts',(-1.81135406541328,0.884940688946523,-5.77597118300029));
#3438=CARTESIAN_POINT('Ctrl Pts',(-1.90875692523878,0.648706516980627,-5.76284121349049));
#3439=CARTESIAN_POINT('Ctrl Pts',(-2.01203294808344,0.143435529108255,-5.73336707253127));
#3440=CARTESIAN_POINT('Ctrl Pts',(-2.01347713866243,-0.12148750939279,-5.71791322861871));
#3441=CARTESIAN_POINT('Ctrl Pts',(-1.91357235295316,-0.638964559948134,
-5.68772706733632));
#3442=CARTESIAN_POINT('Ctrl Pts',(-1.81235077763509,-0.886211292085486,
-5.67404210979749));
#3443=CARTESIAN_POINT('Ctrl Pts',(-1.524484777712,-1.3196006167016,-5.64685913048174));
#3444=CARTESIAN_POINT('Ctrl Pts',(-1.34346135517129,-1.50348608937569,-5.63235083604373));
#3445=CARTESIAN_POINT('Ctrl Pts',(-0.913802431403727,-1.7987647894624,-5.60203296728605));
#3446=CARTESIAN_POINT('Ctrl Pts',(-0.667015476825794,-1.90412738285938,
-5.58649267161273));
#3447=CARTESIAN_POINT('Ctrl Pts',(-0.155827581510003,-2.01033512259571,
-5.55757067983581));
#3448=CARTESIAN_POINT('Ctrl Pts',(0.102832601814704,-2.0137410509197,-5.54520586799711));
#3449=CARTESIAN_POINT('Ctrl Pts',(0.609697202570535,-1.92228569887435,-5.51693255903133));
#3450=CARTESIAN_POINT('Ctrl Pts',(0.852924621204831,-1.82740473344477,-5.50187779867264));
#3451=CARTESIAN_POINT('Ctrl Pts',(1.29522098392767,-1.546837848226,-5.47135060449679));
#3452=CARTESIAN_POINT('Ctrl Pts',(1.48869188820286,-1.36166878420441,-5.45617604824642));
#3453=CARTESIAN_POINT('Ctrl Pts',(1.78530414817549,-0.936394088880905,-5.42878790075389));
#3454=CARTESIAN_POINT('Ctrl Pts',(1.88942310287878,-0.703032847176498,-5.4160102494186));
#3455=CARTESIAN_POINT('Ctrl Pts',(2.00693673416198,-0.201648962400897,-5.38676285614002));
#3456=CARTESIAN_POINT('Ctrl Pts',(2.01607658886942,0.0623432505953117,-5.37136331038191));
#3457=CARTESIAN_POINT('Ctrl Pts',(1.93130071781486,0.584374476507824,-5.34091148887034));
#3458=CARTESIAN_POINT('Ctrl Pts',(1.83604404176993,0.836829102172036,-5.32667936350727));
#3459=CARTESIAN_POINT('Ctrl Pts',(1.55848880262569,1.27913194816173,-5.29975728702952));
#3460=CARTESIAN_POINT('Ctrl Pts',(1.38283895329559,1.46723492074557,-5.28539744514719));
#3461=CARTESIAN_POINT('Ctrl Pts',(0.962391983333599,1.77313406084334,-5.25523518440669));
#3462=CARTESIAN_POINT('Ctrl Pts',(0.719271498525309,1.88490515572958,-5.23969319737108));
#3463=CARTESIAN_POINT('Ctrl Pts',(0.309889480467302,1.98197497861856,-5.21618077259986));
#3464=CARTESIAN_POINT('Ctrl Pts',(0.155049185611943,2.,-5.20783279779194));
#3465=CARTESIAN_POINT('Ctrl Pts',(-9.0205620750794E-14,2.,-5.2));
#3466=CARTESIAN_POINT('Origin',(0.,-2.22234418521235E-15,10.2));
#3467=CARTESIAN_POINT('',(8.98056003147216E-14,2.,-4.41250000000003));
#3468=CARTESIAN_POINT('',(-1.97964207668122E-13,2.,-4.49999999999999));
#3469=CARTESIAN_POINT('',(-2.4492935982947E-16,1.99999999999999,10.2));
#3470=CARTESIAN_POINT('Ctrl Pts',(1.79856129989273E-13,2.,-4.41250000000003));
#3471=CARTESIAN_POINT('Ctrl Pts',(0.0881002671103242,2.,-4.41695066238156));
#3472=CARTESIAN_POINT('Ctrl Pts',(0.176275935859599,1.99417945916804,-4.4215748996886));
#3473=CARTESIAN_POINT('Ctrl Pts',(0.52929006654205,1.94717736973142,-4.44077941425934));
#3474=CARTESIAN_POINT('Ctrl Pts',(0.784813238739,1.85894650512798,-4.456261372049));
#3475=CARTESIAN_POINT('Ctrl Pts',(1.23710522420654,1.59242286337879,-4.48688393197836));
#3476=CARTESIAN_POINT('Ctrl Pts',(1.43157620341662,1.42016238735625,-4.50173250967954));
#3477=CARTESIAN_POINT('Ctrl Pts',(1.74561232156088,1.00995615428798,-4.5295613814118));
#3478=CARTESIAN_POINT('Ctrl Pts',(1.86165110319653,0.775526555449592,-4.54226095093217));
#3479=CARTESIAN_POINT('Ctrl Pts',(1.99919189987104,0.270378621375506,-4.57172791375316));
#3480=CARTESIAN_POINT('Ctrl Pts',(2.01738550637045,0.00408569908961869,
-4.58726166755317));
#3481=CARTESIAN_POINT('Ctrl Pts',(1.95046621798152,-0.510297933521664,-4.6172673794555));
#3482=CARTESIAN_POINT('Ctrl Pts',(1.86980282631108,-0.754060056882354,-4.63148683665154));
#3483=CARTESIAN_POINT('Ctrl Pts',(1.61623996631274,-1.20747402336718,-4.65793598469648));
#3484=CARTESIAN_POINT('Ctrl Pts',(1.44215759965536,-1.41085428229645,-4.67246145137591));
#3485=CARTESIAN_POINT('Ctrl Pts',(1.02784035402445,-1.73543348113691,-4.70285888483873));
#3486=CARTESIAN_POINT('Ctrl Pts',(0.792716048388537,-1.85466858642194,-4.71821462001034));
#3487=CARTESIAN_POINT('Ctrl Pts',(0.297287114011925,-1.99396123700565,-4.74730547482386));
#3488=CARTESIAN_POINT('Ctrl Pts',(0.0424885191454153,-2.01554837260555,
-4.75990006447704));
#3489=CARTESIAN_POINT('Ctrl Pts',(-0.473360218724567,-1.96119509217409,
-4.78754509166078));
#3490=CARTESIAN_POINT('Ctrl Pts',(-0.728963186109417,-1.88120470781061,
-4.80279073321527));
#3491=CARTESIAN_POINT('Ctrl Pts',(-1.18783931626573,-1.62962392281432,-4.83331007862216));
#3492=CARTESIAN_POINT('Ctrl Pts',(-1.38806356647348,-1.46285449409685,-4.84828914537588));
#3493=CARTESIAN_POINT('Ctrl Pts',(-1.71353200129699,-1.06303260571823,-4.87639267986033));
#3494=CARTESIAN_POINT('Ctrl Pts',(-1.83593963184532,-0.834003083439859,
-4.88884982013275));
#3495=CARTESIAN_POINT('Ctrl Pts',(-1.98957388307108,-0.334546277037569,
-4.91798480050622));
#3496=CARTESIAN_POINT('Ctrl Pts',(-2.01635072259564,-0.0681004740991592,
-4.93352747234429));
#3497=CARTESIAN_POINT('Ctrl Pts',(-1.96541496914455,0.449730696846784,-4.96373429064947));
#3498=CARTESIAN_POINT('Ctrl Pts',(-1.89206006238478,0.696610052743354,-4.9781355864101));
#3499=CARTESIAN_POINT('Ctrl Pts',(-1.65131179491797,1.15936393659453,-5.00512956296809));
#3500=CARTESIAN_POINT('Ctrl Pts',(-1.4823737365496,1.36879172526232,-5.01920298201787));
#3501=CARTESIAN_POINT('Ctrl Pts',(-1.07581724018794,1.70621732315835,-5.04958304343533));
#3502=CARTESIAN_POINT('Ctrl Pts',(-0.84343651725206,1.832260803269,-5.06499875548761));
#3503=CARTESIAN_POINT('Ctrl Pts',(-0.400929669242531,1.96973764017527,-5.09136312324799));
#3504=CARTESIAN_POINT('Ctrl Pts',(-0.200902060716101,2.,-5.10235079985192));
#3505=CARTESIAN_POINT('Ctrl Pts',(3.11521641815915E-13,2.,-5.11250000000004));
#3506=CARTESIAN_POINT('Ctrl Pts',(-9.23046361567259E-14,2.,-5.2));
#3507=CARTESIAN_POINT('Ctrl Pts',(-0.101565138704556,1.99999999999999,-5.19486911723501));
#3508=CARTESIAN_POINT('Ctrl Pts',(-0.203196878811521,1.99226458387891,-5.18950925358691));
#3509=CARTESIAN_POINT('Ctrl Pts',(-0.559041935730553,1.93753534376911,-5.16993635063603));
#3510=CARTESIAN_POINT('Ctrl Pts',(-0.804044982045962,1.84933889632317,-5.15498685396223));
#3511=CARTESIAN_POINT('Ctrl Pts',(-1.25318215775582,1.58109383423059,-5.12447346108752));
#3512=CARTESIAN_POINT('Ctrl Pts',(-1.45158146851005,1.4011676970341,-5.10920284956558));
#3513=CARTESIAN_POINT('Ctrl Pts',(-1.75969398359308,0.983752995727295,-5.08146298030245));
#3514=CARTESIAN_POINT('Ctrl Pts',(-1.87010862995265,0.752996819191152,-5.06892481445279));
#3515=CARTESIAN_POINT('Ctrl Pts',(-2.00072935283711,0.255302477861871,-5.03989264454192));
#3516=CARTESIAN_POINT('Ctrl Pts',(-2.01693546231859,-0.00763559761777,-5.02455459013894));
#3517=CARTESIAN_POINT('Ctrl Pts',(-1.94689700065405,-0.529067510453277,
-4.99413772855687));
#3518=CARTESIAN_POINT('Ctrl Pts',(-1.85968978442199,-0.782151017617071,
-4.97946868011344));
#3519=CARTESIAN_POINT('Ctrl Pts',(-1.5972518066782,-1.230227762483,-4.95314189430895));
#3520=CARTESIAN_POINT('Ctrl Pts',(-1.42806853962844,-1.42311150234337,-4.93896929314534));
#3521=CARTESIAN_POINT('Ctrl Pts',(-1.01882311232296,-1.74119237401648,-4.9090176130965));
#3522=CARTESIAN_POINT('Ctrl Pts',(-0.780235747029774,-1.86037471580831,
-4.8934884694979));
#3523=CARTESIAN_POINT('Ctrl Pts',(-0.274801470656191,-1.99798192760426,
-4.86394132196235));
#3524=CARTESIAN_POINT('Ctrl Pts',(-0.0133799333901211,-2.01674335969369,
-4.85116427745369));
#3525=CARTESIAN_POINT('Ctrl Pts',(0.49967294351537,-1.95358723338246,-4.823403742318));
#3526=CARTESIAN_POINT('Ctrl Pts',(0.746513307879978,-1.87319546555,-4.80858906422677));
#3527=CARTESIAN_POINT('Ctrl Pts',(1.20507227878394,-1.6184256476593,-4.77799272765868));
#3528=CARTESIAN_POINT('Ctrl Pts',(1.41044185268281,-1.44297849348506,-4.76250062835255));
#3529=CARTESIAN_POINT('Ctrl Pts',(1.73181773795139,-1.03217453952439,-4.73428353164833));
#3530=CARTESIAN_POINT('Ctrl Pts',(1.84880700000421,-0.804051448858379,-4.72190300118338));
#3531=CARTESIAN_POINT('Ctrl Pts',(1.99285682513301,-0.310244928680019,-4.69309762083964));
#3532=CARTESIAN_POINT('Ctrl Pts',(2.01627258809939,-0.0485825224935171,
-4.67783398047877));
#3533=CARTESIAN_POINT('Ctrl Pts',(1.96106732437064,0.473777186187323,-4.64736299747238));
#3534=CARTESIAN_POINT('Ctrl Pts',(1.88108639584961,0.72925583172296,-4.63246007648281));
#3535=CARTESIAN_POINT('Ctrl Pts',(1.63166104703884,1.18405009003469,-4.60593041141462));
#3536=CARTESIAN_POINT('Ctrl Pts',(1.46852242504943,1.38123818561337,-4.59223425360992));
#3537=CARTESIAN_POINT('Ctrl Pts',(1.06968923964487,1.71029440384087,-4.56248846646971));
#3538=CARTESIAN_POINT('Ctrl Pts',(0.835453650424621,1.8361275839255,-4.54698518375769));
#3539=CARTESIAN_POINT('Ctrl Pts',(0.394063920286424,1.97077908341741,-4.52075965639848));
#3540=CARTESIAN_POINT('Ctrl Pts',(0.19741610014783,2.00000000000004,-4.50997309587424));
#3541=CARTESIAN_POINT('Ctrl Pts',(-3.95967980626466E-13,2.,-4.49999999999999));
#3542=CARTESIAN_POINT('Origin',(0.,-2.22234418521235E-15,10.2));
#3543=CARTESIAN_POINT('',(-5.68913751281694E-9,2.,-3.71249999942521));
#3544=CARTESIAN_POINT('',(-5.40793036766975E-14,2.,-3.8));
#3545=CARTESIAN_POINT('',(-2.4492935982947E-16,1.99999999999999,10.2));
#3546=CARTESIAN_POINT('Ctrl Pts',(-1.137827433141E-8,2.,-3.71249999942521));
#3547=CARTESIAN_POINT('Ctrl Pts',(0.127256640371889,2.00000000072398,-3.71892876984171));
#3548=CARTESIAN_POINT('Ctrl Pts',(0.254495445907191,1.98785688694352,-3.72571081287355));
#3549=CARTESIAN_POINT('Ctrl Pts',(0.641249341805856,1.91300899114084,-3.74743196726801));
#3550=CARTESIAN_POINT('Ctrl Pts',(0.889771592585562,1.81082499247612,-3.76296721787962));
#3551=CARTESIAN_POINT('Ctrl Pts',(1.3238438277454,1.52084248157044,-3.79335356677338));
#3552=CARTESIAN_POINT('Ctrl Pts',(1.50746082873242,1.33907630183914,-3.80793107128179));
#3553=CARTESIAN_POINT('Ctrl Pts',(1.80032753020384,0.910054667481036,-3.83523928581538));
#3554=CARTESIAN_POINT('Ctrl Pts',(1.90441310008956,0.665303356342196,-3.84869063754676));
#3555=CARTESIAN_POINT('Ctrl Pts',(2.01159474969533,0.150100240855922,-3.87874415261679));
#3556=CARTESIAN_POINT('Ctrl Pts',(2.01389478573764,-0.115194716279139,-3.89421969178301));
#3557=CARTESIAN_POINT('Ctrl Pts',(1.91753953095749,-0.622308683350772,-3.92380133986218));
#3558=CARTESIAN_POINT('Ctrl Pts',(1.82335934366501,-0.859956349946889,-3.93713598868275));
#3559=CARTESIAN_POINT('Ctrl Pts',(1.54502156554399,-1.29739176199228,-3.9639556307574));
#3560=CARTESIAN_POINT('Ctrl Pts',(1.35961118837306,-1.49054597456006,-3.97895588426802));
#3561=CARTESIAN_POINT('Ctrl Pts',(0.928795866981509,-1.79018904342574,-4.00945946618204));
#3562=CARTESIAN_POINT('Ctrl Pts',(0.688734812400113,-1.89554769354263,-4.02465986682785));
#3563=CARTESIAN_POINT('Ctrl Pts',(0.186614831833756,-2.00750085776021,-4.05329133922109));
#3564=CARTESIAN_POINT('Ctrl Pts',(-0.0702569724599922,-2.01493029265102,
-4.06561378530276));
#3565=CARTESIAN_POINT('Ctrl Pts',(-0.585065916292118,-1.93104233224838,
-4.09406771218266));
#3566=CARTESIAN_POINT('Ctrl Pts',(-0.837209591980247,-1.83583170569701,
-4.1095825204558));
#3567=CARTESIAN_POINT('Ctrl Pts',(-1.28061681924743,-1.55753157083059,-4.14009971989978));
#3568=CARTESIAN_POINT('Ctrl Pts',(-1.46976392400438,-1.38047583560784,-4.15481920704713));
#3569=CARTESIAN_POINT('Ctrl Pts',(-1.77336113147345,-0.960925250454986,
-4.18239326794162));
#3570=CARTESIAN_POINT('Ctrl Pts',(-1.88353667925199,-0.721456494637066,
-4.1954150378129));
#3571=CARTESIAN_POINT('Ctrl Pts',(-2.00619755794939,-0.211267077331841,
-4.2251760871557));
#3572=CARTESIAN_POINT('Ctrl Pts',(-2.01654879539061,0.0546501921774948,
-4.24068792787708));
#3573=CARTESIAN_POINT('Ctrl Pts',(-1.9350782327074,0.565621691406591,-4.27049459866544));
#3574=CARTESIAN_POINT('Ctrl Pts',(-1.84774573008521,0.806347767690815,-4.28434044994174));
#3575=CARTESIAN_POINT('Ctrl Pts',(-1.58204349278306,1.25197111562714,-4.31076058268507));
#3576=CARTESIAN_POINT('Ctrl Pts',(-1.40235627885247,1.45039263638938,-4.32562534240725));
#3577=CARTESIAN_POINT('Ctrl Pts',(-0.97989427401631,1.76284615949064,-4.35608056848314));
#3578=CARTESIAN_POINT('Ctrl Pts',(-0.742261880311896,1.87533470393406,-4.37136623292917));
#3579=CARTESIAN_POINT('Ctrl Pts',(-0.329290008455136,1.97963522512936,-4.39527090583515));
#3580=CARTESIAN_POINT('Ctrl Pts',(-0.164807210951422,2.,-4.40417424483439));
#3581=CARTESIAN_POINT('Ctrl Pts',(1.80133685745432E-13,2.,-4.41250000000003));
#3582=CARTESIAN_POINT('Ctrl Pts',(-3.95683485976415E-13,2.,-4.49999999999999));
#3583=CARTESIAN_POINT('Ctrl Pts',(-0.0634103037954217,1.99999999999998,
-4.49679662885301));
#3584=CARTESIAN_POINT('Ctrl Pts',(-0.126890975225971,1.99698453029378,-4.49350175166357));
#3585=CARTESIAN_POINT('Ctrl Pts',(-0.445624158177353,1.96653005665672,-4.47651168589704));
#3586=CARTESIAN_POINT('Ctrl Pts',(-0.69391444486892,1.89321619949373,-4.46183019947549));
#3587=CARTESIAN_POINT('Ctrl Pts',(-1.15817343465246,1.65218547794714,-4.43134663215026));
#3588=CARTESIAN_POINT('Ctrl Pts',(-1.36788388933532,1.48324086364294,-4.41582489699671));
#3589=CARTESIAN_POINT('Ctrl Pts',(-1.70125180113408,1.08201595947969,-4.3872813742672));
#3590=CARTESIAN_POINT('Ctrl Pts',(-1.82518143490508,0.856581707936426,-4.37496726629627));
#3591=CARTESIAN_POINT('Ctrl Pts',(-1.98311193957449,0.36690598831752,-4.3464028493185));
#3592=CARTESIAN_POINT('Ctrl Pts',(-2.01393496090988,0.106768811003984,-4.33122818064188));
#3593=CARTESIAN_POINT('Ctrl Pts',(-1.97407480919516,-0.416299999418631,
-4.30071583336723));
#3594=CARTESIAN_POINT('Ctrl Pts',(-1.90157241231987,-0.674051437161202,
-4.28568033283225));
#3595=CARTESIAN_POINT('Ctrl Pts',(-1.66563622957509,-1.13569023156321,-4.2587514031588));
#3596=CARTESIAN_POINT('Ctrl Pts',(-1.50858361141868,-1.33729809522533,-4.24553965654383));
#3597=CARTESIAN_POINT('Ctrl Pts',(-1.12055647492653,-1.67728425917743,-4.21602098090423));
#3598=CARTESIAN_POINT('Ctrl Pts',(-0.890938494330866,-1.80973975007292,
-4.20055782049869));
#3599=CARTESIAN_POINT('Ctrl Pts',(-0.392142733204578,-1.97888864932386,
-4.17042607257848));
#3600=CARTESIAN_POINT('Ctrl Pts',(-0.127711766354981,-2.013310995312,-4.15683999934808));
#3601=CARTESIAN_POINT('Ctrl Pts',(0.391021684061205,-1.97802150871912,-4.12960526914768));
#3602=CARTESIAN_POINT('Ctrl Pts',(0.640566400880339,-1.91183200327666,-4.11506820483045));
#3603=CARTESIAN_POINT('Ctrl Pts',(1.11014541173649,-1.6847092672252,-4.08472152946731));
#3604=CARTESIAN_POINT('Ctrl Pts',(1.32401470538267,-1.52239130324748,-4.06918297477038));
#3605=CARTESIAN_POINT('Ctrl Pts',(1.66931971406098,-1.13091683876679,-4.04032079983148));
#3606=CARTESIAN_POINT('Ctrl Pts',(1.80025708652503,-0.908115893360786,-4.0279734271127));
#3607=CARTESIAN_POINT('Ctrl Pts',(1.9718946801029,-0.422627605386035,-3.99965327698084));
#3608=CARTESIAN_POINT('Ctrl Pts',(2.00997445187114,-0.164200224758201,-3.98457834644422));
#3609=CARTESIAN_POINT('Ctrl Pts',(1.98527838553336,0.359124434224653,-3.95405107467022));
#3610=CARTESIAN_POINT('Ctrl Pts',(1.92023517345346,0.618901482151386,-3.93889741354116));
#3611=CARTESIAN_POINT('Ctrl Pts',(1.69769974635078,1.08717310398845,-3.91158156893399));
#3612=CARTESIAN_POINT('Ctrl Pts',(1.54655563052925,1.29318548211543,-3.89874455052853));
#3613=CARTESIAN_POINT('Ctrl Pts',(1.16911061321507,1.64368849896796,-3.86945372241465));
#3614=CARTESIAN_POINT('Ctrl Pts',(0.944162532949399,1.7824375669896,-3.85404291406154));
#3615=CARTESIAN_POINT('Ctrl Pts',(0.475055703469048,1.95739439911369,-3.82524159795849));
#3616=CARTESIAN_POINT('Ctrl Pts',(0.238362796931684,2.00000000000001,-3.81204164718517));
#3617=CARTESIAN_POINT('Ctrl Pts',(-1.07205910815367E-13,2.,-3.8));
#3618=CARTESIAN_POINT('Origin',(0.,-2.22234418521235E-15,10.2));
#3619=CARTESIAN_POINT('',(-9.00505296745528E-14,2.,-3.01250000000002));
#3620=CARTESIAN_POINT('',(-6.54094154102892E-15,2.,-3.10000000000001));
#3621=CARTESIAN_POINT('',(-2.4492935982947E-16,1.99999999999999,10.2));
#3622=CARTESIAN_POINT('Ctrl Pts',(-1.82076576038526E-13,2.,-3.01250000000002));
#3623=CARTESIAN_POINT('Ctrl Pts',(0.168014656353157,2.00000000000001,-3.02098778936894));
#3624=CARTESIAN_POINT('Ctrl Pts',(0.335686191481078,1.97883481410744,-3.03007556281072));
#3625=CARTESIAN_POINT('Ctrl Pts',(0.75519854257225,1.87072841547478,-3.05442165337687));
#3626=CARTESIAN_POINT('Ctrl Pts',(0.995681496824349,1.75458119245863,-3.06995803432247));
#3627=CARTESIAN_POINT('Ctrl Pts',(1.40958753341348,1.44147563967854,-3.10000004625574));
#3628=CARTESIAN_POINT('Ctrl Pts',(1.58145274748291,1.25053683550626,-3.1142514071264));
#3629=CARTESIAN_POINT('Ctrl Pts',(1.84971321312358,0.805480736421078,-3.14078423207081));
#3630=CARTESIAN_POINT('Ctrl Pts',(1.94010272100319,0.553476081532548,-3.15521389524399));
#3631=CARTESIAN_POINT('Ctrl Pts',(2.0167272511982,0.0326230568206874,-3.18559698835218));
#3632=CARTESIAN_POINT('Ctrl Pts',(2.00374243792945,-0.230819449799097,-3.200964467905));
#3633=CARTESIAN_POINT('Ctrl Pts',(1.87910228020726,-0.73021029250289,-3.23009560039605));
#3634=CARTESIAN_POINT('Ctrl Pts',(1.77157443982822,-0.962150579883295,-3.24273273118744));
#3635=CARTESIAN_POINT('Ctrl Pts',(1.4687260137844,-1.38318378785157,-3.2703122081961));
#3636=CARTESIAN_POINT('Ctrl Pts',(1.27256811808279,-1.56553041354212,-3.28554018516052));
#3637=CARTESIAN_POINT('Ctrl Pts',(0.826524316764495,-1.83944515537343,-3.31606267214723));
#3638=CARTESIAN_POINT('Ctrl Pts',(0.582312869998688,-1.93070952969847,-3.33106165987803));
#3639=CARTESIAN_POINT('Ctrl Pts',(0.0738639206795349,-2.015102620962,-3.35920902459376));
#3640=CARTESIAN_POINT('Ctrl Pts',(-0.185453118187913,-2.007910836819,-3.37163801543393));
#3641=CARTESIAN_POINT('Ctrl Pts',(-0.695291726882999,-1.89392927544555,
-3.40071858021333));
#3642=CARTESIAN_POINT('Ctrl Pts',(-0.940119425416662,-1.78509263135579,
-3.41626122437729));
#3643=CARTESIAN_POINT('Ctrl Pts',(-1.36483757113277,-1.48404688106615,-3.44649769980631));
#3644=CARTESIAN_POINT('Ctrl Pts',(-1.54297237771965,-1.29786575940521,-3.46092702314323));
#3645=CARTESIAN_POINT('Ctrl Pts',(-1.82528828444733,-0.859663052264808,
-3.48797001235008));
#3646=CARTESIAN_POINT('Ctrl Pts',(-1.92330956830514,-0.609623139417453,
-3.5019386502007));
#3647=CARTESIAN_POINT('Ctrl Pts',(-2.01509152124853,-0.0896715478754082,
-3.53226915970732));
#3648=CARTESIAN_POINT('Ctrl Pts',(-2.00950022201456,0.17477780693914,-3.5476953720715));
#3649=CARTESIAN_POINT('Ctrl Pts',(-1.8985549845735,0.677970804467241,-3.57704829692731));
#3650=CARTESIAN_POINT('Ctrl Pts',(-1.79754948340938,0.912651685337251,-3.58997680231952));
#3651=CARTESIAN_POINT('Ctrl Pts',(-1.50664918296839,1.34176955397667,-3.61718848474694));
#3652=CARTESIAN_POINT('Ctrl Pts',(-1.31566856632746,1.52948055677702,-3.6323113761577));
#3653=CARTESIAN_POINT('Ctrl Pts',(-0.876881922425327,1.81607775788229,-3.66283715005014));
#3654=CARTESIAN_POINT('Ctrl Pts',(-0.634599304553843,1.91425353523858,-3.67794027950474));
#3655=CARTESIAN_POINT('Ctrl Pts',(-0.254709253072783,1.98783642895596,-3.6992777892931));
#3656=CARTESIAN_POINT('Ctrl Pts',(-0.127363816520433,1.99999999927541,-3.70606581577549));
#3657=CARTESIAN_POINT('Ctrl Pts',(-1.13782738786483E-8,2.,-3.71249999942521));
#3658=CARTESIAN_POINT('Ctrl Pts',(-1.07913677993566E-13,2.,-3.8));
#3659=CARTESIAN_POINT('Ctrl Pts',(-0.0277701830579681,2.,-3.79859710176691));
#3660=CARTESIAN_POINT('Ctrl Pts',(-0.0555613551396397,1.99942161798309,
-3.79717627373168));
#3661=CARTESIAN_POINT('Ctrl Pts',(-0.338337086088369,1.98762588216925,-3.78254692505355));
#3662=CARTESIAN_POINT('Ctrl Pts',(-0.588895938705786,1.92828597251953,-3.7681584083507));
#3663=CARTESIAN_POINT('Ctrl Pts',(-1.06319906159561,1.71460870697944,-3.73796523915063));
#3664=CARTESIAN_POINT('Ctrl Pts',(-1.28086989696574,1.5587381736238,-3.72242268766397));
#3665=CARTESIAN_POINT('Ctrl Pts',(-1.63754118102331,1.17675724324962,-3.69326320428172));
#3666=CARTESIAN_POINT('Ctrl Pts',(-1.77525071602212,0.956440257057637,-3.68079234832835));
#3667=CARTESIAN_POINT('Ctrl Pts',(-1.95984813490386,0.475005520284971,-3.65270865534995));
#3668=CARTESIAN_POINT('Ctrl Pts',(-2.00472404747889,0.218377563577567,-3.63773869120868));
#3669=CARTESIAN_POINT('Ctrl Pts',(-1.99434891037902,-0.304782546513958,
-3.60722101812001));
#3670=CARTESIAN_POINT('Ctrl Pts',(-1.93641280883586,-0.566270833404224,
-3.59196753471808));
#3671=CARTESIAN_POINT('Ctrl Pts',(-1.72662022705154,-1.04069130810404,-3.56429300702726));
#3672=CARTESIAN_POINT('Ctrl Pts',(-1.58098000272295,-1.25091071983129,-3.55171661997686));
#3673=CARTESIAN_POINT('Ctrl Pts',(-1.21345477596181,-1.61111502617863,-3.52264396703883));
#3674=CARTESIAN_POINT('Ctrl Pts',(-0.993008585570512,-1.75558780992558,
-3.5072936441185));
#3675=CARTESIAN_POINT('Ctrl Pts',(-0.505269615010352,-1.95320976543161,
-3.47689000064587));
#3676=CARTESIAN_POINT('Ctrl Pts',(-0.242216781791646,-2.00288549562134,
-3.46232050365379));
#3677=CARTESIAN_POINT('Ctrl Pts',(0.277178335026445,-1.99697562513127,-3.43590925276148));
#3678=CARTESIAN_POINT('Ctrl Pts',(0.528677377787761,-1.94555717241584,-3.42170428188719));
#3679=CARTESIAN_POINT('Ctrl Pts',(1.00797020048385,-1.7475190848372,-3.39171518498161));
#3680=CARTESIAN_POINT('Ctrl Pts',(1.22979895654517,-1.59919756374004,-3.376182762564));
#3681=CARTESIAN_POINT('Ctrl Pts',(1.59949139174466,-1.22837033999012,-3.34669079117723));
#3682=CARTESIAN_POINT('Ctrl Pts',(1.74510151193124,-1.01087781278352,-3.33396787241237));
#3683=CARTESIAN_POINT('Ctrl Pts',(1.94445329739572,-0.534175306054883,-3.30616022618653));
#3684=CARTESIAN_POINT('Ctrl Pts',(1.99697707966065,-0.279807758192854,-3.29132211922791));
#3685=CARTESIAN_POINT('Ctrl Pts',(2.00288466814855,0.245013593099159,-3.26070754040255));
#3686=CARTESIAN_POINT('Ctrl Pts',(1.95218540404354,0.510474416204547,-3.2452223257214));
#3687=CARTESIAN_POINT('Ctrl Pts',(1.75447249562612,0.993145392256331,-3.21706651878504));
#3688=CARTESIAN_POINT('Ctrl Pts',(1.61432968548031,1.20766785595565,-3.204662634401));
#3689=CARTESIAN_POINT('Ctrl Pts',(1.2567533622946,1.57745741309925,-3.17581301183686));
#3690=CARTESIAN_POINT('Ctrl Pts',(1.04093450841387,1.7274959571292,-3.16053411871486));
#3691=CARTESIAN_POINT('Ctrl Pts',(0.559682709097955,1.93829814529252,-3.13007377167033));
#3692=CARTESIAN_POINT('Ctrl Pts',(0.298136465885627,1.99534710922899,-3.11519701158716));
#3693=CARTESIAN_POINT('Ctrl Pts',(0.0220237100312143,1.99990908369692,-3.10111524878057));
#3694=CARTESIAN_POINT('Ctrl Pts',(0.0110100796477406,2.,-3.10055620883925));
#3695=CARTESIAN_POINT('Ctrl Pts',(-1.79856129989274E-14,2.,-3.10000000000001));
#3696=CARTESIAN_POINT('Origin',(0.,-2.22234418521235E-15,10.2));
#3697=CARTESIAN_POINT('',(-1.97964207668121E-13,2.,-2.31250000000001));
#3698=CARTESIAN_POINT('',(1.52755245810965E-13,2.,-2.40000000000003));
#3699=CARTESIAN_POINT('',(-2.4492935982947E-16,1.99999999999999,10.2));
#3700=CARTESIAN_POINT('Ctrl Pts',(-3.95794508278868E-13,2.,-2.31250000000001));
#3701=CARTESIAN_POINT('Ctrl Pts',(0.20844553040607,2.00000000000004,-2.32303028227052));
#3702=CARTESIAN_POINT('Ctrl Pts',(0.415916898336147,1.96742208779117,-2.33446154076244));
#3703=CARTESIAN_POINT('Ctrl Pts',(0.865099083578101,1.82228641809197,-2.3613865168239));
#3704=CARTESIAN_POINT('Ctrl Pts',(1.09689865111487,1.69290728221319,-2.3768701599413));
#3705=CARTESIAN_POINT('Ctrl Pts',(1.4899853500897,1.35801386910262,-2.4064958967438));
#3706=CARTESIAN_POINT('Ctrl Pts',(1.64988012616362,1.15848445857118,-2.41992173991673));
#3707=CARTESIAN_POINT('Ctrl Pts',(1.892155971931,0.700041752033561,-2.44666423113142));
#3708=CARTESIAN_POINT('Ctrl Pts',(1.96817779074609,0.443329324249533,-2.46163912275216));
#3709=CARTESIAN_POINT('Ctrl Pts',(2.01524144661231,-0.0794630416068437,
-2.49213534409378));
#3710=CARTESIAN_POINT('Ctrl Pts',(1.98788759508451,-0.340341922131784,-2.50735327879107));
#3711=CARTESIAN_POINT('Ctrl Pts',(1.83647025329658,-0.831970009780435,-2.53603158390391));
#3712=CARTESIAN_POINT('Ctrl Pts',(1.71581633086553,-1.05866221242946,-2.54836445023504));
#3713=CARTESIAN_POINT('Ctrl Pts',(1.38808785979213,-1.46441822791187,-2.5767552362737));
#3714=CARTESIAN_POINT('Ctrl Pts',(1.18039899905741,-1.63644040356781,-2.59226460644996));
#3715=CARTESIAN_POINT('Ctrl Pts',(0.718777088640736,-1.88396206708405,-2.62280427254877));
#3716=CARTESIAN_POINT('Ctrl Pts',(0.471145333939125,-1.96061480528525,-2.6375498751837));
#3717=CARTESIAN_POINT('Ctrl Pts',(-0.0434384622587973,-2.01645466646802,
-2.66517435846138));
#3718=CARTESIAN_POINT('Ctrl Pts',(-0.30562575876131,-1.99363729371438,-2.67812522641644));
#3719=CARTESIAN_POINT('Ctrl Pts',(-0.809415524303116,-1.84780665720714,
-2.70782914619691));
#3720=CARTESIAN_POINT('Ctrl Pts',(-1.04573290559866,-1.72510228171962,-2.72334634038949));
#3721=CARTESIAN_POINT('Ctrl Pts',(-1.44956455798746,-1.40117098020425,-2.75319516408992));
#3722=CARTESIAN_POINT('Ctrl Pts',(-1.61553990624951,-1.20600423819444,-2.76714975277204));
#3723=CARTESIAN_POINT('Ctrl Pts',(-1.87114153096054,-0.75439894617861,-2.7934933948063));
#3724=CARTESIAN_POINT('Ctrl Pts',(-1.95453251832861,-0.500038898920813,
-2.80833106422967));
#3725=CARTESIAN_POINT('Ctrl Pts',(-2.01678324259517,0.0218433057630297,
-2.83877419283623));
#3726=CARTESIAN_POINT('Ctrl Pts',(-1.99679012269899,0.284136745192928,-2.85407464346964));
#3727=CARTESIAN_POINT('Ctrl Pts',(-1.85912400301277,0.779804828425554,-2.88298861499154));
#3728=CARTESIAN_POINT('Ctrl Pts',(-1.74527650077482,1.00917533592234,-2.89543280976368));
#3729=CARTESIAN_POINT('Ctrl Pts',(-1.42938123481358,1.42428808660637,-2.92349870896533));
#3730=CARTESIAN_POINT('Ctrl Pts',(-1.22604745606407,1.60265410983545,-2.93897309735044));
#3731=CARTESIAN_POINT('Ctrl Pts',(-0.770208035382971,1.86362186675971,-2.96961282049818));
#3732=CARTESIAN_POINT('Ctrl Pts',(-0.524091986309175,1.94721993263511,-2.9844844245482));
#3733=CARTESIAN_POINT('Ctrl Pts',(-0.179565180962827,1.99396043814692,-3.00325254562565));
#3734=CARTESIAN_POINT('Ctrl Pts',(-0.0897426229514049,1.99999999999999,
-3.00796636884213));
#3735=CARTESIAN_POINT('Ctrl Pts',(-1.79856129989276E-13,2.,-3.01250000000002));
#3736=CARTESIAN_POINT('Ctrl Pts',(-1.85268467234323E-14,2.,-3.10000000000001));
#3737=CARTESIAN_POINT('Ctrl Pts',(-0.242467607492401,1.99999999999999,-3.08775098538515));
#3738=CARTESIAN_POINT('Ctrl Pts',(-0.483085120868158,1.95590976482162,-3.07430946890701));
#3739=CARTESIAN_POINT('Ctrl Pts',(-0.956384186716694,1.77616143609,-3.04515661679995));
#3740=CARTESIAN_POINT('Ctrl Pts',(-1.18180656698449,1.63485769371976,-3.0296473363537));
#3741=CARTESIAN_POINT('Ctrl Pts',(-1.56334963780478,1.27445871391152,-2.99986084991114));
#3742=CARTESIAN_POINT('Ctrl Pts',(-1.7162953372748,1.05953452823982,-2.98680618081399));
#3743=CARTESIAN_POINT('Ctrl Pts',(-1.9290041535599,0.587223798520863,-2.95925472158038));
#3744=CARTESIAN_POINT('Ctrl Pts',(-1.98835771669424,0.335091911406755,-2.9445470281654));
#3745=CARTESIAN_POINT('Ctrl Pts',(-2.0089454324782,-0.187883144118265,-2.91404014992644));
#3746=CARTESIAN_POINT('Ctrl Pts',(-1.96600450063796,-0.453890236418386,
-2.89852306954226));
#3747=CARTESIAN_POINT('Ctrl Pts',(-1.78248941897554,-0.942153372546029,
-2.87004105326815));
#3748=CARTESIAN_POINT('Ctrl Pts',(-1.64812100432497,-1.16130223159398,-2.85772203997679));
#3749=CARTESIAN_POINT('Ctrl Pts',(-1.30101661122608,-1.54103211292168,-2.82911151381038));
#3750=CARTESIAN_POINT('Ctrl Pts',(-1.09017998624216,-1.69673606621136,-2.81391907256452));
#3751=CARTESIAN_POINT('Ctrl Pts',(-0.615892263074682,-1.92118423743613,
-2.78341252991411));
#3752=CARTESIAN_POINT('Ctrl Pts',(-0.356068808303444,-1.98583330616188,
-2.7684011321903));
#3753=CARTESIAN_POINT('Ctrl Pts',(0.16185631677736,-2.00946679340761,-2.7415472037369));
#3754=CARTESIAN_POINT('Ctrl Pts',(0.414825027374625,-1.97284915880317,-2.72825190810823));
#3755=CARTESIAN_POINT('Ctrl Pts',(0.902522053194927,-1.80401235837553,-2.69868995062931));
#3756=CARTESIAN_POINT('Ctrl Pts',(1.1314135131009,-1.67000333809954,-2.6832181814303));
#3757=CARTESIAN_POINT('Ctrl Pts',(1.52503637581717,-1.32052754592788,-2.65314003923898));
#3758=CARTESIAN_POINT('Ctrl Pts',(1.6856146610218,-1.10823794889031,-2.63964721368527));
#3759=CARTESIAN_POINT('Ctrl Pts',(1.9118848175472,-0.640491714829384,-2.61236201669838));
#3760=CARTESIAN_POINT('Ctrl Pts',(1.97807050681766,-0.390807880555492,-2.59779712636574));
#3761=CARTESIAN_POINT('Ctrl Pts',(2.01342337847397,0.129890622001094,-2.56742304704994));
#3762=CARTESIAN_POINT('Ctrl Pts',(1.97832532117099,0.396228764978395,-2.55188665537626));
#3763=CARTESIAN_POINT('Ctrl Pts',(1.80924950295692,0.889998121428515,-2.52308344291667));
#3764=CARTESIAN_POINT('Ctrl Pts',(1.68068590060586,1.11390079042819,-2.51074970027876));
#3765=CARTESIAN_POINT('Ctrl Pts',(1.3441051462159,1.50347355001549,-2.48238372490674));
#3766=CARTESIAN_POINT('Ctrl Pts',(1.13838004743372,1.66466792896885,-2.46728937108568));
#3767=CARTESIAN_POINT('Ctrl Pts',(0.6714227079268,1.90249521257551,-2.43676292173486));
#3768=CARTESIAN_POINT('Ctrl Pts',(0.413543515392465,1.97466974842199,-2.42163025174854));
#3769=CARTESIAN_POINT('Ctrl Pts',(0.0993961362758788,1.99814947692283,-2.40507528236784));
#3770=CARTESIAN_POINT('Ctrl Pts',(0.0496734397542002,2.,-2.4025094102087));
#3771=CARTESIAN_POINT('Ctrl Pts',(3.05755420981759E-13,2.,-2.40000000000003));
#3772=CARTESIAN_POINT('Origin',(0.,-2.22234418521235E-15,10.2));
#3773=CARTESIAN_POINT('',(-9.11527117937844E-15,2.,-1.61250000000003));
#3774=CARTESIAN_POINT('',(9.87984068141846E-14,2.,-1.70000000000002));
#3775=CARTESIAN_POINT('',(-2.4492935982947E-16,1.99999999999999,10.2));
#3776=CARTESIAN_POINT('Ctrl Pts',(-1.67921232474555E-14,2.,-1.61250000000003));
#3777=CARTESIAN_POINT('Ctrl Pts',(0.248638037148127,2.,-1.62506073329688));
#3778=CARTESIAN_POINT('Ctrl Pts',(0.495302598032336,1.95363842812226,-1.63887398273977));
#3779=CARTESIAN_POINT('Ctrl Pts',(0.970797470488882,1.76801479863454,-1.66830912586996));
#3780=CARTESIAN_POINT('Ctrl Pts',(1.19331698587311,1.6261383899183,-1.68368846172522));
#3781=CARTESIAN_POINT('Ctrl Pts',(1.56537903798952,1.27035266401649,-1.71286143141751));
#3782=CARTESIAN_POINT('Ctrl Pts',(1.71353300952368,1.06206726366156,-1.72554607628645));
#3783=CARTESIAN_POINT('Ctrl Pts',(1.92917577338806,0.59045027371319,-1.75305706736677));
#3784=CARTESIAN_POINT('Ctrl Pts',(1.99037562057784,0.329721625886619,-1.76826623848999));
#3785=CARTESIAN_POINT('Ctrl Pts',(2.00731203619863,-0.193562895624816,-1.79879116891149));
#3786=CARTESIAN_POINT('Ctrl Pts',(1.96554298181211,-0.451037553381261,-1.81381052394728));
#3787=CARTESIAN_POINT('Ctrl Pts',(1.78688623103006,-0.93434240701356,-1.84200330707583));
#3788=CARTESIAN_POINT('Ctrl Pts',(1.6522999399642,-1.15579691004989,-1.85440627605347));
#3789=CARTESIAN_POINT('Ctrl Pts',(1.30084771634401,-1.54216409594262,-1.88343003461785));
#3790=CARTESIAN_POINT('Ctrl Pts',(1.08490295351818,-1.70101177649352,-1.89897222157516));
#3791=CARTESIAN_POINT('Ctrl Pts',(0.612727077837387,-1.92088723573192,-1.92923870683425));
#3792=CARTESIAN_POINT('Ctrl Pts',(0.362611791318455,-1.98338015862145,-1.94369677828521));
#3793=CARTESIAN_POINT('Ctrl Pts',(-0.15754168133641,-2.01137190848329,-1.97079039472535));
#3794=CARTESIAN_POINT('Ctrl Pts',(-0.422796775595629,-1.97274844034251,
-1.98465374747445));
#3795=CARTESIAN_POINT('Ctrl Pts',(-0.919679268357262,-1.79524432369865,
-2.01493253445982));
#3796=CARTESIAN_POINT('Ctrl Pts',(-1.14680539262771,-1.65938306884984,-2.03036914567932));
#3797=CARTESIAN_POINT('Ctrl Pts',(-1.52914608930943,-1.31372336474406,-2.05976603116232));
#3798=CARTESIAN_POINT('Ctrl Pts',(-1.68301818206315,-1.10975879530351,-2.072764070274));
#3799=CARTESIAN_POINT('Ctrl Pts',(-1.91177748275387,-0.644546774619483,
-2.09990143814724));
#3800=CARTESIAN_POINT('Ctrl Pts',(-1.98028779176393,-0.385681672350112,
-2.11500190244629));
#3801=CARTESIAN_POINT('Ctrl Pts',(-2.01201499123953,0.137579329854782,-2.14552546090824));
#3802=CARTESIAN_POINT('Ctrl Pts',(-1.97729219429855,0.396824504607701,-2.16064809610216));
#3803=CARTESIAN_POINT('Ctrl Pts',(-1.81201082615235,0.884266997687965,-2.18908224153184));
#3804=CARTESIAN_POINT('Ctrl Pts',(-1.68434187648985,1.10828830225817,-2.20140190901685));
#3805=CARTESIAN_POINT('Ctrl Pts',(-1.34458382438959,1.50432020765179,-2.23011678733928));
#3806=CARTESIAN_POINT('Ctrl Pts',(-1.13262623843089,1.66973599018306,-2.2456491191444));
#3807=CARTESIAN_POINT('Ctrl Pts',(-0.66547430617306,1.90334896892122,-2.2760624817354));
#3808=CARTESIAN_POINT('Ctrl Pts',(-0.416488652776048,1.97285808383222,-2.29066812514645));
#3809=CARTESIAN_POINT('Ctrl Pts',(-0.107450257663318,1.99783764564781,-2.30700874325263));
#3810=CARTESIAN_POINT('Ctrl Pts',(-0.0536959812182605,1.99999999999998,
-2.30978737844408));
#3811=CARTESIAN_POINT('Ctrl Pts',(-3.95683485976413E-13,2.,-2.31250000000001));
#3812=CARTESIAN_POINT('Ctrl Pts',(3.06265429683705E-13,2.,-2.40000000000003));
#3813=CARTESIAN_POINT('Ctrl Pts',(-0.202857394840461,2.,-2.38975201999218));
#3814=CARTESIAN_POINT('Ctrl Pts',(-0.404802782033769,1.96914553460876,-2.37865019101487));
#3815=CARTESIAN_POINT('Ctrl Pts',(-0.848837893482268,1.82977565754478,-2.35215340454378));
#3816=CARTESIAN_POINT('Ctrl Pts',(-1.08091294949349,1.70300554920287,-2.3367319408952));
#3817=CARTESIAN_POINT('Ctrl Pts',(-1.48630023049576,1.36447470443677,-2.30637870970591));
#3818=CARTESIAN_POINT('Ctrl Pts',(-1.65447418552894,1.15478581365269,-2.29236250579641));
#3819=CARTESIAN_POINT('Ctrl Pts',(-1.89391484874099,0.691575908196348,-2.26534192797813));
#3820=CARTESIAN_POINT('Ctrl Pts',(-1.9666278417583,0.444435374039069,-2.25092539681895));
#3821=CARTESIAN_POINT('Ctrl Pts',(-2.01616452538393,-0.0736729840623939,
-2.22070240926303));
#3822=CARTESIAN_POINT('Ctrl Pts',(-1.98863871354527,-0.3401193912182,-2.20515970217895));
#3823=CARTESIAN_POINT('Ctrl Pts',(-1.83360859726466,-0.839071113399899,
-2.17605418505168));
#3824=CARTESIAN_POINT('Ctrl Pts',(-1.71064659070061,-1.06763491983329,-2.16361268009744));
#3825=CARTESIAN_POINT('Ctrl Pts',(-1.38417945786516,-1.46654203445551,-2.13548537413968));
#3826=CARTESIAN_POINT('Ctrl Pts',(-1.18345693450533,-1.63281995995952,-2.12049547105924));
#3827=CARTESIAN_POINT('Ctrl Pts',(-0.723841006012024,-1.88318104637424,
-2.08997432695202));
#3828=CARTESIAN_POINT('Ctrl Pts',(-0.468024398003913,-1.96247493164571,
-2.07473820722565));
#3829=CARTESIAN_POINT('Ctrl Pts',(0.0479338076610529,-2.01542195512436,
-2.04712866575937));
#3830=CARTESIAN_POINT('Ctrl Pts',(0.302640794283337,-1.9931516623905,-2.0345114042156));
#3831=CARTESIAN_POINT('Ctrl Pts',(0.797732445019332,-1.85252626256524,-2.00539871649426));
#3832=CARTESIAN_POINT('Ctrl Pts',(1.03259547212417,-1.73261897431661,-1.99003657529386));
#3833=CARTESIAN_POINT('Ctrl Pts',(1.44607071101316,-1.40684435788188,-1.95964681210621));
#3834=CARTESIAN_POINT('Ctrl Pts',(1.61959339080259,-1.20297525142683,-1.94517355633324));
#3835=CARTESIAN_POINT('Ctrl Pts',(1.87193179870128,-0.748783176258432,-1.91867901861509));
#3836=CARTESIAN_POINT('Ctrl Pts',(1.95192521304374,-0.504724140244905,-1.9044422415143));
#3837=CARTESIAN_POINT('Ctrl Pts',(2.01737503947223,0.00999818313489598,
-1.87441677265048));
#3838=CARTESIAN_POINT('Ctrl Pts',(1.99839025882468,0.276316457745039,-1.85888153996488));
#3839=CARTESIAN_POINT('Ctrl Pts',(1.8593580986591,0.780947322252273,-1.8294447395353));
#3840=CARTESIAN_POINT('Ctrl Pts',(1.74273060056825,1.01487421509356,-1.81677235876238));
#3841=CARTESIAN_POINT('Ctrl Pts',(1.42764134372975,1.42413049374344,-1.788917991417));
#3842=CARTESIAN_POINT('Ctrl Pts',(1.23263678537291,1.59589557785278,-1.77405690721601));
#3843=CARTESIAN_POINT('Ctrl Pts',(0.779460129126931,1.86120884363323,-1.74342495798927));
#3844=CARTESIAN_POINT('Ctrl Pts',(0.523604320768875,1.94872502896773,-1.72794704084862));
#3845=CARTESIAN_POINT('Ctrl Pts',(0.17233792724071,1.99443674000694,-1.70886845475966));
#3846=CARTESIAN_POINT('Ctrl Pts',(0.0861309264042049,2.,-1.7043511749352));
#3847=CARTESIAN_POINT('Ctrl Pts',(1.97841742988199E-13,2.,-1.70000000000002));
#3848=CARTESIAN_POINT('Origin',(0.,-2.22234418521235E-15,10.2));
#3849=CARTESIAN_POINT('',(1.78631483190126E-14,2.,-0.912500000000032));
#3850=CARTESIAN_POINT('',(-7.5297339223357E-15,2.,-1.00000000000002));
#3851=CARTESIAN_POINT('',(-2.4492935982947E-16,1.99999999999999,10.2));
#3852=CARTESIAN_POINT('Ctrl Pts',(3.59712259978547E-14,2.,-0.912500000000032));
#3853=CARTESIAN_POINT('Ctrl Pts',(0.0209506132377022,2.,-0.913558386191872));
#3854=CARTESIAN_POINT('Ctrl Pts',(0.041913083901973,1.99967080531944,-0.91462697291047));
#3855=CARTESIAN_POINT('Ctrl Pts',(0.327905096368592,1.99067480429182,-0.929337143244848));
#3856=CARTESIAN_POINT('Ctrl Pts',(0.58859558462739,1.92971871476467,-0.944284630001887));
#3857=CARTESIAN_POINT('Ctrl Pts',(1.06632180594229,1.71188453870293,-0.974771971020259));
#3858=CARTESIAN_POINT('Ctrl Pts',(1.27960171586444,1.55891841850906,-0.990007989032298));
#3859=CARTESIAN_POINT('Ctrl Pts',(1.63181285717019,1.18401739862448,-1.01873565687116));
#3860=CARTESIAN_POINT('Ctrl Pts',(1.76899649619121,0.967137453121264,-1.03108364856796));
#3861=CARTESIAN_POINT('Ctrl Pts',(1.95945622216744,0.481587832473472,-1.05940737643908));
#3862=CARTESIAN_POINT('Ctrl Pts',(2.00618702108128,0.215820406600594,-1.07491047628167));
#3863=CARTESIAN_POINT('Ctrl Pts',(1.99276120578365,-0.308106935755603,-1.10547290458578));
#3864=CARTESIAN_POINT('Ctrl Pts',(1.9367350768206,-0.56135402615663,-1.12024565152584));
#3865=CARTESIAN_POINT('Ctrl Pts',(1.73055690050611,-1.03582484334309,-1.14792311586172));
#3866=CARTESIAN_POINT('Ctrl Pts',(1.58121998771371,-1.252007087914,-1.16080323382817));
#3867=CARTESIAN_POINT('Ctrl Pts',(1.20547768789239,-1.61754488279996,-1.19044655816611));
#3868=CARTESIAN_POINT('Ctrl Pts',(0.981791208664101,-1.76230108662361,-1.20596884089816));
#3869=CARTESIAN_POINT('Ctrl Pts',(0.50019253511851,-1.95304795277503,-1.23586176449454));
#3870=CARTESIAN_POINT('Ctrl Pts',(0.248323198407776,-2.0007033951014,-1.24993465608299));
#3871=CARTESIAN_POINT('Ctrl Pts',(-0.270710563268484,-1.99924958922658,
-1.27619768343129));
#3872=CARTESIAN_POINT('Ctrl Pts',(-0.532990363285008,-1.94580355082153,
-1.29100641611807));
#3873=CARTESIAN_POINT('Ctrl Pts',(-1.0173917961215,-1.74151711293297,-1.32143583410034));
#3874=CARTESIAN_POINT('Ctrl Pts',(-1.23551036990462,-1.59420633284304,-1.33675134503241));
#3875=CARTESIAN_POINT('Ctrl Pts',(-1.59800212751346,-1.22913491307015,-1.36571167390297));
#3876=CARTESIAN_POINT('Ctrl Pts',(-1.74085890381654,-1.01674933575526,-1.37818962208098));
#3877=CARTESIAN_POINT('Ctrl Pts',(-1.94517899193407,-0.536739679993982,
-1.40619018533372));
#3878=CARTESIAN_POINT('Ctrl Pts',(-1.99950092070217,-0.271608466032352,
-1.42165617281482));
#3879=CARTESIAN_POINT('Ctrl Pts',(-2.00047323077705,0.25393683736975,-1.45231298217994));
#3880=CARTESIAN_POINT('Ctrl Pts',(-1.95116276616349,0.509284945611914,-1.46720828849407));
#3881=CARTESIAN_POINT('Ctrl Pts',(-1.7580342377313,0.987998675977418,-1.49513325609872));
#3882=CARTESIAN_POINT('Ctrl Pts',(-1.6157819068536,1.20668311861008,-1.50773528055806));
#3883=CARTESIAN_POINT('Ctrl Pts',(-1.25159136466049,1.58226073364757,-1.53708785957582));
#3884=CARTESIAN_POINT('Ctrl Pts',(-1.03149323169065,1.73379290617067,-1.55262649811893));
#3885=CARTESIAN_POINT('Ctrl Pts',(-0.554252764216487,1.9384691055786,-1.58270552543355));
#3886=CARTESIAN_POINT('Ctrl Pts',(-0.303121729276519,1.99324391988894,-1.59698979911391));
#3887=CARTESIAN_POINT('Ctrl Pts',(-0.0322836517020171,1.99980467538201,
-1.61086339271947));
#3888=CARTESIAN_POINT('Ctrl Pts',(-0.016137951955167,2.,-1.6116847405458));
#3889=CARTESIAN_POINT('Ctrl Pts',(-1.79856129989274E-14,2.,-1.61250000000003));
#3890=CARTESIAN_POINT('Ctrl Pts',(1.99389116328774E-13,2.,-1.70000000000002));
#3891=CARTESIAN_POINT('Ctrl Pts',(-0.166725511510436,2.,-1.69157733584178));
#3892=CARTESIAN_POINT('Ctrl Pts',(-0.333104022849708,1.97915844154957,-1.68256432270159));
#3893=CARTESIAN_POINT('Ctrl Pts',(-0.747706501100725,1.87318087961498,-1.65852836089132));
#3894=CARTESIAN_POINT('Ctrl Pts',(-0.985078605211901,1.75996552600902,-1.64323464719306));
#3895=CARTESIAN_POINT('Ctrl Pts',(-1.40666405545112,1.44621406375399,-1.61278584647386));
#3896=CARTESIAN_POINT('Ctrl Pts',(-1.58575687309345,1.24726332389784,-1.59793567899476));
#3897=CARTESIAN_POINT('Ctrl Pts',(-1.85016095428502,0.800808456516903,-1.5715568740442));
#3898=CARTESIAN_POINT('Ctrl Pts',(-1.93679025816321,0.559760551080215,-1.55765269881303));
#3899=CARTESIAN_POINT('Ctrl Pts',(-2.01671918381173,0.0483979813664387,
-1.52782321557972));
#3900=CARTESIAN_POINT('Ctrl Pts',(-2.00553464670282,-0.217569962966994,
-1.51230841882694));
#3901=CARTESIAN_POINT('Ctrl Pts',(-1.88128389751332,-0.727230993888657,
-1.48257819202318));
#3902=CARTESIAN_POINT('Ctrl Pts',(-1.77048256728327,-0.966159393577863,
-1.46959518570044));
#3903=CARTESIAN_POINT('Ctrl Pts',(-1.46577587990869,-1.38472298638049,-1.44199386321215));
#3904=CARTESIAN_POINT('Ctrl Pts',(-1.27606010671593,-1.56127902099261,-1.42726022258942));
#3905=CARTESIAN_POINT('Ctrl Pts',(-0.831698956542092,-1.83834668560595,
-1.39673077977538));
#3906=CARTESIAN_POINT('Ctrl Pts',(-0.579189170042778,-1.93282456477309,
-1.38121884806061));
#3907=CARTESIAN_POINT('Ctrl Pts',(-0.0641362721593621,-2.01512234377784,
-1.35279897736448));
#3908=CARTESIAN_POINT('Ctrl Pts',(0.192614372831846,-2.00692213426221,-1.34047137408229));
#3909=CARTESIAN_POINT('Ctrl Pts',(0.694384644995287,-1.89349572359987,-1.31181459862213));
#3910=CARTESIAN_POINT('Ctrl Pts',(0.934200384604515,-1.78738582207266,-1.29660467933506));
#3911=CARTESIAN_POINT('Ctrl Pts',(1.3641564017446,-1.48638636211668,-1.26610494647407));
#3912=CARTESIAN_POINT('Ctrl Pts',(1.54897291535736,-1.29267072408875,-1.25111831894165));
#3913=CARTESIAN_POINT('Ctrl Pts',(1.82598747298657,-0.854369672328623,-1.22434027569135));
#3914=CARTESIAN_POINT('Ctrl Pts',(1.91945002924686,-0.616404158415713,-1.21095690924093));
#3915=CARTESIAN_POINT('Ctrl Pts',(2.01425660986513,-0.108882024056289,-1.1813514514033));
#3916=CARTESIAN_POINT('Ctrl Pts',(2.01111864986738,0.156488957289757,-1.16587147749145));
#3917=CARTESIAN_POINT('Ctrl Pts',(1.90231556698165,0.671178108272565,-1.13584794368412));
#3918=CARTESIAN_POINT('Ctrl Pts',(1.79759206871139,0.915374366488549,-1.12244593747759));
#3919=CARTESIAN_POINT('Ctrl Pts',(1.50360735181999,1.34341551231869,-1.09510984045699));
#3920=CARTESIAN_POINT('Ctrl Pts',(1.31941181459445,1.52470127699011,-1.08051712147484));
#3921=CARTESIAN_POINT('Ctrl Pts',(0.884358137825219,1.81348678665813,-1.05011610450416));
#3922=CARTESIAN_POINT('Ctrl Pts',(0.635451952568972,1.914953908772,-1.03458236713303));
#3923=CARTESIAN_POINT('Ctrl Pts',(0.250410537395998,1.98824439138955,-1.0129931486455));
#3924=CARTESIAN_POINT('Ctrl Pts',(0.12520949636193,2.,-1.00632535193761));
#3925=CARTESIAN_POINT('Ctrl Pts',(-1.76941794549634E-14,2.,-1.00000000000001));
#3926=CARTESIAN_POINT('Origin',(0.,-2.22234418521235E-15,10.2));
#3927=CARTESIAN_POINT('',(1.70740858809891E-13,1.99999999999999,-0.212500000000049));
#3928=CARTESIAN_POINT('',(-1.17028949172945E-13,1.99999999999999,-0.300000000000006));
#3929=CARTESIAN_POINT('',(-2.4492935982947E-16,1.99999999999999,10.2));
#3930=CARTESIAN_POINT('Ctrl Pts',(3.41726646979612E-13,1.99999999999999,
-0.212500000000049));
#3931=CARTESIAN_POINT('Ctrl Pts',(0.0593226471892781,1.99999999999999,-0.215496870303368));
#3932=CARTESIAN_POINT('Ctrl Pts',(0.118706739168766,1.99736075633737,-0.218573822623894));
#3933=CARTESIAN_POINT('Ctrl Pts',(0.44215812762535,1.96846227661686,-0.235756860241152));
#3934=CARTESIAN_POINT('Ctrl Pts',(0.698980886124718,1.89254673694711,-0.250945273747463));
#3935=CARTESIAN_POINT('Ctrl Pts',(1.16213039861678,1.64811825759891,-0.281471893603281));
#3936=CARTESIAN_POINT('Ctrl Pts',(1.36524727244162,1.48423913136926,-0.296512789857372));
#3937=CARTESIAN_POINT('Ctrl Pts',(1.69653463085909,1.08976469999689,-0.324754318092359));
#3938=CARTESIAN_POINT('Ctrl Pts',(1.82216889980856,0.863434944609802,-0.337132961564461));
#3939=CARTESIAN_POINT('Ctrl Pts',(1.98391366650871,0.366938093631395,-0.366095277871535));
#3940=CARTESIAN_POINT('Ctrl Pts',(2.01505157191685,0.100517386921657,-0.381636485762936));
#3941=CARTESIAN_POINT('Ctrl Pts',(1.97227198152994,-0.41887466049384,-0.411934355195507));
#3942=CARTESIAN_POINT('Ctrl Pts',(1.90266413778897,-0.667250454366494,-0.426422943171412));
#3943=CARTESIAN_POINT('Ctrl Pts',(1.66951680827125,-1.13264081839509,-0.453570714406413));
#3944=CARTESIAN_POINT('Ctrl Pts',(1.5049950832545,-1.34357863780678,-0.467324811747034));
#3945=CARTESIAN_POINT('Ctrl Pts',(1.10523238395344,-1.68738157434623,-0.497547668825778));
#3946=CARTESIAN_POINT('Ctrl Pts',(0.874655019483695,-1.81762906111898,-0.512994895408143));
#3947=CARTESIAN_POINT('Ctrl Pts',(0.384922884191066,-1.97888831918493,-0.542438651197493));
#3948=CARTESIAN_POINT('Ctrl Pts',(0.131524264075937,-2.01167081654856,-0.555515238872977));
#3949=CARTESIAN_POINT('Ctrl Pts',(-0.385935547969403,-1.98024832907092,
-0.582572839746754));
#3950=CARTESIAN_POINT('Ctrl Pts',(-0.644778113860624,-1.91168678777516,
-0.597648798563696));
#3951=CARTESIAN_POINT('Ctrl Pts',(-1.11530932893687,-1.68026624610322,-0.62816893018502));
#3952=CARTESIAN_POINT('Ctrl Pts',(-1.32351085806064,-1.52169293241013,-0.643311940945199));
#3953=CARTESIAN_POINT('Ctrl Pts',(-1.66516443697017,-1.13684720018476,-0.671796314388495));
#3954=CARTESIAN_POINT('Ctrl Pts',(-1.79652765039073,-0.91524904708445,-0.68411047225344));
#3955=CARTESIAN_POINT('Ctrl Pts',(-1.97258563319523,-0.424119364267079,
-0.71275970375112));
#3956=CARTESIAN_POINT('Ctrl Pts',(-2.01146940960172,-0.157913241677855,
-0.728288394235492));
#3957=CARTESIAN_POINT('Ctrl Pts',(-1.98323418229523,0.363935664102594,-0.758729580406018));
#3958=CARTESIAN_POINT('Ctrl Pts',(-1.92033726323941,0.614824778386739,-0.77336477873926));
#3959=CARTESIAN_POINT('Ctrl Pts',(-1.70062188813489,1.08479059394838,-0.800779451313689));
#3960=CARTESIAN_POINT('Ctrl Pts',(-1.54375636369873,1.29835802779061,-0.814047729164602));
#3961=CARTESIAN_POINT('Ctrl Pts',(-1.1559773493785,1.65315653069557,-0.843985896684252));
#3962=CARTESIAN_POINT('Ctrl Pts',(-0.928739238910031,1.79071214926283,-0.859477584180928));
#3963=CARTESIAN_POINT('Ctrl Pts',(-0.462739791054677,1.95958326259549,-0.887944420986012));
#3964=CARTESIAN_POINT('Ctrl Pts',(-0.232156460437613,2.,-0.900771885443848));
#3965=CARTESIAN_POINT('Ctrl Pts',(3.71230823859037E-14,2.,-0.912500000000032));
#3966=CARTESIAN_POINT('Ctrl Pts',(-2.06779038336435E-14,2.,-1.00000000000001));
#3967=CARTESIAN_POINT('Ctrl Pts',(-0.129288959403787,1.99999999999999,-0.993468561142451));
#3968=CARTESIAN_POINT('Ctrl Pts',(-0.258549585643394,1.98746601614371,-0.986572979094743));
#3969=CARTESIAN_POINT('Ctrl Pts',(-0.640195681331961,1.91239920454832,-0.965103476266126));
#3970=CARTESIAN_POINT('Ctrl Pts',(-0.882259346806148,1.81348216848358,-0.949989787835598));
#3971=CARTESIAN_POINT('Ctrl Pts',(-1.32024373357235,1.52553225042212,-0.919465088243778));
#3972=CARTESIAN_POINT('Ctrl Pts',(-1.51065849941639,1.33725325457547,-0.904354216103781));
#3973=CARTESIAN_POINT('Ctrl Pts',(-1.80026952497015,0.907273327055125,-0.87718252207261));
#3974=CARTESIAN_POINT('Ctrl Pts',(-1.90057328572377,0.67229210841439,-0.864217039657522));
#3975=CARTESIAN_POINT('Ctrl Pts',(-2.01003039202276,0.168692990039051,-0.834840424418961));
#3976=CARTESIAN_POINT('Ctrl Pts',(-2.01481725149438,-0.095853336436483,
-0.819408555374555));
#3977=CARTESIAN_POINT('Ctrl Pts',(-1.92145430256794,-0.615328606707887,
-0.78910583127539));
#3978=CARTESIAN_POINT('Ctrl Pts',(-1.82280976069546,-0.864824289181097,
-0.775194265842232));
#3979=CARTESIAN_POINT('Ctrl Pts',(-1.53941620699171,-1.30209520341939,-0.748124013198336));
#3980=CARTESIAN_POINT('Ctrl Pts',(-1.36071977087342,-1.48783522993591,-0.733679182652361));
#3981=CARTESIAN_POINT('Ctrl Pts',(-0.935038936074881,-1.78777036477294,
-0.703426466903965));
#3982=CARTESIAN_POINT('Ctrl Pts',(-0.689828150267912,-1.89593691126934,
-0.687884014393357));
#3983=CARTESIAN_POINT('Ctrl Pts',(-0.179724502340985,-2.00841317935047,
-0.658833964710367));
#3984=CARTESIAN_POINT('Ctrl Pts',(0.0794638613158029,-2.01487122052899,
-0.64641937678148));
#3985=CARTESIAN_POINT('Ctrl Pts',(0.587608782682563,-1.92911358739447,-0.618247571857109));
#3986=CARTESIAN_POINT('Ctrl Pts',(0.831634376571345,-1.83715033254171,-0.603237589054163));
#3987=CARTESIAN_POINT('Ctrl Pts',(1.27696254142857,-1.56194744493402,-0.572713683778027));
#3988=CARTESIAN_POINT('Ctrl Pts',(1.47260497522968,-1.37905278638031,-0.557495762702629));
#3989=CARTESIAN_POINT('Ctrl Pts',(1.77425095042268,-0.95719796558691,-0.529953067577277));
#3990=CARTESIAN_POINT('Ctrl Pts',(1.88112061713784,-0.724985254645479,-0.517290806521004));
#3991=CARTESIAN_POINT('Ctrl Pts',(2.00439020033265,-0.225208688744562,-0.488137173510117));
#3992=CARTESIAN_POINT('Ctrl Pts',(2.01663604472897,0.0383438788231876,-0.472763273735332));
#3993=CARTESIAN_POINT('Ctrl Pts',(1.93850386204917,0.55905333128787,-0.442388555674892));
#3994=CARTESIAN_POINT('Ctrl Pts',(1.84738731764828,0.810805521927341,-0.428011425893706));
#3995=CARTESIAN_POINT('Ctrl Pts',(1.57779828063546,1.25515926506951,-0.401431969365024));
#3996=CARTESIAN_POINT('Ctrl Pts',(1.40532195201918,1.4456474696376,-0.387162878685372));
#3997=CARTESIAN_POINT('Ctrl Pts',(0.993488038507755,1.75525033108726,-0.357327708399852));
#3998=CARTESIAN_POINT('Ctrl Pts',(0.75654370342055,1.86964600166939,-0.342021178815056));
#3999=CARTESIAN_POINT('Ctrl Pts',(0.339304002428054,1.97837140942291,-0.317771843891507));
#4000=CARTESIAN_POINT('Ctrl Pts',(0.169844635449582,2.00000000000001,-0.308580236524775));
#4001=CARTESIAN_POINT('Ctrl Pts',(-2.35783614854768E-13,1.99999999999999,
-0.300000000000006));
#4002=CARTESIAN_POINT('Origin',(0.,-2.22234418521235E-15,10.2));
#4003=CARTESIAN_POINT('',(5.3834374316867E-14,1.99999999999999,0.487499999999962));
#4004=CARTESIAN_POINT('',(-1.44007368671337E-13,1.99999999999999,0.399999999999994));
#4005=CARTESIAN_POINT('',(-2.4492935982947E-16,1.99999999999999,10.2));
#4006=CARTESIAN_POINT('Ctrl Pts',(1.07913677993563E-13,1.99999999999999,
0.487499999999962));
#4007=CARTESIAN_POINT('Ctrl Pts',(0.0957715932665172,1.99999999999999,0.482661796424064));
#4008=CARTESIAN_POINT('Ctrl Pts',(0.191612917337313,1.99312181955094,0.477619456580607));
#4009=CARTESIAN_POINT('Ctrl Pts',(0.551391782320877,1.94099142158869,0.457923624492179));
#4010=CARTESIAN_POINT('Ctrl Pts',(0.805601165927896,1.84998800356134,0.442427170728144));
#4011=CARTESIAN_POINT('Ctrl Pts',(1.2544174553687,1.57877669511977,0.411843472915131));
#4012=CARTESIAN_POINT('Ctrl Pts',(1.44679832563745,1.40460202242287,0.397044652911603));
#4013=CARTESIAN_POINT('Ctrl Pts',(1.75672180808668,0.990698863024809,0.369315716902388));
#4014=CARTESIAN_POINT('Ctrl Pts',(1.87045694464082,0.754296088603942,0.356500605168531));
#4015=CARTESIAN_POINT('Ctrl Pts',(2.00215656252336,0.24714352005378,0.326916705336438));
#4016=CARTESIAN_POINT('Ctrl Pts',(2.0172602445037,-0.019028402790728,0.311390009837175));
#4017=CARTESIAN_POINT('Ctrl Pts',(1.94460950607047,-0.532048449337706,0.281463840455267));
#4018=CARTESIAN_POINT('Ctrl Pts',(1.86133674418334,-0.77463228359269,0.267313116790393));
#4019=CARTESIAN_POINT('Ctrl Pts',(1.60300942654671,-1.22497283511546,0.241043251284897));
#4020=CARTESIAN_POINT('Ctrl Pts',(1.4267515261819,-1.42642808217099,0.226306026486082));
#4021=CARTESIAN_POINT('Ctrl Pts',(1.00917295234924,-1.74631373594047,0.195880731825255));
#4022=CARTESIAN_POINT('Ctrl Pts',(0.773045030570196,-1.86291545185932,0.180551103014085));
#4023=CARTESIAN_POINT('Ctrl Pts',(0.276307016502324,-1.99699548560105,0.151546150576139));
#4024=CARTESIAN_POINT('Ctrl Pts',(0.0211417195248154,-2.01590505138135,
0.139031937859567));
#4025=CARTESIAN_POINT('Ctrl Pts',(-0.494263557598624,-1.9560329241249,0.111248347125969));
#4026=CARTESIAN_POINT('Ctrl Pts',(-0.749009402665225,-1.87331531769823,
0.0959664618272457));
#4027=CARTESIAN_POINT('Ctrl Pts',(-1.20495131692897,-1.61696991548924,0.0654563795726706));
#4028=CARTESIAN_POINT('Ctrl Pts',(-1.40320913032816,-1.44828602402881,0.0505208150690982));
#4029=CARTESIAN_POINT('Ctrl Pts',(-1.72475017846244,-1.04487874443491,0.0225111109783898));
#4030=CARTESIAN_POINT('Ctrl Pts',(-1.84497493552361,-0.81400835995137,0.0099838209971306));
#4031=CARTESIAN_POINT('Ctrl Pts',(-1.99310435769404,-0.312577399350772,
-0.0192663183712378));
#4032=CARTESIAN_POINT('Ctrl Pts',(-2.01693426954822,-0.0461537904335221,
-0.0348076955580774));
#4033=CARTESIAN_POINT('Ctrl Pts',(-1.96050045663337,0.470549965969141,-0.0649487480148995));
#4034=CARTESIAN_POINT('Ctrl Pts',(-1.88462635197041,0.71638483012344,-0.0792891150905669));
#4035=CARTESIAN_POINT('Ctrl Pts',(-1.63872360538031,1.17733105745762,-0.106177645018394));
#4036=CARTESIAN_POINT('Ctrl Pts',(-1.46675580838504,1.38572369212382,-0.120485819866404));
#4037=CARTESIAN_POINT('Ctrl Pts',(-1.05558893840862,1.71875913029072,-0.150970742497596));
#4038=CARTESIAN_POINT('Ctrl Pts',(-0.822022125505219,1.84192482716458,-0.166362438274644));
#4039=CARTESIAN_POINT('Ctrl Pts',(-0.385625050083105,1.97201989814632,-0.192202850129691));
#4040=CARTESIAN_POINT('Ctrl Pts',(-0.193179554467379,1.99999999999999,-0.202740926569817));
#4041=CARTESIAN_POINT('Ctrl Pts',(3.41726646979612E-13,1.99999999999999,
-0.212500000000049));
#4042=CARTESIAN_POINT('Ctrl Pts',(-2.3381296898606E-13,1.99999999999999,
-0.300000000000006));
#4043=CARTESIAN_POINT('Ctrl Pts',(-0.0829362548616385,1.99999999999999,
-0.295810213956397));
#4044=CARTESIAN_POINT('Ctrl Pts',(-0.16594905473055,1.99484173626476,-0.291466111641784));
#4045=CARTESIAN_POINT('Ctrl Pts',(-0.514370872689576,1.95120047017103,-0.272591616221576));
#4046=CARTESIAN_POINT('Ctrl Pts',(-0.770762236124883,1.86484614330496,-0.257120531368638));
#4047=CARTESIAN_POINT('Ctrl Pts',(-1.22536735545888,1.60150235798988,-0.226473862011649));
#4048=CARTESIAN_POINT('Ctrl Pts',(-1.42123486299368,1.43054434167293,-0.211592722693175));
#4049=CARTESIAN_POINT('Ctrl Pts',(-1.73803026005637,1.02282988122983,-0.183697134000186));
#4050=CARTESIAN_POINT('Ctrl Pts',(-1.85561055140539,0.789715154180134,-0.171066717327192));
#4051=CARTESIAN_POINT('Ctrl Pts',(-1.99705498480899,0.285925141510813,-0.141678966588148));
#4052=CARTESIAN_POINT('Ctrl Pts',(-2.01732137904678,0.0195706607329279,
-0.126141621876105));
#4053=CARTESIAN_POINT('Ctrl Pts',(-1.95425357903713,-0.495691275483515,
-0.0960846755968128));
#4054=CARTESIAN_POINT('Ctrl Pts',(-1.87534704912237,-0.740227141946036,
-0.0818200833864993));
#4055=CARTESIAN_POINT('Ctrl Pts',(-1.62499604166964,-1.19567198781913,-0.055252467377236));
#4056=CARTESIAN_POINT('Ctrl Pts',(-1.45238232000169,-1.40032944154835,-0.0408620570873744));
#4057=CARTESIAN_POINT('Ctrl Pts',(-1.04027711811393,-1.7280350138396,-0.0104851860866658));
#4058=CARTESIAN_POINT('Ctrl Pts',(-0.805841055875198,-1.84902937833996,
0.00488709202987452));
#4059=CARTESIAN_POINT('Ctrl Pts',(-0.311297623535012,-1.99181214613489,
0.034035008005306));
#4060=CARTESIAN_POINT('Ctrl Pts',(-0.0567370783833004,-2.01518710293052,
0.046690790676883));
#4061=CARTESIAN_POINT('Ctrl Pts',(0.459395003179285,-1.96451230957046,0.074242842653129));
#4062=CARTESIAN_POINT('Ctrl Pts',(0.715552708410988,-1.88634513541505,0.089463331572166));
#4063=CARTESIAN_POINT('Ctrl Pts',(1.17635719654073,-1.63795959476754,0.119986899426782));
#4064=CARTESIAN_POINT('Ctrl Pts',(1.3778823978633,-1.47247897203142,0.134994097647726));
#4065=CARTESIAN_POINT('Ctrl Pts',(1.70596148611854,-1.07505097368673,0.163159695717416));
#4066=CARTESIAN_POINT('Ctrl Pts',(1.82981774142552,-0.847236801188789,0.17557785326397));
#4067=CARTESIAN_POINT('Ctrl Pts',(1.98709748218558,-0.349102897958901,0.204635664285714));
#4068=CARTESIAN_POINT('Ctrl Pts',(2.01583177928019,-0.0826598150412008,
0.220178177455913));
#4069=CARTESIAN_POINT('Ctrl Pts',(1.96855399499147,0.435887811456186,0.250426789001594));
#4070=CARTESIAN_POINT('Ctrl Pts',(1.89687815380611,0.683446107175292,0.264867689585208));
#4071=CARTESIAN_POINT('Ctrl Pts',(1.65954536135062,1.14738896358199,0.291931022875598));
#4072=CARTESIAN_POINT('Ctrl Pts',(1.49259933394058,1.35749755383748,0.305856990436493));
#4073=CARTESIAN_POINT('Ctrl Pts',(1.08909646535354,1.69780291640786,0.336166781368745));
#4074=CARTESIAN_POINT('Ctrl Pts',(0.857518168115506,1.82574139980384,0.35159722728957));
#4075=CARTESIAN_POINT('Ctrl Pts',(0.411038108803923,1.96817994255484,0.378307030749216));
#4076=CARTESIAN_POINT('Ctrl Pts',(0.206006153883099,2.00000000000002,0.389592950515057));
#4077=CARTESIAN_POINT('Ctrl Pts',(-2.84910983694431E-13,1.99999999999999,
0.399999999999994));
#4078=CARTESIAN_POINT('Origin',(0.,-2.22234418521235E-15,10.2));
#4079=CARTESIAN_POINT('',(-5.22255169928655E-15,1.99999999999999,1.18749999999997));
#4080=CARTESIAN_POINT('',(-1.22464679914735E-16,1.99999999999999,1.09999999999998));
#4081=CARTESIAN_POINT('',(-2.4492935982947E-16,1.99999999999999,10.2));
#4082=CARTESIAN_POINT('Ctrl Pts',(2.39391839684799E-15,1.99999999999999,
1.18749999999997));
#4083=CARTESIAN_POINT('Ctrl Pts',(0.14137051312051,1.99999999999999,1.18035822341698));
#4084=CARTESIAN_POINT('Ctrl Pts',(0.282636705411168,1.98501462315762,1.17278464343793));
#4085=CARTESIAN_POINT('Ctrl Pts',(0.675171479426601,1.90039625055157,1.15048647754389));
#4086=CARTESIAN_POINT('Ctrl Pts',(0.91581097806636,1.79683984744801,1.13530942051311));
#4087=CARTESIAN_POINT('Ctrl Pts',(1.34866791015743,1.50045701930379,1.10479779056086));
#4088=CARTESIAN_POINT('Ctrl Pts',(1.53549422151438,1.30865577667055,1.08976546829978));
#4089=CARTESIAN_POINT('Ctrl Pts',(1.81699897719108,0.873300142550321,1.06284649657198));
#4090=CARTESIAN_POINT('Ctrl Pts',(1.91289754326519,0.636408997822528,1.04962385820628));
#4091=CARTESIAN_POINT('Ctrl Pts',(2.01295002170833,0.13027576304862,1.02009941951114));
#4092=CARTESIAN_POINT('Ctrl Pts',(2.01265034687278,-0.134827071697506,1.00463508748428));
#4093=CARTESIAN_POINT('Ctrl Pts',(1.90934986696585,-0.651249673366717,0.974510435720241));
#4094=CARTESIAN_POINT('Ctrl Pts',(1.80679157370902,-0.8973310698928,0.960936942255008));
#4095=CARTESIAN_POINT('Ctrl Pts',(1.51659544415402,-1.32868885629542,0.933695502302249));
#4096=CARTESIAN_POINT('Ctrl Pts',(1.33436236039933,-1.5115928262888,0.919154725208107));
#4097=CARTESIAN_POINT('Ctrl Pts',(0.907987439078199,-1.80079004300636,0.889180134771024));
#4098=CARTESIAN_POINT('Ctrl Pts',(0.667006826406145,-1.90326240558454,0.874017463113396));
#4099=CARTESIAN_POINT('Ctrl Pts',(0.163555764865868,-2.00956066970444,0.845483681559959));
#4100=CARTESIAN_POINT('Ctrl Pts',(-0.093791001612656,-2.01402213362821,
0.833170831144951));
#4101=CARTESIAN_POINT('Ctrl Pts',(-0.607643453012036,-1.92401302078175,
0.804586690878917));
#4102=CARTESIAN_POINT('Ctrl Pts',(-0.858358354744967,-1.82599315978623,
0.789062125616079));
#4103=CARTESIAN_POINT('Ctrl Pts',(-1.29806132009371,-1.54297649641786,0.758594493211339));
#4104=CARTESIAN_POINT('Ctrl Pts',(-1.48500656221146,-1.3640132522001,0.743930604408868));
#4105=CARTESIAN_POINT('Ctrl Pts',(-1.78431909938653,-0.940664668490245,
0.716462222166885));
#4106=CARTESIAN_POINT('Ctrl Pts',(-1.89207140772944,-0.69909872453494,0.703280758931171));
#4107=CARTESIAN_POINT('Ctrl Pts',(-2.0085737207606,-0.186886027930899,0.673401684962603));
#4108=CARTESIAN_POINT('Ctrl Pts',(-2.01570803828118,0.0788114982654511,
0.657902662601149));
#4109=CARTESIAN_POINT('Ctrl Pts',(-1.92828849002497,0.58825889690626,0.628184897680435));
#4110=CARTESIAN_POINT('Ctrl Pts',(-1.8382321408162,0.82774832913089,0.614554758100309));
#4111=CARTESIAN_POINT('Ctrl Pts',(-1.5675019121672,1.27013420076624,0.587975046935305));
#4112=CARTESIAN_POINT('Ctrl Pts',(-1.38552353531541,1.4664849010504,0.573054940834919));
#4113=CARTESIAN_POINT('Ctrl Pts',(-0.959698367982001,1.77387903885186,0.542577379420956));
#4114=CARTESIAN_POINT('Ctrl Pts',(-0.721076634068638,1.88354232505764,0.52732413870455));
#4115=CARTESIAN_POINT('Ctrl Pts',(-0.314490673742919,1.98143219158961,0.503929047653625));
#4116=CARTESIAN_POINT('Ctrl Pts',(-0.157367102143747,1.99999999999999,0.495449894643597));
#4117=CARTESIAN_POINT('Ctrl Pts',(1.08558995126629E-13,1.99999999999999,
0.487499999999962));
#4118=CARTESIAN_POINT('Ctrl Pts',(-2.87769807982844E-13,1.99999999999999,
0.399999999999994));
#4119=CARTESIAN_POINT('Ctrl Pts',(-0.0465516976434721,1.99999999999999,
0.402351705576978));
#4120=CARTESIAN_POINT('Ctrl Pts',(-0.0931483820832805,1.99837475359048,
0.404753086823916));
#4121=CARTESIAN_POINT('Ctrl Pts',(-0.404267648282094,1.97658886213945,0.421105677965777));
#4122=CARTESIAN_POINT('Ctrl Pts',(-0.662476620332449,1.90562784919442,0.436219613384712));
#4123=CARTESIAN_POINT('Ctrl Pts',(-1.1306456464636,1.66994901210988,0.466744611876864));
#4124=CARTESIAN_POINT('Ctrl Pts',(-1.33720716028401,1.50963190972591,0.4818556326038));
#4125=CARTESIAN_POINT('Ctrl Pts',(-1.6754958936226,1.12164755608623,0.510261563403267));
#4126=CARTESIAN_POINT('Ctrl Pts',(-1.80500298293351,0.898523020172786,0.522586157156571));
#4127=CARTESIAN_POINT('Ctrl Pts',(-1.97643441179137,0.405639772607413,0.551337679931217));
#4128=CARTESIAN_POINT('Ctrl Pts',(-2.01280823817621,0.13934032581354,0.566871814327526));
#4129=CARTESIAN_POINT('Ctrl Pts',(-1.97985200991914,-0.381756605883991,
0.597269135343216));
#4130=CARTESIAN_POINT('Ctrl Pts',(-1.91477272790267,-0.63185154022061,0.611858006512852));
#4131=CARTESIAN_POINT('Ctrl Pts',(-1.69071349652682,-1.10034924564726,0.639187039329407));
#4132=CARTESIAN_POINT('Ctrl Pts',(-1.53139249598478,-1.31307090702844,0.652601454514865));
#4133=CARTESIAN_POINT('Ctrl Pts',(-1.13974173538671,-1.66435115407119,0.682632599692162));
#4134=CARTESIAN_POINT('Ctrl Pts',(-0.911402961151912,-1.79956070628992,
0.698111463749328));
#4135=CARTESIAN_POINT('Ctrl Pts',(-0.424365781498814,-1.97082516361778,
0.727710893681138));
#4136=CARTESIAN_POINT('Ctrl Pts',(-0.171529245859642,-2.00866918943442,
0.74108180871777));
#4137=CARTESIAN_POINT('Ctrl Pts',(0.346535725479102,-1.98751812015112,0.767870398087962));
#4138=CARTESIAN_POINT('Ctrl Pts',(0.606658934578441,-1.92411869454032,0.782860490921258));
#4139=CARTESIAN_POINT('Ctrl Pts',(1.08212179707963,-1.70190503579311,0.813361226154508));
#4140=CARTESIAN_POINT('Ctrl Pts',(1.29378994755086,-1.54712432621105,0.828568746586994));
#4141=CARTESIAN_POINT('Ctrl Pts',(1.64262640957378,-1.16902833159917,0.857219118639398));
#4142=CARTESIAN_POINT('Ctrl Pts',(1.77794961817953,-0.950651794312709,0.869545311998409));
#4143=CARTESIAN_POINT('Ctrl Pts',(1.96382463243904,-0.463306044040477,0.897973814097623));
#4144=CARTESIAN_POINT('Ctrl Pts',(2.00805226978404,-0.197374501050133,0.913486487438727));
#4145=CARTESIAN_POINT('Ctrl Pts',(1.98989413480201,0.32593465925782,0.944012855123358));
#4146=CARTESIAN_POINT('Ctrl Pts',(1.93166838000821,0.578450119318762,0.958742923626913));
#4147=CARTESIAN_POINT('Ctrl Pts',(1.72117821213329,1.05149745112847,0.986337351315813));
#4148=CARTESIAN_POINT('Ctrl Pts',(1.56946333414451,1.26684964694338,0.99933006617132));
#4149=CARTESIAN_POINT('Ctrl Pts',(1.18989228888071,1.62900314319672,1.02906810293018));
#4150=CARTESIAN_POINT('Ctrl Pts',(0.965055015203943,1.77148428679486,1.04458216574389));
#4151=CARTESIAN_POINT('Ctrl Pts',(0.489500382521828,1.95471720308202,1.07395059871502));
#4152=CARTESIAN_POINT('Ctrl Pts',(0.245721354412832,1.99999999999999,1.08758661211484));
#4153=CARTESIAN_POINT('Ctrl Pts',(-6.93889390390723E-16,1.99999999999999,
1.09999999999998));
#4154=CARTESIAN_POINT('Origin',(0.,-2.22234418521235E-15,10.2));
#4155=CARTESIAN_POINT('',(-1.619589038202E-13,1.99999999999999,1.88749999999998));
#4156=CARTESIAN_POINT('',(7.17911694493144E-14,1.99999999999999,1.79999999999997));
#4157=CARTESIAN_POINT('',(-2.4492935982947E-16,1.99999999999999,10.2));
#4158=CARTESIAN_POINT('Ctrl Pts',(-3.25260651745651E-13,1.99999999999999,
1.88749999999998));
#4159=CARTESIAN_POINT('Ctrl Pts',(0.178338269376367,2.00000000000002,1.87849068081473));
#4160=CARTESIAN_POINT('Ctrl Pts',(0.356177220298773,1.9761542196171,1.86881108434549));
#4161=CARTESIAN_POINT('Ctrl Pts',(0.780508301285383,1.85981532062085,1.8439814458727));
#4162=CARTESIAN_POINT('Ctrl Pts',(1.0162593597018,1.74221494721201,1.82864172799074));
#4163=CARTESIAN_POINT('Ctrl Pts',(1.43260810552512,1.42054745656466,1.79822659172172));
#4164=CARTESIAN_POINT('Ctrl Pts',(1.60804417098378,1.2183603671832,1.78357102141898));
#4165=CARTESIAN_POINT('Ctrl Pts',(1.86457075808661,0.766849640439285,1.75723289569225));
#4166=CARTESIAN_POINT('Ctrl Pts',(1.94685685698208,0.523816150508626,1.74305594211297));
#4167=CARTESIAN_POINT('Ctrl Pts',(2.01733883846228,0.0102721370449941,1.71309920799425));
#4168=CARTESIAN_POINT('Ctrl Pts',(2.00106518127688,-0.255949723474835,1.69756959946393));
#4169=CARTESIAN_POINT('Ctrl Pts',(1.8671506700164,-0.762346028785526,1.66802981498747));
#4170=CARTESIAN_POINT('Ctrl Pts',(1.75254239724101,-0.997999819094783,1.65526020244753));
#4171=CARTESIAN_POINT('Ctrl Pts',(1.44106173226592,-1.41050558207975,1.62749335785553));
#4172=CARTESIAN_POINT('Ctrl Pts',(1.24788829888988,-1.58395929360793,1.6126755270653));
#4173=CARTESIAN_POINT('Ctrl Pts',(0.797752118216576,-1.85340301326441,1.58207670546382));
#4174=CARTESIAN_POINT('Ctrl Pts',(0.543042540634065,-1.94336009939158,1.56658550083999));
#4175=CARTESIAN_POINT('Ctrl Pts',(0.026533203838879,-2.0159027541339,1.53837657800421));
#4176=CARTESIAN_POINT('Ctrl Pts',(-0.229494690986319,-2.0029751340062,1.52599312785019));
#4177=CARTESIAN_POINT('Ctrl Pts',(-0.729083565376158,-1.88047249978942,
1.4971818293798));
#4178=CARTESIAN_POINT('Ctrl Pts',(-0.967335748241101,-1.76974193094483,
1.48191612862119));
#4179=CARTESIAN_POINT('Ctrl Pts',(-1.39189867140234,-1.46043392261527,1.4514465122221));
#4180=CARTESIAN_POINT('Ctrl Pts',(-1.57301514324436,-1.26329839754667,1.43654705724415));
#4181=CARTESIAN_POINT('Ctrl Pts',(-1.84184933064995,-0.81968851543454,1.41002743026678));
#4182=CARTESIAN_POINT('Ctrl Pts',(-1.93087844543197,-0.579734580287071,
1.39631785051671));
#4183=CARTESIAN_POINT('Ctrl Pts',(-2.01605873991049,-0.0697107113442525,
1.36656645816171));
#4184=CARTESIAN_POINT('Ctrl Pts',(-2.00771333019869,0.196074044899027,1.35106234738086));
#4185=CARTESIAN_POINT('Ctrl Pts',(-1.88888849949511,0.707528122070252,1.32122752621253));
#4186=CARTESIAN_POINT('Ctrl Pts',(-1.78022245561641,0.948302435032266,1.30810805478369));
#4187=CARTESIAN_POINT('Ctrl Pts',(-1.47929650649553,1.37022340473529,1.28059980469921));
#4188=CARTESIAN_POINT('Ctrl Pts',(-1.29152110105283,1.54847252241015,1.2659148062734));
#4189=CARTESIAN_POINT('Ctrl Pts',(-0.850419543038481,1.82972120906084,1.23542808554421));
#4190=CARTESIAN_POINT('Ctrl Pts',(-0.599163878821332,1.92668708279104,1.2199069432571));
#4191=CARTESIAN_POINT('Ctrl Pts',(-0.224932221911627,1.99051844664357,1.19913970470733));
#4192=CARTESIAN_POINT('Ctrl Pts',(-0.112447233043624,1.99999999999999,1.19318062602336));
#4193=CARTESIAN_POINT('Ctrl Pts',(1.00613961606655E-15,1.99999999999999,
1.18749999999997));
#4194=CARTESIAN_POINT('Ctrl Pts',(0.,1.99999999999999,1.09999999999998));
#4195=CARTESIAN_POINT('Ctrl Pts',(-0.00789076129683692,1.99999999999999,
1.10039862665138));
#4196=CARTESIAN_POINT('Ctrl Pts',(-0.0157833896547795,1.99995330193532,
1.10079870965014));
#4197=CARTESIAN_POINT('Ctrl Pts',(-0.288784011526345,1.99672109278815,1.114684468388));
#4198=CARTESIAN_POINT('Ctrl Pts',(-0.550586298250886,1.94090040592785,1.12953833856731));
#4199=CARTESIAN_POINT('Ctrl Pts',(-1.03292273678522,1.73231614614539,1.15998878999923));
#4200=CARTESIAN_POINT('Ctrl Pts',(-1.24953005101175,1.58320450032171,1.17528048014708));
#4201=CARTESIAN_POINT('Ctrl Pts',(-1.60878544135879,1.21502279498028,1.20416803039795));
#4202=CARTESIAN_POINT('Ctrl Pts',(-1.74985493604866,1.00123270802529,1.21659475869851));
#4203=CARTESIAN_POINT('Ctrl Pts',(-1.94982884963353,0.519468283555035,1.24469768345928));
#4204=CARTESIAN_POINT('Ctrl Pts',(-2.00176705588132,0.254114844161662,1.26017663409056));
#4205=CARTESIAN_POINT('Ctrl Pts',(-1.99821057323151,-0.27096399599341,1.2908062330996));
#4206=CARTESIAN_POINT('Ctrl Pts',(-1.94678400316805,-0.52567143321652,1.30566416693762));
#4207=CARTESIAN_POINT('Ctrl Pts',(-1.74956132847858,-1.00306452085364,1.33351209704978));
#4208=CARTESIAN_POINT('Ctrl Pts',(-1.60510420717635,-1.22096502926808,1.34619125390404));
#4209=CARTESIAN_POINT('Ctrl Pts',(-1.23729559489966,-1.59342509092917,1.37563568248362));
#4210=CARTESIAN_POINT('Ctrl Pts',(-1.01605501899201,-1.74284934565936,1.39117055419315));
#4211=CARTESIAN_POINT('Ctrl Pts',(-0.537455601338736,-1.94316516675032,
1.42119105545388));
#4212=CARTESIAN_POINT('Ctrl Pts',(-0.28607770621376,-1.99573430721594,1.43542346789993));
#4213=CARTESIAN_POINT('Ctrl Pts',(0.233418185121128,-2.00393272693143,1.46190655908666));
#4214=CARTESIAN_POINT('Ctrl Pts',(0.49669928349405,-1.95540802692794,1.47639292740485));
#4215=CARTESIAN_POINT('Ctrl Pts',(0.985411167759531,-1.75987995684017,1.50678464901855));
#4216=CARTESIAN_POINT('Ctrl Pts',(1.20657153500929,-1.61629408363099,1.52214518260749));
#4217=CARTESIAN_POINT('Ctrl Pts',(1.57565365837892,-1.25760266994908,1.55125236104359));
#4218=CARTESIAN_POINT('Ctrl Pts',(1.72215593679716,-1.04804888357514,1.56386381512477));
#4219=CARTESIAN_POINT('Ctrl Pts',(1.93396038895841,-0.574588776881628,1.59148232134856));
#4220=CARTESIAN_POINT('Ctrl Pts',(1.99301898135332,-0.313356759118592,1.60672085571807));
#4221=CARTESIAN_POINT('Ctrl Pts',(2.00564782621332,0.209855439506101,1.63724156730451));
#4222=CARTESIAN_POINT('Ctrl Pts',(1.96183776969001,0.466778475922457,1.6522287444288));
#4223=CARTESIAN_POINT('Ctrl Pts',(1.77928159921047,0.948858082449429,1.68035005480954));
#4224=CARTESIAN_POINT('Ctrl Pts',(1.64264889800724,1.16956578774083,1.69279542109068));
#4225=CARTESIAN_POINT('Ctrl Pts',(1.28777254720117,1.5530605212553,1.72190838035988));
#4226=CARTESIAN_POINT('Ctrl Pts',(1.07069156416603,1.70995812345656,1.73745108977332));
#4227=CARTESIAN_POINT('Ctrl Pts',(0.597111935087218,1.92577168531022,1.76767001804805));
#4228=CARTESIAN_POINT('Ctrl Pts',(0.34670137046031,1.98619744985413,1.78208271428391));
#4229=CARTESIAN_POINT('Ctrl Pts',(0.0610988700542691,1.99930062280808,1.79689299970467));
#4230=CARTESIAN_POINT('Ctrl Pts',(0.030537084486068,1.99999999999999,1.7984573230295));
#4231=CARTESIAN_POINT('Ctrl Pts',(1.43827268258458E-13,1.99999999999999,
1.79999999999997));
#4232=CARTESIAN_POINT('Origin',(0.,-2.22234418521235E-15,10.2));
#4233=CARTESIAN_POINT('',(-9.01146270834107E-14,1.99999999999999,2.58749999999997));
#4234=CARTESIAN_POINT('',(1.97774803860915E-13,1.99999999999999,2.49999999999996));
#4235=CARTESIAN_POINT('',(-2.4492935982947E-16,1.99999999999999,10.2));
#4236=CARTESIAN_POINT('Ctrl Pts',(-1.79578574233119E-13,1.99999999999999,
2.58749999999997));
#4237=CARTESIAN_POINT('Ctrl Pts',(0.215374858976061,2.00000000000001,2.57661966087939));
#4238=CARTESIAN_POINT('Ctrl Pts',(0.429577911332102,1.96521862216017,2.56478406240606));
#4239=CARTESIAN_POINT('Ctrl Pts',(0.883213842952326,1.81350331576354,2.5374421852531));
#4240=CARTESIAN_POINT('Ctrl Pts',(1.11328115390925,1.6821014365332,2.52198705584985));
#4241=CARTESIAN_POINT('Ctrl Pts',(1.51116581741829,1.33655435208348,2.49180820268152));
#4242=CARTESIAN_POINT('Ctrl Pts',(1.67447660333995,1.12520189456544,2.47813677718294));
#4243=CARTESIAN_POINT('Ctrl Pts',(1.90552127908001,0.659088273414992,2.45094681594917));
#4244=CARTESIAN_POINT('Ctrl Pts',(1.97408597552654,0.410307880259079,2.4364346263484));
#4245=CARTESIAN_POINT('Ctrl Pts',(2.01459951266751,-0.109494342790392,2.40611283000385));
#4246=CARTESIAN_POINT('Ctrl Pts',(1.98225218500657,-0.37589586346147,2.39057274129804));
#4247=CARTESIAN_POINT('Ctrl Pts',(1.81826527400458,-0.871563742694727,2.3616587816761));
#4248=CARTESIAN_POINT('Ctrl Pts',(1.69173648275612,-1.09714984082784,2.34929652459273));
#4249=CARTESIAN_POINT('Ctrl Pts',(1.3588335940607,-1.49013208168123,2.32101690498264));
#4250=CARTESIAN_POINT('Ctrl Pts',(1.15491828481163,-1.65319741805811,2.30595940878655));
#4251=CARTESIAN_POINT('Ctrl Pts',(0.69059845257236,-1.89562073180558,2.27543215054057));
#4252=CARTESIAN_POINT('Ctrl Pts',(0.433447842060545,-1.97039791771216,2.26026037654235));
#4253=CARTESIAN_POINT('Ctrl Pts',(-0.0831839233150493,-2.01425492689837,
2.23288193350342));
#4254=CARTESIAN_POINT('Ctrl Pts',(-0.33731683195721,-1.98755887895251,2.2200965121428));
#4255=CARTESIAN_POINT('Ctrl Pts',(-0.830190961419018,-1.83827372165951,
2.19084327323113));
#4256=CARTESIAN_POINT('Ctrl Pts',(-1.06331015263267,-1.71401081848414,2.17544218862264));
#4257=CARTESIAN_POINT('Ctrl Pts',(-1.47272302422247,-1.37929908569703,2.14499698281609));
#4258=CARTESIAN_POINT('Ctrl Pts',(-1.64353499051252,-1.17051153685964,2.1307798396501));
#4259=CARTESIAN_POINT('Ctrl Pts',(-1.88747699755348,-0.708875789558852,
2.10385108772423));
#4260=CARTESIAN_POINT('Ctrl Pts',(-1.9623949287972,-0.462640809430799,2.08948738055009));
#4261=CARTESIAN_POINT('Ctrl Pts',(-2.0167405336545,0.0544983243312724,2.05932093108064));
#4262=CARTESIAN_POINT('Ctrl Pts',(-1.99179067316058,0.320934092998719,2.04377884457504));
#4263=CARTESIAN_POINT('Ctrl Pts',(-1.8415667816905,0.821617273478271,2.01457232571373));
#4264=CARTESIAN_POINT('Ctrl Pts',(-1.7205120992526,1.05178646099023,2.00207331404024));
#4265=CARTESIAN_POINT('Ctrl Pts',(-1.39747885489874,1.45383372365867,1.97402789411956));
#4266=CARTESIAN_POINT('Ctrl Pts',(-1.19847261209381,1.62179367747512,1.95907563519604));
#4267=CARTESIAN_POINT('Ctrl Pts',(-0.741411206815352,1.87633478486675,1.92856162359358));
#4268=CARTESIAN_POINT('Ctrl Pts',(-0.486336529348969,1.95801841984624,1.91329328379138));
#4269=CARTESIAN_POINT('Ctrl Pts',(-0.148640725974142,1.9958618612748,1.89512974998873));
#4270=CARTESIAN_POINT('Ctrl Pts',(-0.0742831797158312,1.99999999999998,
1.89125264870792));
#4271=CARTESIAN_POINT('Ctrl Pts',(-3.2367287828057E-13,1.99999999999999,
1.88749999999998));
#4272=CARTESIAN_POINT('Ctrl Pts',(1.45647383043013E-13,1.99999999999999,
1.79999999999997));
#4273=CARTESIAN_POINT('Ctrl Pts',(-0.235136581230239,1.99999999999999,1.81187866474106));
#4274=CARTESIAN_POINT('Ctrl Pts',(-0.468688304422131,1.95854062102905,1.82488649727501));
#4275=CARTESIAN_POINT('Ctrl Pts',(-0.935734314796294,1.78689445724464,1.8534871434524));
#4276=CARTESIAN_POINT('Ctrl Pts',(-1.161437989253,1.64913809426696,1.86890716912799));
#4277=CARTESIAN_POINT('Ctrl Pts',(-1.540573842658,1.30030358952175,1.89823475021422));
#4278=CARTESIAN_POINT('Ctrl Pts',(-1.69265914175524,1.09500051054833,1.91112497021801));
#4279=CARTESIAN_POINT('Ctrl Pts',(-1.91734890446294,0.627783795922636,1.93837927857117));
#4280=CARTESIAN_POINT('Ctrl Pts',(-1.98359265808733,0.368316749963005,1.95351485625215));
#4281=CARTESIAN_POINT('Ctrl Pts',(-2.01072000748078,-0.154996650108679,
1.98404147125633));
#4282=CARTESIAN_POINT('Ctrl Pts',(-1.97379952336669,-0.413711705081612,
1.99913318279642));
#4283=CARTESIAN_POINT('Ctrl Pts',(-1.8043602405618,-0.899877961392713,2.02749288108123));
#4284=CARTESIAN_POINT('Ctrl Pts',(-1.67455664786663,-1.12310138368533,2.03982828885831));
#4285=CARTESIAN_POINT('Ctrl Pts',(-1.33117236459523,-1.51615887364561,2.06863960388227));
#4286=CARTESIAN_POINT('Ctrl Pts',(-1.11796081558475,-1.67955300772007,2.08417631883247));
#4287=CARTESIAN_POINT('Ctrl Pts',(-0.649213192807737,-1.9089281802005,2.11454669007164));
#4288=CARTESIAN_POINT('Ctrl Pts',(-0.39985731909204,-1.97626876843572,2.12910778763304));
#4289=CARTESIAN_POINT('Ctrl Pts',(0.118429100754433,-2.01382613296622,2.15638608111655));
#4290=CARTESIAN_POINT('Ctrl Pts',(0.382606554021769,-1.98070055906365,2.16989147509448));
#4291=CARTESIAN_POINT('Ctrl Pts',(0.881981592201775,-1.81414040921507,2.19997698182805));
#4292=CARTESIAN_POINT('Ctrl Pts',(1.11236201484849,-1.68274977165723,2.21544760117204));
#4293=CARTESIAN_POINT('Ctrl Pts',(1.50214851202265,-1.34452965186927,2.24500364683448));
#4294=CARTESIAN_POINT('Ctrl Pts',(1.66018804543991,-1.14364642559406,2.25828729184034));
#4295=CARTESIAN_POINT('Ctrl Pts',(1.89833356061563,-0.683117246027672,2.28515149398171));
#4296=CARTESIAN_POINT('Ctrl Pts',(1.97206328344173,-0.425722016704298,2.30016621569224));
#4297=CARTESIAN_POINT('Ctrl Pts',(2.01443191738749,0.0972618531080713,2.33067360809797));
#4298=CARTESIAN_POINT('Ctrl Pts',(1.98481535787763,0.357662472534678,2.34586364423118));
#4299=CARTESIAN_POINT('Ctrl Pts',(1.82915253654788,0.848020763910702,2.37446787789479));
#4300=CARTESIAN_POINT('Ctrl Pts',(1.70636732829529,1.07389230366064,2.38678600734476));
#4301=CARTESIAN_POINT('Ctrl Pts',(1.37496534394995,1.47670219537119,2.4152764438626));
#4302=CARTESIAN_POINT('Ctrl Pts',(1.16595557836692,1.64672358863439,2.43079418755309));
#4303=CARTESIAN_POINT('Ctrl Pts',(0.702607024018758,1.89002303002078,2.46129793236107));
#4304=CARTESIAN_POINT('Ctrl Pts',(0.454541562168147,1.96450287969936,2.47600206916294));
#4305=CARTESIAN_POINT('Ctrl Pts',(0.132852961880283,1.99669451708273,2.49319210441746));
#4306=CARTESIAN_POINT('Ctrl Pts',(0.066389770740472,1.99999999999999,2.49664611169924));
#4307=CARTESIAN_POINT('Ctrl Pts',(3.95794537081659E-13,1.99999999999999,
2.49999999999996));
#4308=CARTESIAN_POINT('Origin',(0.,-2.22234418521235E-15,10.2));
#4309=CARTESIAN_POINT('',(-3.77197341173294E-9,1.99999999999999,3.28750000038107));
#4310=CARTESIAN_POINT('',(2.88994590731772E-14,1.99999999999999,3.19999999999997));
#4311=CARTESIAN_POINT('',(-2.4492935982947E-16,1.99999999999999,10.2));
#4312=CARTESIAN_POINT('Ctrl Pts',(-7.54395747835334E-9,1.99999999999999,
3.28750000038107));
#4313=CARTESIAN_POINT('Ctrl Pts',(0.00107666662486664,2.00000000000405,
3.28744560879558));
#4314=CARTESIAN_POINT('Ctrl Pts',(0.00215337916404563,1.99999913058769,
3.28739118991359));
#4315=CARTESIAN_POINT('Ctrl Pts',(0.257423679604521,1.99958685204599,3.27448338216369));
#4316=CARTESIAN_POINT('Ctrl Pts',(0.509172728938765,1.95072026777779,3.26034021091658));
#4317=CARTESIAN_POINT('Ctrl Pts',(0.989965311689985,1.75774069301589,3.23042288886689));
#4318=CARTESIAN_POINT('Ctrl Pts',(1.21307935137081,1.61187213385317,3.21489708102354));
#4319=CARTESIAN_POINT('Ctrl Pts',(1.58694073488559,1.24468230234227,3.18530059269344));
#4320=CARTESIAN_POINT('Ctrl Pts',(1.73511500892286,1.02809259690572,3.17247206815278));
#4321=CARTESIAN_POINT('Ctrl Pts',(1.9391726085594,0.552925653827064,3.14475399647319));
#4322=CARTESIAN_POINT('Ctrl Pts',(1.99411334380461,0.299325514561648,3.12996065501605));
#4323=CARTESIAN_POINT('Ctrl Pts',(2.00520703096187,-0.224890686921901,3.09938137659617));
#4324=CARTESIAN_POINT('Ctrl Pts',(1.95724414064983,-0.490569015369226,3.08388347410341));
#4325=CARTESIAN_POINT('Ctrl Pts',(1.76453061310882,-0.975228992062037,3.05561164212966));
#4326=CARTESIAN_POINT('Ctrl Pts',(1.62642961296827,-1.19137506357559,3.0432491067797));
#4327=CARTESIAN_POINT('Ctrl Pts',(1.2725547897852,-1.56469530655298,3.01448349880574));
#4328=CARTESIAN_POINT('Ctrl Pts',(1.0584844486467,-1.71675920614205,2.99923386443974));
#4329=CARTESIAN_POINT('Ctrl Pts',(0.57965533707252,-1.9324218818944,2.9687541428731));
#4330=CARTESIAN_POINT('Ctrl Pts',(0.318693396784067,-1.99216933995181,2.9538281946133));
#4331=CARTESIAN_POINT('Ctrl Pts',(-0.199756554815658,-2.00607903060967,
2.92723136362967));
#4332=CARTESIAN_POINT('Ctrl Pts',(-0.452220789751205,-1.9646452617136,2.91362346309736));
#4333=CARTESIAN_POINT('Ctrl Pts',(-0.937301154928317,-1.78626396671214,
2.8839153133778));
#4334=CARTESIAN_POINT('Ctrl Pts',(-1.16398494006311,-1.64754844527953,2.86841779887044));
#4335=CARTESIAN_POINT('Ctrl Pts',(-1.54984086637715,-1.29101423020654,2.83852615725813));
#4336=CARTESIAN_POINT('Ctrl Pts',(-1.7054930119665,-1.07702776060747,2.82532661936872));
#4337=CARTESIAN_POINT('Ctrl Pts',(-1.92304907075217,-0.606336242215774,
2.79786961412921));
#4338=CARTESIAN_POINT('Ctrl Pts',(-1.98485699424419,-0.355059064088454,
2.78321177873845));
#4339=CARTESIAN_POINT('Ctrl Pts',(-2.01073956402857,0.167148364869801,2.75274967871588));
#4340=CARTESIAN_POINT('Ctrl Pts',(-1.97060651542721,0.433299543718735,2.73722419328303));
#4341=CARTESIAN_POINT('Ctrl Pts',(-1.79224965483583,0.92355078308359,2.70862620432008));
#4342=CARTESIAN_POINT('Ctrl Pts',(-1.65996183965949,1.14439242911036,2.69631341962761));
#4343=CARTESIAN_POINT('Ctrl Pts',(-1.31663148780013,1.52766860175886,2.66779011754034));
#4344=CARTESIAN_POINT('Ctrl Pts',(-1.10761645460252,1.68536509653612,2.65263158394555));
#4345=CARTESIAN_POINT('Ctrl Pts',(-0.635920341222962,1.91465051639239,2.62211487820498));
#4346=CARTESIAN_POINT('Ctrl Pts',(-0.376770005850421,1.98201181716733,2.60705837845886));
#4347=CARTESIAN_POINT('Ctrl Pts',(-0.0746597652022895,1.99895577792676,
2.5913021295866));
#4348=CARTESIAN_POINT('Ctrl Pts',(-0.0373138177369068,1.99999999999999,
2.58938502498752));
#4349=CARTESIAN_POINT('Ctrl Pts',(-1.79984324806992E-13,1.99999999999999,
2.58749999999997));
#4350=CARTESIAN_POINT('Ctrl Pts',(3.97321064937728E-13,1.99999999999999,
2.49999999999996));
#4351=CARTESIAN_POINT('Ctrl Pts',(-0.194053031858538,1.99999999999999,2.50980319989075));
#4352=CARTESIAN_POINT('Ctrl Pts',(-0.387395373301632,1.97176630412427,2.52039397981399));
#4353=CARTESIAN_POINT('Ctrl Pts',(-0.826362923729032,1.84025540454947,2.54640554230784));
#4354=CARTESIAN_POINT('Ctrl Pts',(-1.06133141838028,1.71551307503996,2.56191403357019));
#4355=CARTESIAN_POINT('Ctrl Pts',(-1.46191478206856,1.38824618860792,2.59169604763289));
#4356=CARTESIAN_POINT('Ctrl Pts',(-1.62604499016018,1.19176738496149,2.60548023587724));
#4357=CARTESIAN_POINT('Ctrl Pts',(-1.87763735155197,0.738088108983472,2.6319448603093));
#4358=CARTESIAN_POINT('Ctrl Pts',(-1.9588158878488,0.482996377069278,2.64682521133762));
#4359=CARTESIAN_POINT('Ctrl Pts',(-2.01649200613293,-0.0392067701800726,
2.67728706159384));
#4360=CARTESIAN_POINT('Ctrl Pts',(-1.9942750058672,-0.301095451614364,2.69256390134417));
#4361=CARTESIAN_POINT('Ctrl Pts',(-1.8524629564244,-0.795557289708481,2.72140750856633));
#4362=CARTESIAN_POINT('Ctrl Pts',(-1.73657849573607,-1.02411681608519,2.73380801004571));
#4363=CARTESIAN_POINT('Ctrl Pts',(-1.41712635705351,-1.43643800109375,2.76197217520635));
#4364=CARTESIAN_POINT('Ctrl Pts',(-1.21246773547786,-1.61291352391021,2.7774583526028));
#4365=CARTESIAN_POINT('Ctrl Pts',(-0.75485530530447,-1.86986476975357,2.8080704966676));
#4366=CARTESIAN_POINT('Ctrl Pts',(-0.508264831493965,-1.9513840710156,2.82290543714239));
#4367=CARTESIAN_POINT('Ctrl Pts',(0.00432126152249052,-2.016744576539,2.85070668561392));
#4368=CARTESIAN_POINT('Ctrl Pts',(0.265515924321755,-1.99919784856123,2.863436768992));
#4369=CARTESIAN_POINT('Ctrl Pts',(0.771432548091794,-1.8640600176709,2.89293626021523));
#4370=CARTESIAN_POINT('Ctrl Pts',(1.0106918550255,-1.74594346579303,2.9084682635223));
#4371=CARTESIAN_POINT('Ctrl Pts',(1.42158565837136,-1.42960752359772,2.93845232270037));
#4372=CARTESIAN_POINT('Ctrl Pts',(1.59171612104373,-1.23740467156854,2.95265291520475));
#4373=CARTESIAN_POINT('Ctrl Pts',(1.85620894028709,-0.790383376469673,2.97905272384583));
#4374=CARTESIAN_POINT('Ctrl Pts',(1.94453850813346,-0.537675554409159,2.99363559265947));
#4375=CARTESIAN_POINT('Ctrl Pts',(2.01689741416371,-0.0164386835173289,
3.02404107679483));
#4376=CARTESIAN_POINT('Ctrl Pts',(2.00182498483682,0.2466815022473,3.03938975429776));
#4377=CARTESIAN_POINT('Ctrl Pts',(1.87331019783928,0.744975707944427,3.06845691629676));
#4378=CARTESIAN_POINT('Ctrl Pts',(1.76391487097323,0.976147998891297,3.08102793647907));
#4379=CARTESIAN_POINT('Ctrl Pts',(1.45765916480109,1.39484311698153,3.10871134868331));
#4380=CARTESIAN_POINT('Ctrl Pts',(1.26004762738588,1.57562698675434,3.12396718055483));
#4381=CARTESIAN_POINT('Ctrl Pts',(0.81199419596127,1.84587754767214,3.15448431839047));
#4382=CARTESIAN_POINT('Ctrl Pts',(0.567266265222119,1.93515768524891,3.16945152436355));
#4383=CARTESIAN_POINT('Ctrl Pts',(0.208774827807338,1.9918335717909,3.18921489474504));
#4384=CARTESIAN_POINT('Ctrl Pts',(0.104356733864895,1.99999999999999,3.19472809101597));
#4385=CARTESIAN_POINT('Ctrl Pts',(7.26849136434282E-14,1.99999999999999,
3.19999999999997));
#4386=CARTESIAN_POINT('Origin',(0.,-2.22234418521235E-15,10.2));
#4387=CARTESIAN_POINT('',(1.25791836091984E-13,1.99999999999999,3.98749999999995));
#4388=CARTESIAN_POINT('',(-8.7266931207597E-15,1.99999999999999,3.89999999999997));
#4389=CARTESIAN_POINT('',(-2.4492935982947E-16,1.99999999999999,10.2));
#4390=CARTESIAN_POINT('Ctrl Pts',(2.51828601543798E-13,1.99999999999999,
3.98749999999995));
#4391=CARTESIAN_POINT('Ctrl Pts',(0.0385931288983198,1.99999999999999,3.9855503465811));
#4392=CARTESIAN_POINT('Ctrl Pts',(0.0772225148405618,1.99888294959772,3.98356628088677));
#4393=CARTESIAN_POINT('Ctrl Pts',(0.37102473013096,1.98183724663726,3.96822677059286));
#4394=CARTESIAN_POINT('Ctrl Pts',(0.620976859447724,1.91825039254765,3.95374503521501));
#4395=CARTESIAN_POINT('Ctrl Pts',(1.09239583208817,1.69622805202998,3.92345416992551));
#4396=CARTESIAN_POINT('Ctrl Pts',(1.30773223872329,1.53635114410126,3.90791269686476));
#4397=CARTESIAN_POINT('Ctrl Pts',(1.65736858243022,1.14846871819691,3.87893647869126));
#4398=CARTESIAN_POINT('Ctrl Pts',(1.79087370651595,0.926617306800514,3.86655267622997));
#4399=CARTESIAN_POINT('Ctrl Pts',(1.9674595548735,0.442665306453321,3.83832214287639));
#4400=CARTESIAN_POINT('Ctrl Pts',(2.00814214557871,0.184904166149624,3.82328607635867));
#4401=CARTESIAN_POINT('Ctrl Pts',(1.988917021957,-0.338404243548975,3.79275975245959));
#4402=CARTESIAN_POINT('Ctrl Pts',(1.92658171746643,-0.598858207174102,3.77756660458145));
#4403=CARTESIAN_POINT('Ctrl Pts',(1.70890316608078,-1.06949186163047,3.75011297473817));
#4404=CARTESIAN_POINT('Ctrl Pts',(1.55986931829536,-1.27710530519394,3.73738613854507));
#4405=CARTESIAN_POINT('Ctrl Pts',(1.18622162096618,-1.63133948464587,3.70817831843048));
#4406=CARTESIAN_POINT('Ctrl Pts',(0.962983131720546,-1.77229992747586,3.69278937701857));
#4407=CARTESIAN_POINT('Ctrl Pts',(0.46914884572661,-1.96254096744463,3.66229308619854));
#4408=CARTESIAN_POINT('Ctrl Pts',(0.202623726563267,-2.00761815026864,3.64795837156855));
#4409=CARTESIAN_POINT('Ctrl Pts',(-0.319628490067028,-1.99069003637528,
3.62108141985089));
#4410=CARTESIAN_POINT('Ctrl Pts',(-0.570501783774639,-1.93377671188523,
3.60674779356683));
#4411=CARTESIAN_POINT('Ctrl Pts',(-1.04638722185418,-1.72488000893557,3.5766141218085));
#4412=CARTESIAN_POINT('Ctrl Pts',(-1.26535884576258,-1.57131143757537,3.56107299745142));
#4413=CARTESIAN_POINT('Ctrl Pts',(-1.62603231728327,-1.1927261722814,3.53181037119988));
#4414=CARTESIAN_POINT('Ctrl Pts',(-1.76615330775755,-0.973278843686946,
3.51927459921502));
#4415=CARTESIAN_POINT('Ctrl Pts',(-1.95529539057486,-0.493288439911657,
3.49127515899479));
#4416=CARTESIAN_POINT('Ctrl Pts',(-2.0025377813479,-0.237332956353905,3.47634442245392));
#4417=CARTESIAN_POINT('Ctrl Pts',(-1.99717681910865,0.285676112406552,3.44583556010956));
#4418=CARTESIAN_POINT('Ctrl Pts',(-1.94174350292881,0.547717052729456,3.43054983859073));
#4419=CARTESIAN_POINT('Ctrl Pts',(-1.73643661841847,1.02426453834472,3.40275123526317));
#4420=CARTESIAN_POINT('Ctrl Pts',(-1.59270960432062,1.23597009202652,3.39024494604377));
#4421=CARTESIAN_POINT('Ctrl Pts',(-1.2286431751208,1.59952280464791,3.36124936330511));
#4422=CARTESIAN_POINT('Ctrl Pts',(-1.00979340394706,1.74595058887547,3.34592266768062));
#4423=CARTESIAN_POINT('Ctrl Pts',(-0.525236944925012,1.9477863477059,3.31555689620168));
#4424=CARTESIAN_POINT('Ctrl Pts',(-0.263847207332604,1.99999999900476,3.3008290724446));
#4425=CARTESIAN_POINT('Ctrl Pts',(-7.54395726443313E-9,1.99999999999999,
3.28750000038107));
#4426=CARTESIAN_POINT('Ctrl Pts',(7.0082828429463E-14,1.99999999999999,
3.19999999999997));
#4427=CARTESIAN_POINT('Ctrl Pts',(-0.152008854387642,1.99999999999999,3.20767920588746));
#4428=CARTESIAN_POINT('Ctrl Pts',(-0.303835915850161,1.98267483516203,3.21585454524076));
#4429=CARTESIAN_POINT('Ctrl Pts',(-0.710801885941571,1.88813217141804,3.2391712069335));
#4430=CARTESIAN_POINT('Ctrl Pts',(-0.954530181153864,1.77739628423484,3.25471370586738));
#4431=CARTESIAN_POINT('Ctrl Pts',(-1.37649429915381,1.47320740948589,3.28490272737851));
#4432=CARTESIAN_POINT('Ctrl Pts',(-1.55302555825611,1.28578059400217,3.29928737520189));
#4433=CARTESIAN_POINT('Ctrl Pts',(-1.83226808090821,0.844927903677289,3.32625239391165));
#4434=CARTESIAN_POINT('Ctrl Pts',(-1.9285067345441,0.593331032549419,3.34038902310128));
#4435=CARTESIAN_POINT('Ctrl Pts',(-2.01576976586173,0.0720322390323171,
3.37079811938978));
#4436=CARTESIAN_POINT('Ctrl Pts',(-2.00788658462961,-0.192127354125797,
3.38620742899067));
#4437=CARTESIAN_POINT('Ctrl Pts',(-1.89269988061451,-0.694155212040959,
3.41549238736906));
#4438=CARTESIAN_POINT('Ctrl Pts',(-1.78968694653411,-0.927982839205325,
3.42832116177983));
#4439=CARTESIAN_POINT('Ctrl Pts',(-1.4951021678422,-1.35462619210755,3.45564680385121));
#4440=CARTESIAN_POINT('Ctrl Pts',(-1.30251206053328,-1.54070228164038,3.47080331878033));
#4441=CARTESIAN_POINT('Ctrl Pts',(-0.861453108536018,-1.82341657454281,
3.50133063398143));
#4442=CARTESIAN_POINT('Ctrl Pts',(-0.618556318467219,-1.91946903180733,
3.51640286010898));
#4443=CARTESIAN_POINT('Ctrl Pts',(-0.11221088224154,-2.01321278033359,3.54471668674127));
#4444=CARTESIAN_POINT('Ctrl Pts',(0.146241377966556,-2.01102752382113,3.55706620754543));
#4445=CARTESIAN_POINT('Ctrl Pts',(0.65785469626142,-1.9073297221045,3.58593648437803));
#4446=CARTESIAN_POINT('Ctrl Pts',(0.905264041008902,-1.80309582368342,3.60147530178027));
#4447=CARTESIAN_POINT('Ctrl Pts',(1.33650169775676,-1.50969564183357,3.63181813508993));
#4448=CARTESIAN_POINT('Ctrl Pts',(1.51845141950407,-1.32656067329965,3.64635133474478));
#4449=CARTESIAN_POINT('Ctrl Pts',(1.80810138014705,-0.8947261376545,3.67357908844154));
#4450=CARTESIAN_POINT('Ctrl Pts',(1.91034670633655,-0.648371991632533,3.68717830048811));
#4451=CARTESIAN_POINT('Ctrl Pts',(2.01285203064073,-0.131701427524582,3.71731741672774));
#4452=CARTESIAN_POINT('Ctrl Pts',(2.01274282219463,0.133360284710733,3.73277934994147));
#4453=CARTESIAN_POINT('Ctrl Pts',(1.91193456657372,0.639291955788545,3.76229203075434));
#4454=CARTESIAN_POINT('Ctrl Pts',(1.81568382485628,0.876028850708166,3.77549252295431));
#4455=CARTESIAN_POINT('Ctrl Pts',(1.53353030070803,1.3109570351668,3.80243180198234));
#4456=CARTESIAN_POINT('Ctrl Pts',(1.34641488277399,1.50247950794414,3.81747059858496));
#4457=CARTESIAN_POINT('Ctrl Pts',(0.913142354506035,1.79819206075021,3.84798367398925));
#4458=CARTESIAN_POINT('Ctrl Pts',(0.672385878519863,1.90137854137878,3.86315585109348));
#4459=CARTESIAN_POINT('Ctrl Pts',(0.280712724635037,1.98521856355123,3.88538778764612));
#4460=CARTESIAN_POINT('Ctrl Pts',(0.140405044040064,1.99999999999999,3.89290699712741));
#4461=CARTESIAN_POINT('Ctrl Pts',(3.43475248243408E-15,1.99999999999999,
3.89999999999997));
#4462=CARTESIAN_POINT('Origin',(0.,-2.22234418521235E-15,10.2));
#4463=CARTESIAN_POINT('',(1.79691056512727E-13,1.99999999999999,4.68749999999994));
#4464=CARTESIAN_POINT('',(-1.43944395348184E-13,1.99999999999999,4.59999999999998));
#4465=CARTESIAN_POINT('',(-2.4492935982947E-16,1.99999999999999,10.2));
#4466=CARTESIAN_POINT('Ctrl Pts',(3.59627042385283E-13,1.99999999999999,
4.68749999999994));
#4467=CARTESIAN_POINT('Ctrl Pts',(0.0748261018114432,1.99999999999999,4.68371992387292));
#4468=CARTESIAN_POINT('Ctrl Pts',(0.149731984785277,1.99580114858923,4.67981335084977));
#4469=CARTESIAN_POINT('Ctrl Pts',(0.47973984720365,1.95854396571164,4.66205529679817));
#4470=CARTESIAN_POINT('Ctrl Pts',(0.72713935264599,1.88076553060688,4.64728859413947));
#4471=CARTESIAN_POINT('Ctrl Pts',(1.18785135525753,1.63105938426387,4.61673118081588));
#4472=CARTESIAN_POINT('Ctrl Pts',(1.3948481342358,1.45800367588949,4.60122662862432));
#4473=CARTESIAN_POINT('Ctrl Pts',(1.72066829738747,1.05072510432736,4.57288783888308));
#4474=CARTESIAN_POINT('Ctrl Pts',(1.84021863848906,0.823604674261296,4.5605436059985));
#4475=CARTESIAN_POINT('Ctrl Pts',(1.98942628388632,0.331319865029786,4.53182699212667));
#4476=CARTESIAN_POINT('Ctrl Pts',(2.01560046953297,0.0701997889906794,4.51659498769105));
#4477=CARTESIAN_POINT('Ctrl Pts',(1.96609401499511,-0.452476164200759,4.48610555708822));
#4478=CARTESIAN_POINT('Ctrl Pts',(1.88888222968538,-0.708825034423973,4.47115187299187));
#4479=CARTESIAN_POINT('Ctrl Pts',(1.64445965824277,-1.1661771328214,4.44447300058535));
#4480=CARTESIAN_POINT('Ctrl Pts',(1.48359526365338,-1.36500329464871,4.43096922316273));
#4481=CARTESIAN_POINT('Ctrl Pts',(1.08878761223152,-1.69815459542544,4.40130735863859));
#4482=CARTESIAN_POINT('Ctrl Pts',(0.856253791526919,-1.82647755778222,4.38581742747165));
#4483=CARTESIAN_POINT('Ctrl Pts',(0.355258034230332,-1.98563986777728,4.35586581533805));
#4484=CARTESIAN_POINT('Ctrl Pts',(0.0917994985441819,-2.01507175637994,
4.34257713359899));
#4485=CARTESIAN_POINT('Ctrl Pts',(-0.425190828042706,-1.97101523817082,
4.31517475769835));
#4486=CARTESIAN_POINT('Ctrl Pts',(-0.673975051062866,-1.90037050299414,
4.30054616791925));
#4487=CARTESIAN_POINT('Ctrl Pts',(-1.14027597107909,-1.66454116198731,4.2701111529916));
#4488=CARTESIAN_POINT('Ctrl Pts',(-1.35156912667198,-1.49806967952774,4.25458159573049));
#4489=CARTESIAN_POINT('Ctrl Pts',(-1.68942378717442,-1.10048431323927,4.22591756395146));
#4490=CARTESIAN_POINT('Ctrl Pts',(-1.81597574430707,-0.876043428585345,
4.21360253333408));
#4491=CARTESIAN_POINT('Ctrl Pts',(-1.97907070589679,-0.387933407041003,
4.185129448744));
#4492=CARTESIAN_POINT('Ctrl Pts',(-2.01263540647479,-0.128416861576939,
4.16999098359193));
#4493=CARTESIAN_POINT('Ctrl Pts',(-1.9784890851717,0.39480026087752,4.13946998478208));
#4494=CARTESIAN_POINT('Ctrl Pts',(-1.90878928685866,0.653340694331439,4.12438845949727));
#4495=CARTESIAN_POINT('Ctrl Pts',(-1.67789290043709,1.11749372931233,4.09731286579005));
#4496=CARTESIAN_POINT('Ctrl Pts',(-1.52307771928678,1.32075605301001,4.0842543482695));
#4497=CARTESIAN_POINT('Ctrl Pts',(-1.13904834798672,1.66473636288256,4.05482113640309));
#4498=CARTESIAN_POINT('Ctrl Pts',(-0.911177907507554,1.79959197535469,4.03937625494277));
#4499=CARTESIAN_POINT('Ctrl Pts',(-0.450224651974399,1.96177327395198,4.0113594620275));
#4500=CARTESIAN_POINT('Ctrl Pts',(-0.225788506411939,1.99999999999999,3.9989064173087));
#4501=CARTESIAN_POINT('Ctrl Pts',(2.61214661012588E-13,1.99999999999999,
3.98749999999995));
#4502=CARTESIAN_POINT('Ctrl Pts',(1.00613961606655E-15,1.99999999999999,
3.89999999999997));
#4503=CARTESIAN_POINT('Ctrl Pts',(-0.11346174398453,1.99999999999999,3.90573187723779));
#4504=CARTESIAN_POINT('Ctrl Pts',(-0.226958311177701,1.99034661023558,3.91174707088113));
#4505=CARTESIAN_POINT('Ctrl Pts',(-0.60205750858551,1.925779180032,3.93257960457257));
#4506=CARTESIAN_POINT('Ctrl Pts',(-0.853129201723663,1.82845348830799,3.94810194767287));
#4507=CARTESIAN_POINT('Ctrl Pts',(-1.2937544921679,1.54660101923267,3.97858221856692));
#4508=CARTESIAN_POINT('Ctrl Pts',(-1.48124704028388,1.3681078980193,3.99326004433415));
#4509=CARTESIAN_POINT('Ctrl Pts',(-1.78162299119974,0.945699922840889,4.02075471385396));
#4510=CARTESIAN_POINT('Ctrl Pts',(-1.88997772445218,0.704656009283267,4.03389506612515));
#4511=CARTESIAN_POINT('Ctrl Pts',(-2.00801130108225,0.192942879668327,4.06374499868602));
#4512=CARTESIAN_POINT('Ctrl Pts',(-2.01594382157953,-0.0728127493168121,
4.07924741037682));
#4513=CARTESIAN_POINT('Ctrl Pts',(-1.93000006740586,-0.582640450458175,
4.10898735961007));
#4514=CARTESIAN_POINT('Ctrl Pts',(-1.84062099236109,-0.822435882918821,
4.1226696151946));
#4515=CARTESIAN_POINT('Ctrl Pts',(-1.57114083009767,-1.26562918197947,4.14920972528681));
#4516=CARTESIAN_POINT('Ctrl Pts',(-1.38973042359367,-1.46249785264561,4.16411624604626));
#4517=CARTESIAN_POINT('Ctrl Pts',(-0.964736638164264,-1.77115462321022,
4.19458863437462));
#4518=CARTESIAN_POINT('Ctrl Pts',(-0.726358069256929,-1.88152182683556,
4.20985012176987));
#4519=CARTESIAN_POINT('Ctrl Pts',(-0.226595715017029,-2.00330970030063,
4.2386493369325));
#4520=CARTESIAN_POINT('Ctrl Pts',(0.0294876155850778,-2.01586629975247,
4.25102689266854));
#4521=CARTESIAN_POINT('Ctrl Pts',(0.545885111371812,-1.94255801471507,4.27925249638724));
#4522=CARTESIAN_POINT('Ctrl Pts',(0.800424925311252,-1.85224455404294,4.2947455191237));
#4523=CARTESIAN_POINT('Ctrl Pts',(1.2501126801357,-1.58219860062612,4.32533925223287));
#4524=CARTESIAN_POINT('Ctrl Pts',(1.44301668778522,-1.40849913749853,4.34015063988921));
#4525=CARTESIAN_POINT('Ctrl Pts',(1.7539676898091,-0.995517736041976,4.36790459967831));
#4526=CARTESIAN_POINT('Ctrl Pts',(1.86827909883443,-0.759609440047809,4.38068944933056));
#4527=CARTESIAN_POINT('Ctrl Pts',(2.00144067340753,-0.252955517440506,4.41024426148265));
#4528=CARTESIAN_POINT('Ctrl Pts',(2.01731637313778,0.0132499214679411,4.42577291208565));
#4529=CARTESIAN_POINT('Ctrl Pts',(1.94609651363257,0.52661675993487,4.45571931099622));
#4530=CARTESIAN_POINT('Ctrl Pts',(1.86347462402343,0.76949778310259,4.469887370681));
#4531=CARTESIAN_POINT('Ctrl Pts',(1.60633508391279,1.22061136502926,4.49620232962672));
#4532=CARTESIAN_POINT('Ctrl Pts',(1.43061921866152,1.42254992665353,4.5108854719814));
#4533=CARTESIAN_POINT('Ctrl Pts',(1.01385147039229,1.74361197905729,4.54130411686279));
#4534=CARTESIAN_POINT('Ctrl Pts',(0.777971794434295,1.86087288024241,4.55664043099163));
#4535=CARTESIAN_POINT('Ctrl Pts',(0.354387048004265,1.97639468290378,4.58140853404799));
#4536=CARTESIAN_POINT('Ctrl Pts',(0.177436785327265,2.00000000000002,4.59103622211985));
#4537=CARTESIAN_POINT('Ctrl Pts',(-2.88137569359748E-13,1.99999999999999,
4.59999999999998));
#4538=CARTESIAN_POINT('Origin',(0.,-2.22234418521235E-15,10.2));
#4539=CARTESIAN_POINT('',(5.86233131220525E-15,1.99999999999999,5.38749999999996));
#4540=CARTESIAN_POINT('',(-1.07990247078663E-13,1.99999999999999,5.29999999999998));
#4541=CARTESIAN_POINT('',(-2.4492935982947E-16,1.99999999999999,10.2));
#4542=CARTESIAN_POINT('Ctrl Pts',(-2.8796409701215E-15,1.99999999999999,
5.38749999999996));
#4543=CARTESIAN_POINT('Ctrl Pts',(0.112082650588599,1.99999999999999,5.38183779200719));
#4544=CARTESIAN_POINT('Ctrl Pts',(0.224207476253079,1.99057981202802,5.37589869792511));
#4545=CARTESIAN_POINT('Ctrl Pts',(0.589968295597743,1.92839743532751,5.35560748586443));
#4546=CARTESIAN_POINT('Ctrl Pts',(0.83391040084484,1.83612272185448,5.34059263654333));
#4547=CARTESIAN_POINT('Ctrl Pts',(1.27891832599695,1.56034617785081,5.31006817753931));
#4548=CARTESIAN_POINT('Ctrl Pts',(1.47433045984845,1.37720768941314,5.29485477908603));
#4549=CARTESIAN_POINT('Ctrl Pts',(1.77544015681636,0.954987025314604,5.26732850531398));
#4550=CARTESIAN_POINT('Ctrl Pts',(1.88201642681385,0.722652578989868,5.25465473377433));
#4551=CARTESIAN_POINT('Ctrl Pts',(2.00467420794249,0.222704203514776,5.22549107853829));
#4552=CARTESIAN_POINT('Ctrl Pts',(2.01659010762154,-0.0408968261815448,
5.210114351806));
#4553=CARTESIAN_POINT('Ctrl Pts',(1.93778515298416,-0.561540870396356,5.1797434492268));
#4554=CARTESIAN_POINT('Ctrl Pts',(1.84634435474845,-0.813179732633102,5.16538948952665));
#4555=CARTESIAN_POINT('Ctrl Pts',(1.57616298515495,-1.25721874326536,5.13878928915087));
#4556=CARTESIAN_POINT('Ctrl Pts',(1.40341429770338,-1.44750522809822,5.12451232282138));
#4557=CARTESIAN_POINT('Ctrl Pts',(0.987977563000383,-1.75894819518489,5.09444147493613));
#4558=CARTESIAN_POINT('Ctrl Pts',(0.746874944861887,-1.8740837375694,5.07890329707001));
#4559=CARTESIAN_POINT('Ctrl Pts',(0.239645329749561,-2.0023596988409,5.04953761381898));
#4560=CARTESIAN_POINT('Ctrl Pts',(-0.020926920956531,-2.01653823425976,
5.03692517586417));
#4561=CARTESIAN_POINT('Ctrl Pts',(-0.53219849738739,-1.94503381602986,5.00901113688285));
#4562=CARTESIAN_POINT('Ctrl Pts',(-0.778064435847527,-1.8603701559236,4.99412108812623));
#4563=CARTESIAN_POINT('Ctrl Pts',(-1.23298091248473,-1.59734614587363,4.96346801635331));
#4564=CARTESIAN_POINT('Ctrl Pts',(-1.43562845177675,-1.41801377651475,4.9480001104196));
#4565=CARTESIAN_POINT('Ctrl Pts',(-1.74969519619416,-1.00147275617216,4.9199849268759));
#4566=CARTESIAN_POINT('Ctrl Pts',(-1.86249833187599,-0.771683231292865,
4.90751485515868));
#4567=CARTESIAN_POINT('Ctrl Pts',(-1.99802876368425,-0.275397778126855,
4.87856487039066));
#4568=CARTESIAN_POINT('Ctrl Pts',(-2.01687490781012,-0.0129031790238708,
4.86325268544299));
#4569=CARTESIAN_POINT('Ctrl Pts',(-1.95226946763147,0.508798076325653,4.83282011221427));
#4570=CARTESIAN_POINT('Ctrl Pts',(-1.86774210135667,0.762773729484427,4.81800486578001));
#4571=CARTESIAN_POINT('Ctrl Pts',(-1.61007799880204,1.21330651119326,4.79172378684699));
#4572=CARTESIAN_POINT('Ctrl Pts',(-1.44314801976509,1.40779833248866,4.77767771468372));
#4573=CARTESIAN_POINT('Ctrl Pts',(-1.03764022201631,1.73000088677937,4.74779463701705));
#4574=CARTESIAN_POINT('Ctrl Pts',(-0.800632645526154,1.85164689759405,4.73227344441072));
#4575=CARTESIAN_POINT('Ctrl Pts',(-0.368600522067043,1.97445549495045,4.70686606399478));
#4576=CARTESIAN_POINT('Ctrl Pts',(-0.184580851043177,1.99999999999999,4.69682468285322));
#4577=CARTESIAN_POINT('Ctrl Pts',(3.59627042385283E-13,1.99999999999999,
4.68749999999994));
#4578=CARTESIAN_POINT('Ctrl Pts',(-2.87643861336539E-13,1.99999999999999,
4.59999999999998));
#4579=CARTESIAN_POINT('Ctrl Pts',(-0.075198399564166,1.99999999999998,4.60379888392018));
#4580=CARTESIAN_POINT('Ctrl Pts',(-0.150471612308851,1.99575927307293,4.60772523513252));
#4581=CARTESIAN_POINT('Ctrl Pts',(-0.489031170280118,1.95734731814615,4.62594898586188));
#4582=CARTESIAN_POINT('Ctrl Pts',(-0.743994588218541,1.87531216945142,4.64122195752208));
#4583=CARTESIAN_POINT('Ctrl Pts',(-1.20067637342143,1.6201573754778,4.67173469061314));
#4584=CARTESIAN_POINT('Ctrl Pts',(-1.39942857430872,1.45195104875658,4.68668130168572));
#4585=CARTESIAN_POINT('Ctrl Pts',(-1.7219549692157,1.04944152664036,4.71471459907797));
#4586=CARTESIAN_POINT('Ctrl Pts',(-1.84272783246958,0.819034408396606,4.72722299284355));
#4587=CARTESIAN_POINT('Ctrl Pts',(-1.99224070534771,0.318096914264202,4.75644434666794));
#4588=CARTESIAN_POINT('Ctrl Pts',(-2.01681019134926,0.0516647630375175,
4.77198622215617));
#4589=CARTESIAN_POINT('Ctrl Pts',(-1.96175518166074,-0.465327452394091,
4.80214410138968));
#4590=CARTESIAN_POINT('Ctrl Pts',(-1.88651233182297,-0.711426974668714,
4.8164999068557));
#4591=CARTESIAN_POINT('Ctrl Pts',(-1.64190464483666,-1.17282888855572,4.84341501849911));
#4592=CARTESIAN_POINT('Ctrl Pts',(-1.47070072810053,-1.38148252430162,4.85766282909803));
#4593=CARTESIAN_POINT('Ctrl Pts',(-1.06069239456929,-1.71562601780489,4.88812154289362));
#4594=CARTESIAN_POINT('Ctrl Pts',(-0.827420740909651,-1.83951675769198,
4.90351947486003));
#4595=CARTESIAN_POINT('Ctrl Pts',(-0.334354924589461,-1.9880602907253,4.93276076672931));
#4596=CARTESIAN_POINT('Ctrl Pts',(-0.0801742798453372,-2.01437816478496,
4.94553038068102));
#4597=CARTESIAN_POINT('Ctrl Pts',(0.436402316807285,-1.9697458922643,4.97292864854547));
#4598=CARTESIAN_POINT('Ctrl Pts',(0.693442338786326,-1.89458254359132,4.98810609889645));
#4599=CARTESIAN_POINT('Ctrl Pts',(1.15736630851156,-1.65147867353382,5.01863320846018));
#4600=CARTESIAN_POINT('Ctrl Pts',(1.3610112349985,-1.4881369660646,5.03368510624325));
#4601=CARTESIAN_POINT('Ctrl Pts',(1.6933665672201,-1.09464860188753,5.06195182624433));
#4602=CARTESIAN_POINT('Ctrl Pts',(1.81959222983587,-0.868810740877242,5.07431937344886));
#4603=CARTESIAN_POINT('Ctrl Pts',(1.98281967052805,-0.372861552219351,5.10324974278723));
#4604=CARTESIAN_POINT('Ctrl Pts',(2.01475715875181,-0.106452935789953,5.11879024541228));
#4605=CARTESIAN_POINT('Ctrl Pts',(1.9734755171764,0.413211392750179,5.14910399791045));
#4606=CARTESIAN_POINT('Ctrl Pts',(1.90455713285939,0.661855183732924,5.16360821905111));
#4607=CARTESIAN_POINT('Ctrl Pts',(1.67280016893878,1.12772408992804,5.19078390524583));
#4608=CARTESIAN_POINT('Ctrl Pts',(1.50907968915802,1.33893622474211,5.20448306130482));
#4609=CARTESIAN_POINT('Ctrl Pts',(1.11055890274683,1.6838934305806,5.23467684543159));
#4610=CARTESIAN_POINT('Ctrl Pts',(0.880318271848676,1.81490467368518,5.25012933708371));
#4611=CARTESIAN_POINT('Ctrl Pts',(0.427482488906996,1.96556010355336,5.27739987914145));
#4612=CARTESIAN_POINT('Ctrl Pts',(0.214315502515235,2.00000000000001,5.28917317760646));
#4613=CARTESIAN_POINT('Ctrl Pts',(-2.17950657521726E-13,1.99999999999999,
5.29999999999998));
#4614=CARTESIAN_POINT('Origin',(0.,-2.22234418521235E-15,10.2));
#4615=CARTESIAN_POINT('',(-3.10525842565812E-14,1.99999999999999,6.08749999999996));
#4616=CARTESIAN_POINT('',(3.62212095273952E-10,1.99999999999999,5.99999999996337));
#4617=CARTESIAN_POINT('',(-2.4492935982947E-16,1.99999999999999,10.2));
#4618=CARTESIAN_POINT('Ctrl Pts',(-7.51829154488348E-14,1.99999999999999,
6.08749999999996));
#4619=CARTESIAN_POINT('Ctrl Pts',(0.148916286099948,2.,6.07997702493664));
#4620=CARTESIAN_POINT('Ctrl Pts',(0.297668312549913,1.98337255622674,6.07197738085661));
#4621=CARTESIAN_POINT('Ctrl Pts',(0.69688465663918,1.89258165460674,6.04916164231677));
#4622=CARTESIAN_POINT('Ctrl Pts',(0.936591023352723,1.78613923123271,6.03394754979203));
#4623=CARTESIAN_POINT('Ctrl Pts',(1.36616513284994,1.48453989267341,6.00344961373882));
#4624=CARTESIAN_POINT('Ctrl Pts',(1.55071810228355,1.29057623454397,5.98846906605076));
#4625=CARTESIAN_POINT('Ctrl Pts',(1.82714638001175,0.851892265620125,5.96170947215833));
#4626=CARTESIAN_POINT('Ctrl Pts',(1.92029103115379,0.613785588989789,5.94830415935765));
#4627=CARTESIAN_POINT('Ctrl Pts',(2.01441069797378,0.106082913114503,5.91868816993159));
#4628=CARTESIAN_POINT('Ctrl Pts',(2.01090107993704,-0.159320948211458,5.90320627802091));
#4629=CARTESIAN_POINT('Ctrl Pts',(1.90137962212487,-0.67378154252913,5.87319607668571));
#4630=CARTESIAN_POINT('Ctrl Pts',(1.79637350592137,-0.91773200485659,5.85981561348903));
#4631=CARTESIAN_POINT('Ctrl Pts',(1.50189301066644,-1.34533788988619,5.83246716577009));
#4632=CARTESIAN_POINT('Ctrl Pts',(1.31744108715164,-1.52640984479101,5.81786773074549));
#4633=CARTESIAN_POINT('Ctrl Pts',(0.881952827103482,-1.81466304201687,5.78746028521173));
#4634=CARTESIAN_POINT('Ctrl Pts',(0.632876868239191,-1.9158115431422,5.77192726430442));
#4635=CARTESIAN_POINT('Ctrl Pts',(0.120130616743443,-2.0126858900513,5.74319877121596));
#4636=CARTESIAN_POINT('Ctrl Pts',(-0.137764744145794,-2.01155596171635,
5.73087742907303));
#4637=CARTESIAN_POINT('Ctrl Pts',(-0.642680709850842,-1.91156997899393,
5.7024537514808));
#4638=CARTESIAN_POINT('Ctrl Pts',(-0.884646366961025,-1.81232369820166,
5.68733541128015));
#4639=CARTESIAN_POINT('Ctrl Pts',(-1.32227291981127,-1.5237734138987,5.65681127811322));
#4640=CARTESIAN_POINT('Ctrl Pts',(-1.51243569119698,-1.3352425923614,5.64170579135072));
#4641=CARTESIAN_POINT('Ctrl Pts',(-1.80147355063356,-0.904880054773199,
5.6145518931503));
#4642=CARTESIAN_POINT('Ctrl Pts',(-1.90146545110453,-0.669765018879831,
5.60156962610124));
#4643=CARTESIAN_POINT('Ctrl Pts',(-2.01026032196787,-0.165985620441854,
5.57218249452569));
#4644=CARTESIAN_POINT('Ctrl Pts',(-2.01468914940638,0.0986030761187413,
5.55674815389299));
#4645=CARTESIAN_POINT('Ctrl Pts',(-1.92062338852826,0.617865776590599,5.5264578296988));
#4646=CARTESIAN_POINT('Ctrl Pts',(-1.82170184767366,0.867119614059696,5.51257134915188));
#4647=CARTESIAN_POINT('Ctrl Pts',(-1.53782883863631,1.30397552980187,5.48548897943502));
#4648=CARTESIAN_POINT('Ctrl Pts',(-1.35888264012687,1.48951858971702,5.47103727621468));
#4649=CARTESIAN_POINT('Ctrl Pts',(-0.932774004797886,1.7889581814886,5.44077740211495));
#4650=CARTESIAN_POINT('Ctrl Pts',(-0.687393187313106,1.89682590440917,5.42523507560641));
#4651=CARTESIAN_POINT('Ctrl Pts',(-0.287157569603324,1.98453044598114,5.40245786408512));
#4652=CARTESIAN_POINT('Ctrl Pts',(-0.143636461698989,1.99999999999999,5.39475624810985));
#4653=CARTESIAN_POINT('Ctrl Pts',(-1.80411241501588E-15,1.99999999999999,
5.38749999999996));
#4654=CARTESIAN_POINT('Ctrl Pts',(-2.15735564797496E-13,1.99999999999999,
5.29999999999998));
#4655=CARTESIAN_POINT('Ctrl Pts',(-0.0383546322753961,1.99999999999999,
5.30193760501099));
#4656=CARTESIAN_POINT('Ctrl Pts',(-0.0767428323502986,1.99889671270231,
5.30390908501801));
#4657=CARTESIAN_POINT('Ctrl Pts',(-0.379871572496048,1.98141998709382,5.31973232557395));
#4658=CARTESIAN_POINT('Ctrl Pts',(-0.638918431285311,1.9136524895244,5.33479544528118));
#4659=CARTESIAN_POINT('Ctrl Pts',(-1.11022155112072,1.6836441030684,5.36531338424133));
#4660=CARTESIAN_POINT('Ctrl Pts',(-1.31896178017537,1.52565052722616,5.380466700104));
#4661=CARTESIAN_POINT('Ctrl Pts',(-1.66172512813133,1.14184319226933,5.40897685043784));
#4662=CARTESIAN_POINT('Ctrl Pts',(-1.7937003074231,0.920746037460132,5.42128981448152));
#4663=CARTESIAN_POINT('Ctrl Pts',(-1.97128029032096,0.430197412462121,5.44990515093974));
#4664=CARTESIAN_POINT('Ctrl Pts',(-2.01099101110779,0.164027027913728,5.46543175670506));
#4665=CARTESIAN_POINT('Ctrl Pts',(-1.98431288979597,-0.358060370283786,
5.49588685493325));
#4666=CARTESIAN_POINT('Ctrl Pts',(-1.92213661541057,-0.60920689679312,5.51053706897962));
#4667=CARTESIAN_POINT('Ctrl Pts',(-1.70385077497856,-1.07965345338545,5.53797978478084));
#4668=CARTESIAN_POINT('Ctrl Pts',(-1.54778908023934,-1.29349839871073,5.55120226460983));
#4669=CARTESIAN_POINT('Ctrl Pts',(-1.1612833305845,-1.64944697227034,5.58110965288339));
#4670=CARTESIAN_POINT('Ctrl Pts',(-0.93441167185569,-1.78777095607729,5.59660523856947));
#4671=CARTESIAN_POINT('Ctrl Pts',(-0.449110521503247,-1.96535537848493,
5.62630129983));
#4672=CARTESIAN_POINT('Ctrl Pts',(-0.196605710712909,-2.00638757819924,
5.63988153913551));
#4673=CARTESIAN_POINT('Ctrl Pts',(0.321802957164793,-1.99166972631488,5.66649985591105));
#4674=CARTESIAN_POINT('Ctrl Pts',(0.582673931344977,-1.93151423431661,5.68143310972142));
#4675=CARTESIAN_POINT('Ctrl Pts',(1.06113194086336,-1.71511808132512,5.71191547698541));
#4676=CARTESIAN_POINT('Ctrl Pts',(1.27493593791648,-1.56274925149778,5.72716054993997));
#4677=CARTESIAN_POINT('Ctrl Pts',(1.62824951210003,-1.18889530541058,5.75591337099429));
#4678=CARTESIAN_POINT('Ctrl Pts',(1.76604101784541,-0.972501946941859,5.76827071976176));
#4679=CARTESIAN_POINT('Ctrl Pts',(1.95799468885655,-0.487541541655473,5.7965600767368));
#4680=CARTESIAN_POINT('Ctrl Pts',(2.00554207668947,-0.221832553391942,5.81205976771884));
#4681=CARTESIAN_POINT('Ctrl Pts',(1.99366171048057,0.302287371844857,5.84263343002432));
#4682=CARTESIAN_POINT('Ctrl Pts',(1.93835474463806,0.555768972452656,5.85741985672644));
#4683=CARTESIAN_POINT('Ctrl Pts',(1.73358214292963,1.03070148918012,5.88512425353554));
#4684=CARTESIAN_POINT('Ctrl Pts',(1.58501635732612,1.24715385852554,5.8979698957403));
#4685=CARTESIAN_POINT('Ctrl Pts',(1.21052093164483,1.61378756922519,5.92758219451643));
#4686=CARTESIAN_POINT('Ctrl Pts',(0.987213407229267,1.75928155311653,5.94310685173827));
#4687=CARTESIAN_POINT('Ctrl Pts',(0.50619694984533,1.9514896604207,5.97301298238572));
#4688=CARTESIAN_POINT('Ctrl Pts',(0.254412071345592,1.99996750202938,5.98714662532837));
#4689=CARTESIAN_POINT('Ctrl Pts',(0.00017040231139704,1.99999999455569,
5.99999139143196));
#4690=CARTESIAN_POINT('Ctrl Pts',(8.52013969997567E-5,1.99999999999996,
5.99999569578313));
#4691=CARTESIAN_POINT('Ctrl Pts',(7.24424435477264E-10,1.99999999999999,
5.99999999996337));
#4692=CARTESIAN_POINT('Origin',(0.,-2.22234418521235E-15,10.2));
#4693=CARTESIAN_POINT('',(-1.61958903820199E-13,1.99999999999999,6.78749999999997));
#4694=CARTESIAN_POINT('',(1.0774531771884E-13,1.99999999999999,6.69999999999995));
#4695=CARTESIAN_POINT('',(-2.4492935982947E-16,1.99999999999999,10.2));
#4696=CARTESIAN_POINT('Ctrl Pts',(-3.2016056472628E-13,1.99999999999999,
6.78749999999997));
#4697=CARTESIAN_POINT('Ctrl Pts',(0.185264232556855,2.00000000000002,6.77814079397789));
#4698=CARTESIAN_POINT('Ctrl Pts',(0.369925285371112,1.974266057336,6.7680614861519));
#4699=CARTESIAN_POINT('Ctrl Pts',(0.799939459945943,1.85157864125373,6.74275958323129));
#4700=CARTESIAN_POINT('Ctrl Pts',(1.03468684257987,1.73137553765983,6.72739465622789));
#4701=CARTESIAN_POINT('Ctrl Pts',(1.44779028746047,1.40507518482835,6.69700834140695));
#4702=CARTESIAN_POINT('Ctrl Pts',(1.62106608959232,1.20099127817008,6.68255782455981));
#4703=CARTESIAN_POINT('Ctrl Pts',(1.87286456487753,0.746457609036139,6.656043360527));
#4704=CARTESIAN_POINT('Ctrl Pts',(1.95256262908823,0.50226840740999,6.64179899043214));
#4705=CARTESIAN_POINT('Ctrl Pts',(2.0173649387111,-0.0126017521344261,6.61176489779205));
#4706=CARTESIAN_POINT('Ctrl Pts',(1.99803166191867,-0.278930466833105,6.5962290561013));
#4707=CARTESIAN_POINT('Ctrl Pts',(1.85834312331925,-0.783333085338797,6.5668055700218));
#4708=CARTESIAN_POINT('Ctrl Pts',(1.74145643955237,-1.0170388702175,6.55414485473234));
#4709=CARTESIAN_POINT('Ctrl Pts',(1.42590327292966,-1.42587626751499,6.52627926889633));
#4710=CARTESIAN_POINT('Ctrl Pts',(1.23066389118757,-1.59742245652412,6.51141270629311));
#4711=CARTESIAN_POINT('Ctrl Pts',(0.777098242835955,-1.86220126144323,6.48077669434718));
#4712=CARTESIAN_POINT('Ctrl Pts',(0.521096404409368,-1.94940202431606,6.46530059985963));
#4713=CARTESIAN_POINT('Ctrl Pts',(0.00373863769927835,-2.01604152498454,
6.43722099124253));
#4714=CARTESIAN_POINT('Ctrl Pts',(-0.251869311870996,-2.00025288565248,
6.42478340451811));
#4715=CARTESIAN_POINT('Ctrl Pts',(-0.750107363684803,-1.87222531715309,
6.39587920318672));
#4716=CARTESIAN_POINT('Ctrl Pts',(-0.987363901890508,-1.7586893758914,6.38058197719075));
#4717=CARTESIAN_POINT('Ctrl Pts',(-1.40856122876686,-1.44436587847036,6.35013609938624));
#4718=CARTESIAN_POINT('Ctrl Pts',(-1.58739121401497,-1.24518216412446,6.3352924146238));
#4719=CARTESIAN_POINT('Ctrl Pts',(-1.85122206951039,-0.798360685882664,
6.30893187515734));
#4720=CARTESIAN_POINT('Ctrl Pts',(-1.93754086010451,-0.557170335916759,
6.29500160292838));
#4721=CARTESIAN_POINT('Ctrl Pts',(-2.01678829574736,-0.0456354051634105,
6.26516206530111));
#4722=CARTESIAN_POINT('Ctrl Pts',(-2.00523544755681,0.220354119488918,6.24964600969638));
#4723=CARTESIAN_POINT('Ctrl Pts',(-1.88028268260916,0.729781050253781,6.2199294387351));
#4724=CARTESIAN_POINT('Ctrl Pts',(-1.76920499772065,0.96847099395933,6.20696322357358));
#4725=CARTESIAN_POINT('Ctrl Pts',(-1.46400797046194,1.38659791663006,6.17934986623437));
#4726=CARTESIAN_POINT('Ctrl Pts',(-1.27404107420809,1.56293235077727,6.16461000268643));
#4727=CARTESIAN_POINT('Ctrl Pts',(-0.829259039127763,1.83945385990837,6.13407522708106));
#4728=CARTESIAN_POINT('Ctrl Pts',(-0.576587961709697,1.93360720409375,6.11856461285133));
#4729=CARTESIAN_POINT('Ctrl Pts',(-0.209156378474381,1.99180332671297,6.09830526263625));
#4730=CARTESIAN_POINT('Ctrl Pts',(-0.104549911372902,1.99999999999999,6.09278166795401));
#4731=CARTESIAN_POINT('Ctrl Pts',(-7.12624403931272E-14,1.99999999999999,
6.08749999999996));
#4732=CARTESIAN_POINT('Ctrl Pts',(7.24420176623219E-10,1.99999999999999,
5.99999999996337));
#4733=CARTESIAN_POINT('Ctrl Pts',(-0.264849136464104,2.00000000009592,6.01337968801748));
#4734=CARTESIAN_POINT('Ctrl Pts',(-0.527206953583064,1.94738854306246,6.02816802002725));
#4735=CARTESIAN_POINT('Ctrl Pts',(-1.01234268490386,1.74446809342665,6.05859469208538));
#4736=CARTESIAN_POINT('Ctrl Pts',(-1.23094773209713,1.59774392061327,6.07391766937456));
#4737=CARTESIAN_POINT('Ctrl Pts',(-1.59448648168786,1.23368188715726,6.10290144990735));
#4738=CARTESIAN_POINT('Ctrl Pts',(-1.73792182490993,1.0217486962084,6.11539799272122));
#4739=CARTESIAN_POINT('Ctrl Pts',(-1.94254239531269,0.544877519424839,6.1432154780336));
#4740=CARTESIAN_POINT('Ctrl Pts',(-1.99759280048982,0.282754300786945,6.15850599912081));
#4741=CARTESIAN_POINT('Ctrl Pts',(-2.00218793986958,-0.240227426169097,
6.18901326652658));
#4742=CARTESIAN_POINT('Ctrl Pts',(-1.95458470757154,-0.496078261788174,
6.20393789860436));
#4743=CARTESIAN_POINT('Ctrl Pts',(-1.7647480817263,-0.975846890756364,6.23192440196084));
#4744=CARTESIAN_POINT('Ctrl Pts',(-1.624256843796,-1.19516131893341,6.24447108994406));
#4745=CARTESIAN_POINT('Ctrl Pts',(-1.26297103272935,-1.57322453787057,6.27374942410368));
#4746=CARTESIAN_POINT('Ctrl Pts',(-1.04380215512929,-1.72643946461918,6.28929019871754));
#4747=CARTESIAN_POINT('Ctrl Pts',(-0.567678402759143,-1.93460265432685,
6.31941451553638));
#4748=CARTESIAN_POINT('Ctrl Pts',(-0.316758980974033,-1.99114405633468,
6.33373962438646));
#4749=CARTESIAN_POINT('Ctrl Pts',(0.205631232140181,-2.00733238057757,6.36060197023285));
#4750=CARTESIAN_POINT('Ctrl Pts',(0.472242007977787,-1.96181993038569,6.37497037727632));
#4751=CARTESIAN_POINT('Ctrl Pts',(0.965865957915353,-1.77072430310723,6.40548096777141));
#4752=CARTESIAN_POINT('Ctrl Pts',(1.18883983592963,-1.62942579582504,6.42086640172701));
#4753=CARTESIAN_POINT('Ctrl Pts',(1.56190318902799,-1.27461939817442,6.4500613915504));
#4754=CARTESIAN_POINT('Ctrl Pts',(1.71061269868805,-1.06675856060765,6.46277241729795));
#4755=CARTESIAN_POINT('Ctrl Pts',(1.92754155015142,-0.595762318860346,6.49024719806654));
#4756=CARTESIAN_POINT('Ctrl Pts',(1.98945873440264,-0.335206578439637,6.50544628292442));
#4757=CARTESIAN_POINT('Ctrl Pts',(2.00784070094877,0.188094204187992,6.53597216191102));
#4758=CARTESIAN_POINT('Ctrl Pts',(1.96675769409386,0.445750337911227,6.55100210304488));
#4759=CARTESIAN_POINT('Ctrl Pts',(1.78940899588205,0.929464238860381,6.57921874726691));
#4760=CARTESIAN_POINT('Ctrl Pts',(1.65550605874913,1.15116941424727,6.59160934024085));
#4761=CARTESIAN_POINT('Ctrl Pts',(1.3052010204223,1.53849450111775,6.62060308390668));
#4762=CARTESIAN_POINT('Ctrl Pts',(1.0896401229572,1.69799279718687,6.63614485498262));
#4763=CARTESIAN_POINT('Ctrl Pts',(0.617941421557365,1.9192251380346,6.6664268099941));
#4764=CARTESIAN_POINT('Ctrl Pts',(0.367928682356411,1.98240934319368,6.68089986334394));
#4765=CARTESIAN_POINT('Ctrl Pts',(0.0751684221747571,1.99894156883898,6.69617175957319));
#4766=CARTESIAN_POINT('Ctrl Pts',(0.0375668394997864,1.99999999999999,6.69810219282141));
#4767=CARTESIAN_POINT('Ctrl Pts',(2.15735564797509E-13,1.99999999999999,
6.69999999999995));
#4768=CARTESIAN_POINT('Origin',(0.,-2.22234418521235E-15,10.2));
#4769=CARTESIAN_POINT('',(-5.40216851006517E-14,1.99999999999999,7.48749999999996));
#4770=CARTESIAN_POINT('',(1.79795060931061E-13,1.99999999999999,7.39999999999994));
#4771=CARTESIAN_POINT('',(-2.4492935982947E-16,1.99999999999999,10.2));
#4772=CARTESIAN_POINT('Ctrl Pts',(-1.06789577181132E-13,1.99999999999999,
7.48749999999996));
#4773=CARTESIAN_POINT('Ctrl Pts',(0.223358145322559,2.,7.47621636003378));
#4774=CARTESIAN_POINT('Ctrl Pts',(0.445361176022286,1.96259079017421,7.4639100759961));
#4775=CARTESIAN_POINT('Ctrl Pts',(0.904952300085311,1.80279960321969,7.43603180703037));
#4776=CARTESIAN_POINT('Ctrl Pts',(1.13369326403902,1.66846214583311,7.42055806119251));
#4777=CARTESIAN_POINT('Ctrl Pts',(1.52677721535931,1.31849241387355,7.39049273722999));
#4778=CARTESIAN_POINT('Ctrl Pts',(1.68701148038731,1.10608465511725,7.37702160488171));
#4779=CARTESIAN_POINT('Ctrl Pts',(1.9126775669429,0.638132819206807,7.3497244144536));
#4780=CARTESIAN_POINT('Ctrl Pts',(1.97856125933318,0.388336205716103,7.33515294533331));
#4781=CARTESIAN_POINT('Ctrl Pts',(2.01325974545809,-0.132472203111351,7.30477245481838));
#4782=CARTESIAN_POINT('Ctrl Pts',(1.9778132431384,-0.398800362063076,7.28923664554619));
#4783=CARTESIAN_POINT('Ctrl Pts',(1.80809381077622,-0.892327927474231,7.26044753756388));
#4784=CARTESIAN_POINT('Ctrl Pts',(1.67927238227942,-1.11601812797569,7.24811653627135));
#4785=CARTESIAN_POINT('Ctrl Pts',(1.34222536646192,-1.5051574103129,7.21973964932174));
#4786=CARTESIAN_POINT('Ctrl Pts',(1.13627163433329,-1.66611278576627,7.20464071630274));
#4787=CARTESIAN_POINT('Ctrl Pts',(0.668982620058756,-1.90335433783619,7.17411459519322));
#4788=CARTESIAN_POINT('Ctrl Pts',(0.411012842084966,-1.97519783568126,7.15898700427326));
#4789=CARTESIAN_POINT('Ctrl Pts',(-0.106023655586023,-2.01317595870804,
7.13175958242108));
#4790=CARTESIAN_POINT('Ctrl Pts',(-0.359802041062526,-1.983607410983,7.11884534985975));
#4791=CARTESIAN_POINT('Ctrl Pts',(-0.851206684514677,-1.82867969888709,
7.08950177214553));
#4792=CARTESIAN_POINT('Ctrl Pts',(-1.08314685697227,-1.70159082793457,7.07407782532155));
#4793=CARTESIAN_POINT('Ctrl Pts',(-1.4880205598743,-1.36257552725591,7.0437364091829));
#4794=CARTESIAN_POINT('Ctrl Pts',(-1.6558594199383,-1.15277211738838,7.02974504018086));
#4795=CARTESIAN_POINT('Ctrl Pts',(-1.89472565691166,-0.689362207870324,
7.00271279545898));
#4796=CARTESIAN_POINT('Ctrl Pts',(-1.96715630088337,-0.442107427753542,
6.98828959995217));
#4797=CARTESIAN_POINT('Ctrl Pts',(-2.01607783713124,0.0761215637373946,
6.95805957544854));
#4798=CARTESIAN_POINT('Ctrl Pts',(-1.98822283257871,0.342567591301218,6.94251689050732));
#4799=CARTESIAN_POINT('Ctrl Pts',(-1.83257959605806,0.841296887678521,6.91342434821864));
#4800=CARTESIAN_POINT('Ctrl Pts',(-1.70937396715425,1.06965627217705,6.90098943340192));
#4801=CARTESIAN_POINT('Ctrl Pts',(-1.38246780285152,1.46816085634946,6.87285168885873));
#4802=CARTESIAN_POINT('Ctrl Pts',(-1.18152646994456,1.63422211665386,6.85785705132674));
#4803=CARTESIAN_POINT('Ctrl Pts',(-0.721586148394855,1.88404598526389,6.82733518833555));
#4804=CARTESIAN_POINT('Ctrl Pts',(-0.465676181755644,1.96303330758735,6.8121032937233));
#4805=CARTESIAN_POINT('Ctrl Pts',(-0.134622784334535,1.99660562569567,6.79439989640155));
#4806=CARTESIAN_POINT('Ctrl Pts',(-0.0672766396901916,1.99999999999998,
6.79089869127804));
#4807=CARTESIAN_POINT('Ctrl Pts',(-3.23672878280569E-13,1.99999999999999,
6.78749999999997));
#4808=CARTESIAN_POINT('Ctrl Pts',(2.11428097252053E-13,1.99999999999999,
6.69999999999995));
#4809=CARTESIAN_POINT('Ctrl Pts',(-0.226975641248324,1.99999999999999,6.71146638916269));
#4810=CARTESIAN_POINT('Ctrl Pts',(-0.452570528248722,1.96137004937903,6.72398973207045));
#4811=CARTESIAN_POINT('Ctrl Pts',(-0.914307444211688,1.79799740932597,6.75208086151885));
#4812=CARTESIAN_POINT('Ctrl Pts',(-1.14190459730093,1.66277142490497,6.76752273952138));
#4813=CARTESIAN_POINT('Ctrl Pts',(-1.52531299159613,1.3181730205942,6.79694260853367));
#4814=CARTESIAN_POINT('Ctrl Pts',(-1.67978123675433,1.11465269886365,6.80997859256636));
#4815=CARTESIAN_POINT('Ctrl Pts',(-1.90989232603187,0.650110029869098,6.83707691492437));
#4816=CARTESIAN_POINT('Ctrl Pts',(-1.97915510035568,0.39144960780217,6.85216543954494));
#4817=CARTESIAN_POINT('Ctrl Pts',(-2.01241221375465,-0.131784951448337,
6.88268745550122));
#4818=CARTESIAN_POINT('Ctrl Pts',(-1.97842164150527,-0.391202342970051,
6.89782013667332));
#4819=CARTESIAN_POINT('Ctrl Pts',(-1.8145230144582,-0.879067321879536,6.92627892710971));
#4820=CARTESIAN_POINT('Ctrl Pts',(-1.68756095655175,-1.10335391685113,6.93859536747774));
#4821=CARTESIAN_POINT('Ctrl Pts',(-1.34900692507355,-1.50036915151896,6.96727810134468));
#4822=CARTESIAN_POINT('Ctrl Pts',(-1.13746914769242,-1.6664531846329,6.98280871583971));
#4823=CARTESIAN_POINT('Ctrl Pts',(-0.670854476811268,-1.90146883311986,
7.01323584818167));
#4824=CARTESIAN_POINT('Ctrl Pts',(-0.421995677577208,-1.97169652933158,
7.02785604177654));
#4825=CARTESIAN_POINT('Ctrl Pts',(0.0951592990060653,-2.01493356734671,
7.05524283398451));
#4826=CARTESIAN_POINT('Ctrl Pts',(0.358707833307581,-1.98503775817457,7.06855765433053));
#4827=CARTESIAN_POINT('Ctrl Pts',(0.85950241111122,-1.82494437467378,7.09852625955921));
#4828=CARTESIAN_POINT('Ctrl Pts',(1.09176729935366,-1.69623332868077,7.11401392386213));
#4829=CARTESIAN_POINT('Ctrl Pts',(1.48594353476366,-1.36244225832653,7.1436625503644));
#4830=CARTESIAN_POINT('Ctrl Pts',(1.6464519993662,-1.16335828677761,7.15713743327138));
#4831=CARTESIAN_POINT('Ctrl Pts',(1.89008750032331,-0.705605842018201,7.18383965921568));
#4832=CARTESIAN_POINT('Ctrl Pts',(1.96686311180056,-0.449122989606135,7.19880115893972));
#4833=CARTESIAN_POINT('Ctrl Pts',(2.01547375106241,0.073596987625168,7.22929315761155));
#4834=CARTESIAN_POINT('Ctrl Pts',(1.9888667719572,0.334629220848084,7.24452003788288));
#4835=CARTESIAN_POINT('Ctrl Pts',(1.83884872055309,0.82667351077697,7.27322262146206));
#4836=CARTESIAN_POINT('Ctrl Pts',(1.71889409033997,1.05363679896594,7.28556239296537));
#4837=CARTESIAN_POINT('Ctrl Pts',(1.39237435197758,1.46035783026767,7.31392026236011));
#4838=CARTESIAN_POINT('Ctrl Pts',(1.18512339452327,1.63303511554696,7.32942661783741));
#4839=CARTESIAN_POINT('Ctrl Pts',(0.724076802054297,1.88194115061672,7.35997759744231));
#4840=CARTESIAN_POINT('Ctrl Pts',(0.476591606084773,1.95930715770553,7.37473659987733));
#4841=CARTESIAN_POINT('Ctrl Pts',(0.147620477820067,1.99591875685864,7.39242345051364));
#4842=CARTESIAN_POINT('Ctrl Pts',(0.0737706413894466,1.99999999999999,7.39627324377932));
#4843=CARTESIAN_POINT('Ctrl Pts',(3.59835051221951E-13,1.99999999999999,
7.39999999999994));
#4844=CARTESIAN_POINT('Origin',(0.,-2.22234418521235E-15,10.2));
#4845=CARTESIAN_POINT('',(1.55263934774724,1.26067880755846,8.));
#4846=CARTESIAN_POINT('Ctrl Pts',(3.60354107664662E-13,1.99999999999999,
7.39999999999994));
#4847=CARTESIAN_POINT('Ctrl Pts',(-0.185761836101733,1.99999999999999,7.40938434403181));
#4848=CARTESIAN_POINT('Ctrl Pts',(-0.370944859700913,1.9741275634576,7.41949406026032));
#4849=CARTESIAN_POINT('Ctrl Pts',(-0.803850707972466,1.85024559194302,7.44497688638241));
#4850=CARTESIAN_POINT('Ctrl Pts',(-1.04060609394406,1.72821161999459,7.46049665432373));
#4851=CARTESIAN_POINT('Ctrl Pts',(-1.4455003163672,1.40537563168534,7.49036721045982));
#4852=CARTESIAN_POINT('Ctrl Pts',(-1.61208063618876,1.21063690823522,7.50437951368637));
#4853=CARTESIAN_POINT('Ctrl Pts',(-1.86899023670738,0.7597113379821,7.53068350528447));
#4854=CARTESIAN_POINT('Ctrl Pts',(-1.95310203414692,0.505594435467228,7.54550699126451));
#4855=CARTESIAN_POINT('Ctrl Pts',(-2.01684596424482,-0.0161742654567607,
7.57594349881841));
#4856=CARTESIAN_POINT('Ctrl Pts',(-1.99758000207739,-0.278595833952638,
7.59125142364733));
#4857=CARTESIAN_POINT('Ctrl Pts',(-1.86126805743035,-0.774655689304153,
7.62018824854284));
#4858=CARTESIAN_POINT('Ctrl Pts',(-1.74808314052485,-1.00429178173464,7.63264858652277));
#4859=CARTESIAN_POINT('Ctrl Pts',(-1.43334758106824,-1.42031091914188,7.66068233577836));
#4860=CARTESIAN_POINT('Ctrl Pts',(-1.23044863371643,-1.59929026639197,7.67615264590361));
#4861=CARTESIAN_POINT('Ctrl Pts',(-0.77519367523231,-1.86156284248244,7.70680090032894));
#4862=CARTESIAN_POINT('Ctrl Pts',(-0.529235766741448,-1.94583698544711,
7.72168423432461));
#4863=CARTESIAN_POINT('Ctrl Pts',(-0.0178003179211786,-2.01658053715894,
7.74958435989553));
#4864=CARTESIAN_POINT('Ctrl Pts',(0.242848201674041,-2.00198624505965,7.76221030938082));
#4865=CARTESIAN_POINT('Ctrl Pts',(0.74991769245405,-1.87286216387042,7.79159264027798));
#4866=CARTESIAN_POINT('Ctrl Pts',(0.99079439336741,-1.75735664153996,7.80713019630591));
#4867=CARTESIAN_POINT('Ctrl Pts',(1.40567264714749,-1.44530541300805,7.83719057172775));
#4868=CARTESIAN_POINT('Ctrl Pts',(1.57809884274803,-1.25478013882298,7.85145821105544));
#4869=CARTESIAN_POINT('Ctrl Pts',(1.84757886497039,-0.810368578995608,7.87803384667872));
#4870=CARTESIAN_POINT('Ctrl Pts',(1.93863574021447,-0.5585955829301,7.89241525766255));
#4871=CARTESIAN_POINT('Ctrl Pts',(2.01664414432889,-0.037874186708681,7.92279067244213));
#4872=CARTESIAN_POINT('Ctrl Pts',(2.00433760841959,0.225669420872904,7.93816404955106));
#4873=CARTESIAN_POINT('Ctrl Pts',(1.90614532551085,0.623385813909276,7.96136417247818));
#4874=CARTESIAN_POINT('Ctrl Pts',(1.85468010101177,0.763002053417977,7.96950845311601));
#4875=CARTESIAN_POINT('Ctrl Pts',(1.72319774460136,1.02551684150293,7.9848218157543));
#4876=CARTESIAN_POINT('Ctrl Pts',(1.64422061130086,1.1478882438897,7.99208375934935));
#4877=CARTESIAN_POINT('Ctrl Pts',(1.55263934774725,1.26067880755844,7.99999999999999));
#4878=CARTESIAN_POINT('',(1.98848727243945,-0.214285714284198,8.00000000000003));
#4879=CARTESIAN_POINT('Origin',(0.,-7.56090209003774E-15,8.));
#4880=CARTESIAN_POINT('Ctrl Pts',(1.98848727243944,-0.214285714284278,8.00000000000003));
#4881=CARTESIAN_POINT('Ctrl Pts',(1.96448221464197,-0.437043223173188,7.98700581198151));
#4882=CARTESIAN_POINT('Ctrl Pts',(1.90321562002587,-0.654213910803032,7.97433752186977));
#4883=CARTESIAN_POINT('Ctrl Pts',(1.71358109033831,-1.05423920848093,7.95100271283856));
#4884=CARTESIAN_POINT('Ctrl Pts',(1.58821244952818,-1.23506496648699,7.9400441576047));
#4885=CARTESIAN_POINT('Ctrl Pts',(1.25477392215866,-1.57903768811254,7.91316692283131));
#4886=CARTESIAN_POINT('Ctrl Pts',(1.0387383320725,-1.72882229458281,7.89788448710965));
#4887=CARTESIAN_POINT('Ctrl Pts',(0.557187890326861,-1.93901644851405,7.86742678753427));
#4888=CARTESIAN_POINT('Ctrl Pts',(0.29557079819608,-1.99572849431553,7.85255627507384));
#4889=CARTESIAN_POINT('Ctrl Pts',(-0.223172862473325,-2.00363268173527,
7.82611976696291));
#4890=CARTESIAN_POINT('Ctrl Pts',(-0.47534316877476,-1.95920699140487,7.81229674710149));
#4891=CARTESIAN_POINT('Ctrl Pts',(-0.958763559128091,-1.77488340975273,
7.78249913954269));
#4892=CARTESIAN_POINT('Ctrl Pts',(-1.18402612859483,-1.63325666177707,7.76698851144541));
#4893=CARTESIAN_POINT('Ctrl Pts',(-1.56502883221842,-1.27237613593033,7.73721527826038));
#4894=CARTESIAN_POINT('Ctrl Pts',(-1.71763685376335,-1.05733462824154,7.72417785331394));
#4895=CARTESIAN_POINT('Ctrl Pts',(-1.92973787204681,-0.584821823988674,
7.6966146063992));
#4896=CARTESIAN_POINT('Ctrl Pts',(-1.98878274445288,-0.332584377915622,
7.68190075537827));
#4897=CARTESIAN_POINT('Ctrl Pts',(-2.00870524723126,0.190483285703049,7.65138847500052));
#4898=CARTESIAN_POINT('Ctrl Pts',(-1.96541191196942,0.456470281536677,7.63587256691022));
#4899=CARTESIAN_POINT('Ctrl Pts',(-1.78125026209194,0.944482560347016,7.60740518397962));
#4900=CARTESIAN_POINT('Ctrl Pts',(-1.64662044190007,1.16341968720373,7.59508447521919));
#4901=CARTESIAN_POINT('Ctrl Pts',(-1.29904183940103,1.54270263838868,7.56646302833437));
#4902=CARTESIAN_POINT('Ctrl Pts',(-1.0879772732827,1.69815437199458,7.55126642833186));
#4903=CARTESIAN_POINT('Ctrl Pts',(-0.613366918491279,1.92199167491101,7.52076140392148));
#4904=CARTESIAN_POINT('Ctrl Pts',(-0.353460819896158,1.98629891537195,7.50575580117576));
#4905=CARTESIAN_POINT('Ctrl Pts',(-0.0590228460215676,1.99934729475495,
7.49050076213959));
#4906=CARTESIAN_POINT('Ctrl Pts',(-0.0295005510983011,1.99999999999999,
7.48899031322277));
#4907=CARTESIAN_POINT('Ctrl Pts',(-1.07798440841474E-13,1.99999999999999,
7.48749999999996));
#4908=CARTESIAN_POINT('Origin',(0.,8.05756798536914E-15,-8.));
#4909=CARTESIAN_POINT('Ctrl Pts',(-0.250692635781038,-1.52486674972315,
-7.92966333698894));
#4910=CARTESIAN_POINT('Ctrl Pts',(-0.0360346277393912,-1.59804448755338,
-7.89227787996029));
#4911=CARTESIAN_POINT('Ctrl Pts',(0.177477809209977,-1.61420846804135,-7.86229350529341));
#4912=CARTESIAN_POINT('Ctrl Pts',(0.575518115061634,-1.58714459151478,-7.79901298704563));
#4913=CARTESIAN_POINT('Ctrl Pts',(0.776603227516772,-1.53605398870967,-7.7658490499924));
#4914=CARTESIAN_POINT('Ctrl Pts',(1.15324291595808,-1.36347572358336,-7.70111017510924));
#4915=CARTESIAN_POINT('Ctrl Pts',(1.32536254189219,-1.24259573462219,-7.67006342308283));
#4916=CARTESIAN_POINT('Ctrl Pts',(1.64638465859005,-0.915693086579914,-7.60734926070208));
#4917=CARTESIAN_POINT('Ctrl Pts',(1.75834318613558,-0.723932689738942,-7.58020882267491));
#4918=CARTESIAN_POINT('Ctrl Pts',(1.91420836679093,-0.395203616709735,-7.53071907981111));
#4919=CARTESIAN_POINT('Ctrl Pts',(1.97234944614571,-0.200339985313007,-7.50265055385426));
#4920=CARTESIAN_POINT('Ctrl Pts',(1.99999999999996,-1.40096267919887E-13,
-7.47500000000003));
#4921=CARTESIAN_POINT('',(7.84238197351513E-12,1.72263611415509,-7.7523638858449));
#4922=CARTESIAN_POINT('Ctrl Pts',(1.40125853844495,-1.42705098312401,-7.47499999999996));
#4923=CARTESIAN_POINT('Ctrl Pts',(1.25215497764941,-1.56332904176197,-7.48222845005985));
#4924=CARTESIAN_POINT('Ctrl Pts',(1.08309163787896,-1.67598451769408,-7.48973693536809));
#4925=CARTESIAN_POINT('Ctrl Pts',(0.71584132754762,-1.84667316829502,-7.5048520895159));
#4926=CARTESIAN_POINT('Ctrl Pts',(0.519693198052187,-1.90341717312391,-7.51236949472362));
#4927=CARTESIAN_POINT('Ctrl Pts',(0.133086855979164,-1.9532324915267,-7.52615941602765));
#4928=CARTESIAN_POINT('Ctrl Pts',(-0.135519999371324,-1.96187088669297,
-7.53446878936958));
#4929=CARTESIAN_POINT('Ctrl Pts',(-0.685874466004118,-1.81043629670435,
-7.55541796373533));
#4930=CARTESIAN_POINT('Ctrl Pts',(-0.912994954125139,-1.69621306707644,
-7.56518078131661));
#4931=CARTESIAN_POINT('Ctrl Pts',(-1.29539788315489,-1.39730144946169,-7.58396381768031));
#4932=CARTESIAN_POINT('Ctrl Pts',(-1.45144671576546,-1.2208167378719,-7.59282750632316));
#4933=CARTESIAN_POINT('Ctrl Pts',(-1.73179324035933,-0.75390312392358,-7.61196747376783));
#4934=CARTESIAN_POINT('Ctrl Pts',(-1.79103231055883,-0.5089793529485,-7.62108712769797));
#4935=CARTESIAN_POINT('Ctrl Pts',(-1.85012745689044,-0.103121900873749,
-7.63722069237884));
#4936=CARTESIAN_POINT('Ctrl Pts',(-1.83840273681229,0.13600073112571,-7.64687198947742));
#4937=CARTESIAN_POINT('Ctrl Pts',(-1.72250346175611,0.60437125249383,-7.66607731465371));
#4938=CARTESIAN_POINT('Ctrl Pts',(-1.62161584184544,0.807002282387837,-7.67424459049249));
#4939=CARTESIAN_POINT('Ctrl Pts',(-1.37776469154046,1.15854971989202,-7.68990497969274));
#4940=CARTESIAN_POINT('Ctrl Pts',(-1.20884207166702,1.32131864136821,-7.69924207683549));
#4941=CARTESIAN_POINT('Ctrl Pts',(-0.824866372058621,1.56706368517703,-7.71824509372151));
#4942=CARTESIAN_POINT('Ctrl Pts',(-0.61527427970321,1.65056361157216,-7.72771376029852));
#4943=CARTESIAN_POINT('Ctrl Pts',(-0.28165390001442,1.71435653765763,-7.74153578262172));
#4944=CARTESIAN_POINT('Ctrl Pts',(-0.147669534901466,1.72812705337517,-7.74687294662483));
#4945=CARTESIAN_POINT('Ctrl Pts',(1.56849749091106E-11,1.7226361141551,
-7.7523638858449));
#4946=CARTESIAN_POINT('',(-1.80635402874233E-16,1.475,-8.));
#4947=CARTESIAN_POINT('',(-1.80635402874233E-16,1.475,-8.));
#4948=CARTESIAN_POINT('Origin',(0.,8.05756798536914E-15,-8.));
#4949=CARTESIAN_POINT('Ctrl Pts',(1.56849749091106E-11,1.7226361141551,
-7.7523638858449));
#4950=CARTESIAN_POINT('Ctrl Pts',(0.0889122312167775,1.71933000461987,-7.75566999538012));
#4951=CARTESIAN_POINT('Ctrl Pts',(0.182765792013215,1.70880563665859,-7.75932604239885));
#4952=CARTESIAN_POINT('Ctrl Pts',(0.484125642706879,1.64619008595491,-7.77176760077018));
#4953=CARTESIAN_POINT('Ctrl Pts',(0.678432540662759,1.56636108246471,-7.78075564481659));
#4954=CARTESIAN_POINT('Ctrl Pts',(1.04111173933249,1.33143359671193,-7.79970367313548));
#4955=CARTESIAN_POINT('Ctrl Pts',(1.20285175875359,1.17348851326449,-7.80949951850276));
#4956=CARTESIAN_POINT('Ctrl Pts',(1.43804601485823,0.828643277416889,-7.82659733350894));
#4957=CARTESIAN_POINT('Ctrl Pts',(1.53400893528451,0.628984558827664,-7.8348749057436));
#4958=CARTESIAN_POINT('Ctrl Pts',(1.6219208219487,0.191496835090636,-7.8545193998197));
#4959=CARTESIAN_POINT('Ctrl Pts',(1.62382626096246,-0.0138223714205319,
-7.86389028786936));
#4960=CARTESIAN_POINT('Ctrl Pts',(1.53607858251747,-0.496690790771033,-7.88632525237623));
#4961=CARTESIAN_POINT('Ctrl Pts',(1.42264911590099,-0.696534705634663,-7.89586214062098));
#4962=CARTESIAN_POINT('Ctrl Pts',(1.29484093070784,-0.893900482056977,-7.90547824549381));
#4963=CARTESIAN_POINT('Ctrl Pts',(1.22468976479396,-0.980163995591427,-7.91028818065676));
#4964=CARTESIAN_POINT('Ctrl Pts',(1.0726856928165,-1.13051892551324,-7.91995957933845));
#4965=CARTESIAN_POINT('Ctrl Pts',(0.992415201392297,-1.19536742883441,-7.92476813118152));
#4966=CARTESIAN_POINT('Ctrl Pts',(0.906259917755839,-1.25170218643319,-7.92966333698689));
#4967=CARTESIAN_POINT('Origin',(0.,2.86881671076834E-15,-8.));
#4968=CARTESIAN_POINT('Ctrl Pts',(-1.54533666301315,-2.56392129749372E-14,
7.22499999999996));
#4969=CARTESIAN_POINT('Ctrl Pts',(-1.54533666301315,-0.114722323822791,
7.23366107135936));
#4970=CARTESIAN_POINT('Ctrl Pts',(-1.53256130881635,-0.229361882124469,
7.24231589425668));
#4971=CARTESIAN_POINT('Ctrl Pts',(-1.46373433314704,-0.532860551617863,
7.26522881605232));
#4972=CARTESIAN_POINT('Ctrl Pts',(-1.38448213507628,-0.713886332190309,
7.27809503123328));
#4973=CARTESIAN_POINT('Ctrl Pts',(-1.15734813495981,-1.04436476278408,7.30542026577997));
#4974=CARTESIAN_POINT('Ctrl Pts',(-1.0086681729885,-1.1885702417081,7.32058463717115));
#4975=CARTESIAN_POINT('Ctrl Pts',(-0.667903020917641,-1.4078492993876,7.35114168577007));
#4976=CARTESIAN_POINT('Ctrl Pts',(-0.480092562267914,-1.48245365671665,
7.36623716282868));
#4977=CARTESIAN_POINT('Ctrl Pts',(-0.0885400476691684,-1.55546063298529,
7.39459328582091));
#4978=CARTESIAN_POINT('Ctrl Pts',(0.111280064184579,-1.55399966284534,7.40694863729513));
#4979=CARTESIAN_POINT('Ctrl Pts',(0.507028132668275,-1.47420340925979,7.4358353530218));
#4980=CARTESIAN_POINT('Ctrl Pts',(0.698456397718326,-1.39373232246809,7.45138882455153));
#4981=CARTESIAN_POINT('Ctrl Pts',(1.02355186238998,-1.17283696110546,7.48098237901627));
#4982=CARTESIAN_POINT('Ctrl Pts',(1.15818261324235,-1.04012078646724,7.49479449511225));
#4983=CARTESIAN_POINT('Ctrl Pts',(1.37061226788774,-0.736809420083902,7.5201328370267));
#4984=CARTESIAN_POINT('Ctrl Pts',(1.44806664527424,-0.569731599420564,7.53198756899384));
#4985=CARTESIAN_POINT('Ctrl Pts',(1.49455171508717,-0.392912933081396,7.54533666301328));
#4986=CARTESIAN_POINT('Ctrl Pts',(0.766963950102098,-1.34157806381008,7.54533666301315));
#4987=CARTESIAN_POINT('Ctrl Pts',(0.636930282222306,-1.41591673872857,7.5340287432415));
#4988=CARTESIAN_POINT('Ctrl Pts',(0.496770954258195,-1.47096209400836,7.52278707728194));
#4989=CARTESIAN_POINT('Ctrl Pts',(0.210583550217114,-1.53768287575429,7.50155716539906));
#4990=CARTESIAN_POINT('Ctrl Pts',(0.0665121158145101,-1.55060007804888,
7.49204733949353));
#4991=CARTESIAN_POINT('Ctrl Pts',(-0.274597612778944,-1.5335271608754,7.46910063480332));
#4992=CARTESIAN_POINT('Ctrl Pts',(-0.468174425414788,-1.4858935689674,7.45464623720571));
#4993=CARTESIAN_POINT('Ctrl Pts',(-0.833822281116054,-1.31716295191033,
7.42437042363463));
#4994=CARTESIAN_POINT('Ctrl Pts',(-1.00119398264215,-1.19490889262106,7.40881258156035));
#4995=CARTESIAN_POINT('Ctrl Pts',(-1.27400262198916,-0.896928694347806,
7.37972781702515));
#4996=CARTESIAN_POINT('Ctrl Pts',(-1.37863733040462,-0.72589183198669,7.3673018968458));
#4997=CARTESIAN_POINT('Ctrl Pts',(-1.51243730954042,-0.366881899761259,
7.34019809927505));
#4998=CARTESIAN_POINT('Ctrl Pts',(-1.54533666301315,-0.184097413952931,
7.32639861001932));
#4999=CARTESIAN_POINT('Ctrl Pts',(-1.54533666301315,1.73472347597681E-15,
7.31249999999996));
#5000=CARTESIAN_POINT('Origin',(0.,-7.56090209003774E-15,8.));
#5001=CARTESIAN_POINT('Ctrl Pts',(1.5641424650952,-1.38725732290457E-10,
7.56414246509521));
#5002=CARTESIAN_POINT('Ctrl Pts',(1.57011945517358,0.126397997959706,7.57011945516238));
#5003=CARTESIAN_POINT('Ctrl Pts',(1.56071968864041,0.253073648458788,7.57604015467521));
#5004=CARTESIAN_POINT('Ctrl Pts',(1.49040508712802,0.608266734139035,7.59246570918618));
#5005=CARTESIAN_POINT('Ctrl Pts',(1.39785256328535,0.802291079941204,7.60074500315929));
#5006=CARTESIAN_POINT('Ctrl Pts',(1.17029603697943,1.13800616129716,7.61783649550358));
#5007=CARTESIAN_POINT('Ctrl Pts',(1.01354423756935,1.2919551172488,7.62763282188955));
#5008=CARTESIAN_POINT('Ctrl Pts',(0.661710569411071,1.52127027472505,7.64658269906403));
#5009=CARTESIAN_POINT('Ctrl Pts',(0.473082084794664,1.59938324570247,7.65557208035419));
#5010=CARTESIAN_POINT('Ctrl Pts',(0.018292823398676,1.69519154976675,7.67490741486884));
#5011=CARTESIAN_POINT('Ctrl Pts',(-0.211752193891166,1.67935774567579,7.68326485280108));
#5012=CARTESIAN_POINT('Ctrl Pts',(-0.605328474657814,1.60409294756899,7.70003384948687));
#5013=CARTESIAN_POINT('Ctrl Pts',(-0.813619177479559,1.52006540349332,7.70972545234109));
#5014=CARTESIAN_POINT('Ctrl Pts',(-1.18922730341698,1.27507811985725,7.72890937290855));
#5015=CARTESIAN_POINT('Ctrl Pts',(-1.35217060138454,1.11535159701451,7.73820953961041));
#5016=CARTESIAN_POINT('Ctrl Pts',(-1.57936057384552,0.781787429759036,7.75330471149569));
#5017=CARTESIAN_POINT('Ctrl Pts',(-1.67952559370699,0.585647460450763,7.76150077929629));
#5018=CARTESIAN_POINT('Ctrl Pts',(-1.79195637619312,0.120669482265176,7.78107277455971));
#5019=CARTESIAN_POINT('Ctrl Pts',(-1.80208050055764,-0.112668969596216,
7.79073578372661));
#5020=CARTESIAN_POINT('Ctrl Pts',(-1.75026874631184,-0.454289124575072,
7.80466422784256));
#5021=CARTESIAN_POINT('Ctrl Pts',(-1.72236720114515,-0.565239537959159,
7.80915261526273));
#5022=CARTESIAN_POINT('Ctrl Pts',(-1.59424838711262,-0.924894553302592,
7.82360274246527));
#5023=CARTESIAN_POINT('Ctrl Pts',(-1.45801581162457,-1.12796735819318,7.83182070499509));
#5024=CARTESIAN_POINT('Ctrl Pts',(-1.16161443310077,-1.45788277231389,7.84896002795724));
#5025=CARTESIAN_POINT('Ctrl Pts',(-0.970903558967998,-1.60229492859605,
7.85846491257505));
#5026=CARTESIAN_POINT('Ctrl Pts',(-0.538009965370441,-1.81535179875153,
7.87744988516991));
#5027=CARTESIAN_POINT('Ctrl Pts',(-0.298498533652569,-1.87905307478623,
7.88673220998082));
#5028=CARTESIAN_POINT('Ctrl Pts',(0.126764261190726,-1.90569337386143,7.9013542749231));
#5029=CARTESIAN_POINT('Ctrl Pts',(0.365685260982945,-1.89439012887752,7.90959683904698));
#5030=CARTESIAN_POINT('Ctrl Pts',(0.869154259452352,-1.7407756827568,7.92949656558712));
#5031=CARTESIAN_POINT('Ctrl Pts',(1.09244225143007,-1.62163773381907,7.93916506686092));
#5032=CARTESIAN_POINT('Ctrl Pts',(1.41813265788567,-1.35603457801609,7.95479629255154));
#5033=CARTESIAN_POINT('Ctrl Pts',(1.60243946438055,-1.17907680712663,7.96356926755551));
#5034=CARTESIAN_POINT('Ctrl Pts',(1.87541496288481,-0.68658917088447,7.98234020701657));
#5035=CARTESIAN_POINT('Ctrl Pts',(1.95361661248069,-0.454595500749116,7.99107754536615));
#5036=CARTESIAN_POINT('Ctrl Pts',(1.98848727243963,-0.214285714283086,8.00000000000007));
#5037=CARTESIAN_POINT('Origin',(0.,-7.56090209003774E-15,8.));
#5038=CARTESIAN_POINT('Ctrl Pts',(1.55263934780123,1.26067880747105,7.99999999998683));
#5039=CARTESIAN_POINT('Ctrl Pts',(1.64530087180896,1.11081877860593,7.97747228284886));
#5040=CARTESIAN_POINT('Ctrl Pts',(1.77263813935901,0.867466097801239,7.94660671785997));
#5041=CARTESIAN_POINT('Ctrl Pts',(1.8497180864604,0.362794341516704,7.87626014037489));
#5042=CARTESIAN_POINT('Ctrl Pts',(1.84975447268347,0.179631928293819,7.84975447268348));
#5043=CARTESIAN_POINT('Ctrl Pts',(1.82254809471606,2.03118483110406E-15,
7.82254809471607));
#5044=CARTESIAN_POINT('Origin',(0.,-2.22234418521235E-15,10.2));
#5045=CARTESIAN_POINT('',(-4.65365783675995E-16,3.80000000000001,8.33));
#5046=CARTESIAN_POINT('Origin',(0.,-1.16611145120205E-15,8.33));
#5047=CARTESIAN_POINT('',(-4.65365783675995E-16,3.80000000000001,8.));
#5048=CARTESIAN_POINT('',(-4.65365783675995E-16,3.8,10.2));
#5049=CARTESIAN_POINT('Origin',(0.,-9.79717439317882E-16,8.));
#5050=CARTESIAN_POINT('Origin',(1.34194208120825E-29,-5.57819835375715E-15,
6.47355614973262));
#5051=CARTESIAN_POINT('',(0.,-2.00000000000001,10.2));
#5052=CARTESIAN_POINT('Origin',(0.,-2.22234418521235E-15,10.2));
#5053=CARTESIAN_POINT('Origin',(0.,-5.76126945823798E-15,10.2));
#5054=CARTESIAN_POINT('',(1.25000000000001,-0.72168783648704,10.2));
#5055=CARTESIAN_POINT('',(1.25,0.721687836487029,10.2));
#5056=CARTESIAN_POINT('Ctrl Pts',(1.25000000000001,0.721687836487025,10.2));
#5057=CARTESIAN_POINT('Ctrl Pts',(1.25000000000001,-4.30211422042248E-15,
9.83915608175649));
#5058=CARTESIAN_POINT('Ctrl Pts',(1.25000000000001,-0.721687836487032,10.2));
#5059=CARTESIAN_POINT('Origin',(0.,-5.76126945823798E-15,10.2));
#5060=CARTESIAN_POINT('Origin',(1.25000000000001,-0.721687836487041,8.66));
#5061=CARTESIAN_POINT('',(4.26073722665457E-16,-1.44337567297408,8.66));
#5062=CARTESIAN_POINT('',(1.25000000000001,-0.721687836487041,8.66));
#5063=CARTESIAN_POINT('',(4.26073722665457E-16,-1.44337567297408,8.66));
#5064=CARTESIAN_POINT('',(1.25,0.721687836487028,8.66));
#5065=CARTESIAN_POINT('',(1.25000000000001,-0.721687836487041,8.66));
#5066=CARTESIAN_POINT('',(-2.01963945149828E-16,1.44337567297406,8.66));
#5067=CARTESIAN_POINT('',(1.25,0.721687836487028,8.66));
#5068=CARTESIAN_POINT('',(-1.25,0.721687836487028,8.66));
#5069=CARTESIAN_POINT('',(-2.01963945149828E-16,1.44337567297406,8.66));
#5070=CARTESIAN_POINT('',(-1.25,-0.721687836487042,8.66));
#5071=CARTESIAN_POINT('',(-1.25,0.721687836487028,8.66));
#5072=CARTESIAN_POINT('',(-1.25,-0.721687836487042,8.66));
#5073=CARTESIAN_POINT('Origin',(-1.25,0.721687836487028,8.66));
#5074=CARTESIAN_POINT('',(-1.25000000000001,0.721687836487027,10.2));
#5075=CARTESIAN_POINT('',(-1.25,0.721687836487028,8.66));
#5076=CARTESIAN_POINT('',(-1.25,-0.721687836487041,10.2));
#5077=CARTESIAN_POINT('Ctrl Pts',(-1.25,0.721687836487023,10.2));
#5078=CARTESIAN_POINT('Ctrl Pts',(-1.25,-6.30051566474776E-15,9.83915608175649));
#5079=CARTESIAN_POINT('Ctrl Pts',(-1.25,-0.721687836487036,10.2));
#5080=CARTESIAN_POINT('',(-1.25,-0.721687836487042,8.66));
#5081=CARTESIAN_POINT('Origin',(-1.25,-0.721687836487042,8.66));
#5082=CARTESIAN_POINT('',(-2.05998412772246E-15,-1.44337567297408,10.2));
#5083=CARTESIAN_POINT('Ctrl Pts',(-1.25,-0.721687836487044,10.2));
#5084=CARTESIAN_POINT('Ctrl Pts',(-0.625000000000004,-1.08253175473056,
9.83915608175649));
#5085=CARTESIAN_POINT('Ctrl Pts',(-7.56998971689535E-15,-1.44337567297407,
10.2));
#5086=CARTESIAN_POINT('',(4.26073722665457E-16,-1.44337567297408,8.66));
#5087=CARTESIAN_POINT('Origin',(4.26073722665457E-16,-1.44337567297408,
8.66));
#5088=CARTESIAN_POINT('Ctrl Pts',(4.29101021385512E-15,-1.44337567297407,
10.2));
#5089=CARTESIAN_POINT('Ctrl Pts',(0.625000000000003,-1.08253175473056,9.83915608175649));
#5090=CARTESIAN_POINT('Ctrl Pts',(1.25,-0.721687836487044,10.2));
#5091=CARTESIAN_POINT('',(1.25000000000001,-0.721687836487041,8.66));
#5092=CARTESIAN_POINT('Origin',(1.25000000000001,-0.721687836487041,8.66));
#5093=CARTESIAN_POINT('',(1.25,0.721687836487028,8.66));
#5094=CARTESIAN_POINT('Origin',(1.25,0.721687836487028,8.66));
#5095=CARTESIAN_POINT('',(-2.01963945149828E-16,1.44337567297406,10.2));
#5096=CARTESIAN_POINT('Ctrl Pts',(1.25,0.72168783648703,10.2));
#5097=CARTESIAN_POINT('Ctrl Pts',(0.625000000000003,1.08253175473055,9.83915608175649));
#5098=CARTESIAN_POINT('Ctrl Pts',(5.46496583840038E-15,1.44337567297406,
10.2));
#5099=CARTESIAN_POINT('',(-2.01963945149828E-16,1.44337567297406,8.66));
#5100=CARTESIAN_POINT('Origin',(-2.01963945149828E-16,1.44337567297406,
8.66));
#5101=CARTESIAN_POINT('Ctrl Pts',(-4.33149144228771E-15,1.44337567297406,
10.2));
#5102=CARTESIAN_POINT('Ctrl Pts',(-0.625000000000002,1.08253175473055,9.83915608175649));
#5103=CARTESIAN_POINT('Ctrl Pts',(-1.25,0.721687836487031,10.2));
#5104=CARTESIAN_POINT('Origin',(0.,-5.76126945823798E-15,10.2));
#5105=CARTESIAN_POINT('Origin',(0.,-5.76126945823798E-15,10.2));
#5106=CARTESIAN_POINT('Origin',(0.,-5.76126945823798E-15,10.2));
#5107=CARTESIAN_POINT('Origin',(0.,-5.76126945823798E-15,10.2));
#5108=CARTESIAN_POINT('Origin',(0.,-5.76126945823798E-15,10.2));
#5109=CARTESIAN_POINT('Origin',(0.,-5.76126945823798E-15,10.2));
#5110=CARTESIAN_POINT('Origin',(0.,-5.76126945823798E-15,10.2));
#5111=CARTESIAN_POINT('Origin',(0.,-5.76126945823798E-15,10.2));
#5112=CARTESIAN_POINT('Origin',(0.,-5.76126945823798E-15,10.2));
#5113=CARTESIAN_POINT('Origin',(0.,-5.76126945823798E-15,10.2));
#5114=CARTESIAN_POINT('Origin',(1.39659253553725E-14,-2.00000000000001,
10.2));
#5115=CARTESIAN_POINT('Origin',(0.,-3.80000000000001,8.));
#5116=CARTESIAN_POINT('Ctrl Pts',(0.,1.54532335346361,-8.34999231572799));
#5117=CARTESIAN_POINT('Ctrl Pts',(-0.892192854107227,1.54532335346361,-8.29165898239466));
#5118=CARTESIAN_POINT('Ctrl Pts',(-1.33828928116084,0.772661676731806,-8.23332564906133));
#5119=CARTESIAN_POINT('Ctrl Pts',(-1.78438570821446,2.97807882306879E-15,
-8.17499231572799));
#5120=CARTESIAN_POINT('Ctrl Pts',(-1.33828928116084,-0.7726616767318,-8.11665898239466));
#5121=CARTESIAN_POINT('Ctrl Pts',(-0.892192854107228,-1.5453233534636,-8.05832564906133));
#5122=CARTESIAN_POINT('Ctrl Pts',(-1.89247529846686E-16,-1.5453233534636,
-7.99999231572799));
#5123=CARTESIAN_POINT('Ctrl Pts',(0.892192854107227,-1.5453233534636,-7.94165898239466));
#5124=CARTESIAN_POINT('Ctrl Pts',(1.33828928116084,-0.772661676731801,-7.88332564906133));
#5125=CARTESIAN_POINT('Ctrl Pts',(1.78438570821446,2.54103037386697E-15,
-7.82499231572799));
#5126=CARTESIAN_POINT('Ctrl Pts',(1.33828928116084,0.772661676731805,-7.76665898239466));
#5127=CARTESIAN_POINT('Ctrl Pts',(0.892192854107228,1.54532335346361,-7.70832564906133));
#5128=CARTESIAN_POINT('Ctrl Pts',(0.,1.54532335346361,-7.64999231572799));
#5129=CARTESIAN_POINT('Ctrl Pts',(-0.892192854107227,1.54532335346361,-7.59165898239466));
#5130=CARTESIAN_POINT('Ctrl Pts',(-1.33828928116084,0.772661676731806,-7.53332564906133));
#5131=CARTESIAN_POINT('Ctrl Pts',(-1.78438570821446,2.97807882306879E-15,
-7.47499231572799));
#5132=CARTESIAN_POINT('Ctrl Pts',(-1.33828928116084,-0.7726616767318,-7.41665898239466));
#5133=CARTESIAN_POINT('Ctrl Pts',(-0.892192854107228,-1.5453233534636,-7.35832564906133));
#5134=CARTESIAN_POINT('Ctrl Pts',(-1.89247529846686E-16,-1.5453233534636,
-7.29999231572799));
#5135=CARTESIAN_POINT('Ctrl Pts',(0.892192854107227,-1.5453233534636,-7.24165898239466));
#5136=CARTESIAN_POINT('Ctrl Pts',(1.33828928116084,-0.772661676731801,-7.18332564906133));
#5137=CARTESIAN_POINT('Ctrl Pts',(1.78438570821446,2.54103037386697E-15,
-7.12499231572799));
#5138=CARTESIAN_POINT('Ctrl Pts',(1.33828928116084,0.772661676731805,-7.06665898239466));
#5139=CARTESIAN_POINT('Ctrl Pts',(0.892192854107228,1.54532335346361,-7.00832564906133));
#5140=CARTESIAN_POINT('Ctrl Pts',(0.,1.54532335346361,-6.94999231572799));
#5141=CARTESIAN_POINT('Ctrl Pts',(-0.892192854107227,1.54532335346361,-6.89165898239466));
#5142=CARTESIAN_POINT('Ctrl Pts',(-1.33828928116084,0.772661676731806,-6.83332564906133));
#5143=CARTESIAN_POINT('Ctrl Pts',(-1.78438570821446,2.97807882306879E-15,
-6.774992315728));
#5144=CARTESIAN_POINT('Ctrl Pts',(-1.33828928116084,-0.7726616767318,-6.71665898239466));
#5145=CARTESIAN_POINT('Ctrl Pts',(-0.892192854107228,-1.5453233534636,-6.65832564906133));
#5146=CARTESIAN_POINT('Ctrl Pts',(-1.89247529846686E-16,-1.5453233534636,
-6.599992315728));
#5147=CARTESIAN_POINT('Ctrl Pts',(0.892192854107227,-1.5453233534636,-6.54165898239466));
#5148=CARTESIAN_POINT('Ctrl Pts',(1.33828928116084,-0.772661676731801,-6.48332564906133));
#5149=CARTESIAN_POINT('Ctrl Pts',(1.78438570821446,2.54103037386697E-15,
-6.424992315728));
#5150=CARTESIAN_POINT('Ctrl Pts',(1.33828928116084,0.772661676731805,-6.36665898239466));
#5151=CARTESIAN_POINT('Ctrl Pts',(0.892192854107228,1.54532335346361,-6.30832564906133));
#5152=CARTESIAN_POINT('Ctrl Pts',(0.,1.54532335346361,-6.249992315728));
#5153=CARTESIAN_POINT('Ctrl Pts',(-0.892192854107227,1.54532335346361,-6.19165898239466));
#5154=CARTESIAN_POINT('Ctrl Pts',(-1.33828928116084,0.772661676731806,-6.13332564906133));
#5155=CARTESIAN_POINT('Ctrl Pts',(-1.78438570821446,2.97807882306879E-15,
-6.074992315728));
#5156=CARTESIAN_POINT('Ctrl Pts',(-1.33828928116084,-0.7726616767318,-6.01665898239466));
#5157=CARTESIAN_POINT('Ctrl Pts',(-0.892192854107228,-1.5453233534636,-5.95832564906133));
#5158=CARTESIAN_POINT('Ctrl Pts',(-1.89247529846686E-16,-1.5453233534636,
-5.899992315728));
#5159=CARTESIAN_POINT('Ctrl Pts',(0.892192854107227,-1.5453233534636,-5.84165898239466));
#5160=CARTESIAN_POINT('Ctrl Pts',(1.33828928116084,-0.772661676731801,-5.78332564906133));
#5161=CARTESIAN_POINT('Ctrl Pts',(1.78438570821446,2.54103037386697E-15,
-5.724992315728));
#5162=CARTESIAN_POINT('Ctrl Pts',(1.33828928116084,0.772661676731805,-5.66665898239467));
#5163=CARTESIAN_POINT('Ctrl Pts',(0.892192854107228,1.54532335346361,-5.60832564906133));
#5164=CARTESIAN_POINT('Ctrl Pts',(0.,1.54532335346361,-5.549992315728));
#5165=CARTESIAN_POINT('Ctrl Pts',(-0.892192854107227,1.54532335346361,-5.49165898239466));
#5166=CARTESIAN_POINT('Ctrl Pts',(-1.33828928116084,0.772661676731806,-5.43332564906133));
#5167=CARTESIAN_POINT('Ctrl Pts',(-1.78438570821446,2.97807882306879E-15,
-5.374992315728));
#5168=CARTESIAN_POINT('Ctrl Pts',(-1.33828928116084,-0.7726616767318,-5.31665898239467));
#5169=CARTESIAN_POINT('Ctrl Pts',(-0.892192854107228,-1.5453233534636,-5.25832564906133));
#5170=CARTESIAN_POINT('Ctrl Pts',(-1.89247529846686E-16,-1.5453233534636,
-5.199992315728));
#5171=CARTESIAN_POINT('Ctrl Pts',(0.892192854107227,-1.5453233534636,-5.14165898239467));
#5172=CARTESIAN_POINT('Ctrl Pts',(1.33828928116084,-0.772661676731801,-5.08332564906133));
#5173=CARTESIAN_POINT('Ctrl Pts',(1.78438570821446,2.54103037386697E-15,
-5.024992315728));
#5174=CARTESIAN_POINT('Ctrl Pts',(1.33828928116084,0.772661676731805,-4.96665898239467));
#5175=CARTESIAN_POINT('Ctrl Pts',(0.892192854107228,1.54532335346361,-4.90832564906133));
#5176=CARTESIAN_POINT('Ctrl Pts',(0.,1.54532335346361,-4.849992315728));
#5177=CARTESIAN_POINT('Ctrl Pts',(-0.892192854107227,1.54532335346361,-4.79165898239467));
#5178=CARTESIAN_POINT('Ctrl Pts',(-1.33828928116084,0.772661676731806,-4.73332564906133));
#5179=CARTESIAN_POINT('Ctrl Pts',(-1.78438570821446,2.97807882306879E-15,
-4.674992315728));
#5180=CARTESIAN_POINT('Ctrl Pts',(-1.33828928116084,-0.7726616767318,-4.61665898239467));
#5181=CARTESIAN_POINT('Ctrl Pts',(-0.892192854107228,-1.5453233534636,-4.55832564906133));
#5182=CARTESIAN_POINT('Ctrl Pts',(-1.89247529846686E-16,-1.5453233534636,
-4.499992315728));
#5183=CARTESIAN_POINT('Ctrl Pts',(0.892192854107227,-1.5453233534636,-4.44165898239467));
#5184=CARTESIAN_POINT('Ctrl Pts',(1.33828928116084,-0.772661676731801,-4.38332564906134));
#5185=CARTESIAN_POINT('Ctrl Pts',(1.78438570821446,2.54103037386697E-15,
-4.324992315728));
#5186=CARTESIAN_POINT('Ctrl Pts',(1.33828928116084,0.772661676731805,-4.26665898239467));
#5187=CARTESIAN_POINT('Ctrl Pts',(0.892192854107228,1.54532335346361,-4.20832564906133));
#5188=CARTESIAN_POINT('Ctrl Pts',(0.,1.54532335346361,-4.149992315728));
#5189=CARTESIAN_POINT('Ctrl Pts',(-0.892192854107227,1.54532335346361,-4.09165898239467));
#5190=CARTESIAN_POINT('Ctrl Pts',(-1.33828928116084,0.772661676731806,-4.03332564906134));
#5191=CARTESIAN_POINT('Ctrl Pts',(-1.78438570821446,2.97807882306879E-15,
-3.974992315728));
#5192=CARTESIAN_POINT('Ctrl Pts',(-1.33828928116084,-0.7726616767318,-3.91665898239467));
#5193=CARTESIAN_POINT('Ctrl Pts',(-0.892192854107228,-1.5453233534636,-3.85832564906133));
#5194=CARTESIAN_POINT('Ctrl Pts',(-1.89247529846686E-16,-1.5453233534636,
-3.799992315728));
#5195=CARTESIAN_POINT('Ctrl Pts',(0.892192854107227,-1.5453233534636,-3.74165898239467));
#5196=CARTESIAN_POINT('Ctrl Pts',(1.33828928116084,-0.772661676731801,-3.68332564906134));
#5197=CARTESIAN_POINT('Ctrl Pts',(1.78438570821446,2.54103037386697E-15,
-3.624992315728));
#5198=CARTESIAN_POINT('Ctrl Pts',(1.33828928116084,0.772661676731805,-3.56665898239467));
#5199=CARTESIAN_POINT('Ctrl Pts',(0.892192854107228,1.54532335346361,-3.50832564906134));
#5200=CARTESIAN_POINT('Ctrl Pts',(0.,1.54532335346361,-3.449992315728));
#5201=CARTESIAN_POINT('Ctrl Pts',(-0.892192854107227,1.54532335346361,-3.39165898239467));
#5202=CARTESIAN_POINT('Ctrl Pts',(-1.33828928116084,0.772661676731806,-3.33332564906134));
#5203=CARTESIAN_POINT('Ctrl Pts',(-1.78438570821446,2.97807882306879E-15,
-3.274992315728));
#5204=CARTESIAN_POINT('Ctrl Pts',(-1.33828928116084,-0.7726616767318,-3.21665898239467));
#5205=CARTESIAN_POINT('Ctrl Pts',(-0.892192854107228,-1.5453233534636,-3.15832564906134));
#5206=CARTESIAN_POINT('Ctrl Pts',(-1.89247529846686E-16,-1.5453233534636,
-3.099992315728));
#5207=CARTESIAN_POINT('Ctrl Pts',(0.892192854107227,-1.5453233534636,-3.04165898239467));
#5208=CARTESIAN_POINT('Ctrl Pts',(1.33828928116084,-0.772661676731801,-2.98332564906134));
#5209=CARTESIAN_POINT('Ctrl Pts',(1.78438570821446,2.54103037386697E-15,
-2.924992315728));
#5210=CARTESIAN_POINT('Ctrl Pts',(1.33828928116084,0.772661676731805,-2.86665898239467));
#5211=CARTESIAN_POINT('Ctrl Pts',(0.892192854107228,1.54532335346361,-2.80832564906134));
#5212=CARTESIAN_POINT('Ctrl Pts',(0.,1.54532335346361,-2.74999231572801));
#5213=CARTESIAN_POINT('Ctrl Pts',(-0.892192854107227,1.54532335346361,-2.69165898239467));
#5214=CARTESIAN_POINT('Ctrl Pts',(-1.33828928116084,0.772661676731806,-2.63332564906134));
#5215=CARTESIAN_POINT('Ctrl Pts',(-1.78438570821446,2.97807882306879E-15,
-2.57499231572801));
#5216=CARTESIAN_POINT('Ctrl Pts',(-1.33828928116084,-0.7726616767318,-2.51665898239467));
#5217=CARTESIAN_POINT('Ctrl Pts',(-0.892192854107228,-1.5453233534636,-2.45832564906134));
#5218=CARTESIAN_POINT('Ctrl Pts',(-1.89247529846686E-16,-1.5453233534636,
-2.39999231572801));
#5219=CARTESIAN_POINT('Ctrl Pts',(0.892192854107227,-1.5453233534636,-2.34165898239467));
#5220=CARTESIAN_POINT('Ctrl Pts',(1.33828928116084,-0.772661676731801,-2.28332564906134));
#5221=CARTESIAN_POINT('Ctrl Pts',(1.78438570821446,2.54103037386697E-15,
-2.22499231572801));
#5222=CARTESIAN_POINT('Ctrl Pts',(1.33828928116084,0.772661676731805,-2.16665898239467));
#5223=CARTESIAN_POINT('Ctrl Pts',(0.892192854107228,1.54532335346361,-2.10832564906134));
#5224=CARTESIAN_POINT('Ctrl Pts',(0.,1.54532335346361,-2.04999231572801));
#5225=CARTESIAN_POINT('Ctrl Pts',(-0.892192854107227,1.54532335346361,-1.99165898239467));
#5226=CARTESIAN_POINT('Ctrl Pts',(-1.33828928116084,0.772661676731806,-1.93332564906134));
#5227=CARTESIAN_POINT('Ctrl Pts',(-1.78438570821446,2.97807882306879E-15,
-1.87499231572801));
#5228=CARTESIAN_POINT('Ctrl Pts',(-1.33828928116084,-0.7726616767318,-1.81665898239467));
#5229=CARTESIAN_POINT('Ctrl Pts',(-0.892192854107228,-1.5453233534636,-1.75832564906134));
#5230=CARTESIAN_POINT('Ctrl Pts',(-1.89247529846686E-16,-1.5453233534636,
-1.69999231572801));
#5231=CARTESIAN_POINT('Ctrl Pts',(0.892192854107227,-1.5453233534636,-1.64165898239467));
#5232=CARTESIAN_POINT('Ctrl Pts',(1.33828928116084,-0.772661676731801,-1.58332564906134));
#5233=CARTESIAN_POINT('Ctrl Pts',(1.78438570821446,2.54103037386697E-15,
-1.52499231572801));
#5234=CARTESIAN_POINT('Ctrl Pts',(1.33828928116084,0.772661676731805,-1.46665898239467));
#5235=CARTESIAN_POINT('Ctrl Pts',(0.892192854107228,1.54532335346361,-1.40832564906134));
#5236=CARTESIAN_POINT('Ctrl Pts',(0.,1.54532335346361,-1.34999231572801));
#5237=CARTESIAN_POINT('Ctrl Pts',(-0.892192854107227,1.54532335346361,-1.29165898239467));
#5238=CARTESIAN_POINT('Ctrl Pts',(-1.33828928116084,0.772661676731806,-1.23332564906134));
#5239=CARTESIAN_POINT('Ctrl Pts',(-1.78438570821446,2.97807882306879E-15,
-1.17499231572801));
#5240=CARTESIAN_POINT('Ctrl Pts',(-1.33828928116084,-0.7726616767318,-1.11665898239468));
#5241=CARTESIAN_POINT('Ctrl Pts',(-0.892192854107228,-1.5453233534636,-1.05832564906134));
#5242=CARTESIAN_POINT('Ctrl Pts',(-1.89247529846686E-16,-1.5453233534636,
-0.999992315728009));
#5243=CARTESIAN_POINT('Ctrl Pts',(0.892192854107227,-1.5453233534636,-0.941658982394675));
#5244=CARTESIAN_POINT('Ctrl Pts',(1.33828928116084,-0.772661676731801,-0.883325649061343));
#5245=CARTESIAN_POINT('Ctrl Pts',(1.78438570821446,2.54103037386697E-15,
-0.82499231572801));
#5246=CARTESIAN_POINT('Ctrl Pts',(1.33828928116084,0.772661676731805,-0.766658982394677));
#5247=CARTESIAN_POINT('Ctrl Pts',(0.892192854107228,1.54532335346361,-0.708325649061343));
#5248=CARTESIAN_POINT('Ctrl Pts',(0.,1.54532335346361,-0.64999231572801));
#5249=CARTESIAN_POINT('Ctrl Pts',(-0.892192854107227,1.54532335346361,-0.591658982394677));
#5250=CARTESIAN_POINT('Ctrl Pts',(-1.33828928116084,0.772661676731806,-0.533325649061344));
#5251=CARTESIAN_POINT('Ctrl Pts',(-1.78438570821446,2.97807882306879E-15,
-0.47499231572801));
#5252=CARTESIAN_POINT('Ctrl Pts',(-1.33828928116084,-0.7726616767318,-0.416658982394678));
#5253=CARTESIAN_POINT('Ctrl Pts',(-0.892192854107228,-1.5453233534636,-0.358325649061344));
#5254=CARTESIAN_POINT('Ctrl Pts',(-1.89247529846686E-16,-1.5453233534636,
-0.29999231572801));
#5255=CARTESIAN_POINT('Ctrl Pts',(0.892192854107227,-1.5453233534636,-0.241658982394678));
#5256=CARTESIAN_POINT('Ctrl Pts',(1.33828928116084,-0.772661676731801,-0.183325649061344));
#5257=CARTESIAN_POINT('Ctrl Pts',(1.78438570821446,2.54103037386697E-15,
-0.12499231572801));
#5258=CARTESIAN_POINT('Ctrl Pts',(1.33828928116084,0.772661676731805,-0.0666589823946782));
#5259=CARTESIAN_POINT('Ctrl Pts',(0.892192854107228,1.54532335346361,-0.00832564906134438));
#5260=CARTESIAN_POINT('Ctrl Pts',(0.,1.54532335346361,0.0500076842719877));
#5261=CARTESIAN_POINT('Ctrl Pts',(-0.892192854107227,1.54532335346361,0.108341017605322));
#5262=CARTESIAN_POINT('Ctrl Pts',(-1.33828928116084,0.772661676731806,0.166674350938655));
#5263=CARTESIAN_POINT('Ctrl Pts',(-1.78438570821446,2.97807882306879E-15,
0.225007684271988));
#5264=CARTESIAN_POINT('Ctrl Pts',(-1.33828928116084,-0.7726616767318,0.283341017605321));
#5265=CARTESIAN_POINT('Ctrl Pts',(-0.892192854107228,-1.5453233534636,0.341674350938655));
#5266=CARTESIAN_POINT('Ctrl Pts',(-1.89247529846686E-16,-1.5453233534636,
0.400007684271987));
#5267=CARTESIAN_POINT('Ctrl Pts',(0.892192854107227,-1.5453233534636,0.458341017605321));
#5268=CARTESIAN_POINT('Ctrl Pts',(1.33828928116084,-0.772661676731801,0.516674350938653));
#5269=CARTESIAN_POINT('Ctrl Pts',(1.78438570821446,2.54103037386697E-15,
0.575007684271987));
#5270=CARTESIAN_POINT('Ctrl Pts',(1.33828928116084,0.772661676731805,0.633341017605321));
#5271=CARTESIAN_POINT('Ctrl Pts',(0.892192854107228,1.54532335346361,0.691674350938653));
#5272=CARTESIAN_POINT('Ctrl Pts',(0.,1.54532335346361,0.750007684271987));
#5273=CARTESIAN_POINT('Ctrl Pts',(-0.892192854107227,1.54532335346361,0.808341017605321));
#5274=CARTESIAN_POINT('Ctrl Pts',(-1.33828928116084,0.772661676731806,0.866674350938653));
#5275=CARTESIAN_POINT('Ctrl Pts',(-1.78438570821446,2.97807882306879E-15,
0.925007684271987));
#5276=CARTESIAN_POINT('Ctrl Pts',(-1.33828928116084,-0.7726616767318,0.983341017605319));
#5277=CARTESIAN_POINT('Ctrl Pts',(-0.892192854107228,-1.5453233534636,1.04167435093865));
#5278=CARTESIAN_POINT('Ctrl Pts',(-1.89247529846686E-16,-1.5453233534636,
1.10000768427199));
#5279=CARTESIAN_POINT('Ctrl Pts',(0.892192854107227,-1.5453233534636,1.15834101760532));
#5280=CARTESIAN_POINT('Ctrl Pts',(1.33828928116084,-0.772661676731801,1.21667435093865));
#5281=CARTESIAN_POINT('Ctrl Pts',(1.78438570821446,2.54103037386697E-15,
1.27500768427198));
#5282=CARTESIAN_POINT('Ctrl Pts',(1.33828928116084,0.772661676731805,1.33334101760532));
#5283=CARTESIAN_POINT('Ctrl Pts',(0.892192854107228,1.54532335346361,1.39167435093865));
#5284=CARTESIAN_POINT('Ctrl Pts',(0.,1.54532335346361,1.45000768427198));
#5285=CARTESIAN_POINT('Ctrl Pts',(-0.892192854107227,1.54532335346361,1.50834101760532));
#5286=CARTESIAN_POINT('Ctrl Pts',(-1.33828928116084,0.772661676731806,1.56667435093865));
#5287=CARTESIAN_POINT('Ctrl Pts',(-1.78438570821446,2.97807882306879E-15,
1.62500768427198));
#5288=CARTESIAN_POINT('Ctrl Pts',(-1.33828928116084,-0.7726616767318,1.68334101760532));
#5289=CARTESIAN_POINT('Ctrl Pts',(-0.892192854107228,-1.5453233534636,1.74167435093865));
#5290=CARTESIAN_POINT('Ctrl Pts',(-1.89247529846686E-16,-1.5453233534636,
1.80000768427198));
#5291=CARTESIAN_POINT('Ctrl Pts',(0.892192854107227,-1.5453233534636,1.85834101760532));
#5292=CARTESIAN_POINT('Ctrl Pts',(1.33828928116084,-0.772661676731801,1.91667435093865));
#5293=CARTESIAN_POINT('Ctrl Pts',(1.78438570821446,2.54103037386697E-15,
1.97500768427198));
#5294=CARTESIAN_POINT('Ctrl Pts',(1.33828928116084,0.772661676731805,2.03334101760532));
#5295=CARTESIAN_POINT('Ctrl Pts',(0.892192854107228,1.54532335346361,2.09167435093865));
#5296=CARTESIAN_POINT('Ctrl Pts',(0.,1.54532335346361,2.15000768427198));
#5297=CARTESIAN_POINT('Ctrl Pts',(-0.892192854107227,1.54532335346361,2.20834101760532));
#5298=CARTESIAN_POINT('Ctrl Pts',(-1.33828928116084,0.772661676731806,2.26667435093865));
#5299=CARTESIAN_POINT('Ctrl Pts',(-1.78438570821446,2.97807882306879E-15,
2.32500768427198));
#5300=CARTESIAN_POINT('Ctrl Pts',(-1.33828928116084,-0.7726616767318,2.38334101760532));
#5301=CARTESIAN_POINT('Ctrl Pts',(-0.892192854107228,-1.5453233534636,2.44167435093865));
#5302=CARTESIAN_POINT('Ctrl Pts',(-1.89247529846686E-16,-1.5453233534636,
2.50000768427198));
#5303=CARTESIAN_POINT('Ctrl Pts',(0.892192854107227,-1.5453233534636,2.55834101760531));
#5304=CARTESIAN_POINT('Ctrl Pts',(1.33828928116084,-0.772661676731801,2.61667435093865));
#5305=CARTESIAN_POINT('Ctrl Pts',(1.78438570821446,2.54103037386697E-15,
2.67500768427198));
#5306=CARTESIAN_POINT('Ctrl Pts',(1.33828928116084,0.772661676731805,2.73334101760532));
#5307=CARTESIAN_POINT('Ctrl Pts',(0.892192854107228,1.54532335346361,2.79167435093865));
#5308=CARTESIAN_POINT('Ctrl Pts',(0.,1.54532335346361,2.85000768427198));
#5309=CARTESIAN_POINT('Ctrl Pts',(-0.892192854107227,1.54532335346361,2.90834101760532));
#5310=CARTESIAN_POINT('Ctrl Pts',(-1.33828928116084,0.772661676731806,2.96667435093865));
#5311=CARTESIAN_POINT('Ctrl Pts',(-1.78438570821446,2.97807882306879E-15,
3.02500768427198));
#5312=CARTESIAN_POINT('Ctrl Pts',(-1.33828928116084,-0.7726616767318,3.08334101760531));
#5313=CARTESIAN_POINT('Ctrl Pts',(-0.892192854107228,-1.5453233534636,3.14167435093865));
#5314=CARTESIAN_POINT('Ctrl Pts',(-1.89247529846686E-16,-1.5453233534636,
3.20000768427198));
#5315=CARTESIAN_POINT('Ctrl Pts',(0.892192854107227,-1.5453233534636,3.25834101760531));
#5316=CARTESIAN_POINT('Ctrl Pts',(1.33828928116084,-0.772661676731801,3.31667435093865));
#5317=CARTESIAN_POINT('Ctrl Pts',(1.78438570821446,2.54103037386697E-15,
3.37500768427198));
#5318=CARTESIAN_POINT('Ctrl Pts',(1.33828928116084,0.772661676731805,3.43334101760531));
#5319=CARTESIAN_POINT('Ctrl Pts',(0.892192854107228,1.54532335346361,3.49167435093865));
#5320=CARTESIAN_POINT('Ctrl Pts',(0.,1.54532335346361,3.55000768427198));
#5321=CARTESIAN_POINT('Ctrl Pts',(-0.892192854107227,1.54532335346361,3.60834101760531));
#5322=CARTESIAN_POINT('Ctrl Pts',(-1.33828928116084,0.772661676731806,3.66667435093865));
#5323=CARTESIAN_POINT('Ctrl Pts',(-1.78438570821446,2.97807882306879E-15,
3.72500768427198));
#5324=CARTESIAN_POINT('Ctrl Pts',(-1.33828928116084,-0.7726616767318,3.78334101760531));
#5325=CARTESIAN_POINT('Ctrl Pts',(-0.892192854107228,-1.5453233534636,3.84167435093865));
#5326=CARTESIAN_POINT('Ctrl Pts',(-1.89247529846686E-16,-1.5453233534636,
3.90000768427198));
#5327=CARTESIAN_POINT('Ctrl Pts',(0.892192854107227,-1.5453233534636,3.95834101760531));
#5328=CARTESIAN_POINT('Ctrl Pts',(1.33828928116084,-0.772661676731801,4.01667435093865));
#5329=CARTESIAN_POINT('Ctrl Pts',(1.78438570821446,2.54103037386697E-15,
4.07500768427198));
#5330=CARTESIAN_POINT('Ctrl Pts',(1.33828928116084,0.772661676731805,4.13334101760531));
#5331=CARTESIAN_POINT('Ctrl Pts',(0.892192854107228,1.54532335346361,4.19167435093865));
#5332=CARTESIAN_POINT('Ctrl Pts',(0.,1.54532335346361,4.25000768427198));
#5333=CARTESIAN_POINT('Ctrl Pts',(-0.892192854107227,1.54532335346361,4.30834101760531));
#5334=CARTESIAN_POINT('Ctrl Pts',(-1.33828928116084,0.772661676731806,4.36667435093864));
#5335=CARTESIAN_POINT('Ctrl Pts',(-1.78438570821446,2.97807882306879E-15,
4.42500768427198));
#5336=CARTESIAN_POINT('Ctrl Pts',(-1.33828928116084,-0.7726616767318,4.48334101760531));
#5337=CARTESIAN_POINT('Ctrl Pts',(-0.892192854107228,-1.5453233534636,4.54167435093864));
#5338=CARTESIAN_POINT('Ctrl Pts',(-1.89247529846686E-16,-1.5453233534636,
4.60000768427198));
#5339=CARTESIAN_POINT('Ctrl Pts',(0.892192854107227,-1.5453233534636,4.65834101760531));
#5340=CARTESIAN_POINT('Ctrl Pts',(1.33828928116084,-0.772661676731801,4.71667435093864));
#5341=CARTESIAN_POINT('Ctrl Pts',(1.78438570821446,2.54103037386697E-15,
4.77500768427198));
#5342=CARTESIAN_POINT('Ctrl Pts',(1.33828928116084,0.772661676731805,4.83334101760531));
#5343=CARTESIAN_POINT('Ctrl Pts',(0.892192854107228,1.54532335346361,4.89167435093864));
#5344=CARTESIAN_POINT('Ctrl Pts',(0.,1.54532335346361,4.95000768427198));
#5345=CARTESIAN_POINT('Ctrl Pts',(-0.892192854107227,1.54532335346361,5.00834101760531));
#5346=CARTESIAN_POINT('Ctrl Pts',(-1.33828928116084,0.772661676731806,5.06667435093864));
#5347=CARTESIAN_POINT('Ctrl Pts',(-1.78438570821446,2.97807882306879E-15,
5.12500768427198));
#5348=CARTESIAN_POINT('Ctrl Pts',(-1.33828928116084,-0.7726616767318,5.18334101760531));
#5349=CARTESIAN_POINT('Ctrl Pts',(-0.892192854107228,-1.5453233534636,5.24167435093864));
#5350=CARTESIAN_POINT('Ctrl Pts',(-1.89247529846686E-16,-1.5453233534636,
5.30000768427198));
#5351=CARTESIAN_POINT('Ctrl Pts',(0.892192854107227,-1.5453233534636,5.35834101760531));
#5352=CARTESIAN_POINT('Ctrl Pts',(1.33828928116084,-0.772661676731801,5.41667435093864));
#5353=CARTESIAN_POINT('Ctrl Pts',(1.78438570821446,2.54103037386697E-15,
5.47500768427198));
#5354=CARTESIAN_POINT('Ctrl Pts',(1.33828928116084,0.772661676731805,5.53334101760531));
#5355=CARTESIAN_POINT('Ctrl Pts',(0.892192854107228,1.54532335346361,5.59167435093864));
#5356=CARTESIAN_POINT('Ctrl Pts',(0.,1.54532335346361,5.65000768427197));
#5357=CARTESIAN_POINT('Ctrl Pts',(-0.892192854107227,1.54532335346361,5.70834101760531));
#5358=CARTESIAN_POINT('Ctrl Pts',(-1.33828928116084,0.772661676731806,5.76667435093864));
#5359=CARTESIAN_POINT('Ctrl Pts',(-1.78438570821446,2.97807882306879E-15,
5.82500768427197));
#5360=CARTESIAN_POINT('Ctrl Pts',(-1.33828928116084,-0.7726616767318,5.88334101760531));
#5361=CARTESIAN_POINT('Ctrl Pts',(-0.892192854107228,-1.5453233534636,5.94167435093864));
#5362=CARTESIAN_POINT('Ctrl Pts',(-1.89247529846686E-16,-1.5453233534636,
6.00000768427198));
#5363=CARTESIAN_POINT('Ctrl Pts',(0.892192854107227,-1.5453233534636,6.05834101760531));
#5364=CARTESIAN_POINT('Ctrl Pts',(1.33828928116084,-0.772661676731801,6.11667435093864));
#5365=CARTESIAN_POINT('Ctrl Pts',(1.78438570821446,2.54103037386697E-15,
6.17500768427197));
#5366=CARTESIAN_POINT('Ctrl Pts',(1.33828928116084,0.772661676731805,6.23334101760531));
#5367=CARTESIAN_POINT('Ctrl Pts',(0.892192854107228,1.54532335346361,6.29167435093864));
#5368=CARTESIAN_POINT('Ctrl Pts',(0.,1.54532335346361,6.35000768427197));
#5369=CARTESIAN_POINT('Ctrl Pts',(-0.892192854107227,1.54532335346361,6.4083410176053));
#5370=CARTESIAN_POINT('Ctrl Pts',(-1.33828928116084,0.772661676731806,6.46667435093864));
#5371=CARTESIAN_POINT('Ctrl Pts',(-1.78438570821446,2.97807882306879E-15,
6.52500768427197));
#5372=CARTESIAN_POINT('Ctrl Pts',(-1.33828928116084,-0.7726616767318,6.58334101760531));
#5373=CARTESIAN_POINT('Ctrl Pts',(-0.892192854107228,-1.5453233534636,6.64167435093864));
#5374=CARTESIAN_POINT('Ctrl Pts',(-1.89247529846686E-16,-1.5453233534636,
6.70000768427197));
#5375=CARTESIAN_POINT('Ctrl Pts',(0.892192854107227,-1.5453233534636,6.75834101760531));
#5376=CARTESIAN_POINT('Ctrl Pts',(1.33828928116084,-0.772661676731801,6.81667435093864));
#5377=CARTESIAN_POINT('Ctrl Pts',(1.78438570821446,2.54103037386697E-15,
6.87500768427197));
#5378=CARTESIAN_POINT('Ctrl Pts',(1.33828928116084,0.772661676731805,6.93334101760531));
#5379=CARTESIAN_POINT('Ctrl Pts',(0.892192854107228,1.54532335346361,6.99167435093864));
#5380=CARTESIAN_POINT('Ctrl Pts',(0.,1.54532335346361,7.05000768427197));
#5381=CARTESIAN_POINT('Ctrl Pts',(-0.892192854107227,1.54532335346361,7.1083410176053));
#5382=CARTESIAN_POINT('Ctrl Pts',(-1.33828928116084,0.772661676731806,7.16667435093864));
#5383=CARTESIAN_POINT('Ctrl Pts',(-1.78438570821446,2.97807882306879E-15,
7.22500768427197));
#5384=CARTESIAN_POINT('Ctrl Pts',(-1.33828928116084,-0.7726616767318,7.2833410176053));
#5385=CARTESIAN_POINT('Ctrl Pts',(-0.892192854107228,-1.5453233534636,7.34167435093864));
#5386=CARTESIAN_POINT('Ctrl Pts',(-1.89247529846686E-16,-1.5453233534636,
7.40000768427197));
#5387=CARTESIAN_POINT('Ctrl Pts',(0.892192854107227,-1.5453233534636,7.4583410176053));
#5388=CARTESIAN_POINT('Ctrl Pts',(1.33828928116084,-0.772661676731801,7.51667435093864));
#5389=CARTESIAN_POINT('Ctrl Pts',(1.78438570821446,2.54103037386697E-15,
7.57500768427197));
#5390=CARTESIAN_POINT('Ctrl Pts',(1.33828928116084,0.772661676731805,7.6333410176053));
#5391=CARTESIAN_POINT('Ctrl Pts',(0.892192854107228,1.54532335346361,7.69167435093864));
#5392=CARTESIAN_POINT('Ctrl Pts',(0.,1.54532335346361,7.75000768427197));
#5393=CARTESIAN_POINT('Ctrl Pts',(-0.892192854107227,1.54532335346361,7.8083410176053));
#5394=CARTESIAN_POINT('Ctrl Pts',(-1.33828928116084,0.772661676731806,7.86667435093864));
#5395=CARTESIAN_POINT('Ctrl Pts',(-1.78438570821446,2.97807882306879E-15,
7.92500768427197));
#5396=CARTESIAN_POINT('Ctrl Pts',(-1.33828928116084,-0.7726616767318,7.9833410176053));
#5397=CARTESIAN_POINT('Ctrl Pts',(-0.892192854107228,-1.5453233534636,8.04167435093864));
#5398=CARTESIAN_POINT('Ctrl Pts',(-1.89247529846686E-16,-1.5453233534636,
8.10000768427197));
#5399=CARTESIAN_POINT('Ctrl Pts',(0.892192854107227,-1.5453233534636,8.1583410176053));
#5400=CARTESIAN_POINT('Ctrl Pts',(1.33828928116084,-0.772661676731801,8.21667435093864));
#5401=CARTESIAN_POINT('Ctrl Pts',(1.78438570821446,2.54103037386697E-15,
8.27500768427197));
#5402=CARTESIAN_POINT('Ctrl Pts',(1.33828928116084,0.772661676731805,8.3333410176053));
#5403=CARTESIAN_POINT('Ctrl Pts',(0.892192854107228,1.54532335346361,8.39167435093863));
#5404=CARTESIAN_POINT('Ctrl Pts',(0.,1.54532335346361,8.45000768427197));
#5405=CARTESIAN_POINT('Ctrl Pts',(-0.892192854107227,1.54532335346361,8.5083410176053));
#5406=CARTESIAN_POINT('Ctrl Pts',(-1.33828928116084,0.772661676731806,8.56667435093863));
#5407=CARTESIAN_POINT('Ctrl Pts',(-1.78438570821446,2.97807882306879E-15,
8.62500768427197));
#5408=CARTESIAN_POINT('Ctrl Pts',(-1.33828928116084,-0.7726616767318,8.6833410176053));
#5409=CARTESIAN_POINT('Ctrl Pts',(-0.892192854107228,-1.5453233534636,8.74167435093863));
#5410=CARTESIAN_POINT('Ctrl Pts',(-1.89247529846686E-16,-1.5453233534636,
8.80000768427197));
#5411=CARTESIAN_POINT('Ctrl Pts',(0.892192854107227,-1.5453233534636,8.8583410176053));
#5412=CARTESIAN_POINT('Ctrl Pts',(1.33828928116084,-0.772661676731801,8.91667435093864));
#5413=CARTESIAN_POINT('Ctrl Pts',(1.78438570821446,2.54103037386697E-15,
8.97500768427197));
#5414=CARTESIAN_POINT('Ctrl Pts',(1.33828928116084,0.772661676731805,9.0333410176053));
#5415=CARTESIAN_POINT('Ctrl Pts',(0.892192854107228,1.54532335346361,9.09167435093863));
#5416=CARTESIAN_POINT('Ctrl Pts',(0.,1.54532335346361,9.15000768427197));
#5417=CARTESIAN_POINT('Ctrl Pts',(-0.892192854107227,1.54532335346361,9.2083410176053));
#5418=CARTESIAN_POINT('Ctrl Pts',(-1.33828928116084,0.772661676731806,9.26667435093863));
#5419=CARTESIAN_POINT('Ctrl Pts',(-1.78438570821446,2.97807882306879E-15,
9.32500768427197));
#5420=CARTESIAN_POINT('Ctrl Pts',(-1.33828928116084,-0.7726616767318,9.3833410176053));
#5421=CARTESIAN_POINT('Ctrl Pts',(-0.892192854107228,-1.5453233534636,9.44167435093863));
#5422=CARTESIAN_POINT('Ctrl Pts',(-1.89247529846686E-16,-1.5453233534636,
9.50000768427197));
#5423=CARTESIAN_POINT('Ctrl Pts',(0.892192854107227,-1.5453233534636,9.5583410176053));
#5424=CARTESIAN_POINT('Ctrl Pts',(1.33828928116084,-0.772661676731801,9.61667435093864));
#5425=CARTESIAN_POINT('Ctrl Pts',(1.78438570821446,2.54103037386697E-15,
9.67500768427196));
#5426=CARTESIAN_POINT('Ctrl Pts',(1.33828928116084,0.772661676731805,9.7333410176053));
#5427=CARTESIAN_POINT('Ctrl Pts',(0.892192854107228,1.54532335346361,9.79167435093863));
#5428=CARTESIAN_POINT('Ctrl Pts',(0.,1.54532335346361,9.85000768427197));
#5429=CARTESIAN_POINT('Ctrl Pts',(-0.892192854107227,1.54532335346361,9.9083410176053));
#5430=CARTESIAN_POINT('Ctrl Pts',(-1.33828928116084,0.772661676731806,9.96667435093863));
#5431=CARTESIAN_POINT('Ctrl Pts',(-1.78438570821446,2.97807882306879E-15,
10.025007684272));
#5432=CARTESIAN_POINT('Ctrl Pts',(-1.33828928116084,-0.7726616767318,10.0833410176053));
#5433=CARTESIAN_POINT('Ctrl Pts',(-0.892192854107228,-1.5453233534636,10.1416743509386));
#5434=CARTESIAN_POINT('Ctrl Pts',(-1.89247529846686E-16,-1.5453233534636,
10.200007684272));
#5435=CARTESIAN_POINT('Ctrl Pts',(0.892192854107227,-1.5453233534636,10.2583410176053));
#5436=CARTESIAN_POINT('Ctrl Pts',(1.33828928116084,-0.772661676731801,10.3166743509386));
#5437=CARTESIAN_POINT('Ctrl Pts',(1.78438570821446,2.54103037386697E-15,
10.375007684272));
#5438=CARTESIAN_POINT('Ctrl Pts',(1.33828928116084,0.772661676731805,10.4333410176053));
#5439=CARTESIAN_POINT('Ctrl Pts',(0.892192854107228,1.54532335346361,10.4916743509386));
#5440=CARTESIAN_POINT('Ctrl Pts',(0.,1.54532335346361,10.550007684272));
#5441=CARTESIAN_POINT('Ctrl Pts',(0.,2.03788861141556,-8.63437500000001));
#5442=CARTESIAN_POINT('Ctrl Pts',(-1.17657553837924,2.03788861141556,-8.57604166666667));
#5443=CARTESIAN_POINT('Ctrl Pts',(-1.76486330756886,1.01894430570778,-8.51770833333334));
#5444=CARTESIAN_POINT('Ctrl Pts',(-2.35315107675848,3.01290565747146E-15,
-8.45937500000001));
#5445=CARTESIAN_POINT('Ctrl Pts',(-1.76486330756886,-1.01894430570777,-8.40104166666667));
#5446=CARTESIAN_POINT('Ctrl Pts',(-1.17657553837924,-2.03788861141555,-8.34270833333334));
#5447=CARTESIAN_POINT('Ctrl Pts',(-2.4956937649889E-16,-2.03788861141555,
-8.28437500000001));
#5448=CARTESIAN_POINT('Ctrl Pts',(1.17657553837924,-2.03788861141555,-8.22604166666667));
#5449=CARTESIAN_POINT('Ctrl Pts',(1.76486330756886,-1.01894430570777,-8.16770833333334));
#5450=CARTESIAN_POINT('Ctrl Pts',(2.35315107675848,2.43654987065897E-15,
-8.10937500000001));
#5451=CARTESIAN_POINT('Ctrl Pts',(1.76486330756886,1.01894430570778,-8.05104166666668));
#5452=CARTESIAN_POINT('Ctrl Pts',(1.17657553837924,2.03788861141556,-7.99270833333334));
#5453=CARTESIAN_POINT('Ctrl Pts',(0.,2.03788861141556,-7.93437500000001));
#5454=CARTESIAN_POINT('Ctrl Pts',(-1.17657553837924,2.03788861141556,-7.87604166666668));
#5455=CARTESIAN_POINT('Ctrl Pts',(-1.76486330756886,1.01894430570778,-7.81770833333334));
#5456=CARTESIAN_POINT('Ctrl Pts',(-2.35315107675848,3.01290565747146E-15,
-7.75937500000001));
#5457=CARTESIAN_POINT('Ctrl Pts',(-1.76486330756886,-1.01894430570777,-7.70104166666668));
#5458=CARTESIAN_POINT('Ctrl Pts',(-1.17657553837924,-2.03788861141555,-7.64270833333334));
#5459=CARTESIAN_POINT('Ctrl Pts',(-2.4956937649889E-16,-2.03788861141555,
-7.58437500000001));
#5460=CARTESIAN_POINT('Ctrl Pts',(1.17657553837924,-2.03788861141555,-7.52604166666668));
#5461=CARTESIAN_POINT('Ctrl Pts',(1.76486330756886,-1.01894430570777,-7.46770833333334));
#5462=CARTESIAN_POINT('Ctrl Pts',(2.35315107675848,2.43654987065897E-15,
-7.40937500000001));
#5463=CARTESIAN_POINT('Ctrl Pts',(1.76486330756886,1.01894430570778,-7.35104166666668));
#5464=CARTESIAN_POINT('Ctrl Pts',(1.17657553837924,2.03788861141556,-7.29270833333334));
#5465=CARTESIAN_POINT('Ctrl Pts',(0.,2.03788861141556,-7.23437500000001));
#5466=CARTESIAN_POINT('Ctrl Pts',(-1.17657553837924,2.03788861141556,-7.17604166666668));
#5467=CARTESIAN_POINT('Ctrl Pts',(-1.76486330756886,1.01894430570778,-7.11770833333334));
#5468=CARTESIAN_POINT('Ctrl Pts',(-2.35315107675848,3.01290565747146E-15,
-7.05937500000001));
#5469=CARTESIAN_POINT('Ctrl Pts',(-1.76486330756886,-1.01894430570777,-7.00104166666668));
#5470=CARTESIAN_POINT('Ctrl Pts',(-1.17657553837924,-2.03788861141555,-6.94270833333334));
#5471=CARTESIAN_POINT('Ctrl Pts',(-2.4956937649889E-16,-2.03788861141555,
-6.88437500000001));
#5472=CARTESIAN_POINT('Ctrl Pts',(1.17657553837924,-2.03788861141555,-6.82604166666668));
#5473=CARTESIAN_POINT('Ctrl Pts',(1.76486330756886,-1.01894430570777,-6.76770833333334));
#5474=CARTESIAN_POINT('Ctrl Pts',(2.35315107675848,2.43654987065897E-15,
-6.70937500000001));
#5475=CARTESIAN_POINT('Ctrl Pts',(1.76486330756886,1.01894430570778,-6.65104166666668));
#5476=CARTESIAN_POINT('Ctrl Pts',(1.17657553837924,2.03788861141556,-6.59270833333334));
#5477=CARTESIAN_POINT('Ctrl Pts',(0.,2.03788861141556,-6.53437500000001));
#5478=CARTESIAN_POINT('Ctrl Pts',(-1.17657553837924,2.03788861141556,-6.47604166666668));
#5479=CARTESIAN_POINT('Ctrl Pts',(-1.76486330756886,1.01894430570778,-6.41770833333335));
#5480=CARTESIAN_POINT('Ctrl Pts',(-2.35315107675848,3.01290565747146E-15,
-6.35937500000001));
#5481=CARTESIAN_POINT('Ctrl Pts',(-1.76486330756886,-1.01894430570777,-6.30104166666668));
#5482=CARTESIAN_POINT('Ctrl Pts',(-1.17657553837924,-2.03788861141555,-6.24270833333335));
#5483=CARTESIAN_POINT('Ctrl Pts',(-2.4956937649889E-16,-2.03788861141555,
-6.18437500000001));
#5484=CARTESIAN_POINT('Ctrl Pts',(1.17657553837924,-2.03788861141555,-6.12604166666668));
#5485=CARTESIAN_POINT('Ctrl Pts',(1.76486330756886,-1.01894430570777,-6.06770833333335));
#5486=CARTESIAN_POINT('Ctrl Pts',(2.35315107675848,2.43654987065897E-15,
-6.00937500000001));
#5487=CARTESIAN_POINT('Ctrl Pts',(1.76486330756886,1.01894430570778,-5.95104166666668));
#5488=CARTESIAN_POINT('Ctrl Pts',(1.17657553837924,2.03788861141556,-5.89270833333335));
#5489=CARTESIAN_POINT('Ctrl Pts',(0.,2.03788861141556,-5.83437500000001));
#5490=CARTESIAN_POINT('Ctrl Pts',(-1.17657553837924,2.03788861141556,-5.77604166666668));
#5491=CARTESIAN_POINT('Ctrl Pts',(-1.76486330756886,1.01894430570778,-5.71770833333335));
#5492=CARTESIAN_POINT('Ctrl Pts',(-2.35315107675848,3.01290565747146E-15,
-5.65937500000001));
#5493=CARTESIAN_POINT('Ctrl Pts',(-1.76486330756886,-1.01894430570777,-5.60104166666668));
#5494=CARTESIAN_POINT('Ctrl Pts',(-1.17657553837924,-2.03788861141555,-5.54270833333335));
#5495=CARTESIAN_POINT('Ctrl Pts',(-2.4956937649889E-16,-2.03788861141555,
-5.48437500000001));
#5496=CARTESIAN_POINT('Ctrl Pts',(1.17657553837924,-2.03788861141555,-5.42604166666668));
#5497=CARTESIAN_POINT('Ctrl Pts',(1.76486330756886,-1.01894430570777,-5.36770833333335));
#5498=CARTESIAN_POINT('Ctrl Pts',(2.35315107675848,2.43654987065897E-15,
-5.30937500000002));
#5499=CARTESIAN_POINT('Ctrl Pts',(1.76486330756886,1.01894430570778,-5.25104166666668));
#5500=CARTESIAN_POINT('Ctrl Pts',(1.17657553837924,2.03788861141556,-5.19270833333335));
#5501=CARTESIAN_POINT('Ctrl Pts',(0.,2.03788861141556,-5.13437500000002));
#5502=CARTESIAN_POINT('Ctrl Pts',(-1.17657553837924,2.03788861141556,-5.07604166666668));
#5503=CARTESIAN_POINT('Ctrl Pts',(-1.76486330756886,1.01894430570778,-5.01770833333335));
#5504=CARTESIAN_POINT('Ctrl Pts',(-2.35315107675848,3.01290565747146E-15,
-4.95937500000002));
#5505=CARTESIAN_POINT('Ctrl Pts',(-1.76486330756886,-1.01894430570777,-4.90104166666668));
#5506=CARTESIAN_POINT('Ctrl Pts',(-1.17657553837924,-2.03788861141555,-4.84270833333335));
#5507=CARTESIAN_POINT('Ctrl Pts',(-2.4956937649889E-16,-2.03788861141555,
-4.78437500000002));
#5508=CARTESIAN_POINT('Ctrl Pts',(1.17657553837924,-2.03788861141555,-4.72604166666668));
#5509=CARTESIAN_POINT('Ctrl Pts',(1.76486330756886,-1.01894430570777,-4.66770833333335));
#5510=CARTESIAN_POINT('Ctrl Pts',(2.35315107675848,2.43654987065897E-15,
-4.60937500000002));
#5511=CARTESIAN_POINT('Ctrl Pts',(1.76486330756886,1.01894430570778,-4.55104166666668));
#5512=CARTESIAN_POINT('Ctrl Pts',(1.17657553837924,2.03788861141556,-4.49270833333335));
#5513=CARTESIAN_POINT('Ctrl Pts',(0.,2.03788861141556,-4.43437500000002));
#5514=CARTESIAN_POINT('Ctrl Pts',(-1.17657553837924,2.03788861141556,-4.37604166666668));
#5515=CARTESIAN_POINT('Ctrl Pts',(-1.76486330756886,1.01894430570778,-4.31770833333335));
#5516=CARTESIAN_POINT('Ctrl Pts',(-2.35315107675848,3.01290565747146E-15,
-4.25937500000002));
#5517=CARTESIAN_POINT('Ctrl Pts',(-1.76486330756886,-1.01894430570777,-4.20104166666668));
#5518=CARTESIAN_POINT('Ctrl Pts',(-1.17657553837924,-2.03788861141555,-4.14270833333335));
#5519=CARTESIAN_POINT('Ctrl Pts',(-2.4956937649889E-16,-2.03788861141555,
-4.08437500000002));
#5520=CARTESIAN_POINT('Ctrl Pts',(1.17657553837924,-2.03788861141555,-4.02604166666668));
#5521=CARTESIAN_POINT('Ctrl Pts',(1.76486330756886,-1.01894430570777,-3.96770833333335));
#5522=CARTESIAN_POINT('Ctrl Pts',(2.35315107675848,2.43654987065897E-15,
-3.90937500000002));
#5523=CARTESIAN_POINT('Ctrl Pts',(1.76486330756886,1.01894430570778,-3.85104166666669));
#5524=CARTESIAN_POINT('Ctrl Pts',(1.17657553837924,2.03788861141556,-3.79270833333335));
#5525=CARTESIAN_POINT('Ctrl Pts',(0.,2.03788861141556,-3.73437500000002));
#5526=CARTESIAN_POINT('Ctrl Pts',(-1.17657553837924,2.03788861141556,-3.67604166666669));
#5527=CARTESIAN_POINT('Ctrl Pts',(-1.76486330756886,1.01894430570778,-3.61770833333335));
#5528=CARTESIAN_POINT('Ctrl Pts',(-2.35315107675848,3.01290565747146E-15,
-3.55937500000002));
#5529=CARTESIAN_POINT('Ctrl Pts',(-1.76486330756886,-1.01894430570777,-3.50104166666669));
#5530=CARTESIAN_POINT('Ctrl Pts',(-1.17657553837924,-2.03788861141555,-3.44270833333335));
#5531=CARTESIAN_POINT('Ctrl Pts',(-2.4956937649889E-16,-2.03788861141555,
-3.38437500000002));
#5532=CARTESIAN_POINT('Ctrl Pts',(1.17657553837924,-2.03788861141555,-3.32604166666669));
#5533=CARTESIAN_POINT('Ctrl Pts',(1.76486330756886,-1.01894430570777,-3.26770833333335));
#5534=CARTESIAN_POINT('Ctrl Pts',(2.35315107675848,2.43654987065897E-15,
-3.20937500000002));
#5535=CARTESIAN_POINT('Ctrl Pts',(1.76486330756886,1.01894430570778,-3.15104166666669));
#5536=CARTESIAN_POINT('Ctrl Pts',(1.17657553837924,2.03788861141556,-3.09270833333335));
#5537=CARTESIAN_POINT('Ctrl Pts',(0.,2.03788861141556,-3.03437500000002));
#5538=CARTESIAN_POINT('Ctrl Pts',(-1.17657553837924,2.03788861141556,-2.97604166666669));
#5539=CARTESIAN_POINT('Ctrl Pts',(-1.76486330756886,1.01894430570778,-2.91770833333335));
#5540=CARTESIAN_POINT('Ctrl Pts',(-2.35315107675848,3.01290565747146E-15,
-2.85937500000002));
#5541=CARTESIAN_POINT('Ctrl Pts',(-1.76486330756886,-1.01894430570777,-2.80104166666669));
#5542=CARTESIAN_POINT('Ctrl Pts',(-1.17657553837924,-2.03788861141555,-2.74270833333336));
#5543=CARTESIAN_POINT('Ctrl Pts',(-2.4956937649889E-16,-2.03788861141555,
-2.68437500000002));
#5544=CARTESIAN_POINT('Ctrl Pts',(1.17657553837924,-2.03788861141555,-2.62604166666669));
#5545=CARTESIAN_POINT('Ctrl Pts',(1.76486330756886,-1.01894430570777,-2.56770833333336));
#5546=CARTESIAN_POINT('Ctrl Pts',(2.35315107675848,2.43654987065897E-15,
-2.50937500000002));
#5547=CARTESIAN_POINT('Ctrl Pts',(1.76486330756886,1.01894430570778,-2.45104166666669));
#5548=CARTESIAN_POINT('Ctrl Pts',(1.17657553837924,2.03788861141556,-2.39270833333335));
#5549=CARTESIAN_POINT('Ctrl Pts',(0.,2.03788861141556,-2.33437500000002));
#5550=CARTESIAN_POINT('Ctrl Pts',(-1.17657553837924,2.03788861141556,-2.27604166666669));
#5551=CARTESIAN_POINT('Ctrl Pts',(-1.76486330756886,1.01894430570778,-2.21770833333336));
#5552=CARTESIAN_POINT('Ctrl Pts',(-2.35315107675848,3.01290565747146E-15,
-2.15937500000002));
#5553=CARTESIAN_POINT('Ctrl Pts',(-1.76486330756886,-1.01894430570777,-2.10104166666669));
#5554=CARTESIAN_POINT('Ctrl Pts',(-1.17657553837924,-2.03788861141555,-2.04270833333336));
#5555=CARTESIAN_POINT('Ctrl Pts',(-2.4956937649889E-16,-2.03788861141555,
-1.98437500000002));
#5556=CARTESIAN_POINT('Ctrl Pts',(1.17657553837924,-2.03788861141555,-1.92604166666669));
#5557=CARTESIAN_POINT('Ctrl Pts',(1.76486330756886,-1.01894430570777,-1.86770833333336));
#5558=CARTESIAN_POINT('Ctrl Pts',(2.35315107675848,2.43654987065897E-15,
-1.80937500000002));
#5559=CARTESIAN_POINT('Ctrl Pts',(1.76486330756886,1.01894430570778,-1.75104166666669));
#5560=CARTESIAN_POINT('Ctrl Pts',(1.17657553837924,2.03788861141556,-1.69270833333336));
#5561=CARTESIAN_POINT('Ctrl Pts',(0.,2.03788861141556,-1.63437500000002));
#5562=CARTESIAN_POINT('Ctrl Pts',(-1.17657553837924,2.03788861141556,-1.57604166666669));
#5563=CARTESIAN_POINT('Ctrl Pts',(-1.76486330756886,1.01894430570778,-1.51770833333336));
#5564=CARTESIAN_POINT('Ctrl Pts',(-2.35315107675848,3.01290565747146E-15,
-1.45937500000002));
#5565=CARTESIAN_POINT('Ctrl Pts',(-1.76486330756886,-1.01894430570777,-1.40104166666669));
#5566=CARTESIAN_POINT('Ctrl Pts',(-1.17657553837924,-2.03788861141555,-1.34270833333336));
#5567=CARTESIAN_POINT('Ctrl Pts',(-2.4956937649889E-16,-2.03788861141555,
-1.28437500000002));
#5568=CARTESIAN_POINT('Ctrl Pts',(1.17657553837924,-2.03788861141555,-1.22604166666669));
#5569=CARTESIAN_POINT('Ctrl Pts',(1.76486330756886,-1.01894430570777,-1.16770833333336));
#5570=CARTESIAN_POINT('Ctrl Pts',(2.35315107675848,2.43654987065897E-15,
-1.10937500000003));
#5571=CARTESIAN_POINT('Ctrl Pts',(1.76486330756886,1.01894430570778,-1.05104166666669));
#5572=CARTESIAN_POINT('Ctrl Pts',(1.17657553837924,2.03788861141556,-0.992708333333359));
#5573=CARTESIAN_POINT('Ctrl Pts',(0.,2.03788861141556,-0.934375000000026));
#5574=CARTESIAN_POINT('Ctrl Pts',(-1.17657553837924,2.03788861141556,-0.876041666666692));
#5575=CARTESIAN_POINT('Ctrl Pts',(-1.76486330756886,1.01894430570778,-0.81770833333336));
#5576=CARTESIAN_POINT('Ctrl Pts',(-2.35315107675848,3.01290565747146E-15,
-0.759375000000026));
#5577=CARTESIAN_POINT('Ctrl Pts',(-1.76486330756886,-1.01894430570777,-0.701041666666694));
#5578=CARTESIAN_POINT('Ctrl Pts',(-1.17657553837924,-2.03788861141555,-0.64270833333336));
#5579=CARTESIAN_POINT('Ctrl Pts',(-2.4956937649889E-16,-2.03788861141555,
-0.584375000000026));
#5580=CARTESIAN_POINT('Ctrl Pts',(1.17657553837924,-2.03788861141555,-0.526041666666694));
#5581=CARTESIAN_POINT('Ctrl Pts',(1.76486330756886,-1.01894430570777,-0.46770833333336));
#5582=CARTESIAN_POINT('Ctrl Pts',(2.35315107675848,2.43654987065897E-15,
-0.409375000000026));
#5583=CARTESIAN_POINT('Ctrl Pts',(1.76486330756886,1.01894430570778,-0.351041666666694));
#5584=CARTESIAN_POINT('Ctrl Pts',(1.17657553837924,2.03788861141556,-0.29270833333336));
#5585=CARTESIAN_POINT('Ctrl Pts',(0.,2.03788861141556,-0.234375000000028));
#5586=CARTESIAN_POINT('Ctrl Pts',(-1.17657553837924,2.03788861141556,-0.176041666666694));
#5587=CARTESIAN_POINT('Ctrl Pts',(-1.76486330756886,1.01894430570778,-0.11770833333336));
#5588=CARTESIAN_POINT('Ctrl Pts',(-2.35315107675848,3.01290565747146E-15,
-0.0593750000000282));
#5589=CARTESIAN_POINT('Ctrl Pts',(-1.76486330756886,-1.01894430570777,-0.00104166666669431));
#5590=CARTESIAN_POINT('Ctrl Pts',(-1.17657553837924,-2.03788861141555,0.0572916666666395));
#5591=CARTESIAN_POINT('Ctrl Pts',(-2.4956937649889E-16,-2.03788861141555,
0.115624999999972));
#5592=CARTESIAN_POINT('Ctrl Pts',(1.17657553837924,-2.03788861141555,0.173958333333306));
#5593=CARTESIAN_POINT('Ctrl Pts',(1.76486330756886,-1.01894430570777,0.232291666666638));
#5594=CARTESIAN_POINT('Ctrl Pts',(2.35315107675848,2.43654987065897E-15,
0.290624999999971));
#5595=CARTESIAN_POINT('Ctrl Pts',(1.76486330756886,1.01894430570778,0.348958333333305));
#5596=CARTESIAN_POINT('Ctrl Pts',(1.17657553837924,2.03788861141556,0.407291666666637));
#5597=CARTESIAN_POINT('Ctrl Pts',(0.,2.03788861141556,0.465624999999971));
#5598=CARTESIAN_POINT('Ctrl Pts',(-1.17657553837924,2.03788861141556,0.523958333333305));
#5599=CARTESIAN_POINT('Ctrl Pts',(-1.76486330756886,1.01894430570778,0.582291666666637));
#5600=CARTESIAN_POINT('Ctrl Pts',(-2.35315107675848,3.01290565747146E-15,
0.640624999999971));
#5601=CARTESIAN_POINT('Ctrl Pts',(-1.76486330756886,-1.01894430570777,0.698958333333303));
#5602=CARTESIAN_POINT('Ctrl Pts',(-1.17657553837924,-2.03788861141555,0.757291666666637));
#5603=CARTESIAN_POINT('Ctrl Pts',(-2.4956937649889E-16,-2.03788861141555,
0.815624999999971));
#5604=CARTESIAN_POINT('Ctrl Pts',(1.17657553837924,-2.03788861141555,0.873958333333303));
#5605=CARTESIAN_POINT('Ctrl Pts',(1.76486330756886,-1.01894430570777,0.932291666666637));
#5606=CARTESIAN_POINT('Ctrl Pts',(2.35315107675848,2.43654987065897E-15,
0.990624999999969));
#5607=CARTESIAN_POINT('Ctrl Pts',(1.76486330756886,1.01894430570778,1.0489583333333));
#5608=CARTESIAN_POINT('Ctrl Pts',(1.17657553837924,2.03788861141556,1.10729166666664));
#5609=CARTESIAN_POINT('Ctrl Pts',(0.,2.03788861141556,1.16562499999997));
#5610=CARTESIAN_POINT('Ctrl Pts',(-1.17657553837924,2.03788861141556,1.2239583333333));
#5611=CARTESIAN_POINT('Ctrl Pts',(-1.76486330756886,1.01894430570778,1.28229166666664));
#5612=CARTESIAN_POINT('Ctrl Pts',(-2.35315107675848,3.01290565747146E-15,
1.34062499999997));
#5613=CARTESIAN_POINT('Ctrl Pts',(-1.76486330756886,-1.01894430570777,1.3989583333333));
#5614=CARTESIAN_POINT('Ctrl Pts',(-1.17657553837924,-2.03788861141555,1.45729166666663));
#5615=CARTESIAN_POINT('Ctrl Pts',(-2.4956937649889E-16,-2.03788861141555,
1.51562499999997));
#5616=CARTESIAN_POINT('Ctrl Pts',(1.17657553837924,-2.03788861141555,1.5739583333333));
#5617=CARTESIAN_POINT('Ctrl Pts',(1.76486330756886,-1.01894430570777,1.63229166666663));
#5618=CARTESIAN_POINT('Ctrl Pts',(2.35315107675848,2.43654987065897E-15,
1.69062499999997));
#5619=CARTESIAN_POINT('Ctrl Pts',(1.76486330756886,1.01894430570778,1.7489583333333));
#5620=CARTESIAN_POINT('Ctrl Pts',(1.17657553837924,2.03788861141556,1.80729166666663));
#5621=CARTESIAN_POINT('Ctrl Pts',(0.,2.03788861141556,1.86562499999997));
#5622=CARTESIAN_POINT('Ctrl Pts',(-1.17657553837924,2.03788861141556,1.9239583333333));
#5623=CARTESIAN_POINT('Ctrl Pts',(-1.76486330756886,1.01894430570778,1.98229166666663));
#5624=CARTESIAN_POINT('Ctrl Pts',(-2.35315107675848,3.01290565747146E-15,
2.04062499999997));
#5625=CARTESIAN_POINT('Ctrl Pts',(-1.76486330756886,-1.01894430570777,2.0989583333333));
#5626=CARTESIAN_POINT('Ctrl Pts',(-1.17657553837924,-2.03788861141555,2.15729166666663));
#5627=CARTESIAN_POINT('Ctrl Pts',(-2.4956937649889E-16,-2.03788861141555,
2.21562499999997));
#5628=CARTESIAN_POINT('Ctrl Pts',(1.17657553837924,-2.03788861141555,2.2739583333333));
#5629=CARTESIAN_POINT('Ctrl Pts',(1.76486330756886,-1.01894430570777,2.33229166666663));
#5630=CARTESIAN_POINT('Ctrl Pts',(2.35315107675848,2.43654987065897E-15,
2.39062499999997));
#5631=CARTESIAN_POINT('Ctrl Pts',(1.76486330756886,1.01894430570778,2.4489583333333));
#5632=CARTESIAN_POINT('Ctrl Pts',(1.17657553837924,2.03788861141556,2.50729166666663));
#5633=CARTESIAN_POINT('Ctrl Pts',(0.,2.03788861141556,2.56562499999997));
#5634=CARTESIAN_POINT('Ctrl Pts',(-1.17657553837924,2.03788861141556,2.6239583333333));
#5635=CARTESIAN_POINT('Ctrl Pts',(-1.76486330756886,1.01894430570778,2.68229166666663));
#5636=CARTESIAN_POINT('Ctrl Pts',(-2.35315107675848,3.01290565747146E-15,
2.74062499999997));
#5637=CARTESIAN_POINT('Ctrl Pts',(-1.76486330756886,-1.01894430570777,2.7989583333333));
#5638=CARTESIAN_POINT('Ctrl Pts',(-1.17657553837924,-2.03788861141555,2.85729166666663));
#5639=CARTESIAN_POINT('Ctrl Pts',(-2.4956937649889E-16,-2.03788861141555,
2.91562499999997));
#5640=CARTESIAN_POINT('Ctrl Pts',(1.17657553837924,-2.03788861141555,2.9739583333333));
#5641=CARTESIAN_POINT('Ctrl Pts',(1.76486330756886,-1.01894430570777,3.03229166666663));
#5642=CARTESIAN_POINT('Ctrl Pts',(2.35315107675848,2.43654987065897E-15,
3.09062499999996));
#5643=CARTESIAN_POINT('Ctrl Pts',(1.76486330756886,1.01894430570778,3.1489583333333));
#5644=CARTESIAN_POINT('Ctrl Pts',(1.17657553837924,2.03788861141556,3.20729166666663));
#5645=CARTESIAN_POINT('Ctrl Pts',(0.,2.03788861141556,3.26562499999997));
#5646=CARTESIAN_POINT('Ctrl Pts',(-1.17657553837924,2.03788861141556,3.3239583333333));
#5647=CARTESIAN_POINT('Ctrl Pts',(-1.76486330756886,1.01894430570778,3.38229166666663));
#5648=CARTESIAN_POINT('Ctrl Pts',(-2.35315107675848,3.01290565747146E-15,
3.44062499999997));
#5649=CARTESIAN_POINT('Ctrl Pts',(-1.76486330756886,-1.01894430570777,3.4989583333333));
#5650=CARTESIAN_POINT('Ctrl Pts',(-1.17657553837924,-2.03788861141555,3.55729166666663));
#5651=CARTESIAN_POINT('Ctrl Pts',(-2.4956937649889E-16,-2.03788861141555,
3.61562499999996));
#5652=CARTESIAN_POINT('Ctrl Pts',(1.17657553837924,-2.03788861141555,3.6739583333333));
#5653=CARTESIAN_POINT('Ctrl Pts',(1.76486330756886,-1.01894430570777,3.73229166666663));
#5654=CARTESIAN_POINT('Ctrl Pts',(2.35315107675848,2.43654987065897E-15,
3.79062499999996));
#5655=CARTESIAN_POINT('Ctrl Pts',(1.76486330756886,1.01894430570778,3.8489583333333));
#5656=CARTESIAN_POINT('Ctrl Pts',(1.17657553837924,2.03788861141556,3.90729166666663));
#5657=CARTESIAN_POINT('Ctrl Pts',(0.,2.03788861141556,3.96562499999996));
#5658=CARTESIAN_POINT('Ctrl Pts',(-1.17657553837924,2.03788861141556,4.0239583333333));
#5659=CARTESIAN_POINT('Ctrl Pts',(-1.76486330756886,1.01894430570778,4.08229166666663));
#5660=CARTESIAN_POINT('Ctrl Pts',(-2.35315107675848,3.01290565747146E-15,
4.14062499999996));
#5661=CARTESIAN_POINT('Ctrl Pts',(-1.76486330756886,-1.01894430570777,4.1989583333333));
#5662=CARTESIAN_POINT('Ctrl Pts',(-1.17657553837924,-2.03788861141555,4.25729166666663));
#5663=CARTESIAN_POINT('Ctrl Pts',(-2.4956937649889E-16,-2.03788861141555,
4.31562499999996));
#5664=CARTESIAN_POINT('Ctrl Pts',(1.17657553837924,-2.03788861141555,4.3739583333333));
#5665=CARTESIAN_POINT('Ctrl Pts',(1.76486330756886,-1.01894430570777,4.43229166666663));
#5666=CARTESIAN_POINT('Ctrl Pts',(2.35315107675848,2.43654987065897E-15,
4.49062499999996));
#5667=CARTESIAN_POINT('Ctrl Pts',(1.76486330756886,1.01894430570778,4.54895833333329));
#5668=CARTESIAN_POINT('Ctrl Pts',(1.17657553837924,2.03788861141556,4.60729166666663));
#5669=CARTESIAN_POINT('Ctrl Pts',(0.,2.03788861141556,4.66562499999996));
#5670=CARTESIAN_POINT('Ctrl Pts',(-1.17657553837924,2.03788861141556,4.72395833333329));
#5671=CARTESIAN_POINT('Ctrl Pts',(-1.76486330756886,1.01894430570778,4.78229166666663));
#5672=CARTESIAN_POINT('Ctrl Pts',(-2.35315107675848,3.01290565747146E-15,
4.84062499999996));
#5673=CARTESIAN_POINT('Ctrl Pts',(-1.76486330756886,-1.01894430570777,4.89895833333329));
#5674=CARTESIAN_POINT('Ctrl Pts',(-1.17657553837924,-2.03788861141555,4.95729166666663));
#5675=CARTESIAN_POINT('Ctrl Pts',(-2.4956937649889E-16,-2.03788861141555,
5.01562499999996));
#5676=CARTESIAN_POINT('Ctrl Pts',(1.17657553837924,-2.03788861141555,5.07395833333329));
#5677=CARTESIAN_POINT('Ctrl Pts',(1.76486330756886,-1.01894430570777,5.13229166666663));
#5678=CARTESIAN_POINT('Ctrl Pts',(2.35315107675848,2.43654987065897E-15,
5.19062499999996));
#5679=CARTESIAN_POINT('Ctrl Pts',(1.76486330756886,1.01894430570778,5.24895833333329));
#5680=CARTESIAN_POINT('Ctrl Pts',(1.17657553837924,2.03788861141556,5.30729166666663));
#5681=CARTESIAN_POINT('Ctrl Pts',(0.,2.03788861141556,5.36562499999996));
#5682=CARTESIAN_POINT('Ctrl Pts',(-1.17657553837924,2.03788861141556,5.42395833333329));
#5683=CARTESIAN_POINT('Ctrl Pts',(-1.76486330756886,1.01894430570778,5.48229166666663));
#5684=CARTESIAN_POINT('Ctrl Pts',(-2.35315107675848,3.01290565747146E-15,
5.54062499999996));
#5685=CARTESIAN_POINT('Ctrl Pts',(-1.76486330756886,-1.01894430570777,5.59895833333329));
#5686=CARTESIAN_POINT('Ctrl Pts',(-1.17657553837924,-2.03788861141555,5.65729166666662));
#5687=CARTESIAN_POINT('Ctrl Pts',(-2.4956937649889E-16,-2.03788861141555,
5.71562499999996));
#5688=CARTESIAN_POINT('Ctrl Pts',(1.17657553837924,-2.03788861141555,5.77395833333329));
#5689=CARTESIAN_POINT('Ctrl Pts',(1.76486330756886,-1.01894430570777,5.83229166666662));
#5690=CARTESIAN_POINT('Ctrl Pts',(2.35315107675848,2.43654987065897E-15,
5.89062499999996));
#5691=CARTESIAN_POINT('Ctrl Pts',(1.76486330756886,1.01894430570778,5.94895833333329));
#5692=CARTESIAN_POINT('Ctrl Pts',(1.17657553837924,2.03788861141556,6.00729166666663));
#5693=CARTESIAN_POINT('Ctrl Pts',(0.,2.03788861141556,6.06562499999996));
#5694=CARTESIAN_POINT('Ctrl Pts',(-1.17657553837924,2.03788861141556,6.12395833333329));
#5695=CARTESIAN_POINT('Ctrl Pts',(-1.76486330756886,1.01894430570778,6.18229166666663));
#5696=CARTESIAN_POINT('Ctrl Pts',(-2.35315107675848,3.01290565747146E-15,
6.24062499999996));
#5697=CARTESIAN_POINT('Ctrl Pts',(-1.76486330756886,-1.01894430570777,6.29895833333329));
#5698=CARTESIAN_POINT('Ctrl Pts',(-1.17657553837924,-2.03788861141555,6.35729166666662));
#5699=CARTESIAN_POINT('Ctrl Pts',(-2.4956937649889E-16,-2.03788861141555,
6.41562499999996));
#5700=CARTESIAN_POINT('Ctrl Pts',(1.17657553837924,-2.03788861141555,6.47395833333329));
#5701=CARTESIAN_POINT('Ctrl Pts',(1.76486330756886,-1.01894430570777,6.53229166666662));
#5702=CARTESIAN_POINT('Ctrl Pts',(2.35315107675848,2.43654987065897E-15,
6.59062499999996));
#5703=CARTESIAN_POINT('Ctrl Pts',(1.76486330756886,1.01894430570778,6.64895833333329));
#5704=CARTESIAN_POINT('Ctrl Pts',(1.17657553837924,2.03788861141556,6.70729166666662));
#5705=CARTESIAN_POINT('Ctrl Pts',(0.,2.03788861141556,6.76562499999996));
#5706=CARTESIAN_POINT('Ctrl Pts',(-1.17657553837924,2.03788861141556,6.82395833333329));
#5707=CARTESIAN_POINT('Ctrl Pts',(-1.76486330756886,1.01894430570778,6.88229166666662));
#5708=CARTESIAN_POINT('Ctrl Pts',(-2.35315107675848,3.01290565747146E-15,
6.94062499999996));
#5709=CARTESIAN_POINT('Ctrl Pts',(-1.76486330756886,-1.01894430570777,6.99895833333329));
#5710=CARTESIAN_POINT('Ctrl Pts',(-1.17657553837924,-2.03788861141555,7.05729166666662));
#5711=CARTESIAN_POINT('Ctrl Pts',(-2.4956937649889E-16,-2.03788861141555,
7.11562499999996));
#5712=CARTESIAN_POINT('Ctrl Pts',(1.17657553837924,-2.03788861141555,7.17395833333329));
#5713=CARTESIAN_POINT('Ctrl Pts',(1.76486330756886,-1.01894430570777,7.23229166666662));
#5714=CARTESIAN_POINT('Ctrl Pts',(2.35315107675848,2.43654987065897E-15,
7.29062499999995));
#5715=CARTESIAN_POINT('Ctrl Pts',(1.76486330756886,1.01894430570778,7.34895833333329));
#5716=CARTESIAN_POINT('Ctrl Pts',(1.17657553837924,2.03788861141556,7.40729166666662));
#5717=CARTESIAN_POINT('Ctrl Pts',(0.,2.03788861141556,7.46562499999996));
#5718=CARTESIAN_POINT('Ctrl Pts',(-1.17657553837924,2.03788861141556,7.52395833333329));
#5719=CARTESIAN_POINT('Ctrl Pts',(-1.76486330756886,1.01894430570778,7.58229166666662));
#5720=CARTESIAN_POINT('Ctrl Pts',(-2.35315107675848,3.01290565747146E-15,
7.64062499999995));
#5721=CARTESIAN_POINT('Ctrl Pts',(-1.76486330756886,-1.01894430570777,7.69895833333329));
#5722=CARTESIAN_POINT('Ctrl Pts',(-1.17657553837924,-2.03788861141555,7.75729166666662));
#5723=CARTESIAN_POINT('Ctrl Pts',(-2.4956937649889E-16,-2.03788861141555,
7.81562499999995));
#5724=CARTESIAN_POINT('Ctrl Pts',(1.17657553837924,-2.03788861141555,7.87395833333329));
#5725=CARTESIAN_POINT('Ctrl Pts',(1.76486330756886,-1.01894430570777,7.93229166666662));
#5726=CARTESIAN_POINT('Ctrl Pts',(2.35315107675848,2.43654987065897E-15,
7.99062499999995));
#5727=CARTESIAN_POINT('Ctrl Pts',(1.76486330756886,1.01894430570778,8.04895833333329));
#5728=CARTESIAN_POINT('Ctrl Pts',(1.17657553837924,2.03788861141556,8.10729166666662));
#5729=CARTESIAN_POINT('Ctrl Pts',(0.,2.03788861141556,8.16562499999995));
#5730=CARTESIAN_POINT('Ctrl Pts',(-1.17657553837924,2.03788861141556,8.22395833333328));
#5731=CARTESIAN_POINT('Ctrl Pts',(-1.76486330756886,1.01894430570778,8.28229166666662));
#5732=CARTESIAN_POINT('Ctrl Pts',(-2.35315107675848,3.01290565747146E-15,
8.34062499999995));
#5733=CARTESIAN_POINT('Ctrl Pts',(-1.76486330756886,-1.01894430570777,8.39895833333329));
#5734=CARTESIAN_POINT('Ctrl Pts',(-1.17657553837924,-2.03788861141555,8.45729166666661));
#5735=CARTESIAN_POINT('Ctrl Pts',(-2.4956937649889E-16,-2.03788861141555,
8.51562499999995));
#5736=CARTESIAN_POINT('Ctrl Pts',(1.17657553837924,-2.03788861141555,8.57395833333329));
#5737=CARTESIAN_POINT('Ctrl Pts',(1.76486330756886,-1.01894430570777,8.63229166666662));
#5738=CARTESIAN_POINT('Ctrl Pts',(2.35315107675848,2.43654987065897E-15,
8.69062499999995));
#5739=CARTESIAN_POINT('Ctrl Pts',(1.76486330756886,1.01894430570778,8.74895833333329));
#5740=CARTESIAN_POINT('Ctrl Pts',(1.17657553837924,2.03788861141556,8.80729166666662));
#5741=CARTESIAN_POINT('Ctrl Pts',(0.,2.03788861141556,8.86562499999995));
#5742=CARTESIAN_POINT('Ctrl Pts',(-1.17657553837924,2.03788861141556,8.92395833333328));
#5743=CARTESIAN_POINT('Ctrl Pts',(-1.76486330756886,1.01894430570778,8.98229166666662));
#5744=CARTESIAN_POINT('Ctrl Pts',(-2.35315107675848,3.01290565747146E-15,
9.04062499999995));
#5745=CARTESIAN_POINT('Ctrl Pts',(-1.76486330756886,-1.01894430570777,9.09895833333328));
#5746=CARTESIAN_POINT('Ctrl Pts',(-1.17657553837924,-2.03788861141555,9.15729166666662));
#5747=CARTESIAN_POINT('Ctrl Pts',(-2.4956937649889E-16,-2.03788861141555,
9.21562499999995));
#5748=CARTESIAN_POINT('Ctrl Pts',(1.17657553837924,-2.03788861141555,9.27395833333328));
#5749=CARTESIAN_POINT('Ctrl Pts',(1.76486330756886,-1.01894430570777,9.33229166666662));
#5750=CARTESIAN_POINT('Ctrl Pts',(2.35315107675848,2.43654987065897E-15,
9.39062499999995));
#5751=CARTESIAN_POINT('Ctrl Pts',(1.76486330756886,1.01894430570778,9.44895833333328));
#5752=CARTESIAN_POINT('Ctrl Pts',(1.17657553837924,2.03788861141556,9.50729166666661));
#5753=CARTESIAN_POINT('Ctrl Pts',(0.,2.03788861141556,9.56562499999995));
#5754=CARTESIAN_POINT('Ctrl Pts',(-1.17657553837924,2.03788861141556,9.62395833333328));
#5755=CARTESIAN_POINT('Ctrl Pts',(-1.76486330756886,1.01894430570778,9.68229166666662));
#5756=CARTESIAN_POINT('Ctrl Pts',(-2.35315107675848,3.01290565747146E-15,
9.74062499999995));
#5757=CARTESIAN_POINT('Ctrl Pts',(-1.76486330756886,-1.01894430570777,9.79895833333328));
#5758=CARTESIAN_POINT('Ctrl Pts',(-1.17657553837924,-2.03788861141555,9.85729166666662));
#5759=CARTESIAN_POINT('Ctrl Pts',(-2.4956937649889E-16,-2.03788861141555,
9.91562499999995));
#5760=CARTESIAN_POINT('Ctrl Pts',(1.17657553837924,-2.03788861141555,9.97395833333328));
#5761=CARTESIAN_POINT('Ctrl Pts',(1.76486330756886,-1.01894430570777,10.0322916666666));
#5762=CARTESIAN_POINT('Ctrl Pts',(2.35315107675848,2.43654987065897E-15,
10.0906249999999));
#5763=CARTESIAN_POINT('Ctrl Pts',(1.76486330756886,1.01894430570778,10.1489583333333));
#5764=CARTESIAN_POINT('Ctrl Pts',(1.17657553837924,2.03788861141556,10.2072916666666));
#5765=CARTESIAN_POINT('Ctrl Pts',(0.,2.03788861141556,10.265625));
#5766=CARTESIAN_POINT('Ctrl Pts',(0.,2.03788861141556,-7.978125));
#5767=CARTESIAN_POINT('Ctrl Pts',(-1.17657553837924,2.03788861141556,-7.91979166666667));
#5768=CARTESIAN_POINT('Ctrl Pts',(-1.76486330756886,1.01894430570778,-7.86145833333334));
#5769=CARTESIAN_POINT('Ctrl Pts',(-2.35315107675849,3.01290565747146E-15,
-7.803125));
#5770=CARTESIAN_POINT('Ctrl Pts',(-1.76486330756886,-1.01894430570777,-7.74479166666667));
#5771=CARTESIAN_POINT('Ctrl Pts',(-1.17657553837924,-2.03788861141555,-7.68645833333334));
#5772=CARTESIAN_POINT('Ctrl Pts',(-2.4956937649889E-16,-2.03788861141555,
-7.628125));
#5773=CARTESIAN_POINT('Ctrl Pts',(1.17657553837924,-2.03788861141555,-7.56979166666667));
#5774=CARTESIAN_POINT('Ctrl Pts',(1.76486330756886,-1.01894430570777,-7.51145833333334));
#5775=CARTESIAN_POINT('Ctrl Pts',(2.35315107675849,2.43654987065897E-15,
-7.45312500000001));
#5776=CARTESIAN_POINT('Ctrl Pts',(1.76486330756886,1.01894430570778,-7.39479166666667));
#5777=CARTESIAN_POINT('Ctrl Pts',(1.17657553837924,2.03788861141556,-7.33645833333334));
#5778=CARTESIAN_POINT('Ctrl Pts',(0.,2.03788861141556,-7.27812500000001));
#5779=CARTESIAN_POINT('Ctrl Pts',(-1.17657553837924,2.03788861141556,-7.21979166666667));
#5780=CARTESIAN_POINT('Ctrl Pts',(-1.76486330756886,1.01894430570778,-7.16145833333334));
#5781=CARTESIAN_POINT('Ctrl Pts',(-2.35315107675849,3.01290565747146E-15,
-7.10312500000001));
#5782=CARTESIAN_POINT('Ctrl Pts',(-1.76486330756886,-1.01894430570777,-7.04479166666667));
#5783=CARTESIAN_POINT('Ctrl Pts',(-1.17657553837924,-2.03788861141555,-6.98645833333334));
#5784=CARTESIAN_POINT('Ctrl Pts',(-2.4956937649889E-16,-2.03788861141555,
-6.92812500000001));
#5785=CARTESIAN_POINT('Ctrl Pts',(1.17657553837924,-2.03788861141555,-6.86979166666667));
#5786=CARTESIAN_POINT('Ctrl Pts',(1.76486330756886,-1.01894430570777,-6.81145833333334));
#5787=CARTESIAN_POINT('Ctrl Pts',(2.35315107675849,2.43654987065897E-15,
-6.75312500000001));
#5788=CARTESIAN_POINT('Ctrl Pts',(1.76486330756886,1.01894430570778,-6.69479166666667));
#5789=CARTESIAN_POINT('Ctrl Pts',(1.17657553837924,2.03788861141556,-6.63645833333334));
#5790=CARTESIAN_POINT('Ctrl Pts',(0.,2.03788861141556,-6.57812500000001));
#5791=CARTESIAN_POINT('Ctrl Pts',(-1.17657553837924,2.03788861141556,-6.51979166666667));
#5792=CARTESIAN_POINT('Ctrl Pts',(-1.76486330756886,1.01894430570778,-6.46145833333334));
#5793=CARTESIAN_POINT('Ctrl Pts',(-2.35315107675849,3.01290565747146E-15,
-6.40312500000001));
#5794=CARTESIAN_POINT('Ctrl Pts',(-1.76486330756886,-1.01894430570777,-6.34479166666667));
#5795=CARTESIAN_POINT('Ctrl Pts',(-1.17657553837924,-2.03788861141555,-6.28645833333334));
#5796=CARTESIAN_POINT('Ctrl Pts',(-2.4956937649889E-16,-2.03788861141555,
-6.22812500000001));
#5797=CARTESIAN_POINT('Ctrl Pts',(1.17657553837924,-2.03788861141555,-6.16979166666667));
#5798=CARTESIAN_POINT('Ctrl Pts',(1.76486330756886,-1.01894430570777,-6.11145833333334));
#5799=CARTESIAN_POINT('Ctrl Pts',(2.35315107675849,2.43654987065897E-15,
-6.05312500000001));
#5800=CARTESIAN_POINT('Ctrl Pts',(1.76486330756886,1.01894430570778,-5.99479166666667));
#5801=CARTESIAN_POINT('Ctrl Pts',(1.17657553837924,2.03788861141556,-5.93645833333334));
#5802=CARTESIAN_POINT('Ctrl Pts',(0.,2.03788861141556,-5.87812500000001));
#5803=CARTESIAN_POINT('Ctrl Pts',(-1.17657553837924,2.03788861141556,-5.81979166666668));
#5804=CARTESIAN_POINT('Ctrl Pts',(-1.76486330756886,1.01894430570778,-5.76145833333334));
#5805=CARTESIAN_POINT('Ctrl Pts',(-2.35315107675849,3.01290565747146E-15,
-5.70312500000001));
#5806=CARTESIAN_POINT('Ctrl Pts',(-1.76486330756886,-1.01894430570777,-5.64479166666667));
#5807=CARTESIAN_POINT('Ctrl Pts',(-1.17657553837924,-2.03788861141555,-5.58645833333334));
#5808=CARTESIAN_POINT('Ctrl Pts',(-2.4956937649889E-16,-2.03788861141555,
-5.52812500000001));
#5809=CARTESIAN_POINT('Ctrl Pts',(1.17657553837924,-2.03788861141555,-5.46979166666667));
#5810=CARTESIAN_POINT('Ctrl Pts',(1.76486330756886,-1.01894430570777,-5.41145833333334));
#5811=CARTESIAN_POINT('Ctrl Pts',(2.35315107675849,2.43654987065897E-15,
-5.35312500000001));
#5812=CARTESIAN_POINT('Ctrl Pts',(1.76486330756886,1.01894430570778,-5.29479166666668));
#5813=CARTESIAN_POINT('Ctrl Pts',(1.17657553837924,2.03788861141556,-5.23645833333334));
#5814=CARTESIAN_POINT('Ctrl Pts',(0.,2.03788861141556,-5.17812500000001));
#5815=CARTESIAN_POINT('Ctrl Pts',(-1.17657553837924,2.03788861141556,-5.11979166666668));
#5816=CARTESIAN_POINT('Ctrl Pts',(-1.76486330756886,1.01894430570778,-5.06145833333334));
#5817=CARTESIAN_POINT('Ctrl Pts',(-2.35315107675849,3.01290565747146E-15,
-5.00312500000001));
#5818=CARTESIAN_POINT('Ctrl Pts',(-1.76486330756886,-1.01894430570777,-4.94479166666668));
#5819=CARTESIAN_POINT('Ctrl Pts',(-1.17657553837924,-2.03788861141555,-4.88645833333334));
#5820=CARTESIAN_POINT('Ctrl Pts',(-2.4956937649889E-16,-2.03788861141555,
-4.82812500000001));
#5821=CARTESIAN_POINT('Ctrl Pts',(1.17657553837924,-2.03788861141555,-4.76979166666668));
#5822=CARTESIAN_POINT('Ctrl Pts',(1.76486330756886,-1.01894430570777,-4.71145833333334));
#5823=CARTESIAN_POINT('Ctrl Pts',(2.35315107675849,2.43654987065897E-15,
-4.65312500000001));
#5824=CARTESIAN_POINT('Ctrl Pts',(1.76486330756886,1.01894430570778,-4.59479166666668));
#5825=CARTESIAN_POINT('Ctrl Pts',(1.17657553837924,2.03788861141556,-4.53645833333334));
#5826=CARTESIAN_POINT('Ctrl Pts',(0.,2.03788861141556,-4.47812500000001));
#5827=CARTESIAN_POINT('Ctrl Pts',(-1.17657553837924,2.03788861141556,-4.41979166666668));
#5828=CARTESIAN_POINT('Ctrl Pts',(-1.76486330756886,1.01894430570778,-4.36145833333334));
#5829=CARTESIAN_POINT('Ctrl Pts',(-2.35315107675849,3.01290565747146E-15,
-4.30312500000001));
#5830=CARTESIAN_POINT('Ctrl Pts',(-1.76486330756886,-1.01894430570777,-4.24479166666668));
#5831=CARTESIAN_POINT('Ctrl Pts',(-1.17657553837924,-2.03788861141555,-4.18645833333335));
#5832=CARTESIAN_POINT('Ctrl Pts',(-2.4956937649889E-16,-2.03788861141555,
-4.12812500000001));
#5833=CARTESIAN_POINT('Ctrl Pts',(1.17657553837924,-2.03788861141555,-4.06979166666668));
#5834=CARTESIAN_POINT('Ctrl Pts',(1.76486330756886,-1.01894430570777,-4.01145833333335));
#5835=CARTESIAN_POINT('Ctrl Pts',(2.35315107675849,2.43654987065897E-15,
-3.95312500000001));
#5836=CARTESIAN_POINT('Ctrl Pts',(1.76486330756886,1.01894430570778,-3.89479166666668));
#5837=CARTESIAN_POINT('Ctrl Pts',(1.17657553837924,2.03788861141556,-3.83645833333335));
#5838=CARTESIAN_POINT('Ctrl Pts',(0.,2.03788861141556,-3.77812500000001));
#5839=CARTESIAN_POINT('Ctrl Pts',(-1.17657553837924,2.03788861141556,-3.71979166666668));
#5840=CARTESIAN_POINT('Ctrl Pts',(-1.76486330756886,1.01894430570778,-3.66145833333335));
#5841=CARTESIAN_POINT('Ctrl Pts',(-2.35315107675849,3.01290565747146E-15,
-3.60312500000001));
#5842=CARTESIAN_POINT('Ctrl Pts',(-1.76486330756886,-1.01894430570777,-3.54479166666668));
#5843=CARTESIAN_POINT('Ctrl Pts',(-1.17657553837924,-2.03788861141555,-3.48645833333335));
#5844=CARTESIAN_POINT('Ctrl Pts',(-2.4956937649889E-16,-2.03788861141555,
-3.42812500000001));
#5845=CARTESIAN_POINT('Ctrl Pts',(1.17657553837924,-2.03788861141555,-3.36979166666668));
#5846=CARTESIAN_POINT('Ctrl Pts',(1.76486330756886,-1.01894430570777,-3.31145833333335));
#5847=CARTESIAN_POINT('Ctrl Pts',(2.35315107675849,2.43654987065897E-15,
-3.25312500000001));
#5848=CARTESIAN_POINT('Ctrl Pts',(1.76486330756886,1.01894430570778,-3.19479166666668));
#5849=CARTESIAN_POINT('Ctrl Pts',(1.17657553837924,2.03788861141556,-3.13645833333335));
#5850=CARTESIAN_POINT('Ctrl Pts',(0.,2.03788861141556,-3.07812500000002));
#5851=CARTESIAN_POINT('Ctrl Pts',(-1.17657553837924,2.03788861141556,-3.01979166666668));
#5852=CARTESIAN_POINT('Ctrl Pts',(-1.76486330756886,1.01894430570778,-2.96145833333335));
#5853=CARTESIAN_POINT('Ctrl Pts',(-2.35315107675849,3.01290565747146E-15,
-2.90312500000001));
#5854=CARTESIAN_POINT('Ctrl Pts',(-1.76486330756886,-1.01894430570777,-2.84479166666668));
#5855=CARTESIAN_POINT('Ctrl Pts',(-1.17657553837924,-2.03788861141555,-2.78645833333335));
#5856=CARTESIAN_POINT('Ctrl Pts',(-2.4956937649889E-16,-2.03788861141555,
-2.72812500000002));
#5857=CARTESIAN_POINT('Ctrl Pts',(1.17657553837924,-2.03788861141555,-2.66979166666668));
#5858=CARTESIAN_POINT('Ctrl Pts',(1.76486330756886,-1.01894430570777,-2.61145833333335));
#5859=CARTESIAN_POINT('Ctrl Pts',(2.35315107675849,2.43654987065897E-15,
-2.55312500000002));
#5860=CARTESIAN_POINT('Ctrl Pts',(1.76486330756886,1.01894430570778,-2.49479166666668));
#5861=CARTESIAN_POINT('Ctrl Pts',(1.17657553837924,2.03788861141556,-2.43645833333335));
#5862=CARTESIAN_POINT('Ctrl Pts',(0.,2.03788861141556,-2.37812500000002));
#5863=CARTESIAN_POINT('Ctrl Pts',(-1.17657553837924,2.03788861141556,-2.31979166666668));
#5864=CARTESIAN_POINT('Ctrl Pts',(-1.76486330756886,1.01894430570778,-2.26145833333335));
#5865=CARTESIAN_POINT('Ctrl Pts',(-2.35315107675849,3.01290565747146E-15,
-2.20312500000002));
#5866=CARTESIAN_POINT('Ctrl Pts',(-1.76486330756886,-1.01894430570777,-2.14479166666668));
#5867=CARTESIAN_POINT('Ctrl Pts',(-1.17657553837924,-2.03788861141555,-2.08645833333335));
#5868=CARTESIAN_POINT('Ctrl Pts',(-2.4956937649889E-16,-2.03788861141555,
-2.02812500000002));
#5869=CARTESIAN_POINT('Ctrl Pts',(1.17657553837924,-2.03788861141555,-1.96979166666668));
#5870=CARTESIAN_POINT('Ctrl Pts',(1.76486330756886,-1.01894430570777,-1.91145833333335));
#5871=CARTESIAN_POINT('Ctrl Pts',(2.35315107675849,2.43654987065897E-15,
-1.85312500000002));
#5872=CARTESIAN_POINT('Ctrl Pts',(1.76486330756886,1.01894430570778,-1.79479166666668));
#5873=CARTESIAN_POINT('Ctrl Pts',(1.17657553837924,2.03788861141556,-1.73645833333335));
#5874=CARTESIAN_POINT('Ctrl Pts',(0.,2.03788861141556,-1.67812500000002));
#5875=CARTESIAN_POINT('Ctrl Pts',(-1.17657553837924,2.03788861141556,-1.61979166666669));
#5876=CARTESIAN_POINT('Ctrl Pts',(-1.76486330756886,1.01894430570778,-1.56145833333335));
#5877=CARTESIAN_POINT('Ctrl Pts',(-2.35315107675849,3.01290565747146E-15,
-1.50312500000002));
#5878=CARTESIAN_POINT('Ctrl Pts',(-1.76486330756886,-1.01894430570777,-1.44479166666669));
#5879=CARTESIAN_POINT('Ctrl Pts',(-1.17657553837924,-2.03788861141555,-1.38645833333335));
#5880=CARTESIAN_POINT('Ctrl Pts',(-2.4956937649889E-16,-2.03788861141555,
-1.32812500000002));
#5881=CARTESIAN_POINT('Ctrl Pts',(1.17657553837924,-2.03788861141555,-1.26979166666669));
#5882=CARTESIAN_POINT('Ctrl Pts',(1.76486330756886,-1.01894430570777,-1.21145833333335));
#5883=CARTESIAN_POINT('Ctrl Pts',(2.35315107675849,2.43654987065897E-15,
-1.15312500000002));
#5884=CARTESIAN_POINT('Ctrl Pts',(1.76486330756886,1.01894430570778,-1.09479166666669));
#5885=CARTESIAN_POINT('Ctrl Pts',(1.17657553837924,2.03788861141556,-1.03645833333335));
#5886=CARTESIAN_POINT('Ctrl Pts',(0.,2.03788861141556,-0.97812500000002));
#5887=CARTESIAN_POINT('Ctrl Pts',(-1.17657553837924,2.03788861141556,-0.919791666666687));
#5888=CARTESIAN_POINT('Ctrl Pts',(-1.76486330756886,1.01894430570778,-0.861458333333353));
#5889=CARTESIAN_POINT('Ctrl Pts',(-2.35315107675849,3.01290565747146E-15,
-0.80312500000002));
#5890=CARTESIAN_POINT('Ctrl Pts',(-1.76486330756886,-1.01894430570777,-0.744791666666687));
#5891=CARTESIAN_POINT('Ctrl Pts',(-1.17657553837924,-2.03788861141555,-0.686458333333354));
#5892=CARTESIAN_POINT('Ctrl Pts',(-2.4956937649889E-16,-2.03788861141555,
-0.62812500000002));
#5893=CARTESIAN_POINT('Ctrl Pts',(1.17657553837924,-2.03788861141555,-0.569791666666687));
#5894=CARTESIAN_POINT('Ctrl Pts',(1.76486330756886,-1.01894430570777,-0.511458333333354));
#5895=CARTESIAN_POINT('Ctrl Pts',(2.35315107675849,2.43654987065897E-15,
-0.453125000000021));
#5896=CARTESIAN_POINT('Ctrl Pts',(1.76486330756886,1.01894430570778,-0.394791666666688));
#5897=CARTESIAN_POINT('Ctrl Pts',(1.17657553837924,2.03788861141556,-0.336458333333355));
#5898=CARTESIAN_POINT('Ctrl Pts',(0.,2.03788861141556,-0.278125000000021));
#5899=CARTESIAN_POINT('Ctrl Pts',(-1.17657553837924,2.03788861141556,-0.219791666666688));
#5900=CARTESIAN_POINT('Ctrl Pts',(-1.76486330756886,1.01894430570778,-0.161458333333355));
#5901=CARTESIAN_POINT('Ctrl Pts',(-2.35315107675849,3.01290565747146E-15,
-0.103125000000022));
#5902=CARTESIAN_POINT('Ctrl Pts',(-1.76486330756886,-1.01894430570777,-0.0447916666666895));
#5903=CARTESIAN_POINT('Ctrl Pts',(-1.17657553837924,-2.03788861141555,0.0135416666666444));
#5904=CARTESIAN_POINT('Ctrl Pts',(-2.4956937649889E-16,-2.03788861141555,
0.0718749999999782));
#5905=CARTESIAN_POINT('Ctrl Pts',(1.17657553837924,-2.03788861141555,0.13020833333331));
#5906=CARTESIAN_POINT('Ctrl Pts',(1.76486330756886,-1.01894430570777,0.188541666666644));
#5907=CARTESIAN_POINT('Ctrl Pts',(2.35315107675849,2.43654987065897E-15,
0.246874999999978));
#5908=CARTESIAN_POINT('Ctrl Pts',(1.76486330756886,1.01894430570778,0.30520833333331));
#5909=CARTESIAN_POINT('Ctrl Pts',(1.17657553837924,2.03788861141556,0.363541666666644));
#5910=CARTESIAN_POINT('Ctrl Pts',(0.,2.03788861141556,0.421874999999976));
#5911=CARTESIAN_POINT('Ctrl Pts',(-1.17657553837924,2.03788861141556,0.48020833333331));
#5912=CARTESIAN_POINT('Ctrl Pts',(-1.76486330756886,1.01894430570778,0.538541666666644));
#5913=CARTESIAN_POINT('Ctrl Pts',(-2.35315107675849,3.01290565747146E-15,
0.596874999999976));
#5914=CARTESIAN_POINT('Ctrl Pts',(-1.76486330756886,-1.01894430570777,0.65520833333331));
#5915=CARTESIAN_POINT('Ctrl Pts',(-1.17657553837924,-2.03788861141555,0.713541666666644));
#5916=CARTESIAN_POINT('Ctrl Pts',(-2.4956937649889E-16,-2.03788861141555,
0.771874999999976));
#5917=CARTESIAN_POINT('Ctrl Pts',(1.17657553837924,-2.03788861141555,0.83020833333331));
#5918=CARTESIAN_POINT('Ctrl Pts',(1.76486330756886,-1.01894430570777,0.888541666666642));
#5919=CARTESIAN_POINT('Ctrl Pts',(2.35315107675849,2.43654987065897E-15,
0.946874999999976));
#5920=CARTESIAN_POINT('Ctrl Pts',(1.76486330756886,1.01894430570778,1.00520833333331));
#5921=CARTESIAN_POINT('Ctrl Pts',(1.17657553837924,2.03788861141556,1.06354166666664));
#5922=CARTESIAN_POINT('Ctrl Pts',(0.,2.03788861141556,1.12187499999998));
#5923=CARTESIAN_POINT('Ctrl Pts',(-1.17657553837924,2.03788861141556,1.18020833333331));
#5924=CARTESIAN_POINT('Ctrl Pts',(-1.76486330756886,1.01894430570778,1.23854166666664));
#5925=CARTESIAN_POINT('Ctrl Pts',(-2.35315107675849,3.01290565747146E-15,
1.29687499999998));
#5926=CARTESIAN_POINT('Ctrl Pts',(-1.76486330756886,-1.01894430570777,1.35520833333331));
#5927=CARTESIAN_POINT('Ctrl Pts',(-1.17657553837924,-2.03788861141555,1.41354166666664));
#5928=CARTESIAN_POINT('Ctrl Pts',(-2.4956937649889E-16,-2.03788861141555,
1.47187499999997));
#5929=CARTESIAN_POINT('Ctrl Pts',(1.17657553837924,-2.03788861141555,1.53020833333331));
#5930=CARTESIAN_POINT('Ctrl Pts',(1.76486330756886,-1.01894430570777,1.58854166666664));
#5931=CARTESIAN_POINT('Ctrl Pts',(2.35315107675849,2.43654987065897E-15,
1.64687499999997));
#5932=CARTESIAN_POINT('Ctrl Pts',(1.76486330756886,1.01894430570778,1.70520833333331));
#5933=CARTESIAN_POINT('Ctrl Pts',(1.17657553837924,2.03788861141556,1.76354166666664));
#5934=CARTESIAN_POINT('Ctrl Pts',(0.,2.03788861141556,1.82187499999997));
#5935=CARTESIAN_POINT('Ctrl Pts',(-1.17657553837924,2.03788861141556,1.88020833333331));
#5936=CARTESIAN_POINT('Ctrl Pts',(-1.76486330756886,1.01894430570778,1.93854166666664));
#5937=CARTESIAN_POINT('Ctrl Pts',(-2.35315107675849,3.01290565747146E-15,
1.99687499999997));
#5938=CARTESIAN_POINT('Ctrl Pts',(-1.76486330756886,-1.01894430570777,2.05520833333331));
#5939=CARTESIAN_POINT('Ctrl Pts',(-1.17657553837924,-2.03788861141555,2.11354166666664));
#5940=CARTESIAN_POINT('Ctrl Pts',(-2.4956937649889E-16,-2.03788861141555,
2.17187499999997));
#5941=CARTESIAN_POINT('Ctrl Pts',(1.17657553837924,-2.03788861141555,2.23020833333331));
#5942=CARTESIAN_POINT('Ctrl Pts',(1.76486330756886,-1.01894430570777,2.28854166666664));
#5943=CARTESIAN_POINT('Ctrl Pts',(2.35315107675849,2.43654987065897E-15,
2.34687499999997));
#5944=CARTESIAN_POINT('Ctrl Pts',(1.76486330756886,1.01894430570778,2.40520833333331));
#5945=CARTESIAN_POINT('Ctrl Pts',(1.17657553837924,2.03788861141556,2.46354166666664));
#5946=CARTESIAN_POINT('Ctrl Pts',(0.,2.03788861141556,2.52187499999997));
#5947=CARTESIAN_POINT('Ctrl Pts',(-1.17657553837924,2.03788861141556,2.5802083333333));
#5948=CARTESIAN_POINT('Ctrl Pts',(-1.76486330756886,1.01894430570778,2.63854166666664));
#5949=CARTESIAN_POINT('Ctrl Pts',(-2.35315107675849,3.01290565747146E-15,
2.69687499999997));
#5950=CARTESIAN_POINT('Ctrl Pts',(-1.76486330756886,-1.01894430570777,2.7552083333333));
#5951=CARTESIAN_POINT('Ctrl Pts',(-1.17657553837924,-2.03788861141555,2.81354166666664));
#5952=CARTESIAN_POINT('Ctrl Pts',(-2.4956937649889E-16,-2.03788861141555,
2.87187499999997));
#5953=CARTESIAN_POINT('Ctrl Pts',(1.17657553837924,-2.03788861141555,2.9302083333333));
#5954=CARTESIAN_POINT('Ctrl Pts',(1.76486330756886,-1.01894430570777,2.98854166666664));
#5955=CARTESIAN_POINT('Ctrl Pts',(2.35315107675849,2.43654987065897E-15,
3.04687499999997));
#5956=CARTESIAN_POINT('Ctrl Pts',(1.76486330756886,1.01894430570778,3.1052083333333));
#5957=CARTESIAN_POINT('Ctrl Pts',(1.17657553837924,2.03788861141556,3.16354166666664));
#5958=CARTESIAN_POINT('Ctrl Pts',(0.,2.03788861141556,3.22187499999997));
#5959=CARTESIAN_POINT('Ctrl Pts',(-1.17657553837924,2.03788861141556,3.2802083333333));
#5960=CARTESIAN_POINT('Ctrl Pts',(-1.76486330756886,1.01894430570778,3.33854166666664));
#5961=CARTESIAN_POINT('Ctrl Pts',(-2.35315107675849,3.01290565747146E-15,
3.39687499999997));
#5962=CARTESIAN_POINT('Ctrl Pts',(-1.76486330756886,-1.01894430570777,3.4552083333333));
#5963=CARTESIAN_POINT('Ctrl Pts',(-1.17657553837924,-2.03788861141555,3.51354166666664));
#5964=CARTESIAN_POINT('Ctrl Pts',(-2.4956937649889E-16,-2.03788861141555,
3.57187499999997));
#5965=CARTESIAN_POINT('Ctrl Pts',(1.17657553837924,-2.03788861141555,3.6302083333333));
#5966=CARTESIAN_POINT('Ctrl Pts',(1.76486330756886,-1.01894430570777,3.68854166666664));
#5967=CARTESIAN_POINT('Ctrl Pts',(2.35315107675849,2.43654987065897E-15,
3.74687499999997));
#5968=CARTESIAN_POINT('Ctrl Pts',(1.76486330756886,1.01894430570778,3.8052083333333));
#5969=CARTESIAN_POINT('Ctrl Pts',(1.17657553837924,2.03788861141556,3.86354166666663));
#5970=CARTESIAN_POINT('Ctrl Pts',(0.,2.03788861141556,3.92187499999997));
#5971=CARTESIAN_POINT('Ctrl Pts',(-1.17657553837924,2.03788861141556,3.9802083333333));
#5972=CARTESIAN_POINT('Ctrl Pts',(-1.76486330756886,1.01894430570778,4.03854166666664));
#5973=CARTESIAN_POINT('Ctrl Pts',(-2.35315107675849,3.01290565747146E-15,
4.09687499999997));
#5974=CARTESIAN_POINT('Ctrl Pts',(-1.76486330756886,-1.01894430570777,4.1552083333333));
#5975=CARTESIAN_POINT('Ctrl Pts',(-1.17657553837924,-2.03788861141555,4.21354166666663));
#5976=CARTESIAN_POINT('Ctrl Pts',(-2.4956937649889E-16,-2.03788861141555,
4.27187499999997));
#5977=CARTESIAN_POINT('Ctrl Pts',(1.17657553837924,-2.03788861141555,4.3302083333333));
#5978=CARTESIAN_POINT('Ctrl Pts',(1.76486330756886,-1.01894430570777,4.38854166666663));
#5979=CARTESIAN_POINT('Ctrl Pts',(2.35315107675849,2.43654987065897E-15,
4.44687499999997));
#5980=CARTESIAN_POINT('Ctrl Pts',(1.76486330756886,1.01894430570778,4.5052083333333));
#5981=CARTESIAN_POINT('Ctrl Pts',(1.17657553837924,2.03788861141556,4.56354166666664));
#5982=CARTESIAN_POINT('Ctrl Pts',(0.,2.03788861141556,4.62187499999997));
#5983=CARTESIAN_POINT('Ctrl Pts',(-1.17657553837924,2.03788861141556,4.6802083333333));
#5984=CARTESIAN_POINT('Ctrl Pts',(-1.76486330756886,1.01894430570778,4.73854166666663));
#5985=CARTESIAN_POINT('Ctrl Pts',(-2.35315107675849,3.01290565747146E-15,
4.79687499999997));
#5986=CARTESIAN_POINT('Ctrl Pts',(-1.76486330756886,-1.01894430570777,4.8552083333333));
#5987=CARTESIAN_POINT('Ctrl Pts',(-1.17657553837924,-2.03788861141555,4.91354166666663));
#5988=CARTESIAN_POINT('Ctrl Pts',(-2.4956937649889E-16,-2.03788861141555,
4.97187499999997));
#5989=CARTESIAN_POINT('Ctrl Pts',(1.17657553837924,-2.03788861141555,5.0302083333333));
#5990=CARTESIAN_POINT('Ctrl Pts',(1.76486330756886,-1.01894430570777,5.08854166666663));
#5991=CARTESIAN_POINT('Ctrl Pts',(2.35315107675849,2.43654987065897E-15,
5.14687499999997));
#5992=CARTESIAN_POINT('Ctrl Pts',(1.76486330756886,1.01894430570778,5.2052083333333));
#5993=CARTESIAN_POINT('Ctrl Pts',(1.17657553837924,2.03788861141556,5.26354166666663));
#5994=CARTESIAN_POINT('Ctrl Pts',(0.,2.03788861141556,5.32187499999997));
#5995=CARTESIAN_POINT('Ctrl Pts',(-1.17657553837924,2.03788861141556,5.3802083333333));
#5996=CARTESIAN_POINT('Ctrl Pts',(-1.76486330756886,1.01894430570778,5.43854166666663));
#5997=CARTESIAN_POINT('Ctrl Pts',(-2.35315107675849,3.01290565747146E-15,
5.49687499999996));
#5998=CARTESIAN_POINT('Ctrl Pts',(-1.76486330756886,-1.01894430570777,5.5552083333333));
#5999=CARTESIAN_POINT('Ctrl Pts',(-1.17657553837924,-2.03788861141555,5.61354166666663));
#6000=CARTESIAN_POINT('Ctrl Pts',(-2.4956937649889E-16,-2.03788861141555,
5.67187499999996));
#6001=CARTESIAN_POINT('Ctrl Pts',(1.17657553837924,-2.03788861141555,5.7302083333333));
#6002=CARTESIAN_POINT('Ctrl Pts',(1.76486330756886,-1.01894430570777,5.78854166666663));
#6003=CARTESIAN_POINT('Ctrl Pts',(2.35315107675849,2.43654987065897E-15,
5.84687499999996));
#6004=CARTESIAN_POINT('Ctrl Pts',(1.76486330756886,1.01894430570778,5.9052083333333));
#6005=CARTESIAN_POINT('Ctrl Pts',(1.17657553837924,2.03788861141556,5.96354166666663));
#6006=CARTESIAN_POINT('Ctrl Pts',(0.,2.03788861141556,6.02187499999996));
#6007=CARTESIAN_POINT('Ctrl Pts',(-1.17657553837924,2.03788861141556,6.0802083333333));
#6008=CARTESIAN_POINT('Ctrl Pts',(-1.76486330756886,1.01894430570778,6.13854166666663));
#6009=CARTESIAN_POINT('Ctrl Pts',(-2.35315107675849,3.01290565747146E-15,
6.19687499999996));
#6010=CARTESIAN_POINT('Ctrl Pts',(-1.76486330756886,-1.01894430570777,6.2552083333333));
#6011=CARTESIAN_POINT('Ctrl Pts',(-1.17657553837924,-2.03788861141555,6.31354166666663));
#6012=CARTESIAN_POINT('Ctrl Pts',(-2.4956937649889E-16,-2.03788861141555,
6.37187499999996));
#6013=CARTESIAN_POINT('Ctrl Pts',(1.17657553837924,-2.03788861141555,6.43020833333329));
#6014=CARTESIAN_POINT('Ctrl Pts',(1.76486330756886,-1.01894430570777,6.48854166666663));
#6015=CARTESIAN_POINT('Ctrl Pts',(2.35315107675849,2.43654987065897E-15,
6.54687499999996));
#6016=CARTESIAN_POINT('Ctrl Pts',(1.76486330756886,1.01894430570778,6.60520833333329));
#6017=CARTESIAN_POINT('Ctrl Pts',(1.17657553837924,2.03788861141556,6.66354166666663));
#6018=CARTESIAN_POINT('Ctrl Pts',(0.,2.03788861141556,6.72187499999996));
#6019=CARTESIAN_POINT('Ctrl Pts',(-1.17657553837924,2.03788861141556,6.7802083333333));
#6020=CARTESIAN_POINT('Ctrl Pts',(-1.76486330756886,1.01894430570778,6.83854166666663));
#6021=CARTESIAN_POINT('Ctrl Pts',(-2.35315107675849,3.01290565747146E-15,
6.89687499999996));
#6022=CARTESIAN_POINT('Ctrl Pts',(-1.76486330756886,-1.01894430570777,6.9552083333333));
#6023=CARTESIAN_POINT('Ctrl Pts',(-1.17657553837924,-2.03788861141555,7.01354166666663));
#6024=CARTESIAN_POINT('Ctrl Pts',(-2.4956937649889E-16,-2.03788861141555,
7.07187499999996));
#6025=CARTESIAN_POINT('Ctrl Pts',(1.17657553837924,-2.03788861141555,7.13020833333329));
#6026=CARTESIAN_POINT('Ctrl Pts',(1.76486330756886,-1.01894430570777,7.18854166666663));
#6027=CARTESIAN_POINT('Ctrl Pts',(2.35315107675849,2.43654987065897E-15,
7.24687499999996));
#6028=CARTESIAN_POINT('Ctrl Pts',(1.76486330756886,1.01894430570778,7.30520833333329));
#6029=CARTESIAN_POINT('Ctrl Pts',(1.17657553837924,2.03788861141556,7.36354166666663));
#6030=CARTESIAN_POINT('Ctrl Pts',(0.,2.03788861141556,7.42187499999996));
#6031=CARTESIAN_POINT('Ctrl Pts',(-1.17657553837924,2.03788861141556,7.48020833333329));
#6032=CARTESIAN_POINT('Ctrl Pts',(-1.76486330756886,1.01894430570778,7.53854166666663));
#6033=CARTESIAN_POINT('Ctrl Pts',(-2.35315107675849,3.01290565747146E-15,
7.59687499999996));
#6034=CARTESIAN_POINT('Ctrl Pts',(-1.76486330756886,-1.01894430570777,7.65520833333329));
#6035=CARTESIAN_POINT('Ctrl Pts',(-1.17657553837924,-2.03788861141555,7.71354166666663));
#6036=CARTESIAN_POINT('Ctrl Pts',(-2.4956937649889E-16,-2.03788861141555,
7.77187499999996));
#6037=CARTESIAN_POINT('Ctrl Pts',(1.17657553837924,-2.03788861141555,7.83020833333329));
#6038=CARTESIAN_POINT('Ctrl Pts',(1.76486330756886,-1.01894430570777,7.88854166666662));
#6039=CARTESIAN_POINT('Ctrl Pts',(2.35315107675849,2.43654987065897E-15,
7.94687499999996));
#6040=CARTESIAN_POINT('Ctrl Pts',(1.76486330756886,1.01894430570778,8.00520833333329));
#6041=CARTESIAN_POINT('Ctrl Pts',(1.17657553837924,2.03788861141556,8.06354166666662));
#6042=CARTESIAN_POINT('Ctrl Pts',(0.,2.03788861141556,8.12187499999996));
#6043=CARTESIAN_POINT('Ctrl Pts',(-1.17657553837924,2.03788861141556,8.18020833333329));
#6044=CARTESIAN_POINT('Ctrl Pts',(-1.76486330756886,1.01894430570778,8.23854166666662));
#6045=CARTESIAN_POINT('Ctrl Pts',(-2.35315107675849,3.01290565747146E-15,
8.29687499999996));
#6046=CARTESIAN_POINT('Ctrl Pts',(-1.76486330756886,-1.01894430570777,8.35520833333329));
#6047=CARTESIAN_POINT('Ctrl Pts',(-1.17657553837924,-2.03788861141555,8.41354166666662));
#6048=CARTESIAN_POINT('Ctrl Pts',(-2.4956937649889E-16,-2.03788861141555,
8.47187499999996));
#6049=CARTESIAN_POINT('Ctrl Pts',(1.17657553837924,-2.03788861141555,8.53020833333329));
#6050=CARTESIAN_POINT('Ctrl Pts',(1.76486330756886,-1.01894430570777,8.58854166666662));
#6051=CARTESIAN_POINT('Ctrl Pts',(2.35315107675849,2.43654987065897E-15,
8.64687499999996));
#6052=CARTESIAN_POINT('Ctrl Pts',(1.76486330756886,1.01894430570778,8.70520833333329));
#6053=CARTESIAN_POINT('Ctrl Pts',(1.17657553837924,2.03788861141556,8.76354166666662));
#6054=CARTESIAN_POINT('Ctrl Pts',(0.,2.03788861141556,8.82187499999995));
#6055=CARTESIAN_POINT('Ctrl Pts',(-1.17657553837924,2.03788861141556,8.88020833333329));
#6056=CARTESIAN_POINT('Ctrl Pts',(-1.76486330756886,1.01894430570778,8.93854166666662));
#6057=CARTESIAN_POINT('Ctrl Pts',(-2.35315107675849,3.01290565747146E-15,
8.99687499999996));
#6058=CARTESIAN_POINT('Ctrl Pts',(-1.76486330756886,-1.01894430570777,9.05520833333329));
#6059=CARTESIAN_POINT('Ctrl Pts',(-1.17657553837924,-2.03788861141555,9.11354166666662));
#6060=CARTESIAN_POINT('Ctrl Pts',(-2.4956937649889E-16,-2.03788861141555,
9.17187499999995));
#6061=CARTESIAN_POINT('Ctrl Pts',(1.17657553837924,-2.03788861141555,9.23020833333329));
#6062=CARTESIAN_POINT('Ctrl Pts',(1.76486330756886,-1.01894430570777,9.28854166666662));
#6063=CARTESIAN_POINT('Ctrl Pts',(2.35315107675849,2.43654987065897E-15,
9.34687499999996));
#6064=CARTESIAN_POINT('Ctrl Pts',(1.76486330756886,1.01894430570778,9.40520833333329));
#6065=CARTESIAN_POINT('Ctrl Pts',(1.17657553837924,2.03788861141556,9.46354166666662));
#6066=CARTESIAN_POINT('Ctrl Pts',(0.,2.03788861141556,9.52187499999995));
#6067=CARTESIAN_POINT('Ctrl Pts',(-1.17657553837924,2.03788861141556,9.58020833333329));
#6068=CARTESIAN_POINT('Ctrl Pts',(-1.76486330756886,1.01894430570778,9.63854166666662));
#6069=CARTESIAN_POINT('Ctrl Pts',(-2.35315107675849,3.01290565747146E-15,
9.69687499999996));
#6070=CARTESIAN_POINT('Ctrl Pts',(-1.76486330756886,-1.01894430570777,9.75520833333329));
#6071=CARTESIAN_POINT('Ctrl Pts',(-1.17657553837924,-2.03788861141555,9.81354166666662));
#6072=CARTESIAN_POINT('Ctrl Pts',(-2.4956937649889E-16,-2.03788861141555,
9.87187499999995));
#6073=CARTESIAN_POINT('Ctrl Pts',(1.17657553837924,-2.03788861141555,9.93020833333329));
#6074=CARTESIAN_POINT('Ctrl Pts',(1.76486330756886,-1.01894430570777,9.98854166666662));
#6075=CARTESIAN_POINT('Ctrl Pts',(2.35315107675849,2.43654987065897E-15,
10.046875));
#6076=CARTESIAN_POINT('Ctrl Pts',(1.76486330756886,1.01894430570778,10.1052083333333));
#6077=CARTESIAN_POINT('Ctrl Pts',(1.17657553837924,2.03788861141556,10.1635416666666));
#6078=CARTESIAN_POINT('Ctrl Pts',(0.,2.03788861141556,10.221875));
#6079=CARTESIAN_POINT('Ctrl Pts',(-1.17657553837924,2.03788861141556,10.2802083333333));
#6080=CARTESIAN_POINT('Ctrl Pts',(-1.76486330756886,1.01894430570778,10.3385416666666));
#6081=CARTESIAN_POINT('Ctrl Pts',(-2.35315107675849,3.01290565747146E-15,
10.396875));
#6082=CARTESIAN_POINT('Ctrl Pts',(-1.76486330756886,-1.01894430570777,10.4552083333333));
#6083=CARTESIAN_POINT('Ctrl Pts',(-1.17657553837924,-2.03788861141555,10.5135416666666));
#6084=CARTESIAN_POINT('Ctrl Pts',(-2.4956937649889E-16,-2.03788861141555,
10.571875));
#6085=CARTESIAN_POINT('Ctrl Pts',(1.17657553837924,-2.03788861141555,10.6302083333333));
#6086=CARTESIAN_POINT('Ctrl Pts',(1.76486330756886,-1.01894430570777,10.6885416666666));
#6087=CARTESIAN_POINT('Ctrl Pts',(2.35315107675849,2.43654987065897E-15,
10.7468749999999));
#6088=CARTESIAN_POINT('Ctrl Pts',(1.76486330756886,1.01894430570778,10.8052083333333));
#6089=CARTESIAN_POINT('Ctrl Pts',(1.17657553837924,2.03788861141556,10.8635416666666));
#6090=CARTESIAN_POINT('Ctrl Pts',(0.,2.03788861141556,10.921875));
#6091=CARTESIAN_POINT('Ctrl Pts',(0.,1.54533476991144,-8.26250109298279));
#6092=CARTESIAN_POINT('Ctrl Pts',(-0.892199445396457,1.54533476991144,-8.20416775964945));
#6093=CARTESIAN_POINT('Ctrl Pts',(-1.33829916809469,0.772667384955723,-8.14583442631612));
#6094=CARTESIAN_POINT('Ctrl Pts',(-1.78439889079292,2.97807963026892E-15,
-8.08750109298279));
#6095=CARTESIAN_POINT('Ctrl Pts',(-1.33829916809469,-0.772667384955716,
-8.02916775964946));
#6096=CARTESIAN_POINT('Ctrl Pts',(-0.892199445396458,-1.54533476991144,
-7.97083442631612));
#6097=CARTESIAN_POINT('Ctrl Pts',(-1.89248927958316E-16,-1.54533476991144,
-7.91250109298279));
#6098=CARTESIAN_POINT('Ctrl Pts',(0.892199445396457,-1.54533476991144,-7.85416775964946));
#6099=CARTESIAN_POINT('Ctrl Pts',(1.33829916809469,-0.772667384955717,-7.79583442631612));
#6100=CARTESIAN_POINT('Ctrl Pts',(1.78439889079292,2.54102795226659E-15,
-7.73750109298279));
#6101=CARTESIAN_POINT('Ctrl Pts',(1.33829916809469,0.772667384955721,-7.67916775964946));
#6102=CARTESIAN_POINT('Ctrl Pts',(0.892199445396458,1.54533476991144,-7.62083442631612));
#6103=CARTESIAN_POINT('Ctrl Pts',(0.,1.54533476991144,-7.56250109298279));
#6104=CARTESIAN_POINT('Ctrl Pts',(-0.892199445396457,1.54533476991144,-7.50416775964946));
#6105=CARTESIAN_POINT('Ctrl Pts',(-1.33829916809469,0.772667384955723,-7.44583442631613));
#6106=CARTESIAN_POINT('Ctrl Pts',(-1.78439889079292,2.97807963026892E-15,
-7.38750109298279));
#6107=CARTESIAN_POINT('Ctrl Pts',(-1.33829916809469,-0.772667384955716,
-7.32916775964946));
#6108=CARTESIAN_POINT('Ctrl Pts',(-0.892199445396458,-1.54533476991144,
-7.27083442631613));
#6109=CARTESIAN_POINT('Ctrl Pts',(-1.89248927958316E-16,-1.54533476991144,
-7.21250109298279));
#6110=CARTESIAN_POINT('Ctrl Pts',(0.892199445396457,-1.54533476991144,-7.15416775964946));
#6111=CARTESIAN_POINT('Ctrl Pts',(1.33829916809469,-0.772667384955717,-7.09583442631613));
#6112=CARTESIAN_POINT('Ctrl Pts',(1.78439889079292,2.54102795226659E-15,
-7.03750109298279));
#6113=CARTESIAN_POINT('Ctrl Pts',(1.33829916809469,0.772667384955721,-6.97916775964946));
#6114=CARTESIAN_POINT('Ctrl Pts',(0.892199445396458,1.54533476991144,-6.92083442631613));
#6115=CARTESIAN_POINT('Ctrl Pts',(0.,1.54533476991144,-6.86250109298279));
#6116=CARTESIAN_POINT('Ctrl Pts',(-0.892199445396457,1.54533476991144,-6.80416775964946));
#6117=CARTESIAN_POINT('Ctrl Pts',(-1.33829916809469,0.772667384955723,-6.74583442631613));
#6118=CARTESIAN_POINT('Ctrl Pts',(-1.78439889079292,2.97807963026892E-15,
-6.68750109298279));
#6119=CARTESIAN_POINT('Ctrl Pts',(-1.33829916809469,-0.772667384955716,
-6.62916775964946));
#6120=CARTESIAN_POINT('Ctrl Pts',(-0.892199445396458,-1.54533476991144,
-6.57083442631613));
#6121=CARTESIAN_POINT('Ctrl Pts',(-1.89248927958316E-16,-1.54533476991144,
-6.51250109298279));
#6122=CARTESIAN_POINT('Ctrl Pts',(0.892199445396457,-1.54533476991144,-6.45416775964946));
#6123=CARTESIAN_POINT('Ctrl Pts',(1.33829916809469,-0.772667384955717,-6.39583442631613));
#6124=CARTESIAN_POINT('Ctrl Pts',(1.78439889079292,2.54102795226659E-15,
-6.33750109298279));
#6125=CARTESIAN_POINT('Ctrl Pts',(1.33829916809469,0.772667384955721,-6.27916775964946));
#6126=CARTESIAN_POINT('Ctrl Pts',(0.892199445396458,1.54533476991144,-6.22083442631613));
#6127=CARTESIAN_POINT('Ctrl Pts',(0.,1.54533476991144,-6.1625010929828));
#6128=CARTESIAN_POINT('Ctrl Pts',(-0.892199445396457,1.54533476991144,-6.10416775964946));
#6129=CARTESIAN_POINT('Ctrl Pts',(-1.33829916809469,0.772667384955723,-6.04583442631613));
#6130=CARTESIAN_POINT('Ctrl Pts',(-1.78439889079292,2.97807963026892E-15,
-5.98750109298279));
#6131=CARTESIAN_POINT('Ctrl Pts',(-1.33829916809469,-0.772667384955716,
-5.92916775964946));
#6132=CARTESIAN_POINT('Ctrl Pts',(-0.892199445396458,-1.54533476991144,
-5.87083442631613));
#6133=CARTESIAN_POINT('Ctrl Pts',(-1.89248927958316E-16,-1.54533476991144,
-5.81250109298279));
#6134=CARTESIAN_POINT('Ctrl Pts',(0.892199445396457,-1.54533476991144,-5.75416775964946));
#6135=CARTESIAN_POINT('Ctrl Pts',(1.33829916809469,-0.772667384955717,-5.69583442631613));
#6136=CARTESIAN_POINT('Ctrl Pts',(1.78439889079292,2.54102795226659E-15,
-5.63750109298279));
#6137=CARTESIAN_POINT('Ctrl Pts',(1.33829916809469,0.772667384955721,-5.57916775964946));
#6138=CARTESIAN_POINT('Ctrl Pts',(0.892199445396458,1.54533476991144,-5.52083442631613));
#6139=CARTESIAN_POINT('Ctrl Pts',(0.,1.54533476991144,-5.4625010929828));
#6140=CARTESIAN_POINT('Ctrl Pts',(-0.892199445396457,1.54533476991144,-5.40416775964946));
#6141=CARTESIAN_POINT('Ctrl Pts',(-1.33829916809469,0.772667384955723,-5.34583442631613));
#6142=CARTESIAN_POINT('Ctrl Pts',(-1.78439889079292,2.97807963026892E-15,
-5.2875010929828));
#6143=CARTESIAN_POINT('Ctrl Pts',(-1.33829916809469,-0.772667384955716,
-5.22916775964946));
#6144=CARTESIAN_POINT('Ctrl Pts',(-0.892199445396458,-1.54533476991144,
-5.17083442631613));
#6145=CARTESIAN_POINT('Ctrl Pts',(-1.89248927958316E-16,-1.54533476991144,
-5.1125010929828));
#6146=CARTESIAN_POINT('Ctrl Pts',(0.892199445396457,-1.54533476991144,-5.05416775964946));
#6147=CARTESIAN_POINT('Ctrl Pts',(1.33829916809469,-0.772667384955717,-4.99583442631613));
#6148=CARTESIAN_POINT('Ctrl Pts',(1.78439889079292,2.54102795226659E-15,
-4.9375010929828));
#6149=CARTESIAN_POINT('Ctrl Pts',(1.33829916809469,0.772667384955721,-4.87916775964946));
#6150=CARTESIAN_POINT('Ctrl Pts',(0.892199445396458,1.54533476991144,-4.82083442631613));
#6151=CARTESIAN_POINT('Ctrl Pts',(0.,1.54533476991144,-4.7625010929828));
#6152=CARTESIAN_POINT('Ctrl Pts',(-0.892199445396457,1.54533476991144,-4.70416775964946));
#6153=CARTESIAN_POINT('Ctrl Pts',(-1.33829916809469,0.772667384955723,-4.64583442631613));
#6154=CARTESIAN_POINT('Ctrl Pts',(-1.78439889079292,2.97807963026892E-15,
-4.5875010929828));
#6155=CARTESIAN_POINT('Ctrl Pts',(-1.33829916809469,-0.772667384955716,
-4.52916775964946));
#6156=CARTESIAN_POINT('Ctrl Pts',(-0.892199445396458,-1.54533476991144,
-4.47083442631613));
#6157=CARTESIAN_POINT('Ctrl Pts',(-1.89248927958316E-16,-1.54533476991144,
-4.4125010929828));
#6158=CARTESIAN_POINT('Ctrl Pts',(0.892199445396457,-1.54533476991144,-4.35416775964946));
#6159=CARTESIAN_POINT('Ctrl Pts',(1.33829916809469,-0.772667384955717,-4.29583442631613));
#6160=CARTESIAN_POINT('Ctrl Pts',(1.78439889079292,2.54102795226659E-15,
-4.2375010929828));
#6161=CARTESIAN_POINT('Ctrl Pts',(1.33829916809469,0.772667384955721,-4.17916775964946));
#6162=CARTESIAN_POINT('Ctrl Pts',(0.892199445396458,1.54533476991144,-4.12083442631613));
#6163=CARTESIAN_POINT('Ctrl Pts',(0.,1.54533476991144,-4.0625010929828));
#6164=CARTESIAN_POINT('Ctrl Pts',(-0.892199445396457,1.54533476991144,-4.00416775964946));
#6165=CARTESIAN_POINT('Ctrl Pts',(-1.33829916809469,0.772667384955723,-3.94583442631613));
#6166=CARTESIAN_POINT('Ctrl Pts',(-1.78439889079292,2.97807963026892E-15,
-3.8875010929828));
#6167=CARTESIAN_POINT('Ctrl Pts',(-1.33829916809469,-0.772667384955716,
-3.82916775964947));
#6168=CARTESIAN_POINT('Ctrl Pts',(-0.892199445396458,-1.54533476991144,
-3.77083442631613));
#6169=CARTESIAN_POINT('Ctrl Pts',(-1.89248927958316E-16,-1.54533476991144,
-3.7125010929828));
#6170=CARTESIAN_POINT('Ctrl Pts',(0.892199445396457,-1.54533476991144,-3.65416775964947));
#6171=CARTESIAN_POINT('Ctrl Pts',(1.33829916809469,-0.772667384955717,-3.59583442631613));
#6172=CARTESIAN_POINT('Ctrl Pts',(1.78439889079292,2.54102795226659E-15,
-3.5375010929828));
#6173=CARTESIAN_POINT('Ctrl Pts',(1.33829916809469,0.772667384955721,-3.47916775964947));
#6174=CARTESIAN_POINT('Ctrl Pts',(0.892199445396458,1.54533476991144,-3.42083442631613));
#6175=CARTESIAN_POINT('Ctrl Pts',(0.,1.54533476991144,-3.3625010929828));
#6176=CARTESIAN_POINT('Ctrl Pts',(-0.892199445396457,1.54533476991144,-3.30416775964947));
#6177=CARTESIAN_POINT('Ctrl Pts',(-1.33829916809469,0.772667384955723,-3.24583442631613));
#6178=CARTESIAN_POINT('Ctrl Pts',(-1.78439889079292,2.97807963026892E-15,
-3.1875010929828));
#6179=CARTESIAN_POINT('Ctrl Pts',(-1.33829916809469,-0.772667384955716,
-3.12916775964947));
#6180=CARTESIAN_POINT('Ctrl Pts',(-0.892199445396458,-1.54533476991144,
-3.07083442631613));
#6181=CARTESIAN_POINT('Ctrl Pts',(-1.89248927958316E-16,-1.54533476991144,
-3.0125010929828));
#6182=CARTESIAN_POINT('Ctrl Pts',(0.892199445396457,-1.54533476991144,-2.95416775964947));
#6183=CARTESIAN_POINT('Ctrl Pts',(1.33829916809469,-0.772667384955717,-2.89583442631614));
#6184=CARTESIAN_POINT('Ctrl Pts',(1.78439889079292,2.54102795226659E-15,
-2.8375010929828));
#6185=CARTESIAN_POINT('Ctrl Pts',(1.33829916809469,0.772667384955721,-2.77916775964947));
#6186=CARTESIAN_POINT('Ctrl Pts',(0.892199445396458,1.54533476991144,-2.72083442631614));
#6187=CARTESIAN_POINT('Ctrl Pts',(0.,1.54533476991144,-2.6625010929828));
#6188=CARTESIAN_POINT('Ctrl Pts',(-0.892199445396457,1.54533476991144,-2.60416775964947));
#6189=CARTESIAN_POINT('Ctrl Pts',(-1.33829916809469,0.772667384955723,-2.54583442631614));
#6190=CARTESIAN_POINT('Ctrl Pts',(-1.78439889079292,2.97807963026892E-15,
-2.4875010929828));
#6191=CARTESIAN_POINT('Ctrl Pts',(-1.33829916809469,-0.772667384955716,
-2.42916775964947));
#6192=CARTESIAN_POINT('Ctrl Pts',(-0.892199445396458,-1.54533476991144,
-2.37083442631614));
#6193=CARTESIAN_POINT('Ctrl Pts',(-1.89248927958316E-16,-1.54533476991144,
-2.3125010929828));
#6194=CARTESIAN_POINT('Ctrl Pts',(0.892199445396457,-1.54533476991144,-2.25416775964947));
#6195=CARTESIAN_POINT('Ctrl Pts',(1.33829916809469,-0.772667384955717,-2.19583442631614));
#6196=CARTESIAN_POINT('Ctrl Pts',(1.78439889079292,2.54102795226659E-15,
-2.1375010929828));
#6197=CARTESIAN_POINT('Ctrl Pts',(1.33829916809469,0.772667384955721,-2.07916775964947));
#6198=CARTESIAN_POINT('Ctrl Pts',(0.892199445396458,1.54533476991144,-2.02083442631614));
#6199=CARTESIAN_POINT('Ctrl Pts',(0.,1.54533476991144,-1.9625010929828));
#6200=CARTESIAN_POINT('Ctrl Pts',(-0.892199445396457,1.54533476991144,-1.90416775964947));
#6201=CARTESIAN_POINT('Ctrl Pts',(-1.33829916809469,0.772667384955723,-1.84583442631614));
#6202=CARTESIAN_POINT('Ctrl Pts',(-1.78439889079292,2.97807963026892E-15,
-1.7875010929828));
#6203=CARTESIAN_POINT('Ctrl Pts',(-1.33829916809469,-0.772667384955716,
-1.72916775964947));
#6204=CARTESIAN_POINT('Ctrl Pts',(-0.892199445396458,-1.54533476991144,
-1.67083442631614));
#6205=CARTESIAN_POINT('Ctrl Pts',(-1.89248927958316E-16,-1.54533476991144,
-1.6125010929828));
#6206=CARTESIAN_POINT('Ctrl Pts',(0.892199445396457,-1.54533476991144,-1.55416775964947));
#6207=CARTESIAN_POINT('Ctrl Pts',(1.33829916809469,-0.772667384955717,-1.49583442631614));
#6208=CARTESIAN_POINT('Ctrl Pts',(1.78439889079292,2.54102795226659E-15,
-1.43750109298281));
#6209=CARTESIAN_POINT('Ctrl Pts',(1.33829916809469,0.772667384955721,-1.37916775964947));
#6210=CARTESIAN_POINT('Ctrl Pts',(0.892199445396458,1.54533476991144,-1.32083442631614));
#6211=CARTESIAN_POINT('Ctrl Pts',(0.,1.54533476991144,-1.26250109298281));
#6212=CARTESIAN_POINT('Ctrl Pts',(-0.892199445396457,1.54533476991144,-1.20416775964947));
#6213=CARTESIAN_POINT('Ctrl Pts',(-1.33829916809469,0.772667384955723,-1.14583442631614));
#6214=CARTESIAN_POINT('Ctrl Pts',(-1.78439889079292,2.97807963026892E-15,
-1.08750109298281));
#6215=CARTESIAN_POINT('Ctrl Pts',(-1.33829916809469,-0.772667384955716,
-1.02916775964947));
#6216=CARTESIAN_POINT('Ctrl Pts',(-0.892199445396458,-1.54533476991144,
-0.97083442631614));
#6217=CARTESIAN_POINT('Ctrl Pts',(-1.89248927958316E-16,-1.54533476991144,
-0.912501092982806));
#6218=CARTESIAN_POINT('Ctrl Pts',(0.892199445396457,-1.54533476991144,-0.854167759649473));
#6219=CARTESIAN_POINT('Ctrl Pts',(1.33829916809469,-0.772667384955717,-0.79583442631614));
#6220=CARTESIAN_POINT('Ctrl Pts',(1.78439889079292,2.54102795226659E-15,
-0.737501092982807));
#6221=CARTESIAN_POINT('Ctrl Pts',(1.33829916809469,0.772667384955721,-0.679167759649474));
#6222=CARTESIAN_POINT('Ctrl Pts',(0.892199445396458,1.54533476991144,-0.62083442631614));
#6223=CARTESIAN_POINT('Ctrl Pts',(0.,1.54533476991144,-0.562501092982807));
#6224=CARTESIAN_POINT('Ctrl Pts',(-0.892199445396457,1.54533476991144,-0.504167759649474));
#6225=CARTESIAN_POINT('Ctrl Pts',(-1.33829916809469,0.772667384955723,-0.445834426316141));
#6226=CARTESIAN_POINT('Ctrl Pts',(-1.78439889079292,2.97807963026892E-15,
-0.387501092982808));
#6227=CARTESIAN_POINT('Ctrl Pts',(-1.33829916809469,-0.772667384955716,
-0.329167759649475));
#6228=CARTESIAN_POINT('Ctrl Pts',(-0.892199445396458,-1.54533476991144,
-0.270834426316142));
#6229=CARTESIAN_POINT('Ctrl Pts',(-1.89248927958316E-16,-1.54533476991144,
-0.212501092982808));
#6230=CARTESIAN_POINT('Ctrl Pts',(0.892199445396457,-1.54533476991144,-0.154167759649476));
#6231=CARTESIAN_POINT('Ctrl Pts',(1.33829916809469,-0.772667384955717,-0.0958344263161417));
#6232=CARTESIAN_POINT('Ctrl Pts',(1.78439889079292,2.54102795226659E-15,
-0.0375010929828079));
#6233=CARTESIAN_POINT('Ctrl Pts',(1.33829916809469,0.772667384955721,0.0208322403505242));
#6234=CARTESIAN_POINT('Ctrl Pts',(0.892199445396458,1.54533476991144,0.0791655736838581));
#6235=CARTESIAN_POINT('Ctrl Pts',(0.,1.54533476991144,0.13749890701719));
#6236=CARTESIAN_POINT('Ctrl Pts',(-0.892199445396457,1.54533476991144,0.195832240350524));
#6237=CARTESIAN_POINT('Ctrl Pts',(-1.33829916809469,0.772667384955723,0.254165573683858));
#6238=CARTESIAN_POINT('Ctrl Pts',(-1.78439889079292,2.97807963026892E-15,
0.31249890701719));
#6239=CARTESIAN_POINT('Ctrl Pts',(-1.33829916809469,-0.772667384955716,
0.370832240350524));
#6240=CARTESIAN_POINT('Ctrl Pts',(-0.892199445396458,-1.54533476991144,
0.429165573683858));
#6241=CARTESIAN_POINT('Ctrl Pts',(-1.89248927958316E-16,-1.54533476991144,
0.48749890701719));
#6242=CARTESIAN_POINT('Ctrl Pts',(0.892199445396457,-1.54533476991144,0.545832240350524));
#6243=CARTESIAN_POINT('Ctrl Pts',(1.33829916809469,-0.772667384955717,0.604165573683856));
#6244=CARTESIAN_POINT('Ctrl Pts',(1.78439889079292,2.54102795226659E-15,
0.66249890701719));
#6245=CARTESIAN_POINT('Ctrl Pts',(1.33829916809469,0.772667384955721,0.720832240350523));
#6246=CARTESIAN_POINT('Ctrl Pts',(0.892199445396458,1.54533476991144,0.779165573683855));
#6247=CARTESIAN_POINT('Ctrl Pts',(0.,1.54533476991144,0.83749890701719));
#6248=CARTESIAN_POINT('Ctrl Pts',(-0.892199445396457,1.54533476991144,0.895832240350524));
#6249=CARTESIAN_POINT('Ctrl Pts',(-1.33829916809469,0.772667384955723,0.954165573683855));
#6250=CARTESIAN_POINT('Ctrl Pts',(-1.78439889079292,2.97807963026892E-15,
1.01249890701719));
#6251=CARTESIAN_POINT('Ctrl Pts',(-1.33829916809469,-0.772667384955716,
1.07083224035052));
#6252=CARTESIAN_POINT('Ctrl Pts',(-0.892199445396458,-1.54533476991144,
1.12916557368386));
#6253=CARTESIAN_POINT('Ctrl Pts',(-1.89248927958316E-16,-1.54533476991144,
1.18749890701719));
#6254=CARTESIAN_POINT('Ctrl Pts',(0.892199445396457,-1.54533476991144,1.24583224035052));
#6255=CARTESIAN_POINT('Ctrl Pts',(1.33829916809469,-0.772667384955717,1.30416557368386));
#6256=CARTESIAN_POINT('Ctrl Pts',(1.78439889079292,2.54102795226659E-15,
1.36249890701719));
#6257=CARTESIAN_POINT('Ctrl Pts',(1.33829916809469,0.772667384955721,1.42083224035052));
#6258=CARTESIAN_POINT('Ctrl Pts',(0.892199445396458,1.54533476991144,1.47916557368385));
#6259=CARTESIAN_POINT('Ctrl Pts',(0.,1.54533476991144,1.53749890701719));
#6260=CARTESIAN_POINT('Ctrl Pts',(-0.892199445396457,1.54533476991144,1.59583224035052));
#6261=CARTESIAN_POINT('Ctrl Pts',(-1.33829916809469,0.772667384955723,1.65416557368385));
#6262=CARTESIAN_POINT('Ctrl Pts',(-1.78439889079292,2.97807963026892E-15,
1.71249890701719));
#6263=CARTESIAN_POINT('Ctrl Pts',(-1.33829916809469,-0.772667384955716,
1.77083224035052));
#6264=CARTESIAN_POINT('Ctrl Pts',(-0.892199445396458,-1.54533476991144,
1.82916557368385));
#6265=CARTESIAN_POINT('Ctrl Pts',(-1.89248927958316E-16,-1.54533476991144,
1.88749890701719));
#6266=CARTESIAN_POINT('Ctrl Pts',(0.892199445396457,-1.54533476991144,1.94583224035052));
#6267=CARTESIAN_POINT('Ctrl Pts',(1.33829916809469,-0.772667384955717,2.00416557368385));
#6268=CARTESIAN_POINT('Ctrl Pts',(1.78439889079292,2.54102795226659E-15,
2.06249890701719));
#6269=CARTESIAN_POINT('Ctrl Pts',(1.33829916809469,0.772667384955721,2.12083224035052));
#6270=CARTESIAN_POINT('Ctrl Pts',(0.892199445396458,1.54533476991144,2.17916557368385));
#6271=CARTESIAN_POINT('Ctrl Pts',(0.,1.54533476991144,2.23749890701719));
#6272=CARTESIAN_POINT('Ctrl Pts',(-0.892199445396457,1.54533476991144,2.29583224035052));
#6273=CARTESIAN_POINT('Ctrl Pts',(-1.33829916809469,0.772667384955723,2.35416557368385));
#6274=CARTESIAN_POINT('Ctrl Pts',(-1.78439889079292,2.97807963026892E-15,
2.41249890701719));
#6275=CARTESIAN_POINT('Ctrl Pts',(-1.33829916809469,-0.772667384955716,
2.47083224035052));
#6276=CARTESIAN_POINT('Ctrl Pts',(-0.892199445396458,-1.54533476991144,
2.52916557368385));
#6277=CARTESIAN_POINT('Ctrl Pts',(-1.89248927958316E-16,-1.54533476991144,
2.58749890701719));
#6278=CARTESIAN_POINT('Ctrl Pts',(0.892199445396457,-1.54533476991144,2.64583224035052));
#6279=CARTESIAN_POINT('Ctrl Pts',(1.33829916809469,-0.772667384955717,2.70416557368385));
#6280=CARTESIAN_POINT('Ctrl Pts',(1.78439889079292,2.54102795226659E-15,
2.76249890701718));
#6281=CARTESIAN_POINT('Ctrl Pts',(1.33829916809469,0.772667384955721,2.82083224035052));
#6282=CARTESIAN_POINT('Ctrl Pts',(0.892199445396458,1.54533476991144,2.87916557368385));
#6283=CARTESIAN_POINT('Ctrl Pts',(0.,1.54533476991144,2.93749890701718));
#6284=CARTESIAN_POINT('Ctrl Pts',(-0.892199445396457,1.54533476991144,2.99583224035052));
#6285=CARTESIAN_POINT('Ctrl Pts',(-1.33829916809469,0.772667384955723,3.05416557368385));
#6286=CARTESIAN_POINT('Ctrl Pts',(-1.78439889079292,2.97807963026892E-15,
3.11249890701718));
#6287=CARTESIAN_POINT('Ctrl Pts',(-1.33829916809469,-0.772667384955716,
3.17083224035052));
#6288=CARTESIAN_POINT('Ctrl Pts',(-0.892199445396458,-1.54533476991144,
3.22916557368385));
#6289=CARTESIAN_POINT('Ctrl Pts',(-1.89248927958316E-16,-1.54533476991144,
3.28749890701718));
#6290=CARTESIAN_POINT('Ctrl Pts',(0.892199445396457,-1.54533476991144,3.34583224035052));
#6291=CARTESIAN_POINT('Ctrl Pts',(1.33829916809469,-0.772667384955717,3.40416557368385));
#6292=CARTESIAN_POINT('Ctrl Pts',(1.78439889079292,2.54102795226659E-15,
3.46249890701718));
#6293=CARTESIAN_POINT('Ctrl Pts',(1.33829916809469,0.772667384955721,3.52083224035052));
#6294=CARTESIAN_POINT('Ctrl Pts',(0.892199445396458,1.54533476991144,3.57916557368385));
#6295=CARTESIAN_POINT('Ctrl Pts',(0.,1.54533476991144,3.63749890701718));
#6296=CARTESIAN_POINT('Ctrl Pts',(-0.892199445396457,1.54533476991144,3.69583224035051));
#6297=CARTESIAN_POINT('Ctrl Pts',(-1.33829916809469,0.772667384955723,3.75416557368385));
#6298=CARTESIAN_POINT('Ctrl Pts',(-1.78439889079292,2.97807963026892E-15,
3.81249890701718));
#6299=CARTESIAN_POINT('Ctrl Pts',(-1.33829916809469,-0.772667384955716,
3.87083224035051));
#6300=CARTESIAN_POINT('Ctrl Pts',(-0.892199445396458,-1.54533476991144,
3.92916557368385));
#6301=CARTESIAN_POINT('Ctrl Pts',(-1.89248927958316E-16,-1.54533476991144,
3.98749890701718));
#6302=CARTESIAN_POINT('Ctrl Pts',(0.892199445396457,-1.54533476991144,4.04583224035051));
#6303=CARTESIAN_POINT('Ctrl Pts',(1.33829916809469,-0.772667384955717,4.10416557368385));
#6304=CARTESIAN_POINT('Ctrl Pts',(1.78439889079292,2.54102795226659E-15,
4.16249890701718));
#6305=CARTESIAN_POINT('Ctrl Pts',(1.33829916809469,0.772667384955721,4.22083224035051));
#6306=CARTESIAN_POINT('Ctrl Pts',(0.892199445396458,1.54533476991144,4.27916557368385));
#6307=CARTESIAN_POINT('Ctrl Pts',(0.,1.54533476991144,4.33749890701718));
#6308=CARTESIAN_POINT('Ctrl Pts',(-0.892199445396457,1.54533476991144,4.39583224035052));
#6309=CARTESIAN_POINT('Ctrl Pts',(-1.33829916809469,0.772667384955723,4.45416557368385));
#6310=CARTESIAN_POINT('Ctrl Pts',(-1.78439889079292,2.97807963026892E-15,
4.51249890701718));
#6311=CARTESIAN_POINT('Ctrl Pts',(-1.33829916809469,-0.772667384955716,
4.57083224035051));
#6312=CARTESIAN_POINT('Ctrl Pts',(-0.892199445396458,-1.54533476991144,
4.62916557368385));
#6313=CARTESIAN_POINT('Ctrl Pts',(-1.89248927958316E-16,-1.54533476991144,
4.68749890701718));
#6314=CARTESIAN_POINT('Ctrl Pts',(0.892199445396457,-1.54533476991144,4.74583224035051));
#6315=CARTESIAN_POINT('Ctrl Pts',(1.33829916809469,-0.772667384955717,4.80416557368385));
#6316=CARTESIAN_POINT('Ctrl Pts',(1.78439889079292,2.54102795226659E-15,
4.86249890701718));
#6317=CARTESIAN_POINT('Ctrl Pts',(1.33829916809469,0.772667384955721,4.92083224035051));
#6318=CARTESIAN_POINT('Ctrl Pts',(0.892199445396458,1.54533476991144,4.97916557368385));
#6319=CARTESIAN_POINT('Ctrl Pts',(0.,1.54533476991144,5.03749890701718));
#6320=CARTESIAN_POINT('Ctrl Pts',(-0.892199445396457,1.54533476991144,5.09583224035051));
#6321=CARTESIAN_POINT('Ctrl Pts',(-1.33829916809469,0.772667384955723,5.15416557368385));
#6322=CARTESIAN_POINT('Ctrl Pts',(-1.78439889079292,2.97807963026892E-15,
5.21249890701718));
#6323=CARTESIAN_POINT('Ctrl Pts',(-1.33829916809469,-0.772667384955716,
5.27083224035051));
#6324=CARTESIAN_POINT('Ctrl Pts',(-0.892199445396458,-1.54533476991144,
5.32916557368385));
#6325=CARTESIAN_POINT('Ctrl Pts',(-1.89248927958316E-16,-1.54533476991144,
5.38749890701718));
#6326=CARTESIAN_POINT('Ctrl Pts',(0.892199445396457,-1.54533476991144,5.44583224035051));
#6327=CARTESIAN_POINT('Ctrl Pts',(1.33829916809469,-0.772667384955717,5.50416557368384));
#6328=CARTESIAN_POINT('Ctrl Pts',(1.78439889079292,2.54102795226659E-15,
5.56249890701718));
#6329=CARTESIAN_POINT('Ctrl Pts',(1.33829916809469,0.772667384955721,5.62083224035051));
#6330=CARTESIAN_POINT('Ctrl Pts',(0.892199445396458,1.54533476991144,5.67916557368384));
#6331=CARTESIAN_POINT('Ctrl Pts',(0.,1.54533476991144,5.73749890701718));
#6332=CARTESIAN_POINT('Ctrl Pts',(-0.892199445396457,1.54533476991144,5.79583224035051));
#6333=CARTESIAN_POINT('Ctrl Pts',(-1.33829916809469,0.772667384955723,5.85416557368384));
#6334=CARTESIAN_POINT('Ctrl Pts',(-1.78439889079292,2.97807963026892E-15,
5.91249890701718));
#6335=CARTESIAN_POINT('Ctrl Pts',(-1.33829916809469,-0.772667384955716,
5.97083224035051));
#6336=CARTESIAN_POINT('Ctrl Pts',(-0.892199445396458,-1.54533476991144,
6.02916557368384));
#6337=CARTESIAN_POINT('Ctrl Pts',(-1.89248927958316E-16,-1.54533476991144,
6.08749890701718));
#6338=CARTESIAN_POINT('Ctrl Pts',(0.892199445396457,-1.54533476991144,6.14583224035051));
#6339=CARTESIAN_POINT('Ctrl Pts',(1.33829916809469,-0.772667384955717,6.20416557368384));
#6340=CARTESIAN_POINT('Ctrl Pts',(1.78439889079292,2.54102795226659E-15,
6.26249890701718));
#6341=CARTESIAN_POINT('Ctrl Pts',(1.33829916809469,0.772667384955721,6.32083224035051));
#6342=CARTESIAN_POINT('Ctrl Pts',(0.892199445396458,1.54533476991144,6.37916557368384));
#6343=CARTESIAN_POINT('Ctrl Pts',(0.,1.54533476991144,6.43749890701718));
#6344=CARTESIAN_POINT('Ctrl Pts',(-0.892199445396457,1.54533476991144,6.49583224035051));
#6345=CARTESIAN_POINT('Ctrl Pts',(-1.33829916809469,0.772667384955723,6.55416557368384));
#6346=CARTESIAN_POINT('Ctrl Pts',(-1.78439889079292,2.97807963026892E-15,
6.61249890701717));
#6347=CARTESIAN_POINT('Ctrl Pts',(-1.33829916809469,-0.772667384955716,
6.67083224035051));
#6348=CARTESIAN_POINT('Ctrl Pts',(-0.892199445396458,-1.54533476991144,
6.72916557368384));
#6349=CARTESIAN_POINT('Ctrl Pts',(-1.89248927958316E-16,-1.54533476991144,
6.78749890701718));
#6350=CARTESIAN_POINT('Ctrl Pts',(0.892199445396457,-1.54533476991144,6.84583224035051));
#6351=CARTESIAN_POINT('Ctrl Pts',(1.33829916809469,-0.772667384955717,6.90416557368384));
#6352=CARTESIAN_POINT('Ctrl Pts',(1.78439889079292,2.54102795226659E-15,
6.96249890701717));
#6353=CARTESIAN_POINT('Ctrl Pts',(1.33829916809469,0.772667384955721,7.02083224035051));
#6354=CARTESIAN_POINT('Ctrl Pts',(0.892199445396458,1.54533476991144,7.07916557368384));
#6355=CARTESIAN_POINT('Ctrl Pts',(0.,1.54533476991144,7.13749890701718));
#6356=CARTESIAN_POINT('Ctrl Pts',(-0.892199445396457,1.54533476991144,7.19583224035051));
#6357=CARTESIAN_POINT('Ctrl Pts',(-1.33829916809469,0.772667384955723,7.25416557368384));
#6358=CARTESIAN_POINT('Ctrl Pts',(-1.78439889079292,2.97807963026892E-15,
7.31249890701717));
#6359=CARTESIAN_POINT('Ctrl Pts',(-1.33829916809469,-0.772667384955716,
7.37083224035051));
#6360=CARTESIAN_POINT('Ctrl Pts',(-0.892199445396458,-1.54533476991144,
7.42916557368384));
#6361=CARTESIAN_POINT('Ctrl Pts',(-1.89248927958316E-16,-1.54533476991144,
7.48749890701717));
#6362=CARTESIAN_POINT('Ctrl Pts',(0.892199445396457,-1.54533476991144,7.54583224035051));
#6363=CARTESIAN_POINT('Ctrl Pts',(1.33829916809469,-0.772667384955717,7.60416557368384));
#6364=CARTESIAN_POINT('Ctrl Pts',(1.78439889079292,2.54102795226659E-15,
7.66249890701717));
#6365=CARTESIAN_POINT('Ctrl Pts',(1.33829916809469,0.772667384955721,7.72083224035051));
#6366=CARTESIAN_POINT('Ctrl Pts',(0.892199445396458,1.54533476991144,7.77916557368384));
#6367=CARTESIAN_POINT('Ctrl Pts',(0.,1.54533476991144,7.83749890701717));
#6368=CARTESIAN_POINT('Ctrl Pts',(-0.892199445396457,1.54533476991144,7.89583224035051));
#6369=CARTESIAN_POINT('Ctrl Pts',(-1.33829916809469,0.772667384955723,7.95416557368384));
#6370=CARTESIAN_POINT('Ctrl Pts',(-1.78439889079292,2.97807963026892E-15,
8.01249890701717));
#6371=CARTESIAN_POINT('Ctrl Pts',(-1.33829916809469,-0.772667384955716,
8.07083224035051));
#6372=CARTESIAN_POINT('Ctrl Pts',(-0.892199445396458,-1.54533476991144,
8.12916557368384));
#6373=CARTESIAN_POINT('Ctrl Pts',(-1.89248927958316E-16,-1.54533476991144,
8.18749890701717));
#6374=CARTESIAN_POINT('Ctrl Pts',(0.892199445396457,-1.54533476991144,8.2458322403505));
#6375=CARTESIAN_POINT('Ctrl Pts',(1.33829916809469,-0.772667384955717,8.30416557368384));
#6376=CARTESIAN_POINT('Ctrl Pts',(1.78439889079292,2.54102795226659E-15,
8.36249890701717));
#6377=CARTESIAN_POINT('Ctrl Pts',(1.33829916809469,0.772667384955721,8.4208322403505));
#6378=CARTESIAN_POINT('Ctrl Pts',(0.892199445396458,1.54533476991144,8.47916557368384));
#6379=CARTESIAN_POINT('Ctrl Pts',(0.,1.54533476991144,8.53749890701717));
#6380=CARTESIAN_POINT('Ctrl Pts',(-0.892199445396457,1.54533476991144,8.5958322403505));
#6381=CARTESIAN_POINT('Ctrl Pts',(-1.33829916809469,0.772667384955723,8.65416557368384));
#6382=CARTESIAN_POINT('Ctrl Pts',(-1.78439889079292,2.97807963026892E-15,
8.71249890701717));
#6383=CARTESIAN_POINT('Ctrl Pts',(-1.33829916809469,-0.772667384955716,
8.7708322403505));
#6384=CARTESIAN_POINT('Ctrl Pts',(-0.892199445396458,-1.54533476991144,
8.82916557368383));
#6385=CARTESIAN_POINT('Ctrl Pts',(-1.89248927958316E-16,-1.54533476991144,
8.88749890701717));
#6386=CARTESIAN_POINT('Ctrl Pts',(0.892199445396457,-1.54533476991144,8.9458322403505));
#6387=CARTESIAN_POINT('Ctrl Pts',(1.33829916809469,-0.772667384955717,9.00416557368384));
#6388=CARTESIAN_POINT('Ctrl Pts',(1.78439889079292,2.54102795226659E-15,
9.06249890701717));
#6389=CARTESIAN_POINT('Ctrl Pts',(1.33829916809469,0.772667384955721,9.1208322403505));
#6390=CARTESIAN_POINT('Ctrl Pts',(0.892199445396458,1.54533476991144,9.17916557368383));
#6391=CARTESIAN_POINT('Ctrl Pts',(0.,1.54533476991144,9.23749890701717));
#6392=CARTESIAN_POINT('Ctrl Pts',(-0.892199445396457,1.54533476991144,9.2958322403505));
#6393=CARTESIAN_POINT('Ctrl Pts',(-1.33829916809469,0.772667384955723,9.35416557368384));
#6394=CARTESIAN_POINT('Ctrl Pts',(-1.78439889079292,2.97807963026892E-15,
9.41249890701717));
#6395=CARTESIAN_POINT('Ctrl Pts',(-1.33829916809469,-0.772667384955716,
9.4708322403505));
#6396=CARTESIAN_POINT('Ctrl Pts',(-0.892199445396458,-1.54533476991144,
9.52916557368383));
#6397=CARTESIAN_POINT('Ctrl Pts',(-1.89248927958316E-16,-1.54533476991144,
9.58749890701717));
#6398=CARTESIAN_POINT('Ctrl Pts',(0.892199445396457,-1.54533476991144,9.6458322403505));
#6399=CARTESIAN_POINT('Ctrl Pts',(1.33829916809469,-0.772667384955717,9.70416557368384));
#6400=CARTESIAN_POINT('Ctrl Pts',(1.78439889079292,2.54102795226659E-15,
9.76249890701716));
#6401=CARTESIAN_POINT('Ctrl Pts',(1.33829916809469,0.772667384955721,9.8208322403505));
#6402=CARTESIAN_POINT('Ctrl Pts',(0.892199445396458,1.54533476991144,9.87916557368383));
#6403=CARTESIAN_POINT('Ctrl Pts',(0.,1.54533476991144,9.93749890701717));
#6404=CARTESIAN_POINT('Ctrl Pts',(-0.892199445396457,1.54533476991144,9.9958322403505));
#6405=CARTESIAN_POINT('Ctrl Pts',(-1.33829916809469,0.772667384955723,10.0541655736838));
#6406=CARTESIAN_POINT('Ctrl Pts',(-1.78439889079292,2.97807963026892E-15,
10.1124989070172));
#6407=CARTESIAN_POINT('Ctrl Pts',(-1.33829916809469,-0.772667384955716,
10.1708322403505));
#6408=CARTESIAN_POINT('Ctrl Pts',(-0.892199445396458,-1.54533476991144,
10.2291655736838));
#6409=CARTESIAN_POINT('Ctrl Pts',(-1.89248927958316E-16,-1.54533476991144,
10.2874989070172));
#6410=CARTESIAN_POINT('Ctrl Pts',(0.892199445396457,-1.54533476991144,10.3458322403505));
#6411=CARTESIAN_POINT('Ctrl Pts',(1.33829916809469,-0.772667384955717,10.4041655736838));
#6412=CARTESIAN_POINT('Ctrl Pts',(1.78439889079292,2.54102795226659E-15,
10.4624989070172));
#6413=CARTESIAN_POINT('Ctrl Pts',(1.33829916809469,0.772667384955721,10.5208322403505));
#6414=CARTESIAN_POINT('Ctrl Pts',(0.892199445396458,1.54533476991144,10.5791655736838));
#6415=CARTESIAN_POINT('Ctrl Pts',(0.,1.54533476991144,10.6374989070172));
#6416=CARTESIAN_POINT('Origin',(0.,9.79717439317883E-16,-8.));
#6417=UNCERTAINTY_MEASURE_WITH_UNIT(LENGTH_MEASURE(0.01),#6421,
'DISTANCE_ACCURACY_VALUE',
'Maximum model space distance between geometric entities at asserted c
onnectivities');
#6418=UNCERTAINTY_MEASURE_WITH_UNIT(LENGTH_MEASURE(0.01),#6421,
'DISTANCE_ACCURACY_VALUE',
'Maximum model space distance between geometric entities at asserted c
onnectivities');
#6419=(
GEOMETRIC_REPRESENTATION_CONTEXT(3)
GLOBAL_UNCERTAINTY_ASSIGNED_CONTEXT((#6417))
GLOBAL_UNIT_ASSIGNED_CONTEXT((#6421,#6423,#6424))
REPRESENTATION_CONTEXT('','3D')
);
#6420=(
GEOMETRIC_REPRESENTATION_CONTEXT(3)
GLOBAL_UNCERTAINTY_ASSIGNED_CONTEXT((#6418))
GLOBAL_UNIT_ASSIGNED_CONTEXT((#6421,#6423,#6424))
REPRESENTATION_CONTEXT('','3D')
);
#6421=(
LENGTH_UNIT()
NAMED_UNIT(*)
SI_UNIT(.MILLI.,.METRE.)
);
#6422=(
LENGTH_UNIT()
NAMED_UNIT(*)
SI_UNIT($,.METRE.)
);
#6423=(
NAMED_UNIT(*)
PLANE_ANGLE_UNIT()
SI_UNIT($,.RADIAN.)
);
#6424=(
NAMED_UNIT(*)
SI_UNIT($,.STERADIAN.)
SOLID_ANGLE_UNIT()
);
#6425=SHAPE_DEFINITION_REPRESENTATION(#6426,#6427);
#6426=PRODUCT_DEFINITION_SHAPE('',$,#6429);
#6427=SHAPE_REPRESENTATION('',(#1200),#6419);
#6428=PRODUCT_DEFINITION_CONTEXT('part definition',#6433,'design');
#6429=PRODUCT_DEFINITION('92095A194_Button Head Hex Drive Screw',
'[M4 x 16mm] Button Head Screw v3',#6430,#6428);
#6430=PRODUCT_DEFINITION_FORMATION('',$,#6435);
#6431=PRODUCT_RELATED_PRODUCT_CATEGORY(
'[M4 x 16mm] Button Head Screw v3','[M4 x 16mm] Button Head Screw v3',(#6435));
#6432=APPLICATION_PROTOCOL_DEFINITION('international standard',
'automotive_design',2009,#6433);
#6433=APPLICATION_CONTEXT(
'Core Data for Automotive Mechanical Design Process');
#6434=PRODUCT_CONTEXT('part definition',#6433,'mechanical');
#6435=PRODUCT('92095A194_Button Head Hex Drive Screw',
'[M4 x 16mm] Button Head Screw v3','STEP AP203',(#6434));
#6436=PRESENTATION_STYLE_ASSIGNMENT((#6437));
#6437=SURFACE_STYLE_USAGE(.BOTH.,#6438);
#6438=SURFACE_SIDE_STYLE('',(#6439));
#6439=SURFACE_STYLE_FILL_AREA(#6440);
#6440=FILL_AREA_STYLE('Steel - Satin',(#6441));
#6441=FILL_AREA_STYLE_COLOUR('Steel - Satin',#6442);
#6442=COLOUR_RGB('Steel - Satin',0.627450980392157,0.627450980392157,0.627450980392157);
ENDSEC;
END-ISO-10303-21;
