ISO-10303-21;
HEADER;
/* Generated by software containing ST-Developer
 * from STEP Tools, Inc. (www.steptools.com) 
 */

FILE_DESCRIPTION(
/* description */ (''),
/* implementation_level */ '2;1');

FILE_NAME(
/* name */ 'LGR Coupler Bracket (Defensemen).step',
/* time_stamp */ '2026-03-25T02:12:08-04:00',
/* author */ (''),
/* organization */ (''),
/* preprocessor_version */ 'ST-DEVELOPER v20.1',
/* originating_system */ 'Autodesk Translation Framework v14.24.0.0',
/* authorisation */ '');

FILE_SCHEMA (('AUTOMOTIVE_DESIGN { 1 0 10303 214 3 1 1 }'));
ENDSEC;

DATA;
#10=MECHANICAL_DESIGN_GEOMETRIC_PRESENTATION_REPRESENTATION('',(#13),#7452);
#11=SHAPE_REPRESENTATION_RELATIONSHIP('SRR','None',#7459,#12);
#12=ADVANCED_BREP_SHAPE_REPRESENTATION('',(#14),#7451);
#13=STYLED_ITEM('',(#7469),#14);
#14=MANIFOLD_SOLID_BREP('Body1',#3645);
#15=ELLIPSE('',#3773,1.50202873673171,1.5);
#16=ELLIPSE('',#3776,1.00135249115447,1.);
#17=ELLIPSE('',#3789,1.00135249115447,1.);
#18=ELLIPSE('',#3792,1.50202873673171,1.5);
#19=ELLIPSE('',#3794,39.0814502945578,2.);
#20=ELLIPSE('',#3795,39.0814502945578,2.);
#21=ELLIPSE('',#3797,11.5589561576996,2.);
#22=ELLIPSE('',#3798,2.03062743310939,2.);
#23=ELLIPSE('',#3799,2.03062743310939,2.);
#24=ELLIPSE('',#3800,11.5589561576996,2.);
#25=ELLIPSE('',#3803,39.0814502945578,2.);
#26=ELLIPSE('',#3804,39.0814502945578,2.);
#27=ELLIPSE('',#3806,2.00270498230895,2.);
#28=ELLIPSE('',#3807,2.00270498230895,2.);
#29=ELLIPSE('',#3810,11.5589561576996,2.);
#30=ELLIPSE('',#3836,11.5589561576996,2.);
#31=ELLIPSE('',#3839,2.00270498230895,2.);
#32=ELLIPSE('',#3840,2.00270498230895,2.);
#33=ELLIPSE('',#3843,2.03062743310939,2.);
#34=ELLIPSE('',#3844,2.03062743310939,2.);
#35=ELLIPSE('',#3847,2.05413045880946,2.);
#36=ELLIPSE('',#3848,4.02733807145722,4.);
#37=ELLIPSE('',#3852,3.51099434181564,3.49999999999999);
#38=ELLIPSE('',#3853,1.52547739028197,1.49999999999999);
#39=ELLIPSE('',#3855,4.47213595499957,2.);
#40=ELLIPSE('',#3857,4.01256496207503,4.);
#41=ELLIPSE('',#3859,4.47213595499958,2.);
#42=ELLIPSE('',#3860,2.06786141702708,2.);
#43=ELLIPSE('',#3868,2.05413045880946,2.);
#44=ELLIPSE('',#3869,4.02733807145722,4.);
#45=ELLIPSE('',#3870,3.51099434181564,3.49999999999999);
#46=ELLIPSE('',#3871,1.52547739028197,1.49999999999999);
#47=ELLIPSE('',#3874,1.50202873673171,1.49999999999999);
#48=ELLIPSE('',#3877,2.06786141702708,2.);
#49=ELLIPSE('',#3878,4.47213595499958,2.);
#50=ELLIPSE('',#3880,4.01256496207503,4.);
#51=ELLIPSE('',#3884,1.50202873673171,1.49999999999999);
#52=ELLIPSE('',#3887,1.00135249115447,1.);
#53=ELLIPSE('',#3889,1.00135249115447,1.);
#54=ELLIPSE('',#3893,2.00270498230895,2.);
#55=ELLIPSE('',#3894,2.00270498230895,2.);
#56=ELLIPSE('',#3897,2.00270498230895,2.);
#57=ELLIPSE('',#3898,2.00270498230895,2.);
#58=ELLIPSE('',#3913,4.47213595499958,2.);
#59=ELLIPSE('',#3950,4.47213595499958,2.);
#60=ELLIPSE('',#3953,4.03435878920421,4.);
#61=ELLIPSE('',#3957,2.02501298140831,2.);
#62=ELLIPSE('',#3958,4.47213595499958,2.);
#63=ELLIPSE('',#3964,4.47213595499958,2.);
#64=ELLIPSE('',#3966,4.47213595499958,2.);
#65=ELLIPSE('',#3968,2.0078432039452,2.);
#66=ELLIPSE('',#3969,4.00392736343068,4.);
#67=ELLIPSE('',#3973,4.01256496207503,4.);
#68=ELLIPSE('',#3974,2.02501298140831,2.);
#69=ELLIPSE('',#3975,4.47213595499958,2.);
#70=ELLIPSE('',#3976,4.47213595499958,2.);
#71=ELLIPSE('',#3983,4.47213595499958,1.99999999999999);
#72=ELLIPSE('',#3985,4.47213595499958,2.);
#73=ELLIPSE('',#3987,4.01256496207503,4.);
#74=ELLIPSE('',#3988,2.02501298140831,2.);
#75=ELLIPSE('',#3992,2.0078432039452,2.);
#76=ELLIPSE('',#3993,4.00392736343068,4.);
#77=ELLIPSE('',#3994,4.47213595499958,2.);
#78=ELLIPSE('',#3995,4.47213595499958,2.);
#79=ELLIPSE('',#4001,4.47213595499958,2.);
#80=ELLIPSE('',#4004,2.02501298140831,2.);
#81=ELLIPSE('',#4008,4.03435878920421,4.);
#82=ELLIPSE('',#4009,4.47213595499958,2.);
#83=TOROIDAL_SURFACE('',#3759,3.5,1.5);
#84=TOROIDAL_SURFACE('',#3765,3.5,1.5);
#85=TOROIDAL_SURFACE('',#3778,3.5,1.5);
#86=TOROIDAL_SURFACE('',#3784,3.5,1.5);
#87=B_SPLINE_CURVE_WITH_KNOTS('',3,(#5467,#5468,#5469,#5470,#5471,#5472,
#5473,#5474),.UNSPECIFIED.,.F.,.F.,(4,1,1,2,4),(-0.520396640787111,-0.416317312629689,
-0.312237984472267,0.,0.00104244824752144),.UNSPECIFIED.);
#88=B_SPLINE_CURVE_WITH_KNOTS('',3,(#5475,#5476,#5477,#5478,#5479,#5480,
#5481,#5482),.UNSPECIFIED.,.F.,.F.,(4,2,1,1,4),(-0.00104244824752144,0.,
0.312237984472267,0.416317312629689,0.520396640787111),.UNSPECIFIED.);
#89=B_SPLINE_CURVE_WITH_KNOTS('',3,(#5538,#5539,#5540,#5541,#5542,#5543,
#5544,#5545,#5546,#5547,#5548,#5549,#5550,#5551,#5552,#5553,#5554,#5555,
#5556),.UNSPECIFIED.,.F.,.F.,(4,3,3,3,3,3,4),(0.,0.00734096469215631,0.0150613236634904,
0.0188847586471397,0.0218461857518536,0.0305569280610222,0.0404250312532607),
 .UNSPECIFIED.);
#90=B_SPLINE_CURVE_WITH_KNOTS('',3,(#5557,#5558,#5559,#5560,#5561,#5562,
#5563),.UNSPECIFIED.,.F.,.F.,(4,1,1,1,4),(-0.502418061583923,-0.294611317702947,
-0.147305658851474,-0.0736528294257368,0.),.UNSPECIFIED.);
#91=B_SPLINE_CURVE_WITH_KNOTS('',3,(#5564,#5565,#5566,#5567,#5568,#5569,
#5570),.UNSPECIFIED.,.F.,.F.,(4,1,1,1,4),(0.,0.0736528294257368,0.147305658851474,
0.294611317702947,0.515569805980158),.UNSPECIFIED.);
#92=B_SPLINE_CURVE_WITH_KNOTS('',3,(#5573,#5574,#5575,#5576),
 .UNSPECIFIED.,.F.,.F.,(4,4),(0.268053197117323,0.295551983951705),
 .UNSPECIFIED.);
#93=B_SPLINE_CURVE_WITH_KNOTS('',3,(#5584,#5585,#5586,#5587),
 .UNSPECIFIED.,.F.,.F.,(4,4),(0.606200713059768,0.662206383886949),
 .UNSPECIFIED.);
#94=B_SPLINE_CURVE_WITH_KNOTS('',3,(#5644,#5645,#5646,#5647,#5648,#5649,
#5650,#5651,#5652,#5653,#5654,#5655,#5656,#5657,#5658,#5659,#5660,#5661,
#5662,#5663,#5664,#5665),.UNSPECIFIED.,.F.,.F.,(4,3,3,3,3,3,3,4),(0.,0.00928790273702584,
0.0179895861628087,0.0185758054740517,0.0215173075175183,0.0292931767918951,
0.0366499905773112,0.0404185753071072),.UNSPECIFIED.);
#95=B_SPLINE_CURVE_WITH_KNOTS('',3,(#5667,#5668,#5669,#5670,#5671,#5672,
#5673,#5674),.UNSPECIFIED.,.F.,.F.,(4,1,1,1,1,4),(0.0766405039165336,0.223946162768008,
0.371251821619483,0.518557480470957,0.555383895183826,0.592210309896694),
 .UNSPECIFIED.);
#96=B_SPLINE_CURVE_WITH_KNOTS('',3,(#5677,#5678,#5679,#5680,#5681,#5682,
#5683,#5684),.UNSPECIFIED.,.F.,.F.,(4,1,1,1,1,4),(-0.592210309896694,-0.555383895183826,
-0.518557480470957,-0.371251821619483,-0.223946162768008,-0.0897944160237128),
 .UNSPECIFIED.);
#97=B_SPLINE_CURVE_WITH_KNOTS('',3,(#5764,#5765,#5766,#5767,#5768,#5769,
#5770,#5771,#5772,#5773,#5774,#5775),.UNSPECIFIED.,.F.,.F.,(4,1,1,1,1,1,
1,2,4),(4.71978832279576E-16,0.104079328157435,0.156118992236152,0.208158656314869,
0.260198320393586,0.312237984472303,0.416317312629737,0.520396640787171,
0.521439089034632),.UNSPECIFIED.);
#98=B_SPLINE_CURVE_WITH_KNOTS('',3,(#5776,#5777,#5778,#5779,#5780,#5781,
#5782,#5783,#5784,#5785,#5786,#5787),.UNSPECIFIED.,.F.,.F.,(4,2,1,1,1,1,
1,1,4),(-0.521439089034632,-0.520396640787171,-0.416317312629737,-0.312237984472303,
-0.260198320393586,-0.208158656314869,-0.156118992236152,-0.104079328157435,
-4.71978832279576E-16),.UNSPECIFIED.);
#99=B_SPLINE_CURVE_WITH_KNOTS('',3,(#5800,#5801,#5802,#5803),
 .UNSPECIFIED.,.F.,.F.,(4,4),(0.75555944916148,0.78305823599586),
 .UNSPECIFIED.);
#100=B_SPLINE_CURVE_WITH_KNOTS('',3,(#5810,#5811,#5812,#5813,#5814,#5815,
#5816,#5817,#5818,#5819,#5820,#5821),.UNSPECIFIED.,.F.,.F.,(4,2,2,2,2,4),
(1.4863375063185,1.50250154954267,1.5738020601967,1.65617137099097,1.73854068178525,
1.78613534546753),.UNSPECIFIED.);
#101=B_SPLINE_CURVE_WITH_KNOTS('',3,(#5825,#5826,#5827,#5828,#5829,#5830,
#5831,#5832,#5833,#5834,#5835,#5836,#5837,#5838,#5839,#5840,#5841,#5842),
 .UNSPECIFIED.,.F.,.F.,(4,2,2,2,2,2,2,2,4),(4.87075748521235,4.89325330878407,
4.93402146868938,4.97478962859469,5.0471580568779,5.09328268183205,5.10721124239152,
5.11910331792557,5.16521849387483),.UNSPECIFIED.);
#102=B_SPLINE_CURVE_WITH_KNOTS('',3,(#5873,#5874,#5875,#5876,#5877,#5878,
#5879,#5880,#5881,#5882,#5883,#5884,#5885,#5886,#5887,#5888,#5889,#5890),
 .UNSPECIFIED.,.F.,.F.,(4,2,2,2,2,2,2,2,4),(-0.393322849982044,-0.347207674032793,
-0.335315598498733,-0.321387037939264,-0.275262412985114,-0.202893984701909,
-0.162125824796599,-0.121357664891288,-0.0988618413195706),
 .UNSPECIFIED.);
#103=B_SPLINE_CURVE_WITH_KNOTS('',3,(#5893,#5894,#5895,#5896,#5897,#5898,
#5899,#5900,#5901,#5902,#5903,#5904),.UNSPECIFIED.,.F.,.F.,(4,2,2,2,2,4),
(1.73488308973678,1.78247775341906,1.86484706421334,1.94721637500761,2.01851688566164,
2.03468092888581),.UNSPECIFIED.);
#104=B_SPLINE_CURVE_WITH_KNOTS('',3,(#6071,#6072,#6073,#6074),
 .UNSPECIFIED.,.F.,.F.,(4,4),(0.0164324356403086,0.0226901189387231),
 .UNSPECIFIED.);
#105=B_SPLINE_CURVE_WITH_KNOTS('',3,(#6076,#6077,#6078,#6079,#6080,#6081,
#6082),.UNSPECIFIED.,.F.,.F.,(4,1,1,1,4),(0.0206661386541675,0.260050694370323,
0.419640398181094,0.499435250086479,0.579230101991864),.UNSPECIFIED.);
#106=B_SPLINE_CURVE_WITH_KNOTS('',3,(#6086,#6087,#6088,#6089,#6090,#6091,
#6092),.UNSPECIFIED.,.F.,.F.,(4,1,1,1,4),(-0.579230101991864,-0.499435250086479,
-0.419640398181094,-0.260050694370323,-0.0425814497528989),
 .UNSPECIFIED.);
#107=B_SPLINE_CURVE_WITH_KNOTS('',3,(#6093,#6094,#6095,#6096,#6097,#6098),
 .UNSPECIFIED.,.F.,.F.,(4,2,4),(0.,0.0158219209043636,0.0175737328051635),
 .UNSPECIFIED.);
#108=B_SPLINE_CURVE_WITH_KNOTS('',3,(#6167,#6168,#6169,#6170,#6171,#6172),
 .UNSPECIFIED.,.F.,.F.,(4,2,4),(0.,0.0354387179430565,0.106197137720719),
 .UNSPECIFIED.);
#109=B_SPLINE_CURVE_WITH_KNOTS('',3,(#6174,#6175,#6176,#6177,#6178,#6179,
#6180),.UNSPECIFIED.,.F.,.F.,(4,1,1,1,4),(-0.52964479487918,-0.369699462882892,
-0.19605243684675,-0.109228923828679,-0.0224054108106081),.UNSPECIFIED.);
#110=B_SPLINE_CURVE_WITH_KNOTS('',3,(#6183,#6184,#6185,#6186,#6187,#6188,
#6189),.UNSPECIFIED.,.F.,.F.,(4,1,1,1,4),(0.0224054108106081,0.109228923828679,
0.19605243684675,0.369699462882892,0.630170001937105),.UNSPECIFIED.);
#111=B_SPLINE_CURVE_WITH_KNOTS('',3,(#6238,#6239,#6240,#6241,#6242,#6243,
#6244,#6245,#6246,#6247),.UNSPECIFIED.,.F.,.F.,(4,3,3,4),(-0.0752357155273362,
-0.0653053755011423,-0.05550301642425,-0.0497822453606832),
 .UNSPECIFIED.);
#112=B_SPLINE_CURVE_WITH_KNOTS('',3,(#6285,#6286,#6287,#6288,#6289,#6290),
 .UNSPECIFIED.,.F.,.F.,(4,2,4),(0.,0.0681486966650578,0.106173781590976),
 .UNSPECIFIED.);
#113=B_SPLINE_CURVE_WITH_KNOTS('',3,(#6292,#6293,#6294,#6295,#6296,#6297,
#6298),.UNSPECIFIED.,.F.,.F.,(4,1,1,1,4),(0.0979165977516901,0.358387136805898,
0.532034162842037,0.618857675860106,0.705681188878175),.UNSPECIFIED.);
#114=B_SPLINE_CURVE_WITH_KNOTS('',3,(#6301,#6302,#6303,#6304,#6305,#6306,
#6307),.UNSPECIFIED.,.F.,.F.,(4,1,1,1,4),(-0.705681188878175,-0.618857675860106,
-0.532034162842037,-0.358387136805898,-0.198441804809618),.UNSPECIFIED.);
#115=B_SPLINE_CURVE_WITH_KNOTS('',3,(#6384,#6385,#6386,#6387,#6388,#6389),
 .UNSPECIFIED.,.F.,.F.,(4,2,4),(0.00622785831301374,0.00793253462725587,
0.0238015878940839),.UNSPECIFIED.);
#116=B_SPLINE_CURVE_WITH_KNOTS('',3,(#6390,#6391,#6392,#6393,#6394,#6395,
#6396,#6397),.UNSPECIFIED.,.F.,.F.,(4,1,1,1,1,4),(-0.536640684139446,-0.398974259526926,
-0.239384555716156,-0.15958970381077,-0.0398974259526926,0.),
 .UNSPECIFIED.);
#117=B_SPLINE_CURVE_WITH_KNOTS('',3,(#6399,#6400,#6401,#6402,#6403,#6404,
#6405,#6406),.UNSPECIFIED.,.F.,.F.,(4,1,1,1,1,4),(0.,0.0398974259526926,
0.15958970381077,0.239384555716156,0.398974259526926,0.558563963337697),
 .UNSPECIFIED.);
#118=B_SPLINE_CURVE_WITH_KNOTS('',3,(#6407,#6408,#6409,#6410),
 .UNSPECIFIED.,.F.,.F.,(4,4),(0.,0.00625788888351071),.UNSPECIFIED.);
#119=B_SPLINE_CURVE_WITH_KNOTS('',3,(#6444,#6445,#6446,#6447,#6448,#6449,
#6450,#6451,#6452,#6453),.UNSPECIFIED.,.F.,.F.,(4,3,3,4),(-0.02543594083263,
-0.0156654176352141,-0.00575014883481459,0.),.UNSPECIFIED.);
#120=B_SPLINE_CURVE_WITH_KNOTS('',3,(#6481,#6482,#6483,#6484),
 .UNSPECIFIED.,.F.,.F.,(4,4),(0.155054478771106,0.159761337429497),
 .UNSPECIFIED.);
#121=B_SPLINE_CURVE_WITH_KNOTS('',3,(#6495,#6496,#6497,#6498),
 .UNSPECIFIED.,.F.,.F.,(4,4),(0.455959078420253,0.460665937078646),
 .UNSPECIFIED.);
#122=B_SPLINE_CURVE_WITH_KNOTS('',3,(#6526,#6527,#6528,#6529),
 .UNSPECIFIED.,.F.,.F.,(4,4),(0.3177603439983,0.373766014825481),
 .UNSPECIFIED.);
#123=B_SPLINE_CURVE_WITH_KNOTS('',3,(#6570,#6571,#6572,#6573,#6574,#6575),
 .UNSPECIFIED.,.F.,.F.,(4,2,4),(0.,0.0164795863877085,0.024741060032694),
 .UNSPECIFIED.);
#124=B_SPLINE_CURVE_WITH_KNOTS('',3,(#6695,#6696,#6697,#6698,#6699,#6700),
 .UNSPECIFIED.,.F.,.F.,(4,2,4),(0.023164548099519,0.0603900817260308,0.112465398557145),
 .UNSPECIFIED.);
#125=B_SPLINE_CURVE_WITH_KNOTS('',3,(#6800,#6801,#6802,#6803,#6804,#6805),
 .UNSPECIFIED.,.F.,.F.,(4,2,4),(0.,0.00824842058414224,0.0247411067979256),
 .UNSPECIFIED.);
#126=B_SPLINE_CURVE_WITH_KNOTS('',3,(#6815,#6816,#6817,#6818),
 .UNSPECIFIED.,.F.,.F.,(4,4),(0.848512026400293,0.877035716004541),
 .UNSPECIFIED.);
#127=B_SPLINE_CURVE_WITH_KNOTS('',3,(#6861,#6862,#6863,#6864,#6865,#6866),
 .UNSPECIFIED.,.F.,.F.,(4,2,4),(0.,0.0164792755621848,0.0247410602448479),
 .UNSPECIFIED.);
#128=B_SPLINE_CURVE_WITH_KNOTS('',3,(#6960,#6961,#6962,#6963,#6964,#6965,
#6966,#6967),.UNSPECIFIED.,.F.,.F.,(4,2,2,4),(0.,0.0711601324595598,0.120522868780837,
0.167560618532649),.UNSPECIFIED.);
#129=B_SPLINE_CURVE_WITH_KNOTS('',3,(#6971,#6972,#6973,#6974,#6975,#6976),
 .UNSPECIFIED.,.F.,.F.,(4,2,4),(0.340875344672586,0.44370903370414,0.489048876301165),
 .UNSPECIFIED.);
#130=B_SPLINE_CURVE_WITH_KNOTS('',3,(#6980,#6981,#6982,#6983,#6984,#6985),
 .UNSPECIFIED.,.F.,.F.,(4,2,4),(0.906001223116389,0.957956702812019,1.05373822432117),
 .UNSPECIFIED.);
#131=B_SPLINE_CURVE_WITH_KNOTS('',3,(#6987,#6988,#6989,#6990,#6991,#6992,
#6993,#6994),.UNSPECIFIED.,.F.,.F.,(4,2,2,4),(0.,0.0707952051407887,0.120422867397291,
0.167562489497095),.UNSPECIFIED.);
#132=B_SPLINE_CURVE_WITH_KNOTS('',3,(#6996,#6997,#6998,#6999,#7000,#7001),
 .UNSPECIFIED.,.F.,.F.,(4,2,4),(0.342686137739192,0.446785166506831,0.493091085200884),
 .UNSPECIFIED.);
#133=B_SPLINE_CURVE_WITH_KNOTS('',3,(#7004,#7005,#7006,#7007,#7008,#7009),
 .UNSPECIFIED.,.F.,.F.,(4,2,4),(0.910056814600418,0.956362733294471,1.06046176206211),
 .UNSPECIFIED.);
#134=B_SPLINE_CURVE_WITH_KNOTS('',3,(#7149,#7150,#7151,#7152,#7153,#7154),
 .UNSPECIFIED.,.F.,.F.,(4,2,4),(0.,0.00824800678244921,0.0247411065175313),
 .UNSPECIFIED.);
#135=B_SPLINE_CURVE_WITH_KNOTS('',3,(#7303,#7304,#7305,#7306,#7307,#7308),
 .UNSPECIFIED.,.F.,.F.,(4,2,4),(0.,0.0408991100118136,0.0962354384028961),
 .UNSPECIFIED.);
#136=B_SPLINE_CURVE_WITH_KNOTS('',3,(#7310,#7311,#7312,#7313),
 .UNSPECIFIED.,.F.,.F.,(4,4),(1.41614758121489,1.44467075596381),
 .UNSPECIFIED.);
#137=B_SPLINE_CURVE_WITH_KNOTS('',3,(#7323,#7324,#7325,#7326,#7327,#7328),
 .UNSPECIFIED.,.F.,.F.,(4,2,4),(0.282827822624131,0.300614524856666,0.338487238845818),
 .UNSPECIFIED.);
#138=B_SPLINE_CURVE_WITH_KNOTS('',3,(#7333,#7334,#7335,#7336,#7337,#7338),
 .UNSPECIFIED.,.F.,.F.,(4,2,4),(0.338487238845819,0.376359952834971,0.39414665506755),
 .UNSPECIFIED.);
#139=B_SPLINE_SURFACE_WITH_KNOTS('',3,3,((#5423,#5424,#5425,#5426,#5427,
#5428,#5429,#5430),(#5431,#5432,#5433,#5434,#5435,#5436,#5437,#5438),(#5439,
#5440,#5441,#5442,#5443,#5444,#5445,#5446),(#5447,#5448,#5449,#5450,#5451,
#5452,#5453,#5454),(#5455,#5456,#5457,#5458,#5459,#5460,#5461,#5462)),
 .UNSPECIFIED.,.F.,.F.,.F.,(4,1,4),(4,2,1,1,4),(0.,0.571428571428571,1.),
(-0.00104244824752144,0.,0.312237984472267,0.416317312629689,0.520396640787111),
 .UNSPECIFIED.);
#140=B_SPLINE_SURFACE_WITH_KNOTS('',3,3,((#5501,#5502,#5503,#5504,#5505,
#5506,#5507),(#5508,#5509,#5510,#5511,#5512,#5513,#5514),(#5515,#5516,#5517,
#5518,#5519,#5520,#5521),(#5522,#5523,#5524,#5525,#5526,#5527,#5528),(#5529,
#5530,#5531,#5532,#5533,#5534,#5535)),.UNSPECIFIED.,.F.,.F.,.F.,(4,1,4),
(4,1,1,1,4),(0.,0.571428571428571,1.),(0.,0.0736528294257368,0.147305658851474,
0.294611317702947,0.515569805980158),.UNSPECIFIED.);
#141=B_SPLINE_SURFACE_WITH_KNOTS('',3,3,((#5602,#5603,#5604,#5605,#5606,
#5607,#5608,#5609),(#5610,#5611,#5612,#5613,#5614,#5615,#5616,#5617),(#5618,
#5619,#5620,#5621,#5622,#5623,#5624,#5625),(#5626,#5627,#5628,#5629,#5630,
#5631,#5632,#5633),(#5634,#5635,#5636,#5637,#5638,#5639,#5640,#5641)),
 .UNSPECIFIED.,.F.,.F.,.F.,(4,1,4),(4,1,1,1,1,4),(0.,0.571428571428571,
1.),(0.0766405039165336,0.223946162768008,0.371251821619483,0.518557480470957,
0.555383895183826,0.592210309896694),.UNSPECIFIED.);
#142=B_SPLINE_SURFACE_WITH_KNOTS('',3,3,((#5703,#5704,#5705,#5706,#5707,
#5708,#5709,#5710,#5711,#5712,#5713,#5714),(#5715,#5716,#5717,#5718,#5719,
#5720,#5721,#5722,#5723,#5724,#5725,#5726),(#5727,#5728,#5729,#5730,#5731,
#5732,#5733,#5734,#5735,#5736,#5737,#5738),(#5739,#5740,#5741,#5742,#5743,
#5744,#5745,#5746,#5747,#5748,#5749,#5750),(#5751,#5752,#5753,#5754,#5755,
#5756,#5757,#5758,#5759,#5760,#5761,#5762)),.UNSPECIFIED.,.F.,.F.,.F.,(4,
1,4),(4,1,1,1,1,1,1,2,4),(0.,0.571428571428571,1.),(4.71978832279576E-16,
0.104079328157435,0.156118992236152,0.208158656314869,0.260198320393586,
0.312237984472303,0.416317312629737,0.520396640787171,0.521439089034632),
 .UNSPECIFIED.);
#143=B_SPLINE_SURFACE_WITH_KNOTS('',3,3,((#6034,#6035,#6036,#6037,#6038,
#6039,#6040),(#6041,#6042,#6043,#6044,#6045,#6046,#6047),(#6048,#6049,#6050,
#6051,#6052,#6053,#6054),(#6055,#6056,#6057,#6058,#6059,#6060,#6061),(#6062,
#6063,#6064,#6065,#6066,#6067,#6068)),.UNSPECIFIED.,.F.,.F.,.F.,(4,1,4),
(4,1,1,1,4),(0.,0.571428571428571,1.),(0.0206661386541675,0.260050694370323,
0.419640398181094,0.499435250086479,0.579230101991864),.UNSPECIFIED.);
#144=B_SPLINE_SURFACE_WITH_KNOTS('',3,3,((#6099,#6100,#6101,#6102),(#6103,
#6104,#6105,#6106),(#6107,#6108,#6109,#6110),(#6111,#6112,#6113,#6114),
(#6115,#6116,#6117,#6118)),.UNSPECIFIED.,.F.,.F.,.F.,(4,1,4),(4,4),(0.,
0.571428571428571,1.),(1.22681331046941,1.64995489769509),.UNSPECIFIED.);
#145=B_SPLINE_SURFACE_WITH_KNOTS('',3,3,((#6130,#6131,#6132,#6133,#6134,
#6135,#6136),(#6137,#6138,#6139,#6140,#6141,#6142,#6143),(#6144,#6145,#6146,
#6147,#6148,#6149,#6150),(#6151,#6152,#6153,#6154,#6155,#6156,#6157),(#6158,
#6159,#6160,#6161,#6162,#6163,#6164)),.UNSPECIFIED.,.F.,.F.,.F.,(4,1,4),
(4,1,1,1,4),(0.,0.571428571428571,1.),(0.0224054108106081,0.109228923828679,
0.19605243684675,0.369699462882892,0.630170001937105),.UNSPECIFIED.);
#146=B_SPLINE_SURFACE_WITH_KNOTS('',3,3,((#6190,#6191,#6192,#6193),(#6194,
#6195,#6196,#6197),(#6198,#6199,#6200,#6201),(#6202,#6203,#6204,#6205),
(#6206,#6207,#6208,#6209)),.UNSPECIFIED.,.F.,.F.,.F.,(4,1,4),(4,4),(0.,
0.571428571428571,1.),(1.454213154669,1.51828754690701),.UNSPECIFIED.);
#147=B_SPLINE_SURFACE_WITH_KNOTS('',3,3,((#6248,#6249,#6250,#6251,#6252,
#6253,#6254),(#6255,#6256,#6257,#6258,#6259,#6260,#6261),(#6262,#6263,#6264,
#6265,#6266,#6267,#6268),(#6269,#6270,#6271,#6272,#6273,#6274,#6275),(#6276,
#6277,#6278,#6279,#6280,#6281,#6282)),.UNSPECIFIED.,.F.,.F.,.F.,(4,1,4),
(4,1,1,1,4),(0.,0.571428571428571,1.),(0.0979165977516901,0.358387136805898,
0.532034162842037,0.618857675860106,0.705681188878175),.UNSPECIFIED.);
#148=B_SPLINE_SURFACE_WITH_KNOTS('',3,3,((#6317,#6318,#6319,#6320),(#6321,
#6322,#6323,#6324),(#6325,#6326,#6327,#6328),(#6329,#6330,#6331,#6332),
(#6333,#6334,#6335,#6336)),.UNSPECIFIED.,.F.,.F.,.F.,(4,1,4),(4,4),(0.,
0.571428571428571,1.),(-1.64995489769509,-1.22681331046941),
 .UNSPECIFIED.);
#149=B_SPLINE_SURFACE_WITH_KNOTS('',3,3,((#6342,#6343,#6344,#6345,#6346,
#6347,#6348,#6349),(#6350,#6351,#6352,#6353,#6354,#6355,#6356,#6357),(#6358,
#6359,#6360,#6361,#6362,#6363,#6364,#6365),(#6366,#6367,#6368,#6369,#6370,
#6371,#6372,#6373),(#6374,#6375,#6376,#6377,#6378,#6379,#6380,#6381)),
 .UNSPECIFIED.,.F.,.F.,.F.,(4,1,4),(4,1,1,1,1,4),(0.,0.571428571428571,
1.),(0.,0.0398974259526926,0.15958970381077,0.239384555716156,0.398974259526926,
0.558563963337697),.UNSPECIFIED.);
#150=B_SPLINE_SURFACE_WITH_KNOTS('',3,3,((#6411,#6412,#6413,#6414),(#6415,
#6416,#6417,#6418),(#6419,#6420,#6421,#6422),(#6423,#6424,#6425,#6426),
(#6427,#6428,#6429,#6430)),.UNSPECIFIED.,.F.,.F.,.F.,(4,1,4),(4,4),(0.,
0.571428571428571,1.),(-1.51828754690704,-1.454213154669),.UNSPECIFIED.);
#151=B_SPLINE_SURFACE_WITH_KNOTS('',3,3,((#6659,#6660,#6661,#6662,#6663,
#6664,#6665),(#6666,#6667,#6668,#6669,#6670,#6671,#6672),(#6673,#6674,#6675,
#6676,#6677,#6678,#6679),(#6680,#6681,#6682,#6683,#6684,#6685,#6686),(#6687,
#6688,#6689,#6690,#6691,#6692,#6693)),.UNSPECIFIED.,.F.,.F.,.F.,(4,1,4),
(4,1,1,1,4),(0.,0.571428571428571,1.),(-1.4330353478463,-1.06091201040171,
-0.688788672957112,-0.502727004234815,-0.130603666790221),.UNSPECIFIED.);
#152=B_SPLINE_SURFACE_WITH_KNOTS('',3,3,((#6704,#6705,#6706,#6707),(#6708,
#6709,#6710,#6711),(#6712,#6713,#6714,#6715),(#6716,#6717,#6718,#6719),
(#6720,#6721,#6722,#6723)),.UNSPECIFIED.,.F.,.F.,.F.,(4,1,4),(4,4),(0.,
0.571428571428571,1.),(1.44019266000467,1.4916377558947),.UNSPECIFIED.);
#153=B_SPLINE_SURFACE_WITH_KNOTS('',3,3,((#6731,#6732,#6733,#6734),(#6735,
#6736,#6737,#6738),(#6739,#6740,#6741,#6742),(#6743,#6744,#6745,#6746),
(#6747,#6748,#6749,#6750)),.UNSPECIFIED.,.F.,.F.,.F.,(4,1,4),(4,4),(0.,
0.571428571428571,1.),(-1.4916377558947,-1.44019266000467),
 .UNSPECIFIED.);
#154=B_SPLINE_SURFACE_WITH_KNOTS('',3,3,((#6754,#6755,#6756,#6757,#6758,
#6759,#6760,#6761,#6762),(#6763,#6764,#6765,#6766,#6767,#6768,#6769,#6770,
#6771),(#6772,#6773,#6774,#6775,#6776,#6777,#6778,#6779,#6780),(#6781,#6782,
#6783,#6784,#6785,#6786,#6787,#6788,#6789),(#6790,#6791,#6792,#6793,#6794,
#6795,#6796,#6797,#6798)),.UNSPECIFIED.,.F.,.F.,.F.,(4,1,4),(4,1,1,1,1,
1,4),(0.,0.571428571428571,1.),(-0.079158570900197,0.15065720377493,0.265565091112493,
0.380472978450057,0.840104527800311,1.184828189813,1.52955185182569),
 .UNSPECIFIED.);
#155=B_SPLINE_SURFACE_WITH_KNOTS('',3,3,((#6819,#6820,#6821,#6822,#6823,
#6824,#6825,#6826),(#6827,#6828,#6829,#6830,#6831,#6832,#6833,#6834),(#6835,
#6836,#6837,#6838,#6839,#6840,#6841,#6842),(#6843,#6844,#6845,#6846,#6847,
#6848,#6849,#6850),(#6851,#6852,#6853,#6854,#6855,#6856,#6857,#6858)),
 .UNSPECIFIED.,.F.,.F.,.F.,(4,1,4),(4,1,1,1,1,4),(0.,0.571428571428571,
1.),(-1.52955185182569,-1.21128259742629,-0.893013343026887,-0.468654337161019,
-0.256474834228085,-0.044295331295151),.UNSPECIFIED.);
#156=B_SPLINE_SURFACE_WITH_KNOTS('',3,3,((#6872,#6873,#6874,#6875),(#6876,
#6877,#6878,#6879),(#6880,#6881,#6882,#6883),(#6884,#6885,#6886,#6887),
(#6888,#6889,#6890,#6891)),.UNSPECIFIED.,.F.,.F.,.F.,(4,1,4),(4,4),(0.,
0.571428571428571,1.),(1.52650099549972,1.64995489769507),.UNSPECIFIED.);
#157=B_SPLINE_SURFACE_WITH_KNOTS('',3,3,((#6903,#6904,#6905,#6906),(#6907,
#6908,#6909,#6910),(#6911,#6912,#6913,#6914),(#6915,#6916,#6917,#6918),
(#6919,#6920,#6921,#6922)),.UNSPECIFIED.,.F.,.F.,.F.,(4,1,4),(4,4),(0.,
0.571428571428571,1.),(1.49163775589469,1.61509165809003),.UNSPECIFIED.);
#158=B_SPLINE_SURFACE_WITH_KNOTS('',3,3,((#6928,#6929,#6930,#6931,#6932,
#6933),(#6934,#6935,#6936,#6937,#6938,#6939),(#6940,#6941,#6942,#6943,#6944,
#6945),(#6946,#6947,#6948,#6949,#6950,#6951),(#6952,#6953,#6954,#6955,#6956,
#6957)),.UNSPECIFIED.,.F.,.F.,.F.,(4,1,4),(4,1,1,4),(0.,0.571428571428571,
1.),(0.0791585709001959,0.333094911756586,0.587031252612976,0.96793576389756),
 .UNSPECIFIED.);
#159=B_SPLINE_SURFACE_WITH_KNOTS('',3,3,((#7016,#7017,#7018,#7019,#7020,
#7021),(#7022,#7023,#7024,#7025,#7026,#7027),(#7028,#7029,#7030,#7031,#7032,
#7033),(#7034,#7035,#7036,#7037,#7038,#7039),(#7040,#7041,#7042,#7043,#7044,
#7045)),.UNSPECIFIED.,.F.,.F.,.F.,(4,1,4),(4,1,1,4),(0.,0.571428571428571,
1.),(-0.967935763929888,-0.587031252631449,-0.333094911765822,-0.0791585709001957),
 .UNSPECIFIED.);
#160=B_SPLINE_SURFACE_WITH_KNOTS('',3,3,((#7051,#7052,#7053,#7054),(#7055,
#7056,#7057,#7058),(#7059,#7060,#7061,#7062),(#7063,#7064,#7065,#7066),
(#7067,#7068,#7069,#7070)),.UNSPECIFIED.,.F.,.F.,.F.,(4,1,4),(4,4),(0.,
0.571428571428571,1.),(-1.61509165809004,-1.4916377558947),
 .UNSPECIFIED.);
#161=B_SPLINE_SURFACE_WITH_KNOTS('',3,3,((#7082,#7083,#7084,#7085),(#7086,
#7087,#7088,#7089),(#7090,#7091,#7092,#7093),(#7094,#7095,#7096,#7097),
(#7098,#7099,#7100,#7101)),.UNSPECIFIED.,.F.,.F.,.F.,(4,1,4),(4,4),(0.,
0.571428571428571,1.),(-1.64995489769507,-1.52650099549972),
 .UNSPECIFIED.);
#162=B_SPLINE_SURFACE_WITH_KNOTS('',3,3,((#7107,#7108,#7109,#7110,#7111,
#7112,#7113,#7114),(#7115,#7116,#7117,#7118,#7119,#7120,#7121,#7122),(#7123,
#7124,#7125,#7126,#7127,#7128,#7129,#7130),(#7131,#7132,#7133,#7134,#7135,
#7136,#7137,#7138),(#7139,#7140,#7141,#7142,#7143,#7144,#7145,#7146)),
 .UNSPECIFIED.,.F.,.F.,.F.,(4,1,4),(4,1,1,1,1,4),(0.,0.571428571428571,
1.),(0.0442953312951505,0.256474834228085,0.468654337161019,0.680833840093953,
1.10519284595982,1.52955185182569),.UNSPECIFIED.);
#163=B_SPLINE_SURFACE_WITH_KNOTS('',3,3,((#7168,#7169,#7170,#7171,#7172,
#7173,#7174,#7175,#7176),(#7177,#7178,#7179,#7180,#7181,#7182,#7183,#7184,
#7185),(#7186,#7187,#7188,#7189,#7190,#7191,#7192,#7193,#7194),(#7195,#7196,
#7197,#7198,#7199,#7200,#7201,#7202,#7203),(#7204,#7205,#7206,#7207,#7208,
#7209,#7210,#7211,#7212)),.UNSPECIFIED.,.F.,.F.,.F.,(4,1,4),(4,1,1,1,1,
1,4),(0.,0.571428571428571,1.),(-1.52955185182569,-1.184828189813,-0.84010452780031,
-0.380472978450056,-0.265565091112493,-0.150657203774929,0.0791585709001975),
 .UNSPECIFIED.);
#164=B_SPLINE_SURFACE_WITH_KNOTS('',3,3,((#7216,#7217,#7218,#7219),(#7220,
#7221,#7222,#7223),(#7224,#7225,#7226,#7227),(#7228,#7229,#7230,#7231),
(#7232,#7233,#7234,#7235)),.UNSPECIFIED.,.F.,.F.,.F.,(4,1,4),(4,4),(0.,
0.571428571428571,1.),(1.44019266000467,1.4916377558947),.UNSPECIFIED.);
#165=B_SPLINE_SURFACE_WITH_KNOTS('',3,3,((#7243,#7244,#7245,#7246),(#7247,
#7248,#7249,#7250),(#7251,#7252,#7253,#7254),(#7255,#7256,#7257,#7258),
(#7259,#7260,#7261,#7262)),.UNSPECIFIED.,.F.,.F.,.F.,(4,1,4),(4,4),(0.,
0.571428571428571,1.),(-1.4916377558947,-1.44019266000467),
 .UNSPECIFIED.);
#166=B_SPLINE_SURFACE_WITH_KNOTS('',3,3,((#7266,#7267,#7268,#7269,#7270,
#7271,#7272),(#7273,#7274,#7275,#7276,#7277,#7278,#7279),(#7280,#7281,#7282,
#7283,#7284,#7285,#7286),(#7287,#7288,#7289,#7290,#7291,#7292,#7293),(#7294,
#7295,#7296,#7297,#7298,#7299,#7300)),.UNSPECIFIED.,.F.,.F.,.F.,(4,1,4),
(4,1,1,1,4),(0.,0.571428571428571,1.),(0.130603666790226,0.502727004234818,
0.688788672957114,1.06091201040171,1.4330353478463),.UNSPECIFIED.);
#167=CYLINDRICAL_SURFACE('',#3685,0.5);
#168=CYLINDRICAL_SURFACE('',#3688,5.);
#169=CYLINDRICAL_SURFACE('',#3721,0.5);
#170=CYLINDRICAL_SURFACE('',#3723,17.5);
#171=CYLINDRICAL_SURFACE('',#3725,0.5);
#172=CYLINDRICAL_SURFACE('',#3727,5.);
#173=CYLINDRICAL_SURFACE('',#3729,0.5);
#174=CYLINDRICAL_SURFACE('',#3731,17.5);
#175=CYLINDRICAL_SURFACE('',#3733,0.5);
#176=CYLINDRICAL_SURFACE('',#3735,0.5);
#177=CYLINDRICAL_SURFACE('',#3737,3.75000000000806);
#178=CYLINDRICAL_SURFACE('',#3740,0.5);
#179=CYLINDRICAL_SURFACE('',#3742,17.5);
#180=CYLINDRICAL_SURFACE('',#3744,0.5);
#181=CYLINDRICAL_SURFACE('',#3746,5.);
#182=CYLINDRICAL_SURFACE('',#3748,0.5);
#183=CYLINDRICAL_SURFACE('',#3750,17.5);
#184=CYLINDRICAL_SURFACE('',#3752,0.5);
#185=CYLINDRICAL_SURFACE('',#3754,5.);
#186=CYLINDRICAL_SURFACE('',#3756,17.5);
#187=CYLINDRICAL_SURFACE('',#3763,1.5);
#188=CYLINDRICAL_SURFACE('',#3769,2.);
#189=CYLINDRICAL_SURFACE('',#3772,1.5);
#190=CYLINDRICAL_SURFACE('',#3775,1.);
#191=CYLINDRICAL_SURFACE('',#3782,1.5);
#192=CYLINDRICAL_SURFACE('',#3788,1.);
#193=CYLINDRICAL_SURFACE('',#3791,1.5);
#194=CYLINDRICAL_SURFACE('',#3793,2.);
#195=CYLINDRICAL_SURFACE('',#3801,2.);
#196=CYLINDRICAL_SURFACE('',#3802,2.);
#197=CYLINDRICAL_SURFACE('',#3809,2.);
#198=CYLINDRICAL_SURFACE('',#3811,2.);
#199=CYLINDRICAL_SURFACE('',#3835,2.);
#200=CYLINDRICAL_SURFACE('',#3849,2.);
#201=CYLINDRICAL_SURFACE('',#3854,2.);
#202=CYLINDRICAL_SURFACE('',#3858,2.);
#203=CYLINDRICAL_SURFACE('',#3864,2.);
#204=CYLINDRICAL_SURFACE('',#3872,1.49999999999999);
#205=CYLINDRICAL_SURFACE('',#3876,2.);
#206=CYLINDRICAL_SURFACE('',#3883,1.49999999999999);
#207=CYLINDRICAL_SURFACE('',#3886,1.);
#208=CYLINDRICAL_SURFACE('',#3888,1.);
#209=CYLINDRICAL_SURFACE('',#3900,2.);
#210=CYLINDRICAL_SURFACE('',#3902,2.);
#211=CYLINDRICAL_SURFACE('',#3905,2.);
#212=CYLINDRICAL_SURFACE('',#3907,2.);
#213=CYLINDRICAL_SURFACE('',#3910,2.);
#214=CYLINDRICAL_SURFACE('',#3912,2.);
#215=CYLINDRICAL_SURFACE('',#3916,2.);
#216=CYLINDRICAL_SURFACE('',#3921,2.);
#217=CYLINDRICAL_SURFACE('',#3925,2.5);
#218=CYLINDRICAL_SURFACE('',#3945,19.1);
#219=CYLINDRICAL_SURFACE('',#3946,2.5);
#220=CYLINDRICAL_SURFACE('',#3947,2.5);
#221=CYLINDRICAL_SURFACE('',#3948,19.1);
#222=CYLINDRICAL_SURFACE('',#3949,2.5);
#223=CYLINDRICAL_SURFACE('',#3954,2.);
#224=CYLINDRICAL_SURFACE('',#3961,2.);
#225=CYLINDRICAL_SURFACE('',#3963,2.);
#226=CYLINDRICAL_SURFACE('',#3970,2.);
#227=CYLINDRICAL_SURFACE('',#3977,26.);
#228=CYLINDRICAL_SURFACE('',#3979,2.);
#229=CYLINDRICAL_SURFACE('',#3981,2.);
#230=CYLINDRICAL_SURFACE('',#3989,2.);
#231=CYLINDRICAL_SURFACE('',#3998,2.);
#232=CYLINDRICAL_SURFACE('',#4000,2.);
#233=CYLINDRICAL_SURFACE('',#4005,2.);
#234=CYLINDRICAL_SURFACE('',#4010,2.5);
#235=CYLINDRICAL_SURFACE('',#4011,2.);
#236=CYLINDRICAL_SURFACE('',#4013,2.);
#237=CYLINDRICAL_SURFACE('',#4014,2.);
#238=CYLINDRICAL_SURFACE('',#4016,2.);
#239=CYLINDRICAL_SURFACE('',#4017,2.);
#240=CYLINDRICAL_SURFACE('',#4019,2.);
#241=CYLINDRICAL_SURFACE('',#4021,100.);
#242=CYLINDRICAL_SURFACE('',#4022,100.);
#243=CYLINDRICAL_SURFACE('',#4023,3.75000000000073);
#244=CYLINDRICAL_SURFACE('',#4025,17.5);
#245=CYLINDRICAL_SURFACE('',#4027,1.);
#246=CYLINDRICAL_SURFACE('',#4028,1.);
#247=CYLINDRICAL_SURFACE('',#4030,0.999999999999994);
#248=CYLINDRICAL_SURFACE('',#4032,1.);
#249=CYLINDRICAL_SURFACE('',#4033,1.00000000000001);
#250=CYLINDRICAL_SURFACE('',#4035,1.);
#251=CYLINDRICAL_SURFACE('',#4037,1.);
#252=CYLINDRICAL_SURFACE('',#4039,1.00000000000001);
#253=CYLINDRICAL_SURFACE('',#4040,2.50000000000035);
#254=CYLINDRICAL_SURFACE('',#4041,21.);
#255=CYLINDRICAL_SURFACE('',#4042,2.50000000000031);
#256=CYLINDRICAL_SURFACE('',#4043,2.49999999999999);
#257=CYLINDRICAL_SURFACE('',#4044,21.);
#258=CYLINDRICAL_SURFACE('',#4045,1.925);
#259=CYLINDRICAL_SURFACE('',#4048,1.925);
#260=CYLINDRICAL_SURFACE('',#4051,1.925);
#261=CYLINDRICAL_SURFACE('',#4054,1.925);
#262=CYLINDRICAL_SURFACE('',#4058,5.);
#263=CYLINDRICAL_SURFACE('',#4059,5.);
#264=CYLINDRICAL_SURFACE('',#4061,5.);
#265=CYLINDRICAL_SURFACE('',#4062,5.);
#266=CYLINDRICAL_SURFACE('',#4069,15.875);
#267=CYLINDRICAL_SURFACE('',#4073,12.7);
#268=CYLINDRICAL_SURFACE('',#4074,2.75);
#269=CYLINDRICAL_SURFACE('',#4075,2.75);
#270=CYLINDRICAL_SURFACE('',#4076,2.75);
#271=CYLINDRICAL_SURFACE('',#4077,2.75);
#272=FACE_BOUND('',#491,.T.);
#273=FACE_BOUND('',#492,.T.);
#274=FACE_BOUND('',#493,.T.);
#275=FACE_BOUND('',#494,.T.);
#276=FACE_BOUND('',#495,.T.);
#277=FACE_BOUND('',#496,.T.);
#278=FACE_BOUND('',#497,.T.);
#279=FACE_BOUND('',#545,.T.);
#280=FACE_BOUND('',#546,.T.);
#281=FACE_BOUND('',#547,.T.);
#282=FACE_BOUND('',#548,.T.);
#283=FACE_BOUND('',#549,.T.);
#284=FACE_BOUND('',#550,.T.);
#285=FACE_BOUND('',#551,.T.);
#286=FACE_BOUND('',#552,.T.);
#287=FACE_BOUND('',#604,.T.);
#288=FACE_BOUND('',#607,.T.);
#289=FACE_BOUND('',#693,.T.);
#290=FACE_BOUND('',#694,.T.);
#291=FACE_BOUND('',#695,.T.);
#292=FACE_BOUND('',#696,.T.);
#293=FACE_BOUND('',#697,.T.);
#294=FACE_BOUND('',#700,.T.);
#295=FACE_OUTER_BOUND('',#490,.T.);
#296=FACE_OUTER_BOUND('',#498,.T.);
#297=FACE_OUTER_BOUND('',#499,.T.);
#298=FACE_OUTER_BOUND('',#500,.T.);
#299=FACE_OUTER_BOUND('',#501,.T.);
#300=FACE_OUTER_BOUND('',#502,.T.);
#301=FACE_OUTER_BOUND('',#503,.T.);
#302=FACE_OUTER_BOUND('',#504,.T.);
#303=FACE_OUTER_BOUND('',#505,.T.);
#304=FACE_OUTER_BOUND('',#506,.T.);
#305=FACE_OUTER_BOUND('',#507,.T.);
#306=FACE_OUTER_BOUND('',#508,.T.);
#307=FACE_OUTER_BOUND('',#509,.T.);
#308=FACE_OUTER_BOUND('',#510,.T.);
#309=FACE_OUTER_BOUND('',#511,.T.);
#310=FACE_OUTER_BOUND('',#512,.T.);
#311=FACE_OUTER_BOUND('',#513,.T.);
#312=FACE_OUTER_BOUND('',#514,.T.);
#313=FACE_OUTER_BOUND('',#515,.T.);
#314=FACE_OUTER_BOUND('',#516,.T.);
#315=FACE_OUTER_BOUND('',#517,.T.);
#316=FACE_OUTER_BOUND('',#518,.T.);
#317=FACE_OUTER_BOUND('',#519,.T.);
#318=FACE_OUTER_BOUND('',#520,.T.);
#319=FACE_OUTER_BOUND('',#521,.T.);
#320=FACE_OUTER_BOUND('',#522,.T.);
#321=FACE_OUTER_BOUND('',#523,.T.);
#322=FACE_OUTER_BOUND('',#524,.T.);
#323=FACE_OUTER_BOUND('',#525,.T.);
#324=FACE_OUTER_BOUND('',#526,.T.);
#325=FACE_OUTER_BOUND('',#527,.T.);
#326=FACE_OUTER_BOUND('',#528,.T.);
#327=FACE_OUTER_BOUND('',#529,.T.);
#328=FACE_OUTER_BOUND('',#530,.T.);
#329=FACE_OUTER_BOUND('',#531,.T.);
#330=FACE_OUTER_BOUND('',#532,.T.);
#331=FACE_OUTER_BOUND('',#533,.T.);
#332=FACE_OUTER_BOUND('',#534,.T.);
#333=FACE_OUTER_BOUND('',#535,.T.);
#334=FACE_OUTER_BOUND('',#536,.T.);
#335=FACE_OUTER_BOUND('',#537,.T.);
#336=FACE_OUTER_BOUND('',#538,.T.);
#337=FACE_OUTER_BOUND('',#539,.T.);
#338=FACE_OUTER_BOUND('',#540,.T.);
#339=FACE_OUTER_BOUND('',#541,.T.);
#340=FACE_OUTER_BOUND('',#542,.T.);
#341=FACE_OUTER_BOUND('',#543,.T.);
#342=FACE_OUTER_BOUND('',#544,.T.);
#343=FACE_OUTER_BOUND('',#553,.T.);
#344=FACE_OUTER_BOUND('',#554,.T.);
#345=FACE_OUTER_BOUND('',#555,.T.);
#346=FACE_OUTER_BOUND('',#556,.T.);
#347=FACE_OUTER_BOUND('',#557,.T.);
#348=FACE_OUTER_BOUND('',#558,.T.);
#349=FACE_OUTER_BOUND('',#559,.T.);
#350=FACE_OUTER_BOUND('',#560,.T.);
#351=FACE_OUTER_BOUND('',#561,.T.);
#352=FACE_OUTER_BOUND('',#562,.T.);
#353=FACE_OUTER_BOUND('',#563,.T.);
#354=FACE_OUTER_BOUND('',#564,.T.);
#355=FACE_OUTER_BOUND('',#565,.T.);
#356=FACE_OUTER_BOUND('',#566,.T.);
#357=FACE_OUTER_BOUND('',#567,.T.);
#358=FACE_OUTER_BOUND('',#568,.T.);
#359=FACE_OUTER_BOUND('',#569,.T.);
#360=FACE_OUTER_BOUND('',#570,.T.);
#361=FACE_OUTER_BOUND('',#571,.T.);
#362=FACE_OUTER_BOUND('',#572,.T.);
#363=FACE_OUTER_BOUND('',#573,.T.);
#364=FACE_OUTER_BOUND('',#574,.T.);
#365=FACE_OUTER_BOUND('',#575,.T.);
#366=FACE_OUTER_BOUND('',#576,.T.);
#367=FACE_OUTER_BOUND('',#577,.T.);
#368=FACE_OUTER_BOUND('',#578,.T.);
#369=FACE_OUTER_BOUND('',#579,.T.);
#370=FACE_OUTER_BOUND('',#580,.T.);
#371=FACE_OUTER_BOUND('',#581,.T.);
#372=FACE_OUTER_BOUND('',#582,.T.);
#373=FACE_OUTER_BOUND('',#583,.T.);
#374=FACE_OUTER_BOUND('',#584,.T.);
#375=FACE_OUTER_BOUND('',#585,.T.);
#376=FACE_OUTER_BOUND('',#586,.T.);
#377=FACE_OUTER_BOUND('',#587,.T.);
#378=FACE_OUTER_BOUND('',#588,.T.);
#379=FACE_OUTER_BOUND('',#589,.T.);
#380=FACE_OUTER_BOUND('',#590,.T.);
#381=FACE_OUTER_BOUND('',#591,.T.);
#382=FACE_OUTER_BOUND('',#592,.T.);
#383=FACE_OUTER_BOUND('',#593,.T.);
#384=FACE_OUTER_BOUND('',#594,.T.);
#385=FACE_OUTER_BOUND('',#595,.T.);
#386=FACE_OUTER_BOUND('',#596,.T.);
#387=FACE_OUTER_BOUND('',#597,.T.);
#388=FACE_OUTER_BOUND('',#598,.T.);
#389=FACE_OUTER_BOUND('',#599,.T.);
#390=FACE_OUTER_BOUND('',#600,.T.);
#391=FACE_OUTER_BOUND('',#601,.T.);
#392=FACE_OUTER_BOUND('',#602,.T.);
#393=FACE_OUTER_BOUND('',#603,.T.);
#394=FACE_OUTER_BOUND('',#605,.T.);
#395=FACE_OUTER_BOUND('',#606,.T.);
#396=FACE_OUTER_BOUND('',#608,.T.);
#397=FACE_OUTER_BOUND('',#609,.T.);
#398=FACE_OUTER_BOUND('',#610,.T.);
#399=FACE_OUTER_BOUND('',#611,.T.);
#400=FACE_OUTER_BOUND('',#612,.T.);
#401=FACE_OUTER_BOUND('',#613,.T.);
#402=FACE_OUTER_BOUND('',#614,.T.);
#403=FACE_OUTER_BOUND('',#615,.T.);
#404=FACE_OUTER_BOUND('',#616,.T.);
#405=FACE_OUTER_BOUND('',#617,.T.);
#406=FACE_OUTER_BOUND('',#618,.T.);
#407=FACE_OUTER_BOUND('',#619,.T.);
#408=FACE_OUTER_BOUND('',#620,.T.);
#409=FACE_OUTER_BOUND('',#621,.T.);
#410=FACE_OUTER_BOUND('',#622,.T.);
#411=FACE_OUTER_BOUND('',#623,.T.);
#412=FACE_OUTER_BOUND('',#624,.T.);
#413=FACE_OUTER_BOUND('',#625,.T.);
#414=FACE_OUTER_BOUND('',#626,.T.);
#415=FACE_OUTER_BOUND('',#627,.T.);
#416=FACE_OUTER_BOUND('',#628,.T.);
#417=FACE_OUTER_BOUND('',#629,.T.);
#418=FACE_OUTER_BOUND('',#630,.T.);
#419=FACE_OUTER_BOUND('',#631,.T.);
#420=FACE_OUTER_BOUND('',#632,.T.);
#421=FACE_OUTER_BOUND('',#633,.T.);
#422=FACE_OUTER_BOUND('',#634,.T.);
#423=FACE_OUTER_BOUND('',#635,.T.);
#424=FACE_OUTER_BOUND('',#636,.T.);
#425=FACE_OUTER_BOUND('',#637,.T.);
#426=FACE_OUTER_BOUND('',#638,.T.);
#427=FACE_OUTER_BOUND('',#639,.T.);
#428=FACE_OUTER_BOUND('',#640,.T.);
#429=FACE_OUTER_BOUND('',#641,.T.);
#430=FACE_OUTER_BOUND('',#642,.T.);
#431=FACE_OUTER_BOUND('',#643,.T.);
#432=FACE_OUTER_BOUND('',#644,.T.);
#433=FACE_OUTER_BOUND('',#645,.T.);
#434=FACE_OUTER_BOUND('',#646,.T.);
#435=FACE_OUTER_BOUND('',#647,.T.);
#436=FACE_OUTER_BOUND('',#648,.T.);
#437=FACE_OUTER_BOUND('',#649,.T.);
#438=FACE_OUTER_BOUND('',#650,.T.);
#439=FACE_OUTER_BOUND('',#651,.T.);
#440=FACE_OUTER_BOUND('',#652,.T.);
#441=FACE_OUTER_BOUND('',#653,.T.);
#442=FACE_OUTER_BOUND('',#654,.T.);
#443=FACE_OUTER_BOUND('',#655,.T.);
#444=FACE_OUTER_BOUND('',#656,.T.);
#445=FACE_OUTER_BOUND('',#657,.T.);
#446=FACE_OUTER_BOUND('',#658,.T.);
#447=FACE_OUTER_BOUND('',#659,.T.);
#448=FACE_OUTER_BOUND('',#660,.T.);
#449=FACE_OUTER_BOUND('',#661,.T.);
#450=FACE_OUTER_BOUND('',#662,.T.);
#451=FACE_OUTER_BOUND('',#663,.T.);
#452=FACE_OUTER_BOUND('',#664,.T.);
#453=FACE_OUTER_BOUND('',#665,.T.);
#454=FACE_OUTER_BOUND('',#666,.T.);
#455=FACE_OUTER_BOUND('',#667,.T.);
#456=FACE_OUTER_BOUND('',#668,.T.);
#457=FACE_OUTER_BOUND('',#669,.T.);
#458=FACE_OUTER_BOUND('',#670,.T.);
#459=FACE_OUTER_BOUND('',#671,.T.);
#460=FACE_OUTER_BOUND('',#672,.T.);
#461=FACE_OUTER_BOUND('',#673,.T.);
#462=FACE_OUTER_BOUND('',#674,.T.);
#463=FACE_OUTER_BOUND('',#675,.T.);
#464=FACE_OUTER_BOUND('',#676,.T.);
#465=FACE_OUTER_BOUND('',#677,.T.);
#466=FACE_OUTER_BOUND('',#678,.T.);
#467=FACE_OUTER_BOUND('',#679,.T.);
#468=FACE_OUTER_BOUND('',#680,.T.);
#469=FACE_OUTER_BOUND('',#681,.T.);
#470=FACE_OUTER_BOUND('',#682,.T.);
#471=FACE_OUTER_BOUND('',#683,.T.);
#472=FACE_OUTER_BOUND('',#684,.T.);
#473=FACE_OUTER_BOUND('',#685,.T.);
#474=FACE_OUTER_BOUND('',#686,.T.);
#475=FACE_OUTER_BOUND('',#687,.T.);
#476=FACE_OUTER_BOUND('',#688,.T.);
#477=FACE_OUTER_BOUND('',#689,.T.);
#478=FACE_OUTER_BOUND('',#690,.T.);
#479=FACE_OUTER_BOUND('',#691,.T.);
#480=FACE_OUTER_BOUND('',#692,.T.);
#481=FACE_OUTER_BOUND('',#698,.T.);
#482=FACE_OUTER_BOUND('',#699,.T.);
#483=FACE_OUTER_BOUND('',#701,.T.);
#484=FACE_OUTER_BOUND('',#702,.T.);
#485=FACE_OUTER_BOUND('',#703,.T.);
#486=FACE_OUTER_BOUND('',#704,.T.);
#487=FACE_OUTER_BOUND('',#705,.T.);
#488=FACE_OUTER_BOUND('',#706,.T.);
#489=FACE_OUTER_BOUND('',#707,.T.);
#490=EDGE_LOOP('',(#2288,#2289,#2290,#2291,#2292,#2293));
#491=EDGE_LOOP('',(#2294));
#492=EDGE_LOOP('',(#2295));
#493=EDGE_LOOP('',(#2296));
#494=EDGE_LOOP('',(#2297));
#495=EDGE_LOOP('',(#2298,#2299,#2300,#2301));
#496=EDGE_LOOP('',(#2302,#2303,#2304,#2305,#2306,#2307,#2308,#2309,#2310,
#2311,#2312,#2313));
#497=EDGE_LOOP('',(#2314,#2315,#2316,#2317,#2318,#2319,#2320,#2321));
#498=EDGE_LOOP('',(#2322,#2323,#2324,#2325));
#499=EDGE_LOOP('',(#2326,#2327,#2328,#2329));
#500=EDGE_LOOP('',(#2330,#2331,#2332,#2333,#2334,#2335,#2336,#2337,#2338,
#2339,#2340,#2341,#2342,#2343,#2344,#2345,#2346,#2347,#2348,#2349,#2350,
#2351,#2352,#2353,#2354,#2355,#2356,#2357,#2358,#2359,#2360,#2361,#2362,
#2363,#2364,#2365,#2366,#2367,#2368,#2369,#2370,#2371,#2372,#2373,#2374,
#2375,#2376,#2377));
#501=EDGE_LOOP('',(#2378,#2379,#2380,#2381));
#502=EDGE_LOOP('',(#2382,#2383,#2384,#2385));
#503=EDGE_LOOP('',(#2386,#2387,#2388,#2389));
#504=EDGE_LOOP('',(#2390,#2391,#2392,#2393));
#505=EDGE_LOOP('',(#2394,#2395,#2396,#2397));
#506=EDGE_LOOP('',(#2398,#2399,#2400,#2401));
#507=EDGE_LOOP('',(#2402,#2403,#2404,#2405));
#508=EDGE_LOOP('',(#2406,#2407,#2408,#2409));
#509=EDGE_LOOP('',(#2410,#2411,#2412,#2413,#2414,#2415));
#510=EDGE_LOOP('',(#2416,#2417,#2418,#2419));
#511=EDGE_LOOP('',(#2420,#2421,#2422,#2423));
#512=EDGE_LOOP('',(#2424,#2425,#2426,#2427));
#513=EDGE_LOOP('',(#2428,#2429,#2430,#2431));
#514=EDGE_LOOP('',(#2432,#2433,#2434,#2435));
#515=EDGE_LOOP('',(#2436,#2437,#2438,#2439));
#516=EDGE_LOOP('',(#2440,#2441,#2442,#2443));
#517=EDGE_LOOP('',(#2444,#2445,#2446,#2447));
#518=EDGE_LOOP('',(#2448,#2449,#2450,#2451));
#519=EDGE_LOOP('',(#2452,#2453,#2454));
#520=EDGE_LOOP('',(#2455,#2456,#2457,#2458));
#521=EDGE_LOOP('',(#2459,#2460,#2461,#2462));
#522=EDGE_LOOP('',(#2463,#2464,#2465,#2466));
#523=EDGE_LOOP('',(#2467,#2468,#2469,#2470));
#524=EDGE_LOOP('',(#2471,#2472,#2473,#2474,#2475,#2476,#2477,#2478));
#525=EDGE_LOOP('',(#2479,#2480,#2481,#2482,#2483));
#526=EDGE_LOOP('',(#2484,#2485,#2486,#2487,#2488,#2489));
#527=EDGE_LOOP('',(#2490,#2491,#2492,#2493));
#528=EDGE_LOOP('',(#2494,#2495,#2496,#2497));
#529=EDGE_LOOP('',(#2498,#2499,#2500,#2501));
#530=EDGE_LOOP('',(#2502,#2503,#2504,#2505));
#531=EDGE_LOOP('',(#2506,#2507,#2508,#2509));
#532=EDGE_LOOP('',(#2510,#2511,#2512));
#533=EDGE_LOOP('',(#2513,#2514,#2515,#2516));
#534=EDGE_LOOP('',(#2517,#2518,#2519,#2520,#2521,#2522));
#535=EDGE_LOOP('',(#2523,#2524,#2525,#2526,#2527));
#536=EDGE_LOOP('',(#2528,#2529,#2530,#2531,#2532,#2533));
#537=EDGE_LOOP('',(#2534,#2535,#2536,#2537,#2538,#2539,#2540,#2541));
#538=EDGE_LOOP('',(#2542,#2543,#2544,#2545,#2546));
#539=EDGE_LOOP('',(#2547,#2548,#2549,#2550,#2551,#2552));
#540=EDGE_LOOP('',(#2553,#2554,#2555,#2556,#2557,#2558));
#541=EDGE_LOOP('',(#2559,#2560,#2561,#2562,#2563,#2564,#2565,#2566,#2567));
#542=EDGE_LOOP('',(#2568,#2569,#2570,#2571,#2572));
#543=EDGE_LOOP('',(#2573,#2574,#2575,#2576,#2577));
#544=EDGE_LOOP('',(#2578,#2579,#2580,#2581,#2582,#2583));
#545=EDGE_LOOP('',(#2584,#2585,#2586,#2587,#2588,#2589,#2590,#2591,#2592,
#2593,#2594,#2595));
#546=EDGE_LOOP('',(#2596));
#547=EDGE_LOOP('',(#2597));
#548=EDGE_LOOP('',(#2598));
#549=EDGE_LOOP('',(#2599));
#550=EDGE_LOOP('',(#2600));
#551=EDGE_LOOP('',(#2601,#2602,#2603,#2604,#2605,#2606));
#552=EDGE_LOOP('',(#2607,#2608,#2609,#2610,#2611,#2612));
#553=EDGE_LOOP('',(#2613,#2614,#2615,#2616,#2617,#2618));
#554=EDGE_LOOP('',(#2619,#2620,#2621,#2622,#2623));
#555=EDGE_LOOP('',(#2624,#2625,#2626,#2627,#2628,#2629,#2630,#2631,#2632));
#556=EDGE_LOOP('',(#2633,#2634,#2635,#2636,#2637,#2638));
#557=EDGE_LOOP('',(#2639,#2640,#2641,#2642,#2643,#2644));
#558=EDGE_LOOP('',(#2645,#2646,#2647,#2648,#2649,#2650,#2651,#2652));
#559=EDGE_LOOP('',(#2653,#2654,#2655,#2656,#2657));
#560=EDGE_LOOP('',(#2658,#2659,#2660,#2661));
#561=EDGE_LOOP('',(#2662,#2663,#2664,#2665));
#562=EDGE_LOOP('',(#2666,#2667,#2668,#2669));
#563=EDGE_LOOP('',(#2670,#2671,#2672,#2673));
#564=EDGE_LOOP('',(#2674,#2675,#2676,#2677,#2678));
#565=EDGE_LOOP('',(#2679,#2680,#2681,#2682,#2683,#2684));
#566=EDGE_LOOP('',(#2685,#2686,#2687,#2688,#2689));
#567=EDGE_LOOP('',(#2690,#2691,#2692,#2693,#2694,#2695,#2696,#2697));
#568=EDGE_LOOP('',(#2698,#2699,#2700,#2701));
#569=EDGE_LOOP('',(#2702,#2703,#2704,#2705));
#570=EDGE_LOOP('',(#2706,#2707,#2708,#2709));
#571=EDGE_LOOP('',(#2710,#2711,#2712,#2713,#2714));
#572=EDGE_LOOP('',(#2715,#2716,#2717,#2718));
#573=EDGE_LOOP('',(#2719,#2720,#2721,#2722,#2723,#2724));
#574=EDGE_LOOP('',(#2725,#2726,#2727,#2728,#2729,#2730,#2731,#2732));
#575=EDGE_LOOP('',(#2733,#2734,#2735,#2736,#2737));
#576=EDGE_LOOP('',(#2738,#2739,#2740,#2741,#2742,#2743));
#577=EDGE_LOOP('',(#2744,#2745,#2746,#2747,#2748));
#578=EDGE_LOOP('',(#2749,#2750,#2751,#2752,#2753,#2754));
#579=EDGE_LOOP('',(#2755,#2756,#2757,#2758,#2759));
#580=EDGE_LOOP('',(#2760,#2761,#2762,#2763,#2764));
#581=EDGE_LOOP('',(#2765,#2766,#2767,#2768,#2769));
#582=EDGE_LOOP('',(#2770,#2771,#2772,#2773,#2774));
#583=EDGE_LOOP('',(#2775,#2776,#2777,#2778,#2779));
#584=EDGE_LOOP('',(#2780,#2781,#2782,#2783,#2784,#2785,#2786,#2787));
#585=EDGE_LOOP('',(#2788,#2789,#2790,#2791,#2792,#2793));
#586=EDGE_LOOP('',(#2794,#2795,#2796,#2797,#2798,#2799,#2800,#2801));
#587=EDGE_LOOP('',(#2802,#2803,#2804,#2805,#2806,#2807));
#588=EDGE_LOOP('',(#2808,#2809,#2810,#2811,#2812,#2813,#2814,#2815));
#589=EDGE_LOOP('',(#2816,#2817,#2818,#2819,#2820,#2821));
#590=EDGE_LOOP('',(#2822,#2823,#2824,#2825));
#591=EDGE_LOOP('',(#2826,#2827,#2828,#2829,#2830));
#592=EDGE_LOOP('',(#2831,#2832,#2833,#2834,#2835,#2836));
#593=EDGE_LOOP('',(#2837,#2838,#2839,#2840));
#594=EDGE_LOOP('',(#2841,#2842,#2843,#2844,#2845));
#595=EDGE_LOOP('',(#2846,#2847,#2848,#2849,#2850));
#596=EDGE_LOOP('',(#2851,#2852,#2853,#2854,#2855,#2856,#2857,#2858));
#597=EDGE_LOOP('',(#2859,#2860,#2861,#2862,#2863,#2864));
#598=EDGE_LOOP('',(#2865,#2866,#2867,#2868));
#599=EDGE_LOOP('',(#2869,#2870,#2871,#2872,#2873,#2874));
#600=EDGE_LOOP('',(#2875,#2876,#2877,#2878));
#601=EDGE_LOOP('',(#2879,#2880,#2881,#2882,#2883,#2884));
#602=EDGE_LOOP('',(#2885,#2886,#2887,#2888,#2889,#2890,#2891,#2892,#2893,
#2894,#2895,#2896));
#603=EDGE_LOOP('',(#2897,#2898,#2899,#2900,#2901,#2902,#2903,#2904));
#604=EDGE_LOOP('',(#2905,#2906,#2907,#2908,#2909,#2910,#2911,#2912));
#605=EDGE_LOOP('',(#2913,#2914,#2915,#2916));
#606=EDGE_LOOP('',(#2917,#2918,#2919,#2920,#2921,#2922,#2923,#2924,#2925,
#2926,#2927,#2928,#2929,#2930));
#607=EDGE_LOOP('',(#2931,#2932,#2933,#2934,#2935,#2936,#2937,#2938,#2939,
#2940,#2941,#2942));
#608=EDGE_LOOP('',(#2943,#2944,#2945,#2946));
#609=EDGE_LOOP('',(#2947,#2948,#2949,#2950));
#610=EDGE_LOOP('',(#2951,#2952,#2953,#2954));
#611=EDGE_LOOP('',(#2955,#2956,#2957,#2958));
#612=EDGE_LOOP('',(#2959,#2960,#2961,#2962));
#613=EDGE_LOOP('',(#2963,#2964,#2965,#2966,#2967));
#614=EDGE_LOOP('',(#2968,#2969,#2970,#2971));
#615=EDGE_LOOP('',(#2972,#2973,#2974,#2975));
#616=EDGE_LOOP('',(#2976,#2977,#2978,#2979));
#617=EDGE_LOOP('',(#2980,#2981,#2982,#2983));
#618=EDGE_LOOP('',(#2984,#2985,#2986,#2987,#2988,#2989,#2990,#2991));
#619=EDGE_LOOP('',(#2992,#2993,#2994,#2995,#2996,#2997));
#620=EDGE_LOOP('',(#2998,#2999,#3000,#3001,#3002));
#621=EDGE_LOOP('',(#3003,#3004,#3005,#3006,#3007));
#622=EDGE_LOOP('',(#3008,#3009,#3010,#3011));
#623=EDGE_LOOP('',(#3012,#3013,#3014,#3015));
#624=EDGE_LOOP('',(#3016,#3017,#3018,#3019));
#625=EDGE_LOOP('',(#3020,#3021,#3022,#3023));
#626=EDGE_LOOP('',(#3024,#3025,#3026,#3027));
#627=EDGE_LOOP('',(#3028,#3029,#3030,#3031,#3032,#3033,#3034,#3035,#3036,
#3037,#3038,#3039));
#628=EDGE_LOOP('',(#3040,#3041,#3042,#3043,#3044,#3045));
#629=EDGE_LOOP('',(#3046,#3047,#3048,#3049,#3050));
#630=EDGE_LOOP('',(#3051,#3052,#3053,#3054,#3055));
#631=EDGE_LOOP('',(#3056,#3057,#3058,#3059));
#632=EDGE_LOOP('',(#3060,#3061,#3062,#3063));
#633=EDGE_LOOP('',(#3064,#3065,#3066,#3067));
#634=EDGE_LOOP('',(#3068,#3069,#3070,#3071));
#635=EDGE_LOOP('',(#3072,#3073,#3074,#3075));
#636=EDGE_LOOP('',(#3076,#3077,#3078,#3079,#3080,#3081,#3082));
#637=EDGE_LOOP('',(#3083,#3084,#3085,#3086,#3087));
#638=EDGE_LOOP('',(#3088,#3089,#3090,#3091,#3092));
#639=EDGE_LOOP('',(#3093,#3094,#3095,#3096,#3097,#3098));
#640=EDGE_LOOP('',(#3099,#3100,#3101,#3102));
#641=EDGE_LOOP('',(#3103,#3104,#3105,#3106));
#642=EDGE_LOOP('',(#3107,#3108,#3109,#3110));
#643=EDGE_LOOP('',(#3111,#3112,#3113,#3114));
#644=EDGE_LOOP('',(#3115,#3116,#3117,#3118,#3119));
#645=EDGE_LOOP('',(#3120,#3121,#3122,#3123,#3124,#3125));
#646=EDGE_LOOP('',(#3126,#3127,#3128,#3129,#3130));
#647=EDGE_LOOP('',(#3131,#3132,#3133,#3134,#3135));
#648=EDGE_LOOP('',(#3136,#3137,#3138,#3139,#3140,#3141));
#649=EDGE_LOOP('',(#3142,#3143,#3144,#3145,#3146,#3147,#3148));
#650=EDGE_LOOP('',(#3149,#3150,#3151,#3152,#3153));
#651=EDGE_LOOP('',(#3154,#3155,#3156,#3157,#3158,#3159,#3160));
#652=EDGE_LOOP('',(#3161,#3162,#3163,#3164,#3165));
#653=EDGE_LOOP('',(#3166,#3167,#3168,#3169));
#654=EDGE_LOOP('',(#3170,#3171,#3172,#3173,#3174));
#655=EDGE_LOOP('',(#3175,#3176,#3177,#3178,#3179));
#656=EDGE_LOOP('',(#3180,#3181,#3182,#3183));
#657=EDGE_LOOP('',(#3184,#3185,#3186,#3187));
#658=EDGE_LOOP('',(#3188,#3189,#3190,#3191,#3192,#3193));
#659=EDGE_LOOP('',(#3194,#3195,#3196,#3197));
#660=EDGE_LOOP('',(#3198,#3199,#3200,#3201));
#661=EDGE_LOOP('',(#3202,#3203,#3204,#3205));
#662=EDGE_LOOP('',(#3206,#3207,#3208,#3209));
#663=EDGE_LOOP('',(#3210,#3211,#3212,#3213));
#664=EDGE_LOOP('',(#3214,#3215,#3216,#3217));
#665=EDGE_LOOP('',(#3218,#3219,#3220,#3221,#3222));
#666=EDGE_LOOP('',(#3223,#3224,#3225,#3226));
#667=EDGE_LOOP('',(#3227,#3228,#3229,#3230));
#668=EDGE_LOOP('',(#3231,#3232,#3233,#3234));
#669=EDGE_LOOP('',(#3235,#3236,#3237,#3238,#3239,#3240,#3241));
#670=EDGE_LOOP('',(#3242,#3243,#3244,#3245,#3246));
#671=EDGE_LOOP('',(#3247,#3248,#3249,#3250));
#672=EDGE_LOOP('',(#3251,#3252,#3253,#3254));
#673=EDGE_LOOP('',(#3255,#3256,#3257,#3258));
#674=EDGE_LOOP('',(#3259,#3260,#3261,#3262));
#675=EDGE_LOOP('',(#3263,#3264,#3265,#3266));
#676=EDGE_LOOP('',(#3267,#3268,#3269,#3270,#3271,#3272));
#677=EDGE_LOOP('',(#3273,#3274,#3275,#3276));
#678=EDGE_LOOP('',(#3277,#3278,#3279,#3280));
#679=EDGE_LOOP('',(#3281));
#680=EDGE_LOOP('',(#3282,#3283,#3284,#3285));
#681=EDGE_LOOP('',(#3286));
#682=EDGE_LOOP('',(#3287,#3288,#3289,#3290));
#683=EDGE_LOOP('',(#3291));
#684=EDGE_LOOP('',(#3292,#3293,#3294,#3295));
#685=EDGE_LOOP('',(#3296));
#686=EDGE_LOOP('',(#3297,#3298,#3299,#3300));
#687=EDGE_LOOP('',(#3301,#3302,#3303,#3304));
#688=EDGE_LOOP('',(#3305,#3306,#3307,#3308));
#689=EDGE_LOOP('',(#3309,#3310,#3311,#3312));
#690=EDGE_LOOP('',(#3313,#3314,#3315,#3316));
#691=EDGE_LOOP('',(#3317,#3318,#3319,#3320));
#692=EDGE_LOOP('',(#3321,#3322,#3323,#3324,#3325,#3326,#3327,#3328,#3329,
#3330,#3331,#3332,#3333,#3334,#3335,#3336,#3337,#3338,#3339,#3340,#3341,
#3342));
#693=EDGE_LOOP('',(#3343));
#694=EDGE_LOOP('',(#3344));
#695=EDGE_LOOP('',(#3345));
#696=EDGE_LOOP('',(#3346));
#697=EDGE_LOOP('',(#3347));
#698=EDGE_LOOP('',(#3348,#3349,#3350,#3351));
#699=EDGE_LOOP('',(#3352));
#700=EDGE_LOOP('',(#3353));
#701=EDGE_LOOP('',(#3354,#3355,#3356,#3357));
#702=EDGE_LOOP('',(#3358,#3359,#3360,#3361));
#703=EDGE_LOOP('',(#3362,#3363,#3364,#3365));
#704=EDGE_LOOP('',(#3366,#3367,#3368,#3369));
#705=EDGE_LOOP('',(#3370,#3371,#3372,#3373));
#706=EDGE_LOOP('',(#3374,#3375,#3376,#3377,#3378,#3379,#3380,#3381,#3382));
#707=EDGE_LOOP('',(#3383,#3384,#3385,#3386,#3387,#3388,#3389,#3390,#3391));
#708=LINE('',#5176,#954);
#709=LINE('',#5178,#955);
#710=LINE('',#5180,#956);
#711=LINE('',#5183,#957);
#712=LINE('',#5206,#958);
#713=LINE('',#5218,#959);
#714=LINE('',#5226,#960);
#715=LINE('',#5230,#961);
#716=LINE('',#5234,#962);
#717=LINE('',#5245,#963);
#718=LINE('',#5248,#964);
#719=LINE('',#5253,#965);
#720=LINE('',#5283,#966);
#721=LINE('',#5285,#967);
#722=LINE('',#5287,#968);
#723=LINE('',#5289,#969);
#724=LINE('',#5291,#970);
#725=LINE('',#5295,#971);
#726=LINE('',#5299,#972);
#727=LINE('',#5303,#973);
#728=LINE('',#5305,#974);
#729=LINE('',#5307,#975);
#730=LINE('',#5311,#976);
#731=LINE('',#5315,#977);
#732=LINE('',#5319,#978);
#733=LINE('',#5321,#979);
#734=LINE('',#5323,#980);
#735=LINE('',#5325,#981);
#736=LINE('',#5327,#982);
#737=LINE('',#5349,#983);
#738=LINE('',#5353,#984);
#739=LINE('',#5357,#985);
#740=LINE('',#5361,#986);
#741=LINE('',#5365,#987);
#742=LINE('',#5369,#988);
#743=LINE('',#5373,#989);
#744=LINE('',#5377,#990);
#745=LINE('',#5380,#991);
#746=LINE('',#5385,#992);
#747=LINE('',#5388,#993);
#748=LINE('',#5391,#994);
#749=LINE('',#5394,#995);
#750=LINE('',#5399,#996);
#751=LINE('',#5402,#997);
#752=LINE('',#5407,#998);
#753=LINE('',#5410,#999);
#754=LINE('',#5415,#1000);
#755=LINE('',#5418,#1001);
#756=LINE('',#5493,#1002);
#757=LINE('',#5494,#1003);
#758=LINE('',#5579,#1004);
#759=LINE('',#5581,#1005);
#760=LINE('',#5590,#1006);
#761=LINE('',#5593,#1007);
#762=LINE('',#5596,#1008);
#763=LINE('',#5597,#1009);
#764=LINE('',#5600,#1010);
#765=LINE('',#5695,#1011);
#766=LINE('',#5696,#1012);
#767=LINE('',#5790,#1013);
#768=LINE('',#5793,#1014);
#769=LINE('',#5796,#1015);
#770=LINE('',#5797,#1016);
#771=LINE('',#5805,#1017);
#772=LINE('',#5823,#1018);
#773=LINE('',#5846,#1019);
#774=LINE('',#5852,#1020);
#775=LINE('',#5856,#1021);
#776=LINE('',#5859,#1022);
#777=LINE('',#5862,#1023);
#778=LINE('',#5863,#1024);
#779=LINE('',#5869,#1025);
#780=LINE('',#5892,#1026);
#781=LINE('',#5907,#1027);
#782=LINE('',#5911,#1028);
#783=LINE('',#5913,#1029);
#784=LINE('',#5915,#1030);
#785=LINE('',#5917,#1031);
#786=LINE('',#5918,#1032);
#787=LINE('',#5920,#1033);
#788=LINE('',#5922,#1034);
#789=LINE('',#5923,#1035);
#790=LINE('',#5927,#1036);
#791=LINE('',#5930,#1037);
#792=LINE('',#5933,#1038);
#793=LINE('',#5936,#1039);
#794=LINE('',#5940,#1040);
#795=LINE('',#5942,#1041);
#796=LINE('',#5943,#1042);
#797=LINE('',#5946,#1043);
#798=LINE('',#5959,#1044);
#799=LINE('',#5963,#1045);
#800=LINE('',#5977,#1046);
#801=LINE('',#5981,#1047);
#802=LINE('',#5985,#1048);
#803=LINE('',#5989,#1049);
#804=LINE('',#5993,#1050);
#805=LINE('',#5997,#1051);
#806=LINE('',#6001,#1052);
#807=LINE('',#6002,#1053);
#808=LINE('',#6005,#1054);
#809=LINE('',#6008,#1055);
#810=LINE('',#6010,#1056);
#811=LINE('',#6012,#1057);
#812=LINE('',#6013,#1058);
#813=LINE('',#6015,#1059);
#814=LINE('',#6016,#1060);
#815=LINE('',#6018,#1061);
#816=LINE('',#6022,#1062);
#817=LINE('',#6026,#1063);
#818=LINE('',#6027,#1064);
#819=LINE('',#6032,#1065);
#820=LINE('',#6128,#1066);
#821=LINE('',#6129,#1067);
#822=LINE('',#6214,#1068);
#823=LINE('',#6217,#1069);
#824=LINE('',#6220,#1070);
#825=LINE('',#6222,#1071);
#826=LINE('',#6226,#1072);
#827=LINE('',#6234,#1073);
#828=LINE('',#6235,#1074);
#829=LINE('',#6237,#1075);
#830=LINE('',#6313,#1076);
#831=LINE('',#6316,#1077);
#832=LINE('',#6436,#1078);
#833=LINE('',#6439,#1079);
#834=LINE('',#6442,#1080);
#835=LINE('',#6454,#1081);
#836=LINE('',#6455,#1082);
#837=LINE('',#6458,#1083);
#838=LINE('',#6464,#1084);
#839=LINE('',#6467,#1085);
#840=LINE('',#6469,#1086);
#841=LINE('',#6473,#1087);
#842=LINE('',#6477,#1088);
#843=LINE('',#6478,#1089);
#844=LINE('',#6486,#1090);
#845=LINE('',#6490,#1091);
#846=LINE('',#6494,#1092);
#847=LINE('',#6500,#1093);
#848=LINE('',#6506,#1094);
#849=LINE('',#6508,#1095);
#850=LINE('',#6511,#1096);
#851=LINE('',#6512,#1097);
#852=LINE('',#6514,#1098);
#853=LINE('',#6518,#1099);
#854=LINE('',#6522,#1100);
#855=LINE('',#6523,#1101);
#856=LINE('',#6532,#1102);
#857=LINE('',#6535,#1103);
#858=LINE('',#6538,#1104);
#859=LINE('',#6541,#1105);
#860=LINE('',#6542,#1106);
#861=LINE('',#6545,#1107);
#862=LINE('',#6549,#1108);
#863=LINE('',#6552,#1109);
#864=LINE('',#6555,#1110);
#865=LINE('',#6556,#1111);
#866=LINE('',#6560,#1112);
#867=LINE('',#6563,#1113);
#868=LINE('',#6566,#1114);
#869=LINE('',#6567,#1115);
#870=LINE('',#6579,#1116);
#871=LINE('',#6581,#1117);
#872=LINE('',#6583,#1118);
#873=LINE('',#6586,#1119);
#874=LINE('',#6587,#1120);
#875=LINE('',#6589,#1121);
#876=LINE('',#6592,#1122);
#877=LINE('',#6593,#1123);
#878=LINE('',#6594,#1124);
#879=LINE('',#6596,#1125);
#880=LINE('',#6597,#1126);
#881=LINE('',#6600,#1127);
#882=LINE('',#6603,#1128);
#883=LINE('',#6606,#1129);
#884=LINE('',#6608,#1130);
#885=LINE('',#6615,#1131);
#886=LINE('',#6617,#1132);
#887=LINE('',#6634,#1133);
#888=LINE('',#6646,#1134);
#889=LINE('',#6649,#1135);
#890=LINE('',#6651,#1136);
#891=LINE('',#6653,#1137);
#892=LINE('',#6654,#1138);
#893=LINE('',#6656,#1139);
#894=LINE('',#6658,#1140);
#895=LINE('',#6730,#1141);
#896=LINE('',#6809,#1142);
#897=LINE('',#6811,#1143);
#898=LINE('',#6813,#1144);
#899=LINE('',#6901,#1145);
#900=LINE('',#6902,#1146);
#901=LINE('',#6977,#1147);
#902=LINE('',#6978,#1148);
#903=LINE('',#7011,#1149);
#904=LINE('',#7013,#1150);
#905=LINE('',#7080,#1151);
#906=LINE('',#7081,#1152);
#907=LINE('',#7159,#1153);
#908=LINE('',#7161,#1154);
#909=LINE('',#7162,#1155);
#910=LINE('',#7164,#1156);
#911=LINE('',#7166,#1157);
#912=LINE('',#7242,#1158);
#913=LINE('',#7314,#1159);
#914=LINE('',#7316,#1160);
#915=LINE('',#7318,#1161);
#916=LINE('',#7321,#1162);
#917=LINE('',#7329,#1163);
#918=LINE('',#7331,#1164);
#919=LINE('',#7339,#1165);
#920=LINE('',#7341,#1166);
#921=LINE('',#7343,#1167);
#922=LINE('',#7345,#1168);
#923=LINE('',#7348,#1169);
#924=LINE('',#7350,#1170);
#925=LINE('',#7351,#1171);
#926=LINE('',#7354,#1172);
#927=LINE('',#7361,#1173);
#928=LINE('',#7362,#1174);
#929=LINE('',#7364,#1175);
#930=LINE('',#7366,#1176);
#931=LINE('',#7370,#1177);
#932=LINE('',#7371,#1178);
#933=LINE('',#7373,#1179);
#934=LINE('',#7375,#1180);
#935=LINE('',#7377,#1181);
#936=LINE('',#7379,#1182);
#937=LINE('',#7382,#1183);
#938=LINE('',#7384,#1184);
#939=LINE('',#7387,#1185);
#940=LINE('',#7391,#1186);
#941=LINE('',#7396,#1187);
#942=LINE('',#7401,#1188);
#943=LINE('',#7406,#1189);
#944=LINE('',#7410,#1190);
#945=LINE('',#7411,#1191);
#946=LINE('',#7415,#1192);
#947=LINE('',#7416,#1193);
#948=LINE('',#7433,#1194);
#949=LINE('',#7438,#1195);
#950=LINE('',#7440,#1196);
#951=LINE('',#7442,#1197);
#952=LINE('',#7444,#1198);
#953=LINE('',#7446,#1199);
#954=VECTOR('',#4086,10.);
#955=VECTOR('',#4087,10.);
#956=VECTOR('',#4088,10.);
#957=VECTOR('',#4091,10.);
#958=VECTOR('',#4112,10.);
#959=VECTOR('',#4123,10.);
#960=VECTOR('',#4130,10.);
#961=VECTOR('',#4133,10.);
#962=VECTOR('',#4136,10.);
#963=VECTOR('',#4147,10.);
#964=VECTOR('',#4150,10.);
#965=VECTOR('',#4155,10.);
#966=VECTOR('',#4186,10.);
#967=VECTOR('',#4187,10.);
#968=VECTOR('',#4188,10.);
#969=VECTOR('',#4189,10.);
#970=VECTOR('',#4190,10.);
#971=VECTOR('',#4193,10.);
#972=VECTOR('',#4196,10.);
#973=VECTOR('',#4199,10.);
#974=VECTOR('',#4200,10.);
#975=VECTOR('',#4201,10.);
#976=VECTOR('',#4204,10.);
#977=VECTOR('',#4207,10.);
#978=VECTOR('',#4210,10.);
#979=VECTOR('',#4211,10.);
#980=VECTOR('',#4212,10.);
#981=VECTOR('',#4213,10.);
#982=VECTOR('',#4214,10.);
#983=VECTOR('',#4237,10.);
#984=VECTOR('',#4242,10.);
#985=VECTOR('',#4247,10.);
#986=VECTOR('',#4252,10.);
#987=VECTOR('',#4257,10.);
#988=VECTOR('',#4262,10.);
#989=VECTOR('',#4267,10.);
#990=VECTOR('',#4272,10.);
#991=VECTOR('',#4275,10.);
#992=VECTOR('',#4280,10.);
#993=VECTOR('',#4283,100.);
#994=VECTOR('',#4286,10.);
#995=VECTOR('',#4289,10.);
#996=VECTOR('',#4296,10.);
#997=VECTOR('',#4299,10.);
#998=VECTOR('',#4306,10.);
#999=VECTOR('',#4309,10.);
#1000=VECTOR('',#4316,10.);
#1001=VECTOR('',#4319,10.);
#1002=VECTOR('',#4342,10.);
#1003=VECTOR('',#4343,10.);
#1004=VECTOR('',#4356,10.);
#1005=VECTOR('',#4357,10.);
#1006=VECTOR('',#4362,10.);
#1007=VECTOR('',#4365,10.);
#1008=VECTOR('',#4368,10.);
#1009=VECTOR('',#4369,10.);
#1010=VECTOR('',#4372,10.);
#1011=VECTOR('',#4389,10.);
#1012=VECTOR('',#4390,10.);
#1013=VECTOR('',#4401,10.);
#1014=VECTOR('',#4404,10.);
#1015=VECTOR('',#4407,10.);
#1016=VECTOR('',#4408,10.);
#1017=VECTOR('',#4411,10.);
#1018=VECTOR('',#4416,10.);
#1019=VECTOR('',#4419,10.);
#1020=VECTOR('',#4426,10.);
#1021=VECTOR('',#4429,10.);
#1022=VECTOR('',#4432,10.);
#1023=VECTOR('',#4437,10.);
#1024=VECTOR('',#4438,10.);
#1025=VECTOR('',#4443,10.);
#1026=VECTOR('',#4446,10.);
#1027=VECTOR('',#4449,10.);
#1028=VECTOR('',#4452,10.);
#1029=VECTOR('',#4455,10.);
#1030=VECTOR('',#4458,10.);
#1031=VECTOR('',#4459,10.);
#1032=VECTOR('',#4460,10.);
#1033=VECTOR('',#4461,10.);
#1034=VECTOR('',#4462,10.);
#1035=VECTOR('',#4463,10.);
#1036=VECTOR('',#4468,10.);
#1037=VECTOR('',#4471,10.);
#1038=VECTOR('',#4474,10.);
#1039=VECTOR('',#4477,10.);
#1040=VECTOR('',#4480,10.);
#1041=VECTOR('',#4481,10.);
#1042=VECTOR('',#4482,10.);
#1043=VECTOR('',#4483,10.);
#1044=VECTOR('',#4496,10.);
#1045=VECTOR('',#4499,10.);
#1046=VECTOR('',#4512,10.);
#1047=VECTOR('',#4515,10.);
#1048=VECTOR('',#4518,10.);
#1049=VECTOR('',#4521,10.);
#1050=VECTOR('',#4524,10.);
#1051=VECTOR('',#4527,10.);
#1052=VECTOR('',#4532,10.);
#1053=VECTOR('',#4533,10.);
#1054=VECTOR('',#4538,10.);
#1055=VECTOR('',#4541,10.);
#1056=VECTOR('',#4542,10.);
#1057=VECTOR('',#4543,10.);
#1058=VECTOR('',#4544,10.);
#1059=VECTOR('',#4545,10.);
#1060=VECTOR('',#4546,10.);
#1061=VECTOR('',#4549,10.);
#1062=VECTOR('',#4552,10.);
#1063=VECTOR('',#4557,10.);
#1064=VECTOR('',#4558,10.);
#1065=VECTOR('',#4563,10.);
#1066=VECTOR('',#4578,10.);
#1067=VECTOR('',#4579,10.);
#1068=VECTOR('',#4588,10.);
#1069=VECTOR('',#4591,10.);
#1070=VECTOR('',#4594,10.);
#1071=VECTOR('',#4595,10.);
#1072=VECTOR('',#4600,10.);
#1073=VECTOR('',#4609,10.);
#1074=VECTOR('',#4610,10.);
#1075=VECTOR('',#4611,10.);
#1076=VECTOR('',#4618,10.);
#1077=VECTOR('',#4621,10.);
#1078=VECTOR('',#4636,10.);
#1079=VECTOR('',#4639,10.);
#1080=VECTOR('',#4642,10.);
#1081=VECTOR('',#4643,10.);
#1082=VECTOR('',#4644,10.);
#1083=VECTOR('',#4647,10.);
#1084=VECTOR('',#4654,10.);
#1085=VECTOR('',#4657,10.);
#1086=VECTOR('',#4660,10.);
#1087=VECTOR('',#4665,10.);
#1088=VECTOR('',#4670,10.);
#1089=VECTOR('',#4671,10.);
#1090=VECTOR('',#4674,10.);
#1091=VECTOR('',#4679,10.);
#1092=VECTOR('',#4682,10.);
#1093=VECTOR('',#4685,10.);
#1094=VECTOR('',#4692,10.);
#1095=VECTOR('',#4695,10.);
#1096=VECTOR('',#4698,10.);
#1097=VECTOR('',#4699,10.);
#1098=VECTOR('',#4702,10.);
#1099=VECTOR('',#4705,10.);
#1100=VECTOR('',#4710,10.);
#1101=VECTOR('',#4711,10.);
#1102=VECTOR('',#4716,10.);
#1103=VECTOR('',#4719,10.);
#1104=VECTOR('',#4722,10.);
#1105=VECTOR('',#4725,10.);
#1106=VECTOR('',#4726,10.);
#1107=VECTOR('',#4729,10.);
#1108=VECTOR('',#4734,10.);
#1109=VECTOR('',#4737,10.);
#1110=VECTOR('',#4740,10.);
#1111=VECTOR('',#4741,10.);
#1112=VECTOR('',#4746,10.);
#1113=VECTOR('',#4749,10.);
#1114=VECTOR('',#4754,10.);
#1115=VECTOR('',#4755,10.);
#1116=VECTOR('',#4762,10.);
#1117=VECTOR('',#4765,10.);
#1118=VECTOR('',#4768,10.);
#1119=VECTOR('',#4771,10.);
#1120=VECTOR('',#4772,10.);
#1121=VECTOR('',#4775,10.);
#1122=VECTOR('',#4780,10.);
#1123=VECTOR('',#4781,10.);
#1124=VECTOR('',#4782,10.);
#1125=VECTOR('',#4785,10.);
#1126=VECTOR('',#4786,10.);
#1127=VECTOR('',#4789,10.);
#1128=VECTOR('',#4792,10.);
#1129=VECTOR('',#4795,10.);
#1130=VECTOR('',#4796,10.);
#1131=VECTOR('',#4803,10.);
#1132=VECTOR('',#4804,10.);
#1133=VECTOR('',#4821,10.);
#1134=VECTOR('',#4832,10.);
#1135=VECTOR('',#4837,10.);
#1136=VECTOR('',#4840,10.);
#1137=VECTOR('',#4843,10.);
#1138=VECTOR('',#4844,10.);
#1139=VECTOR('',#4847,10.);
#1140=VECTOR('',#4850,10.);
#1141=VECTOR('',#4863,10.);
#1142=VECTOR('',#4874,10.);
#1143=VECTOR('',#4877,10.);
#1144=VECTOR('',#4880,10.);
#1145=VECTOR('',#4899,10.);
#1146=VECTOR('',#4900,10.);
#1147=VECTOR('',#4913,10.);
#1148=VECTOR('',#4914,10.);
#1149=VECTOR('',#4919,10.);
#1150=VECTOR('',#4922,10.);
#1151=VECTOR('',#4943,10.);
#1152=VECTOR('',#4944,10.);
#1153=VECTOR('',#4959,10.);
#1154=VECTOR('',#4960,10.);
#1155=VECTOR('',#4961,10.);
#1156=VECTOR('',#4964,10.);
#1157=VECTOR('',#4967,10.);
#1158=VECTOR('',#4982,10.);
#1159=VECTOR('',#4991,10.);
#1160=VECTOR('',#4994,10.);
#1161=VECTOR('',#4997,10.);
#1162=VECTOR('',#5002,10.);
#1163=VECTOR('',#5003,10.);
#1164=VECTOR('',#5006,10.);
#1165=VECTOR('',#5009,10.);
#1166=VECTOR('',#5012,10.);
#1167=VECTOR('',#5015,10.);
#1168=VECTOR('',#5018,10.);
#1169=VECTOR('',#5023,100.);
#1170=VECTOR('',#5026,10.);
#1171=VECTOR('',#5027,10.);
#1172=VECTOR('',#5030,10.);
#1173=VECTOR('',#5043,10.);
#1174=VECTOR('',#5044,10.);
#1175=VECTOR('',#5047,10.);
#1176=VECTOR('',#5050,10.);
#1177=VECTOR('',#5057,10.);
#1178=VECTOR('',#5058,10.);
#1179=VECTOR('',#5061,10.);
#1180=VECTOR('',#5064,10.);
#1181=VECTOR('',#5067,10.);
#1182=VECTOR('',#5070,10.);
#1183=VECTOR('',#5075,10.);
#1184=VECTOR('',#5078,10.);
#1185=VECTOR('',#5083,10.);
#1186=VECTOR('',#5088,1.925);
#1187=VECTOR('',#5095,1.925);
#1188=VECTOR('',#5102,1.925);
#1189=VECTOR('',#5109,1.925);
#1190=VECTOR('',#5116,10.);
#1191=VECTOR('',#5117,10.);
#1192=VECTOR('',#5124,10.);
#1193=VECTOR('',#5125,10.);
#1194=VECTOR('',#5146,15.875);
#1195=VECTOR('',#5153,12.7);
#1196=VECTOR('',#5156,2.75);
#1197=VECTOR('',#5159,2.75);
#1198=VECTOR('',#5162,2.75);
#1199=VECTOR('',#5165,2.75);
#1200=CIRCLE('',#3660,2.);
#1201=CIRCLE('',#3661,2.);
#1202=CIRCLE('',#3662,1.925);
#1203=CIRCLE('',#3663,1.925);
#1204=CIRCLE('',#3664,1.925);
#1205=CIRCLE('',#3665,1.925);
#1206=CIRCLE('',#3666,26.);
#1207=CIRCLE('',#3667,2.50000000000031);
#1208=CIRCLE('',#3668,21.);
#1209=CIRCLE('',#3669,2.50000000000035);
#1210=CIRCLE('',#3670,2.5);
#1211=CIRCLE('',#3671,5.);
#1212=CIRCLE('',#3672,5.);
#1213=CIRCLE('',#3673,2.5);
#1214=CIRCLE('',#3674,19.1);
#1215=CIRCLE('',#3675,2.5);
#1216=CIRCLE('',#3676,5.);
#1217=CIRCLE('',#3677,5.);
#1218=CIRCLE('',#3678,2.5);
#1219=CIRCLE('',#3679,19.1);
#1220=CIRCLE('',#3680,2.);
#1221=CIRCLE('',#3681,2.);
#1222=CIRCLE('',#3682,2.5);
#1223=CIRCLE('',#3683,21.);
#1224=CIRCLE('',#3684,2.49999999999999);
#1225=CIRCLE('',#3686,0.5);
#1226=CIRCLE('',#3687,0.5);
#1227=CIRCLE('',#3689,5.);
#1228=CIRCLE('',#3690,5.);
#1229=CIRCLE('',#3692,17.5);
#1230=CIRCLE('',#3693,0.5);
#1231=CIRCLE('',#3694,5.);
#1232=CIRCLE('',#3695,0.5);
#1233=CIRCLE('',#3696,17.5);
#1234=CIRCLE('',#3697,0.5);
#1235=CIRCLE('',#3698,5.);
#1236=CIRCLE('',#3699,0.5);
#1237=CIRCLE('',#3700,17.5);
#1238=CIRCLE('',#3701,0.5);
#1239=CIRCLE('',#3702,3.75000000000806);
#1240=CIRCLE('',#3703,100.);
#1241=CIRCLE('',#3704,1.);
#1242=CIRCLE('',#3705,1.);
#1243=CIRCLE('',#3706,1.00000000000001);
#1244=CIRCLE('',#3707,1.);
#1245=CIRCLE('',#3708,1.);
#1246=CIRCLE('',#3709,0.999999999999994);
#1247=CIRCLE('',#3710,1.00000000000001);
#1248=CIRCLE('',#3711,1.);
#1249=CIRCLE('',#3712,100.);
#1250=CIRCLE('',#3713,3.75000000000073);
#1251=CIRCLE('',#3714,0.5);
#1252=CIRCLE('',#3715,17.5);
#1253=CIRCLE('',#3716,0.5);
#1254=CIRCLE('',#3717,5.);
#1255=CIRCLE('',#3718,0.5);
#1256=CIRCLE('',#3719,17.5);
#1257=CIRCLE('',#3720,0.5);
#1258=CIRCLE('',#3722,0.5);
#1259=CIRCLE('',#3724,17.5);
#1260=CIRCLE('',#3726,0.5);
#1261=CIRCLE('',#3728,5.);
#1262=CIRCLE('',#3730,0.5);
#1263=CIRCLE('',#3732,17.5);
#1264=CIRCLE('',#3734,0.5);
#1265=CIRCLE('',#3736,0.5);
#1266=CIRCLE('',#3738,3.75000000000806);
#1267=CIRCLE('',#3739,3.75000000000806);
#1268=CIRCLE('',#3741,0.5);
#1269=CIRCLE('',#3743,17.5);
#1270=CIRCLE('',#3745,0.5);
#1271=CIRCLE('',#3747,5.);
#1272=CIRCLE('',#3749,0.5);
#1273=CIRCLE('',#3751,17.5);
#1274=CIRCLE('',#3753,0.5);
#1275=CIRCLE('',#3755,5.);
#1276=CIRCLE('',#3757,17.5);
#1277=CIRCLE('',#3758,1.5);
#1278=CIRCLE('',#3760,1.5);
#1279=CIRCLE('',#3761,2.);
#1280=CIRCLE('',#3762,3.5);
#1281=CIRCLE('',#3764,1.5);
#1282=CIRCLE('',#3766,1.49999999999999);
#1283=CIRCLE('',#3767,2.);
#1284=CIRCLE('',#3768,3.5);
#1285=CIRCLE('',#3770,2.);
#1286=CIRCLE('',#3771,2.);
#1287=CIRCLE('',#3777,1.5);
#1288=CIRCLE('',#3779,1.49999999999999);
#1289=CIRCLE('',#3780,2.);
#1290=CIRCLE('',#3781,3.5);
#1291=CIRCLE('',#3783,1.5);
#1292=CIRCLE('',#3785,1.49999999999999);
#1293=CIRCLE('',#3786,2.);
#1294=CIRCLE('',#3787,3.5);
#1295=CIRCLE('',#3812,2.);
#1296=CIRCLE('',#3814,2.);
#1297=CIRCLE('',#3815,1.);
#1298=CIRCLE('',#3816,100.);
#1299=CIRCLE('',#3817,17.5);
#1300=CIRCLE('',#3818,3.75000000000073);
#1301=CIRCLE('',#3819,100.);
#1302=CIRCLE('',#3820,1.);
#1303=CIRCLE('',#3821,2.);
#1304=CIRCLE('',#3822,2.);
#1305=CIRCLE('',#3823,2.75);
#1306=CIRCLE('',#3824,2.75);
#1307=CIRCLE('',#3825,2.75);
#1308=CIRCLE('',#3826,2.75);
#1309=CIRCLE('',#3827,15.875);
#1310=CIRCLE('',#3828,1.);
#1311=CIRCLE('',#3829,1.);
#1312=CIRCLE('',#3830,1.00000000000001);
#1313=CIRCLE('',#3831,0.999999999999994);
#1314=CIRCLE('',#3832,1.);
#1315=CIRCLE('',#3833,1.00000000000001);
#1316=CIRCLE('',#3845,2.00000000000001);
#1317=CIRCLE('',#3846,2.);
#1318=CIRCLE('',#3850,2.);
#1319=CIRCLE('',#3851,2.);
#1320=CIRCLE('',#3862,1.49999999999999);
#1321=CIRCLE('',#3863,2.);
#1322=CIRCLE('',#3865,2.);
#1323=CIRCLE('',#3866,2.);
#1324=CIRCLE('',#3867,2.);
#1325=CIRCLE('',#3873,1.49999999999999);
#1326=CIRCLE('',#3882,2.);
#1327=CIRCLE('',#3901,2.);
#1328=CIRCLE('',#3903,2.);
#1329=CIRCLE('',#3906,2.);
#1330=CIRCLE('',#3908,2.);
#1331=CIRCLE('',#3911,2.);
#1332=CIRCLE('',#3915,2.);
#1333=CIRCLE('',#3917,2.);
#1334=CIRCLE('',#3922,2.);
#1335=CIRCLE('',#3926,2.5);
#1336=CIRCLE('',#3928,2.49999999999999);
#1337=CIRCLE('',#3929,21.);
#1338=CIRCLE('',#3930,2.5);
#1339=CIRCLE('',#3931,26.);
#1340=CIRCLE('',#3932,2.50000000000035);
#1341=CIRCLE('',#3933,21.);
#1342=CIRCLE('',#3934,2.50000000000031);
#1343=CIRCLE('',#3935,26.);
#1344=CIRCLE('',#3936,19.1);
#1345=CIRCLE('',#3937,2.5);
#1346=CIRCLE('',#3938,5.);
#1347=CIRCLE('',#3939,5.);
#1348=CIRCLE('',#3940,2.5);
#1349=CIRCLE('',#3941,19.1);
#1350=CIRCLE('',#3942,2.5);
#1351=CIRCLE('',#3943,5.);
#1352=CIRCLE('',#3944,5.);
#1353=CIRCLE('',#3951,2.);
#1354=CIRCLE('',#3952,2.);
#1355=CIRCLE('',#3955,2.);
#1356=CIRCLE('',#3956,2.);
#1357=CIRCLE('',#3960,2.);
#1358=CIRCLE('',#3965,2.);
#1359=CIRCLE('',#3967,2.);
#1360=CIRCLE('',#3971,1.99999999999999);
#1361=CIRCLE('',#3972,2.);
#1362=CIRCLE('',#3978,26.);
#1363=CIRCLE('',#3982,2.);
#1364=CIRCLE('',#3984,2.);
#1365=CIRCLE('',#3986,2.);
#1366=CIRCLE('',#3990,2.);
#1367=CIRCLE('',#3991,2.00000000000001);
#1368=CIRCLE('',#3997,2.);
#1369=CIRCLE('',#4002,2.);
#1370=CIRCLE('',#4003,2.);
#1371=CIRCLE('',#4006,2.);
#1372=CIRCLE('',#4007,2.);
#1373=CIRCLE('',#4024,3.75000000000073);
#1374=CIRCLE('',#4026,17.5);
#1375=CIRCLE('',#4046,1.925);
#1376=CIRCLE('',#4049,1.925);
#1377=CIRCLE('',#4052,1.925);
#1378=CIRCLE('',#4055,1.925);
#1379=CIRCLE('',#4064,2.75);
#1380=CIRCLE('',#4065,2.75);
#1381=CIRCLE('',#4066,2.75);
#1382=CIRCLE('',#4067,2.75);
#1383=CIRCLE('',#4068,12.7);
#1384=CIRCLE('',#4070,15.875);
#1385=CIRCLE('',#4072,12.7);
#1386=VERTEX_POINT('',#5172);
#1387=VERTEX_POINT('',#5173);
#1388=VERTEX_POINT('',#5175);
#1389=VERTEX_POINT('',#5177);
#1390=VERTEX_POINT('',#5179);
#1391=VERTEX_POINT('',#5181);
#1392=VERTEX_POINT('',#5184);
#1393=VERTEX_POINT('',#5186);
#1394=VERTEX_POINT('',#5188);
#1395=VERTEX_POINT('',#5190);
#1396=VERTEX_POINT('',#5192);
#1397=VERTEX_POINT('',#5193);
#1398=VERTEX_POINT('',#5195);
#1399=VERTEX_POINT('',#5197);
#1400=VERTEX_POINT('',#5200);
#1401=VERTEX_POINT('',#5201);
#1402=VERTEX_POINT('',#5203);
#1403=VERTEX_POINT('',#5205);
#1404=VERTEX_POINT('',#5207);
#1405=VERTEX_POINT('',#5209);
#1406=VERTEX_POINT('',#5211);
#1407=VERTEX_POINT('',#5213);
#1408=VERTEX_POINT('',#5215);
#1409=VERTEX_POINT('',#5217);
#1410=VERTEX_POINT('',#5219);
#1411=VERTEX_POINT('',#5221);
#1412=VERTEX_POINT('',#5224);
#1413=VERTEX_POINT('',#5225);
#1414=VERTEX_POINT('',#5227);
#1415=VERTEX_POINT('',#5229);
#1416=VERTEX_POINT('',#5231);
#1417=VERTEX_POINT('',#5233);
#1418=VERTEX_POINT('',#5235);
#1419=VERTEX_POINT('',#5237);
#1420=VERTEX_POINT('',#5241);
#1421=VERTEX_POINT('',#5242);
#1422=VERTEX_POINT('',#5244);
#1423=VERTEX_POINT('',#5246);
#1424=VERTEX_POINT('',#5250);
#1425=VERTEX_POINT('',#5252);
#1426=VERTEX_POINT('',#5256);
#1427=VERTEX_POINT('',#5258);
#1428=VERTEX_POINT('',#5260);
#1429=VERTEX_POINT('',#5262);
#1430=VERTEX_POINT('',#5264);
#1431=VERTEX_POINT('',#5266);
#1432=VERTEX_POINT('',#5268);
#1433=VERTEX_POINT('',#5270);
#1434=VERTEX_POINT('',#5272);
#1435=VERTEX_POINT('',#5274);
#1436=VERTEX_POINT('',#5276);
#1437=VERTEX_POINT('',#5278);
#1438=VERTEX_POINT('',#5280);
#1439=VERTEX_POINT('',#5282);
#1440=VERTEX_POINT('',#5284);
#1441=VERTEX_POINT('',#5286);
#1442=VERTEX_POINT('',#5288);
#1443=VERTEX_POINT('',#5290);
#1444=VERTEX_POINT('',#5292);
#1445=VERTEX_POINT('',#5294);
#1446=VERTEX_POINT('',#5296);
#1447=VERTEX_POINT('',#5298);
#1448=VERTEX_POINT('',#5300);
#1449=VERTEX_POINT('',#5302);
#1450=VERTEX_POINT('',#5304);
#1451=VERTEX_POINT('',#5306);
#1452=VERTEX_POINT('',#5308);
#1453=VERTEX_POINT('',#5310);
#1454=VERTEX_POINT('',#5312);
#1455=VERTEX_POINT('',#5314);
#1456=VERTEX_POINT('',#5316);
#1457=VERTEX_POINT('',#5318);
#1458=VERTEX_POINT('',#5320);
#1459=VERTEX_POINT('',#5322);
#1460=VERTEX_POINT('',#5324);
#1461=VERTEX_POINT('',#5326);
#1462=VERTEX_POINT('',#5328);
#1463=VERTEX_POINT('',#5330);
#1464=VERTEX_POINT('',#5332);
#1465=VERTEX_POINT('',#5334);
#1466=VERTEX_POINT('',#5336);
#1467=VERTEX_POINT('',#5338);
#1468=VERTEX_POINT('',#5340);
#1469=VERTEX_POINT('',#5342);
#1470=VERTEX_POINT('',#5344);
#1471=VERTEX_POINT('',#5348);
#1472=VERTEX_POINT('',#5352);
#1473=VERTEX_POINT('',#5356);
#1474=VERTEX_POINT('',#5360);
#1475=VERTEX_POINT('',#5364);
#1476=VERTEX_POINT('',#5368);
#1477=VERTEX_POINT('',#5372);
#1478=VERTEX_POINT('',#5376);
#1479=VERTEX_POINT('',#5378);
#1480=VERTEX_POINT('',#5382);
#1481=VERTEX_POINT('',#5384);
#1482=VERTEX_POINT('',#5386);
#1483=VERTEX_POINT('',#5390);
#1484=VERTEX_POINT('',#5392);
#1485=VERTEX_POINT('',#5398);
#1486=VERTEX_POINT('',#5400);
#1487=VERTEX_POINT('',#5406);
#1488=VERTEX_POINT('',#5408);
#1489=VERTEX_POINT('',#5414);
#1490=VERTEX_POINT('',#5416);
#1491=VERTEX_POINT('',#5463);
#1492=VERTEX_POINT('',#5464);
#1493=VERTEX_POINT('',#5466);
#1494=VERTEX_POINT('',#5484);
#1495=VERTEX_POINT('',#5485);
#1496=VERTEX_POINT('',#5490);
#1497=VERTEX_POINT('',#5491);
#1498=VERTEX_POINT('',#5496);
#1499=VERTEX_POINT('',#5497);
#1500=VERTEX_POINT('',#5536);
#1501=VERTEX_POINT('',#5537);
#1502=VERTEX_POINT('',#5572);
#1503=VERTEX_POINT('',#5577);
#1504=VERTEX_POINT('',#5580);
#1505=VERTEX_POINT('',#5582);
#1506=VERTEX_POINT('',#5589);
#1507=VERTEX_POINT('',#5591);
#1508=VERTEX_POINT('',#5595);
#1509=VERTEX_POINT('',#5599);
#1510=VERTEX_POINT('',#5642);
#1511=VERTEX_POINT('',#5643);
#1512=VERTEX_POINT('',#5666);
#1513=VERTEX_POINT('',#5675);
#1514=VERTEX_POINT('',#5686);
#1515=VERTEX_POINT('',#5687);
#1516=VERTEX_POINT('',#5692);
#1517=VERTEX_POINT('',#5693);
#1518=VERTEX_POINT('',#5698);
#1519=VERTEX_POINT('',#5699);
#1520=VERTEX_POINT('',#5763);
#1521=VERTEX_POINT('',#5789);
#1522=VERTEX_POINT('',#5791);
#1523=VERTEX_POINT('',#5795);
#1524=VERTEX_POINT('',#5799);
#1525=VERTEX_POINT('',#5804);
#1526=VERTEX_POINT('',#5808);
#1527=VERTEX_POINT('',#5809);
#1528=VERTEX_POINT('',#5822);
#1529=VERTEX_POINT('',#5824);
#1530=VERTEX_POINT('',#5843);
#1531=VERTEX_POINT('',#5845);
#1532=VERTEX_POINT('',#5849);
#1533=VERTEX_POINT('',#5851);
#1534=VERTEX_POINT('',#5853);
#1535=VERTEX_POINT('',#5855);
#1536=VERTEX_POINT('',#5858);
#1537=VERTEX_POINT('',#5865);
#1538=VERTEX_POINT('',#5866);
#1539=VERTEX_POINT('',#5868);
#1540=VERTEX_POINT('',#5870);
#1541=VERTEX_POINT('',#5872);
#1542=VERTEX_POINT('',#5891);
#1543=VERTEX_POINT('',#5906);
#1544=VERTEX_POINT('',#5908);
#1545=VERTEX_POINT('',#5910);
#1546=VERTEX_POINT('',#5916);
#1547=VERTEX_POINT('',#5919);
#1548=VERTEX_POINT('',#5921);
#1549=VERTEX_POINT('',#5925);
#1550=VERTEX_POINT('',#5929);
#1551=VERTEX_POINT('',#5931);
#1552=VERTEX_POINT('',#5935);
#1553=VERTEX_POINT('',#5937);
#1554=VERTEX_POINT('',#5939);
#1555=VERTEX_POINT('',#5941);
#1556=VERTEX_POINT('',#5944);
#1557=VERTEX_POINT('',#5945);
#1558=VERTEX_POINT('',#5947);
#1559=VERTEX_POINT('',#5950);
#1560=VERTEX_POINT('',#5952);
#1561=VERTEX_POINT('',#5954);
#1562=VERTEX_POINT('',#5956);
#1563=VERTEX_POINT('',#5958);
#1564=VERTEX_POINT('',#5960);
#1565=VERTEX_POINT('',#5962);
#1566=VERTEX_POINT('',#5965);
#1567=VERTEX_POINT('',#5967);
#1568=VERTEX_POINT('',#5969);
#1569=VERTEX_POINT('',#5971);
#1570=VERTEX_POINT('',#5973);
#1571=VERTEX_POINT('',#5975);
#1572=VERTEX_POINT('',#5976);
#1573=VERTEX_POINT('',#5978);
#1574=VERTEX_POINT('',#5980);
#1575=VERTEX_POINT('',#5982);
#1576=VERTEX_POINT('',#5984);
#1577=VERTEX_POINT('',#5987);
#1578=VERTEX_POINT('',#5988);
#1579=VERTEX_POINT('',#5990);
#1580=VERTEX_POINT('',#5992);
#1581=VERTEX_POINT('',#5994);
#1582=VERTEX_POINT('',#5996);
#1583=VERTEX_POINT('',#6000);
#1584=VERTEX_POINT('',#6007);
#1585=VERTEX_POINT('',#6009);
#1586=VERTEX_POINT('',#6011);
#1587=VERTEX_POINT('',#6014);
#1588=VERTEX_POINT('',#6019);
#1589=VERTEX_POINT('',#6021);
#1590=VERTEX_POINT('',#6025);
#1591=VERTEX_POINT('',#6029);
#1592=VERTEX_POINT('',#6031);
#1593=VERTEX_POINT('',#6069);
#1594=VERTEX_POINT('',#6070);
#1595=VERTEX_POINT('',#6075);
#1596=VERTEX_POINT('',#6083);
#1597=VERTEX_POINT('',#6085);
#1598=VERTEX_POINT('',#6119);
#1599=VERTEX_POINT('',#6120);
#1600=VERTEX_POINT('',#6125);
#1601=VERTEX_POINT('',#6126);
#1602=VERTEX_POINT('',#6165);
#1603=VERTEX_POINT('',#6166);
#1604=VERTEX_POINT('',#6173);
#1605=VERTEX_POINT('',#6181);
#1606=VERTEX_POINT('',#6213);
#1607=VERTEX_POINT('',#6215);
#1608=VERTEX_POINT('',#6219);
#1609=VERTEX_POINT('',#6221);
#1610=VERTEX_POINT('',#6225);
#1611=VERTEX_POINT('',#6227);
#1612=VERTEX_POINT('',#6231);
#1613=VERTEX_POINT('',#6233);
#1614=VERTEX_POINT('',#6236);
#1615=VERTEX_POINT('',#6283);
#1616=VERTEX_POINT('',#6284);
#1617=VERTEX_POINT('',#6291);
#1618=VERTEX_POINT('',#6299);
#1619=VERTEX_POINT('',#6309);
#1620=VERTEX_POINT('',#6310);
#1621=VERTEX_POINT('',#6312);
#1622=VERTEX_POINT('',#6314);
#1623=VERTEX_POINT('',#6337);
#1624=VERTEX_POINT('',#6338);
#1625=VERTEX_POINT('',#6382);
#1626=VERTEX_POINT('',#6383);
#1627=VERTEX_POINT('',#6398);
#1628=VERTEX_POINT('',#6434);
#1629=VERTEX_POINT('',#6437);
#1630=VERTEX_POINT('',#6441);
#1631=VERTEX_POINT('',#6443);
#1632=VERTEX_POINT('',#6457);
#1633=VERTEX_POINT('',#6459);
#1634=VERTEX_POINT('',#6463);
#1635=VERTEX_POINT('',#6465);
#1636=VERTEX_POINT('',#6472);
#1637=VERTEX_POINT('',#6476);
#1638=VERTEX_POINT('',#6480);
#1639=VERTEX_POINT('',#6485);
#1640=VERTEX_POINT('',#6489);
#1641=VERTEX_POINT('',#6491);
#1642=VERTEX_POINT('',#6493);
#1643=VERTEX_POINT('',#6503);
#1644=VERTEX_POINT('',#6505);
#1645=VERTEX_POINT('',#6510);
#1646=VERTEX_POINT('',#6515);
#1647=VERTEX_POINT('',#6517);
#1648=VERTEX_POINT('',#6521);
#1649=VERTEX_POINT('',#6525);
#1650=VERTEX_POINT('',#6530);
#1651=VERTEX_POINT('',#6534);
#1652=VERTEX_POINT('',#6536);
#1653=VERTEX_POINT('',#6540);
#1654=VERTEX_POINT('',#6544);
#1655=VERTEX_POINT('',#6548);
#1656=VERTEX_POINT('',#6550);
#1657=VERTEX_POINT('',#6554);
#1658=VERTEX_POINT('',#6558);
#1659=VERTEX_POINT('',#6562);
#1660=VERTEX_POINT('',#6568);
#1661=VERTEX_POINT('',#6577);
#1662=VERTEX_POINT('',#6585);
#1663=VERTEX_POINT('',#6599);
#1664=VERTEX_POINT('',#6601);
#1665=VERTEX_POINT('',#6605);
#1666=VERTEX_POINT('',#6607);
#1667=VERTEX_POINT('',#6609);
#1668=VERTEX_POINT('',#6611);
#1669=VERTEX_POINT('',#6613);
#1670=VERTEX_POINT('',#6616);
#1671=VERTEX_POINT('',#6618);
#1672=VERTEX_POINT('',#6620);
#1673=VERTEX_POINT('',#6622);
#1674=VERTEX_POINT('',#6624);
#1675=VERTEX_POINT('',#6627);
#1676=VERTEX_POINT('',#6629);
#1677=VERTEX_POINT('',#6631);
#1678=VERTEX_POINT('',#6633);
#1679=VERTEX_POINT('',#6635);
#1680=VERTEX_POINT('',#6637);
#1681=VERTEX_POINT('',#6639);
#1682=VERTEX_POINT('',#6641);
#1683=VERTEX_POINT('',#6643);
#1684=VERTEX_POINT('',#6645);
#1685=VERTEX_POINT('',#6694);
#1686=VERTEX_POINT('',#6701);
#1687=VERTEX_POINT('',#6724);
#1688=VERTEX_POINT('',#6728);
#1689=VERTEX_POINT('',#6751);
#1690=VERTEX_POINT('',#6799);
#1691=VERTEX_POINT('',#6859);
#1692=VERTEX_POINT('',#6860);
#1693=VERTEX_POINT('',#6867);
#1694=VERTEX_POINT('',#6869);
#1695=VERTEX_POINT('',#6892);
#1696=VERTEX_POINT('',#6893);
#1697=VERTEX_POINT('',#6898);
#1698=VERTEX_POINT('',#6899);
#1699=VERTEX_POINT('',#6923);
#1700=VERTEX_POINT('',#6924);
#1701=VERTEX_POINT('',#6958);
#1702=VERTEX_POINT('',#6959);
#1703=VERTEX_POINT('',#6979);
#1704=VERTEX_POINT('',#6986);
#1705=VERTEX_POINT('',#6995);
#1706=VERTEX_POINT('',#7002);
#1707=VERTEX_POINT('',#7046);
#1708=VERTEX_POINT('',#7048);
#1709=VERTEX_POINT('',#7071);
#1710=VERTEX_POINT('',#7072);
#1711=VERTEX_POINT('',#7077);
#1712=VERTEX_POINT('',#7078);
#1713=VERTEX_POINT('',#7102);
#1714=VERTEX_POINT('',#7103);
#1715=VERTEX_POINT('',#7147);
#1716=VERTEX_POINT('',#7148);
#1717=VERTEX_POINT('',#7160);
#1718=VERTEX_POINT('',#7213);
#1719=VERTEX_POINT('',#7236);
#1720=VERTEX_POINT('',#7240);
#1721=VERTEX_POINT('',#7263);
#1722=VERTEX_POINT('',#7301);
#1723=VERTEX_POINT('',#7322);
#1724=VERTEX_POINT('',#7353);
#1725=VERTEX_POINT('',#7390);
#1726=VERTEX_POINT('',#7395);
#1727=VERTEX_POINT('',#7400);
#1728=VERTEX_POINT('',#7405);
#1729=VERTEX_POINT('',#7420);
#1730=VERTEX_POINT('',#7422);
#1731=VERTEX_POINT('',#7424);
#1732=VERTEX_POINT('',#7426);
#1733=VERTEX_POINT('',#7428);
#1734=VERTEX_POINT('',#7431);
#1735=VERTEX_POINT('',#7435);
#1736=EDGE_CURVE('',#1386,#1387,#1200,.T.);
#1737=EDGE_CURVE('',#1387,#1388,#708,.T.);
#1738=EDGE_CURVE('',#1388,#1389,#709,.T.);
#1739=EDGE_CURVE('',#1389,#1390,#710,.T.);
#1740=EDGE_CURVE('',#1390,#1391,#1201,.T.);
#1741=EDGE_CURVE('',#1391,#1386,#711,.T.);
#1742=EDGE_CURVE('',#1392,#1392,#1202,.T.);
#1743=EDGE_CURVE('',#1393,#1393,#1203,.T.);
#1744=EDGE_CURVE('',#1394,#1394,#1204,.T.);
#1745=EDGE_CURVE('',#1395,#1395,#1205,.T.);
#1746=EDGE_CURVE('',#1396,#1397,#1206,.T.);
#1747=EDGE_CURVE('',#1397,#1398,#1207,.T.);
#1748=EDGE_CURVE('',#1398,#1399,#1208,.T.);
#1749=EDGE_CURVE('',#1399,#1396,#1209,.T.);
#1750=EDGE_CURVE('',#1400,#1401,#1210,.T.);
#1751=EDGE_CURVE('',#1401,#1402,#1211,.T.);
#1752=EDGE_CURVE('',#1402,#1403,#712,.T.);
#1753=EDGE_CURVE('',#1403,#1404,#1212,.T.);
#1754=EDGE_CURVE('',#1404,#1405,#1213,.T.);
#1755=EDGE_CURVE('',#1405,#1406,#1214,.T.);
#1756=EDGE_CURVE('',#1406,#1407,#1215,.T.);
#1757=EDGE_CURVE('',#1407,#1408,#1216,.T.);
#1758=EDGE_CURVE('',#1408,#1409,#713,.T.);
#1759=EDGE_CURVE('',#1409,#1410,#1217,.T.);
#1760=EDGE_CURVE('',#1410,#1411,#1218,.T.);
#1761=EDGE_CURVE('',#1411,#1400,#1219,.T.);
#1762=EDGE_CURVE('',#1412,#1413,#714,.T.);
#1763=EDGE_CURVE('',#1413,#1414,#1220,.T.);
#1764=EDGE_CURVE('',#1414,#1415,#715,.T.);
#1765=EDGE_CURVE('',#1415,#1416,#1221,.T.);
#1766=EDGE_CURVE('',#1416,#1417,#716,.T.);
#1767=EDGE_CURVE('',#1417,#1418,#1222,.T.);
#1768=EDGE_CURVE('',#1418,#1419,#1223,.T.);
#1769=EDGE_CURVE('',#1419,#1412,#1224,.T.);
#1770=EDGE_CURVE('',#1420,#1421,#1225,.T.);
#1771=EDGE_CURVE('',#1421,#1422,#717,.T.);
#1772=EDGE_CURVE('',#1422,#1423,#1226,.F.);
#1773=EDGE_CURVE('',#1423,#1420,#718,.T.);
#1774=EDGE_CURVE('',#1424,#1421,#1227,.T.);
#1775=EDGE_CURVE('',#1425,#1424,#719,.T.);
#1776=EDGE_CURVE('',#1425,#1422,#1228,.T.);
#1777=EDGE_CURVE('',#1420,#1426,#1229,.T.);
#1778=EDGE_CURVE('',#1427,#1426,#1230,.T.);
#1779=EDGE_CURVE('',#1427,#1428,#1231,.T.);
#1780=EDGE_CURVE('',#1429,#1428,#1232,.T.);
#1781=EDGE_CURVE('',#1429,#1430,#1233,.T.);
#1782=EDGE_CURVE('',#1431,#1430,#1234,.T.);
#1783=EDGE_CURVE('',#1431,#1432,#1235,.T.);
#1784=EDGE_CURVE('',#1433,#1432,#1236,.T.);
#1785=EDGE_CURVE('',#1433,#1434,#1237,.T.);
#1786=EDGE_CURVE('',#1435,#1434,#1238,.T.);
#1787=EDGE_CURVE('',#1435,#1436,#1239,.T.);
#1788=EDGE_CURVE('',#1437,#1436,#1240,.T.);
#1789=EDGE_CURVE('',#1437,#1438,#1241,.T.);
#1790=EDGE_CURVE('',#1438,#1439,#720,.T.);
#1791=EDGE_CURVE('',#1440,#1439,#721,.T.);
#1792=EDGE_CURVE('',#1440,#1441,#722,.T.);
#1793=EDGE_CURVE('',#1442,#1441,#723,.T.);
#1794=EDGE_CURVE('',#1442,#1443,#724,.T.);
#1795=EDGE_CURVE('',#1443,#1444,#1242,.T.);
#1796=EDGE_CURVE('',#1444,#1445,#725,.T.);
#1797=EDGE_CURVE('',#1445,#1446,#1243,.T.);
#1798=EDGE_CURVE('',#1446,#1447,#726,.T.);
#1799=EDGE_CURVE('',#1447,#1448,#1244,.T.);
#1800=EDGE_CURVE('',#1449,#1448,#727,.T.);
#1801=EDGE_CURVE('',#1450,#1449,#728,.T.);
#1802=EDGE_CURVE('',#1451,#1450,#729,.T.);
#1803=EDGE_CURVE('',#1451,#1452,#1245,.T.);
#1804=EDGE_CURVE('',#1452,#1453,#730,.T.);
#1805=EDGE_CURVE('',#1453,#1454,#1246,.T.);
#1806=EDGE_CURVE('',#1454,#1455,#731,.T.);
#1807=EDGE_CURVE('',#1455,#1456,#1247,.T.);
#1808=EDGE_CURVE('',#1456,#1457,#732,.T.);
#1809=EDGE_CURVE('',#1458,#1457,#733,.T.);
#1810=EDGE_CURVE('',#1459,#1458,#734,.T.);
#1811=EDGE_CURVE('',#1460,#1459,#735,.T.);
#1812=EDGE_CURVE('',#1460,#1461,#736,.T.);
#1813=EDGE_CURVE('',#1461,#1462,#1248,.T.);
#1814=EDGE_CURVE('',#1463,#1462,#1249,.T.);
#1815=EDGE_CURVE('',#1463,#1464,#1250,.T.);
#1816=EDGE_CURVE('',#1465,#1464,#1251,.T.);
#1817=EDGE_CURVE('',#1465,#1466,#1252,.T.);
#1818=EDGE_CURVE('',#1467,#1466,#1253,.T.);
#1819=EDGE_CURVE('',#1467,#1468,#1254,.T.);
#1820=EDGE_CURVE('',#1469,#1468,#1255,.T.);
#1821=EDGE_CURVE('',#1469,#1470,#1256,.T.);
#1822=EDGE_CURVE('',#1424,#1470,#1257,.T.);
#1823=EDGE_CURVE('',#1470,#1471,#737,.T.);
#1824=EDGE_CURVE('',#1471,#1425,#1258,.F.);
#1825=EDGE_CURVE('',#1472,#1469,#738,.T.);
#1826=EDGE_CURVE('',#1472,#1471,#1259,.T.);
#1827=EDGE_CURVE('',#1468,#1473,#739,.T.);
#1828=EDGE_CURVE('',#1473,#1472,#1260,.F.);
#1829=EDGE_CURVE('',#1474,#1467,#740,.T.);
#1830=EDGE_CURVE('',#1474,#1473,#1261,.T.);
#1831=EDGE_CURVE('',#1466,#1475,#741,.T.);
#1832=EDGE_CURVE('',#1475,#1474,#1262,.F.);
#1833=EDGE_CURVE('',#1476,#1465,#742,.T.);
#1834=EDGE_CURVE('',#1476,#1475,#1263,.T.);
#1835=EDGE_CURVE('',#1464,#1477,#743,.T.);
#1836=EDGE_CURVE('',#1477,#1476,#1264,.F.);
#1837=EDGE_CURVE('',#1434,#1478,#744,.T.);
#1838=EDGE_CURVE('',#1479,#1478,#1265,.T.);
#1839=EDGE_CURVE('',#1479,#1435,#745,.T.);
#1840=EDGE_CURVE('',#1480,#1479,#1266,.T.);
#1841=EDGE_CURVE('',#1480,#1481,#746,.T.);
#1842=EDGE_CURVE('',#1482,#1481,#1267,.T.);
#1843=EDGE_CURVE('',#1436,#1482,#747,.T.);
#1844=EDGE_CURVE('',#1432,#1483,#748,.T.);
#1845=EDGE_CURVE('',#1483,#1484,#1268,.F.);
#1846=EDGE_CURVE('',#1484,#1433,#749,.T.);
#1847=EDGE_CURVE('',#1484,#1478,#1269,.T.);
#1848=EDGE_CURVE('',#1430,#1485,#750,.T.);
#1849=EDGE_CURVE('',#1485,#1486,#1270,.F.);
#1850=EDGE_CURVE('',#1486,#1431,#751,.T.);
#1851=EDGE_CURVE('',#1486,#1483,#1271,.T.);
#1852=EDGE_CURVE('',#1428,#1487,#752,.T.);
#1853=EDGE_CURVE('',#1487,#1488,#1272,.F.);
#1854=EDGE_CURVE('',#1488,#1429,#753,.T.);
#1855=EDGE_CURVE('',#1488,#1485,#1273,.T.);
#1856=EDGE_CURVE('',#1426,#1489,#754,.T.);
#1857=EDGE_CURVE('',#1489,#1490,#1274,.F.);
#1858=EDGE_CURVE('',#1490,#1427,#755,.T.);
#1859=EDGE_CURVE('',#1490,#1487,#1275,.T.);
#1860=EDGE_CURVE('',#1423,#1489,#1276,.T.);
#1861=EDGE_CURVE('',#1491,#1492,#1277,.T.);
#1862=EDGE_CURVE('',#1492,#1493,#87,.T.);
#1863=EDGE_CURVE('',#1493,#1491,#88,.T.);
#1864=EDGE_CURVE('',#1494,#1495,#1278,.T.);
#1865=EDGE_CURVE('',#1495,#1492,#1279,.T.);
#1866=EDGE_CURVE('',#1491,#1494,#1280,.T.);
#1867=EDGE_CURVE('',#1496,#1497,#1281,.T.);
#1868=EDGE_CURVE('',#1497,#1495,#756,.T.);
#1869=EDGE_CURVE('',#1494,#1496,#757,.T.);
#1870=EDGE_CURVE('',#1498,#1499,#1282,.T.);
#1871=EDGE_CURVE('',#1499,#1497,#1283,.T.);
#1872=EDGE_CURVE('',#1496,#1498,#1284,.T.);
#1873=EDGE_CURVE('',#1500,#1501,#89,.T.);
#1874=EDGE_CURVE('',#1501,#1499,#90,.T.);
#1875=EDGE_CURVE('',#1498,#1500,#91,.T.);
#1876=EDGE_CURVE('',#1500,#1502,#92,.T.);
#1877=EDGE_CURVE('',#1502,#1503,#1285,.T.);
#1878=EDGE_CURVE('',#1416,#1503,#758,.T.);
#1879=EDGE_CURVE('',#1415,#1504,#759,.T.);
#1880=EDGE_CURVE('',#1505,#1504,#1286,.T.);
#1881=EDGE_CURVE('',#1501,#1505,#93,.T.);
#1882=EDGE_CURVE('',#1498,#1506,#760,.T.);
#1883=EDGE_CURVE('',#1507,#1506,#15,.T.);
#1884=EDGE_CURVE('',#1502,#1507,#761,.T.);
#1885=EDGE_CURVE('',#1491,#1508,#762,.T.);
#1886=EDGE_CURVE('',#1506,#1508,#763,.T.);
#1887=EDGE_CURVE('',#1493,#1509,#764,.T.);
#1888=EDGE_CURVE('',#1508,#1509,#16,.T.);
#1889=EDGE_CURVE('',#1510,#1511,#94,.T.);
#1890=EDGE_CURVE('',#1511,#1512,#95,.T.);
#1891=EDGE_CURVE('',#1512,#1513,#1287,.T.);
#1892=EDGE_CURVE('',#1513,#1510,#96,.T.);
#1893=EDGE_CURVE('',#1514,#1515,#1288,.T.);
#1894=EDGE_CURVE('',#1515,#1513,#1289,.T.);
#1895=EDGE_CURVE('',#1512,#1514,#1290,.T.);
#1896=EDGE_CURVE('',#1516,#1517,#1291,.T.);
#1897=EDGE_CURVE('',#1517,#1515,#765,.T.);
#1898=EDGE_CURVE('',#1514,#1516,#766,.T.);
#1899=EDGE_CURVE('',#1518,#1519,#1292,.T.);
#1900=EDGE_CURVE('',#1519,#1517,#1293,.T.);
#1901=EDGE_CURVE('',#1516,#1518,#1294,.T.);
#1902=EDGE_CURVE('',#1518,#1520,#97,.T.);
#1903=EDGE_CURVE('',#1520,#1519,#98,.T.);
#1904=EDGE_CURVE('',#1521,#1518,#767,.T.);
#1905=EDGE_CURVE('',#1522,#1521,#17,.T.);
#1906=EDGE_CURVE('',#1522,#1520,#768,.T.);
#1907=EDGE_CURVE('',#1523,#1512,#769,.T.);
#1908=EDGE_CURVE('',#1521,#1523,#770,.T.);
#1909=EDGE_CURVE('',#1524,#1511,#99,.T.);
#1910=EDGE_CURVE('',#1525,#1524,#771,.T.);
#1911=EDGE_CURVE('',#1523,#1525,#18,.T.);
#1912=EDGE_CURVE('',#1526,#1527,#100,.T.);
#1913=EDGE_CURVE('',#1527,#1528,#772,.T.);
#1914=EDGE_CURVE('',#1528,#1529,#101,.F.);
#1915=EDGE_CURVE('',#1530,#1529,#19,.T.);
#1916=EDGE_CURVE('',#1530,#1531,#773,.T.);
#1917=EDGE_CURVE('',#1531,#1526,#20,.T.);
#1918=EDGE_CURVE('',#1532,#1527,#21,.T.);
#1919=EDGE_CURVE('',#1532,#1533,#774,.T.);
#1920=EDGE_CURVE('',#1533,#1534,#22,.F.);
#1921=EDGE_CURVE('',#1534,#1535,#775,.T.);
#1922=EDGE_CURVE('',#1535,#1450,#23,.F.);
#1923=EDGE_CURVE('',#1536,#1450,#776,.T.);
#1924=EDGE_CURVE('',#1528,#1536,#24,.F.);
#1925=EDGE_CURVE('',#1526,#1387,#777,.T.);
#1926=EDGE_CURVE('',#1532,#1386,#778,.T.);
#1927=EDGE_CURVE('',#1537,#1538,#25,.T.);
#1928=EDGE_CURVE('',#1538,#1539,#779,.T.);
#1929=EDGE_CURVE('',#1539,#1540,#26,.F.);
#1930=EDGE_CURVE('',#1541,#1540,#102,.T.);
#1931=EDGE_CURVE('',#1541,#1542,#780,.T.);
#1932=EDGE_CURVE('',#1542,#1537,#103,.T.);
#1933=EDGE_CURVE('',#1538,#1543,#781,.T.);
#1934=EDGE_CURVE('',#1543,#1544,#27,.F.);
#1935=EDGE_CURVE('',#1545,#1544,#782,.T.);
#1936=EDGE_CURVE('',#1545,#1441,#28,.F.);
#1937=EDGE_CURVE('',#1441,#1539,#783,.T.);
#1938=EDGE_CURVE('',#1537,#1390,#784,.T.);
#1939=EDGE_CURVE('',#1546,#1389,#785,.T.);
#1940=EDGE_CURVE('',#1525,#1546,#786,.T.);
#1941=EDGE_CURVE('',#1547,#1525,#787,.T.);
#1942=EDGE_CURVE('',#1548,#1547,#788,.T.);
#1943=EDGE_CURVE('',#1543,#1548,#789,.T.);
#1944=EDGE_CURVE('',#1542,#1549,#29,.T.);
#1945=EDGE_CURVE('',#1549,#1391,#790,.T.);
#1946=EDGE_CURVE('',#1536,#1550,#791,.T.);
#1947=EDGE_CURVE('',#1550,#1551,#1295,.T.);
#1948=EDGE_CURVE('',#1551,#1529,#792,.T.);
#1949=EDGE_CURVE('',#1552,#1550,#793,.T.);
#1950=EDGE_CURVE('',#1553,#1552,#1296,.T.);
#1951=EDGE_CURVE('',#1553,#1554,#794,.T.);
#1952=EDGE_CURVE('',#1555,#1554,#795,.T.);
#1953=EDGE_CURVE('',#1555,#1551,#796,.T.);
#1954=EDGE_CURVE('',#1556,#1557,#797,.T.);
#1955=EDGE_CURVE('',#1557,#1558,#1297,.T.);
#1956=EDGE_CURVE('',#1482,#1558,#1298,.T.);
#1957=EDGE_CURVE('',#1481,#1559,#1299,.T.);
#1958=EDGE_CURVE('',#1559,#1560,#1300,.T.);
#1959=EDGE_CURVE('',#1561,#1560,#1301,.T.);
#1960=EDGE_CURVE('',#1561,#1562,#1302,.T.);
#1961=EDGE_CURVE('',#1562,#1563,#798,.T.);
#1962=EDGE_CURVE('',#1563,#1564,#1303,.T.);
#1963=EDGE_CURVE('',#1564,#1565,#799,.T.);
#1964=EDGE_CURVE('',#1565,#1556,#1304,.T.);
#1965=EDGE_CURVE('',#1566,#1566,#1305,.T.);
#1966=EDGE_CURVE('',#1567,#1567,#1306,.T.);
#1967=EDGE_CURVE('',#1568,#1568,#1307,.T.);
#1968=EDGE_CURVE('',#1569,#1569,#1308,.T.);
#1969=EDGE_CURVE('',#1570,#1570,#1309,.T.);
#1970=EDGE_CURVE('',#1571,#1572,#800,.T.);
#1971=EDGE_CURVE('',#1572,#1573,#1310,.T.);
#1972=EDGE_CURVE('',#1573,#1574,#801,.T.);
#1973=EDGE_CURVE('',#1574,#1575,#1311,.T.);
#1974=EDGE_CURVE('',#1575,#1576,#802,.T.);
#1975=EDGE_CURVE('',#1576,#1571,#1312,.T.);
#1976=EDGE_CURVE('',#1577,#1578,#803,.T.);
#1977=EDGE_CURVE('',#1578,#1579,#1313,.T.);
#1978=EDGE_CURVE('',#1579,#1580,#804,.T.);
#1979=EDGE_CURVE('',#1580,#1581,#1314,.T.);
#1980=EDGE_CURVE('',#1581,#1582,#805,.T.);
#1981=EDGE_CURVE('',#1582,#1577,#1315,.T.);
#1982=EDGE_CURVE('',#1449,#1583,#806,.T.);
#1983=EDGE_CURVE('',#1552,#1583,#807,.T.);
#1984=EDGE_CURVE('',#1583,#1541,#30,.F.);
#1985=EDGE_CURVE('',#1540,#1553,#808,.T.);
#1986=EDGE_CURVE('',#1584,#1531,#809,.T.);
#1987=EDGE_CURVE('',#1585,#1584,#810,.T.);
#1988=EDGE_CURVE('',#1585,#1586,#811,.T.);
#1989=EDGE_CURVE('',#1586,#1507,#812,.T.);
#1990=EDGE_CURVE('',#1507,#1587,#813,.T.);
#1991=EDGE_CURVE('',#1587,#1388,#814,.T.);
#1992=EDGE_CURVE('',#1458,#1530,#815,.T.);
#1993=EDGE_CURVE('',#1588,#1458,#31,.T.);
#1994=EDGE_CURVE('',#1589,#1588,#816,.T.);
#1995=EDGE_CURVE('',#1584,#1589,#32,.T.);
#1996=EDGE_CURVE('',#1590,#1549,#817,.T.);
#1997=EDGE_CURVE('',#1533,#1590,#818,.T.);
#1998=EDGE_CURVE('',#1591,#1449,#33,.T.);
#1999=EDGE_CURVE('',#1591,#1592,#819,.T.);
#2000=EDGE_CURVE('',#1590,#1592,#34,.T.);
#2001=EDGE_CURVE('',#1593,#1594,#104,.T.);
#2002=EDGE_CURVE('',#1594,#1595,#105,.T.);
#2003=EDGE_CURVE('',#1595,#1596,#1316,.T.);
#2004=EDGE_CURVE('',#1596,#1597,#106,.T.);
#2005=EDGE_CURVE('',#1597,#1593,#107,.T.);
#2006=EDGE_CURVE('',#1598,#1599,#1317,.T.);
#2007=EDGE_CURVE('',#1599,#1596,#35,.T.);
#2008=EDGE_CURVE('',#1595,#1598,#36,.T.);
#2009=EDGE_CURVE('',#1600,#1601,#1318,.T.);
#2010=EDGE_CURVE('',#1601,#1599,#820,.T.);
#2011=EDGE_CURVE('',#1598,#1600,#821,.T.);
#2012=EDGE_CURVE('',#1602,#1603,#108,.T.);
#2013=EDGE_CURVE('',#1603,#1604,#109,.T.);
#2014=EDGE_CURVE('',#1604,#1605,#1319,.T.);
#2015=EDGE_CURVE('',#1605,#1602,#110,.T.);
#2016=EDGE_CURVE('',#1604,#1601,#37,.T.);
#2017=EDGE_CURVE('',#1600,#1605,#38,.T.);
#2018=EDGE_CURVE('',#1599,#1606,#822,.T.);
#2019=EDGE_CURVE('',#1607,#1606,#39,.T.);
#2020=EDGE_CURVE('',#1597,#1607,#823,.F.);
#2021=EDGE_CURVE('',#1608,#1604,#824,.T.);
#2022=EDGE_CURVE('',#1609,#1608,#825,.T.);
#2023=EDGE_CURVE('',#1606,#1609,#40,.T.);
#2024=EDGE_CURVE('',#1603,#1610,#826,.T.);
#2025=EDGE_CURVE('',#1611,#1610,#41,.T.);
#2026=EDGE_CURVE('',#1608,#1611,#42,.T.);
#2027=EDGE_CURVE('',#1602,#1612,#1320,.T.);
#2028=EDGE_CURVE('',#1612,#1613,#827,.T.);
#2029=EDGE_CURVE('',#1413,#1613,#828,.T.);
#2030=EDGE_CURVE('',#1614,#1412,#829,.T.);
#2031=EDGE_CURVE('',#1610,#1614,#111,.T.);
#2032=EDGE_CURVE('',#1615,#1616,#112,.T.);
#2033=EDGE_CURVE('',#1616,#1617,#113,.T.);
#2034=EDGE_CURVE('',#1617,#1618,#1321,.T.);
#2035=EDGE_CURVE('',#1618,#1615,#114,.T.);
#2036=EDGE_CURVE('',#1619,#1620,#1322,.T.);
#2037=EDGE_CURVE('',#1620,#1621,#830,.T.);
#2038=EDGE_CURVE('',#1621,#1622,#1323,.T.);
#2039=EDGE_CURVE('',#1622,#1619,#831,.T.);
#2040=EDGE_CURVE('',#1623,#1624,#1324,.T.);
#2041=EDGE_CURVE('',#1624,#1622,#43,.T.);
#2042=EDGE_CURVE('',#1621,#1623,#44,.T.);
#2043=EDGE_CURVE('',#1625,#1626,#115,.T.);
#2044=EDGE_CURVE('',#1626,#1624,#116,.T.);
#2045=EDGE_CURVE('',#1623,#1627,#117,.T.);
#2046=EDGE_CURVE('',#1627,#1625,#118,.T.);
#2047=EDGE_CURVE('',#1619,#1618,#45,.T.);
#2048=EDGE_CURVE('',#1617,#1620,#46,.T.);
#2049=EDGE_CURVE('',#1628,#1616,#1325,.T.);
#2050=EDGE_CURVE('',#1628,#1586,#832,.T.);
#2051=EDGE_CURVE('',#1629,#1586,#47,.T.);
#2052=EDGE_CURVE('',#1620,#1629,#833,.T.);
#2053=EDGE_CURVE('',#1630,#1615,#834,.T.);
#2054=EDGE_CURVE('',#1631,#1630,#119,.T.);
#2055=EDGE_CURVE('',#1417,#1631,#835,.T.);
#2056=EDGE_CURVE('',#1503,#1628,#836,.T.);
#2057=EDGE_CURVE('',#1618,#1632,#837,.T.);
#2058=EDGE_CURVE('',#1633,#1632,#48,.T.);
#2059=EDGE_CURVE('',#1630,#1633,#49,.T.);
#2060=EDGE_CURVE('',#1634,#1622,#838,.T.);
#2061=EDGE_CURVE('',#1635,#1634,#50,.T.);
#2062=EDGE_CURVE('',#1632,#1635,#839,.T.);
#2063=EDGE_CURVE('',#1547,#1612,#840,.T.);
#2064=EDGE_CURVE('',#1613,#1524,#1326,.T.);
#2065=EDGE_CURVE('',#1636,#1600,#841,.T.);
#2066=EDGE_CURVE('',#1547,#1636,#51,.T.);
#2067=EDGE_CURVE('',#1637,#1595,#842,.T.);
#2068=EDGE_CURVE('',#1636,#1637,#843,.T.);
#2069=EDGE_CURVE('',#1638,#1594,#120,.T.);
#2070=EDGE_CURVE('',#1639,#1638,#844,.T.);
#2071=EDGE_CURVE('',#1637,#1639,#52,.T.);
#2072=EDGE_CURVE('',#1623,#1640,#845,.T.);
#2073=EDGE_CURVE('',#1641,#1640,#53,.T.);
#2074=EDGE_CURVE('',#1642,#1641,#846,.T.);
#2075=EDGE_CURVE('',#1627,#1642,#121,.T.);
#2076=EDGE_CURVE('',#1640,#1629,#847,.T.);
#2077=EDGE_CURVE('',#1585,#1643,#54,.F.);
#2078=EDGE_CURVE('',#1644,#1643,#848,.T.);
#2079=EDGE_CURVE('',#1644,#1459,#55,.F.);
#2080=EDGE_CURVE('',#1459,#1641,#849,.T.);
#2081=EDGE_CURVE('',#1509,#1645,#850,.T.);
#2082=EDGE_CURVE('',#1587,#1645,#851,.T.);
#2083=EDGE_CURVE('',#1440,#1639,#852,.T.);
#2084=EDGE_CURVE('',#1646,#1440,#56,.T.);
#2085=EDGE_CURVE('',#1647,#1646,#853,.T.);
#2086=EDGE_CURVE('',#1548,#1647,#57,.T.);
#2087=EDGE_CURVE('',#1648,#1546,#854,.T.);
#2088=EDGE_CURVE('',#1522,#1648,#855,.T.);
#2089=EDGE_CURVE('',#1649,#1510,#122,.T.);
#2090=EDGE_CURVE('',#1650,#1649,#1327,.T.);
#2091=EDGE_CURVE('',#1414,#1650,#856,.T.);
#2092=EDGE_CURVE('',#1515,#1651,#857,.T.);
#2093=EDGE_CURVE('',#1652,#1651,#1328,.T.);
#2094=EDGE_CURVE('',#1649,#1652,#858,.T.);
#2095=EDGE_CURVE('',#1653,#1517,#859,.T.);
#2096=EDGE_CURVE('',#1651,#1653,#860,.T.);
#2097=EDGE_CURVE('',#1520,#1654,#861,.T.);
#2098=EDGE_CURVE('',#1653,#1654,#1329,.T.);
#2099=EDGE_CURVE('',#1505,#1655,#862,.T.);
#2100=EDGE_CURVE('',#1656,#1655,#1330,.T.);
#2101=EDGE_CURVE('',#1656,#1497,#863,.T.);
#2102=EDGE_CURVE('',#1657,#1656,#864,.T.);
#2103=EDGE_CURVE('',#1495,#1657,#865,.T.);
#2104=EDGE_CURVE('',#1658,#1657,#1331,.T.);
#2105=EDGE_CURVE('',#1493,#1658,#866,.T.);
#2106=EDGE_CURVE('',#1626,#1659,#867,.T.);
#2107=EDGE_CURVE('',#1634,#1659,#58,.T.);
#2108=EDGE_CURVE('',#1563,#1625,#868,.T.);
#2109=EDGE_CURVE('',#1461,#1562,#869,.T.);
#2110=EDGE_CURVE('',#1460,#1660,#1332,.F.);
#2111=EDGE_CURVE('',#1659,#1660,#123,.T.);
#2112=EDGE_CURVE('',#1642,#1661,#1333,.T.);
#2113=EDGE_CURVE('',#1564,#1661,#870,.T.);
#2114=EDGE_CURVE('',#1504,#1650,#871,.T.);
#2115=EDGE_CURVE('',#1655,#1652,#872,.T.);
#2116=EDGE_CURVE('',#1662,#1661,#873,.T.);
#2117=EDGE_CURVE('',#1565,#1662,#874,.T.);
#2118=EDGE_CURVE('',#1556,#1593,#875,.T.);
#2119=EDGE_CURVE('',#1638,#1662,#1334,.T.);
#2120=EDGE_CURVE('',#1641,#1509,#876,.T.);
#2121=EDGE_CURVE('',#1654,#1658,#877,.T.);
#2122=EDGE_CURVE('',#1639,#1522,#878,.T.);
#2123=EDGE_CURVE('',#1645,#1555,#879,.T.);
#2124=EDGE_CURVE('',#1554,#1648,#880,.T.);
#2125=EDGE_CURVE('',#1400,#1663,#881,.T.);
#2126=EDGE_CURVE('',#1663,#1664,#1335,.T.);
#2127=EDGE_CURVE('',#1664,#1401,#882,.T.);
#2128=EDGE_CURVE('',#1543,#1665,#883,.T.);
#2129=EDGE_CURVE('',#1666,#1548,#884,.T.);
#2130=EDGE_CURVE('',#1666,#1667,#1336,.T.);
#2131=EDGE_CURVE('',#1667,#1668,#1337,.T.);
#2132=EDGE_CURVE('',#1668,#1669,#1338,.T.);
#2133=EDGE_CURVE('',#1585,#1669,#885,.T.);
#2134=EDGE_CURVE('',#1670,#1584,#886,.T.);
#2135=EDGE_CURVE('',#1670,#1671,#1339,.T.);
#2136=EDGE_CURVE('',#1671,#1672,#1340,.T.);
#2137=EDGE_CURVE('',#1672,#1673,#1341,.T.);
#2138=EDGE_CURVE('',#1673,#1674,#1342,.T.);
#2139=EDGE_CURVE('',#1674,#1665,#1343,.T.);
#2140=EDGE_CURVE('',#1663,#1675,#1344,.T.);
#2141=EDGE_CURVE('',#1676,#1675,#1345,.T.);
#2142=EDGE_CURVE('',#1676,#1677,#1346,.T.);
#2143=EDGE_CURVE('',#1677,#1678,#887,.T.);
#2144=EDGE_CURVE('',#1678,#1679,#1347,.T.);
#2145=EDGE_CURVE('',#1680,#1679,#1348,.T.);
#2146=EDGE_CURVE('',#1680,#1681,#1349,.T.);
#2147=EDGE_CURVE('',#1682,#1681,#1350,.T.);
#2148=EDGE_CURVE('',#1682,#1683,#1351,.T.);
#2149=EDGE_CURVE('',#1683,#1684,#888,.T.);
#2150=EDGE_CURVE('',#1684,#1664,#1352,.T.);
#2151=EDGE_CURVE('',#1675,#1411,#889,.T.);
#2152=EDGE_CURVE('',#1410,#1676,#890,.T.);
#2153=EDGE_CURVE('',#1406,#1680,#891,.T.);
#2154=EDGE_CURVE('',#1679,#1407,#892,.T.);
#2155=EDGE_CURVE('',#1681,#1405,#893,.T.);
#2156=EDGE_CURVE('',#1404,#1682,#894,.T.);
#2157=EDGE_CURVE('',#1614,#1685,#124,.T.);
#2158=EDGE_CURVE('',#1685,#1686,#59,.T.);
#2159=EDGE_CURVE('',#1686,#1611,#1353,.T.);
#2160=EDGE_CURVE('',#1687,#1608,#1354,.T.);
#2161=EDGE_CURVE('',#1686,#1687,#60,.T.);
#2162=EDGE_CURVE('',#1688,#1609,#1355,.T.);
#2163=EDGE_CURVE('',#1687,#1688,#895,.T.);
#2164=EDGE_CURVE('',#1689,#1606,#1356,.T.);
#2165=EDGE_CURVE('',#1688,#1689,#61,.T.);
#2166=EDGE_CURVE('',#1690,#1607,#125,.T.);
#2167=EDGE_CURVE('',#1689,#1690,#62,.T.);
#2168=EDGE_CURVE('',#1690,#1439,#1357,.F.);
#2169=EDGE_CURVE('',#1438,#1557,#896,.T.);
#2170=EDGE_CURVE('',#1688,#1646,#897,.T.);
#2171=EDGE_CURVE('',#1647,#1686,#898,.T.);
#2172=EDGE_CURVE('',#1666,#1685,#126,.F.);
#2173=EDGE_CURVE('',#1691,#1692,#127,.T.);
#2174=EDGE_CURVE('',#1692,#1693,#63,.T.);
#2175=EDGE_CURVE('',#1693,#1694,#1358,.T.);
#2176=EDGE_CURVE('',#1694,#1691,#64,.T.);
#2177=EDGE_CURVE('',#1695,#1696,#1359,.T.);
#2178=EDGE_CURVE('',#1696,#1694,#65,.T.);
#2179=EDGE_CURVE('',#1693,#1695,#66,.T.);
#2180=EDGE_CURVE('',#1697,#1698,#1360,.T.);
#2181=EDGE_CURVE('',#1698,#1696,#899,.T.);
#2182=EDGE_CURVE('',#1695,#1697,#900,.T.);
#2183=EDGE_CURVE('',#1699,#1700,#1361,.T.);
#2184=EDGE_CURVE('',#1700,#1698,#67,.T.);
#2185=EDGE_CURVE('',#1697,#1699,#68,.T.);
#2186=EDGE_CURVE('',#1701,#1702,#128,.T.);
#2187=EDGE_CURVE('',#1702,#1700,#69,.T.);
#2188=EDGE_CURVE('',#1699,#1701,#70,.T.);
#2189=EDGE_CURVE('',#1701,#1665,#129,.F.);
#2190=EDGE_CURVE('',#1674,#1397,#901,.T.);
#2191=EDGE_CURVE('',#1396,#1671,#902,.T.);
#2192=EDGE_CURVE('',#1670,#1703,#130,.F.);
#2193=EDGE_CURVE('',#1704,#1703,#131,.T.);
#2194=EDGE_CURVE('',#1704,#1705,#132,.F.);
#2195=EDGE_CURVE('',#1706,#1705,#1362,.T.);
#2196=EDGE_CURVE('',#1706,#1702,#133,.F.);
#2197=EDGE_CURVE('',#1697,#1544,#903,.T.);
#2198=EDGE_CURVE('',#1545,#1693,#904,.T.);
#2199=EDGE_CURVE('',#1442,#1692,#1363,.F.);
#2200=EDGE_CURVE('',#1703,#1707,#71,.T.);
#2201=EDGE_CURVE('',#1707,#1708,#1364,.T.);
#2202=EDGE_CURVE('',#1708,#1704,#72,.T.);
#2203=EDGE_CURVE('',#1709,#1710,#1365,.T.);
#2204=EDGE_CURVE('',#1710,#1708,#73,.T.);
#2205=EDGE_CURVE('',#1707,#1709,#74,.T.);
#2206=EDGE_CURVE('',#1711,#1712,#1366,.T.);
#2207=EDGE_CURVE('',#1712,#1710,#905,.T.);
#2208=EDGE_CURVE('',#1709,#1711,#906,.T.);
#2209=EDGE_CURVE('',#1713,#1714,#1367,.T.);
#2210=EDGE_CURVE('',#1714,#1712,#75,.T.);
#2211=EDGE_CURVE('',#1711,#1713,#76,.T.);
#2212=EDGE_CURVE('',#1715,#1716,#134,.T.);
#2213=EDGE_CURVE('',#1716,#1714,#77,.T.);
#2214=EDGE_CURVE('',#1713,#1715,#78,.T.);
#2215=EDGE_CURVE('',#1715,#1457,#1368,.F.);
#2216=EDGE_CURVE('',#1456,#1582,#907,.T.);
#2217=EDGE_CURVE('',#1717,#1581,#908,.T.);
#2218=EDGE_CURVE('',#1717,#1716,#909,.F.);
#2219=EDGE_CURVE('',#1713,#1588,#910,.T.);
#2220=EDGE_CURVE('',#1589,#1709,#911,.T.);
#2221=EDGE_CURVE('',#1660,#1718,#79,.T.);
#2222=EDGE_CURVE('',#1718,#1634,#1369,.T.);
#2223=EDGE_CURVE('',#1719,#1635,#1370,.T.);
#2224=EDGE_CURVE('',#1718,#1719,#80,.T.);
#2225=EDGE_CURVE('',#1720,#1632,#1371,.T.);
#2226=EDGE_CURVE('',#1719,#1720,#912,.T.);
#2227=EDGE_CURVE('',#1721,#1633,#1372,.T.);
#2228=EDGE_CURVE('',#1720,#1721,#81,.T.);
#2229=EDGE_CURVE('',#1721,#1722,#82,.T.);
#2230=EDGE_CURVE('',#1722,#1631,#135,.T.);
#2231=EDGE_CURVE('',#1722,#1669,#136,.F.);
#2232=EDGE_CURVE('',#1418,#1668,#913,.T.);
#2233=EDGE_CURVE('',#1721,#1643,#914,.T.);
#2234=EDGE_CURVE('',#1644,#1719,#915,.T.);
#2235=EDGE_CURVE('',#1696,#1591,#916,.T.);
#2236=EDGE_CURVE('',#1448,#1723,#137,.T.);
#2237=EDGE_CURVE('',#1691,#1723,#917,.F.);
#2238=EDGE_CURVE('',#1592,#1700,#918,.T.);
#2239=EDGE_CURVE('',#1451,#1717,#138,.F.);
#2240=EDGE_CURVE('',#1535,#1712,#919,.T.);
#2241=EDGE_CURVE('',#1706,#1590,#920,.T.);
#2242=EDGE_CURVE('',#1533,#1705,#921,.T.);
#2243=EDGE_CURVE('',#1708,#1534,#922,.T.);
#2244=EDGE_CURVE('',#1558,#1437,#923,.T.);
#2245=EDGE_CURVE('',#1462,#1561,#924,.T.);
#2246=EDGE_CURVE('',#1560,#1463,#925,.T.);
#2247=EDGE_CURVE('',#1724,#1559,#926,.T.);
#2248=EDGE_CURVE('',#1477,#1724,#1373,.T.);
#2249=EDGE_CURVE('',#1480,#1724,#1374,.T.);
#2250=EDGE_CURVE('',#1454,#1578,#927,.T.);
#2251=EDGE_CURVE('',#1455,#1577,#928,.T.);
#2252=EDGE_CURVE('',#1453,#1579,#929,.T.);
#2253=EDGE_CURVE('',#1452,#1580,#930,.T.);
#2254=EDGE_CURVE('',#1444,#1572,#931,.T.);
#2255=EDGE_CURVE('',#1445,#1571,#932,.T.);
#2256=EDGE_CURVE('',#1443,#1573,#933,.T.);
#2257=EDGE_CURVE('',#1723,#1574,#934,.T.);
#2258=EDGE_CURVE('',#1447,#1575,#935,.T.);
#2259=EDGE_CURVE('',#1446,#1576,#936,.T.);
#2260=EDGE_CURVE('',#1399,#1672,#937,.T.);
#2261=EDGE_CURVE('',#1398,#1673,#938,.T.);
#2262=EDGE_CURVE('',#1419,#1667,#939,.T.);
#2263=EDGE_CURVE('',#1395,#1725,#940,.T.);
#2264=EDGE_CURVE('',#1725,#1725,#1375,.T.);
#2265=EDGE_CURVE('',#1394,#1726,#941,.T.);
#2266=EDGE_CURVE('',#1726,#1726,#1376,.T.);
#2267=EDGE_CURVE('',#1393,#1727,#942,.T.);
#2268=EDGE_CURVE('',#1727,#1727,#1377,.T.);
#2269=EDGE_CURVE('',#1392,#1728,#943,.T.);
#2270=EDGE_CURVE('',#1728,#1728,#1378,.T.);
#2271=EDGE_CURVE('',#1402,#1684,#944,.T.);
#2272=EDGE_CURVE('',#1683,#1403,#945,.T.);
#2273=EDGE_CURVE('',#1408,#1678,#946,.T.);
#2274=EDGE_CURVE('',#1677,#1409,#947,.T.);
#2275=EDGE_CURVE('',#1729,#1729,#1379,.T.);
#2276=EDGE_CURVE('',#1730,#1730,#1380,.T.);
#2277=EDGE_CURVE('',#1731,#1731,#1381,.T.);
#2278=EDGE_CURVE('',#1732,#1732,#1382,.T.);
#2279=EDGE_CURVE('',#1733,#1733,#1383,.T.);
#2280=EDGE_CURVE('',#1734,#1734,#1384,.T.);
#2281=EDGE_CURVE('',#1734,#1570,#948,.T.);
#2282=EDGE_CURVE('',#1735,#1735,#1385,.T.);
#2283=EDGE_CURVE('',#1733,#1735,#949,.T.);
#2284=EDGE_CURVE('',#1732,#1569,#950,.T.);
#2285=EDGE_CURVE('',#1729,#1568,#951,.T.);
#2286=EDGE_CURVE('',#1730,#1567,#952,.T.);
#2287=EDGE_CURVE('',#1731,#1566,#953,.T.);
#2288=ORIENTED_EDGE('',*,*,#1736,.T.);
#2289=ORIENTED_EDGE('',*,*,#1737,.T.);
#2290=ORIENTED_EDGE('',*,*,#1738,.T.);
#2291=ORIENTED_EDGE('',*,*,#1739,.T.);
#2292=ORIENTED_EDGE('',*,*,#1740,.T.);
#2293=ORIENTED_EDGE('',*,*,#1741,.T.);
#2294=ORIENTED_EDGE('',*,*,#1742,.T.);
#2295=ORIENTED_EDGE('',*,*,#1743,.T.);
#2296=ORIENTED_EDGE('',*,*,#1744,.T.);
#2297=ORIENTED_EDGE('',*,*,#1745,.T.);
#2298=ORIENTED_EDGE('',*,*,#1746,.T.);
#2299=ORIENTED_EDGE('',*,*,#1747,.T.);
#2300=ORIENTED_EDGE('',*,*,#1748,.T.);
#2301=ORIENTED_EDGE('',*,*,#1749,.T.);
#2302=ORIENTED_EDGE('',*,*,#1750,.T.);
#2303=ORIENTED_EDGE('',*,*,#1751,.T.);
#2304=ORIENTED_EDGE('',*,*,#1752,.T.);
#2305=ORIENTED_EDGE('',*,*,#1753,.T.);
#2306=ORIENTED_EDGE('',*,*,#1754,.T.);
#2307=ORIENTED_EDGE('',*,*,#1755,.T.);
#2308=ORIENTED_EDGE('',*,*,#1756,.T.);
#2309=ORIENTED_EDGE('',*,*,#1757,.T.);
#2310=ORIENTED_EDGE('',*,*,#1758,.T.);
#2311=ORIENTED_EDGE('',*,*,#1759,.T.);
#2312=ORIENTED_EDGE('',*,*,#1760,.T.);
#2313=ORIENTED_EDGE('',*,*,#1761,.T.);
#2314=ORIENTED_EDGE('',*,*,#1762,.T.);
#2315=ORIENTED_EDGE('',*,*,#1763,.T.);
#2316=ORIENTED_EDGE('',*,*,#1764,.T.);
#2317=ORIENTED_EDGE('',*,*,#1765,.T.);
#2318=ORIENTED_EDGE('',*,*,#1766,.T.);
#2319=ORIENTED_EDGE('',*,*,#1767,.T.);
#2320=ORIENTED_EDGE('',*,*,#1768,.T.);
#2321=ORIENTED_EDGE('',*,*,#1769,.T.);
#2322=ORIENTED_EDGE('',*,*,#1770,.T.);
#2323=ORIENTED_EDGE('',*,*,#1771,.T.);
#2324=ORIENTED_EDGE('',*,*,#1772,.T.);
#2325=ORIENTED_EDGE('',*,*,#1773,.T.);
#2326=ORIENTED_EDGE('',*,*,#1771,.F.);
#2327=ORIENTED_EDGE('',*,*,#1774,.F.);
#2328=ORIENTED_EDGE('',*,*,#1775,.F.);
#2329=ORIENTED_EDGE('',*,*,#1776,.T.);
#2330=ORIENTED_EDGE('',*,*,#1770,.F.);
#2331=ORIENTED_EDGE('',*,*,#1777,.T.);
#2332=ORIENTED_EDGE('',*,*,#1778,.F.);
#2333=ORIENTED_EDGE('',*,*,#1779,.T.);
#2334=ORIENTED_EDGE('',*,*,#1780,.F.);
#2335=ORIENTED_EDGE('',*,*,#1781,.T.);
#2336=ORIENTED_EDGE('',*,*,#1782,.F.);
#2337=ORIENTED_EDGE('',*,*,#1783,.T.);
#2338=ORIENTED_EDGE('',*,*,#1784,.F.);
#2339=ORIENTED_EDGE('',*,*,#1785,.T.);
#2340=ORIENTED_EDGE('',*,*,#1786,.F.);
#2341=ORIENTED_EDGE('',*,*,#1787,.T.);
#2342=ORIENTED_EDGE('',*,*,#1788,.F.);
#2343=ORIENTED_EDGE('',*,*,#1789,.T.);
#2344=ORIENTED_EDGE('',*,*,#1790,.T.);
#2345=ORIENTED_EDGE('',*,*,#1791,.F.);
#2346=ORIENTED_EDGE('',*,*,#1792,.T.);
#2347=ORIENTED_EDGE('',*,*,#1793,.F.);
#2348=ORIENTED_EDGE('',*,*,#1794,.T.);
#2349=ORIENTED_EDGE('',*,*,#1795,.T.);
#2350=ORIENTED_EDGE('',*,*,#1796,.T.);
#2351=ORIENTED_EDGE('',*,*,#1797,.T.);
#2352=ORIENTED_EDGE('',*,*,#1798,.T.);
#2353=ORIENTED_EDGE('',*,*,#1799,.T.);
#2354=ORIENTED_EDGE('',*,*,#1800,.F.);
#2355=ORIENTED_EDGE('',*,*,#1801,.F.);
#2356=ORIENTED_EDGE('',*,*,#1802,.F.);
#2357=ORIENTED_EDGE('',*,*,#1803,.T.);
#2358=ORIENTED_EDGE('',*,*,#1804,.T.);
#2359=ORIENTED_EDGE('',*,*,#1805,.T.);
#2360=ORIENTED_EDGE('',*,*,#1806,.T.);
#2361=ORIENTED_EDGE('',*,*,#1807,.T.);
#2362=ORIENTED_EDGE('',*,*,#1808,.T.);
#2363=ORIENTED_EDGE('',*,*,#1809,.F.);
#2364=ORIENTED_EDGE('',*,*,#1810,.F.);
#2365=ORIENTED_EDGE('',*,*,#1811,.F.);
#2366=ORIENTED_EDGE('',*,*,#1812,.T.);
#2367=ORIENTED_EDGE('',*,*,#1813,.T.);
#2368=ORIENTED_EDGE('',*,*,#1814,.F.);
#2369=ORIENTED_EDGE('',*,*,#1815,.T.);
#2370=ORIENTED_EDGE('',*,*,#1816,.F.);
#2371=ORIENTED_EDGE('',*,*,#1817,.T.);
#2372=ORIENTED_EDGE('',*,*,#1818,.F.);
#2373=ORIENTED_EDGE('',*,*,#1819,.T.);
#2374=ORIENTED_EDGE('',*,*,#1820,.F.);
#2375=ORIENTED_EDGE('',*,*,#1821,.T.);
#2376=ORIENTED_EDGE('',*,*,#1822,.F.);
#2377=ORIENTED_EDGE('',*,*,#1774,.T.);
#2378=ORIENTED_EDGE('',*,*,#1822,.T.);
#2379=ORIENTED_EDGE('',*,*,#1823,.T.);
#2380=ORIENTED_EDGE('',*,*,#1824,.T.);
#2381=ORIENTED_EDGE('',*,*,#1775,.T.);
#2382=ORIENTED_EDGE('',*,*,#1823,.F.);
#2383=ORIENTED_EDGE('',*,*,#1821,.F.);
#2384=ORIENTED_EDGE('',*,*,#1825,.F.);
#2385=ORIENTED_EDGE('',*,*,#1826,.T.);
#2386=ORIENTED_EDGE('',*,*,#1820,.T.);
#2387=ORIENTED_EDGE('',*,*,#1827,.T.);
#2388=ORIENTED_EDGE('',*,*,#1828,.T.);
#2389=ORIENTED_EDGE('',*,*,#1825,.T.);
#2390=ORIENTED_EDGE('',*,*,#1827,.F.);
#2391=ORIENTED_EDGE('',*,*,#1819,.F.);
#2392=ORIENTED_EDGE('',*,*,#1829,.F.);
#2393=ORIENTED_EDGE('',*,*,#1830,.T.);
#2394=ORIENTED_EDGE('',*,*,#1818,.T.);
#2395=ORIENTED_EDGE('',*,*,#1831,.T.);
#2396=ORIENTED_EDGE('',*,*,#1832,.T.);
#2397=ORIENTED_EDGE('',*,*,#1829,.T.);
#2398=ORIENTED_EDGE('',*,*,#1831,.F.);
#2399=ORIENTED_EDGE('',*,*,#1817,.F.);
#2400=ORIENTED_EDGE('',*,*,#1833,.F.);
#2401=ORIENTED_EDGE('',*,*,#1834,.T.);
#2402=ORIENTED_EDGE('',*,*,#1816,.T.);
#2403=ORIENTED_EDGE('',*,*,#1835,.T.);
#2404=ORIENTED_EDGE('',*,*,#1836,.T.);
#2405=ORIENTED_EDGE('',*,*,#1833,.T.);
#2406=ORIENTED_EDGE('',*,*,#1786,.T.);
#2407=ORIENTED_EDGE('',*,*,#1837,.T.);
#2408=ORIENTED_EDGE('',*,*,#1838,.F.);
#2409=ORIENTED_EDGE('',*,*,#1839,.T.);
#2410=ORIENTED_EDGE('',*,*,#1839,.F.);
#2411=ORIENTED_EDGE('',*,*,#1840,.F.);
#2412=ORIENTED_EDGE('',*,*,#1841,.T.);
#2413=ORIENTED_EDGE('',*,*,#1842,.F.);
#2414=ORIENTED_EDGE('',*,*,#1843,.F.);
#2415=ORIENTED_EDGE('',*,*,#1787,.F.);
#2416=ORIENTED_EDGE('',*,*,#1784,.T.);
#2417=ORIENTED_EDGE('',*,*,#1844,.T.);
#2418=ORIENTED_EDGE('',*,*,#1845,.T.);
#2419=ORIENTED_EDGE('',*,*,#1846,.T.);
#2420=ORIENTED_EDGE('',*,*,#1837,.F.);
#2421=ORIENTED_EDGE('',*,*,#1785,.F.);
#2422=ORIENTED_EDGE('',*,*,#1846,.F.);
#2423=ORIENTED_EDGE('',*,*,#1847,.T.);
#2424=ORIENTED_EDGE('',*,*,#1782,.T.);
#2425=ORIENTED_EDGE('',*,*,#1848,.T.);
#2426=ORIENTED_EDGE('',*,*,#1849,.T.);
#2427=ORIENTED_EDGE('',*,*,#1850,.T.);
#2428=ORIENTED_EDGE('',*,*,#1844,.F.);
#2429=ORIENTED_EDGE('',*,*,#1783,.F.);
#2430=ORIENTED_EDGE('',*,*,#1850,.F.);
#2431=ORIENTED_EDGE('',*,*,#1851,.T.);
#2432=ORIENTED_EDGE('',*,*,#1780,.T.);
#2433=ORIENTED_EDGE('',*,*,#1852,.T.);
#2434=ORIENTED_EDGE('',*,*,#1853,.T.);
#2435=ORIENTED_EDGE('',*,*,#1854,.T.);
#2436=ORIENTED_EDGE('',*,*,#1848,.F.);
#2437=ORIENTED_EDGE('',*,*,#1781,.F.);
#2438=ORIENTED_EDGE('',*,*,#1854,.F.);
#2439=ORIENTED_EDGE('',*,*,#1855,.T.);
#2440=ORIENTED_EDGE('',*,*,#1778,.T.);
#2441=ORIENTED_EDGE('',*,*,#1856,.T.);
#2442=ORIENTED_EDGE('',*,*,#1857,.T.);
#2443=ORIENTED_EDGE('',*,*,#1858,.T.);
#2444=ORIENTED_EDGE('',*,*,#1852,.F.);
#2445=ORIENTED_EDGE('',*,*,#1779,.F.);
#2446=ORIENTED_EDGE('',*,*,#1858,.F.);
#2447=ORIENTED_EDGE('',*,*,#1859,.T.);
#2448=ORIENTED_EDGE('',*,*,#1773,.F.);
#2449=ORIENTED_EDGE('',*,*,#1860,.T.);
#2450=ORIENTED_EDGE('',*,*,#1856,.F.);
#2451=ORIENTED_EDGE('',*,*,#1777,.F.);
#2452=ORIENTED_EDGE('',*,*,#1861,.T.);
#2453=ORIENTED_EDGE('',*,*,#1862,.T.);
#2454=ORIENTED_EDGE('',*,*,#1863,.T.);
#2455=ORIENTED_EDGE('',*,*,#1864,.T.);
#2456=ORIENTED_EDGE('',*,*,#1865,.T.);
#2457=ORIENTED_EDGE('',*,*,#1861,.F.);
#2458=ORIENTED_EDGE('',*,*,#1866,.T.);
#2459=ORIENTED_EDGE('',*,*,#1867,.T.);
#2460=ORIENTED_EDGE('',*,*,#1868,.T.);
#2461=ORIENTED_EDGE('',*,*,#1864,.F.);
#2462=ORIENTED_EDGE('',*,*,#1869,.T.);
#2463=ORIENTED_EDGE('',*,*,#1870,.T.);
#2464=ORIENTED_EDGE('',*,*,#1871,.T.);
#2465=ORIENTED_EDGE('',*,*,#1867,.F.);
#2466=ORIENTED_EDGE('',*,*,#1872,.T.);
#2467=ORIENTED_EDGE('',*,*,#1873,.T.);
#2468=ORIENTED_EDGE('',*,*,#1874,.T.);
#2469=ORIENTED_EDGE('',*,*,#1870,.F.);
#2470=ORIENTED_EDGE('',*,*,#1875,.T.);
#2471=ORIENTED_EDGE('',*,*,#1873,.F.);
#2472=ORIENTED_EDGE('',*,*,#1876,.T.);
#2473=ORIENTED_EDGE('',*,*,#1877,.T.);
#2474=ORIENTED_EDGE('',*,*,#1878,.F.);
#2475=ORIENTED_EDGE('',*,*,#1765,.F.);
#2476=ORIENTED_EDGE('',*,*,#1879,.T.);
#2477=ORIENTED_EDGE('',*,*,#1880,.F.);
#2478=ORIENTED_EDGE('',*,*,#1881,.F.);
#2479=ORIENTED_EDGE('',*,*,#1875,.F.);
#2480=ORIENTED_EDGE('',*,*,#1882,.T.);
#2481=ORIENTED_EDGE('',*,*,#1883,.F.);
#2482=ORIENTED_EDGE('',*,*,#1884,.F.);
#2483=ORIENTED_EDGE('',*,*,#1876,.F.);
#2484=ORIENTED_EDGE('',*,*,#1872,.F.);
#2485=ORIENTED_EDGE('',*,*,#1869,.F.);
#2486=ORIENTED_EDGE('',*,*,#1866,.F.);
#2487=ORIENTED_EDGE('',*,*,#1885,.T.);
#2488=ORIENTED_EDGE('',*,*,#1886,.F.);
#2489=ORIENTED_EDGE('',*,*,#1882,.F.);
#2490=ORIENTED_EDGE('',*,*,#1863,.F.);
#2491=ORIENTED_EDGE('',*,*,#1887,.T.);
#2492=ORIENTED_EDGE('',*,*,#1888,.F.);
#2493=ORIENTED_EDGE('',*,*,#1885,.F.);
#2494=ORIENTED_EDGE('',*,*,#1889,.T.);
#2495=ORIENTED_EDGE('',*,*,#1890,.T.);
#2496=ORIENTED_EDGE('',*,*,#1891,.T.);
#2497=ORIENTED_EDGE('',*,*,#1892,.T.);
#2498=ORIENTED_EDGE('',*,*,#1893,.T.);
#2499=ORIENTED_EDGE('',*,*,#1894,.T.);
#2500=ORIENTED_EDGE('',*,*,#1891,.F.);
#2501=ORIENTED_EDGE('',*,*,#1895,.T.);
#2502=ORIENTED_EDGE('',*,*,#1896,.T.);
#2503=ORIENTED_EDGE('',*,*,#1897,.T.);
#2504=ORIENTED_EDGE('',*,*,#1893,.F.);
#2505=ORIENTED_EDGE('',*,*,#1898,.T.);
#2506=ORIENTED_EDGE('',*,*,#1899,.T.);
#2507=ORIENTED_EDGE('',*,*,#1900,.T.);
#2508=ORIENTED_EDGE('',*,*,#1896,.F.);
#2509=ORIENTED_EDGE('',*,*,#1901,.T.);
#2510=ORIENTED_EDGE('',*,*,#1902,.T.);
#2511=ORIENTED_EDGE('',*,*,#1903,.T.);
#2512=ORIENTED_EDGE('',*,*,#1899,.F.);
#2513=ORIENTED_EDGE('',*,*,#1902,.F.);
#2514=ORIENTED_EDGE('',*,*,#1904,.F.);
#2515=ORIENTED_EDGE('',*,*,#1905,.F.);
#2516=ORIENTED_EDGE('',*,*,#1906,.T.);
#2517=ORIENTED_EDGE('',*,*,#1901,.F.);
#2518=ORIENTED_EDGE('',*,*,#1898,.F.);
#2519=ORIENTED_EDGE('',*,*,#1895,.F.);
#2520=ORIENTED_EDGE('',*,*,#1907,.F.);
#2521=ORIENTED_EDGE('',*,*,#1908,.F.);
#2522=ORIENTED_EDGE('',*,*,#1904,.T.);
#2523=ORIENTED_EDGE('',*,*,#1890,.F.);
#2524=ORIENTED_EDGE('',*,*,#1909,.F.);
#2525=ORIENTED_EDGE('',*,*,#1910,.F.);
#2526=ORIENTED_EDGE('',*,*,#1911,.F.);
#2527=ORIENTED_EDGE('',*,*,#1907,.T.);
#2528=ORIENTED_EDGE('',*,*,#1912,.T.);
#2529=ORIENTED_EDGE('',*,*,#1913,.T.);
#2530=ORIENTED_EDGE('',*,*,#1914,.T.);
#2531=ORIENTED_EDGE('',*,*,#1915,.F.);
#2532=ORIENTED_EDGE('',*,*,#1916,.T.);
#2533=ORIENTED_EDGE('',*,*,#1917,.T.);
#2534=ORIENTED_EDGE('',*,*,#1913,.F.);
#2535=ORIENTED_EDGE('',*,*,#1918,.F.);
#2536=ORIENTED_EDGE('',*,*,#1919,.T.);
#2537=ORIENTED_EDGE('',*,*,#1920,.T.);
#2538=ORIENTED_EDGE('',*,*,#1921,.T.);
#2539=ORIENTED_EDGE('',*,*,#1922,.T.);
#2540=ORIENTED_EDGE('',*,*,#1923,.F.);
#2541=ORIENTED_EDGE('',*,*,#1924,.F.);
#2542=ORIENTED_EDGE('',*,*,#1912,.F.);
#2543=ORIENTED_EDGE('',*,*,#1925,.T.);
#2544=ORIENTED_EDGE('',*,*,#1736,.F.);
#2545=ORIENTED_EDGE('',*,*,#1926,.F.);
#2546=ORIENTED_EDGE('',*,*,#1918,.T.);
#2547=ORIENTED_EDGE('',*,*,#1927,.T.);
#2548=ORIENTED_EDGE('',*,*,#1928,.T.);
#2549=ORIENTED_EDGE('',*,*,#1929,.T.);
#2550=ORIENTED_EDGE('',*,*,#1930,.F.);
#2551=ORIENTED_EDGE('',*,*,#1931,.T.);
#2552=ORIENTED_EDGE('',*,*,#1932,.T.);
#2553=ORIENTED_EDGE('',*,*,#1928,.F.);
#2554=ORIENTED_EDGE('',*,*,#1933,.T.);
#2555=ORIENTED_EDGE('',*,*,#1934,.T.);
#2556=ORIENTED_EDGE('',*,*,#1935,.F.);
#2557=ORIENTED_EDGE('',*,*,#1936,.T.);
#2558=ORIENTED_EDGE('',*,*,#1937,.T.);
#2559=ORIENTED_EDGE('',*,*,#1927,.F.);
#2560=ORIENTED_EDGE('',*,*,#1938,.T.);
#2561=ORIENTED_EDGE('',*,*,#1739,.F.);
#2562=ORIENTED_EDGE('',*,*,#1939,.F.);
#2563=ORIENTED_EDGE('',*,*,#1940,.F.);
#2564=ORIENTED_EDGE('',*,*,#1941,.F.);
#2565=ORIENTED_EDGE('',*,*,#1942,.F.);
#2566=ORIENTED_EDGE('',*,*,#1943,.F.);
#2567=ORIENTED_EDGE('',*,*,#1933,.F.);
#2568=ORIENTED_EDGE('',*,*,#1932,.F.);
#2569=ORIENTED_EDGE('',*,*,#1944,.T.);
#2570=ORIENTED_EDGE('',*,*,#1945,.T.);
#2571=ORIENTED_EDGE('',*,*,#1740,.F.);
#2572=ORIENTED_EDGE('',*,*,#1938,.F.);
#2573=ORIENTED_EDGE('',*,*,#1924,.T.);
#2574=ORIENTED_EDGE('',*,*,#1946,.T.);
#2575=ORIENTED_EDGE('',*,*,#1947,.T.);
#2576=ORIENTED_EDGE('',*,*,#1948,.T.);
#2577=ORIENTED_EDGE('',*,*,#1914,.F.);
#2578=ORIENTED_EDGE('',*,*,#1947,.F.);
#2579=ORIENTED_EDGE('',*,*,#1949,.F.);
#2580=ORIENTED_EDGE('',*,*,#1950,.F.);
#2581=ORIENTED_EDGE('',*,*,#1951,.T.);
#2582=ORIENTED_EDGE('',*,*,#1952,.F.);
#2583=ORIENTED_EDGE('',*,*,#1953,.T.);
#2584=ORIENTED_EDGE('',*,*,#1954,.T.);
#2585=ORIENTED_EDGE('',*,*,#1955,.T.);
#2586=ORIENTED_EDGE('',*,*,#1956,.F.);
#2587=ORIENTED_EDGE('',*,*,#1842,.T.);
#2588=ORIENTED_EDGE('',*,*,#1957,.T.);
#2589=ORIENTED_EDGE('',*,*,#1958,.T.);
#2590=ORIENTED_EDGE('',*,*,#1959,.F.);
#2591=ORIENTED_EDGE('',*,*,#1960,.T.);
#2592=ORIENTED_EDGE('',*,*,#1961,.T.);
#2593=ORIENTED_EDGE('',*,*,#1962,.T.);
#2594=ORIENTED_EDGE('',*,*,#1963,.T.);
#2595=ORIENTED_EDGE('',*,*,#1964,.T.);
#2596=ORIENTED_EDGE('',*,*,#1965,.T.);
#2597=ORIENTED_EDGE('',*,*,#1966,.T.);
#2598=ORIENTED_EDGE('',*,*,#1967,.T.);
#2599=ORIENTED_EDGE('',*,*,#1968,.T.);
#2600=ORIENTED_EDGE('',*,*,#1969,.F.);
#2601=ORIENTED_EDGE('',*,*,#1970,.T.);
#2602=ORIENTED_EDGE('',*,*,#1971,.T.);
#2603=ORIENTED_EDGE('',*,*,#1972,.T.);
#2604=ORIENTED_EDGE('',*,*,#1973,.T.);
#2605=ORIENTED_EDGE('',*,*,#1974,.T.);
#2606=ORIENTED_EDGE('',*,*,#1975,.T.);
#2607=ORIENTED_EDGE('',*,*,#1976,.T.);
#2608=ORIENTED_EDGE('',*,*,#1977,.T.);
#2609=ORIENTED_EDGE('',*,*,#1978,.T.);
#2610=ORIENTED_EDGE('',*,*,#1979,.T.);
#2611=ORIENTED_EDGE('',*,*,#1980,.T.);
#2612=ORIENTED_EDGE('',*,*,#1981,.T.);
#2613=ORIENTED_EDGE('',*,*,#1946,.F.);
#2614=ORIENTED_EDGE('',*,*,#1923,.T.);
#2615=ORIENTED_EDGE('',*,*,#1801,.T.);
#2616=ORIENTED_EDGE('',*,*,#1982,.T.);
#2617=ORIENTED_EDGE('',*,*,#1983,.F.);
#2618=ORIENTED_EDGE('',*,*,#1949,.T.);
#2619=ORIENTED_EDGE('',*,*,#1950,.T.);
#2620=ORIENTED_EDGE('',*,*,#1983,.T.);
#2621=ORIENTED_EDGE('',*,*,#1984,.T.);
#2622=ORIENTED_EDGE('',*,*,#1930,.T.);
#2623=ORIENTED_EDGE('',*,*,#1985,.T.);
#2624=ORIENTED_EDGE('',*,*,#1917,.F.);
#2625=ORIENTED_EDGE('',*,*,#1986,.F.);
#2626=ORIENTED_EDGE('',*,*,#1987,.F.);
#2627=ORIENTED_EDGE('',*,*,#1988,.T.);
#2628=ORIENTED_EDGE('',*,*,#1989,.T.);
#2629=ORIENTED_EDGE('',*,*,#1990,.T.);
#2630=ORIENTED_EDGE('',*,*,#1991,.T.);
#2631=ORIENTED_EDGE('',*,*,#1737,.F.);
#2632=ORIENTED_EDGE('',*,*,#1925,.F.);
#2633=ORIENTED_EDGE('',*,*,#1916,.F.);
#2634=ORIENTED_EDGE('',*,*,#1992,.F.);
#2635=ORIENTED_EDGE('',*,*,#1993,.F.);
#2636=ORIENTED_EDGE('',*,*,#1994,.F.);
#2637=ORIENTED_EDGE('',*,*,#1995,.F.);
#2638=ORIENTED_EDGE('',*,*,#1986,.T.);
#2639=ORIENTED_EDGE('',*,*,#1926,.T.);
#2640=ORIENTED_EDGE('',*,*,#1741,.F.);
#2641=ORIENTED_EDGE('',*,*,#1945,.F.);
#2642=ORIENTED_EDGE('',*,*,#1996,.F.);
#2643=ORIENTED_EDGE('',*,*,#1997,.F.);
#2644=ORIENTED_EDGE('',*,*,#1919,.F.);
#2645=ORIENTED_EDGE('',*,*,#1931,.F.);
#2646=ORIENTED_EDGE('',*,*,#1984,.F.);
#2647=ORIENTED_EDGE('',*,*,#1982,.F.);
#2648=ORIENTED_EDGE('',*,*,#1998,.F.);
#2649=ORIENTED_EDGE('',*,*,#1999,.T.);
#2650=ORIENTED_EDGE('',*,*,#2000,.F.);
#2651=ORIENTED_EDGE('',*,*,#1996,.T.);
#2652=ORIENTED_EDGE('',*,*,#1944,.F.);
#2653=ORIENTED_EDGE('',*,*,#2001,.T.);
#2654=ORIENTED_EDGE('',*,*,#2002,.T.);
#2655=ORIENTED_EDGE('',*,*,#2003,.T.);
#2656=ORIENTED_EDGE('',*,*,#2004,.T.);
#2657=ORIENTED_EDGE('',*,*,#2005,.T.);
#2658=ORIENTED_EDGE('',*,*,#2006,.T.);
#2659=ORIENTED_EDGE('',*,*,#2007,.T.);
#2660=ORIENTED_EDGE('',*,*,#2003,.F.);
#2661=ORIENTED_EDGE('',*,*,#2008,.T.);
#2662=ORIENTED_EDGE('',*,*,#2009,.T.);
#2663=ORIENTED_EDGE('',*,*,#2010,.T.);
#2664=ORIENTED_EDGE('',*,*,#2006,.F.);
#2665=ORIENTED_EDGE('',*,*,#2011,.T.);
#2666=ORIENTED_EDGE('',*,*,#2012,.T.);
#2667=ORIENTED_EDGE('',*,*,#2013,.T.);
#2668=ORIENTED_EDGE('',*,*,#2014,.T.);
#2669=ORIENTED_EDGE('',*,*,#2015,.T.);
#2670=ORIENTED_EDGE('',*,*,#2014,.F.);
#2671=ORIENTED_EDGE('',*,*,#2016,.T.);
#2672=ORIENTED_EDGE('',*,*,#2009,.F.);
#2673=ORIENTED_EDGE('',*,*,#2017,.T.);
#2674=ORIENTED_EDGE('',*,*,#2004,.F.);
#2675=ORIENTED_EDGE('',*,*,#2007,.F.);
#2676=ORIENTED_EDGE('',*,*,#2018,.T.);
#2677=ORIENTED_EDGE('',*,*,#2019,.F.);
#2678=ORIENTED_EDGE('',*,*,#2020,.F.);
#2679=ORIENTED_EDGE('',*,*,#2010,.F.);
#2680=ORIENTED_EDGE('',*,*,#2016,.F.);
#2681=ORIENTED_EDGE('',*,*,#2021,.F.);
#2682=ORIENTED_EDGE('',*,*,#2022,.F.);
#2683=ORIENTED_EDGE('',*,*,#2023,.F.);
#2684=ORIENTED_EDGE('',*,*,#2018,.F.);
#2685=ORIENTED_EDGE('',*,*,#2013,.F.);
#2686=ORIENTED_EDGE('',*,*,#2024,.T.);
#2687=ORIENTED_EDGE('',*,*,#2025,.F.);
#2688=ORIENTED_EDGE('',*,*,#2026,.F.);
#2689=ORIENTED_EDGE('',*,*,#2021,.T.);
#2690=ORIENTED_EDGE('',*,*,#2012,.F.);
#2691=ORIENTED_EDGE('',*,*,#2027,.T.);
#2692=ORIENTED_EDGE('',*,*,#2028,.T.);
#2693=ORIENTED_EDGE('',*,*,#2029,.F.);
#2694=ORIENTED_EDGE('',*,*,#1762,.F.);
#2695=ORIENTED_EDGE('',*,*,#2030,.F.);
#2696=ORIENTED_EDGE('',*,*,#2031,.F.);
#2697=ORIENTED_EDGE('',*,*,#2024,.F.);
#2698=ORIENTED_EDGE('',*,*,#2032,.T.);
#2699=ORIENTED_EDGE('',*,*,#2033,.T.);
#2700=ORIENTED_EDGE('',*,*,#2034,.T.);
#2701=ORIENTED_EDGE('',*,*,#2035,.T.);
#2702=ORIENTED_EDGE('',*,*,#2036,.T.);
#2703=ORIENTED_EDGE('',*,*,#2037,.T.);
#2704=ORIENTED_EDGE('',*,*,#2038,.T.);
#2705=ORIENTED_EDGE('',*,*,#2039,.T.);
#2706=ORIENTED_EDGE('',*,*,#2040,.T.);
#2707=ORIENTED_EDGE('',*,*,#2041,.T.);
#2708=ORIENTED_EDGE('',*,*,#2038,.F.);
#2709=ORIENTED_EDGE('',*,*,#2042,.T.);
#2710=ORIENTED_EDGE('',*,*,#2043,.T.);
#2711=ORIENTED_EDGE('',*,*,#2044,.T.);
#2712=ORIENTED_EDGE('',*,*,#2040,.F.);
#2713=ORIENTED_EDGE('',*,*,#2045,.T.);
#2714=ORIENTED_EDGE('',*,*,#2046,.T.);
#2715=ORIENTED_EDGE('',*,*,#2036,.F.);
#2716=ORIENTED_EDGE('',*,*,#2047,.T.);
#2717=ORIENTED_EDGE('',*,*,#2034,.F.);
#2718=ORIENTED_EDGE('',*,*,#2048,.T.);
#2719=ORIENTED_EDGE('',*,*,#2048,.F.);
#2720=ORIENTED_EDGE('',*,*,#2033,.F.);
#2721=ORIENTED_EDGE('',*,*,#2049,.F.);
#2722=ORIENTED_EDGE('',*,*,#2050,.T.);
#2723=ORIENTED_EDGE('',*,*,#2051,.F.);
#2724=ORIENTED_EDGE('',*,*,#2052,.F.);
#2725=ORIENTED_EDGE('',*,*,#2032,.F.);
#2726=ORIENTED_EDGE('',*,*,#2053,.F.);
#2727=ORIENTED_EDGE('',*,*,#2054,.F.);
#2728=ORIENTED_EDGE('',*,*,#2055,.F.);
#2729=ORIENTED_EDGE('',*,*,#1766,.F.);
#2730=ORIENTED_EDGE('',*,*,#1878,.T.);
#2731=ORIENTED_EDGE('',*,*,#2056,.T.);
#2732=ORIENTED_EDGE('',*,*,#2049,.T.);
#2733=ORIENTED_EDGE('',*,*,#2035,.F.);
#2734=ORIENTED_EDGE('',*,*,#2057,.T.);
#2735=ORIENTED_EDGE('',*,*,#2058,.F.);
#2736=ORIENTED_EDGE('',*,*,#2059,.F.);
#2737=ORIENTED_EDGE('',*,*,#2053,.T.);
#2738=ORIENTED_EDGE('',*,*,#2047,.F.);
#2739=ORIENTED_EDGE('',*,*,#2039,.F.);
#2740=ORIENTED_EDGE('',*,*,#2060,.F.);
#2741=ORIENTED_EDGE('',*,*,#2061,.F.);
#2742=ORIENTED_EDGE('',*,*,#2062,.F.);
#2743=ORIENTED_EDGE('',*,*,#2057,.F.);
#2744=ORIENTED_EDGE('',*,*,#2028,.F.);
#2745=ORIENTED_EDGE('',*,*,#2063,.F.);
#2746=ORIENTED_EDGE('',*,*,#1941,.T.);
#2747=ORIENTED_EDGE('',*,*,#1910,.T.);
#2748=ORIENTED_EDGE('',*,*,#2064,.F.);
#2749=ORIENTED_EDGE('',*,*,#2017,.F.);
#2750=ORIENTED_EDGE('',*,*,#2065,.F.);
#2751=ORIENTED_EDGE('',*,*,#2066,.F.);
#2752=ORIENTED_EDGE('',*,*,#2063,.T.);
#2753=ORIENTED_EDGE('',*,*,#2027,.F.);
#2754=ORIENTED_EDGE('',*,*,#2015,.F.);
#2755=ORIENTED_EDGE('',*,*,#2008,.F.);
#2756=ORIENTED_EDGE('',*,*,#2067,.F.);
#2757=ORIENTED_EDGE('',*,*,#2068,.F.);
#2758=ORIENTED_EDGE('',*,*,#2065,.T.);
#2759=ORIENTED_EDGE('',*,*,#2011,.F.);
#2760=ORIENTED_EDGE('',*,*,#2002,.F.);
#2761=ORIENTED_EDGE('',*,*,#2069,.F.);
#2762=ORIENTED_EDGE('',*,*,#2070,.F.);
#2763=ORIENTED_EDGE('',*,*,#2071,.F.);
#2764=ORIENTED_EDGE('',*,*,#2067,.T.);
#2765=ORIENTED_EDGE('',*,*,#2045,.F.);
#2766=ORIENTED_EDGE('',*,*,#2072,.T.);
#2767=ORIENTED_EDGE('',*,*,#2073,.F.);
#2768=ORIENTED_EDGE('',*,*,#2074,.F.);
#2769=ORIENTED_EDGE('',*,*,#2075,.F.);
#2770=ORIENTED_EDGE('',*,*,#2037,.F.);
#2771=ORIENTED_EDGE('',*,*,#2052,.T.);
#2772=ORIENTED_EDGE('',*,*,#2076,.F.);
#2773=ORIENTED_EDGE('',*,*,#2072,.F.);
#2774=ORIENTED_EDGE('',*,*,#2042,.F.);
#2775=ORIENTED_EDGE('',*,*,#1989,.F.);
#2776=ORIENTED_EDGE('',*,*,#2050,.F.);
#2777=ORIENTED_EDGE('',*,*,#2056,.F.);
#2778=ORIENTED_EDGE('',*,*,#1877,.F.);
#2779=ORIENTED_EDGE('',*,*,#1884,.T.);
#2780=ORIENTED_EDGE('',*,*,#2051,.T.);
#2781=ORIENTED_EDGE('',*,*,#1988,.F.);
#2782=ORIENTED_EDGE('',*,*,#2077,.T.);
#2783=ORIENTED_EDGE('',*,*,#2078,.F.);
#2784=ORIENTED_EDGE('',*,*,#2079,.T.);
#2785=ORIENTED_EDGE('',*,*,#2080,.T.);
#2786=ORIENTED_EDGE('',*,*,#2073,.T.);
#2787=ORIENTED_EDGE('',*,*,#2076,.T.);
#2788=ORIENTED_EDGE('',*,*,#1883,.T.);
#2789=ORIENTED_EDGE('',*,*,#1886,.T.);
#2790=ORIENTED_EDGE('',*,*,#1888,.T.);
#2791=ORIENTED_EDGE('',*,*,#2081,.T.);
#2792=ORIENTED_EDGE('',*,*,#2082,.F.);
#2793=ORIENTED_EDGE('',*,*,#1990,.F.);
#2794=ORIENTED_EDGE('',*,*,#2071,.T.);
#2795=ORIENTED_EDGE('',*,*,#2083,.F.);
#2796=ORIENTED_EDGE('',*,*,#2084,.F.);
#2797=ORIENTED_EDGE('',*,*,#2085,.F.);
#2798=ORIENTED_EDGE('',*,*,#2086,.F.);
#2799=ORIENTED_EDGE('',*,*,#1942,.T.);
#2800=ORIENTED_EDGE('',*,*,#2066,.T.);
#2801=ORIENTED_EDGE('',*,*,#2068,.T.);
#2802=ORIENTED_EDGE('',*,*,#1905,.T.);
#2803=ORIENTED_EDGE('',*,*,#1908,.T.);
#2804=ORIENTED_EDGE('',*,*,#1911,.T.);
#2805=ORIENTED_EDGE('',*,*,#1940,.T.);
#2806=ORIENTED_EDGE('',*,*,#2087,.F.);
#2807=ORIENTED_EDGE('',*,*,#2088,.F.);
#2808=ORIENTED_EDGE('',*,*,#1889,.F.);
#2809=ORIENTED_EDGE('',*,*,#2089,.F.);
#2810=ORIENTED_EDGE('',*,*,#2090,.F.);
#2811=ORIENTED_EDGE('',*,*,#2091,.F.);
#2812=ORIENTED_EDGE('',*,*,#1763,.F.);
#2813=ORIENTED_EDGE('',*,*,#2029,.T.);
#2814=ORIENTED_EDGE('',*,*,#2064,.T.);
#2815=ORIENTED_EDGE('',*,*,#1909,.T.);
#2816=ORIENTED_EDGE('',*,*,#1894,.F.);
#2817=ORIENTED_EDGE('',*,*,#2092,.T.);
#2818=ORIENTED_EDGE('',*,*,#2093,.F.);
#2819=ORIENTED_EDGE('',*,*,#2094,.F.);
#2820=ORIENTED_EDGE('',*,*,#2089,.T.);
#2821=ORIENTED_EDGE('',*,*,#1892,.F.);
#2822=ORIENTED_EDGE('',*,*,#1897,.F.);
#2823=ORIENTED_EDGE('',*,*,#2095,.F.);
#2824=ORIENTED_EDGE('',*,*,#2096,.F.);
#2825=ORIENTED_EDGE('',*,*,#2092,.F.);
#2826=ORIENTED_EDGE('',*,*,#1903,.F.);
#2827=ORIENTED_EDGE('',*,*,#2097,.T.);
#2828=ORIENTED_EDGE('',*,*,#2098,.F.);
#2829=ORIENTED_EDGE('',*,*,#2095,.T.);
#2830=ORIENTED_EDGE('',*,*,#1900,.F.);
#2831=ORIENTED_EDGE('',*,*,#1874,.F.);
#2832=ORIENTED_EDGE('',*,*,#1881,.T.);
#2833=ORIENTED_EDGE('',*,*,#2099,.T.);
#2834=ORIENTED_EDGE('',*,*,#2100,.F.);
#2835=ORIENTED_EDGE('',*,*,#2101,.T.);
#2836=ORIENTED_EDGE('',*,*,#1871,.F.);
#2837=ORIENTED_EDGE('',*,*,#1868,.F.);
#2838=ORIENTED_EDGE('',*,*,#2101,.F.);
#2839=ORIENTED_EDGE('',*,*,#2102,.F.);
#2840=ORIENTED_EDGE('',*,*,#2103,.F.);
#2841=ORIENTED_EDGE('',*,*,#1865,.F.);
#2842=ORIENTED_EDGE('',*,*,#2103,.T.);
#2843=ORIENTED_EDGE('',*,*,#2104,.F.);
#2844=ORIENTED_EDGE('',*,*,#2105,.F.);
#2845=ORIENTED_EDGE('',*,*,#1862,.F.);
#2846=ORIENTED_EDGE('',*,*,#2044,.F.);
#2847=ORIENTED_EDGE('',*,*,#2106,.T.);
#2848=ORIENTED_EDGE('',*,*,#2107,.F.);
#2849=ORIENTED_EDGE('',*,*,#2060,.T.);
#2850=ORIENTED_EDGE('',*,*,#2041,.F.);
#2851=ORIENTED_EDGE('',*,*,#2043,.F.);
#2852=ORIENTED_EDGE('',*,*,#2108,.F.);
#2853=ORIENTED_EDGE('',*,*,#1961,.F.);
#2854=ORIENTED_EDGE('',*,*,#2109,.F.);
#2855=ORIENTED_EDGE('',*,*,#1812,.F.);
#2856=ORIENTED_EDGE('',*,*,#2110,.T.);
#2857=ORIENTED_EDGE('',*,*,#2111,.F.);
#2858=ORIENTED_EDGE('',*,*,#2106,.F.);
#2859=ORIENTED_EDGE('',*,*,#2046,.F.);
#2860=ORIENTED_EDGE('',*,*,#2075,.T.);
#2861=ORIENTED_EDGE('',*,*,#2112,.T.);
#2862=ORIENTED_EDGE('',*,*,#2113,.F.);
#2863=ORIENTED_EDGE('',*,*,#1962,.F.);
#2864=ORIENTED_EDGE('',*,*,#2108,.T.);
#2865=ORIENTED_EDGE('',*,*,#2114,.F.);
#2866=ORIENTED_EDGE('',*,*,#1879,.F.);
#2867=ORIENTED_EDGE('',*,*,#1764,.F.);
#2868=ORIENTED_EDGE('',*,*,#2091,.T.);
#2869=ORIENTED_EDGE('',*,*,#1880,.T.);
#2870=ORIENTED_EDGE('',*,*,#2114,.T.);
#2871=ORIENTED_EDGE('',*,*,#2090,.T.);
#2872=ORIENTED_EDGE('',*,*,#2094,.T.);
#2873=ORIENTED_EDGE('',*,*,#2115,.F.);
#2874=ORIENTED_EDGE('',*,*,#2099,.F.);
#2875=ORIENTED_EDGE('',*,*,#2116,.F.);
#2876=ORIENTED_EDGE('',*,*,#2117,.F.);
#2877=ORIENTED_EDGE('',*,*,#1963,.F.);
#2878=ORIENTED_EDGE('',*,*,#2113,.T.);
#2879=ORIENTED_EDGE('',*,*,#2001,.F.);
#2880=ORIENTED_EDGE('',*,*,#2118,.F.);
#2881=ORIENTED_EDGE('',*,*,#1964,.F.);
#2882=ORIENTED_EDGE('',*,*,#2117,.T.);
#2883=ORIENTED_EDGE('',*,*,#2119,.F.);
#2884=ORIENTED_EDGE('',*,*,#2069,.T.);
#2885=ORIENTED_EDGE('',*,*,#2119,.T.);
#2886=ORIENTED_EDGE('',*,*,#2116,.T.);
#2887=ORIENTED_EDGE('',*,*,#2112,.F.);
#2888=ORIENTED_EDGE('',*,*,#2074,.T.);
#2889=ORIENTED_EDGE('',*,*,#2120,.T.);
#2890=ORIENTED_EDGE('',*,*,#1887,.F.);
#2891=ORIENTED_EDGE('',*,*,#2105,.T.);
#2892=ORIENTED_EDGE('',*,*,#2121,.F.);
#2893=ORIENTED_EDGE('',*,*,#2097,.F.);
#2894=ORIENTED_EDGE('',*,*,#1906,.F.);
#2895=ORIENTED_EDGE('',*,*,#2122,.F.);
#2896=ORIENTED_EDGE('',*,*,#2070,.T.);
#2897=ORIENTED_EDGE('',*,*,#2082,.T.);
#2898=ORIENTED_EDGE('',*,*,#2123,.T.);
#2899=ORIENTED_EDGE('',*,*,#1952,.T.);
#2900=ORIENTED_EDGE('',*,*,#2124,.T.);
#2901=ORIENTED_EDGE('',*,*,#2087,.T.);
#2902=ORIENTED_EDGE('',*,*,#1939,.T.);
#2903=ORIENTED_EDGE('',*,*,#1738,.F.);
#2904=ORIENTED_EDGE('',*,*,#1991,.F.);
#2905=ORIENTED_EDGE('',*,*,#2096,.T.);
#2906=ORIENTED_EDGE('',*,*,#2098,.T.);
#2907=ORIENTED_EDGE('',*,*,#2121,.T.);
#2908=ORIENTED_EDGE('',*,*,#2104,.T.);
#2909=ORIENTED_EDGE('',*,*,#2102,.T.);
#2910=ORIENTED_EDGE('',*,*,#2100,.T.);
#2911=ORIENTED_EDGE('',*,*,#2115,.T.);
#2912=ORIENTED_EDGE('',*,*,#2093,.T.);
#2913=ORIENTED_EDGE('',*,*,#2125,.T.);
#2914=ORIENTED_EDGE('',*,*,#2126,.T.);
#2915=ORIENTED_EDGE('',*,*,#2127,.T.);
#2916=ORIENTED_EDGE('',*,*,#1750,.F.);
#2917=ORIENTED_EDGE('',*,*,#2128,.F.);
#2918=ORIENTED_EDGE('',*,*,#1943,.T.);
#2919=ORIENTED_EDGE('',*,*,#2129,.F.);
#2920=ORIENTED_EDGE('',*,*,#2130,.T.);
#2921=ORIENTED_EDGE('',*,*,#2131,.T.);
#2922=ORIENTED_EDGE('',*,*,#2132,.T.);
#2923=ORIENTED_EDGE('',*,*,#2133,.F.);
#2924=ORIENTED_EDGE('',*,*,#1987,.T.);
#2925=ORIENTED_EDGE('',*,*,#2134,.F.);
#2926=ORIENTED_EDGE('',*,*,#2135,.T.);
#2927=ORIENTED_EDGE('',*,*,#2136,.T.);
#2928=ORIENTED_EDGE('',*,*,#2137,.T.);
#2929=ORIENTED_EDGE('',*,*,#2138,.T.);
#2930=ORIENTED_EDGE('',*,*,#2139,.T.);
#2931=ORIENTED_EDGE('',*,*,#2126,.F.);
#2932=ORIENTED_EDGE('',*,*,#2140,.T.);
#2933=ORIENTED_EDGE('',*,*,#2141,.F.);
#2934=ORIENTED_EDGE('',*,*,#2142,.T.);
#2935=ORIENTED_EDGE('',*,*,#2143,.T.);
#2936=ORIENTED_EDGE('',*,*,#2144,.T.);
#2937=ORIENTED_EDGE('',*,*,#2145,.F.);
#2938=ORIENTED_EDGE('',*,*,#2146,.T.);
#2939=ORIENTED_EDGE('',*,*,#2147,.F.);
#2940=ORIENTED_EDGE('',*,*,#2148,.T.);
#2941=ORIENTED_EDGE('',*,*,#2149,.T.);
#2942=ORIENTED_EDGE('',*,*,#2150,.T.);
#2943=ORIENTED_EDGE('',*,*,#2125,.F.);
#2944=ORIENTED_EDGE('',*,*,#1761,.F.);
#2945=ORIENTED_EDGE('',*,*,#2151,.F.);
#2946=ORIENTED_EDGE('',*,*,#2140,.F.);
#2947=ORIENTED_EDGE('',*,*,#2141,.T.);
#2948=ORIENTED_EDGE('',*,*,#2151,.T.);
#2949=ORIENTED_EDGE('',*,*,#1760,.F.);
#2950=ORIENTED_EDGE('',*,*,#2152,.T.);
#2951=ORIENTED_EDGE('',*,*,#2153,.T.);
#2952=ORIENTED_EDGE('',*,*,#2145,.T.);
#2953=ORIENTED_EDGE('',*,*,#2154,.T.);
#2954=ORIENTED_EDGE('',*,*,#1756,.F.);
#2955=ORIENTED_EDGE('',*,*,#2153,.F.);
#2956=ORIENTED_EDGE('',*,*,#1755,.F.);
#2957=ORIENTED_EDGE('',*,*,#2155,.F.);
#2958=ORIENTED_EDGE('',*,*,#2146,.F.);
#2959=ORIENTED_EDGE('',*,*,#2147,.T.);
#2960=ORIENTED_EDGE('',*,*,#2155,.T.);
#2961=ORIENTED_EDGE('',*,*,#1754,.F.);
#2962=ORIENTED_EDGE('',*,*,#2156,.T.);
#2963=ORIENTED_EDGE('',*,*,#2157,.T.);
#2964=ORIENTED_EDGE('',*,*,#2158,.T.);
#2965=ORIENTED_EDGE('',*,*,#2159,.T.);
#2966=ORIENTED_EDGE('',*,*,#2025,.T.);
#2967=ORIENTED_EDGE('',*,*,#2031,.T.);
#2968=ORIENTED_EDGE('',*,*,#2160,.T.);
#2969=ORIENTED_EDGE('',*,*,#2026,.T.);
#2970=ORIENTED_EDGE('',*,*,#2159,.F.);
#2971=ORIENTED_EDGE('',*,*,#2161,.T.);
#2972=ORIENTED_EDGE('',*,*,#2162,.T.);
#2973=ORIENTED_EDGE('',*,*,#2022,.T.);
#2974=ORIENTED_EDGE('',*,*,#2160,.F.);
#2975=ORIENTED_EDGE('',*,*,#2163,.T.);
#2976=ORIENTED_EDGE('',*,*,#2164,.T.);
#2977=ORIENTED_EDGE('',*,*,#2023,.T.);
#2978=ORIENTED_EDGE('',*,*,#2162,.F.);
#2979=ORIENTED_EDGE('',*,*,#2165,.T.);
#2980=ORIENTED_EDGE('',*,*,#2166,.T.);
#2981=ORIENTED_EDGE('',*,*,#2019,.T.);
#2982=ORIENTED_EDGE('',*,*,#2164,.F.);
#2983=ORIENTED_EDGE('',*,*,#2167,.T.);
#2984=ORIENTED_EDGE('',*,*,#2005,.F.);
#2985=ORIENTED_EDGE('',*,*,#2020,.T.);
#2986=ORIENTED_EDGE('',*,*,#2166,.F.);
#2987=ORIENTED_EDGE('',*,*,#2168,.T.);
#2988=ORIENTED_EDGE('',*,*,#1790,.F.);
#2989=ORIENTED_EDGE('',*,*,#2169,.T.);
#2990=ORIENTED_EDGE('',*,*,#1954,.F.);
#2991=ORIENTED_EDGE('',*,*,#2118,.T.);
#2992=ORIENTED_EDGE('',*,*,#2167,.F.);
#2993=ORIENTED_EDGE('',*,*,#2165,.F.);
#2994=ORIENTED_EDGE('',*,*,#2170,.T.);
#2995=ORIENTED_EDGE('',*,*,#2084,.T.);
#2996=ORIENTED_EDGE('',*,*,#1791,.T.);
#2997=ORIENTED_EDGE('',*,*,#2168,.F.);
#2998=ORIENTED_EDGE('',*,*,#2163,.F.);
#2999=ORIENTED_EDGE('',*,*,#2161,.F.);
#3000=ORIENTED_EDGE('',*,*,#2171,.F.);
#3001=ORIENTED_EDGE('',*,*,#2085,.T.);
#3002=ORIENTED_EDGE('',*,*,#2170,.F.);
#3003=ORIENTED_EDGE('',*,*,#2158,.F.);
#3004=ORIENTED_EDGE('',*,*,#2172,.F.);
#3005=ORIENTED_EDGE('',*,*,#2129,.T.);
#3006=ORIENTED_EDGE('',*,*,#2086,.T.);
#3007=ORIENTED_EDGE('',*,*,#2171,.T.);
#3008=ORIENTED_EDGE('',*,*,#2173,.T.);
#3009=ORIENTED_EDGE('',*,*,#2174,.T.);
#3010=ORIENTED_EDGE('',*,*,#2175,.T.);
#3011=ORIENTED_EDGE('',*,*,#2176,.T.);
#3012=ORIENTED_EDGE('',*,*,#2177,.T.);
#3013=ORIENTED_EDGE('',*,*,#2178,.T.);
#3014=ORIENTED_EDGE('',*,*,#2175,.F.);
#3015=ORIENTED_EDGE('',*,*,#2179,.T.);
#3016=ORIENTED_EDGE('',*,*,#2180,.T.);
#3017=ORIENTED_EDGE('',*,*,#2181,.T.);
#3018=ORIENTED_EDGE('',*,*,#2177,.F.);
#3019=ORIENTED_EDGE('',*,*,#2182,.T.);
#3020=ORIENTED_EDGE('',*,*,#2183,.T.);
#3021=ORIENTED_EDGE('',*,*,#2184,.T.);
#3022=ORIENTED_EDGE('',*,*,#2180,.F.);
#3023=ORIENTED_EDGE('',*,*,#2185,.T.);
#3024=ORIENTED_EDGE('',*,*,#2186,.T.);
#3025=ORIENTED_EDGE('',*,*,#2187,.T.);
#3026=ORIENTED_EDGE('',*,*,#2183,.F.);
#3027=ORIENTED_EDGE('',*,*,#2188,.T.);
#3028=ORIENTED_EDGE('',*,*,#2186,.F.);
#3029=ORIENTED_EDGE('',*,*,#2189,.T.);
#3030=ORIENTED_EDGE('',*,*,#2139,.F.);
#3031=ORIENTED_EDGE('',*,*,#2190,.T.);
#3032=ORIENTED_EDGE('',*,*,#1746,.F.);
#3033=ORIENTED_EDGE('',*,*,#2191,.T.);
#3034=ORIENTED_EDGE('',*,*,#2135,.F.);
#3035=ORIENTED_EDGE('',*,*,#2192,.T.);
#3036=ORIENTED_EDGE('',*,*,#2193,.F.);
#3037=ORIENTED_EDGE('',*,*,#2194,.T.);
#3038=ORIENTED_EDGE('',*,*,#2195,.F.);
#3039=ORIENTED_EDGE('',*,*,#2196,.T.);
#3040=ORIENTED_EDGE('',*,*,#2188,.F.);
#3041=ORIENTED_EDGE('',*,*,#2185,.F.);
#3042=ORIENTED_EDGE('',*,*,#2197,.T.);
#3043=ORIENTED_EDGE('',*,*,#1934,.F.);
#3044=ORIENTED_EDGE('',*,*,#2128,.T.);
#3045=ORIENTED_EDGE('',*,*,#2189,.F.);
#3046=ORIENTED_EDGE('',*,*,#2182,.F.);
#3047=ORIENTED_EDGE('',*,*,#2179,.F.);
#3048=ORIENTED_EDGE('',*,*,#2198,.F.);
#3049=ORIENTED_EDGE('',*,*,#1935,.T.);
#3050=ORIENTED_EDGE('',*,*,#2197,.F.);
#3051=ORIENTED_EDGE('',*,*,#2174,.F.);
#3052=ORIENTED_EDGE('',*,*,#2199,.F.);
#3053=ORIENTED_EDGE('',*,*,#1793,.T.);
#3054=ORIENTED_EDGE('',*,*,#1936,.F.);
#3055=ORIENTED_EDGE('',*,*,#2198,.T.);
#3056=ORIENTED_EDGE('',*,*,#2193,.T.);
#3057=ORIENTED_EDGE('',*,*,#2200,.T.);
#3058=ORIENTED_EDGE('',*,*,#2201,.T.);
#3059=ORIENTED_EDGE('',*,*,#2202,.T.);
#3060=ORIENTED_EDGE('',*,*,#2203,.T.);
#3061=ORIENTED_EDGE('',*,*,#2204,.T.);
#3062=ORIENTED_EDGE('',*,*,#2201,.F.);
#3063=ORIENTED_EDGE('',*,*,#2205,.T.);
#3064=ORIENTED_EDGE('',*,*,#2206,.T.);
#3065=ORIENTED_EDGE('',*,*,#2207,.T.);
#3066=ORIENTED_EDGE('',*,*,#2203,.F.);
#3067=ORIENTED_EDGE('',*,*,#2208,.T.);
#3068=ORIENTED_EDGE('',*,*,#2209,.T.);
#3069=ORIENTED_EDGE('',*,*,#2210,.T.);
#3070=ORIENTED_EDGE('',*,*,#2206,.F.);
#3071=ORIENTED_EDGE('',*,*,#2211,.T.);
#3072=ORIENTED_EDGE('',*,*,#2212,.T.);
#3073=ORIENTED_EDGE('',*,*,#2213,.T.);
#3074=ORIENTED_EDGE('',*,*,#2209,.F.);
#3075=ORIENTED_EDGE('',*,*,#2214,.T.);
#3076=ORIENTED_EDGE('',*,*,#2212,.F.);
#3077=ORIENTED_EDGE('',*,*,#2215,.T.);
#3078=ORIENTED_EDGE('',*,*,#1808,.F.);
#3079=ORIENTED_EDGE('',*,*,#2216,.T.);
#3080=ORIENTED_EDGE('',*,*,#1980,.F.);
#3081=ORIENTED_EDGE('',*,*,#2217,.F.);
#3082=ORIENTED_EDGE('',*,*,#2218,.T.);
#3083=ORIENTED_EDGE('',*,*,#2214,.F.);
#3084=ORIENTED_EDGE('',*,*,#2219,.T.);
#3085=ORIENTED_EDGE('',*,*,#1993,.T.);
#3086=ORIENTED_EDGE('',*,*,#1809,.T.);
#3087=ORIENTED_EDGE('',*,*,#2215,.F.);
#3088=ORIENTED_EDGE('',*,*,#2211,.F.);
#3089=ORIENTED_EDGE('',*,*,#2208,.F.);
#3090=ORIENTED_EDGE('',*,*,#2220,.F.);
#3091=ORIENTED_EDGE('',*,*,#1994,.T.);
#3092=ORIENTED_EDGE('',*,*,#2219,.F.);
#3093=ORIENTED_EDGE('',*,*,#2205,.F.);
#3094=ORIENTED_EDGE('',*,*,#2200,.F.);
#3095=ORIENTED_EDGE('',*,*,#2192,.F.);
#3096=ORIENTED_EDGE('',*,*,#2134,.T.);
#3097=ORIENTED_EDGE('',*,*,#1995,.T.);
#3098=ORIENTED_EDGE('',*,*,#2220,.T.);
#3099=ORIENTED_EDGE('',*,*,#2111,.T.);
#3100=ORIENTED_EDGE('',*,*,#2221,.T.);
#3101=ORIENTED_EDGE('',*,*,#2222,.T.);
#3102=ORIENTED_EDGE('',*,*,#2107,.T.);
#3103=ORIENTED_EDGE('',*,*,#2223,.T.);
#3104=ORIENTED_EDGE('',*,*,#2061,.T.);
#3105=ORIENTED_EDGE('',*,*,#2222,.F.);
#3106=ORIENTED_EDGE('',*,*,#2224,.T.);
#3107=ORIENTED_EDGE('',*,*,#2225,.T.);
#3108=ORIENTED_EDGE('',*,*,#2062,.T.);
#3109=ORIENTED_EDGE('',*,*,#2223,.F.);
#3110=ORIENTED_EDGE('',*,*,#2226,.T.);
#3111=ORIENTED_EDGE('',*,*,#2227,.T.);
#3112=ORIENTED_EDGE('',*,*,#2058,.T.);
#3113=ORIENTED_EDGE('',*,*,#2225,.F.);
#3114=ORIENTED_EDGE('',*,*,#2228,.T.);
#3115=ORIENTED_EDGE('',*,*,#2054,.T.);
#3116=ORIENTED_EDGE('',*,*,#2059,.T.);
#3117=ORIENTED_EDGE('',*,*,#2227,.F.);
#3118=ORIENTED_EDGE('',*,*,#2229,.T.);
#3119=ORIENTED_EDGE('',*,*,#2230,.T.);
#3120=ORIENTED_EDGE('',*,*,#2055,.T.);
#3121=ORIENTED_EDGE('',*,*,#2230,.F.);
#3122=ORIENTED_EDGE('',*,*,#2231,.T.);
#3123=ORIENTED_EDGE('',*,*,#2132,.F.);
#3124=ORIENTED_EDGE('',*,*,#2232,.F.);
#3125=ORIENTED_EDGE('',*,*,#1767,.F.);
#3126=ORIENTED_EDGE('',*,*,#2229,.F.);
#3127=ORIENTED_EDGE('',*,*,#2233,.T.);
#3128=ORIENTED_EDGE('',*,*,#2077,.F.);
#3129=ORIENTED_EDGE('',*,*,#2133,.T.);
#3130=ORIENTED_EDGE('',*,*,#2231,.F.);
#3131=ORIENTED_EDGE('',*,*,#2228,.F.);
#3132=ORIENTED_EDGE('',*,*,#2226,.F.);
#3133=ORIENTED_EDGE('',*,*,#2234,.F.);
#3134=ORIENTED_EDGE('',*,*,#2078,.T.);
#3135=ORIENTED_EDGE('',*,*,#2233,.F.);
#3136=ORIENTED_EDGE('',*,*,#2224,.F.);
#3137=ORIENTED_EDGE('',*,*,#2221,.F.);
#3138=ORIENTED_EDGE('',*,*,#2110,.F.);
#3139=ORIENTED_EDGE('',*,*,#1811,.T.);
#3140=ORIENTED_EDGE('',*,*,#2079,.F.);
#3141=ORIENTED_EDGE('',*,*,#2234,.T.);
#3142=ORIENTED_EDGE('',*,*,#2178,.F.);
#3143=ORIENTED_EDGE('',*,*,#2235,.T.);
#3144=ORIENTED_EDGE('',*,*,#1998,.T.);
#3145=ORIENTED_EDGE('',*,*,#1800,.T.);
#3146=ORIENTED_EDGE('',*,*,#2236,.T.);
#3147=ORIENTED_EDGE('',*,*,#2237,.F.);
#3148=ORIENTED_EDGE('',*,*,#2176,.F.);
#3149=ORIENTED_EDGE('',*,*,#2184,.F.);
#3150=ORIENTED_EDGE('',*,*,#2238,.F.);
#3151=ORIENTED_EDGE('',*,*,#1999,.F.);
#3152=ORIENTED_EDGE('',*,*,#2235,.F.);
#3153=ORIENTED_EDGE('',*,*,#2181,.F.);
#3154=ORIENTED_EDGE('',*,*,#2213,.F.);
#3155=ORIENTED_EDGE('',*,*,#2218,.F.);
#3156=ORIENTED_EDGE('',*,*,#2239,.F.);
#3157=ORIENTED_EDGE('',*,*,#1802,.T.);
#3158=ORIENTED_EDGE('',*,*,#1922,.F.);
#3159=ORIENTED_EDGE('',*,*,#2240,.T.);
#3160=ORIENTED_EDGE('',*,*,#2210,.F.);
#3161=ORIENTED_EDGE('',*,*,#2187,.F.);
#3162=ORIENTED_EDGE('',*,*,#2196,.F.);
#3163=ORIENTED_EDGE('',*,*,#2241,.T.);
#3164=ORIENTED_EDGE('',*,*,#2000,.T.);
#3165=ORIENTED_EDGE('',*,*,#2238,.T.);
#3166=ORIENTED_EDGE('',*,*,#2241,.F.);
#3167=ORIENTED_EDGE('',*,*,#2195,.T.);
#3168=ORIENTED_EDGE('',*,*,#2242,.F.);
#3169=ORIENTED_EDGE('',*,*,#1997,.T.);
#3170=ORIENTED_EDGE('',*,*,#2202,.F.);
#3171=ORIENTED_EDGE('',*,*,#2243,.T.);
#3172=ORIENTED_EDGE('',*,*,#1920,.F.);
#3173=ORIENTED_EDGE('',*,*,#2242,.T.);
#3174=ORIENTED_EDGE('',*,*,#2194,.F.);
#3175=ORIENTED_EDGE('',*,*,#2207,.F.);
#3176=ORIENTED_EDGE('',*,*,#2240,.F.);
#3177=ORIENTED_EDGE('',*,*,#1921,.F.);
#3178=ORIENTED_EDGE('',*,*,#2243,.F.);
#3179=ORIENTED_EDGE('',*,*,#2204,.F.);
#3180=ORIENTED_EDGE('',*,*,#1788,.T.);
#3181=ORIENTED_EDGE('',*,*,#1843,.T.);
#3182=ORIENTED_EDGE('',*,*,#1956,.T.);
#3183=ORIENTED_EDGE('',*,*,#2244,.T.);
#3184=ORIENTED_EDGE('',*,*,#1814,.T.);
#3185=ORIENTED_EDGE('',*,*,#2245,.T.);
#3186=ORIENTED_EDGE('',*,*,#1959,.T.);
#3187=ORIENTED_EDGE('',*,*,#2246,.T.);
#3188=ORIENTED_EDGE('',*,*,#1835,.F.);
#3189=ORIENTED_EDGE('',*,*,#1815,.F.);
#3190=ORIENTED_EDGE('',*,*,#2246,.F.);
#3191=ORIENTED_EDGE('',*,*,#1958,.F.);
#3192=ORIENTED_EDGE('',*,*,#2247,.F.);
#3193=ORIENTED_EDGE('',*,*,#2248,.F.);
#3194=ORIENTED_EDGE('',*,*,#2249,.T.);
#3195=ORIENTED_EDGE('',*,*,#2247,.T.);
#3196=ORIENTED_EDGE('',*,*,#1957,.F.);
#3197=ORIENTED_EDGE('',*,*,#1841,.F.);
#3198=ORIENTED_EDGE('',*,*,#2245,.F.);
#3199=ORIENTED_EDGE('',*,*,#1813,.F.);
#3200=ORIENTED_EDGE('',*,*,#2109,.T.);
#3201=ORIENTED_EDGE('',*,*,#1960,.F.);
#3202=ORIENTED_EDGE('',*,*,#2244,.F.);
#3203=ORIENTED_EDGE('',*,*,#1955,.F.);
#3204=ORIENTED_EDGE('',*,*,#2169,.F.);
#3205=ORIENTED_EDGE('',*,*,#1789,.F.);
#3206=ORIENTED_EDGE('',*,*,#1806,.F.);
#3207=ORIENTED_EDGE('',*,*,#2250,.T.);
#3208=ORIENTED_EDGE('',*,*,#1976,.F.);
#3209=ORIENTED_EDGE('',*,*,#2251,.F.);
#3210=ORIENTED_EDGE('',*,*,#1805,.F.);
#3211=ORIENTED_EDGE('',*,*,#2252,.T.);
#3212=ORIENTED_EDGE('',*,*,#1977,.F.);
#3213=ORIENTED_EDGE('',*,*,#2250,.F.);
#3214=ORIENTED_EDGE('',*,*,#1804,.F.);
#3215=ORIENTED_EDGE('',*,*,#2253,.T.);
#3216=ORIENTED_EDGE('',*,*,#1978,.F.);
#3217=ORIENTED_EDGE('',*,*,#2252,.F.);
#3218=ORIENTED_EDGE('',*,*,#2217,.T.);
#3219=ORIENTED_EDGE('',*,*,#1979,.F.);
#3220=ORIENTED_EDGE('',*,*,#2253,.F.);
#3221=ORIENTED_EDGE('',*,*,#1803,.F.);
#3222=ORIENTED_EDGE('',*,*,#2239,.T.);
#3223=ORIENTED_EDGE('',*,*,#1807,.F.);
#3224=ORIENTED_EDGE('',*,*,#2251,.T.);
#3225=ORIENTED_EDGE('',*,*,#1981,.F.);
#3226=ORIENTED_EDGE('',*,*,#2216,.F.);
#3227=ORIENTED_EDGE('',*,*,#1796,.F.);
#3228=ORIENTED_EDGE('',*,*,#2254,.T.);
#3229=ORIENTED_EDGE('',*,*,#1970,.F.);
#3230=ORIENTED_EDGE('',*,*,#2255,.F.);
#3231=ORIENTED_EDGE('',*,*,#1795,.F.);
#3232=ORIENTED_EDGE('',*,*,#2256,.T.);
#3233=ORIENTED_EDGE('',*,*,#1971,.F.);
#3234=ORIENTED_EDGE('',*,*,#2254,.F.);
#3235=ORIENTED_EDGE('',*,*,#2173,.F.);
#3236=ORIENTED_EDGE('',*,*,#2237,.T.);
#3237=ORIENTED_EDGE('',*,*,#2257,.T.);
#3238=ORIENTED_EDGE('',*,*,#1972,.F.);
#3239=ORIENTED_EDGE('',*,*,#2256,.F.);
#3240=ORIENTED_EDGE('',*,*,#1794,.F.);
#3241=ORIENTED_EDGE('',*,*,#2199,.T.);
#3242=ORIENTED_EDGE('',*,*,#1799,.F.);
#3243=ORIENTED_EDGE('',*,*,#2258,.T.);
#3244=ORIENTED_EDGE('',*,*,#1973,.F.);
#3245=ORIENTED_EDGE('',*,*,#2257,.F.);
#3246=ORIENTED_EDGE('',*,*,#2236,.F.);
#3247=ORIENTED_EDGE('',*,*,#1798,.F.);
#3248=ORIENTED_EDGE('',*,*,#2259,.T.);
#3249=ORIENTED_EDGE('',*,*,#1974,.F.);
#3250=ORIENTED_EDGE('',*,*,#2258,.F.);
#3251=ORIENTED_EDGE('',*,*,#1797,.F.);
#3252=ORIENTED_EDGE('',*,*,#2255,.T.);
#3253=ORIENTED_EDGE('',*,*,#1975,.F.);
#3254=ORIENTED_EDGE('',*,*,#2259,.F.);
#3255=ORIENTED_EDGE('',*,*,#2260,.T.);
#3256=ORIENTED_EDGE('',*,*,#2136,.F.);
#3257=ORIENTED_EDGE('',*,*,#2191,.F.);
#3258=ORIENTED_EDGE('',*,*,#1749,.F.);
#3259=ORIENTED_EDGE('',*,*,#2261,.T.);
#3260=ORIENTED_EDGE('',*,*,#2137,.F.);
#3261=ORIENTED_EDGE('',*,*,#2260,.F.);
#3262=ORIENTED_EDGE('',*,*,#1748,.F.);
#3263=ORIENTED_EDGE('',*,*,#2190,.F.);
#3264=ORIENTED_EDGE('',*,*,#2138,.F.);
#3265=ORIENTED_EDGE('',*,*,#2261,.F.);
#3266=ORIENTED_EDGE('',*,*,#1747,.F.);
#3267=ORIENTED_EDGE('',*,*,#2030,.T.);
#3268=ORIENTED_EDGE('',*,*,#1769,.F.);
#3269=ORIENTED_EDGE('',*,*,#2262,.T.);
#3270=ORIENTED_EDGE('',*,*,#2130,.F.);
#3271=ORIENTED_EDGE('',*,*,#2172,.T.);
#3272=ORIENTED_EDGE('',*,*,#2157,.F.);
#3273=ORIENTED_EDGE('',*,*,#2232,.T.);
#3274=ORIENTED_EDGE('',*,*,#2131,.F.);
#3275=ORIENTED_EDGE('',*,*,#2262,.F.);
#3276=ORIENTED_EDGE('',*,*,#1768,.F.);
#3277=ORIENTED_EDGE('',*,*,#1745,.F.);
#3278=ORIENTED_EDGE('',*,*,#2263,.T.);
#3279=ORIENTED_EDGE('',*,*,#2264,.T.);
#3280=ORIENTED_EDGE('',*,*,#2263,.F.);
#3281=ORIENTED_EDGE('',*,*,#2264,.F.);
#3282=ORIENTED_EDGE('',*,*,#1744,.F.);
#3283=ORIENTED_EDGE('',*,*,#2265,.T.);
#3284=ORIENTED_EDGE('',*,*,#2266,.T.);
#3285=ORIENTED_EDGE('',*,*,#2265,.F.);
#3286=ORIENTED_EDGE('',*,*,#2266,.F.);
#3287=ORIENTED_EDGE('',*,*,#1743,.F.);
#3288=ORIENTED_EDGE('',*,*,#2267,.T.);
#3289=ORIENTED_EDGE('',*,*,#2268,.T.);
#3290=ORIENTED_EDGE('',*,*,#2267,.F.);
#3291=ORIENTED_EDGE('',*,*,#2268,.F.);
#3292=ORIENTED_EDGE('',*,*,#1742,.F.);
#3293=ORIENTED_EDGE('',*,*,#2269,.T.);
#3294=ORIENTED_EDGE('',*,*,#2270,.T.);
#3295=ORIENTED_EDGE('',*,*,#2269,.F.);
#3296=ORIENTED_EDGE('',*,*,#2270,.F.);
#3297=ORIENTED_EDGE('',*,*,#2271,.T.);
#3298=ORIENTED_EDGE('',*,*,#2149,.F.);
#3299=ORIENTED_EDGE('',*,*,#2272,.T.);
#3300=ORIENTED_EDGE('',*,*,#1752,.F.);
#3301=ORIENTED_EDGE('',*,*,#2127,.F.);
#3302=ORIENTED_EDGE('',*,*,#2150,.F.);
#3303=ORIENTED_EDGE('',*,*,#2271,.F.);
#3304=ORIENTED_EDGE('',*,*,#1751,.F.);
#3305=ORIENTED_EDGE('',*,*,#2156,.F.);
#3306=ORIENTED_EDGE('',*,*,#1753,.F.);
#3307=ORIENTED_EDGE('',*,*,#2272,.F.);
#3308=ORIENTED_EDGE('',*,*,#2148,.F.);
#3309=ORIENTED_EDGE('',*,*,#2273,.T.);
#3310=ORIENTED_EDGE('',*,*,#2143,.F.);
#3311=ORIENTED_EDGE('',*,*,#2274,.T.);
#3312=ORIENTED_EDGE('',*,*,#1758,.F.);
#3313=ORIENTED_EDGE('',*,*,#2154,.F.);
#3314=ORIENTED_EDGE('',*,*,#2144,.F.);
#3315=ORIENTED_EDGE('',*,*,#2273,.F.);
#3316=ORIENTED_EDGE('',*,*,#1757,.F.);
#3317=ORIENTED_EDGE('',*,*,#2152,.F.);
#3318=ORIENTED_EDGE('',*,*,#1759,.F.);
#3319=ORIENTED_EDGE('',*,*,#2274,.F.);
#3320=ORIENTED_EDGE('',*,*,#2142,.F.);
#3321=ORIENTED_EDGE('',*,*,#1830,.F.);
#3322=ORIENTED_EDGE('',*,*,#1832,.F.);
#3323=ORIENTED_EDGE('',*,*,#1834,.F.);
#3324=ORIENTED_EDGE('',*,*,#1836,.F.);
#3325=ORIENTED_EDGE('',*,*,#2248,.T.);
#3326=ORIENTED_EDGE('',*,*,#2249,.F.);
#3327=ORIENTED_EDGE('',*,*,#1840,.T.);
#3328=ORIENTED_EDGE('',*,*,#1838,.T.);
#3329=ORIENTED_EDGE('',*,*,#1847,.F.);
#3330=ORIENTED_EDGE('',*,*,#1845,.F.);
#3331=ORIENTED_EDGE('',*,*,#1851,.F.);
#3332=ORIENTED_EDGE('',*,*,#1849,.F.);
#3333=ORIENTED_EDGE('',*,*,#1855,.F.);
#3334=ORIENTED_EDGE('',*,*,#1853,.F.);
#3335=ORIENTED_EDGE('',*,*,#1859,.F.);
#3336=ORIENTED_EDGE('',*,*,#1857,.F.);
#3337=ORIENTED_EDGE('',*,*,#1860,.F.);
#3338=ORIENTED_EDGE('',*,*,#1772,.F.);
#3339=ORIENTED_EDGE('',*,*,#1776,.F.);
#3340=ORIENTED_EDGE('',*,*,#1824,.F.);
#3341=ORIENTED_EDGE('',*,*,#1826,.F.);
#3342=ORIENTED_EDGE('',*,*,#1828,.F.);
#3343=ORIENTED_EDGE('',*,*,#2275,.T.);
#3344=ORIENTED_EDGE('',*,*,#2276,.T.);
#3345=ORIENTED_EDGE('',*,*,#2277,.T.);
#3346=ORIENTED_EDGE('',*,*,#2278,.T.);
#3347=ORIENTED_EDGE('',*,*,#2279,.F.);
#3348=ORIENTED_EDGE('',*,*,#2280,.F.);
#3349=ORIENTED_EDGE('',*,*,#2281,.T.);
#3350=ORIENTED_EDGE('',*,*,#1969,.T.);
#3351=ORIENTED_EDGE('',*,*,#2281,.F.);
#3352=ORIENTED_EDGE('',*,*,#2280,.T.);
#3353=ORIENTED_EDGE('',*,*,#2282,.T.);
#3354=ORIENTED_EDGE('',*,*,#2279,.T.);
#3355=ORIENTED_EDGE('',*,*,#2283,.T.);
#3356=ORIENTED_EDGE('',*,*,#2282,.F.);
#3357=ORIENTED_EDGE('',*,*,#2283,.F.);
#3358=ORIENTED_EDGE('',*,*,#2278,.F.);
#3359=ORIENTED_EDGE('',*,*,#2284,.T.);
#3360=ORIENTED_EDGE('',*,*,#1968,.F.);
#3361=ORIENTED_EDGE('',*,*,#2284,.F.);
#3362=ORIENTED_EDGE('',*,*,#2275,.F.);
#3363=ORIENTED_EDGE('',*,*,#2285,.T.);
#3364=ORIENTED_EDGE('',*,*,#1967,.F.);
#3365=ORIENTED_EDGE('',*,*,#2285,.F.);
#3366=ORIENTED_EDGE('',*,*,#2276,.F.);
#3367=ORIENTED_EDGE('',*,*,#2286,.T.);
#3368=ORIENTED_EDGE('',*,*,#1966,.F.);
#3369=ORIENTED_EDGE('',*,*,#2286,.F.);
#3370=ORIENTED_EDGE('',*,*,#2277,.F.);
#3371=ORIENTED_EDGE('',*,*,#2287,.T.);
#3372=ORIENTED_EDGE('',*,*,#1965,.F.);
#3373=ORIENTED_EDGE('',*,*,#2287,.F.);
#3374=ORIENTED_EDGE('',*,*,#1948,.F.);
#3375=ORIENTED_EDGE('',*,*,#1953,.F.);
#3376=ORIENTED_EDGE('',*,*,#2123,.F.);
#3377=ORIENTED_EDGE('',*,*,#2081,.F.);
#3378=ORIENTED_EDGE('',*,*,#2120,.F.);
#3379=ORIENTED_EDGE('',*,*,#2080,.F.);
#3380=ORIENTED_EDGE('',*,*,#1810,.T.);
#3381=ORIENTED_EDGE('',*,*,#1992,.T.);
#3382=ORIENTED_EDGE('',*,*,#1915,.T.);
#3383=ORIENTED_EDGE('',*,*,#1985,.F.);
#3384=ORIENTED_EDGE('',*,*,#1929,.F.);
#3385=ORIENTED_EDGE('',*,*,#1937,.F.);
#3386=ORIENTED_EDGE('',*,*,#1792,.F.);
#3387=ORIENTED_EDGE('',*,*,#2083,.T.);
#3388=ORIENTED_EDGE('',*,*,#2122,.T.);
#3389=ORIENTED_EDGE('',*,*,#2088,.T.);
#3390=ORIENTED_EDGE('',*,*,#2124,.F.);
#3391=ORIENTED_EDGE('',*,*,#1951,.F.);
#3392=PLANE('',#3659);
#3393=PLANE('',#3691);
#3394=PLANE('',#3774);
#3395=PLANE('',#3790);
#3396=PLANE('',#3796);
#3397=PLANE('',#3805);
#3398=PLANE('',#3808);
#3399=PLANE('',#3813);
#3400=PLANE('',#3834);
#3401=PLANE('',#3837);
#3402=PLANE('',#3838);
#3403=PLANE('',#3841);
#3404=PLANE('',#3842);
#3405=PLANE('',#3856);
#3406=PLANE('',#3861);
#3407=PLANE('',#3875);
#3408=PLANE('',#3879);
#3409=PLANE('',#3881);
#3410=PLANE('',#3885);
#3411=PLANE('',#3890);
#3412=PLANE('',#3891);
#3413=PLANE('',#3892);
#3414=PLANE('',#3895);
#3415=PLANE('',#3896);
#3416=PLANE('',#3899);
#3417=PLANE('',#3904);
#3418=PLANE('',#3909);
#3419=PLANE('',#3914);
#3420=PLANE('',#3918);
#3421=PLANE('',#3919);
#3422=PLANE('',#3920);
#3423=PLANE('',#3923);
#3424=PLANE('',#3924);
#3425=PLANE('',#3927);
#3426=PLANE('',#3959);
#3427=PLANE('',#3962);
#3428=PLANE('',#3980);
#3429=PLANE('',#3996);
#3430=PLANE('',#3999);
#3431=PLANE('',#4012);
#3432=PLANE('',#4015);
#3433=PLANE('',#4018);
#3434=PLANE('',#4020);
#3435=PLANE('',#4029);
#3436=PLANE('',#4031);
#3437=PLANE('',#4034);
#3438=PLANE('',#4036);
#3439=PLANE('',#4038);
#3440=PLANE('',#4047);
#3441=PLANE('',#4050);
#3442=PLANE('',#4053);
#3443=PLANE('',#4056);
#3444=PLANE('',#4057);
#3445=PLANE('',#4060);
#3446=PLANE('',#4063);
#3447=PLANE('',#4071);
#3448=PLANE('',#4078);
#3449=PLANE('',#4079);
#3450=ADVANCED_FACE('',(#295,#272,#273,#274,#275,#276,#277,#278),#3392,
 .T.);
#3451=ADVANCED_FACE('',(#296),#167,.T.);
#3452=ADVANCED_FACE('',(#297),#168,.F.);
#3453=ADVANCED_FACE('',(#298),#3393,.T.);
#3454=ADVANCED_FACE('',(#299),#169,.T.);
#3455=ADVANCED_FACE('',(#300),#170,.F.);
#3456=ADVANCED_FACE('',(#301),#171,.T.);
#3457=ADVANCED_FACE('',(#302),#172,.F.);
#3458=ADVANCED_FACE('',(#303),#173,.T.);
#3459=ADVANCED_FACE('',(#304),#174,.F.);
#3460=ADVANCED_FACE('',(#305),#175,.T.);
#3461=ADVANCED_FACE('',(#306),#176,.T.);
#3462=ADVANCED_FACE('',(#307),#177,.F.);
#3463=ADVANCED_FACE('',(#308),#178,.T.);
#3464=ADVANCED_FACE('',(#309),#179,.F.);
#3465=ADVANCED_FACE('',(#310),#180,.T.);
#3466=ADVANCED_FACE('',(#311),#181,.F.);
#3467=ADVANCED_FACE('',(#312),#182,.T.);
#3468=ADVANCED_FACE('',(#313),#183,.F.);
#3469=ADVANCED_FACE('',(#314),#184,.T.);
#3470=ADVANCED_FACE('',(#315),#185,.F.);
#3471=ADVANCED_FACE('',(#316),#186,.F.);
#3472=ADVANCED_FACE('',(#317),#139,.F.);
#3473=ADVANCED_FACE('',(#318),#83,.T.);
#3474=ADVANCED_FACE('',(#319),#187,.T.);
#3475=ADVANCED_FACE('',(#320),#84,.T.);
#3476=ADVANCED_FACE('',(#321),#140,.F.);
#3477=ADVANCED_FACE('',(#322),#188,.F.);
#3478=ADVANCED_FACE('',(#323),#189,.F.);
#3479=ADVANCED_FACE('',(#324),#3394,.F.);
#3480=ADVANCED_FACE('',(#325),#190,.F.);
#3481=ADVANCED_FACE('',(#326),#141,.F.);
#3482=ADVANCED_FACE('',(#327),#85,.T.);
#3483=ADVANCED_FACE('',(#328),#191,.T.);
#3484=ADVANCED_FACE('',(#329),#86,.T.);
#3485=ADVANCED_FACE('',(#330),#142,.F.);
#3486=ADVANCED_FACE('',(#331),#192,.F.);
#3487=ADVANCED_FACE('',(#332),#3395,.F.);
#3488=ADVANCED_FACE('',(#333),#193,.F.);
#3489=ADVANCED_FACE('',(#334),#194,.T.);
#3490=ADVANCED_FACE('',(#335),#3396,.T.);
#3491=ADVANCED_FACE('',(#336),#195,.T.);
#3492=ADVANCED_FACE('',(#337),#196,.T.);
#3493=ADVANCED_FACE('',(#338),#3397,.T.);
#3494=ADVANCED_FACE('',(#339),#3398,.T.);
#3495=ADVANCED_FACE('',(#340),#197,.T.);
#3496=ADVANCED_FACE('',(#341),#198,.T.);
#3497=ADVANCED_FACE('',(#342,#279,#280,#281,#282,#283,#284,#285,#286),#3399,
 .F.);
#3498=ADVANCED_FACE('',(#343),#3400,.T.);
#3499=ADVANCED_FACE('',(#344),#199,.T.);
#3500=ADVANCED_FACE('',(#345),#3401,.T.);
#3501=ADVANCED_FACE('',(#346),#3402,.T.);
#3502=ADVANCED_FACE('',(#347),#3403,.T.);
#3503=ADVANCED_FACE('',(#348),#3404,.T.);
#3504=ADVANCED_FACE('',(#349),#143,.F.);
#3505=ADVANCED_FACE('',(#350),#144,.F.);
#3506=ADVANCED_FACE('',(#351),#200,.T.);
#3507=ADVANCED_FACE('',(#352),#145,.F.);
#3508=ADVANCED_FACE('',(#353),#146,.F.);
#3509=ADVANCED_FACE('',(#354),#201,.F.);
#3510=ADVANCED_FACE('',(#355),#3405,.T.);
#3511=ADVANCED_FACE('',(#356),#202,.F.);
#3512=ADVANCED_FACE('',(#357),#3406,.F.);
#3513=ADVANCED_FACE('',(#358),#147,.F.);
#3514=ADVANCED_FACE('',(#359),#203,.T.);
#3515=ADVANCED_FACE('',(#360),#148,.F.);
#3516=ADVANCED_FACE('',(#361),#149,.F.);
#3517=ADVANCED_FACE('',(#362),#150,.F.);
#3518=ADVANCED_FACE('',(#363),#204,.F.);
#3519=ADVANCED_FACE('',(#364),#3407,.F.);
#3520=ADVANCED_FACE('',(#365),#205,.F.);
#3521=ADVANCED_FACE('',(#366),#3408,.T.);
#3522=ADVANCED_FACE('',(#367),#3409,.F.);
#3523=ADVANCED_FACE('',(#368),#206,.F.);
#3524=ADVANCED_FACE('',(#369),#3410,.F.);
#3525=ADVANCED_FACE('',(#370),#207,.F.);
#3526=ADVANCED_FACE('',(#371),#208,.F.);
#3527=ADVANCED_FACE('',(#372),#3411,.F.);
#3528=ADVANCED_FACE('',(#373),#3412,.F.);
#3529=ADVANCED_FACE('',(#374),#3413,.T.);
#3530=ADVANCED_FACE('',(#375),#3414,.T.);
#3531=ADVANCED_FACE('',(#376),#3415,.T.);
#3532=ADVANCED_FACE('',(#377),#3416,.T.);
#3533=ADVANCED_FACE('',(#378),#209,.F.);
#3534=ADVANCED_FACE('',(#379),#210,.F.);
#3535=ADVANCED_FACE('',(#380),#3417,.T.);
#3536=ADVANCED_FACE('',(#381),#211,.F.);
#3537=ADVANCED_FACE('',(#382),#212,.F.);
#3538=ADVANCED_FACE('',(#383),#3418,.T.);
#3539=ADVANCED_FACE('',(#384),#213,.F.);
#3540=ADVANCED_FACE('',(#385),#214,.F.);
#3541=ADVANCED_FACE('',(#386),#3419,.F.);
#3542=ADVANCED_FACE('',(#387),#215,.F.);
#3543=ADVANCED_FACE('',(#388),#3420,.F.);
#3544=ADVANCED_FACE('',(#389),#3421,.T.);
#3545=ADVANCED_FACE('',(#390),#3422,.F.);
#3546=ADVANCED_FACE('',(#391),#216,.F.);
#3547=ADVANCED_FACE('',(#392),#3423,.T.);
#3548=ADVANCED_FACE('',(#393,#287),#3424,.T.);
#3549=ADVANCED_FACE('',(#394),#217,.T.);
#3550=ADVANCED_FACE('',(#395,#288),#3425,.T.);
#3551=ADVANCED_FACE('',(#396),#218,.F.);
#3552=ADVANCED_FACE('',(#397),#219,.T.);
#3553=ADVANCED_FACE('',(#398),#220,.T.);
#3554=ADVANCED_FACE('',(#399),#221,.F.);
#3555=ADVANCED_FACE('',(#400),#222,.T.);
#3556=ADVANCED_FACE('',(#401),#151,.F.);
#3557=ADVANCED_FACE('',(#402),#152,.F.);
#3558=ADVANCED_FACE('',(#403),#223,.T.);
#3559=ADVANCED_FACE('',(#404),#153,.F.);
#3560=ADVANCED_FACE('',(#405),#154,.F.);
#3561=ADVANCED_FACE('',(#406),#3426,.F.);
#3562=ADVANCED_FACE('',(#407),#224,.F.);
#3563=ADVANCED_FACE('',(#408),#3427,.T.);
#3564=ADVANCED_FACE('',(#409),#225,.F.);
#3565=ADVANCED_FACE('',(#410),#155,.F.);
#3566=ADVANCED_FACE('',(#411),#156,.F.);
#3567=ADVANCED_FACE('',(#412),#226,.T.);
#3568=ADVANCED_FACE('',(#413),#157,.F.);
#3569=ADVANCED_FACE('',(#414),#158,.F.);
#3570=ADVANCED_FACE('',(#415),#227,.F.);
#3571=ADVANCED_FACE('',(#416),#228,.F.);
#3572=ADVANCED_FACE('',(#417),#3428,.T.);
#3573=ADVANCED_FACE('',(#418),#229,.F.);
#3574=ADVANCED_FACE('',(#419),#159,.F.);
#3575=ADVANCED_FACE('',(#420),#160,.F.);
#3576=ADVANCED_FACE('',(#421),#230,.T.);
#3577=ADVANCED_FACE('',(#422),#161,.F.);
#3578=ADVANCED_FACE('',(#423),#162,.F.);
#3579=ADVANCED_FACE('',(#424),#3429,.F.);
#3580=ADVANCED_FACE('',(#425),#231,.F.);
#3581=ADVANCED_FACE('',(#426),#3430,.T.);
#3582=ADVANCED_FACE('',(#427),#232,.F.);
#3583=ADVANCED_FACE('',(#428),#163,.F.);
#3584=ADVANCED_FACE('',(#429),#164,.F.);
#3585=ADVANCED_FACE('',(#430),#233,.T.);
#3586=ADVANCED_FACE('',(#431),#165,.F.);
#3587=ADVANCED_FACE('',(#432),#166,.F.);
#3588=ADVANCED_FACE('',(#433),#234,.F.);
#3589=ADVANCED_FACE('',(#434),#235,.F.);
#3590=ADVANCED_FACE('',(#435),#3431,.T.);
#3591=ADVANCED_FACE('',(#436),#236,.F.);
#3592=ADVANCED_FACE('',(#437),#237,.F.);
#3593=ADVANCED_FACE('',(#438),#3432,.T.);
#3594=ADVANCED_FACE('',(#439),#238,.F.);
#3595=ADVANCED_FACE('',(#440),#239,.F.);
#3596=ADVANCED_FACE('',(#441),#3433,.T.);
#3597=ADVANCED_FACE('',(#442),#240,.F.);
#3598=ADVANCED_FACE('',(#443),#3434,.T.);
#3599=ADVANCED_FACE('',(#444),#241,.T.);
#3600=ADVANCED_FACE('',(#445),#242,.T.);
#3601=ADVANCED_FACE('',(#446),#243,.F.);
#3602=ADVANCED_FACE('',(#447),#244,.T.);
#3603=ADVANCED_FACE('',(#448),#245,.F.);
#3604=ADVANCED_FACE('',(#449),#246,.F.);
#3605=ADVANCED_FACE('',(#450),#3435,.F.);
#3606=ADVANCED_FACE('',(#451),#247,.F.);
#3607=ADVANCED_FACE('',(#452),#3436,.F.);
#3608=ADVANCED_FACE('',(#453),#248,.F.);
#3609=ADVANCED_FACE('',(#454),#249,.F.);
#3610=ADVANCED_FACE('',(#455),#3437,.F.);
#3611=ADVANCED_FACE('',(#456),#250,.F.);
#3612=ADVANCED_FACE('',(#457),#3438,.F.);
#3613=ADVANCED_FACE('',(#458),#251,.F.);
#3614=ADVANCED_FACE('',(#459),#3439,.F.);
#3615=ADVANCED_FACE('',(#460),#252,.F.);
#3616=ADVANCED_FACE('',(#461),#253,.F.);
#3617=ADVANCED_FACE('',(#462),#254,.T.);
#3618=ADVANCED_FACE('',(#463),#255,.F.);
#3619=ADVANCED_FACE('',(#464),#256,.F.);
#3620=ADVANCED_FACE('',(#465),#257,.T.);
#3621=ADVANCED_FACE('',(#466),#258,.F.);
#3622=ADVANCED_FACE('',(#467),#3440,.F.);
#3623=ADVANCED_FACE('',(#468),#259,.F.);
#3624=ADVANCED_FACE('',(#469),#3441,.F.);
#3625=ADVANCED_FACE('',(#470),#260,.F.);
#3626=ADVANCED_FACE('',(#471),#3442,.F.);
#3627=ADVANCED_FACE('',(#472),#261,.F.);
#3628=ADVANCED_FACE('',(#473),#3443,.F.);
#3629=ADVANCED_FACE('',(#474),#3444,.F.);
#3630=ADVANCED_FACE('',(#475),#262,.F.);
#3631=ADVANCED_FACE('',(#476),#263,.F.);
#3632=ADVANCED_FACE('',(#477),#3445,.F.);
#3633=ADVANCED_FACE('',(#478),#264,.F.);
#3634=ADVANCED_FACE('',(#479),#265,.F.);
#3635=ADVANCED_FACE('',(#480,#289,#290,#291,#292,#293),#3446,.T.);
#3636=ADVANCED_FACE('',(#481),#266,.T.);
#3637=ADVANCED_FACE('',(#482,#294),#3447,.T.);
#3638=ADVANCED_FACE('',(#483),#267,.F.);
#3639=ADVANCED_FACE('',(#484),#268,.F.);
#3640=ADVANCED_FACE('',(#485),#269,.F.);
#3641=ADVANCED_FACE('',(#486),#270,.F.);
#3642=ADVANCED_FACE('',(#487),#271,.F.);
#3643=ADVANCED_FACE('',(#488),#3448,.T.);
#3644=ADVANCED_FACE('',(#489),#3449,.T.);
#3645=CLOSED_SHELL('',(#3450,#3451,#3452,#3453,#3454,#3455,#3456,#3457,
#3458,#3459,#3460,#3461,#3462,#3463,#3464,#3465,#3466,#3467,#3468,#3469,
#3470,#3471,#3472,#3473,#3474,#3475,#3476,#3477,#3478,#3479,#3480,#3481,
#3482,#3483,#3484,#3485,#3486,#3487,#3488,#3489,#3490,#3491,#3492,#3493,
#3494,#3495,#3496,#3497,#3498,#3499,#3500,#3501,#3502,#3503,#3504,#3505,
#3506,#3507,#3508,#3509,#3510,#3511,#3512,#3513,#3514,#3515,#3516,#3517,
#3518,#3519,#3520,#3521,#3522,#3523,#3524,#3525,#3526,#3527,#3528,#3529,
#3530,#3531,#3532,#3533,#3534,#3535,#3536,#3537,#3538,#3539,#3540,#3541,
#3542,#3543,#3544,#3545,#3546,#3547,#3548,#3549,#3550,#3551,#3552,#3553,
#3554,#3555,#3556,#3557,#3558,#3559,#3560,#3561,#3562,#3563,#3564,#3565,
#3566,#3567,#3568,#3569,#3570,#3571,#3572,#3573,#3574,#3575,#3576,#3577,
#3578,#3579,#3580,#3581,#3582,#3583,#3584,#3585,#3586,#3587,#3588,#3589,
#3590,#3591,#3592,#3593,#3594,#3595,#3596,#3597,#3598,#3599,#3600,#3601,
#3602,#3603,#3604,#3605,#3606,#3607,#3608,#3609,#3610,#3611,#3612,#3613,
#3614,#3615,#3616,#3617,#3618,#3619,#3620,#3621,#3622,#3623,#3624,#3625,
#3626,#3627,#3628,#3629,#3630,#3631,#3632,#3633,#3634,#3635,#3636,#3637,
#3638,#3639,#3640,#3641,#3642,#3643,#3644));
#3646=DERIVED_UNIT_ELEMENT(#3648,1.);
#3647=DERIVED_UNIT_ELEMENT(#7454,-3.);
#3648=(
MASS_UNIT()
NAMED_UNIT(*)
SI_UNIT(.KILO.,.GRAM.)
);
#3649=DERIVED_UNIT((#3646,#3647));
#3650=MEASURE_REPRESENTATION_ITEM('density measure',
POSITIVE_RATIO_MEASURE(7850.),#3649);
#3651=PROPERTY_DEFINITION_REPRESENTATION(#3656,#3653);
#3652=PROPERTY_DEFINITION_REPRESENTATION(#3657,#3654);
#3653=REPRESENTATION('material name',(#3655),#7451);
#3654=REPRESENTATION('density',(#3650),#7451);
#3655=DESCRIPTIVE_REPRESENTATION_ITEM('Steel','Steel');
#3656=PROPERTY_DEFINITION('material property','material name',#7461);
#3657=PROPERTY_DEFINITION('material property','density of part',#7461);
#3658=AXIS2_PLACEMENT_3D('',#5170,#4080,#4081);
#3659=AXIS2_PLACEMENT_3D('',#5171,#4082,#4083);
#3660=AXIS2_PLACEMENT_3D('',#5174,#4084,#4085);
#3661=AXIS2_PLACEMENT_3D('',#5182,#4089,#4090);
#3662=AXIS2_PLACEMENT_3D('',#5185,#4092,#4093);
#3663=AXIS2_PLACEMENT_3D('',#5187,#4094,#4095);
#3664=AXIS2_PLACEMENT_3D('',#5189,#4096,#4097);
#3665=AXIS2_PLACEMENT_3D('',#5191,#4098,#4099);
#3666=AXIS2_PLACEMENT_3D('',#5194,#4100,#4101);
#3667=AXIS2_PLACEMENT_3D('',#5196,#4102,#4103);
#3668=AXIS2_PLACEMENT_3D('',#5198,#4104,#4105);
#3669=AXIS2_PLACEMENT_3D('',#5199,#4106,#4107);
#3670=AXIS2_PLACEMENT_3D('',#5202,#4108,#4109);
#3671=AXIS2_PLACEMENT_3D('',#5204,#4110,#4111);
#3672=AXIS2_PLACEMENT_3D('',#5208,#4113,#4114);
#3673=AXIS2_PLACEMENT_3D('',#5210,#4115,#4116);
#3674=AXIS2_PLACEMENT_3D('',#5212,#4117,#4118);
#3675=AXIS2_PLACEMENT_3D('',#5214,#4119,#4120);
#3676=AXIS2_PLACEMENT_3D('',#5216,#4121,#4122);
#3677=AXIS2_PLACEMENT_3D('',#5220,#4124,#4125);
#3678=AXIS2_PLACEMENT_3D('',#5222,#4126,#4127);
#3679=AXIS2_PLACEMENT_3D('',#5223,#4128,#4129);
#3680=AXIS2_PLACEMENT_3D('',#5228,#4131,#4132);
#3681=AXIS2_PLACEMENT_3D('',#5232,#4134,#4135);
#3682=AXIS2_PLACEMENT_3D('',#5236,#4137,#4138);
#3683=AXIS2_PLACEMENT_3D('',#5238,#4139,#4140);
#3684=AXIS2_PLACEMENT_3D('',#5239,#4141,#4142);
#3685=AXIS2_PLACEMENT_3D('',#5240,#4143,#4144);
#3686=AXIS2_PLACEMENT_3D('',#5243,#4145,#4146);
#3687=AXIS2_PLACEMENT_3D('',#5247,#4148,#4149);
#3688=AXIS2_PLACEMENT_3D('',#5249,#4151,#4152);
#3689=AXIS2_PLACEMENT_3D('',#5251,#4153,#4154);
#3690=AXIS2_PLACEMENT_3D('',#5254,#4156,#4157);
#3691=AXIS2_PLACEMENT_3D('',#5255,#4158,#4159);
#3692=AXIS2_PLACEMENT_3D('',#5257,#4160,#4161);
#3693=AXIS2_PLACEMENT_3D('',#5259,#4162,#4163);
#3694=AXIS2_PLACEMENT_3D('',#5261,#4164,#4165);
#3695=AXIS2_PLACEMENT_3D('',#5263,#4166,#4167);
#3696=AXIS2_PLACEMENT_3D('',#5265,#4168,#4169);
#3697=AXIS2_PLACEMENT_3D('',#5267,#4170,#4171);
#3698=AXIS2_PLACEMENT_3D('',#5269,#4172,#4173);
#3699=AXIS2_PLACEMENT_3D('',#5271,#4174,#4175);
#3700=AXIS2_PLACEMENT_3D('',#5273,#4176,#4177);
#3701=AXIS2_PLACEMENT_3D('',#5275,#4178,#4179);
#3702=AXIS2_PLACEMENT_3D('',#5277,#4180,#4181);
#3703=AXIS2_PLACEMENT_3D('',#5279,#4182,#4183);
#3704=AXIS2_PLACEMENT_3D('',#5281,#4184,#4185);
#3705=AXIS2_PLACEMENT_3D('',#5293,#4191,#4192);
#3706=AXIS2_PLACEMENT_3D('',#5297,#4194,#4195);
#3707=AXIS2_PLACEMENT_3D('',#5301,#4197,#4198);
#3708=AXIS2_PLACEMENT_3D('',#5309,#4202,#4203);
#3709=AXIS2_PLACEMENT_3D('',#5313,#4205,#4206);
#3710=AXIS2_PLACEMENT_3D('',#5317,#4208,#4209);
#3711=AXIS2_PLACEMENT_3D('',#5329,#4215,#4216);
#3712=AXIS2_PLACEMENT_3D('',#5331,#4217,#4218);
#3713=AXIS2_PLACEMENT_3D('',#5333,#4219,#4220);
#3714=AXIS2_PLACEMENT_3D('',#5335,#4221,#4222);
#3715=AXIS2_PLACEMENT_3D('',#5337,#4223,#4224);
#3716=AXIS2_PLACEMENT_3D('',#5339,#4225,#4226);
#3717=AXIS2_PLACEMENT_3D('',#5341,#4227,#4228);
#3718=AXIS2_PLACEMENT_3D('',#5343,#4229,#4230);
#3719=AXIS2_PLACEMENT_3D('',#5345,#4231,#4232);
#3720=AXIS2_PLACEMENT_3D('',#5346,#4233,#4234);
#3721=AXIS2_PLACEMENT_3D('',#5347,#4235,#4236);
#3722=AXIS2_PLACEMENT_3D('',#5350,#4238,#4239);
#3723=AXIS2_PLACEMENT_3D('',#5351,#4240,#4241);
#3724=AXIS2_PLACEMENT_3D('',#5354,#4243,#4244);
#3725=AXIS2_PLACEMENT_3D('',#5355,#4245,#4246);
#3726=AXIS2_PLACEMENT_3D('',#5358,#4248,#4249);
#3727=AXIS2_PLACEMENT_3D('',#5359,#4250,#4251);
#3728=AXIS2_PLACEMENT_3D('',#5362,#4253,#4254);
#3729=AXIS2_PLACEMENT_3D('',#5363,#4255,#4256);
#3730=AXIS2_PLACEMENT_3D('',#5366,#4258,#4259);
#3731=AXIS2_PLACEMENT_3D('',#5367,#4260,#4261);
#3732=AXIS2_PLACEMENT_3D('',#5370,#4263,#4264);
#3733=AXIS2_PLACEMENT_3D('',#5371,#4265,#4266);
#3734=AXIS2_PLACEMENT_3D('',#5374,#4268,#4269);
#3735=AXIS2_PLACEMENT_3D('',#5375,#4270,#4271);
#3736=AXIS2_PLACEMENT_3D('',#5379,#4273,#4274);
#3737=AXIS2_PLACEMENT_3D('',#5381,#4276,#4277);
#3738=AXIS2_PLACEMENT_3D('',#5383,#4278,#4279);
#3739=AXIS2_PLACEMENT_3D('',#5387,#4281,#4282);
#3740=AXIS2_PLACEMENT_3D('',#5389,#4284,#4285);
#3741=AXIS2_PLACEMENT_3D('',#5393,#4287,#4288);
#3742=AXIS2_PLACEMENT_3D('',#5395,#4290,#4291);
#3743=AXIS2_PLACEMENT_3D('',#5396,#4292,#4293);
#3744=AXIS2_PLACEMENT_3D('',#5397,#4294,#4295);
#3745=AXIS2_PLACEMENT_3D('',#5401,#4297,#4298);
#3746=AXIS2_PLACEMENT_3D('',#5403,#4300,#4301);
#3747=AXIS2_PLACEMENT_3D('',#5404,#4302,#4303);
#3748=AXIS2_PLACEMENT_3D('',#5405,#4304,#4305);
#3749=AXIS2_PLACEMENT_3D('',#5409,#4307,#4308);
#3750=AXIS2_PLACEMENT_3D('',#5411,#4310,#4311);
#3751=AXIS2_PLACEMENT_3D('',#5412,#4312,#4313);
#3752=AXIS2_PLACEMENT_3D('',#5413,#4314,#4315);
#3753=AXIS2_PLACEMENT_3D('',#5417,#4317,#4318);
#3754=AXIS2_PLACEMENT_3D('',#5419,#4320,#4321);
#3755=AXIS2_PLACEMENT_3D('',#5420,#4322,#4323);
#3756=AXIS2_PLACEMENT_3D('',#5421,#4324,#4325);
#3757=AXIS2_PLACEMENT_3D('',#5422,#4326,#4327);
#3758=AXIS2_PLACEMENT_3D('',#5465,#4328,#4329);
#3759=AXIS2_PLACEMENT_3D('',#5483,#4330,#4331);
#3760=AXIS2_PLACEMENT_3D('',#5486,#4332,#4333);
#3761=AXIS2_PLACEMENT_3D('',#5487,#4334,#4335);
#3762=AXIS2_PLACEMENT_3D('',#5488,#4336,#4337);
#3763=AXIS2_PLACEMENT_3D('',#5489,#4338,#4339);
#3764=AXIS2_PLACEMENT_3D('',#5492,#4340,#4341);
#3765=AXIS2_PLACEMENT_3D('',#5495,#4344,#4345);
#3766=AXIS2_PLACEMENT_3D('',#5498,#4346,#4347);
#3767=AXIS2_PLACEMENT_3D('',#5499,#4348,#4349);
#3768=AXIS2_PLACEMENT_3D('',#5500,#4350,#4351);
#3769=AXIS2_PLACEMENT_3D('',#5571,#4352,#4353);
#3770=AXIS2_PLACEMENT_3D('',#5578,#4354,#4355);
#3771=AXIS2_PLACEMENT_3D('',#5583,#4358,#4359);
#3772=AXIS2_PLACEMENT_3D('',#5588,#4360,#4361);
#3773=AXIS2_PLACEMENT_3D('',#5592,#4363,#4364);
#3774=AXIS2_PLACEMENT_3D('',#5594,#4366,#4367);
#3775=AXIS2_PLACEMENT_3D('',#5598,#4370,#4371);
#3776=AXIS2_PLACEMENT_3D('',#5601,#4373,#4374);
#3777=AXIS2_PLACEMENT_3D('',#5676,#4375,#4376);
#3778=AXIS2_PLACEMENT_3D('',#5685,#4377,#4378);
#3779=AXIS2_PLACEMENT_3D('',#5688,#4379,#4380);
#3780=AXIS2_PLACEMENT_3D('',#5689,#4381,#4382);
#3781=AXIS2_PLACEMENT_3D('',#5690,#4383,#4384);
#3782=AXIS2_PLACEMENT_3D('',#5691,#4385,#4386);
#3783=AXIS2_PLACEMENT_3D('',#5694,#4387,#4388);
#3784=AXIS2_PLACEMENT_3D('',#5697,#4391,#4392);
#3785=AXIS2_PLACEMENT_3D('',#5700,#4393,#4394);
#3786=AXIS2_PLACEMENT_3D('',#5701,#4395,#4396);
#3787=AXIS2_PLACEMENT_3D('',#5702,#4397,#4398);
#3788=AXIS2_PLACEMENT_3D('',#5788,#4399,#4400);
#3789=AXIS2_PLACEMENT_3D('',#5792,#4402,#4403);
#3790=AXIS2_PLACEMENT_3D('',#5794,#4405,#4406);
#3791=AXIS2_PLACEMENT_3D('',#5798,#4409,#4410);
#3792=AXIS2_PLACEMENT_3D('',#5806,#4412,#4413);
#3793=AXIS2_PLACEMENT_3D('',#5807,#4414,#4415);
#3794=AXIS2_PLACEMENT_3D('',#5844,#4417,#4418);
#3795=AXIS2_PLACEMENT_3D('',#5847,#4420,#4421);
#3796=AXIS2_PLACEMENT_3D('',#5848,#4422,#4423);
#3797=AXIS2_PLACEMENT_3D('',#5850,#4424,#4425);
#3798=AXIS2_PLACEMENT_3D('',#5854,#4427,#4428);
#3799=AXIS2_PLACEMENT_3D('',#5857,#4430,#4431);
#3800=AXIS2_PLACEMENT_3D('',#5860,#4433,#4434);
#3801=AXIS2_PLACEMENT_3D('',#5861,#4435,#4436);
#3802=AXIS2_PLACEMENT_3D('',#5864,#4439,#4440);
#3803=AXIS2_PLACEMENT_3D('',#5867,#4441,#4442);
#3804=AXIS2_PLACEMENT_3D('',#5871,#4444,#4445);
#3805=AXIS2_PLACEMENT_3D('',#5905,#4447,#4448);
#3806=AXIS2_PLACEMENT_3D('',#5909,#4450,#4451);
#3807=AXIS2_PLACEMENT_3D('',#5912,#4453,#4454);
#3808=AXIS2_PLACEMENT_3D('',#5914,#4456,#4457);
#3809=AXIS2_PLACEMENT_3D('',#5924,#4464,#4465);
#3810=AXIS2_PLACEMENT_3D('',#5926,#4466,#4467);
#3811=AXIS2_PLACEMENT_3D('',#5928,#4469,#4470);
#3812=AXIS2_PLACEMENT_3D('',#5932,#4472,#4473);
#3813=AXIS2_PLACEMENT_3D('',#5934,#4475,#4476);
#3814=AXIS2_PLACEMENT_3D('',#5938,#4478,#4479);
#3815=AXIS2_PLACEMENT_3D('',#5948,#4484,#4485);
#3816=AXIS2_PLACEMENT_3D('',#5949,#4486,#4487);
#3817=AXIS2_PLACEMENT_3D('',#5951,#4488,#4489);
#3818=AXIS2_PLACEMENT_3D('',#5953,#4490,#4491);
#3819=AXIS2_PLACEMENT_3D('',#5955,#4492,#4493);
#3820=AXIS2_PLACEMENT_3D('',#5957,#4494,#4495);
#3821=AXIS2_PLACEMENT_3D('',#5961,#4497,#4498);
#3822=AXIS2_PLACEMENT_3D('',#5964,#4500,#4501);
#3823=AXIS2_PLACEMENT_3D('',#5966,#4502,#4503);
#3824=AXIS2_PLACEMENT_3D('',#5968,#4504,#4505);
#3825=AXIS2_PLACEMENT_3D('',#5970,#4506,#4507);
#3826=AXIS2_PLACEMENT_3D('',#5972,#4508,#4509);
#3827=AXIS2_PLACEMENT_3D('',#5974,#4510,#4511);
#3828=AXIS2_PLACEMENT_3D('',#5979,#4513,#4514);
#3829=AXIS2_PLACEMENT_3D('',#5983,#4516,#4517);
#3830=AXIS2_PLACEMENT_3D('',#5986,#4519,#4520);
#3831=AXIS2_PLACEMENT_3D('',#5991,#4522,#4523);
#3832=AXIS2_PLACEMENT_3D('',#5995,#4525,#4526);
#3833=AXIS2_PLACEMENT_3D('',#5998,#4528,#4529);
#3834=AXIS2_PLACEMENT_3D('',#5999,#4530,#4531);
#3835=AXIS2_PLACEMENT_3D('',#6003,#4534,#4535);
#3836=AXIS2_PLACEMENT_3D('',#6004,#4536,#4537);
#3837=AXIS2_PLACEMENT_3D('',#6006,#4539,#4540);
#3838=AXIS2_PLACEMENT_3D('',#6017,#4547,#4548);
#3839=AXIS2_PLACEMENT_3D('',#6020,#4550,#4551);
#3840=AXIS2_PLACEMENT_3D('',#6023,#4553,#4554);
#3841=AXIS2_PLACEMENT_3D('',#6024,#4555,#4556);
#3842=AXIS2_PLACEMENT_3D('',#6028,#4559,#4560);
#3843=AXIS2_PLACEMENT_3D('',#6030,#4561,#4562);
#3844=AXIS2_PLACEMENT_3D('',#6033,#4564,#4565);
#3845=AXIS2_PLACEMENT_3D('',#6084,#4566,#4567);
#3846=AXIS2_PLACEMENT_3D('',#6121,#4568,#4569);
#3847=AXIS2_PLACEMENT_3D('',#6122,#4570,#4571);
#3848=AXIS2_PLACEMENT_3D('',#6123,#4572,#4573);
#3849=AXIS2_PLACEMENT_3D('',#6124,#4574,#4575);
#3850=AXIS2_PLACEMENT_3D('',#6127,#4576,#4577);
#3851=AXIS2_PLACEMENT_3D('',#6182,#4580,#4581);
#3852=AXIS2_PLACEMENT_3D('',#6210,#4582,#4583);
#3853=AXIS2_PLACEMENT_3D('',#6211,#4584,#4585);
#3854=AXIS2_PLACEMENT_3D('',#6212,#4586,#4587);
#3855=AXIS2_PLACEMENT_3D('',#6216,#4589,#4590);
#3856=AXIS2_PLACEMENT_3D('',#6218,#4592,#4593);
#3857=AXIS2_PLACEMENT_3D('',#6223,#4596,#4597);
#3858=AXIS2_PLACEMENT_3D('',#6224,#4598,#4599);
#3859=AXIS2_PLACEMENT_3D('',#6228,#4601,#4602);
#3860=AXIS2_PLACEMENT_3D('',#6229,#4603,#4604);
#3861=AXIS2_PLACEMENT_3D('',#6230,#4605,#4606);
#3862=AXIS2_PLACEMENT_3D('',#6232,#4607,#4608);
#3863=AXIS2_PLACEMENT_3D('',#6300,#4612,#4613);
#3864=AXIS2_PLACEMENT_3D('',#6308,#4614,#4615);
#3865=AXIS2_PLACEMENT_3D('',#6311,#4616,#4617);
#3866=AXIS2_PLACEMENT_3D('',#6315,#4619,#4620);
#3867=AXIS2_PLACEMENT_3D('',#6339,#4622,#4623);
#3868=AXIS2_PLACEMENT_3D('',#6340,#4624,#4625);
#3869=AXIS2_PLACEMENT_3D('',#6341,#4626,#4627);
#3870=AXIS2_PLACEMENT_3D('',#6431,#4628,#4629);
#3871=AXIS2_PLACEMENT_3D('',#6432,#4630,#4631);
#3872=AXIS2_PLACEMENT_3D('',#6433,#4632,#4633);
#3873=AXIS2_PLACEMENT_3D('',#6435,#4634,#4635);
#3874=AXIS2_PLACEMENT_3D('',#6438,#4637,#4638);
#3875=AXIS2_PLACEMENT_3D('',#6440,#4640,#4641);
#3876=AXIS2_PLACEMENT_3D('',#6456,#4645,#4646);
#3877=AXIS2_PLACEMENT_3D('',#6460,#4648,#4649);
#3878=AXIS2_PLACEMENT_3D('',#6461,#4650,#4651);
#3879=AXIS2_PLACEMENT_3D('',#6462,#4652,#4653);
#3880=AXIS2_PLACEMENT_3D('',#6466,#4655,#4656);
#3881=AXIS2_PLACEMENT_3D('',#6468,#4658,#4659);
#3882=AXIS2_PLACEMENT_3D('',#6470,#4661,#4662);
#3883=AXIS2_PLACEMENT_3D('',#6471,#4663,#4664);
#3884=AXIS2_PLACEMENT_3D('',#6474,#4666,#4667);
#3885=AXIS2_PLACEMENT_3D('',#6475,#4668,#4669);
#3886=AXIS2_PLACEMENT_3D('',#6479,#4672,#4673);
#3887=AXIS2_PLACEMENT_3D('',#6487,#4675,#4676);
#3888=AXIS2_PLACEMENT_3D('',#6488,#4677,#4678);
#3889=AXIS2_PLACEMENT_3D('',#6492,#4680,#4681);
#3890=AXIS2_PLACEMENT_3D('',#6499,#4683,#4684);
#3891=AXIS2_PLACEMENT_3D('',#6501,#4686,#4687);
#3892=AXIS2_PLACEMENT_3D('',#6502,#4688,#4689);
#3893=AXIS2_PLACEMENT_3D('',#6504,#4690,#4691);
#3894=AXIS2_PLACEMENT_3D('',#6507,#4693,#4694);
#3895=AXIS2_PLACEMENT_3D('',#6509,#4696,#4697);
#3896=AXIS2_PLACEMENT_3D('',#6513,#4700,#4701);
#3897=AXIS2_PLACEMENT_3D('',#6516,#4703,#4704);
#3898=AXIS2_PLACEMENT_3D('',#6519,#4706,#4707);
#3899=AXIS2_PLACEMENT_3D('',#6520,#4708,#4709);
#3900=AXIS2_PLACEMENT_3D('',#6524,#4712,#4713);
#3901=AXIS2_PLACEMENT_3D('',#6531,#4714,#4715);
#3902=AXIS2_PLACEMENT_3D('',#6533,#4717,#4718);
#3903=AXIS2_PLACEMENT_3D('',#6537,#4720,#4721);
#3904=AXIS2_PLACEMENT_3D('',#6539,#4723,#4724);
#3905=AXIS2_PLACEMENT_3D('',#6543,#4727,#4728);
#3906=AXIS2_PLACEMENT_3D('',#6546,#4730,#4731);
#3907=AXIS2_PLACEMENT_3D('',#6547,#4732,#4733);
#3908=AXIS2_PLACEMENT_3D('',#6551,#4735,#4736);
#3909=AXIS2_PLACEMENT_3D('',#6553,#4738,#4739);
#3910=AXIS2_PLACEMENT_3D('',#6557,#4742,#4743);
#3911=AXIS2_PLACEMENT_3D('',#6559,#4744,#4745);
#3912=AXIS2_PLACEMENT_3D('',#6561,#4747,#4748);
#3913=AXIS2_PLACEMENT_3D('',#6564,#4750,#4751);
#3914=AXIS2_PLACEMENT_3D('',#6565,#4752,#4753);
#3915=AXIS2_PLACEMENT_3D('',#6569,#4756,#4757);
#3916=AXIS2_PLACEMENT_3D('',#6576,#4758,#4759);
#3917=AXIS2_PLACEMENT_3D('',#6578,#4760,#4761);
#3918=AXIS2_PLACEMENT_3D('',#6580,#4763,#4764);
#3919=AXIS2_PLACEMENT_3D('',#6582,#4766,#4767);
#3920=AXIS2_PLACEMENT_3D('',#6584,#4769,#4770);
#3921=AXIS2_PLACEMENT_3D('',#6588,#4773,#4774);
#3922=AXIS2_PLACEMENT_3D('',#6590,#4776,#4777);
#3923=AXIS2_PLACEMENT_3D('',#6591,#4778,#4779);
#3924=AXIS2_PLACEMENT_3D('',#6595,#4783,#4784);
#3925=AXIS2_PLACEMENT_3D('',#6598,#4787,#4788);
#3926=AXIS2_PLACEMENT_3D('',#6602,#4790,#4791);
#3927=AXIS2_PLACEMENT_3D('',#6604,#4793,#4794);
#3928=AXIS2_PLACEMENT_3D('',#6610,#4797,#4798);
#3929=AXIS2_PLACEMENT_3D('',#6612,#4799,#4800);
#3930=AXIS2_PLACEMENT_3D('',#6614,#4801,#4802);
#3931=AXIS2_PLACEMENT_3D('',#6619,#4805,#4806);
#3932=AXIS2_PLACEMENT_3D('',#6621,#4807,#4808);
#3933=AXIS2_PLACEMENT_3D('',#6623,#4809,#4810);
#3934=AXIS2_PLACEMENT_3D('',#6625,#4811,#4812);
#3935=AXIS2_PLACEMENT_3D('',#6626,#4813,#4814);
#3936=AXIS2_PLACEMENT_3D('',#6628,#4815,#4816);
#3937=AXIS2_PLACEMENT_3D('',#6630,#4817,#4818);
#3938=AXIS2_PLACEMENT_3D('',#6632,#4819,#4820);
#3939=AXIS2_PLACEMENT_3D('',#6636,#4822,#4823);
#3940=AXIS2_PLACEMENT_3D('',#6638,#4824,#4825);
#3941=AXIS2_PLACEMENT_3D('',#6640,#4826,#4827);
#3942=AXIS2_PLACEMENT_3D('',#6642,#4828,#4829);
#3943=AXIS2_PLACEMENT_3D('',#6644,#4830,#4831);
#3944=AXIS2_PLACEMENT_3D('',#6647,#4833,#4834);
#3945=AXIS2_PLACEMENT_3D('',#6648,#4835,#4836);
#3946=AXIS2_PLACEMENT_3D('',#6650,#4838,#4839);
#3947=AXIS2_PLACEMENT_3D('',#6652,#4841,#4842);
#3948=AXIS2_PLACEMENT_3D('',#6655,#4845,#4846);
#3949=AXIS2_PLACEMENT_3D('',#6657,#4848,#4849);
#3950=AXIS2_PLACEMENT_3D('',#6702,#4851,#4852);
#3951=AXIS2_PLACEMENT_3D('',#6703,#4853,#4854);
#3952=AXIS2_PLACEMENT_3D('',#6725,#4855,#4856);
#3953=AXIS2_PLACEMENT_3D('',#6726,#4857,#4858);
#3954=AXIS2_PLACEMENT_3D('',#6727,#4859,#4860);
#3955=AXIS2_PLACEMENT_3D('',#6729,#4861,#4862);
#3956=AXIS2_PLACEMENT_3D('',#6752,#4864,#4865);
#3957=AXIS2_PLACEMENT_3D('',#6753,#4866,#4867);
#3958=AXIS2_PLACEMENT_3D('',#6806,#4868,#4869);
#3959=AXIS2_PLACEMENT_3D('',#6807,#4870,#4871);
#3960=AXIS2_PLACEMENT_3D('',#6808,#4872,#4873);
#3961=AXIS2_PLACEMENT_3D('',#6810,#4875,#4876);
#3962=AXIS2_PLACEMENT_3D('',#6812,#4878,#4879);
#3963=AXIS2_PLACEMENT_3D('',#6814,#4881,#4882);
#3964=AXIS2_PLACEMENT_3D('',#6868,#4883,#4884);
#3965=AXIS2_PLACEMENT_3D('',#6870,#4885,#4886);
#3966=AXIS2_PLACEMENT_3D('',#6871,#4887,#4888);
#3967=AXIS2_PLACEMENT_3D('',#6894,#4889,#4890);
#3968=AXIS2_PLACEMENT_3D('',#6895,#4891,#4892);
#3969=AXIS2_PLACEMENT_3D('',#6896,#4893,#4894);
#3970=AXIS2_PLACEMENT_3D('',#6897,#4895,#4896);
#3971=AXIS2_PLACEMENT_3D('',#6900,#4897,#4898);
#3972=AXIS2_PLACEMENT_3D('',#6925,#4901,#4902);
#3973=AXIS2_PLACEMENT_3D('',#6926,#4903,#4904);
#3974=AXIS2_PLACEMENT_3D('',#6927,#4905,#4906);
#3975=AXIS2_PLACEMENT_3D('',#6968,#4907,#4908);
#3976=AXIS2_PLACEMENT_3D('',#6969,#4909,#4910);
#3977=AXIS2_PLACEMENT_3D('',#6970,#4911,#4912);
#3978=AXIS2_PLACEMENT_3D('',#7003,#4915,#4916);
#3979=AXIS2_PLACEMENT_3D('',#7010,#4917,#4918);
#3980=AXIS2_PLACEMENT_3D('',#7012,#4920,#4921);
#3981=AXIS2_PLACEMENT_3D('',#7014,#4923,#4924);
#3982=AXIS2_PLACEMENT_3D('',#7015,#4925,#4926);
#3983=AXIS2_PLACEMENT_3D('',#7047,#4927,#4928);
#3984=AXIS2_PLACEMENT_3D('',#7049,#4929,#4930);
#3985=AXIS2_PLACEMENT_3D('',#7050,#4931,#4932);
#3986=AXIS2_PLACEMENT_3D('',#7073,#4933,#4934);
#3987=AXIS2_PLACEMENT_3D('',#7074,#4935,#4936);
#3988=AXIS2_PLACEMENT_3D('',#7075,#4937,#4938);
#3989=AXIS2_PLACEMENT_3D('',#7076,#4939,#4940);
#3990=AXIS2_PLACEMENT_3D('',#7079,#4941,#4942);
#3991=AXIS2_PLACEMENT_3D('',#7104,#4945,#4946);
#3992=AXIS2_PLACEMENT_3D('',#7105,#4947,#4948);
#3993=AXIS2_PLACEMENT_3D('',#7106,#4949,#4950);
#3994=AXIS2_PLACEMENT_3D('',#7155,#4951,#4952);
#3995=AXIS2_PLACEMENT_3D('',#7156,#4953,#4954);
#3996=AXIS2_PLACEMENT_3D('',#7157,#4955,#4956);
#3997=AXIS2_PLACEMENT_3D('',#7158,#4957,#4958);
#3998=AXIS2_PLACEMENT_3D('',#7163,#4962,#4963);
#3999=AXIS2_PLACEMENT_3D('',#7165,#4965,#4966);
#4000=AXIS2_PLACEMENT_3D('',#7167,#4968,#4969);
#4001=AXIS2_PLACEMENT_3D('',#7214,#4970,#4971);
#4002=AXIS2_PLACEMENT_3D('',#7215,#4972,#4973);
#4003=AXIS2_PLACEMENT_3D('',#7237,#4974,#4975);
#4004=AXIS2_PLACEMENT_3D('',#7238,#4976,#4977);
#4005=AXIS2_PLACEMENT_3D('',#7239,#4978,#4979);
#4006=AXIS2_PLACEMENT_3D('',#7241,#4980,#4981);
#4007=AXIS2_PLACEMENT_3D('',#7264,#4983,#4984);
#4008=AXIS2_PLACEMENT_3D('',#7265,#4985,#4986);
#4009=AXIS2_PLACEMENT_3D('',#7302,#4987,#4988);
#4010=AXIS2_PLACEMENT_3D('',#7309,#4989,#4990);
#4011=AXIS2_PLACEMENT_3D('',#7315,#4992,#4993);
#4012=AXIS2_PLACEMENT_3D('',#7317,#4995,#4996);
#4013=AXIS2_PLACEMENT_3D('',#7319,#4998,#4999);
#4014=AXIS2_PLACEMENT_3D('',#7320,#5000,#5001);
#4015=AXIS2_PLACEMENT_3D('',#7330,#5004,#5005);
#4016=AXIS2_PLACEMENT_3D('',#7332,#5007,#5008);
#4017=AXIS2_PLACEMENT_3D('',#7340,#5010,#5011);
#4018=AXIS2_PLACEMENT_3D('',#7342,#5013,#5014);
#4019=AXIS2_PLACEMENT_3D('',#7344,#5016,#5017);
#4020=AXIS2_PLACEMENT_3D('',#7346,#5019,#5020);
#4021=AXIS2_PLACEMENT_3D('',#7347,#5021,#5022);
#4022=AXIS2_PLACEMENT_3D('',#7349,#5024,#5025);
#4023=AXIS2_PLACEMENT_3D('',#7352,#5028,#5029);
#4024=AXIS2_PLACEMENT_3D('',#7355,#5031,#5032);
#4025=AXIS2_PLACEMENT_3D('',#7356,#5033,#5034);
#4026=AXIS2_PLACEMENT_3D('',#7357,#5035,#5036);
#4027=AXIS2_PLACEMENT_3D('',#7358,#5037,#5038);
#4028=AXIS2_PLACEMENT_3D('',#7359,#5039,#5040);
#4029=AXIS2_PLACEMENT_3D('',#7360,#5041,#5042);
#4030=AXIS2_PLACEMENT_3D('',#7363,#5045,#5046);
#4031=AXIS2_PLACEMENT_3D('',#7365,#5048,#5049);
#4032=AXIS2_PLACEMENT_3D('',#7367,#5051,#5052);
#4033=AXIS2_PLACEMENT_3D('',#7368,#5053,#5054);
#4034=AXIS2_PLACEMENT_3D('',#7369,#5055,#5056);
#4035=AXIS2_PLACEMENT_3D('',#7372,#5059,#5060);
#4036=AXIS2_PLACEMENT_3D('',#7374,#5062,#5063);
#4037=AXIS2_PLACEMENT_3D('',#7376,#5065,#5066);
#4038=AXIS2_PLACEMENT_3D('',#7378,#5068,#5069);
#4039=AXIS2_PLACEMENT_3D('',#7380,#5071,#5072);
#4040=AXIS2_PLACEMENT_3D('',#7381,#5073,#5074);
#4041=AXIS2_PLACEMENT_3D('',#7383,#5076,#5077);
#4042=AXIS2_PLACEMENT_3D('',#7385,#5079,#5080);
#4043=AXIS2_PLACEMENT_3D('',#7386,#5081,#5082);
#4044=AXIS2_PLACEMENT_3D('',#7388,#5084,#5085);
#4045=AXIS2_PLACEMENT_3D('',#7389,#5086,#5087);
#4046=AXIS2_PLACEMENT_3D('',#7392,#5089,#5090);
#4047=AXIS2_PLACEMENT_3D('',#7393,#5091,#5092);
#4048=AXIS2_PLACEMENT_3D('',#7394,#5093,#5094);
#4049=AXIS2_PLACEMENT_3D('',#7397,#5096,#5097);
#4050=AXIS2_PLACEMENT_3D('',#7398,#5098,#5099);
#4051=AXIS2_PLACEMENT_3D('',#7399,#5100,#5101);
#4052=AXIS2_PLACEMENT_3D('',#7402,#5103,#5104);
#4053=AXIS2_PLACEMENT_3D('',#7403,#5105,#5106);
#4054=AXIS2_PLACEMENT_3D('',#7404,#5107,#5108);
#4055=AXIS2_PLACEMENT_3D('',#7407,#5110,#5111);
#4056=AXIS2_PLACEMENT_3D('',#7408,#5112,#5113);
#4057=AXIS2_PLACEMENT_3D('',#7409,#5114,#5115);
#4058=AXIS2_PLACEMENT_3D('',#7412,#5118,#5119);
#4059=AXIS2_PLACEMENT_3D('',#7413,#5120,#5121);
#4060=AXIS2_PLACEMENT_3D('',#7414,#5122,#5123);
#4061=AXIS2_PLACEMENT_3D('',#7417,#5126,#5127);
#4062=AXIS2_PLACEMENT_3D('',#7418,#5128,#5129);
#4063=AXIS2_PLACEMENT_3D('',#7419,#5130,#5131);
#4064=AXIS2_PLACEMENT_3D('',#7421,#5132,#5133);
#4065=AXIS2_PLACEMENT_3D('',#7423,#5134,#5135);
#4066=AXIS2_PLACEMENT_3D('',#7425,#5136,#5137);
#4067=AXIS2_PLACEMENT_3D('',#7427,#5138,#5139);
#4068=AXIS2_PLACEMENT_3D('',#7429,#5140,#5141);
#4069=AXIS2_PLACEMENT_3D('',#7430,#5142,#5143);
#4070=AXIS2_PLACEMENT_3D('',#7432,#5144,#5145);
#4071=AXIS2_PLACEMENT_3D('',#7434,#5147,#5148);
#4072=AXIS2_PLACEMENT_3D('',#7436,#5149,#5150);
#4073=AXIS2_PLACEMENT_3D('',#7437,#5151,#5152);
#4074=AXIS2_PLACEMENT_3D('',#7439,#5154,#5155);
#4075=AXIS2_PLACEMENT_3D('',#7441,#5157,#5158);
#4076=AXIS2_PLACEMENT_3D('',#7443,#5160,#5161);
#4077=AXIS2_PLACEMENT_3D('',#7445,#5163,#5164);
#4078=AXIS2_PLACEMENT_3D('',#7447,#5166,#5167);
#4079=AXIS2_PLACEMENT_3D('',#7448,#5168,#5169);
#4080=DIRECTION('axis',(0.,0.,1.));
#4081=DIRECTION('refdir',(1.,0.,0.));
#4082=DIRECTION('center_axis',(0.,0.,1.));
#4083=DIRECTION('ref_axis',(1.,0.,0.));
#4084=DIRECTION('center_axis',(0.,0.,1.));
#4085=DIRECTION('ref_axis',(-0.707106781186548,0.707106781186548,0.));
#4086=DIRECTION('',(0.,-1.,0.));
#4087=DIRECTION('',(1.,0.,0.));
#4088=DIRECTION('',(0.,1.,0.));
#4089=DIRECTION('center_axis',(0.,0.,1.));
#4090=DIRECTION('ref_axis',(0.707106781186548,0.707106781186548,0.));
#4091=DIRECTION('',(-1.,0.,0.));
#4092=DIRECTION('center_axis',(0.,0.,-1.));
#4093=DIRECTION('ref_axis',(1.,0.,0.));
#4094=DIRECTION('center_axis',(0.,0.,-1.));
#4095=DIRECTION('ref_axis',(1.,0.,0.));
#4096=DIRECTION('center_axis',(0.,0.,-1.));
#4097=DIRECTION('ref_axis',(1.,0.,0.));
#4098=DIRECTION('center_axis',(0.,0.,-1.));
#4099=DIRECTION('ref_axis',(1.,0.,0.));
#4100=DIRECTION('center_axis',(0.,0.,-1.));
#4101=DIRECTION('ref_axis',(-1.,0.,0.));
#4102=DIRECTION('center_axis',(0.,0.,-1.));
#4103=DIRECTION('ref_axis',(-0.816798773415756,-0.576922667041708,0.));
#4104=DIRECTION('center_axis',(0.,0.,1.));
#4105=DIRECTION('ref_axis',(-1.,0.,0.));
#4106=DIRECTION('center_axis',(0.,0.,-1.));
#4107=DIRECTION('ref_axis',(-0.816798176467952,0.576923512190852,0.));
#4108=DIRECTION('center_axis',(0.,0.,1.));
#4109=DIRECTION('ref_axis',(0.0815275272881767,0.996671090327333,0.));
#4110=DIRECTION('center_axis',(0.,0.,-1.));
#4111=DIRECTION('ref_axis',(-1.,0.,0.));
#4112=DIRECTION('',(0.,1.,0.));
#4113=DIRECTION('center_axis',(0.,0.,-1.));
#4114=DIRECTION('ref_axis',(-1.,0.,0.));
#4115=DIRECTION('center_axis',(0.,0.,1.));
#4116=DIRECTION('ref_axis',(0.445697938656386,-0.895183415550941,0.));
#4117=DIRECTION('center_axis',(0.,0.,-1.));
#4118=DIRECTION('ref_axis',(-1.,0.,0.));
#4119=DIRECTION('center_axis',(0.,0.,1.));
#4120=DIRECTION('ref_axis',(-0.444644788543556,-0.895706990048116,0.));
#4121=DIRECTION('center_axis',(0.,0.,-1.));
#4122=DIRECTION('ref_axis',(-1.,0.,0.));
#4123=DIRECTION('',(0.,-1.,0.));
#4124=DIRECTION('center_axis',(0.,0.,-1.));
#4125=DIRECTION('ref_axis',(-1.,0.,0.));
#4126=DIRECTION('center_axis',(0.,0.,1.));
#4127=DIRECTION('ref_axis',(-0.0808420082200886,0.996726928354473,0.));
#4128=DIRECTION('center_axis',(0.,0.,-1.));
#4129=DIRECTION('ref_axis',(-1.,0.,0.));
#4130=DIRECTION('',(0.,-1.,0.));
#4131=DIRECTION('center_axis',(0.,0.,-1.));
#4132=DIRECTION('ref_axis',(0.,-1.,0.));
#4133=DIRECTION('',(-1.,0.,0.));
#4134=DIRECTION('center_axis',(0.,0.,-1.));
#4135=DIRECTION('ref_axis',(-1.,0.,0.));
#4136=DIRECTION('',(0.,1.,0.));
#4137=DIRECTION('center_axis',(0.,0.,-1.));
#4138=DIRECTION('ref_axis',(0.638971066378312,0.76923076923077,0.));
#4139=DIRECTION('center_axis',(0.,0.,1.));
#4140=DIRECTION('ref_axis',(-1.,0.,0.));
#4141=DIRECTION('center_axis',(0.,0.,-1.));
#4142=DIRECTION('ref_axis',(0.638971066378314,-0.769230769230769,0.));
#4143=DIRECTION('center_axis',(0.,0.,1.));
#4144=DIRECTION('ref_axis',(0.0388593015747257,-0.999244692095547,0.));
#4145=DIRECTION('center_axis',(0.,0.,-1.));
#4146=DIRECTION('ref_axis',(0.0388593015747257,-0.999244692095547,0.));
#4147=DIRECTION('',(0.,0.,-1.));
#4148=DIRECTION('center_axis',(0.,0.,-1.));
#4149=DIRECTION('ref_axis',(0.0388593015747257,-0.999244692095547,0.));
#4150=DIRECTION('',(0.,0.,1.));
#4151=DIRECTION('center_axis',(0.,0.,-1.));
#4152=DIRECTION('ref_axis',(-0.957826285221151,0.287347885566345,0.));
#4153=DIRECTION('center_axis',(0.,0.,-1.));
#4154=DIRECTION('ref_axis',(1.,0.,0.));
#4155=DIRECTION('',(0.,0.,1.));
#4156=DIRECTION('center_axis',(0.,0.,-1.));
#4157=DIRECTION('ref_axis',(1.,0.,0.));
#4158=DIRECTION('center_axis',(0.,0.,1.));
#4159=DIRECTION('ref_axis',(1.,0.,0.));
#4160=DIRECTION('center_axis',(0.,0.,-1.));
#4161=DIRECTION('ref_axis',(-1.,0.,0.));
#4162=DIRECTION('center_axis',(0.,0.,-1.));
#4163=DIRECTION('ref_axis',(-0.0388593015747257,-0.999244692095547,0.));
#4164=DIRECTION('center_axis',(0.,0.,-1.));
#4165=DIRECTION('ref_axis',(1.,0.,0.));
#4166=DIRECTION('center_axis',(0.,0.,-1.));
#4167=DIRECTION('ref_axis',(-0.582485118981948,0.812841365928547,0.));
#4168=DIRECTION('center_axis',(0.,0.,-1.));
#4169=DIRECTION('ref_axis',(-1.,0.,0.));
#4170=DIRECTION('center_axis',(0.,0.,-1.));
#4171=DIRECTION('ref_axis',(-0.582485118981948,-0.812841365928547,0.));
#4172=DIRECTION('center_axis',(0.,0.,-1.));
#4173=DIRECTION('ref_axis',(1.,0.,0.));
#4174=DIRECTION('center_axis',(0.,0.,-1.));
#4175=DIRECTION('ref_axis',(-0.0388593015747257,0.999244692095547,0.));
#4176=DIRECTION('center_axis',(0.,0.,-1.));
#4177=DIRECTION('ref_axis',(-1.,0.,0.));
#4178=DIRECTION('center_axis',(0.,0.,-1.));
#4179=DIRECTION('ref_axis',(-0.863442676927326,-0.504446968134979,0.));
#4180=DIRECTION('center_axis',(0.,0.,-1.));
#4181=DIRECTION('ref_axis',(0.69985273174374,-0.714287164850961,0.));
#4182=DIRECTION('center_axis',(0.,0.,-1.));
#4183=DIRECTION('ref_axis',(0.423282801055095,0.90599761055477,0.));
#4184=DIRECTION('center_axis',(0.,0.,-1.));
#4185=DIRECTION('ref_axis',(1.,0.,0.));
#4186=DIRECTION('',(0.,-1.,0.));
#4187=DIRECTION('',(-1.,0.,0.));
#4188=DIRECTION('',(0.,1.,0.));
#4189=DIRECTION('',(1.,-2.8665631421973E-17,0.));
#4190=DIRECTION('',(0.,-1.,0.));
#4191=DIRECTION('center_axis',(0.,0.,-1.));
#4192=DIRECTION('ref_axis',(-0.335009667654806,-0.942214690279141,0.));
#4193=DIRECTION('',(-0.942214690279141,0.335009667654805,0.));
#4194=DIRECTION('center_axis',(0.,0.,-1.));
#4195=DIRECTION('ref_axis',(5.55111512312575E-16,1.,0.));
#4196=DIRECTION('',(1.,0.,0.));
#4197=DIRECTION('center_axis',(0.,0.,-1.));
#4198=DIRECTION('ref_axis',(1.,0.,0.));
#4199=DIRECTION('',(0.,-1.,0.));
#4200=DIRECTION('',(1.,0.,0.));
#4201=DIRECTION('',(0.,1.,0.));
#4202=DIRECTION('center_axis',(0.,0.,-1.));
#4203=DIRECTION('ref_axis',(0.,1.,0.));
#4204=DIRECTION('',(1.,0.,0.));
#4205=DIRECTION('center_axis',(0.,0.,-1.));
#4206=DIRECTION('ref_axis',(0.335009667654806,-0.942214690279141,0.));
#4207=DIRECTION('',(-0.942214690279141,-0.335009667654805,0.));
#4208=DIRECTION('center_axis',(0.,0.,-1.));
#4209=DIRECTION('ref_axis',(-1.,0.,0.));
#4210=DIRECTION('',(1.98853683602747E-15,1.,0.));
#4211=DIRECTION('',(1.,0.,0.));
#4212=DIRECTION('',(0.,1.,0.));
#4213=DIRECTION('',(-1.,5.77523373800946E-17,0.));
#4214=DIRECTION('',(0.,1.,0.));
#4215=DIRECTION('center_axis',(0.,0.,-1.));
#4216=DIRECTION('ref_axis',(0.573462344363328,0.81923192051904,0.));
#4217=DIRECTION('center_axis',(0.,0.,-1.));
#4218=DIRECTION('ref_axis',(0.438433381227746,-0.898763689868035,0.));
#4219=DIRECTION('center_axis',(0.,0.,-1.));
#4220=DIRECTION('ref_axis',(0.699853767670798,0.714286149856617,0.));
#4221=DIRECTION('center_axis',(0.,0.,-1.));
#4222=DIRECTION('ref_axis',(0.863442916839963,-0.504446557485425,0.));
#4223=DIRECTION('center_axis',(0.,0.,-1.));
#4224=DIRECTION('ref_axis',(-1.,0.,0.));
#4225=DIRECTION('center_axis',(0.,0.,-1.));
#4226=DIRECTION('ref_axis',(0.0388593015747257,0.999244692095547,0.));
#4227=DIRECTION('center_axis',(0.,0.,-1.));
#4228=DIRECTION('ref_axis',(1.,0.,0.));
#4229=DIRECTION('center_axis',(0.,0.,-1.));
#4230=DIRECTION('ref_axis',(0.582485118981948,-0.812841365928547,0.));
#4231=DIRECTION('center_axis',(0.,0.,-1.));
#4232=DIRECTION('ref_axis',(-1.,0.,0.));
#4233=DIRECTION('center_axis',(0.,0.,-1.));
#4234=DIRECTION('ref_axis',(0.582485118981948,0.812841365928547,0.));
#4235=DIRECTION('center_axis',(0.,0.,-1.));
#4236=DIRECTION('ref_axis',(0.582485118981948,0.812841365928547,0.));
#4237=DIRECTION('',(0.,0.,-1.));
#4238=DIRECTION('center_axis',(0.,0.,-1.));
#4239=DIRECTION('ref_axis',(0.582485118981948,0.812841365928547,0.));
#4240=DIRECTION('center_axis',(0.,0.,-1.));
#4241=DIRECTION('ref_axis',(-1.,0.,0.));
#4242=DIRECTION('',(0.,0.,1.));
#4243=DIRECTION('center_axis',(0.,0.,-1.));
#4244=DIRECTION('ref_axis',(-1.,0.,0.));
#4245=DIRECTION('center_axis',(0.,0.,1.));
#4246=DIRECTION('ref_axis',(0.582485118981948,-0.812841365928547,0.));
#4247=DIRECTION('',(0.,0.,-1.));
#4248=DIRECTION('center_axis',(0.,0.,-1.));
#4249=DIRECTION('ref_axis',(0.582485118981948,-0.812841365928547,0.));
#4250=DIRECTION('center_axis',(0.,0.,-1.));
#4251=DIRECTION('ref_axis',(-0.957826285221152,-0.287347885566345,0.));
#4252=DIRECTION('',(0.,0.,1.));
#4253=DIRECTION('center_axis',(0.,0.,-1.));
#4254=DIRECTION('ref_axis',(1.,0.,0.));
#4255=DIRECTION('center_axis',(0.,0.,-1.));
#4256=DIRECTION('ref_axis',(0.0388593015747257,0.999244692095547,0.));
#4257=DIRECTION('',(0.,0.,-1.));
#4258=DIRECTION('center_axis',(0.,0.,-1.));
#4259=DIRECTION('ref_axis',(0.0388593015747257,0.999244692095547,0.));
#4260=DIRECTION('center_axis',(0.,0.,-1.));
#4261=DIRECTION('ref_axis',(-1.,0.,0.));
#4262=DIRECTION('',(0.,0.,1.));
#4263=DIRECTION('center_axis',(0.,0.,-1.));
#4264=DIRECTION('ref_axis',(-1.,0.,0.));
#4265=DIRECTION('center_axis',(0.,0.,-1.));
#4266=DIRECTION('ref_axis',(0.863442916839963,-0.504446557485425,0.));
#4267=DIRECTION('',(0.,0.,-1.));
#4268=DIRECTION('center_axis',(0.,0.,-1.));
#4269=DIRECTION('ref_axis',(0.863442916839963,-0.504446557485425,0.));
#4270=DIRECTION('center_axis',(0.,0.,-1.));
#4271=DIRECTION('ref_axis',(-0.863442676927326,-0.504446968134979,0.));
#4272=DIRECTION('',(0.,0.,-1.));
#4273=DIRECTION('center_axis',(0.,0.,-1.));
#4274=DIRECTION('ref_axis',(-0.863442676927326,-0.504446968134979,0.));
#4275=DIRECTION('',(0.,0.,1.));
#4276=DIRECTION('center_axis',(0.,0.,-1.));
#4277=DIRECTION('ref_axis',(-0.154792007670723,0.987947080749403,0.));
#4278=DIRECTION('center_axis',(0.,0.,-1.));
#4279=DIRECTION('ref_axis',(0.69985273174374,-0.714287164850961,0.));
#4280=DIRECTION('',(0.,0.,-1.));
#4281=DIRECTION('center_axis',(0.,0.,1.));
#4282=DIRECTION('ref_axis',(0.69985273174374,-0.714287164850961,0.));
#4283=DIRECTION('',(0.,0.,-1.));
#4284=DIRECTION('center_axis',(0.,0.,1.));
#4285=DIRECTION('ref_axis',(-0.0388593015747257,0.999244692095547,0.));
#4286=DIRECTION('',(0.,0.,-1.));
#4287=DIRECTION('center_axis',(0.,0.,-1.));
#4288=DIRECTION('ref_axis',(-0.0388593015747257,0.999244692095547,0.));
#4289=DIRECTION('',(0.,0.,1.));
#4290=DIRECTION('center_axis',(0.,0.,-1.));
#4291=DIRECTION('ref_axis',(-1.,0.,0.));
#4292=DIRECTION('center_axis',(0.,0.,-1.));
#4293=DIRECTION('ref_axis',(-1.,0.,0.));
#4294=DIRECTION('center_axis',(0.,0.,-1.));
#4295=DIRECTION('ref_axis',(-0.582485118981948,-0.812841365928547,0.));
#4296=DIRECTION('',(0.,0.,-1.));
#4297=DIRECTION('center_axis',(0.,0.,-1.));
#4298=DIRECTION('ref_axis',(-0.582485118981948,-0.812841365928547,0.));
#4299=DIRECTION('',(0.,0.,1.));
#4300=DIRECTION('center_axis',(0.,0.,-1.));
#4301=DIRECTION('ref_axis',(1.,0.,0.));
#4302=DIRECTION('center_axis',(0.,0.,-1.));
#4303=DIRECTION('ref_axis',(1.,0.,0.));
#4304=DIRECTION('center_axis',(0.,0.,1.));
#4305=DIRECTION('ref_axis',(-0.582485118981948,0.812841365928547,0.));
#4306=DIRECTION('',(0.,0.,-1.));
#4307=DIRECTION('center_axis',(0.,0.,-1.));
#4308=DIRECTION('ref_axis',(-0.582485118981948,0.812841365928547,0.));
#4309=DIRECTION('',(0.,0.,1.));
#4310=DIRECTION('center_axis',(0.,0.,-1.));
#4311=DIRECTION('ref_axis',(1.,-1.22464679914735E-16,0.));
#4312=DIRECTION('center_axis',(0.,0.,-1.));
#4313=DIRECTION('ref_axis',(-1.,0.,0.));
#4314=DIRECTION('center_axis',(0.,0.,-1.));
#4315=DIRECTION('ref_axis',(-0.0388593015747257,-0.999244692095547,0.));
#4316=DIRECTION('',(0.,0.,-1.));
#4317=DIRECTION('center_axis',(0.,0.,-1.));
#4318=DIRECTION('ref_axis',(-0.0388593015747257,-0.999244692095547,0.));
#4319=DIRECTION('',(0.,0.,1.));
#4320=DIRECTION('center_axis',(0.,0.,-1.));
#4321=DIRECTION('ref_axis',(1.,0.,0.));
#4322=DIRECTION('center_axis',(0.,0.,-1.));
#4323=DIRECTION('ref_axis',(1.,0.,0.));
#4324=DIRECTION('center_axis',(0.,0.,-1.));
#4325=DIRECTION('ref_axis',(-1.,0.,0.));
#4326=DIRECTION('center_axis',(0.,0.,-1.));
#4327=DIRECTION('ref_axis',(-1.,0.,0.));
#4328=DIRECTION('center_axis',(0.285714285714285,0.,-0.95831484749991));
#4329=DIRECTION('ref_axis',(0.,1.,0.));
#4330=DIRECTION('center_axis',(0.,1.,0.));
#4331=DIRECTION('ref_axis',(0.,0.,1.));
#4332=DIRECTION('center_axis',(-0.0790759278158109,0.,-0.996868595974449));
#4333=DIRECTION('ref_axis',(0.,1.,0.));
#4334=DIRECTION('center_axis',(0.,-1.,0.));
#4335=DIRECTION('ref_axis',(-0.975410552602519,0.,-0.220395675709956));
#4336=DIRECTION('center_axis',(0.,1.,0.));
#4337=DIRECTION('ref_axis',(-0.975410552602519,0.,-0.220395675709956));
#4338=DIRECTION('center_axis',(0.079075927815811,0.,0.996868595974449));
#4339=DIRECTION('ref_axis',(0.704892544165448,0.707106781186545,-0.0559151247871775));
#4340=DIRECTION('center_axis',(-0.0790759278158145,0.,-0.996868595974448));
#4341=DIRECTION('ref_axis',(0.,1.,0.));
#4342=DIRECTION('',(-0.079075927815811,0.,-0.996868595974449));
#4343=DIRECTION('',(0.079075927815811,0.,0.996868595974449));
#4344=DIRECTION('center_axis',(0.,1.,0.));
#4345=DIRECTION('ref_axis',(0.,0.,1.));
#4346=DIRECTION('center_axis',(-0.142857142857142,4.22942104619107E-16,
-0.989743318610787));
#4347=DIRECTION('ref_axis',(2.96059473233376E-15,1.,0.));
#4348=DIRECTION('center_axis',(0.,-1.,0.));
#4349=DIRECTION('ref_axis',(-0.986266922716057,0.,0.16515918731999));
#4350=DIRECTION('center_axis',(0.,1.,0.));
#4351=DIRECTION('ref_axis',(-0.986266922716057,0.,0.16515918731999));
#4352=DIRECTION('center_axis',(0.,0.,-1.));
#4353=DIRECTION('ref_axis',(-1.,0.,0.));
#4354=DIRECTION('center_axis',(0.,0.,-1.));
#4355=DIRECTION('ref_axis',(-1.,0.,0.));
#4356=DIRECTION('',(0.,0.,-1.));
#4357=DIRECTION('',(0.,0.,-1.));
#4358=DIRECTION('center_axis',(0.,0.,1.));
#4359=DIRECTION('ref_axis',(-1.,0.,0.));
#4360=DIRECTION('center_axis',(-1.,0.,0.));
#4361=DIRECTION('ref_axis',(0.,0.,1.));
#4362=DIRECTION('',(-1.,0.,0.));
#4363=DIRECTION('center_axis',(0.99864933560717,0.,0.0519567559741568));
#4364=DIRECTION('ref_axis',(-0.0519567559741568,0.,0.99864933560717));
#4365=DIRECTION('',(-1.,0.,0.));
#4366=DIRECTION('center_axis',(0.,-1.,0.));
#4367=DIRECTION('ref_axis',(0.,0.,1.));
#4368=DIRECTION('',(-1.,0.,0.));
#4369=DIRECTION('',(0.0519567559741568,0.,-0.99864933560717));
#4370=DIRECTION('center_axis',(-1.,0.,0.));
#4371=DIRECTION('ref_axis',(0.,-1.,0.));
#4372=DIRECTION('',(-1.,0.,0.));
#4373=DIRECTION('center_axis',(0.99864933560717,0.,0.0519567559741568));
#4374=DIRECTION('ref_axis',(-0.0519567559741568,0.,0.99864933560717));
#4375=DIRECTION('center_axis',(-0.142857142857124,-2.3441830843533E-14,
0.98974331861079));
#4376=DIRECTION('ref_axis',(0.,1.,2.368475785867E-14));
#4377=DIRECTION('center_axis',(0.,1.,0.));
#4378=DIRECTION('ref_axis',(0.,0.,1.));
#4379=DIRECTION('center_axis',(-0.0790759278158088,0.,0.996868595974449));
#4380=DIRECTION('ref_axis',(0.,1.,0.));
#4381=DIRECTION('center_axis',(0.,-1.,0.));
#4382=DIRECTION('ref_axis',(0.986266922716057,0.,0.16515918731999));
#4383=DIRECTION('center_axis',(0.,1.,0.));
#4384=DIRECTION('ref_axis',(0.986266922716057,0.,0.16515918731999));
#4385=DIRECTION('center_axis',(0.079075927815811,0.,-0.996868595974449));
#4386=DIRECTION('ref_axis',(-0.704892544165448,0.707106781186545,-0.0559151247871806));
#4387=DIRECTION('center_axis',(-0.0790759278158096,0.,0.996868595974449));
#4388=DIRECTION('ref_axis',(0.,1.,0.));
#4389=DIRECTION('',(-0.079075927815811,0.,0.996868595974449));
#4390=DIRECTION('',(0.079075927815811,0.,-0.996868595974449));
#4391=DIRECTION('center_axis',(0.,1.,0.));
#4392=DIRECTION('ref_axis',(0.,0.,1.));
#4393=DIRECTION('center_axis',(0.285714285714285,0.,0.95831484749991));
#4394=DIRECTION('ref_axis',(0.,1.,0.));
#4395=DIRECTION('center_axis',(0.,-1.,0.));
#4396=DIRECTION('ref_axis',(0.975410552602519,0.,-0.220395675709956));
#4397=DIRECTION('center_axis',(0.,1.,0.));
#4398=DIRECTION('ref_axis',(0.975410552602519,0.,-0.220395675709956));
#4399=DIRECTION('center_axis',(-1.,0.,0.));
#4400=DIRECTION('ref_axis',(0.,-1.,0.));
#4401=DIRECTION('',(-1.,0.,0.));
#4402=DIRECTION('center_axis',(-0.99864933560717,0.,0.0519567559741568));
#4403=DIRECTION('ref_axis',(0.0519567559741568,0.,0.99864933560717));
#4404=DIRECTION('',(-1.,0.,0.));
#4405=DIRECTION('center_axis',(0.,-1.,0.));
#4406=DIRECTION('ref_axis',(0.,0.,1.));
#4407=DIRECTION('',(-1.,0.,0.));
#4408=DIRECTION('',(0.0519567559741568,0.,0.99864933560717));
#4409=DIRECTION('center_axis',(-1.,0.,0.));
#4410=DIRECTION('ref_axis',(0.,0.,1.));
#4411=DIRECTION('',(-1.,0.,0.));
#4412=DIRECTION('center_axis',(-0.99864933560717,0.,0.0519567559741568));
#4413=DIRECTION('ref_axis',(0.0519567559741568,0.,0.99864933560717));
#4414=DIRECTION('center_axis',(-0.0511751735139293,0.172799287189891,0.983626711696304));
#4415=DIRECTION('ref_axis',(-0.702998853227824,0.693332160770132,-0.158376536147826));
#4416=DIRECTION('',(0.0511751735139293,-0.172799287189891,-0.983626711696304));
#4417=DIRECTION('center_axis',(1.,0.,0.));
#4418=DIRECTION('ref_axis',(0.,-0.17302600448638,-0.984917256307087));
#4419=DIRECTION('',(-0.0511751735139293,0.172799287189891,0.983626711696304));
#4420=DIRECTION('center_axis',(1.,0.,0.));
#4421=DIRECTION('ref_axis',(0.,-0.17302600448638,-0.984917256307087));
#4422=DIRECTION('center_axis',(0.,0.984917256307087,-0.17302600448638));
#4423=DIRECTION('ref_axis',(0.,0.17302600448638,0.984917256307087));
#4424=DIRECTION('center_axis',(0.,-0.984917256307087,0.17302600448638));
#4425=DIRECTION('ref_axis',(-1.20060908774797E-17,0.17302600448638,0.984917256307086));
#4426=DIRECTION('',(1.,0.,0.));
#4427=DIRECTION('center_axis',(0.,0.984917256307087,-0.17302600448638));
#4428=DIRECTION('ref_axis',(2.73369453825691E-16,0.17302600448638,0.984917256307087));
#4429=DIRECTION('',(-0.0778905368522131,-0.172500337151409,-0.981924996092637));
#4430=DIRECTION('center_axis',(0.,0.984917256307087,-0.17302600448638));
#4431=DIRECTION('ref_axis',(-3.41711817282114E-16,-0.17302600448638,-0.984917256307087));
#4432=DIRECTION('',(1.,0.,0.));
#4433=DIRECTION('center_axis',(0.,-0.984917256307087,0.17302600448638));
#4434=DIRECTION('ref_axis',(-1.20060908774797E-17,0.17302600448638,0.984917256307086));
#4435=DIRECTION('center_axis',(0.,0.,-1.));
#4436=DIRECTION('ref_axis',(-0.707106781186548,0.707106781186548,0.));
#4437=DIRECTION('',(0.,0.,1.));
#4438=DIRECTION('',(0.,0.,1.));
#4439=DIRECTION('center_axis',(0.0511751735139293,0.172799287189891,0.983626711696304));
#4440=DIRECTION('ref_axis',(0.702998853227823,0.693332160770134,-0.158376536147822));
#4441=DIRECTION('center_axis',(-1.,0.,0.));
#4442=DIRECTION('ref_axis',(0.,-0.17302600448638,-0.984917256307087));
#4443=DIRECTION('',(-0.0511751735139293,-0.172799287189891,-0.983626711696304));
#4444=DIRECTION('center_axis',(-1.,0.,0.));
#4445=DIRECTION('ref_axis',(0.,-0.17302600448638,-0.984917256307087));
#4446=DIRECTION('',(0.0511751735139293,0.172799287189891,0.983626711696304));
#4447=DIRECTION('center_axis',(0.99864933560717,0.,-0.0519567559741568));
#4448=DIRECTION('ref_axis',(-0.0519567559741568,0.,-0.99864933560717));
#4449=DIRECTION('',(0.,-1.,0.));
#4450=DIRECTION('center_axis',(0.99864933560717,0.,-0.0519567559741568));
#4451=DIRECTION('ref_axis',(0.0519567559741568,-1.35125674846219E-14,0.99864933560717));
#4452=DIRECTION('',(0.0519059301197465,0.0442211560500697,0.997672423080842));
#4453=DIRECTION('center_axis',(0.99864933560717,0.,-0.0519567559741568));
#4454=DIRECTION('ref_axis',(-0.0519567559741568,-2.33524884221415E-14,-0.99864933560717));
#4455=DIRECTION('',(0.,1.,0.));
#4456=DIRECTION('center_axis',(1.,0.,0.));
#4457=DIRECTION('ref_axis',(0.,-1.,0.));
#4458=DIRECTION('',(0.,0.,1.));
#4459=DIRECTION('',(0.,0.,1.));
#4460=DIRECTION('',(0.,-1.,0.));
#4461=DIRECTION('',(0.,-1.,0.));
#4462=DIRECTION('',(0.,-1.,0.));
#4463=DIRECTION('',(0.,-1.,0.));
#4464=DIRECTION('center_axis',(0.,0.,-1.));
#4465=DIRECTION('ref_axis',(0.707106781186548,0.707106781186548,0.));
#4466=DIRECTION('center_axis',(0.,-0.984917256307087,0.17302600448638));
#4467=DIRECTION('ref_axis',(1.20060908774797E-17,0.17302600448638,0.984917256307086));
#4468=DIRECTION('',(0.,0.,1.));
#4469=DIRECTION('center_axis',(0.,0.,1.));
#4470=DIRECTION('ref_axis',(-0.707106781186548,0.707106781186548,0.));
#4471=DIRECTION('',(0.,0.,-1.));
#4472=DIRECTION('center_axis',(0.,0.,1.));
#4473=DIRECTION('ref_axis',(-0.707106781186548,0.707106781186548,0.));
#4474=DIRECTION('',(0.,0.,1.));
#4475=DIRECTION('center_axis',(0.,0.,1.));
#4476=DIRECTION('ref_axis',(1.,0.,0.));
#4477=DIRECTION('',(-1.,0.,0.));
#4478=DIRECTION('center_axis',(0.,0.,1.));
#4479=DIRECTION('ref_axis',(0.707106781186548,0.707106781186548,0.));
#4480=DIRECTION('',(0.,-1.,0.));
#4481=DIRECTION('',(1.,0.,0.));
#4482=DIRECTION('',(0.,1.,0.));
#4483=DIRECTION('',(0.,1.,0.));
#4484=DIRECTION('center_axis',(0.,0.,1.));
#4485=DIRECTION('ref_axis',(1.,0.,0.));
#4486=DIRECTION('center_axis',(0.,0.,1.));
#4487=DIRECTION('ref_axis',(0.423282801055095,0.90599761055477,0.));
#4488=DIRECTION('center_axis',(0.,0.,-1.));
#4489=DIRECTION('ref_axis',(-1.,0.,0.));
#4490=DIRECTION('center_axis',(0.,0.,1.));
#4491=DIRECTION('ref_axis',(0.699853767670798,0.714286149856617,0.));
#4492=DIRECTION('center_axis',(0.,0.,1.));
#4493=DIRECTION('ref_axis',(0.438433381227746,-0.898763689868035,0.));
#4494=DIRECTION('center_axis',(0.,0.,1.));
#4495=DIRECTION('ref_axis',(0.573462344363328,0.81923192051904,0.));
#4496=DIRECTION('',(0.,-1.,0.));
#4497=DIRECTION('center_axis',(0.,0.,1.));
#4498=DIRECTION('ref_axis',(0.,-1.,0.));
#4499=DIRECTION('',(1.,0.,0.));
#4500=DIRECTION('center_axis',(0.,0.,1.));
#4501=DIRECTION('ref_axis',(1.,0.,0.));
#4502=DIRECTION('center_axis',(0.,0.,1.));
#4503=DIRECTION('ref_axis',(1.,0.,0.));
#4504=DIRECTION('center_axis',(0.,0.,1.));
#4505=DIRECTION('ref_axis',(1.,0.,0.));
#4506=DIRECTION('center_axis',(0.,0.,1.));
#4507=DIRECTION('ref_axis',(1.,0.,0.));
#4508=DIRECTION('center_axis',(0.,0.,1.));
#4509=DIRECTION('ref_axis',(1.,0.,0.));
#4510=DIRECTION('center_axis',(0.,0.,-1.));
#4511=DIRECTION('ref_axis',(1.,0.,0.));
#4512=DIRECTION('',(0.942214690279141,-0.335009667654805,0.));
#4513=DIRECTION('center_axis',(0.,0.,1.));
#4514=DIRECTION('ref_axis',(-0.335009667654806,-0.942214690279141,0.));
#4515=DIRECTION('',(0.,1.,0.));
#4516=DIRECTION('center_axis',(0.,0.,1.));
#4517=DIRECTION('ref_axis',(1.,0.,0.));
#4518=DIRECTION('',(-1.,0.,0.));
#4519=DIRECTION('center_axis',(0.,0.,1.));
#4520=DIRECTION('ref_axis',(5.55111512312575E-16,1.,0.));
#4521=DIRECTION('',(0.942214690279141,0.335009667654805,0.));
#4522=DIRECTION('center_axis',(0.,0.,1.));
#4523=DIRECTION('ref_axis',(0.335009667654806,-0.942214690279141,0.));
#4524=DIRECTION('',(-1.,0.,0.));
#4525=DIRECTION('center_axis',(0.,0.,1.));
#4526=DIRECTION('ref_axis',(0.,1.,0.));
#4527=DIRECTION('',(-1.98853683602747E-15,-1.,0.));
#4528=DIRECTION('center_axis',(0.,0.,1.));
#4529=DIRECTION('ref_axis',(-1.,0.,0.));
#4530=DIRECTION('center_axis',(0.,1.,0.));
#4531=DIRECTION('ref_axis',(0.,0.,1.));
#4532=DIRECTION('',(1.,0.,0.));
#4533=DIRECTION('',(0.,0.,1.));
#4534=DIRECTION('center_axis',(0.,0.,-1.));
#4535=DIRECTION('ref_axis',(0.707106781186548,0.707106781186548,0.));
#4536=DIRECTION('center_axis',(0.,-0.984917256307087,0.17302600448638));
#4537=DIRECTION('ref_axis',(1.20060908774797E-17,0.17302600448638,0.984917256307086));
#4538=DIRECTION('',(0.,0.,-1.));
#4539=DIRECTION('center_axis',(-1.,0.,0.));
#4540=DIRECTION('ref_axis',(0.,1.,0.));
#4541=DIRECTION('',(0.,1.,0.));
#4542=DIRECTION('',(0.,1.,0.));
#4543=DIRECTION('',(0.,-1.,0.));
#4544=DIRECTION('',(0.,-1.,0.));
#4545=DIRECTION('',(0.,-1.,0.));
#4546=DIRECTION('',(0.,0.,1.));
#4547=DIRECTION('center_axis',(-0.99864933560717,0.,-0.0519567559741568));
#4548=DIRECTION('ref_axis',(-0.0519567559741568,0.,0.99864933560717));
#4549=DIRECTION('',(0.,1.,0.));
#4550=DIRECTION('center_axis',(-0.99864933560717,0.,-0.0519567559741568));
#4551=DIRECTION('ref_axis',(0.0519567559741568,-2.07192701430869E-14,-0.99864933560717));
#4552=DIRECTION('',(0.0519059301197465,-0.0442211560500697,-0.997672423080842));
#4553=DIRECTION('center_axis',(-0.99864933560717,0.,-0.0519567559741568));
#4554=DIRECTION('ref_axis',(-0.0519567559741568,2.32138979864017E-14,0.99864933560717));
#4555=DIRECTION('center_axis',(0.,1.,0.));
#4556=DIRECTION('ref_axis',(1.,0.,0.));
#4557=DIRECTION('',(1.,0.,0.));
#4558=DIRECTION('',(1.,0.,0.));
#4559=DIRECTION('center_axis',(0.,0.984917256307087,-0.17302600448638));
#4560=DIRECTION('ref_axis',(0.,0.17302600448638,0.984917256307087));
#4561=DIRECTION('center_axis',(0.,0.984917256307087,-0.17302600448638));
#4562=DIRECTION('ref_axis',(6.83423634564228E-17,-0.17302600448638,-0.984917256307087));
#4563=DIRECTION('',(-0.0778905368522133,0.172500337151409,0.981924996092637));
#4564=DIRECTION('center_axis',(0.,0.984917256307087,-0.17302600448638));
#4565=DIRECTION('ref_axis',(-1.91358617677984E-15,0.17302600448638,0.984917256307087));
#4566=DIRECTION('center_axis',(-0.335208228081911,-0.109589499671175,-0.935748676401953));
#4567=DIRECTION('ref_axis',(0.,-0.993211875692539,0.116319258866747));
#4568=DIRECTION('center_axis',(0.0785424731693061,-0.11595992172236,-0.990143614059391));
#4569=DIRECTION('ref_axis',(0.,-0.993211875692539,0.116319258866742));
#4570=DIRECTION('center_axis',(2.53193132234648E-16,0.973647993691289,-0.228056099196946));
#4571=DIRECTION('ref_axis',(1.08096642047616E-15,-0.228056099196946,-0.973647993691289));
#4572=DIRECTION('center_axis',(0.,-0.993211875692539,0.116319258866742));
#4573=DIRECTION('ref_axis',(1.102686692725E-15,-0.116319258866742,-0.993211875692539));
#4574=DIRECTION('center_axis',(-0.0785424731693058,0.11595992172236,0.990143614059391));
#4575=DIRECTION('ref_axis',(-0.708156900400706,-0.705559234358333,0.0264569693379119));
#4576=DIRECTION('center_axis',(0.0785424731693052,-0.115959921722363,-0.990143614059391));
#4577=DIRECTION('ref_axis',(0.,-0.993211875692539,0.116319258866744));
#4578=DIRECTION('',(0.0785424731693058,-0.11595992172236,-0.990143614059391));
#4579=DIRECTION('',(-0.0785424731693058,0.11595992172236,0.990143614059391));
#4580=DIRECTION('center_axis',(-0.078967619997375,0.0523207538764497,0.995503216321148));
#4581=DIRECTION('ref_axis',(-0.996868595974448,2.22044604925032E-15,-0.0790759278158194));
#4582=DIRECTION('center_axis',(-0.996868595974449,4.48984368266363E-16,
-0.079075927815811));
#4583=DIRECTION('ref_axis',(0.079075927815811,6.75905878534987E-15,-0.996868595974449));
#4584=DIRECTION('center_axis',(0.983298742777652,-1.07764969029128E-15,
0.18199885288619));
#4585=DIRECTION('ref_axis',(0.18199885288619,5.82229815635585E-15,-0.983298742777652));
#4586=DIRECTION('center_axis',(4.5039473615625E-16,1.,0.));
#4587=DIRECTION('ref_axis',(0.73453247981822,0.,-0.67857353035032));
#4588=DIRECTION('',(4.5039473615625E-16,1.,0.));
#4589=DIRECTION('center_axis',(-0.894427190999916,-0.447213595499958,9.93013661298909E-16));
#4590=DIRECTION('ref_axis',(0.447213595499958,-0.894427190999916,0.));
#4591=DIRECTION('',(-4.5039473615625E-16,-1.,0.));
#4592=DIRECTION('center_axis',(-0.996868595974449,4.48984368266363E-16,
-0.079075927815811));
#4593=DIRECTION('ref_axis',(-0.079075927815811,0.,0.996868595974449));
#4594=DIRECTION('',(-4.5039473615625E-16,-1.,0.));
#4595=DIRECTION('',(-0.0784066320877672,0.129831765569523,0.988431137051921));
#4596=DIRECTION('center_axis',(-0.996868595974449,4.48984368266363E-16,
-0.079075927815811));
#4597=DIRECTION('ref_axis',(-0.079075927815811,4.08112759992616E-15,0.996868595974449));
#4598=DIRECTION('center_axis',(-4.5039473615625E-16,-1.,0.));
#4599=DIRECTION('ref_axis',(0.678573530350319,-7.55734467249092E-16,0.734532479818221));
#4600=DIRECTION('',(4.5039473615625E-16,1.,0.));
#4601=DIRECTION('center_axis',(-0.894427190999916,-0.447213595499957,1.24126707662364E-15));
#4602=DIRECTION('ref_axis',(0.447213595499957,-0.894427190999916,0.));
#4603=DIRECTION('center_axis',(2.14757723217508E-15,-0.967182802257302,
0.254081536160567));
#4604=DIRECTION('ref_axis',(-3.22136584826261E-15,0.254081536160567,0.967182802257302));
#4605=DIRECTION('center_axis',(1.,0.,0.));
#4606=DIRECTION('ref_axis',(0.,-1.,0.));
#4607=DIRECTION('center_axis',(1.,0.,0.));
#4608=DIRECTION('ref_axis',(0.,0.993211875692539,-0.116319258866741));
#4609=DIRECTION('',(0.,-1.,0.));
#4610=DIRECTION('',(0.,0.,-1.));
#4611=DIRECTION('',(0.,0.,1.));
#4612=DIRECTION('center_axis',(0.0789676199973973,0.0523207538764186,0.995503216321148));
#4613=DIRECTION('ref_axis',(0.,-0.99862173073812,0.0524846539247514));
#4614=DIRECTION('center_axis',(-0.0785424731693057,-0.11595992172236,-0.990143614059391));
#4615=DIRECTION('ref_axis',(0.708156900400707,-0.705559234358332,0.026456969337915));
#4616=DIRECTION('center_axis',(-0.0785424731693095,-0.115959921722358,-0.990143614059391));
#4617=DIRECTION('ref_axis',(0.996868595974449,0.,-0.0790759278158147));
#4618=DIRECTION('',(-0.0785424731693057,-0.11595992172236,-0.990143614059391));
#4619=DIRECTION('center_axis',(0.0785424731693053,0.11595992172236,0.990143614059391));
#4620=DIRECTION('ref_axis',(0.,-0.993211875692539,0.116319258866742));
#4621=DIRECTION('',(0.0785424731693057,0.11595992172236,0.990143614059391));
#4622=DIRECTION('center_axis',(-0.335208228081909,0.10958949967117,0.935748676401954));
#4623=DIRECTION('ref_axis',(0.,-0.993211875692539,0.116319258866742));
#4624=DIRECTION('center_axis',(-6.3298283058662E-16,0.973647993691289,-0.228056099196946));
#4625=DIRECTION('ref_axis',(-3.24289926142848E-15,-0.228056099196946,-0.973647993691289));
#4626=DIRECTION('center_axis',(0.,-0.993211875692539,0.116319258866742));
#4627=DIRECTION('ref_axis',(-3.17022424158436E-15,-0.116319258866742,-0.993211875692539));
#4628=DIRECTION('center_axis',(0.996868595974449,0.,-0.079075927815811));
#4629=DIRECTION('ref_axis',(-0.079075927815811,2.3123095844618E-15,-0.996868595974449));
#4630=DIRECTION('center_axis',(-0.983298742777653,0.,0.181998852886184));
#4631=DIRECTION('ref_axis',(-0.181998852886184,2.91114907817793E-15,-0.983298742777653));
#4632=DIRECTION('center_axis',(-1.,0.,0.));
#4633=DIRECTION('ref_axis',(0.,0.993211875692539,-0.116319258866741));
#4634=DIRECTION('center_axis',(-1.,0.,0.));
#4635=DIRECTION('ref_axis',(0.,0.993211875692539,-0.116319258866741));
#4636=DIRECTION('',(-1.,0.,0.));
#4637=DIRECTION('center_axis',(0.99864933560717,0.,0.0519567559741568));
#4638=DIRECTION('ref_axis',(0.0519567559741568,5.19714134023922E-15,-0.99864933560717));
#4639=DIRECTION('',(-1.,0.,0.));
#4640=DIRECTION('center_axis',(-1.,0.,0.));
#4641=DIRECTION('ref_axis',(0.,1.,0.));
#4642=DIRECTION('',(0.,-1.,0.));
#4643=DIRECTION('',(0.,0.,-1.));
#4644=DIRECTION('',(0.,1.,0.));
#4645=DIRECTION('center_axis',(0.,1.,0.));
#4646=DIRECTION('ref_axis',(-0.678573530350319,0.,0.734532479818221));
#4647=DIRECTION('',(0.,1.,0.));
#4648=DIRECTION('center_axis',(5.4560070222826E-17,-0.967182802257302,0.254081536160567));
#4649=DIRECTION('ref_axis',(2.14757723217507E-15,0.254081536160567,0.967182802257302));
#4650=DIRECTION('center_axis',(0.894427190999916,-0.447213595499958,0.));
#4651=DIRECTION('ref_axis',(-0.447213595499958,-0.894427190999916,0.));
#4652=DIRECTION('center_axis',(0.996868595974449,0.,-0.079075927815811));
#4653=DIRECTION('ref_axis',(-0.079075927815811,0.,-0.996868595974449));
#4654=DIRECTION('',(0.,-1.,0.));
#4655=DIRECTION('center_axis',(0.996868595974449,0.,-0.079075927815811));
#4656=DIRECTION('ref_axis',(0.079075927815811,3.94278429145409E-15,0.996868595974449));
#4657=DIRECTION('',(-0.0784066320877672,-0.129831765569523,-0.988431137051921));
#4658=DIRECTION('center_axis',(0.,0.,1.));
#4659=DIRECTION('ref_axis',(0.,1.,0.));
#4660=DIRECTION('',(-1.,0.,0.));
#4661=DIRECTION('center_axis',(0.,0.,-1.));
#4662=DIRECTION('ref_axis',(0.,-1.,0.));
#4663=DIRECTION('center_axis',(-1.,0.,0.));
#4664=DIRECTION('ref_axis',(0.,0.993211875692539,-0.116319258866741));
#4665=DIRECTION('',(-1.,0.,0.));
#4666=DIRECTION('center_axis',(-0.99864933560717,0.,0.0519567559741568));
#4667=DIRECTION('ref_axis',(-0.0519567559741568,5.19714134023922E-15,-0.99864933560717));
#4668=DIRECTION('center_axis',(0.,0.993211875692539,-0.116319258866742));
#4669=DIRECTION('ref_axis',(0.,-0.116319258866742,-0.993211875692539));
#4670=DIRECTION('',(-1.,0.,0.));
#4671=DIRECTION('',(-0.0516050094947524,-0.116164272040729,-0.991888494184852));
#4672=DIRECTION('center_axis',(-1.,0.,0.));
#4673=DIRECTION('ref_axis',(0.,0.,-1.));
#4674=DIRECTION('',(-1.,0.,0.));
#4675=DIRECTION('center_axis',(-0.99864933560717,0.,0.0519567559741568));
#4676=DIRECTION('ref_axis',(-0.0519567559741568,0.,-0.99864933560717));
#4677=DIRECTION('center_axis',(-1.,0.,0.));
#4678=DIRECTION('ref_axis',(0.,0.,-1.));
#4679=DIRECTION('',(-1.,0.,0.));
#4680=DIRECTION('center_axis',(0.99864933560717,0.,0.0519567559741568));
#4681=DIRECTION('ref_axis',(0.0519567559741568,0.,-0.99864933560717));
#4682=DIRECTION('',(-1.,0.,0.));
#4683=DIRECTION('center_axis',(0.,0.993211875692539,-0.116319258866742));
#4684=DIRECTION('ref_axis',(0.,-0.116319258866742,-0.993211875692539));
#4685=DIRECTION('',(-0.0516050094947524,0.116164272040729,0.991888494184852));
#4686=DIRECTION('center_axis',(0.,0.,1.));
#4687=DIRECTION('ref_axis',(0.,1.,0.));
#4688=DIRECTION('center_axis',(-0.99864933560717,0.,-0.0519567559741568));
#4689=DIRECTION('ref_axis',(-0.0519567559741568,0.,0.99864933560717));
#4690=DIRECTION('center_axis',(-0.99864933560717,0.,-0.0519567559741568));
#4691=DIRECTION('ref_axis',(-0.0519567559741568,-2.16894031932649E-14,0.99864933560717));
#4692=DIRECTION('',(-0.0515154433725243,0.130059768722321,0.990166963523844));
#4693=DIRECTION('center_axis',(-0.99864933560717,0.,-0.0519567559741568));
#4694=DIRECTION('ref_axis',(0.0519567559741568,1.81553470819023E-14,-0.99864933560717));
#4695=DIRECTION('',(0.,-1.,0.));
#4696=DIRECTION('center_axis',(-0.99864933560717,0.,-0.0519567559741568));
#4697=DIRECTION('ref_axis',(-0.0519567559741568,0.,0.99864933560717));
#4698=DIRECTION('',(0.,-1.,0.));
#4699=DIRECTION('',(0.0519567559741568,1.19861998477589E-16,-0.99864933560717));
#4700=DIRECTION('center_axis',(0.99864933560717,0.,-0.0519567559741568));
#4701=DIRECTION('ref_axis',(-0.0519567559741568,0.,-0.99864933560717));
#4702=DIRECTION('',(0.,-1.,0.));
#4703=DIRECTION('center_axis',(0.99864933560717,0.,-0.0519567559741568));
#4704=DIRECTION('ref_axis',(-0.0519567559741568,1.80167566461625E-14,-0.99864933560717));
#4705=DIRECTION('',(-0.0515154433725243,-0.130059768722321,-0.990166963523844));
#4706=DIRECTION('center_axis',(0.99864933560717,0.,-0.0519567559741568));
#4707=DIRECTION('ref_axis',(0.0519567559741568,1.51063574956286E-14,0.99864933560717));
#4708=DIRECTION('center_axis',(0.99864933560717,0.,-0.0519567559741568));
#4709=DIRECTION('ref_axis',(-0.0519567559741568,0.,-0.99864933560717));
#4710=DIRECTION('',(0.0519567559741568,0.,0.99864933560717));
#4711=DIRECTION('',(0.,-1.,0.));
#4712=DIRECTION('center_axis',(0.,0.,-1.));
#4713=DIRECTION('ref_axis',(0.,-1.,0.));
#4714=DIRECTION('center_axis',(0.,0.,1.));
#4715=DIRECTION('ref_axis',(0.,-1.,0.));
#4716=DIRECTION('',(0.,0.,-1.));
#4717=DIRECTION('center_axis',(-4.5039473615625E-16,-1.,0.));
#4718=DIRECTION('ref_axis',(0.678573530350319,-7.55734467249092E-16,0.734532479818221));
#4719=DIRECTION('',(-4.5039473615625E-16,-1.,0.));
#4720=DIRECTION('center_axis',(0.,1.,0.));
#4721=DIRECTION('ref_axis',(0.678573530350319,-7.55734467249092E-16,0.734532479818221));
#4722=DIRECTION('',(0.,-1.,0.));
#4723=DIRECTION('center_axis',(-0.996868595974449,4.48984368266363E-16,
-0.079075927815811));
#4724=DIRECTION('ref_axis',(-0.079075927815811,0.,0.996868595974449));
#4725=DIRECTION('',(4.5039473615625E-16,1.,0.));
#4726=DIRECTION('',(0.0790759278158111,0.,-0.996868595974449));
#4727=DIRECTION('center_axis',(4.5039473615625E-16,1.,0.));
#4728=DIRECTION('ref_axis',(0.73453247981822,0.,-0.67857353035032));
#4729=DIRECTION('',(-4.5039473615625E-16,-1.,0.));
#4730=DIRECTION('center_axis',(0.,1.,0.));
#4731=DIRECTION('ref_axis',(0.73453247981822,0.,-0.67857353035032));
#4732=DIRECTION('center_axis',(0.,1.,0.));
#4733=DIRECTION('ref_axis',(-0.678573530350319,0.,0.734532479818221));
#4734=DIRECTION('',(0.,-1.,0.));
#4735=DIRECTION('center_axis',(0.,1.,0.));
#4736=DIRECTION('ref_axis',(-0.678573530350319,0.,0.734532479818221));
#4737=DIRECTION('',(0.,1.,0.));
#4738=DIRECTION('center_axis',(0.996868595974449,0.,-0.079075927815811));
#4739=DIRECTION('ref_axis',(-0.079075927815811,0.,-0.996868595974449));
#4740=DIRECTION('',(0.079075927815811,-1.19648266786658E-16,0.996868595974449));
#4741=DIRECTION('',(0.,-1.,0.));
#4742=DIRECTION('center_axis',(0.,-1.,0.));
#4743=DIRECTION('ref_axis',(-0.734532479818222,0.,-0.678573530350318));
#4744=DIRECTION('center_axis',(0.,1.,0.));
#4745=DIRECTION('ref_axis',(-0.734532479818222,0.,-0.678573530350318));
#4746=DIRECTION('',(0.,-1.,0.));
#4747=DIRECTION('center_axis',(0.,-1.,0.));
#4748=DIRECTION('ref_axis',(-0.734532479818222,0.,-0.678573530350318));
#4749=DIRECTION('',(0.,1.,0.));
#4750=DIRECTION('center_axis',(0.894427190999916,-0.447213595499958,0.));
#4751=DIRECTION('ref_axis',(-0.447213595499958,-0.894427190999916,0.));
#4752=DIRECTION('center_axis',(-1.,0.,0.));
#4753=DIRECTION('ref_axis',(0.,1.,0.));
#4754=DIRECTION('',(0.,0.,1.));
#4755=DIRECTION('',(0.,0.,-1.));
#4756=DIRECTION('center_axis',(1.,0.,0.));
#4757=DIRECTION('ref_axis',(0.,-0.751742207125824,-0.659457090359634));
#4758=DIRECTION('center_axis',(0.,0.,1.));
#4759=DIRECTION('ref_axis',(0.,-1.,0.));
#4760=DIRECTION('center_axis',(0.,0.,1.));
#4761=DIRECTION('ref_axis',(0.,-1.,0.));
#4762=DIRECTION('',(0.,0.,1.));
#4763=DIRECTION('center_axis',(0.,-1.,0.));
#4764=DIRECTION('ref_axis',(-1.,0.,0.));
#4765=DIRECTION('',(1.,0.,0.));
#4766=DIRECTION('center_axis',(0.,0.,-1.));
#4767=DIRECTION('ref_axis',(-1.,0.,0.));
#4768=DIRECTION('',(1.,0.,0.));
#4769=DIRECTION('center_axis',(0.,-1.,0.));
#4770=DIRECTION('ref_axis',(1.,0.,0.));
#4771=DIRECTION('',(-1.,0.,0.));
#4772=DIRECTION('',(0.,0.,1.));
#4773=DIRECTION('center_axis',(0.,0.,1.));
#4774=DIRECTION('ref_axis',(1.,0.,0.));
#4775=DIRECTION('',(0.,0.,1.));
#4776=DIRECTION('center_axis',(0.,0.,-1.));
#4777=DIRECTION('ref_axis',(1.,0.,0.));
#4778=DIRECTION('center_axis',(0.,0.,1.));
#4779=DIRECTION('ref_axis',(1.,0.,0.));
#4780=DIRECTION('',(0.,-1.,0.));
#4781=DIRECTION('',(-1.,0.,0.));
#4782=DIRECTION('',(0.,-1.,0.));
#4783=DIRECTION('center_axis',(0.,-1.,0.));
#4784=DIRECTION('ref_axis',(1.,0.,0.));
#4785=DIRECTION('',(0.,0.,-1.));
#4786=DIRECTION('',(0.,0.,1.));
#4787=DIRECTION('center_axis',(0.,0.,1.));
#4788=DIRECTION('ref_axis',(0.0815275272881767,0.996671090327333,0.));
#4789=DIRECTION('',(0.,0.,-1.));
#4790=DIRECTION('center_axis',(0.,0.,1.));
#4791=DIRECTION('ref_axis',(0.0815275272881767,0.996671090327333,0.));
#4792=DIRECTION('',(0.,0.,1.));
#4793=DIRECTION('center_axis',(0.,0.,-1.));
#4794=DIRECTION('ref_axis',(-1.,0.,0.));
#4795=DIRECTION('',(-1.,2.8665631421973E-17,0.));
#4796=DIRECTION('',(1.,0.,0.));
#4797=DIRECTION('center_axis',(0.,0.,1.));
#4798=DIRECTION('ref_axis',(0.638971066378314,-0.769230769230769,0.));
#4799=DIRECTION('center_axis',(0.,0.,-1.));
#4800=DIRECTION('ref_axis',(-1.,0.,0.));
#4801=DIRECTION('center_axis',(0.,0.,1.));
#4802=DIRECTION('ref_axis',(0.638971066378312,0.76923076923077,0.));
#4803=DIRECTION('',(1.,-5.77523373800946E-17,0.));
#4804=DIRECTION('',(-1.,0.,0.));
#4805=DIRECTION('center_axis',(0.,0.,1.));
#4806=DIRECTION('ref_axis',(-1.,0.,0.));
#4807=DIRECTION('center_axis',(0.,0.,1.));
#4808=DIRECTION('ref_axis',(-0.816798176467952,0.576923512190852,0.));
#4809=DIRECTION('center_axis',(0.,0.,-1.));
#4810=DIRECTION('ref_axis',(-1.,0.,0.));
#4811=DIRECTION('center_axis',(0.,0.,1.));
#4812=DIRECTION('ref_axis',(-0.816798773415756,-0.576922667041708,0.));
#4813=DIRECTION('center_axis',(0.,0.,1.));
#4814=DIRECTION('ref_axis',(-1.,0.,0.));
#4815=DIRECTION('center_axis',(0.,0.,1.));
#4816=DIRECTION('ref_axis',(-1.,0.,0.));
#4817=DIRECTION('center_axis',(0.,0.,1.));
#4818=DIRECTION('ref_axis',(-0.0808420082200886,0.996726928354473,0.));
#4819=DIRECTION('center_axis',(0.,0.,1.));
#4820=DIRECTION('ref_axis',(-1.,0.,0.));
#4821=DIRECTION('',(0.,1.,0.));
#4822=DIRECTION('center_axis',(0.,0.,1.));
#4823=DIRECTION('ref_axis',(-1.,0.,0.));
#4824=DIRECTION('center_axis',(0.,0.,1.));
#4825=DIRECTION('ref_axis',(-0.444644788543556,-0.895706990048116,0.));
#4826=DIRECTION('center_axis',(0.,0.,1.));
#4827=DIRECTION('ref_axis',(-1.,0.,0.));
#4828=DIRECTION('center_axis',(0.,0.,1.));
#4829=DIRECTION('ref_axis',(0.445697938656386,-0.895183415550941,0.));
#4830=DIRECTION('center_axis',(0.,0.,1.));
#4831=DIRECTION('ref_axis',(-1.,0.,0.));
#4832=DIRECTION('',(0.,-1.,0.));
#4833=DIRECTION('center_axis',(0.,0.,1.));
#4834=DIRECTION('ref_axis',(-1.,0.,0.));
#4835=DIRECTION('center_axis',(0.,0.,-1.));
#4836=DIRECTION('ref_axis',(-1.,0.,0.));
#4837=DIRECTION('',(0.,0.,1.));
#4838=DIRECTION('center_axis',(0.,0.,-1.));
#4839=DIRECTION('ref_axis',(-0.0808420082200886,0.996726928354473,0.));
#4840=DIRECTION('',(0.,0.,-1.));
#4841=DIRECTION('center_axis',(0.,0.,1.));
#4842=DIRECTION('ref_axis',(-0.444644788543556,-0.895706990048116,0.));
#4843=DIRECTION('',(0.,0.,-1.));
#4844=DIRECTION('',(0.,0.,1.));
#4845=DIRECTION('center_axis',(0.,0.,-1.));
#4846=DIRECTION('ref_axis',(-1.,0.,0.));
#4847=DIRECTION('',(0.,0.,1.));
#4848=DIRECTION('center_axis',(0.,0.,-1.));
#4849=DIRECTION('ref_axis',(0.445697938656386,-0.895183415550941,0.));
#4850=DIRECTION('',(0.,0.,-1.));
#4851=DIRECTION('center_axis',(0.447213595499958,0.894427190999916,-9.93013661298908E-16));
#4852=DIRECTION('ref_axis',(0.894427190999916,-0.447213595499958,0.));
#4853=DIRECTION('center_axis',(-0.129142135531684,0.12914213553169,0.983180867216521));
#4854=DIRECTION('ref_axis',(6.66133814775094E-15,0.99148345722345,-0.130232691948815));
#4855=DIRECTION('center_axis',(-0.0784066320877664,0.129831765569523,0.988431137051921));
#4856=DIRECTION('ref_axis',(0.,0.991483457223451,-0.130232691948811));
#4857=DIRECTION('center_axis',(0.,0.991483457223451,-0.13023269194881));
#4858=DIRECTION('ref_axis',(-2.95831336237565E-15,0.13023269194881,0.991483457223451));
#4859=DIRECTION('center_axis',(0.0784066320877672,-0.129831765569523,-0.988431137051921));
#4860=DIRECTION('ref_axis',(-0.701290752379807,0.697502341327831,-0.147247290191564));
#4861=DIRECTION('center_axis',(-0.0784066320877666,0.129831765569524,0.988431137051921));
#4862=DIRECTION('ref_axis',(-2.22044604925031E-15,0.991483457223451,-0.130232691948811));
#4863=DIRECTION('',(0.0784066320877672,-0.129831765569523,-0.988431137051921));
#4864=DIRECTION('center_axis',(-0.0788298502772799,0.0788298502772798,0.993766425982747));
#4865=DIRECTION('ref_axis',(-2.22044604925031E-15,0.996868595974449,-0.0790759278158109));
#4866=DIRECTION('center_axis',(0.987647989599102,-1.58415992888197E-15,
0.156689018890453));
#4867=DIRECTION('ref_axis',(-0.156689018890453,4.38603815311068E-15,0.987647989599102));
#4868=DIRECTION('center_axis',(0.447213595499958,0.894427190999916,-4.96506830649455E-16));
#4869=DIRECTION('ref_axis',(0.894427190999916,-0.447213595499958,2.48253415324727E-16));
#4870=DIRECTION('center_axis',(1.,0.,0.));
#4871=DIRECTION('ref_axis',(0.,-1.,0.));
#4872=DIRECTION('center_axis',(-1.,0.,0.));
#4873=DIRECTION('ref_axis',(0.,-0.751742207125824,-0.659457090359634));
#4874=DIRECTION('',(0.,0.,-1.));
#4875=DIRECTION('center_axis',(1.,0.,0.));
#4876=DIRECTION('ref_axis',(0.,-0.751742207125824,-0.659457090359634));
#4877=DIRECTION('',(1.,0.,0.));
#4878=DIRECTION('center_axis',(0.,0.991483457223451,-0.13023269194881));
#4879=DIRECTION('ref_axis',(0.,0.13023269194881,0.991483457223451));
#4880=DIRECTION('',(-1.,0.,0.));
#4881=DIRECTION('center_axis',(-1.,0.,0.));
#4882=DIRECTION('ref_axis',(0.,-0.659457090359633,0.751742207125825));
#4883=DIRECTION('center_axis',(0.447213595499958,-0.894427190999916,0.));
#4884=DIRECTION('ref_axis',(0.894427190999916,0.447213595499958,0.));
#4885=DIRECTION('center_axis',(-0.0442374985192483,-0.044237498519248,-0.99804112512938));
#4886=DIRECTION('ref_axis',(-4.44089209850062E-15,-0.999019122208223,0.0442808475789591));
#4887=DIRECTION('center_axis',(-0.894427190999916,0.447213595499958,0.));
#4888=DIRECTION('ref_axis',(0.447213595499958,0.894427190999916,0.));
#4889=DIRECTION('center_axis',(0.0789988482921987,-0.0441424569673623,-0.995896894995356));
#4890=DIRECTION('ref_axis',(0.,-0.999019122208223,0.0442808475789597));
#4891=DIRECTION('center_axis',(1.41075209887547E-16,0.996093716914852,-0.0883023619319108));
#4892=DIRECTION('ref_axis',(2.65412683008797E-14,-0.0883023619319108,-0.996093716914852));
#4893=DIRECTION('center_axis',(-2.86375139407239E-17,-0.999019122208223,
0.044280847578959));
#4894=DIRECTION('ref_axis',(2.63419332485141E-14,-0.044280847578959,-0.999019122208223));
#4895=DIRECTION('center_axis',(-0.0789988482921993,0.0441424569673616,0.995896894995356));
#4896=DIRECTION('ref_axis',(-0.706129902547855,-0.707653223561285,-0.0246470264145256));
#4897=DIRECTION('center_axis',(0.0789988482921984,-0.0441424569673597,-0.995896894995356));
#4898=DIRECTION('ref_axis',(0.,-0.999019122208223,0.044280847578957));
#4899=DIRECTION('',(0.0789988482921993,-0.0441424569673616,-0.995896894995356));
#4900=DIRECTION('',(-0.0789988482921993,0.0441424569673616,0.995896894995356));
#4901=DIRECTION('center_axis',(0.0788298502772795,0.0788298502772795,-0.993766425982747));
#4902=DIRECTION('ref_axis',(0.,-0.996868595974449,-0.0790759278158104));
#4903=DIRECTION('center_axis',(-0.996868595974449,0.,-0.0790759278158111));
#4904=DIRECTION('ref_axis',(-0.0790759278158111,1.08599497150577E-14,0.996868595974449));
#4905=DIRECTION('center_axis',(0.987647989599102,-1.0550199881806E-16,0.156689018890453));
#4906=DIRECTION('ref_axis',(-0.156689018890453,1.09650953827767E-14,0.987647989599102));
#4907=DIRECTION('center_axis',(-0.894427190999916,0.447213595499958,0.));
#4908=DIRECTION('ref_axis',(0.447213595499958,0.894427190999916,0.));
#4909=DIRECTION('center_axis',(0.447213595499958,-0.894427190999916,0.));
#4910=DIRECTION('ref_axis',(0.894427190999916,0.447213595499958,0.));
#4911=DIRECTION('center_axis',(0.,0.,-1.));
#4912=DIRECTION('ref_axis',(-1.,0.,0.));
#4913=DIRECTION('',(0.,0.,1.));
#4914=DIRECTION('',(0.,0.,-1.));
#4915=DIRECTION('center_axis',(0.,0.,1.));
#4916=DIRECTION('ref_axis',(-1.,0.,0.));
#4917=DIRECTION('center_axis',(1.,-2.8665631421973E-17,0.));
#4918=DIRECTION('ref_axis',(0.,0.722592847867647,0.691273879305825));
#4919=DIRECTION('',(1.,-2.8665631421973E-17,0.));
#4920=DIRECTION('center_axis',(-2.86375139407239E-17,-0.999019122208223,
0.044280847578959));
#4921=DIRECTION('ref_axis',(0.,-0.044280847578959,-0.999019122208223));
#4922=DIRECTION('',(-1.,2.8665631421973E-17,0.));
#4923=DIRECTION('center_axis',(-1.,2.8665631421973E-17,0.));
#4924=DIRECTION('ref_axis',(0.,0.691273879305821,-0.72259284786765));
#4925=DIRECTION('center_axis',(-1.,0.,0.));
#4926=DIRECTION('ref_axis',(0.,0.691273879305821,-0.72259284786765));
#4927=DIRECTION('center_axis',(-0.447213595499958,-0.894427190999916,0.));
#4928=DIRECTION('ref_axis',(-0.894427190999916,0.447213595499958,0.));
#4929=DIRECTION('center_axis',(0.0788298502772793,-0.0788298502772797,0.993766425982747));
#4930=DIRECTION('ref_axis',(0.,-0.996868595974449,-0.0790759278158105));
#4931=DIRECTION('center_axis',(0.894427190999916,0.447213595499958,0.));
#4932=DIRECTION('ref_axis',(-0.447213595499958,0.894427190999916,0.));
#4933=DIRECTION('center_axis',(0.0789988482921984,0.0441424569673598,0.995896894995356));
#4934=DIRECTION('ref_axis',(2.22044604925032E-15,-0.999019122208223,0.0442808475789569));
#4935=DIRECTION('center_axis',(0.996868595974449,0.,-0.079075927815811));
#4936=DIRECTION('ref_axis',(0.079075927815811,1.79846301013695E-15,0.996868595974449));
#4937=DIRECTION('center_axis',(-0.987647989599102,6.95839025912426E-16,
0.156689018890453));
#4938=DIRECTION('ref_axis',(0.156689018890453,2.19301907655534E-15,0.987647989599102));
#4939=DIRECTION('center_axis',(-0.0789988482921991,-0.0441424569673616,
-0.995896894995356));
#4940=DIRECTION('ref_axis',(0.706129902547852,-0.707653223561288,-0.0246470264145295));
#4941=DIRECTION('center_axis',(0.078998848292198,0.0441424569673595,0.995896894995356));
#4942=DIRECTION('ref_axis',(0.,-0.999019122208223,0.0442808475789568));
#4943=DIRECTION('',(0.0789988482921991,0.0441424569673616,0.995896894995356));
#4944=DIRECTION('',(-0.0789988482921991,-0.0441424569673616,-0.995896894995356));
#4945=DIRECTION('center_axis',(-0.0442374985192487,0.0442374985192481,0.99804112512938));
#4946=DIRECTION('ref_axis',(0.,-0.999019122208223,0.044280847578959));
#4947=DIRECTION('center_axis',(-1.41075209887547E-16,0.996093716914852,
-0.0883023619319108));
#4948=DIRECTION('ref_axis',(-2.65412683008797E-14,-0.0883023619319108,-0.996093716914852));
#4949=DIRECTION('center_axis',(0.,-0.999019122208223,0.044280847578959));
#4950=DIRECTION('ref_axis',(-2.63419332485141E-14,-0.044280847578959,-0.999019122208223));
#4951=DIRECTION('center_axis',(0.894427190999916,0.447213595499958,0.));
#4952=DIRECTION('ref_axis',(-0.447213595499958,0.894427190999916,0.));
#4953=DIRECTION('center_axis',(-0.447213595499958,-0.894427190999916,0.));
#4954=DIRECTION('ref_axis',(-0.894427190999916,0.447213595499958,0.));
#4955=DIRECTION('center_axis',(-1.,1.98853683602747E-15,0.));
#4956=DIRECTION('ref_axis',(1.98853683602747E-15,1.,0.));
#4957=DIRECTION('center_axis',(1.,-1.98853683602747E-15,0.));
#4958=DIRECTION('ref_axis',(0.,0.691273879305823,-0.722592847867648));
#4959=DIRECTION('',(0.,0.,-1.));
#4960=DIRECTION('',(0.,0.,-1.));
#4961=DIRECTION('',(0.,1.,0.));
#4962=DIRECTION('center_axis',(-1.,0.,0.));
#4963=DIRECTION('ref_axis',(0.,0.691273879305823,-0.722592847867648));
#4964=DIRECTION('',(-1.,0.,0.));
#4965=DIRECTION('center_axis',(0.,-0.999019122208223,0.044280847578959));
#4966=DIRECTION('ref_axis',(0.,-0.044280847578959,-0.999019122208223));
#4967=DIRECTION('',(1.,0.,0.));
#4968=DIRECTION('center_axis',(1.,0.,0.));
#4969=DIRECTION('ref_axis',(0.,0.72259284786765,0.691273879305821));
#4970=DIRECTION('center_axis',(-0.447213595499958,0.894427190999916,0.));
#4971=DIRECTION('ref_axis',(-0.894427190999916,-0.447213595499958,0.));
#4972=DIRECTION('center_axis',(-0.0788298502772802,-0.0788298502772806,
-0.993766425982747));
#4973=DIRECTION('ref_axis',(0.,0.996868595974449,-0.0790759278158115));
#4974=DIRECTION('center_axis',(-0.0784066320877672,-0.129831765569524,-0.988431137051921));
#4975=DIRECTION('ref_axis',(0.,0.991483457223451,-0.130232691948811));
#4976=DIRECTION('center_axis',(-0.987647989599102,6.08859147673374E-16,
0.156689018890453));
#4977=DIRECTION('ref_axis',(0.156689018890453,3.28952861483301E-15,0.987647989599102));
#4978=DIRECTION('center_axis',(0.0784066320877672,0.129831765569523,0.988431137051921));
#4979=DIRECTION('ref_axis',(0.701290752379806,0.697502341327831,-0.147247290191567));
#4980=DIRECTION('center_axis',(-0.0784066320877669,-0.129831765569519,-0.988431137051922));
#4981=DIRECTION('ref_axis',(0.,0.991483457223451,-0.130232691948806));
#4982=DIRECTION('',(0.0784066320877672,0.129831765569523,0.988431137051921));
#4983=DIRECTION('center_axis',(-0.129142135531689,-0.129142135531684,-0.983180867216521));
#4984=DIRECTION('ref_axis',(0.,0.991483457223451,-0.130232691948811));
#4985=DIRECTION('center_axis',(5.72604871283514E-17,0.991483457223451,-0.13023269194881));
#4986=DIRECTION('ref_axis',(2.95831336237565E-15,0.13023269194881,0.991483457223451));
#4987=DIRECTION('center_axis',(-0.447213595499958,0.894427190999916,0.));
#4988=DIRECTION('ref_axis',(-0.894427190999916,-0.447213595499958,0.));
#4989=DIRECTION('center_axis',(0.,0.,-1.));
#4990=DIRECTION('ref_axis',(0.638971066378312,0.76923076923077,0.));
#4991=DIRECTION('',(0.,0.,-1.));
#4992=DIRECTION('center_axis',(-1.,5.77523373800946E-17,0.));
#4993=DIRECTION('ref_axis',(0.,-0.659457090359637,0.751742207125822));
#4994=DIRECTION('',(-1.,5.77523373800946E-17,0.));
#4995=DIRECTION('center_axis',(5.72604871283514E-17,0.991483457223451,-0.13023269194881));
#4996=DIRECTION('ref_axis',(0.,0.13023269194881,0.991483457223451));
#4997=DIRECTION('',(1.,-5.77523373800946E-17,0.));
#4998=DIRECTION('center_axis',(1.,-5.77523373800946E-17,0.));
#4999=DIRECTION('ref_axis',(0.,-0.751742207125824,-0.659457090359634));
#5000=DIRECTION('center_axis',(0.,1.,0.));
#5001=DIRECTION('ref_axis',(0.734532479818222,0.,-0.678573530350318));
#5002=DIRECTION('',(0.,1.,0.));
#5003=DIRECTION('',(0.,-1.,0.));
#5004=DIRECTION('center_axis',(-0.996868595974449,0.,-0.0790759278158111));
#5005=DIRECTION('ref_axis',(-0.0790759278158111,0.,0.996868595974449));
#5006=DIRECTION('',(0.,-1.,0.));
#5007=DIRECTION('center_axis',(0.,-1.,0.));
#5008=DIRECTION('ref_axis',(-0.734532479818222,0.,-0.678573530350318));
#5009=DIRECTION('',(0.,-1.,0.));
#5010=DIRECTION('center_axis',(0.,-1.,0.));
#5011=DIRECTION('ref_axis',(0.678573530350319,0.,0.734532479818221));
#5012=DIRECTION('',(0.,1.,0.));
#5013=DIRECTION('center_axis',(0.,0.,-1.));
#5014=DIRECTION('ref_axis',(-1.,0.,0.));
#5015=DIRECTION('',(0.,-1.,0.));
#5016=DIRECTION('center_axis',(0.,1.,0.));
#5017=DIRECTION('ref_axis',(-0.678573530350318,0.,0.734532479818222));
#5018=DIRECTION('',(0.,1.,0.));
#5019=DIRECTION('center_axis',(0.996868595974449,0.,-0.079075927815811));
#5020=DIRECTION('ref_axis',(-0.079075927815811,0.,-0.996868595974449));
#5021=DIRECTION('center_axis',(0.,0.,-1.));
#5022=DIRECTION('ref_axis',(0.423282801055095,0.90599761055477,0.));
#5023=DIRECTION('',(0.,0.,1.));
#5024=DIRECTION('center_axis',(0.,0.,1.));
#5025=DIRECTION('ref_axis',(0.438433381227746,-0.898763689868035,0.));
#5026=DIRECTION('',(0.,0.,-1.));
#5027=DIRECTION('',(0.,0.,1.));
#5028=DIRECTION('center_axis',(0.,0.,-1.));
#5029=DIRECTION('ref_axis',(0.699853767670798,0.714286149856617,0.));
#5030=DIRECTION('',(0.,0.,-1.));
#5031=DIRECTION('center_axis',(0.,0.,-1.));
#5032=DIRECTION('ref_axis',(0.699853767670798,0.714286149856617,0.));
#5033=DIRECTION('center_axis',(0.,0.,-1.));
#5034=DIRECTION('ref_axis',(-1.,0.,0.));
#5035=DIRECTION('center_axis',(0.,0.,-1.));
#5036=DIRECTION('ref_axis',(-1.,0.,0.));
#5037=DIRECTION('center_axis',(0.,0.,-1.));
#5038=DIRECTION('ref_axis',(0.573462344363328,0.81923192051904,0.));
#5039=DIRECTION('center_axis',(0.,0.,-1.));
#5040=DIRECTION('ref_axis',(1.,0.,0.));
#5041=DIRECTION('center_axis',(0.335009667654805,-0.942214690279141,0.));
#5042=DIRECTION('ref_axis',(-0.942214690279141,-0.335009667654805,0.));
#5043=DIRECTION('',(0.,0.,-1.));
#5044=DIRECTION('',(0.,0.,-1.));
#5045=DIRECTION('center_axis',(0.,0.,-1.));
#5046=DIRECTION('ref_axis',(0.335009667654806,-0.942214690279141,0.));
#5047=DIRECTION('',(0.,0.,-1.));
#5048=DIRECTION('center_axis',(0.,1.,0.));
#5049=DIRECTION('ref_axis',(1.,0.,0.));
#5050=DIRECTION('',(0.,0.,-1.));
#5051=DIRECTION('center_axis',(0.,0.,-1.));
#5052=DIRECTION('ref_axis',(0.,1.,0.));
#5053=DIRECTION('center_axis',(0.,0.,-1.));
#5054=DIRECTION('ref_axis',(-1.,0.,0.));
#5055=DIRECTION('center_axis',(-0.335009667654805,-0.942214690279141,0.));
#5056=DIRECTION('ref_axis',(-0.942214690279141,0.335009667654805,0.));
#5057=DIRECTION('',(0.,0.,-1.));
#5058=DIRECTION('',(0.,0.,-1.));
#5059=DIRECTION('center_axis',(0.,0.,-1.));
#5060=DIRECTION('ref_axis',(-0.335009667654806,-0.942214690279141,0.));
#5061=DIRECTION('',(0.,0.,-1.));
#5062=DIRECTION('center_axis',(1.,0.,0.));
#5063=DIRECTION('ref_axis',(0.,-1.,0.));
#5064=DIRECTION('',(0.,0.,-1.));
#5065=DIRECTION('center_axis',(0.,0.,-1.));
#5066=DIRECTION('ref_axis',(1.,0.,0.));
#5067=DIRECTION('',(0.,0.,-1.));
#5068=DIRECTION('center_axis',(0.,1.,0.));
#5069=DIRECTION('ref_axis',(1.,0.,0.));
#5070=DIRECTION('',(0.,0.,-1.));
#5071=DIRECTION('center_axis',(0.,0.,-1.));
#5072=DIRECTION('ref_axis',(5.55111512312575E-16,1.,0.));
#5073=DIRECTION('center_axis',(0.,0.,-1.));
#5074=DIRECTION('ref_axis',(-0.576923076909336,-0.816798483917217,0.));
#5075=DIRECTION('',(0.,0.,-1.));
#5076=DIRECTION('center_axis',(0.,0.,-1.));
#5077=DIRECTION('ref_axis',(-1.,0.,0.));
#5078=DIRECTION('',(0.,0.,-1.));
#5079=DIRECTION('center_axis',(0.,0.,-1.));
#5080=DIRECTION('ref_axis',(0.576923076862287,-0.816798483950449,0.));
#5081=DIRECTION('center_axis',(0.,0.,-1.));
#5082=DIRECTION('ref_axis',(0.638971066378314,-0.769230769230769,0.));
#5083=DIRECTION('',(0.,0.,-1.));
#5084=DIRECTION('center_axis',(0.,0.,-1.));
#5085=DIRECTION('ref_axis',(-1.,0.,0.));
#5086=DIRECTION('center_axis',(0.,0.,-1.));
#5087=DIRECTION('ref_axis',(1.,0.,0.));
#5088=DIRECTION('',(0.,0.,-1.));
#5089=DIRECTION('center_axis',(0.,0.,-1.));
#5090=DIRECTION('ref_axis',(1.,0.,0.));
#5091=DIRECTION('center_axis',(0.,0.,-1.));
#5092=DIRECTION('ref_axis',(1.,0.,0.));
#5093=DIRECTION('center_axis',(0.,0.,-1.));
#5094=DIRECTION('ref_axis',(1.,0.,0.));
#5095=DIRECTION('',(0.,0.,-1.));
#5096=DIRECTION('center_axis',(0.,0.,-1.));
#5097=DIRECTION('ref_axis',(1.,0.,0.));
#5098=DIRECTION('center_axis',(0.,0.,-1.));
#5099=DIRECTION('ref_axis',(1.,0.,0.));
#5100=DIRECTION('center_axis',(0.,0.,-1.));
#5101=DIRECTION('ref_axis',(1.,0.,0.));
#5102=DIRECTION('',(0.,0.,-1.));
#5103=DIRECTION('center_axis',(0.,0.,-1.));
#5104=DIRECTION('ref_axis',(1.,0.,0.));
#5105=DIRECTION('center_axis',(0.,0.,-1.));
#5106=DIRECTION('ref_axis',(1.,0.,0.));
#5107=DIRECTION('center_axis',(0.,0.,-1.));
#5108=DIRECTION('ref_axis',(1.,0.,0.));
#5109=DIRECTION('',(0.,0.,-1.));
#5110=DIRECTION('center_axis',(0.,0.,-1.));
#5111=DIRECTION('ref_axis',(1.,0.,0.));
#5112=DIRECTION('center_axis',(0.,0.,-1.));
#5113=DIRECTION('ref_axis',(1.,0.,0.));
#5114=DIRECTION('center_axis',(-1.,0.,0.));
#5115=DIRECTION('ref_axis',(0.,1.,0.));
#5116=DIRECTION('',(0.,0.,-1.));
#5117=DIRECTION('',(0.,0.,1.));
#5118=DIRECTION('center_axis',(0.,0.,-1.));
#5119=DIRECTION('ref_axis',(-1.,0.,0.));
#5120=DIRECTION('center_axis',(0.,0.,-1.));
#5121=DIRECTION('ref_axis',(-1.,0.,0.));
#5122=DIRECTION('center_axis',(1.,0.,0.));
#5123=DIRECTION('ref_axis',(0.,-1.,0.));
#5124=DIRECTION('',(0.,0.,-1.));
#5125=DIRECTION('',(0.,0.,1.));
#5126=DIRECTION('center_axis',(0.,0.,-1.));
#5127=DIRECTION('ref_axis',(-1.,0.,0.));
#5128=DIRECTION('center_axis',(0.,0.,-1.));
#5129=DIRECTION('ref_axis',(-1.,0.,0.));
#5130=DIRECTION('center_axis',(0.,0.,1.));
#5131=DIRECTION('ref_axis',(-1.,0.,0.));
#5132=DIRECTION('center_axis',(0.,0.,-1.));
#5133=DIRECTION('ref_axis',(1.,0.,0.));
#5134=DIRECTION('center_axis',(0.,0.,-1.));
#5135=DIRECTION('ref_axis',(1.,0.,0.));
#5136=DIRECTION('center_axis',(0.,0.,-1.));
#5137=DIRECTION('ref_axis',(1.,0.,0.));
#5138=DIRECTION('center_axis',(0.,0.,-1.));
#5139=DIRECTION('ref_axis',(1.,0.,0.));
#5140=DIRECTION('center_axis',(0.,0.,1.));
#5141=DIRECTION('ref_axis',(-1.,0.,0.));
#5142=DIRECTION('center_axis',(0.,0.,-1.));
#5143=DIRECTION('ref_axis',(1.,0.,0.));
#5144=DIRECTION('center_axis',(0.,0.,-1.));
#5145=DIRECTION('ref_axis',(1.,0.,0.));
#5146=DIRECTION('',(0.,0.,1.));
#5147=DIRECTION('center_axis',(0.,0.,-1.));
#5148=DIRECTION('ref_axis',(1.,0.,0.));
#5149=DIRECTION('center_axis',(0.,0.,1.));
#5150=DIRECTION('ref_axis',(1.,0.,0.));
#5151=DIRECTION('center_axis',(0.,0.,-1.));
#5152=DIRECTION('ref_axis',(-1.,0.,0.));
#5153=DIRECTION('',(0.,0.,-1.));
#5154=DIRECTION('center_axis',(0.,0.,-1.));
#5155=DIRECTION('ref_axis',(1.,0.,0.));
#5156=DIRECTION('',(0.,0.,-1.));
#5157=DIRECTION('center_axis',(0.,0.,-1.));
#5158=DIRECTION('ref_axis',(1.,0.,0.));
#5159=DIRECTION('',(0.,0.,-1.));
#5160=DIRECTION('center_axis',(0.,0.,-1.));
#5161=DIRECTION('ref_axis',(1.,0.,0.));
#5162=DIRECTION('',(0.,0.,-1.));
#5163=DIRECTION('center_axis',(0.,0.,-1.));
#5164=DIRECTION('ref_axis',(1.,0.,0.));
#5165=DIRECTION('',(0.,0.,-1.));
#5166=DIRECTION('center_axis',(-1.,0.,0.));
#5167=DIRECTION('ref_axis',(0.,-1.,0.));
#5168=DIRECTION('center_axis',(1.,0.,0.));
#5169=DIRECTION('ref_axis',(0.,1.,0.));
#5170=CARTESIAN_POINT('',(0.,0.,0.));
#5171=CARTESIAN_POINT('Origin',(0.,7.5,51.));
#5172=CARTESIAN_POINT('',(-26.5,36.,51.));
#5173=CARTESIAN_POINT('',(-28.5,34.,51.));
#5174=CARTESIAN_POINT('Origin',(-26.5,34.,51.));
#5175=CARTESIAN_POINT('',(-28.5,-27.5,51.));
#5176=CARTESIAN_POINT('',(-28.5,-21.,51.));
#5177=CARTESIAN_POINT('',(28.5,-27.5,51.));
#5178=CARTESIAN_POINT('',(28.5,-27.5,51.));
#5179=CARTESIAN_POINT('',(28.5,34.,51.));
#5180=CARTESIAN_POINT('',(28.5,36.,51.));
#5181=CARTESIAN_POINT('',(26.5,36.,51.));
#5182=CARTESIAN_POINT('Origin',(26.5,34.,51.));
#5183=CARTESIAN_POINT('',(-28.5,36.,51.));
#5184=CARTESIAN_POINT('',(-25.495,-16.07,51.));
#5185=CARTESIAN_POINT('Origin',(-23.57,-16.07,51.));
#5186=CARTESIAN_POINT('',(21.645,31.07,51.));
#5187=CARTESIAN_POINT('Origin',(23.57,31.07,51.));
#5188=CARTESIAN_POINT('',(-25.495,31.07,51.));
#5189=CARTESIAN_POINT('Origin',(-23.57,31.07,51.));
#5190=CARTESIAN_POINT('',(21.645,-16.07,51.));
#5191=CARTESIAN_POINT('Origin',(23.57,-16.07,51.));
#5192=CARTESIAN_POINT('',(-21.2367605815953,22.5,51.));
#5193=CARTESIAN_POINT('',(21.23676058181,22.499999999696,51.));
#5194=CARTESIAN_POINT('Origin',(-4.44089209850063E-15,7.5,51.));
#5195=CARTESIAN_POINT('',(17.1527681620577,19.6153846153846,51.));
#5196=CARTESIAN_POINT('Origin',(19.1947650955974,21.0576912829891,51.));
#5197=CARTESIAN_POINT('',(-17.1527681620092,19.6153846154533,51.));
#5198=CARTESIAN_POINT('Origin',(-4.44089209850063E-15,7.5,51.));
#5199=CARTESIAN_POINT('Origin',(-19.1947651404251,21.0576912195227,51.));
#5200=CARTESIAN_POINT('',(-13.7239955012116,-5.78389805300856,51.));
#5201=CARTESIAN_POINT('',(-17.0102199939326,-5.51508544310593,51.));
#5202=CARTESIAN_POINT('Origin',(-15.5203299908989,-7.5226281646589,51.));
#5203=CARTESIAN_POINT('',(-24.99,-1.5,51.));
#5204=CARTESIAN_POINT('Origin',(-19.99,-1.5,51.));
#5205=CARTESIAN_POINT('',(-24.99,10.5,51.));
#5206=CARTESIAN_POINT('',(-24.99,3.,51.));
#5207=CARTESIAN_POINT('',(-19.2758312283193,15.4487334708545,51.));
#5208=CARTESIAN_POINT('Origin',(-19.99,10.5,51.));
#5209=CARTESIAN_POINT('',(-16.7290770690439,16.7167228675918,51.));
#5210=CARTESIAN_POINT('Origin',(-18.918746842479,17.9231002062818,51.));
#5211=CARTESIAN_POINT('',(16.7303900575372,16.7143392884494,51.));
#5212=CARTESIAN_POINT('Origin',(0.,7.5,51.));
#5213=CARTESIAN_POINT('',(19.2834877920699,15.4469364268938,51.));
#5214=CARTESIAN_POINT('Origin',(18.9202316881049,17.9204046403407,51.));
#5215=CARTESIAN_POINT('',(25.01,10.5,51.));
#5216=CARTESIAN_POINT('Origin',(20.01,10.5,51.));
#5217=CARTESIAN_POINT('',(25.01,-1.5,51.));
#5218=CARTESIAN_POINT('',(25.01,9.,51.));
#5219=CARTESIAN_POINT('',(17.0224653401085,-5.50931872715886,51.));
#5220=CARTESIAN_POINT('Origin',(20.01,-1.5,51.));
#5221=CARTESIAN_POINT('',(13.7313949997272,-5.77624914505099,51.));
#5222=CARTESIAN_POINT('Origin',(15.5286980101627,-7.51397809073829,51.));
#5223=CARTESIAN_POINT('Origin',(0.,7.5,51.));
#5224=CARTESIAN_POINT('',(17.5158200598904,-10.5769230769231,51.));
#5225=CARTESIAN_POINT('',(17.516,-23.5,51.));
#5226=CARTESIAN_POINT('',(17.516,-1.53846153846154,51.));
#5227=CARTESIAN_POINT('',(15.516,-25.5,51.));
#5228=CARTESIAN_POINT('Origin',(15.516,-23.5,51.));
#5229=CARTESIAN_POINT('',(-15.516,-25.5,51.));
#5230=CARTESIAN_POINT('',(7.758,-25.5,51.));
#5231=CARTESIAN_POINT('',(-17.516,-23.5,51.));
#5232=CARTESIAN_POINT('Origin',(-15.516,-23.5,51.));
#5233=CARTESIAN_POINT('',(-17.516,-10.5769230769231,51.));
#5234=CARTESIAN_POINT('',(-17.516,-8.,51.));
#5235=CARTESIAN_POINT('',(-13.4183923939446,-8.65384615384616,51.));
#5236=CARTESIAN_POINT('Origin',(-15.0158200598904,-10.5769230769231,51.));
#5237=CARTESIAN_POINT('',(13.4183923939446,-8.65384615384616,51.));
#5238=CARTESIAN_POINT('Origin',(-4.44089209850063E-15,7.5,51.));
#5239=CARTESIAN_POINT('Origin',(15.0158200598904,-10.5769230769231,51.));
#5240=CARTESIAN_POINT('Origin',(-15.5065438674288,16.1573537752375,3.5));
#5241=CARTESIAN_POINT('',(-15.0760843155557,15.9029828370365,6.));
#5242=CARTESIAN_POINT('',(-15.9159489703898,15.8703216138523,6.));
#5243=CARTESIAN_POINT('Origin',(-15.5065438674288,16.1573537752375,6.));
#5244=CARTESIAN_POINT('',(-15.9159489703898,15.8703216138523,1.));
#5245=CARTESIAN_POINT('',(-15.9159489703898,15.8703216138523,3.5));
#5246=CARTESIAN_POINT('',(-15.0760843155557,15.9029828370365,1.));
#5247=CARTESIAN_POINT('Origin',(-15.5065438674288,16.1573537752375,1.));
#5248=CARTESIAN_POINT('',(-15.0760843155557,15.9029828370365,3.5));
#5249=CARTESIAN_POINT('Origin',(-20.01,13.,3.5));
#5250=CARTESIAN_POINT('',(-18.1720243407028,8.35007037947551,6.));
#5251=CARTESIAN_POINT('Origin',(-20.01,13.,6.));
#5252=CARTESIAN_POINT('',(-18.1720243407028,8.35007037947551,1.));
#5253=CARTESIAN_POINT('',(-18.1720243407028,8.35007037947551,3.5));
#5254=CARTESIAN_POINT('Origin',(-20.01,13.,1.));
#5255=CARTESIAN_POINT('Origin',(0.,0.,6.));
#5256=CARTESIAN_POINT('',(15.0560843155557,15.9029828370365,6.));
#5257=CARTESIAN_POINT('Origin',(-0.0099999999999989,7.,6.));
#5258=CARTESIAN_POINT('',(15.8959489703898,15.8703216138523,6.));
#5259=CARTESIAN_POINT('Origin',(15.4865438674288,16.1573537752375,6.));
#5260=CARTESIAN_POINT('',(18.1520243407028,8.35007037947551,6.));
#5261=CARTESIAN_POINT('Origin',(19.99,13.,6.));
#5262=CARTESIAN_POINT('',(17.4688315865849,7.86049193360575,6.));
#5263=CARTESIAN_POINT('Origin',(17.9682267747731,7.88507741742306,6.));
#5264=CARTESIAN_POINT('',(17.4688315865849,6.13950806639425,6.));
#5265=CARTESIAN_POINT('Origin',(-0.0099999999999989,7.,6.));
#5266=CARTESIAN_POINT('',(18.1520243407028,5.64992962052449,6.));
#5267=CARTESIAN_POINT('Origin',(17.9682267747731,6.11492258257694,6.));
#5268=CARTESIAN_POINT('',(15.8959489703898,-1.87032161385226,6.));
#5269=CARTESIAN_POINT('Origin',(19.99,1.,6.));
#5270=CARTESIAN_POINT('',(15.0560843155557,-1.90298283703645,6.));
#5271=CARTESIAN_POINT('Origin',(15.4865438674288,-2.15735377523749,6.));
#5272=CARTESIAN_POINT('',(13.863434349692,-3.66666861511999,6.));
#5273=CARTESIAN_POINT('Origin',(-0.0099999999999989,7.,6.));
#5274=CARTESIAN_POINT('',(14.3306522321715,-4.46638768300918,6.));
#5275=CARTESIAN_POINT('Origin',(14.2598181882546,-3.971430575552,6.));
#5276=CARTESIAN_POINT('',(16.5413529354691,-4.82566228676781,6.));
#5277=CARTESIAN_POINT('Origin',(14.8619075615495,-8.178565988946,6.));
#5278=CARTESIAN_POINT('',(18.9982828010551,-6.0146579510186,6.));
#5279=CARTESIAN_POINT('Origin',(61.3265629065645,84.5851031044584,6.));
#5280=CARTESIAN_POINT('',(19.575,-6.92065556157337,6.));
#5281=CARTESIAN_POINT('Origin',(18.575,-6.92065556157337,6.));
#5282=CARTESIAN_POINT('',(19.575,-13.7201179026952,6.));
#5283=CARTESIAN_POINT('',(19.575,-3.46032778078669,6.));
#5284=CARTESIAN_POINT('',(26.575,-13.7201179026952,6.));
#5285=CARTESIAN_POINT('',(9.32,-13.7201179026952,6.));
#5286=CARTESIAN_POINT('',(26.575,22.5866849669333,6.));
#5287=CARTESIAN_POINT('',(26.575,21.,6.));
#5288=CARTESIAN_POINT('',(19.575,22.5866849669333,6.));
#5289=CARTESIAN_POINT('',(10.7875,22.5866849669333,6.));
#5290=CARTESIAN_POINT('',(19.575,20.9168847943342,6.));
#5291=CARTESIAN_POINT('',(19.575,13.25,6.));
#5292=CARTESIAN_POINT('',(18.2399903323452,19.9746701040551,6.));
#5293=CARTESIAN_POINT('Origin',(18.575,20.9168847943342,6.));
#5294=CARTESIAN_POINT('',(2.53747881641013,25.5577853097208,6.));
#5295=CARTESIAN_POINT('',(13.2960582963786,21.7325126057321,6.));
#5296=CARTESIAN_POINT('',(2.87248848406494,27.5,6.));
#5297=CARTESIAN_POINT('Origin',(2.87248848406494,26.5,6.));
#5298=CARTESIAN_POINT('',(18.575,27.5,6.));
#5299=CARTESIAN_POINT('',(1.43624424203247,27.5,6.));
#5300=CARTESIAN_POINT('',(19.4100688703138,27.0501454188056,6.));
#5301=CARTESIAN_POINT('Origin',(18.575,26.5,6.));
#5302=CARTESIAN_POINT('',(19.4100688703138,29.5,6.));
#5303=CARTESIAN_POINT('',(19.4100688703138,14.75,6.));
#5304=CARTESIAN_POINT('',(-19.4100688703138,29.5,6.));
#5305=CARTESIAN_POINT('',(-26.575,29.5,6.));
#5306=CARTESIAN_POINT('',(-19.4100688703138,27.0501454188056,6.));
#5307=CARTESIAN_POINT('',(-19.4100688703138,18.,6.));
#5308=CARTESIAN_POINT('',(-18.575,27.5,6.));
#5309=CARTESIAN_POINT('Origin',(-18.575,26.5,6.));
#5310=CARTESIAN_POINT('',(-2.87248848406484,27.5,6.));
#5311=CARTESIAN_POINT('',(-9.2875,27.5,6.));
#5312=CARTESIAN_POINT('',(-2.53747881641004,25.5577853097209,6.));
#5313=CARTESIAN_POINT('Origin',(-2.87248848406484,26.5,6.));
#5314=CARTESIAN_POINT('',(-18.2399903323452,19.974670104055,6.));
#5315=CARTESIAN_POINT('',(-5.44480253841107,24.5240702085649,6.));
#5316=CARTESIAN_POINT('',(-19.575,20.9168847943342,6.));
#5317=CARTESIAN_POINT('Origin',(-18.575,20.9168847943342,6.));
#5318=CARTESIAN_POINT('',(-19.575,22.5866849669333,6.));
#5319=CARTESIAN_POINT('',(-19.575,10.4584423971671,6.));
#5320=CARTESIAN_POINT('',(-26.575,22.5866849669333,6.));
#5321=CARTESIAN_POINT('',(-9.32,22.5866849669333,6.));
#5322=CARTESIAN_POINT('',(-26.575,-13.7201179026952,6.));
#5323=CARTESIAN_POINT('',(-26.575,21.,6.));
#5324=CARTESIAN_POINT('',(-19.575,-13.7201179026952,6.));
#5325=CARTESIAN_POINT('',(-10.7875,-13.7201179026952,6.));
#5326=CARTESIAN_POINT('',(-19.575,-6.92065556157337,6.));
#5327=CARTESIAN_POINT('',(-19.575,-9.,6.));
#5328=CARTESIAN_POINT('',(-19.0012442732816,-6.01604745886,6.));
#5329=CARTESIAN_POINT('Origin',(-18.575,-6.92065556157337,6.));
#5330=CARTESIAN_POINT('',(-16.5714342436011,-4.83074164481379,6.));
#5331=CARTESIAN_POINT('Origin',(-61.6256716014382,84.4447628124762,6.));
#5332=CARTESIAN_POINT('',(-14.3506467787972,-4.46639450337149,6.));
#5333=CARTESIAN_POINT('Origin',(-14.8819003426819,-8.17857306196283,6.));
#5334=CARTESIAN_POINT('',(-13.8834292766604,-3.66667521327535,6.));
#5335=CARTESIAN_POINT('Origin',(-14.2798129702792,-3.97143736222608,6.));
#5336=CARTESIAN_POINT('',(-15.0760843155557,-1.90298283703645,6.));
#5337=CARTESIAN_POINT('Origin',(-0.0099999999999989,7.,6.));
#5338=CARTESIAN_POINT('',(-15.9159489703898,-1.87032161385226,6.));
#5339=CARTESIAN_POINT('Origin',(-15.5065438674288,-2.15735377523749,6.));
#5340=CARTESIAN_POINT('',(-18.1720243407028,5.64992962052449,6.));
#5341=CARTESIAN_POINT('Origin',(-20.01,1.,6.));
#5342=CARTESIAN_POINT('',(-17.4888315865849,6.13950806639425,6.));
#5343=CARTESIAN_POINT('Origin',(-17.9882267747731,6.11492258257694,6.));
#5344=CARTESIAN_POINT('',(-17.4888315865849,7.86049193360575,6.));
#5345=CARTESIAN_POINT('Origin',(-0.0099999999999989,7.,6.));
#5346=CARTESIAN_POINT('Origin',(-17.9882267747731,7.88507741742306,6.));
#5347=CARTESIAN_POINT('Origin',(-17.9882267747731,7.88507741742306,3.5));
#5348=CARTESIAN_POINT('',(-17.4888315865849,7.86049193360575,1.));
#5349=CARTESIAN_POINT('',(-17.4888315865849,7.86049193360575,3.5));
#5350=CARTESIAN_POINT('Origin',(-17.9882267747731,7.88507741742306,1.));
#5351=CARTESIAN_POINT('Origin',(-0.0099999999999989,7.,6.));
#5352=CARTESIAN_POINT('',(-17.4888315865849,6.13950806639425,1.));
#5353=CARTESIAN_POINT('',(-17.4888315865849,6.13950806639425,3.5));
#5354=CARTESIAN_POINT('Origin',(-0.0099999999999989,7.,1.));
#5355=CARTESIAN_POINT('Origin',(-17.9882267747731,6.11492258257694,3.5));
#5356=CARTESIAN_POINT('',(-18.1720243407028,5.64992962052449,1.));
#5357=CARTESIAN_POINT('',(-18.1720243407028,5.64992962052449,3.5));
#5358=CARTESIAN_POINT('Origin',(-17.9882267747731,6.11492258257694,1.));
#5359=CARTESIAN_POINT('Origin',(-20.01,1.,3.5));
#5360=CARTESIAN_POINT('',(-15.9159489703898,-1.87032161385226,1.));
#5361=CARTESIAN_POINT('',(-15.9159489703898,-1.87032161385226,3.5));
#5362=CARTESIAN_POINT('Origin',(-20.01,1.,1.));
#5363=CARTESIAN_POINT('Origin',(-15.5065438674288,-2.15735377523749,3.5));
#5364=CARTESIAN_POINT('',(-15.0760843155557,-1.90298283703645,1.));
#5365=CARTESIAN_POINT('',(-15.0760843155557,-1.90298283703645,3.5));
#5366=CARTESIAN_POINT('Origin',(-15.5065438674288,-2.15735377523749,1.));
#5367=CARTESIAN_POINT('Origin',(-0.0099999999999989,7.,6.));
#5368=CARTESIAN_POINT('',(-13.8834292766604,-3.66667521327535,1.));
#5369=CARTESIAN_POINT('',(-13.8834292766604,-3.66667521327535,6.));
#5370=CARTESIAN_POINT('Origin',(-0.0099999999999989,7.,1.));
#5371=CARTESIAN_POINT('Origin',(-14.2798129702792,-3.97143736222608,6.));
#5372=CARTESIAN_POINT('',(-14.3506467787972,-4.46639450337149,1.));
#5373=CARTESIAN_POINT('',(-14.3506467787972,-4.46639450337149,6.));
#5374=CARTESIAN_POINT('Origin',(-14.2798129702792,-3.97143736222608,1.));
#5375=CARTESIAN_POINT('Origin',(14.2598181882546,-3.971430575552,6.));
#5376=CARTESIAN_POINT('',(13.863434349692,-3.66666861511999,1.));
#5377=CARTESIAN_POINT('',(13.863434349692,-3.66666861511999,6.));
#5378=CARTESIAN_POINT('',(14.3306522321715,-4.46638768300918,1.));
#5379=CARTESIAN_POINT('Origin',(14.2598181882546,-3.971430575552,1.));
#5380=CARTESIAN_POINT('',(14.3306522321715,-4.46638768300918,6.));
#5381=CARTESIAN_POINT('Origin',(14.8619075615495,-8.178565988946,6.));
#5382=CARTESIAN_POINT('',(12.2374532859811,-5.49999552030763,1.));
#5383=CARTESIAN_POINT('Origin',(14.8619075615495,-8.178565988946,1.));
#5384=CARTESIAN_POINT('',(12.2374487138547,-5.50000000005996,0.));
#5385=CARTESIAN_POINT('',(12.2374487138547,-5.50000000005996,6.));
#5386=CARTESIAN_POINT('',(16.5413529354691,-4.82566228676781,0.));
#5387=CARTESIAN_POINT('Origin',(14.8619075615495,-8.178565988946,0.));
#5388=CARTESIAN_POINT('',(16.5413529354692,-4.82566228676779,6.));
#5389=CARTESIAN_POINT('Origin',(15.4865438674288,-2.15735377523749,3.5));
#5390=CARTESIAN_POINT('',(15.8959489703898,-1.87032161385226,1.));
#5391=CARTESIAN_POINT('',(15.8959489703898,-1.87032161385226,3.5));
#5392=CARTESIAN_POINT('',(15.0560843155557,-1.90298283703645,1.));
#5393=CARTESIAN_POINT('Origin',(15.4865438674288,-2.15735377523749,1.));
#5394=CARTESIAN_POINT('',(15.0560843155557,-1.90298283703645,3.5));
#5395=CARTESIAN_POINT('Origin',(-0.0099999999999989,7.,6.));
#5396=CARTESIAN_POINT('Origin',(-0.0099999999999989,7.,1.));
#5397=CARTESIAN_POINT('Origin',(17.9682267747731,6.11492258257694,3.5));
#5398=CARTESIAN_POINT('',(17.4688315865849,6.13950806639425,1.));
#5399=CARTESIAN_POINT('',(17.4688315865849,6.13950806639425,3.5));
#5400=CARTESIAN_POINT('',(18.1520243407028,5.64992962052449,1.));
#5401=CARTESIAN_POINT('Origin',(17.9682267747731,6.11492258257694,1.));
#5402=CARTESIAN_POINT('',(18.1520243407028,5.64992962052449,3.5));
#5403=CARTESIAN_POINT('Origin',(19.99,1.,3.5));
#5404=CARTESIAN_POINT('Origin',(19.99,1.,1.));
#5405=CARTESIAN_POINT('Origin',(17.9682267747731,7.88507741742306,3.5));
#5406=CARTESIAN_POINT('',(18.1520243407028,8.35007037947551,1.));
#5407=CARTESIAN_POINT('',(18.1520243407028,8.35007037947551,3.5));
#5408=CARTESIAN_POINT('',(17.4688315865849,7.86049193360575,1.));
#5409=CARTESIAN_POINT('Origin',(17.9682267747731,7.88507741742306,1.));
#5410=CARTESIAN_POINT('',(17.4688315865849,7.86049193360575,3.5));
#5411=CARTESIAN_POINT('Origin',(-0.0099999999999989,7.,6.));
#5412=CARTESIAN_POINT('Origin',(-0.0099999999999989,7.,1.));
#5413=CARTESIAN_POINT('Origin',(15.4865438674288,16.1573537752375,3.5));
#5414=CARTESIAN_POINT('',(15.0560843155557,15.9029828370365,1.));
#5415=CARTESIAN_POINT('',(15.0560843155557,15.9029828370365,3.5));
#5416=CARTESIAN_POINT('',(15.8959489703898,15.8703216138523,1.));
#5417=CARTESIAN_POINT('Origin',(15.4865438674288,16.1573537752375,1.));
#5418=CARTESIAN_POINT('',(15.8959489703898,15.8703216138523,3.5));
#5419=CARTESIAN_POINT('Origin',(19.99,13.,3.5));
#5420=CARTESIAN_POINT('Origin',(19.99,13.,1.));
#5421=CARTESIAN_POINT('Origin',(-0.0099999999999989,7.,6.));
#5422=CARTESIAN_POINT('Origin',(-0.0099999999999989,7.,1.));
#5423=CARTESIAN_POINT('Ctrl Pts',(-19.4100688703138,-24.5,6.));
#5424=CARTESIAN_POINT('Ctrl Pts',(-19.4127228116458,-24.5008971959236,6.));
#5425=CARTESIAN_POINT('Ctrl Pts',(-19.4153792785135,-24.5017961141208,5.99999973324514));
#5426=CARTESIAN_POINT('Ctrl Pts',(-20.2118660348188,-24.7706838056071,6.00136011397316));
#5427=CARTESIAN_POINT('Ctrl Pts',(-21.2962888959472,-25.1408066593018,6.14048151989541));
#5428=CARTESIAN_POINT('Ctrl Pts',(-22.3661797437881,-25.4466885647362,6.6140838149987));
#5429=CARTESIAN_POINT('Ctrl Pts',(-22.6650476668898,-25.5,6.86701231267857));
#5430=CARTESIAN_POINT('Ctrl Pts',(-22.7641708365635,-25.5,7.));
#5431=CARTESIAN_POINT('Ctrl Pts',(-19.4100688703138,-24.5,6.));
#5432=CARTESIAN_POINT('Ctrl Pts',(-19.4124997149774,-24.5011591882687,5.99986626320539));
#5433=CARTESIAN_POINT('Ctrl Pts',(-19.4149525382146,-24.5023028829897,6.00013185568547));
#5434=CARTESIAN_POINT('Ctrl Pts',(-20.1457010627438,-24.8489447597496,5.99330915668067));
#5435=CARTESIAN_POINT('Ctrl Pts',(-21.1444433517814,-25.3205285050843,6.25075914715444));
#5436=CARTESIAN_POINT('Ctrl Pts',(-22.0339573742981,-25.528569477568,6.824459862632));
#5437=CARTESIAN_POINT('Ctrl Pts',(-22.2580742094622,-25.5169048433819,7.03532660181102));
#5438=CARTESIAN_POINT('Ctrl Pts',(-22.3340801387447,-25.5,7.1282282715751));
#5439=CARTESIAN_POINT('Ctrl Pts',(-19.4100688703138,-24.5,6.));
#5440=CARTESIAN_POINT('Ctrl Pts',(-19.4121010667358,-24.5015967619162,5.99982760502034));
#5441=CARTESIAN_POINT('Ctrl Pts',(-19.4142124426833,-24.5032130051819,6.00017280527609));
#5442=CARTESIAN_POINT('Ctrl Pts',(-20.030498097327,-24.9827923946676,5.9904330366406));
#5443=CARTESIAN_POINT('Ctrl Pts',(-20.8773475589293,-25.6466218144725,6.34126399984431));
#5444=CARTESIAN_POINT('Ctrl Pts',(-21.4557813264139,-25.9330266709697,7.06510834118108));
#5445=CARTESIAN_POINT('Ctrl Pts',(-21.552717376242,-25.9038140509471,7.2764415030708));
#5446=CARTESIAN_POINT('Ctrl Pts',(-21.5895855398224,-25.8767954726864,7.35019367585133));
#5447=CARTESIAN_POINT('Ctrl Pts',(-19.4100688703138,-24.5,6.));
#5448=CARTESIAN_POINT('Ctrl Pts',(-19.4117440905282,-24.5020563521231,5.9999037859691));
#5449=CARTESIAN_POINT('Ctrl Pts',(-19.4134318349388,-24.5041005023378,6.00009449843385));
#5450=CARTESIAN_POINT('Ctrl Pts',(-19.9174135731472,-25.1186559175217,5.99612012645175));
#5451=CARTESIAN_POINT('Ctrl Pts',(-20.6030378527089,-25.9654550680768,6.26426730383463));
#5452=CARTESIAN_POINT('Ctrl Pts',(-21.1551270035448,-26.5867746452306,6.97084514364356));
#5453=CARTESIAN_POINT('Ctrl Pts',(-21.2823174316276,-26.6715084001114,7.2801361841947));
#5454=CARTESIAN_POINT('Ctrl Pts',(-21.3266985653137,-26.6634007871154,7.42857142857143));
#5455=CARTESIAN_POINT('Ctrl Pts',(-19.4100688703138,-24.5,6.));
#5456=CARTESIAN_POINT('Ctrl Pts',(-19.4115854082176,-24.5022429898088,6.));
#5457=CARTESIAN_POINT('Ctrl Pts',(-19.4131033892851,-24.5044902853021,5.99999961892163));
#5458=CARTESIAN_POINT('Ctrl Pts',(-19.8682386786027,-25.1767095140188,6.00194301996163));
#5459=CARTESIAN_POINT('Ctrl Pts',(-20.4879088849615,-26.1020166482545,6.20068788556476));
#5460=CARTESIAN_POINT('Ctrl Pts',(-21.0992750837278,-26.8667214118408,6.87726259285525));
#5461=CARTESIAN_POINT('Ctrl Pts',(-21.2700567540715,-27.,7.23858901811209));
#5462=CARTESIAN_POINT('Ctrl Pts',(-21.3266985653137,-27.,7.42857142857143));
#5463=CARTESIAN_POINT('',(-22.7641708365635,-25.5,7.));
#5464=CARTESIAN_POINT('',(-21.3266985653137,-27.,7.42857142857143));
#5465=CARTESIAN_POINT('Origin',(-22.7641708365635,-27.,7.));
#5466=CARTESIAN_POINT('',(-19.4100688703138,-24.5,6.));
#5467=CARTESIAN_POINT('Ctrl Pts',(-21.3266985653137,-27.,7.42857142857143));
#5468=CARTESIAN_POINT('Ctrl Pts',(-21.2700567540715,-27.,7.23858901811209));
#5469=CARTESIAN_POINT('Ctrl Pts',(-21.0992750837278,-26.8667214118408,6.87726259285525));
#5470=CARTESIAN_POINT('Ctrl Pts',(-20.4879088849615,-26.1020166482545,6.20068788556476));
#5471=CARTESIAN_POINT('Ctrl Pts',(-19.8682386786027,-25.1767095140188,6.00194301996163));
#5472=CARTESIAN_POINT('Ctrl Pts',(-19.4131033892851,-24.5044902853021,5.99999961892163));
#5473=CARTESIAN_POINT('Ctrl Pts',(-19.4115854082176,-24.5022429898088,6.));
#5474=CARTESIAN_POINT('Ctrl Pts',(-19.4100688703138,-24.5,6.));
#5475=CARTESIAN_POINT('Ctrl Pts',(-19.4100688703138,-24.5,6.));
#5476=CARTESIAN_POINT('Ctrl Pts',(-19.4127228116458,-24.5008971959236,6.));
#5477=CARTESIAN_POINT('Ctrl Pts',(-19.4153792785135,-24.5017961141208,5.99999973324514));
#5478=CARTESIAN_POINT('Ctrl Pts',(-20.2118660348188,-24.7706838056071,6.00136011397316));
#5479=CARTESIAN_POINT('Ctrl Pts',(-21.2962888959472,-25.1408066593018,6.14048151989541));
#5480=CARTESIAN_POINT('Ctrl Pts',(-22.3661797437881,-25.4466885647362,6.6140838149987));
#5481=CARTESIAN_POINT('Ctrl Pts',(-22.6650476668898,-25.5,6.86701231267857));
#5482=CARTESIAN_POINT('Ctrl Pts',(-22.7641708365635,-25.5,7.));
#5483=CARTESIAN_POINT('Origin',(-19.4100688703138,-27.,8.));
#5484=CARTESIAN_POINT('',(-22.8991089562244,-25.5,8.27676574735534));
#5485=CARTESIAN_POINT('',(-21.4038060622627,-27.,8.15815185563162));
#5486=CARTESIAN_POINT('Origin',(-22.8991089562244,-27.,8.27676574735534));
#5487=CARTESIAN_POINT('Origin',(-19.4100688703138,-27.,8.));
#5488=CARTESIAN_POINT('Origin',(-19.4100688703138,-25.5,8.));
#5489=CARTESIAN_POINT('Origin',(-22.8743291928063,-27.,8.5891511805645));
#5490=CARTESIAN_POINT('',(-20.2814062535217,-25.5,41.2767657473553));
#5491=CARTESIAN_POINT('',(-18.78610335956,-27.,41.1581518556316));
#5492=CARTESIAN_POINT('Origin',(-20.2814062535217,-27.,41.2767657473553));
#5493=CARTESIAN_POINT('',(-21.3790262988447,-27.,8.47053728884079));
#5494=CARTESIAN_POINT('',(-22.8743291928063,-25.5,8.5891511805645));
#5495=CARTESIAN_POINT('Origin',(-16.7923661676111,-27.,41.));
#5496=CARTESIAN_POINT('',(-20.2564677827489,-25.5,41.5));
#5497=CARTESIAN_POINT('',(-18.7718528048327,-27.,41.2857142857143));
#5498=CARTESIAN_POINT('Origin',(-20.2564677827489,-27.,41.5));
#5499=CARTESIAN_POINT('Origin',(-16.7923661676111,-27.,41.));
#5500=CARTESIAN_POINT('Origin',(-16.7923661676111,-25.5,41.));
#5501=CARTESIAN_POINT('Ctrl Pts',(-20.2564677827489,-25.5,41.5));
#5502=CARTESIAN_POINT('Ctrl Pts',(-20.2213950068319,-25.5,41.6214956597015));
#5503=CARTESIAN_POINT('Ctrl Pts',(-20.099499880942,-25.4701987414364,41.8602562983713));
#5504=CARTESIAN_POINT('Ctrl Pts',(-19.6808287207893,-25.311114025734,42.2841786463737));
#5505=CARTESIAN_POINT('Ctrl Pts',(-18.7886480910884,-24.9212887119277,42.7542947174264));
#5506=CARTESIAN_POINT('Ctrl Pts',(-17.905153995182,-24.5145440679584,42.9316997810095));
#5507=CARTESIAN_POINT('Ctrl Pts',(-17.3641107963264,-24.2645171577549,42.9764926932611));
#5508=CARTESIAN_POINT('Ctrl Pts',(-19.8122720200793,-25.5,41.4358858642125));
#5509=CARTESIAN_POINT('Ctrl Pts',(-19.7850616422993,-25.5053545694333,41.5261718001054));
#5510=CARTESIAN_POINT('Ctrl Pts',(-19.6951035466865,-25.5019332626244,41.7101929130065));
#5511=CARTESIAN_POINT('Ctrl Pts',(-19.3725777315412,-25.4176795829171,42.1028867047419));
#5512=CARTESIAN_POINT('Ctrl Pts',(-18.6186766993795,-25.0800442404554,42.6573761728928));
#5513=CARTESIAN_POINT('Ctrl Pts',(-17.8125581350487,-24.6087779686513,42.9061716620098));
#5514=CARTESIAN_POINT('Ctrl Pts',(-17.3169829849257,-24.3139223450854,42.9676416371125));
#5515=CARTESIAN_POINT('Ctrl Pts',(-19.0431641348829,-25.8764958708121,41.324874703074));
#5516=CARTESIAN_POINT('Ctrl Pts',(-19.0290356377978,-25.8847555401427,41.3931752133218));
#5517=CARTESIAN_POINT('Ctrl Pts',(-18.9924250587038,-25.8888546719883,41.5409625381096));
#5518=CARTESIAN_POINT('Ctrl Pts',(-18.8314599412908,-25.8008529364218,41.9304075388114));
#5519=CARTESIAN_POINT('Ctrl Pts',(-18.3168250145448,-25.380271526203,42.5774829102994));
#5520=CARTESIAN_POINT('Ctrl Pts',(-17.6505199568119,-24.7793303925347,42.885035976944));
#5521=CARTESIAN_POINT('Ctrl Pts',(-17.2345098010073,-24.401846246858,42.960331638414));
#5522=CARTESIAN_POINT('Ctrl Pts',(-18.7718528048327,-26.6634007871154,41.2857142857143));
#5523=CARTESIAN_POINT('Ctrl Pts',(-18.7557115368776,-26.6658537780362,41.397852045686));
#5524=CARTESIAN_POINT('Ctrl Pts',(-18.7050640892813,-26.6252589039293,41.6234993660596));
#5525=CARTESIAN_POINT('Ctrl Pts',(-18.5175268491202,-26.3757560165517,42.0725452163907));
#5526=CARTESIAN_POINT('Ctrl Pts',(-18.0424048555827,-25.7035812800054,42.656577990621));
#5527=CARTESIAN_POINT('Ctrl Pts',(-17.4937525018868,-24.9541612790714,42.9055692744752));
#5528=CARTESIAN_POINT('Ctrl Pts',(-17.1534019673663,-24.4908779434698,42.9674510489483));
#5529=CARTESIAN_POINT('Ctrl Pts',(-18.7718528048327,-27.,41.2857142857143));
#5530=CARTESIAN_POINT('Ctrl Pts',(-18.7518112185945,-27.,41.4245664682297));
#5531=CARTESIAN_POINT('Ctrl Pts',(-18.6821568609431,-26.9403974828728,41.6974357695669));
#5532=CARTESIAN_POINT('Ctrl Pts',(-18.4429161979987,-26.6222280514681,42.1819184529981));
#5533=CARTESIAN_POINT('Ctrl Pts',(-17.9330986953124,-25.8425774238553,42.7191939627729));
#5534=CARTESIAN_POINT('Ctrl Pts',(-17.428244926223,-25.0290881359168,42.921942606868));
#5535=CARTESIAN_POINT('Ctrl Pts',(-17.1190773840199,-24.5290343155098,42.9731345065841));
#5536=CARTESIAN_POINT('',(-17.3641107963264,-24.2645171577549,42.9764926932611));
#5537=CARTESIAN_POINT('',(-17.1742122232084,-24.6181825534331,42.9632100218328));
#5538=CARTESIAN_POINT('Ctrl Pts',(-17.3641107963265,-24.2645171577549,42.9764926932611));
#5539=CARTESIAN_POINT('Ctrl Pts',(-17.3548825722104,-24.2868250686327,42.9724961782713));
#5540=CARTESIAN_POINT('Ctrl Pts',(-17.345211351193,-24.309036327207,42.9690247759339));
#5541=CARTESIAN_POINT('Ctrl Pts',(-17.3351258603041,-24.3311069075753,42.9661105907814));
#5542=CARTESIAN_POINT('Ctrl Pts',(-17.3245191330782,-24.3543181352946,42.9630457952905));
#5543=CARTESIAN_POINT('Ctrl Pts',(-17.3134539373418,-24.3773736422944,42.9605964788757));
#5544=CARTESIAN_POINT('Ctrl Pts',(-17.3019211547725,-24.4002624567035,42.9587965724493));
#5545=CARTESIAN_POINT('Ctrl Pts',(-17.2962096529501,-24.4115979262161,42.9579051857633));
#5546=CARTESIAN_POINT('Ctrl Pts',(-17.2903828559281,-24.4228931307984,42.957173106142));
#5547=CARTESIAN_POINT('Ctrl Pts',(-17.2844365000654,-24.4341500638972,42.9566051364541));
#5548=CARTESIAN_POINT('Ctrl Pts',(-17.2798307726236,-24.4428690788503,42.9561652176806));
#5549=CARTESIAN_POINT('Ctrl Pts',(-17.2751601796054,-24.4515524681735,42.9558244265386));
#5550=CARTESIAN_POINT('Ctrl Pts',(-17.2704269441975,-24.4601980180523,42.9555842576138));
#5551=CARTESIAN_POINT('Ctrl Pts',(-17.2565046045723,-24.4856280402858,42.9548778246878));
#5552=CARTESIAN_POINT('Ctrl Pts',(-17.2420431898905,-24.5107279920368,42.9550419134585));
#5553=CARTESIAN_POINT('Ctrl Pts',(-17.2270693669227,-24.5354678715127,42.9561066300463));
#5554=CARTESIAN_POINT('Ctrl Pts',(-17.2101060330318,-24.5634948380981,42.9573128111943));
#5555=CARTESIAN_POINT('Ctrl Pts',(-17.1924841964203,-24.5910605845742,42.9596735344563));
#5556=CARTESIAN_POINT('Ctrl Pts',(-17.1741969371429,-24.6181639982306,42.9632438694016));
#5557=CARTESIAN_POINT('Ctrl Pts',(-17.174212341476,-24.6181889006879,42.9632408898337));
#5558=CARTESIAN_POINT('Ctrl Pts',(-17.4642023713384,-25.086983212638,42.9071487129673));
#5559=CARTESIAN_POINT('Ctrl Pts',(-17.9482712047198,-25.8657803472928,42.7032042847342));
#5560=CARTESIAN_POINT('Ctrl Pts',(-18.4429161979987,-26.6222280514681,42.1819184529981));
#5561=CARTESIAN_POINT('Ctrl Pts',(-18.6821568609431,-26.9403974828728,41.6974357695669));
#5562=CARTESIAN_POINT('Ctrl Pts',(-18.7518112185945,-27.,41.4245664682297));
#5563=CARTESIAN_POINT('Ctrl Pts',(-18.7718528048327,-27.,41.2857142857143));
#5564=CARTESIAN_POINT('Ctrl Pts',(-20.2564677827489,-25.5,41.5));
#5565=CARTESIAN_POINT('Ctrl Pts',(-20.2213950068319,-25.5,41.6214956597015));
#5566=CARTESIAN_POINT('Ctrl Pts',(-20.099499880942,-25.4701987414364,41.8602562983713));
#5567=CARTESIAN_POINT('Ctrl Pts',(-19.6808287207893,-25.311114025734,42.2841786463737));
#5568=CARTESIAN_POINT('Ctrl Pts',(-18.7886480910884,-24.9212887119277,42.7542947174264));
#5569=CARTESIAN_POINT('Ctrl Pts',(-17.905153995182,-24.5145440679584,42.9316997810095));
#5570=CARTESIAN_POINT('Ctrl Pts',(-17.3641107963264,-24.2645171577549,42.9764926932611));
#5571=CARTESIAN_POINT('Origin',(-15.516,-23.5,49.));
#5572=CARTESIAN_POINT('',(-17.4524916731037,-24.,43.));
#5573=CARTESIAN_POINT('Ctrl Pts',(-17.3641107963264,-24.2645171577549,42.9764926932611));
#5574=CARTESIAN_POINT('Ctrl Pts',(-17.3999743291598,-24.1778222006158,42.9920242998574));
#5575=CARTESIAN_POINT('Ctrl Pts',(-17.4295760174084,-24.0887519528754,43.));
#5576=CARTESIAN_POINT('Ctrl Pts',(-17.4524916731037,-24.,43.));
#5577=CARTESIAN_POINT('',(-17.516,-23.5,43.));
#5578=CARTESIAN_POINT('Origin',(-15.516,-23.5,43.));
#5579=CARTESIAN_POINT('',(-17.516,-23.5,49.));
#5580=CARTESIAN_POINT('',(-15.516,-25.5,43.));
#5581=CARTESIAN_POINT('',(-15.516,-25.5,49.));
#5582=CARTESIAN_POINT('',(-16.7923661676111,-25.0397692704356,43.));
#5583=CARTESIAN_POINT('Origin',(-15.516,-23.5,43.));
#5584=CARTESIAN_POINT('Ctrl Pts',(-17.1742122232085,-24.6181825534331,42.9632100218328));
#5585=CARTESIAN_POINT('Ctrl Pts',(-17.0671760713987,-24.7769121407542,42.9840286463917));
#5586=CARTESIAN_POINT('Ctrl Pts',(-16.9373403829858,-24.919595302015,43.));
#5587=CARTESIAN_POINT('Ctrl Pts',(-16.7923661676111,-25.0397692704356,43.));
#5588=CARTESIAN_POINT('Origin',(28.5,-24.,41.5));
#5589=CARTESIAN_POINT('',(-28.4219594594595,-25.5,41.5));
#5590=CARTESIAN_POINT('',(28.5,-25.5,41.5));
#5591=CARTESIAN_POINT('',(-28.5,-24.,43.));
#5592=CARTESIAN_POINT('Origin',(-28.4219594594595,-24.,41.5));
#5593=CARTESIAN_POINT('',(28.5,-24.,43.));
#5594=CARTESIAN_POINT('Origin',(28.5,-25.5,7.));
#5595=CARTESIAN_POINT('',(-26.627027027027,-25.5,7.));
#5596=CARTESIAN_POINT('',(28.5,-25.5,7.));
#5597=CARTESIAN_POINT('',(-26.5266056849862,-25.5,5.06982355557842));
#5598=CARTESIAN_POINT('Origin',(28.5,-24.5,7.));
#5599=CARTESIAN_POINT('',(-26.575,-24.5,6.));
#5600=CARTESIAN_POINT('',(28.5,-24.5,6.));
#5601=CARTESIAN_POINT('Origin',(-26.627027027027,-24.5,7.));
#5602=CARTESIAN_POINT('Ctrl Pts',(17.3641107963265,-24.2645171577549,42.9764926932611));
#5603=CARTESIAN_POINT('Ctrl Pts',(17.7248062622301,-24.4312017645572,42.94663075176));
#5604=CARTESIAN_POINT('Ctrl Pts',(18.4349992462978,-24.7582735541824,42.8294399178357));
#5605=CARTESIAN_POINT('Ctrl Pts',(19.4088937215064,-25.1960295345868,42.4703615420882));
#5606=CARTESIAN_POINT('Ctrl Pts',(19.9746195347783,-25.4288297104245,42.0302239625141));
#5607=CARTESIAN_POINT('Ctrl Pts',(20.190858230015,-25.4925482261526,41.6812481530273));
#5608=CARTESIAN_POINT('Ctrl Pts',(20.2389313947904,-25.5,41.5607478298507));
#5609=CARTESIAN_POINT('Ctrl Pts',(20.2564677827489,-25.5,41.5));
#5610=CARTESIAN_POINT('Ctrl Pts',(17.3169829849257,-24.3139223450853,42.9676416371125));
#5611=CARTESIAN_POINT('Ctrl Pts',(17.6473664183411,-24.510492760796,42.9266616537107));
#5612=CARTESIAN_POINT('Ctrl Pts',(18.2948989564745,-24.8904902136418,42.7679549905664));
#5613=CARTESIAN_POINT('Ctrl Pts',(19.1525382406884,-25.3354079701664,42.3074326868549));
#5614=CARTESIAN_POINT('Ctrl Pts',(19.6014920091871,-25.486432673453,41.8530903310337));
#5615=CARTESIAN_POINT('Ctrl Pts',(19.762130881126,-25.5038903235688,41.5723556597295));
#5616=CARTESIAN_POINT('Ctrl Pts',(19.7986668311893,-25.5026772847166,41.481028832159));
#5617=CARTESIAN_POINT('Ctrl Pts',(19.8122720200793,-25.5,41.4358858642124));
#5618=CARTESIAN_POINT('Ctrl Pts',(17.2345098010073,-24.401846246858,42.960331638414));
#5619=CARTESIAN_POINT('Ctrl Pts',(17.5118499048771,-24.6535023439758,42.9101345307674));
#5620=CARTESIAN_POINT('Ctrl Pts',(18.0473788632758,-25.1367566838509,42.7166448293133));
#5621=CARTESIAN_POINT('Ctrl Pts',(18.701717459359,-25.7047597646185,42.1612285803512));
#5622=CARTESIAN_POINT('Ctrl Pts',(18.950767927667,-25.8761017520378,41.6693999847761));
#5623=CARTESIAN_POINT('Ctrl Pts',(19.0189601064283,-25.8848796443689,41.4303406023644));
#5624=CARTESIAN_POINT('Ctrl Pts',(19.0360998863403,-25.8806257054774,41.3590249581982));
#5625=CARTESIAN_POINT('Ctrl Pts',(19.0431641348829,-25.8764958708121,41.324874703074));
#5626=CARTESIAN_POINT('Ctrl Pts',(17.1534019673663,-24.4908779434698,42.9674510489483));
#5627=CARTESIAN_POINT('Ctrl Pts',(17.3803023237133,-24.7997335005375,42.9261965326329));
#5628=CARTESIAN_POINT('Ctrl Pts',(17.8221526578351,-25.4024404904333,42.7657506725343));
#5629=CARTESIAN_POINT('Ctrl Pts',(18.3849171091875,-26.185760885632,42.2930296939841));
#5630=CARTESIAN_POINT('Ctrl Pts',(18.6517504810715,-26.5633717203543,41.7929150186595));
#5631=CARTESIAN_POINT('Ctrl Pts',(18.7426359045772,-26.6554427635769,41.4544076512985));
#5632=CARTESIAN_POINT('Ctrl Pts',(18.7637821708551,-26.6646272825758,41.3417831657005));
#5633=CARTESIAN_POINT('Ctrl Pts',(18.7718528048327,-26.6634007871154,41.2857142857143));
#5634=CARTESIAN_POINT('Ctrl Pts',(17.1190773840199,-24.5290343155098,42.9731345065841));
#5635=CARTESIAN_POINT('Ctrl Pts',(17.325189078822,-24.8624035291145,42.93900657344));
#5636=CARTESIAN_POINT('Ctrl Pts',(17.7310136411463,-25.5165471083648,42.8050741918123));
#5637=CARTESIAN_POINT('Ctrl Pts',(18.287524769837,-26.3920590691735,42.3946989052437));
#5638=CARTESIAN_POINT('Ctrl Pts',(18.6107966631352,-26.857659420849,41.8916845285877));
#5639=CARTESIAN_POINT('Ctrl Pts',(18.7343616318419,-26.9850964523051,41.4928550320312));
#5640=CARTESIAN_POINT('Ctrl Pts',(18.7618320117136,-27.,41.3551403769723));
#5641=CARTESIAN_POINT('Ctrl Pts',(18.7718528048327,-27.,41.2857142857143));
#5642=CARTESIAN_POINT('',(17.1742122232084,-24.6181825534331,42.9632100218328));
#5643=CARTESIAN_POINT('',(17.3641107963265,-24.2645171577549,42.9764926932611));
#5644=CARTESIAN_POINT('Ctrl Pts',(17.174187751962,-24.6181423871075,42.9632097089794));
#5645=CARTESIAN_POINT('Ctrl Pts',(17.1913966727252,-24.5926251055486,42.9598672048398));
#5646=CARTESIAN_POINT('Ctrl Pts',(17.2080176411266,-24.5666999371538,42.957590332303));
#5647=CARTESIAN_POINT('Ctrl Pts',(17.2240580143732,-24.5403677285149,42.9563338406853));
#5648=CARTESIAN_POINT('Ctrl Pts',(17.2390859764413,-24.5156975150163,42.9551566543394));
#5649=CARTESIAN_POINT('Ctrl Pts',(17.2536052442885,-24.4906690997949,42.9548759894401));
#5650=CARTESIAN_POINT('Ctrl Pts',(17.2675908372152,-24.465309167768,42.9554639640344));
#5651=CARTESIAN_POINT('Ctrl Pts',(17.2685330255542,-24.463600707329,42.9555035749976));
#5652=CARTESIAN_POINT('Ctrl Pts',(17.2694727765718,-24.4618907554983,42.955547128854));
#5653=CARTESIAN_POINT('Ctrl Pts',(17.270410075715,-24.4601793264586,42.9555946170093));
#5654=CARTESIAN_POINT('Ctrl Pts',(17.2751132086421,-24.451591803119,42.9558329007078));
#5655=CARTESIAN_POINT('Ctrl Pts',(17.2797546573712,-24.4429670374131,42.9561702501375));
#5656=CARTESIAN_POINT('Ctrl Pts',(17.2843321500435,-24.4343071067439,42.956605306978));
#5657=CARTESIAN_POINT('Ctrl Pts',(17.2964327653405,-24.4114145546348,42.9577553810113));
#5658=CARTESIAN_POINT('Ctrl Pts',(17.30804110934,-24.3883612935369,42.9595830386785));
#5659=CARTESIAN_POINT('Ctrl Pts',(17.3191834017948,-24.3651385975574,42.9620521645516));
#5660=CARTESIAN_POINT('Ctrl Pts',(17.3297252162004,-24.3431674141581,42.9643882248196));
#5661=CARTESIAN_POINT('Ctrl Pts',(17.3398501516143,-24.321044515749,42.9672993523459));
#5662=CARTESIAN_POINT('Ctrl Pts',(17.349548714901,-24.2987966047584,42.9707560971225));
#5663=CARTESIAN_POINT('Ctrl Pts',(17.3545168789145,-24.287399940377,42.9725268413549));
#5664=CARTESIAN_POINT('Ctrl Pts',(17.3593726095188,-24.275971046141,42.9744407020694));
#5665=CARTESIAN_POINT('Ctrl Pts',(17.3641107963265,-24.2645171577549,42.9764926932611));
#5666=CARTESIAN_POINT('',(20.2564677827489,-25.5,41.5));
#5667=CARTESIAN_POINT('Ctrl Pts',(17.3641107963265,-24.2645171577549,42.9764926932611));
#5668=CARTESIAN_POINT('Ctrl Pts',(17.7248062622301,-24.4312017645572,42.94663075176));
#5669=CARTESIAN_POINT('Ctrl Pts',(18.4349992462978,-24.7582735541824,42.8294399178357));
#5670=CARTESIAN_POINT('Ctrl Pts',(19.4088937215064,-25.1960295345868,42.4703615420882));
#5671=CARTESIAN_POINT('Ctrl Pts',(19.9746195347783,-25.4288297104245,42.0302239625141));
#5672=CARTESIAN_POINT('Ctrl Pts',(20.190858230015,-25.4925482261526,41.6812481530273));
#5673=CARTESIAN_POINT('Ctrl Pts',(20.2389313947904,-25.5,41.5607478298507));
#5674=CARTESIAN_POINT('Ctrl Pts',(20.2564677827489,-25.5,41.5));
#5675=CARTESIAN_POINT('',(18.7718528048327,-27.,41.2857142857143));
#5676=CARTESIAN_POINT('Origin',(20.2564677827489,-27.,41.5));
#5677=CARTESIAN_POINT('Ctrl Pts',(18.7718528048327,-27.,41.2857142857143));
#5678=CARTESIAN_POINT('Ctrl Pts',(18.7618320117136,-27.,41.3551403769723));
#5679=CARTESIAN_POINT('Ctrl Pts',(18.7343616318419,-26.9850964523051,41.4928550320312));
#5680=CARTESIAN_POINT('Ctrl Pts',(18.6107966631352,-26.857659420849,41.8916845285877));
#5681=CARTESIAN_POINT('Ctrl Pts',(18.287524769837,-26.3920590691735,42.3946989052437));
#5682=CARTESIAN_POINT('Ctrl Pts',(17.7475785138754,-25.5426072237083,42.7928591361868));
#5683=CARTESIAN_POINT('Ctrl Pts',(17.3613584738116,-24.9206759267186,42.9267684599129));
#5684=CARTESIAN_POINT('Ctrl Pts',(17.1742122234813,-24.6181819416729,42.9632049446505));
#5685=CARTESIAN_POINT('Origin',(16.7923661676111,-27.,41.));
#5686=CARTESIAN_POINT('',(20.2814062535217,-25.5,41.2767657473553));
#5687=CARTESIAN_POINT('',(18.78610335956,-27.,41.1581518556316));
#5688=CARTESIAN_POINT('Origin',(20.2814062535217,-27.,41.2767657473553));
#5689=CARTESIAN_POINT('Origin',(16.7923661676111,-27.,41.));
#5690=CARTESIAN_POINT('Origin',(16.7923661676111,-25.5,41.));
#5691=CARTESIAN_POINT('Origin',(21.5850397600644,-27.,24.8425443701565));
#5692=CARTESIAN_POINT('',(22.8991089562244,-25.5,8.27676574735533));
#5693=CARTESIAN_POINT('',(21.4038060622627,-27.,8.15815185563162));
#5694=CARTESIAN_POINT('Origin',(22.8991089562244,-27.,8.27676574735533));
#5695=CARTESIAN_POINT('',(20.0897368661027,-27.,24.7239304784327));
#5696=CARTESIAN_POINT('',(21.5850397600644,-25.5,24.8425443701565));
#5697=CARTESIAN_POINT('Origin',(19.4100688703138,-27.,8.));
#5698=CARTESIAN_POINT('',(22.7641708365635,-25.5,7.));
#5699=CARTESIAN_POINT('',(21.3266985653137,-27.,7.42857142857143));
#5700=CARTESIAN_POINT('Origin',(22.7641708365635,-27.,7.));
#5701=CARTESIAN_POINT('Origin',(19.4100688703138,-27.,8.));
#5702=CARTESIAN_POINT('Origin',(19.4100688703138,-25.5,8.));
#5703=CARTESIAN_POINT('Ctrl Pts',(22.7641708365635,-25.5,7.));
#5704=CARTESIAN_POINT('Ctrl Pts',(22.6650476668898,-25.5,6.86701231267855));
#5705=CARTESIAN_POINT('Ctrl Pts',(22.4411649386974,-25.4597970545274,6.67821861294522));
#5706=CARTESIAN_POINT('Ctrl Pts',(22.0447443082667,-25.3546762474902,6.47195180057878));
#5707=CARTESIAN_POINT('Ctrl Pts',(21.7138214835494,-25.2575102810974,6.34083047000177));
#5708=CARTESIAN_POINT('Ctrl Pts',(21.360996836561,-25.1478528803369,6.2333439883452));
#5709=CARTESIAN_POINT('Ctrl Pts',(20.8641426524133,-24.9879267188452,6.11782402176457));
#5710=CARTESIAN_POINT('Ctrl Pts',(20.2176210246069,-24.7729852731217,6.0250427598837));
#5711=CARTESIAN_POINT('Ctrl Pts',(19.6829472675511,-24.5922521403227,6.00022714280312));
#5712=CARTESIAN_POINT('Ctrl Pts',(19.4153771411016,-24.5017945060523,6.00000132882228));
#5713=CARTESIAN_POINT('Ctrl Pts',(19.4127228116459,-24.5008971959231,6.));
#5714=CARTESIAN_POINT('Ctrl Pts',(19.4100688703138,-24.5,6.));
#5715=CARTESIAN_POINT('Ctrl Pts',(22.3340801387447,-25.5,7.12822827157509));
#5716=CARTESIAN_POINT('Ctrl Pts',(22.258359500049,-25.5175831418327,7.03554066825742));
#5717=CARTESIAN_POINT('Ctrl Pts',(22.0901577798366,-25.5254116216193,6.8783791436788));
#5718=CARTESIAN_POINT('Ctrl Pts',(21.7676626012513,-25.4681429667368,6.65255144866889));
#5719=CARTESIAN_POINT('Ctrl Pts',(21.4878731366693,-25.3913708036612,6.49123208835078));
#5720=CARTESIAN_POINT('Ctrl Pts',(21.1807390777751,-25.2860703268255,6.34653452649502));
#5721=CARTESIAN_POINT('Ctrl Pts',(20.7390685956553,-25.1125863574438,6.18146751288663));
#5722=CARTESIAN_POINT('Ctrl Pts',(20.1521381649435,-24.8521339525522,6.03930770878716));
#5723=CARTESIAN_POINT('Ctrl Pts',(19.6607260674395,-24.6187475824771,6.00033645037719));
#5724=CARTESIAN_POINT('Ctrl Pts',(19.4149434450705,-24.5023062952298,6.00000222376031));
#5725=CARTESIAN_POINT('Ctrl Pts',(19.412506163374,-24.5011535376155,6.));
#5726=CARTESIAN_POINT('Ctrl Pts',(19.4100688703138,-24.5,6.));
#5727=CARTESIAN_POINT('Ctrl Pts',(21.5893057921366,-25.8763845822972,7.35027708049692));
#5728=CARTESIAN_POINT('Ctrl Pts',(21.5524378394768,-25.9035073863138,7.27519261057289));
#5729=CARTESIAN_POINT('Ctrl Pts',(21.4788349128748,-25.923820303125,7.11720840140137));
#5730=CARTESIAN_POINT('Ctrl Pts',(21.282109346888,-25.8468446926081,6.84639119109413));
#5731=CARTESIAN_POINT('Ctrl Pts',(21.0907085350235,-25.7404612765779,6.64354603451916));
#5732=CARTESIAN_POINT('Ctrl Pts',(20.8630155992699,-25.5927932097819,6.45658420996316));
#5733=CARTESIAN_POINT('Ctrl Pts',(20.5181964619441,-25.3501681024506,6.24046408406367));
#5734=CARTESIAN_POINT('Ctrl Pts',(20.036025618348,-24.9870233202283,6.05235476216805));
#5735=CARTESIAN_POINT('Ctrl Pts',(19.6216731543056,-24.6647041760941,6.00048167861828));
#5736=CARTESIAN_POINT('Ctrl Pts',(19.4141855898941,-24.5032046844509,6.00000270341172));
#5737=CARTESIAN_POINT('Ctrl Pts',(19.4121270288982,-24.5016021355771,6.));
#5738=CARTESIAN_POINT('Ctrl Pts',(19.4100688703138,-24.5,6.));
#5739=CARTESIAN_POINT('Ctrl Pts',(21.3266985653137,-26.6634007871154,7.42857142857143));
#5740=CARTESIAN_POINT('Ctrl Pts',(21.2824537012636,-26.671455830161,7.27966431254418));
#5741=CARTESIAN_POINT('Ctrl Pts',(21.1868415918688,-26.6070649978435,7.04876044407935));
#5742=CARTESIAN_POINT('Ctrl Pts',(20.9899005360668,-26.3997576452451,6.75832410280003));
#5743=CARTESIAN_POINT('Ctrl Pts',(20.812986557917,-26.1977065808977,6.56132959559246));
#5744=CARTESIAN_POINT('Ctrl Pts',(20.6132525172989,-25.9614509447079,6.39127419270373));
#5745=CARTESIAN_POINT('Ctrl Pts',(20.3199440885198,-25.6087951473627,6.20197904909727));
#5746=CARTESIAN_POINT('Ctrl Pts',(19.9211940139803,-25.1237323530815,6.04345603660688));
#5747=CARTESIAN_POINT('Ctrl Pts',(19.5827393601606,-24.7108417328804,6.00038555040275));
#5748=CARTESIAN_POINT('Ctrl Pts',(19.4134269397764,-24.5041018631811,6.00000236065743));
#5749=CARTESIAN_POINT('Ctrl Pts',(19.4117478944224,-24.5020507335388,6.));
#5750=CARTESIAN_POINT('Ctrl Pts',(19.4100688703138,-24.5,6.));
#5751=CARTESIAN_POINT('Ctrl Pts',(21.3266985653137,-27.,7.42857142857143));
#5752=CARTESIAN_POINT('Ctrl Pts',(21.2700567540715,-27.,7.23858901811212));
#5753=CARTESIAN_POINT('Ctrl Pts',(21.142123766533,-26.8994926363186,6.96888373277883));
#5754=CARTESIAN_POINT('Ctrl Pts',(20.9155976920012,-26.6366906187256,6.67421685796963));
#5755=CARTESIAN_POINT('Ctrl Pts',(20.7264989350198,-26.3937757027435,6.48690067143104));
#5756=CARTESIAN_POINT('Ctrl Pts',(20.5248848510265,-26.1196322008424,6.33334855477879));
#5757=CARTESIAN_POINT('Ctrl Pts',(20.2409681743706,-25.7198167971132,6.16832003109216));
#5758=CARTESIAN_POINT('Ctrl Pts',(19.8715272441956,-25.1824631828043,6.03577537126239));
#5759=CARTESIAN_POINT('Ctrl Pts',(19.5659993830208,-24.730630350807,6.0003244897186));
#5760=CARTESIAN_POINT('Ctrl Pts',(19.4131021679068,-24.5044862651309,6.00000189831754));
#5761=CARTESIAN_POINT('Ctrl Pts',(19.4115854082185,-24.5022429898081,6.));
#5762=CARTESIAN_POINT('Ctrl Pts',(19.4100688703138,-24.5,6.));
#5763=CARTESIAN_POINT('',(19.4100688703138,-24.5,6.));
#5764=CARTESIAN_POINT('Ctrl Pts',(22.7641708365635,-25.5,7.));
#5765=CARTESIAN_POINT('Ctrl Pts',(22.6650476668898,-25.5,6.86701231267855));
#5766=CARTESIAN_POINT('Ctrl Pts',(22.4411649386974,-25.4597970545274,6.67821861294522));
#5767=CARTESIAN_POINT('Ctrl Pts',(22.0447443082667,-25.3546762474902,6.47195180057878));
#5768=CARTESIAN_POINT('Ctrl Pts',(21.7138214835494,-25.2575102810974,6.34083047000177));
#5769=CARTESIAN_POINT('Ctrl Pts',(21.360996836561,-25.1478528803369,6.2333439883452));
#5770=CARTESIAN_POINT('Ctrl Pts',(20.8641426524133,-24.9879267188452,6.11782402176457));
#5771=CARTESIAN_POINT('Ctrl Pts',(20.2176210246069,-24.7729852731217,6.0250427598837));
#5772=CARTESIAN_POINT('Ctrl Pts',(19.6829472675511,-24.5922521403227,6.00022714280312));
#5773=CARTESIAN_POINT('Ctrl Pts',(19.4153771411016,-24.5017945060523,6.00000132882228));
#5774=CARTESIAN_POINT('Ctrl Pts',(19.4127228116459,-24.5008971959231,6.));
#5775=CARTESIAN_POINT('Ctrl Pts',(19.4100688703138,-24.5,6.));
#5776=CARTESIAN_POINT('Ctrl Pts',(19.4100688703138,-24.5,6.));
#5777=CARTESIAN_POINT('Ctrl Pts',(19.4115854082185,-24.5022429898081,6.));
#5778=CARTESIAN_POINT('Ctrl Pts',(19.4131021679068,-24.5044862651309,6.00000189831754));
#5779=CARTESIAN_POINT('Ctrl Pts',(19.5659993830208,-24.730630350807,6.0003244897186));
#5780=CARTESIAN_POINT('Ctrl Pts',(19.8715272441956,-25.1824631828043,6.03577537126239));
#5781=CARTESIAN_POINT('Ctrl Pts',(20.2409681743706,-25.7198167971132,6.16832003109216));
#5782=CARTESIAN_POINT('Ctrl Pts',(20.5248848510265,-26.1196322008424,6.33334855477879));
#5783=CARTESIAN_POINT('Ctrl Pts',(20.7264989350198,-26.3937757027435,6.48690067143104));
#5784=CARTESIAN_POINT('Ctrl Pts',(20.9155976920012,-26.6366906187256,6.67421685796963));
#5785=CARTESIAN_POINT('Ctrl Pts',(21.142123766533,-26.8994926363186,6.96888373277883));
#5786=CARTESIAN_POINT('Ctrl Pts',(21.2700567540715,-27.,7.23858901811212));
#5787=CARTESIAN_POINT('Ctrl Pts',(21.3266985653137,-27.,7.42857142857143));
#5788=CARTESIAN_POINT('Origin',(28.5,-24.5,7.));
#5789=CARTESIAN_POINT('',(26.627027027027,-25.5,7.));
#5790=CARTESIAN_POINT('',(28.5,-25.5,7.));
#5791=CARTESIAN_POINT('',(26.575,-24.5,6.));
#5792=CARTESIAN_POINT('Origin',(26.627027027027,-24.5,7.));
#5793=CARTESIAN_POINT('',(28.5,-24.5,6.));
#5794=CARTESIAN_POINT('Origin',(28.5,-25.5,7.));
#5795=CARTESIAN_POINT('',(28.4219594594595,-25.5,41.5));
#5796=CARTESIAN_POINT('',(28.5,-25.5,41.5));
#5797=CARTESIAN_POINT('',(27.5660415629899,-25.5,25.0485910808445));
#5798=CARTESIAN_POINT('Origin',(28.5,-24.,41.5));
#5799=CARTESIAN_POINT('',(17.4524916731037,-24.,43.));
#5800=CARTESIAN_POINT('Ctrl Pts',(17.4524916731037,-24.,43.));
#5801=CARTESIAN_POINT('Ctrl Pts',(17.4295760174084,-24.0887519528754,43.));
#5802=CARTESIAN_POINT('Ctrl Pts',(17.3999743291598,-24.1778222006158,42.9920242998574));
#5803=CARTESIAN_POINT('Ctrl Pts',(17.3641107963265,-24.2645171577549,42.9764926932611));
#5804=CARTESIAN_POINT('',(28.5,-24.,43.));
#5805=CARTESIAN_POINT('',(28.5,-24.,43.));
#5806=CARTESIAN_POINT('Origin',(28.4219594594595,-24.,41.5));
#5807=CARTESIAN_POINT('Origin',(-26.4769006497806,33.9005084674529,42.6080043570467));
#5808=CARTESIAN_POINT('',(-28.5,34.,43.0007004591923));
#5809=CARTESIAN_POINT('',(-26.5152817842434,35.9999416159154,42.9996676598262));
#5810=CARTESIAN_POINT('Ctrl Pts',(-28.5,34.,43.0007004591923));
#5811=CARTESIAN_POINT('Ctrl Pts',(-28.5,34.0585791274041,43.0072682699403));
#5812=CARTESIAN_POINT('Ctrl Pts',(-28.4972225062465,34.1183260786085,43.0107719691398));
#5813=CARTESIAN_POINT('Ctrl Pts',(-28.4721725577931,34.4085811799768,43.0219528278855));
#5814=CARTESIAN_POINT('Ctrl Pts',(-28.3947594176997,34.6828770882807,43.0115045964057));
#5815=CARTESIAN_POINT('Ctrl Pts',(-28.16556265151,35.1407091663086,42.9959801401917));
#5816=CARTESIAN_POINT('Ctrl Pts',(-27.9818242866835,35.3740670106826,42.9869089125723));
#5817=CARTESIAN_POINT('Ctrl Pts',(-27.5312178099783,35.7379451069682,42.9782900907278));
#5818=CARTESIAN_POINT('Ctrl Pts',(-27.2643454077223,35.8684568101979,42.9786064274617));
#5819=CARTESIAN_POINT('Ctrl Pts',(-26.8448906015059,35.9764133280678,42.9873685193992));
#5820=CARTESIAN_POINT('Ctrl Pts',(-26.6811028449761,35.9986745580908,42.9924551768247));
#5821=CARTESIAN_POINT('Ctrl Pts',(-26.5152817842434,35.9999416159154,42.9996676598262));
#5822=CARTESIAN_POINT('',(-24.5902817842434,29.4999416159154,5.99966765982616));
#5823=CARTESIAN_POINT('',(-26.4769006497806,35.8703429800671,42.261952348074));
#5824=CARTESIAN_POINT('',(-26.575,27.5000000001002,6.00070045920348));
#5825=CARTESIAN_POINT('Ctrl Pts',(-26.575,27.5000000001002,6.00070045920355));
#5826=CARTESIAN_POINT('Ctrl Pts',(-26.574999999996,27.5804857189378,6.00972440668074));
#5827=CARTESIAN_POINT('Ctrl Pts',(-26.5695386508472,27.6656379744822,6.01325846321002));
#5828=CARTESIAN_POINT('Ctrl Pts',(-26.5442319234948,27.8749458898621,6.01774369240721));
#5829=CARTESIAN_POINT('Ctrl Pts',(-26.5118153358732,28.0201881119005,6.01516714334266));
#5830=CARTESIAN_POINT('Ctrl Pts',(-26.4142972842779,28.2992714289477,6.00787410475414));
#5831=CARTESIAN_POINT('Ctrl Pts',(-26.349192368857,28.4331086085276,6.00305430065862));
#5832=CARTESIAN_POINT('Ctrl Pts',(-26.1515264036124,28.7540742485087,5.9916438964761));
#5833=CARTESIAN_POINT('Ctrl Pts',(-25.9555867024754,28.9670253109043,5.98426086608169));
#5834=CARTESIAN_POINT('Ctrl Pts',(-25.6376303920088,29.2013089204123,5.97960443558908));
#5835=CARTESIAN_POINT('Ctrl Pts',(-25.4768190846578,29.2917476239958,5.97909379207958));
#5836=CARTESIAN_POINT('Ctrl Pts',(-25.2916469140594,29.3677721155255,5.98067156635197));
#5837=CARTESIAN_POINT('Ctrl Pts',(-25.239360518763,29.3870029834635,5.98129073790235));
#5838=CARTESIAN_POINT('Ctrl Pts',(-25.1575434905891,29.4136912245235,5.98253483671291));
#5839=CARTESIAN_POINT('Ctrl Pts',(-25.1118822574316,29.4269997790355,5.98335795970238));
#5840=CARTESIAN_POINT('Ctrl Pts',(-24.9246656035236,29.4751843694696,5.98726877323809));
#5841=CARTESIAN_POINT('Ctrl Pts',(-24.7571145004526,29.4986668279148,5.99241117428432));
#5842=CARTESIAN_POINT('Ctrl Pts',(-24.5902817842434,29.4999416159154,5.99966765982611));
#5843=CARTESIAN_POINT('',(-26.575,27.487627643314,6.));
#5844=CARTESIAN_POINT('Origin',(-26.575,34.2317530266351,44.4935503093149));
#5845=CARTESIAN_POINT('',(-28.5,33.987627643314,43.));
#5846=CARTESIAN_POINT('',(-28.474199320995,33.9005084674529,42.5040908450984));
#5847=CARTESIAN_POINT('Origin',(-28.5,40.7317530266351,81.4935503093149));
#5848=CARTESIAN_POINT('Origin',(-28.5,36.,43.));
#5849=CARTESIAN_POINT('',(-26.5,36.,43.));
#5850=CARTESIAN_POINT('Origin',(-26.5,34.,31.6153846153846));
#5851=CARTESIAN_POINT('',(-16.7923661676111,36.,43.));
#5852=CARTESIAN_POINT('',(-28.5,36.,43.));
#5853=CARTESIAN_POINT('',(-18.78610335956,35.6764320827461,41.1581518556316));
#5854=CARTESIAN_POINT('Origin',(-16.7923661676111,35.6486486486486,41.));
#5855=CARTESIAN_POINT('',(-21.4038060622627,29.8791347854488,8.15815185563162));
#5856=CARTESIAN_POINT('',(-18.64,36.,43.));
#5857=CARTESIAN_POINT('Origin',(-19.4100688703138,29.8513513513514,8.));
#5858=CARTESIAN_POINT('',(-24.575,29.5,6.));
#5859=CARTESIAN_POINT('',(-26.575,29.5,6.));
#5860=CARTESIAN_POINT('Origin',(-24.575,27.5,-5.3846153846154));
#5861=CARTESIAN_POINT('Origin',(-26.5,34.,49.));
#5862=CARTESIAN_POINT('',(-28.5,34.,49.));
#5863=CARTESIAN_POINT('',(-26.5,36.,49.));
#5864=CARTESIAN_POINT('Origin',(24.5733892211979,27.4730672800305,6.02103144402692));
#5865=CARTESIAN_POINT('',(28.5,34.,43.0007004591922));
#5866=CARTESIAN_POINT('',(28.5,33.987627643314,43.));
#5867=CARTESIAN_POINT('Origin',(28.5,40.7317530266351,81.4935503093149));
#5868=CARTESIAN_POINT('',(26.575,27.487627643314,6.));
#5869=CARTESIAN_POINT('',(26.5706878924122,27.4730672800305,5.91711793207861));
#5870=CARTESIAN_POINT('',(26.575,27.5000000001002,6.00070045920348));
#5871=CARTESIAN_POINT('Origin',(26.575,34.2317530266351,44.4935503093149));
#5872=CARTESIAN_POINT('',(24.5902817842434,29.4999416159154,5.99966765982616));
#5873=CARTESIAN_POINT('Ctrl Pts',(24.5902817842434,29.4999416159154,5.99966765982618));
#5874=CARTESIAN_POINT('Ctrl Pts',(24.7571145004526,29.4986668279148,5.99241117428435));
#5875=CARTESIAN_POINT('Ctrl Pts',(24.9246656035236,29.4751843694696,5.98726877323813));
#5876=CARTESIAN_POINT('Ctrl Pts',(25.1118822574316,29.4269997790355,5.98335795970242));
#5877=CARTESIAN_POINT('Ctrl Pts',(25.1575434905891,29.4136912245235,5.98253483671292));
#5878=CARTESIAN_POINT('Ctrl Pts',(25.239360518763,29.3870029834634,5.98129073790237));
#5879=CARTESIAN_POINT('Ctrl Pts',(25.2916469140594,29.3677721155255,5.98067156635197));
#5880=CARTESIAN_POINT('Ctrl Pts',(25.4768190846578,29.2917476239958,5.97909379207959));
#5881=CARTESIAN_POINT('Ctrl Pts',(25.6376303920088,29.2013089204123,5.97960443558911));
#5882=CARTESIAN_POINT('Ctrl Pts',(25.9555867024754,28.9670253109043,5.98426086608172));
#5883=CARTESIAN_POINT('Ctrl Pts',(26.1515264036124,28.7540742485087,5.99164389647612));
#5884=CARTESIAN_POINT('Ctrl Pts',(26.349192368857,28.4331086085276,6.00305430065864));
#5885=CARTESIAN_POINT('Ctrl Pts',(26.4142972842779,28.2992714289476,6.00787410475412));
#5886=CARTESIAN_POINT('Ctrl Pts',(26.5118153358732,28.0201881119005,6.01516714334266));
#5887=CARTESIAN_POINT('Ctrl Pts',(26.5442319234948,27.8749458898621,6.01774369240718));
#5888=CARTESIAN_POINT('Ctrl Pts',(26.5695386508472,27.6656379744822,6.01325846320998));
#5889=CARTESIAN_POINT('Ctrl Pts',(26.574999999996,27.5804857189378,6.00972440668068));
#5890=CARTESIAN_POINT('Ctrl Pts',(26.575,27.5000000001002,6.00070045920356));
#5891=CARTESIAN_POINT('',(26.5152817842434,35.9999416159154,42.9996676598262));
#5892=CARTESIAN_POINT('',(24.5733892211979,29.4429017926447,5.67497943505416));
#5893=CARTESIAN_POINT('Ctrl Pts',(26.5152817842434,35.9999416159154,42.9996676598262));
#5894=CARTESIAN_POINT('Ctrl Pts',(26.6811028449761,35.9986745580908,42.9924551768248));
#5895=CARTESIAN_POINT('Ctrl Pts',(26.8448906015059,35.9764133280678,42.9873685193993));
#5896=CARTESIAN_POINT('Ctrl Pts',(27.2643454077223,35.8684568101979,42.9786064274618));
#5897=CARTESIAN_POINT('Ctrl Pts',(27.5312178099783,35.7379451069682,42.9782900907278));
#5898=CARTESIAN_POINT('Ctrl Pts',(27.9818242866836,35.3740670106826,42.9869089125723));
#5899=CARTESIAN_POINT('Ctrl Pts',(28.16556265151,35.1407091663086,42.9959801401917));
#5900=CARTESIAN_POINT('Ctrl Pts',(28.3947594176997,34.6828770882806,43.0115045964056));
#5901=CARTESIAN_POINT('Ctrl Pts',(28.4721725577931,34.4085811799768,43.0219528278855));
#5902=CARTESIAN_POINT('Ctrl Pts',(28.4972225062465,34.1183260786085,43.0107719691398));
#5903=CARTESIAN_POINT('Ctrl Pts',(28.5,34.0585791274041,43.0072682699403));
#5904=CARTESIAN_POINT('Ctrl Pts',(28.5,34.,43.0007004591923));
#5905=CARTESIAN_POINT('Origin',(26.575,24.5,6.));
#5906=CARTESIAN_POINT('',(28.5,24.049387669636,43.));
#5907=CARTESIAN_POINT('',(28.5,36.,43.));
#5908=CARTESIAN_POINT('',(28.3913383442384,26.0474259140525,40.9114383048421));
#5909=CARTESIAN_POINT('Origin',(28.3959459459459,24.049387669636,41.));
#5910=CARTESIAN_POINT('',(26.6744464523465,24.5847232113498,7.91143830484208));
#5911=CARTESIAN_POINT('',(26.575,24.5,6.));
#5912=CARTESIAN_POINT('Origin',(26.6790540540541,22.5866849669333,8.));
#5913=CARTESIAN_POINT('',(26.575,21.,6.));
#5914=CARTESIAN_POINT('Origin',(28.5,36.,49.));
#5915=CARTESIAN_POINT('',(28.5,34.,49.));
#5916=CARTESIAN_POINT('',(28.5,-27.5,43.));
#5917=CARTESIAN_POINT('',(28.5,-27.5,49.));
#5918=CARTESIAN_POINT('',(28.5,36.,43.));
#5919=CARTESIAN_POINT('',(28.5,-20.0728139848519,43.));
#5920=CARTESIAN_POINT('',(28.5,36.,43.));
#5921=CARTESIAN_POINT('',(28.5,-9.3855233081006,43.));
#5922=CARTESIAN_POINT('',(28.5,36.,43.));
#5923=CARTESIAN_POINT('',(28.5,36.,43.));
#5924=CARTESIAN_POINT('Origin',(26.5,34.,49.));
#5925=CARTESIAN_POINT('',(26.5,36.,43.));
#5926=CARTESIAN_POINT('Origin',(26.5,34.,31.6153846153846));
#5927=CARTESIAN_POINT('',(26.5,36.,49.));
#5928=CARTESIAN_POINT('Origin',(-24.575,27.5,0.));
#5929=CARTESIAN_POINT('',(-24.575,29.5,0.));
#5930=CARTESIAN_POINT('',(-24.575,29.5,0.));
#5931=CARTESIAN_POINT('',(-26.575,27.5,0.));
#5932=CARTESIAN_POINT('Origin',(-24.575,27.5,0.));
#5933=CARTESIAN_POINT('',(-26.575,27.5,0.));
#5934=CARTESIAN_POINT('Origin',(0.,0.,0.));
#5935=CARTESIAN_POINT('',(24.575,29.5,0.));
#5936=CARTESIAN_POINT('',(-26.575,29.5,0.));
#5937=CARTESIAN_POINT('',(26.575,27.5,0.));
#5938=CARTESIAN_POINT('Origin',(24.575,27.5,0.));
#5939=CARTESIAN_POINT('',(26.575,-27.5,0.));
#5940=CARTESIAN_POINT('',(26.575,-21.,0.));
#5941=CARTESIAN_POINT('',(-26.575,-27.5,0.));
#5942=CARTESIAN_POINT('',(26.575,-27.5,0.));
#5943=CARTESIAN_POINT('',(-26.575,21.,0.));
#5944=CARTESIAN_POINT('',(19.575,-23.5,0.));
#5945=CARTESIAN_POINT('',(19.575,-6.92065556157337,0.));
#5946=CARTESIAN_POINT('',(19.575,-11.75,0.));
#5947=CARTESIAN_POINT('',(18.9982828010551,-6.0146579510186,0.));
#5948=CARTESIAN_POINT('Origin',(18.575,-6.92065556157337,0.));
#5949=CARTESIAN_POINT('Origin',(61.3265629065645,84.5851031044584,0.));
#5950=CARTESIAN_POINT('',(-12.2574487139159,-5.5,0.));
#5951=CARTESIAN_POINT('Origin',(-0.0099999999999989,7.,0.));
#5952=CARTESIAN_POINT('',(-16.5714342436011,-4.83074164481379,0.));
#5953=CARTESIAN_POINT('Origin',(-14.8819003426819,-8.17857306196283,0.));
#5954=CARTESIAN_POINT('',(-19.0012442732816,-6.01604745886,0.));
#5955=CARTESIAN_POINT('Origin',(-61.6256716014382,84.4447628124762,0.));
#5956=CARTESIAN_POINT('',(-19.575,-6.92065556157337,0.));
#5957=CARTESIAN_POINT('Origin',(-18.575,-6.92065556157337,0.));
#5958=CARTESIAN_POINT('',(-19.575,-23.5,0.));
#5959=CARTESIAN_POINT('',(-19.575,-9.,0.));
#5960=CARTESIAN_POINT('',(-17.575,-25.5,0.));
#5961=CARTESIAN_POINT('Origin',(-17.575,-23.5,0.));
#5962=CARTESIAN_POINT('',(17.575,-25.5,0.));
#5963=CARTESIAN_POINT('',(-8.7875,-25.5,0.));
#5964=CARTESIAN_POINT('Origin',(17.575,-23.5,0.));
#5965=CARTESIAN_POINT('',(17.24,1.,0.));
#5966=CARTESIAN_POINT('Origin',(19.99,1.,0.));
#5967=CARTESIAN_POINT('',(-22.76,1.,0.));
#5968=CARTESIAN_POINT('Origin',(-20.01,1.,0.));
#5969=CARTESIAN_POINT('',(-22.76,13.,0.));
#5970=CARTESIAN_POINT('Origin',(-20.01,13.,0.));
#5971=CARTESIAN_POINT('',(17.24,13.,0.));
#5972=CARTESIAN_POINT('Origin',(19.99,13.,0.));
#5973=CARTESIAN_POINT('',(-15.885,7.,0.));
#5974=CARTESIAN_POINT('Origin',(-0.0099999999999989,7.,0.));
#5975=CARTESIAN_POINT('',(2.53747881641013,25.5577853097208,0.));
#5976=CARTESIAN_POINT('',(18.2399903323452,19.9746701040551,0.));
#5977=CARTESIAN_POINT('',(13.2960582963786,21.7325126057321,5.55111512312578E-16));
#5978=CARTESIAN_POINT('',(19.575,20.9168847943342,0.));
#5979=CARTESIAN_POINT('Origin',(18.575,20.9168847943342,0.));
#5980=CARTESIAN_POINT('',(19.575,26.5,0.));
#5981=CARTESIAN_POINT('',(19.575,13.25,0.));
#5982=CARTESIAN_POINT('',(18.575,27.5,0.));
#5983=CARTESIAN_POINT('Origin',(18.575,26.5,0.));
#5984=CARTESIAN_POINT('',(2.87248848406494,27.5,0.));
#5985=CARTESIAN_POINT('',(1.43624424203247,27.5,0.));
#5986=CARTESIAN_POINT('Origin',(2.87248848406494,26.5,0.));
#5987=CARTESIAN_POINT('',(-18.2399903323452,19.974670104055,0.));
#5988=CARTESIAN_POINT('',(-2.53747881641004,25.5577853097209,0.));
#5989=CARTESIAN_POINT('',(-5.44480253841107,24.5240702085649,0.));
#5990=CARTESIAN_POINT('',(-2.87248848406484,27.5,0.));
#5991=CARTESIAN_POINT('Origin',(-2.87248848406484,26.5,0.));
#5992=CARTESIAN_POINT('',(-18.575,27.5,0.));
#5993=CARTESIAN_POINT('',(-9.2875,27.5,0.));
#5994=CARTESIAN_POINT('',(-19.575,26.5,0.));
#5995=CARTESIAN_POINT('Origin',(-18.575,26.5,0.));
#5996=CARTESIAN_POINT('',(-19.575,20.9168847943342,0.));
#5997=CARTESIAN_POINT('',(-19.575,10.4584423971671,0.));
#5998=CARTESIAN_POINT('Origin',(-18.575,20.9168847943342,0.));
#5999=CARTESIAN_POINT('Origin',(26.575,29.5,0.));
#6000=CARTESIAN_POINT('',(24.575,29.5,6.));
#6001=CARTESIAN_POINT('',(-26.575,29.5,6.));
#6002=CARTESIAN_POINT('',(24.575,29.5,0.));
#6003=CARTESIAN_POINT('Origin',(24.575,27.5,0.));
#6004=CARTESIAN_POINT('Origin',(24.575,27.5,-5.3846153846154));
#6005=CARTESIAN_POINT('',(26.575,27.5,0.));
#6006=CARTESIAN_POINT('Origin',(-28.5,-21.,49.));
#6007=CARTESIAN_POINT('',(-28.5,24.049387669636,43.));
#6008=CARTESIAN_POINT('',(-28.5,-21.,43.));
#6009=CARTESIAN_POINT('',(-28.5,-9.3855233081006,43.));
#6010=CARTESIAN_POINT('',(-28.5,-21.,43.));
#6011=CARTESIAN_POINT('',(-28.5,-20.0728139848519,43.));
#6012=CARTESIAN_POINT('',(-28.5,-21.,43.));
#6013=CARTESIAN_POINT('',(-28.5,-21.,43.));
#6014=CARTESIAN_POINT('',(-28.5,-27.5,43.));
#6015=CARTESIAN_POINT('',(-28.5,-21.,43.));
#6016=CARTESIAN_POINT('',(-28.5,-27.5,49.));
#6017=CARTESIAN_POINT('Origin',(-28.5,26.14,43.));
#6018=CARTESIAN_POINT('',(-26.575,21.,6.));
#6019=CARTESIAN_POINT('',(-26.6744464523465,24.5847232113498,7.91143830484208));
#6020=CARTESIAN_POINT('Origin',(-26.6790540540541,22.5866849669333,8.));
#6021=CARTESIAN_POINT('',(-28.3913383442384,26.0474259140525,40.9114383048421));
#6022=CARTESIAN_POINT('',(-28.5,26.14,43.));
#6023=CARTESIAN_POINT('Origin',(-28.3959459459459,24.049387669636,41.));
#6024=CARTESIAN_POINT('Origin',(-28.5,36.,49.));
#6025=CARTESIAN_POINT('',(16.7923661676111,36.,43.));
#6026=CARTESIAN_POINT('',(-28.5,36.,43.));
#6027=CARTESIAN_POINT('',(-28.5,36.,43.));
#6028=CARTESIAN_POINT('Origin',(26.575,29.5,6.));
#6029=CARTESIAN_POINT('',(21.4038060622627,29.8791347854488,8.15815185563162));
#6030=CARTESIAN_POINT('Origin',(19.4100688703138,29.8513513513514,8.));
#6031=CARTESIAN_POINT('',(18.78610335956,35.6764320827461,41.1581518556316));
#6032=CARTESIAN_POINT('',(21.575,29.5,6.));
#6033=CARTESIAN_POINT('Origin',(16.7923661676111,35.6486486486487,41.));
#6034=CARTESIAN_POINT('Ctrl Pts',(19.5740228217848,-23.5625120627049,6.00112050825215));
#6035=CARTESIAN_POINT('Ctrl Pts',(20.178177546726,-23.3881442958196,6.00938191385318));
#6036=CARTESIAN_POINT('Ctrl Pts',(21.185129488234,-23.0978012863113,6.0974321013448));
#6037=CARTESIAN_POINT('Ctrl Pts',(22.2686459130988,-22.8048844369622,6.3768529874419));
#6038=CARTESIAN_POINT('Ctrl Pts',(22.8587709759782,-22.6663988457616,6.6419419035589));
#6039=CARTESIAN_POINT('Ctrl Pts',(23.0865848594847,-22.6263426087216,6.80071637773975));
#6040=CARTESIAN_POINT('Ctrl Pts',(23.1757444958756,-22.6166262999475,6.88368074113326));
#6041=CARTESIAN_POINT('Ctrl Pts',(19.5583979504282,-23.5445066384224,6.00197359088132));
#6042=CARTESIAN_POINT('Ctrl Pts',(20.1049012113421,-23.3039737188186,6.01652025149942));
#6043=CARTESIAN_POINT('Ctrl Pts',(21.0161628498772,-22.9038337297135,6.17778129553285));
#6044=CARTESIAN_POINT('Ctrl Pts',(21.9375843557895,-22.6249648129191,6.60117720023971));
#6045=CARTESIAN_POINT('Ctrl Pts',(22.3973256992182,-22.5713528796558,6.89653091354437));
#6046=CARTESIAN_POINT('Ctrl Pts',(22.5620981894815,-22.583235672971,7.02327396503808));
#6047=CARTESIAN_POINT('Ctrl Pts',(22.6260496183469,-22.5938768621294,7.07793070478023));
#6048=CARTESIAN_POINT('Ctrl Pts',(19.5310544262776,-23.5129617953043,6.00272034671248));
#6049=CARTESIAN_POINT('Ctrl Pts',(19.9766676490677,-23.1562489572104,6.02277057626075));
#6050=CARTESIAN_POINT('Ctrl Pts',(20.7163043681659,-22.5660748422986,6.24729699488174));
#6051=CARTESIAN_POINT('Ctrl Pts',(21.3544073703855,-22.1343260789208,6.82401784089579));
#6052=CARTESIAN_POINT('Ctrl Pts',(21.592209974154,-22.0469242022526,7.18932739748861));
#6053=CARTESIAN_POINT('Ctrl Pts',(21.6511231756847,-22.0656344910286,7.31582942778045));
#6054=CARTESIAN_POINT('Ctrl Pts',(21.6731773069873,-22.0820146958534,7.35932668963898));
#6055=CARTESIAN_POINT('Ctrl Pts',(19.5037415316178,-23.4813904242912,6.00216055405215));
#6056=CARTESIAN_POINT('Ctrl Pts',(19.848803482191,-23.0082042597591,6.01808699892093));
#6057=CARTESIAN_POINT('Ctrl Pts',(20.4225463834418,-22.2217210770028,6.1924981302436));
#6058=CARTESIAN_POINT('Ctrl Pts',(20.9581013692421,-21.4769663093745,6.68423479689953));
#6059=CARTESIAN_POINT('Ctrl Pts',(21.1992509269564,-21.1594903513628,7.07627422393362));
#6060=CARTESIAN_POINT('Ctrl Pts',(21.2784376025791,-21.0807495899131,7.27527743618541));
#6061=CARTESIAN_POINT('Ctrl Pts',(21.3090790261233,-21.0651551583911,7.37066692649673));
#6062=CARTESIAN_POINT('Ctrl Pts',(19.4920458460493,-23.4678598368344,6.00168076237822));
#6063=CARTESIAN_POINT('Ctrl Pts',(19.7941232085199,-22.9447565361786,6.01407287077976));
#6064=CARTESIAN_POINT('Ctrl Pts',(20.2975991792739,-22.0737275076538,6.14614815201719));
#6065=CARTESIAN_POINT('Ctrl Pts',(20.8393573917063,-21.1949769596066,6.56527948116286));
#6066=CARTESIAN_POINT('Ctrl Pts',(21.1344199231461,-20.7795201860047,6.9629128553384));
#6067=CARTESIAN_POINT('Ctrl Pts',(21.2483268648993,-20.6593514748846,7.20107456660967));
#6068=CARTESIAN_POINT('Ctrl Pts',(21.2929066830947,-20.6302025485625,7.32552111169988));
#6069=CARTESIAN_POINT('',(19.575,-23.5,6.00371257496745));
#6070=CARTESIAN_POINT('',(19.5740228217848,-23.5625120627048,6.00112050825215));
#6071=CARTESIAN_POINT('Ctrl Pts',(19.575,-23.5,6.00371257496745));
#6072=CARTESIAN_POINT('Ctrl Pts',(19.575,-23.5208458524078,6.00297843796886));
#6073=CARTESIAN_POINT('Ctrl Pts',(19.5746740814183,-23.541685956287,6.0021072325492));
#6074=CARTESIAN_POINT('Ctrl Pts',(19.5740228217848,-23.5625120627049,6.00112050825215));
#6075=CARTESIAN_POINT('',(23.1757444958756,-22.6166262999475,6.88368074113326));
#6076=CARTESIAN_POINT('Ctrl Pts',(19.5740228217848,-23.5625120627049,6.00112050825215));
#6077=CARTESIAN_POINT('Ctrl Pts',(20.178177546726,-23.3881442958196,6.00938191385318));
#6078=CARTESIAN_POINT('Ctrl Pts',(21.185129488234,-23.0978012863113,6.0974321013448));
#6079=CARTESIAN_POINT('Ctrl Pts',(22.2686459130988,-22.8048844369622,6.3768529874419));
#6080=CARTESIAN_POINT('Ctrl Pts',(22.8587709759782,-22.6663988457616,6.6419419035589));
#6081=CARTESIAN_POINT('Ctrl Pts',(23.0865848594847,-22.6263426087216,6.80071637773975));
#6082=CARTESIAN_POINT('Ctrl Pts',(23.1757444958756,-22.6166262999475,6.88368074113326));
#6083=CARTESIAN_POINT('',(21.2929066830947,-20.6302025485625,7.32552111169988));
#6084=CARTESIAN_POINT('Origin',(23.1757444958756,-20.6302025485625,6.65104222339976));
#6085=CARTESIAN_POINT('',(19.575,-23.3242503135946,6.00681217080265));
#6086=CARTESIAN_POINT('Ctrl Pts',(21.2929066830947,-20.6302025485625,7.32552111169988));
#6087=CARTESIAN_POINT('Ctrl Pts',(21.2483268648993,-20.6593514748846,7.20107456660967));
#6088=CARTESIAN_POINT('Ctrl Pts',(21.1344199231461,-20.7795201860047,6.9629128553384));
#6089=CARTESIAN_POINT('Ctrl Pts',(20.8393573917063,-21.1949769596066,6.56527948116286));
#6090=CARTESIAN_POINT('Ctrl Pts',(20.3223977710841,-22.0335033345006,6.16533358660375));
#6091=CARTESIAN_POINT('Ctrl Pts',(19.8492772805137,-22.8494853917578,6.02923777326173));
#6092=CARTESIAN_POINT('Ctrl Pts',(19.5749959215673,-23.3242419428815,6.00677381606));
#6093=CARTESIAN_POINT('Ctrl Pts',(19.575,-23.3242503135948,6.00681217080265));
#6094=CARTESIAN_POINT('Ctrl Pts',(19.575,-23.3769900499426,6.00681217080265));
#6095=CARTESIAN_POINT('Ctrl Pts',(19.575,-23.4297775955695,6.00597058558046));
#6096=CARTESIAN_POINT('Ctrl Pts',(19.575,-23.4883273599691,6.00411344602886));
#6097=CARTESIAN_POINT('Ctrl Pts',(19.575,-23.4941637773114,6.00391811163363));
#6098=CARTESIAN_POINT('Ctrl Pts',(19.575,-23.5,6.00371257496745));
#6099=CARTESIAN_POINT('Ctrl Pts',(23.1757444958756,-22.6166262999475,6.88368074113324));
#6100=CARTESIAN_POINT('Ctrl Pts',(23.3660112074393,-22.5544224756451,7.41481872819233));
#6101=CARTESIAN_POINT('Ctrl Pts',(23.4421570056881,-22.4874680954214,7.9865201490553));
#6102=CARTESIAN_POINT('Ctrl Pts',(23.3975432542116,-22.421600458203,8.54894222899672));
#6103=CARTESIAN_POINT('Ctrl Pts',(22.626049618347,-22.5938768621294,7.07793070478022));
#6104=CARTESIAN_POINT('Ctrl Pts',(22.7831054031136,-22.5406743405291,7.5341845348842));
#6105=CARTESIAN_POINT('Ctrl Pts',(22.8418133962469,-22.4828224233695,8.02391031438041));
#6106=CARTESIAN_POINT('Ctrl Pts',(22.7975000006284,-22.4270994423653,8.50198821271885));
#6107=CARTESIAN_POINT('Ctrl Pts',(21.6731860277623,-22.0820036289922,7.35932226955541));
#6108=CARTESIAN_POINT('Ctrl Pts',(21.7737453159921,-22.0335466545755,7.6852365154454));
#6109=CARTESIAN_POINT('Ctrl Pts',(21.8016527289812,-21.9821634649169,8.02964844894195));
#6110=CARTESIAN_POINT('Ctrl Pts',(21.7586751865239,-21.9319815901379,8.36159878283893));
#6111=CARTESIAN_POINT('Ctrl Pts',(21.3090790261233,-21.0651551583911,7.37066692649672));
#6112=CARTESIAN_POINT('Ctrl Pts',(21.3986960268228,-21.0070341913783,7.64105615770742));
#6113=CARTESIAN_POINT('Ctrl Pts',(21.4293790221842,-20.9447675930066,7.92997627433834));
#6114=CARTESIAN_POINT('Ctrl Pts',(21.3996666398832,-20.8835583348941,8.21033537455616));
#6115=CARTESIAN_POINT('Ctrl Pts',(21.2929066830947,-20.6302025485625,7.32552111169988));
#6116=CARTESIAN_POINT('Ctrl Pts',(21.3880400388766,-20.56799872426,7.59109010522943));
#6117=CARTESIAN_POINT('Ctrl Pts',(21.426112938001,-20.5010443440363,7.87694081566091));
#6118=CARTESIAN_POINT('Ctrl Pts',(21.4038060622627,-20.4351767068179,8.15815185563162));
#6119=CARTESIAN_POINT('',(23.3975432542116,-22.421600458203,8.54894222899673));
#6120=CARTESIAN_POINT('',(21.4038060622627,-20.4351767068179,8.15815185563162));
#6121=CARTESIAN_POINT('Origin',(23.3975432542116,-20.4351767068179,8.31630371126324));
#6122=CARTESIAN_POINT('Origin',(19.4100688703138,-20.4722203771277,8.));
#6123=CARTESIAN_POINT('Origin',(19.4100688703138,-22.4586441285128,8.23263851773348));
#6124=CARTESIAN_POINT('Origin',(20.7605622777556,-16.5419442266789,41.5593347602825));
#6125=CARTESIAN_POINT('',(20.7975632806783,-18.5829961713131,41.3255211116999));
#6126=CARTESIAN_POINT('',(18.8038260887294,-16.596572419928,40.9347307383348));
#6127=CARTESIAN_POINT('Origin',(20.7975632806783,-16.596572419928,41.0928825939664));
#6128=CARTESIAN_POINT('',(18.7668250858068,-16.5419442266789,41.4011829046508));
#6129=CARTESIAN_POINT('',(20.7605622777556,-18.528367978064,41.791973278016));
#6130=CARTESIAN_POINT('Ctrl Pts',(20.7798405515089,-18.5748813887447,41.4212730191128));
#6131=CARTESIAN_POINT('Ctrl Pts',(20.7568905076809,-18.5683646294816,41.5452669283322));
#6132=CARTESIAN_POINT('Ctrl Pts',(20.6465729372338,-18.5867183494862,41.7920408508863));
#6133=CARTESIAN_POINT('Ctrl Pts',(20.2006113825706,-18.7317744562887,42.236147496987));
#6134=CARTESIAN_POINT('Ctrl Pts',(19.1822836342097,-19.1175690079223,42.7324834405247));
#6135=CARTESIAN_POINT('Ctrl Pts',(18.1485321178635,-19.529767817166,42.921849811458));
#6136=CARTESIAN_POINT('Ctrl Pts',(17.5159999999999,-19.7828874948619,42.9717141809476));
#6137=CARTESIAN_POINT('Ctrl Pts',(20.1817345176052,-18.5773680573741,41.3739593541704));
#6138=CARTESIAN_POINT('Ctrl Pts',(20.163313406675,-18.5691929660969,41.4536065775099));
#6139=CARTESIAN_POINT('Ctrl Pts',(20.0863798052514,-18.5610839174192,41.6145818011296));
#6140=CARTESIAN_POINT('Ctrl Pts',(19.7670552496703,-18.6034463800239,41.9909001098169));
#6141=CARTESIAN_POINT('Ctrl Pts',(18.9425619466547,-18.9034860721652,42.591101394742));
#6142=CARTESIAN_POINT('Ctrl Pts',(18.016394990529,-19.398181964603,42.8830623241706));
#6143=CARTESIAN_POINT('Ctrl Pts',(17.4462659364545,-19.7109940502094,42.9575512311498));
#6144=CARTESIAN_POINT('Ctrl Pts',(19.1462362228909,-18.0775797912554,41.2655517338458));
#6145=CARTESIAN_POINT('Ctrl Pts',(19.1354565667059,-18.0662697298055,41.3124975376222));
#6146=CARTESIAN_POINT('Ctrl Pts',(19.1147705248286,-18.0481077381384,41.4115049273417));
#6147=CARTESIAN_POINT('Ctrl Pts',(19.0081692588221,-18.0864104510149,41.7590187504408));
#6148=CARTESIAN_POINT('Ctrl Pts',(18.5178269559704,-18.4882562501375,42.4755960592187));
#6149=CARTESIAN_POINT('Ctrl Pts',(17.7851643322966,-19.1584485839693,42.8512554729221));
#6150=CARTESIAN_POINT('Ctrl Pts',(17.324232383451,-19.5825805437757,42.9459697360018));
#6151=CARTESIAN_POINT('Ctrl Pts',(18.7842416321995,-17.0270063433921,41.1816216724419));
#6152=CARTESIAN_POINT('Ctrl Pts',(18.7740296671242,-17.0129720592233,41.2889876872607));
#6153=CARTESIAN_POINT('Ctrl Pts',(18.7384903165917,-17.0375655587482,41.5051058893116));
#6154=CARTESIAN_POINT('Ctrl Pts',(18.5876698486901,-17.2864586926783,41.9581044049415));
#6155=CARTESIAN_POINT('Ctrl Pts',(18.1365958845469,-18.0375623758442,42.5947776609088));
#6156=CARTESIAN_POINT('Ctrl Pts',(17.5628744936239,-18.9115280201724,42.8834330697031));
#6157=CARTESIAN_POINT('Ctrl Pts',(17.2046506997427,-19.4521972468114,42.9577166859568));
#6158=CARTESIAN_POINT('Ctrl Pts',(18.78610335956,-16.5776379272685,41.1581518556316));
#6159=CARTESIAN_POINT('Ctrl Pts',(18.774628337646,-16.5624321556545,41.3028114163876));
#6160=CARTESIAN_POINT('Ctrl Pts',(18.7194695524225,-16.6052575023319,41.590714326034));
#6161=CARTESIAN_POINT('Ctrl Pts',(18.4964887750909,-16.9437217515378,42.1088387464848));
#6162=CARTESIAN_POINT('Ctrl Pts',(17.9873249009104,-17.8439090386828,42.6878973472788));
#6163=CARTESIAN_POINT('Ctrl Pts',(17.4704491427373,-18.8057062602514,42.9088247800343));
#6164=CARTESIAN_POINT('Ctrl Pts',(17.1541830838055,-19.396318841542,42.9669998777721));
#6165=CARTESIAN_POINT('',(17.5159999999999,-19.7828874948619,42.9717141809476));
#6166=CARTESIAN_POINT('',(17.516,-18.7224139024688,42.8644983444944));
#6167=CARTESIAN_POINT('Ctrl Pts',(17.516,-19.7828874948619,42.9717141809475));
#6168=CARTESIAN_POINT('Ctrl Pts',(17.516,-19.6669860198588,42.9488816851632));
#6169=CARTESIAN_POINT('Ctrl Pts',(17.516,-19.549854137185,42.9295147633154));
#6170=CARTESIAN_POINT('Ctrl Pts',(17.516,-19.1990527310484,42.8823878083467));
#6171=CARTESIAN_POINT('Ctrl Pts',(17.516,-18.9581280046309,42.8644983444944));
#6172=CARTESIAN_POINT('Ctrl Pts',(17.516,-18.722413902469,42.8644983444944));
#6173=CARTESIAN_POINT('',(18.78610335956,-16.5776379272685,41.1581518556316));
#6174=CARTESIAN_POINT('Ctrl Pts',(17.5160527452337,-18.7221506137833,42.865269077157));
#6175=CARTESIAN_POINT('Ctrl Pts',(17.704863055685,-18.3716229680697,42.792479495163));
#6176=CARTESIAN_POINT('Ctrl Pts',(18.0855774788493,-17.670201267816,42.5761572903133));
#6177=CARTESIAN_POINT('Ctrl Pts',(18.4964887750909,-16.9437217515378,42.1088387464848));
#6178=CARTESIAN_POINT('Ctrl Pts',(18.7194695524225,-16.6052575023319,41.590714326034));
#6179=CARTESIAN_POINT('Ctrl Pts',(18.774628337646,-16.5624321556545,41.3028114163876));
#6180=CARTESIAN_POINT('Ctrl Pts',(18.78610335956,-16.5776379272685,41.1581518556316));
#6181=CARTESIAN_POINT('',(20.7798405515089,-18.5748813887447,41.4212730191128));
#6182=CARTESIAN_POINT('Origin',(20.7798405515089,-16.5776379272685,41.3163037112633));
#6183=CARTESIAN_POINT('Ctrl Pts',(20.7798405515089,-18.5748813887447,41.4212730191128));
#6184=CARTESIAN_POINT('Ctrl Pts',(20.7568905076809,-18.5683646294816,41.5452669283322));
#6185=CARTESIAN_POINT('Ctrl Pts',(20.6465729372338,-18.5867183494862,41.7920408508863));
#6186=CARTESIAN_POINT('Ctrl Pts',(20.2006113825706,-18.7317744562887,42.236147496987));
#6187=CARTESIAN_POINT('Ctrl Pts',(19.1822836342097,-19.1175690079223,42.7324834405247));
#6188=CARTESIAN_POINT('Ctrl Pts',(18.1485321178635,-19.529767817166,42.921849811458));
#6189=CARTESIAN_POINT('Ctrl Pts',(17.5159999999999,-19.7828874948619,42.9717141809476));
#6190=CARTESIAN_POINT('Ctrl Pts',(20.7975632806783,-18.5829961713131,41.3255211116999));
#6191=CARTESIAN_POINT('Ctrl Pts',(20.7916737651614,-18.5792696284044,41.3573408353492));
#6192=CARTESIAN_POINT('Ctrl Pts',(20.7857621462085,-18.5765628498958,41.3892799788765));
#6193=CARTESIAN_POINT('Ctrl Pts',(20.7798405515089,-18.5748813887447,41.4212730191128));
#6194=CARTESIAN_POINT('Ctrl Pts',(20.197520027095,-18.5884951554754,41.278567095422));
#6195=CARTESIAN_POINT('Ctrl Pts',(20.1922914230655,-18.5837584776692,41.3100583034423));
#6196=CARTESIAN_POINT('Ctrl Pts',(20.1869969765047,-18.5800842229914,41.3421624289168));
#6197=CARTESIAN_POINT('Ctrl Pts',(20.1817345176052,-18.5773680573741,41.3739593541704));
#6198=CARTESIAN_POINT('Ctrl Pts',(19.1588108523973,-18.0932390548436,41.1381706477024));
#6199=CARTESIAN_POINT('Ctrl Pts',(19.1546327760795,-18.0866739386745,41.1804383773624));
#6200=CARTESIAN_POINT('Ctrl Pts',(19.1504492541183,-18.0814363543869,41.2228466256413));
#6201=CARTESIAN_POINT('Ctrl Pts',(19.1462351579657,-18.0775810716541,41.2655517166654));
#6202=CARTESIAN_POINT('Ctrl Pts',(18.7996866663498,-17.0449540480042,40.9869142572593));
#6203=CARTESIAN_POINT('Ctrl Pts',(18.794563239415,-17.0368997096342,41.0516127887052));
#6204=CARTESIAN_POINT('Ctrl Pts',(18.7893979578328,-17.030905771658,41.1165093071787));
#6205=CARTESIAN_POINT('Ctrl Pts',(18.7842416321995,-17.0270063433921,41.1816216724419));
#6206=CARTESIAN_POINT('Ctrl Pts',(18.8038260887294,-16.596572419928,40.9347307383348));
#6207=CARTESIAN_POINT('Ctrl Pts',(18.7979365732125,-16.587877153141,41.0089767601831));
#6208=CARTESIAN_POINT('Ctrl Pts',(18.7920249542596,-16.5815613366209,41.0835014284135));
#6209=CARTESIAN_POINT('Ctrl Pts',(18.78610335956,-16.5776379272685,41.1581518556317));
#6210=CARTESIAN_POINT('Origin',(18.7715317755751,-20.0728139848519,41.3418481443684));
#6211=CARTESIAN_POINT('Origin',(20.765268967524,-20.0728139848519,41.5));
#6212=CARTESIAN_POINT('Origin',(19.4100688703138,-10.5,8.));
#6213=CARTESIAN_POINT('',(21.4038060622627,-17.707592286593,8.15815185563162));
#6214=CARTESIAN_POINT('',(21.4038060622627,-10.5,8.15815185563162));
#6215=CARTESIAN_POINT('',(19.575,-14.0499801620675,6.00681217080265));
#6216=CARTESIAN_POINT('Origin',(19.4100688703138,-13.7201179026952,8.));
#6217=CARTESIAN_POINT('',(19.575,-10.5,6.00681217080265));
#6218=CARTESIAN_POINT('Origin',(18.64,-21.,43.));
#6219=CARTESIAN_POINT('',(18.78610335956,-13.3783351773929,41.1581518556316));
#6220=CARTESIAN_POINT('',(18.78610335956,-6.75000000000001,41.1581518556316));
#6221=CARTESIAN_POINT('',(21.3875741592649,-17.686051731589,8.36277891216362));
#6222=CARTESIAN_POINT('',(18.6698630238302,-13.1858554391827,42.6235325786316));
#6223=CARTESIAN_POINT('Origin',(21.42889664044,-13.7201179026952,7.84184814436838));
#6224=CARTESIAN_POINT('Origin',(16.7923661676111,-6.75,41.));
#6225=CARTESIAN_POINT('',(17.516,-10.8327909728783,42.8644983444944));
#6226=CARTESIAN_POINT('',(17.516,-6.75,42.8644983444944));
#6227=CARTESIAN_POINT('',(18.775333082058,-13.3514571369944,41.2604653838976));
#6228=CARTESIAN_POINT('Origin',(16.7923661676111,-9.3855233081006,41.));
#6229=CARTESIAN_POINT('Origin',(16.7923661676111,-13.4198820973048,41.));
#6230=CARTESIAN_POINT('Origin',(17.516,-10.5769230769231,49.));
#6231=CARTESIAN_POINT('',(17.516,-20.0728139848519,43.));
#6232=CARTESIAN_POINT('Origin',(17.516,-20.0728139848519,41.5));
#6233=CARTESIAN_POINT('',(17.516,-23.5,43.));
#6234=CARTESIAN_POINT('',(17.516,-17.2884615384615,43.));
#6235=CARTESIAN_POINT('',(17.516,-23.5,49.));
#6236=CARTESIAN_POINT('',(17.5158236459877,-10.5769230769231,42.8707078852082));
#6237=CARTESIAN_POINT('',(17.5158200598904,-10.5769230769231,49.));
#6238=CARTESIAN_POINT('Ctrl Pts',(17.5160175661272,-10.8328261051327,42.8644196424306));
#6239=CARTESIAN_POINT('Ctrl Pts',(17.5160414268571,-10.7993432356103,42.8643911146566));
#6240=CARTESIAN_POINT('Ctrl Pts',(17.5160513183334,-10.7660825514786,42.8646939000375));
#6241=CARTESIAN_POINT('Ctrl Pts',(17.5160643420551,-10.7328693647962,42.8653011671218));
#6242=CARTESIAN_POINT('Ctrl Pts',(17.5160771979287,-10.7000842254062,42.8659006078257));
#6243=CARTESIAN_POINT('Ctrl Pts',(17.5160935500111,-10.6673453169987,42.8667972864577));
#6244=CARTESIAN_POINT('Ctrl Pts',(17.5161037714602,-10.6345208134203,42.8679886341468));
#6245=CARTESIAN_POINT('Ctrl Pts',(17.5161097368172,-10.6153640503622,42.8686839185506));
#6246=CARTESIAN_POINT('Ctrl Pts',(17.5161130910866,-10.596178814169,42.8694799640335));
#6247=CARTESIAN_POINT('Ctrl Pts',(17.5161068308291,-10.5769448613025,42.8703788432591));
#6248=CARTESIAN_POINT('Ctrl Pts',(-17.5159999999999,-19.7828874948619,42.9717141809476));
#6249=CARTESIAN_POINT('Ctrl Pts',(-18.1485321178635,-19.529767817166,42.921849811458));
#6250=CARTESIAN_POINT('Ctrl Pts',(-19.1822836342097,-19.1175690079223,42.7324834405248));
#6251=CARTESIAN_POINT('Ctrl Pts',(-20.2006113825706,-18.7317744562888,42.236147496987));
#6252=CARTESIAN_POINT('Ctrl Pts',(-20.6465729372337,-18.5867183494862,41.7920408508864));
#6253=CARTESIAN_POINT('Ctrl Pts',(-20.7568905076809,-18.5683646294816,41.5452669283323));
#6254=CARTESIAN_POINT('Ctrl Pts',(-20.7798405515089,-18.5748813887447,41.4212730191129));
#6255=CARTESIAN_POINT('Ctrl Pts',(-17.4462659364545,-19.7109940502094,42.9575512311498));
#6256=CARTESIAN_POINT('Ctrl Pts',(-18.016394990529,-19.398181964603,42.8830623241706));
#6257=CARTESIAN_POINT('Ctrl Pts',(-18.9425619466546,-18.9034860721652,42.591101394742));
#6258=CARTESIAN_POINT('Ctrl Pts',(-19.7670552496702,-18.6034463800239,41.9909001098169));
#6259=CARTESIAN_POINT('Ctrl Pts',(-20.0863798052514,-18.5610839174192,41.6145818011297));
#6260=CARTESIAN_POINT('Ctrl Pts',(-20.163313406675,-18.5691929660969,41.4536065775099));
#6261=CARTESIAN_POINT('Ctrl Pts',(-20.1817345176051,-18.5773680573741,41.3739593541704));
#6262=CARTESIAN_POINT('Ctrl Pts',(-17.324232383451,-19.5825805437757,42.9459697360018));
#6263=CARTESIAN_POINT('Ctrl Pts',(-17.7851643322966,-19.1584485839693,42.8512554729221));
#6264=CARTESIAN_POINT('Ctrl Pts',(-18.5178269559704,-18.4882562501376,42.4755960592188));
#6265=CARTESIAN_POINT('Ctrl Pts',(-19.0081692588221,-18.0864104510149,41.7590187504407));
#6266=CARTESIAN_POINT('Ctrl Pts',(-19.1147705248285,-18.0481077381384,41.4115049273417));
#6267=CARTESIAN_POINT('Ctrl Pts',(-19.1354565667059,-18.0662697298055,41.3124975376222));
#6268=CARTESIAN_POINT('Ctrl Pts',(-19.1462362228909,-18.0775797912554,41.2655517338458));
#6269=CARTESIAN_POINT('Ctrl Pts',(-17.2046506997427,-19.4521972468114,42.9577166859568));
#6270=CARTESIAN_POINT('Ctrl Pts',(-17.5628744936238,-18.9115280201725,42.8834330697031));
#6271=CARTESIAN_POINT('Ctrl Pts',(-18.1365958845469,-18.0375623758443,42.5947776609089));
#6272=CARTESIAN_POINT('Ctrl Pts',(-18.5876698486901,-17.2864586926784,41.9581044049415));
#6273=CARTESIAN_POINT('Ctrl Pts',(-18.7384903165917,-17.0375655587482,41.5051058893117));
#6274=CARTESIAN_POINT('Ctrl Pts',(-18.7740296671242,-17.0129720592233,41.2889876872607));
#6275=CARTESIAN_POINT('Ctrl Pts',(-18.7842416321995,-17.0270063433921,41.181621672442));
#6276=CARTESIAN_POINT('Ctrl Pts',(-17.1541830838055,-19.396318841542,42.9669998777721));
#6277=CARTESIAN_POINT('Ctrl Pts',(-17.4704491427373,-18.8057062602514,42.9088247800343));
#6278=CARTESIAN_POINT('Ctrl Pts',(-17.9873249009104,-17.8439090386829,42.6878973472789));
#6279=CARTESIAN_POINT('Ctrl Pts',(-18.4964887750909,-16.9437217515379,42.1088387464847));
#6280=CARTESIAN_POINT('Ctrl Pts',(-18.7194695524224,-16.605257502332,41.590714326034));
#6281=CARTESIAN_POINT('Ctrl Pts',(-18.774628337646,-16.5624321556545,41.3028114163877));
#6282=CARTESIAN_POINT('Ctrl Pts',(-18.78610335956,-16.5776379272685,41.1581518556317));
#6283=CARTESIAN_POINT('',(-17.516,-18.7224139024688,42.8644983444944));
#6284=CARTESIAN_POINT('',(-17.5159999999999,-19.7828874948619,42.9717141809476));
#6285=CARTESIAN_POINT('Ctrl Pts',(-17.516,-18.722413902469,42.8644983444944));
#6286=CARTESIAN_POINT('Ctrl Pts',(-17.516,-18.9495762246858,42.8644983444944));
#6287=CARTESIAN_POINT('Ctrl Pts',(-17.5160000000095,-19.1814302523051,42.8811147940916));
#6288=CARTESIAN_POINT('Ctrl Pts',(-17.5160000000095,-19.532557505583,42.9266733985697));
#6289=CARTESIAN_POINT('Ctrl Pts',(-17.516,-19.6584554502757,42.9472011699321));
#6290=CARTESIAN_POINT('Ctrl Pts',(-17.516,-19.7828874948619,42.9717141809475));
#6291=CARTESIAN_POINT('',(-20.7798405515089,-18.5748813887447,41.4212730191129));
#6292=CARTESIAN_POINT('Ctrl Pts',(-17.5159999999999,-19.7828874948619,42.9717141809476));
#6293=CARTESIAN_POINT('Ctrl Pts',(-18.1485321178635,-19.529767817166,42.921849811458));
#6294=CARTESIAN_POINT('Ctrl Pts',(-19.1822836342097,-19.1175690079223,42.7324834405248));
#6295=CARTESIAN_POINT('Ctrl Pts',(-20.2006113825706,-18.7317744562888,42.236147496987));
#6296=CARTESIAN_POINT('Ctrl Pts',(-20.6465729372337,-18.5867183494862,41.7920408508864));
#6297=CARTESIAN_POINT('Ctrl Pts',(-20.7568905076809,-18.5683646294816,41.5452669283323));
#6298=CARTESIAN_POINT('Ctrl Pts',(-20.7798405515089,-18.5748813887447,41.4212730191129));
#6299=CARTESIAN_POINT('',(-18.78610335956,-16.5776379272685,41.1581518556317));
#6300=CARTESIAN_POINT('Origin',(-20.7798405515089,-16.5776379272685,41.3163037112634));
#6301=CARTESIAN_POINT('Ctrl Pts',(-18.78610335956,-16.5776379272685,41.1581518556317));
#6302=CARTESIAN_POINT('Ctrl Pts',(-18.774628337646,-16.5624321556545,41.3028114163877));
#6303=CARTESIAN_POINT('Ctrl Pts',(-18.7194695524224,-16.605257502332,41.590714326034));
#6304=CARTESIAN_POINT('Ctrl Pts',(-18.4964887750909,-16.9437217515379,42.1088387464847));
#6305=CARTESIAN_POINT('Ctrl Pts',(-18.0855774788493,-17.6702012678161,42.5761572903134));
#6306=CARTESIAN_POINT('Ctrl Pts',(-17.704863055685,-18.3716229680697,42.7924794951631));
#6307=CARTESIAN_POINT('Ctrl Pts',(-17.5160527452337,-18.7221506137833,42.865269077157));
#6308=CARTESIAN_POINT('Origin',(-22.0325150178397,-18.4198522453982,25.5244961288998));
#6309=CARTESIAN_POINT('',(-18.8038260887294,-16.596572419928,40.9347307383348));
#6310=CARTESIAN_POINT('',(-20.7975632806783,-18.5829961713131,41.3255211116999));
#6311=CARTESIAN_POINT('Origin',(-20.7975632806783,-16.596572419928,41.0928825939664));
#6312=CARTESIAN_POINT('',(-23.3975432542116,-22.421600458203,8.54894222899673));
#6313=CARTESIAN_POINT('',(-22.0325150178397,-20.4062759967832,25.7571346466333));
#6314=CARTESIAN_POINT('',(-21.4038060622627,-20.4351767068179,8.15815185563162));
#6315=CARTESIAN_POINT('Origin',(-23.3975432542116,-20.4351767068179,8.31630371126325));
#6316=CARTESIAN_POINT('',(-20.0387778258908,-18.4198522453982,25.3663442732682));
#6317=CARTESIAN_POINT('Ctrl Pts',(-23.3975432542116,-22.421600458203,8.54894222899672));
#6318=CARTESIAN_POINT('Ctrl Pts',(-23.4421570056881,-22.4874680954214,7.9865201490553));
#6319=CARTESIAN_POINT('Ctrl Pts',(-23.3660112074393,-22.5544224756451,7.41481872819234));
#6320=CARTESIAN_POINT('Ctrl Pts',(-23.1757444958756,-22.6166262999475,6.88368074113325));
#6321=CARTESIAN_POINT('Ctrl Pts',(-22.7975000006284,-22.4270994423653,8.50198821271885));
#6322=CARTESIAN_POINT('Ctrl Pts',(-22.8418133962469,-22.4828224233695,8.02391031438041));
#6323=CARTESIAN_POINT('Ctrl Pts',(-22.7831054031136,-22.5406743405291,7.5341845348842));
#6324=CARTESIAN_POINT('Ctrl Pts',(-22.626049618347,-22.5938768621294,7.07793070478023));
#6325=CARTESIAN_POINT('Ctrl Pts',(-21.7586751865239,-21.9319815901379,8.36159878283893));
#6326=CARTESIAN_POINT('Ctrl Pts',(-21.8016527289812,-21.9821634649169,8.02964844894195));
#6327=CARTESIAN_POINT('Ctrl Pts',(-21.7737453159921,-22.0335466545755,7.68523651544541));
#6328=CARTESIAN_POINT('Ctrl Pts',(-21.6731860277623,-22.0820036289922,7.35932226955542));
#6329=CARTESIAN_POINT('Ctrl Pts',(-21.3996666398832,-20.8835583348941,8.21033537455616));
#6330=CARTESIAN_POINT('Ctrl Pts',(-21.4293790221842,-20.9447675930066,7.92997627433834));
#6331=CARTESIAN_POINT('Ctrl Pts',(-21.3986960268228,-21.0070341913783,7.64105615770742));
#6332=CARTESIAN_POINT('Ctrl Pts',(-21.3090790261233,-21.0651551583911,7.37066692649673));
#6333=CARTESIAN_POINT('Ctrl Pts',(-21.4038060622627,-20.4351767068179,8.15815185563162));
#6334=CARTESIAN_POINT('Ctrl Pts',(-21.426112938001,-20.5010443440363,7.87694081566091));
#6335=CARTESIAN_POINT('Ctrl Pts',(-21.3880400388766,-20.56799872426,7.59109010522943));
#6336=CARTESIAN_POINT('Ctrl Pts',(-21.2929066830947,-20.6302025485625,7.32552111169989));
#6337=CARTESIAN_POINT('',(-23.1757444958756,-22.6166262999475,6.88368074113326));
#6338=CARTESIAN_POINT('',(-21.2929066830947,-20.6302025485625,7.32552111169989));
#6339=CARTESIAN_POINT('Origin',(-23.1757444958756,-20.6302025485625,6.65104222339978));
#6340=CARTESIAN_POINT('Origin',(-19.4100688703138,-20.4722203771277,8.));
#6341=CARTESIAN_POINT('Origin',(-19.4100688703138,-22.4586441285128,8.23263851773348));
#6342=CARTESIAN_POINT('Ctrl Pts',(-23.1757444958756,-22.6166262999475,6.88368074113326));
#6343=CARTESIAN_POINT('Ctrl Pts',(-23.1311646776801,-22.6214844543346,6.84219855943651));
#6344=CARTESIAN_POINT('Ctrl Pts',(-22.927361481268,-22.6514081887894,6.67891869059311));
#6345=CARTESIAN_POINT('Ctrl Pts',(-22.5005008078305,-22.7482405074465,6.46907349169358));
#6346=CARTESIAN_POINT('Ctrl Pts',(-21.7351181847419,-22.9475733479913,6.2300788783237));
#6347=CARTESIAN_POINT('Ctrl Pts',(-20.7803669505293,-23.2147040631204,6.0577021416372));
#6348=CARTESIAN_POINT('Ctrl Pts',(-19.9767926384123,-23.4462668847813,6.00662811198617));
#6349=CARTESIAN_POINT('Ctrl Pts',(-19.5740228217848,-23.5625120627048,6.00112050825215));
#6350=CARTESIAN_POINT('Ctrl Pts',(-22.626049618347,-22.5938768621294,7.07793070478023));
#6351=CARTESIAN_POINT('Ctrl Pts',(-22.5940739039142,-22.5885562675502,7.05060233490915));
#6352=CARTESIAN_POINT('Ctrl Pts',(-22.4479650033515,-22.5709297484223,6.93312894857526));
#6353=CARTESIAN_POINT('Ctrl Pts',(-22.122588885353,-22.5942439930548,6.7119237218248));
#6354=CARTESIAN_POINT('Ctrl Pts',(-21.4872398092064,-22.7543276039785,6.3859218901681));
#6355=CARTESIAN_POINT('Ctrl Pts',(-20.6495210657392,-23.0649894310143,6.10228270589143));
#6356=CARTESIAN_POINT('Ctrl Pts',(-19.9227334577042,-23.3841513586865,6.01167136462672));
#6357=CARTESIAN_POINT('Ctrl Pts',(-19.5583979504281,-23.5445066384223,6.00197359088132));
#6358=CARTESIAN_POINT('Ctrl Pts',(-21.6731773069873,-22.0820146958534,7.35932668963898));
#6359=CARTESIAN_POINT('Ctrl Pts',(-21.662150241336,-22.073824593441,7.33757805870971));
#6360=CARTESIAN_POINT('Ctrl Pts',(-21.6125686214989,-22.0460003009286,7.23223458194945));
#6361=CARTESIAN_POINT('Ctrl Pts',(-21.4599517658911,-22.0839216675966,6.96477785791351));
#6362=CARTESIAN_POINT('Ctrl Pts',(-21.0505599303435,-22.3332501866627,6.53202709880901));
#6363=CARTESIAN_POINT('Ctrl Pts',(-20.4186457157168,-22.8038610357469,6.14157584016918));
#6364=CARTESIAN_POINT('Ctrl Pts',(-19.8281299081377,-23.275153236575,6.01608716641133));
#6365=CARTESIAN_POINT('Ctrl Pts',(-19.5310544262775,-23.5129617953043,6.00272034671249));
#6366=CARTESIAN_POINT('Ctrl Pts',(-21.3090790261234,-21.0651551583911,7.37066692649673));
#6367=CARTESIAN_POINT('Ctrl Pts',(-21.2937583143512,-21.0729523741521,7.32297218134106));
#6368=CARTESIAN_POINT('Ctrl Pts',(-21.2241006802009,-21.1276615265708,7.12775237758814));
#6369=CARTESIAN_POINT('Ctrl Pts',(-21.0580851527941,-21.3427083550471,6.82614474305402));
#6370=CARTESIAN_POINT('Ctrl Pts',(-20.6989905824154,-21.8362768376031,6.43075359397999));
#6371=CARTESIAN_POINT('Ctrl Pts',(-20.1919238143107,-22.5383911403564,6.11188064395305));
#6372=CARTESIAN_POINT('Ctrl Pts',(-19.7337828319999,-23.1659329812698,6.01277818396467));
#6373=CARTESIAN_POINT('Ctrl Pts',(-19.5037415316177,-23.4813904242912,6.00216055405215));
#6374=CARTESIAN_POINT('Ctrl Pts',(-21.2929066830947,-20.6302025485625,7.32552111169989));
#6375=CARTESIAN_POINT('Ctrl Pts',(-21.270616773997,-20.6447770117235,7.26329783915477));
#6376=CARTESIAN_POINT('Ctrl Pts',(-21.1687151757909,-20.734548215088,7.01837803588966));
#6377=CARTESIAN_POINT('Ctrl Pts',(-20.9552848390722,-21.0250451710593,6.70361023754038));
#6378=CARTESIAN_POINT('Ctrl Pts',(-20.5725935275279,-21.6230436926938,6.34511831748555));
#6379=CARTESIAN_POINT('Ctrl Pts',(-20.0952179104216,-22.424435838081,6.08655321245582));
#6380=CARTESIAN_POINT('Ctrl Pts',(-19.6934307543631,-23.1191243030639,6.00994216797926));
#6381=CARTESIAN_POINT('Ctrl Pts',(-19.4920458460493,-23.4678598368344,6.00168076237823));
#6382=CARTESIAN_POINT('',(-19.575,-23.5,6.00371257496745));
#6383=CARTESIAN_POINT('',(-19.575,-23.3242503135946,6.00681217080265));
#6384=CARTESIAN_POINT('Ctrl Pts',(-19.575,-23.5,6.00371257496745));
#6385=CARTESIAN_POINT('Ctrl Pts',(-19.575,-23.4943208345263,6.00391258048479));
#6386=CARTESIAN_POINT('Ctrl Pts',(-19.575,-23.488641486368,6.00410292538709));
#6387=CARTESIAN_POINT('Ctrl Pts',(-19.575,-23.4300920248212,6.00596556750425));
#6388=CARTESIAN_POINT('Ctrl Pts',(-19.575,-23.3771470510707,6.00681217080265));
#6389=CARTESIAN_POINT('Ctrl Pts',(-19.575,-23.3242503135948,6.00681217080265));
#6390=CARTESIAN_POINT('Ctrl Pts',(-19.5750008214055,-23.3242494230274,6.00679287421941));
#6391=CARTESIAN_POINT('Ctrl Pts',(-19.7485315460594,-23.0239457824038,6.02108089282953));
#6392=CARTESIAN_POINT('Ctrl Pts',(-20.1214492741909,-22.3804000554933,6.10076113402753));
#6393=CARTESIAN_POINT('Ctrl Pts',(-20.5725935275279,-21.6230436926938,6.34511831748555));
#6394=CARTESIAN_POINT('Ctrl Pts',(-20.9552848390722,-21.0250451710593,6.70361023754038));
#6395=CARTESIAN_POINT('Ctrl Pts',(-21.1687151757909,-20.734548215088,7.01837803588966));
#6396=CARTESIAN_POINT('Ctrl Pts',(-21.270616773997,-20.6447770117235,7.26329783915477));
#6397=CARTESIAN_POINT('Ctrl Pts',(-21.2929066830947,-20.6302025485625,7.32552111169989));
#6398=CARTESIAN_POINT('',(-19.5740228217848,-23.5625120627048,6.00112050825215));
#6399=CARTESIAN_POINT('Ctrl Pts',(-23.1757444958756,-22.6166262999475,6.88368074113326));
#6400=CARTESIAN_POINT('Ctrl Pts',(-23.1311646776801,-22.6214844543346,6.84219855943651));
#6401=CARTESIAN_POINT('Ctrl Pts',(-22.927361481268,-22.6514081887894,6.67891869059311));
#6402=CARTESIAN_POINT('Ctrl Pts',(-22.5005008078305,-22.7482405074465,6.46907349169358));
#6403=CARTESIAN_POINT('Ctrl Pts',(-21.7351181847419,-22.9475733479913,6.2300788783237));
#6404=CARTESIAN_POINT('Ctrl Pts',(-20.7803669505293,-23.2147040631204,6.0577021416372));
#6405=CARTESIAN_POINT('Ctrl Pts',(-19.9767926384123,-23.4462668847813,6.00662811198617));
#6406=CARTESIAN_POINT('Ctrl Pts',(-19.5740228217848,-23.5625120627048,6.00112050825215));
#6407=CARTESIAN_POINT('Ctrl Pts',(-19.5740228217848,-23.5625120627048,6.00112050825215));
#6408=CARTESIAN_POINT('Ctrl Pts',(-19.5746740811751,-23.5416859640632,6.00210723218077));
#6409=CARTESIAN_POINT('Ctrl Pts',(-19.575,-23.5208458601654,6.00297843769566));
#6410=CARTESIAN_POINT('Ctrl Pts',(-19.575,-23.5,6.00371257496745));
#6411=CARTESIAN_POINT('Ctrl Pts',(-20.7798405515089,-18.5748813887447,41.4212730191129));
#6412=CARTESIAN_POINT('Ctrl Pts',(-20.7857621462085,-18.5765628498958,41.3892799788765));
#6413=CARTESIAN_POINT('Ctrl Pts',(-20.7916737651614,-18.5792696284044,41.3573408353492));
#6414=CARTESIAN_POINT('Ctrl Pts',(-20.7975632806783,-18.5829961713131,41.3255211116999));
#6415=CARTESIAN_POINT('Ctrl Pts',(-20.1817345176052,-18.5773680573741,41.3739593541705));
#6416=CARTESIAN_POINT('Ctrl Pts',(-20.1869969765047,-18.5800842229914,41.3421624289169));
#6417=CARTESIAN_POINT('Ctrl Pts',(-20.1922914230655,-18.5837584776692,41.3100583034423));
#6418=CARTESIAN_POINT('Ctrl Pts',(-20.197520027095,-18.5884951554754,41.278567095422));
#6419=CARTESIAN_POINT('Ctrl Pts',(-19.1462351579657,-18.0775810716541,41.2655517166655));
#6420=CARTESIAN_POINT('Ctrl Pts',(-19.1504492541183,-18.0814363543869,41.2228466256414));
#6421=CARTESIAN_POINT('Ctrl Pts',(-19.1546327760795,-18.0866739386745,41.1804383773624));
#6422=CARTESIAN_POINT('Ctrl Pts',(-19.1588108523973,-18.0932390548436,41.1381706477024));
#6423=CARTESIAN_POINT('Ctrl Pts',(-18.7842416321995,-17.0270063433921,41.181621672442));
#6424=CARTESIAN_POINT('Ctrl Pts',(-18.7893979578328,-17.030905771658,41.1165093071788));
#6425=CARTESIAN_POINT('Ctrl Pts',(-18.794563239415,-17.0368997096342,41.0516127887052));
#6426=CARTESIAN_POINT('Ctrl Pts',(-18.7996866663498,-17.0449540480042,40.9869142572593));
#6427=CARTESIAN_POINT('Ctrl Pts',(-18.78610335956,-16.5776379272685,41.1581518556317));
#6428=CARTESIAN_POINT('Ctrl Pts',(-18.7920249542596,-16.5815613366209,41.0835014284135));
#6429=CARTESIAN_POINT('Ctrl Pts',(-18.7979365732125,-16.587877153141,41.0089767601832));
#6430=CARTESIAN_POINT('Ctrl Pts',(-18.8038260887294,-16.596572419928,40.9347307383348));
#6431=CARTESIAN_POINT('Origin',(-18.7715317755751,-20.0728139848519,41.3418481443684));
#6432=CARTESIAN_POINT('Origin',(-20.765268967524,-20.0728139848519,41.5));
#6433=CARTESIAN_POINT('Origin',(28.5,-20.0728139848519,41.5));
#6434=CARTESIAN_POINT('',(-17.516,-20.0728139848519,43.));
#6435=CARTESIAN_POINT('Origin',(-17.516,-20.0728139848519,41.5));
#6436=CARTESIAN_POINT('',(28.5,-20.0728139848519,43.));
#6437=CARTESIAN_POINT('',(-28.4128818416222,-18.5829961713131,41.3255211116999));
#6438=CARTESIAN_POINT('Origin',(-28.4219594594595,-20.0728139848519,41.5));
#6439=CARTESIAN_POINT('',(28.5,-18.5829961713131,41.3255211116999));
#6440=CARTESIAN_POINT('Origin',(-17.516,-23.5,49.));
#6441=CARTESIAN_POINT('',(-17.516,-10.8327909728783,42.8644983444944));
#6442=CARTESIAN_POINT('',(-17.516,-6.75,42.8644983444944));
#6443=CARTESIAN_POINT('',(-17.5159964139026,-10.5769230769231,42.870657589178));
#6444=CARTESIAN_POINT('Ctrl Pts',(-17.5161068308291,-10.5769448613025,42.8703788432592));
#6445=CARTESIAN_POINT('Ctrl Pts',(-17.5161175301114,-10.6098172295151,42.868842586563));
#6446=CARTESIAN_POINT('Ctrl Pts',(-17.5161019883718,-10.6425452140167,42.8676059078678));
#6447=CARTESIAN_POINT('Ctrl Pts',(-17.5160881769626,-10.675237769616,42.8666614505187));
#6448=CARTESIAN_POINT('Ctrl Pts',(-17.5160741609441,-10.7084146497062,42.8657030014881));
#6449=CARTESIAN_POINT('Ctrl Pts',(-17.5160614979892,-10.7415551080649,42.8650449171583));
#6450=CARTESIAN_POINT('Ctrl Pts',(-17.5160479517749,-10.774811765829,42.8646989729749));
#6451=CARTESIAN_POINT('Ctrl Pts',(-17.5160400959366,-10.794098255761,42.8644983500183));
#6452=CARTESIAN_POINT('Ctrl Pts',(-17.5160313921696,-10.8134245371189,42.8644031120807));
#6453=CARTESIAN_POINT('Ctrl Pts',(-17.5160175661272,-10.8328261051327,42.8644196424306));
#6454=CARTESIAN_POINT('',(-17.516,-10.5769230769231,49.));
#6455=CARTESIAN_POINT('',(-17.516,-23.75,43.));
#6456=CARTESIAN_POINT('Origin',(-16.7923661676111,-6.75,41.));
#6457=CARTESIAN_POINT('',(-18.78610335956,-13.3783351773929,41.1581518556316));
#6458=CARTESIAN_POINT('',(-18.78610335956,-6.75,41.1581518556316));
#6459=CARTESIAN_POINT('',(-18.775333082058,-13.3514571369944,41.2604653838976));
#6460=CARTESIAN_POINT('Origin',(-16.7923661676111,-13.4198820973048,41.));
#6461=CARTESIAN_POINT('Origin',(-16.7923661676111,-9.3855233081006,41.));
#6462=CARTESIAN_POINT('Origin',(-21.575,-21.,6.));
#6463=CARTESIAN_POINT('',(-21.4038060622627,-17.707592286593,8.15815185563162));
#6464=CARTESIAN_POINT('',(-21.4038060622627,-10.5,8.15815185563162));
#6465=CARTESIAN_POINT('',(-21.3875741592649,-17.686051731589,8.36277891216362));
#6466=CARTESIAN_POINT('Origin',(-21.42889664044,-13.7201179026952,7.84184814436838));
#6467=CARTESIAN_POINT('',(-21.5801264221427,-18.00489466092,5.93537389462324));
#6468=CARTESIAN_POINT('Origin',(28.5,-24.,43.));
#6469=CARTESIAN_POINT('',(28.5,-20.0728139848519,43.));
#6470=CARTESIAN_POINT('Origin',(15.516,-23.5,43.));
#6471=CARTESIAN_POINT('Origin',(28.5,-20.0728139848519,41.5));
#6472=CARTESIAN_POINT('',(28.4128818416222,-18.5829961713131,41.3255211116999));
#6473=CARTESIAN_POINT('',(28.5,-18.5829961713131,41.3255211116999));
#6474=CARTESIAN_POINT('Origin',(28.4219594594595,-20.0728139848519,41.5));
#6475=CARTESIAN_POINT('Origin',(28.5,-18.5829961713131,41.3255211116999));
#6476=CARTESIAN_POINT('',(26.6209752818022,-22.6166262999475,6.88368074113326));
#6477=CARTESIAN_POINT('',(28.5,-22.6166262999475,6.88368074113326));
#6478=CARTESIAN_POINT('',(28.4782782393801,-18.4357871113011,42.582490834839));
#6479=CARTESIAN_POINT('Origin',(28.5,-23.6098381756401,7.));
#6480=CARTESIAN_POINT('',(19.5719816161327,-23.6098381756401,6.));
#6481=CARTESIAN_POINT('Ctrl Pts',(19.5719816161327,-23.6098381756401,6.));
#6482=CARTESIAN_POINT('Ctrl Pts',(19.5728432707461,-23.5941723252892,6.));
#6483=CARTESIAN_POINT('Ctrl Pts',(19.5735264796991,-23.5783841858398,6.00036849972839));
#6484=CARTESIAN_POINT('Ctrl Pts',(19.5740228217848,-23.5625120627049,6.00112050825215));
#6485=CARTESIAN_POINT('',(26.575,-23.6098381756401,6.));
#6486=CARTESIAN_POINT('',(28.5,-23.6098381756401,6.));
#6487=CARTESIAN_POINT('Origin',(26.627027027027,-23.6098381756401,7.));
#6488=CARTESIAN_POINT('Origin',(28.5,-23.6098381756401,7.));
#6489=CARTESIAN_POINT('',(-26.6209752818022,-22.6166262999475,6.88368074113326));
#6490=CARTESIAN_POINT('',(28.5,-22.6166262999475,6.88368074113326));
#6491=CARTESIAN_POINT('',(-26.575,-23.6098381756401,6.));
#6492=CARTESIAN_POINT('Origin',(-26.627027027027,-23.6098381756401,7.));
#6493=CARTESIAN_POINT('',(-19.5719816161327,-23.6098381756401,6.));
#6494=CARTESIAN_POINT('',(28.5,-23.6098381756401,6.));
#6495=CARTESIAN_POINT('Ctrl Pts',(-19.5740228217848,-23.5625120627048,6.00112050825215));
#6496=CARTESIAN_POINT('Ctrl Pts',(-19.5735264796991,-23.5783841858398,6.00036849972839));
#6497=CARTESIAN_POINT('Ctrl Pts',(-19.5728432707461,-23.5941723252892,6.));
#6498=CARTESIAN_POINT('Ctrl Pts',(-19.5719816161327,-23.6098381756401,6.));
#6499=CARTESIAN_POINT('Origin',(28.5,-18.5829961713131,41.3255211116999));
#6500=CARTESIAN_POINT('',(-27.4383016328403,-20.7768025790024,22.5933300857614));
#6501=CARTESIAN_POINT('Origin',(28.5,-24.,43.));
#6502=CARTESIAN_POINT('Origin',(-26.575,-16.,6.));
#6503=CARTESIAN_POINT('',(-28.4094971855136,-11.3684902225475,41.2604653838976));
#6504=CARTESIAN_POINT('Origin',(-28.3959459459459,-9.3855233081006,41.));
#6505=CARTESIAN_POINT('',(-26.6926052936217,-15.7030848171421,8.26046538389762));
#6506=CARTESIAN_POINT('',(-26.575,-16.,6.));
#6507=CARTESIAN_POINT('Origin',(-26.6790540540541,-13.7201179026952,8.));
#6508=CARTESIAN_POINT('',(-26.575,-21.,6.));
#6509=CARTESIAN_POINT('Origin',(-26.575,-16.,6.));
#6510=CARTESIAN_POINT('',(-26.575,-27.5,6.));
#6511=CARTESIAN_POINT('',(-26.575,-21.,6.));
#6512=CARTESIAN_POINT('',(-26.575,-27.5,6.));
#6513=CARTESIAN_POINT('Origin',(28.5,-11.14,43.));
#6514=CARTESIAN_POINT('',(26.575,-21.,6.));
#6515=CARTESIAN_POINT('',(26.6926052936217,-15.7030848171421,8.26046538389761));
#6516=CARTESIAN_POINT('Origin',(26.6790540540541,-13.7201179026952,8.));
#6517=CARTESIAN_POINT('',(28.4094971855136,-11.3684902225475,41.2604653838976));
#6518=CARTESIAN_POINT('',(28.5,-11.14,43.));
#6519=CARTESIAN_POINT('Origin',(28.3959459459459,-9.3855233081006,41.));
#6520=CARTESIAN_POINT('Origin',(28.5,-11.14,43.));
#6521=CARTESIAN_POINT('',(26.575,-27.5,6.));
#6522=CARTESIAN_POINT('',(28.5,-27.5,43.));
#6523=CARTESIAN_POINT('',(26.575,-21.,6.));
#6524=CARTESIAN_POINT('Origin',(15.516,-23.5,49.));
#6525=CARTESIAN_POINT('',(16.7923661676111,-25.0397692704356,43.));
#6526=CARTESIAN_POINT('Ctrl Pts',(16.7923661676111,-25.0397692704356,43.));
#6527=CARTESIAN_POINT('Ctrl Pts',(16.9373403829858,-24.919595302015,43.));
#6528=CARTESIAN_POINT('Ctrl Pts',(17.0671760713987,-24.7769121407542,42.9840286463917));
#6529=CARTESIAN_POINT('Ctrl Pts',(17.1742122232084,-24.6181825534331,42.9632100218328));
#6530=CARTESIAN_POINT('',(15.516,-25.5,43.));
#6531=CARTESIAN_POINT('Origin',(15.516,-23.5,43.));
#6532=CARTESIAN_POINT('',(15.516,-25.5,49.));
#6533=CARTESIAN_POINT('Origin',(16.7923661676111,-6.75,41.));
#6534=CARTESIAN_POINT('',(18.78610335956,-27.5,41.1581518556316));
#6535=CARTESIAN_POINT('',(18.78610335956,-6.75000000000001,41.1581518556316));
#6536=CARTESIAN_POINT('',(16.7923661676111,-27.5,43.));
#6537=CARTESIAN_POINT('Origin',(16.7923661676111,-27.5,41.));
#6538=CARTESIAN_POINT('',(16.7923661676111,-21.,43.));
#6539=CARTESIAN_POINT('Origin',(18.64,-21.,43.));
#6540=CARTESIAN_POINT('',(21.4038060622627,-27.5,8.15815185563162));
#6541=CARTESIAN_POINT('',(21.4038060622627,-10.5,8.15815185563162));
#6542=CARTESIAN_POINT('',(18.64,-27.5,43.));
#6543=CARTESIAN_POINT('Origin',(19.4100688703138,-10.5,8.));
#6544=CARTESIAN_POINT('',(19.4100688703138,-27.5,6.));
#6545=CARTESIAN_POINT('',(19.4100688703138,-10.5,6.));
#6546=CARTESIAN_POINT('Origin',(19.4100688703138,-27.5,8.));
#6547=CARTESIAN_POINT('Origin',(-16.7923661676111,-6.75,41.));
#6548=CARTESIAN_POINT('',(-16.7923661676111,-27.5,43.));
#6549=CARTESIAN_POINT('',(-16.7923661676111,-6.75,43.));
#6550=CARTESIAN_POINT('',(-18.78610335956,-27.5,41.1581518556316));
#6551=CARTESIAN_POINT('Origin',(-16.7923661676111,-27.5,41.));
#6552=CARTESIAN_POINT('',(-18.78610335956,-6.75,41.1581518556316));
#6553=CARTESIAN_POINT('Origin',(-21.575,-21.,6.));
#6554=CARTESIAN_POINT('',(-21.4038060622627,-27.5,8.15815185563162));
#6555=CARTESIAN_POINT('',(-21.575,-27.5,6.));
#6556=CARTESIAN_POINT('',(-21.4038060622627,-10.5,8.15815185563162));
#6557=CARTESIAN_POINT('Origin',(-19.4100688703138,-10.5,8.));
#6558=CARTESIAN_POINT('',(-19.4100688703138,-27.5,6.));
#6559=CARTESIAN_POINT('Origin',(-19.4100688703138,-27.5,8.));
#6560=CARTESIAN_POINT('',(-19.4100688703138,-21.,6.));
#6561=CARTESIAN_POINT('Origin',(-19.4100688703138,-10.5,8.));
#6562=CARTESIAN_POINT('',(-19.575,-14.0499801620675,6.00681217080265));
#6563=CARTESIAN_POINT('',(-19.575,-10.5,6.00681217080265));
#6564=CARTESIAN_POINT('Origin',(-19.4100688703138,-13.7201179026952,8.));
#6565=CARTESIAN_POINT('Origin',(-19.575,-18.,6.));
#6566=CARTESIAN_POINT('',(-19.575,-23.5,0.));
#6567=CARTESIAN_POINT('',(-19.575,-6.92065556157337,6.));
#6568=CARTESIAN_POINT('',(-19.575,-13.8025834675383,6.00170086558215));
#6569=CARTESIAN_POINT('Origin',(-19.575,-13.7201179026952,8.));
#6570=CARTESIAN_POINT('Ctrl Pts',(-19.575,-14.0499801620675,6.00681217080265));
#6571=CARTESIAN_POINT('Ctrl Pts',(-19.575,-13.9950482074418,6.00681217080265));
#6572=CARTESIAN_POINT('Ctrl Pts',(-19.575,-13.9400664070965,6.00605176720211));
#6573=CARTESIAN_POINT('Ctrl Pts',(-19.575,-13.8576272517149,6.00378308535379));
#6574=CARTESIAN_POINT('Ctrl Pts',(-19.575,-13.8300983554361,6.0028363466185));
#6575=CARTESIAN_POINT('Ctrl Pts',(-19.575,-13.8025834675383,6.00170086558215));
#6576=CARTESIAN_POINT('Origin',(-17.575,-23.5,0.));
#6577=CARTESIAN_POINT('',(-17.575,-25.5,6.));
#6578=CARTESIAN_POINT('Origin',(-17.575,-23.5,6.));
#6579=CARTESIAN_POINT('',(-17.575,-25.5,0.));
#6580=CARTESIAN_POINT('Origin',(15.516,-25.5,49.));
#6581=CARTESIAN_POINT('',(7.758,-25.5,43.));
#6582=CARTESIAN_POINT('Origin',(0.,7.5,43.));
#6583=CARTESIAN_POINT('',(28.5,-27.5,43.));
#6584=CARTESIAN_POINT('Origin',(-17.575,-25.5,0.));
#6585=CARTESIAN_POINT('',(17.575,-25.5,6.));
#6586=CARTESIAN_POINT('',(-8.7875,-25.5,6.));
#6587=CARTESIAN_POINT('',(17.575,-25.5,0.));
#6588=CARTESIAN_POINT('Origin',(17.575,-23.5,0.));
#6589=CARTESIAN_POINT('',(19.575,-23.5,0.));
#6590=CARTESIAN_POINT('Origin',(17.575,-23.5,6.));
#6591=CARTESIAN_POINT('Origin',(0.,0.,6.));
#6592=CARTESIAN_POINT('',(-26.575,-21.,6.));
#6593=CARTESIAN_POINT('',(26.575,-27.5,6.));
#6594=CARTESIAN_POINT('',(26.575,-21.,6.));
#6595=CARTESIAN_POINT('Origin',(-26.575,-27.5,0.));
#6596=CARTESIAN_POINT('',(-26.575,-27.5,0.));
#6597=CARTESIAN_POINT('',(26.575,-27.5,0.));
#6598=CARTESIAN_POINT('Origin',(-15.5203299908989,-7.5226281646589,49.));
#6599=CARTESIAN_POINT('',(-13.7239955012116,-5.78389805300856,43.));
#6600=CARTESIAN_POINT('',(-13.7239955012116,-5.78389805300856,49.));
#6601=CARTESIAN_POINT('',(-17.0102199939326,-5.51508544310593,43.));
#6602=CARTESIAN_POINT('Origin',(-15.5203299908989,-7.5226281646589,43.));
#6603=CARTESIAN_POINT('',(-17.0102199939326,-5.51508544310593,49.));
#6604=CARTESIAN_POINT('Origin',(0.,7.5,43.));
#6605=CARTESIAN_POINT('',(20.0528743017079,24.049387669636,43.));
#6606=CARTESIAN_POINT('',(10.7875,24.049387669636,43.));
#6607=CARTESIAN_POINT('',(17.2136750575755,-9.3855233081006,43.));
#6608=CARTESIAN_POINT('',(9.32,-9.3855233081006,43.));
#6609=CARTESIAN_POINT('',(13.4183923939446,-8.65384615384616,43.));
#6610=CARTESIAN_POINT('Origin',(15.0158200598904,-10.5769230769231,43.));
#6611=CARTESIAN_POINT('',(-13.4183923939446,-8.65384615384616,43.));
#6612=CARTESIAN_POINT('Origin',(-4.44089209850063E-15,7.5,43.));
#6613=CARTESIAN_POINT('',(-17.2136750575755,-9.3855233081006,43.));
#6614=CARTESIAN_POINT('Origin',(-15.0158200598904,-10.5769230769231,43.));
#6615=CARTESIAN_POINT('',(-10.7875,-9.3855233081006,43.));
#6616=CARTESIAN_POINT('',(-20.052874301708,24.049387669636,43.));
#6617=CARTESIAN_POINT('',(-9.32,24.049387669636,43.));
#6618=CARTESIAN_POINT('',(-21.2367605815953,22.5,43.));
#6619=CARTESIAN_POINT('Origin',(-4.44089209850063E-15,7.5,43.));
#6620=CARTESIAN_POINT('',(-17.1527681620092,19.6153846154533,43.));
#6621=CARTESIAN_POINT('Origin',(-19.1947651404251,21.0576912195227,43.));
#6622=CARTESIAN_POINT('',(17.1527681620577,19.6153846153846,43.));
#6623=CARTESIAN_POINT('Origin',(-4.44089209850063E-15,7.5,43.));
#6624=CARTESIAN_POINT('',(21.23676058181,22.499999999696,43.));
#6625=CARTESIAN_POINT('Origin',(19.1947650955974,21.0576912829891,43.));
#6626=CARTESIAN_POINT('Origin',(-4.44089209850063E-15,7.5,43.));
#6627=CARTESIAN_POINT('',(13.7313949997272,-5.77624914505099,43.));
#6628=CARTESIAN_POINT('Origin',(0.,7.5,43.));
#6629=CARTESIAN_POINT('',(17.0224653401085,-5.50931872715886,43.));
#6630=CARTESIAN_POINT('Origin',(15.5286980101627,-7.51397809073829,43.));
#6631=CARTESIAN_POINT('',(25.01,-1.5,43.));
#6632=CARTESIAN_POINT('Origin',(20.01,-1.5,43.));
#6633=CARTESIAN_POINT('',(25.01,10.5,43.));
#6634=CARTESIAN_POINT('',(25.01,9.,43.));
#6635=CARTESIAN_POINT('',(19.2834877920699,15.4469364268938,43.));
#6636=CARTESIAN_POINT('Origin',(20.01,10.5,43.));
#6637=CARTESIAN_POINT('',(16.7303900575372,16.7143392884494,43.));
#6638=CARTESIAN_POINT('Origin',(18.9202316881049,17.9204046403407,43.));
#6639=CARTESIAN_POINT('',(-16.7290770690439,16.7167228675918,43.));
#6640=CARTESIAN_POINT('Origin',(0.,7.5,43.));
#6641=CARTESIAN_POINT('',(-19.2758312283193,15.4487334708545,43.));
#6642=CARTESIAN_POINT('Origin',(-18.918746842479,17.9231002062818,43.));
#6643=CARTESIAN_POINT('',(-24.99,10.5,43.));
#6644=CARTESIAN_POINT('Origin',(-19.99,10.5,43.));
#6645=CARTESIAN_POINT('',(-24.99,-1.5,43.));
#6646=CARTESIAN_POINT('',(-24.99,3.,43.));
#6647=CARTESIAN_POINT('Origin',(-19.99,-1.5,43.));
#6648=CARTESIAN_POINT('Origin',(0.,7.5,49.));
#6649=CARTESIAN_POINT('',(13.7313949997272,-5.77624914505099,49.));
#6650=CARTESIAN_POINT('Origin',(15.5286980101627,-7.51397809073829,49.));
#6651=CARTESIAN_POINT('',(17.0224653401085,-5.50931872715886,49.));
#6652=CARTESIAN_POINT('Origin',(18.9202316881049,17.9204046403407,49.));
#6653=CARTESIAN_POINT('',(16.7303900575372,16.7143392884494,49.));
#6654=CARTESIAN_POINT('',(19.2834877920699,15.4469364268938,49.));
#6655=CARTESIAN_POINT('Origin',(0.,7.5,49.));
#6656=CARTESIAN_POINT('',(-16.7290770690439,16.7167228675918,49.));
#6657=CARTESIAN_POINT('Origin',(-18.918746842479,17.9231002062818,49.));
#6658=CARTESIAN_POINT('',(-19.2758312283193,15.4487334708545,49.));
#6659=CARTESIAN_POINT('Ctrl Pts',(17.3416687766354,-9.66017461261274,42.9810519076818));
#6660=CARTESIAN_POINT('Ctrl Pts',(17.8331325416604,-9.90590649512525,42.9469838543256));
#6661=CARTESIAN_POINT('Ctrl Pts',(18.7904424632857,-10.3845614559379,42.7863954836748));
#6662=CARTESIAN_POINT('Ctrl Pts',(19.7585968546124,-10.8686386516013,42.3817347168935));
#6663=CARTESIAN_POINT('Ctrl Pts',(20.4576356962518,-11.2181580724209,41.8660605517704));
#6664=CARTESIAN_POINT('Ctrl Pts',(20.6936831645418,-11.3361818065659,41.5064348059797));
#6665=CARTESIAN_POINT('Ctrl Pts',(20.7582999965049,-11.3684902225475,41.2604653838976));
#6666=CARTESIAN_POINT('Ctrl Pts',(17.2890228865613,-9.71182768886768,42.9738907703484));
#6667=CARTESIAN_POINT('Ctrl Pts',(17.7327864211509,-10.0025826940065,42.9270445566415));
#6668=CARTESIAN_POINT('Ctrl Pts',(18.5929965612723,-10.5602930223593,42.7053039753957));
#6669=CARTESIAN_POINT('Ctrl Pts',(19.4183105638821,-11.0410086452281,42.1994852853152));
#6670=CARTESIAN_POINT('Ctrl Pts',(19.96789210162,-11.3115007233243,41.6567770238427));
#6671=CARTESIAN_POINT('Ctrl Pts',(20.1283479777031,-11.3652455964486,41.3620935755017));
#6672=CARTESIAN_POINT('Ctrl Pts',(20.171319695382,-11.3784457336723,41.1846723979681));
#6673=CARTESIAN_POINT('Ctrl Pts',(17.1968928083734,-9.80321111923776,42.9685052212557));
#6674=CARTESIAN_POINT('Ctrl Pts',(17.5571827700604,-10.1754248231452,42.912034896362));
#6675=CARTESIAN_POINT('Ctrl Pts',(18.2458682453752,-10.888480700071,42.6434456243507));
#6676=CARTESIAN_POINT('Ctrl Pts',(18.8215804277655,-11.4985355474417,42.0529314181945));
#6677=CARTESIAN_POINT('Ctrl Pts',(19.1151736076172,-11.8245669227857,41.4793274222778));
#6678=CARTESIAN_POINT('Ctrl Pts',(19.147222754458,-11.8707815684722,41.2363103700277));
#6679=CARTESIAN_POINT('Ctrl Pts',(19.15448446834,-11.8820432010205,41.1172579246678));
#6680=CARTESIAN_POINT('Ctrl Pts',(17.1057572793145,-9.8953414995693,42.9756810546818));
#6681=CARTESIAN_POINT('Ctrl Pts',(17.3852568620055,-10.3510304201788,42.9320333283474));
#6682=CARTESIAN_POINT('Ctrl Pts',(17.9225971014544,-11.2349510918983,42.7252609150328));
#6683=CARTESIAN_POINT('Ctrl Pts',(18.4039040625649,-12.0957384092562,42.2453510017428));
#6684=CARTESIAN_POINT('Ctrl Pts',(18.6947562453793,-12.6832439432645,41.7100875644757));
#6685=CARTESIAN_POINT('Ctrl Pts',(18.7644670759644,-12.8625049166871,41.3988563945055));
#6686=CARTESIAN_POINT('Ctrl Pts',(18.7827997154016,-12.9112219111522,41.2036206444505));
#6687=CARTESIAN_POINT('Ctrl Pts',(17.0670174721233,-9.93482591712488,42.9810519076818));
#6688=CARTESIAN_POINT('Ctrl Pts',(17.3127493546358,-10.4262896821499,42.9469838543256));
#6689=CARTESIAN_POINT('Ctrl Pts',(17.7914043154484,-11.3835996037752,42.7863954836748));
#6690=CARTESIAN_POINT('Ctrl Pts',(18.2754815111118,-12.3517539951019,42.3817347168936));
#6691=CARTESIAN_POINT('Ctrl Pts',(18.6250009319315,-13.0507928367412,41.8660605517704));
#6692=CARTESIAN_POINT('Ctrl Pts',(18.7430246660765,-13.2868403050312,41.5064348059797));
#6693=CARTESIAN_POINT('Ctrl Pts',(18.775333082058,-13.3514571369944,41.2604653838976));
#6694=CARTESIAN_POINT('',(17.3416687766355,-9.66017461261278,42.9810519076818));
#6695=CARTESIAN_POINT('Ctrl Pts',(17.5158200598904,-10.5769230769231,42.8707089291895));
#6696=CARTESIAN_POINT('Ctrl Pts',(17.5158200598904,-10.4502511665182,42.8766873917884));
#6697=CARTESIAN_POINT('Ctrl Pts',(17.5061950122593,-10.3213820009171,42.8897870594956));
#6698=CARTESIAN_POINT('Ctrl Pts',(17.4575997883291,-10.0099082557929,42.9289940492858));
#6699=CARTESIAN_POINT('Ctrl Pts',(17.4093575719248,-9.83190535860335,42.9572433071963));
#6700=CARTESIAN_POINT('Ctrl Pts',(17.3416687766354,-9.66017461261274,42.9810519076818));
#6701=CARTESIAN_POINT('',(20.758299996505,-11.3684902225475,41.2604653838976));
#6702=CARTESIAN_POINT('Origin',(16.7923661676111,-9.3855233081006,41.));
#6703=CARTESIAN_POINT('Origin',(20.7582999965049,-13.3514571369944,41.5209307677952));
#6704=CARTESIAN_POINT('Ctrl Pts',(20.7582999965049,-11.3684902225475,41.2604653838976));
#6705=CARTESIAN_POINT('Ctrl Pts',(20.7672331076054,-11.3774233336479,41.1924561018573));
#6706=CARTESIAN_POINT('Ctrl Pts',(20.7744164599235,-11.3863866325865,41.1242169947118));
#6707=CARTESIAN_POINT('Ctrl Pts',(20.7798405515089,-11.395368262946,41.0558383273656));
#6708=CARTESIAN_POINT('Ctrl Pts',(20.171319695382,-11.3784457336723,41.1846723979681));
#6709=CARTESIAN_POINT('Ctrl Pts',(20.1780927149553,-11.3860537144418,41.1264885133456));
#6710=CARTESIAN_POINT('Ctrl Pts',(20.1834311117494,-11.3938007034704,41.0680400169948));
#6711=CARTESIAN_POINT('Ctrl Pts',(20.1871952864622,-11.4014385145245,41.0096244778997));
#6712=CARTESIAN_POINT('Ctrl Pts',(19.1544840773894,-11.8820427312879,41.1172578116159));
#6713=CARTESIAN_POINT('Ctrl Pts',(19.1576474954469,-11.8889406304235,41.0761825203944));
#6714=CARTESIAN_POINT('Ctrl Pts',(19.1597084294934,-11.8958167929159,41.0351242747505));
#6715=CARTESIAN_POINT('Ctrl Pts',(19.1607265327679,-11.9027309911605,40.9940459818012));
#6716=CARTESIAN_POINT('Ctrl Pts',(18.7827997154016,-12.9112219111522,41.2036206444505));
#6717=CARTESIAN_POINT('Ctrl Pts',(18.7863069807504,-12.9195505826807,41.1693057847385));
#6718=CARTESIAN_POINT('Ctrl Pts',(18.7889562470362,-12.9278847274884,41.1348483544371));
#6719=CARTESIAN_POINT('Ctrl Pts',(18.7906807756966,-12.9362523552423,41.1004467799751));
#6720=CARTESIAN_POINT('Ctrl Pts',(18.775333082058,-13.3514571369944,41.2604653838976));
#6721=CARTESIAN_POINT('Ctrl Pts',(18.7797996376083,-13.3603902480948,41.2264607428775));
#6722=CARTESIAN_POINT('Ctrl Pts',(18.7833913137673,-13.3693535470334,41.1923411893047));
#6723=CARTESIAN_POINT('Ctrl Pts',(18.78610335956,-13.3783351773929,41.1581518556316));
#6724=CARTESIAN_POINT('',(20.7798405515089,-11.395368262946,41.0558383273656));
#6725=CARTESIAN_POINT('Origin',(20.7798405515089,-13.3783351773929,41.3163037112632));
#6726=CARTESIAN_POINT('Origin',(16.7923661676111,-11.4369151828579,40.7395346161024));
#6727=CARTESIAN_POINT('Origin',(20.6636002157791,-13.1858554391827,42.7816844342632));
#6728=CARTESIAN_POINT('',(23.3813113512138,-15.7030848171421,8.26046538389762));
#6729=CARTESIAN_POINT('Origin',(23.3813113512138,-17.686051731589,8.52093076779524));
#6730=CARTESIAN_POINT('',(20.6636002157791,-11.2028885247358,42.5212190503656));
#6731=CARTESIAN_POINT('Ctrl Pts',(21.4038060622627,-17.707592286593,8.15815185563162));
#6732=CARTESIAN_POINT('Ctrl Pts',(21.3983819706773,-17.7021681950076,8.22653052297784));
#6733=CARTESIAN_POINT('Ctrl Pts',(21.3929689496105,-17.6949848426894,8.29476963012331));
#6734=CARTESIAN_POINT('Ctrl Pts',(21.3875741592649,-17.686051731589,8.36277891216362));
#6735=CARTESIAN_POINT('Ctrl Pts',(21.4075213570037,-17.113430550016,8.11131509058328));
#6736=CARTESIAN_POINT('Ctrl Pts',(21.4029219636661,-17.1093378206601,8.16956672790229));
#6737=CARTESIAN_POINT('Ctrl Pts',(21.3982562181052,-17.1036969096887,8.22784967016412));
#6738=CARTESIAN_POINT('Ctrl Pts',(21.3936773807802,-17.0966079687215,8.28583881128826));
#6739=CARTESIAN_POINT('Ctrl Pts',(21.9099556938777,-16.0843142192875,8.06953639728698));
#6740=CARTESIAN_POINT('Ctrl Pts',(21.9058016954591,-16.0824436453031,8.11030690784769));
#6741=CARTESIAN_POINT('Ctrl Pts',(21.9016754315709,-16.0795383653609,8.15100443905941));
#6742=CARTESIAN_POINT('Ctrl Pts',(21.8975359643722,-16.0755545715073,8.19169030946073));
#6743=CARTESIAN_POINT('Ctrl Pts',(22.9519219517789,-15.7166415656998,8.12302428184537));
#6744=CARTESIAN_POINT('Ctrl Pts',(22.9468750606135,-15.7145330344509,8.15731349112498));
#6745=CARTESIAN_POINT('Ctrl Pts',(22.941849376817,-15.711515304499,8.19163990254741));
#6746=CARTESIAN_POINT('Ctrl Pts',(22.9368274024287,-15.707637505826,8.22580499679815));
#6747=CARTESIAN_POINT('Ctrl Pts',(23.3975432542116,-15.7138550946441,8.15815185563162));
#6748=CARTESIAN_POINT('Ctrl Pts',(23.3921191626262,-15.7111430488514,8.19234118930473));
#6749=CARTESIAN_POINT('Ctrl Pts',(23.3867061415594,-15.7075513726923,8.22646074287746));
#6750=CARTESIAN_POINT('Ctrl Pts',(23.3813113512138,-15.7030848171421,8.26046538389762));
#6751=CARTESIAN_POINT('',(23.3975432542116,-15.7138550946441,8.15815185563162));
#6752=CARTESIAN_POINT('Origin',(23.3975432542116,-17.707592286593,8.31630371126324));
#6753=CARTESIAN_POINT('Origin',(23.4226338323889,-13.7201179026952,8.));
#6754=CARTESIAN_POINT('Ctrl Pts',(23.3975432542116,-15.7138550946441,8.15815185563162));
#6755=CARTESIAN_POINT('Ctrl Pts',(23.4217737816905,-15.7259703583835,8.0054211032095));
#6756=CARTESIAN_POINT('Ctrl Pts',(23.405314987605,-15.7177409613408,7.77420210284939));
#6757=CARTESIAN_POINT('Ctrl Pts',(23.2782434968005,-15.6542052159385,7.47396200668633));
#6758=CARTESIAN_POINT('Ctrl Pts',(22.9867708460077,-15.5084688905421,7.03714627782533));
#6759=CARTESIAN_POINT('Ctrl Pts',(22.2653962493041,-15.1477815921904,6.52182669098983));
#6760=CARTESIAN_POINT('Ctrl Pts',(20.9457624378514,-14.487964686464,6.1101381625029));
#6761=CARTESIAN_POINT('Ctrl Pts',(20.0342406636089,-14.0322037993427,6.01117680941637));
#6762=CARTESIAN_POINT('Ctrl Pts',(19.575,-13.8025834675383,6.00170086558215));
#6763=CARTESIAN_POINT('Ctrl Pts',(22.8033815176347,-15.7175703893851,8.11131509058328));
#6764=CARTESIAN_POINT('Ctrl Pts',(22.8193434906289,-15.7223013396272,8.00355073515586));
#6765=CARTESIAN_POINT('Ctrl Pts',(22.8088947110807,-15.7191778144757,7.84550354643128));
#6766=CARTESIAN_POINT('Ctrl Pts',(22.7227566231714,-15.6908380152389,7.61840133657542));
#6767=CARTESIAN_POINT('Ctrl Pts',(22.5184639996993,-15.6155837983297,7.25685495198009));
#6768=CARTESIAN_POINT('Ctrl Pts',(21.9531816575864,-15.3407026282385,6.69329468894034));
#6769=CARTESIAN_POINT('Ctrl Pts',(20.7977675374677,-14.631199020709,6.15217443352937));
#6770=CARTESIAN_POINT('Ctrl Pts',(19.9747123773633,-14.0914820681313,6.01542921073958));
#6771=CARTESIAN_POINT('Ctrl Pts',(19.5592833655147,-13.8182733815078,6.00234835503733));
#6772=CARTESIAN_POINT('Ctrl Pts',(21.7742639611206,-16.2200032542576,8.06953618328684));
#6773=CARTESIAN_POINT('Ctrl Pts',(21.7766026444185,-16.2238588480758,8.00028225662701));
#6774=CARTESIAN_POINT('Ctrl Pts',(21.7775449462998,-16.2238173542263,7.90814873479415));
#6775=CARTESIAN_POINT('Ctrl Pts',(21.759267588595,-16.1978612931248,7.74244760640026));
#6776=CARTESIAN_POINT('Ctrl Pts',(21.7011748285147,-16.123031420501,7.44194588376181));
#6777=CARTESIAN_POINT('Ctrl Pts',(21.4058473645796,-15.7935988094355,6.82842326139208));
#6778=CARTESIAN_POINT('Ctrl Pts',(20.5377294318162,-14.8846859350843,6.18409648188368));
#6779=CARTESIAN_POINT('Ctrl Pts',(19.87053789066,-14.1954689840238,6.01861965424815));
#6780=CARTESIAN_POINT('Ctrl Pts',(19.5317792557107,-13.8457574459813,6.0028340919212));
#6781=CARTESIAN_POINT('Ctrl Pts',(21.4065925333185,-17.2619709841603,8.12302428184537));
#6782=CARTESIAN_POINT('Ctrl Pts',(21.4133079753617,-17.2801302083582,8.00355233810529));
#6783=CARTESIAN_POINT('Ctrl Pts',(21.40941304543,-17.2686510875907,7.82727492678772));
#6784=CARTESIAN_POINT('Ctrl Pts',(21.3716849054333,-17.1717259402942,7.58122962521846));
#6785=CARTESIAN_POINT('Ctrl Pts',(21.2780350001224,-16.9449107336148,7.20080088838632));
#6786=CARTESIAN_POINT('Ctrl Pts',(20.9819662518911,-16.3408569066551,6.65029551815079));
#6787=CARTESIAN_POINT('Ctrl Pts',(20.2848986755366,-15.1444034813648,6.14192285845106));
#6788=CARTESIAN_POINT('Ctrl Pts',(19.7666134712373,-14.2996434837664,6.01436601070535));
#6789=CARTESIAN_POINT('Ctrl Pts',(19.504301870634,-13.8732615565174,6.00218648267354));
#6790=CARTESIAN_POINT('Ctrl Pts',(21.4038060622627,-17.707592286593,8.15815185563162));
#6791=CARTESIAN_POINT('Ctrl Pts',(21.4159213260022,-17.7318228140718,8.0054211032095));
#6792=CARTESIAN_POINT('Ctrl Pts',(21.4076919289594,-17.7153640199863,7.77420210284939));
#6793=CARTESIAN_POINT('Ctrl Pts',(21.3441561835572,-17.5882925291819,7.47396200668633));
#6794=CARTESIAN_POINT('Ctrl Pts',(21.1984198581607,-17.296819878389,7.03714627782533));
#6795=CARTESIAN_POINT('Ctrl Pts',(20.837732559809,-16.5754452816855,6.52182669098982));
#6796=CARTESIAN_POINT('Ctrl Pts',(20.1779156540826,-15.2558114702328,6.1101381625029));
#6797=CARTESIAN_POINT('Ctrl Pts',(19.7221547669614,-14.3442896959902,6.01117680941637));
#6798=CARTESIAN_POINT('Ctrl Pts',(19.4925344351569,-13.8850490323814,6.00170086558215));
#6799=CARTESIAN_POINT('',(19.575,-13.8025834675383,6.00170086558215));
#6800=CARTESIAN_POINT('Ctrl Pts',(19.575,-13.8025834675383,6.00170086558215));
#6801=CARTESIAN_POINT('Ctrl Pts',(19.575,-13.8300548203943,6.00283455001971));
#6802=CARTESIAN_POINT('Ctrl Pts',(19.575,-13.8575401275172,6.00378008854839));
#6803=CARTESIAN_POINT('Ctrl Pts',(19.575,-13.9399792042046,6.00605056124709));
#6804=CARTESIAN_POINT('Ctrl Pts',(19.575,-13.9950046651146,6.00681217080265));
#6805=CARTESIAN_POINT('Ctrl Pts',(19.575,-14.0499801620675,6.00681217080265));
#6806=CARTESIAN_POINT('Origin',(19.4100688703138,-13.7201179026952,8.));
#6807=CARTESIAN_POINT('Origin',(19.575,-6.92065556157337,6.));
#6808=CARTESIAN_POINT('Origin',(19.575,-13.7201179026952,8.));
#6809=CARTESIAN_POINT('',(19.575,-6.92065556157337,6.));
#6810=CARTESIAN_POINT('Origin',(9.32,-13.7201179026952,8.));
#6811=CARTESIAN_POINT('',(9.32,-15.7030848171421,8.26046538389762));
#6812=CARTESIAN_POINT('Origin',(18.64,-11.14,43.));
#6813=CARTESIAN_POINT('',(9.32,-11.3684902225475,41.2604653838976));
#6814=CARTESIAN_POINT('Origin',(9.32,-9.3855233081006,41.));
#6815=CARTESIAN_POINT('Ctrl Pts',(17.3416687766354,-9.66017461261279,42.9810519076818));
#6816=CARTESIAN_POINT('Ctrl Pts',(17.3046605462731,-9.5662823963198,42.9940690424618));
#6817=CARTESIAN_POINT('Ctrl Pts',(17.2614662357647,-9.47368689733175,42.9999999999999));
#6818=CARTESIAN_POINT('Ctrl Pts',(17.2136750575764,-9.38552330810228,43.));
#6819=CARTESIAN_POINT('Ctrl Pts',(19.575,22.6691505317764,6.00170086558215));
#6820=CARTESIAN_POINT('Ctrl Pts',(19.9989981170521,22.8811495903024,6.0104496168609));
#6821=CARTESIAN_POINT('Ctrl Pts',(20.8410875392285,23.3021943013906,6.09611813796753));
#6822=CARTESIAN_POINT('Ctrl Pts',(22.0859388435465,23.9246199535497,6.45087416193219));
#6823=CARTESIAN_POINT('Ctrl Pts',(22.9051832242557,24.3342421439042,6.95666524016681));
#6824=CARTESIAN_POINT('Ctrl Pts',(23.3081219139822,24.5357114887675,7.48892541247443));
#6825=CARTESIAN_POINT('Ctrl Pts',(23.3936180415084,24.5784595525306,7.77012405099499));
#6826=CARTESIAN_POINT('Ctrl Pts',(23.4061453591467,24.5847232113498,7.91143830484208));
#6827=CARTESIAN_POINT('Ctrl Pts',(19.5592833655147,22.6848404457459,6.00234835503734));
#6828=CARTESIAN_POINT('Ctrl Pts',(19.9428319768429,22.9370828490652,6.01442537396593));
#6829=CARTESIAN_POINT('Ctrl Pts',(20.7034423412959,23.4360836554889,6.13317975491002));
#6830=CARTESIAN_POINT('Ctrl Pts',(21.7991151704596,24.116681234188,6.60167932147632));
#6831=CARTESIAN_POINT('Ctrl Pts',(22.4596187434445,24.4592573346379,7.17927901237935));
#6832=CARTESIAN_POINT('Ctrl Pts',(22.744295210099,24.5658694080462,7.63699041057751));
#6833=CARTESIAN_POINT('Ctrl Pts',(22.8008584723925,24.5834941528027,7.83904878637142));
#6834=CARTESIAN_POINT('Ctrl Pts',(22.8090788033167,24.585893935549,7.9378509849468));
#6835=CARTESIAN_POINT('Ctrl Pts',(19.5317792557141,22.7123245102237,6.00283409173547));
#6836=CARTESIAN_POINT('Ctrl Pts',(19.8445412446568,23.035198866506,6.01740825564038));
#6837=CARTESIAN_POINT('Ctrl Pts',(20.4613862196773,23.6723592192182,6.16141758657266));
#6838=CARTESIAN_POINT('Ctrl Pts',(21.2957171977618,24.5437860721995,6.71961148827586));
#6839=CARTESIAN_POINT('Ctrl Pts',(21.6797231473777,24.9635359941811,7.36531645512647));
#6840=CARTESIAN_POINT('Ctrl Pts',(21.7668256054725,25.0736696964042,7.76562152842095));
#6841=CARTESIAN_POINT('Ctrl Pts',(21.7739761597818,25.0860349842083,7.89911604338242));
#6842=CARTESIAN_POINT('Ctrl Pts',(21.7751041052597,25.0879507410294,7.96142788613127));
#6843=CARTESIAN_POINT('Ctrl Pts',(19.504301870634,22.7398286207555,6.00218648267354));
#6844=CARTESIAN_POINT('Ctrl Pts',(19.7464834402335,23.1334896107862,6.01343134263757));
#6845=CARTESIAN_POINT('Ctrl Pts',(20.2255164567129,23.914023604463,6.12411226253459));
#6846=CARTESIAN_POINT('Ctrl Pts',(20.8914164533659,25.0468456997584,6.56396204494863));
#6847=CARTESIAN_POINT('Ctrl Pts',(21.2500730563405,25.7463919739541,7.12260900298301));
#6848=CARTESIAN_POINT('Ctrl Pts',(21.3818598747571,26.0620017450645,7.59903345380032));
#6849=CARTESIAN_POINT('Ctrl Pts',(21.4055467551849,26.1255961575737,7.82136908328431));
#6850=CARTESIAN_POINT('Ctrl Pts',(21.4089851578797,26.1349615388937,7.93124781492062));
#6851=CARTESIAN_POINT('Ctrl Pts',(19.4925344351569,22.7516160966195,6.00170086558215));
#6852=CARTESIAN_POINT('Ctrl Pts',(19.704533493683,23.1756142136716,6.0104496168609));
#6853=CARTESIAN_POINT('Ctrl Pts',(20.1255782047712,24.0177036358479,6.09611813796753));
#6854=CARTESIAN_POINT('Ctrl Pts',(20.7480038569302,25.262554940166,6.45087416193219));
#6855=CARTESIAN_POINT('Ctrl Pts',(21.1576260472848,26.0817993208752,6.95666524016681));
#6856=CARTESIAN_POINT('Ctrl Pts',(21.359095392148,26.4847380106017,7.48892541247443));
#6857=CARTESIAN_POINT('Ctrl Pts',(21.4018434559111,26.5702341381279,7.77012405099499));
#6858=CARTESIAN_POINT('Ctrl Pts',(21.4081071147303,26.5827614557662,7.91143830484208));
#6859=CARTESIAN_POINT('',(19.575,22.9165472263056,6.00681217080265));
#6860=CARTESIAN_POINT('',(19.575,22.6691505317764,6.00170086558215));
#6861=CARTESIAN_POINT('Ctrl Pts',(19.575,22.9165472263056,6.00681217080265));
#6862=CARTESIAN_POINT('Ctrl Pts',(19.575,22.861616307765,6.00681217080265));
#6863=CARTESIAN_POINT('Ctrl Pts',(19.575,22.806635546316,6.00605179588604));
#6864=CARTESIAN_POINT('Ctrl Pts',(19.575,22.7241963890636,6.0037831566509));
#6865=CARTESIAN_POINT('Ctrl Pts',(19.575,22.6966664555849,6.00283638936834));
#6866=CARTESIAN_POINT('Ctrl Pts',(19.575,22.6691505317764,6.00170086558215));
#6867=CARTESIAN_POINT('',(23.4061453591467,24.5847232113498,7.91143830484208));
#6868=CARTESIAN_POINT('Origin',(19.4100688703138,22.5866849669333,8.));
#6869=CARTESIAN_POINT('',(21.4081071147303,26.5827614557662,7.91143830484208));
#6870=CARTESIAN_POINT('Origin',(23.4061453591467,26.5827614557662,7.82287660968416));
#6871=CARTESIAN_POINT('Origin',(19.4100688703138,22.5866849669333,8.));
#6872=CARTESIAN_POINT('Ctrl Pts',(23.4061453591467,24.5847232113498,7.91143830484208));
#6873=CARTESIAN_POINT('Ctrl Pts',(23.4134342170482,24.5920120692513,8.07588205018125));
#6874=CARTESIAN_POINT('Ctrl Pts',(23.4105595633564,24.5993208665994,8.24077564888911));
#6875=CARTESIAN_POINT('Ctrl Pts',(23.3975432542116,24.6065940342306,8.40486540642116));
#6876=CARTESIAN_POINT('Ctrl Pts',(22.8090788033167,24.585893935549,7.9378509849468));
#6877=CARTESIAN_POINT('Ctrl Pts',(22.8145677346499,24.5920635451008,8.07769644157278));
#6878=CARTESIAN_POINT('Ctrl Pts',(22.8114501713116,24.5983477727506,8.21816377972452));
#6879=CARTESIAN_POINT('Ctrl Pts',(22.7996850670468,24.6044960883118,8.35753369971787));
#6880=CARTESIAN_POINT('Ctrl Pts',(21.7751069633691,25.0879541724795,7.9614276073508));
#6881=CARTESIAN_POINT('Ctrl Pts',(21.7775930932409,25.0935174087315,8.0589579036017));
#6882=CARTESIAN_POINT('Ctrl Pts',(21.7740213201098,25.0990573830436,8.15638348850558));
#6883=CARTESIAN_POINT('Ctrl Pts',(21.7644946732719,25.1045938493842,8.253251425829));
#6884=CARTESIAN_POINT('Ctrl Pts',(21.4089851578797,26.1349615388937,7.93124781492062));
#6885=CARTESIAN_POINT('Ctrl Pts',(21.4118070756602,26.1417379133371,8.01350210537119));
#6886=CARTESIAN_POINT('Ctrl Pts',(21.4095575087361,26.1485139301017,8.09607071430062));
#6887=CARTESIAN_POINT('Ctrl Pts',(21.4022359899118,26.1552713269441,8.17794493126521));
#6888=CARTESIAN_POINT('Ctrl Pts',(21.4081071147303,26.5827614557662,7.91143830484208));
#6889=CARTESIAN_POINT('Ctrl Pts',(21.411751543681,26.5900503136677,7.99366017751167));
#6890=CARTESIAN_POINT('Ctrl Pts',(21.4103142168351,26.5973591110159,8.07610697686559));
#6891=CARTESIAN_POINT('Ctrl Pts',(21.4038060622627,26.604632278647,8.15815185563162));
#6892=CARTESIAN_POINT('',(23.3975432542116,24.6065940342306,8.40486540642116));
#6893=CARTESIAN_POINT('',(21.4038060622627,26.604632278647,8.15815185563162));
#6894=CARTESIAN_POINT('Origin',(23.3975432542116,26.604632278647,8.31630371126324));
#6895=CARTESIAN_POINT('Origin',(19.4100688703138,26.590612330364,8.));
#6896=CARTESIAN_POINT('Origin',(19.4100688703138,24.5925740859475,8.08856169515792));
#6897=CARTESIAN_POINT('Origin',(23.5670248832803,26.5099304484349,6.1797380296485));
#6898=CARTESIAN_POINT('',(20.818981322945,26.0474259140525,40.9114383048421));
#6899=CARTESIAN_POINT('',(18.8252441309961,28.0454641584689,40.6647247540526));
#6900=CARTESIAN_POINT('Origin',(20.818981322945,28.0454641584689,40.8228766096842));
#6901=CARTESIAN_POINT('',(21.5732876913314,26.5099304484349,6.02158617401687));
#6902=CARTESIAN_POINT('',(23.5670248832803,24.5118922040185,6.26829972480641));
#6903=CARTESIAN_POINT('Ctrl Pts',(18.78610335956,28.0368620535338,41.1581518556316));
#6904=CARTESIAN_POINT('Ctrl Pts',(18.7991196687048,28.0498783626786,40.9940620980996));
#6905=CARTESIAN_POINT('Ctrl Pts',(18.8121997420077,28.0527530163704,40.8291684993917));
#6906=CARTESIAN_POINT('Ctrl Pts',(18.8252441309961,28.0454641584689,40.6647247540526));
#6907=CARTESIAN_POINT('Ctrl Pts',(18.789818654301,27.4427003169569,41.1113150905833));
#6908=CARTESIAN_POINT('Ctrl Pts',(18.8008559173372,27.4525217275476,40.9715273846439));
#6909=CARTESIAN_POINT('Ctrl Pts',(18.8121150524621,27.4537792077066,40.8308954778121));
#6910=CARTESIAN_POINT('Ctrl Pts',(18.8231507011949,27.4463162228651,40.691115521564));
#6911=CARTESIAN_POINT('Ctrl Pts',(19.292464221908,26.4137598852217,41.0695671060909));
#6912=CARTESIAN_POINT('Ctrl Pts',(19.3024326611853,26.4182487418119,40.9717292357141));
#6913=CARTESIAN_POINT('Ctrl Pts',(19.312375728187,26.4166161619852,40.8739351345005));
#6914=CARTESIAN_POINT('Ctrl Pts',(19.3223187477708,26.4090152143805,40.7766893559049));
#6915=CARTESIAN_POINT('Ctrl Pts',(20.3342192490762,26.0459113326407,41.1230242818454));
#6916=CARTESIAN_POINT('Ctrl Pts',(20.3463303822668,26.0509712203924,41.04073972944));
#6917=CARTESIAN_POINT('Ctrl Pts',(20.3584643476253,26.0509681919693,40.958040518997));
#6918=CARTESIAN_POINT('Ctrl Pts',(20.3705876825714,26.0458524546134,40.8759395248146));
#6919=CARTESIAN_POINT('Ctrl Pts',(20.7798405515089,26.0431248615849,41.1581518556316));
#6920=CARTESIAN_POINT('Ctrl Pts',(20.7928568606537,26.0496330161573,41.0761069768656));
#6921=CARTESIAN_POINT('Ctrl Pts',(20.8059369339566,26.0510703430032,40.9936601775117));
#6922=CARTESIAN_POINT('Ctrl Pts',(20.818981322945,26.0474259140525,40.9114383048421));
#6923=CARTESIAN_POINT('',(20.7798405515089,26.0431248615849,41.1581518556316));
#6924=CARTESIAN_POINT('',(18.78610335956,28.0368620535338,41.1581518556316));
#6925=CARTESIAN_POINT('Origin',(20.7798405515089,28.0368620535338,41.3163037112632));
#6926=CARTESIAN_POINT('Origin',(18.8111939377373,24.049387669636,40.8418481443684));
#6927=CARTESIAN_POINT('Origin',(20.8049311296862,24.049387669636,41.));
#6928=CARTESIAN_POINT('Ctrl Pts',(20.7798405515089,26.0431248615849,41.1581518556316));
#6929=CARTESIAN_POINT('Ctrl Pts',(20.7530668824964,26.0297380270787,41.3269126313492));
#6930=CARTESIAN_POINT('Ctrl Pts',(20.6132469291122,25.9598280503866,41.6609515291336));
#6931=CARTESIAN_POINT('Ctrl Pts',(20.0829974273335,25.6947032994972,42.1962566609356));
#6932=CARTESIAN_POINT('Ctrl Pts',(19.4787138899603,25.3925615308106,42.5034519093955));
#6933=CARTESIAN_POINT('Ctrl Pts',(19.0603705053341,25.1833898384975,42.6474340900374));
#6934=CARTESIAN_POINT('Ctrl Pts',(20.185678814932,26.0468401563259,41.1113150905833));
#6935=CARTESIAN_POINT('Ctrl Pts',(20.1680415355906,26.0416126640228,41.2303899718906));
#6936=CARTESIAN_POINT('Ctrl Pts',(20.0756126913369,26.0130761547151,41.4785495546267));
#6937=CARTESIAN_POINT('Ctrl Pts',(19.6838202745431,25.8474514937494,41.9843059937108));
#6938=CARTESIAN_POINT('Ctrl Pts',(19.1799827144073,25.5661872253859,42.3526336119851));
#6939=CARTESIAN_POINT('Ctrl Pts',(18.8177673056093,25.3479984798058,42.5341266397511));
#6940=CARTESIAN_POINT('Ctrl Pts',(19.1567388570835,26.5494862930062,41.0695671888231));
#6941=CARTESIAN_POINT('Ctrl Pts',(19.1541547147202,26.5452260311185,41.146089737159));
#6942=CARTESIAN_POINT('Ctrl Pts',(19.1422432723236,26.5247325904243,41.3216815878628));
#6943=CARTESIAN_POINT('Ctrl Pts',(18.983059746982,26.3373217680209,41.8101442231567));
#6944=CARTESIAN_POINT('Ctrl Pts',(18.6581606882526,25.9889983637143,42.2328841096904));
#6945=CARTESIAN_POINT('Ctrl Pts',(18.3935553840147,25.7107899841832,42.4448974548991));
#6946=CARTESIAN_POINT('Ctrl Pts',(18.7888898306158,27.5912407511011,41.1230242818454));
#6947=CARTESIAN_POINT('Ctrl Pts',(18.7814695620024,27.5711756056508,41.2550355342115));
#6948=CARTESIAN_POINT('Ctrl Pts',(18.742788741042,27.4670806252298,41.5253310829975));
#6949=CARTESIAN_POINT('Ctrl Pts',(18.5506143346515,27.039109578679,42.0379906893254));
#6950=CARTESIAN_POINT('Ctrl Pts',(18.2658736921541,26.5117925738862,42.3905707891071));
#6951=CARTESIAN_POINT('Ctrl Pts',(18.0498248174538,26.1354396075654,42.5624535023227));
#6952=CARTESIAN_POINT('Ctrl Pts',(18.78610335956,28.0368620535338,41.1581518556316));
#6953=CARTESIAN_POINT('Ctrl Pts',(18.7727165250538,28.0100883845213,41.3269126313492));
#6954=CARTESIAN_POINT('Ctrl Pts',(18.7028065483617,27.8702684311371,41.6609515291336));
#6955=CARTESIAN_POINT('Ctrl Pts',(18.4376817974723,27.3400189293584,42.1962566609356));
#6956=CARTESIAN_POINT('Ctrl Pts',(18.1355400287857,26.7357353919852,42.5034519093955));
#6957=CARTESIAN_POINT('Ctrl Pts',(17.9263683364726,26.317392007359,42.6474340900374));
#6958=CARTESIAN_POINT('',(19.0603705071679,25.1833898376954,42.6474340915361));
#6959=CARTESIAN_POINT('',(17.931326416656,26.3273081708652,42.6440102049428));
#6960=CARTESIAN_POINT('Ctrl Pts',(19.0603705056766,25.1833898386688,42.6474340899196));
#6961=CARTESIAN_POINT('Ctrl Pts',(18.916342151745,25.3386334777168,42.5405729872592));
#6962=CARTESIAN_POINT('Ctrl Pts',(18.7589882750157,25.5043416374291,42.4739358723753));
#6963=CARTESIAN_POINT('Ctrl Pts',(18.4789400516569,25.7908638929003,42.4432663732429));
#6964=CARTESIAN_POINT('Ctrl Pts',(18.3631791365052,25.9070522612096,42.4543574858367));
#6965=CARTESIAN_POINT('Ctrl Pts',(18.1392171618887,26.1277303354053,42.5209109378545));
#6966=CARTESIAN_POINT('Ctrl Pts',(18.0328213866013,26.2306432929049,42.5736951074329));
#6967=CARTESIAN_POINT('Ctrl Pts',(17.9313264175269,26.3273081694676,42.6440102034695));
#6968=CARTESIAN_POINT('Origin',(16.7923661676111,24.049387669636,41.));
#6969=CARTESIAN_POINT('Origin',(16.7923661676111,24.049387669636,41.));
#6970=CARTESIAN_POINT('Origin',(-4.44089209850063E-15,7.5,49.));
#6971=CARTESIAN_POINT('Ctrl Pts',(20.0528743017079,24.049387669636,43.));
#6972=CARTESIAN_POINT('Ctrl Pts',(19.8346903805179,24.3137608799092,43.));
#6973=CARTESIAN_POINT('Ctrl Pts',(19.5936681221429,24.594146449988,42.9451812303385));
#6974=CARTESIAN_POINT('Ctrl Pts',(19.2581959679716,24.9684155255063,42.7807400725855));
#6975=CARTESIAN_POINT('Ctrl Pts',(19.1571196089582,25.0791070189293,42.7192165935551));
#6976=CARTESIAN_POINT('Ctrl Pts',(19.0603705070554,25.1833898371826,42.6474340909426));
#6977=CARTESIAN_POINT('',(21.23676058181,22.499999999696,49.));
#6978=CARTESIAN_POINT('',(-21.2367605815953,22.5,49.));
#6979=CARTESIAN_POINT('',(-19.0603705076317,25.1833898373927,42.6474340920389));
#6980=CARTESIAN_POINT('Ctrl Pts',(-19.0603705074843,25.1833898367203,42.6474340912608));
#6981=CARTESIAN_POINT('Ctrl Pts',(-19.1709323141707,25.0642187378033,42.7294648596797));
#6982=CARTESIAN_POINT('Ctrl Pts',(-19.2877647307222,24.9359938840007,42.7984841640057));
#6983=CARTESIAN_POINT('Ctrl Pts',(-19.6249625431449,24.5578062598347,42.9523257370382));
#6984=CARTESIAN_POINT('Ctrl Pts',(-19.8496530797794,24.2956305941552,43.));
#6985=CARTESIAN_POINT('Ctrl Pts',(-20.052874301708,24.049387669636,43.));
#6986=CARTESIAN_POINT('',(-17.931326416656,26.3273081708652,42.6440102049428));
#6987=CARTESIAN_POINT('Ctrl Pts',(-17.9313264175269,26.3273081694676,42.6440102034695));
#6988=CARTESIAN_POINT('Ctrl Pts',(-18.0840661074511,26.1818372815271,42.5381930771275));
#6989=CARTESIAN_POINT('Ctrl Pts',(-18.2469315709843,26.0230911354146,42.4727323658243));
#6990=CARTESIAN_POINT('Ctrl Pts',(-18.529640865504,25.7395077124824,42.4433021806403));
#6991=CARTESIAN_POINT('Ctrl Pts',(-18.6449106424509,25.6216297557187,42.4551345578855));
#6992=CARTESIAN_POINT('Ctrl Pts',(-18.8632965063127,25.3941232175491,42.5232063544282));
#6993=CARTESIAN_POINT('Ctrl Pts',(-18.9649419918748,25.2862492364687,42.5766313907862));
#6994=CARTESIAN_POINT('Ctrl Pts',(-19.0603705056766,25.1833898386687,42.6474340899196));
#6995=CARTESIAN_POINT('',(-16.7923661676111,27.3498473166135,43.));
#6996=CARTESIAN_POINT('Ctrl Pts',(-16.7923661676111,27.3498473166135,43.));
#6997=CARTESIAN_POINT('Ctrl Pts',(-17.0572828120785,27.1257359052342,43.));
#6998=CARTESIAN_POINT('Ctrl Pts',(-17.3381607050985,26.8781620583618,42.9449840876008));
#6999=CARTESIAN_POINT('Ctrl Pts',(-17.7141549104279,26.5324314227711,42.7794112019629));
#7000=CARTESIAN_POINT('Ctrl Pts',(-17.8260113230552,26.4276113736429,42.7169718589725));
#7001=CARTESIAN_POINT('Ctrl Pts',(-17.9313264161768,26.3273081707534,42.6440102044048));
#7002=CARTESIAN_POINT('',(16.7923661676111,27.3498473166135,43.));
#7003=CARTESIAN_POINT('Origin',(-4.44089209850063E-15,7.5,43.));
#7004=CARTESIAN_POINT('Ctrl Pts',(17.9313264161768,26.3273081707534,42.6440102044048));
#7005=CARTESIAN_POINT('Ctrl Pts',(17.8260113230552,26.427611373643,42.7169718589725));
#7006=CARTESIAN_POINT('Ctrl Pts',(17.7141549104279,26.5324314227711,42.7794112019629));
#7007=CARTESIAN_POINT('Ctrl Pts',(17.3381607050985,26.8781620583618,42.9449840876008));
#7008=CARTESIAN_POINT('Ctrl Pts',(17.0572828120785,27.1257359052342,43.));
#7009=CARTESIAN_POINT('Ctrl Pts',(16.7923661676111,27.3498473166135,43.));
#7010=CARTESIAN_POINT('Origin',(10.7875,24.049387669636,41.));
#7011=CARTESIAN_POINT('',(10.7875,26.0474259140525,40.9114383048421));
#7012=CARTESIAN_POINT('Origin',(21.575,24.5,6.));
#7013=CARTESIAN_POINT('',(10.7875,24.5847232113498,7.91143830484208));
#7014=CARTESIAN_POINT('Origin',(10.7875,22.5866849669333,8.));
#7015=CARTESIAN_POINT('Origin',(19.575,22.5866849669333,8.));
#7016=CARTESIAN_POINT('Ctrl Pts',(-19.0603705052276,25.1833898384442,42.6474340900741));
#7017=CARTESIAN_POINT('Ctrl Pts',(-19.4787138898783,25.3925615307696,42.5034519094337));
#7018=CARTESIAN_POINT('Ctrl Pts',(-20.0829974272899,25.6947032994754,42.1962566609699));
#7019=CARTESIAN_POINT('Ctrl Pts',(-20.613246929103,25.9598280503819,41.6609515291518));
#7020=CARTESIAN_POINT('Ctrl Pts',(-20.7530668824955,26.0297380270782,41.3269126313554));
#7021=CARTESIAN_POINT('Ctrl Pts',(-20.7798405515089,26.0431248615849,41.1581518556316));
#7022=CARTESIAN_POINT('Ctrl Pts',(-18.817767305517,25.3479984797502,42.5341266397972));
#7023=CARTESIAN_POINT('Ctrl Pts',(-19.1799827143382,25.5661872253466,42.3526336120312));
#7024=CARTESIAN_POINT('Ctrl Pts',(-19.6838202745095,25.8474514937337,41.9843059937466));
#7025=CARTESIAN_POINT('Ctrl Pts',(-20.0756126913309,26.0130761547134,41.4785495546406));
#7026=CARTESIAN_POINT('Ctrl Pts',(-20.16804153559,26.0416126640226,41.2303899718949));
#7027=CARTESIAN_POINT('Ctrl Pts',(-20.185678814932,26.0468401563259,41.1113150905833));
#7028=CARTESIAN_POINT('Ctrl Pts',(-18.3935553839474,25.7107899841123,42.4448974549531));
#7029=CARTESIAN_POINT('Ctrl Pts',(-18.6581606882059,25.9889983636646,42.2328841097433));
#7030=CARTESIAN_POINT('Ctrl Pts',(-18.9830597469655,26.3373217680023,41.8101442231944));
#7031=CARTESIAN_POINT('Ctrl Pts',(-19.142243272323,26.5247325904231,41.3216815878732));
#7032=CARTESIAN_POINT('Ctrl Pts',(-19.1541547147201,26.5452260311184,41.1460897371618));
#7033=CARTESIAN_POINT('Ctrl Pts',(-19.1567388570835,26.5494862930062,41.0695671888231));
#7034=CARTESIAN_POINT('Ctrl Pts',(-18.0498248173988,26.1354396074696,42.5624535023664));
#7035=CARTESIAN_POINT('Ctrl Pts',(-18.2658736921144,26.5117925738138,42.3905707891512));
#7036=CARTESIAN_POINT('Ctrl Pts',(-18.5506143346342,27.0391095786428,42.0379906893608));
#7037=CARTESIAN_POINT('Ctrl Pts',(-18.7427887410396,27.467080625223,41.5253310830125));
#7038=CARTESIAN_POINT('Ctrl Pts',(-18.7814695620021,27.5711756056501,41.2550355342163));
#7039=CARTESIAN_POINT('Ctrl Pts',(-18.7888898306158,27.5912407511011,41.1230242818454));
#7040=CARTESIAN_POINT('Ctrl Pts',(-17.9263683364194,26.3173920072525,42.6474340900741));
#7041=CARTESIAN_POINT('Ctrl Pts',(-18.1355400287447,26.7357353919032,42.5034519094337));
#7042=CARTESIAN_POINT('Ctrl Pts',(-18.4376817974505,27.3400189293148,42.1962566609699));
#7043=CARTESIAN_POINT('Ctrl Pts',(-18.7028065483571,27.8702684311279,41.6609515291518));
#7044=CARTESIAN_POINT('Ctrl Pts',(-18.7727165250533,28.0100883845203,41.3269126313554));
#7045=CARTESIAN_POINT('Ctrl Pts',(-18.78610335956,28.0368620535338,41.1581518556316));
#7046=CARTESIAN_POINT('',(-20.7798405515089,26.0431248615849,41.1581518556316));
#7047=CARTESIAN_POINT('Origin',(-16.7923661676111,24.049387669636,41.));
#7048=CARTESIAN_POINT('',(-18.78610335956,28.0368620535338,41.1581518556316));
#7049=CARTESIAN_POINT('Origin',(-20.7798405515089,28.0368620535338,41.3163037112632));
#7050=CARTESIAN_POINT('Origin',(-16.7923661676111,24.049387669636,41.));
#7051=CARTESIAN_POINT('Ctrl Pts',(-18.8252441309961,28.0454641584689,40.6647247540526));
#7052=CARTESIAN_POINT('Ctrl Pts',(-18.8121997420077,28.0527530163704,40.8291684993917));
#7053=CARTESIAN_POINT('Ctrl Pts',(-18.7991196687048,28.0498783626786,40.9940620980996));
#7054=CARTESIAN_POINT('Ctrl Pts',(-18.78610335956,28.0368620535338,41.1581518556316));
#7055=CARTESIAN_POINT('Ctrl Pts',(-18.8231507011949,27.4463162228651,40.691115521564));
#7056=CARTESIAN_POINT('Ctrl Pts',(-18.8121150524621,27.4537792077066,40.8308954778121));
#7057=CARTESIAN_POINT('Ctrl Pts',(-18.8008559173372,27.4525217275476,40.9715273846439));
#7058=CARTESIAN_POINT('Ctrl Pts',(-18.789818654301,27.4427003169568,41.1113150905833));
#7059=CARTESIAN_POINT('Ctrl Pts',(-19.3223187477708,26.4090152143805,40.7766893559049));
#7060=CARTESIAN_POINT('Ctrl Pts',(-19.312375728187,26.4166161619852,40.8739351345005));
#7061=CARTESIAN_POINT('Ctrl Pts',(-19.3024326611853,26.4182487418119,40.9717292357141));
#7062=CARTESIAN_POINT('Ctrl Pts',(-19.292464221908,26.4137598852217,41.0695671060909));
#7063=CARTESIAN_POINT('Ctrl Pts',(-20.3705876825714,26.0458524546134,40.8759395248146));
#7064=CARTESIAN_POINT('Ctrl Pts',(-20.3584643476253,26.0509681919693,40.958040518997));
#7065=CARTESIAN_POINT('Ctrl Pts',(-20.3463303822668,26.0509712203924,41.04073972944));
#7066=CARTESIAN_POINT('Ctrl Pts',(-20.3342192490762,26.0459113326407,41.1230242818454));
#7067=CARTESIAN_POINT('Ctrl Pts',(-20.818981322945,26.0474259140525,40.9114383048421));
#7068=CARTESIAN_POINT('Ctrl Pts',(-20.8059369339566,26.0510703430032,40.9936601775117));
#7069=CARTESIAN_POINT('Ctrl Pts',(-20.7928568606537,26.0496330161573,41.0761069768656));
#7070=CARTESIAN_POINT('Ctrl Pts',(-20.7798405515089,26.0431248615849,41.1581518556316));
#7071=CARTESIAN_POINT('',(-20.818981322945,26.0474259140525,40.9114383048421));
#7072=CARTESIAN_POINT('',(-18.8252441309961,28.0454641584689,40.6647247540526));
#7073=CARTESIAN_POINT('Origin',(-20.818981322945,28.0454641584689,40.8228766096842));
#7074=CARTESIAN_POINT('Origin',(-18.8111939377373,24.049387669636,40.8418481443684));
#7075=CARTESIAN_POINT('Origin',(-20.8049311296862,24.049387669636,41.));
#7076=CARTESIAN_POINT('Origin',(-20.6235509793555,28.1546654407472,43.2865640757185));
#7077=CARTESIAN_POINT('',(-23.3975432542116,24.6065940342306,8.40486540642115));
#7078=CARTESIAN_POINT('',(-21.4038060622627,26.604632278647,8.15815185563162));
#7079=CARTESIAN_POINT('Origin',(-23.3975432542116,26.604632278647,8.31630371126324));
#7080=CARTESIAN_POINT('',(-18.6298137874066,28.1546654407472,43.1284122200869));
#7081=CARTESIAN_POINT('',(-20.6235509793555,26.1566271963307,43.3751257708764));
#7082=CARTESIAN_POINT('Ctrl Pts',(-23.3975432542116,24.6065940342306,8.40486540642115));
#7083=CARTESIAN_POINT('Ctrl Pts',(-23.4105595633564,24.5993208665994,8.2407756488891));
#7084=CARTESIAN_POINT('Ctrl Pts',(-23.4134342170483,24.5920120692513,8.07588205018125));
#7085=CARTESIAN_POINT('Ctrl Pts',(-23.4061453591467,24.5847232113498,7.91143830484208));
#7086=CARTESIAN_POINT('Ctrl Pts',(-22.7996850670468,24.6044960883118,8.35753369971786));
#7087=CARTESIAN_POINT('Ctrl Pts',(-22.8114501713116,24.5983477727506,8.21816377972451));
#7088=CARTESIAN_POINT('Ctrl Pts',(-22.8145677346499,24.5920635451008,8.07769644157277));
#7089=CARTESIAN_POINT('Ctrl Pts',(-22.8090788033167,24.585893935549,7.9378509849468));
#7090=CARTESIAN_POINT('Ctrl Pts',(-21.7644946732719,25.1045938493843,8.25325142582899));
#7091=CARTESIAN_POINT('Ctrl Pts',(-21.7740213201098,25.0990573830437,8.15638348850557));
#7092=CARTESIAN_POINT('Ctrl Pts',(-21.7775930932409,25.0935174087315,8.0589579036017));
#7093=CARTESIAN_POINT('Ctrl Pts',(-21.7751069633691,25.0879541724795,7.9614276073508));
#7094=CARTESIAN_POINT('Ctrl Pts',(-21.4022359899118,26.1552713269441,8.17794493126521));
#7095=CARTESIAN_POINT('Ctrl Pts',(-21.4095575087361,26.1485139301017,8.09607071430062));
#7096=CARTESIAN_POINT('Ctrl Pts',(-21.4118070756602,26.1417379133371,8.01350210537119));
#7097=CARTESIAN_POINT('Ctrl Pts',(-21.4089851578797,26.1349615388937,7.93124781492062));
#7098=CARTESIAN_POINT('Ctrl Pts',(-21.4038060622627,26.604632278647,8.15815185563162));
#7099=CARTESIAN_POINT('Ctrl Pts',(-21.4103142168351,26.5973591110159,8.07610697686559));
#7100=CARTESIAN_POINT('Ctrl Pts',(-21.411751543681,26.5900503136677,7.99366017751166));
#7101=CARTESIAN_POINT('Ctrl Pts',(-21.4081071147303,26.5827614557662,7.91143830484208));
#7102=CARTESIAN_POINT('',(-23.4061453591467,24.5847232113498,7.91143830484208));
#7103=CARTESIAN_POINT('',(-21.4081071147303,26.5827614557662,7.91143830484208));
#7104=CARTESIAN_POINT('Origin',(-23.4061453591467,26.5827614557662,7.82287660968416));
#7105=CARTESIAN_POINT('Origin',(-19.4100688703138,26.590612330364,8.));
#7106=CARTESIAN_POINT('Origin',(-19.4100688703138,24.5925740859475,8.08856169515792));
#7107=CARTESIAN_POINT('Ctrl Pts',(-23.4061453591467,24.5847232113498,7.91143830484208));
#7108=CARTESIAN_POINT('Ctrl Pts',(-23.3936180415084,24.5784595525306,7.77012405099499));
#7109=CARTESIAN_POINT('Ctrl Pts',(-23.3084383858668,24.5358697247098,7.48880509041601));
#7110=CARTESIAN_POINT('Ctrl Pts',(-23.0055815837667,24.3844413236597,7.08986998648938));
#7111=CARTESIAN_POINT('Ctrl Pts',(-22.3874276231453,24.075364343349,6.61206908768477));
#7112=CARTESIAN_POINT('Ctrl Pts',(-21.260841123616,23.5120710935844,6.15844770771827));
#7113=CARTESIAN_POINT('Ctrl Pts',(-20.1403308227361,22.9518159431445,6.01336586728714));
#7114=CARTESIAN_POINT('Ctrl Pts',(-19.575,22.6691505317764,6.00170086558215));
#7115=CARTESIAN_POINT('Ctrl Pts',(-22.8090788033167,24.585893935549,7.9378509849468));
#7116=CARTESIAN_POINT('Ctrl Pts',(-22.8008584723925,24.5834941528027,7.83904878637142));
#7117=CARTESIAN_POINT('Ctrl Pts',(-22.7452222830435,24.5671031078284,7.63704129326707));
#7118=CARTESIAN_POINT('Ctrl Pts',(-22.529931270129,24.4848768303058,7.29378183989417));
#7119=CARTESIAN_POINT('Ctrl Pts',(-22.0481218353012,24.2521666939043,6.79872424025466));
#7120=CARTESIAN_POINT('Ctrl Pts',(-21.0835054702833,23.6857653628634,6.22190174025473));
#7121=CARTESIAN_POINT('Ctrl Pts',(-20.0706815139523,23.0211636501716,6.01845104694213));
#7122=CARTESIAN_POINT('Ctrl Pts',(-19.5592833655147,22.6848404457459,6.00234835503733));
#7123=CARTESIAN_POINT('Ctrl Pts',(-21.7751041052597,25.0879507410294,7.96142788613127));
#7124=CARTESIAN_POINT('Ctrl Pts',(-21.7739761597818,25.0860349842083,7.89911604338242));
#7125=CARTESIAN_POINT('Ctrl Pts',(-21.7685971189882,25.075349129515,7.76558056006666));
#7126=CARTESIAN_POINT('Ctrl Pts',(-21.6996264797126,24.9892639077998,7.46548338127631));
#7127=CARTESIAN_POINT('Ctrl Pts',(-21.4519882555865,24.7123412876265,6.94880675774764));
#7128=CARTESIAN_POINT('Ctrl Pts',(-20.771028451123,23.9921194363951,6.26934074116094));
#7129=CARTESIAN_POINT('Ctrl Pts',(-19.948795240971,23.1428236519335,6.02226631027535));
#7130=CARTESIAN_POINT('Ctrl Pts',(-19.5317792557141,22.7123245102237,6.00283409173547));
#7131=CARTESIAN_POINT('Ctrl Pts',(-21.4089851578797,26.1349615388937,7.93124781492062));
#7132=CARTESIAN_POINT('Ctrl Pts',(-21.4055467551849,26.1255961575737,7.8213690832843));
#7133=CARTESIAN_POINT('Ctrl Pts',(-21.3827559885567,26.0627121322049,7.59906125253445));
#7134=CARTESIAN_POINT('Ctrl Pts',(-21.2821443543493,25.8245131539695,7.24173324692956));
#7135=CARTESIAN_POINT('Ctrl Pts',(-21.030134093718,25.3084267959625,6.75179570840537));
#7136=CARTESIAN_POINT('Ctrl Pts',(-20.4649256336881,24.3037104872401,6.20639539716036));
#7137=CARTESIAN_POINT('Ctrl Pts',(-19.8272106301,23.2647099407965,6.01717962929225));
#7138=CARTESIAN_POINT('Ctrl Pts',(-19.504301870634,22.7398286207555,6.00218648267354));
#7139=CARTESIAN_POINT('Ctrl Pts',(-21.4081071147303,26.5827614557662,7.91143830484208));
#7140=CARTESIAN_POINT('Ctrl Pts',(-21.4018434559111,26.5702341381279,7.77012405099499));
#7141=CARTESIAN_POINT('Ctrl Pts',(-21.3592536280903,26.4850544824863,7.48880509041601));
#7142=CARTESIAN_POINT('Ctrl Pts',(-21.2078252270403,26.1821976803861,7.08986998648938));
#7143=CARTESIAN_POINT('Ctrl Pts',(-20.8987482467296,25.5640437197648,6.61206908768477));
#7144=CARTESIAN_POINT('Ctrl Pts',(-20.3354549969649,24.4374572202354,6.15844770771827));
#7145=CARTESIAN_POINT('Ctrl Pts',(-19.775199846525,23.3169469193556,6.01336586728714));
#7146=CARTESIAN_POINT('Ctrl Pts',(-19.4925344351569,22.7516160966195,6.00170086558215));
#7147=CARTESIAN_POINT('',(-19.575,22.6691505317764,6.00170086558215));
#7148=CARTESIAN_POINT('',(-19.575,22.9165472263057,6.00681217080265));
#7149=CARTESIAN_POINT('Ctrl Pts',(-19.575,22.6691505317764,6.00170086558215));
#7150=CARTESIAN_POINT('Ctrl Pts',(-19.575,22.6966205064665,6.00283449314573));
#7151=CARTESIAN_POINT('Ctrl Pts',(-19.575,22.7241044337125,6.0037799936647));
#7152=CARTESIAN_POINT('Ctrl Pts',(-19.575,22.8065435079067,6.00605052305525));
#7153=CARTESIAN_POINT('Ctrl Pts',(-19.575,22.8615703509577,6.00681217080265));
#7154=CARTESIAN_POINT('Ctrl Pts',(-19.575,22.9165472263056,6.00681217080265));
#7155=CARTESIAN_POINT('Origin',(-19.4100688703138,22.5866849669333,8.));
#7156=CARTESIAN_POINT('Origin',(-19.4100688703138,22.5866849669333,8.));
#7157=CARTESIAN_POINT('Origin',(-19.575,20.9168847943342,6.));
#7158=CARTESIAN_POINT('Origin',(-19.575,22.5866849669333,8.));
#7159=CARTESIAN_POINT('',(-19.575,20.9168847943342,6.));
#7160=CARTESIAN_POINT('',(-19.575,26.5,6.00681217080265));
#7161=CARTESIAN_POINT('',(-19.575,26.5,6.));
#7162=CARTESIAN_POINT('',(-19.575,18.,6.00681217080265));
#7163=CARTESIAN_POINT('Origin',(-9.32,22.5866849669333,8.));
#7164=CARTESIAN_POINT('',(-9.32,24.5847232113498,7.91143830484208));
#7165=CARTESIAN_POINT('Origin',(-18.64,26.14,43.));
#7166=CARTESIAN_POINT('',(-9.32,26.0474259140525,40.9114383048421));
#7167=CARTESIAN_POINT('Origin',(-9.32,24.049387669636,41.));
#7168=CARTESIAN_POINT('Ctrl Pts',(-19.575,-13.8025834675383,6.00170086558215));
#7169=CARTESIAN_POINT('Ctrl Pts',(-20.0342406636089,-14.0322037993427,6.01117680941637));
#7170=CARTESIAN_POINT('Ctrl Pts',(-20.9457624378514,-14.487964686464,6.11013816250291));
#7171=CARTESIAN_POINT('Ctrl Pts',(-22.2653962493041,-15.1477815921903,6.52182669098983));
#7172=CARTESIAN_POINT('Ctrl Pts',(-22.9867708460077,-15.5084688905421,7.03714627782534));
#7173=CARTESIAN_POINT('Ctrl Pts',(-23.2782434968005,-15.6542052159385,7.47396200668634));
#7174=CARTESIAN_POINT('Ctrl Pts',(-23.405314987605,-15.7177409613408,7.7742021028494));
#7175=CARTESIAN_POINT('Ctrl Pts',(-23.4217737816905,-15.7259703583835,8.00542110320951));
#7176=CARTESIAN_POINT('Ctrl Pts',(-23.3975432542116,-15.7138550946441,8.15815185563162));
#7177=CARTESIAN_POINT('Ctrl Pts',(-19.5592833655147,-13.8182733815078,6.00234835503734));
#7178=CARTESIAN_POINT('Ctrl Pts',(-19.9747123773633,-14.0914820681313,6.01542921073959));
#7179=CARTESIAN_POINT('Ctrl Pts',(-20.7977675374677,-14.631199020709,6.15217443352937));
#7180=CARTESIAN_POINT('Ctrl Pts',(-21.9531816575864,-15.3407026282385,6.69329468894034));
#7181=CARTESIAN_POINT('Ctrl Pts',(-22.5184639996993,-15.6155837983297,7.25685495198011));
#7182=CARTESIAN_POINT('Ctrl Pts',(-22.7227566231714,-15.6908380152389,7.61840133657543));
#7183=CARTESIAN_POINT('Ctrl Pts',(-22.8088947110807,-15.7191778144757,7.84550354643129));
#7184=CARTESIAN_POINT('Ctrl Pts',(-22.8193434906289,-15.7223013396272,8.00355073515586));
#7185=CARTESIAN_POINT('Ctrl Pts',(-22.8033815176347,-15.7175703893851,8.11131509058328));
#7186=CARTESIAN_POINT('Ctrl Pts',(-19.5317792557107,-13.8457574459813,6.00283409192121));
#7187=CARTESIAN_POINT('Ctrl Pts',(-19.87053789066,-14.1954689840238,6.01861965424815));
#7188=CARTESIAN_POINT('Ctrl Pts',(-20.5377294318162,-14.8846859350843,6.18409648188369));
#7189=CARTESIAN_POINT('Ctrl Pts',(-21.4058473645796,-15.7935988094355,6.82842326139209));
#7190=CARTESIAN_POINT('Ctrl Pts',(-21.7011748285147,-16.123031420501,7.44194588376182));
#7191=CARTESIAN_POINT('Ctrl Pts',(-21.759267588595,-16.1978612931248,7.74244760640027));
#7192=CARTESIAN_POINT('Ctrl Pts',(-21.7775449462998,-16.2238173542263,7.90814873479417));
#7193=CARTESIAN_POINT('Ctrl Pts',(-21.7766026444184,-16.2238588480758,8.00028225662701));
#7194=CARTESIAN_POINT('Ctrl Pts',(-21.7742639611206,-16.2200032542576,8.06953618328685));
#7195=CARTESIAN_POINT('Ctrl Pts',(-19.504301870634,-13.8732615565174,6.00218648267354));
#7196=CARTESIAN_POINT('Ctrl Pts',(-19.7666134712373,-14.2996434837664,6.01436601070535));
#7197=CARTESIAN_POINT('Ctrl Pts',(-20.2848986755366,-15.1444034813648,6.14192285845107));
#7198=CARTESIAN_POINT('Ctrl Pts',(-20.9819662518911,-16.3408569066551,6.6502955181508));
#7199=CARTESIAN_POINT('Ctrl Pts',(-21.2780350001224,-16.9449107336148,7.20080088838633));
#7200=CARTESIAN_POINT('Ctrl Pts',(-21.3716849054333,-17.1717259402942,7.58122962521846));
#7201=CARTESIAN_POINT('Ctrl Pts',(-21.40941304543,-17.2686510875908,7.82727492678773));
#7202=CARTESIAN_POINT('Ctrl Pts',(-21.4133079753617,-17.2801302083583,8.0035523381053));
#7203=CARTESIAN_POINT('Ctrl Pts',(-21.4065925333185,-17.2619709841603,8.12302428184537));
#7204=CARTESIAN_POINT('Ctrl Pts',(-19.4925344351569,-13.8850490323814,6.00170086558215));
#7205=CARTESIAN_POINT('Ctrl Pts',(-19.7221547669614,-14.3442896959902,6.01117680941637));
#7206=CARTESIAN_POINT('Ctrl Pts',(-20.1779156540826,-15.2558114702328,6.11013816250291));
#7207=CARTESIAN_POINT('Ctrl Pts',(-20.837732559809,-16.5754452816855,6.52182669098983));
#7208=CARTESIAN_POINT('Ctrl Pts',(-21.1984198581608,-17.296819878389,7.03714627782534));
#7209=CARTESIAN_POINT('Ctrl Pts',(-21.3441561835572,-17.5882925291819,7.47396200668634));
#7210=CARTESIAN_POINT('Ctrl Pts',(-21.4076919289594,-17.7153640199864,7.7742021028494));
#7211=CARTESIAN_POINT('Ctrl Pts',(-21.4159213260022,-17.7318228140718,8.00542110320951));
#7212=CARTESIAN_POINT('Ctrl Pts',(-21.4038060622627,-17.707592286593,8.15815185563162));
#7213=CARTESIAN_POINT('',(-23.3975432542116,-15.7138550946441,8.15815185563162));
#7214=CARTESIAN_POINT('Origin',(-19.4100688703138,-13.7201179026952,8.));
#7215=CARTESIAN_POINT('Origin',(-23.3975432542116,-17.707592286593,8.31630371126325));
#7216=CARTESIAN_POINT('Ctrl Pts',(-21.3875741592649,-17.686051731589,8.36277891216362));
#7217=CARTESIAN_POINT('Ctrl Pts',(-21.3929689496105,-17.6949848426894,8.2947696301233));
#7218=CARTESIAN_POINT('Ctrl Pts',(-21.3983819706773,-17.7021681950076,8.22653052297784));
#7219=CARTESIAN_POINT('Ctrl Pts',(-21.4038060622627,-17.707592286593,8.15815185563162));
#7220=CARTESIAN_POINT('Ctrl Pts',(-21.3936773807802,-17.0966079687215,8.28583881128825));
#7221=CARTESIAN_POINT('Ctrl Pts',(-21.3982562181052,-17.1036969096887,8.22784967016411));
#7222=CARTESIAN_POINT('Ctrl Pts',(-21.4029219636661,-17.1093378206601,8.16956672790229));
#7223=CARTESIAN_POINT('Ctrl Pts',(-21.4075213570037,-17.113430550016,8.11131509058328));
#7224=CARTESIAN_POINT('Ctrl Pts',(-21.8975359643722,-16.0755545715073,8.19169030946072));
#7225=CARTESIAN_POINT('Ctrl Pts',(-21.9016754315709,-16.0795383653609,8.15100443905941));
#7226=CARTESIAN_POINT('Ctrl Pts',(-21.9058016954591,-16.0824436453031,8.11030690784769));
#7227=CARTESIAN_POINT('Ctrl Pts',(-21.9099556938777,-16.0843142192875,8.06953639728698));
#7228=CARTESIAN_POINT('Ctrl Pts',(-22.9368274024287,-15.707637505826,8.22580499679815));
#7229=CARTESIAN_POINT('Ctrl Pts',(-22.941849376817,-15.711515304499,8.19163990254741));
#7230=CARTESIAN_POINT('Ctrl Pts',(-22.9468750606135,-15.7145330344509,8.15731349112499));
#7231=CARTESIAN_POINT('Ctrl Pts',(-22.9519219517789,-15.7166415656998,8.12302428184537));
#7232=CARTESIAN_POINT('Ctrl Pts',(-23.3813113512138,-15.7030848171421,8.26046538389762));
#7233=CARTESIAN_POINT('Ctrl Pts',(-23.3867061415594,-15.7075513726923,8.22646074287746));
#7234=CARTESIAN_POINT('Ctrl Pts',(-23.3921191626262,-15.7111430488514,8.19234118930473));
#7235=CARTESIAN_POINT('Ctrl Pts',(-23.3975432542116,-15.7138550946441,8.15815185563162));
#7236=CARTESIAN_POINT('',(-23.3813113512138,-15.7030848171421,8.26046538389762));
#7237=CARTESIAN_POINT('Origin',(-23.3813113512138,-17.686051731589,8.52093076779524));
#7238=CARTESIAN_POINT('Origin',(-23.4226338323889,-13.7201179026952,8.));
#7239=CARTESIAN_POINT('Origin',(-23.5738636140916,-18.00489466092,6.09352575025487));
#7240=CARTESIAN_POINT('',(-20.7798405515089,-11.395368262946,41.0558383273656));
#7241=CARTESIAN_POINT('Origin',(-20.7798405515089,-13.3783351773929,41.3163037112632));
#7242=CARTESIAN_POINT('',(-23.5738636140916,-16.0219277464731,5.83306036635725));
#7243=CARTESIAN_POINT('Ctrl Pts',(-20.7798405515089,-11.395368262946,41.0558383273656));
#7244=CARTESIAN_POINT('Ctrl Pts',(-20.7744164599235,-11.3863866325865,41.1242169947119));
#7245=CARTESIAN_POINT('Ctrl Pts',(-20.7672331076054,-11.3774233336479,41.1924561018573));
#7246=CARTESIAN_POINT('Ctrl Pts',(-20.7582999965049,-11.3684902225475,41.2604653838976));
#7247=CARTESIAN_POINT('Ctrl Pts',(-20.1871952864622,-11.4014385145245,41.0096244778997));
#7248=CARTESIAN_POINT('Ctrl Pts',(-20.1834311117494,-11.3938007034704,41.0680400169948));
#7249=CARTESIAN_POINT('Ctrl Pts',(-20.1780927149553,-11.3860537144418,41.1264885133456));
#7250=CARTESIAN_POINT('Ctrl Pts',(-20.171319695382,-11.3784457336723,41.1846723979681));
#7251=CARTESIAN_POINT('Ctrl Pts',(-19.1607265327679,-11.9027309911605,40.9940459818012));
#7252=CARTESIAN_POINT('Ctrl Pts',(-19.1597084294934,-11.8958167929159,41.0351242747505));
#7253=CARTESIAN_POINT('Ctrl Pts',(-19.1576474954469,-11.8889406304235,41.0761825203944));
#7254=CARTESIAN_POINT('Ctrl Pts',(-19.1544840773894,-11.8820427312879,41.1172578116159));
#7255=CARTESIAN_POINT('Ctrl Pts',(-18.7906807756966,-12.9362523552423,41.1004467799751));
#7256=CARTESIAN_POINT('Ctrl Pts',(-18.7889562470362,-12.9278847274884,41.1348483544371));
#7257=CARTESIAN_POINT('Ctrl Pts',(-18.7863069807504,-12.9195505826807,41.1693057847386));
#7258=CARTESIAN_POINT('Ctrl Pts',(-18.7827997154016,-12.9112219111522,41.2036206444505));
#7259=CARTESIAN_POINT('Ctrl Pts',(-18.78610335956,-13.3783351773929,41.1581518556316));
#7260=CARTESIAN_POINT('Ctrl Pts',(-18.7833913137673,-13.3693535470334,41.1923411893047));
#7261=CARTESIAN_POINT('Ctrl Pts',(-18.7797996376083,-13.3603902480948,41.2264607428775));
#7262=CARTESIAN_POINT('Ctrl Pts',(-18.775333082058,-13.3514571369944,41.2604653838976));
#7263=CARTESIAN_POINT('',(-20.7582999965049,-11.3684902225475,41.2604653838976));
#7264=CARTESIAN_POINT('Origin',(-20.7582999965049,-13.3514571369944,41.5209307677952));
#7265=CARTESIAN_POINT('Origin',(-16.7923661676111,-11.4369151828579,40.7395346161024));
#7266=CARTESIAN_POINT('Ctrl Pts',(-20.7582999965049,-11.3684902225475,41.2604653838976));
#7267=CARTESIAN_POINT('Ctrl Pts',(-20.6936831645418,-11.3361818065659,41.5064348059797));
#7268=CARTESIAN_POINT('Ctrl Pts',(-20.4576356962518,-11.2181580724209,41.8660605517705));
#7269=CARTESIAN_POINT('Ctrl Pts',(-19.7585968546124,-10.8686386516013,42.3817347168936));
#7270=CARTESIAN_POINT('Ctrl Pts',(-18.7904424632857,-10.3845614559379,42.7863954836748));
#7271=CARTESIAN_POINT('Ctrl Pts',(-17.8331325416604,-9.90590649512525,42.9469838543256));
#7272=CARTESIAN_POINT('Ctrl Pts',(-17.3416687766354,-9.66017461261274,42.9810519076818));
#7273=CARTESIAN_POINT('Ctrl Pts',(-20.171319695382,-11.3784457336723,41.1846723979681));
#7274=CARTESIAN_POINT('Ctrl Pts',(-20.1283479777031,-11.3652455964486,41.3620935755017));
#7275=CARTESIAN_POINT('Ctrl Pts',(-19.96789210162,-11.3115007233243,41.6567770238427));
#7276=CARTESIAN_POINT('Ctrl Pts',(-19.4183105638821,-11.0410086452281,42.1994852853152));
#7277=CARTESIAN_POINT('Ctrl Pts',(-18.5929965612723,-10.5602930223593,42.7053039753957));
#7278=CARTESIAN_POINT('Ctrl Pts',(-17.7327864211509,-10.0025826940065,42.9270445566415));
#7279=CARTESIAN_POINT('Ctrl Pts',(-17.2890228865613,-9.71182768886769,42.9738907703484));
#7280=CARTESIAN_POINT('Ctrl Pts',(-19.15448446834,-11.8820432010205,41.1172579246678));
#7281=CARTESIAN_POINT('Ctrl Pts',(-19.147222754458,-11.8707815684722,41.2363103700277));
#7282=CARTESIAN_POINT('Ctrl Pts',(-19.1151736076172,-11.8245669227857,41.4793274222778));
#7283=CARTESIAN_POINT('Ctrl Pts',(-18.8215804277655,-11.4985355474417,42.0529314181945));
#7284=CARTESIAN_POINT('Ctrl Pts',(-18.2458682453752,-10.888480700071,42.6434456243507));
#7285=CARTESIAN_POINT('Ctrl Pts',(-17.5571827700604,-10.1754248231452,42.912034896362));
#7286=CARTESIAN_POINT('Ctrl Pts',(-17.1968928083734,-9.80321111923776,42.9685052212558));
#7287=CARTESIAN_POINT('Ctrl Pts',(-18.7827997154016,-12.9112219111522,41.2036206444505));
#7288=CARTESIAN_POINT('Ctrl Pts',(-18.7644670759644,-12.8625049166871,41.3988563945055));
#7289=CARTESIAN_POINT('Ctrl Pts',(-18.6947562453793,-12.6832439432645,41.7100875644757));
#7290=CARTESIAN_POINT('Ctrl Pts',(-18.4039040625649,-12.0957384092562,42.2453510017428));
#7291=CARTESIAN_POINT('Ctrl Pts',(-17.9225971014544,-11.2349510918983,42.7252609150328));
#7292=CARTESIAN_POINT('Ctrl Pts',(-17.3852568620055,-10.3510304201788,42.9320333283474));
#7293=CARTESIAN_POINT('Ctrl Pts',(-17.1057572793145,-9.89534149956931,42.9756810546818));
#7294=CARTESIAN_POINT('Ctrl Pts',(-18.775333082058,-13.3514571369944,41.2604653838976));
#7295=CARTESIAN_POINT('Ctrl Pts',(-18.7430246660764,-13.2868403050312,41.5064348059797));
#7296=CARTESIAN_POINT('Ctrl Pts',(-18.6250009319315,-13.0507928367412,41.8660605517705));
#7297=CARTESIAN_POINT('Ctrl Pts',(-18.2754815111118,-12.3517539951019,42.3817347168936));
#7298=CARTESIAN_POINT('Ctrl Pts',(-17.7914043154484,-11.3835996037752,42.7863954836748));
#7299=CARTESIAN_POINT('Ctrl Pts',(-17.3127493546358,-10.4262896821499,42.9469838543256));
#7300=CARTESIAN_POINT('Ctrl Pts',(-17.0670174721233,-9.93482591712488,42.9810519076818));
#7301=CARTESIAN_POINT('',(-17.3416687766355,-9.66017461261279,42.9810519076818));
#7302=CARTESIAN_POINT('Origin',(-16.7923661676111,-9.3855233081006,41.));
#7303=CARTESIAN_POINT('Ctrl Pts',(-17.3416687766354,-9.66017461261274,42.9810519076818));
#7304=CARTESIAN_POINT('Ctrl Pts',(-17.391250314965,-9.78596610481321,42.9636122851785));
#7305=CARTESIAN_POINT('Ctrl Pts',(-17.4305015742313,-9.9154886453288,42.9437987579856));
#7306=CARTESIAN_POINT('Ctrl Pts',(-17.4977214525814,-10.2255685556301,42.9004723426173));
#7307=CARTESIAN_POINT('Ctrl Pts',(-17.5158200598905,-10.4032247111728,42.8789068728362));
#7308=CARTESIAN_POINT('Ctrl Pts',(-17.5158200598904,-10.5769230769248,42.8707089291894));
#7309=CARTESIAN_POINT('Origin',(-15.0158200598904,-10.5769230769231,49.));
#7310=CARTESIAN_POINT('Ctrl Pts',(-17.2136750575755,-9.38552330810059,43.));
#7311=CARTESIAN_POINT('Ctrl Pts',(-17.2614643129974,-9.47368335027384,43.));
#7312=CARTESIAN_POINT('Ctrl Pts',(-17.304659095374,-9.56627871529715,42.9940695527955));
#7313=CARTESIAN_POINT('Ctrl Pts',(-17.3416687766354,-9.6601746126128,42.9810519076818));
#7314=CARTESIAN_POINT('',(-13.4183923939446,-8.65384615384616,49.));
#7315=CARTESIAN_POINT('Origin',(-10.7875,-9.3855233081006,41.));
#7316=CARTESIAN_POINT('',(-10.7875,-11.3684902225475,41.2604653838976));
#7317=CARTESIAN_POINT('Origin',(-21.575,-16.,6.));
#7318=CARTESIAN_POINT('',(-10.7875,-15.7030848171421,8.26046538389762));
#7319=CARTESIAN_POINT('Origin',(-10.7875,-13.7201179026952,8.));
#7320=CARTESIAN_POINT('Origin',(19.4100688703138,14.75,8.));
#7321=CARTESIAN_POINT('',(21.4038060622627,14.75,8.15815185563162));
#7322=CARTESIAN_POINT('',(19.575,26.5,6.00681217080265));
#7323=CARTESIAN_POINT('Ctrl Pts',(19.4100688703141,27.0501454188051,6.));
#7324=CARTESIAN_POINT('Ctrl Pts',(19.4442697958293,26.9982316388164,6.00000000000001));
#7325=CARTESIAN_POINT('Ctrl Pts',(19.4739963140598,26.9424480811219,6.00087550490791));
#7326=CARTESIAN_POINT('Ctrl Pts',(19.5496402797044,26.7607795520111,6.00421087201309));
#7327=CARTESIAN_POINT('Ctrl Pts',(19.575,26.6262423799638,6.00681217080265));
#7328=CARTESIAN_POINT('Ctrl Pts',(19.575,26.5,6.00681217080265));
#7329=CARTESIAN_POINT('',(19.575,14.75,6.00681217080265));
#7330=CARTESIAN_POINT('Origin',(21.575,29.5,6.));
#7331=CARTESIAN_POINT('',(18.78610335956,18.5,41.1581518556316));
#7332=CARTESIAN_POINT('Origin',(-19.4100688703138,18.,8.));
#7333=CARTESIAN_POINT('Ctrl Pts',(-19.575,26.5,6.00681217080265));
#7334=CARTESIAN_POINT('Ctrl Pts',(-19.575,26.6262423799638,6.00681217080265));
#7335=CARTESIAN_POINT('Ctrl Pts',(-19.5496402797044,26.7607795520111,6.00421087201309));
#7336=CARTESIAN_POINT('Ctrl Pts',(-19.4739963140597,26.942448081122,6.0008755049079));
#7337=CARTESIAN_POINT('Ctrl Pts',(-19.4442697958291,26.9982316388167,6.));
#7338=CARTESIAN_POINT('Ctrl Pts',(-19.4100688703139,27.0501454188055,6.));
#7339=CARTESIAN_POINT('',(-21.4038060622627,18.,8.15815185563162));
#7340=CARTESIAN_POINT('Origin',(16.7923661676111,18.5,41.));
#7341=CARTESIAN_POINT('',(16.7923661676111,18.5,43.));
#7342=CARTESIAN_POINT('Origin',(0.,7.5,43.));
#7343=CARTESIAN_POINT('',(-16.7923661676111,21.75,43.));
#7344=CARTESIAN_POINT('Origin',(-16.7923661676111,21.75,41.));
#7345=CARTESIAN_POINT('',(-18.78610335956,21.75,41.1581518556316));
#7346=CARTESIAN_POINT('Origin',(-18.64,36.,43.));
#7347=CARTESIAN_POINT('Origin',(61.3265629065645,84.5851031044584,6.));
#7348=CARTESIAN_POINT('',(18.9982828010551,-6.01465795101859,6.));
#7349=CARTESIAN_POINT('Origin',(-61.6256716014382,84.4447628124762,6.));
#7350=CARTESIAN_POINT('',(-19.0012442732816,-6.01604745886,6.));
#7351=CARTESIAN_POINT('',(-16.5714342436011,-4.83074164481379,6.));
#7352=CARTESIAN_POINT('Origin',(-14.8819003426819,-8.17857306196283,6.));
#7353=CARTESIAN_POINT('',(-12.2574473410321,-5.50000134514579,1.));
#7354=CARTESIAN_POINT('',(-12.2574487139159,-5.5,6.));
#7355=CARTESIAN_POINT('Origin',(-14.8819003426819,-8.17857306196283,1.));
#7356=CARTESIAN_POINT('Origin',(-0.0099999999999989,7.,6.));
#7357=CARTESIAN_POINT('Origin',(-0.0099999999999989,7.,1.));
#7358=CARTESIAN_POINT('Origin',(-18.575,-6.92065556157337,6.));
#7359=CARTESIAN_POINT('Origin',(18.575,-6.92065556157337,6.));
#7360=CARTESIAN_POINT('Origin',(-2.53747881641004,25.5577853097209,6.));
#7361=CARTESIAN_POINT('',(-2.53747881641004,25.5577853097209,6.));
#7362=CARTESIAN_POINT('',(-18.2399903323452,19.974670104055,6.));
#7363=CARTESIAN_POINT('Origin',(-2.87248848406484,26.5,6.));
#7364=CARTESIAN_POINT('',(-2.87248848406484,27.5,6.));
#7365=CARTESIAN_POINT('Origin',(-18.575,27.5,6.));
#7366=CARTESIAN_POINT('',(-18.575,27.5,6.));
#7367=CARTESIAN_POINT('Origin',(-18.575,26.5,6.));
#7368=CARTESIAN_POINT('Origin',(-18.575,20.9168847943342,6.));
#7369=CARTESIAN_POINT('Origin',(18.2399903323452,19.9746701040551,6.));
#7370=CARTESIAN_POINT('',(18.2399903323452,19.9746701040551,6.));
#7371=CARTESIAN_POINT('',(2.53747881641013,25.5577853097208,6.));
#7372=CARTESIAN_POINT('Origin',(18.575,20.9168847943342,6.));
#7373=CARTESIAN_POINT('',(19.575,20.9168847943342,6.));
#7374=CARTESIAN_POINT('Origin',(19.575,26.5,6.));
#7375=CARTESIAN_POINT('',(19.575,26.5,6.));
#7376=CARTESIAN_POINT('Origin',(18.575,26.5,6.));
#7377=CARTESIAN_POINT('',(18.575,27.5,6.));
#7378=CARTESIAN_POINT('Origin',(2.87248848406494,27.5,6.));
#7379=CARTESIAN_POINT('',(2.87248848406494,27.5,6.));
#7380=CARTESIAN_POINT('Origin',(2.87248848406494,26.5,6.));
#7381=CARTESIAN_POINT('Origin',(-19.1947651404251,21.0576912195227,49.));
#7382=CARTESIAN_POINT('',(-17.1527681620092,19.6153846154533,49.));
#7383=CARTESIAN_POINT('Origin',(-4.44089209850063E-15,7.5,49.));
#7384=CARTESIAN_POINT('',(17.1527681620577,19.6153846153846,49.));
#7385=CARTESIAN_POINT('Origin',(19.1947650955974,21.0576912829891,49.));
#7386=CARTESIAN_POINT('Origin',(15.0158200598904,-10.5769230769231,49.));
#7387=CARTESIAN_POINT('',(13.4183923939446,-8.65384615384616,49.));
#7388=CARTESIAN_POINT('Origin',(-4.44089209850063E-15,7.5,49.));
#7389=CARTESIAN_POINT('Origin',(23.57,-16.07,41.5));
#7390=CARTESIAN_POINT('',(21.645,-16.07,34.));
#7391=CARTESIAN_POINT('',(21.645,-16.07,41.5));
#7392=CARTESIAN_POINT('Origin',(23.57,-16.07,34.));
#7393=CARTESIAN_POINT('Origin',(23.57,-16.07,34.));
#7394=CARTESIAN_POINT('Origin',(-23.57,31.07,41.5));
#7395=CARTESIAN_POINT('',(-25.495,31.07,34.));
#7396=CARTESIAN_POINT('',(-25.495,31.07,41.5));
#7397=CARTESIAN_POINT('Origin',(-23.57,31.07,34.));
#7398=CARTESIAN_POINT('Origin',(-23.57,31.07,34.));
#7399=CARTESIAN_POINT('Origin',(23.57,31.07,41.5));
#7400=CARTESIAN_POINT('',(21.645,31.07,34.));
#7401=CARTESIAN_POINT('',(21.645,31.07,41.5));
#7402=CARTESIAN_POINT('Origin',(23.57,31.07,34.));
#7403=CARTESIAN_POINT('Origin',(23.57,31.07,34.));
#7404=CARTESIAN_POINT('Origin',(-23.57,-16.07,41.5));
#7405=CARTESIAN_POINT('',(-25.495,-16.07,34.));
#7406=CARTESIAN_POINT('',(-25.495,-16.07,41.5));
#7407=CARTESIAN_POINT('Origin',(-23.57,-16.07,34.));
#7408=CARTESIAN_POINT('Origin',(-23.57,-16.07,34.));
#7409=CARTESIAN_POINT('Origin',(-24.99,-1.5,49.));
#7410=CARTESIAN_POINT('',(-24.99,-1.5,49.));
#7411=CARTESIAN_POINT('',(-24.99,10.5,49.));
#7412=CARTESIAN_POINT('Origin',(-19.99,-1.5,49.));
#7413=CARTESIAN_POINT('Origin',(-19.99,10.5,49.));
#7414=CARTESIAN_POINT('Origin',(25.01,10.5,49.));
#7415=CARTESIAN_POINT('',(25.01,10.5,49.));
#7416=CARTESIAN_POINT('',(25.01,-1.5,49.));
#7417=CARTESIAN_POINT('Origin',(20.01,10.5,49.));
#7418=CARTESIAN_POINT('Origin',(20.01,-1.5,49.));
#7419=CARTESIAN_POINT('Origin',(-0.0099999999999989,7.,1.));
#7420=CARTESIAN_POINT('',(-22.76,13.,1.));
#7421=CARTESIAN_POINT('Origin',(-20.01,13.,1.));
#7422=CARTESIAN_POINT('',(-22.76,1.,1.));
#7423=CARTESIAN_POINT('Origin',(-20.01,1.,1.));
#7424=CARTESIAN_POINT('',(17.24,1.,1.));
#7425=CARTESIAN_POINT('Origin',(19.99,1.,1.));
#7426=CARTESIAN_POINT('',(17.24,13.,1.));
#7427=CARTESIAN_POINT('Origin',(19.99,13.,1.));
#7428=CARTESIAN_POINT('',(12.69,7.,1.));
#7429=CARTESIAN_POINT('Origin',(-0.0099999999999989,7.,1.));
#7430=CARTESIAN_POINT('Origin',(-0.0099999999999989,7.,0.));
#7431=CARTESIAN_POINT('',(-15.885,7.,-1.25));
#7432=CARTESIAN_POINT('Origin',(-0.0099999999999989,7.,-1.25));
#7433=CARTESIAN_POINT('',(-15.885,7.,0.));
#7434=CARTESIAN_POINT('Origin',(-0.0099999999999989,7.,-1.25));
#7435=CARTESIAN_POINT('',(12.69,7.,-1.25));
#7436=CARTESIAN_POINT('Origin',(-0.0099999999999989,7.,-1.25));
#7437=CARTESIAN_POINT('Origin',(-0.0099999999999989,7.,6.));
#7438=CARTESIAN_POINT('',(12.69,7.,6.));
#7439=CARTESIAN_POINT('Origin',(19.99,13.,1.));
#7440=CARTESIAN_POINT('',(17.24,13.,1.));
#7441=CARTESIAN_POINT('Origin',(-20.01,13.,1.));
#7442=CARTESIAN_POINT('',(-22.76,13.,1.));
#7443=CARTESIAN_POINT('Origin',(-20.01,1.,1.));
#7444=CARTESIAN_POINT('',(-22.76,1.,1.));
#7445=CARTESIAN_POINT('Origin',(19.99,1.,1.));
#7446=CARTESIAN_POINT('',(17.24,1.,1.));
#7447=CARTESIAN_POINT('Origin',(-26.575,21.,0.));
#7448=CARTESIAN_POINT('Origin',(26.575,-21.,0.));
#7449=UNCERTAINTY_MEASURE_WITH_UNIT(LENGTH_MEASURE(0.01),#7453,
'DISTANCE_ACCURACY_VALUE',
'Maximum model space distance between geometric entities at asserted c
onnectivities');
#7450=UNCERTAINTY_MEASURE_WITH_UNIT(LENGTH_MEASURE(0.01),#7453,
'DISTANCE_ACCURACY_VALUE',
'Maximum model space distance between geometric entities at asserted c
onnectivities');
#7451=(
GEOMETRIC_REPRESENTATION_CONTEXT(3)
GLOBAL_UNCERTAINTY_ASSIGNED_CONTEXT((#7449))
GLOBAL_UNIT_ASSIGNED_CONTEXT((#7453,#7455,#7456))
REPRESENTATION_CONTEXT('','3D')
);
#7452=(
GEOMETRIC_REPRESENTATION_CONTEXT(3)
GLOBAL_UNCERTAINTY_ASSIGNED_CONTEXT((#7450))
GLOBAL_UNIT_ASSIGNED_CONTEXT((#7453,#7455,#7456))
REPRESENTATION_CONTEXT('','3D')
);
#7453=(
LENGTH_UNIT()
NAMED_UNIT(*)
SI_UNIT(.MILLI.,.METRE.)
);
#7454=(
LENGTH_UNIT()
NAMED_UNIT(*)
SI_UNIT($,.METRE.)
);
#7455=(
NAMED_UNIT(*)
PLANE_ANGLE_UNIT()
SI_UNIT($,.RADIAN.)
);
#7456=(
NAMED_UNIT(*)
SI_UNIT($,.STERADIAN.)
SOLID_ANGLE_UNIT()
);
#7457=SHAPE_DEFINITION_REPRESENTATION(#7458,#7459);
#7458=PRODUCT_DEFINITION_SHAPE('',$,#7461);
#7459=SHAPE_REPRESENTATION('',(#3658),#7451);
#7460=PRODUCT_DEFINITION_CONTEXT('part definition',#7465,'design');
#7461=PRODUCT_DEFINITION('LGR Coupler Bracket (Defensemen)',
'LGR Coupler Bracket (Defensemen) v2',#7462,#7460);
#7462=PRODUCT_DEFINITION_FORMATION('',$,#7467);
#7463=PRODUCT_RELATED_PRODUCT_CATEGORY(
'LGR Coupler Bracket (Defensemen) v2',
'LGR Coupler Bracket (Defensemen) v2',(#7467));
#7464=APPLICATION_PROTOCOL_DEFINITION('international standard',
'automotive_design',2009,#7465);
#7465=APPLICATION_CONTEXT(
'Core Data for Automotive Mechanical Design Process');
#7466=PRODUCT_CONTEXT('part definition',#7465,'mechanical');
#7467=PRODUCT('LGR Coupler Bracket (Defensemen)',
'LGR Coupler Bracket (Defensemen) v2',$,(#7466));
#7468=PRESENTATION_STYLE_ASSIGNMENT((#7470));
#7469=PRESENTATION_STYLE_ASSIGNMENT((#7471));
#7470=SURFACE_STYLE_USAGE(.BOTH.,#7472);
#7471=SURFACE_STYLE_USAGE(.BOTH.,#7473);
#7472=SURFACE_SIDE_STYLE('',(#7474));
#7473=SURFACE_SIDE_STYLE('',(#7475));
#7474=SURFACE_STYLE_FILL_AREA(#7476);
#7475=SURFACE_STYLE_FILL_AREA(#7477);
#7476=FILL_AREA_STYLE('Steel - Satin',(#7478));
#7477=FILL_AREA_STYLE('Powder Coat - Rough (Black)',(#7479));
#7478=FILL_AREA_STYLE_COLOUR('Steel - Satin',#7480);
#7479=FILL_AREA_STYLE_COLOUR('Powder Coat - Rough (Black)',#7481);
#7480=COLOUR_RGB('Steel - Satin',0.627450980392157,0.627450980392157,0.627450980392157);
#7481=COLOUR_RGB('Powder Coat - Rough (Black)',0.0705882352941176,0.529411764705882,
0.164705882352941);
ENDSEC;
END-ISO-10303-21;
