ISO-10303-21;
HEADER;
/* Generated by software containing ST-Developer
 * from STEP Tools, Inc. (www.steptools.com) 
 */

FILE_DESCRIPTION(
/* description */ (''),
/* implementation_level */ '2;1');

FILE_NAME(
/* name */ 'LGR Height Extension.step',
/* time_stamp */ '2026-03-25T02:12:15-04:00',
/* author */ (''),
/* organization */ (''),
/* preprocessor_version */ 'ST-DEVELOPER v20.1',
/* originating_system */ 'Autodesk Translation Framework v14.24.0.0',
/* authorisation */ '');

FILE_SCHEMA (('AUTOMOTIVE_DESIGN { 1 0 10303 214 3 1 1 }'));
ENDSEC;

DATA;
#10=MECHANICAL_DESIGN_GEOMETRIC_PRESENTATION_REPRESENTATION('',(#13),#3204);
#11=SHAPE_REPRESENTATION_RELATIONSHIP('SRR','None',#3211,#12);
#12=ADVANCED_BREP_SHAPE_REPRESENTATION('',(#14),#3203);
#13=STYLED_ITEM('',(#3221),#14);
#14=MANIFOLD_SOLID_BREP('Body1',#1808);
#15=FACE_BOUND('',#315,.T.);
#16=FACE_BOUND('',#316,.T.);
#17=FACE_BOUND('',#317,.T.);
#18=FACE_BOUND('',#318,.T.);
#19=FACE_BOUND('',#347,.T.);
#20=FACE_BOUND('',#348,.T.);
#21=FACE_BOUND('',#349,.T.);
#22=FACE_BOUND('',#350,.T.);
#23=FACE_BOUND('',#351,.T.);
#24=FACE_BOUND('',#352,.T.);
#25=FACE_BOUND('',#353,.T.);
#26=FACE_BOUND('',#355,.T.);
#27=FACE_BOUND('',#357,.T.);
#28=FACE_BOUND('',#358,.T.);
#29=FACE_BOUND('',#359,.T.);
#30=FACE_BOUND('',#360,.T.);
#31=FACE_BOUND('',#361,.T.);
#32=FACE_BOUND('',#362,.T.);
#33=FACE_BOUND('',#364,.T.);
#34=FACE_BOUND('',#366,.T.);
#35=FACE_BOUND('',#367,.T.);
#36=FACE_BOUND('',#368,.T.);
#37=FACE_BOUND('',#369,.T.);
#38=FACE_BOUND('',#371,.T.);
#39=FACE_BOUND('',#373,.T.);
#40=FACE_BOUND('',#377,.T.);
#41=FACE_BOUND('',#381,.T.);
#42=FACE_BOUND('',#385,.T.);
#43=CIRCLE('',#1824,2.);
#44=CIRCLE('',#1825,2.);
#45=CIRCLE('',#1828,2.);
#46=CIRCLE('',#1829,2.);
#47=CIRCLE('',#1832,2.);
#48=CIRCLE('',#1833,2.);
#49=CIRCLE('',#1836,2.);
#50=CIRCLE('',#1837,2.);
#51=CIRCLE('',#1839,2.);
#52=CIRCLE('',#1840,2.);
#53=CIRCLE('',#1844,2.);
#54=CIRCLE('',#1845,2.);
#55=CIRCLE('',#1848,2.);
#56=CIRCLE('',#1849,2.);
#57=CIRCLE('',#1852,2.);
#58=CIRCLE('',#1853,2.);
#59=CIRCLE('',#1856,2.);
#60=CIRCLE('',#1857,2.);
#61=CIRCLE('',#1859,1.99999999999999);
#62=CIRCLE('',#1860,1.99999999999999);
#63=CIRCLE('',#1865,2.);
#64=CIRCLE('',#1866,2.);
#65=CIRCLE('',#1869,2.);
#66=CIRCLE('',#1870,2.);
#67=CIRCLE('',#1873,2.);
#68=CIRCLE('',#1874,2.);
#69=CIRCLE('',#1877,2.);
#70=CIRCLE('',#1878,2.);
#71=CIRCLE('',#1880,2.00000000000001);
#72=CIRCLE('',#1881,2.00000000000001);
#73=CIRCLE('',#1886,2.);
#74=CIRCLE('',#1887,2.);
#75=CIRCLE('',#1890,2.);
#76=CIRCLE('',#1891,2.);
#77=CIRCLE('',#1894,2.);
#78=CIRCLE('',#1895,2.);
#79=CIRCLE('',#1898,2.);
#80=CIRCLE('',#1899,2.);
#81=CIRCLE('',#1901,2.);
#82=CIRCLE('',#1902,2.);
#83=CIRCLE('',#1906,2.);
#84=CIRCLE('',#1907,2.);
#85=CIRCLE('',#1908,2.);
#86=CIRCLE('',#1909,2.);
#87=CIRCLE('',#1910,2.);
#88=CIRCLE('',#1911,2.);
#89=CIRCLE('',#1912,2.);
#90=CIRCLE('',#1913,2.);
#91=CIRCLE('',#1916,2.5);
#92=CIRCLE('',#1917,2.5);
#93=CIRCLE('',#1920,2.5);
#94=CIRCLE('',#1921,2.5);
#95=CIRCLE('',#1924,2.5);
#96=CIRCLE('',#1925,2.5);
#97=CIRCLE('',#1928,2.5);
#98=CIRCLE('',#1929,2.5);
#99=CIRCLE('',#1931,2.);
#100=CIRCLE('',#1934,2.);
#101=CIRCLE('',#1938,2.);
#102=CIRCLE('',#1941,2.);
#103=CIRCLE('',#1944,2.);
#104=CIRCLE('',#1947,2.);
#105=CIRCLE('',#1950,2.);
#106=CIRCLE('',#1953,2.);
#107=CIRCLE('',#1956,12.5);
#108=CIRCLE('',#1957,12.5);
#109=CIRCLE('',#1960,5.);
#110=CIRCLE('',#1961,5.);
#111=CIRCLE('',#1962,5.);
#112=CIRCLE('',#1963,5.);
#113=CIRCLE('',#1966,2.75);
#114=CIRCLE('',#1967,2.75);
#115=CIRCLE('',#1968,2.75);
#116=CIRCLE('',#1969,2.75);
#117=CIRCLE('',#1974,5.);
#118=CIRCLE('',#1975,2.75);
#119=CIRCLE('',#1979,5.);
#120=CIRCLE('',#1980,2.75);
#121=CIRCLE('',#1984,5.);
#122=CIRCLE('',#1985,2.75);
#123=CIRCLE('',#1989,5.);
#124=CIRCLE('',#1990,2.75);
#125=B_SPLINE_CURVE_WITH_KNOTS('',3,(#2512,#2513,#2514,#2515,#2516,#2517,
#2518,#2519,#2520,#2521,#2522,#2523),.UNSPECIFIED.,.F.,.F.,(4,2,2,2,2,4),
(0.518688497345741,0.570357050846885,0.62202560434803,0.674097890464977,
0.726170176581924,0.731763589820464),.UNSPECIFIED.);
#126=B_SPLINE_CURVE_WITH_KNOTS('',3,(#2542,#2543,#2544,#2545,#2546,#2547,
#2548,#2549,#2550,#2551,#2552,#2553),.UNSPECIFIED.,.F.,.F.,(4,2,2,2,2,4),
(0.305613404401766,0.311206844596533,0.36327914066836,0.415351436740187,
0.467019998408216,0.518688560076245),.UNSPECIFIED.);
#127=B_SPLINE_CURVE_WITH_KNOTS('',3,(#2564,#2565,#2566,#2567,#2568,#2569,
#2570,#2571,#2572,#2573,#2574,#2575),.UNSPECIFIED.,.F.,.F.,(4,2,2,2,2,4),
(0.518688560076245,0.570357121744273,0.622025683412302,0.674097979484129,
0.726170275555956,0.731763715750723),.UNSPECIFIED.);
#128=B_SPLINE_CURVE_WITH_KNOTS('',3,(#2587,#2588,#2589,#2590,#2591,#2592,
#2593,#2594,#2595,#2596,#2597,#2598),.UNSPECIFIED.,.F.,.F.,(4,2,2,2,2,4),
(0.305613404871016,0.311206818109557,0.363279104226504,0.415351390343451,
0.467019943844596,0.518688497345741),.UNSPECIFIED.);
#129=B_SPLINE_CURVE_WITH_KNOTS('',3,(#2631,#2632,#2633,#2634,#2635,#2636,
#2637,#2638,#2639,#2640,#2641,#2642),.UNSPECIFIED.,.F.,.F.,(4,2,2,2,2,4),
(0.305903424956576,0.316713261391596,0.370938111491092,0.425162961590589,
0.478590127620807,0.532017293651026),.UNSPECIFIED.);
#130=B_SPLINE_CURVE_WITH_KNOTS('',3,(#2651,#2652,#2653,#2654,#2655,#2656,
#2657,#2658,#2659,#2660,#2661,#2662),.UNSPECIFIED.,.F.,.F.,(4,2,2,2,2,4),
(0.532017293651026,0.585444459681244,0.638871625711463,0.693096475810959,
0.747321325910456,0.758131162345476),.UNSPECIFIED.);
#131=B_SPLINE_CURVE_WITH_KNOTS('',3,(#2677,#2678,#2679,#2680,#2681,#2682,
#2683,#2684,#2685,#2686,#2687,#2688),.UNSPECIFIED.,.F.,.F.,(4,2,2,2,2,4),
(0.305903424956578,0.316713261391597,0.370938111491093,0.42516296159059,
0.478590127620808,0.532017293651027),.UNSPECIFIED.);
#132=B_SPLINE_CURVE_WITH_KNOTS('',3,(#2702,#2703,#2704,#2705,#2706,#2707,
#2708,#2709,#2710,#2711,#2712,#2713),.UNSPECIFIED.,.F.,.F.,(4,2,2,2,2,4),
(0.532017293651027,0.585444459681246,0.638871625711464,0.693096475810961,
0.747321325910457,0.758131162345476),.UNSPECIFIED.);
#133=B_SPLINE_CURVE_WITH_KNOTS('',3,(#2749,#2750,#2751,#2752,#2753,#2754,
#2755,#2756,#2757,#2758,#2759,#2760),.UNSPECIFIED.,.F.,.F.,(4,2,2,2,2,4),
(0.30561340470039,0.311206827740591,0.36327911747727,0.415351407213949,
0.467019963684686,0.518688520155424),.UNSPECIFIED.);
#134=B_SPLINE_CURVE_WITH_KNOTS('',3,(#2769,#2770,#2771,#2772,#2773,#2774,
#2775,#2776,#2777,#2778,#2779,#2780),.UNSPECIFIED.,.F.,.F.,(4,2,2,2,2,4),
(0.518688520155423,0.570357076626161,0.622025633096898,0.674097922833577,
0.726170212570256,0.731763635610457),.UNSPECIFIED.);
#135=B_SPLINE_CURVE_WITH_KNOTS('',3,(#2798,#2799,#2800,#2801,#2802,#2803,
#2804,#2805,#2806,#2807,#2808,#2809),.UNSPECIFIED.,.F.,.F.,(4,2,2,2,2,4),
(0.518688520155422,0.570357076626159,0.622025633096897,0.674097922833576,
0.726170212570255,0.731763635610456),.UNSPECIFIED.);
#136=B_SPLINE_CURVE_WITH_KNOTS('',3,(#2819,#2820,#2821,#2822,#2823,#2824,
#2825,#2826,#2827,#2828,#2829,#2830),.UNSPECIFIED.,.F.,.F.,(4,2,2,2,2,4),
(0.305613404700389,0.31120682774059,0.363279117477269,0.415351407213948,
0.467019963684685,0.518688520155423),.UNSPECIFIED.);
#137=B_SPLINE_CURVE_WITH_KNOTS('',3,(#2867,#2868,#2869,#2870,#2871,#2872,
#2873,#2874,#2875,#2876,#2877,#2878),.UNSPECIFIED.,.F.,.F.,(4,2,2,2,2,4),
(0.305903424956578,0.316713261391597,0.370938111491094,0.42516296159059,
0.478590127620809,0.532017293651028),.UNSPECIFIED.);
#138=B_SPLINE_CURVE_WITH_KNOTS('',3,(#2887,#2888,#2889,#2890,#2891,#2892,
#2893,#2894,#2895,#2896,#2897,#2898),.UNSPECIFIED.,.F.,.F.,(4,2,2,2,2,4),
(0.532017293651028,0.585444459681246,0.638871625711465,0.693096475810962,
0.747321325910459,0.758131162345477),.UNSPECIFIED.);
#139=B_SPLINE_CURVE_WITH_KNOTS('',3,(#2916,#2917,#2918,#2919,#2920,#2921,
#2922,#2923,#2924,#2925,#2926,#2927),.UNSPECIFIED.,.F.,.F.,(4,2,2,2,2,4),
(0.532017293651026,0.585444459681245,0.638871625711463,0.69309647581096,
0.747321325910457,0.758131162345476),.UNSPECIFIED.);
#140=B_SPLINE_CURVE_WITH_KNOTS('',3,(#2937,#2938,#2939,#2940,#2941,#2942,
#2943,#2944,#2945,#2946,#2947,#2948),.UNSPECIFIED.,.F.,.F.,(4,2,2,2,2,4),
(0.305903424956577,0.316713261391596,0.370938111491093,0.425162961590589,
0.478590127620808,0.532017293651026),.UNSPECIFIED.);
#141=CYLINDRICAL_SURFACE('',#1823,2.);
#142=CYLINDRICAL_SURFACE('',#1827,2.);
#143=CYLINDRICAL_SURFACE('',#1831,2.);
#144=CYLINDRICAL_SURFACE('',#1835,2.);
#145=CYLINDRICAL_SURFACE('',#1838,2.);
#146=CYLINDRICAL_SURFACE('',#1843,2.);
#147=CYLINDRICAL_SURFACE('',#1847,2.);
#148=CYLINDRICAL_SURFACE('',#1851,2.);
#149=CYLINDRICAL_SURFACE('',#1855,2.);
#150=CYLINDRICAL_SURFACE('',#1858,1.99999999999999);
#151=CYLINDRICAL_SURFACE('',#1864,2.);
#152=CYLINDRICAL_SURFACE('',#1868,2.);
#153=CYLINDRICAL_SURFACE('',#1872,2.);
#154=CYLINDRICAL_SURFACE('',#1876,2.);
#155=CYLINDRICAL_SURFACE('',#1879,2.00000000000001);
#156=CYLINDRICAL_SURFACE('',#1885,2.);
#157=CYLINDRICAL_SURFACE('',#1889,2.);
#158=CYLINDRICAL_SURFACE('',#1893,2.);
#159=CYLINDRICAL_SURFACE('',#1897,2.);
#160=CYLINDRICAL_SURFACE('',#1900,2.);
#161=CYLINDRICAL_SURFACE('',#1915,2.5);
#162=CYLINDRICAL_SURFACE('',#1919,2.5);
#163=CYLINDRICAL_SURFACE('',#1923,2.5);
#164=CYLINDRICAL_SURFACE('',#1927,2.5);
#165=CYLINDRICAL_SURFACE('',#1930,2.);
#166=CYLINDRICAL_SURFACE('',#1933,2.);
#167=CYLINDRICAL_SURFACE('',#1937,2.);
#168=CYLINDRICAL_SURFACE('',#1940,2.);
#169=CYLINDRICAL_SURFACE('',#1943,2.);
#170=CYLINDRICAL_SURFACE('',#1946,2.);
#171=CYLINDRICAL_SURFACE('',#1949,2.);
#172=CYLINDRICAL_SURFACE('',#1952,2.);
#173=CYLINDRICAL_SURFACE('',#1955,12.5);
#174=CYLINDRICAL_SURFACE('',#1976,5.);
#175=CYLINDRICAL_SURFACE('',#1977,2.75);
#176=CYLINDRICAL_SURFACE('',#1981,5.);
#177=CYLINDRICAL_SURFACE('',#1982,2.75);
#178=CYLINDRICAL_SURFACE('',#1986,5.);
#179=CYLINDRICAL_SURFACE('',#1987,2.75);
#180=CYLINDRICAL_SURFACE('',#1991,5.);
#181=CYLINDRICAL_SURFACE('',#1992,2.75);
#182=FACE_OUTER_BOUND('',#271,.T.);
#183=FACE_OUTER_BOUND('',#272,.T.);
#184=FACE_OUTER_BOUND('',#273,.T.);
#185=FACE_OUTER_BOUND('',#274,.T.);
#186=FACE_OUTER_BOUND('',#275,.T.);
#187=FACE_OUTER_BOUND('',#276,.T.);
#188=FACE_OUTER_BOUND('',#277,.T.);
#189=FACE_OUTER_BOUND('',#278,.T.);
#190=FACE_OUTER_BOUND('',#279,.T.);
#191=FACE_OUTER_BOUND('',#280,.T.);
#192=FACE_OUTER_BOUND('',#281,.T.);
#193=FACE_OUTER_BOUND('',#282,.T.);
#194=FACE_OUTER_BOUND('',#283,.T.);
#195=FACE_OUTER_BOUND('',#284,.T.);
#196=FACE_OUTER_BOUND('',#285,.T.);
#197=FACE_OUTER_BOUND('',#286,.T.);
#198=FACE_OUTER_BOUND('',#287,.T.);
#199=FACE_OUTER_BOUND('',#288,.T.);
#200=FACE_OUTER_BOUND('',#289,.T.);
#201=FACE_OUTER_BOUND('',#290,.T.);
#202=FACE_OUTER_BOUND('',#291,.T.);
#203=FACE_OUTER_BOUND('',#292,.T.);
#204=FACE_OUTER_BOUND('',#293,.T.);
#205=FACE_OUTER_BOUND('',#294,.T.);
#206=FACE_OUTER_BOUND('',#295,.T.);
#207=FACE_OUTER_BOUND('',#296,.T.);
#208=FACE_OUTER_BOUND('',#297,.T.);
#209=FACE_OUTER_BOUND('',#298,.T.);
#210=FACE_OUTER_BOUND('',#299,.T.);
#211=FACE_OUTER_BOUND('',#300,.T.);
#212=FACE_OUTER_BOUND('',#301,.T.);
#213=FACE_OUTER_BOUND('',#302,.T.);
#214=FACE_OUTER_BOUND('',#303,.T.);
#215=FACE_OUTER_BOUND('',#304,.T.);
#216=FACE_OUTER_BOUND('',#305,.T.);
#217=FACE_OUTER_BOUND('',#306,.T.);
#218=FACE_OUTER_BOUND('',#307,.T.);
#219=FACE_OUTER_BOUND('',#308,.T.);
#220=FACE_OUTER_BOUND('',#309,.T.);
#221=FACE_OUTER_BOUND('',#310,.T.);
#222=FACE_OUTER_BOUND('',#311,.T.);
#223=FACE_OUTER_BOUND('',#312,.T.);
#224=FACE_OUTER_BOUND('',#313,.T.);
#225=FACE_OUTER_BOUND('',#314,.T.);
#226=FACE_OUTER_BOUND('',#319,.T.);
#227=FACE_OUTER_BOUND('',#320,.T.);
#228=FACE_OUTER_BOUND('',#321,.T.);
#229=FACE_OUTER_BOUND('',#322,.T.);
#230=FACE_OUTER_BOUND('',#323,.T.);
#231=FACE_OUTER_BOUND('',#324,.T.);
#232=FACE_OUTER_BOUND('',#325,.T.);
#233=FACE_OUTER_BOUND('',#326,.T.);
#234=FACE_OUTER_BOUND('',#327,.T.);
#235=FACE_OUTER_BOUND('',#328,.T.);
#236=FACE_OUTER_BOUND('',#329,.T.);
#237=FACE_OUTER_BOUND('',#330,.T.);
#238=FACE_OUTER_BOUND('',#331,.T.);
#239=FACE_OUTER_BOUND('',#332,.T.);
#240=FACE_OUTER_BOUND('',#333,.T.);
#241=FACE_OUTER_BOUND('',#334,.T.);
#242=FACE_OUTER_BOUND('',#335,.T.);
#243=FACE_OUTER_BOUND('',#336,.T.);
#244=FACE_OUTER_BOUND('',#337,.T.);
#245=FACE_OUTER_BOUND('',#338,.T.);
#246=FACE_OUTER_BOUND('',#339,.T.);
#247=FACE_OUTER_BOUND('',#340,.T.);
#248=FACE_OUTER_BOUND('',#341,.T.);
#249=FACE_OUTER_BOUND('',#342,.T.);
#250=FACE_OUTER_BOUND('',#343,.T.);
#251=FACE_OUTER_BOUND('',#344,.T.);
#252=FACE_OUTER_BOUND('',#345,.T.);
#253=FACE_OUTER_BOUND('',#346,.T.);
#254=FACE_OUTER_BOUND('',#354,.T.);
#255=FACE_OUTER_BOUND('',#356,.T.);
#256=FACE_OUTER_BOUND('',#363,.T.);
#257=FACE_OUTER_BOUND('',#365,.T.);
#258=FACE_OUTER_BOUND('',#370,.T.);
#259=FACE_OUTER_BOUND('',#372,.T.);
#260=FACE_OUTER_BOUND('',#374,.T.);
#261=FACE_OUTER_BOUND('',#375,.T.);
#262=FACE_OUTER_BOUND('',#376,.T.);
#263=FACE_OUTER_BOUND('',#378,.T.);
#264=FACE_OUTER_BOUND('',#379,.T.);
#265=FACE_OUTER_BOUND('',#380,.T.);
#266=FACE_OUTER_BOUND('',#382,.T.);
#267=FACE_OUTER_BOUND('',#383,.T.);
#268=FACE_OUTER_BOUND('',#384,.T.);
#269=FACE_OUTER_BOUND('',#386,.T.);
#270=FACE_OUTER_BOUND('',#387,.T.);
#271=EDGE_LOOP('',(#1149,#1150,#1151,#1152));
#272=EDGE_LOOP('',(#1153,#1154,#1155,#1156,#1157));
#273=EDGE_LOOP('',(#1158,#1159,#1160,#1161));
#274=EDGE_LOOP('',(#1162,#1163,#1164,#1165,#1166));
#275=EDGE_LOOP('',(#1167,#1168,#1169,#1170));
#276=EDGE_LOOP('',(#1171,#1172,#1173,#1174,#1175));
#277=EDGE_LOOP('',(#1176,#1177,#1178,#1179));
#278=EDGE_LOOP('',(#1180,#1181,#1182,#1183,#1184));
#279=EDGE_LOOP('',(#1185,#1186,#1187,#1188,#1189,#1190,#1191,#1192));
#280=EDGE_LOOP('',(#1193,#1194,#1195,#1196,#1197,#1198));
#281=EDGE_LOOP('',(#1199,#1200,#1201,#1202));
#282=EDGE_LOOP('',(#1203,#1204,#1205,#1206,#1207));
#283=EDGE_LOOP('',(#1208,#1209,#1210,#1211));
#284=EDGE_LOOP('',(#1212,#1213,#1214,#1215,#1216));
#285=EDGE_LOOP('',(#1217,#1218,#1219,#1220));
#286=EDGE_LOOP('',(#1221,#1222,#1223,#1224,#1225));
#287=EDGE_LOOP('',(#1226,#1227,#1228,#1229));
#288=EDGE_LOOP('',(#1230,#1231,#1232,#1233,#1234));
#289=EDGE_LOOP('',(#1235,#1236,#1237,#1238,#1239,#1240,#1241,#1242));
#290=EDGE_LOOP('',(#1243,#1244,#1245,#1246,#1247,#1248));
#291=EDGE_LOOP('',(#1249,#1250,#1251,#1252,#1253,#1254));
#292=EDGE_LOOP('',(#1255,#1256,#1257,#1258));
#293=EDGE_LOOP('',(#1259,#1260,#1261,#1262,#1263));
#294=EDGE_LOOP('',(#1264,#1265,#1266,#1267));
#295=EDGE_LOOP('',(#1268,#1269,#1270,#1271,#1272));
#296=EDGE_LOOP('',(#1273,#1274,#1275,#1276));
#297=EDGE_LOOP('',(#1277,#1278,#1279,#1280,#1281));
#298=EDGE_LOOP('',(#1282,#1283,#1284,#1285));
#299=EDGE_LOOP('',(#1286,#1287,#1288,#1289,#1290));
#300=EDGE_LOOP('',(#1291,#1292,#1293,#1294,#1295,#1296,#1297,#1298));
#301=EDGE_LOOP('',(#1299,#1300,#1301,#1302,#1303,#1304));
#302=EDGE_LOOP('',(#1305,#1306,#1307,#1308,#1309,#1310));
#303=EDGE_LOOP('',(#1311,#1312,#1313,#1314));
#304=EDGE_LOOP('',(#1315,#1316,#1317,#1318,#1319));
#305=EDGE_LOOP('',(#1320,#1321,#1322,#1323));
#306=EDGE_LOOP('',(#1324,#1325,#1326,#1327,#1328));
#307=EDGE_LOOP('',(#1329,#1330,#1331,#1332));
#308=EDGE_LOOP('',(#1333,#1334,#1335,#1336,#1337));
#309=EDGE_LOOP('',(#1338,#1339,#1340,#1341));
#310=EDGE_LOOP('',(#1342,#1343,#1344,#1345,#1346));
#311=EDGE_LOOP('',(#1347,#1348,#1349,#1350,#1351,#1352,#1353,#1354));
#312=EDGE_LOOP('',(#1355,#1356,#1357,#1358,#1359,#1360));
#313=EDGE_LOOP('',(#1361,#1362,#1363,#1364,#1365,#1366));
#314=EDGE_LOOP('',(#1367,#1368,#1369,#1370));
#315=EDGE_LOOP('',(#1371,#1372,#1373,#1374,#1375,#1376));
#316=EDGE_LOOP('',(#1377,#1378,#1379,#1380,#1381,#1382));
#317=EDGE_LOOP('',(#1383,#1384,#1385,#1386,#1387,#1388));
#318=EDGE_LOOP('',(#1389,#1390,#1391,#1392,#1393,#1394));
#319=EDGE_LOOP('',(#1395,#1396,#1397,#1398));
#320=EDGE_LOOP('',(#1399,#1400,#1401,#1402));
#321=EDGE_LOOP('',(#1403,#1404,#1405,#1406));
#322=EDGE_LOOP('',(#1407,#1408,#1409,#1410));
#323=EDGE_LOOP('',(#1411,#1412,#1413,#1414));
#324=EDGE_LOOP('',(#1415,#1416,#1417,#1418));
#325=EDGE_LOOP('',(#1419,#1420,#1421,#1422));
#326=EDGE_LOOP('',(#1423,#1424,#1425,#1426));
#327=EDGE_LOOP('',(#1427,#1428,#1429,#1430,#1431,#1432,#1433,#1434));
#328=EDGE_LOOP('',(#1435,#1436,#1437,#1438));
#329=EDGE_LOOP('',(#1439,#1440,#1441,#1442));
#330=EDGE_LOOP('',(#1443,#1444,#1445,#1446));
#331=EDGE_LOOP('',(#1447,#1448,#1449,#1450));
#332=EDGE_LOOP('',(#1451,#1452,#1453,#1454));
#333=EDGE_LOOP('',(#1455,#1456,#1457,#1458));
#334=EDGE_LOOP('',(#1459,#1460,#1461,#1462,#1463,#1464,#1465,#1466));
#335=EDGE_LOOP('',(#1467,#1468,#1469,#1470,#1471,#1472));
#336=EDGE_LOOP('',(#1473,#1474,#1475,#1476,#1477,#1478,#1479,#1480));
#337=EDGE_LOOP('',(#1481,#1482,#1483,#1484));
#338=EDGE_LOOP('',(#1485,#1486,#1487,#1488));
#339=EDGE_LOOP('',(#1489,#1490,#1491,#1492));
#340=EDGE_LOOP('',(#1493,#1494,#1495,#1496,#1497,#1498,#1499,#1500));
#341=EDGE_LOOP('',(#1501,#1502,#1503,#1504));
#342=EDGE_LOOP('',(#1505,#1506,#1507,#1508));
#343=EDGE_LOOP('',(#1509,#1510,#1511,#1512));
#344=EDGE_LOOP('',(#1513,#1514,#1515,#1516));
#345=EDGE_LOOP('',(#1517,#1518,#1519,#1520));
#346=EDGE_LOOP('',(#1521,#1522,#1523,#1524));
#347=EDGE_LOOP('',(#1525,#1526,#1527,#1528,#1529,#1530,#1531,#1532));
#348=EDGE_LOOP('',(#1533,#1534,#1535,#1536,#1537,#1538,#1539,#1540));
#349=EDGE_LOOP('',(#1541));
#350=EDGE_LOOP('',(#1542));
#351=EDGE_LOOP('',(#1543));
#352=EDGE_LOOP('',(#1544));
#353=EDGE_LOOP('',(#1545));
#354=EDGE_LOOP('',(#1546,#1547,#1548,#1549,#1550,#1551));
#355=EDGE_LOOP('',(#1552,#1553,#1554,#1555,#1556,#1557,#1558,#1559));
#356=EDGE_LOOP('',(#1560,#1561,#1562,#1563));
#357=EDGE_LOOP('',(#1564,#1565,#1566,#1567,#1568,#1569,#1570,#1571));
#358=EDGE_LOOP('',(#1572));
#359=EDGE_LOOP('',(#1573));
#360=EDGE_LOOP('',(#1574));
#361=EDGE_LOOP('',(#1575));
#362=EDGE_LOOP('',(#1576));
#363=EDGE_LOOP('',(#1577,#1578,#1579,#1580,#1581,#1582));
#364=EDGE_LOOP('',(#1583,#1584,#1585,#1586,#1587,#1588,#1589,#1590));
#365=EDGE_LOOP('',(#1591,#1592,#1593,#1594));
#366=EDGE_LOOP('',(#1595,#1596,#1597,#1598,#1599,#1600));
#367=EDGE_LOOP('',(#1601,#1602,#1603,#1604,#1605,#1606));
#368=EDGE_LOOP('',(#1607,#1608,#1609,#1610,#1611,#1612));
#369=EDGE_LOOP('',(#1613,#1614,#1615,#1616,#1617,#1618));
#370=EDGE_LOOP('',(#1619,#1620,#1621,#1622));
#371=EDGE_LOOP('',(#1623,#1624,#1625,#1626,#1627,#1628,#1629,#1630));
#372=EDGE_LOOP('',(#1631));
#373=EDGE_LOOP('',(#1632));
#374=EDGE_LOOP('',(#1633,#1634,#1635,#1636));
#375=EDGE_LOOP('',(#1637,#1638,#1639,#1640));
#376=EDGE_LOOP('',(#1641));
#377=EDGE_LOOP('',(#1642));
#378=EDGE_LOOP('',(#1643,#1644,#1645,#1646));
#379=EDGE_LOOP('',(#1647,#1648,#1649,#1650));
#380=EDGE_LOOP('',(#1651));
#381=EDGE_LOOP('',(#1652));
#382=EDGE_LOOP('',(#1653,#1654,#1655,#1656));
#383=EDGE_LOOP('',(#1657,#1658,#1659,#1660));
#384=EDGE_LOOP('',(#1661));
#385=EDGE_LOOP('',(#1662));
#386=EDGE_LOOP('',(#1663,#1664,#1665,#1666));
#387=EDGE_LOOP('',(#1667,#1668,#1669,#1670));
#388=LINE('',#2504,#551);
#389=LINE('',#2506,#552);
#390=LINE('',#2508,#553);
#391=LINE('',#2509,#554);
#392=LINE('',#2527,#555);
#393=LINE('',#2531,#556);
#394=LINE('',#2533,#557);
#395=LINE('',#2534,#558);
#396=LINE('',#2541,#559);
#397=LINE('',#2556,#560);
#398=LINE('',#2558,#561);
#399=LINE('',#2559,#562);
#400=LINE('',#2578,#563);
#401=LINE('',#2581,#564);
#402=LINE('',#2583,#565);
#403=LINE('',#2584,#566);
#404=LINE('',#2603,#567);
#405=LINE('',#2607,#568);
#406=LINE('',#2610,#569);
#407=LINE('',#2613,#570);
#408=LINE('',#2614,#571);
#409=LINE('',#2618,#572);
#410=LINE('',#2620,#573);
#411=LINE('',#2622,#574);
#412=LINE('',#2623,#575);
#413=LINE('',#2630,#576);
#414=LINE('',#2645,#577);
#415=LINE('',#2647,#578);
#416=LINE('',#2648,#579);
#417=LINE('',#2666,#580);
#418=LINE('',#2670,#581);
#419=LINE('',#2672,#582);
#420=LINE('',#2673,#583);
#421=LINE('',#2692,#584);
#422=LINE('',#2695,#585);
#423=LINE('',#2697,#586);
#424=LINE('',#2698,#587);
#425=LINE('',#2717,#588);
#426=LINE('',#2721,#589);
#427=LINE('',#2724,#590);
#428=LINE('',#2727,#591);
#429=LINE('',#2728,#592);
#430=LINE('',#2731,#593);
#431=LINE('',#2732,#594);
#432=LINE('',#2736,#595);
#433=LINE('',#2738,#596);
#434=LINE('',#2740,#597);
#435=LINE('',#2741,#598);
#436=LINE('',#2748,#599);
#437=LINE('',#2763,#600);
#438=LINE('',#2765,#601);
#439=LINE('',#2766,#602);
#440=LINE('',#2784,#603);
#441=LINE('',#2789,#604);
#442=LINE('',#2791,#605);
#443=LINE('',#2793,#606);
#444=LINE('',#2794,#607);
#445=LINE('',#2813,#608);
#446=LINE('',#2815,#609);
#447=LINE('',#2816,#610);
#448=LINE('',#2835,#611);
#449=LINE('',#2839,#612);
#450=LINE('',#2842,#613);
#451=LINE('',#2845,#614);
#452=LINE('',#2846,#615);
#453=LINE('',#2849,#616);
#454=LINE('',#2850,#617);
#455=LINE('',#2854,#618);
#456=LINE('',#2856,#619);
#457=LINE('',#2858,#620);
#458=LINE('',#2859,#621);
#459=LINE('',#2866,#622);
#460=LINE('',#2881,#623);
#461=LINE('',#2883,#624);
#462=LINE('',#2884,#625);
#463=LINE('',#2902,#626);
#464=LINE('',#2907,#627);
#465=LINE('',#2909,#628);
#466=LINE('',#2911,#629);
#467=LINE('',#2912,#630);
#468=LINE('',#2931,#631);
#469=LINE('',#2933,#632);
#470=LINE('',#2934,#633);
#471=LINE('',#2953,#634);
#472=LINE('',#2957,#635);
#473=LINE('',#2960,#636);
#474=LINE('',#2963,#637);
#475=LINE('',#2964,#638);
#476=LINE('',#2967,#639);
#477=LINE('',#2968,#640);
#478=LINE('',#2972,#641);
#479=LINE('',#2974,#642);
#480=LINE('',#2976,#643);
#481=LINE('',#2977,#644);
#482=LINE('',#2981,#645);
#483=LINE('',#2984,#646);
#484=LINE('',#2986,#647);
#485=LINE('',#2990,#648);
#486=LINE('',#2993,#649);
#487=LINE('',#2997,#650);
#488=LINE('',#3000,#651);
#489=LINE('',#3004,#652);
#490=LINE('',#3007,#653);
#491=LINE('',#3011,#654);
#492=LINE('',#3013,#655);
#493=LINE('',#3015,#656);
#494=LINE('',#3016,#657);
#495=LINE('',#3021,#658);
#496=LINE('',#3025,#659);
#497=LINE('',#3027,#660);
#498=LINE('',#3028,#661);
#499=LINE('',#3033,#662);
#500=LINE('',#3037,#663);
#501=LINE('',#3039,#664);
#502=LINE('',#3040,#665);
#503=LINE('',#3045,#666);
#504=LINE('',#3049,#667);
#505=LINE('',#3051,#668);
#506=LINE('',#3052,#669);
#507=LINE('',#3059,#670);
#508=LINE('',#3062,#671);
#509=LINE('',#3063,#672);
#510=LINE('',#3067,#673);
#511=LINE('',#3069,#674);
#512=LINE('',#3072,#675);
#513=LINE('',#3073,#676);
#514=LINE('',#3077,#677);
#515=LINE('',#3080,#678);
#516=LINE('',#3081,#679);
#517=LINE('',#3083,#680);
#518=LINE('',#3089,#681);
#519=LINE('',#3092,#682);
#520=LINE('',#3093,#683);
#521=LINE('',#3097,#684);
#522=LINE('',#3099,#685);
#523=LINE('',#3103,#686);
#524=LINE('',#3106,#687);
#525=LINE('',#3107,#688);
#526=LINE('',#3111,#689);
#527=LINE('',#3113,#690);
#528=LINE('',#3118,#691);
#529=LINE('',#3123,#692);
#530=LINE('',#3125,#693);
#531=LINE('',#3127,#694);
#532=LINE('',#3128,#695);
#533=LINE('',#3130,#696);
#534=LINE('',#3131,#697);
#535=LINE('',#3142,#698);
#536=LINE('',#3144,#699);
#537=LINE('',#3145,#700);
#538=LINE('',#3148,#701);
#539=LINE('',#3149,#702);
#540=LINE('',#3160,#703);
#541=LINE('',#3161,#704);
#542=LINE('',#3163,#705);
#543=LINE('',#3171,#706);
#544=LINE('',#3173,#707);
#545=LINE('',#3180,#708);
#546=LINE('',#3182,#709);
#547=LINE('',#3189,#710);
#548=LINE('',#3191,#711);
#549=LINE('',#3198,#712);
#550=LINE('',#3200,#713);
#551=VECTOR('',#1997,10.);
#552=VECTOR('',#1998,10.);
#553=VECTOR('',#1999,10.);
#554=VECTOR('',#2000,10.);
#555=VECTOR('',#2005,10.);
#556=VECTOR('',#2010,10.);
#557=VECTOR('',#2011,10.);
#558=VECTOR('',#2012,10.);
#559=VECTOR('',#2019,10.);
#560=VECTOR('',#2022,10.);
#561=VECTOR('',#2023,10.);
#562=VECTOR('',#2024,10.);
#563=VECTOR('',#2031,10.);
#564=VECTOR('',#2034,10.);
#565=VECTOR('',#2035,10.);
#566=VECTOR('',#2036,10.);
#567=VECTOR('',#2045,10.);
#568=VECTOR('',#2048,10.);
#569=VECTOR('',#2051,10.);
#570=VECTOR('',#2054,10.);
#571=VECTOR('',#2055,10.);
#572=VECTOR('',#2058,10.);
#573=VECTOR('',#2059,10.);
#574=VECTOR('',#2060,10.);
#575=VECTOR('',#2061,10.);
#576=VECTOR('',#2068,10.);
#577=VECTOR('',#2071,10.);
#578=VECTOR('',#2072,10.);
#579=VECTOR('',#2073,10.);
#580=VECTOR('',#2078,10.);
#581=VECTOR('',#2083,10.);
#582=VECTOR('',#2084,10.);
#583=VECTOR('',#2085,10.);
#584=VECTOR('',#2092,10.);
#585=VECTOR('',#2095,10.);
#586=VECTOR('',#2096,10.);
#587=VECTOR('',#2097,10.);
#588=VECTOR('',#2106,10.);
#589=VECTOR('',#2109,10.);
#590=VECTOR('',#2112,10.);
#591=VECTOR('',#2115,10.);
#592=VECTOR('',#2116,10.);
#593=VECTOR('',#2119,10.);
#594=VECTOR('',#2120,10.);
#595=VECTOR('',#2123,10.);
#596=VECTOR('',#2124,10.);
#597=VECTOR('',#2125,10.);
#598=VECTOR('',#2126,10.);
#599=VECTOR('',#2133,10.);
#600=VECTOR('',#2136,10.);
#601=VECTOR('',#2137,10.);
#602=VECTOR('',#2138,10.);
#603=VECTOR('',#2143,10.);
#604=VECTOR('',#2148,10.);
#605=VECTOR('',#2149,10.);
#606=VECTOR('',#2150,10.);
#607=VECTOR('',#2151,10.);
#608=VECTOR('',#2160,10.);
#609=VECTOR('',#2161,10.);
#610=VECTOR('',#2162,10.);
#611=VECTOR('',#2171,10.);
#612=VECTOR('',#2174,10.);
#613=VECTOR('',#2177,10.);
#614=VECTOR('',#2180,10.);
#615=VECTOR('',#2181,10.);
#616=VECTOR('',#2184,10.);
#617=VECTOR('',#2185,10.);
#618=VECTOR('',#2188,10.);
#619=VECTOR('',#2189,10.);
#620=VECTOR('',#2190,10.);
#621=VECTOR('',#2191,10.);
#622=VECTOR('',#2198,10.);
#623=VECTOR('',#2201,10.);
#624=VECTOR('',#2202,10.);
#625=VECTOR('',#2203,10.);
#626=VECTOR('',#2208,10.);
#627=VECTOR('',#2213,10.);
#628=VECTOR('',#2214,10.);
#629=VECTOR('',#2215,10.);
#630=VECTOR('',#2216,10.);
#631=VECTOR('',#2225,10.);
#632=VECTOR('',#2226,10.);
#633=VECTOR('',#2227,10.);
#634=VECTOR('',#2236,10.);
#635=VECTOR('',#2239,10.);
#636=VECTOR('',#2242,10.);
#637=VECTOR('',#2245,10.);
#638=VECTOR('',#2246,10.);
#639=VECTOR('',#2249,10.);
#640=VECTOR('',#2250,10.);
#641=VECTOR('',#2253,10.);
#642=VECTOR('',#2254,10.);
#643=VECTOR('',#2255,10.);
#644=VECTOR('',#2256,10.);
#645=VECTOR('',#2259,10.);
#646=VECTOR('',#2262,10.);
#647=VECTOR('',#2263,10.);
#648=VECTOR('',#2266,10.);
#649=VECTOR('',#2269,10.);
#650=VECTOR('',#2272,10.);
#651=VECTOR('',#2275,10.);
#652=VECTOR('',#2278,10.);
#653=VECTOR('',#2281,10.);
#654=VECTOR('',#2284,10.);
#655=VECTOR('',#2285,10.);
#656=VECTOR('',#2286,10.);
#657=VECTOR('',#2287,10.);
#658=VECTOR('',#2292,10.);
#659=VECTOR('',#2297,10.);
#660=VECTOR('',#2298,10.);
#661=VECTOR('',#2299,10.);
#662=VECTOR('',#2304,10.);
#663=VECTOR('',#2309,10.);
#664=VECTOR('',#2310,10.);
#665=VECTOR('',#2311,10.);
#666=VECTOR('',#2316,10.);
#667=VECTOR('',#2321,10.);
#668=VECTOR('',#2322,10.);
#669=VECTOR('',#2323,10.);
#670=VECTOR('',#2334,10.);
#671=VECTOR('',#2337,10.);
#672=VECTOR('',#2338,10.);
#673=VECTOR('',#2343,10.);
#674=VECTOR('',#2346,10.);
#675=VECTOR('',#2349,10.);
#676=VECTOR('',#2350,10.);
#677=VECTOR('',#2355,10.);
#678=VECTOR('',#2358,10.);
#679=VECTOR('',#2359,10.);
#680=VECTOR('',#2362,10.);
#681=VECTOR('',#2371,10.);
#682=VECTOR('',#2374,10.);
#683=VECTOR('',#2375,10.);
#684=VECTOR('',#2380,10.);
#685=VECTOR('',#2383,10.);
#686=VECTOR('',#2388,10.);
#687=VECTOR('',#2391,10.);
#688=VECTOR('',#2392,10.);
#689=VECTOR('',#2397,10.);
#690=VECTOR('',#2400,10.);
#691=VECTOR('',#2405,12.5);
#692=VECTOR('',#2410,10.);
#693=VECTOR('',#2411,10.);
#694=VECTOR('',#2412,10.);
#695=VECTOR('',#2413,10.);
#696=VECTOR('',#2416,10.);
#697=VECTOR('',#2417,10.);
#698=VECTOR('',#2428,10.);
#699=VECTOR('',#2429,10.);
#700=VECTOR('',#2430,10.);
#701=VECTOR('',#2433,10.);
#702=VECTOR('',#2434,10.);
#703=VECTOR('',#2445,10.);
#704=VECTOR('',#2446,10.);
#705=VECTOR('',#2449,10.);
#706=VECTOR('',#2460,5.);
#707=VECTOR('',#2463,2.75);
#708=VECTOR('',#2472,5.);
#709=VECTOR('',#2475,2.75);
#710=VECTOR('',#2484,5.);
#711=VECTOR('',#2487,2.75);
#712=VECTOR('',#2496,5.);
#713=VECTOR('',#2499,2.75);
#714=VERTEX_POINT('',#2502);
#715=VERTEX_POINT('',#2503);
#716=VERTEX_POINT('',#2505);
#717=VERTEX_POINT('',#2507);
#718=VERTEX_POINT('',#2511);
#719=VERTEX_POINT('',#2524);
#720=VERTEX_POINT('',#2526);
#721=VERTEX_POINT('',#2530);
#722=VERTEX_POINT('',#2532);
#723=VERTEX_POINT('',#2536);
#724=VERTEX_POINT('',#2538);
#725=VERTEX_POINT('',#2540);
#726=VERTEX_POINT('',#2555);
#727=VERTEX_POINT('',#2557);
#728=VERTEX_POINT('',#2561);
#729=VERTEX_POINT('',#2562);
#730=VERTEX_POINT('',#2576);
#731=VERTEX_POINT('',#2580);
#732=VERTEX_POINT('',#2582);
#733=VERTEX_POINT('',#2586);
#734=VERTEX_POINT('',#2602);
#735=VERTEX_POINT('',#2604);
#736=VERTEX_POINT('',#2606);
#737=VERTEX_POINT('',#2608);
#738=VERTEX_POINT('',#2612);
#739=VERTEX_POINT('',#2616);
#740=VERTEX_POINT('',#2617);
#741=VERTEX_POINT('',#2619);
#742=VERTEX_POINT('',#2621);
#743=VERTEX_POINT('',#2625);
#744=VERTEX_POINT('',#2627);
#745=VERTEX_POINT('',#2629);
#746=VERTEX_POINT('',#2644);
#747=VERTEX_POINT('',#2646);
#748=VERTEX_POINT('',#2650);
#749=VERTEX_POINT('',#2663);
#750=VERTEX_POINT('',#2665);
#751=VERTEX_POINT('',#2669);
#752=VERTEX_POINT('',#2671);
#753=VERTEX_POINT('',#2675);
#754=VERTEX_POINT('',#2676);
#755=VERTEX_POINT('',#2690);
#756=VERTEX_POINT('',#2694);
#757=VERTEX_POINT('',#2696);
#758=VERTEX_POINT('',#2700);
#759=VERTEX_POINT('',#2716);
#760=VERTEX_POINT('',#2718);
#761=VERTEX_POINT('',#2720);
#762=VERTEX_POINT('',#2722);
#763=VERTEX_POINT('',#2726);
#764=VERTEX_POINT('',#2730);
#765=VERTEX_POINT('',#2734);
#766=VERTEX_POINT('',#2735);
#767=VERTEX_POINT('',#2737);
#768=VERTEX_POINT('',#2739);
#769=VERTEX_POINT('',#2743);
#770=VERTEX_POINT('',#2745);
#771=VERTEX_POINT('',#2747);
#772=VERTEX_POINT('',#2762);
#773=VERTEX_POINT('',#2764);
#774=VERTEX_POINT('',#2768);
#775=VERTEX_POINT('',#2781);
#776=VERTEX_POINT('',#2783);
#777=VERTEX_POINT('',#2787);
#778=VERTEX_POINT('',#2788);
#779=VERTEX_POINT('',#2790);
#780=VERTEX_POINT('',#2792);
#781=VERTEX_POINT('',#2796);
#782=VERTEX_POINT('',#2812);
#783=VERTEX_POINT('',#2814);
#784=VERTEX_POINT('',#2818);
#785=VERTEX_POINT('',#2834);
#786=VERTEX_POINT('',#2836);
#787=VERTEX_POINT('',#2838);
#788=VERTEX_POINT('',#2840);
#789=VERTEX_POINT('',#2844);
#790=VERTEX_POINT('',#2848);
#791=VERTEX_POINT('',#2852);
#792=VERTEX_POINT('',#2853);
#793=VERTEX_POINT('',#2855);
#794=VERTEX_POINT('',#2857);
#795=VERTEX_POINT('',#2861);
#796=VERTEX_POINT('',#2863);
#797=VERTEX_POINT('',#2865);
#798=VERTEX_POINT('',#2880);
#799=VERTEX_POINT('',#2882);
#800=VERTEX_POINT('',#2886);
#801=VERTEX_POINT('',#2899);
#802=VERTEX_POINT('',#2901);
#803=VERTEX_POINT('',#2905);
#804=VERTEX_POINT('',#2906);
#805=VERTEX_POINT('',#2908);
#806=VERTEX_POINT('',#2910);
#807=VERTEX_POINT('',#2914);
#808=VERTEX_POINT('',#2930);
#809=VERTEX_POINT('',#2932);
#810=VERTEX_POINT('',#2936);
#811=VERTEX_POINT('',#2952);
#812=VERTEX_POINT('',#2954);
#813=VERTEX_POINT('',#2956);
#814=VERTEX_POINT('',#2958);
#815=VERTEX_POINT('',#2962);
#816=VERTEX_POINT('',#2966);
#817=VERTEX_POINT('',#2970);
#818=VERTEX_POINT('',#2971);
#819=VERTEX_POINT('',#2973);
#820=VERTEX_POINT('',#2975);
#821=VERTEX_POINT('',#2978);
#822=VERTEX_POINT('',#2980);
#823=VERTEX_POINT('',#2982);
#824=VERTEX_POINT('',#2985);
#825=VERTEX_POINT('',#2987);
#826=VERTEX_POINT('',#2989);
#827=VERTEX_POINT('',#2991);
#828=VERTEX_POINT('',#2994);
#829=VERTEX_POINT('',#2996);
#830=VERTEX_POINT('',#2998);
#831=VERTEX_POINT('',#3001);
#832=VERTEX_POINT('',#3003);
#833=VERTEX_POINT('',#3005);
#834=VERTEX_POINT('',#3009);
#835=VERTEX_POINT('',#3010);
#836=VERTEX_POINT('',#3012);
#837=VERTEX_POINT('',#3014);
#838=VERTEX_POINT('',#3018);
#839=VERTEX_POINT('',#3020);
#840=VERTEX_POINT('',#3024);
#841=VERTEX_POINT('',#3026);
#842=VERTEX_POINT('',#3030);
#843=VERTEX_POINT('',#3032);
#844=VERTEX_POINT('',#3036);
#845=VERTEX_POINT('',#3038);
#846=VERTEX_POINT('',#3042);
#847=VERTEX_POINT('',#3044);
#848=VERTEX_POINT('',#3048);
#849=VERTEX_POINT('',#3050);
#850=VERTEX_POINT('',#3057);
#851=VERTEX_POINT('',#3061);
#852=VERTEX_POINT('',#3065);
#853=VERTEX_POINT('',#3071);
#854=VERTEX_POINT('',#3075);
#855=VERTEX_POINT('',#3079);
#856=VERTEX_POINT('',#3087);
#857=VERTEX_POINT('',#3091);
#858=VERTEX_POINT('',#3095);
#859=VERTEX_POINT('',#3101);
#860=VERTEX_POINT('',#3105);
#861=VERTEX_POINT('',#3109);
#862=VERTEX_POINT('',#3115);
#863=VERTEX_POINT('',#3117);
#864=VERTEX_POINT('',#3121);
#865=VERTEX_POINT('',#3122);
#866=VERTEX_POINT('',#3124);
#867=VERTEX_POINT('',#3126);
#868=VERTEX_POINT('',#3132);
#869=VERTEX_POINT('',#3134);
#870=VERTEX_POINT('',#3136);
#871=VERTEX_POINT('',#3138);
#872=VERTEX_POINT('',#3141);
#873=VERTEX_POINT('',#3143);
#874=VERTEX_POINT('',#3147);
#875=VERTEX_POINT('',#3150);
#876=VERTEX_POINT('',#3152);
#877=VERTEX_POINT('',#3154);
#878=VERTEX_POINT('',#3156);
#879=VERTEX_POINT('',#3159);
#880=VERTEX_POINT('',#3166);
#881=VERTEX_POINT('',#3168);
#882=VERTEX_POINT('',#3175);
#883=VERTEX_POINT('',#3177);
#884=VERTEX_POINT('',#3184);
#885=VERTEX_POINT('',#3186);
#886=VERTEX_POINT('',#3193);
#887=VERTEX_POINT('',#3195);
#888=EDGE_CURVE('',#714,#715,#388,.T.);
#889=EDGE_CURVE('',#716,#714,#389,.T.);
#890=EDGE_CURVE('',#717,#716,#390,.T.);
#891=EDGE_CURVE('',#717,#715,#391,.T.);
#892=EDGE_CURVE('',#715,#718,#125,.T.);
#893=EDGE_CURVE('',#719,#717,#43,.T.);
#894=EDGE_CURVE('',#719,#720,#392,.T.);
#895=EDGE_CURVE('',#718,#720,#44,.T.);
#896=EDGE_CURVE('',#720,#721,#393,.T.);
#897=EDGE_CURVE('',#722,#719,#394,.T.);
#898=EDGE_CURVE('',#722,#721,#395,.T.);
#899=EDGE_CURVE('',#721,#723,#45,.T.);
#900=EDGE_CURVE('',#724,#722,#46,.T.);
#901=EDGE_CURVE('',#724,#725,#396,.T.);
#902=EDGE_CURVE('',#723,#725,#126,.T.);
#903=EDGE_CURVE('',#725,#726,#397,.T.);
#904=EDGE_CURVE('',#727,#724,#398,.T.);
#905=EDGE_CURVE('',#727,#726,#399,.T.);
#906=EDGE_CURVE('',#728,#729,#47,.T.);
#907=EDGE_CURVE('',#726,#728,#127,.T.);
#908=EDGE_CURVE('',#730,#727,#48,.T.);
#909=EDGE_CURVE('',#730,#729,#400,.T.);
#910=EDGE_CURVE('',#729,#731,#401,.T.);
#911=EDGE_CURVE('',#732,#730,#402,.T.);
#912=EDGE_CURVE('',#732,#731,#403,.T.);
#913=EDGE_CURVE('',#733,#714,#128,.T.);
#914=EDGE_CURVE('',#731,#733,#49,.T.);
#915=EDGE_CURVE('',#716,#732,#50,.T.);
#916=EDGE_CURVE('',#734,#718,#404,.T.);
#917=EDGE_CURVE('',#735,#734,#51,.T.);
#918=EDGE_CURVE('',#735,#736,#405,.T.);
#919=EDGE_CURVE('',#737,#736,#52,.T.);
#920=EDGE_CURVE('',#733,#737,#406,.T.);
#921=EDGE_CURVE('',#738,#723,#407,.T.);
#922=EDGE_CURVE('',#734,#738,#408,.T.);
#923=EDGE_CURVE('',#739,#740,#409,.T.);
#924=EDGE_CURVE('',#741,#739,#410,.T.);
#925=EDGE_CURVE('',#742,#741,#411,.T.);
#926=EDGE_CURVE('',#742,#740,#412,.T.);
#927=EDGE_CURVE('',#740,#743,#53,.T.);
#928=EDGE_CURVE('',#744,#742,#54,.T.);
#929=EDGE_CURVE('',#744,#745,#413,.T.);
#930=EDGE_CURVE('',#743,#745,#129,.T.);
#931=EDGE_CURVE('',#745,#746,#414,.T.);
#932=EDGE_CURVE('',#747,#744,#415,.T.);
#933=EDGE_CURVE('',#747,#746,#416,.T.);
#934=EDGE_CURVE('',#746,#748,#130,.T.);
#935=EDGE_CURVE('',#749,#747,#55,.T.);
#936=EDGE_CURVE('',#749,#750,#417,.T.);
#937=EDGE_CURVE('',#748,#750,#56,.T.);
#938=EDGE_CURVE('',#750,#751,#418,.T.);
#939=EDGE_CURVE('',#752,#749,#419,.T.);
#940=EDGE_CURVE('',#752,#751,#420,.T.);
#941=EDGE_CURVE('',#753,#754,#131,.T.);
#942=EDGE_CURVE('',#751,#753,#57,.T.);
#943=EDGE_CURVE('',#755,#752,#58,.T.);
#944=EDGE_CURVE('',#755,#754,#421,.T.);
#945=EDGE_CURVE('',#754,#756,#422,.T.);
#946=EDGE_CURVE('',#757,#755,#423,.T.);
#947=EDGE_CURVE('',#757,#756,#424,.T.);
#948=EDGE_CURVE('',#758,#739,#59,.T.);
#949=EDGE_CURVE('',#756,#758,#132,.T.);
#950=EDGE_CURVE('',#741,#757,#60,.T.);
#951=EDGE_CURVE('',#748,#759,#425,.T.);
#952=EDGE_CURVE('',#760,#759,#61,.T.);
#953=EDGE_CURVE('',#761,#760,#426,.T.);
#954=EDGE_CURVE('',#762,#761,#62,.T.);
#955=EDGE_CURVE('',#762,#743,#427,.T.);
#956=EDGE_CURVE('',#753,#763,#428,.T.);
#957=EDGE_CURVE('',#759,#763,#429,.T.);
#958=EDGE_CURVE('',#764,#762,#430,.T.);
#959=EDGE_CURVE('',#764,#758,#431,.T.);
#960=EDGE_CURVE('',#765,#766,#432,.T.);
#961=EDGE_CURVE('',#767,#765,#433,.T.);
#962=EDGE_CURVE('',#768,#767,#434,.T.);
#963=EDGE_CURVE('',#768,#766,#435,.T.);
#964=EDGE_CURVE('',#766,#769,#63,.T.);
#965=EDGE_CURVE('',#770,#768,#64,.T.);
#966=EDGE_CURVE('',#770,#771,#436,.T.);
#967=EDGE_CURVE('',#769,#771,#133,.T.);
#968=EDGE_CURVE('',#771,#772,#437,.T.);
#969=EDGE_CURVE('',#773,#770,#438,.T.);
#970=EDGE_CURVE('',#773,#772,#439,.T.);
#971=EDGE_CURVE('',#772,#774,#134,.T.);
#972=EDGE_CURVE('',#775,#773,#65,.T.);
#973=EDGE_CURVE('',#775,#776,#440,.T.);
#974=EDGE_CURVE('',#774,#776,#66,.T.);
#975=EDGE_CURVE('',#777,#778,#441,.T.);
#976=EDGE_CURVE('',#779,#777,#442,.T.);
#977=EDGE_CURVE('',#780,#779,#443,.T.);
#978=EDGE_CURVE('',#780,#778,#444,.T.);
#979=EDGE_CURVE('',#781,#765,#67,.T.);
#980=EDGE_CURVE('',#778,#781,#135,.T.);
#981=EDGE_CURVE('',#767,#780,#68,.T.);
#982=EDGE_CURVE('',#776,#782,#445,.T.);
#983=EDGE_CURVE('',#783,#775,#446,.T.);
#984=EDGE_CURVE('',#783,#782,#447,.T.);
#985=EDGE_CURVE('',#784,#777,#136,.T.);
#986=EDGE_CURVE('',#782,#784,#69,.T.);
#987=EDGE_CURVE('',#779,#783,#70,.T.);
#988=EDGE_CURVE('',#774,#785,#448,.T.);
#989=EDGE_CURVE('',#786,#785,#71,.T.);
#990=EDGE_CURVE('',#787,#786,#449,.T.);
#991=EDGE_CURVE('',#788,#787,#72,.T.);
#992=EDGE_CURVE('',#788,#769,#450,.T.);
#993=EDGE_CURVE('',#784,#789,#451,.T.);
#994=EDGE_CURVE('',#785,#789,#452,.T.);
#995=EDGE_CURVE('',#790,#788,#453,.T.);
#996=EDGE_CURVE('',#790,#781,#454,.T.);
#997=EDGE_CURVE('',#791,#792,#455,.T.);
#998=EDGE_CURVE('',#793,#791,#456,.T.);
#999=EDGE_CURVE('',#794,#793,#457,.T.);
#1000=EDGE_CURVE('',#794,#792,#458,.T.);
#1001=EDGE_CURVE('',#792,#795,#73,.T.);
#1002=EDGE_CURVE('',#796,#794,#74,.T.);
#1003=EDGE_CURVE('',#796,#797,#459,.T.);
#1004=EDGE_CURVE('',#795,#797,#137,.T.);
#1005=EDGE_CURVE('',#797,#798,#460,.T.);
#1006=EDGE_CURVE('',#799,#796,#461,.T.);
#1007=EDGE_CURVE('',#799,#798,#462,.T.);
#1008=EDGE_CURVE('',#798,#800,#138,.T.);
#1009=EDGE_CURVE('',#801,#799,#75,.T.);
#1010=EDGE_CURVE('',#801,#802,#463,.T.);
#1011=EDGE_CURVE('',#800,#802,#76,.T.);
#1012=EDGE_CURVE('',#803,#804,#464,.T.);
#1013=EDGE_CURVE('',#805,#803,#465,.T.);
#1014=EDGE_CURVE('',#806,#805,#466,.T.);
#1015=EDGE_CURVE('',#806,#804,#467,.T.);
#1016=EDGE_CURVE('',#807,#791,#77,.T.);
#1017=EDGE_CURVE('',#804,#807,#139,.T.);
#1018=EDGE_CURVE('',#793,#806,#78,.T.);
#1019=EDGE_CURVE('',#802,#808,#468,.T.);
#1020=EDGE_CURVE('',#809,#801,#469,.T.);
#1021=EDGE_CURVE('',#809,#808,#470,.T.);
#1022=EDGE_CURVE('',#810,#803,#140,.T.);
#1023=EDGE_CURVE('',#808,#810,#79,.T.);
#1024=EDGE_CURVE('',#805,#809,#80,.T.);
#1025=EDGE_CURVE('',#800,#811,#471,.T.);
#1026=EDGE_CURVE('',#812,#811,#81,.T.);
#1027=EDGE_CURVE('',#813,#812,#472,.T.);
#1028=EDGE_CURVE('',#814,#813,#82,.T.);
#1029=EDGE_CURVE('',#814,#795,#473,.T.);
#1030=EDGE_CURVE('',#810,#815,#474,.T.);
#1031=EDGE_CURVE('',#811,#815,#475,.T.);
#1032=EDGE_CURVE('',#816,#814,#476,.T.);
#1033=EDGE_CURVE('',#816,#807,#477,.T.);
#1034=EDGE_CURVE('',#817,#818,#478,.T.);
#1035=EDGE_CURVE('',#818,#819,#479,.T.);
#1036=EDGE_CURVE('',#819,#820,#480,.T.);
#1037=EDGE_CURVE('',#820,#817,#481,.T.);
#1038=EDGE_CURVE('',#789,#821,#83,.T.);
#1039=EDGE_CURVE('',#821,#822,#482,.T.);
#1040=EDGE_CURVE('',#822,#823,#84,.T.);
#1041=EDGE_CURVE('',#823,#786,#483,.T.);
#1042=EDGE_CURVE('',#736,#824,#484,.T.);
#1043=EDGE_CURVE('',#824,#825,#85,.T.);
#1044=EDGE_CURVE('',#825,#826,#485,.T.);
#1045=EDGE_CURVE('',#826,#827,#86,.T.);
#1046=EDGE_CURVE('',#827,#737,#486,.T.);
#1047=EDGE_CURVE('',#763,#828,#87,.T.);
#1048=EDGE_CURVE('',#828,#829,#487,.T.);
#1049=EDGE_CURVE('',#829,#830,#88,.T.);
#1050=EDGE_CURVE('',#830,#760,#488,.T.);
#1051=EDGE_CURVE('',#815,#831,#89,.T.);
#1052=EDGE_CURVE('',#831,#832,#489,.T.);
#1053=EDGE_CURVE('',#832,#833,#90,.T.);
#1054=EDGE_CURVE('',#833,#812,#490,.T.);
#1055=EDGE_CURVE('',#834,#835,#491,.T.);
#1056=EDGE_CURVE('',#834,#836,#492,.T.);
#1057=EDGE_CURVE('',#837,#836,#493,.T.);
#1058=EDGE_CURVE('',#835,#837,#494,.T.);
#1059=EDGE_CURVE('',#838,#834,#91,.T.);
#1060=EDGE_CURVE('',#838,#839,#495,.T.);
#1061=EDGE_CURVE('',#836,#839,#92,.T.);
#1062=EDGE_CURVE('',#840,#838,#496,.T.);
#1063=EDGE_CURVE('',#840,#841,#497,.T.);
#1064=EDGE_CURVE('',#839,#841,#498,.T.);
#1065=EDGE_CURVE('',#842,#840,#93,.T.);
#1066=EDGE_CURVE('',#842,#843,#499,.T.);
#1067=EDGE_CURVE('',#841,#843,#94,.T.);
#1068=EDGE_CURVE('',#844,#842,#500,.T.);
#1069=EDGE_CURVE('',#844,#845,#501,.T.);
#1070=EDGE_CURVE('',#843,#845,#502,.T.);
#1071=EDGE_CURVE('',#846,#844,#95,.T.);
#1072=EDGE_CURVE('',#846,#847,#503,.T.);
#1073=EDGE_CURVE('',#845,#847,#96,.T.);
#1074=EDGE_CURVE('',#848,#846,#504,.T.);
#1075=EDGE_CURVE('',#848,#849,#505,.T.);
#1076=EDGE_CURVE('',#847,#849,#506,.T.);
#1077=EDGE_CURVE('',#835,#848,#97,.T.);
#1078=EDGE_CURVE('',#849,#837,#98,.T.);
#1079=EDGE_CURVE('',#850,#790,#99,.T.);
#1080=EDGE_CURVE('',#850,#821,#507,.T.);
#1081=EDGE_CURVE('',#851,#850,#508,.T.);
#1082=EDGE_CURVE('',#851,#822,#509,.T.);
#1083=EDGE_CURVE('',#852,#851,#100,.T.);
#1084=EDGE_CURVE('',#852,#823,#510,.T.);
#1085=EDGE_CURVE('',#787,#852,#511,.T.);
#1086=EDGE_CURVE('',#853,#735,#512,.T.);
#1087=EDGE_CURVE('',#853,#824,#513,.T.);
#1088=EDGE_CURVE('',#854,#853,#101,.T.);
#1089=EDGE_CURVE('',#854,#825,#514,.T.);
#1090=EDGE_CURVE('',#855,#854,#515,.T.);
#1091=EDGE_CURVE('',#855,#826,#516,.T.);
#1092=EDGE_CURVE('',#728,#827,#517,.T.);
#1093=EDGE_CURVE('',#738,#855,#102,.T.);
#1094=EDGE_CURVE('',#856,#764,#103,.T.);
#1095=EDGE_CURVE('',#856,#828,#518,.T.);
#1096=EDGE_CURVE('',#857,#856,#519,.T.);
#1097=EDGE_CURVE('',#857,#829,#520,.T.);
#1098=EDGE_CURVE('',#858,#857,#104,.T.);
#1099=EDGE_CURVE('',#858,#830,#521,.T.);
#1100=EDGE_CURVE('',#761,#858,#522,.T.);
#1101=EDGE_CURVE('',#859,#816,#105,.T.);
#1102=EDGE_CURVE('',#859,#831,#523,.T.);
#1103=EDGE_CURVE('',#860,#859,#524,.T.);
#1104=EDGE_CURVE('',#860,#832,#525,.T.);
#1105=EDGE_CURVE('',#861,#860,#106,.T.);
#1106=EDGE_CURVE('',#861,#833,#526,.T.);
#1107=EDGE_CURVE('',#813,#861,#527,.T.);
#1108=EDGE_CURVE('',#862,#862,#107,.T.);
#1109=EDGE_CURVE('',#862,#863,#528,.T.);
#1110=EDGE_CURVE('',#863,#863,#108,.T.);
#1111=EDGE_CURVE('',#864,#865,#529,.T.);
#1112=EDGE_CURVE('',#866,#864,#530,.T.);
#1113=EDGE_CURVE('',#867,#866,#531,.T.);
#1114=EDGE_CURVE('',#865,#867,#532,.T.);
#1115=EDGE_CURVE('',#864,#817,#533,.T.);
#1116=EDGE_CURVE('',#820,#866,#534,.T.);
#1117=EDGE_CURVE('',#868,#868,#109,.T.);
#1118=EDGE_CURVE('',#869,#869,#110,.T.);
#1119=EDGE_CURVE('',#870,#870,#111,.T.);
#1120=EDGE_CURVE('',#871,#871,#112,.T.);
#1121=EDGE_CURVE('',#872,#865,#535,.T.);
#1122=EDGE_CURVE('',#873,#872,#536,.T.);
#1123=EDGE_CURVE('',#818,#873,#537,.T.);
#1124=EDGE_CURVE('',#867,#874,#538,.T.);
#1125=EDGE_CURVE('',#872,#874,#539,.T.);
#1126=EDGE_CURVE('',#875,#875,#113,.T.);
#1127=EDGE_CURVE('',#876,#876,#114,.T.);
#1128=EDGE_CURVE('',#877,#877,#115,.T.);
#1129=EDGE_CURVE('',#878,#878,#116,.T.);
#1130=EDGE_CURVE('',#879,#819,#540,.T.);
#1131=EDGE_CURVE('',#874,#879,#541,.T.);
#1132=EDGE_CURVE('',#879,#873,#542,.T.);
#1133=EDGE_CURVE('',#880,#880,#117,.T.);
#1134=EDGE_CURVE('',#881,#881,#118,.T.);
#1135=EDGE_CURVE('',#868,#880,#543,.T.);
#1136=EDGE_CURVE('',#881,#878,#544,.T.);
#1137=EDGE_CURVE('',#882,#882,#119,.T.);
#1138=EDGE_CURVE('',#883,#883,#120,.T.);
#1139=EDGE_CURVE('',#869,#882,#545,.T.);
#1140=EDGE_CURVE('',#883,#877,#546,.T.);
#1141=EDGE_CURVE('',#884,#884,#121,.T.);
#1142=EDGE_CURVE('',#885,#885,#122,.T.);
#1143=EDGE_CURVE('',#870,#884,#547,.T.);
#1144=EDGE_CURVE('',#885,#876,#548,.T.);
#1145=EDGE_CURVE('',#886,#886,#123,.T.);
#1146=EDGE_CURVE('',#887,#887,#124,.T.);
#1147=EDGE_CURVE('',#871,#886,#549,.T.);
#1148=EDGE_CURVE('',#887,#875,#550,.T.);
#1149=ORIENTED_EDGE('',*,*,#888,.F.);
#1150=ORIENTED_EDGE('',*,*,#889,.F.);
#1151=ORIENTED_EDGE('',*,*,#890,.F.);
#1152=ORIENTED_EDGE('',*,*,#891,.T.);
#1153=ORIENTED_EDGE('',*,*,#892,.F.);
#1154=ORIENTED_EDGE('',*,*,#891,.F.);
#1155=ORIENTED_EDGE('',*,*,#893,.F.);
#1156=ORIENTED_EDGE('',*,*,#894,.T.);
#1157=ORIENTED_EDGE('',*,*,#895,.F.);
#1158=ORIENTED_EDGE('',*,*,#896,.F.);
#1159=ORIENTED_EDGE('',*,*,#894,.F.);
#1160=ORIENTED_EDGE('',*,*,#897,.F.);
#1161=ORIENTED_EDGE('',*,*,#898,.T.);
#1162=ORIENTED_EDGE('',*,*,#899,.F.);
#1163=ORIENTED_EDGE('',*,*,#898,.F.);
#1164=ORIENTED_EDGE('',*,*,#900,.F.);
#1165=ORIENTED_EDGE('',*,*,#901,.T.);
#1166=ORIENTED_EDGE('',*,*,#902,.F.);
#1167=ORIENTED_EDGE('',*,*,#903,.F.);
#1168=ORIENTED_EDGE('',*,*,#901,.F.);
#1169=ORIENTED_EDGE('',*,*,#904,.F.);
#1170=ORIENTED_EDGE('',*,*,#905,.T.);
#1171=ORIENTED_EDGE('',*,*,#906,.F.);
#1172=ORIENTED_EDGE('',*,*,#907,.F.);
#1173=ORIENTED_EDGE('',*,*,#905,.F.);
#1174=ORIENTED_EDGE('',*,*,#908,.F.);
#1175=ORIENTED_EDGE('',*,*,#909,.T.);
#1176=ORIENTED_EDGE('',*,*,#910,.F.);
#1177=ORIENTED_EDGE('',*,*,#909,.F.);
#1178=ORIENTED_EDGE('',*,*,#911,.F.);
#1179=ORIENTED_EDGE('',*,*,#912,.T.);
#1180=ORIENTED_EDGE('',*,*,#913,.F.);
#1181=ORIENTED_EDGE('',*,*,#914,.F.);
#1182=ORIENTED_EDGE('',*,*,#912,.F.);
#1183=ORIENTED_EDGE('',*,*,#915,.F.);
#1184=ORIENTED_EDGE('',*,*,#889,.T.);
#1185=ORIENTED_EDGE('',*,*,#913,.T.);
#1186=ORIENTED_EDGE('',*,*,#888,.T.);
#1187=ORIENTED_EDGE('',*,*,#892,.T.);
#1188=ORIENTED_EDGE('',*,*,#916,.F.);
#1189=ORIENTED_EDGE('',*,*,#917,.F.);
#1190=ORIENTED_EDGE('',*,*,#918,.T.);
#1191=ORIENTED_EDGE('',*,*,#919,.F.);
#1192=ORIENTED_EDGE('',*,*,#920,.F.);
#1193=ORIENTED_EDGE('',*,*,#895,.T.);
#1194=ORIENTED_EDGE('',*,*,#896,.T.);
#1195=ORIENTED_EDGE('',*,*,#899,.T.);
#1196=ORIENTED_EDGE('',*,*,#921,.F.);
#1197=ORIENTED_EDGE('',*,*,#922,.F.);
#1198=ORIENTED_EDGE('',*,*,#916,.T.);
#1199=ORIENTED_EDGE('',*,*,#923,.F.);
#1200=ORIENTED_EDGE('',*,*,#924,.F.);
#1201=ORIENTED_EDGE('',*,*,#925,.F.);
#1202=ORIENTED_EDGE('',*,*,#926,.T.);
#1203=ORIENTED_EDGE('',*,*,#927,.F.);
#1204=ORIENTED_EDGE('',*,*,#926,.F.);
#1205=ORIENTED_EDGE('',*,*,#928,.F.);
#1206=ORIENTED_EDGE('',*,*,#929,.T.);
#1207=ORIENTED_EDGE('',*,*,#930,.F.);
#1208=ORIENTED_EDGE('',*,*,#931,.F.);
#1209=ORIENTED_EDGE('',*,*,#929,.F.);
#1210=ORIENTED_EDGE('',*,*,#932,.F.);
#1211=ORIENTED_EDGE('',*,*,#933,.T.);
#1212=ORIENTED_EDGE('',*,*,#934,.F.);
#1213=ORIENTED_EDGE('',*,*,#933,.F.);
#1214=ORIENTED_EDGE('',*,*,#935,.F.);
#1215=ORIENTED_EDGE('',*,*,#936,.T.);
#1216=ORIENTED_EDGE('',*,*,#937,.F.);
#1217=ORIENTED_EDGE('',*,*,#938,.F.);
#1218=ORIENTED_EDGE('',*,*,#936,.F.);
#1219=ORIENTED_EDGE('',*,*,#939,.F.);
#1220=ORIENTED_EDGE('',*,*,#940,.T.);
#1221=ORIENTED_EDGE('',*,*,#941,.F.);
#1222=ORIENTED_EDGE('',*,*,#942,.F.);
#1223=ORIENTED_EDGE('',*,*,#940,.F.);
#1224=ORIENTED_EDGE('',*,*,#943,.F.);
#1225=ORIENTED_EDGE('',*,*,#944,.T.);
#1226=ORIENTED_EDGE('',*,*,#945,.F.);
#1227=ORIENTED_EDGE('',*,*,#944,.F.);
#1228=ORIENTED_EDGE('',*,*,#946,.F.);
#1229=ORIENTED_EDGE('',*,*,#947,.T.);
#1230=ORIENTED_EDGE('',*,*,#948,.F.);
#1231=ORIENTED_EDGE('',*,*,#949,.F.);
#1232=ORIENTED_EDGE('',*,*,#947,.F.);
#1233=ORIENTED_EDGE('',*,*,#950,.F.);
#1234=ORIENTED_EDGE('',*,*,#924,.T.);
#1235=ORIENTED_EDGE('',*,*,#930,.T.);
#1236=ORIENTED_EDGE('',*,*,#931,.T.);
#1237=ORIENTED_EDGE('',*,*,#934,.T.);
#1238=ORIENTED_EDGE('',*,*,#951,.T.);
#1239=ORIENTED_EDGE('',*,*,#952,.F.);
#1240=ORIENTED_EDGE('',*,*,#953,.F.);
#1241=ORIENTED_EDGE('',*,*,#954,.F.);
#1242=ORIENTED_EDGE('',*,*,#955,.T.);
#1243=ORIENTED_EDGE('',*,*,#942,.T.);
#1244=ORIENTED_EDGE('',*,*,#956,.T.);
#1245=ORIENTED_EDGE('',*,*,#957,.F.);
#1246=ORIENTED_EDGE('',*,*,#951,.F.);
#1247=ORIENTED_EDGE('',*,*,#937,.T.);
#1248=ORIENTED_EDGE('',*,*,#938,.T.);
#1249=ORIENTED_EDGE('',*,*,#948,.T.);
#1250=ORIENTED_EDGE('',*,*,#923,.T.);
#1251=ORIENTED_EDGE('',*,*,#927,.T.);
#1252=ORIENTED_EDGE('',*,*,#955,.F.);
#1253=ORIENTED_EDGE('',*,*,#958,.F.);
#1254=ORIENTED_EDGE('',*,*,#959,.T.);
#1255=ORIENTED_EDGE('',*,*,#960,.F.);
#1256=ORIENTED_EDGE('',*,*,#961,.F.);
#1257=ORIENTED_EDGE('',*,*,#962,.F.);
#1258=ORIENTED_EDGE('',*,*,#963,.T.);
#1259=ORIENTED_EDGE('',*,*,#964,.F.);
#1260=ORIENTED_EDGE('',*,*,#963,.F.);
#1261=ORIENTED_EDGE('',*,*,#965,.F.);
#1262=ORIENTED_EDGE('',*,*,#966,.T.);
#1263=ORIENTED_EDGE('',*,*,#967,.F.);
#1264=ORIENTED_EDGE('',*,*,#968,.F.);
#1265=ORIENTED_EDGE('',*,*,#966,.F.);
#1266=ORIENTED_EDGE('',*,*,#969,.F.);
#1267=ORIENTED_EDGE('',*,*,#970,.T.);
#1268=ORIENTED_EDGE('',*,*,#971,.F.);
#1269=ORIENTED_EDGE('',*,*,#970,.F.);
#1270=ORIENTED_EDGE('',*,*,#972,.F.);
#1271=ORIENTED_EDGE('',*,*,#973,.T.);
#1272=ORIENTED_EDGE('',*,*,#974,.F.);
#1273=ORIENTED_EDGE('',*,*,#975,.F.);
#1274=ORIENTED_EDGE('',*,*,#976,.F.);
#1275=ORIENTED_EDGE('',*,*,#977,.F.);
#1276=ORIENTED_EDGE('',*,*,#978,.T.);
#1277=ORIENTED_EDGE('',*,*,#979,.F.);
#1278=ORIENTED_EDGE('',*,*,#980,.F.);
#1279=ORIENTED_EDGE('',*,*,#978,.F.);
#1280=ORIENTED_EDGE('',*,*,#981,.F.);
#1281=ORIENTED_EDGE('',*,*,#961,.T.);
#1282=ORIENTED_EDGE('',*,*,#982,.F.);
#1283=ORIENTED_EDGE('',*,*,#973,.F.);
#1284=ORIENTED_EDGE('',*,*,#983,.F.);
#1285=ORIENTED_EDGE('',*,*,#984,.T.);
#1286=ORIENTED_EDGE('',*,*,#985,.F.);
#1287=ORIENTED_EDGE('',*,*,#986,.F.);
#1288=ORIENTED_EDGE('',*,*,#984,.F.);
#1289=ORIENTED_EDGE('',*,*,#987,.F.);
#1290=ORIENTED_EDGE('',*,*,#976,.T.);
#1291=ORIENTED_EDGE('',*,*,#967,.T.);
#1292=ORIENTED_EDGE('',*,*,#968,.T.);
#1293=ORIENTED_EDGE('',*,*,#971,.T.);
#1294=ORIENTED_EDGE('',*,*,#988,.T.);
#1295=ORIENTED_EDGE('',*,*,#989,.F.);
#1296=ORIENTED_EDGE('',*,*,#990,.F.);
#1297=ORIENTED_EDGE('',*,*,#991,.F.);
#1298=ORIENTED_EDGE('',*,*,#992,.T.);
#1299=ORIENTED_EDGE('',*,*,#986,.T.);
#1300=ORIENTED_EDGE('',*,*,#993,.T.);
#1301=ORIENTED_EDGE('',*,*,#994,.F.);
#1302=ORIENTED_EDGE('',*,*,#988,.F.);
#1303=ORIENTED_EDGE('',*,*,#974,.T.);
#1304=ORIENTED_EDGE('',*,*,#982,.T.);
#1305=ORIENTED_EDGE('',*,*,#979,.T.);
#1306=ORIENTED_EDGE('',*,*,#960,.T.);
#1307=ORIENTED_EDGE('',*,*,#964,.T.);
#1308=ORIENTED_EDGE('',*,*,#992,.F.);
#1309=ORIENTED_EDGE('',*,*,#995,.F.);
#1310=ORIENTED_EDGE('',*,*,#996,.T.);
#1311=ORIENTED_EDGE('',*,*,#997,.F.);
#1312=ORIENTED_EDGE('',*,*,#998,.F.);
#1313=ORIENTED_EDGE('',*,*,#999,.F.);
#1314=ORIENTED_EDGE('',*,*,#1000,.T.);
#1315=ORIENTED_EDGE('',*,*,#1001,.F.);
#1316=ORIENTED_EDGE('',*,*,#1000,.F.);
#1317=ORIENTED_EDGE('',*,*,#1002,.F.);
#1318=ORIENTED_EDGE('',*,*,#1003,.T.);
#1319=ORIENTED_EDGE('',*,*,#1004,.F.);
#1320=ORIENTED_EDGE('',*,*,#1005,.F.);
#1321=ORIENTED_EDGE('',*,*,#1003,.F.);
#1322=ORIENTED_EDGE('',*,*,#1006,.F.);
#1323=ORIENTED_EDGE('',*,*,#1007,.T.);
#1324=ORIENTED_EDGE('',*,*,#1008,.F.);
#1325=ORIENTED_EDGE('',*,*,#1007,.F.);
#1326=ORIENTED_EDGE('',*,*,#1009,.F.);
#1327=ORIENTED_EDGE('',*,*,#1010,.T.);
#1328=ORIENTED_EDGE('',*,*,#1011,.F.);
#1329=ORIENTED_EDGE('',*,*,#1012,.F.);
#1330=ORIENTED_EDGE('',*,*,#1013,.F.);
#1331=ORIENTED_EDGE('',*,*,#1014,.F.);
#1332=ORIENTED_EDGE('',*,*,#1015,.T.);
#1333=ORIENTED_EDGE('',*,*,#1016,.F.);
#1334=ORIENTED_EDGE('',*,*,#1017,.F.);
#1335=ORIENTED_EDGE('',*,*,#1015,.F.);
#1336=ORIENTED_EDGE('',*,*,#1018,.F.);
#1337=ORIENTED_EDGE('',*,*,#998,.T.);
#1338=ORIENTED_EDGE('',*,*,#1019,.F.);
#1339=ORIENTED_EDGE('',*,*,#1010,.F.);
#1340=ORIENTED_EDGE('',*,*,#1020,.F.);
#1341=ORIENTED_EDGE('',*,*,#1021,.T.);
#1342=ORIENTED_EDGE('',*,*,#1022,.F.);
#1343=ORIENTED_EDGE('',*,*,#1023,.F.);
#1344=ORIENTED_EDGE('',*,*,#1021,.F.);
#1345=ORIENTED_EDGE('',*,*,#1024,.F.);
#1346=ORIENTED_EDGE('',*,*,#1013,.T.);
#1347=ORIENTED_EDGE('',*,*,#1004,.T.);
#1348=ORIENTED_EDGE('',*,*,#1005,.T.);
#1349=ORIENTED_EDGE('',*,*,#1008,.T.);
#1350=ORIENTED_EDGE('',*,*,#1025,.T.);
#1351=ORIENTED_EDGE('',*,*,#1026,.F.);
#1352=ORIENTED_EDGE('',*,*,#1027,.F.);
#1353=ORIENTED_EDGE('',*,*,#1028,.F.);
#1354=ORIENTED_EDGE('',*,*,#1029,.T.);
#1355=ORIENTED_EDGE('',*,*,#1023,.T.);
#1356=ORIENTED_EDGE('',*,*,#1030,.T.);
#1357=ORIENTED_EDGE('',*,*,#1031,.F.);
#1358=ORIENTED_EDGE('',*,*,#1025,.F.);
#1359=ORIENTED_EDGE('',*,*,#1011,.T.);
#1360=ORIENTED_EDGE('',*,*,#1019,.T.);
#1361=ORIENTED_EDGE('',*,*,#1016,.T.);
#1362=ORIENTED_EDGE('',*,*,#997,.T.);
#1363=ORIENTED_EDGE('',*,*,#1001,.T.);
#1364=ORIENTED_EDGE('',*,*,#1029,.F.);
#1365=ORIENTED_EDGE('',*,*,#1032,.F.);
#1366=ORIENTED_EDGE('',*,*,#1033,.T.);
#1367=ORIENTED_EDGE('',*,*,#1034,.T.);
#1368=ORIENTED_EDGE('',*,*,#1035,.T.);
#1369=ORIENTED_EDGE('',*,*,#1036,.T.);
#1370=ORIENTED_EDGE('',*,*,#1037,.T.);
#1371=ORIENTED_EDGE('',*,*,#994,.T.);
#1372=ORIENTED_EDGE('',*,*,#1038,.T.);
#1373=ORIENTED_EDGE('',*,*,#1039,.T.);
#1374=ORIENTED_EDGE('',*,*,#1040,.T.);
#1375=ORIENTED_EDGE('',*,*,#1041,.T.);
#1376=ORIENTED_EDGE('',*,*,#989,.T.);
#1377=ORIENTED_EDGE('',*,*,#1042,.T.);
#1378=ORIENTED_EDGE('',*,*,#1043,.T.);
#1379=ORIENTED_EDGE('',*,*,#1044,.T.);
#1380=ORIENTED_EDGE('',*,*,#1045,.T.);
#1381=ORIENTED_EDGE('',*,*,#1046,.T.);
#1382=ORIENTED_EDGE('',*,*,#919,.T.);
#1383=ORIENTED_EDGE('',*,*,#957,.T.);
#1384=ORIENTED_EDGE('',*,*,#1047,.T.);
#1385=ORIENTED_EDGE('',*,*,#1048,.T.);
#1386=ORIENTED_EDGE('',*,*,#1049,.T.);
#1387=ORIENTED_EDGE('',*,*,#1050,.T.);
#1388=ORIENTED_EDGE('',*,*,#952,.T.);
#1389=ORIENTED_EDGE('',*,*,#1031,.T.);
#1390=ORIENTED_EDGE('',*,*,#1051,.T.);
#1391=ORIENTED_EDGE('',*,*,#1052,.T.);
#1392=ORIENTED_EDGE('',*,*,#1053,.T.);
#1393=ORIENTED_EDGE('',*,*,#1054,.T.);
#1394=ORIENTED_EDGE('',*,*,#1026,.T.);
#1395=ORIENTED_EDGE('',*,*,#1055,.F.);
#1396=ORIENTED_EDGE('',*,*,#1056,.T.);
#1397=ORIENTED_EDGE('',*,*,#1057,.F.);
#1398=ORIENTED_EDGE('',*,*,#1058,.F.);
#1399=ORIENTED_EDGE('',*,*,#1059,.F.);
#1400=ORIENTED_EDGE('',*,*,#1060,.T.);
#1401=ORIENTED_EDGE('',*,*,#1061,.F.);
#1402=ORIENTED_EDGE('',*,*,#1056,.F.);
#1403=ORIENTED_EDGE('',*,*,#1062,.F.);
#1404=ORIENTED_EDGE('',*,*,#1063,.T.);
#1405=ORIENTED_EDGE('',*,*,#1064,.F.);
#1406=ORIENTED_EDGE('',*,*,#1060,.F.);
#1407=ORIENTED_EDGE('',*,*,#1065,.F.);
#1408=ORIENTED_EDGE('',*,*,#1066,.T.);
#1409=ORIENTED_EDGE('',*,*,#1067,.F.);
#1410=ORIENTED_EDGE('',*,*,#1063,.F.);
#1411=ORIENTED_EDGE('',*,*,#1068,.F.);
#1412=ORIENTED_EDGE('',*,*,#1069,.T.);
#1413=ORIENTED_EDGE('',*,*,#1070,.F.);
#1414=ORIENTED_EDGE('',*,*,#1066,.F.);
#1415=ORIENTED_EDGE('',*,*,#1071,.F.);
#1416=ORIENTED_EDGE('',*,*,#1072,.T.);
#1417=ORIENTED_EDGE('',*,*,#1073,.F.);
#1418=ORIENTED_EDGE('',*,*,#1069,.F.);
#1419=ORIENTED_EDGE('',*,*,#1074,.F.);
#1420=ORIENTED_EDGE('',*,*,#1075,.T.);
#1421=ORIENTED_EDGE('',*,*,#1076,.F.);
#1422=ORIENTED_EDGE('',*,*,#1072,.F.);
#1423=ORIENTED_EDGE('',*,*,#1077,.F.);
#1424=ORIENTED_EDGE('',*,*,#1058,.T.);
#1425=ORIENTED_EDGE('',*,*,#1078,.F.);
#1426=ORIENTED_EDGE('',*,*,#1075,.F.);
#1427=ORIENTED_EDGE('',*,*,#980,.T.);
#1428=ORIENTED_EDGE('',*,*,#996,.F.);
#1429=ORIENTED_EDGE('',*,*,#1079,.F.);
#1430=ORIENTED_EDGE('',*,*,#1080,.T.);
#1431=ORIENTED_EDGE('',*,*,#1038,.F.);
#1432=ORIENTED_EDGE('',*,*,#993,.F.);
#1433=ORIENTED_EDGE('',*,*,#985,.T.);
#1434=ORIENTED_EDGE('',*,*,#975,.T.);
#1435=ORIENTED_EDGE('',*,*,#1081,.F.);
#1436=ORIENTED_EDGE('',*,*,#1082,.T.);
#1437=ORIENTED_EDGE('',*,*,#1039,.F.);
#1438=ORIENTED_EDGE('',*,*,#1080,.F.);
#1439=ORIENTED_EDGE('',*,*,#1083,.F.);
#1440=ORIENTED_EDGE('',*,*,#1084,.T.);
#1441=ORIENTED_EDGE('',*,*,#1040,.F.);
#1442=ORIENTED_EDGE('',*,*,#1082,.F.);
#1443=ORIENTED_EDGE('',*,*,#1085,.F.);
#1444=ORIENTED_EDGE('',*,*,#990,.T.);
#1445=ORIENTED_EDGE('',*,*,#1041,.F.);
#1446=ORIENTED_EDGE('',*,*,#1084,.F.);
#1447=ORIENTED_EDGE('',*,*,#1086,.F.);
#1448=ORIENTED_EDGE('',*,*,#1087,.T.);
#1449=ORIENTED_EDGE('',*,*,#1042,.F.);
#1450=ORIENTED_EDGE('',*,*,#918,.F.);
#1451=ORIENTED_EDGE('',*,*,#1088,.F.);
#1452=ORIENTED_EDGE('',*,*,#1089,.T.);
#1453=ORIENTED_EDGE('',*,*,#1043,.F.);
#1454=ORIENTED_EDGE('',*,*,#1087,.F.);
#1455=ORIENTED_EDGE('',*,*,#1090,.F.);
#1456=ORIENTED_EDGE('',*,*,#1091,.T.);
#1457=ORIENTED_EDGE('',*,*,#1044,.F.);
#1458=ORIENTED_EDGE('',*,*,#1089,.F.);
#1459=ORIENTED_EDGE('',*,*,#907,.T.);
#1460=ORIENTED_EDGE('',*,*,#1092,.T.);
#1461=ORIENTED_EDGE('',*,*,#1045,.F.);
#1462=ORIENTED_EDGE('',*,*,#1091,.F.);
#1463=ORIENTED_EDGE('',*,*,#1093,.F.);
#1464=ORIENTED_EDGE('',*,*,#921,.T.);
#1465=ORIENTED_EDGE('',*,*,#902,.T.);
#1466=ORIENTED_EDGE('',*,*,#903,.T.);
#1467=ORIENTED_EDGE('',*,*,#914,.T.);
#1468=ORIENTED_EDGE('',*,*,#920,.T.);
#1469=ORIENTED_EDGE('',*,*,#1046,.F.);
#1470=ORIENTED_EDGE('',*,*,#1092,.F.);
#1471=ORIENTED_EDGE('',*,*,#906,.T.);
#1472=ORIENTED_EDGE('',*,*,#910,.T.);
#1473=ORIENTED_EDGE('',*,*,#949,.T.);
#1474=ORIENTED_EDGE('',*,*,#959,.F.);
#1475=ORIENTED_EDGE('',*,*,#1094,.F.);
#1476=ORIENTED_EDGE('',*,*,#1095,.T.);
#1477=ORIENTED_EDGE('',*,*,#1047,.F.);
#1478=ORIENTED_EDGE('',*,*,#956,.F.);
#1479=ORIENTED_EDGE('',*,*,#941,.T.);
#1480=ORIENTED_EDGE('',*,*,#945,.T.);
#1481=ORIENTED_EDGE('',*,*,#1096,.F.);
#1482=ORIENTED_EDGE('',*,*,#1097,.T.);
#1483=ORIENTED_EDGE('',*,*,#1048,.F.);
#1484=ORIENTED_EDGE('',*,*,#1095,.F.);
#1485=ORIENTED_EDGE('',*,*,#1098,.F.);
#1486=ORIENTED_EDGE('',*,*,#1099,.T.);
#1487=ORIENTED_EDGE('',*,*,#1049,.F.);
#1488=ORIENTED_EDGE('',*,*,#1097,.F.);
#1489=ORIENTED_EDGE('',*,*,#1100,.F.);
#1490=ORIENTED_EDGE('',*,*,#953,.T.);
#1491=ORIENTED_EDGE('',*,*,#1050,.F.);
#1492=ORIENTED_EDGE('',*,*,#1099,.F.);
#1493=ORIENTED_EDGE('',*,*,#1017,.T.);
#1494=ORIENTED_EDGE('',*,*,#1033,.F.);
#1495=ORIENTED_EDGE('',*,*,#1101,.F.);
#1496=ORIENTED_EDGE('',*,*,#1102,.T.);
#1497=ORIENTED_EDGE('',*,*,#1051,.F.);
#1498=ORIENTED_EDGE('',*,*,#1030,.F.);
#1499=ORIENTED_EDGE('',*,*,#1022,.T.);
#1500=ORIENTED_EDGE('',*,*,#1012,.T.);
#1501=ORIENTED_EDGE('',*,*,#1103,.F.);
#1502=ORIENTED_EDGE('',*,*,#1104,.T.);
#1503=ORIENTED_EDGE('',*,*,#1052,.F.);
#1504=ORIENTED_EDGE('',*,*,#1102,.F.);
#1505=ORIENTED_EDGE('',*,*,#1105,.F.);
#1506=ORIENTED_EDGE('',*,*,#1106,.T.);
#1507=ORIENTED_EDGE('',*,*,#1053,.F.);
#1508=ORIENTED_EDGE('',*,*,#1104,.F.);
#1509=ORIENTED_EDGE('',*,*,#1107,.F.);
#1510=ORIENTED_EDGE('',*,*,#1027,.T.);
#1511=ORIENTED_EDGE('',*,*,#1054,.F.);
#1512=ORIENTED_EDGE('',*,*,#1106,.F.);
#1513=ORIENTED_EDGE('',*,*,#1108,.F.);
#1514=ORIENTED_EDGE('',*,*,#1109,.T.);
#1515=ORIENTED_EDGE('',*,*,#1110,.F.);
#1516=ORIENTED_EDGE('',*,*,#1109,.F.);
#1517=ORIENTED_EDGE('',*,*,#1111,.F.);
#1518=ORIENTED_EDGE('',*,*,#1112,.F.);
#1519=ORIENTED_EDGE('',*,*,#1113,.F.);
#1520=ORIENTED_EDGE('',*,*,#1114,.F.);
#1521=ORIENTED_EDGE('',*,*,#1112,.T.);
#1522=ORIENTED_EDGE('',*,*,#1115,.T.);
#1523=ORIENTED_EDGE('',*,*,#1037,.F.);
#1524=ORIENTED_EDGE('',*,*,#1116,.T.);
#1525=ORIENTED_EDGE('',*,*,#890,.T.);
#1526=ORIENTED_EDGE('',*,*,#915,.T.);
#1527=ORIENTED_EDGE('',*,*,#911,.T.);
#1528=ORIENTED_EDGE('',*,*,#908,.T.);
#1529=ORIENTED_EDGE('',*,*,#904,.T.);
#1530=ORIENTED_EDGE('',*,*,#900,.T.);
#1531=ORIENTED_EDGE('',*,*,#897,.T.);
#1532=ORIENTED_EDGE('',*,*,#893,.T.);
#1533=ORIENTED_EDGE('',*,*,#1057,.T.);
#1534=ORIENTED_EDGE('',*,*,#1061,.T.);
#1535=ORIENTED_EDGE('',*,*,#1064,.T.);
#1536=ORIENTED_EDGE('',*,*,#1067,.T.);
#1537=ORIENTED_EDGE('',*,*,#1070,.T.);
#1538=ORIENTED_EDGE('',*,*,#1073,.T.);
#1539=ORIENTED_EDGE('',*,*,#1076,.T.);
#1540=ORIENTED_EDGE('',*,*,#1078,.T.);
#1541=ORIENTED_EDGE('',*,*,#1108,.T.);
#1542=ORIENTED_EDGE('',*,*,#1117,.T.);
#1543=ORIENTED_EDGE('',*,*,#1118,.T.);
#1544=ORIENTED_EDGE('',*,*,#1119,.T.);
#1545=ORIENTED_EDGE('',*,*,#1120,.T.);
#1546=ORIENTED_EDGE('',*,*,#1111,.T.);
#1547=ORIENTED_EDGE('',*,*,#1121,.F.);
#1548=ORIENTED_EDGE('',*,*,#1122,.F.);
#1549=ORIENTED_EDGE('',*,*,#1123,.F.);
#1550=ORIENTED_EDGE('',*,*,#1034,.F.);
#1551=ORIENTED_EDGE('',*,*,#1115,.F.);
#1552=ORIENTED_EDGE('',*,*,#1014,.T.);
#1553=ORIENTED_EDGE('',*,*,#1024,.T.);
#1554=ORIENTED_EDGE('',*,*,#1020,.T.);
#1555=ORIENTED_EDGE('',*,*,#1009,.T.);
#1556=ORIENTED_EDGE('',*,*,#1006,.T.);
#1557=ORIENTED_EDGE('',*,*,#1002,.T.);
#1558=ORIENTED_EDGE('',*,*,#999,.T.);
#1559=ORIENTED_EDGE('',*,*,#1018,.T.);
#1560=ORIENTED_EDGE('',*,*,#1114,.T.);
#1561=ORIENTED_EDGE('',*,*,#1124,.T.);
#1562=ORIENTED_EDGE('',*,*,#1125,.F.);
#1563=ORIENTED_EDGE('',*,*,#1121,.T.);
#1564=ORIENTED_EDGE('',*,*,#1055,.T.);
#1565=ORIENTED_EDGE('',*,*,#1077,.T.);
#1566=ORIENTED_EDGE('',*,*,#1074,.T.);
#1567=ORIENTED_EDGE('',*,*,#1071,.T.);
#1568=ORIENTED_EDGE('',*,*,#1068,.T.);
#1569=ORIENTED_EDGE('',*,*,#1065,.T.);
#1570=ORIENTED_EDGE('',*,*,#1062,.T.);
#1571=ORIENTED_EDGE('',*,*,#1059,.T.);
#1572=ORIENTED_EDGE('',*,*,#1110,.T.);
#1573=ORIENTED_EDGE('',*,*,#1126,.T.);
#1574=ORIENTED_EDGE('',*,*,#1127,.T.);
#1575=ORIENTED_EDGE('',*,*,#1128,.T.);
#1576=ORIENTED_EDGE('',*,*,#1129,.T.);
#1577=ORIENTED_EDGE('',*,*,#1113,.T.);
#1578=ORIENTED_EDGE('',*,*,#1116,.F.);
#1579=ORIENTED_EDGE('',*,*,#1036,.F.);
#1580=ORIENTED_EDGE('',*,*,#1130,.F.);
#1581=ORIENTED_EDGE('',*,*,#1131,.F.);
#1582=ORIENTED_EDGE('',*,*,#1124,.F.);
#1583=ORIENTED_EDGE('',*,*,#925,.T.);
#1584=ORIENTED_EDGE('',*,*,#950,.T.);
#1585=ORIENTED_EDGE('',*,*,#946,.T.);
#1586=ORIENTED_EDGE('',*,*,#943,.T.);
#1587=ORIENTED_EDGE('',*,*,#939,.T.);
#1588=ORIENTED_EDGE('',*,*,#935,.T.);
#1589=ORIENTED_EDGE('',*,*,#932,.T.);
#1590=ORIENTED_EDGE('',*,*,#928,.T.);
#1591=ORIENTED_EDGE('',*,*,#1122,.T.);
#1592=ORIENTED_EDGE('',*,*,#1125,.T.);
#1593=ORIENTED_EDGE('',*,*,#1131,.T.);
#1594=ORIENTED_EDGE('',*,*,#1132,.T.);
#1595=ORIENTED_EDGE('',*,*,#995,.T.);
#1596=ORIENTED_EDGE('',*,*,#991,.T.);
#1597=ORIENTED_EDGE('',*,*,#1085,.T.);
#1598=ORIENTED_EDGE('',*,*,#1083,.T.);
#1599=ORIENTED_EDGE('',*,*,#1081,.T.);
#1600=ORIENTED_EDGE('',*,*,#1079,.T.);
#1601=ORIENTED_EDGE('',*,*,#1086,.T.);
#1602=ORIENTED_EDGE('',*,*,#917,.T.);
#1603=ORIENTED_EDGE('',*,*,#922,.T.);
#1604=ORIENTED_EDGE('',*,*,#1093,.T.);
#1605=ORIENTED_EDGE('',*,*,#1090,.T.);
#1606=ORIENTED_EDGE('',*,*,#1088,.T.);
#1607=ORIENTED_EDGE('',*,*,#958,.T.);
#1608=ORIENTED_EDGE('',*,*,#954,.T.);
#1609=ORIENTED_EDGE('',*,*,#1100,.T.);
#1610=ORIENTED_EDGE('',*,*,#1098,.T.);
#1611=ORIENTED_EDGE('',*,*,#1096,.T.);
#1612=ORIENTED_EDGE('',*,*,#1094,.T.);
#1613=ORIENTED_EDGE('',*,*,#1032,.T.);
#1614=ORIENTED_EDGE('',*,*,#1028,.T.);
#1615=ORIENTED_EDGE('',*,*,#1107,.T.);
#1616=ORIENTED_EDGE('',*,*,#1105,.T.);
#1617=ORIENTED_EDGE('',*,*,#1103,.T.);
#1618=ORIENTED_EDGE('',*,*,#1101,.T.);
#1619=ORIENTED_EDGE('',*,*,#1123,.T.);
#1620=ORIENTED_EDGE('',*,*,#1132,.F.);
#1621=ORIENTED_EDGE('',*,*,#1130,.T.);
#1622=ORIENTED_EDGE('',*,*,#1035,.F.);
#1623=ORIENTED_EDGE('',*,*,#977,.T.);
#1624=ORIENTED_EDGE('',*,*,#987,.T.);
#1625=ORIENTED_EDGE('',*,*,#983,.T.);
#1626=ORIENTED_EDGE('',*,*,#972,.T.);
#1627=ORIENTED_EDGE('',*,*,#969,.T.);
#1628=ORIENTED_EDGE('',*,*,#965,.T.);
#1629=ORIENTED_EDGE('',*,*,#962,.T.);
#1630=ORIENTED_EDGE('',*,*,#981,.T.);
#1631=ORIENTED_EDGE('',*,*,#1133,.F.);
#1632=ORIENTED_EDGE('',*,*,#1134,.T.);
#1633=ORIENTED_EDGE('',*,*,#1117,.F.);
#1634=ORIENTED_EDGE('',*,*,#1135,.T.);
#1635=ORIENTED_EDGE('',*,*,#1133,.T.);
#1636=ORIENTED_EDGE('',*,*,#1135,.F.);
#1637=ORIENTED_EDGE('',*,*,#1134,.F.);
#1638=ORIENTED_EDGE('',*,*,#1136,.T.);
#1639=ORIENTED_EDGE('',*,*,#1129,.F.);
#1640=ORIENTED_EDGE('',*,*,#1136,.F.);
#1641=ORIENTED_EDGE('',*,*,#1137,.F.);
#1642=ORIENTED_EDGE('',*,*,#1138,.T.);
#1643=ORIENTED_EDGE('',*,*,#1118,.F.);
#1644=ORIENTED_EDGE('',*,*,#1139,.T.);
#1645=ORIENTED_EDGE('',*,*,#1137,.T.);
#1646=ORIENTED_EDGE('',*,*,#1139,.F.);
#1647=ORIENTED_EDGE('',*,*,#1138,.F.);
#1648=ORIENTED_EDGE('',*,*,#1140,.T.);
#1649=ORIENTED_EDGE('',*,*,#1128,.F.);
#1650=ORIENTED_EDGE('',*,*,#1140,.F.);
#1651=ORIENTED_EDGE('',*,*,#1141,.F.);
#1652=ORIENTED_EDGE('',*,*,#1142,.T.);
#1653=ORIENTED_EDGE('',*,*,#1119,.F.);
#1654=ORIENTED_EDGE('',*,*,#1143,.T.);
#1655=ORIENTED_EDGE('',*,*,#1141,.T.);
#1656=ORIENTED_EDGE('',*,*,#1143,.F.);
#1657=ORIENTED_EDGE('',*,*,#1142,.F.);
#1658=ORIENTED_EDGE('',*,*,#1144,.T.);
#1659=ORIENTED_EDGE('',*,*,#1127,.F.);
#1660=ORIENTED_EDGE('',*,*,#1144,.F.);
#1661=ORIENTED_EDGE('',*,*,#1145,.F.);
#1662=ORIENTED_EDGE('',*,*,#1146,.T.);
#1663=ORIENTED_EDGE('',*,*,#1120,.F.);
#1664=ORIENTED_EDGE('',*,*,#1147,.T.);
#1665=ORIENTED_EDGE('',*,*,#1145,.T.);
#1666=ORIENTED_EDGE('',*,*,#1147,.F.);
#1667=ORIENTED_EDGE('',*,*,#1146,.F.);
#1668=ORIENTED_EDGE('',*,*,#1148,.T.);
#1669=ORIENTED_EDGE('',*,*,#1126,.F.);
#1670=ORIENTED_EDGE('',*,*,#1148,.F.);
#1671=PLANE('',#1822);
#1672=PLANE('',#1826);
#1673=PLANE('',#1830);
#1674=PLANE('',#1834);
#1675=PLANE('',#1841);
#1676=PLANE('',#1842);
#1677=PLANE('',#1846);
#1678=PLANE('',#1850);
#1679=PLANE('',#1854);
#1680=PLANE('',#1861);
#1681=PLANE('',#1862);
#1682=PLANE('',#1863);
#1683=PLANE('',#1867);
#1684=PLANE('',#1871);
#1685=PLANE('',#1875);
#1686=PLANE('',#1882);
#1687=PLANE('',#1883);
#1688=PLANE('',#1884);
#1689=PLANE('',#1888);
#1690=PLANE('',#1892);
#1691=PLANE('',#1896);
#1692=PLANE('',#1903);
#1693=PLANE('',#1904);
#1694=PLANE('',#1905);
#1695=PLANE('',#1914);
#1696=PLANE('',#1918);
#1697=PLANE('',#1922);
#1698=PLANE('',#1926);
#1699=PLANE('',#1932);
#1700=PLANE('',#1935);
#1701=PLANE('',#1936);
#1702=PLANE('',#1939);
#1703=PLANE('',#1942);
#1704=PLANE('',#1945);
#1705=PLANE('',#1948);
#1706=PLANE('',#1951);
#1707=PLANE('',#1954);
#1708=PLANE('',#1958);
#1709=PLANE('',#1959);
#1710=PLANE('',#1964);
#1711=PLANE('',#1965);
#1712=PLANE('',#1970);
#1713=PLANE('',#1971);
#1714=PLANE('',#1972);
#1715=PLANE('',#1973);
#1716=PLANE('',#1978);
#1717=PLANE('',#1983);
#1718=PLANE('',#1988);
#1719=ADVANCED_FACE('',(#182),#1671,.F.);
#1720=ADVANCED_FACE('',(#183),#141,.F.);
#1721=ADVANCED_FACE('',(#184),#1672,.F.);
#1722=ADVANCED_FACE('',(#185),#142,.F.);
#1723=ADVANCED_FACE('',(#186),#1673,.F.);
#1724=ADVANCED_FACE('',(#187),#143,.F.);
#1725=ADVANCED_FACE('',(#188),#1674,.F.);
#1726=ADVANCED_FACE('',(#189),#144,.F.);
#1727=ADVANCED_FACE('',(#190),#145,.F.);
#1728=ADVANCED_FACE('',(#191),#1675,.F.);
#1729=ADVANCED_FACE('',(#192),#1676,.F.);
#1730=ADVANCED_FACE('',(#193),#146,.F.);
#1731=ADVANCED_FACE('',(#194),#1677,.F.);
#1732=ADVANCED_FACE('',(#195),#147,.F.);
#1733=ADVANCED_FACE('',(#196),#1678,.F.);
#1734=ADVANCED_FACE('',(#197),#148,.F.);
#1735=ADVANCED_FACE('',(#198),#1679,.F.);
#1736=ADVANCED_FACE('',(#199),#149,.F.);
#1737=ADVANCED_FACE('',(#200),#150,.F.);
#1738=ADVANCED_FACE('',(#201),#1680,.F.);
#1739=ADVANCED_FACE('',(#202),#1681,.F.);
#1740=ADVANCED_FACE('',(#203),#1682,.F.);
#1741=ADVANCED_FACE('',(#204),#151,.F.);
#1742=ADVANCED_FACE('',(#205),#1683,.F.);
#1743=ADVANCED_FACE('',(#206),#152,.F.);
#1744=ADVANCED_FACE('',(#207),#1684,.F.);
#1745=ADVANCED_FACE('',(#208),#153,.F.);
#1746=ADVANCED_FACE('',(#209),#1685,.F.);
#1747=ADVANCED_FACE('',(#210),#154,.F.);
#1748=ADVANCED_FACE('',(#211),#155,.F.);
#1749=ADVANCED_FACE('',(#212),#1686,.F.);
#1750=ADVANCED_FACE('',(#213),#1687,.F.);
#1751=ADVANCED_FACE('',(#214),#1688,.F.);
#1752=ADVANCED_FACE('',(#215),#156,.F.);
#1753=ADVANCED_FACE('',(#216),#1689,.F.);
#1754=ADVANCED_FACE('',(#217),#157,.F.);
#1755=ADVANCED_FACE('',(#218),#1690,.F.);
#1756=ADVANCED_FACE('',(#219),#158,.F.);
#1757=ADVANCED_FACE('',(#220),#1691,.F.);
#1758=ADVANCED_FACE('',(#221),#159,.F.);
#1759=ADVANCED_FACE('',(#222),#160,.F.);
#1760=ADVANCED_FACE('',(#223),#1692,.F.);
#1761=ADVANCED_FACE('',(#224),#1693,.F.);
#1762=ADVANCED_FACE('',(#225,#15,#16,#17,#18),#1694,.T.);
#1763=ADVANCED_FACE('',(#226),#1695,.F.);
#1764=ADVANCED_FACE('',(#227),#161,.F.);
#1765=ADVANCED_FACE('',(#228),#1696,.F.);
#1766=ADVANCED_FACE('',(#229),#162,.F.);
#1767=ADVANCED_FACE('',(#230),#1697,.F.);
#1768=ADVANCED_FACE('',(#231),#163,.F.);
#1769=ADVANCED_FACE('',(#232),#1698,.F.);
#1770=ADVANCED_FACE('',(#233),#164,.F.);
#1771=ADVANCED_FACE('',(#234),#165,.F.);
#1772=ADVANCED_FACE('',(#235),#1699,.F.);
#1773=ADVANCED_FACE('',(#236),#166,.F.);
#1774=ADVANCED_FACE('',(#237),#1700,.F.);
#1775=ADVANCED_FACE('',(#238),#1701,.F.);
#1776=ADVANCED_FACE('',(#239),#167,.F.);
#1777=ADVANCED_FACE('',(#240),#1702,.F.);
#1778=ADVANCED_FACE('',(#241),#168,.F.);
#1779=ADVANCED_FACE('',(#242),#1703,.F.);
#1780=ADVANCED_FACE('',(#243),#169,.F.);
#1781=ADVANCED_FACE('',(#244),#1704,.F.);
#1782=ADVANCED_FACE('',(#245),#170,.F.);
#1783=ADVANCED_FACE('',(#246),#1705,.F.);
#1784=ADVANCED_FACE('',(#247),#171,.F.);
#1785=ADVANCED_FACE('',(#248),#1706,.F.);
#1786=ADVANCED_FACE('',(#249),#172,.F.);
#1787=ADVANCED_FACE('',(#250),#1707,.F.);
#1788=ADVANCED_FACE('',(#251),#173,.F.);
#1789=ADVANCED_FACE('',(#252),#1708,.F.);
#1790=ADVANCED_FACE('',(#253,#19,#20,#21,#22,#23,#24,#25),#1709,.T.);
#1791=ADVANCED_FACE('',(#254,#26),#1710,.F.);
#1792=ADVANCED_FACE('',(#255,#27,#28,#29,#30,#31,#32),#1711,.T.);
#1793=ADVANCED_FACE('',(#256,#33),#1712,.F.);
#1794=ADVANCED_FACE('',(#257,#34,#35,#36,#37),#1713,.T.);
#1795=ADVANCED_FACE('',(#258,#38),#1714,.T.);
#1796=ADVANCED_FACE('',(#259,#39),#1715,.F.);
#1797=ADVANCED_FACE('',(#260),#174,.F.);
#1798=ADVANCED_FACE('',(#261),#175,.F.);
#1799=ADVANCED_FACE('',(#262,#40),#1716,.F.);
#1800=ADVANCED_FACE('',(#263),#176,.F.);
#1801=ADVANCED_FACE('',(#264),#177,.F.);
#1802=ADVANCED_FACE('',(#265,#41),#1717,.F.);
#1803=ADVANCED_FACE('',(#266),#178,.F.);
#1804=ADVANCED_FACE('',(#267),#179,.F.);
#1805=ADVANCED_FACE('',(#268,#42),#1718,.F.);
#1806=ADVANCED_FACE('',(#269),#180,.F.);
#1807=ADVANCED_FACE('',(#270),#181,.F.);
#1808=CLOSED_SHELL('',(#1719,#1720,#1721,#1722,#1723,#1724,#1725,#1726,
#1727,#1728,#1729,#1730,#1731,#1732,#1733,#1734,#1735,#1736,#1737,#1738,
#1739,#1740,#1741,#1742,#1743,#1744,#1745,#1746,#1747,#1748,#1749,#1750,
#1751,#1752,#1753,#1754,#1755,#1756,#1757,#1758,#1759,#1760,#1761,#1762,
#1763,#1764,#1765,#1766,#1767,#1768,#1769,#1770,#1771,#1772,#1773,#1774,
#1775,#1776,#1777,#1778,#1779,#1780,#1781,#1782,#1783,#1784,#1785,#1786,
#1787,#1788,#1789,#1790,#1791,#1792,#1793,#1794,#1795,#1796,#1797,#1798,
#1799,#1800,#1801,#1802,#1803,#1804,#1805,#1806,#1807));
#1809=DERIVED_UNIT_ELEMENT(#1811,1.);
#1810=DERIVED_UNIT_ELEMENT(#3206,-3.);
#1811=(
MASS_UNIT()
NAMED_UNIT(*)
SI_UNIT(.KILO.,.GRAM.)
);
#1812=DERIVED_UNIT((#1809,#1810));
#1813=MEASURE_REPRESENTATION_ITEM('density measure',
POSITIVE_RATIO_MEASURE(7850.),#1812);
#1814=PROPERTY_DEFINITION_REPRESENTATION(#1819,#1816);
#1815=PROPERTY_DEFINITION_REPRESENTATION(#1820,#1817);
#1816=REPRESENTATION('material name',(#1818),#3203);
#1817=REPRESENTATION('density',(#1813),#3203);
#1818=DESCRIPTIVE_REPRESENTATION_ITEM('Steel','Steel');
#1819=PROPERTY_DEFINITION('material property','material name',#3213);
#1820=PROPERTY_DEFINITION('material property','density of part',#3213);
#1821=AXIS2_PLACEMENT_3D('',#2500,#1993,#1994);
#1822=AXIS2_PLACEMENT_3D('',#2501,#1995,#1996);
#1823=AXIS2_PLACEMENT_3D('',#2510,#2001,#2002);
#1824=AXIS2_PLACEMENT_3D('',#2525,#2003,#2004);
#1825=AXIS2_PLACEMENT_3D('',#2528,#2006,#2007);
#1826=AXIS2_PLACEMENT_3D('',#2529,#2008,#2009);
#1827=AXIS2_PLACEMENT_3D('',#2535,#2013,#2014);
#1828=AXIS2_PLACEMENT_3D('',#2537,#2015,#2016);
#1829=AXIS2_PLACEMENT_3D('',#2539,#2017,#2018);
#1830=AXIS2_PLACEMENT_3D('',#2554,#2020,#2021);
#1831=AXIS2_PLACEMENT_3D('',#2560,#2025,#2026);
#1832=AXIS2_PLACEMENT_3D('',#2563,#2027,#2028);
#1833=AXIS2_PLACEMENT_3D('',#2577,#2029,#2030);
#1834=AXIS2_PLACEMENT_3D('',#2579,#2032,#2033);
#1835=AXIS2_PLACEMENT_3D('',#2585,#2037,#2038);
#1836=AXIS2_PLACEMENT_3D('',#2599,#2039,#2040);
#1837=AXIS2_PLACEMENT_3D('',#2600,#2041,#2042);
#1838=AXIS2_PLACEMENT_3D('',#2601,#2043,#2044);
#1839=AXIS2_PLACEMENT_3D('',#2605,#2046,#2047);
#1840=AXIS2_PLACEMENT_3D('',#2609,#2049,#2050);
#1841=AXIS2_PLACEMENT_3D('',#2611,#2052,#2053);
#1842=AXIS2_PLACEMENT_3D('',#2615,#2056,#2057);
#1843=AXIS2_PLACEMENT_3D('',#2624,#2062,#2063);
#1844=AXIS2_PLACEMENT_3D('',#2626,#2064,#2065);
#1845=AXIS2_PLACEMENT_3D('',#2628,#2066,#2067);
#1846=AXIS2_PLACEMENT_3D('',#2643,#2069,#2070);
#1847=AXIS2_PLACEMENT_3D('',#2649,#2074,#2075);
#1848=AXIS2_PLACEMENT_3D('',#2664,#2076,#2077);
#1849=AXIS2_PLACEMENT_3D('',#2667,#2079,#2080);
#1850=AXIS2_PLACEMENT_3D('',#2668,#2081,#2082);
#1851=AXIS2_PLACEMENT_3D('',#2674,#2086,#2087);
#1852=AXIS2_PLACEMENT_3D('',#2689,#2088,#2089);
#1853=AXIS2_PLACEMENT_3D('',#2691,#2090,#2091);
#1854=AXIS2_PLACEMENT_3D('',#2693,#2093,#2094);
#1855=AXIS2_PLACEMENT_3D('',#2699,#2098,#2099);
#1856=AXIS2_PLACEMENT_3D('',#2701,#2100,#2101);
#1857=AXIS2_PLACEMENT_3D('',#2714,#2102,#2103);
#1858=AXIS2_PLACEMENT_3D('',#2715,#2104,#2105);
#1859=AXIS2_PLACEMENT_3D('',#2719,#2107,#2108);
#1860=AXIS2_PLACEMENT_3D('',#2723,#2110,#2111);
#1861=AXIS2_PLACEMENT_3D('',#2725,#2113,#2114);
#1862=AXIS2_PLACEMENT_3D('',#2729,#2117,#2118);
#1863=AXIS2_PLACEMENT_3D('',#2733,#2121,#2122);
#1864=AXIS2_PLACEMENT_3D('',#2742,#2127,#2128);
#1865=AXIS2_PLACEMENT_3D('',#2744,#2129,#2130);
#1866=AXIS2_PLACEMENT_3D('',#2746,#2131,#2132);
#1867=AXIS2_PLACEMENT_3D('',#2761,#2134,#2135);
#1868=AXIS2_PLACEMENT_3D('',#2767,#2139,#2140);
#1869=AXIS2_PLACEMENT_3D('',#2782,#2141,#2142);
#1870=AXIS2_PLACEMENT_3D('',#2785,#2144,#2145);
#1871=AXIS2_PLACEMENT_3D('',#2786,#2146,#2147);
#1872=AXIS2_PLACEMENT_3D('',#2795,#2152,#2153);
#1873=AXIS2_PLACEMENT_3D('',#2797,#2154,#2155);
#1874=AXIS2_PLACEMENT_3D('',#2810,#2156,#2157);
#1875=AXIS2_PLACEMENT_3D('',#2811,#2158,#2159);
#1876=AXIS2_PLACEMENT_3D('',#2817,#2163,#2164);
#1877=AXIS2_PLACEMENT_3D('',#2831,#2165,#2166);
#1878=AXIS2_PLACEMENT_3D('',#2832,#2167,#2168);
#1879=AXIS2_PLACEMENT_3D('',#2833,#2169,#2170);
#1880=AXIS2_PLACEMENT_3D('',#2837,#2172,#2173);
#1881=AXIS2_PLACEMENT_3D('',#2841,#2175,#2176);
#1882=AXIS2_PLACEMENT_3D('',#2843,#2178,#2179);
#1883=AXIS2_PLACEMENT_3D('',#2847,#2182,#2183);
#1884=AXIS2_PLACEMENT_3D('',#2851,#2186,#2187);
#1885=AXIS2_PLACEMENT_3D('',#2860,#2192,#2193);
#1886=AXIS2_PLACEMENT_3D('',#2862,#2194,#2195);
#1887=AXIS2_PLACEMENT_3D('',#2864,#2196,#2197);
#1888=AXIS2_PLACEMENT_3D('',#2879,#2199,#2200);
#1889=AXIS2_PLACEMENT_3D('',#2885,#2204,#2205);
#1890=AXIS2_PLACEMENT_3D('',#2900,#2206,#2207);
#1891=AXIS2_PLACEMENT_3D('',#2903,#2209,#2210);
#1892=AXIS2_PLACEMENT_3D('',#2904,#2211,#2212);
#1893=AXIS2_PLACEMENT_3D('',#2913,#2217,#2218);
#1894=AXIS2_PLACEMENT_3D('',#2915,#2219,#2220);
#1895=AXIS2_PLACEMENT_3D('',#2928,#2221,#2222);
#1896=AXIS2_PLACEMENT_3D('',#2929,#2223,#2224);
#1897=AXIS2_PLACEMENT_3D('',#2935,#2228,#2229);
#1898=AXIS2_PLACEMENT_3D('',#2949,#2230,#2231);
#1899=AXIS2_PLACEMENT_3D('',#2950,#2232,#2233);
#1900=AXIS2_PLACEMENT_3D('',#2951,#2234,#2235);
#1901=AXIS2_PLACEMENT_3D('',#2955,#2237,#2238);
#1902=AXIS2_PLACEMENT_3D('',#2959,#2240,#2241);
#1903=AXIS2_PLACEMENT_3D('',#2961,#2243,#2244);
#1904=AXIS2_PLACEMENT_3D('',#2965,#2247,#2248);
#1905=AXIS2_PLACEMENT_3D('',#2969,#2251,#2252);
#1906=AXIS2_PLACEMENT_3D('',#2979,#2257,#2258);
#1907=AXIS2_PLACEMENT_3D('',#2983,#2260,#2261);
#1908=AXIS2_PLACEMENT_3D('',#2988,#2264,#2265);
#1909=AXIS2_PLACEMENT_3D('',#2992,#2267,#2268);
#1910=AXIS2_PLACEMENT_3D('',#2995,#2270,#2271);
#1911=AXIS2_PLACEMENT_3D('',#2999,#2273,#2274);
#1912=AXIS2_PLACEMENT_3D('',#3002,#2276,#2277);
#1913=AXIS2_PLACEMENT_3D('',#3006,#2279,#2280);
#1914=AXIS2_PLACEMENT_3D('',#3008,#2282,#2283);
#1915=AXIS2_PLACEMENT_3D('',#3017,#2288,#2289);
#1916=AXIS2_PLACEMENT_3D('',#3019,#2290,#2291);
#1917=AXIS2_PLACEMENT_3D('',#3022,#2293,#2294);
#1918=AXIS2_PLACEMENT_3D('',#3023,#2295,#2296);
#1919=AXIS2_PLACEMENT_3D('',#3029,#2300,#2301);
#1920=AXIS2_PLACEMENT_3D('',#3031,#2302,#2303);
#1921=AXIS2_PLACEMENT_3D('',#3034,#2305,#2306);
#1922=AXIS2_PLACEMENT_3D('',#3035,#2307,#2308);
#1923=AXIS2_PLACEMENT_3D('',#3041,#2312,#2313);
#1924=AXIS2_PLACEMENT_3D('',#3043,#2314,#2315);
#1925=AXIS2_PLACEMENT_3D('',#3046,#2317,#2318);
#1926=AXIS2_PLACEMENT_3D('',#3047,#2319,#2320);
#1927=AXIS2_PLACEMENT_3D('',#3053,#2324,#2325);
#1928=AXIS2_PLACEMENT_3D('',#3054,#2326,#2327);
#1929=AXIS2_PLACEMENT_3D('',#3055,#2328,#2329);
#1930=AXIS2_PLACEMENT_3D('',#3056,#2330,#2331);
#1931=AXIS2_PLACEMENT_3D('',#3058,#2332,#2333);
#1932=AXIS2_PLACEMENT_3D('',#3060,#2335,#2336);
#1933=AXIS2_PLACEMENT_3D('',#3064,#2339,#2340);
#1934=AXIS2_PLACEMENT_3D('',#3066,#2341,#2342);
#1935=AXIS2_PLACEMENT_3D('',#3068,#2344,#2345);
#1936=AXIS2_PLACEMENT_3D('',#3070,#2347,#2348);
#1937=AXIS2_PLACEMENT_3D('',#3074,#2351,#2352);
#1938=AXIS2_PLACEMENT_3D('',#3076,#2353,#2354);
#1939=AXIS2_PLACEMENT_3D('',#3078,#2356,#2357);
#1940=AXIS2_PLACEMENT_3D('',#3082,#2360,#2361);
#1941=AXIS2_PLACEMENT_3D('',#3084,#2363,#2364);
#1942=AXIS2_PLACEMENT_3D('',#3085,#2365,#2366);
#1943=AXIS2_PLACEMENT_3D('',#3086,#2367,#2368);
#1944=AXIS2_PLACEMENT_3D('',#3088,#2369,#2370);
#1945=AXIS2_PLACEMENT_3D('',#3090,#2372,#2373);
#1946=AXIS2_PLACEMENT_3D('',#3094,#2376,#2377);
#1947=AXIS2_PLACEMENT_3D('',#3096,#2378,#2379);
#1948=AXIS2_PLACEMENT_3D('',#3098,#2381,#2382);
#1949=AXIS2_PLACEMENT_3D('',#3100,#2384,#2385);
#1950=AXIS2_PLACEMENT_3D('',#3102,#2386,#2387);
#1951=AXIS2_PLACEMENT_3D('',#3104,#2389,#2390);
#1952=AXIS2_PLACEMENT_3D('',#3108,#2393,#2394);
#1953=AXIS2_PLACEMENT_3D('',#3110,#2395,#2396);
#1954=AXIS2_PLACEMENT_3D('',#3112,#2398,#2399);
#1955=AXIS2_PLACEMENT_3D('',#3114,#2401,#2402);
#1956=AXIS2_PLACEMENT_3D('',#3116,#2403,#2404);
#1957=AXIS2_PLACEMENT_3D('',#3119,#2406,#2407);
#1958=AXIS2_PLACEMENT_3D('',#3120,#2408,#2409);
#1959=AXIS2_PLACEMENT_3D('',#3129,#2414,#2415);
#1960=AXIS2_PLACEMENT_3D('',#3133,#2418,#2419);
#1961=AXIS2_PLACEMENT_3D('',#3135,#2420,#2421);
#1962=AXIS2_PLACEMENT_3D('',#3137,#2422,#2423);
#1963=AXIS2_PLACEMENT_3D('',#3139,#2424,#2425);
#1964=AXIS2_PLACEMENT_3D('',#3140,#2426,#2427);
#1965=AXIS2_PLACEMENT_3D('',#3146,#2431,#2432);
#1966=AXIS2_PLACEMENT_3D('',#3151,#2435,#2436);
#1967=AXIS2_PLACEMENT_3D('',#3153,#2437,#2438);
#1968=AXIS2_PLACEMENT_3D('',#3155,#2439,#2440);
#1969=AXIS2_PLACEMENT_3D('',#3157,#2441,#2442);
#1970=AXIS2_PLACEMENT_3D('',#3158,#2443,#2444);
#1971=AXIS2_PLACEMENT_3D('',#3162,#2447,#2448);
#1972=AXIS2_PLACEMENT_3D('',#3164,#2450,#2451);
#1973=AXIS2_PLACEMENT_3D('',#3165,#2452,#2453);
#1974=AXIS2_PLACEMENT_3D('',#3167,#2454,#2455);
#1975=AXIS2_PLACEMENT_3D('',#3169,#2456,#2457);
#1976=AXIS2_PLACEMENT_3D('',#3170,#2458,#2459);
#1977=AXIS2_PLACEMENT_3D('',#3172,#2461,#2462);
#1978=AXIS2_PLACEMENT_3D('',#3174,#2464,#2465);
#1979=AXIS2_PLACEMENT_3D('',#3176,#2466,#2467);
#1980=AXIS2_PLACEMENT_3D('',#3178,#2468,#2469);
#1981=AXIS2_PLACEMENT_3D('',#3179,#2470,#2471);
#1982=AXIS2_PLACEMENT_3D('',#3181,#2473,#2474);
#1983=AXIS2_PLACEMENT_3D('',#3183,#2476,#2477);
#1984=AXIS2_PLACEMENT_3D('',#3185,#2478,#2479);
#1985=AXIS2_PLACEMENT_3D('',#3187,#2480,#2481);
#1986=AXIS2_PLACEMENT_3D('',#3188,#2482,#2483);
#1987=AXIS2_PLACEMENT_3D('',#3190,#2485,#2486);
#1988=AXIS2_PLACEMENT_3D('',#3192,#2488,#2489);
#1989=AXIS2_PLACEMENT_3D('',#3194,#2490,#2491);
#1990=AXIS2_PLACEMENT_3D('',#3196,#2492,#2493);
#1991=AXIS2_PLACEMENT_3D('',#3197,#2494,#2495);
#1992=AXIS2_PLACEMENT_3D('',#3199,#2497,#2498);
#1993=DIRECTION('axis',(0.,0.,1.));
#1994=DIRECTION('refdir',(1.,0.,0.));
#1995=DIRECTION('center_axis',(-1.,0.,0.));
#1996=DIRECTION('ref_axis',(0.,0.,-1.));
#1997=DIRECTION('',(0.,0.,1.));
#1998=DIRECTION('',(0.,-1.,0.));
#1999=DIRECTION('',(0.,0.,-1.));
#2000=DIRECTION('',(0.,-1.,0.));
#2001=DIRECTION('center_axis',(0.,-1.,0.));
#2002=DIRECTION('ref_axis',(-1.,0.,0.));
#2003=DIRECTION('center_axis',(0.,-1.,0.));
#2004=DIRECTION('ref_axis',(-1.,0.,0.));
#2005=DIRECTION('',(0.,-1.,0.));
#2006=DIRECTION('center_axis',(0.,1.,0.));
#2007=DIRECTION('ref_axis',(-1.,0.,0.));
#2008=DIRECTION('center_axis',(0.,0.,1.));
#2009=DIRECTION('ref_axis',(-1.,0.,0.));
#2010=DIRECTION('',(1.,0.,0.));
#2011=DIRECTION('',(-1.,0.,0.));
#2012=DIRECTION('',(0.,-1.,0.));
#2013=DIRECTION('center_axis',(0.,-1.,0.));
#2014=DIRECTION('ref_axis',(0.,0.,1.));
#2015=DIRECTION('center_axis',(0.,1.,0.));
#2016=DIRECTION('ref_axis',(0.,0.,1.));
#2017=DIRECTION('center_axis',(0.,-1.,0.));
#2018=DIRECTION('ref_axis',(0.,0.,1.));
#2019=DIRECTION('',(0.,-1.,0.));
#2020=DIRECTION('center_axis',(1.,0.,1.11022302462516E-15));
#2021=DIRECTION('ref_axis',(-1.11022302462516E-15,0.,1.));
#2022=DIRECTION('',(0.,0.,-1.));
#2023=DIRECTION('',(-1.11022302462516E-15,0.,1.));
#2024=DIRECTION('',(0.,-1.,0.));
#2025=DIRECTION('center_axis',(0.,-1.,0.));
#2026=DIRECTION('ref_axis',(1.,0.,0.));
#2027=DIRECTION('center_axis',(0.,1.,0.));
#2028=DIRECTION('ref_axis',(1.,0.,0.));
#2029=DIRECTION('center_axis',(0.,-1.,0.));
#2030=DIRECTION('ref_axis',(1.,0.,0.));
#2031=DIRECTION('',(0.,-1.,0.));
#2032=DIRECTION('center_axis',(0.,0.,-1.));
#2033=DIRECTION('ref_axis',(1.,0.,0.));
#2034=DIRECTION('',(-1.,0.,0.));
#2035=DIRECTION('',(1.,0.,0.));
#2036=DIRECTION('',(0.,-1.,0.));
#2037=DIRECTION('center_axis',(0.,-1.,0.));
#2038=DIRECTION('ref_axis',(0.,0.,-1.));
#2039=DIRECTION('center_axis',(0.,1.,0.));
#2040=DIRECTION('ref_axis',(0.,0.,-1.));
#2041=DIRECTION('center_axis',(0.,-1.,0.));
#2042=DIRECTION('ref_axis',(0.,0.,-1.));
#2043=DIRECTION('center_axis',(0.,0.,-1.));
#2044=DIRECTION('ref_axis',(0.,1.,0.));
#2045=DIRECTION('',(0.,0.,-1.));
#2046=DIRECTION('center_axis',(0.,0.,-1.));
#2047=DIRECTION('ref_axis',(0.,1.,0.));
#2048=DIRECTION('',(0.,0.,-1.));
#2049=DIRECTION('center_axis',(0.,0.,1.));
#2050=DIRECTION('ref_axis',(0.,1.,0.));
#2051=DIRECTION('',(0.,0.,-1.));
#2052=DIRECTION('center_axis',(0.,1.,0.));
#2053=DIRECTION('ref_axis',(1.,0.,0.));
#2054=DIRECTION('',(0.,0.,-1.));
#2055=DIRECTION('',(1.,0.,0.));
#2056=DIRECTION('center_axis',(0.,6.40513283437591E-17,1.));
#2057=DIRECTION('ref_axis',(0.,-1.,6.40513283437591E-17));
#2058=DIRECTION('',(1.61035019335642E-16,1.,-6.40513283437591E-17));
#2059=DIRECTION('',(1.,0.,0.));
#2060=DIRECTION('',(0.,-1.,6.40513283437591E-17));
#2061=DIRECTION('',(1.,0.,0.));
#2062=DIRECTION('center_axis',(1.,0.,0.));
#2063=DIRECTION('ref_axis',(0.,-2.22044604925032E-15,1.));
#2064=DIRECTION('center_axis',(-1.,1.61035019335642E-16,0.));
#2065=DIRECTION('ref_axis',(0.,-2.22044604925032E-15,1.));
#2066=DIRECTION('center_axis',(1.,0.,0.));
#2067=DIRECTION('ref_axis',(0.,-2.22044604925032E-15,1.));
#2068=DIRECTION('',(1.,0.,0.));
#2069=DIRECTION('center_axis',(0.,1.,1.11022302462516E-15));
#2070=DIRECTION('ref_axis',(0.,-1.11022302462516E-15,1.));
#2071=DIRECTION('',(0.,0.,-1.));
#2072=DIRECTION('',(0.,-1.11022302462516E-15,1.));
#2073=DIRECTION('',(1.,0.,0.));
#2074=DIRECTION('center_axis',(1.,0.,0.));
#2075=DIRECTION('ref_axis',(0.,1.,-5.55111512312578E-16));
#2076=DIRECTION('center_axis',(1.,0.,0.));
#2077=DIRECTION('ref_axis',(0.,1.,-5.55111512312578E-16));
#2078=DIRECTION('',(1.,0.,0.));
#2079=DIRECTION('center_axis',(-1.,1.61035019335642E-16,0.));
#2080=DIRECTION('ref_axis',(0.,1.,-5.55111512312578E-16));
#2081=DIRECTION('center_axis',(0.,0.,-1.));
#2082=DIRECTION('ref_axis',(0.,1.,0.));
#2083=DIRECTION('',(-1.61035019335642E-16,-1.,0.));
#2084=DIRECTION('',(0.,1.,0.));
#2085=DIRECTION('',(1.,0.,0.));
#2086=DIRECTION('center_axis',(1.,0.,0.));
#2087=DIRECTION('ref_axis',(0.,0.,-1.));
#2088=DIRECTION('center_axis',(-1.,1.61035019335642E-16,0.));
#2089=DIRECTION('ref_axis',(0.,0.,-1.));
#2090=DIRECTION('center_axis',(1.,0.,0.));
#2091=DIRECTION('ref_axis',(0.,0.,-1.));
#2092=DIRECTION('',(1.,0.,0.));
#2093=DIRECTION('center_axis',(0.,-1.,0.));
#2094=DIRECTION('ref_axis',(0.,0.,-1.));
#2095=DIRECTION('',(0.,0.,1.));
#2096=DIRECTION('',(0.,0.,-1.));
#2097=DIRECTION('',(1.,0.,0.));
#2098=DIRECTION('center_axis',(1.,0.,0.));
#2099=DIRECTION('ref_axis',(0.,-1.,0.));
#2100=DIRECTION('center_axis',(-1.,1.61035019335642E-16,0.));
#2101=DIRECTION('ref_axis',(0.,-1.,0.));
#2102=DIRECTION('center_axis',(1.,0.,0.));
#2103=DIRECTION('ref_axis',(0.,-1.,0.));
#2104=DIRECTION('center_axis',(0.,0.,-1.));
#2105=DIRECTION('ref_axis',(0.631946431514447,0.775012069387411,0.));
#2106=DIRECTION('',(0.,0.,-1.));
#2107=DIRECTION('center_axis',(0.,0.,1.));
#2108=DIRECTION('ref_axis',(0.631946431514447,0.775012069387411,0.));
#2109=DIRECTION('',(0.,0.,-1.));
#2110=DIRECTION('center_axis',(0.,0.,-1.));
#2111=DIRECTION('ref_axis',(0.631946431514447,0.775012069387411,0.));
#2112=DIRECTION('',(0.,0.,-1.));
#2113=DIRECTION('center_axis',(-1.,1.61035019335642E-16,0.));
#2114=DIRECTION('ref_axis',(1.61035019335642E-16,1.,0.));
#2115=DIRECTION('',(0.,0.,-1.));
#2116=DIRECTION('',(-1.61035019335642E-16,-1.,0.));
#2117=DIRECTION('center_axis',(-1.,1.61035019335642E-16,0.));
#2118=DIRECTION('ref_axis',(1.61035019335642E-16,1.,0.));
#2119=DIRECTION('',(1.61035019335642E-16,1.,0.));
#2120=DIRECTION('',(0.,0.,-1.));
#2121=DIRECTION('center_axis',(0.,0.,1.));
#2122=DIRECTION('ref_axis',(1.,0.,0.));
#2123=DIRECTION('',(-1.,0.,0.));
#2124=DIRECTION('',(0.,1.,0.));
#2125=DIRECTION('',(1.,0.,0.));
#2126=DIRECTION('',(0.,1.,0.));
#2127=DIRECTION('center_axis',(0.,1.,0.));
#2128=DIRECTION('ref_axis',(0.,0.,1.));
#2129=DIRECTION('center_axis',(0.,-1.,0.));
#2130=DIRECTION('ref_axis',(0.,0.,1.));
#2131=DIRECTION('center_axis',(0.,1.,0.));
#2132=DIRECTION('ref_axis',(0.,0.,1.));
#2133=DIRECTION('',(0.,1.,0.));
#2134=DIRECTION('center_axis',(-1.,0.,0.));
#2135=DIRECTION('ref_axis',(0.,0.,1.));
#2136=DIRECTION('',(0.,0.,-1.));
#2137=DIRECTION('',(0.,0.,1.));
#2138=DIRECTION('',(0.,1.,0.));
#2139=DIRECTION('center_axis',(0.,1.,0.));
#2140=DIRECTION('ref_axis',(-1.,0.,0.));
#2141=DIRECTION('center_axis',(0.,1.,0.));
#2142=DIRECTION('ref_axis',(-1.,0.,0.));
#2143=DIRECTION('',(0.,1.,0.));
#2144=DIRECTION('center_axis',(0.,-1.,0.));
#2145=DIRECTION('ref_axis',(-1.,0.,0.));
#2146=DIRECTION('center_axis',(1.,0.,0.));
#2147=DIRECTION('ref_axis',(0.,0.,-1.));
#2148=DIRECTION('',(0.,0.,1.));
#2149=DIRECTION('',(0.,1.,0.));
#2150=DIRECTION('',(0.,0.,-1.));
#2151=DIRECTION('',(0.,1.,0.));
#2152=DIRECTION('center_axis',(0.,1.,0.));
#2153=DIRECTION('ref_axis',(1.,0.,0.));
#2154=DIRECTION('center_axis',(0.,-1.,0.));
#2155=DIRECTION('ref_axis',(1.,0.,0.));
#2156=DIRECTION('center_axis',(0.,1.,0.));
#2157=DIRECTION('ref_axis',(1.,0.,0.));
#2158=DIRECTION('center_axis',(0.,0.,-1.));
#2159=DIRECTION('ref_axis',(-1.,0.,0.));
#2160=DIRECTION('',(1.,0.,0.));
#2161=DIRECTION('',(-1.,0.,0.));
#2162=DIRECTION('',(0.,1.,0.));
#2163=DIRECTION('center_axis',(0.,1.,0.));
#2164=DIRECTION('ref_axis',(0.,0.,-1.));
#2165=DIRECTION('center_axis',(0.,-1.,0.));
#2166=DIRECTION('ref_axis',(0.,0.,-1.));
#2167=DIRECTION('center_axis',(0.,1.,0.));
#2168=DIRECTION('ref_axis',(0.,0.,-1.));
#2169=DIRECTION('center_axis',(0.,0.,-1.));
#2170=DIRECTION('ref_axis',(-0.633237790257264,0.77395729920332,0.));
#2171=DIRECTION('',(0.,0.,-1.));
#2172=DIRECTION('center_axis',(0.,0.,1.));
#2173=DIRECTION('ref_axis',(-0.633237790257264,0.77395729920332,0.));
#2174=DIRECTION('',(0.,0.,-1.));
#2175=DIRECTION('center_axis',(0.,0.,-1.));
#2176=DIRECTION('ref_axis',(-0.633237790257264,0.77395729920332,0.));
#2177=DIRECTION('',(0.,0.,-1.));
#2178=DIRECTION('center_axis',(0.,-1.,0.));
#2179=DIRECTION('ref_axis',(-1.,0.,0.));
#2180=DIRECTION('',(0.,0.,-1.));
#2181=DIRECTION('',(1.,0.,0.));
#2182=DIRECTION('center_axis',(0.,-1.,0.));
#2183=DIRECTION('ref_axis',(-1.,0.,0.));
#2184=DIRECTION('',(-1.,0.,0.));
#2185=DIRECTION('',(0.,0.,-1.));
#2186=DIRECTION('center_axis',(0.,0.,1.));
#2187=DIRECTION('ref_axis',(0.,1.,0.));
#2188=DIRECTION('',(0.,-1.,0.));
#2189=DIRECTION('',(-1.,0.,0.));
#2190=DIRECTION('',(0.,1.,0.));
#2191=DIRECTION('',(-1.,0.,0.));
#2192=DIRECTION('center_axis',(-1.,0.,0.));
#2193=DIRECTION('ref_axis',(0.,0.,1.));
#2194=DIRECTION('center_axis',(1.,0.,0.));
#2195=DIRECTION('ref_axis',(0.,0.,1.));
#2196=DIRECTION('center_axis',(-1.,0.,0.));
#2197=DIRECTION('ref_axis',(0.,0.,1.));
#2198=DIRECTION('',(-1.,0.,0.));
#2199=DIRECTION('center_axis',(0.,-1.,-2.22044604925032E-15));
#2200=DIRECTION('ref_axis',(0.,-2.22044604925032E-15,1.));
#2201=DIRECTION('',(0.,0.,-1.));
#2202=DIRECTION('',(0.,-2.22044604925032E-15,1.));
#2203=DIRECTION('',(-1.,0.,0.));
#2204=DIRECTION('center_axis',(-1.,0.,0.));
#2205=DIRECTION('ref_axis',(0.,-1.,0.));
#2206=DIRECTION('center_axis',(-1.,0.,0.));
#2207=DIRECTION('ref_axis',(0.,-1.,0.));
#2208=DIRECTION('',(-1.,0.,0.));
#2209=DIRECTION('center_axis',(1.,0.,0.));
#2210=DIRECTION('ref_axis',(0.,-1.,0.));
#2211=DIRECTION('center_axis',(0.,1.,0.));
#2212=DIRECTION('ref_axis',(0.,0.,-1.));
#2213=DIRECTION('',(0.,0.,1.));
#2214=DIRECTION('',(-1.,0.,0.));
#2215=DIRECTION('',(0.,0.,-1.));
#2216=DIRECTION('',(-1.,0.,0.));
#2217=DIRECTION('center_axis',(-1.,0.,0.));
#2218=DIRECTION('ref_axis',(0.,1.,0.));
#2219=DIRECTION('center_axis',(1.,0.,0.));
#2220=DIRECTION('ref_axis',(0.,1.,0.));
#2221=DIRECTION('center_axis',(-1.,0.,0.));
#2222=DIRECTION('ref_axis',(0.,1.,0.));
#2223=DIRECTION('center_axis',(0.,0.,-1.));
#2224=DIRECTION('ref_axis',(0.,-1.,0.));
#2225=DIRECTION('',(0.,1.,0.));
#2226=DIRECTION('',(0.,-1.,0.));
#2227=DIRECTION('',(-1.,0.,0.));
#2228=DIRECTION('center_axis',(-1.,0.,0.));
#2229=DIRECTION('ref_axis',(0.,0.,-1.));
#2230=DIRECTION('center_axis',(1.,0.,0.));
#2231=DIRECTION('ref_axis',(0.,0.,-1.));
#2232=DIRECTION('center_axis',(-1.,0.,0.));
#2233=DIRECTION('ref_axis',(0.,0.,-1.));
#2234=DIRECTION('center_axis',(0.,0.,-1.));
#2235=DIRECTION('ref_axis',(-0.631946431514442,-0.775012069387414,0.));
#2236=DIRECTION('',(0.,0.,-1.));
#2237=DIRECTION('center_axis',(0.,0.,1.));
#2238=DIRECTION('ref_axis',(-0.631946431514442,-0.775012069387414,0.));
#2239=DIRECTION('',(0.,0.,-1.));
#2240=DIRECTION('center_axis',(0.,0.,-1.));
#2241=DIRECTION('ref_axis',(-0.631946431514442,-0.775012069387414,0.));
#2242=DIRECTION('',(0.,0.,-1.));
#2243=DIRECTION('center_axis',(1.,0.,0.));
#2244=DIRECTION('ref_axis',(0.,-1.,0.));
#2245=DIRECTION('',(0.,0.,-1.));
#2246=DIRECTION('',(0.,1.,0.));
#2247=DIRECTION('center_axis',(1.,0.,0.));
#2248=DIRECTION('ref_axis',(0.,-1.,0.));
#2249=DIRECTION('',(0.,-1.,0.));
#2250=DIRECTION('',(0.,0.,-1.));
#2251=DIRECTION('center_axis',(0.,0.,-1.));
#2252=DIRECTION('ref_axis',(-1.,0.,0.));
#2253=DIRECTION('',(0.,-1.,0.));
#2254=DIRECTION('',(-1.,0.,0.));
#2255=DIRECTION('',(0.,1.,0.));
#2256=DIRECTION('',(1.,0.,0.));
#2257=DIRECTION('center_axis',(0.,0.,1.));
#2258=DIRECTION('ref_axis',(1.11022302462516E-15,-1.,0.));
#2259=DIRECTION('',(-0.773957299203321,0.633237790257263,0.));
#2260=DIRECTION('center_axis',(0.,0.,1.));
#2261=DIRECTION('ref_axis',(0.633237790257263,0.773957299203321,0.));
#2262=DIRECTION('',(-0.773957299203321,-0.633237790257263,0.));
#2263=DIRECTION('',(0.773957308966289,-0.633237778324747,0.));
#2264=DIRECTION('center_axis',(0.,0.,1.));
#2265=DIRECTION('ref_axis',(-0.633237778324747,-0.773957308966289,0.));
#2266=DIRECTION('',(0.773957299717162,0.633237789629235,0.));
#2267=DIRECTION('center_axis',(0.,0.,1.));
#2268=DIRECTION('ref_axis',(0.633237789629234,-0.773957299717162,0.));
#2269=DIRECTION('',(-1.,0.,0.));
#2270=DIRECTION('center_axis',(0.,0.,1.));
#2271=DIRECTION('ref_axis',(-1.,2.22044604925031E-15,0.));
#2272=DIRECTION('',(0.775012069387413,0.631946431514444,0.));
#2273=DIRECTION('center_axis',(0.,0.,1.));
#2274=DIRECTION('ref_axis',(0.631946431514444,-0.775012069387413,0.));
#2275=DIRECTION('',(-0.775012069387413,0.631946431514444,0.));
#2276=DIRECTION('center_axis',(0.,0.,1.));
#2277=DIRECTION('ref_axis',(1.,-2.22044604925032E-15,0.));
#2278=DIRECTION('',(-0.775012069387413,-0.631946431514444,0.));
#2279=DIRECTION('center_axis',(0.,0.,1.));
#2280=DIRECTION('ref_axis',(-0.631946431514444,0.775012069387413,0.));
#2281=DIRECTION('',(0.775012069387413,-0.631946431514444,0.));
#2282=DIRECTION('center_axis',(1.,0.,0.));
#2283=DIRECTION('ref_axis',(0.,0.,-1.));
#2284=DIRECTION('',(0.,0.,-1.));
#2285=DIRECTION('',(0.,1.,0.));
#2286=DIRECTION('',(0.,0.,1.));
#2287=DIRECTION('',(0.,1.,0.));
#2288=DIRECTION('center_axis',(0.,1.,0.));
#2289=DIRECTION('ref_axis',(1.,0.,0.));
#2290=DIRECTION('center_axis',(0.,1.,0.));
#2291=DIRECTION('ref_axis',(1.,0.,0.));
#2292=DIRECTION('',(0.,1.,0.));
#2293=DIRECTION('center_axis',(0.,-1.,0.));
#2294=DIRECTION('ref_axis',(1.,0.,0.));
#2295=DIRECTION('center_axis',(0.,0.,1.));
#2296=DIRECTION('ref_axis',(1.,0.,0.));
#2297=DIRECTION('',(1.,0.,0.));
#2298=DIRECTION('',(0.,1.,0.));
#2299=DIRECTION('',(-1.,0.,0.));
#2300=DIRECTION('center_axis',(0.,1.,0.));
#2301=DIRECTION('ref_axis',(0.,0.,1.));
#2302=DIRECTION('center_axis',(0.,1.,0.));
#2303=DIRECTION('ref_axis',(0.,0.,1.));
#2304=DIRECTION('',(0.,1.,0.));
#2305=DIRECTION('center_axis',(0.,-1.,0.));
#2306=DIRECTION('ref_axis',(0.,0.,1.));
#2307=DIRECTION('center_axis',(-1.,0.,0.));
#2308=DIRECTION('ref_axis',(0.,0.,1.));
#2309=DIRECTION('',(0.,0.,1.));
#2310=DIRECTION('',(0.,1.,0.));
#2311=DIRECTION('',(0.,0.,-1.));
#2312=DIRECTION('center_axis',(0.,1.,0.));
#2313=DIRECTION('ref_axis',(-1.,0.,0.));
#2314=DIRECTION('center_axis',(0.,1.,0.));
#2315=DIRECTION('ref_axis',(-1.,0.,0.));
#2316=DIRECTION('',(0.,1.,0.));
#2317=DIRECTION('center_axis',(0.,-1.,0.));
#2318=DIRECTION('ref_axis',(-1.,0.,0.));
#2319=DIRECTION('center_axis',(0.,0.,-1.));
#2320=DIRECTION('ref_axis',(-1.,0.,0.));
#2321=DIRECTION('',(-1.,0.,0.));
#2322=DIRECTION('',(0.,1.,0.));
#2323=DIRECTION('',(1.,0.,0.));
#2324=DIRECTION('center_axis',(0.,1.,0.));
#2325=DIRECTION('ref_axis',(0.,0.,-1.));
#2326=DIRECTION('center_axis',(0.,1.,0.));
#2327=DIRECTION('ref_axis',(0.,0.,-1.));
#2328=DIRECTION('center_axis',(0.,-1.,0.));
#2329=DIRECTION('ref_axis',(0.,0.,-1.));
#2330=DIRECTION('center_axis',(0.,0.,-1.));
#2331=DIRECTION('ref_axis',(1.11022302462516E-15,-1.,0.));
#2332=DIRECTION('center_axis',(0.,0.,-1.));
#2333=DIRECTION('ref_axis',(1.11022302462516E-15,-1.,0.));
#2334=DIRECTION('',(0.,0.,-1.));
#2335=DIRECTION('center_axis',(0.633237790257263,0.773957299203321,0.));
#2336=DIRECTION('ref_axis',(0.773957299203321,-0.633237790257263,0.));
#2337=DIRECTION('',(0.773957299203321,-0.633237790257263,0.));
#2338=DIRECTION('',(0.,0.,-1.));
#2339=DIRECTION('center_axis',(0.,0.,-1.));
#2340=DIRECTION('ref_axis',(0.633237790257263,0.773957299203321,0.));
#2341=DIRECTION('center_axis',(0.,0.,-1.));
#2342=DIRECTION('ref_axis',(0.633237790257263,0.773957299203321,0.));
#2343=DIRECTION('',(0.,0.,-1.));
#2344=DIRECTION('center_axis',(-0.633237790257263,0.773957299203321,0.));
#2345=DIRECTION('ref_axis',(0.773957299203321,0.633237790257263,0.));
#2346=DIRECTION('',(0.773957299203321,0.633237790257263,0.));
#2347=DIRECTION('center_axis',(-0.633237778324747,-0.773957308966289,0.));
#2348=DIRECTION('ref_axis',(-0.773957308966289,0.633237778324747,0.));
#2349=DIRECTION('',(-0.773957308966289,0.633237778324747,0.));
#2350=DIRECTION('',(0.,0.,-1.));
#2351=DIRECTION('center_axis',(0.,0.,-1.));
#2352=DIRECTION('ref_axis',(-0.633237778324747,-0.773957308966289,0.));
#2353=DIRECTION('center_axis',(0.,0.,-1.));
#2354=DIRECTION('ref_axis',(-0.633237778324747,-0.773957308966289,0.));
#2355=DIRECTION('',(0.,0.,-1.));
#2356=DIRECTION('center_axis',(0.633237789629235,-0.773957299717162,0.));
#2357=DIRECTION('ref_axis',(-0.773957299717162,-0.633237789629235,0.));
#2358=DIRECTION('',(-0.773957299717162,-0.633237789629235,0.));
#2359=DIRECTION('',(0.,0.,-1.));
#2360=DIRECTION('center_axis',(0.,0.,-1.));
#2361=DIRECTION('ref_axis',(0.633237789629234,-0.773957299717162,0.));
#2362=DIRECTION('',(0.,0.,-1.));
#2363=DIRECTION('center_axis',(0.,0.,-1.));
#2364=DIRECTION('ref_axis',(0.633237789629234,-0.773957299717162,0.));
#2365=DIRECTION('center_axis',(0.,1.,0.));
#2366=DIRECTION('ref_axis',(1.,0.,0.));
#2367=DIRECTION('center_axis',(0.,0.,-1.));
#2368=DIRECTION('ref_axis',(-1.,2.22044604925031E-15,0.));
#2369=DIRECTION('center_axis',(0.,0.,-1.));
#2370=DIRECTION('ref_axis',(-1.,2.22044604925031E-15,0.));
#2371=DIRECTION('',(0.,0.,-1.));
#2372=DIRECTION('center_axis',(0.631946431514444,-0.775012069387413,0.));
#2373=DIRECTION('ref_axis',(-0.775012069387413,-0.631946431514444,0.));
#2374=DIRECTION('',(-0.775012069387413,-0.631946431514444,0.));
#2375=DIRECTION('',(0.,0.,-1.));
#2376=DIRECTION('center_axis',(0.,0.,-1.));
#2377=DIRECTION('ref_axis',(0.631946431514444,-0.775012069387413,0.));
#2378=DIRECTION('center_axis',(0.,0.,-1.));
#2379=DIRECTION('ref_axis',(0.631946431514444,-0.775012069387413,0.));
#2380=DIRECTION('',(0.,0.,-1.));
#2381=DIRECTION('center_axis',(0.631946431514444,0.775012069387413,0.));
#2382=DIRECTION('ref_axis',(0.775012069387413,-0.631946431514444,0.));
#2383=DIRECTION('',(0.775012069387413,-0.631946431514444,0.));
#2384=DIRECTION('center_axis',(0.,0.,-1.));
#2385=DIRECTION('ref_axis',(1.,-2.22044604925032E-15,0.));
#2386=DIRECTION('center_axis',(0.,0.,-1.));
#2387=DIRECTION('ref_axis',(1.,-2.22044604925032E-15,0.));
#2388=DIRECTION('',(0.,0.,-1.));
#2389=DIRECTION('center_axis',(-0.631946431514444,0.775012069387413,0.));
#2390=DIRECTION('ref_axis',(0.775012069387413,0.631946431514444,0.));
#2391=DIRECTION('',(0.775012069387413,0.631946431514444,0.));
#2392=DIRECTION('',(0.,0.,-1.));
#2393=DIRECTION('center_axis',(0.,0.,-1.));
#2394=DIRECTION('ref_axis',(-0.631946431514444,0.775012069387413,0.));
#2395=DIRECTION('center_axis',(0.,0.,-1.));
#2396=DIRECTION('ref_axis',(-0.631946431514444,0.775012069387413,0.));
#2397=DIRECTION('',(0.,0.,-1.));
#2398=DIRECTION('center_axis',(-0.631946431514444,-0.775012069387413,0.));
#2399=DIRECTION('ref_axis',(-0.775012069387413,0.631946431514444,0.));
#2400=DIRECTION('',(-0.775012069387413,0.631946431514444,0.));
#2401=DIRECTION('center_axis',(0.,-1.,0.));
#2402=DIRECTION('ref_axis',(-1.,0.,0.));
#2403=DIRECTION('center_axis',(0.,-1.,0.));
#2404=DIRECTION('ref_axis',(-1.,0.,0.));
#2405=DIRECTION('',(0.,-1.,0.));
#2406=DIRECTION('center_axis',(0.,1.,0.));
#2407=DIRECTION('ref_axis',(-1.,0.,0.));
#2408=DIRECTION('center_axis',(0.,0.,-1.));
#2409=DIRECTION('ref_axis',(-1.,0.,0.));
#2410=DIRECTION('',(0.,-1.,0.));
#2411=DIRECTION('',(1.,0.,0.));
#2412=DIRECTION('',(0.,1.,0.));
#2413=DIRECTION('',(-1.,0.,0.));
#2414=DIRECTION('center_axis',(0.,1.,0.));
#2415=DIRECTION('ref_axis',(0.,0.,1.));
#2416=DIRECTION('',(0.,0.,-1.));
#2417=DIRECTION('',(0.,0.,1.));
#2418=DIRECTION('center_axis',(0.,-1.,0.));
#2419=DIRECTION('ref_axis',(0.,0.,1.));
#2420=DIRECTION('center_axis',(0.,-1.,0.));
#2421=DIRECTION('ref_axis',(0.,0.,1.));
#2422=DIRECTION('center_axis',(0.,-1.,0.));
#2423=DIRECTION('ref_axis',(0.,0.,1.));
#2424=DIRECTION('center_axis',(0.,-1.,0.));
#2425=DIRECTION('ref_axis',(0.,0.,1.));
#2426=DIRECTION('center_axis',(-1.,0.,0.));
#2427=DIRECTION('ref_axis',(0.,0.,1.));
#2428=DIRECTION('',(0.,0.,1.));
#2429=DIRECTION('',(0.,1.,0.));
#2430=DIRECTION('',(0.,0.,1.));
#2431=DIRECTION('center_axis',(0.,-1.,0.));
#2432=DIRECTION('ref_axis',(1.,0.,0.));
#2433=DIRECTION('',(0.,0.,-1.));
#2434=DIRECTION('',(-1.,0.,0.));
#2435=DIRECTION('center_axis',(0.,1.,0.));
#2436=DIRECTION('ref_axis',(0.,0.,1.));
#2437=DIRECTION('center_axis',(0.,1.,0.));
#2438=DIRECTION('ref_axis',(0.,0.,1.));
#2439=DIRECTION('center_axis',(0.,1.,0.));
#2440=DIRECTION('ref_axis',(0.,0.,1.));
#2441=DIRECTION('center_axis',(0.,1.,0.));
#2442=DIRECTION('ref_axis',(0.,0.,1.));
#2443=DIRECTION('center_axis',(1.,0.,0.));
#2444=DIRECTION('ref_axis',(0.,0.,-1.));
#2445=DIRECTION('',(0.,0.,-1.));
#2446=DIRECTION('',(0.,-1.,0.));
#2447=DIRECTION('center_axis',(0.,0.,1.));
#2448=DIRECTION('ref_axis',(1.,0.,0.));
#2449=DIRECTION('',(1.,0.,0.));
#2450=DIRECTION('center_axis',(0.,-1.,0.));
#2451=DIRECTION('ref_axis',(1.,0.,0.));
#2452=DIRECTION('center_axis',(0.,-1.,0.));
#2453=DIRECTION('ref_axis',(0.,0.,1.));
#2454=DIRECTION('center_axis',(0.,-1.,0.));
#2455=DIRECTION('ref_axis',(0.,0.,1.));
#2456=DIRECTION('center_axis',(0.,-1.,0.));
#2457=DIRECTION('ref_axis',(0.,0.,1.));
#2458=DIRECTION('center_axis',(0.,-1.,0.));
#2459=DIRECTION('ref_axis',(0.,0.,1.));
#2460=DIRECTION('',(0.,-1.,0.));
#2461=DIRECTION('center_axis',(0.,-1.,0.));
#2462=DIRECTION('ref_axis',(0.,0.,1.));
#2463=DIRECTION('',(0.,-1.,0.));
#2464=DIRECTION('center_axis',(0.,-1.,0.));
#2465=DIRECTION('ref_axis',(0.,0.,1.));
#2466=DIRECTION('center_axis',(0.,-1.,0.));
#2467=DIRECTION('ref_axis',(0.,0.,1.));
#2468=DIRECTION('center_axis',(0.,-1.,0.));
#2469=DIRECTION('ref_axis',(0.,0.,1.));
#2470=DIRECTION('center_axis',(0.,-1.,0.));
#2471=DIRECTION('ref_axis',(0.,0.,1.));
#2472=DIRECTION('',(0.,-1.,0.));
#2473=DIRECTION('center_axis',(0.,-1.,0.));
#2474=DIRECTION('ref_axis',(0.,0.,1.));
#2475=DIRECTION('',(0.,-1.,0.));
#2476=DIRECTION('center_axis',(0.,-1.,0.));
#2477=DIRECTION('ref_axis',(0.,0.,1.));
#2478=DIRECTION('center_axis',(0.,-1.,0.));
#2479=DIRECTION('ref_axis',(0.,0.,1.));
#2480=DIRECTION('center_axis',(0.,-1.,0.));
#2481=DIRECTION('ref_axis',(0.,0.,1.));
#2482=DIRECTION('center_axis',(0.,-1.,0.));
#2483=DIRECTION('ref_axis',(0.,0.,1.));
#2484=DIRECTION('',(0.,-1.,0.));
#2485=DIRECTION('center_axis',(0.,-1.,0.));
#2486=DIRECTION('ref_axis',(0.,0.,1.));
#2487=DIRECTION('',(0.,-1.,0.));
#2488=DIRECTION('center_axis',(0.,-1.,0.));
#2489=DIRECTION('ref_axis',(0.,0.,1.));
#2490=DIRECTION('center_axis',(0.,-1.,0.));
#2491=DIRECTION('ref_axis',(0.,0.,1.));
#2492=DIRECTION('center_axis',(0.,-1.,0.));
#2493=DIRECTION('ref_axis',(0.,0.,1.));
#2494=DIRECTION('center_axis',(0.,-1.,0.));
#2495=DIRECTION('ref_axis',(0.,0.,1.));
#2496=DIRECTION('',(0.,-1.,0.));
#2497=DIRECTION('center_axis',(0.,-1.,0.));
#2498=DIRECTION('ref_axis',(0.,0.,1.));
#2499=DIRECTION('',(0.,-1.,0.));
#2500=CARTESIAN_POINT('',(0.,0.,0.));
#2501=CARTESIAN_POINT('Origin',(-17.5,28.5,-3.5));
#2502=CARTESIAN_POINT('',(-17.5,19.6684719949331,-5.5));
#2503=CARTESIAN_POINT('',(-17.5,19.6684719949331,-3.5));
#2504=CARTESIAN_POINT('',(-17.5,19.6684719949331,1.));
#2505=CARTESIAN_POINT('',(-17.5,28.5,-5.5));
#2506=CARTESIAN_POINT('',(-17.5,28.5,-5.5));
#2507=CARTESIAN_POINT('',(-17.5,28.5,-3.5));
#2508=CARTESIAN_POINT('',(-17.5,28.5,-1.25));
#2509=CARTESIAN_POINT('',(-17.5,28.5,-3.5));
#2510=CARTESIAN_POINT('Origin',(-15.5,28.5,-3.5));
#2511=CARTESIAN_POINT('',(-16.3971848740047,20.,-1.71252711856736));
#2512=CARTESIAN_POINT('Ctrl Pts',(-17.5,19.6684719949331,-3.5));
#2513=CARTESIAN_POINT('Ctrl Pts',(-17.5,19.6684719949331,-3.32777148832952));
#2514=CARTESIAN_POINT('Ctrl Pts',(-17.4763002001093,19.6848674009212,-3.14240611804639));
#2515=CARTESIAN_POINT('Ctrl Pts',(-17.3783034208689,19.7437527863707,-2.78893541212062));
#2516=CARTESIAN_POINT('Ctrl Pts',(-17.3041130759883,19.7850362727402,-2.62060059570502));
#2517=CARTESIAN_POINT('Ctrl Pts',(-17.1316524798339,19.8626781272463,-2.33110334043249));
#2518=CARTESIAN_POINT('Ctrl Pts',(-17.0181972410976,19.9060726109449,-2.18508265148185));
#2519=CARTESIAN_POINT('Ctrl Pts',(-16.7524833723842,19.9729500873595,-1.929899335043));
#2520=CARTESIAN_POINT('Ctrl Pts',(-16.6000352465147,19.9955514110196,-1.82070375661104));
#2521=CARTESIAN_POINT('Ctrl Pts',(-16.4307812667322,19.9997852320779,-1.72969107495556));
#2522=CARTESIAN_POINT('Ctrl Pts',(-16.4141021123532,20.,-1.72101837486214));
#2523=CARTESIAN_POINT('Ctrl Pts',(-16.3971848740047,20.,-1.71252711856736));
#2524=CARTESIAN_POINT('',(-15.5,28.5,-1.5));
#2525=CARTESIAN_POINT('Origin',(-15.5,28.5,-3.5));
#2526=CARTESIAN_POINT('',(-15.5,20.,-1.5));
#2527=CARTESIAN_POINT('',(-15.5,28.5,-1.5));
#2528=CARTESIAN_POINT('Origin',(-15.5,20.,-3.5));
#2529=CARTESIAN_POINT('Origin',(15.5,28.5,-1.5));
#2530=CARTESIAN_POINT('',(15.5,20.,-1.5));
#2531=CARTESIAN_POINT('',(-0.448592437002362,20.,-1.5));
#2532=CARTESIAN_POINT('',(15.5,28.5,-1.5));
#2533=CARTESIAN_POINT('',(22.0375,28.5,-1.5));
#2534=CARTESIAN_POINT('',(15.5,28.5,-1.5));
#2535=CARTESIAN_POINT('Origin',(15.5,28.5,-3.5));
#2536=CARTESIAN_POINT('',(16.3971843475866,20.,-1.71252685434283));
#2537=CARTESIAN_POINT('Origin',(15.5,20.,-3.5));
#2538=CARTESIAN_POINT('',(17.5,28.5,-3.5));
#2539=CARTESIAN_POINT('Origin',(15.5,28.5,-3.5));
#2540=CARTESIAN_POINT('',(17.5,19.6684716469848,-3.5));
#2541=CARTESIAN_POINT('',(17.5,28.5,-3.5));
#2542=CARTESIAN_POINT('Ctrl Pts',(16.3971843475866,20.,-1.71252685434283));
#2543=CARTESIAN_POINT('Ctrl Pts',(16.4141016710388,20.,-1.72101814711621));
#2544=CARTESIAN_POINT('Ctrl Pts',(16.4307809083792,19.9997852299158,-1.72969088559775));
#2545=CARTESIAN_POINT('Ctrl Pts',(16.6000350104415,19.9955513847461,-1.82070359858543));
#2546=CARTESIAN_POINT('Ctrl Pts',(16.7524831764885,19.972950030791,-1.92989917540624));
#2547=CARTESIAN_POINT('Ctrl Pts',(17.0181971150973,19.906072483543,-2.18508250197982));
#2548=CARTESIAN_POINT('Ctrl Pts',(17.1316523837861,19.8626779594001,-2.33110320264819));
#2549=CARTESIAN_POINT('Ctrl Pts',(17.3041130237881,19.785036033541,-2.62060048481756));
#2550=CARTESIAN_POINT('Ctrl Pts',(17.3783033872582,19.7437525099261,-2.78893531726328));
#2551=CARTESIAN_POINT('Ctrl Pts',(17.4763001926604,19.6848670693962,-3.14240606480349));
#2552=CARTESIAN_POINT('Ctrl Pts',(17.5,19.6684716469848,-3.32777146110657));
#2553=CARTESIAN_POINT('Ctrl Pts',(17.5,19.6684716469848,-3.5));
#2554=CARTESIAN_POINT('Origin',(17.5,28.5,-5.5));
#2555=CARTESIAN_POINT('',(17.5,19.6684716469848,-5.5));
#2556=CARTESIAN_POINT('',(17.5,19.6684716469848,1.));
#2557=CARTESIAN_POINT('',(17.5,28.5,-5.5));
#2558=CARTESIAN_POINT('',(17.5,28.5,-2.25000000000001));
#2559=CARTESIAN_POINT('',(17.5,28.5,-5.5));
#2560=CARTESIAN_POINT('Origin',(15.5,28.5,-5.5));
#2561=CARTESIAN_POINT('',(16.3971843475866,20.,-7.28747314565717));
#2562=CARTESIAN_POINT('',(15.5,20.,-7.5));
#2563=CARTESIAN_POINT('Origin',(15.5,20.,-5.5));
#2564=CARTESIAN_POINT('Ctrl Pts',(17.5,19.6684716469848,-5.5));
#2565=CARTESIAN_POINT('Ctrl Pts',(17.5,19.6684716469848,-5.67222853889343));
#2566=CARTESIAN_POINT('Ctrl Pts',(17.4763001926604,19.6848670693962,-5.85759393519651));
#2567=CARTESIAN_POINT('Ctrl Pts',(17.3783033872582,19.7437525099261,-6.21106468273672));
#2568=CARTESIAN_POINT('Ctrl Pts',(17.3041130237881,19.785036033541,-6.37939951518244));
#2569=CARTESIAN_POINT('Ctrl Pts',(17.1316523837861,19.8626779594001,-6.66889679735181));
#2570=CARTESIAN_POINT('Ctrl Pts',(17.0181971150973,19.906072483543,-6.81491749802018));
#2571=CARTESIAN_POINT('Ctrl Pts',(16.7524831764885,19.972950030791,-7.07010082459376));
#2572=CARTESIAN_POINT('Ctrl Pts',(16.6000350104415,19.9955513847461,-7.17929640141457));
#2573=CARTESIAN_POINT('Ctrl Pts',(16.4307809083792,19.9997852299158,-7.27030911440225));
#2574=CARTESIAN_POINT('Ctrl Pts',(16.4141016710388,20.,-7.27898185288379));
#2575=CARTESIAN_POINT('Ctrl Pts',(16.3971843475866,20.,-7.28747314565717));
#2576=CARTESIAN_POINT('',(15.5,28.5,-7.5));
#2577=CARTESIAN_POINT('Origin',(15.5,28.5,-5.5));
#2578=CARTESIAN_POINT('',(15.5,28.5,-7.5));
#2579=CARTESIAN_POINT('Origin',(-15.5,28.5,-7.5));
#2580=CARTESIAN_POINT('',(-15.5,20.,-7.5));
#2581=CARTESIAN_POINT('',(-15.9485924370024,20.,-7.5));
#2582=CARTESIAN_POINT('',(-15.5,28.5,-7.5));
#2583=CARTESIAN_POINT('',(6.5375,28.5,-7.5));
#2584=CARTESIAN_POINT('',(-15.5,28.5,-7.5));
#2585=CARTESIAN_POINT('Origin',(-15.5,28.5,-5.5));
#2586=CARTESIAN_POINT('',(-16.3971848740047,20.,-7.28747288143264));
#2587=CARTESIAN_POINT('Ctrl Pts',(-16.3971848740047,20.,-7.28747288143264));
#2588=CARTESIAN_POINT('Ctrl Pts',(-16.4141021123532,20.,-7.27898162513786));
#2589=CARTESIAN_POINT('Ctrl Pts',(-16.4307812667322,19.9997852320779,-7.27030892504444));
#2590=CARTESIAN_POINT('Ctrl Pts',(-16.6000352465147,19.9955514110196,-7.17929624338896));
#2591=CARTESIAN_POINT('Ctrl Pts',(-16.7524833723842,19.9729500873595,-7.07010066495699));
#2592=CARTESIAN_POINT('Ctrl Pts',(-17.0181972410976,19.9060726109449,-6.81491734851814));
#2593=CARTESIAN_POINT('Ctrl Pts',(-17.1316524798339,19.8626781272463,-6.66889665956751));
#2594=CARTESIAN_POINT('Ctrl Pts',(-17.3041130759883,19.7850362727402,-6.37939940429498));
#2595=CARTESIAN_POINT('Ctrl Pts',(-17.3783034208689,19.7437527863707,-6.21106458787938));
#2596=CARTESIAN_POINT('Ctrl Pts',(-17.4763002001093,19.6848674009212,-5.85759388195361));
#2597=CARTESIAN_POINT('Ctrl Pts',(-17.5,19.6684719949331,-5.67222851167048));
#2598=CARTESIAN_POINT('Ctrl Pts',(-17.5,19.6684719949331,-5.5));
#2599=CARTESIAN_POINT('Origin',(-15.5,20.,-5.5));
#2600=CARTESIAN_POINT('Origin',(-15.5,28.5,-5.5));
#2601=CARTESIAN_POINT('Origin',(-16.3971848740047,18.,1.));
#2602=CARTESIAN_POINT('',(-16.3971848740047,20.,1.));
#2603=CARTESIAN_POINT('',(-16.3971848740047,20.,-5.));
#2604=CARTESIAN_POINT('',(-17.6636604306542,16.4520853820674,1.));
#2605=CARTESIAN_POINT('Origin',(-16.3971848740047,18.,1.));
#2606=CARTESIAN_POINT('',(-17.6636604306542,16.4520853820674,-10.));
#2607=CARTESIAN_POINT('',(-17.6636604306542,16.4520853820674,1.));
#2608=CARTESIAN_POINT('',(-16.3971848740047,20.,-10.));
#2609=CARTESIAN_POINT('Origin',(-16.3971848740047,18.,-10.));
#2610=CARTESIAN_POINT('',(-16.3971848740047,20.,-5.));
#2611=CARTESIAN_POINT('Origin',(-16.3971848740047,20.,1.));
#2612=CARTESIAN_POINT('',(16.3971843475866,20.,1.));
#2613=CARTESIAN_POINT('',(16.3971843475866,20.,-5.));
#2614=CARTESIAN_POINT('',(-8.19859243700236,20.,1.));
#2615=CARTESIAN_POINT('Origin',(-26.575,13.,-1.5));
#2616=CARTESIAN_POINT('',(-24.075,-13.,-1.5));
#2617=CARTESIAN_POINT('',(-24.075,13.,-1.5));
#2618=CARTESIAN_POINT('',(-24.075,-0.394295596109683,-1.5));
#2619=CARTESIAN_POINT('',(-26.575,-13.,-1.5));
#2620=CARTESIAN_POINT('',(-26.575,-13.,-1.5));
#2621=CARTESIAN_POINT('',(-26.575,13.,-1.5));
#2622=CARTESIAN_POINT('',(-26.575,17.75,-1.5));
#2623=CARTESIAN_POINT('',(-26.575,13.,-1.5));
#2624=CARTESIAN_POINT('Origin',(-26.575,13.,-3.5));
#2625=CARTESIAN_POINT('',(-24.075,13.7885911922194,-1.66203266308837));
#2626=CARTESIAN_POINT('Origin',(-24.075,13.,-3.5));
#2627=CARTESIAN_POINT('',(-26.575,15.,-3.5));
#2628=CARTESIAN_POINT('Origin',(-26.575,13.,-3.5));
#2629=CARTESIAN_POINT('',(-23.6663794960447,15.,-3.5));
#2630=CARTESIAN_POINT('',(-26.575,15.,-3.5));
#2631=CARTESIAN_POINT('Ctrl Pts',(-24.075,13.7885911922194,-1.66203266308837));
#2632=CARTESIAN_POINT('Ctrl Pts',(-24.075,13.8225690645377,-1.67661107822255));
#2633=CARTESIAN_POINT('Ctrl Pts',(-24.0741322037921,13.8557725336246,-1.69197645075622));
#2634=CARTESIAN_POINT('Ctrl Pts',(-24.0644726206671,14.0498209149014,-1.78813506328056));
#2635=CARTESIAN_POINT('Ctrl Pts',(-24.0353768666597,14.210842958745,-1.89685690546351));
#2636=CARTESIAN_POINT('Ctrl Pts',(-23.9531330930864,14.4914355500004,-2.15395831545374));
#2637=CARTESIAN_POINT('Ctrl Pts',(-23.9008781000654,14.6112466894698,-2.30236014511856));
#2638=CARTESIAN_POINT('Ctrl Pts',(-23.8074794564929,14.79298079349,-2.59734420062218));
#2639=CARTESIAN_POINT('Ctrl Pts',(-23.7578928470804,14.8710997906998,-2.76893952260762));
#2640=CARTESIAN_POINT('Ctrl Pts',(-23.6865706326331,14.97467475208,-3.13105222009895));
#2641=CARTESIAN_POINT('Ctrl Pts',(-23.6663794960447,15.,-3.32190944656594));
#2642=CARTESIAN_POINT('Ctrl Pts',(-23.6663794960447,15.,-3.5));
#2643=CARTESIAN_POINT('Origin',(-26.575,15.,-5.5));
#2644=CARTESIAN_POINT('',(-23.6663794960447,15.,-5.5));
#2645=CARTESIAN_POINT('',(-23.6663794960447,15.,1.));
#2646=CARTESIAN_POINT('',(-26.575,15.,-5.5));
#2647=CARTESIAN_POINT('',(-26.575,15.,-2.75000000000001));
#2648=CARTESIAN_POINT('',(-26.575,15.,-5.5));
#2649=CARTESIAN_POINT('Origin',(-26.575,13.,-5.5));
#2650=CARTESIAN_POINT('',(-24.075,13.7885911922194,-7.33796733691163));
#2651=CARTESIAN_POINT('Ctrl Pts',(-23.6663794960447,15.,-5.5));
#2652=CARTESIAN_POINT('Ctrl Pts',(-23.6663794960447,15.,-5.67809055343406));
#2653=CARTESIAN_POINT('Ctrl Pts',(-23.6865706326331,14.97467475208,-5.86894777990105));
#2654=CARTESIAN_POINT('Ctrl Pts',(-23.7578928470804,14.8710997906998,-6.23106047739238));
#2655=CARTESIAN_POINT('Ctrl Pts',(-23.8074794564929,14.79298079349,-6.40265579937782));
#2656=CARTESIAN_POINT('Ctrl Pts',(-23.9008781000654,14.6112466894698,-6.69763985488144));
#2657=CARTESIAN_POINT('Ctrl Pts',(-23.9531330930864,14.4914355500004,-6.84604168454626));
#2658=CARTESIAN_POINT('Ctrl Pts',(-24.0353768666597,14.210842958745,-7.10314309453649));
#2659=CARTESIAN_POINT('Ctrl Pts',(-24.0644726206671,14.0498209149014,-7.21186493671944));
#2660=CARTESIAN_POINT('Ctrl Pts',(-24.0741322037921,13.8557725336246,-7.30802354924378));
#2661=CARTESIAN_POINT('Ctrl Pts',(-24.075,13.8225690645377,-7.32338892177745));
#2662=CARTESIAN_POINT('Ctrl Pts',(-24.075,13.7885911922194,-7.33796733691163));
#2663=CARTESIAN_POINT('',(-26.575,13.,-7.5));
#2664=CARTESIAN_POINT('Origin',(-26.575,13.,-5.5));
#2665=CARTESIAN_POINT('',(-24.075,13.,-7.5));
#2666=CARTESIAN_POINT('',(-26.575,13.,-7.5));
#2667=CARTESIAN_POINT('Origin',(-24.075,13.,-5.5));
#2668=CARTESIAN_POINT('Origin',(-26.575,-13.,-7.5));
#2669=CARTESIAN_POINT('',(-24.075,-13.,-7.5));
#2670=CARTESIAN_POINT('',(-24.075,-13.3942955961097,-7.5));
#2671=CARTESIAN_POINT('',(-26.575,-13.,-7.5));
#2672=CARTESIAN_POINT('',(-26.575,4.75,-7.5));
#2673=CARTESIAN_POINT('',(-26.575,-13.,-7.5));
#2674=CARTESIAN_POINT('Origin',(-26.575,-13.,-5.5));
#2675=CARTESIAN_POINT('',(-24.075,-13.7885911922194,-7.33796733691163));
#2676=CARTESIAN_POINT('',(-23.6663794960447,-15.,-5.5));
#2677=CARTESIAN_POINT('Ctrl Pts',(-24.075,-13.7885911922194,-7.33796733691163));
#2678=CARTESIAN_POINT('Ctrl Pts',(-24.075,-13.8225690645377,-7.32338892177745));
#2679=CARTESIAN_POINT('Ctrl Pts',(-24.0741322037921,-13.8557725336246,-7.30802354924378));
#2680=CARTESIAN_POINT('Ctrl Pts',(-24.0644726206671,-14.0498209149014,-7.21186493671944));
#2681=CARTESIAN_POINT('Ctrl Pts',(-24.0353768666597,-14.210842958745,-7.10314309453649));
#2682=CARTESIAN_POINT('Ctrl Pts',(-23.9531330930864,-14.4914355500004,-6.84604168454626));
#2683=CARTESIAN_POINT('Ctrl Pts',(-23.9008781000654,-14.6112466894698,-6.69763985488144));
#2684=CARTESIAN_POINT('Ctrl Pts',(-23.807479456493,-14.79298079349,-6.40265579937782));
#2685=CARTESIAN_POINT('Ctrl Pts',(-23.7578928470804,-14.8710997906998,-6.23106047739238));
#2686=CARTESIAN_POINT('Ctrl Pts',(-23.6865706326331,-14.97467475208,-5.86894777990106));
#2687=CARTESIAN_POINT('Ctrl Pts',(-23.6663794960447,-15.,-5.67809055343406));
#2688=CARTESIAN_POINT('Ctrl Pts',(-23.6663794960447,-15.,-5.5));
#2689=CARTESIAN_POINT('Origin',(-24.075,-13.,-5.5));
#2690=CARTESIAN_POINT('',(-26.575,-15.,-5.5));
#2691=CARTESIAN_POINT('Origin',(-26.575,-13.,-5.5));
#2692=CARTESIAN_POINT('',(-26.575,-15.,-5.5));
#2693=CARTESIAN_POINT('Origin',(-26.575,-15.,-3.5));
#2694=CARTESIAN_POINT('',(-23.6663794960447,-15.,-3.5));
#2695=CARTESIAN_POINT('',(-23.6663794960447,-15.,1.));
#2696=CARTESIAN_POINT('',(-26.575,-15.,-3.5));
#2697=CARTESIAN_POINT('',(-26.575,-15.,-1.75));
#2698=CARTESIAN_POINT('',(-26.575,-15.,-3.5));
#2699=CARTESIAN_POINT('Origin',(-26.575,-13.,-3.5));
#2700=CARTESIAN_POINT('',(-24.075,-13.7885911922194,-1.66203266308837));
#2701=CARTESIAN_POINT('Origin',(-24.075,-13.,-3.5));
#2702=CARTESIAN_POINT('Ctrl Pts',(-23.6663794960447,-15.,-3.5));
#2703=CARTESIAN_POINT('Ctrl Pts',(-23.6663794960447,-15.,-3.32190944656594));
#2704=CARTESIAN_POINT('Ctrl Pts',(-23.6865706326331,-14.97467475208,-3.13105222009895));
#2705=CARTESIAN_POINT('Ctrl Pts',(-23.7578928470804,-14.8710997906998,-2.76893952260762));
#2706=CARTESIAN_POINT('Ctrl Pts',(-23.807479456493,-14.79298079349,-2.59734420062218));
#2707=CARTESIAN_POINT('Ctrl Pts',(-23.9008781000654,-14.6112466894698,-2.30236014511856));
#2708=CARTESIAN_POINT('Ctrl Pts',(-23.9531330930864,-14.4914355500004,-2.15395831545374));
#2709=CARTESIAN_POINT('Ctrl Pts',(-24.0353768666597,-14.210842958745,-1.89685690546351));
#2710=CARTESIAN_POINT('Ctrl Pts',(-24.0644726206671,-14.0498209149014,-1.78813506328056));
#2711=CARTESIAN_POINT('Ctrl Pts',(-24.0741322037921,-13.8557725336246,-1.69197645075622));
#2712=CARTESIAN_POINT('Ctrl Pts',(-24.075,-13.8225690645377,-1.67661107822255));
#2713=CARTESIAN_POINT('Ctrl Pts',(-24.075,-13.7885911922194,-1.66203266308837));
#2714=CARTESIAN_POINT('Origin',(-26.575,-13.,-3.5));
#2715=CARTESIAN_POINT('Origin',(-22.075,13.7885911922194,1.));
#2716=CARTESIAN_POINT('',(-24.075,13.7885911922194,-10.));
#2717=CARTESIAN_POINT('',(-24.075,13.7885911922194,1.));
#2718=CARTESIAN_POINT('',(-20.8111071369711,15.3386153309942,-10.));
#2719=CARTESIAN_POINT('Origin',(-22.075,13.7885911922194,-10.));
#2720=CARTESIAN_POINT('',(-20.8111071369711,15.3386153309942,1.));
#2721=CARTESIAN_POINT('',(-20.8111071369711,15.3386153309942,-5.));
#2722=CARTESIAN_POINT('',(-24.075,13.7885911922194,1.));
#2723=CARTESIAN_POINT('Origin',(-22.075,13.7885911922194,1.));
#2724=CARTESIAN_POINT('',(-24.075,13.7885911922194,1.));
#2725=CARTESIAN_POINT('Origin',(-24.075,-13.7885911922194,1.));
#2726=CARTESIAN_POINT('',(-24.075,-13.7885911922194,-10.));
#2727=CARTESIAN_POINT('',(-24.075,-13.7885911922194,-5.));
#2728=CARTESIAN_POINT('',(-24.075,-6.89429559610968,-10.));
#2729=CARTESIAN_POINT('Origin',(-24.075,-13.7885911922194,1.));
#2730=CARTESIAN_POINT('',(-24.075,-13.7885911922194,1.));
#2731=CARTESIAN_POINT('',(-24.075,-6.89429559610968,1.));
#2732=CARTESIAN_POINT('',(-24.075,-13.7885911922194,-5.));
#2733=CARTESIAN_POINT('Origin',(-15.5,-22.5,-1.5));
#2734=CARTESIAN_POINT('',(15.5,-20.0000002980232,-1.5));
#2735=CARTESIAN_POINT('',(-15.5,-20.0000002980232,-1.5));
#2736=CARTESIAN_POINT('',(0.448592341295901,-20.0000002980232,-1.5));
#2737=CARTESIAN_POINT('',(15.5,-22.5,-1.5));
#2738=CARTESIAN_POINT('',(15.5,-22.5,-1.5));
#2739=CARTESIAN_POINT('',(-15.5,-22.5,-1.5));
#2740=CARTESIAN_POINT('',(-22.0375,-22.5,-1.5));
#2741=CARTESIAN_POINT('',(-15.5,-22.5,-1.5));
#2742=CARTESIAN_POINT('Origin',(-15.5,-22.5,-3.5));
#2743=CARTESIAN_POINT('',(-16.3971846825918,-20.0000002980232,-1.71252702249162));
#2744=CARTESIAN_POINT('Origin',(-15.5,-20.0000002980232,-3.5));
#2745=CARTESIAN_POINT('',(-17.5,-22.5,-3.5));
#2746=CARTESIAN_POINT('Origin',(-15.5,-22.5,-3.5));
#2747=CARTESIAN_POINT('',(-17.5,-19.6684721664375,-3.5));
#2748=CARTESIAN_POINT('',(-17.5,-22.5,-3.5));
#2749=CARTESIAN_POINT('Ctrl Pts',(-16.3971846825918,-20.0000002980232,-1.71252702249162));
#2750=CARTESIAN_POINT('Ctrl Pts',(-16.4141019518852,-20.0000002980232,-1.72101829205054));
#2751=CARTESIAN_POINT('Ctrl Pts',(-16.4307811364301,-19.9997855293149,-1.72969100610242));
#2752=CARTESIAN_POINT('Ctrl Pts',(-16.6000351606752,-19.9955516994894,-1.82070369915073));
#2753=CARTESIAN_POINT('Ctrl Pts',(-16.7524833011538,-19.9729503648136,-1.92989927699685));
#2754=CARTESIAN_POINT('Ctrl Pts',(-17.0181971952822,-19.906072862643,-2.18508259712083));
#2755=CARTESIAN_POINT('Ctrl Pts',(-17.1316524449096,-19.8626783642383,-2.3311032903322));
#2756=CARTESIAN_POINT('Ctrl Pts',(-17.3041130570076,-19.7850364837873,-2.62060055538479));
#2757=CARTESIAN_POINT('Ctrl Pts',(-17.3783034086476,-19.7437529838748,-2.78893537762917));
#2758=CARTESIAN_POINT('Ctrl Pts',(-17.4763001974008,-19.6848675783974,-3.14240609868653));
#2759=CARTESIAN_POINT('Ctrl Pts',(-17.5,-19.6684721664375,-3.32777147843088));
#2760=CARTESIAN_POINT('Ctrl Pts',(-17.5,-19.6684721664375,-3.5));
#2761=CARTESIAN_POINT('Origin',(-17.5,-22.5,-5.5));
#2762=CARTESIAN_POINT('',(-17.5,-19.6684721664375,-5.5));
#2763=CARTESIAN_POINT('',(-17.5,-19.6684721664375,1.));
#2764=CARTESIAN_POINT('',(-17.5,-22.5,-5.5));
#2765=CARTESIAN_POINT('',(-17.5,-22.5,-2.75));
#2766=CARTESIAN_POINT('',(-17.5,-22.5,-5.5));
#2767=CARTESIAN_POINT('Origin',(-15.5,-22.5,-5.5));
#2768=CARTESIAN_POINT('',(-16.3971846825918,-20.0000002980232,-7.28747297750837));
#2769=CARTESIAN_POINT('Ctrl Pts',(-17.5,-19.6684721664375,-5.5));
#2770=CARTESIAN_POINT('Ctrl Pts',(-17.5,-19.6684721664375,-5.67222852156912));
#2771=CARTESIAN_POINT('Ctrl Pts',(-17.4763001974008,-19.6848675783974,-5.85759390131347));
#2772=CARTESIAN_POINT('Ctrl Pts',(-17.3783034086476,-19.7437529838748,-6.21106462237083));
#2773=CARTESIAN_POINT('Ctrl Pts',(-17.3041130570076,-19.7850364837873,-6.37939944461521));
#2774=CARTESIAN_POINT('Ctrl Pts',(-17.1316524449096,-19.8626783642383,-6.66889670966779));
#2775=CARTESIAN_POINT('Ctrl Pts',(-17.0181971952822,-19.906072862643,-6.81491740287917));
#2776=CARTESIAN_POINT('Ctrl Pts',(-16.7524833011538,-19.9729503648136,-7.07010072300315));
#2777=CARTESIAN_POINT('Ctrl Pts',(-16.6000351606752,-19.9955516994894,-7.17929630084927));
#2778=CARTESIAN_POINT('Ctrl Pts',(-16.4307811364301,-19.9997855293149,-7.27030899389758));
#2779=CARTESIAN_POINT('Ctrl Pts',(-16.4141019518852,-20.0000002980232,-7.27898170794946));
#2780=CARTESIAN_POINT('Ctrl Pts',(-16.3971846825918,-20.0000002980232,-7.28747297750837));
#2781=CARTESIAN_POINT('',(-15.5,-22.5,-7.5));
#2782=CARTESIAN_POINT('Origin',(-15.5,-22.5,-5.5));
#2783=CARTESIAN_POINT('',(-15.5,-20.0000002980232,-7.5));
#2784=CARTESIAN_POINT('',(-15.5,-22.5,-7.5));
#2785=CARTESIAN_POINT('Origin',(-15.5,-20.0000002980232,-5.5));
#2786=CARTESIAN_POINT('Origin',(17.5,-22.5,-3.5));
#2787=CARTESIAN_POINT('',(17.5,-19.6684721664375,-5.5));
#2788=CARTESIAN_POINT('',(17.5,-19.6684721664375,-3.5));
#2789=CARTESIAN_POINT('',(17.5,-19.6684721664375,1.));
#2790=CARTESIAN_POINT('',(17.5,-22.5,-5.5));
#2791=CARTESIAN_POINT('',(17.5,-22.5,-5.5));
#2792=CARTESIAN_POINT('',(17.5,-22.5,-3.5));
#2793=CARTESIAN_POINT('',(17.5,-22.5,-1.75));
#2794=CARTESIAN_POINT('',(17.5,-22.5,-3.5));
#2795=CARTESIAN_POINT('Origin',(15.5,-22.5,-3.5));
#2796=CARTESIAN_POINT('',(16.3971846825918,-20.0000002980232,-1.71252702249162));
#2797=CARTESIAN_POINT('Origin',(15.5,-20.0000002980232,-3.5));
#2798=CARTESIAN_POINT('Ctrl Pts',(17.5,-19.6684721664375,-3.5));
#2799=CARTESIAN_POINT('Ctrl Pts',(17.5,-19.6684721664375,-3.32777147843088));
#2800=CARTESIAN_POINT('Ctrl Pts',(17.4763001974008,-19.6848675783974,-3.14240609868653));
#2801=CARTESIAN_POINT('Ctrl Pts',(17.3783034086476,-19.7437529838748,-2.78893537762917));
#2802=CARTESIAN_POINT('Ctrl Pts',(17.3041130570076,-19.7850364837873,-2.6206005553848));
#2803=CARTESIAN_POINT('Ctrl Pts',(17.1316524449096,-19.8626783642383,-2.33110329033221));
#2804=CARTESIAN_POINT('Ctrl Pts',(17.0181971952822,-19.906072862643,-2.18508259712084));
#2805=CARTESIAN_POINT('Ctrl Pts',(16.7524833011538,-19.9729503648136,-1.92989927699686));
#2806=CARTESIAN_POINT('Ctrl Pts',(16.6000351606752,-19.9955516994894,-1.82070369915073));
#2807=CARTESIAN_POINT('Ctrl Pts',(16.4307811364301,-19.9997855293149,-1.72969100610242));
#2808=CARTESIAN_POINT('Ctrl Pts',(16.4141019518852,-20.0000002980232,-1.72101829205054));
#2809=CARTESIAN_POINT('Ctrl Pts',(16.3971846825918,-20.0000002980232,-1.71252702249162));
#2810=CARTESIAN_POINT('Origin',(15.5,-22.5,-3.5));
#2811=CARTESIAN_POINT('Origin',(15.5,-22.5,-7.5));
#2812=CARTESIAN_POINT('',(15.5,-20.0000002980232,-7.5));
#2813=CARTESIAN_POINT('',(15.9485923412959,-20.0000002980232,-7.5));
#2814=CARTESIAN_POINT('',(15.5,-22.5,-7.5));
#2815=CARTESIAN_POINT('',(-6.5375,-22.5,-7.5));
#2816=CARTESIAN_POINT('',(15.5,-22.5,-7.5));
#2817=CARTESIAN_POINT('Origin',(15.5,-22.5,-5.5));
#2818=CARTESIAN_POINT('',(16.3971846825918,-20.0000002980232,-7.28747297750838));
#2819=CARTESIAN_POINT('Ctrl Pts',(16.3971846825918,-20.0000002980232,-7.28747297750838));
#2820=CARTESIAN_POINT('Ctrl Pts',(16.4141019518852,-20.0000002980232,-7.27898170794946));
#2821=CARTESIAN_POINT('Ctrl Pts',(16.4307811364301,-19.9997855293149,-7.27030899389758));
#2822=CARTESIAN_POINT('Ctrl Pts',(16.6000351606752,-19.9955516994894,-7.17929630084927));
#2823=CARTESIAN_POINT('Ctrl Pts',(16.7524833011538,-19.9729503648136,-7.07010072300315));
#2824=CARTESIAN_POINT('Ctrl Pts',(17.0181971952822,-19.906072862643,-6.81491740287916));
#2825=CARTESIAN_POINT('Ctrl Pts',(17.1316524449096,-19.8626783642383,-6.66889670966779));
#2826=CARTESIAN_POINT('Ctrl Pts',(17.3041130570076,-19.7850364837873,-6.3793994446152));
#2827=CARTESIAN_POINT('Ctrl Pts',(17.3783034086476,-19.7437529838748,-6.21106462237083));
#2828=CARTESIAN_POINT('Ctrl Pts',(17.4763001974008,-19.6848675783974,-5.85759390131347));
#2829=CARTESIAN_POINT('Ctrl Pts',(17.5,-19.6684721664375,-5.67222852156912));
#2830=CARTESIAN_POINT('Ctrl Pts',(17.5,-19.6684721664375,-5.5));
#2831=CARTESIAN_POINT('Origin',(15.5,-20.0000002980232,-5.5));
#2832=CARTESIAN_POINT('Origin',(15.5,-22.5,-5.5));
#2833=CARTESIAN_POINT('Origin',(-16.3971846825918,-18.0000002980232,1.));
#2834=CARTESIAN_POINT('',(-16.3971846825918,-20.0000002980232,-10.));
#2835=CARTESIAN_POINT('',(-16.3971846825918,-20.0000002980232,1.));
#2836=CARTESIAN_POINT('',(-17.6636602631063,-16.4520856996166,-10.));
#2837=CARTESIAN_POINT('Origin',(-16.3971846825918,-18.0000002980232,-10.));
#2838=CARTESIAN_POINT('',(-17.6636602631063,-16.4520856996166,1.));
#2839=CARTESIAN_POINT('',(-17.6636602631063,-16.4520856996166,-5.));
#2840=CARTESIAN_POINT('',(-16.3971846825918,-20.0000002980232,1.));
#2841=CARTESIAN_POINT('Origin',(-16.3971846825918,-18.0000002980232,1.));
#2842=CARTESIAN_POINT('',(-16.3971846825918,-20.0000002980232,1.));
#2843=CARTESIAN_POINT('Origin',(16.3971846825918,-20.0000002980232,1.));
#2844=CARTESIAN_POINT('',(16.3971846825918,-20.0000002980232,-10.));
#2845=CARTESIAN_POINT('',(16.3971846825918,-20.0000002980232,-5.));
#2846=CARTESIAN_POINT('',(8.1985923412959,-20.0000002980232,-10.));
#2847=CARTESIAN_POINT('Origin',(16.3971846825918,-20.0000002980232,1.));
#2848=CARTESIAN_POINT('',(16.3971846825918,-20.0000002980232,1.));
#2849=CARTESIAN_POINT('',(8.1985923412959,-20.0000002980232,1.));
#2850=CARTESIAN_POINT('',(16.3971846825918,-20.0000002980232,-5.));
#2851=CARTESIAN_POINT('Origin',(26.575,-13.,-1.5));
#2852=CARTESIAN_POINT('',(24.075,13.,-1.5));
#2853=CARTESIAN_POINT('',(24.075,-13.,-1.5));
#2854=CARTESIAN_POINT('',(24.075,0.394295596109689,-1.5));
#2855=CARTESIAN_POINT('',(26.575,13.,-1.5));
#2856=CARTESIAN_POINT('',(26.575,13.,-1.5));
#2857=CARTESIAN_POINT('',(26.575,-13.,-1.5));
#2858=CARTESIAN_POINT('',(26.575,-17.75,-1.5));
#2859=CARTESIAN_POINT('',(26.575,-13.,-1.5));
#2860=CARTESIAN_POINT('Origin',(26.575,-13.,-3.5));
#2861=CARTESIAN_POINT('',(24.075,-13.7885911922194,-1.66203266308837));
#2862=CARTESIAN_POINT('Origin',(24.075,-13.,-3.5));
#2863=CARTESIAN_POINT('',(26.575,-15.,-3.50000000000001));
#2864=CARTESIAN_POINT('Origin',(26.575,-13.,-3.5));
#2865=CARTESIAN_POINT('',(23.6663794960447,-15.,-3.50000000000001));
#2866=CARTESIAN_POINT('',(26.575,-15.,-3.50000000000001));
#2867=CARTESIAN_POINT('Ctrl Pts',(24.075,-13.7885911922194,-1.66203266308837));
#2868=CARTESIAN_POINT('Ctrl Pts',(24.075,-13.8225690645377,-1.67661107822255));
#2869=CARTESIAN_POINT('Ctrl Pts',(24.0741322037921,-13.8557725336246,-1.69197645075622));
#2870=CARTESIAN_POINT('Ctrl Pts',(24.0644726206671,-14.0498209149014,-1.78813506328056));
#2871=CARTESIAN_POINT('Ctrl Pts',(24.0353768666597,-14.210842958745,-1.89685690546351));
#2872=CARTESIAN_POINT('Ctrl Pts',(23.9531330930864,-14.4914355500004,-2.15395831545374));
#2873=CARTESIAN_POINT('Ctrl Pts',(23.9008781000654,-14.6112466894698,-2.30236014511856));
#2874=CARTESIAN_POINT('Ctrl Pts',(23.8074794564929,-14.79298079349,-2.59734420062218));
#2875=CARTESIAN_POINT('Ctrl Pts',(23.7578928470804,-14.8710997906998,-2.76893952260762));
#2876=CARTESIAN_POINT('Ctrl Pts',(23.6865706326331,-14.97467475208,-3.13105222009894));
#2877=CARTESIAN_POINT('Ctrl Pts',(23.6663794960447,-15.,-3.32190944656594));
#2878=CARTESIAN_POINT('Ctrl Pts',(23.6663794960447,-15.,-3.5));
#2879=CARTESIAN_POINT('Origin',(26.575,-15.,-5.5));
#2880=CARTESIAN_POINT('',(23.6663794960447,-15.,-5.5));
#2881=CARTESIAN_POINT('',(23.6663794960447,-15.,1.));
#2882=CARTESIAN_POINT('',(26.575,-15.,-5.5));
#2883=CARTESIAN_POINT('',(26.575,-15.,-2.74999999999999));
#2884=CARTESIAN_POINT('',(26.575,-15.,-5.5));
#2885=CARTESIAN_POINT('Origin',(26.575,-13.,-5.5));
#2886=CARTESIAN_POINT('',(24.075,-13.7885911922194,-7.33796733691163));
#2887=CARTESIAN_POINT('Ctrl Pts',(23.6663794960447,-15.,-5.5));
#2888=CARTESIAN_POINT('Ctrl Pts',(23.6663794960447,-15.,-5.67809055343406));
#2889=CARTESIAN_POINT('Ctrl Pts',(23.6865706326331,-14.97467475208,-5.86894777990106));
#2890=CARTESIAN_POINT('Ctrl Pts',(23.7578928470804,-14.8710997906998,-6.23106047739238));
#2891=CARTESIAN_POINT('Ctrl Pts',(23.8074794564929,-14.79298079349,-6.40265579937782));
#2892=CARTESIAN_POINT('Ctrl Pts',(23.9008781000654,-14.6112466894698,-6.69763985488144));
#2893=CARTESIAN_POINT('Ctrl Pts',(23.9531330930864,-14.4914355500004,-6.84604168454626));
#2894=CARTESIAN_POINT('Ctrl Pts',(24.0353768666597,-14.210842958745,-7.10314309453649));
#2895=CARTESIAN_POINT('Ctrl Pts',(24.0644726206671,-14.0498209149014,-7.21186493671944));
#2896=CARTESIAN_POINT('Ctrl Pts',(24.0741322037921,-13.8557725336246,-7.30802354924379));
#2897=CARTESIAN_POINT('Ctrl Pts',(24.075,-13.8225690645377,-7.32338892177745));
#2898=CARTESIAN_POINT('Ctrl Pts',(24.075,-13.7885911922194,-7.33796733691163));
#2899=CARTESIAN_POINT('',(26.575,-13.,-7.5));
#2900=CARTESIAN_POINT('Origin',(26.575,-13.,-5.5));
#2901=CARTESIAN_POINT('',(24.075,-13.,-7.5));
#2902=CARTESIAN_POINT('',(26.575,-13.,-7.5));
#2903=CARTESIAN_POINT('Origin',(24.075,-13.,-5.5));
#2904=CARTESIAN_POINT('Origin',(26.575,15.,-3.5));
#2905=CARTESIAN_POINT('',(23.6663794960447,15.,-5.5));
#2906=CARTESIAN_POINT('',(23.6663794960447,15.,-3.5));
#2907=CARTESIAN_POINT('',(23.6663794960447,15.,1.));
#2908=CARTESIAN_POINT('',(26.575,15.,-5.5));
#2909=CARTESIAN_POINT('',(26.575,15.,-5.5));
#2910=CARTESIAN_POINT('',(26.575,15.,-3.5));
#2911=CARTESIAN_POINT('',(26.575,15.,-1.75));
#2912=CARTESIAN_POINT('',(26.575,15.,-3.5));
#2913=CARTESIAN_POINT('Origin',(26.575,13.,-3.5));
#2914=CARTESIAN_POINT('',(24.075,13.7885911922194,-1.66203266308837));
#2915=CARTESIAN_POINT('Origin',(24.075,13.,-3.5));
#2916=CARTESIAN_POINT('Ctrl Pts',(23.6663794960447,15.,-3.5));
#2917=CARTESIAN_POINT('Ctrl Pts',(23.6663794960447,15.,-3.32190944656594));
#2918=CARTESIAN_POINT('Ctrl Pts',(23.6865706326331,14.97467475208,-3.13105222009895));
#2919=CARTESIAN_POINT('Ctrl Pts',(23.7578928470804,14.8710997906998,-2.76893952260763));
#2920=CARTESIAN_POINT('Ctrl Pts',(23.8074794564929,14.79298079349,-2.59734420062218));
#2921=CARTESIAN_POINT('Ctrl Pts',(23.9008781000654,14.6112466894698,-2.30236014511856));
#2922=CARTESIAN_POINT('Ctrl Pts',(23.9531330930864,14.4914355500004,-2.15395831545374));
#2923=CARTESIAN_POINT('Ctrl Pts',(24.0353768666597,14.210842958745,-1.89685690546351));
#2924=CARTESIAN_POINT('Ctrl Pts',(24.0644726206671,14.0498209149014,-1.78813506328056));
#2925=CARTESIAN_POINT('Ctrl Pts',(24.0741322037921,13.8557725336246,-1.69197645075622));
#2926=CARTESIAN_POINT('Ctrl Pts',(24.075,13.8225690645377,-1.67661107822255));
#2927=CARTESIAN_POINT('Ctrl Pts',(24.075,13.7885911922194,-1.66203266308837));
#2928=CARTESIAN_POINT('Origin',(26.575,13.,-3.5));
#2929=CARTESIAN_POINT('Origin',(26.575,13.,-7.5));
#2930=CARTESIAN_POINT('',(24.075,13.,-7.5));
#2931=CARTESIAN_POINT('',(24.075,13.3942955961097,-7.5));
#2932=CARTESIAN_POINT('',(26.575,13.,-7.5));
#2933=CARTESIAN_POINT('',(26.575,-4.74999999999999,-7.5));
#2934=CARTESIAN_POINT('',(26.575,13.,-7.5));
#2935=CARTESIAN_POINT('Origin',(26.575,13.,-5.5));
#2936=CARTESIAN_POINT('',(24.075,13.7885911922194,-7.33796733691163));
#2937=CARTESIAN_POINT('Ctrl Pts',(24.075,13.7885911922194,-7.33796733691163));
#2938=CARTESIAN_POINT('Ctrl Pts',(24.075,13.8225690645377,-7.32338892177745));
#2939=CARTESIAN_POINT('Ctrl Pts',(24.0741322037921,13.8557725336246,-7.30802354924378));
#2940=CARTESIAN_POINT('Ctrl Pts',(24.0644726206671,14.0498209149014,-7.21186493671944));
#2941=CARTESIAN_POINT('Ctrl Pts',(24.0353768666597,14.210842958745,-7.10314309453649));
#2942=CARTESIAN_POINT('Ctrl Pts',(23.9531330930864,14.4914355500004,-6.84604168454626));
#2943=CARTESIAN_POINT('Ctrl Pts',(23.9008781000654,14.6112466894698,-6.69763985488144));
#2944=CARTESIAN_POINT('Ctrl Pts',(23.8074794564929,14.79298079349,-6.40265579937782));
#2945=CARTESIAN_POINT('Ctrl Pts',(23.7578928470804,14.8710997906998,-6.23106047739238));
#2946=CARTESIAN_POINT('Ctrl Pts',(23.6865706326331,14.97467475208,-5.86894777990105));
#2947=CARTESIAN_POINT('Ctrl Pts',(23.6663794960447,15.,-5.67809055343406));
#2948=CARTESIAN_POINT('Ctrl Pts',(23.6663794960447,15.,-5.5));
#2949=CARTESIAN_POINT('Origin',(24.075,13.,-5.5));
#2950=CARTESIAN_POINT('Origin',(26.575,13.,-5.5));
#2951=CARTESIAN_POINT('Origin',(22.075,-13.7885911922194,1.));
#2952=CARTESIAN_POINT('',(24.075,-13.7885911922194,-10.));
#2953=CARTESIAN_POINT('',(24.075,-13.7885911922194,1.));
#2954=CARTESIAN_POINT('',(20.8111071369711,-15.3386153309942,-10.));
#2955=CARTESIAN_POINT('Origin',(22.075,-13.7885911922194,-10.));
#2956=CARTESIAN_POINT('',(20.8111071369711,-15.3386153309942,1.));
#2957=CARTESIAN_POINT('',(20.8111071369711,-15.3386153309942,-5.));
#2958=CARTESIAN_POINT('',(24.075,-13.7885911922194,1.));
#2959=CARTESIAN_POINT('Origin',(22.075,-13.7885911922194,1.));
#2960=CARTESIAN_POINT('',(24.075,-13.7885911922194,1.));
#2961=CARTESIAN_POINT('Origin',(24.075,13.7885911922194,1.));
#2962=CARTESIAN_POINT('',(24.075,13.7885911922194,-10.));
#2963=CARTESIAN_POINT('',(24.075,13.7885911922194,-5.));
#2964=CARTESIAN_POINT('',(24.075,6.89429559610969,-10.));
#2965=CARTESIAN_POINT('Origin',(24.075,13.7885911922194,1.));
#2966=CARTESIAN_POINT('',(24.075,13.7885911922194,1.));
#2967=CARTESIAN_POINT('',(24.075,6.89429559610969,1.));
#2968=CARTESIAN_POINT('',(24.075,13.7885911922194,-5.));
#2969=CARTESIAN_POINT('Origin',(4.44089209850063E-15,4.44089209850063E-15,
-10.));
#2970=CARTESIAN_POINT('',(26.575,28.5,-10.));
#2971=CARTESIAN_POINT('',(26.575,-22.5,-10.));
#2972=CARTESIAN_POINT('',(26.575,-11.25,-10.));
#2973=CARTESIAN_POINT('',(-26.575,-22.5,-10.));
#2974=CARTESIAN_POINT('',(28.575,-22.5,-10.));
#2975=CARTESIAN_POINT('',(-26.575,28.5,-10.));
#2976=CARTESIAN_POINT('',(-26.575,11.25,-10.));
#2977=CARTESIAN_POINT('',(28.575,28.5,-10.));
#2978=CARTESIAN_POINT('',(17.6636602631063,-16.4520856996166,-10.));
#2979=CARTESIAN_POINT('Origin',(16.3971846825918,-18.0000002980232,-10.));
#2980=CARTESIAN_POINT('',(1.26647558051453,-3.03620732295057,-10.));
#2981=CARTESIAN_POINT('',(0.143138773053228,-2.11711357139133,-10.));
#2982=CARTESIAN_POINT('',(-1.26647558051453,-3.03620732295057,-10.));
#2983=CARTESIAN_POINT('Origin',(2.77555756156289E-16,-4.58412192135721,
-10.));
#2984=CARTESIAN_POINT('',(-8.34173111434912,-8.82505275972433,-10.));
#2985=CARTESIAN_POINT('',(-1.26647557552145,3.03620728626831,-10.));
#2986=CARTESIAN_POINT('',(-0.143138773609668,2.11711356816244,-10.));
#2987=CARTESIAN_POINT('',(1.26647556038652,3.03620730476656,-10.));
#2988=CARTESIAN_POINT('Origin',(-1.8871956219968E-8,4.58412190420089,-10.));
#2989=CARTESIAN_POINT('',(17.6636599268451,16.4520854005657,-10.));
#2990=CARTESIAN_POINT('',(8.3417309463792,8.82505261099426,-10.));
#2991=CARTESIAN_POINT('',(16.3971843475866,20.,-10.));
#2992=CARTESIAN_POINT('Origin',(16.3971843475866,18.,-10.));
#2993=CARTESIAN_POINT('',(-8.19859243700236,20.,-10.));
#2994=CARTESIAN_POINT('',(-20.8111071369711,-15.3386153309942,-10.));
#2995=CARTESIAN_POINT('Origin',(-22.075,-13.7885911922194,-10.));
#2996=CARTESIAN_POINT('',(-3.90093238021289,-1.55002413877483,-10.));
#2997=CARTESIAN_POINT('',(-2.34982248836115,-0.285245950459327,-10.));
#2998=CARTESIAN_POINT('',(-3.90093238021289,1.55002413877483,-10.));
#2999=CARTESIAN_POINT('Origin',(-5.16482524324178,1.38777878078145E-16,
-10.));
#3000=CARTESIAN_POINT('',(-10.8049098667403,7.17954154656901,-10.));
#3001=CARTESIAN_POINT('',(20.8111071369711,15.3386153309942,-10.));
#3002=CARTESIAN_POINT('Origin',(22.075,13.7885911922194,-10.));
#3003=CARTESIAN_POINT('',(3.90093238021289,1.55002413877483,-10.));
#3004=CARTESIAN_POINT('',(2.34982248836116,0.285245950459331,-10.));
#3005=CARTESIAN_POINT('',(3.90093238021289,-1.55002413877483,-10.));
#3006=CARTESIAN_POINT('Origin',(5.16482524324178,-1.38777878078145E-16,
-10.));
#3007=CARTESIAN_POINT('',(10.8049098667403,-7.17954154656901,-10.));
#3008=CARTESIAN_POINT('Origin',(24.075,22.5,7.));
#3009=CARTESIAN_POINT('',(24.075,22.5,7.));
#3010=CARTESIAN_POINT('',(24.075,22.5,6.));
#3011=CARTESIAN_POINT('',(24.075,22.5,4.));
#3012=CARTESIAN_POINT('',(24.075,28.5,7.));
#3013=CARTESIAN_POINT('',(24.075,22.5,7.));
#3014=CARTESIAN_POINT('',(24.075,28.5,6.));
#3015=CARTESIAN_POINT('',(24.075,28.5,4.));
#3016=CARTESIAN_POINT('',(24.075,22.5,6.));
#3017=CARTESIAN_POINT('Origin',(21.575,22.5,7.));
#3018=CARTESIAN_POINT('',(21.575,22.5,9.5));
#3019=CARTESIAN_POINT('Origin',(21.575,22.5,7.));
#3020=CARTESIAN_POINT('',(21.575,28.5,9.5));
#3021=CARTESIAN_POINT('',(21.575,22.5,9.5));
#3022=CARTESIAN_POINT('Origin',(21.575,28.5,7.));
#3023=CARTESIAN_POINT('Origin',(-21.575,22.5,9.5));
#3024=CARTESIAN_POINT('',(-21.575,22.5,9.5));
#3025=CARTESIAN_POINT('',(-25.075,22.5,9.5));
#3026=CARTESIAN_POINT('',(-21.575,28.5,9.5));
#3027=CARTESIAN_POINT('',(-21.575,22.5,9.5));
#3028=CARTESIAN_POINT('',(3.50000000000001,28.5,9.5));
#3029=CARTESIAN_POINT('Origin',(-21.575,22.5,7.));
#3030=CARTESIAN_POINT('',(-24.075,22.5,7.));
#3031=CARTESIAN_POINT('Origin',(-21.575,22.5,7.));
#3032=CARTESIAN_POINT('',(-24.075,28.5,7.));
#3033=CARTESIAN_POINT('',(-24.075,22.5,7.));
#3034=CARTESIAN_POINT('Origin',(-21.575,28.5,7.));
#3035=CARTESIAN_POINT('Origin',(-24.075,22.5,6.));
#3036=CARTESIAN_POINT('',(-24.075,22.5,6.));
#3037=CARTESIAN_POINT('',(-24.075,22.5,3.5));
#3038=CARTESIAN_POINT('',(-24.075,28.5,6.));
#3039=CARTESIAN_POINT('',(-24.075,22.5,6.));
#3040=CARTESIAN_POINT('',(-24.075,28.5,3.5));
#3041=CARTESIAN_POINT('Origin',(-21.575,22.5,6.));
#3042=CARTESIAN_POINT('',(-21.575,22.5,3.5));
#3043=CARTESIAN_POINT('Origin',(-21.575,22.5,6.));
#3044=CARTESIAN_POINT('',(-21.575,28.5,3.5));
#3045=CARTESIAN_POINT('',(-21.575,22.5,3.5));
#3046=CARTESIAN_POINT('Origin',(-21.575,28.5,6.));
#3047=CARTESIAN_POINT('Origin',(21.575,22.5,3.5));
#3048=CARTESIAN_POINT('',(21.575,22.5,3.5));
#3049=CARTESIAN_POINT('',(-3.5,22.5,3.5));
#3050=CARTESIAN_POINT('',(21.575,28.5,3.5));
#3051=CARTESIAN_POINT('',(21.575,22.5,3.5));
#3052=CARTESIAN_POINT('',(25.075,28.5,3.5));
#3053=CARTESIAN_POINT('Origin',(21.575,22.5,6.));
#3054=CARTESIAN_POINT('Origin',(21.575,22.5,6.));
#3055=CARTESIAN_POINT('Origin',(21.575,28.5,6.));
#3056=CARTESIAN_POINT('Origin',(16.3971846825918,-18.0000002980232,1.));
#3057=CARTESIAN_POINT('',(17.6636602631063,-16.4520856996166,1.));
#3058=CARTESIAN_POINT('Origin',(16.3971846825918,-18.0000002980232,1.));
#3059=CARTESIAN_POINT('',(17.6636602631063,-16.4520856996166,-5.));
#3060=CARTESIAN_POINT('Origin',(1.26647558051453,-3.03620732295057,1.));
#3061=CARTESIAN_POINT('',(1.26647558051453,-3.03620732295057,1.));
#3062=CARTESIAN_POINT('',(0.143138773053228,-2.11711357139133,1.));
#3063=CARTESIAN_POINT('',(1.26647558051453,-3.03620732295057,-5.));
#3064=CARTESIAN_POINT('Origin',(2.77555756156289E-16,-4.58412192135721,
1.));
#3065=CARTESIAN_POINT('',(-1.26647558051453,-3.03620732295057,1.));
#3066=CARTESIAN_POINT('Origin',(2.77555756156289E-16,-4.58412192135721,
1.));
#3067=CARTESIAN_POINT('',(-1.26647558051453,-3.03620732295057,-5.));
#3068=CARTESIAN_POINT('Origin',(-17.6636602631063,-16.4520856996166,1.));
#3069=CARTESIAN_POINT('',(-8.34173111434912,-8.82505275972433,1.));
#3070=CARTESIAN_POINT('Origin',(-1.26647557552145,3.03620728626831,1.));
#3071=CARTESIAN_POINT('',(-1.26647557552145,3.03620728626831,1.));
#3072=CARTESIAN_POINT('',(-0.143138773609668,2.11711356816244,1.));
#3073=CARTESIAN_POINT('',(-1.26647557552145,3.03620728626831,-5.));
#3074=CARTESIAN_POINT('Origin',(-1.8871956219968E-8,4.58412190420089,1.));
#3075=CARTESIAN_POINT('',(1.26647556038652,3.03620730476656,1.));
#3076=CARTESIAN_POINT('Origin',(-1.8871956219968E-8,4.58412190420089,1.));
#3077=CARTESIAN_POINT('',(1.26647556038652,3.03620730476656,-5.));
#3078=CARTESIAN_POINT('Origin',(17.6636599268451,16.4520854005657,1.));
#3079=CARTESIAN_POINT('',(17.6636599268451,16.4520854005657,1.));
#3080=CARTESIAN_POINT('',(8.3417309463792,8.82505261099426,1.));
#3081=CARTESIAN_POINT('',(17.6636599268451,16.4520854005657,-5.));
#3082=CARTESIAN_POINT('Origin',(16.3971843475866,18.,1.));
#3083=CARTESIAN_POINT('',(16.3971843475866,20.,-5.));
#3084=CARTESIAN_POINT('Origin',(16.3971843475866,18.,1.));
#3085=CARTESIAN_POINT('Origin',(-16.3971848740047,20.,1.));
#3086=CARTESIAN_POINT('Origin',(-22.075,-13.7885911922194,1.));
#3087=CARTESIAN_POINT('',(-20.8111071369711,-15.3386153309942,1.));
#3088=CARTESIAN_POINT('Origin',(-22.075,-13.7885911922194,1.));
#3089=CARTESIAN_POINT('',(-20.8111071369711,-15.3386153309942,-5.));
#3090=CARTESIAN_POINT('Origin',(-3.90093238021289,-1.55002413877483,1.));
#3091=CARTESIAN_POINT('',(-3.90093238021289,-1.55002413877483,1.));
#3092=CARTESIAN_POINT('',(-2.34982248836115,-0.285245950459327,1.));
#3093=CARTESIAN_POINT('',(-3.90093238021289,-1.55002413877483,-5.));
#3094=CARTESIAN_POINT('Origin',(-5.16482524324178,1.38777878078145E-16,
1.));
#3095=CARTESIAN_POINT('',(-3.90093238021289,1.55002413877483,1.));
#3096=CARTESIAN_POINT('Origin',(-5.16482524324178,1.38777878078145E-16,
1.));
#3097=CARTESIAN_POINT('',(-3.90093238021289,1.55002413877483,-5.));
#3098=CARTESIAN_POINT('Origin',(-20.8111071369711,15.3386153309942,1.));
#3099=CARTESIAN_POINT('',(-10.8049098667403,7.17954154656901,1.));
#3100=CARTESIAN_POINT('Origin',(22.075,13.7885911922194,1.));
#3101=CARTESIAN_POINT('',(20.8111071369711,15.3386153309942,1.));
#3102=CARTESIAN_POINT('Origin',(22.075,13.7885911922194,1.));
#3103=CARTESIAN_POINT('',(20.8111071369711,15.3386153309942,-5.));
#3104=CARTESIAN_POINT('Origin',(3.90093238021289,1.55002413877483,1.));
#3105=CARTESIAN_POINT('',(3.90093238021289,1.55002413877483,1.));
#3106=CARTESIAN_POINT('',(2.34982248836116,0.285245950459331,1.));
#3107=CARTESIAN_POINT('',(3.90093238021289,1.55002413877483,-5.));
#3108=CARTESIAN_POINT('Origin',(5.16482524324178,-1.38777878078145E-16,
1.));
#3109=CARTESIAN_POINT('',(3.90093238021289,-1.55002413877483,1.));
#3110=CARTESIAN_POINT('Origin',(5.16482524324178,-1.38777878078145E-16,
1.));
#3111=CARTESIAN_POINT('',(3.90093238021289,-1.55002413877483,-5.));
#3112=CARTESIAN_POINT('Origin',(20.8111071369711,-15.3386153309942,1.));
#3113=CARTESIAN_POINT('',(10.8049098667403,-7.17954154656901,1.));
#3114=CARTESIAN_POINT('Origin',(0.,28.5,24.5));
#3115=CARTESIAN_POINT('',(12.5,28.5,24.5));
#3116=CARTESIAN_POINT('Origin',(0.,28.5,24.5));
#3117=CARTESIAN_POINT('',(12.5,22.5,24.5));
#3118=CARTESIAN_POINT('',(12.5,28.5,24.5));
#3119=CARTESIAN_POINT('Origin',(0.,22.5,24.5));
#3120=CARTESIAN_POINT('Origin',(4.44089209850063E-15,23.,38.5));
#3121=CARTESIAN_POINT('',(26.575,28.5,38.5));
#3122=CARTESIAN_POINT('',(26.575,22.5,38.5));
#3123=CARTESIAN_POINT('',(26.575,0.250000000000008,38.5));
#3124=CARTESIAN_POINT('',(-26.575,28.5,38.5));
#3125=CARTESIAN_POINT('',(14.2875,28.5,38.5));
#3126=CARTESIAN_POINT('',(-26.575,22.5,38.5));
#3127=CARTESIAN_POINT('',(-26.575,22.75,38.5));
#3128=CARTESIAN_POINT('',(-14.2875,22.5,38.5));
#3129=CARTESIAN_POINT('Origin',(28.575,28.5,0.999999999999996));
#3130=CARTESIAN_POINT('',(26.575,28.5,0.499999999999998));
#3131=CARTESIAN_POINT('',(-26.575,28.5,0.499999999999998));
#3132=CARTESIAN_POINT('',(-20.0000002980232,28.5,13.5));
#3133=CARTESIAN_POINT('Origin',(-20.0000002980232,28.5,18.5));
#3134=CARTESIAN_POINT('',(20.,28.5,25.5));
#3135=CARTESIAN_POINT('Origin',(20.,28.5,30.5));
#3136=CARTESIAN_POINT('',(-20.0000002980232,28.5,25.5));
#3137=CARTESIAN_POINT('Origin',(-20.0000002980232,28.5,30.5));
#3138=CARTESIAN_POINT('',(20.,28.5,13.5));
#3139=CARTESIAN_POINT('Origin',(20.,28.5,18.5));
#3140=CARTESIAN_POINT('Origin',(26.575,-22.5,0.));
#3141=CARTESIAN_POINT('',(26.575,22.5,0.999999999999996));
#3142=CARTESIAN_POINT('',(26.575,22.5,0.5));
#3143=CARTESIAN_POINT('',(26.575,-22.5,0.999999999999996));
#3144=CARTESIAN_POINT('',(26.575,-11.25,1.));
#3145=CARTESIAN_POINT('',(26.575,-22.5,0.));
#3146=CARTESIAN_POINT('Origin',(-28.575,22.5,1.));
#3147=CARTESIAN_POINT('',(-26.575,22.5,1.));
#3148=CARTESIAN_POINT('',(-26.575,22.5,0.5));
#3149=CARTESIAN_POINT('',(-28.575,22.5,1.));
#3150=CARTESIAN_POINT('',(20.,22.5,15.75));
#3151=CARTESIAN_POINT('Origin',(20.,22.5,18.5));
#3152=CARTESIAN_POINT('',(-20.0000002980232,22.5,27.75));
#3153=CARTESIAN_POINT('Origin',(-20.0000002980232,22.5,30.5));
#3154=CARTESIAN_POINT('',(20.,22.5,27.75));
#3155=CARTESIAN_POINT('Origin',(20.,22.5,30.5));
#3156=CARTESIAN_POINT('',(-20.0000002980232,22.5,15.75));
#3157=CARTESIAN_POINT('Origin',(-20.0000002980232,22.5,18.5));
#3158=CARTESIAN_POINT('Origin',(-26.575,22.5,0.));
#3159=CARTESIAN_POINT('',(-26.575,-22.5,1.));
#3160=CARTESIAN_POINT('',(-26.575,-22.5,0.));
#3161=CARTESIAN_POINT('',(-26.575,11.25,1.));
#3162=CARTESIAN_POINT('Origin',(4.44089209850063E-15,4.44089209850063E-15,
1.));
#3163=CARTESIAN_POINT('',(28.575,-22.5,1.));
#3164=CARTESIAN_POINT('Origin',(-28.575,-22.5,0.));
#3165=CARTESIAN_POINT('Origin',(-20.0000002980232,23.5,18.5));
#3166=CARTESIAN_POINT('',(-20.0000002980232,23.5,13.5));
#3167=CARTESIAN_POINT('Origin',(-20.0000002980232,23.5,18.5));
#3168=CARTESIAN_POINT('',(-20.0000002980232,23.5,15.75));
#3169=CARTESIAN_POINT('Origin',(-20.0000002980232,23.5,18.5));
#3170=CARTESIAN_POINT('Origin',(-20.0000002980232,26.,18.5));
#3171=CARTESIAN_POINT('',(-20.0000002980232,26.,13.5));
#3172=CARTESIAN_POINT('Origin',(-20.0000002980232,25.5,18.5));
#3173=CARTESIAN_POINT('',(-20.0000002980232,25.5,15.75));
#3174=CARTESIAN_POINT('Origin',(20.,23.5,30.5));
#3175=CARTESIAN_POINT('',(20.,23.5,25.5));
#3176=CARTESIAN_POINT('Origin',(20.,23.5,30.5));
#3177=CARTESIAN_POINT('',(20.,23.5,27.75));
#3178=CARTESIAN_POINT('Origin',(20.,23.5,30.5));
#3179=CARTESIAN_POINT('Origin',(20.,26.,30.5));
#3180=CARTESIAN_POINT('',(20.,26.,25.5));
#3181=CARTESIAN_POINT('Origin',(20.,25.5,30.5));
#3182=CARTESIAN_POINT('',(20.,25.5,27.75));
#3183=CARTESIAN_POINT('Origin',(-20.0000002980232,23.5,30.5));
#3184=CARTESIAN_POINT('',(-20.0000002980232,23.5,25.5));
#3185=CARTESIAN_POINT('Origin',(-20.0000002980232,23.5,30.5));
#3186=CARTESIAN_POINT('',(-20.0000002980232,23.5,27.75));
#3187=CARTESIAN_POINT('Origin',(-20.0000002980232,23.5,30.5));
#3188=CARTESIAN_POINT('Origin',(-20.0000002980232,26.,30.5));
#3189=CARTESIAN_POINT('',(-20.0000002980232,26.,25.5));
#3190=CARTESIAN_POINT('Origin',(-20.0000002980232,25.5,30.5));
#3191=CARTESIAN_POINT('',(-20.0000002980232,25.5,27.75));
#3192=CARTESIAN_POINT('Origin',(20.,23.5,18.5));
#3193=CARTESIAN_POINT('',(20.,23.5,13.5));
#3194=CARTESIAN_POINT('Origin',(20.,23.5,18.5));
#3195=CARTESIAN_POINT('',(20.,23.5,15.75));
#3196=CARTESIAN_POINT('Origin',(20.,23.5,18.5));
#3197=CARTESIAN_POINT('Origin',(20.,26.,18.5));
#3198=CARTESIAN_POINT('',(20.,26.,13.5));
#3199=CARTESIAN_POINT('Origin',(20.,25.5,18.5));
#3200=CARTESIAN_POINT('',(20.,25.5,15.75));
#3201=UNCERTAINTY_MEASURE_WITH_UNIT(LENGTH_MEASURE(0.01),#3205,
'DISTANCE_ACCURACY_VALUE',
'Maximum model space distance between geometric entities at asserted c
onnectivities');
#3202=UNCERTAINTY_MEASURE_WITH_UNIT(LENGTH_MEASURE(0.01),#3205,
'DISTANCE_ACCURACY_VALUE',
'Maximum model space distance between geometric entities at asserted c
onnectivities');
#3203=(
GEOMETRIC_REPRESENTATION_CONTEXT(3)
GLOBAL_UNCERTAINTY_ASSIGNED_CONTEXT((#3201))
GLOBAL_UNIT_ASSIGNED_CONTEXT((#3205,#3207,#3208))
REPRESENTATION_CONTEXT('','3D')
);
#3204=(
GEOMETRIC_REPRESENTATION_CONTEXT(3)
GLOBAL_UNCERTAINTY_ASSIGNED_CONTEXT((#3202))
GLOBAL_UNIT_ASSIGNED_CONTEXT((#3205,#3207,#3208))
REPRESENTATION_CONTEXT('','3D')
);
#3205=(
LENGTH_UNIT()
NAMED_UNIT(*)
SI_UNIT(.MILLI.,.METRE.)
);
#3206=(
LENGTH_UNIT()
NAMED_UNIT(*)
SI_UNIT($,.METRE.)
);
#3207=(
NAMED_UNIT(*)
PLANE_ANGLE_UNIT()
SI_UNIT($,.RADIAN.)
);
#3208=(
NAMED_UNIT(*)
SI_UNIT($,.STERADIAN.)
SOLID_ANGLE_UNIT()
);
#3209=SHAPE_DEFINITION_REPRESENTATION(#3210,#3211);
#3210=PRODUCT_DEFINITION_SHAPE('',$,#3213);
#3211=SHAPE_REPRESENTATION('',(#1821),#3203);
#3212=PRODUCT_DEFINITION_CONTEXT('part definition',#3217,'design');
#3213=PRODUCT_DEFINITION('LGR Height Extension',
'LGR Height Extension v19',#3214,#3212);
#3214=PRODUCT_DEFINITION_FORMATION('',$,#3219);
#3215=PRODUCT_RELATED_PRODUCT_CATEGORY('LGR Height Extension v19',
'LGR Height Extension v19',(#3219));
#3216=APPLICATION_PROTOCOL_DEFINITION('international standard',
'automotive_design',2009,#3217);
#3217=APPLICATION_CONTEXT(
'Core Data for Automotive Mechanical Design Process');
#3218=PRODUCT_CONTEXT('part definition',#3217,'mechanical');
#3219=PRODUCT('LGR Height Extension','LGR Height Extension v19',$,(#3218));
#3220=PRESENTATION_STYLE_ASSIGNMENT((#3222));
#3221=PRESENTATION_STYLE_ASSIGNMENT((#3223));
#3222=SURFACE_STYLE_USAGE(.BOTH.,#3224);
#3223=SURFACE_STYLE_USAGE(.BOTH.,#3225);
#3224=SURFACE_SIDE_STYLE('',(#3226));
#3225=SURFACE_SIDE_STYLE('',(#3227));
#3226=SURFACE_STYLE_FILL_AREA(#3228);
#3227=SURFACE_STYLE_FILL_AREA(#3229);
#3228=FILL_AREA_STYLE('Steel - Satin',(#3230));
#3229=FILL_AREA_STYLE('Powder Coat - Rough (Black)',(#3231));
#3230=FILL_AREA_STYLE_COLOUR('Steel - Satin',#3232);
#3231=FILL_AREA_STYLE_COLOUR('Powder Coat - Rough (Black)',#3233);
#3232=COLOUR_RGB('Steel - Satin',0.627450980392157,0.627450980392157,0.627450980392157);
#3233=COLOUR_RGB('Powder Coat - Rough (Black)',0.0745098039215686,0.529411764705882,
0.164705882352941);
ENDSEC;
END-ISO-10303-21;
