ISO-10303-21;
HEADER;
/* Generated by software containing ST-Developer
 * from STEP Tools, Inc. (www.steptools.com) 
 */

FILE_DESCRIPTION(
/* description */ (''),
/* implementation_level */ '2;1');

FILE_NAME(
/* name */ 'LGR RM Carriage Bracket (Defensemen).step',
/* time_stamp */ '2026-03-25T02:11:43-04:00',
/* author */ (''),
/* organization */ (''),
/* preprocessor_version */ 'ST-DEVELOPER v20.1',
/* originating_system */ 'Autodesk Translation Framework v14.24.0.0',
/* authorisation */ '');

FILE_SCHEMA (('AUTOMOTIVE_DESIGN { 1 0 10303 214 3 1 1 }'));
ENDSEC;

DATA;
#10=MECHANICAL_DESIGN_GEOMETRIC_PRESENTATION_REPRESENTATION('',(#13),#2813);
#11=SHAPE_REPRESENTATION_RELATIONSHIP('SRR','None',#2820,#12);
#12=ADVANCED_BREP_SHAPE_REPRESENTATION('',(#14),#2812);
#13=STYLED_ITEM('',(#2830),#14);
#14=MANIFOLD_SOLID_BREP('Body1',#1649);
#15=CYLINDRICAL_SURFACE('',#1705,1.);
#16=CYLINDRICAL_SURFACE('',#1708,1.);
#17=CYLINDRICAL_SURFACE('',#1711,1.);
#18=CYLINDRICAL_SURFACE('',#1714,0.999999999999999);
#19=CYLINDRICAL_SURFACE('',#1717,1.00000000000001);
#20=CYLINDRICAL_SURFACE('',#1720,1.);
#21=CYLINDRICAL_SURFACE('',#1723,0.999999999999999);
#22=CYLINDRICAL_SURFACE('',#1726,1.);
#23=CYLINDRICAL_SURFACE('',#1729,0.999999999999991);
#24=CYLINDRICAL_SURFACE('',#1732,1.);
#25=CYLINDRICAL_SURFACE('',#1735,1.);
#26=CYLINDRICAL_SURFACE('',#1738,1.00000000000001);
#27=CYLINDRICAL_SURFACE('',#1740,2.);
#28=CYLINDRICAL_SURFACE('',#1742,2.);
#29=CYLINDRICAL_SURFACE('',#1744,2.);
#30=CYLINDRICAL_SURFACE('',#1746,2.);
#31=CYLINDRICAL_SURFACE('',#1749,2.);
#32=CYLINDRICAL_SURFACE('',#1752,2.);
#33=CYLINDRICAL_SURFACE('',#1754,2.);
#34=CYLINDRICAL_SURFACE('',#1757,2.);
#35=CYLINDRICAL_SURFACE('',#1759,5.);
#36=CYLINDRICAL_SURFACE('',#1761,5.);
#37=CYLINDRICAL_SURFACE('',#1766,5.);
#38=CYLINDRICAL_SURFACE('',#1768,5.);
#39=CYLINDRICAL_SURFACE('',#1782,1.99999999999998);
#40=CYLINDRICAL_SURFACE('',#1785,1.99999999999998);
#41=CYLINDRICAL_SURFACE('',#1788,1.99999999999998);
#42=CYLINDRICAL_SURFACE('',#1791,1.99999999999998);
#43=CYLINDRICAL_SURFACE('',#1794,1.99999999999999);
#44=CYLINDRICAL_SURFACE('',#1796,1.99999999999998);
#45=CYLINDRICAL_SURFACE('',#1798,1.99999999999998);
#46=CYLINDRICAL_SURFACE('',#1800,1.99999999999998);
#47=CYLINDRICAL_SURFACE('',#1801,2.5);
#48=CYLINDRICAL_SURFACE('',#1802,2.5);
#49=CYLINDRICAL_SURFACE('',#1804,2.5);
#50=CYLINDRICAL_SURFACE('',#1806,2.5);
#51=CYLINDRICAL_SURFACE('',#1807,3.);
#52=CYLINDRICAL_SURFACE('',#1810,3.);
#53=CYLINDRICAL_SURFACE('',#1821,5.);
#54=CYLINDRICAL_SURFACE('',#1822,2.75);
#55=CYLINDRICAL_SURFACE('',#1826,5.);
#56=CYLINDRICAL_SURFACE('',#1827,2.75);
#57=CYLINDRICAL_SURFACE('',#1831,5.);
#58=CYLINDRICAL_SURFACE('',#1832,2.75);
#59=CYLINDRICAL_SURFACE('',#1836,5.);
#60=CYLINDRICAL_SURFACE('',#1837,2.75);
#61=FACE_BOUND('',#178,.T.);
#62=FACE_BOUND('',#179,.T.);
#63=FACE_BOUND('',#180,.T.);
#64=FACE_BOUND('',#181,.T.);
#65=FACE_BOUND('',#182,.T.);
#66=FACE_BOUND('',#183,.T.);
#67=FACE_BOUND('',#184,.T.);
#68=FACE_BOUND('',#185,.T.);
#69=FACE_BOUND('',#186,.T.);
#70=FACE_BOUND('',#187,.T.);
#71=FACE_BOUND('',#188,.T.);
#72=FACE_BOUND('',#189,.T.);
#73=FACE_BOUND('',#190,.T.);
#74=FACE_BOUND('',#191,.T.);
#75=FACE_BOUND('',#235,.T.);
#76=FACE_BOUND('',#236,.T.);
#77=FACE_BOUND('',#237,.T.);
#78=FACE_BOUND('',#238,.T.);
#79=FACE_BOUND('',#239,.T.);
#80=FACE_BOUND('',#262,.T.);
#81=FACE_BOUND('',#263,.T.);
#82=FACE_BOUND('',#264,.T.);
#83=FACE_BOUND('',#265,.T.);
#84=FACE_BOUND('',#270,.T.);
#85=FACE_BOUND('',#271,.T.);
#86=FACE_BOUND('',#272,.T.);
#87=FACE_BOUND('',#273,.T.);
#88=FACE_BOUND('',#274,.T.);
#89=FACE_BOUND('',#277,.T.);
#90=FACE_BOUND('',#281,.T.);
#91=FACE_BOUND('',#285,.T.);
#92=FACE_BOUND('',#289,.T.);
#93=FACE_OUTER_BOUND('',#177,.T.);
#94=FACE_OUTER_BOUND('',#192,.T.);
#95=FACE_OUTER_BOUND('',#193,.T.);
#96=FACE_OUTER_BOUND('',#194,.T.);
#97=FACE_OUTER_BOUND('',#195,.T.);
#98=FACE_OUTER_BOUND('',#196,.T.);
#99=FACE_OUTER_BOUND('',#197,.T.);
#100=FACE_OUTER_BOUND('',#198,.T.);
#101=FACE_OUTER_BOUND('',#199,.T.);
#102=FACE_OUTER_BOUND('',#200,.T.);
#103=FACE_OUTER_BOUND('',#201,.T.);
#104=FACE_OUTER_BOUND('',#202,.T.);
#105=FACE_OUTER_BOUND('',#203,.T.);
#106=FACE_OUTER_BOUND('',#204,.T.);
#107=FACE_OUTER_BOUND('',#205,.T.);
#108=FACE_OUTER_BOUND('',#206,.T.);
#109=FACE_OUTER_BOUND('',#207,.T.);
#110=FACE_OUTER_BOUND('',#208,.T.);
#111=FACE_OUTER_BOUND('',#209,.T.);
#112=FACE_OUTER_BOUND('',#210,.T.);
#113=FACE_OUTER_BOUND('',#211,.T.);
#114=FACE_OUTER_BOUND('',#212,.T.);
#115=FACE_OUTER_BOUND('',#213,.T.);
#116=FACE_OUTER_BOUND('',#214,.T.);
#117=FACE_OUTER_BOUND('',#215,.T.);
#118=FACE_OUTER_BOUND('',#216,.T.);
#119=FACE_OUTER_BOUND('',#217,.T.);
#120=FACE_OUTER_BOUND('',#218,.T.);
#121=FACE_OUTER_BOUND('',#219,.T.);
#122=FACE_OUTER_BOUND('',#220,.T.);
#123=FACE_OUTER_BOUND('',#221,.T.);
#124=FACE_OUTER_BOUND('',#222,.T.);
#125=FACE_OUTER_BOUND('',#223,.T.);
#126=FACE_OUTER_BOUND('',#224,.T.);
#127=FACE_OUTER_BOUND('',#225,.T.);
#128=FACE_OUTER_BOUND('',#226,.T.);
#129=FACE_OUTER_BOUND('',#227,.T.);
#130=FACE_OUTER_BOUND('',#228,.T.);
#131=FACE_OUTER_BOUND('',#229,.T.);
#132=FACE_OUTER_BOUND('',#230,.T.);
#133=FACE_OUTER_BOUND('',#231,.T.);
#134=FACE_OUTER_BOUND('',#232,.T.);
#135=FACE_OUTER_BOUND('',#233,.T.);
#136=FACE_OUTER_BOUND('',#234,.T.);
#137=FACE_OUTER_BOUND('',#240,.T.);
#138=FACE_OUTER_BOUND('',#241,.T.);
#139=FACE_OUTER_BOUND('',#242,.T.);
#140=FACE_OUTER_BOUND('',#243,.T.);
#141=FACE_OUTER_BOUND('',#244,.T.);
#142=FACE_OUTER_BOUND('',#245,.T.);
#143=FACE_OUTER_BOUND('',#246,.T.);
#144=FACE_OUTER_BOUND('',#247,.T.);
#145=FACE_OUTER_BOUND('',#248,.T.);
#146=FACE_OUTER_BOUND('',#249,.T.);
#147=FACE_OUTER_BOUND('',#250,.T.);
#148=FACE_OUTER_BOUND('',#251,.T.);
#149=FACE_OUTER_BOUND('',#252,.T.);
#150=FACE_OUTER_BOUND('',#253,.T.);
#151=FACE_OUTER_BOUND('',#254,.T.);
#152=FACE_OUTER_BOUND('',#255,.T.);
#153=FACE_OUTER_BOUND('',#256,.T.);
#154=FACE_OUTER_BOUND('',#257,.T.);
#155=FACE_OUTER_BOUND('',#258,.T.);
#156=FACE_OUTER_BOUND('',#259,.T.);
#157=FACE_OUTER_BOUND('',#260,.T.);
#158=FACE_OUTER_BOUND('',#261,.T.);
#159=FACE_OUTER_BOUND('',#266,.T.);
#160=FACE_OUTER_BOUND('',#267,.T.);
#161=FACE_OUTER_BOUND('',#268,.T.);
#162=FACE_OUTER_BOUND('',#269,.T.);
#163=FACE_OUTER_BOUND('',#275,.T.);
#164=FACE_OUTER_BOUND('',#276,.T.);
#165=FACE_OUTER_BOUND('',#278,.T.);
#166=FACE_OUTER_BOUND('',#279,.T.);
#167=FACE_OUTER_BOUND('',#280,.T.);
#168=FACE_OUTER_BOUND('',#282,.T.);
#169=FACE_OUTER_BOUND('',#283,.T.);
#170=FACE_OUTER_BOUND('',#284,.T.);
#171=FACE_OUTER_BOUND('',#286,.T.);
#172=FACE_OUTER_BOUND('',#287,.T.);
#173=FACE_OUTER_BOUND('',#288,.T.);
#174=FACE_OUTER_BOUND('',#290,.T.);
#175=FACE_OUTER_BOUND('',#291,.T.);
#176=FACE_OUTER_BOUND('',#292,.T.);
#177=EDGE_LOOP('',(#1059,#1060,#1061,#1062,#1063,#1064,#1065,#1066,#1067,
#1068,#1069,#1070,#1071,#1072,#1073,#1074,#1075,#1076,#1077,#1078));
#178=EDGE_LOOP('',(#1079,#1080,#1081,#1082,#1083,#1084));
#179=EDGE_LOOP('',(#1085,#1086,#1087,#1088,#1089,#1090));
#180=EDGE_LOOP('',(#1091,#1092,#1093,#1094,#1095,#1096));
#181=EDGE_LOOP('',(#1097,#1098,#1099,#1100,#1101,#1102));
#182=EDGE_LOOP('',(#1103));
#183=EDGE_LOOP('',(#1104));
#184=EDGE_LOOP('',(#1105));
#185=EDGE_LOOP('',(#1106));
#186=EDGE_LOOP('',(#1107));
#187=EDGE_LOOP('',(#1108));
#188=EDGE_LOOP('',(#1109));
#189=EDGE_LOOP('',(#1110));
#190=EDGE_LOOP('',(#1111,#1112,#1113,#1114,#1115,#1116,#1117,#1118));
#191=EDGE_LOOP('',(#1119,#1120,#1121,#1122,#1123,#1124,#1125,#1126));
#192=EDGE_LOOP('',(#1127,#1128,#1129,#1130));
#193=EDGE_LOOP('',(#1131,#1132,#1133,#1134));
#194=EDGE_LOOP('',(#1135,#1136,#1137,#1138));
#195=EDGE_LOOP('',(#1139,#1140,#1141,#1142));
#196=EDGE_LOOP('',(#1143,#1144,#1145,#1146));
#197=EDGE_LOOP('',(#1147,#1148,#1149,#1150));
#198=EDGE_LOOP('',(#1151,#1152,#1153,#1154));
#199=EDGE_LOOP('',(#1155,#1156,#1157,#1158));
#200=EDGE_LOOP('',(#1159,#1160,#1161,#1162));
#201=EDGE_LOOP('',(#1163,#1164,#1165,#1166));
#202=EDGE_LOOP('',(#1167,#1168,#1169,#1170));
#203=EDGE_LOOP('',(#1171,#1172,#1173,#1174));
#204=EDGE_LOOP('',(#1175,#1176,#1177,#1178));
#205=EDGE_LOOP('',(#1179,#1180,#1181,#1182));
#206=EDGE_LOOP('',(#1183,#1184,#1185,#1186));
#207=EDGE_LOOP('',(#1187,#1188,#1189,#1190));
#208=EDGE_LOOP('',(#1191,#1192,#1193,#1194));
#209=EDGE_LOOP('',(#1195,#1196,#1197,#1198));
#210=EDGE_LOOP('',(#1199,#1200,#1201,#1202));
#211=EDGE_LOOP('',(#1203,#1204,#1205,#1206));
#212=EDGE_LOOP('',(#1207,#1208,#1209,#1210));
#213=EDGE_LOOP('',(#1211,#1212,#1213,#1214));
#214=EDGE_LOOP('',(#1215,#1216,#1217,#1218));
#215=EDGE_LOOP('',(#1219,#1220,#1221,#1222));
#216=EDGE_LOOP('',(#1223,#1224,#1225,#1226));
#217=EDGE_LOOP('',(#1227,#1228,#1229,#1230));
#218=EDGE_LOOP('',(#1231,#1232,#1233,#1234));
#219=EDGE_LOOP('',(#1235,#1236,#1237,#1238));
#220=EDGE_LOOP('',(#1239,#1240,#1241,#1242));
#221=EDGE_LOOP('',(#1243,#1244,#1245,#1246));
#222=EDGE_LOOP('',(#1247,#1248,#1249,#1250));
#223=EDGE_LOOP('',(#1251,#1252,#1253,#1254));
#224=EDGE_LOOP('',(#1255,#1256,#1257,#1258));
#225=EDGE_LOOP('',(#1259,#1260,#1261,#1262));
#226=EDGE_LOOP('',(#1263,#1264,#1265,#1266));
#227=EDGE_LOOP('',(#1267,#1268,#1269,#1270));
#228=EDGE_LOOP('',(#1271,#1272,#1273,#1274));
#229=EDGE_LOOP('',(#1275,#1276,#1277,#1278,#1279,#1280,#1281,#1282,#1283,
#1284));
#230=EDGE_LOOP('',(#1285,#1286,#1287,#1288));
#231=EDGE_LOOP('',(#1289,#1290,#1291,#1292));
#232=EDGE_LOOP('',(#1293,#1294,#1295,#1296));
#233=EDGE_LOOP('',(#1297,#1298,#1299,#1300));
#234=EDGE_LOOP('',(#1301,#1302,#1303,#1304,#1305,#1306,#1307,#1308,#1309,
#1310,#1311,#1312));
#235=EDGE_LOOP('',(#1313));
#236=EDGE_LOOP('',(#1314));
#237=EDGE_LOOP('',(#1315));
#238=EDGE_LOOP('',(#1316));
#239=EDGE_LOOP('',(#1317,#1318,#1319,#1320,#1321,#1322,#1323,#1324));
#240=EDGE_LOOP('',(#1325,#1326,#1327,#1328));
#241=EDGE_LOOP('',(#1329,#1330,#1331,#1332));
#242=EDGE_LOOP('',(#1333,#1334,#1335,#1336));
#243=EDGE_LOOP('',(#1337,#1338,#1339,#1340));
#244=EDGE_LOOP('',(#1341,#1342,#1343,#1344));
#245=EDGE_LOOP('',(#1345,#1346,#1347,#1348));
#246=EDGE_LOOP('',(#1349,#1350,#1351,#1352));
#247=EDGE_LOOP('',(#1353,#1354,#1355,#1356));
#248=EDGE_LOOP('',(#1357,#1358,#1359,#1360));
#249=EDGE_LOOP('',(#1361,#1362,#1363,#1364));
#250=EDGE_LOOP('',(#1365,#1366,#1367,#1368));
#251=EDGE_LOOP('',(#1369,#1370,#1371,#1372));
#252=EDGE_LOOP('',(#1373,#1374,#1375,#1376));
#253=EDGE_LOOP('',(#1377,#1378,#1379,#1380));
#254=EDGE_LOOP('',(#1381,#1382,#1383,#1384));
#255=EDGE_LOOP('',(#1385,#1386,#1387,#1388));
#256=EDGE_LOOP('',(#1389,#1390,#1391,#1392));
#257=EDGE_LOOP('',(#1393,#1394,#1395,#1396));
#258=EDGE_LOOP('',(#1397,#1398,#1399,#1400));
#259=EDGE_LOOP('',(#1401,#1402,#1403,#1404));
#260=EDGE_LOOP('',(#1405,#1406,#1407,#1408));
#261=EDGE_LOOP('',(#1409,#1410,#1411,#1412));
#262=EDGE_LOOP('',(#1413,#1414,#1415,#1416,#1417,#1418));
#263=EDGE_LOOP('',(#1419,#1420,#1421,#1422,#1423,#1424));
#264=EDGE_LOOP('',(#1425,#1426,#1427,#1428,#1429,#1430));
#265=EDGE_LOOP('',(#1431,#1432,#1433,#1434,#1435,#1436));
#266=EDGE_LOOP('',(#1437,#1438,#1439,#1440));
#267=EDGE_LOOP('',(#1441,#1442,#1443,#1444));
#268=EDGE_LOOP('',(#1445,#1446,#1447,#1448));
#269=EDGE_LOOP('',(#1449,#1450,#1451,#1452,#1453,#1454,#1455,#1456,#1457,
#1458,#1459,#1460));
#270=EDGE_LOOP('',(#1461,#1462,#1463,#1464,#1465,#1466,#1467,#1468));
#271=EDGE_LOOP('',(#1469));
#272=EDGE_LOOP('',(#1470));
#273=EDGE_LOOP('',(#1471));
#274=EDGE_LOOP('',(#1472));
#275=EDGE_LOOP('',(#1473,#1474,#1475,#1476,#1477,#1478,#1479,#1480,#1481,
#1482));
#276=EDGE_LOOP('',(#1483));
#277=EDGE_LOOP('',(#1484));
#278=EDGE_LOOP('',(#1485,#1486,#1487,#1488));
#279=EDGE_LOOP('',(#1489,#1490,#1491,#1492));
#280=EDGE_LOOP('',(#1493));
#281=EDGE_LOOP('',(#1494));
#282=EDGE_LOOP('',(#1495,#1496,#1497,#1498));
#283=EDGE_LOOP('',(#1499,#1500,#1501,#1502));
#284=EDGE_LOOP('',(#1503));
#285=EDGE_LOOP('',(#1504));
#286=EDGE_LOOP('',(#1505,#1506,#1507,#1508));
#287=EDGE_LOOP('',(#1509,#1510,#1511,#1512));
#288=EDGE_LOOP('',(#1513));
#289=EDGE_LOOP('',(#1514));
#290=EDGE_LOOP('',(#1515,#1516,#1517,#1518));
#291=EDGE_LOOP('',(#1519,#1520,#1521,#1522));
#292=EDGE_LOOP('',(#1523,#1524,#1525,#1526));
#293=LINE('',#2341,#435);
#294=LINE('',#2347,#436);
#295=LINE('',#2351,#437);
#296=LINE('',#2355,#438);
#297=LINE('',#2361,#439);
#298=LINE('',#2367,#440);
#299=LINE('',#2371,#441);
#300=LINE('',#2375,#442);
#301=LINE('',#2379,#443);
#302=LINE('',#2383,#444);
#303=LINE('',#2387,#445);
#304=LINE('',#2391,#446);
#305=LINE('',#2395,#447);
#306=LINE('',#2399,#448);
#307=LINE('',#2403,#449);
#308=LINE('',#2407,#450);
#309=LINE('',#2411,#451);
#310=LINE('',#2415,#452);
#311=LINE('',#2419,#453);
#312=LINE('',#2423,#454);
#313=LINE('',#2443,#455);
#314=LINE('',#2447,#456);
#315=LINE('',#2451,#457);
#316=LINE('',#2455,#458);
#317=LINE('',#2459,#459);
#318=LINE('',#2463,#460);
#319=LINE('',#2467,#461);
#320=LINE('',#2471,#462);
#321=LINE('',#2476,#463);
#322=LINE('',#2477,#464);
#323=LINE('',#2478,#465);
#324=LINE('',#2482,#466);
#325=LINE('',#2485,#467);
#326=LINE('',#2486,#468);
#327=LINE('',#2490,#469);
#328=LINE('',#2493,#470);
#329=LINE('',#2494,#471);
#330=LINE('',#2500,#472);
#331=LINE('',#2501,#473);
#332=LINE('',#2502,#474);
#333=LINE('',#2506,#475);
#334=LINE('',#2509,#476);
#335=LINE('',#2510,#477);
#336=LINE('',#2514,#478);
#337=LINE('',#2517,#479);
#338=LINE('',#2518,#480);
#339=LINE('',#2524,#481);
#340=LINE('',#2525,#482);
#341=LINE('',#2526,#483);
#342=LINE('',#2530,#484);
#343=LINE('',#2533,#485);
#344=LINE('',#2534,#486);
#345=LINE('',#2538,#487);
#346=LINE('',#2541,#488);
#347=LINE('',#2542,#489);
#348=LINE('',#2548,#490);
#349=LINE('',#2549,#491);
#350=LINE('',#2550,#492);
#351=LINE('',#2554,#493);
#352=LINE('',#2557,#494);
#353=LINE('',#2558,#495);
#354=LINE('',#2562,#496);
#355=LINE('',#2565,#497);
#356=LINE('',#2566,#498);
#357=LINE('',#2573,#499);
#358=LINE('',#2574,#500);
#359=LINE('',#2578,#501);
#360=LINE('',#2581,#502);
#361=LINE('',#2584,#503);
#362=LINE('',#2588,#504);
#363=LINE('',#2591,#505);
#364=LINE('',#2592,#506);
#365=LINE('',#2597,#507);
#366=LINE('',#2598,#508);
#367=LINE('',#2601,#509);
#368=LINE('',#2602,#510);
#369=LINE('',#2606,#511);
#370=LINE('',#2611,#512);
#371=LINE('',#2612,#513);
#372=LINE('',#2615,#514);
#373=LINE('',#2616,#515);
#374=LINE('',#2622,#516);
#375=LINE('',#2625,#517);
#376=LINE('',#2628,#518);
#377=LINE('',#2631,#519);
#378=LINE('',#2633,#520);
#379=LINE('',#2635,#521);
#380=LINE('',#2639,#522);
#381=LINE('',#2643,#523);
#382=LINE('',#2644,#524);
#383=LINE('',#2649,#525);
#384=LINE('',#2652,#526);
#385=LINE('',#2654,#527);
#386=LINE('',#2656,#528);
#387=LINE('',#2659,#529);
#388=LINE('',#2660,#530);
#389=LINE('',#2671,#531);
#390=LINE('',#2675,#532);
#391=LINE('',#2679,#533);
#392=LINE('',#2683,#534);
#393=LINE('',#2688,#535);
#394=LINE('',#2689,#536);
#395=LINE('',#2690,#537);
#396=LINE('',#2694,#538);
#397=LINE('',#2697,#539);
#398=LINE('',#2698,#540);
#399=LINE('',#2702,#541);
#400=LINE('',#2705,#542);
#401=LINE('',#2706,#543);
#402=LINE('',#2710,#544);
#403=LINE('',#2713,#545);
#404=LINE('',#2714,#546);
#405=LINE('',#2718,#547);
#406=LINE('',#2719,#548);
#407=LINE('',#2721,#549);
#408=LINE('',#2723,#550);
#409=LINE('',#2725,#551);
#410=LINE('',#2727,#552);
#411=LINE('',#2729,#553);
#412=LINE('',#2731,#554);
#413=LINE('',#2734,#555);
#414=LINE('',#2738,#556);
#415=LINE('',#2742,#557);
#416=LINE('',#2744,#558);
#417=LINE('',#2747,#559);
#418=LINE('',#2750,#560);
#419=LINE('',#2753,#561);
#420=LINE('',#2754,#562);
#421=LINE('',#2758,#563);
#422=LINE('',#2761,#564);
#423=LINE('',#2762,#565);
#424=LINE('',#2764,#566);
#425=LINE('',#2766,#567);
#426=LINE('',#2767,#568);
#427=LINE('',#2779,#569);
#428=LINE('',#2781,#570);
#429=LINE('',#2788,#571);
#430=LINE('',#2790,#572);
#431=LINE('',#2797,#573);
#432=LINE('',#2799,#574);
#433=LINE('',#2806,#575);
#434=LINE('',#2808,#576);
#435=VECTOR('',#1845,10.);
#436=VECTOR('',#1850,10.);
#437=VECTOR('',#1853,10.);
#438=VECTOR('',#1856,10.);
#439=VECTOR('',#1861,10.);
#440=VECTOR('',#1866,10.);
#441=VECTOR('',#1869,10.);
#442=VECTOR('',#1872,10.);
#443=VECTOR('',#1875,10.);
#444=VECTOR('',#1878,10.);
#445=VECTOR('',#1881,10.);
#446=VECTOR('',#1884,10.);
#447=VECTOR('',#1887,10.);
#448=VECTOR('',#1890,10.);
#449=VECTOR('',#1893,10.);
#450=VECTOR('',#1896,10.);
#451=VECTOR('',#1899,10.);
#452=VECTOR('',#1902,10.);
#453=VECTOR('',#1905,10.);
#454=VECTOR('',#1908,10.);
#455=VECTOR('',#1927,10.);
#456=VECTOR('',#1930,10.);
#457=VECTOR('',#1933,10.);
#458=VECTOR('',#1936,10.);
#459=VECTOR('',#1939,10.);
#460=VECTOR('',#1942,10.);
#461=VECTOR('',#1945,10.);
#462=VECTOR('',#1948,10.);
#463=VECTOR('',#1953,10.);
#464=VECTOR('',#1954,10.);
#465=VECTOR('',#1955,10.);
#466=VECTOR('',#1960,10.);
#467=VECTOR('',#1963,10.);
#468=VECTOR('',#1964,10.);
#469=VECTOR('',#1969,10.);
#470=VECTOR('',#1972,10.);
#471=VECTOR('',#1973,10.);
#472=VECTOR('',#1980,10.);
#473=VECTOR('',#1981,10.);
#474=VECTOR('',#1982,10.);
#475=VECTOR('',#1987,10.);
#476=VECTOR('',#1990,10.);
#477=VECTOR('',#1991,10.);
#478=VECTOR('',#1996,10.);
#479=VECTOR('',#1999,10.);
#480=VECTOR('',#2000,10.);
#481=VECTOR('',#2007,10.);
#482=VECTOR('',#2008,10.);
#483=VECTOR('',#2009,10.);
#484=VECTOR('',#2014,10.);
#485=VECTOR('',#2017,10.);
#486=VECTOR('',#2018,10.);
#487=VECTOR('',#2023,10.);
#488=VECTOR('',#2026,10.);
#489=VECTOR('',#2027,10.);
#490=VECTOR('',#2034,10.);
#491=VECTOR('',#2035,10.);
#492=VECTOR('',#2036,10.);
#493=VECTOR('',#2041,10.);
#494=VECTOR('',#2044,10.);
#495=VECTOR('',#2045,10.);
#496=VECTOR('',#2050,10.);
#497=VECTOR('',#2053,10.);
#498=VECTOR('',#2054,10.);
#499=VECTOR('',#2063,10.);
#500=VECTOR('',#2064,10.);
#501=VECTOR('',#2069,10.);
#502=VECTOR('',#2072,10.);
#503=VECTOR('',#2075,10.);
#504=VECTOR('',#2080,10.);
#505=VECTOR('',#2083,10.);
#506=VECTOR('',#2084,10.);
#507=VECTOR('',#2089,10.);
#508=VECTOR('',#2090,10.);
#509=VECTOR('',#2093,10.);
#510=VECTOR('',#2094,10.);
#511=VECTOR('',#2099,10.);
#512=VECTOR('',#2104,10.);
#513=VECTOR('',#2105,10.);
#514=VECTOR('',#2108,10.);
#515=VECTOR('',#2109,10.);
#516=VECTOR('',#2118,10.);
#517=VECTOR('',#2121,10.);
#518=VECTOR('',#2124,10.);
#519=VECTOR('',#2127,10.);
#520=VECTOR('',#2128,10.);
#521=VECTOR('',#2129,10.);
#522=VECTOR('',#2132,10.);
#523=VECTOR('',#2135,10.);
#524=VECTOR('',#2136,10.);
#525=VECTOR('',#2143,10.);
#526=VECTOR('',#2146,10.);
#527=VECTOR('',#2149,10.);
#528=VECTOR('',#2152,10.);
#529=VECTOR('',#2155,10.);
#530=VECTOR('',#2156,10.);
#531=VECTOR('',#2165,10.);
#532=VECTOR('',#2168,10.);
#533=VECTOR('',#2171,10.);
#534=VECTOR('',#2174,10.);
#535=VECTOR('',#2179,10.);
#536=VECTOR('',#2180,10.);
#537=VECTOR('',#2181,10.);
#538=VECTOR('',#2186,10.);
#539=VECTOR('',#2189,10.);
#540=VECTOR('',#2190,10.);
#541=VECTOR('',#2195,10.);
#542=VECTOR('',#2198,10.);
#543=VECTOR('',#2199,10.);
#544=VECTOR('',#2204,10.);
#545=VECTOR('',#2207,10.);
#546=VECTOR('',#2208,10.);
#547=VECTOR('',#2215,10.);
#548=VECTOR('',#2216,10.);
#549=VECTOR('',#2219,10.);
#550=VECTOR('',#2222,10.);
#551=VECTOR('',#2225,10.);
#552=VECTOR('',#2228,10.);
#553=VECTOR('',#2231,10.);
#554=VECTOR('',#2234,10.);
#555=VECTOR('',#2239,2.5);
#556=VECTOR('',#2244,2.5);
#557=VECTOR('',#2249,2.5);
#558=VECTOR('',#2252,2.5);
#559=VECTOR('',#2255,10.);
#560=VECTOR('',#2258,10.);
#561=VECTOR('',#2261,10.);
#562=VECTOR('',#2262,10.);
#563=VECTOR('',#2267,10.);
#564=VECTOR('',#2270,10.);
#565=VECTOR('',#2271,10.);
#566=VECTOR('',#2274,10.);
#567=VECTOR('',#2277,10.);
#568=VECTOR('',#2278,10.);
#569=VECTOR('',#2293,5.);
#570=VECTOR('',#2296,2.75);
#571=VECTOR('',#2305,5.);
#572=VECTOR('',#2308,2.75);
#573=VECTOR('',#2317,5.);
#574=VECTOR('',#2320,2.75);
#575=VECTOR('',#2329,5.);
#576=VECTOR('',#2332,2.75);
#577=CIRCLE('',#1664,2.);
#578=CIRCLE('',#1665,2.);
#579=CIRCLE('',#1666,2.);
#580=CIRCLE('',#1667,5.);
#581=CIRCLE('',#1668,5.);
#582=CIRCLE('',#1669,2.);
#583=CIRCLE('',#1670,2.);
#584=CIRCLE('',#1671,2.);
#585=CIRCLE('',#1672,2.);
#586=CIRCLE('',#1673,5.);
#587=CIRCLE('',#1674,5.);
#588=CIRCLE('',#1675,2.);
#589=CIRCLE('',#1676,1.);
#590=CIRCLE('',#1677,1.);
#591=CIRCLE('',#1678,1.);
#592=CIRCLE('',#1679,0.999999999999999);
#593=CIRCLE('',#1680,1.00000000000001);
#594=CIRCLE('',#1681,1.);
#595=CIRCLE('',#1682,0.999999999999999);
#596=CIRCLE('',#1683,1.);
#597=CIRCLE('',#1684,0.999999999999991);
#598=CIRCLE('',#1685,1.);
#599=CIRCLE('',#1686,1.);
#600=CIRCLE('',#1687,1.00000000000001);
#601=CIRCLE('',#1688,2.75);
#602=CIRCLE('',#1689,2.75);
#603=CIRCLE('',#1690,2.75);
#604=CIRCLE('',#1691,2.75);
#605=CIRCLE('',#1692,2.5);
#606=CIRCLE('',#1693,2.5);
#607=CIRCLE('',#1694,2.5);
#608=CIRCLE('',#1695,2.5);
#609=CIRCLE('',#1696,1.99999999999999);
#610=CIRCLE('',#1697,1.99999999999998);
#611=CIRCLE('',#1698,1.99999999999998);
#612=CIRCLE('',#1699,1.99999999999998);
#613=CIRCLE('',#1700,1.99999999999998);
#614=CIRCLE('',#1701,1.99999999999998);
#615=CIRCLE('',#1702,1.99999999999998);
#616=CIRCLE('',#1703,1.99999999999998);
#617=CIRCLE('',#1706,1.);
#618=CIRCLE('',#1709,1.);
#619=CIRCLE('',#1712,1.);
#620=CIRCLE('',#1715,0.999999999999999);
#621=CIRCLE('',#1718,1.00000000000001);
#622=CIRCLE('',#1721,1.);
#623=CIRCLE('',#1724,0.999999999999999);
#624=CIRCLE('',#1727,1.);
#625=CIRCLE('',#1730,0.999999999999991);
#626=CIRCLE('',#1733,1.);
#627=CIRCLE('',#1736,1.);
#628=CIRCLE('',#1739,1.00000000000001);
#629=CIRCLE('',#1741,2.);
#630=CIRCLE('',#1743,2.);
#631=CIRCLE('',#1745,2.);
#632=CIRCLE('',#1747,2.);
#633=CIRCLE('',#1750,2.);
#634=CIRCLE('',#1753,2.);
#635=CIRCLE('',#1755,2.);
#636=CIRCLE('',#1758,2.);
#637=CIRCLE('',#1760,5.);
#638=CIRCLE('',#1762,5.);
#639=CIRCLE('',#1764,3.);
#640=CIRCLE('',#1765,3.);
#641=CIRCLE('',#1767,5.);
#642=CIRCLE('',#1769,5.);
#643=CIRCLE('',#1773,5.);
#644=CIRCLE('',#1774,5.);
#645=CIRCLE('',#1775,2.5);
#646=CIRCLE('',#1776,2.5);
#647=CIRCLE('',#1777,1.99999999999998);
#648=CIRCLE('',#1778,1.99999999999998);
#649=CIRCLE('',#1779,1.99999999999998);
#650=CIRCLE('',#1780,1.99999999999999);
#651=CIRCLE('',#1783,1.99999999999998);
#652=CIRCLE('',#1786,1.99999999999998);
#653=CIRCLE('',#1789,1.99999999999998);
#654=CIRCLE('',#1792,1.99999999999998);
#655=CIRCLE('',#1803,2.5);
#656=CIRCLE('',#1805,2.5);
#657=CIRCLE('',#1808,3.);
#658=CIRCLE('',#1811,3.);
#659=CIRCLE('',#1815,5.);
#660=CIRCLE('',#1816,5.);
#661=CIRCLE('',#1819,5.);
#662=CIRCLE('',#1820,2.75);
#663=CIRCLE('',#1824,5.);
#664=CIRCLE('',#1825,2.75);
#665=CIRCLE('',#1829,5.);
#666=CIRCLE('',#1830,2.75);
#667=CIRCLE('',#1834,5.);
#668=CIRCLE('',#1835,2.75);
#669=VERTEX_POINT('',#2337);
#670=VERTEX_POINT('',#2338);
#671=VERTEX_POINT('',#2340);
#672=VERTEX_POINT('',#2342);
#673=VERTEX_POINT('',#2344);
#674=VERTEX_POINT('',#2346);
#675=VERTEX_POINT('',#2348);
#676=VERTEX_POINT('',#2350);
#677=VERTEX_POINT('',#2352);
#678=VERTEX_POINT('',#2354);
#679=VERTEX_POINT('',#2356);
#680=VERTEX_POINT('',#2358);
#681=VERTEX_POINT('',#2360);
#682=VERTEX_POINT('',#2362);
#683=VERTEX_POINT('',#2364);
#684=VERTEX_POINT('',#2366);
#685=VERTEX_POINT('',#2368);
#686=VERTEX_POINT('',#2370);
#687=VERTEX_POINT('',#2372);
#688=VERTEX_POINT('',#2374);
#689=VERTEX_POINT('',#2377);
#690=VERTEX_POINT('',#2378);
#691=VERTEX_POINT('',#2380);
#692=VERTEX_POINT('',#2382);
#693=VERTEX_POINT('',#2384);
#694=VERTEX_POINT('',#2386);
#695=VERTEX_POINT('',#2389);
#696=VERTEX_POINT('',#2390);
#697=VERTEX_POINT('',#2392);
#698=VERTEX_POINT('',#2394);
#699=VERTEX_POINT('',#2396);
#700=VERTEX_POINT('',#2398);
#701=VERTEX_POINT('',#2401);
#702=VERTEX_POINT('',#2402);
#703=VERTEX_POINT('',#2404);
#704=VERTEX_POINT('',#2406);
#705=VERTEX_POINT('',#2408);
#706=VERTEX_POINT('',#2410);
#707=VERTEX_POINT('',#2413);
#708=VERTEX_POINT('',#2414);
#709=VERTEX_POINT('',#2416);
#710=VERTEX_POINT('',#2418);
#711=VERTEX_POINT('',#2420);
#712=VERTEX_POINT('',#2422);
#713=VERTEX_POINT('',#2425);
#714=VERTEX_POINT('',#2427);
#715=VERTEX_POINT('',#2429);
#716=VERTEX_POINT('',#2431);
#717=VERTEX_POINT('',#2433);
#718=VERTEX_POINT('',#2435);
#719=VERTEX_POINT('',#2437);
#720=VERTEX_POINT('',#2439);
#721=VERTEX_POINT('',#2441);
#722=VERTEX_POINT('',#2442);
#723=VERTEX_POINT('',#2444);
#724=VERTEX_POINT('',#2446);
#725=VERTEX_POINT('',#2448);
#726=VERTEX_POINT('',#2450);
#727=VERTEX_POINT('',#2452);
#728=VERTEX_POINT('',#2454);
#729=VERTEX_POINT('',#2457);
#730=VERTEX_POINT('',#2458);
#731=VERTEX_POINT('',#2460);
#732=VERTEX_POINT('',#2462);
#733=VERTEX_POINT('',#2464);
#734=VERTEX_POINT('',#2466);
#735=VERTEX_POINT('',#2468);
#736=VERTEX_POINT('',#2470);
#737=VERTEX_POINT('',#2474);
#738=VERTEX_POINT('',#2475);
#739=VERTEX_POINT('',#2480);
#740=VERTEX_POINT('',#2484);
#741=VERTEX_POINT('',#2488);
#742=VERTEX_POINT('',#2492);
#743=VERTEX_POINT('',#2498);
#744=VERTEX_POINT('',#2499);
#745=VERTEX_POINT('',#2504);
#746=VERTEX_POINT('',#2508);
#747=VERTEX_POINT('',#2512);
#748=VERTEX_POINT('',#2516);
#749=VERTEX_POINT('',#2522);
#750=VERTEX_POINT('',#2523);
#751=VERTEX_POINT('',#2528);
#752=VERTEX_POINT('',#2532);
#753=VERTEX_POINT('',#2536);
#754=VERTEX_POINT('',#2540);
#755=VERTEX_POINT('',#2546);
#756=VERTEX_POINT('',#2547);
#757=VERTEX_POINT('',#2552);
#758=VERTEX_POINT('',#2556);
#759=VERTEX_POINT('',#2560);
#760=VERTEX_POINT('',#2564);
#761=VERTEX_POINT('',#2570);
#762=VERTEX_POINT('',#2571);
#763=VERTEX_POINT('',#2576);
#764=VERTEX_POINT('',#2580);
#765=VERTEX_POINT('',#2582);
#766=VERTEX_POINT('',#2586);
#767=VERTEX_POINT('',#2590);
#768=VERTEX_POINT('',#2594);
#769=VERTEX_POINT('',#2595);
#770=VERTEX_POINT('',#2600);
#771=VERTEX_POINT('',#2604);
#772=VERTEX_POINT('',#2608);
#773=VERTEX_POINT('',#2609);
#774=VERTEX_POINT('',#2614);
#775=VERTEX_POINT('',#2620);
#776=VERTEX_POINT('',#2624);
#777=VERTEX_POINT('',#2626);
#778=VERTEX_POINT('',#2630);
#779=VERTEX_POINT('',#2632);
#780=VERTEX_POINT('',#2634);
#781=VERTEX_POINT('',#2636);
#782=VERTEX_POINT('',#2638);
#783=VERTEX_POINT('',#2640);
#784=VERTEX_POINT('',#2642);
#785=VERTEX_POINT('',#2648);
#786=VERTEX_POINT('',#2650);
#787=VERTEX_POINT('',#2658);
#788=VERTEX_POINT('',#2661);
#789=VERTEX_POINT('',#2663);
#790=VERTEX_POINT('',#2665);
#791=VERTEX_POINT('',#2667);
#792=VERTEX_POINT('',#2669);
#793=VERTEX_POINT('',#2670);
#794=VERTEX_POINT('',#2672);
#795=VERTEX_POINT('',#2674);
#796=VERTEX_POINT('',#2676);
#797=VERTEX_POINT('',#2678);
#798=VERTEX_POINT('',#2680);
#799=VERTEX_POINT('',#2682);
#800=VERTEX_POINT('',#2686);
#801=VERTEX_POINT('',#2687);
#802=VERTEX_POINT('',#2692);
#803=VERTEX_POINT('',#2696);
#804=VERTEX_POINT('',#2700);
#805=VERTEX_POINT('',#2704);
#806=VERTEX_POINT('',#2708);
#807=VERTEX_POINT('',#2712);
#808=VERTEX_POINT('',#2736);
#809=VERTEX_POINT('',#2740);
#810=VERTEX_POINT('',#2746);
#811=VERTEX_POINT('',#2748);
#812=VERTEX_POINT('',#2752);
#813=VERTEX_POINT('',#2756);
#814=VERTEX_POINT('',#2760);
#815=VERTEX_POINT('',#2768);
#816=VERTEX_POINT('',#2770);
#817=VERTEX_POINT('',#2774);
#818=VERTEX_POINT('',#2776);
#819=VERTEX_POINT('',#2783);
#820=VERTEX_POINT('',#2785);
#821=VERTEX_POINT('',#2792);
#822=VERTEX_POINT('',#2794);
#823=VERTEX_POINT('',#2801);
#824=VERTEX_POINT('',#2803);
#825=EDGE_CURVE('',#669,#670,#577,.T.);
#826=EDGE_CURVE('',#670,#671,#293,.T.);
#827=EDGE_CURVE('',#671,#672,#578,.T.);
#828=EDGE_CURVE('',#672,#673,#579,.T.);
#829=EDGE_CURVE('',#673,#674,#294,.T.);
#830=EDGE_CURVE('',#674,#675,#580,.T.);
#831=EDGE_CURVE('',#675,#676,#295,.T.);
#832=EDGE_CURVE('',#676,#677,#581,.T.);
#833=EDGE_CURVE('',#677,#678,#296,.T.);
#834=EDGE_CURVE('',#678,#679,#582,.T.);
#835=EDGE_CURVE('',#679,#680,#583,.T.);
#836=EDGE_CURVE('',#680,#681,#297,.T.);
#837=EDGE_CURVE('',#681,#682,#584,.T.);
#838=EDGE_CURVE('',#682,#683,#585,.T.);
#839=EDGE_CURVE('',#683,#684,#298,.T.);
#840=EDGE_CURVE('',#684,#685,#586,.T.);
#841=EDGE_CURVE('',#685,#686,#299,.T.);
#842=EDGE_CURVE('',#686,#687,#587,.T.);
#843=EDGE_CURVE('',#687,#688,#300,.T.);
#844=EDGE_CURVE('',#688,#669,#588,.T.);
#845=EDGE_CURVE('',#689,#690,#301,.T.);
#846=EDGE_CURVE('',#690,#691,#589,.T.);
#847=EDGE_CURVE('',#691,#692,#302,.T.);
#848=EDGE_CURVE('',#692,#693,#590,.T.);
#849=EDGE_CURVE('',#693,#694,#303,.T.);
#850=EDGE_CURVE('',#694,#689,#591,.T.);
#851=EDGE_CURVE('',#695,#696,#304,.T.);
#852=EDGE_CURVE('',#696,#697,#592,.T.);
#853=EDGE_CURVE('',#697,#698,#305,.T.);
#854=EDGE_CURVE('',#698,#699,#593,.T.);
#855=EDGE_CURVE('',#699,#700,#306,.T.);
#856=EDGE_CURVE('',#700,#695,#594,.T.);
#857=EDGE_CURVE('',#701,#702,#307,.T.);
#858=EDGE_CURVE('',#702,#703,#595,.T.);
#859=EDGE_CURVE('',#703,#704,#308,.T.);
#860=EDGE_CURVE('',#704,#705,#596,.T.);
#861=EDGE_CURVE('',#705,#706,#309,.T.);
#862=EDGE_CURVE('',#706,#701,#597,.T.);
#863=EDGE_CURVE('',#707,#708,#310,.T.);
#864=EDGE_CURVE('',#708,#709,#598,.T.);
#865=EDGE_CURVE('',#709,#710,#311,.T.);
#866=EDGE_CURVE('',#710,#711,#599,.T.);
#867=EDGE_CURVE('',#711,#712,#312,.T.);
#868=EDGE_CURVE('',#712,#707,#600,.T.);
#869=EDGE_CURVE('',#713,#713,#601,.T.);
#870=EDGE_CURVE('',#714,#714,#602,.T.);
#871=EDGE_CURVE('',#715,#715,#603,.T.);
#872=EDGE_CURVE('',#716,#716,#604,.T.);
#873=EDGE_CURVE('',#717,#717,#605,.T.);
#874=EDGE_CURVE('',#718,#718,#606,.T.);
#875=EDGE_CURVE('',#719,#719,#607,.T.);
#876=EDGE_CURVE('',#720,#720,#608,.T.);
#877=EDGE_CURVE('',#721,#722,#313,.T.);
#878=EDGE_CURVE('',#722,#723,#609,.T.);
#879=EDGE_CURVE('',#723,#724,#314,.T.);
#880=EDGE_CURVE('',#724,#725,#610,.T.);
#881=EDGE_CURVE('',#725,#726,#315,.T.);
#882=EDGE_CURVE('',#726,#727,#611,.T.);
#883=EDGE_CURVE('',#727,#728,#316,.T.);
#884=EDGE_CURVE('',#728,#721,#612,.T.);
#885=EDGE_CURVE('',#729,#730,#317,.T.);
#886=EDGE_CURVE('',#730,#731,#613,.T.);
#887=EDGE_CURVE('',#731,#732,#318,.T.);
#888=EDGE_CURVE('',#732,#733,#614,.T.);
#889=EDGE_CURVE('',#733,#734,#319,.T.);
#890=EDGE_CURVE('',#734,#735,#615,.T.);
#891=EDGE_CURVE('',#735,#736,#320,.T.);
#892=EDGE_CURVE('',#736,#729,#616,.T.);
#893=EDGE_CURVE('',#737,#738,#321,.T.);
#894=EDGE_CURVE('',#737,#690,#322,.T.);
#895=EDGE_CURVE('',#738,#689,#323,.T.);
#896=EDGE_CURVE('',#739,#737,#617,.T.);
#897=EDGE_CURVE('',#739,#691,#324,.T.);
#898=EDGE_CURVE('',#740,#739,#325,.T.);
#899=EDGE_CURVE('',#740,#692,#326,.T.);
#900=EDGE_CURVE('',#741,#740,#618,.T.);
#901=EDGE_CURVE('',#741,#693,#327,.T.);
#902=EDGE_CURVE('',#742,#741,#328,.T.);
#903=EDGE_CURVE('',#742,#694,#329,.T.);
#904=EDGE_CURVE('',#738,#742,#619,.T.);
#905=EDGE_CURVE('',#743,#744,#330,.T.);
#906=EDGE_CURVE('',#743,#696,#331,.T.);
#907=EDGE_CURVE('',#744,#695,#332,.T.);
#908=EDGE_CURVE('',#745,#743,#620,.T.);
#909=EDGE_CURVE('',#745,#697,#333,.T.);
#910=EDGE_CURVE('',#746,#745,#334,.T.);
#911=EDGE_CURVE('',#746,#698,#335,.T.);
#912=EDGE_CURVE('',#747,#746,#621,.T.);
#913=EDGE_CURVE('',#747,#699,#336,.T.);
#914=EDGE_CURVE('',#748,#747,#337,.T.);
#915=EDGE_CURVE('',#748,#700,#338,.T.);
#916=EDGE_CURVE('',#744,#748,#622,.T.);
#917=EDGE_CURVE('',#749,#750,#339,.T.);
#918=EDGE_CURVE('',#749,#702,#340,.T.);
#919=EDGE_CURVE('',#750,#701,#341,.T.);
#920=EDGE_CURVE('',#751,#749,#623,.T.);
#921=EDGE_CURVE('',#751,#703,#342,.T.);
#922=EDGE_CURVE('',#752,#751,#343,.T.);
#923=EDGE_CURVE('',#752,#704,#344,.T.);
#924=EDGE_CURVE('',#753,#752,#624,.T.);
#925=EDGE_CURVE('',#753,#705,#345,.T.);
#926=EDGE_CURVE('',#754,#753,#346,.T.);
#927=EDGE_CURVE('',#754,#706,#347,.T.);
#928=EDGE_CURVE('',#750,#754,#625,.T.);
#929=EDGE_CURVE('',#755,#756,#348,.T.);
#930=EDGE_CURVE('',#755,#708,#349,.T.);
#931=EDGE_CURVE('',#756,#707,#350,.T.);
#932=EDGE_CURVE('',#757,#755,#626,.T.);
#933=EDGE_CURVE('',#757,#709,#351,.T.);
#934=EDGE_CURVE('',#758,#757,#352,.T.);
#935=EDGE_CURVE('',#758,#710,#353,.T.);
#936=EDGE_CURVE('',#759,#758,#627,.T.);
#937=EDGE_CURVE('',#759,#711,#354,.T.);
#938=EDGE_CURVE('',#760,#759,#355,.T.);
#939=EDGE_CURVE('',#760,#712,#356,.T.);
#940=EDGE_CURVE('',#756,#760,#628,.T.);
#941=EDGE_CURVE('',#761,#762,#629,.T.);
#942=EDGE_CURVE('',#669,#762,#357,.T.);
#943=EDGE_CURVE('',#688,#761,#358,.T.);
#944=EDGE_CURVE('',#762,#763,#630,.T.);
#945=EDGE_CURVE('',#763,#670,#359,.T.);
#946=EDGE_CURVE('',#671,#764,#360,.T.);
#947=EDGE_CURVE('',#764,#765,#631,.T.);
#948=EDGE_CURVE('',#672,#765,#361,.T.);
#949=EDGE_CURVE('',#765,#766,#632,.T.);
#950=EDGE_CURVE('',#766,#673,#362,.T.);
#951=EDGE_CURVE('',#767,#766,#363,.T.);
#952=EDGE_CURVE('',#674,#767,#364,.T.);
#953=EDGE_CURVE('',#768,#769,#633,.T.);
#954=EDGE_CURVE('',#769,#680,#365,.T.);
#955=EDGE_CURVE('',#768,#679,#366,.T.);
#956=EDGE_CURVE('',#770,#769,#367,.T.);
#957=EDGE_CURVE('',#681,#770,#368,.T.);
#958=EDGE_CURVE('',#771,#768,#634,.T.);
#959=EDGE_CURVE('',#678,#771,#369,.T.);
#960=EDGE_CURVE('',#772,#773,#635,.T.);
#961=EDGE_CURVE('',#773,#683,#370,.T.);
#962=EDGE_CURVE('',#772,#682,#371,.T.);
#963=EDGE_CURVE('',#774,#773,#372,.T.);
#964=EDGE_CURVE('',#684,#774,#373,.T.);
#965=EDGE_CURVE('',#770,#772,#636,.T.);
#966=EDGE_CURVE('',#774,#775,#637,.T.);
#967=EDGE_CURVE('',#775,#685,#374,.T.);
#968=EDGE_CURVE('',#676,#776,#375,.T.);
#969=EDGE_CURVE('',#776,#777,#638,.T.);
#970=EDGE_CURVE('',#777,#677,#376,.T.);
#971=EDGE_CURVE('',#778,#675,#377,.T.);
#972=EDGE_CURVE('',#779,#778,#378,.T.);
#973=EDGE_CURVE('',#779,#780,#379,.T.);
#974=EDGE_CURVE('',#781,#780,#639,.T.);
#975=EDGE_CURVE('',#781,#782,#380,.T.);
#976=EDGE_CURVE('',#783,#782,#640,.T.);
#977=EDGE_CURVE('',#783,#784,#381,.T.);
#978=EDGE_CURVE('',#776,#784,#382,.T.);
#979=EDGE_CURVE('',#767,#778,#641,.T.);
#980=EDGE_CURVE('',#686,#785,#383,.T.);
#981=EDGE_CURVE('',#785,#786,#642,.T.);
#982=EDGE_CURVE('',#786,#687,#384,.T.);
#983=EDGE_CURVE('',#761,#786,#385,.T.);
#984=EDGE_CURVE('',#771,#777,#386,.T.);
#985=EDGE_CURVE('',#784,#787,#387,.T.);
#986=EDGE_CURVE('',#787,#775,#388,.T.);
#987=EDGE_CURVE('',#788,#788,#643,.T.);
#988=EDGE_CURVE('',#789,#789,#644,.T.);
#989=EDGE_CURVE('',#790,#790,#645,.T.);
#990=EDGE_CURVE('',#791,#791,#646,.T.);
#991=EDGE_CURVE('',#792,#793,#389,.T.);
#992=EDGE_CURVE('',#793,#794,#647,.T.);
#993=EDGE_CURVE('',#794,#795,#390,.T.);
#994=EDGE_CURVE('',#795,#796,#648,.T.);
#995=EDGE_CURVE('',#796,#797,#391,.T.);
#996=EDGE_CURVE('',#797,#798,#649,.T.);
#997=EDGE_CURVE('',#798,#799,#392,.T.);
#998=EDGE_CURVE('',#799,#792,#650,.T.);
#999=EDGE_CURVE('',#800,#801,#393,.T.);
#1000=EDGE_CURVE('',#800,#730,#394,.T.);
#1001=EDGE_CURVE('',#801,#729,#395,.T.);
#1002=EDGE_CURVE('',#802,#800,#651,.T.);
#1003=EDGE_CURVE('',#802,#731,#396,.T.);
#1004=EDGE_CURVE('',#803,#802,#397,.T.);
#1005=EDGE_CURVE('',#803,#732,#398,.T.);
#1006=EDGE_CURVE('',#804,#803,#652,.T.);
#1007=EDGE_CURVE('',#804,#733,#399,.T.);
#1008=EDGE_CURVE('',#805,#804,#400,.T.);
#1009=EDGE_CURVE('',#805,#734,#401,.T.);
#1010=EDGE_CURVE('',#806,#805,#653,.T.);
#1011=EDGE_CURVE('',#806,#735,#402,.T.);
#1012=EDGE_CURVE('',#807,#806,#403,.T.);
#1013=EDGE_CURVE('',#807,#736,#404,.T.);
#1014=EDGE_CURVE('',#801,#807,#654,.T.);
#1015=EDGE_CURVE('',#792,#722,#405,.T.);
#1016=EDGE_CURVE('',#793,#721,#406,.T.);
#1017=EDGE_CURVE('',#799,#723,#407,.T.);
#1018=EDGE_CURVE('',#798,#724,#408,.T.);
#1019=EDGE_CURVE('',#797,#725,#409,.T.);
#1020=EDGE_CURVE('',#796,#726,#410,.T.);
#1021=EDGE_CURVE('',#795,#727,#411,.T.);
#1022=EDGE_CURVE('',#794,#728,#412,.T.);
#1023=EDGE_CURVE('',#791,#720,#413,.T.);
#1024=EDGE_CURVE('',#808,#808,#655,.T.);
#1025=EDGE_CURVE('',#808,#719,#414,.T.);
#1026=EDGE_CURVE('',#809,#809,#656,.T.);
#1027=EDGE_CURVE('',#809,#718,#415,.T.);
#1028=EDGE_CURVE('',#790,#717,#416,.T.);
#1029=EDGE_CURVE('',#782,#810,#417,.T.);
#1030=EDGE_CURVE('',#810,#811,#657,.T.);
#1031=EDGE_CURVE('',#811,#783,#418,.T.);
#1032=EDGE_CURVE('',#812,#781,#419,.T.);
#1033=EDGE_CURVE('',#810,#812,#420,.T.);
#1034=EDGE_CURVE('',#813,#812,#658,.T.);
#1035=EDGE_CURVE('',#780,#813,#421,.T.);
#1036=EDGE_CURVE('',#814,#779,#422,.T.);
#1037=EDGE_CURVE('',#813,#814,#423,.T.);
#1038=EDGE_CURVE('',#787,#811,#424,.T.);
#1039=EDGE_CURVE('',#785,#814,#425,.T.);
#1040=EDGE_CURVE('',#764,#763,#426,.T.);
#1041=EDGE_CURVE('',#815,#815,#659,.T.);
#1042=EDGE_CURVE('',#816,#816,#660,.T.);
#1043=EDGE_CURVE('',#817,#817,#661,.T.);
#1044=EDGE_CURVE('',#818,#818,#662,.T.);
#1045=EDGE_CURVE('',#788,#817,#427,.T.);
#1046=EDGE_CURVE('',#818,#716,#428,.T.);
#1047=EDGE_CURVE('',#819,#819,#663,.T.);
#1048=EDGE_CURVE('',#820,#820,#664,.T.);
#1049=EDGE_CURVE('',#815,#819,#429,.T.);
#1050=EDGE_CURVE('',#820,#715,#430,.T.);
#1051=EDGE_CURVE('',#821,#821,#665,.T.);
#1052=EDGE_CURVE('',#822,#822,#666,.T.);
#1053=EDGE_CURVE('',#816,#821,#431,.T.);
#1054=EDGE_CURVE('',#822,#714,#432,.T.);
#1055=EDGE_CURVE('',#823,#823,#667,.T.);
#1056=EDGE_CURVE('',#824,#824,#668,.T.);
#1057=EDGE_CURVE('',#789,#823,#433,.T.);
#1058=EDGE_CURVE('',#824,#713,#434,.T.);
#1059=ORIENTED_EDGE('',*,*,#825,.T.);
#1060=ORIENTED_EDGE('',*,*,#826,.T.);
#1061=ORIENTED_EDGE('',*,*,#827,.T.);
#1062=ORIENTED_EDGE('',*,*,#828,.T.);
#1063=ORIENTED_EDGE('',*,*,#829,.T.);
#1064=ORIENTED_EDGE('',*,*,#830,.T.);
#1065=ORIENTED_EDGE('',*,*,#831,.T.);
#1066=ORIENTED_EDGE('',*,*,#832,.T.);
#1067=ORIENTED_EDGE('',*,*,#833,.T.);
#1068=ORIENTED_EDGE('',*,*,#834,.T.);
#1069=ORIENTED_EDGE('',*,*,#835,.T.);
#1070=ORIENTED_EDGE('',*,*,#836,.T.);
#1071=ORIENTED_EDGE('',*,*,#837,.T.);
#1072=ORIENTED_EDGE('',*,*,#838,.T.);
#1073=ORIENTED_EDGE('',*,*,#839,.T.);
#1074=ORIENTED_EDGE('',*,*,#840,.T.);
#1075=ORIENTED_EDGE('',*,*,#841,.T.);
#1076=ORIENTED_EDGE('',*,*,#842,.T.);
#1077=ORIENTED_EDGE('',*,*,#843,.T.);
#1078=ORIENTED_EDGE('',*,*,#844,.T.);
#1079=ORIENTED_EDGE('',*,*,#845,.T.);
#1080=ORIENTED_EDGE('',*,*,#846,.T.);
#1081=ORIENTED_EDGE('',*,*,#847,.T.);
#1082=ORIENTED_EDGE('',*,*,#848,.T.);
#1083=ORIENTED_EDGE('',*,*,#849,.T.);
#1084=ORIENTED_EDGE('',*,*,#850,.T.);
#1085=ORIENTED_EDGE('',*,*,#851,.T.);
#1086=ORIENTED_EDGE('',*,*,#852,.T.);
#1087=ORIENTED_EDGE('',*,*,#853,.T.);
#1088=ORIENTED_EDGE('',*,*,#854,.T.);
#1089=ORIENTED_EDGE('',*,*,#855,.T.);
#1090=ORIENTED_EDGE('',*,*,#856,.T.);
#1091=ORIENTED_EDGE('',*,*,#857,.T.);
#1092=ORIENTED_EDGE('',*,*,#858,.T.);
#1093=ORIENTED_EDGE('',*,*,#859,.T.);
#1094=ORIENTED_EDGE('',*,*,#860,.T.);
#1095=ORIENTED_EDGE('',*,*,#861,.T.);
#1096=ORIENTED_EDGE('',*,*,#862,.T.);
#1097=ORIENTED_EDGE('',*,*,#863,.T.);
#1098=ORIENTED_EDGE('',*,*,#864,.T.);
#1099=ORIENTED_EDGE('',*,*,#865,.T.);
#1100=ORIENTED_EDGE('',*,*,#866,.T.);
#1101=ORIENTED_EDGE('',*,*,#867,.T.);
#1102=ORIENTED_EDGE('',*,*,#868,.T.);
#1103=ORIENTED_EDGE('',*,*,#869,.T.);
#1104=ORIENTED_EDGE('',*,*,#870,.T.);
#1105=ORIENTED_EDGE('',*,*,#871,.T.);
#1106=ORIENTED_EDGE('',*,*,#872,.T.);
#1107=ORIENTED_EDGE('',*,*,#873,.T.);
#1108=ORIENTED_EDGE('',*,*,#874,.T.);
#1109=ORIENTED_EDGE('',*,*,#875,.T.);
#1110=ORIENTED_EDGE('',*,*,#876,.T.);
#1111=ORIENTED_EDGE('',*,*,#877,.T.);
#1112=ORIENTED_EDGE('',*,*,#878,.T.);
#1113=ORIENTED_EDGE('',*,*,#879,.T.);
#1114=ORIENTED_EDGE('',*,*,#880,.T.);
#1115=ORIENTED_EDGE('',*,*,#881,.T.);
#1116=ORIENTED_EDGE('',*,*,#882,.T.);
#1117=ORIENTED_EDGE('',*,*,#883,.T.);
#1118=ORIENTED_EDGE('',*,*,#884,.T.);
#1119=ORIENTED_EDGE('',*,*,#885,.T.);
#1120=ORIENTED_EDGE('',*,*,#886,.T.);
#1121=ORIENTED_EDGE('',*,*,#887,.T.);
#1122=ORIENTED_EDGE('',*,*,#888,.T.);
#1123=ORIENTED_EDGE('',*,*,#889,.T.);
#1124=ORIENTED_EDGE('',*,*,#890,.T.);
#1125=ORIENTED_EDGE('',*,*,#891,.T.);
#1126=ORIENTED_EDGE('',*,*,#892,.T.);
#1127=ORIENTED_EDGE('',*,*,#893,.F.);
#1128=ORIENTED_EDGE('',*,*,#894,.T.);
#1129=ORIENTED_EDGE('',*,*,#845,.F.);
#1130=ORIENTED_EDGE('',*,*,#895,.F.);
#1131=ORIENTED_EDGE('',*,*,#896,.F.);
#1132=ORIENTED_EDGE('',*,*,#897,.T.);
#1133=ORIENTED_EDGE('',*,*,#846,.F.);
#1134=ORIENTED_EDGE('',*,*,#894,.F.);
#1135=ORIENTED_EDGE('',*,*,#898,.F.);
#1136=ORIENTED_EDGE('',*,*,#899,.T.);
#1137=ORIENTED_EDGE('',*,*,#847,.F.);
#1138=ORIENTED_EDGE('',*,*,#897,.F.);
#1139=ORIENTED_EDGE('',*,*,#900,.F.);
#1140=ORIENTED_EDGE('',*,*,#901,.T.);
#1141=ORIENTED_EDGE('',*,*,#848,.F.);
#1142=ORIENTED_EDGE('',*,*,#899,.F.);
#1143=ORIENTED_EDGE('',*,*,#902,.F.);
#1144=ORIENTED_EDGE('',*,*,#903,.T.);
#1145=ORIENTED_EDGE('',*,*,#849,.F.);
#1146=ORIENTED_EDGE('',*,*,#901,.F.);
#1147=ORIENTED_EDGE('',*,*,#904,.F.);
#1148=ORIENTED_EDGE('',*,*,#895,.T.);
#1149=ORIENTED_EDGE('',*,*,#850,.F.);
#1150=ORIENTED_EDGE('',*,*,#903,.F.);
#1151=ORIENTED_EDGE('',*,*,#905,.F.);
#1152=ORIENTED_EDGE('',*,*,#906,.T.);
#1153=ORIENTED_EDGE('',*,*,#851,.F.);
#1154=ORIENTED_EDGE('',*,*,#907,.F.);
#1155=ORIENTED_EDGE('',*,*,#908,.F.);
#1156=ORIENTED_EDGE('',*,*,#909,.T.);
#1157=ORIENTED_EDGE('',*,*,#852,.F.);
#1158=ORIENTED_EDGE('',*,*,#906,.F.);
#1159=ORIENTED_EDGE('',*,*,#910,.F.);
#1160=ORIENTED_EDGE('',*,*,#911,.T.);
#1161=ORIENTED_EDGE('',*,*,#853,.F.);
#1162=ORIENTED_EDGE('',*,*,#909,.F.);
#1163=ORIENTED_EDGE('',*,*,#912,.F.);
#1164=ORIENTED_EDGE('',*,*,#913,.T.);
#1165=ORIENTED_EDGE('',*,*,#854,.F.);
#1166=ORIENTED_EDGE('',*,*,#911,.F.);
#1167=ORIENTED_EDGE('',*,*,#914,.F.);
#1168=ORIENTED_EDGE('',*,*,#915,.T.);
#1169=ORIENTED_EDGE('',*,*,#855,.F.);
#1170=ORIENTED_EDGE('',*,*,#913,.F.);
#1171=ORIENTED_EDGE('',*,*,#916,.F.);
#1172=ORIENTED_EDGE('',*,*,#907,.T.);
#1173=ORIENTED_EDGE('',*,*,#856,.F.);
#1174=ORIENTED_EDGE('',*,*,#915,.F.);
#1175=ORIENTED_EDGE('',*,*,#917,.F.);
#1176=ORIENTED_EDGE('',*,*,#918,.T.);
#1177=ORIENTED_EDGE('',*,*,#857,.F.);
#1178=ORIENTED_EDGE('',*,*,#919,.F.);
#1179=ORIENTED_EDGE('',*,*,#920,.F.);
#1180=ORIENTED_EDGE('',*,*,#921,.T.);
#1181=ORIENTED_EDGE('',*,*,#858,.F.);
#1182=ORIENTED_EDGE('',*,*,#918,.F.);
#1183=ORIENTED_EDGE('',*,*,#922,.F.);
#1184=ORIENTED_EDGE('',*,*,#923,.T.);
#1185=ORIENTED_EDGE('',*,*,#859,.F.);
#1186=ORIENTED_EDGE('',*,*,#921,.F.);
#1187=ORIENTED_EDGE('',*,*,#924,.F.);
#1188=ORIENTED_EDGE('',*,*,#925,.T.);
#1189=ORIENTED_EDGE('',*,*,#860,.F.);
#1190=ORIENTED_EDGE('',*,*,#923,.F.);
#1191=ORIENTED_EDGE('',*,*,#926,.F.);
#1192=ORIENTED_EDGE('',*,*,#927,.T.);
#1193=ORIENTED_EDGE('',*,*,#861,.F.);
#1194=ORIENTED_EDGE('',*,*,#925,.F.);
#1195=ORIENTED_EDGE('',*,*,#928,.F.);
#1196=ORIENTED_EDGE('',*,*,#919,.T.);
#1197=ORIENTED_EDGE('',*,*,#862,.F.);
#1198=ORIENTED_EDGE('',*,*,#927,.F.);
#1199=ORIENTED_EDGE('',*,*,#929,.F.);
#1200=ORIENTED_EDGE('',*,*,#930,.T.);
#1201=ORIENTED_EDGE('',*,*,#863,.F.);
#1202=ORIENTED_EDGE('',*,*,#931,.F.);
#1203=ORIENTED_EDGE('',*,*,#932,.F.);
#1204=ORIENTED_EDGE('',*,*,#933,.T.);
#1205=ORIENTED_EDGE('',*,*,#864,.F.);
#1206=ORIENTED_EDGE('',*,*,#930,.F.);
#1207=ORIENTED_EDGE('',*,*,#934,.F.);
#1208=ORIENTED_EDGE('',*,*,#935,.T.);
#1209=ORIENTED_EDGE('',*,*,#865,.F.);
#1210=ORIENTED_EDGE('',*,*,#933,.F.);
#1211=ORIENTED_EDGE('',*,*,#936,.F.);
#1212=ORIENTED_EDGE('',*,*,#937,.T.);
#1213=ORIENTED_EDGE('',*,*,#866,.F.);
#1214=ORIENTED_EDGE('',*,*,#935,.F.);
#1215=ORIENTED_EDGE('',*,*,#938,.F.);
#1216=ORIENTED_EDGE('',*,*,#939,.T.);
#1217=ORIENTED_EDGE('',*,*,#867,.F.);
#1218=ORIENTED_EDGE('',*,*,#937,.F.);
#1219=ORIENTED_EDGE('',*,*,#940,.F.);
#1220=ORIENTED_EDGE('',*,*,#931,.T.);
#1221=ORIENTED_EDGE('',*,*,#868,.F.);
#1222=ORIENTED_EDGE('',*,*,#939,.F.);
#1223=ORIENTED_EDGE('',*,*,#941,.T.);
#1224=ORIENTED_EDGE('',*,*,#942,.F.);
#1225=ORIENTED_EDGE('',*,*,#844,.F.);
#1226=ORIENTED_EDGE('',*,*,#943,.T.);
#1227=ORIENTED_EDGE('',*,*,#944,.T.);
#1228=ORIENTED_EDGE('',*,*,#945,.T.);
#1229=ORIENTED_EDGE('',*,*,#825,.F.);
#1230=ORIENTED_EDGE('',*,*,#942,.T.);
#1231=ORIENTED_EDGE('',*,*,#946,.T.);
#1232=ORIENTED_EDGE('',*,*,#947,.T.);
#1233=ORIENTED_EDGE('',*,*,#948,.F.);
#1234=ORIENTED_EDGE('',*,*,#827,.F.);
#1235=ORIENTED_EDGE('',*,*,#949,.T.);
#1236=ORIENTED_EDGE('',*,*,#950,.T.);
#1237=ORIENTED_EDGE('',*,*,#828,.F.);
#1238=ORIENTED_EDGE('',*,*,#948,.T.);
#1239=ORIENTED_EDGE('',*,*,#950,.F.);
#1240=ORIENTED_EDGE('',*,*,#951,.F.);
#1241=ORIENTED_EDGE('',*,*,#952,.F.);
#1242=ORIENTED_EDGE('',*,*,#829,.F.);
#1243=ORIENTED_EDGE('',*,*,#953,.T.);
#1244=ORIENTED_EDGE('',*,*,#954,.T.);
#1245=ORIENTED_EDGE('',*,*,#835,.F.);
#1246=ORIENTED_EDGE('',*,*,#955,.F.);
#1247=ORIENTED_EDGE('',*,*,#954,.F.);
#1248=ORIENTED_EDGE('',*,*,#956,.F.);
#1249=ORIENTED_EDGE('',*,*,#957,.F.);
#1250=ORIENTED_EDGE('',*,*,#836,.F.);
#1251=ORIENTED_EDGE('',*,*,#958,.T.);
#1252=ORIENTED_EDGE('',*,*,#955,.T.);
#1253=ORIENTED_EDGE('',*,*,#834,.F.);
#1254=ORIENTED_EDGE('',*,*,#959,.T.);
#1255=ORIENTED_EDGE('',*,*,#960,.T.);
#1256=ORIENTED_EDGE('',*,*,#961,.T.);
#1257=ORIENTED_EDGE('',*,*,#838,.F.);
#1258=ORIENTED_EDGE('',*,*,#962,.F.);
#1259=ORIENTED_EDGE('',*,*,#961,.F.);
#1260=ORIENTED_EDGE('',*,*,#963,.F.);
#1261=ORIENTED_EDGE('',*,*,#964,.F.);
#1262=ORIENTED_EDGE('',*,*,#839,.F.);
#1263=ORIENTED_EDGE('',*,*,#957,.T.);
#1264=ORIENTED_EDGE('',*,*,#965,.T.);
#1265=ORIENTED_EDGE('',*,*,#962,.T.);
#1266=ORIENTED_EDGE('',*,*,#837,.F.);
#1267=ORIENTED_EDGE('',*,*,#966,.T.);
#1268=ORIENTED_EDGE('',*,*,#967,.T.);
#1269=ORIENTED_EDGE('',*,*,#840,.F.);
#1270=ORIENTED_EDGE('',*,*,#964,.T.);
#1271=ORIENTED_EDGE('',*,*,#968,.T.);
#1272=ORIENTED_EDGE('',*,*,#969,.T.);
#1273=ORIENTED_EDGE('',*,*,#970,.T.);
#1274=ORIENTED_EDGE('',*,*,#832,.F.);
#1275=ORIENTED_EDGE('',*,*,#968,.F.);
#1276=ORIENTED_EDGE('',*,*,#831,.F.);
#1277=ORIENTED_EDGE('',*,*,#971,.F.);
#1278=ORIENTED_EDGE('',*,*,#972,.F.);
#1279=ORIENTED_EDGE('',*,*,#973,.T.);
#1280=ORIENTED_EDGE('',*,*,#974,.F.);
#1281=ORIENTED_EDGE('',*,*,#975,.T.);
#1282=ORIENTED_EDGE('',*,*,#976,.F.);
#1283=ORIENTED_EDGE('',*,*,#977,.T.);
#1284=ORIENTED_EDGE('',*,*,#978,.F.);
#1285=ORIENTED_EDGE('',*,*,#979,.T.);
#1286=ORIENTED_EDGE('',*,*,#971,.T.);
#1287=ORIENTED_EDGE('',*,*,#830,.F.);
#1288=ORIENTED_EDGE('',*,*,#952,.T.);
#1289=ORIENTED_EDGE('',*,*,#980,.T.);
#1290=ORIENTED_EDGE('',*,*,#981,.T.);
#1291=ORIENTED_EDGE('',*,*,#982,.T.);
#1292=ORIENTED_EDGE('',*,*,#842,.F.);
#1293=ORIENTED_EDGE('',*,*,#943,.F.);
#1294=ORIENTED_EDGE('',*,*,#843,.F.);
#1295=ORIENTED_EDGE('',*,*,#982,.F.);
#1296=ORIENTED_EDGE('',*,*,#983,.F.);
#1297=ORIENTED_EDGE('',*,*,#959,.F.);
#1298=ORIENTED_EDGE('',*,*,#833,.F.);
#1299=ORIENTED_EDGE('',*,*,#970,.F.);
#1300=ORIENTED_EDGE('',*,*,#984,.F.);
#1301=ORIENTED_EDGE('',*,*,#953,.F.);
#1302=ORIENTED_EDGE('',*,*,#958,.F.);
#1303=ORIENTED_EDGE('',*,*,#984,.T.);
#1304=ORIENTED_EDGE('',*,*,#969,.F.);
#1305=ORIENTED_EDGE('',*,*,#978,.T.);
#1306=ORIENTED_EDGE('',*,*,#985,.T.);
#1307=ORIENTED_EDGE('',*,*,#986,.T.);
#1308=ORIENTED_EDGE('',*,*,#966,.F.);
#1309=ORIENTED_EDGE('',*,*,#963,.T.);
#1310=ORIENTED_EDGE('',*,*,#960,.F.);
#1311=ORIENTED_EDGE('',*,*,#965,.F.);
#1312=ORIENTED_EDGE('',*,*,#956,.T.);
#1313=ORIENTED_EDGE('',*,*,#987,.T.);
#1314=ORIENTED_EDGE('',*,*,#988,.T.);
#1315=ORIENTED_EDGE('',*,*,#989,.T.);
#1316=ORIENTED_EDGE('',*,*,#990,.T.);
#1317=ORIENTED_EDGE('',*,*,#991,.T.);
#1318=ORIENTED_EDGE('',*,*,#992,.T.);
#1319=ORIENTED_EDGE('',*,*,#993,.T.);
#1320=ORIENTED_EDGE('',*,*,#994,.T.);
#1321=ORIENTED_EDGE('',*,*,#995,.T.);
#1322=ORIENTED_EDGE('',*,*,#996,.T.);
#1323=ORIENTED_EDGE('',*,*,#997,.T.);
#1324=ORIENTED_EDGE('',*,*,#998,.T.);
#1325=ORIENTED_EDGE('',*,*,#999,.F.);
#1326=ORIENTED_EDGE('',*,*,#1000,.T.);
#1327=ORIENTED_EDGE('',*,*,#885,.F.);
#1328=ORIENTED_EDGE('',*,*,#1001,.F.);
#1329=ORIENTED_EDGE('',*,*,#1002,.F.);
#1330=ORIENTED_EDGE('',*,*,#1003,.T.);
#1331=ORIENTED_EDGE('',*,*,#886,.F.);
#1332=ORIENTED_EDGE('',*,*,#1000,.F.);
#1333=ORIENTED_EDGE('',*,*,#1004,.F.);
#1334=ORIENTED_EDGE('',*,*,#1005,.T.);
#1335=ORIENTED_EDGE('',*,*,#887,.F.);
#1336=ORIENTED_EDGE('',*,*,#1003,.F.);
#1337=ORIENTED_EDGE('',*,*,#1006,.F.);
#1338=ORIENTED_EDGE('',*,*,#1007,.T.);
#1339=ORIENTED_EDGE('',*,*,#888,.F.);
#1340=ORIENTED_EDGE('',*,*,#1005,.F.);
#1341=ORIENTED_EDGE('',*,*,#1008,.F.);
#1342=ORIENTED_EDGE('',*,*,#1009,.T.);
#1343=ORIENTED_EDGE('',*,*,#889,.F.);
#1344=ORIENTED_EDGE('',*,*,#1007,.F.);
#1345=ORIENTED_EDGE('',*,*,#1010,.F.);
#1346=ORIENTED_EDGE('',*,*,#1011,.T.);
#1347=ORIENTED_EDGE('',*,*,#890,.F.);
#1348=ORIENTED_EDGE('',*,*,#1009,.F.);
#1349=ORIENTED_EDGE('',*,*,#1012,.F.);
#1350=ORIENTED_EDGE('',*,*,#1013,.T.);
#1351=ORIENTED_EDGE('',*,*,#891,.F.);
#1352=ORIENTED_EDGE('',*,*,#1011,.F.);
#1353=ORIENTED_EDGE('',*,*,#1014,.F.);
#1354=ORIENTED_EDGE('',*,*,#1001,.T.);
#1355=ORIENTED_EDGE('',*,*,#892,.F.);
#1356=ORIENTED_EDGE('',*,*,#1013,.F.);
#1357=ORIENTED_EDGE('',*,*,#991,.F.);
#1358=ORIENTED_EDGE('',*,*,#1015,.T.);
#1359=ORIENTED_EDGE('',*,*,#877,.F.);
#1360=ORIENTED_EDGE('',*,*,#1016,.F.);
#1361=ORIENTED_EDGE('',*,*,#998,.F.);
#1362=ORIENTED_EDGE('',*,*,#1017,.T.);
#1363=ORIENTED_EDGE('',*,*,#878,.F.);
#1364=ORIENTED_EDGE('',*,*,#1015,.F.);
#1365=ORIENTED_EDGE('',*,*,#997,.F.);
#1366=ORIENTED_EDGE('',*,*,#1018,.T.);
#1367=ORIENTED_EDGE('',*,*,#879,.F.);
#1368=ORIENTED_EDGE('',*,*,#1017,.F.);
#1369=ORIENTED_EDGE('',*,*,#996,.F.);
#1370=ORIENTED_EDGE('',*,*,#1019,.T.);
#1371=ORIENTED_EDGE('',*,*,#880,.F.);
#1372=ORIENTED_EDGE('',*,*,#1018,.F.);
#1373=ORIENTED_EDGE('',*,*,#995,.F.);
#1374=ORIENTED_EDGE('',*,*,#1020,.T.);
#1375=ORIENTED_EDGE('',*,*,#881,.F.);
#1376=ORIENTED_EDGE('',*,*,#1019,.F.);
#1377=ORIENTED_EDGE('',*,*,#994,.F.);
#1378=ORIENTED_EDGE('',*,*,#1021,.T.);
#1379=ORIENTED_EDGE('',*,*,#882,.F.);
#1380=ORIENTED_EDGE('',*,*,#1020,.F.);
#1381=ORIENTED_EDGE('',*,*,#993,.F.);
#1382=ORIENTED_EDGE('',*,*,#1022,.T.);
#1383=ORIENTED_EDGE('',*,*,#883,.F.);
#1384=ORIENTED_EDGE('',*,*,#1021,.F.);
#1385=ORIENTED_EDGE('',*,*,#992,.F.);
#1386=ORIENTED_EDGE('',*,*,#1016,.T.);
#1387=ORIENTED_EDGE('',*,*,#884,.F.);
#1388=ORIENTED_EDGE('',*,*,#1022,.F.);
#1389=ORIENTED_EDGE('',*,*,#990,.F.);
#1390=ORIENTED_EDGE('',*,*,#1023,.T.);
#1391=ORIENTED_EDGE('',*,*,#876,.F.);
#1392=ORIENTED_EDGE('',*,*,#1023,.F.);
#1393=ORIENTED_EDGE('',*,*,#1024,.F.);
#1394=ORIENTED_EDGE('',*,*,#1025,.T.);
#1395=ORIENTED_EDGE('',*,*,#875,.F.);
#1396=ORIENTED_EDGE('',*,*,#1025,.F.);
#1397=ORIENTED_EDGE('',*,*,#1026,.F.);
#1398=ORIENTED_EDGE('',*,*,#1027,.T.);
#1399=ORIENTED_EDGE('',*,*,#874,.F.);
#1400=ORIENTED_EDGE('',*,*,#1027,.F.);
#1401=ORIENTED_EDGE('',*,*,#989,.F.);
#1402=ORIENTED_EDGE('',*,*,#1028,.T.);
#1403=ORIENTED_EDGE('',*,*,#873,.F.);
#1404=ORIENTED_EDGE('',*,*,#1028,.F.);
#1405=ORIENTED_EDGE('',*,*,#976,.T.);
#1406=ORIENTED_EDGE('',*,*,#1029,.T.);
#1407=ORIENTED_EDGE('',*,*,#1030,.T.);
#1408=ORIENTED_EDGE('',*,*,#1031,.T.);
#1409=ORIENTED_EDGE('',*,*,#1029,.F.);
#1410=ORIENTED_EDGE('',*,*,#975,.F.);
#1411=ORIENTED_EDGE('',*,*,#1032,.F.);
#1412=ORIENTED_EDGE('',*,*,#1033,.F.);
#1413=ORIENTED_EDGE('',*,*,#893,.T.);
#1414=ORIENTED_EDGE('',*,*,#904,.T.);
#1415=ORIENTED_EDGE('',*,*,#902,.T.);
#1416=ORIENTED_EDGE('',*,*,#900,.T.);
#1417=ORIENTED_EDGE('',*,*,#898,.T.);
#1418=ORIENTED_EDGE('',*,*,#896,.T.);
#1419=ORIENTED_EDGE('',*,*,#905,.T.);
#1420=ORIENTED_EDGE('',*,*,#916,.T.);
#1421=ORIENTED_EDGE('',*,*,#914,.T.);
#1422=ORIENTED_EDGE('',*,*,#912,.T.);
#1423=ORIENTED_EDGE('',*,*,#910,.T.);
#1424=ORIENTED_EDGE('',*,*,#908,.T.);
#1425=ORIENTED_EDGE('',*,*,#917,.T.);
#1426=ORIENTED_EDGE('',*,*,#928,.T.);
#1427=ORIENTED_EDGE('',*,*,#926,.T.);
#1428=ORIENTED_EDGE('',*,*,#924,.T.);
#1429=ORIENTED_EDGE('',*,*,#922,.T.);
#1430=ORIENTED_EDGE('',*,*,#920,.T.);
#1431=ORIENTED_EDGE('',*,*,#929,.T.);
#1432=ORIENTED_EDGE('',*,*,#940,.T.);
#1433=ORIENTED_EDGE('',*,*,#938,.T.);
#1434=ORIENTED_EDGE('',*,*,#936,.T.);
#1435=ORIENTED_EDGE('',*,*,#934,.T.);
#1436=ORIENTED_EDGE('',*,*,#932,.T.);
#1437=ORIENTED_EDGE('',*,*,#1034,.T.);
#1438=ORIENTED_EDGE('',*,*,#1032,.T.);
#1439=ORIENTED_EDGE('',*,*,#974,.T.);
#1440=ORIENTED_EDGE('',*,*,#1035,.T.);
#1441=ORIENTED_EDGE('',*,*,#1035,.F.);
#1442=ORIENTED_EDGE('',*,*,#973,.F.);
#1443=ORIENTED_EDGE('',*,*,#1036,.F.);
#1444=ORIENTED_EDGE('',*,*,#1037,.F.);
#1445=ORIENTED_EDGE('',*,*,#1031,.F.);
#1446=ORIENTED_EDGE('',*,*,#1038,.F.);
#1447=ORIENTED_EDGE('',*,*,#985,.F.);
#1448=ORIENTED_EDGE('',*,*,#977,.F.);
#1449=ORIENTED_EDGE('',*,*,#944,.F.);
#1450=ORIENTED_EDGE('',*,*,#941,.F.);
#1451=ORIENTED_EDGE('',*,*,#983,.T.);
#1452=ORIENTED_EDGE('',*,*,#981,.F.);
#1453=ORIENTED_EDGE('',*,*,#1039,.T.);
#1454=ORIENTED_EDGE('',*,*,#1036,.T.);
#1455=ORIENTED_EDGE('',*,*,#972,.T.);
#1456=ORIENTED_EDGE('',*,*,#979,.F.);
#1457=ORIENTED_EDGE('',*,*,#951,.T.);
#1458=ORIENTED_EDGE('',*,*,#949,.F.);
#1459=ORIENTED_EDGE('',*,*,#947,.F.);
#1460=ORIENTED_EDGE('',*,*,#1040,.T.);
#1461=ORIENTED_EDGE('',*,*,#999,.T.);
#1462=ORIENTED_EDGE('',*,*,#1014,.T.);
#1463=ORIENTED_EDGE('',*,*,#1012,.T.);
#1464=ORIENTED_EDGE('',*,*,#1010,.T.);
#1465=ORIENTED_EDGE('',*,*,#1008,.T.);
#1466=ORIENTED_EDGE('',*,*,#1006,.T.);
#1467=ORIENTED_EDGE('',*,*,#1004,.T.);
#1468=ORIENTED_EDGE('',*,*,#1002,.T.);
#1469=ORIENTED_EDGE('',*,*,#1024,.T.);
#1470=ORIENTED_EDGE('',*,*,#1026,.T.);
#1471=ORIENTED_EDGE('',*,*,#1041,.T.);
#1472=ORIENTED_EDGE('',*,*,#1042,.T.);
#1473=ORIENTED_EDGE('',*,*,#967,.F.);
#1474=ORIENTED_EDGE('',*,*,#986,.F.);
#1475=ORIENTED_EDGE('',*,*,#1038,.T.);
#1476=ORIENTED_EDGE('',*,*,#1030,.F.);
#1477=ORIENTED_EDGE('',*,*,#1033,.T.);
#1478=ORIENTED_EDGE('',*,*,#1034,.F.);
#1479=ORIENTED_EDGE('',*,*,#1037,.T.);
#1480=ORIENTED_EDGE('',*,*,#1039,.F.);
#1481=ORIENTED_EDGE('',*,*,#980,.F.);
#1482=ORIENTED_EDGE('',*,*,#841,.F.);
#1483=ORIENTED_EDGE('',*,*,#1043,.F.);
#1484=ORIENTED_EDGE('',*,*,#1044,.T.);
#1485=ORIENTED_EDGE('',*,*,#987,.F.);
#1486=ORIENTED_EDGE('',*,*,#1045,.T.);
#1487=ORIENTED_EDGE('',*,*,#1043,.T.);
#1488=ORIENTED_EDGE('',*,*,#1045,.F.);
#1489=ORIENTED_EDGE('',*,*,#1044,.F.);
#1490=ORIENTED_EDGE('',*,*,#1046,.T.);
#1491=ORIENTED_EDGE('',*,*,#872,.F.);
#1492=ORIENTED_EDGE('',*,*,#1046,.F.);
#1493=ORIENTED_EDGE('',*,*,#1047,.F.);
#1494=ORIENTED_EDGE('',*,*,#1048,.T.);
#1495=ORIENTED_EDGE('',*,*,#1041,.F.);
#1496=ORIENTED_EDGE('',*,*,#1049,.T.);
#1497=ORIENTED_EDGE('',*,*,#1047,.T.);
#1498=ORIENTED_EDGE('',*,*,#1049,.F.);
#1499=ORIENTED_EDGE('',*,*,#1048,.F.);
#1500=ORIENTED_EDGE('',*,*,#1050,.T.);
#1501=ORIENTED_EDGE('',*,*,#871,.F.);
#1502=ORIENTED_EDGE('',*,*,#1050,.F.);
#1503=ORIENTED_EDGE('',*,*,#1051,.F.);
#1504=ORIENTED_EDGE('',*,*,#1052,.T.);
#1505=ORIENTED_EDGE('',*,*,#1042,.F.);
#1506=ORIENTED_EDGE('',*,*,#1053,.T.);
#1507=ORIENTED_EDGE('',*,*,#1051,.T.);
#1508=ORIENTED_EDGE('',*,*,#1053,.F.);
#1509=ORIENTED_EDGE('',*,*,#1052,.F.);
#1510=ORIENTED_EDGE('',*,*,#1054,.T.);
#1511=ORIENTED_EDGE('',*,*,#870,.F.);
#1512=ORIENTED_EDGE('',*,*,#1054,.F.);
#1513=ORIENTED_EDGE('',*,*,#1055,.F.);
#1514=ORIENTED_EDGE('',*,*,#1056,.T.);
#1515=ORIENTED_EDGE('',*,*,#988,.F.);
#1516=ORIENTED_EDGE('',*,*,#1057,.T.);
#1517=ORIENTED_EDGE('',*,*,#1055,.T.);
#1518=ORIENTED_EDGE('',*,*,#1057,.F.);
#1519=ORIENTED_EDGE('',*,*,#1056,.F.);
#1520=ORIENTED_EDGE('',*,*,#1058,.T.);
#1521=ORIENTED_EDGE('',*,*,#869,.F.);
#1522=ORIENTED_EDGE('',*,*,#1058,.F.);
#1523=ORIENTED_EDGE('',*,*,#945,.F.);
#1524=ORIENTED_EDGE('',*,*,#1040,.F.);
#1525=ORIENTED_EDGE('',*,*,#946,.F.);
#1526=ORIENTED_EDGE('',*,*,#826,.F.);
#1527=PLANE('',#1663);
#1528=PLANE('',#1704);
#1529=PLANE('',#1707);
#1530=PLANE('',#1710);
#1531=PLANE('',#1713);
#1532=PLANE('',#1716);
#1533=PLANE('',#1719);
#1534=PLANE('',#1722);
#1535=PLANE('',#1725);
#1536=PLANE('',#1728);
#1537=PLANE('',#1731);
#1538=PLANE('',#1734);
#1539=PLANE('',#1737);
#1540=PLANE('',#1748);
#1541=PLANE('',#1751);
#1542=PLANE('',#1756);
#1543=PLANE('',#1763);
#1544=PLANE('',#1770);
#1545=PLANE('',#1771);
#1546=PLANE('',#1772);
#1547=PLANE('',#1781);
#1548=PLANE('',#1784);
#1549=PLANE('',#1787);
#1550=PLANE('',#1790);
#1551=PLANE('',#1793);
#1552=PLANE('',#1795);
#1553=PLANE('',#1797);
#1554=PLANE('',#1799);
#1555=PLANE('',#1809);
#1556=PLANE('',#1812);
#1557=PLANE('',#1813);
#1558=PLANE('',#1814);
#1559=PLANE('',#1817);
#1560=PLANE('',#1818);
#1561=PLANE('',#1823);
#1562=PLANE('',#1828);
#1563=PLANE('',#1833);
#1564=PLANE('',#1838);
#1565=ADVANCED_FACE('',(#93,#61,#62,#63,#64,#65,#66,#67,#68,#69,#70,#71,
#72,#73,#74),#1527,.F.);
#1566=ADVANCED_FACE('',(#94),#1528,.F.);
#1567=ADVANCED_FACE('',(#95),#15,.F.);
#1568=ADVANCED_FACE('',(#96),#1529,.F.);
#1569=ADVANCED_FACE('',(#97),#16,.F.);
#1570=ADVANCED_FACE('',(#98),#1530,.F.);
#1571=ADVANCED_FACE('',(#99),#17,.F.);
#1572=ADVANCED_FACE('',(#100),#1531,.F.);
#1573=ADVANCED_FACE('',(#101),#18,.F.);
#1574=ADVANCED_FACE('',(#102),#1532,.F.);
#1575=ADVANCED_FACE('',(#103),#19,.F.);
#1576=ADVANCED_FACE('',(#104),#1533,.F.);
#1577=ADVANCED_FACE('',(#105),#20,.F.);
#1578=ADVANCED_FACE('',(#106),#1534,.F.);
#1579=ADVANCED_FACE('',(#107),#21,.F.);
#1580=ADVANCED_FACE('',(#108),#1535,.F.);
#1581=ADVANCED_FACE('',(#109),#22,.F.);
#1582=ADVANCED_FACE('',(#110),#1536,.F.);
#1583=ADVANCED_FACE('',(#111),#23,.F.);
#1584=ADVANCED_FACE('',(#112),#1537,.F.);
#1585=ADVANCED_FACE('',(#113),#24,.F.);
#1586=ADVANCED_FACE('',(#114),#1538,.F.);
#1587=ADVANCED_FACE('',(#115),#25,.F.);
#1588=ADVANCED_FACE('',(#116),#1539,.F.);
#1589=ADVANCED_FACE('',(#117),#26,.F.);
#1590=ADVANCED_FACE('',(#118),#27,.F.);
#1591=ADVANCED_FACE('',(#119),#28,.T.);
#1592=ADVANCED_FACE('',(#120),#29,.T.);
#1593=ADVANCED_FACE('',(#121),#30,.F.);
#1594=ADVANCED_FACE('',(#122),#1540,.F.);
#1595=ADVANCED_FACE('',(#123),#31,.T.);
#1596=ADVANCED_FACE('',(#124),#1541,.T.);
#1597=ADVANCED_FACE('',(#125),#32,.F.);
#1598=ADVANCED_FACE('',(#126),#33,.F.);
#1599=ADVANCED_FACE('',(#127),#1542,.F.);
#1600=ADVANCED_FACE('',(#128),#34,.T.);
#1601=ADVANCED_FACE('',(#129),#35,.T.);
#1602=ADVANCED_FACE('',(#130),#36,.T.);
#1603=ADVANCED_FACE('',(#131),#1543,.T.);
#1604=ADVANCED_FACE('',(#132),#37,.T.);
#1605=ADVANCED_FACE('',(#133),#38,.T.);
#1606=ADVANCED_FACE('',(#134),#1544,.F.);
#1607=ADVANCED_FACE('',(#135),#1545,.F.);
#1608=ADVANCED_FACE('',(#136,#75,#76,#77,#78,#79),#1546,.T.);
#1609=ADVANCED_FACE('',(#137),#1547,.F.);
#1610=ADVANCED_FACE('',(#138),#39,.F.);
#1611=ADVANCED_FACE('',(#139),#1548,.F.);
#1612=ADVANCED_FACE('',(#140),#40,.F.);
#1613=ADVANCED_FACE('',(#141),#1549,.F.);
#1614=ADVANCED_FACE('',(#142),#41,.F.);
#1615=ADVANCED_FACE('',(#143),#1550,.F.);
#1616=ADVANCED_FACE('',(#144),#42,.F.);
#1617=ADVANCED_FACE('',(#145),#1551,.F.);
#1618=ADVANCED_FACE('',(#146),#43,.F.);
#1619=ADVANCED_FACE('',(#147),#1552,.F.);
#1620=ADVANCED_FACE('',(#148),#44,.F.);
#1621=ADVANCED_FACE('',(#149),#1553,.F.);
#1622=ADVANCED_FACE('',(#150),#45,.F.);
#1623=ADVANCED_FACE('',(#151),#1554,.F.);
#1624=ADVANCED_FACE('',(#152),#46,.F.);
#1625=ADVANCED_FACE('',(#153),#47,.F.);
#1626=ADVANCED_FACE('',(#154),#48,.F.);
#1627=ADVANCED_FACE('',(#155),#49,.F.);
#1628=ADVANCED_FACE('',(#156),#50,.F.);
#1629=ADVANCED_FACE('',(#157),#51,.F.);
#1630=ADVANCED_FACE('',(#158,#80,#81,#82,#83),#1555,.F.);
#1631=ADVANCED_FACE('',(#159),#52,.F.);
#1632=ADVANCED_FACE('',(#160),#1556,.F.);
#1633=ADVANCED_FACE('',(#161),#1557,.F.);
#1634=ADVANCED_FACE('',(#162,#84,#85,#86,#87,#88),#1558,.T.);
#1635=ADVANCED_FACE('',(#163),#1559,.T.);
#1636=ADVANCED_FACE('',(#164,#89),#1560,.F.);
#1637=ADVANCED_FACE('',(#165),#53,.F.);
#1638=ADVANCED_FACE('',(#166),#54,.F.);
#1639=ADVANCED_FACE('',(#167,#90),#1561,.F.);
#1640=ADVANCED_FACE('',(#168),#55,.F.);
#1641=ADVANCED_FACE('',(#169),#56,.F.);
#1642=ADVANCED_FACE('',(#170,#91),#1562,.F.);
#1643=ADVANCED_FACE('',(#171),#57,.F.);
#1644=ADVANCED_FACE('',(#172),#58,.F.);
#1645=ADVANCED_FACE('',(#173,#92),#1563,.F.);
#1646=ADVANCED_FACE('',(#174),#59,.F.);
#1647=ADVANCED_FACE('',(#175),#60,.F.);
#1648=ADVANCED_FACE('',(#176),#1564,.T.);
#1649=CLOSED_SHELL('',(#1565,#1566,#1567,#1568,#1569,#1570,#1571,#1572,
#1573,#1574,#1575,#1576,#1577,#1578,#1579,#1580,#1581,#1582,#1583,#1584,
#1585,#1586,#1587,#1588,#1589,#1590,#1591,#1592,#1593,#1594,#1595,#1596,
#1597,#1598,#1599,#1600,#1601,#1602,#1603,#1604,#1605,#1606,#1607,#1608,
#1609,#1610,#1611,#1612,#1613,#1614,#1615,#1616,#1617,#1618,#1619,#1620,
#1621,#1622,#1623,#1624,#1625,#1626,#1627,#1628,#1629,#1630,#1631,#1632,
#1633,#1634,#1635,#1636,#1637,#1638,#1639,#1640,#1641,#1642,#1643,#1644,
#1645,#1646,#1647,#1648));
#1650=DERIVED_UNIT_ELEMENT(#1652,1.);
#1651=DERIVED_UNIT_ELEMENT(#2815,-3.);
#1652=(
MASS_UNIT()
NAMED_UNIT(*)
SI_UNIT(.KILO.,.GRAM.)
);
#1653=DERIVED_UNIT((#1650,#1651));
#1654=MEASURE_REPRESENTATION_ITEM('density measure',
POSITIVE_RATIO_MEASURE(7850.),#1653);
#1655=PROPERTY_DEFINITION_REPRESENTATION(#1660,#1657);
#1656=PROPERTY_DEFINITION_REPRESENTATION(#1661,#1658);
#1657=REPRESENTATION('material name',(#1659),#2812);
#1658=REPRESENTATION('density',(#1654),#2812);
#1659=DESCRIPTIVE_REPRESENTATION_ITEM('Steel','Steel');
#1660=PROPERTY_DEFINITION('material property','material name',#2822);
#1661=PROPERTY_DEFINITION('material property','density of part',#2822);
#1662=AXIS2_PLACEMENT_3D('',#2335,#1839,#1840);
#1663=AXIS2_PLACEMENT_3D('',#2336,#1841,#1842);
#1664=AXIS2_PLACEMENT_3D('',#2339,#1843,#1844);
#1665=AXIS2_PLACEMENT_3D('',#2343,#1846,#1847);
#1666=AXIS2_PLACEMENT_3D('',#2345,#1848,#1849);
#1667=AXIS2_PLACEMENT_3D('',#2349,#1851,#1852);
#1668=AXIS2_PLACEMENT_3D('',#2353,#1854,#1855);
#1669=AXIS2_PLACEMENT_3D('',#2357,#1857,#1858);
#1670=AXIS2_PLACEMENT_3D('',#2359,#1859,#1860);
#1671=AXIS2_PLACEMENT_3D('',#2363,#1862,#1863);
#1672=AXIS2_PLACEMENT_3D('',#2365,#1864,#1865);
#1673=AXIS2_PLACEMENT_3D('',#2369,#1867,#1868);
#1674=AXIS2_PLACEMENT_3D('',#2373,#1870,#1871);
#1675=AXIS2_PLACEMENT_3D('',#2376,#1873,#1874);
#1676=AXIS2_PLACEMENT_3D('',#2381,#1876,#1877);
#1677=AXIS2_PLACEMENT_3D('',#2385,#1879,#1880);
#1678=AXIS2_PLACEMENT_3D('',#2388,#1882,#1883);
#1679=AXIS2_PLACEMENT_3D('',#2393,#1885,#1886);
#1680=AXIS2_PLACEMENT_3D('',#2397,#1888,#1889);
#1681=AXIS2_PLACEMENT_3D('',#2400,#1891,#1892);
#1682=AXIS2_PLACEMENT_3D('',#2405,#1894,#1895);
#1683=AXIS2_PLACEMENT_3D('',#2409,#1897,#1898);
#1684=AXIS2_PLACEMENT_3D('',#2412,#1900,#1901);
#1685=AXIS2_PLACEMENT_3D('',#2417,#1903,#1904);
#1686=AXIS2_PLACEMENT_3D('',#2421,#1906,#1907);
#1687=AXIS2_PLACEMENT_3D('',#2424,#1909,#1910);
#1688=AXIS2_PLACEMENT_3D('',#2426,#1911,#1912);
#1689=AXIS2_PLACEMENT_3D('',#2428,#1913,#1914);
#1690=AXIS2_PLACEMENT_3D('',#2430,#1915,#1916);
#1691=AXIS2_PLACEMENT_3D('',#2432,#1917,#1918);
#1692=AXIS2_PLACEMENT_3D('',#2434,#1919,#1920);
#1693=AXIS2_PLACEMENT_3D('',#2436,#1921,#1922);
#1694=AXIS2_PLACEMENT_3D('',#2438,#1923,#1924);
#1695=AXIS2_PLACEMENT_3D('',#2440,#1925,#1926);
#1696=AXIS2_PLACEMENT_3D('',#2445,#1928,#1929);
#1697=AXIS2_PLACEMENT_3D('',#2449,#1931,#1932);
#1698=AXIS2_PLACEMENT_3D('',#2453,#1934,#1935);
#1699=AXIS2_PLACEMENT_3D('',#2456,#1937,#1938);
#1700=AXIS2_PLACEMENT_3D('',#2461,#1940,#1941);
#1701=AXIS2_PLACEMENT_3D('',#2465,#1943,#1944);
#1702=AXIS2_PLACEMENT_3D('',#2469,#1946,#1947);
#1703=AXIS2_PLACEMENT_3D('',#2472,#1949,#1950);
#1704=AXIS2_PLACEMENT_3D('',#2473,#1951,#1952);
#1705=AXIS2_PLACEMENT_3D('',#2479,#1956,#1957);
#1706=AXIS2_PLACEMENT_3D('',#2481,#1958,#1959);
#1707=AXIS2_PLACEMENT_3D('',#2483,#1961,#1962);
#1708=AXIS2_PLACEMENT_3D('',#2487,#1965,#1966);
#1709=AXIS2_PLACEMENT_3D('',#2489,#1967,#1968);
#1710=AXIS2_PLACEMENT_3D('',#2491,#1970,#1971);
#1711=AXIS2_PLACEMENT_3D('',#2495,#1974,#1975);
#1712=AXIS2_PLACEMENT_3D('',#2496,#1976,#1977);
#1713=AXIS2_PLACEMENT_3D('',#2497,#1978,#1979);
#1714=AXIS2_PLACEMENT_3D('',#2503,#1983,#1984);
#1715=AXIS2_PLACEMENT_3D('',#2505,#1985,#1986);
#1716=AXIS2_PLACEMENT_3D('',#2507,#1988,#1989);
#1717=AXIS2_PLACEMENT_3D('',#2511,#1992,#1993);
#1718=AXIS2_PLACEMENT_3D('',#2513,#1994,#1995);
#1719=AXIS2_PLACEMENT_3D('',#2515,#1997,#1998);
#1720=AXIS2_PLACEMENT_3D('',#2519,#2001,#2002);
#1721=AXIS2_PLACEMENT_3D('',#2520,#2003,#2004);
#1722=AXIS2_PLACEMENT_3D('',#2521,#2005,#2006);
#1723=AXIS2_PLACEMENT_3D('',#2527,#2010,#2011);
#1724=AXIS2_PLACEMENT_3D('',#2529,#2012,#2013);
#1725=AXIS2_PLACEMENT_3D('',#2531,#2015,#2016);
#1726=AXIS2_PLACEMENT_3D('',#2535,#2019,#2020);
#1727=AXIS2_PLACEMENT_3D('',#2537,#2021,#2022);
#1728=AXIS2_PLACEMENT_3D('',#2539,#2024,#2025);
#1729=AXIS2_PLACEMENT_3D('',#2543,#2028,#2029);
#1730=AXIS2_PLACEMENT_3D('',#2544,#2030,#2031);
#1731=AXIS2_PLACEMENT_3D('',#2545,#2032,#2033);
#1732=AXIS2_PLACEMENT_3D('',#2551,#2037,#2038);
#1733=AXIS2_PLACEMENT_3D('',#2553,#2039,#2040);
#1734=AXIS2_PLACEMENT_3D('',#2555,#2042,#2043);
#1735=AXIS2_PLACEMENT_3D('',#2559,#2046,#2047);
#1736=AXIS2_PLACEMENT_3D('',#2561,#2048,#2049);
#1737=AXIS2_PLACEMENT_3D('',#2563,#2051,#2052);
#1738=AXIS2_PLACEMENT_3D('',#2567,#2055,#2056);
#1739=AXIS2_PLACEMENT_3D('',#2568,#2057,#2058);
#1740=AXIS2_PLACEMENT_3D('',#2569,#2059,#2060);
#1741=AXIS2_PLACEMENT_3D('',#2572,#2061,#2062);
#1742=AXIS2_PLACEMENT_3D('',#2575,#2065,#2066);
#1743=AXIS2_PLACEMENT_3D('',#2577,#2067,#2068);
#1744=AXIS2_PLACEMENT_3D('',#2579,#2070,#2071);
#1745=AXIS2_PLACEMENT_3D('',#2583,#2073,#2074);
#1746=AXIS2_PLACEMENT_3D('',#2585,#2076,#2077);
#1747=AXIS2_PLACEMENT_3D('',#2587,#2078,#2079);
#1748=AXIS2_PLACEMENT_3D('',#2589,#2081,#2082);
#1749=AXIS2_PLACEMENT_3D('',#2593,#2085,#2086);
#1750=AXIS2_PLACEMENT_3D('',#2596,#2087,#2088);
#1751=AXIS2_PLACEMENT_3D('',#2599,#2091,#2092);
#1752=AXIS2_PLACEMENT_3D('',#2603,#2095,#2096);
#1753=AXIS2_PLACEMENT_3D('',#2605,#2097,#2098);
#1754=AXIS2_PLACEMENT_3D('',#2607,#2100,#2101);
#1755=AXIS2_PLACEMENT_3D('',#2610,#2102,#2103);
#1756=AXIS2_PLACEMENT_3D('',#2613,#2106,#2107);
#1757=AXIS2_PLACEMENT_3D('',#2617,#2110,#2111);
#1758=AXIS2_PLACEMENT_3D('',#2618,#2112,#2113);
#1759=AXIS2_PLACEMENT_3D('',#2619,#2114,#2115);
#1760=AXIS2_PLACEMENT_3D('',#2621,#2116,#2117);
#1761=AXIS2_PLACEMENT_3D('',#2623,#2119,#2120);
#1762=AXIS2_PLACEMENT_3D('',#2627,#2122,#2123);
#1763=AXIS2_PLACEMENT_3D('',#2629,#2125,#2126);
#1764=AXIS2_PLACEMENT_3D('',#2637,#2130,#2131);
#1765=AXIS2_PLACEMENT_3D('',#2641,#2133,#2134);
#1766=AXIS2_PLACEMENT_3D('',#2645,#2137,#2138);
#1767=AXIS2_PLACEMENT_3D('',#2646,#2139,#2140);
#1768=AXIS2_PLACEMENT_3D('',#2647,#2141,#2142);
#1769=AXIS2_PLACEMENT_3D('',#2651,#2144,#2145);
#1770=AXIS2_PLACEMENT_3D('',#2653,#2147,#2148);
#1771=AXIS2_PLACEMENT_3D('',#2655,#2150,#2151);
#1772=AXIS2_PLACEMENT_3D('',#2657,#2153,#2154);
#1773=AXIS2_PLACEMENT_3D('',#2662,#2157,#2158);
#1774=AXIS2_PLACEMENT_3D('',#2664,#2159,#2160);
#1775=AXIS2_PLACEMENT_3D('',#2666,#2161,#2162);
#1776=AXIS2_PLACEMENT_3D('',#2668,#2163,#2164);
#1777=AXIS2_PLACEMENT_3D('',#2673,#2166,#2167);
#1778=AXIS2_PLACEMENT_3D('',#2677,#2169,#2170);
#1779=AXIS2_PLACEMENT_3D('',#2681,#2172,#2173);
#1780=AXIS2_PLACEMENT_3D('',#2684,#2175,#2176);
#1781=AXIS2_PLACEMENT_3D('',#2685,#2177,#2178);
#1782=AXIS2_PLACEMENT_3D('',#2691,#2182,#2183);
#1783=AXIS2_PLACEMENT_3D('',#2693,#2184,#2185);
#1784=AXIS2_PLACEMENT_3D('',#2695,#2187,#2188);
#1785=AXIS2_PLACEMENT_3D('',#2699,#2191,#2192);
#1786=AXIS2_PLACEMENT_3D('',#2701,#2193,#2194);
#1787=AXIS2_PLACEMENT_3D('',#2703,#2196,#2197);
#1788=AXIS2_PLACEMENT_3D('',#2707,#2200,#2201);
#1789=AXIS2_PLACEMENT_3D('',#2709,#2202,#2203);
#1790=AXIS2_PLACEMENT_3D('',#2711,#2205,#2206);
#1791=AXIS2_PLACEMENT_3D('',#2715,#2209,#2210);
#1792=AXIS2_PLACEMENT_3D('',#2716,#2211,#2212);
#1793=AXIS2_PLACEMENT_3D('',#2717,#2213,#2214);
#1794=AXIS2_PLACEMENT_3D('',#2720,#2217,#2218);
#1795=AXIS2_PLACEMENT_3D('',#2722,#2220,#2221);
#1796=AXIS2_PLACEMENT_3D('',#2724,#2223,#2224);
#1797=AXIS2_PLACEMENT_3D('',#2726,#2226,#2227);
#1798=AXIS2_PLACEMENT_3D('',#2728,#2229,#2230);
#1799=AXIS2_PLACEMENT_3D('',#2730,#2232,#2233);
#1800=AXIS2_PLACEMENT_3D('',#2732,#2235,#2236);
#1801=AXIS2_PLACEMENT_3D('',#2733,#2237,#2238);
#1802=AXIS2_PLACEMENT_3D('',#2735,#2240,#2241);
#1803=AXIS2_PLACEMENT_3D('',#2737,#2242,#2243);
#1804=AXIS2_PLACEMENT_3D('',#2739,#2245,#2246);
#1805=AXIS2_PLACEMENT_3D('',#2741,#2247,#2248);
#1806=AXIS2_PLACEMENT_3D('',#2743,#2250,#2251);
#1807=AXIS2_PLACEMENT_3D('',#2745,#2253,#2254);
#1808=AXIS2_PLACEMENT_3D('',#2749,#2256,#2257);
#1809=AXIS2_PLACEMENT_3D('',#2751,#2259,#2260);
#1810=AXIS2_PLACEMENT_3D('',#2755,#2263,#2264);
#1811=AXIS2_PLACEMENT_3D('',#2757,#2265,#2266);
#1812=AXIS2_PLACEMENT_3D('',#2759,#2268,#2269);
#1813=AXIS2_PLACEMENT_3D('',#2763,#2272,#2273);
#1814=AXIS2_PLACEMENT_3D('',#2765,#2275,#2276);
#1815=AXIS2_PLACEMENT_3D('',#2769,#2279,#2280);
#1816=AXIS2_PLACEMENT_3D('',#2771,#2281,#2282);
#1817=AXIS2_PLACEMENT_3D('',#2772,#2283,#2284);
#1818=AXIS2_PLACEMENT_3D('',#2773,#2285,#2286);
#1819=AXIS2_PLACEMENT_3D('',#2775,#2287,#2288);
#1820=AXIS2_PLACEMENT_3D('',#2777,#2289,#2290);
#1821=AXIS2_PLACEMENT_3D('',#2778,#2291,#2292);
#1822=AXIS2_PLACEMENT_3D('',#2780,#2294,#2295);
#1823=AXIS2_PLACEMENT_3D('',#2782,#2297,#2298);
#1824=AXIS2_PLACEMENT_3D('',#2784,#2299,#2300);
#1825=AXIS2_PLACEMENT_3D('',#2786,#2301,#2302);
#1826=AXIS2_PLACEMENT_3D('',#2787,#2303,#2304);
#1827=AXIS2_PLACEMENT_3D('',#2789,#2306,#2307);
#1828=AXIS2_PLACEMENT_3D('',#2791,#2309,#2310);
#1829=AXIS2_PLACEMENT_3D('',#2793,#2311,#2312);
#1830=AXIS2_PLACEMENT_3D('',#2795,#2313,#2314);
#1831=AXIS2_PLACEMENT_3D('',#2796,#2315,#2316);
#1832=AXIS2_PLACEMENT_3D('',#2798,#2318,#2319);
#1833=AXIS2_PLACEMENT_3D('',#2800,#2321,#2322);
#1834=AXIS2_PLACEMENT_3D('',#2802,#2323,#2324);
#1835=AXIS2_PLACEMENT_3D('',#2804,#2325,#2326);
#1836=AXIS2_PLACEMENT_3D('',#2805,#2327,#2328);
#1837=AXIS2_PLACEMENT_3D('',#2807,#2330,#2331);
#1838=AXIS2_PLACEMENT_3D('',#2809,#2333,#2334);
#1839=DIRECTION('axis',(0.,0.,1.));
#1840=DIRECTION('refdir',(1.,0.,0.));
#1841=DIRECTION('center_axis',(0.,0.,1.));
#1842=DIRECTION('ref_axis',(1.,0.,0.));
#1843=DIRECTION('center_axis',(0.,0.,-1.));
#1844=DIRECTION('ref_axis',(-0.707106781186549,0.707106781186546,0.));
#1845=DIRECTION('',(1.,0.,0.));
#1846=DIRECTION('center_axis',(0.,0.,-1.));
#1847=DIRECTION('ref_axis',(0.707106781186548,0.707106781186547,0.));
#1848=DIRECTION('center_axis',(0.,0.,1.));
#1849=DIRECTION('ref_axis',(-0.707106781186548,-0.707106781186548,0.));
#1850=DIRECTION('',(1.,0.,0.));
#1851=DIRECTION('center_axis',(0.,0.,-1.));
#1852=DIRECTION('ref_axis',(0.707106781186547,0.707106781186547,0.));
#1853=DIRECTION('',(0.,-1.,0.));
#1854=DIRECTION('center_axis',(0.,0.,-1.));
#1855=DIRECTION('ref_axis',(0.707106781186547,-0.707106781186547,0.));
#1856=DIRECTION('',(-1.,0.,0.));
#1857=DIRECTION('center_axis',(0.,0.,1.));
#1858=DIRECTION('ref_axis',(-0.707106781186546,0.707106781186549,0.));
#1859=DIRECTION('center_axis',(0.,0.,-1.));
#1860=DIRECTION('ref_axis',(0.707106781186548,-0.707106781186548,0.));
#1861=DIRECTION('',(-1.,0.,0.));
#1862=DIRECTION('center_axis',(0.,0.,-1.));
#1863=DIRECTION('ref_axis',(-0.707106781186545,-0.70710678118655,0.));
#1864=DIRECTION('center_axis',(0.,0.,1.));
#1865=DIRECTION('ref_axis',(0.707106781186548,0.707106781186548,0.));
#1866=DIRECTION('',(-1.,0.,0.));
#1867=DIRECTION('center_axis',(0.,0.,-1.));
#1868=DIRECTION('ref_axis',(-0.707106781186547,-0.707106781186547,0.));
#1869=DIRECTION('',(0.,1.,0.));
#1870=DIRECTION('center_axis',(0.,0.,-1.));
#1871=DIRECTION('ref_axis',(-0.707106781186547,0.707106781186547,0.));
#1872=DIRECTION('',(1.,0.,0.));
#1873=DIRECTION('center_axis',(0.,0.,1.));
#1874=DIRECTION('ref_axis',(0.707106781186546,-0.707106781186549,0.));
#1875=DIRECTION('',(0.,-1.,0.));
#1876=DIRECTION('center_axis',(0.,0.,1.));
#1877=DIRECTION('ref_axis',(-1.,-2.22044604925031E-15,0.));
#1878=DIRECTION('',(0.947340570686595,0.320227798810779,0.));
#1879=DIRECTION('center_axis',(0.,0.,1.));
#1880=DIRECTION('ref_axis',(0.320227798810782,-0.947340570686594,0.));
#1881=DIRECTION('',(-0.947340570686595,0.320227798810779,0.));
#1882=DIRECTION('center_axis',(0.,0.,1.));
#1883=DIRECTION('ref_axis',(0.320227798810775,0.947340570686596,0.));
#1884=DIRECTION('',(-0.948683298286122,-0.316227765310014,0.));
#1885=DIRECTION('center_axis',(0.,0.,1.));
#1886=DIRECTION('ref_axis',(-0.316227765310013,0.948683298286122,0.));
#1887=DIRECTION('',(1.,0.,0.));
#1888=DIRECTION('center_axis',(0.,0.,1.));
#1889=DIRECTION('ref_axis',(0.,-1.,0.));
#1890=DIRECTION('',(-0.948683298286122,0.316227765310014,0.));
#1891=DIRECTION('center_axis',(0.,0.,1.));
#1892=DIRECTION('ref_axis',(0.316227765310013,0.948683298286122,0.));
#1893=DIRECTION('',(0.948683298286122,0.316227765310014,0.));
#1894=DIRECTION('center_axis',(0.,0.,1.));
#1895=DIRECTION('ref_axis',(0.316227765310013,-0.948683298286122,0.));
#1896=DIRECTION('',(-1.,3.72087055613927E-17,0.));
#1897=DIRECTION('center_axis',(0.,0.,1.));
#1898=DIRECTION('ref_axis',(-4.44089209850061E-15,1.,0.));
#1899=DIRECTION('',(0.948683298286122,-0.316227765310014,0.));
#1900=DIRECTION('center_axis',(0.,0.,1.));
#1901=DIRECTION('ref_axis',(-0.316227765310016,-0.948683298286121,0.));
#1902=DIRECTION('',(-0.947340570686595,-0.320227798810779,0.));
#1903=DIRECTION('center_axis',(0.,0.,1.));
#1904=DIRECTION('ref_axis',(-0.32022779881078,0.947340570686595,0.));
#1905=DIRECTION('',(0.947340570686595,-0.320227798810779,0.));
#1906=DIRECTION('center_axis',(0.,0.,1.));
#1907=DIRECTION('ref_axis',(-0.320227798810775,-0.947340570686596,0.));
#1908=DIRECTION('',(2.09349933864295E-16,1.,0.));
#1909=DIRECTION('center_axis',(0.,0.,1.));
#1910=DIRECTION('ref_axis',(1.,2.2204460492503E-15,0.));
#1911=DIRECTION('center_axis',(0.,0.,1.));
#1912=DIRECTION('ref_axis',(1.,0.,0.));
#1913=DIRECTION('center_axis',(0.,0.,1.));
#1914=DIRECTION('ref_axis',(1.,0.,0.));
#1915=DIRECTION('center_axis',(0.,0.,1.));
#1916=DIRECTION('ref_axis',(1.,0.,0.));
#1917=DIRECTION('center_axis',(0.,0.,1.));
#1918=DIRECTION('ref_axis',(1.,0.,0.));
#1919=DIRECTION('center_axis',(0.,0.,1.));
#1920=DIRECTION('ref_axis',(1.,0.,0.));
#1921=DIRECTION('center_axis',(0.,0.,1.));
#1922=DIRECTION('ref_axis',(1.,0.,0.));
#1923=DIRECTION('center_axis',(0.,0.,1.));
#1924=DIRECTION('ref_axis',(1.,0.,0.));
#1925=DIRECTION('center_axis',(0.,0.,1.));
#1926=DIRECTION('ref_axis',(1.,0.,0.));
#1927=DIRECTION('',(0.,1.,0.));
#1928=DIRECTION('center_axis',(0.,0.,1.));
#1929=DIRECTION('ref_axis',(1.,0.,0.));
#1930=DIRECTION('',(-1.,0.,0.));
#1931=DIRECTION('center_axis',(0.,0.,1.));
#1932=DIRECTION('ref_axis',(0.,1.,0.));
#1933=DIRECTION('',(0.,-1.,0.));
#1934=DIRECTION('center_axis',(0.,0.,1.));
#1935=DIRECTION('ref_axis',(-1.,0.,0.));
#1936=DIRECTION('',(1.,0.,0.));
#1937=DIRECTION('center_axis',(0.,0.,1.));
#1938=DIRECTION('ref_axis',(0.,-1.,0.));
#1939=DIRECTION('',(0.,1.,0.));
#1940=DIRECTION('center_axis',(0.,0.,1.));
#1941=DIRECTION('ref_axis',(1.,0.,0.));
#1942=DIRECTION('',(-1.,0.,0.));
#1943=DIRECTION('center_axis',(0.,0.,1.));
#1944=DIRECTION('ref_axis',(0.,1.,0.));
#1945=DIRECTION('',(0.,-1.,0.));
#1946=DIRECTION('center_axis',(0.,0.,1.));
#1947=DIRECTION('ref_axis',(-1.,0.,0.));
#1948=DIRECTION('',(1.,0.,0.));
#1949=DIRECTION('center_axis',(0.,0.,1.));
#1950=DIRECTION('ref_axis',(0.,-1.,0.));
#1951=DIRECTION('center_axis',(-1.,0.,0.));
#1952=DIRECTION('ref_axis',(0.,1.,0.));
#1953=DIRECTION('',(0.,1.,0.));
#1954=DIRECTION('',(0.,0.,-1.));
#1955=DIRECTION('',(0.,0.,-1.));
#1956=DIRECTION('center_axis',(0.,0.,-1.));
#1957=DIRECTION('ref_axis',(-1.,-2.22044604925031E-15,0.));
#1958=DIRECTION('center_axis',(0.,0.,-1.));
#1959=DIRECTION('ref_axis',(-1.,-2.22044604925031E-15,0.));
#1960=DIRECTION('',(0.,0.,-1.));
#1961=DIRECTION('center_axis',(0.320227798810779,-0.947340570686595,0.));
#1962=DIRECTION('ref_axis',(-0.947340570686595,-0.320227798810779,0.));
#1963=DIRECTION('',(-0.947340570686595,-0.320227798810779,0.));
#1964=DIRECTION('',(0.,0.,-1.));
#1965=DIRECTION('center_axis',(0.,0.,-1.));
#1966=DIRECTION('ref_axis',(0.320227798810782,-0.947340570686594,0.));
#1967=DIRECTION('center_axis',(0.,0.,-1.));
#1968=DIRECTION('ref_axis',(0.320227798810782,-0.947340570686594,0.));
#1969=DIRECTION('',(0.,0.,-1.));
#1970=DIRECTION('center_axis',(0.320227798810779,0.947340570686595,0.));
#1971=DIRECTION('ref_axis',(0.947340570686595,-0.320227798810779,0.));
#1972=DIRECTION('',(0.947340570686595,-0.320227798810779,0.));
#1973=DIRECTION('',(0.,0.,-1.));
#1974=DIRECTION('center_axis',(0.,0.,-1.));
#1975=DIRECTION('ref_axis',(0.320227798810775,0.947340570686596,0.));
#1976=DIRECTION('center_axis',(0.,0.,-1.));
#1977=DIRECTION('ref_axis',(0.320227798810775,0.947340570686596,0.));
#1978=DIRECTION('center_axis',(-0.316227765310014,0.948683298286122,0.));
#1979=DIRECTION('ref_axis',(0.948683298286122,0.316227765310014,0.));
#1980=DIRECTION('',(0.948683298286122,0.316227765310014,0.));
#1981=DIRECTION('',(0.,0.,-1.));
#1982=DIRECTION('',(0.,0.,-1.));
#1983=DIRECTION('center_axis',(0.,0.,-1.));
#1984=DIRECTION('ref_axis',(-0.316227765310013,0.948683298286122,0.));
#1985=DIRECTION('center_axis',(0.,0.,-1.));
#1986=DIRECTION('ref_axis',(-0.316227765310013,0.948683298286122,0.));
#1987=DIRECTION('',(0.,0.,-1.));
#1988=DIRECTION('center_axis',(0.,-1.,0.));
#1989=DIRECTION('ref_axis',(-1.,0.,0.));
#1990=DIRECTION('',(-1.,0.,0.));
#1991=DIRECTION('',(0.,0.,-1.));
#1992=DIRECTION('center_axis',(0.,0.,-1.));
#1993=DIRECTION('ref_axis',(0.,-1.,0.));
#1994=DIRECTION('center_axis',(0.,0.,-1.));
#1995=DIRECTION('ref_axis',(0.,-1.,0.));
#1996=DIRECTION('',(0.,0.,-1.));
#1997=DIRECTION('center_axis',(0.316227765310014,0.948683298286122,0.));
#1998=DIRECTION('ref_axis',(0.948683298286122,-0.316227765310014,0.));
#1999=DIRECTION('',(0.948683298286122,-0.316227765310014,0.));
#2000=DIRECTION('',(0.,0.,-1.));
#2001=DIRECTION('center_axis',(0.,0.,-1.));
#2002=DIRECTION('ref_axis',(0.316227765310013,0.948683298286122,0.));
#2003=DIRECTION('center_axis',(0.,0.,-1.));
#2004=DIRECTION('ref_axis',(0.316227765310013,0.948683298286122,0.));
#2005=DIRECTION('center_axis',(0.316227765310014,-0.948683298286122,0.));
#2006=DIRECTION('ref_axis',(-0.948683298286122,-0.316227765310014,0.));
#2007=DIRECTION('',(-0.948683298286122,-0.316227765310014,0.));
#2008=DIRECTION('',(0.,0.,-1.));
#2009=DIRECTION('',(0.,0.,-1.));
#2010=DIRECTION('center_axis',(0.,0.,-1.));
#2011=DIRECTION('ref_axis',(0.316227765310013,-0.948683298286122,0.));
#2012=DIRECTION('center_axis',(0.,0.,-1.));
#2013=DIRECTION('ref_axis',(0.316227765310013,-0.948683298286122,0.));
#2014=DIRECTION('',(0.,0.,-1.));
#2015=DIRECTION('center_axis',(3.72087055613927E-17,1.,0.));
#2016=DIRECTION('ref_axis',(1.,-3.72087055613927E-17,0.));
#2017=DIRECTION('',(1.,-3.72087055613927E-17,0.));
#2018=DIRECTION('',(0.,0.,-1.));
#2019=DIRECTION('center_axis',(0.,0.,-1.));
#2020=DIRECTION('ref_axis',(-4.44089209850061E-15,1.,0.));
#2021=DIRECTION('center_axis',(0.,0.,-1.));
#2022=DIRECTION('ref_axis',(-4.44089209850061E-15,1.,0.));
#2023=DIRECTION('',(0.,0.,-1.));
#2024=DIRECTION('center_axis',(-0.316227765310014,-0.948683298286122,0.));
#2025=DIRECTION('ref_axis',(-0.948683298286122,0.316227765310014,0.));
#2026=DIRECTION('',(-0.948683298286122,0.316227765310014,0.));
#2027=DIRECTION('',(0.,0.,-1.));
#2028=DIRECTION('center_axis',(0.,0.,-1.));
#2029=DIRECTION('ref_axis',(-0.316227765310016,-0.948683298286121,0.));
#2030=DIRECTION('center_axis',(0.,0.,-1.));
#2031=DIRECTION('ref_axis',(-0.316227765310016,-0.948683298286121,0.));
#2032=DIRECTION('center_axis',(-0.320227798810779,0.947340570686595,0.));
#2033=DIRECTION('ref_axis',(0.947340570686595,0.320227798810779,0.));
#2034=DIRECTION('',(0.947340570686595,0.320227798810779,0.));
#2035=DIRECTION('',(0.,0.,-1.));
#2036=DIRECTION('',(0.,0.,-1.));
#2037=DIRECTION('center_axis',(0.,0.,-1.));
#2038=DIRECTION('ref_axis',(-0.32022779881078,0.947340570686595,0.));
#2039=DIRECTION('center_axis',(0.,0.,-1.));
#2040=DIRECTION('ref_axis',(-0.32022779881078,0.947340570686595,0.));
#2041=DIRECTION('',(0.,0.,-1.));
#2042=DIRECTION('center_axis',(-0.320227798810779,-0.947340570686595,0.));
#2043=DIRECTION('ref_axis',(-0.947340570686595,0.320227798810779,0.));
#2044=DIRECTION('',(-0.947340570686595,0.320227798810779,0.));
#2045=DIRECTION('',(0.,0.,-1.));
#2046=DIRECTION('center_axis',(0.,0.,-1.));
#2047=DIRECTION('ref_axis',(-0.320227798810775,-0.947340570686596,0.));
#2048=DIRECTION('center_axis',(0.,0.,-1.));
#2049=DIRECTION('ref_axis',(-0.320227798810775,-0.947340570686596,0.));
#2050=DIRECTION('',(0.,0.,-1.));
#2051=DIRECTION('center_axis',(1.,-2.09349933864295E-16,0.));
#2052=DIRECTION('ref_axis',(-2.09349933864295E-16,-1.,0.));
#2053=DIRECTION('',(-2.09349933864295E-16,-1.,0.));
#2054=DIRECTION('',(0.,0.,-1.));
#2055=DIRECTION('center_axis',(0.,0.,-1.));
#2056=DIRECTION('ref_axis',(1.,2.2204460492503E-15,0.));
#2057=DIRECTION('center_axis',(0.,0.,-1.));
#2058=DIRECTION('ref_axis',(1.,2.2204460492503E-15,0.));
#2059=DIRECTION('center_axis',(0.,0.,-1.));
#2060=DIRECTION('ref_axis',(0.707106781186546,-0.707106781186549,0.));
#2061=DIRECTION('center_axis',(0.,0.,1.));
#2062=DIRECTION('ref_axis',(0.707106781186546,-0.707106781186549,0.));
#2063=DIRECTION('',(0.,0.,1.));
#2064=DIRECTION('',(0.,0.,1.));
#2065=DIRECTION('center_axis',(0.,0.,1.));
#2066=DIRECTION('ref_axis',(-0.707106781186549,0.707106781186546,0.));
#2067=DIRECTION('center_axis',(0.,0.,-1.));
#2068=DIRECTION('ref_axis',(-0.707106781186549,0.707106781186546,0.));
#2069=DIRECTION('',(0.,0.,-1.));
#2070=DIRECTION('center_axis',(0.,0.,-1.));
#2071=DIRECTION('ref_axis',(0.707106781186548,0.707106781186547,0.));
#2072=DIRECTION('',(0.,0.,1.));
#2073=DIRECTION('center_axis',(0.,0.,-1.));
#2074=DIRECTION('ref_axis',(0.707106781186548,0.707106781186547,0.));
#2075=DIRECTION('',(0.,0.,1.));
#2076=DIRECTION('center_axis',(0.,0.,-1.));
#2077=DIRECTION('ref_axis',(-0.707106781186548,-0.707106781186548,0.));
#2078=DIRECTION('center_axis',(0.,0.,1.));
#2079=DIRECTION('ref_axis',(-0.707106781186548,-0.707106781186548,0.));
#2080=DIRECTION('',(0.,0.,-1.));
#2081=DIRECTION('center_axis',(0.,-1.,0.));
#2082=DIRECTION('ref_axis',(-1.,0.,0.));
#2083=DIRECTION('',(-1.,0.,0.));
#2084=DIRECTION('',(0.,0.,1.));
#2085=DIRECTION('center_axis',(0.,0.,1.));
#2086=DIRECTION('ref_axis',(0.707106781186548,-0.707106781186548,0.));
#2087=DIRECTION('center_axis',(0.,0.,-1.));
#2088=DIRECTION('ref_axis',(0.707106781186548,-0.707106781186548,0.));
#2089=DIRECTION('',(0.,0.,-1.));
#2090=DIRECTION('',(0.,0.,-1.));
#2091=DIRECTION('center_axis',(0.,-1.,0.));
#2092=DIRECTION('ref_axis',(1.,0.,0.));
#2093=DIRECTION('',(1.,0.,0.));
#2094=DIRECTION('',(0.,0.,1.));
#2095=DIRECTION('center_axis',(0.,0.,-1.));
#2096=DIRECTION('ref_axis',(-0.707106781186546,0.707106781186549,0.));
#2097=DIRECTION('center_axis',(0.,0.,1.));
#2098=DIRECTION('ref_axis',(-0.707106781186546,0.707106781186549,0.));
#2099=DIRECTION('',(0.,0.,1.));
#2100=DIRECTION('center_axis',(0.,0.,-1.));
#2101=DIRECTION('ref_axis',(0.707106781186548,0.707106781186548,0.));
#2102=DIRECTION('center_axis',(0.,0.,1.));
#2103=DIRECTION('ref_axis',(0.707106781186548,0.707106781186548,0.));
#2104=DIRECTION('',(0.,0.,-1.));
#2105=DIRECTION('',(0.,0.,-1.));
#2106=DIRECTION('center_axis',(0.,1.,0.));
#2107=DIRECTION('ref_axis',(1.,0.,0.));
#2108=DIRECTION('',(1.,0.,0.));
#2109=DIRECTION('',(0.,0.,1.));
#2110=DIRECTION('center_axis',(0.,0.,-1.));
#2111=DIRECTION('ref_axis',(-0.707106781186545,-0.70710678118655,0.));
#2112=DIRECTION('center_axis',(0.,0.,-1.));
#2113=DIRECTION('ref_axis',(-0.707106781186545,-0.70710678118655,0.));
#2114=DIRECTION('center_axis',(0.,0.,1.));
#2115=DIRECTION('ref_axis',(-0.707106781186547,-0.707106781186547,0.));
#2116=DIRECTION('center_axis',(0.,0.,-1.));
#2117=DIRECTION('ref_axis',(-0.707106781186547,-0.707106781186547,0.));
#2118=DIRECTION('',(0.,0.,-1.));
#2119=DIRECTION('center_axis',(0.,0.,-1.));
#2120=DIRECTION('ref_axis',(0.707106781186547,-0.707106781186547,0.));
#2121=DIRECTION('',(0.,0.,1.));
#2122=DIRECTION('center_axis',(0.,0.,-1.));
#2123=DIRECTION('ref_axis',(0.707106781186547,-0.707106781186547,0.));
#2124=DIRECTION('',(0.,0.,-1.));
#2125=DIRECTION('center_axis',(1.,0.,0.));
#2126=DIRECTION('ref_axis',(0.,1.,0.));
#2127=DIRECTION('',(0.,0.,-1.));
#2128=DIRECTION('',(0.,1.,0.));
#2129=DIRECTION('',(0.,0.,-1.));
#2130=DIRECTION('center_axis',(1.,0.,0.));
#2131=DIRECTION('ref_axis',(0.,0.707106781186548,-0.707106781186547));
#2132=DIRECTION('',(0.,-1.,0.));
#2133=DIRECTION('center_axis',(1.,0.,0.));
#2134=DIRECTION('ref_axis',(0.,-0.707106781186548,-0.707106781186547));
#2135=DIRECTION('',(0.,0.,1.));
#2136=DIRECTION('',(0.,1.,0.));
#2137=DIRECTION('center_axis',(0.,0.,1.));
#2138=DIRECTION('ref_axis',(0.707106781186547,0.707106781186547,0.));
#2139=DIRECTION('center_axis',(0.,0.,-1.));
#2140=DIRECTION('ref_axis',(0.707106781186547,0.707106781186547,0.));
#2141=DIRECTION('center_axis',(0.,0.,-1.));
#2142=DIRECTION('ref_axis',(-0.707106781186547,0.707106781186547,0.));
#2143=DIRECTION('',(0.,0.,1.));
#2144=DIRECTION('center_axis',(0.,0.,-1.));
#2145=DIRECTION('ref_axis',(-0.707106781186547,0.707106781186547,0.));
#2146=DIRECTION('',(0.,0.,-1.));
#2147=DIRECTION('center_axis',(0.,-1.,0.));
#2148=DIRECTION('ref_axis',(-1.,0.,0.));
#2149=DIRECTION('',(-1.,0.,0.));
#2150=DIRECTION('center_axis',(0.,1.,0.));
#2151=DIRECTION('ref_axis',(1.,0.,0.));
#2152=DIRECTION('',(1.,0.,0.));
#2153=DIRECTION('center_axis',(0.,0.,1.));
#2154=DIRECTION('ref_axis',(1.,0.,0.));
#2155=DIRECTION('',(-1.,0.,0.));
#2156=DIRECTION('',(0.,-1.,0.));
#2157=DIRECTION('center_axis',(0.,0.,-1.));
#2158=DIRECTION('ref_axis',(1.,0.,0.));
#2159=DIRECTION('center_axis',(0.,0.,-1.));
#2160=DIRECTION('ref_axis',(1.,0.,0.));
#2161=DIRECTION('center_axis',(0.,0.,-1.));
#2162=DIRECTION('ref_axis',(1.,0.,0.));
#2163=DIRECTION('center_axis',(0.,0.,-1.));
#2164=DIRECTION('ref_axis',(1.,0.,0.));
#2165=DIRECTION('',(0.,-1.,0.));
#2166=DIRECTION('center_axis',(0.,0.,-1.));
#2167=DIRECTION('ref_axis',(0.,-1.,0.));
#2168=DIRECTION('',(-1.,0.,0.));
#2169=DIRECTION('center_axis',(0.,0.,-1.));
#2170=DIRECTION('ref_axis',(-1.,0.,0.));
#2171=DIRECTION('',(0.,1.,0.));
#2172=DIRECTION('center_axis',(0.,0.,-1.));
#2173=DIRECTION('ref_axis',(0.,1.,0.));
#2174=DIRECTION('',(1.,0.,0.));
#2175=DIRECTION('center_axis',(0.,0.,-1.));
#2176=DIRECTION('ref_axis',(1.,0.,0.));
#2177=DIRECTION('center_axis',(1.,0.,0.));
#2178=DIRECTION('ref_axis',(0.,-1.,0.));
#2179=DIRECTION('',(0.,-1.,0.));
#2180=DIRECTION('',(0.,0.,-1.));
#2181=DIRECTION('',(0.,0.,-1.));
#2182=DIRECTION('center_axis',(0.,0.,-1.));
#2183=DIRECTION('ref_axis',(1.,0.,0.));
#2184=DIRECTION('center_axis',(0.,0.,-1.));
#2185=DIRECTION('ref_axis',(1.,0.,0.));
#2186=DIRECTION('',(0.,0.,-1.));
#2187=DIRECTION('center_axis',(0.,1.,0.));
#2188=DIRECTION('ref_axis',(1.,0.,0.));
#2189=DIRECTION('',(1.,0.,0.));
#2190=DIRECTION('',(0.,0.,-1.));
#2191=DIRECTION('center_axis',(0.,0.,-1.));
#2192=DIRECTION('ref_axis',(0.,1.,0.));
#2193=DIRECTION('center_axis',(0.,0.,-1.));
#2194=DIRECTION('ref_axis',(0.,1.,0.));
#2195=DIRECTION('',(0.,0.,-1.));
#2196=DIRECTION('center_axis',(-1.,0.,0.));
#2197=DIRECTION('ref_axis',(0.,1.,0.));
#2198=DIRECTION('',(0.,1.,0.));
#2199=DIRECTION('',(0.,0.,-1.));
#2200=DIRECTION('center_axis',(0.,0.,-1.));
#2201=DIRECTION('ref_axis',(-1.,0.,0.));
#2202=DIRECTION('center_axis',(0.,0.,-1.));
#2203=DIRECTION('ref_axis',(-1.,0.,0.));
#2204=DIRECTION('',(0.,0.,-1.));
#2205=DIRECTION('center_axis',(0.,-1.,0.));
#2206=DIRECTION('ref_axis',(-1.,0.,0.));
#2207=DIRECTION('',(-1.,0.,0.));
#2208=DIRECTION('',(0.,0.,-1.));
#2209=DIRECTION('center_axis',(0.,0.,-1.));
#2210=DIRECTION('ref_axis',(0.,-1.,0.));
#2211=DIRECTION('center_axis',(0.,0.,-1.));
#2212=DIRECTION('ref_axis',(0.,-1.,0.));
#2213=DIRECTION('center_axis',(1.,0.,0.));
#2214=DIRECTION('ref_axis',(0.,-1.,0.));
#2215=DIRECTION('',(0.,0.,-1.));
#2216=DIRECTION('',(0.,0.,-1.));
#2217=DIRECTION('center_axis',(0.,0.,-1.));
#2218=DIRECTION('ref_axis',(1.,0.,0.));
#2219=DIRECTION('',(0.,0.,-1.));
#2220=DIRECTION('center_axis',(0.,1.,0.));
#2221=DIRECTION('ref_axis',(1.,0.,0.));
#2222=DIRECTION('',(0.,0.,-1.));
#2223=DIRECTION('center_axis',(0.,0.,-1.));
#2224=DIRECTION('ref_axis',(0.,1.,0.));
#2225=DIRECTION('',(0.,0.,-1.));
#2226=DIRECTION('center_axis',(-1.,0.,0.));
#2227=DIRECTION('ref_axis',(0.,1.,0.));
#2228=DIRECTION('',(0.,0.,-1.));
#2229=DIRECTION('center_axis',(0.,0.,-1.));
#2230=DIRECTION('ref_axis',(-1.,0.,0.));
#2231=DIRECTION('',(0.,0.,-1.));
#2232=DIRECTION('center_axis',(0.,-1.,0.));
#2233=DIRECTION('ref_axis',(-1.,0.,0.));
#2234=DIRECTION('',(0.,0.,-1.));
#2235=DIRECTION('center_axis',(0.,0.,-1.));
#2236=DIRECTION('ref_axis',(0.,-1.,0.));
#2237=DIRECTION('center_axis',(0.,0.,-1.));
#2238=DIRECTION('ref_axis',(1.,0.,0.));
#2239=DIRECTION('',(0.,0.,-1.));
#2240=DIRECTION('center_axis',(0.,0.,-1.));
#2241=DIRECTION('ref_axis',(1.,0.,0.));
#2242=DIRECTION('center_axis',(0.,0.,-1.));
#2243=DIRECTION('ref_axis',(1.,0.,0.));
#2244=DIRECTION('',(0.,0.,-1.));
#2245=DIRECTION('center_axis',(0.,0.,-1.));
#2246=DIRECTION('ref_axis',(1.,0.,0.));
#2247=DIRECTION('center_axis',(0.,0.,-1.));
#2248=DIRECTION('ref_axis',(1.,0.,0.));
#2249=DIRECTION('',(0.,0.,-1.));
#2250=DIRECTION('center_axis',(0.,0.,-1.));
#2251=DIRECTION('ref_axis',(1.,0.,0.));
#2252=DIRECTION('',(0.,0.,-1.));
#2253=DIRECTION('center_axis',(-1.,0.,0.));
#2254=DIRECTION('ref_axis',(0.,-0.707106781186548,-0.707106781186547));
#2255=DIRECTION('',(-1.,0.,0.));
#2256=DIRECTION('center_axis',(-1.,0.,0.));
#2257=DIRECTION('ref_axis',(0.,-0.707106781186548,-0.707106781186547));
#2258=DIRECTION('',(1.,0.,0.));
#2259=DIRECTION('center_axis',(0.,0.,-1.));
#2260=DIRECTION('ref_axis',(-1.,0.,0.));
#2261=DIRECTION('',(1.,0.,0.));
#2262=DIRECTION('',(0.,1.,0.));
#2263=DIRECTION('center_axis',(1.,0.,0.));
#2264=DIRECTION('ref_axis',(0.,0.707106781186548,-0.707106781186547));
#2265=DIRECTION('center_axis',(-1.,0.,0.));
#2266=DIRECTION('ref_axis',(0.,0.707106781186548,-0.707106781186547));
#2267=DIRECTION('',(-1.,0.,0.));
#2268=DIRECTION('center_axis',(0.,1.,0.));
#2269=DIRECTION('ref_axis',(1.,0.,0.));
#2270=DIRECTION('',(1.,0.,0.));
#2271=DIRECTION('',(0.,0.,1.));
#2272=DIRECTION('center_axis',(0.,-1.,0.));
#2273=DIRECTION('ref_axis',(-1.,0.,0.));
#2274=DIRECTION('',(0.,0.,-1.));
#2275=DIRECTION('center_axis',(0.,0.,1.));
#2276=DIRECTION('ref_axis',(1.,0.,0.));
#2277=DIRECTION('',(0.,-1.,0.));
#2278=DIRECTION('',(-1.,0.,0.));
#2279=DIRECTION('center_axis',(0.,0.,-1.));
#2280=DIRECTION('ref_axis',(1.,0.,0.));
#2281=DIRECTION('center_axis',(0.,0.,-1.));
#2282=DIRECTION('ref_axis',(1.,0.,0.));
#2283=DIRECTION('center_axis',(-1.,0.,0.));
#2284=DIRECTION('ref_axis',(0.,-1.,0.));
#2285=DIRECTION('center_axis',(0.,0.,-1.));
#2286=DIRECTION('ref_axis',(1.,0.,0.));
#2287=DIRECTION('center_axis',(0.,0.,-1.));
#2288=DIRECTION('ref_axis',(1.,0.,0.));
#2289=DIRECTION('center_axis',(0.,0.,-1.));
#2290=DIRECTION('ref_axis',(1.,0.,0.));
#2291=DIRECTION('center_axis',(0.,0.,-1.));
#2292=DIRECTION('ref_axis',(1.,0.,0.));
#2293=DIRECTION('',(0.,0.,-1.));
#2294=DIRECTION('center_axis',(0.,0.,-1.));
#2295=DIRECTION('ref_axis',(1.,0.,0.));
#2296=DIRECTION('',(0.,0.,-1.));
#2297=DIRECTION('center_axis',(0.,0.,-1.));
#2298=DIRECTION('ref_axis',(1.,0.,0.));
#2299=DIRECTION('center_axis',(0.,0.,-1.));
#2300=DIRECTION('ref_axis',(1.,0.,0.));
#2301=DIRECTION('center_axis',(0.,0.,-1.));
#2302=DIRECTION('ref_axis',(1.,0.,0.));
#2303=DIRECTION('center_axis',(0.,0.,-1.));
#2304=DIRECTION('ref_axis',(1.,0.,0.));
#2305=DIRECTION('',(0.,0.,-1.));
#2306=DIRECTION('center_axis',(0.,0.,-1.));
#2307=DIRECTION('ref_axis',(1.,0.,0.));
#2308=DIRECTION('',(0.,0.,-1.));
#2309=DIRECTION('center_axis',(0.,0.,-1.));
#2310=DIRECTION('ref_axis',(1.,0.,0.));
#2311=DIRECTION('center_axis',(0.,0.,-1.));
#2312=DIRECTION('ref_axis',(1.,0.,0.));
#2313=DIRECTION('center_axis',(0.,0.,-1.));
#2314=DIRECTION('ref_axis',(1.,0.,0.));
#2315=DIRECTION('center_axis',(0.,0.,-1.));
#2316=DIRECTION('ref_axis',(1.,0.,0.));
#2317=DIRECTION('',(0.,0.,-1.));
#2318=DIRECTION('center_axis',(0.,0.,-1.));
#2319=DIRECTION('ref_axis',(1.,0.,0.));
#2320=DIRECTION('',(0.,0.,-1.));
#2321=DIRECTION('center_axis',(0.,0.,-1.));
#2322=DIRECTION('ref_axis',(1.,0.,0.));
#2323=DIRECTION('center_axis',(0.,0.,-1.));
#2324=DIRECTION('ref_axis',(1.,0.,0.));
#2325=DIRECTION('center_axis',(0.,0.,-1.));
#2326=DIRECTION('ref_axis',(1.,0.,0.));
#2327=DIRECTION('center_axis',(0.,0.,-1.));
#2328=DIRECTION('ref_axis',(1.,0.,0.));
#2329=DIRECTION('',(0.,0.,-1.));
#2330=DIRECTION('center_axis',(0.,0.,-1.));
#2331=DIRECTION('ref_axis',(1.,0.,0.));
#2332=DIRECTION('',(0.,0.,-1.));
#2333=DIRECTION('center_axis',(0.,1.,0.));
#2334=DIRECTION('ref_axis',(-1.,0.,0.));
#2335=CARTESIAN_POINT('',(0.,0.,0.));
#2336=CARTESIAN_POINT('Origin',(0.,-8.88178419700125E-15,-0.25));
#2337=CARTESIAN_POINT('',(-21.,39.,-0.25));
#2338=CARTESIAN_POINT('',(-19.,41.,-0.25));
#2339=CARTESIAN_POINT('Origin',(-19.,39.,-0.25));
#2340=CARTESIAN_POINT('',(19.,41.,-0.25));
#2341=CARTESIAN_POINT('',(-41.,41.,-0.25));
#2342=CARTESIAN_POINT('',(21.,39.,-0.25));
#2343=CARTESIAN_POINT('Origin',(19.,39.,-0.25));
#2344=CARTESIAN_POINT('',(23.,37.,-0.25));
#2345=CARTESIAN_POINT('Origin',(23.,39.,-0.25));
#2346=CARTESIAN_POINT('',(36.,37.,-0.25));
#2347=CARTESIAN_POINT('',(20.5,37.,-0.25));
#2348=CARTESIAN_POINT('',(41.,32.,-0.25));
#2349=CARTESIAN_POINT('Origin',(36.,32.,-0.25));
#2350=CARTESIAN_POINT('',(41.,-32.,-0.25));
#2351=CARTESIAN_POINT('',(41.,41.,-0.25));
#2352=CARTESIAN_POINT('',(36.,-37.,-0.25));
#2353=CARTESIAN_POINT('Origin',(36.,-32.,-0.25));
#2354=CARTESIAN_POINT('',(23.,-37.,-0.25));
#2355=CARTESIAN_POINT('',(10.5,-37.,-0.25));
#2356=CARTESIAN_POINT('',(21.,-39.,-0.25));
#2357=CARTESIAN_POINT('Origin',(23.,-39.,-0.25));
#2358=CARTESIAN_POINT('',(19.,-41.,-0.25));
#2359=CARTESIAN_POINT('Origin',(19.,-39.,-0.25));
#2360=CARTESIAN_POINT('',(-19.,-41.,-0.25));
#2361=CARTESIAN_POINT('',(41.,-41.,-0.25));
#2362=CARTESIAN_POINT('',(-21.,-39.,-0.25));
#2363=CARTESIAN_POINT('Origin',(-19.,-39.,-0.25));
#2364=CARTESIAN_POINT('',(-23.,-37.,-0.25));
#2365=CARTESIAN_POINT('Origin',(-23.,-39.,-0.25));
#2366=CARTESIAN_POINT('',(-36.,-37.,-0.25));
#2367=CARTESIAN_POINT('',(-20.5,-37.,-0.25));
#2368=CARTESIAN_POINT('',(-41.,-32.,-0.25));
#2369=CARTESIAN_POINT('Origin',(-36.,-32.,-0.25));
#2370=CARTESIAN_POINT('',(-41.,32.,-0.25));
#2371=CARTESIAN_POINT('',(-41.,-41.,-0.25));
#2372=CARTESIAN_POINT('',(-36.,37.,-0.25));
#2373=CARTESIAN_POINT('Origin',(-36.,32.,-0.25));
#2374=CARTESIAN_POINT('',(-23.,37.,-0.25));
#2375=CARTESIAN_POINT('',(-10.5,37.,-0.25));
#2376=CARTESIAN_POINT('Origin',(-23.,39.,-0.25));
#2377=CARTESIAN_POINT('',(-37.5,10.6063852434253,-0.25));
#2378=CARTESIAN_POINT('',(-37.5,-10.6063852434253,-0.25));
#2379=CARTESIAN_POINT('',(-37.5,-5.30319262171263,-0.25));
#2380=CARTESIAN_POINT('',(-36.1797722011892,-11.5537258141119,-0.25));
#2381=CARTESIAN_POINT('Origin',(-36.5,-10.6063852434253,-0.25));
#2382=CARTESIAN_POINT('',(-4.80254921573076,-0.947340570686594,-0.25));
#2383=CARTESIAN_POINT('',(-2.50382045252463,-0.170305495147695,-0.25));
#2384=CARTESIAN_POINT('',(-4.80254921573075,0.947340570686594,-0.25));
#2385=CARTESIAN_POINT('Origin',(-5.12277701454154,2.08166817117217E-16,
-0.25));
#2386=CARTESIAN_POINT('',(-36.1797722011892,11.5537258141118,-0.25));
#2387=CARTESIAN_POINT('',(-18.1924319452539,5.47349811686032,-0.25));
#2388=CARTESIAN_POINT('Origin',(-36.5,10.6063852434253,-0.25));
#2389=CARTESIAN_POINT('',(-0.316227765310018,-2.10540928464388,-0.25));
#2390=CARTESIAN_POINT('',(-30.1539500906228,-12.0513167017139,-0.25));
#2391=CARTESIAN_POINT('',(-14.7769750414371,-6.92565836471502,-0.25));
#2392=CARTESIAN_POINT('',(-29.8377223253128,-14.,-0.25));
#2393=CARTESIAN_POINT('Origin',(-29.8377223253128,-13.,-0.25));
#2394=CARTESIAN_POINT('',(29.8377223253128,-14.,-0.25));
#2395=CARTESIAN_POINT('',(14.9188611626564,-14.,-0.25));
#2396=CARTESIAN_POINT('',(30.1539500906228,-12.0513167017139,-0.25));
#2397=CARTESIAN_POINT('Origin',(29.8377223253128,-13.,-0.25));
#2398=CARTESIAN_POINT('',(0.316227765310013,-2.10540928464387,-0.25));
#2399=CARTESIAN_POINT('',(-0.141886121219293,-1.95270465618002,-0.25));
#2400=CARTESIAN_POINT('Origin',(8.67361737988404E-16,-3.05409258293,-0.25));
#2401=CARTESIAN_POINT('',(0.316227765310018,2.10540928464388,-0.25));
#2402=CARTESIAN_POINT('',(30.1539500906228,12.0513167017139,-0.25));
#2403=CARTESIAN_POINT('',(14.7769750414371,6.92565836471502,-0.25));
#2404=CARTESIAN_POINT('',(29.8377223253128,14.,-0.25));
#2405=CARTESIAN_POINT('Origin',(29.8377223253128,13.,-0.25));
#2406=CARTESIAN_POINT('',(-29.8377223253128,14.,-0.25));
#2407=CARTESIAN_POINT('',(-14.9188611626564,14.,-0.25));
#2408=CARTESIAN_POINT('',(-30.1539500906228,12.0513167017139,-0.25));
#2409=CARTESIAN_POINT('Origin',(-29.8377223253128,13.,-0.25));
#2410=CARTESIAN_POINT('',(-0.316227765310013,2.10540928464387,-0.25));
#2411=CARTESIAN_POINT('',(0.141886121219297,1.95270465618002,-0.25));
#2412=CARTESIAN_POINT('Origin',(-7.97972798949331E-16,3.05409258292999,
-0.25));
#2413=CARTESIAN_POINT('',(36.1797722011892,11.5537258141119,-0.25));
#2414=CARTESIAN_POINT('',(4.80254921573076,0.947340570686594,-0.25));
#2415=CARTESIAN_POINT('',(2.50382045252462,0.170305495147694,-0.25));
#2416=CARTESIAN_POINT('',(4.80254921573076,-0.947340570686594,-0.25));
#2417=CARTESIAN_POINT('Origin',(5.12277701454153,-6.93889390390723E-17,
-0.25));
#2418=CARTESIAN_POINT('',(36.1797722011892,-11.5537258141118,-0.25));
#2419=CARTESIAN_POINT('',(18.1924319452539,-5.47349811686032,-0.25));
#2420=CARTESIAN_POINT('',(37.5,-10.6063852434253,-0.25));
#2421=CARTESIAN_POINT('Origin',(36.5,-10.6063852434253,-0.25));
#2422=CARTESIAN_POINT('',(37.5,10.6063852434253,-0.25));
#2423=CARTESIAN_POINT('',(37.5,5.30319262171262,-0.25));
#2424=CARTESIAN_POINT('Origin',(36.5,10.6063852434253,-0.25));
#2425=CARTESIAN_POINT('',(-36.75,-30.,-0.25));
#2426=CARTESIAN_POINT('Origin',(-34.,-30.,-0.25));
#2427=CARTESIAN_POINT('',(31.25,30.,-0.25));
#2428=CARTESIAN_POINT('Origin',(34.,30.,-0.25));
#2429=CARTESIAN_POINT('',(-36.75,30.,-0.25));
#2430=CARTESIAN_POINT('Origin',(-34.,30.,-0.25));
#2431=CARTESIAN_POINT('',(31.25,-30.,-0.25));
#2432=CARTESIAN_POINT('Origin',(34.,-30.,-0.25));
#2433=CARTESIAN_POINT('',(-12.5,-34.75,-0.25));
#2434=CARTESIAN_POINT('Origin',(-10.,-34.75,-0.25));
#2435=CARTESIAN_POINT('',(-12.5,34.75,-0.25));
#2436=CARTESIAN_POINT('Origin',(-10.,34.75,-0.25));
#2437=CARTESIAN_POINT('',(7.5,34.75,-0.25));
#2438=CARTESIAN_POINT('Origin',(10.,34.75,-0.25));
#2439=CARTESIAN_POINT('',(7.5,-34.75,-0.25));
#2440=CARTESIAN_POINT('Origin',(10.,-34.75,-0.25));
#2441=CARTESIAN_POINT('',(27.5,-27.05,-0.25));
#2442=CARTESIAN_POINT('',(27.5,-24.05,-0.25));
#2443=CARTESIAN_POINT('',(27.5,-12.025,-0.25));
#2444=CARTESIAN_POINT('',(25.5,-22.05,-0.25));
#2445=CARTESIAN_POINT('Origin',(25.5,-24.05,-0.25));
#2446=CARTESIAN_POINT('',(-25.5,-22.05,-0.25));
#2447=CARTESIAN_POINT('',(-12.75,-22.05,-0.25));
#2448=CARTESIAN_POINT('',(-27.5,-24.05,-0.25));
#2449=CARTESIAN_POINT('Origin',(-25.5,-24.05,-0.25));
#2450=CARTESIAN_POINT('',(-27.5,-27.05,-0.25));
#2451=CARTESIAN_POINT('',(-27.5,-13.525,-0.25));
#2452=CARTESIAN_POINT('',(-25.5,-29.05,-0.25));
#2453=CARTESIAN_POINT('Origin',(-25.5,-27.05,-0.25));
#2454=CARTESIAN_POINT('',(25.5,-29.05,-0.25));
#2455=CARTESIAN_POINT('',(12.75,-29.05,-0.25));
#2456=CARTESIAN_POINT('Origin',(25.5,-27.05,-0.25));
#2457=CARTESIAN_POINT('',(27.5,24.05,-0.25));
#2458=CARTESIAN_POINT('',(27.5,27.05,-0.25));
#2459=CARTESIAN_POINT('',(27.5,13.525,-0.25));
#2460=CARTESIAN_POINT('',(25.5,29.05,-0.25));
#2461=CARTESIAN_POINT('Origin',(25.5,27.05,-0.25));
#2462=CARTESIAN_POINT('',(-25.5,29.05,-0.25));
#2463=CARTESIAN_POINT('',(-12.75,29.05,-0.25));
#2464=CARTESIAN_POINT('',(-27.5,27.05,-0.25));
#2465=CARTESIAN_POINT('Origin',(-25.5,27.05,-0.25));
#2466=CARTESIAN_POINT('',(-27.5,24.05,-0.25));
#2467=CARTESIAN_POINT('',(-27.5,12.025,-0.25));
#2468=CARTESIAN_POINT('',(-25.5,22.05,-0.25));
#2469=CARTESIAN_POINT('Origin',(-25.5,24.05,-0.25));
#2470=CARTESIAN_POINT('',(25.5,22.05,-0.25));
#2471=CARTESIAN_POINT('',(12.75,22.05,-0.25));
#2472=CARTESIAN_POINT('Origin',(25.5,24.05,-0.25));
#2473=CARTESIAN_POINT('Origin',(-37.5,-10.6063852434253,2.));
#2474=CARTESIAN_POINT('',(-37.5,-10.6063852434253,2.));
#2475=CARTESIAN_POINT('',(-37.5,10.6063852434253,2.));
#2476=CARTESIAN_POINT('',(-37.5,-5.30319262171263,2.));
#2477=CARTESIAN_POINT('',(-37.5,-10.6063852434253,0.));
#2478=CARTESIAN_POINT('',(-37.5,10.6063852434253,2.));
#2479=CARTESIAN_POINT('Origin',(-36.5,-10.6063852434253,2.));
#2480=CARTESIAN_POINT('',(-36.1797722011892,-11.5537258141119,2.));
#2481=CARTESIAN_POINT('Origin',(-36.5,-10.6063852434253,2.));
#2482=CARTESIAN_POINT('',(-36.1797722011892,-11.5537258141119,0.));
#2483=CARTESIAN_POINT('Origin',(-4.80254921573075,-0.947340570686595,2.));
#2484=CARTESIAN_POINT('',(-4.80254921573075,-0.947340570686595,2.));
#2485=CARTESIAN_POINT('',(-2.50382045252463,-0.170305495147694,2.));
#2486=CARTESIAN_POINT('',(-4.80254921573076,-0.947340570686594,0.));
#2487=CARTESIAN_POINT('Origin',(-5.12277701454154,2.08166817117217E-16,
2.));
#2488=CARTESIAN_POINT('',(-4.80254921573075,0.947340570686594,2.));
#2489=CARTESIAN_POINT('Origin',(-5.12277701454154,2.08166817117217E-16,
2.));
#2490=CARTESIAN_POINT('',(-4.80254921573075,0.947340570686594,0.));
#2491=CARTESIAN_POINT('Origin',(-36.1797722011892,11.5537258141118,2.));
#2492=CARTESIAN_POINT('',(-36.1797722011892,11.5537258141118,2.));
#2493=CARTESIAN_POINT('',(-18.1924319452539,5.47349811686032,2.));
#2494=CARTESIAN_POINT('',(-36.1797722011892,11.5537258141118,0.));
#2495=CARTESIAN_POINT('Origin',(-36.5,10.6063852434253,2.));
#2496=CARTESIAN_POINT('Origin',(-36.5,10.6063852434253,2.));
#2497=CARTESIAN_POINT('Origin',(-30.1539500906228,-12.0513167017139,2.));
#2498=CARTESIAN_POINT('',(-30.1539500906228,-12.0513167017139,2.));
#2499=CARTESIAN_POINT('',(-0.316227765310017,-2.10540928464388,2.));
#2500=CARTESIAN_POINT('',(-14.7769750414371,-6.92565836471502,2.));
#2501=CARTESIAN_POINT('',(-30.1539500906228,-12.0513167017139,0.));
#2502=CARTESIAN_POINT('',(-0.316227765310017,-2.10540928464388,2.));
#2503=CARTESIAN_POINT('Origin',(-29.8377223253128,-13.,2.));
#2504=CARTESIAN_POINT('',(-29.8377223253128,-14.,2.));
#2505=CARTESIAN_POINT('Origin',(-29.8377223253128,-13.,2.));
#2506=CARTESIAN_POINT('',(-29.8377223253128,-14.,0.));
#2507=CARTESIAN_POINT('Origin',(29.8377223253128,-14.,2.));
#2508=CARTESIAN_POINT('',(29.8377223253128,-14.,2.));
#2509=CARTESIAN_POINT('',(14.9188611626564,-14.,2.));
#2510=CARTESIAN_POINT('',(29.8377223253128,-14.,0.));
#2511=CARTESIAN_POINT('Origin',(29.8377223253128,-13.,2.));
#2512=CARTESIAN_POINT('',(30.1539500906228,-12.0513167017139,2.));
#2513=CARTESIAN_POINT('Origin',(29.8377223253128,-13.,2.));
#2514=CARTESIAN_POINT('',(30.1539500906228,-12.0513167017139,0.));
#2515=CARTESIAN_POINT('Origin',(0.316227765310014,-2.10540928464387,2.));
#2516=CARTESIAN_POINT('',(0.316227765310014,-2.10540928464387,2.));
#2517=CARTESIAN_POINT('',(-0.141886121219295,-1.95270465618002,2.));
#2518=CARTESIAN_POINT('',(0.316227765310014,-2.10540928464387,0.));
#2519=CARTESIAN_POINT('Origin',(8.67361737988404E-16,-3.05409258293,2.));
#2520=CARTESIAN_POINT('Origin',(8.67361737988404E-16,-3.05409258293,2.));
#2521=CARTESIAN_POINT('Origin',(30.1539500906228,12.0513167017139,2.));
#2522=CARTESIAN_POINT('',(30.1539500906228,12.0513167017139,2.));
#2523=CARTESIAN_POINT('',(0.316227765310018,2.10540928464388,2.));
#2524=CARTESIAN_POINT('',(14.7769750414371,6.92565836471502,2.));
#2525=CARTESIAN_POINT('',(30.1539500906228,12.0513167017139,0.));
#2526=CARTESIAN_POINT('',(0.316227765310018,2.10540928464388,2.));
#2527=CARTESIAN_POINT('Origin',(29.8377223253128,13.,2.));
#2528=CARTESIAN_POINT('',(29.8377223253128,14.,2.));
#2529=CARTESIAN_POINT('Origin',(29.8377223253128,13.,2.));
#2530=CARTESIAN_POINT('',(29.8377223253128,14.,0.));
#2531=CARTESIAN_POINT('Origin',(-29.8377223253128,14.,2.));
#2532=CARTESIAN_POINT('',(-29.8377223253128,14.,2.));
#2533=CARTESIAN_POINT('',(-14.9188611626564,14.,2.));
#2534=CARTESIAN_POINT('',(-29.8377223253128,14.,0.));
#2535=CARTESIAN_POINT('Origin',(-29.8377223253128,13.,2.));
#2536=CARTESIAN_POINT('',(-30.1539500906228,12.0513167017139,2.));
#2537=CARTESIAN_POINT('Origin',(-29.8377223253128,13.,2.));
#2538=CARTESIAN_POINT('',(-30.1539500906228,12.0513167017139,0.));
#2539=CARTESIAN_POINT('Origin',(-0.316227765310013,2.10540928464387,2.));
#2540=CARTESIAN_POINT('',(-0.316227765310013,2.10540928464387,2.));
#2541=CARTESIAN_POINT('',(0.141886121219295,1.95270465618002,2.));
#2542=CARTESIAN_POINT('',(-0.316227765310013,2.10540928464387,0.));
#2543=CARTESIAN_POINT('Origin',(-7.97972798949331E-16,3.05409258292999,
2.));
#2544=CARTESIAN_POINT('Origin',(-7.97972798949331E-16,3.05409258292999,
2.));
#2545=CARTESIAN_POINT('Origin',(4.80254921573075,0.947340570686595,2.));
#2546=CARTESIAN_POINT('',(4.80254921573075,0.947340570686595,2.));
#2547=CARTESIAN_POINT('',(36.1797722011892,11.5537258141119,2.));
#2548=CARTESIAN_POINT('',(2.50382045252463,0.170305495147694,2.));
#2549=CARTESIAN_POINT('',(4.80254921573075,0.947340570686594,0.));
#2550=CARTESIAN_POINT('',(36.1797722011892,11.5537258141119,2.));
#2551=CARTESIAN_POINT('Origin',(5.12277701454153,-6.93889390390723E-17,
2.));
#2552=CARTESIAN_POINT('',(4.80254921573075,-0.947340570686595,2.));
#2553=CARTESIAN_POINT('Origin',(5.12277701454153,-6.93889390390723E-17,
2.));
#2554=CARTESIAN_POINT('',(4.80254921573075,-0.947340570686594,0.));
#2555=CARTESIAN_POINT('Origin',(36.1797722011892,-11.5537258141118,2.));
#2556=CARTESIAN_POINT('',(36.1797722011892,-11.5537258141118,2.));
#2557=CARTESIAN_POINT('',(18.1924319452539,-5.47349811686032,2.));
#2558=CARTESIAN_POINT('',(36.1797722011892,-11.5537258141118,0.));
#2559=CARTESIAN_POINT('Origin',(36.5,-10.6063852434253,2.));
#2560=CARTESIAN_POINT('',(37.5,-10.6063852434253,2.));
#2561=CARTESIAN_POINT('Origin',(36.5,-10.6063852434253,2.));
#2562=CARTESIAN_POINT('',(37.5,-10.6063852434253,0.));
#2563=CARTESIAN_POINT('Origin',(37.5,10.6063852434253,2.));
#2564=CARTESIAN_POINT('',(37.5,10.6063852434253,2.));
#2565=CARTESIAN_POINT('',(37.5,5.30319262171262,2.));
#2566=CARTESIAN_POINT('',(37.5,10.6063852434253,0.));
#2567=CARTESIAN_POINT('Origin',(36.5,10.6063852434253,2.));
#2568=CARTESIAN_POINT('Origin',(36.5,10.6063852434253,2.));
#2569=CARTESIAN_POINT('Origin',(-23.,39.,6.5));
#2570=CARTESIAN_POINT('',(-23.,37.,6.5));
#2571=CARTESIAN_POINT('',(-21.,39.,6.5));
#2572=CARTESIAN_POINT('Origin',(-23.,39.,6.5));
#2573=CARTESIAN_POINT('',(-21.,39.,3.25));
#2574=CARTESIAN_POINT('',(-23.,37.,6.5));
#2575=CARTESIAN_POINT('Origin',(-19.,39.,3.25));
#2576=CARTESIAN_POINT('',(-19.,41.,6.5));
#2577=CARTESIAN_POINT('Origin',(-19.,39.,6.5));
#2578=CARTESIAN_POINT('',(-19.,41.,3.25));
#2579=CARTESIAN_POINT('Origin',(19.,39.,3.25));
#2580=CARTESIAN_POINT('',(19.,41.,6.5));
#2581=CARTESIAN_POINT('',(19.,41.,3.25));
#2582=CARTESIAN_POINT('',(21.,39.,6.5));
#2583=CARTESIAN_POINT('Origin',(19.,39.,6.5));
#2584=CARTESIAN_POINT('',(21.,39.,6.5));
#2585=CARTESIAN_POINT('Origin',(23.,39.,6.5));
#2586=CARTESIAN_POINT('',(23.,37.,6.5));
#2587=CARTESIAN_POINT('Origin',(23.,39.,6.5));
#2588=CARTESIAN_POINT('',(23.,37.,6.5));
#2589=CARTESIAN_POINT('Origin',(41.,37.,6.5));
#2590=CARTESIAN_POINT('',(36.,37.,6.5));
#2591=CARTESIAN_POINT('',(20.5,37.,6.5));
#2592=CARTESIAN_POINT('',(36.,37.,3.25));
#2593=CARTESIAN_POINT('Origin',(19.,-39.,3.25));
#2594=CARTESIAN_POINT('',(21.,-39.,6.5));
#2595=CARTESIAN_POINT('',(19.,-41.,6.5));
#2596=CARTESIAN_POINT('Origin',(19.,-39.,6.5));
#2597=CARTESIAN_POINT('',(19.,-41.,3.25));
#2598=CARTESIAN_POINT('',(21.,-39.,6.5));
#2599=CARTESIAN_POINT('Origin',(-41.,-41.,0.));
#2600=CARTESIAN_POINT('',(-19.,-41.,6.5));
#2601=CARTESIAN_POINT('',(41.,-41.,6.5));
#2602=CARTESIAN_POINT('',(-19.,-41.,3.25));
#2603=CARTESIAN_POINT('Origin',(23.,-39.,6.5));
#2604=CARTESIAN_POINT('',(23.,-37.,6.5));
#2605=CARTESIAN_POINT('Origin',(23.,-39.,6.5));
#2606=CARTESIAN_POINT('',(23.,-37.,6.5));
#2607=CARTESIAN_POINT('Origin',(-23.,-39.,6.5));
#2608=CARTESIAN_POINT('',(-21.,-39.,6.5));
#2609=CARTESIAN_POINT('',(-23.,-37.,6.5));
#2610=CARTESIAN_POINT('Origin',(-23.,-39.,6.5));
#2611=CARTESIAN_POINT('',(-23.,-37.,6.5));
#2612=CARTESIAN_POINT('',(-21.,-39.,3.25));
#2613=CARTESIAN_POINT('Origin',(-41.,-37.,6.5));
#2614=CARTESIAN_POINT('',(-36.,-37.,6.5));
#2615=CARTESIAN_POINT('',(-20.5,-37.,6.5));
#2616=CARTESIAN_POINT('',(-36.,-37.,3.25));
#2617=CARTESIAN_POINT('Origin',(-19.,-39.,3.25));
#2618=CARTESIAN_POINT('Origin',(-19.,-39.,6.5));
#2619=CARTESIAN_POINT('Origin',(-36.,-32.,3.25));
#2620=CARTESIAN_POINT('',(-41.,-32.,6.5));
#2621=CARTESIAN_POINT('Origin',(-36.,-32.,6.5));
#2622=CARTESIAN_POINT('',(-41.,-32.,3.25));
#2623=CARTESIAN_POINT('Origin',(36.,-32.,3.25));
#2624=CARTESIAN_POINT('',(41.,-32.,6.5));
#2625=CARTESIAN_POINT('',(41.,-32.,3.25));
#2626=CARTESIAN_POINT('',(36.,-37.,6.5));
#2627=CARTESIAN_POINT('Origin',(36.,-32.,6.5));
#2628=CARTESIAN_POINT('',(36.,-37.,3.25));
#2629=CARTESIAN_POINT('Origin',(41.,-41.,0.));
#2630=CARTESIAN_POINT('',(41.,32.,6.5));
#2631=CARTESIAN_POINT('',(41.,32.,3.25));
#2632=CARTESIAN_POINT('',(41.,19.05,6.5));
#2633=CARTESIAN_POINT('',(41.,41.,6.5));
#2634=CARTESIAN_POINT('',(41.,19.05,5.));
#2635=CARTESIAN_POINT('',(41.,19.05,3.25));
#2636=CARTESIAN_POINT('',(41.,16.05,2.));
#2637=CARTESIAN_POINT('Origin',(41.,16.05,5.));
#2638=CARTESIAN_POINT('',(41.,-16.05,2.));
#2639=CARTESIAN_POINT('',(41.,-20.5,2.));
#2640=CARTESIAN_POINT('',(41.,-19.05,5.));
#2641=CARTESIAN_POINT('Origin',(41.,-16.05,5.));
#2642=CARTESIAN_POINT('',(41.,-19.05,6.5));
#2643=CARTESIAN_POINT('',(41.,-19.05,3.25));
#2644=CARTESIAN_POINT('',(41.,41.,6.5));
#2645=CARTESIAN_POINT('Origin',(36.,32.,3.25));
#2646=CARTESIAN_POINT('Origin',(36.,32.,6.5));
#2647=CARTESIAN_POINT('Origin',(-36.,32.,3.25));
#2648=CARTESIAN_POINT('',(-41.,32.,6.5));
#2649=CARTESIAN_POINT('',(-41.,32.,3.25));
#2650=CARTESIAN_POINT('',(-36.,37.,6.5));
#2651=CARTESIAN_POINT('Origin',(-36.,32.,6.5));
#2652=CARTESIAN_POINT('',(-36.,37.,3.25));
#2653=CARTESIAN_POINT('Origin',(-21.,37.,6.5));
#2654=CARTESIAN_POINT('',(-10.5,37.,6.5));
#2655=CARTESIAN_POINT('Origin',(21.,-37.,6.5));
#2656=CARTESIAN_POINT('',(10.5,-37.,6.5));
#2657=CARTESIAN_POINT('Origin',(0.,-8.88178419700125E-15,6.5));
#2658=CARTESIAN_POINT('',(-41.,-19.05,6.5));
#2659=CARTESIAN_POINT('',(20.5,-19.05,6.5));
#2660=CARTESIAN_POINT('',(-41.,-41.,6.5));
#2661=CARTESIAN_POINT('',(29.,-30.,6.5));
#2662=CARTESIAN_POINT('Origin',(34.,-30.,6.5));
#2663=CARTESIAN_POINT('',(-39.,-30.,6.5));
#2664=CARTESIAN_POINT('Origin',(-34.,-30.,6.5));
#2665=CARTESIAN_POINT('',(-12.5,-34.75,6.5));
#2666=CARTESIAN_POINT('Origin',(-10.,-34.75,6.5));
#2667=CARTESIAN_POINT('',(7.5,-34.75,6.5));
#2668=CARTESIAN_POINT('Origin',(10.,-34.75,6.5));
#2669=CARTESIAN_POINT('',(27.5,-24.05,6.5));
#2670=CARTESIAN_POINT('',(27.5,-27.05,6.5));
#2671=CARTESIAN_POINT('',(27.5,-12.025,6.5));
#2672=CARTESIAN_POINT('',(25.5,-29.05,6.5));
#2673=CARTESIAN_POINT('Origin',(25.5,-27.05,6.5));
#2674=CARTESIAN_POINT('',(-25.5,-29.05,6.5));
#2675=CARTESIAN_POINT('',(12.75,-29.05,6.5));
#2676=CARTESIAN_POINT('',(-27.5,-27.05,6.5));
#2677=CARTESIAN_POINT('Origin',(-25.5,-27.05,6.5));
#2678=CARTESIAN_POINT('',(-27.5,-24.05,6.5));
#2679=CARTESIAN_POINT('',(-27.5,-13.525,6.5));
#2680=CARTESIAN_POINT('',(-25.5,-22.05,6.5));
#2681=CARTESIAN_POINT('Origin',(-25.5,-24.05,6.5));
#2682=CARTESIAN_POINT('',(25.5,-22.05,6.5));
#2683=CARTESIAN_POINT('',(-12.75,-22.05,6.5));
#2684=CARTESIAN_POINT('Origin',(25.5,-24.05,6.5));
#2685=CARTESIAN_POINT('Origin',(27.5,27.05,6.5));
#2686=CARTESIAN_POINT('',(27.5,27.05,6.5));
#2687=CARTESIAN_POINT('',(27.5,24.05,6.5));
#2688=CARTESIAN_POINT('',(27.5,13.525,6.5));
#2689=CARTESIAN_POINT('',(27.5,27.05,0.));
#2690=CARTESIAN_POINT('',(27.5,24.05,6.5));
#2691=CARTESIAN_POINT('Origin',(25.5,27.05,6.5));
#2692=CARTESIAN_POINT('',(25.5,29.05,6.5));
#2693=CARTESIAN_POINT('Origin',(25.5,27.05,6.5));
#2694=CARTESIAN_POINT('',(25.5,29.05,0.));
#2695=CARTESIAN_POINT('Origin',(-25.5,29.05,6.5));
#2696=CARTESIAN_POINT('',(-25.5,29.05,6.5));
#2697=CARTESIAN_POINT('',(-12.75,29.05,6.5));
#2698=CARTESIAN_POINT('',(-25.5,29.05,0.));
#2699=CARTESIAN_POINT('Origin',(-25.5,27.05,6.5));
#2700=CARTESIAN_POINT('',(-27.5,27.05,6.5));
#2701=CARTESIAN_POINT('Origin',(-25.5,27.05,6.5));
#2702=CARTESIAN_POINT('',(-27.5,27.05,0.));
#2703=CARTESIAN_POINT('Origin',(-27.5,24.05,6.5));
#2704=CARTESIAN_POINT('',(-27.5,24.05,6.5));
#2705=CARTESIAN_POINT('',(-27.5,12.025,6.5));
#2706=CARTESIAN_POINT('',(-27.5,24.05,0.));
#2707=CARTESIAN_POINT('Origin',(-25.5,24.05,6.5));
#2708=CARTESIAN_POINT('',(-25.5,22.05,6.5));
#2709=CARTESIAN_POINT('Origin',(-25.5,24.05,6.5));
#2710=CARTESIAN_POINT('',(-25.5,22.05,0.));
#2711=CARTESIAN_POINT('Origin',(25.5,22.05,6.5));
#2712=CARTESIAN_POINT('',(25.5,22.05,6.5));
#2713=CARTESIAN_POINT('',(12.75,22.05,6.5));
#2714=CARTESIAN_POINT('',(25.5,22.05,0.));
#2715=CARTESIAN_POINT('Origin',(25.5,24.05,6.5));
#2716=CARTESIAN_POINT('Origin',(25.5,24.05,6.5));
#2717=CARTESIAN_POINT('Origin',(27.5,-24.05,6.5));
#2718=CARTESIAN_POINT('',(27.5,-24.05,0.));
#2719=CARTESIAN_POINT('',(27.5,-27.05,6.5));
#2720=CARTESIAN_POINT('Origin',(25.5,-24.05,6.5));
#2721=CARTESIAN_POINT('',(25.5,-22.05,0.));
#2722=CARTESIAN_POINT('Origin',(-25.5,-22.05,6.5));
#2723=CARTESIAN_POINT('',(-25.5,-22.05,0.));
#2724=CARTESIAN_POINT('Origin',(-25.5,-24.05,6.5));
#2725=CARTESIAN_POINT('',(-27.5,-24.05,0.));
#2726=CARTESIAN_POINT('Origin',(-27.5,-27.05,6.5));
#2727=CARTESIAN_POINT('',(-27.5,-27.05,0.));
#2728=CARTESIAN_POINT('Origin',(-25.5,-27.05,6.5));
#2729=CARTESIAN_POINT('',(-25.5,-29.05,0.));
#2730=CARTESIAN_POINT('Origin',(25.5,-29.05,6.5));
#2731=CARTESIAN_POINT('',(25.5,-29.05,0.));
#2732=CARTESIAN_POINT('Origin',(25.5,-27.05,6.5));
#2733=CARTESIAN_POINT('Origin',(10.,-34.75,2.925));
#2734=CARTESIAN_POINT('',(7.5,-34.75,2.925));
#2735=CARTESIAN_POINT('Origin',(10.,34.75,2.925));
#2736=CARTESIAN_POINT('',(7.5,34.75,6.5));
#2737=CARTESIAN_POINT('Origin',(10.,34.75,6.5));
#2738=CARTESIAN_POINT('',(7.5,34.75,2.925));
#2739=CARTESIAN_POINT('Origin',(-10.,34.75,2.925));
#2740=CARTESIAN_POINT('',(-12.5,34.75,6.5));
#2741=CARTESIAN_POINT('Origin',(-10.,34.75,6.5));
#2742=CARTESIAN_POINT('',(-12.5,34.75,2.925));
#2743=CARTESIAN_POINT('Origin',(-10.,-34.75,2.925));
#2744=CARTESIAN_POINT('',(-12.5,-34.75,2.925));
#2745=CARTESIAN_POINT('Origin',(20.5,-16.05,5.));
#2746=CARTESIAN_POINT('',(-41.,-16.05,2.));
#2747=CARTESIAN_POINT('',(20.5,-16.05,2.));
#2748=CARTESIAN_POINT('',(-41.,-19.05,5.));
#2749=CARTESIAN_POINT('Origin',(-41.,-16.05,5.));
#2750=CARTESIAN_POINT('',(20.5,-19.05,5.));
#2751=CARTESIAN_POINT('Origin',(0.,0.,2.));
#2752=CARTESIAN_POINT('',(-41.,16.05,2.));
#2753=CARTESIAN_POINT('',(-20.5,16.05,2.));
#2754=CARTESIAN_POINT('',(-41.,20.5,2.));
#2755=CARTESIAN_POINT('Origin',(-20.5,16.05,5.));
#2756=CARTESIAN_POINT('',(-41.,19.05,5.));
#2757=CARTESIAN_POINT('Origin',(-41.,16.05,5.));
#2758=CARTESIAN_POINT('',(-20.5,19.05,5.));
#2759=CARTESIAN_POINT('Origin',(-41.,19.05,6.5));
#2760=CARTESIAN_POINT('',(-41.,19.05,6.5));
#2761=CARTESIAN_POINT('',(-20.5,19.05,6.5));
#2762=CARTESIAN_POINT('',(-41.,19.05,3.25));
#2763=CARTESIAN_POINT('Origin',(41.,-19.05,6.5));
#2764=CARTESIAN_POINT('',(-41.,-19.05,3.25));
#2765=CARTESIAN_POINT('Origin',(0.,-8.88178419700125E-15,6.5));
#2766=CARTESIAN_POINT('',(-41.,-41.,6.5));
#2767=CARTESIAN_POINT('',(-41.,41.,6.5));
#2768=CARTESIAN_POINT('',(-39.,30.,6.5));
#2769=CARTESIAN_POINT('Origin',(-34.,30.,6.5));
#2770=CARTESIAN_POINT('',(29.,30.,6.5));
#2771=CARTESIAN_POINT('Origin',(34.,30.,6.5));
#2772=CARTESIAN_POINT('Origin',(-41.,41.,0.));
#2773=CARTESIAN_POINT('Origin',(34.,-30.,1.5));
#2774=CARTESIAN_POINT('',(29.,-30.,1.5));
#2775=CARTESIAN_POINT('Origin',(34.,-30.,1.5));
#2776=CARTESIAN_POINT('',(31.25,-30.,1.5));
#2777=CARTESIAN_POINT('Origin',(34.,-30.,1.5));
#2778=CARTESIAN_POINT('Origin',(34.,-30.,4.));
#2779=CARTESIAN_POINT('',(29.,-30.,4.));
#2780=CARTESIAN_POINT('Origin',(34.,-30.,1.5));
#2781=CARTESIAN_POINT('',(31.25,-30.,1.5));
#2782=CARTESIAN_POINT('Origin',(-34.,30.,1.5));
#2783=CARTESIAN_POINT('',(-39.,30.,1.5));
#2784=CARTESIAN_POINT('Origin',(-34.,30.,1.5));
#2785=CARTESIAN_POINT('',(-36.75,30.,1.5));
#2786=CARTESIAN_POINT('Origin',(-34.,30.,1.5));
#2787=CARTESIAN_POINT('Origin',(-34.,30.,4.));
#2788=CARTESIAN_POINT('',(-39.,30.,4.));
#2789=CARTESIAN_POINT('Origin',(-34.,30.,1.5));
#2790=CARTESIAN_POINT('',(-36.75,30.,1.5));
#2791=CARTESIAN_POINT('Origin',(34.,30.,1.5));
#2792=CARTESIAN_POINT('',(29.,30.,1.5));
#2793=CARTESIAN_POINT('Origin',(34.,30.,1.5));
#2794=CARTESIAN_POINT('',(31.25,30.,1.5));
#2795=CARTESIAN_POINT('Origin',(34.,30.,1.5));
#2796=CARTESIAN_POINT('Origin',(34.,30.,4.));
#2797=CARTESIAN_POINT('',(29.,30.,4.));
#2798=CARTESIAN_POINT('Origin',(34.,30.,1.5));
#2799=CARTESIAN_POINT('',(31.25,30.,1.5));
#2800=CARTESIAN_POINT('Origin',(-34.,-30.,1.5));
#2801=CARTESIAN_POINT('',(-39.,-30.,1.5));
#2802=CARTESIAN_POINT('Origin',(-34.,-30.,1.5));
#2803=CARTESIAN_POINT('',(-36.75,-30.,1.5));
#2804=CARTESIAN_POINT('Origin',(-34.,-30.,1.5));
#2805=CARTESIAN_POINT('Origin',(-34.,-30.,4.));
#2806=CARTESIAN_POINT('',(-39.,-30.,4.));
#2807=CARTESIAN_POINT('Origin',(-34.,-30.,1.5));
#2808=CARTESIAN_POINT('',(-36.75,-30.,1.5));
#2809=CARTESIAN_POINT('Origin',(41.,41.,0.));
#2810=UNCERTAINTY_MEASURE_WITH_UNIT(LENGTH_MEASURE(0.01),#2814,
'DISTANCE_ACCURACY_VALUE',
'Maximum model space distance between geometric entities at asserted c
onnectivities');
#2811=UNCERTAINTY_MEASURE_WITH_UNIT(LENGTH_MEASURE(0.01),#2814,
'DISTANCE_ACCURACY_VALUE',
'Maximum model space distance between geometric entities at asserted c
onnectivities');
#2812=(
GEOMETRIC_REPRESENTATION_CONTEXT(3)
GLOBAL_UNCERTAINTY_ASSIGNED_CONTEXT((#2810))
GLOBAL_UNIT_ASSIGNED_CONTEXT((#2814,#2816,#2817))
REPRESENTATION_CONTEXT('','3D')
);
#2813=(
GEOMETRIC_REPRESENTATION_CONTEXT(3)
GLOBAL_UNCERTAINTY_ASSIGNED_CONTEXT((#2811))
GLOBAL_UNIT_ASSIGNED_CONTEXT((#2814,#2816,#2817))
REPRESENTATION_CONTEXT('','3D')
);
#2814=(
LENGTH_UNIT()
NAMED_UNIT(*)
SI_UNIT(.MILLI.,.METRE.)
);
#2815=(
LENGTH_UNIT()
NAMED_UNIT(*)
SI_UNIT($,.METRE.)
);
#2816=(
NAMED_UNIT(*)
PLANE_ANGLE_UNIT()
SI_UNIT($,.RADIAN.)
);
#2817=(
NAMED_UNIT(*)
SI_UNIT($,.STERADIAN.)
SOLID_ANGLE_UNIT()
);
#2818=SHAPE_DEFINITION_REPRESENTATION(#2819,#2820);
#2819=PRODUCT_DEFINITION_SHAPE('',$,#2822);
#2820=SHAPE_REPRESENTATION('',(#1662),#2812);
#2821=PRODUCT_DEFINITION_CONTEXT('part definition',#2826,'design');
#2822=PRODUCT_DEFINITION('LGR RM Carriage Bracket (Defensemen)',
'LGR RM Carriage Bracket (Defensemen) v26',#2823,#2821);
#2823=PRODUCT_DEFINITION_FORMATION('',$,#2828);
#2824=PRODUCT_RELATED_PRODUCT_CATEGORY(
'LGR RM Carriage Bracket (Defensemen) v26',
'LGR RM Carriage Bracket (Defensemen) v26',(#2828));
#2825=APPLICATION_PROTOCOL_DEFINITION('international standard',
'automotive_design',2009,#2826);
#2826=APPLICATION_CONTEXT(
'Core Data for Automotive Mechanical Design Process');
#2827=PRODUCT_CONTEXT('part definition',#2826,'mechanical');
#2828=PRODUCT('LGR RM Carriage Bracket (Defensemen)',
'LGR RM Carriage Bracket (Defensemen) v26',$,(#2827));
#2829=PRESENTATION_STYLE_ASSIGNMENT((#2831));
#2830=PRESENTATION_STYLE_ASSIGNMENT((#2832));
#2831=SURFACE_STYLE_USAGE(.BOTH.,#2833);
#2832=SURFACE_STYLE_USAGE(.BOTH.,#2834);
#2833=SURFACE_SIDE_STYLE('',(#2835));
#2834=SURFACE_SIDE_STYLE('',(#2836));
#2835=SURFACE_STYLE_FILL_AREA(#2837);
#2836=SURFACE_STYLE_FILL_AREA(#2838);
#2837=FILL_AREA_STYLE('Steel - Satin',(#2839));
#2838=FILL_AREA_STYLE('Powder Coat - Rough (Black)',(#2840));
#2839=FILL_AREA_STYLE_COLOUR('Steel - Satin',#2841);
#2840=FILL_AREA_STYLE_COLOUR('Powder Coat - Rough (Black)',#2842);
#2841=COLOUR_RGB('Steel - Satin',0.627450980392157,0.627450980392157,0.627450980392157);
#2842=COLOUR_RGB('Powder Coat - Rough (Black)',0.0705882352941176,0.529411764705882,
0.164705882352941);
ENDSEC;
END-ISO-10303-21;
