ISO-10303-21;
HEADER;
/* Generated by software containing ST-Developer
 * from STEP Tools, Inc. (www.steptools.com) 
 */

FILE_DESCRIPTION(
/* description */ (''),
/* implementation_level */ '2;1');

FILE_NAME(
/* name */ 'Arducam OV9782 Camera Board.step',
/* time_stamp */ '2026-03-25T02:13:29-04:00',
/* author */ (''),
/* organization */ (''),
/* preprocessor_version */ 'ST-DEVELOPER v20.1',
/* originating_system */ 'Autodesk Translation Framework v14.24.0.0',
/* authorisation */ '');

FILE_SCHEMA (('AUTOMOTIVE_DESIGN { 1 0 10303 214 3 1 1 }'));
ENDSEC;

DATA;
#10=MECHANICAL_DESIGN_GEOMETRIC_PRESENTATION_REPRESENTATION('',(#28,#29,
#30,#31,#32,#33,#34,#35,#36),#11693);
#11=ITEM_DEFINED_TRANSFORMATION($,$,#3947,#4373);
#12=ITEM_DEFINED_TRANSFORMATION($,$,#4276,#4374);
#13=(
REPRESENTATION_RELATIONSHIP($,$,#11707,#11706)
REPRESENTATION_RELATIONSHIP_WITH_TRANSFORMATION(#11)
SHAPE_REPRESENTATION_RELATIONSHIP()
);
#14=(
REPRESENTATION_RELATIONSHIP($,$,#11708,#11706)
REPRESENTATION_RELATIONSHIP_WITH_TRANSFORMATION(#12)
SHAPE_REPRESENTATION_RELATIONSHIP()
);
#15=CONTEXT_DEPENDENT_SHAPE_REPRESENTATION(#13,#11704);
#16=CONTEXT_DEPENDENT_SHAPE_REPRESENTATION(#14,#11705);
#17=NEXT_ASSEMBLY_USAGE_OCCURRENCE('OV9782 Base v1:1',
'OV9782 Base v1:1','OV9782 Base v1:1',#11710,#11711,'OV9782 Base v1:1');
#18=NEXT_ASSEMBLY_USAGE_OCCURRENCE('OV9782 Lens v1:1',
'OV9782 Lens v1:1','OV9782 Lens v1:1',#11710,#11712,'OV9782 Lens v1:1');
#19=SPHERICAL_SURFACE('',#4333,4.49904378405694);
#20=SPHERICAL_SURFACE('',#4335,4.50904378405694);
#21=CONICAL_SURFACE('',#4314,3.25,1.04719755119659);
#22=SHAPE_REPRESENTATION_RELATIONSHIP('SRR','None',#11707,#25);
#23=SHAPE_REPRESENTATION_RELATIONSHIP('SRR','None',#11708,#26);
#24=SHAPE_REPRESENTATION_RELATIONSHIP('SRR','None',#11706,#27);
#25=ADVANCED_BREP_SHAPE_REPRESENTATION('',(#37),#11691);
#26=ADVANCED_BREP_SHAPE_REPRESENTATION('',(#38,#39),#11692);
#27=ADVANCED_BREP_SHAPE_REPRESENTATION('',(#40),#11690);
#28=STYLED_ITEM('',(#11728),#37);
#29=STYLED_ITEM('',(#11728),#38);
#30=STYLED_ITEM('',(#11729),#39);
#31=STYLED_ITEM('',(#11727),#3900);
#32=STYLED_ITEM('',(#11727),#3901);
#33=STYLED_ITEM('',(#11727),#3902);
#34=STYLED_ITEM('',(#11727),#3903);
#35=STYLED_ITEM('',(#11727),#3904);
#36=STYLED_ITEM('',(#11726),#40);
#37=MANIFOLD_SOLID_BREP('Body1',#3919);
#38=MANIFOLD_SOLID_BREP('Body1',#3920);
#39=MANIFOLD_SOLID_BREP('Body2',#3921);
#40=MANIFOLD_SOLID_BREP('Body1',#3922);
#41=(
BOUNDED_SURFACE()
B_SPLINE_SURFACE(1,2,((#7574,#7575,#7576,#7577,#7578,#7579,#7580,#7581,
#7582,#7583,#7584,#7585,#7586,#7587,#7588,#7589,#7590,#7591,#7592,#7593,
#7594,#7595,#7596,#7597,#7598,#7599,#7600,#7601,#7602,#7603,#7604,#7605,
#7606,#7607,#7608,#7609,#7610,#7611,#7612,#7613,#7614,#7615,#7616,#7617,
#7618,#7619,#7620,#7621,#7622,#7623,#7624,#7625,#7626,#7627,#7628,#7629,
#7630,#7631,#7632,#7633,#7634,#7635,#7636,#7637,#7638,#7639,#7640,#7641,
#7642,#7643,#7644,#7645,#7646,#7647,#7648,#7649,#7650,#7651,#7652,#7653,
#7654,#7655,#7656,#7657,#7658,#7659,#7660,#7661,#7662,#7663,#7664,#7665,
#7666,#7667,#7668,#7669,#7670,#7671,#7672,#7673,#7674,#7675,#7676,#7677,
#7678,#7679,#7680,#7681,#7682,#7683,#7684,#7685,#7686,#7687,#7688,#7689,
#7690,#7691,#7692,#7693,#7694,#7695,#7696,#7697,#7698,#7699,#7700,#7701,
#7702,#7703,#7704,#7705,#7706,#7707,#7708,#7709,#7710,#7711,#7712,#7713,
#7714,#7715,#7716,#7717,#7718,#7719,#7720,#7721,#7722,#7723,#7724,#7725,
#7726),(#7727,#7728,#7729,#7730,#7731,#7732,#7733,#7734,#7735,#7736,#7737,
#7738,#7739,#7740,#7741,#7742,#7743,#7744,#7745,#7746,#7747,#7748,#7749,
#7750,#7751,#7752,#7753,#7754,#7755,#7756,#7757,#7758,#7759,#7760,#7761,
#7762,#7763,#7764,#7765,#7766,#7767,#7768,#7769,#7770,#7771,#7772,#7773,
#7774,#7775,#7776,#7777,#7778,#7779,#7780,#7781,#7782,#7783,#7784,#7785,
#7786,#7787,#7788,#7789,#7790,#7791,#7792,#7793,#7794,#7795,#7796,#7797,
#7798,#7799,#7800,#7801,#7802,#7803,#7804,#7805,#7806,#7807,#7808,#7809,
#7810,#7811,#7812,#7813,#7814,#7815,#7816,#7817,#7818,#7819,#7820,#7821,
#7822,#7823,#7824,#7825,#7826,#7827,#7828,#7829,#7830,#7831,#7832,#7833,
#7834,#7835,#7836,#7837,#7838,#7839,#7840,#7841,#7842,#7843,#7844,#7845,
#7846,#7847,#7848,#7849,#7850,#7851,#7852,#7853,#7854,#7855,#7856,#7857,
#7858,#7859,#7860,#7861,#7862,#7863,#7864,#7865,#7866,#7867,#7868,#7869,
#7870,#7871,#7872,#7873,#7874,#7875,#7876,#7877,#7878,#7879)),
 .UNSPECIFIED.,.F.,.F.,.F.)
B_SPLINE_SURFACE_WITH_KNOTS((2,2),(3,2,2,2,2,2,2,2,2,2,2,2,2,2,2,2,2,2,
2,2,2,2,2,2,2,2,2,2,2,2,2,2,2,2,2,2,2,2,2,2,2,2,2,2,2,2,2,2,2,2,2,2,2,2,
2,2,2,2,2,2,2,2,2,2,2,2,2,2,2,2,2,2,2,2,2,2,3),(0.,1.),(0.,0.0128205128205128,
0.0256410256410256,0.0384615384615385,0.0512820512820513,0.0641025641025641,
0.0769230769230769,0.0897435897435897,0.102564102564103,0.115384615384615,
0.128205128205128,0.141025641025641,0.153846153846154,0.166666666666667,
0.179487179487179,0.192307692307692,0.205128205128205,0.217948717948718,
0.230769230769231,0.243589743589744,0.256410256410256,0.269230769230769,
0.282051282051282,0.294871794871795,0.307692307692308,0.320512820512821,
0.333333333333333,0.346153846153846,0.358974358974359,0.371794871794872,
0.384615384615385,0.397435897435897,0.41025641025641,0.423076923076923,
0.435897435897436,0.448717948717949,0.461538461538462,0.474358974358974,
0.487179487179487,0.5,0.512820512820513,0.525641025641026,0.538461538461538,
0.551282051282051,0.564102564102564,0.576923076923077,0.58974358974359,
0.602564102564103,0.615384615384615,0.628205128205128,0.641025641025641,
0.653846153846154,0.666666666666667,0.67948717948718,0.692307692307692,
0.705128205128205,0.717948717948718,0.730769230769231,0.743589743589744,
0.756410256410256,0.769230769230769,0.782051282051282,0.794871794871795,
0.807692307692308,0.82051282051282,0.833333333333333,0.846153846153846,
0.858974358974359,0.871794871794872,0.884615384615385,0.897435897435897,
0.91025641025641,0.923076923076923,0.935897435897436,0.948717948717949,
0.961538461538462,0.969083833947327),.UNSPECIFIED.)
GEOMETRIC_REPRESENTATION_ITEM()
RATIONAL_B_SPLINE_SURFACE(((1.,0.866025403784439,1.,0.866025403784439,1.,
0.866025403784439,1.,0.866025403784439,1.,0.866025403784439,1.,0.866025403784439,
1.,0.866025403784439,1.,0.866025403784439,1.,0.866025403784439,1.,0.866025403784439,
1.,0.866025403784439,1.,0.866025403784439,1.,0.866025403784439,1.,0.866025403784439,
1.,0.866025403784439,1.,0.866025403784439,1.,0.866025403784439,1.,0.866025403784439,
1.,0.866025403784439,1.,0.866025403784439,1.,0.866025403784439,1.,0.866025403784439,
1.,0.866025403784439,1.,0.866025403784439,1.,0.866025403784439,1.,0.866025403784439,
1.,0.866025403784439,1.,0.866025403784439,1.,0.866025403784439,1.,0.866025403784439,
1.,0.866025403784439,1.,0.866025403784439,1.,0.866025403784439,1.,0.866025403784439,
1.,0.866025403784439,1.,0.866025403784439,1.,0.866025403784439,1.,0.866025403784439,
1.,0.866025403784439,1.,0.866025403784439,1.,0.866025403784439,1.,0.866025403784439,
1.,0.866025403784439,1.,0.866025403784439,1.,0.866025403784439,1.,0.866025403784439,
1.,0.866025403784439,1.,0.866025403784439,1.,0.866025403784439,1.,0.866025403784439,
1.,0.866025403784439,1.,0.866025403784439,1.,0.866025403784439,1.,0.866025403784439,
1.,0.866025403784439,1.,0.866025403784439,1.,0.866025403784439,1.,0.866025403784439,
1.,0.866025403784439,1.,0.866025403784439,1.,0.866025403784439,1.,0.866025403784439,
1.,0.866025403784439,1.,0.866025403784439,1.,0.866025403784439,1.,0.866025403784439,
1.,0.866025403784439,1.,0.866025403784439,1.,0.866025403784439,1.,0.866025403784439,
1.,0.866025403784439,1.,0.866025403784439,1.,0.866025403784439,1.,0.866025403784439,
1.,0.866025403784439,1.,0.921150718701645,0.935113199287817),(1.,0.866025403784439,
1.,0.866025403784439,1.,0.866025403784439,1.,0.866025403784439,1.,0.866025403784439,
1.,0.866025403784439,1.,0.866025403784439,1.,0.866025403784439,1.,0.866025403784439,
1.,0.866025403784439,1.,0.866025403784439,1.,0.866025403784439,1.,0.866025403784439,
1.,0.866025403784439,1.,0.866025403784439,1.,0.866025403784439,1.,0.866025403784439,
1.,0.866025403784439,1.,0.866025403784439,1.,0.866025403784439,1.,0.866025403784439,
1.,0.866025403784439,1.,0.866025403784439,1.,0.866025403784439,1.,0.866025403784439,
1.,0.866025403784439,1.,0.866025403784439,1.,0.866025403784439,1.,0.866025403784439,
1.,0.866025403784439,1.,0.866025403784439,1.,0.866025403784439,1.,0.866025403784439,
1.,0.866025403784439,1.,0.866025403784439,1.,0.866025403784439,1.,0.866025403784439,
1.,0.866025403784439,1.,0.866025403784439,1.,0.866025403784439,1.,0.866025403784439,
1.,0.866025403784439,1.,0.866025403784439,1.,0.866025403784439,1.,0.866025403784439,
1.,0.866025403784439,1.,0.866025403784439,1.,0.866025403784439,1.,0.866025403784439,
1.,0.866025403784439,1.,0.866025403784439,1.,0.866025403784439,1.,0.866025403784439,
1.,0.866025403784439,1.,0.866025403784439,1.,0.866025403784439,1.,0.866025403784439,
1.,0.866025403784439,1.,0.866025403784439,1.,0.866025403784439,1.,0.866025403784439,
1.,0.866025403784439,1.,0.866025403784439,1.,0.866025403784439,1.,0.866025403784439,
1.,0.866025403784439,1.,0.866025403784439,1.,0.866025403784439,1.,0.866025403784439,
1.,0.866025403784439,1.,0.866025403784439,1.,0.866025403784439,1.,0.866025403784439,
1.,0.866025403784439,1.,0.866025403784439,1.,0.921150718701645,0.935113199287817)))
REPRESENTATION_ITEM('')
SURFACE()
);
#42=(
BOUNDED_SURFACE()
B_SPLINE_SURFACE(1,2,((#7894,#7895,#7896,#7897,#7898,#7899,#7900,#7901,
#7902,#7903,#7904,#7905,#7906,#7907,#7908,#7909,#7910,#7911,#7912,#7913,
#7914,#7915,#7916,#7917,#7918,#7919,#7920,#7921,#7922,#7923,#7924,#7925,
#7926,#7927,#7928,#7929,#7930,#7931,#7932,#7933,#7934,#7935,#7936,#7937,
#7938,#7939,#7940,#7941,#7942,#7943,#7944,#7945,#7946,#7947,#7948,#7949,
#7950,#7951,#7952,#7953,#7954,#7955,#7956,#7957,#7958,#7959,#7960,#7961,
#7962,#7963,#7964,#7965,#7966,#7967,#7968,#7969,#7970,#7971,#7972,#7973,
#7974,#7975,#7976,#7977,#7978,#7979,#7980,#7981,#7982,#7983,#7984,#7985,
#7986,#7987,#7988,#7989,#7990,#7991,#7992,#7993,#7994,#7995,#7996,#7997,
#7998,#7999,#8000,#8001,#8002,#8003,#8004,#8005,#8006,#8007,#8008,#8009,
#8010,#8011,#8012,#8013,#8014,#8015,#8016,#8017,#8018,#8019,#8020,#8021,
#8022,#8023,#8024,#8025,#8026,#8027,#8028,#8029,#8030,#8031,#8032,#8033,
#8034,#8035,#8036,#8037,#8038,#8039,#8040,#8041,#8042,#8043,#8044,#8045,
#8046),(#8047,#8048,#8049,#8050,#8051,#8052,#8053,#8054,#8055,#8056,#8057,
#8058,#8059,#8060,#8061,#8062,#8063,#8064,#8065,#8066,#8067,#8068,#8069,
#8070,#8071,#8072,#8073,#8074,#8075,#8076,#8077,#8078,#8079,#8080,#8081,
#8082,#8083,#8084,#8085,#8086,#8087,#8088,#8089,#8090,#8091,#8092,#8093,
#8094,#8095,#8096,#8097,#8098,#8099,#8100,#8101,#8102,#8103,#8104,#8105,
#8106,#8107,#8108,#8109,#8110,#8111,#8112,#8113,#8114,#8115,#8116,#8117,
#8118,#8119,#8120,#8121,#8122,#8123,#8124,#8125,#8126,#8127,#8128,#8129,
#8130,#8131,#8132,#8133,#8134,#8135,#8136,#8137,#8138,#8139,#8140,#8141,
#8142,#8143,#8144,#8145,#8146,#8147,#8148,#8149,#8150,#8151,#8152,#8153,
#8154,#8155,#8156,#8157,#8158,#8159,#8160,#8161,#8162,#8163,#8164,#8165,
#8166,#8167,#8168,#8169,#8170,#8171,#8172,#8173,#8174,#8175,#8176,#8177,
#8178,#8179,#8180,#8181,#8182,#8183,#8184,#8185,#8186,#8187,#8188,#8189,
#8190,#8191,#8192,#8193,#8194,#8195,#8196,#8197,#8198,#8199),(#8200,#8201,
#8202,#8203,#8204,#8205,#8206,#8207,#8208,#8209,#8210,#8211,#8212,#8213,
#8214,#8215,#8216,#8217,#8218,#8219,#8220,#8221,#8222,#8223,#8224,#8225,
#8226,#8227,#8228,#8229,#8230,#8231,#8232,#8233,#8234,#8235,#8236,#8237,
#8238,#8239,#8240,#8241,#8242,#8243,#8244,#8245,#8246,#8247,#8248,#8249,
#8250,#8251,#8252,#8253,#8254,#8255,#8256,#8257,#8258,#8259,#8260,#8261,
#8262,#8263,#8264,#8265,#8266,#8267,#8268,#8269,#8270,#8271,#8272,#8273,
#8274,#8275,#8276,#8277,#8278,#8279,#8280,#8281,#8282,#8283,#8284,#8285,
#8286,#8287,#8288,#8289,#8290,#8291,#8292,#8293,#8294,#8295,#8296,#8297,
#8298,#8299,#8300,#8301,#8302,#8303,#8304,#8305,#8306,#8307,#8308,#8309,
#8310,#8311,#8312,#8313,#8314,#8315,#8316,#8317,#8318,#8319,#8320,#8321,
#8322,#8323,#8324,#8325,#8326,#8327,#8328,#8329,#8330,#8331,#8332,#8333,
#8334,#8335,#8336,#8337,#8338,#8339,#8340,#8341,#8342,#8343,#8344,#8345,
#8346,#8347,#8348,#8349,#8350,#8351,#8352)),.UNSPECIFIED.,.F.,.F.,.F.)
B_SPLINE_SURFACE_WITH_KNOTS((2,1,2),(3,2,2,2,2,2,2,2,2,2,2,2,2,2,2,2,2,
2,2,2,2,2,2,2,2,2,2,2,2,2,2,2,2,2,2,2,2,2,2,2,2,2,2,2,2,2,2,2,2,2,2,2,2,
2,2,2,2,2,2,2,2,2,2,2,2,2,2,2,2,2,2,2,2,2,2,2,3),(-0.383456800488259,0.,
1.),(0.,0.0128205128205128,0.0256410256410256,0.0384615384615385,0.0512820512820513,
0.0641025641025641,0.0769230769230769,0.0897435897435897,0.102564102564103,
0.115384615384615,0.128205128205128,0.141025641025641,0.153846153846154,
0.166666666666667,0.179487179487179,0.192307692307692,0.205128205128205,
0.217948717948718,0.230769230769231,0.243589743589744,0.256410256410256,
0.269230769230769,0.282051282051282,0.294871794871795,0.307692307692308,
0.320512820512821,0.333333333333333,0.346153846153846,0.358974358974359,
0.371794871794872,0.384615384615385,0.397435897435897,0.41025641025641,
0.423076923076923,0.435897435897436,0.448717948717949,0.461538461538462,
0.474358974358974,0.487179487179487,0.5,0.512820512820513,0.525641025641026,
0.538461538461538,0.551282051282051,0.564102564102564,0.576923076923077,
0.58974358974359,0.602564102564103,0.615384615384615,0.628205128205128,
0.641025641025641,0.653846153846154,0.666666666666667,0.67948717948718,
0.692307692307692,0.705128205128205,0.717948717948718,0.730769230769231,
0.743589743589744,0.756410256410256,0.769230769230769,0.782051282051282,
0.794871794871795,0.807692307692308,0.82051282051282,0.833333333333333,
0.846153846153846,0.858974358974359,0.871794871794872,0.884615384615385,
0.897435897435897,0.91025641025641,0.923076923076923,0.935897435897436,
0.948717948717949,0.961538461538462,0.969083833789463),.UNSPECIFIED.)
GEOMETRIC_REPRESENTATION_ITEM()
RATIONAL_B_SPLINE_SURFACE(((1.,0.866025403784439,1.,0.866025403784439,1.,
0.866025403784439,1.,0.866025403784439,1.,0.866025403784439,1.,0.866025403784439,
1.,0.866025403784439,1.,0.866025403784439,1.,0.866025403784439,1.,0.866025403784439,
1.,0.866025403784439,1.,0.866025403784439,1.,0.866025403784439,1.,0.866025403784439,
1.,0.866025403784439,1.,0.866025403784439,1.,0.866025403784439,1.,0.866025403784439,
1.,0.866025403784439,1.,0.866025403784439,1.,0.866025403784439,1.,0.866025403784439,
1.,0.866025403784439,1.,0.866025403784439,1.,0.866025403784439,1.,0.866025403784439,
1.,0.866025403784439,1.,0.866025403784439,1.,0.866025403784439,1.,0.866025403784439,
1.,0.866025403784439,1.,0.866025403784439,1.,0.866025403784439,1.,0.866025403784439,
1.,0.866025403784439,1.,0.866025403784439,1.,0.866025403784439,1.,0.866025403784439,
1.,0.866025403784439,1.,0.866025403784439,1.,0.866025403784439,1.,0.866025403784439,
1.,0.866025403784439,1.,0.866025403784439,1.,0.866025403784439,1.,0.866025403784439,
1.,0.866025403784439,1.,0.866025403784439,1.,0.866025403784439,1.,0.866025403784439,
1.,0.866025403784439,1.,0.866025403784439,1.,0.866025403784439,1.,0.866025403784439,
1.,0.866025403784439,1.,0.866025403784439,1.,0.866025403784439,1.,0.866025403784439,
1.,0.866025403784439,1.,0.866025403784439,1.,0.866025403784439,1.,0.866025403784439,
1.,0.866025403784439,1.,0.866025403784439,1.,0.866025403784439,1.,0.866025403784439,
1.,0.866025403784439,1.,0.866025403784439,1.,0.866025403784439,1.,0.866025403784439,
1.,0.866025403784439,1.,0.866025403784439,1.,0.866025403784439,1.,0.866025403784439,
1.,0.866025403784439,1.,0.921150720351329,0.93511319870357),(1.,0.866025403784439,
1.,0.866025403784439,1.,0.866025403784439,1.,0.866025403784439,1.,0.866025403784439,
1.,0.866025403784439,1.,0.866025403784439,1.,0.866025403784439,1.,0.866025403784439,
1.,0.866025403784439,1.,0.866025403784439,1.,0.866025403784439,1.,0.866025403784439,
1.,0.866025403784439,1.,0.866025403784439,1.,0.866025403784439,1.,0.866025403784439,
1.,0.866025403784439,1.,0.866025403784439,1.,0.866025403784439,1.,0.866025403784439,
1.,0.866025403784439,1.,0.866025403784439,1.,0.866025403784439,1.,0.866025403784439,
1.,0.866025403784439,1.,0.866025403784439,1.,0.866025403784439,1.,0.866025403784439,
1.,0.866025403784439,1.,0.866025403784439,1.,0.866025403784439,1.,0.866025403784439,
1.,0.866025403784439,1.,0.866025403784439,1.,0.866025403784439,1.,0.866025403784439,
1.,0.866025403784439,1.,0.866025403784439,1.,0.866025403784439,1.,0.866025403784439,
1.,0.866025403784439,1.,0.866025403784439,1.,0.866025403784439,1.,0.866025403784439,
1.,0.866025403784439,1.,0.866025403784439,1.,0.866025403784439,1.,0.866025403784439,
1.,0.866025403784439,1.,0.866025403784439,1.,0.866025403784439,1.,0.866025403784439,
1.,0.866025403784439,1.,0.866025403784439,1.,0.866025403784439,1.,0.866025403784439,
1.,0.866025403784439,1.,0.866025403784439,1.,0.866025403784439,1.,0.866025403784439,
1.,0.866025403784439,1.,0.866025403784439,1.,0.866025403784439,1.,0.866025403784439,
1.,0.866025403784439,1.,0.866025403784439,1.,0.866025403784439,1.,0.866025403784439,
1.,0.866025403784439,1.,0.866025403784439,1.,0.866025403784439,1.,0.866025403784439,
1.,0.866025403784439,1.,0.866025403784439,1.,0.921150720351329,0.93511319870357),
(1.,0.866025403784439,1.,0.866025403784439,1.,0.866025403784439,1.,0.866025403784439,
1.,0.866025403784439,1.,0.866025403784439,1.,0.866025403784439,1.,0.866025403784439,
1.,0.866025403784439,1.,0.866025403784439,1.,0.866025403784439,1.,0.866025403784439,
1.,0.866025403784439,1.,0.866025403784439,1.,0.866025403784439,1.,0.866025403784439,
1.,0.866025403784439,1.,0.866025403784439,1.,0.866025403784439,1.,0.866025403784439,
1.,0.866025403784439,1.,0.866025403784439,1.,0.866025403784439,1.,0.866025403784439,
1.,0.866025403784439,1.,0.866025403784439,1.,0.866025403784439,1.,0.866025403784439,
1.,0.866025403784439,1.,0.866025403784439,1.,0.866025403784439,1.,0.866025403784439,
1.,0.866025403784439,1.,0.866025403784439,1.,0.866025403784439,1.,0.866025403784439,
1.,0.866025403784439,1.,0.866025403784439,1.,0.866025403784439,1.,0.866025403784439,
1.,0.866025403784439,1.,0.866025403784439,1.,0.866025403784439,1.,0.866025403784439,
1.,0.866025403784439,1.,0.866025403784439,1.,0.866025403784439,1.,0.866025403784439,
1.,0.866025403784439,1.,0.866025403784439,1.,0.866025403784439,1.,0.866025403784439,
1.,0.866025403784439,1.,0.866025403784439,1.,0.866025403784439,1.,0.866025403784439,
1.,0.866025403784439,1.,0.866025403784439,1.,0.866025403784439,1.,0.866025403784439,
1.,0.866025403784439,1.,0.866025403784439,1.,0.866025403784439,1.,0.866025403784439,
1.,0.866025403784439,1.,0.866025403784439,1.,0.866025403784439,1.,0.866025403784439,
1.,0.866025403784439,1.,0.866025403784439,1.,0.866025403784439,1.,0.866025403784439,
1.,0.866025403784439,1.,0.866025403784439,1.,0.866025403784439,1.,0.921150720351329,
0.93511319870357)))
REPRESENTATION_ITEM('')
SURFACE()
);
#43=(
BOUNDED_SURFACE()
B_SPLINE_SURFACE(1,2,((#8353,#8354,#8355,#8356,#8357,#8358,#8359,#8360,
#8361,#8362,#8363,#8364,#8365,#8366,#8367,#8368,#8369,#8370,#8371,#8372,
#8373,#8374,#8375,#8376,#8377,#8378,#8379,#8380,#8381,#8382,#8383,#8384,
#8385,#8386,#8387,#8388,#8389,#8390,#8391,#8392,#8393,#8394,#8395,#8396,
#8397,#8398,#8399,#8400,#8401,#8402,#8403,#8404,#8405,#8406,#8407,#8408,
#8409,#8410,#8411,#8412,#8413,#8414,#8415,#8416,#8417,#8418,#8419,#8420,
#8421,#8422,#8423,#8424,#8425,#8426,#8427,#8428,#8429,#8430,#8431,#8432,
#8433,#8434,#8435,#8436,#8437,#8438,#8439,#8440,#8441,#8442,#8443,#8444,
#8445,#8446,#8447,#8448,#8449,#8450,#8451,#8452,#8453,#8454,#8455,#8456,
#8457,#8458,#8459,#8460,#8461,#8462,#8463,#8464,#8465,#8466,#8467,#8468,
#8469,#8470,#8471,#8472,#8473,#8474,#8475,#8476,#8477,#8478,#8479,#8480,
#8481,#8482,#8483,#8484,#8485,#8486,#8487,#8488,#8489,#8490,#8491,#8492,
#8493,#8494,#8495,#8496,#8497,#8498,#8499,#8500,#8501,#8502,#8503,#8504,
#8505),(#8506,#8507,#8508,#8509,#8510,#8511,#8512,#8513,#8514,#8515,#8516,
#8517,#8518,#8519,#8520,#8521,#8522,#8523,#8524,#8525,#8526,#8527,#8528,
#8529,#8530,#8531,#8532,#8533,#8534,#8535,#8536,#8537,#8538,#8539,#8540,
#8541,#8542,#8543,#8544,#8545,#8546,#8547,#8548,#8549,#8550,#8551,#8552,
#8553,#8554,#8555,#8556,#8557,#8558,#8559,#8560,#8561,#8562,#8563,#8564,
#8565,#8566,#8567,#8568,#8569,#8570,#8571,#8572,#8573,#8574,#8575,#8576,
#8577,#8578,#8579,#8580,#8581,#8582,#8583,#8584,#8585,#8586,#8587,#8588,
#8589,#8590,#8591,#8592,#8593,#8594,#8595,#8596,#8597,#8598,#8599,#8600,
#8601,#8602,#8603,#8604,#8605,#8606,#8607,#8608,#8609,#8610,#8611,#8612,
#8613,#8614,#8615,#8616,#8617,#8618,#8619,#8620,#8621,#8622,#8623,#8624,
#8625,#8626,#8627,#8628,#8629,#8630,#8631,#8632,#8633,#8634,#8635,#8636,
#8637,#8638,#8639,#8640,#8641,#8642,#8643,#8644,#8645,#8646,#8647,#8648,
#8649,#8650,#8651,#8652,#8653,#8654,#8655,#8656,#8657,#8658),(#8659,#8660,
#8661,#8662,#8663,#8664,#8665,#8666,#8667,#8668,#8669,#8670,#8671,#8672,
#8673,#8674,#8675,#8676,#8677,#8678,#8679,#8680,#8681,#8682,#8683,#8684,
#8685,#8686,#8687,#8688,#8689,#8690,#8691,#8692,#8693,#8694,#8695,#8696,
#8697,#8698,#8699,#8700,#8701,#8702,#8703,#8704,#8705,#8706,#8707,#8708,
#8709,#8710,#8711,#8712,#8713,#8714,#8715,#8716,#8717,#8718,#8719,#8720,
#8721,#8722,#8723,#8724,#8725,#8726,#8727,#8728,#8729,#8730,#8731,#8732,
#8733,#8734,#8735,#8736,#8737,#8738,#8739,#8740,#8741,#8742,#8743,#8744,
#8745,#8746,#8747,#8748,#8749,#8750,#8751,#8752,#8753,#8754,#8755,#8756,
#8757,#8758,#8759,#8760,#8761,#8762,#8763,#8764,#8765,#8766,#8767,#8768,
#8769,#8770,#8771,#8772,#8773,#8774,#8775,#8776,#8777,#8778,#8779,#8780,
#8781,#8782,#8783,#8784,#8785,#8786,#8787,#8788,#8789,#8790,#8791,#8792,
#8793,#8794,#8795,#8796,#8797,#8798,#8799,#8800,#8801,#8802,#8803,#8804,
#8805,#8806,#8807,#8808,#8809,#8810,#8811)),.UNSPECIFIED.,.F.,.F.,.F.)
B_SPLINE_SURFACE_WITH_KNOTS((2,1,2),(3,2,2,2,2,2,2,2,2,2,2,2,2,2,2,2,2,
2,2,2,2,2,2,2,2,2,2,2,2,2,2,2,2,2,2,2,2,2,2,2,2,2,2,2,2,2,2,2,2,2,2,2,2,
2,2,2,2,2,2,2,2,2,2,2,2,2,2,2,2,2,2,2,2,2,2,2,3),(-0.383456800488259,0.,
1.),(0.,0.0128205128205128,0.0256410256410256,0.0384615384615385,0.0512820512820513,
0.0641025641025641,0.0769230769230769,0.0897435897435897,0.102564102564103,
0.115384615384615,0.128205128205128,0.141025641025641,0.153846153846154,
0.166666666666667,0.179487179487179,0.192307692307692,0.205128205128205,
0.217948717948718,0.230769230769231,0.243589743589744,0.256410256410256,
0.269230769230769,0.282051282051282,0.294871794871795,0.307692307692308,
0.320512820512821,0.333333333333333,0.346153846153846,0.358974358974359,
0.371794871794872,0.384615384615385,0.397435897435897,0.41025641025641,
0.423076923076923,0.435897435897436,0.448717948717949,0.461538461538462,
0.474358974358974,0.487179487179487,0.5,0.512820512820513,0.525641025641026,
0.538461538461538,0.551282051282051,0.564102564102564,0.576923076923077,
0.58974358974359,0.602564102564103,0.615384615384615,0.628205128205128,
0.641025641025641,0.653846153846154,0.666666666666667,0.67948717948718,
0.692307692307692,0.705128205128205,0.717948717948718,0.730769230769231,
0.743589743589744,0.756410256410256,0.769230769230769,0.782051282051282,
0.794871794871795,0.807692307692308,0.82051282051282,0.833333333333333,
0.846153846153846,0.858974358974359,0.871794871794872,0.884615384615385,
0.897435897435897,0.91025641025641,0.923076923076923,0.935897435897436,
0.948717948717949,0.961538461538462,0.969083833789463),.UNSPECIFIED.)
GEOMETRIC_REPRESENTATION_ITEM()
RATIONAL_B_SPLINE_SURFACE(((1.,0.866025403784439,1.,0.866025403784439,1.,
0.866025403784439,1.,0.866025403784439,1.,0.866025403784439,1.,0.866025403784439,
1.,0.866025403784439,1.,0.866025403784439,1.,0.866025403784439,1.,0.866025403784439,
1.,0.866025403784439,1.,0.866025403784439,1.,0.866025403784439,1.,0.866025403784439,
1.,0.866025403784439,1.,0.866025403784439,1.,0.866025403784439,1.,0.866025403784439,
1.,0.866025403784439,1.,0.866025403784439,1.,0.866025403784439,1.,0.866025403784439,
1.,0.866025403784439,1.,0.866025403784439,1.,0.866025403784439,1.,0.866025403784439,
1.,0.866025403784439,1.,0.866025403784439,1.,0.866025403784439,1.,0.866025403784439,
1.,0.866025403784439,1.,0.866025403784439,1.,0.866025403784439,1.,0.866025403784439,
1.,0.866025403784439,1.,0.866025403784439,1.,0.866025403784439,1.,0.866025403784439,
1.,0.866025403784439,1.,0.866025403784439,1.,0.866025403784439,1.,0.866025403784439,
1.,0.866025403784439,1.,0.866025403784439,1.,0.866025403784439,1.,0.866025403784439,
1.,0.866025403784439,1.,0.866025403784439,1.,0.866025403784439,1.,0.866025403784439,
1.,0.866025403784439,1.,0.866025403784439,1.,0.866025403784439,1.,0.866025403784439,
1.,0.866025403784439,1.,0.866025403784439,1.,0.866025403784439,1.,0.866025403784439,
1.,0.866025403784439,1.,0.866025403784439,1.,0.866025403784439,1.,0.866025403784439,
1.,0.866025403784439,1.,0.866025403784439,1.,0.866025403784439,1.,0.866025403784439,
1.,0.866025403784439,1.,0.866025403784439,1.,0.866025403784439,1.,0.866025403784439,
1.,0.866025403784439,1.,0.866025403784439,1.,0.866025403784439,1.,0.866025403784439,
1.,0.866025403784439,1.,0.921150720351329,0.93511319870357),(1.,0.866025403784439,
1.,0.866025403784439,1.,0.866025403784439,1.,0.866025403784439,1.,0.866025403784439,
1.,0.866025403784439,1.,0.866025403784439,1.,0.866025403784439,1.,0.866025403784439,
1.,0.866025403784439,1.,0.866025403784439,1.,0.866025403784439,1.,0.866025403784439,
1.,0.866025403784439,1.,0.866025403784439,1.,0.866025403784439,1.,0.866025403784439,
1.,0.866025403784439,1.,0.866025403784439,1.,0.866025403784439,1.,0.866025403784439,
1.,0.866025403784439,1.,0.866025403784439,1.,0.866025403784439,1.,0.866025403784439,
1.,0.866025403784439,1.,0.866025403784439,1.,0.866025403784439,1.,0.866025403784439,
1.,0.866025403784439,1.,0.866025403784439,1.,0.866025403784439,1.,0.866025403784439,
1.,0.866025403784439,1.,0.866025403784439,1.,0.866025403784439,1.,0.866025403784439,
1.,0.866025403784439,1.,0.866025403784439,1.,0.866025403784439,1.,0.866025403784439,
1.,0.866025403784439,1.,0.866025403784439,1.,0.866025403784439,1.,0.866025403784439,
1.,0.866025403784439,1.,0.866025403784439,1.,0.866025403784439,1.,0.866025403784439,
1.,0.866025403784439,1.,0.866025403784439,1.,0.866025403784439,1.,0.866025403784439,
1.,0.866025403784439,1.,0.866025403784439,1.,0.866025403784439,1.,0.866025403784439,
1.,0.866025403784439,1.,0.866025403784439,1.,0.866025403784439,1.,0.866025403784439,
1.,0.866025403784439,1.,0.866025403784439,1.,0.866025403784439,1.,0.866025403784439,
1.,0.866025403784439,1.,0.866025403784439,1.,0.866025403784439,1.,0.866025403784439,
1.,0.866025403784439,1.,0.866025403784439,1.,0.866025403784439,1.,0.866025403784439,
1.,0.866025403784439,1.,0.866025403784439,1.,0.921150720351329,0.93511319870357),
(1.,0.866025403784439,1.,0.866025403784439,1.,0.866025403784439,1.,0.866025403784439,
1.,0.866025403784439,1.,0.866025403784439,1.,0.866025403784439,1.,0.866025403784439,
1.,0.866025403784439,1.,0.866025403784439,1.,0.866025403784439,1.,0.866025403784439,
1.,0.866025403784439,1.,0.866025403784439,1.,0.866025403784439,1.,0.866025403784439,
1.,0.866025403784439,1.,0.866025403784439,1.,0.866025403784439,1.,0.866025403784439,
1.,0.866025403784439,1.,0.866025403784439,1.,0.866025403784439,1.,0.866025403784439,
1.,0.866025403784439,1.,0.866025403784439,1.,0.866025403784439,1.,0.866025403784439,
1.,0.866025403784439,1.,0.866025403784439,1.,0.866025403784439,1.,0.866025403784439,
1.,0.866025403784439,1.,0.866025403784439,1.,0.866025403784439,1.,0.866025403784439,
1.,0.866025403784439,1.,0.866025403784439,1.,0.866025403784439,1.,0.866025403784439,
1.,0.866025403784439,1.,0.866025403784439,1.,0.866025403784439,1.,0.866025403784439,
1.,0.866025403784439,1.,0.866025403784439,1.,0.866025403784439,1.,0.866025403784439,
1.,0.866025403784439,1.,0.866025403784439,1.,0.866025403784439,1.,0.866025403784439,
1.,0.866025403784439,1.,0.866025403784439,1.,0.866025403784439,1.,0.866025403784439,
1.,0.866025403784439,1.,0.866025403784439,1.,0.866025403784439,1.,0.866025403784439,
1.,0.866025403784439,1.,0.866025403784439,1.,0.866025403784439,1.,0.866025403784439,
1.,0.866025403784439,1.,0.866025403784439,1.,0.866025403784439,1.,0.866025403784439,
1.,0.866025403784439,1.,0.866025403784439,1.,0.866025403784439,1.,0.866025403784439,
1.,0.866025403784439,1.,0.866025403784439,1.,0.866025403784439,1.,0.921150720351329,
0.93511319870357)))
REPRESENTATION_ITEM('')
SURFACE()
);
#44=(
BOUNDED_SURFACE()
B_SPLINE_SURFACE(1,2,((#8826,#8827,#8828,#8829,#8830,#8831,#8832,#8833,
#8834,#8835,#8836,#8837,#8838,#8839,#8840,#8841,#8842,#8843,#8844,#8845,
#8846,#8847,#8848,#8849,#8850,#8851,#8852,#8853,#8854,#8855,#8856,#8857,
#8858,#8859,#8860,#8861,#8862,#8863,#8864,#8865,#8866,#8867,#8868,#8869,
#8870,#8871,#8872,#8873,#8874,#8875,#8876,#8877,#8878,#8879,#8880,#8881,
#8882,#8883,#8884,#8885,#8886,#8887,#8888,#8889,#8890,#8891,#8892,#8893,
#8894,#8895,#8896,#8897,#8898,#8899,#8900,#8901,#8902,#8903,#8904,#8905,
#8906,#8907,#8908,#8909,#8910,#8911,#8912,#8913,#8914,#8915,#8916,#8917,
#8918,#8919,#8920,#8921,#8922,#8923,#8924,#8925,#8926,#8927,#8928,#8929,
#8930,#8931,#8932,#8933,#8934,#8935,#8936,#8937,#8938,#8939,#8940,#8941,
#8942,#8943,#8944,#8945,#8946,#8947,#8948,#8949,#8950,#8951,#8952,#8953,
#8954,#8955,#8956,#8957,#8958,#8959,#8960,#8961,#8962,#8963,#8964,#8965,
#8966,#8967,#8968,#8969,#8970,#8971,#8972,#8973,#8974,#8975,#8976,#8977,
#8978),(#8979,#8980,#8981,#8982,#8983,#8984,#8985,#8986,#8987,#8988,#8989,
#8990,#8991,#8992,#8993,#8994,#8995,#8996,#8997,#8998,#8999,#9000,#9001,
#9002,#9003,#9004,#9005,#9006,#9007,#9008,#9009,#9010,#9011,#9012,#9013,
#9014,#9015,#9016,#9017,#9018,#9019,#9020,#9021,#9022,#9023,#9024,#9025,
#9026,#9027,#9028,#9029,#9030,#9031,#9032,#9033,#9034,#9035,#9036,#9037,
#9038,#9039,#9040,#9041,#9042,#9043,#9044,#9045,#9046,#9047,#9048,#9049,
#9050,#9051,#9052,#9053,#9054,#9055,#9056,#9057,#9058,#9059,#9060,#9061,
#9062,#9063,#9064,#9065,#9066,#9067,#9068,#9069,#9070,#9071,#9072,#9073,
#9074,#9075,#9076,#9077,#9078,#9079,#9080,#9081,#9082,#9083,#9084,#9085,
#9086,#9087,#9088,#9089,#9090,#9091,#9092,#9093,#9094,#9095,#9096,#9097,
#9098,#9099,#9100,#9101,#9102,#9103,#9104,#9105,#9106,#9107,#9108,#9109,
#9110,#9111,#9112,#9113,#9114,#9115,#9116,#9117,#9118,#9119,#9120,#9121,
#9122,#9123,#9124,#9125,#9126,#9127,#9128,#9129,#9130,#9131),(#9132,#9133,
#9134,#9135,#9136,#9137,#9138,#9139,#9140,#9141,#9142,#9143,#9144,#9145,
#9146,#9147,#9148,#9149,#9150,#9151,#9152,#9153,#9154,#9155,#9156,#9157,
#9158,#9159,#9160,#9161,#9162,#9163,#9164,#9165,#9166,#9167,#9168,#9169,
#9170,#9171,#9172,#9173,#9174,#9175,#9176,#9177,#9178,#9179,#9180,#9181,
#9182,#9183,#9184,#9185,#9186,#9187,#9188,#9189,#9190,#9191,#9192,#9193,
#9194,#9195,#9196,#9197,#9198,#9199,#9200,#9201,#9202,#9203,#9204,#9205,
#9206,#9207,#9208,#9209,#9210,#9211,#9212,#9213,#9214,#9215,#9216,#9217,
#9218,#9219,#9220,#9221,#9222,#9223,#9224,#9225,#9226,#9227,#9228,#9229,
#9230,#9231,#9232,#9233,#9234,#9235,#9236,#9237,#9238,#9239,#9240,#9241,
#9242,#9243,#9244,#9245,#9246,#9247,#9248,#9249,#9250,#9251,#9252,#9253,
#9254,#9255,#9256,#9257,#9258,#9259,#9260,#9261,#9262,#9263,#9264,#9265,
#9266,#9267,#9268,#9269,#9270,#9271,#9272,#9273,#9274,#9275,#9276,#9277,
#9278,#9279,#9280,#9281,#9282,#9283,#9284)),.UNSPECIFIED.,.F.,.F.,.F.)
B_SPLINE_SURFACE_WITH_KNOTS((2,1,2),(3,2,2,2,2,2,2,2,2,2,2,2,2,2,2,2,2,
2,2,2,2,2,2,2,2,2,2,2,2,2,2,2,2,2,2,2,2,2,2,2,2,2,2,2,2,2,2,2,2,2,2,2,2,
2,2,2,2,2,2,2,2,2,2,2,2,2,2,2,2,2,2,2,2,2,2,2,3),(-0.383456800488259,0.,
1.),(0.,0.0128205128205128,0.0256410256410256,0.0384615384615385,0.0512820512820513,
0.0641025641025641,0.0769230769230769,0.0897435897435897,0.102564102564103,
0.115384615384615,0.128205128205128,0.141025641025641,0.153846153846154,
0.166666666666667,0.179487179487179,0.192307692307692,0.205128205128205,
0.217948717948718,0.230769230769231,0.243589743589744,0.256410256410256,
0.269230769230769,0.282051282051282,0.294871794871795,0.307692307692308,
0.320512820512821,0.333333333333333,0.346153846153846,0.358974358974359,
0.371794871794872,0.384615384615385,0.397435897435897,0.41025641025641,
0.423076923076923,0.435897435897436,0.448717948717949,0.461538461538462,
0.474358974358974,0.487179487179487,0.5,0.512820512820513,0.525641025641026,
0.538461538461538,0.551282051282051,0.564102564102564,0.576923076923077,
0.58974358974359,0.602564102564103,0.615384615384615,0.628205128205128,
0.641025641025641,0.653846153846154,0.666666666666667,0.67948717948718,
0.692307692307692,0.705128205128205,0.717948717948718,0.730769230769231,
0.743589743589744,0.756410256410256,0.769230769230769,0.782051282051282,
0.794871794871795,0.807692307692308,0.82051282051282,0.833333333333333,
0.846153846153846,0.858974358974359,0.871794871794872,0.884615384615385,
0.897435897435897,0.91025641025641,0.923076923076923,0.935897435897436,
0.948717948717949,0.961538461538462,0.969083833789463),.UNSPECIFIED.)
GEOMETRIC_REPRESENTATION_ITEM()
RATIONAL_B_SPLINE_SURFACE(((1.,0.866025403784439,1.,0.866025403784439,1.,
0.866025403784439,1.,0.866025403784439,1.,0.866025403784439,1.,0.866025403784439,
1.,0.866025403784439,1.,0.866025403784439,1.,0.866025403784439,1.,0.866025403784439,
1.,0.866025403784439,1.,0.866025403784439,1.,0.866025403784439,1.,0.866025403784439,
1.,0.866025403784439,1.,0.866025403784439,1.,0.866025403784439,1.,0.866025403784439,
1.,0.866025403784439,1.,0.866025403784439,1.,0.866025403784439,1.,0.866025403784439,
1.,0.866025403784439,1.,0.866025403784439,1.,0.866025403784439,1.,0.866025403784439,
1.,0.866025403784439,1.,0.866025403784439,1.,0.866025403784439,1.,0.866025403784439,
1.,0.866025403784439,1.,0.866025403784439,1.,0.866025403784439,1.,0.866025403784439,
1.,0.866025403784439,1.,0.866025403784439,1.,0.866025403784439,1.,0.866025403784439,
1.,0.866025403784439,1.,0.866025403784439,1.,0.866025403784439,1.,0.866025403784439,
1.,0.866025403784439,1.,0.866025403784439,1.,0.866025403784439,1.,0.866025403784439,
1.,0.866025403784439,1.,0.866025403784439,1.,0.866025403784439,1.,0.866025403784439,
1.,0.866025403784439,1.,0.866025403784439,1.,0.866025403784439,1.,0.866025403784439,
1.,0.866025403784439,1.,0.866025403784439,1.,0.866025403784439,1.,0.866025403784439,
1.,0.866025403784439,1.,0.866025403784439,1.,0.866025403784439,1.,0.866025403784439,
1.,0.866025403784439,1.,0.866025403784439,1.,0.866025403784439,1.,0.866025403784439,
1.,0.866025403784439,1.,0.866025403784439,1.,0.866025403784439,1.,0.866025403784439,
1.,0.866025403784439,1.,0.866025403784439,1.,0.866025403784439,1.,0.866025403784439,
1.,0.866025403784439,1.,0.921150720351329,0.93511319870357),(1.,0.866025403784439,
1.,0.866025403784439,1.,0.866025403784439,1.,0.866025403784439,1.,0.866025403784439,
1.,0.866025403784439,1.,0.866025403784439,1.,0.866025403784439,1.,0.866025403784439,
1.,0.866025403784439,1.,0.866025403784439,1.,0.866025403784439,1.,0.866025403784439,
1.,0.866025403784439,1.,0.866025403784439,1.,0.866025403784439,1.,0.866025403784439,
1.,0.866025403784439,1.,0.866025403784439,1.,0.866025403784439,1.,0.866025403784439,
1.,0.866025403784439,1.,0.866025403784439,1.,0.866025403784439,1.,0.866025403784439,
1.,0.866025403784439,1.,0.866025403784439,1.,0.866025403784439,1.,0.866025403784439,
1.,0.866025403784439,1.,0.866025403784439,1.,0.866025403784439,1.,0.866025403784439,
1.,0.866025403784439,1.,0.866025403784439,1.,0.866025403784439,1.,0.866025403784439,
1.,0.866025403784439,1.,0.866025403784439,1.,0.866025403784439,1.,0.866025403784439,
1.,0.866025403784439,1.,0.866025403784439,1.,0.866025403784439,1.,0.866025403784439,
1.,0.866025403784439,1.,0.866025403784439,1.,0.866025403784439,1.,0.866025403784439,
1.,0.866025403784439,1.,0.866025403784439,1.,0.866025403784439,1.,0.866025403784439,
1.,0.866025403784439,1.,0.866025403784439,1.,0.866025403784439,1.,0.866025403784439,
1.,0.866025403784439,1.,0.866025403784439,1.,0.866025403784439,1.,0.866025403784439,
1.,0.866025403784439,1.,0.866025403784439,1.,0.866025403784439,1.,0.866025403784439,
1.,0.866025403784439,1.,0.866025403784439,1.,0.866025403784439,1.,0.866025403784439,
1.,0.866025403784439,1.,0.866025403784439,1.,0.866025403784439,1.,0.866025403784439,
1.,0.866025403784439,1.,0.866025403784439,1.,0.921150720351329,0.93511319870357),
(1.,0.866025403784439,1.,0.866025403784439,1.,0.866025403784439,1.,0.866025403784439,
1.,0.866025403784439,1.,0.866025403784439,1.,0.866025403784439,1.,0.866025403784439,
1.,0.866025403784439,1.,0.866025403784439,1.,0.866025403784439,1.,0.866025403784439,
1.,0.866025403784439,1.,0.866025403784439,1.,0.866025403784439,1.,0.866025403784439,
1.,0.866025403784439,1.,0.866025403784439,1.,0.866025403784439,1.,0.866025403784439,
1.,0.866025403784439,1.,0.866025403784439,1.,0.866025403784439,1.,0.866025403784439,
1.,0.866025403784439,1.,0.866025403784439,1.,0.866025403784439,1.,0.866025403784439,
1.,0.866025403784439,1.,0.866025403784439,1.,0.866025403784439,1.,0.866025403784439,
1.,0.866025403784439,1.,0.866025403784439,1.,0.866025403784439,1.,0.866025403784439,
1.,0.866025403784439,1.,0.866025403784439,1.,0.866025403784439,1.,0.866025403784439,
1.,0.866025403784439,1.,0.866025403784439,1.,0.866025403784439,1.,0.866025403784439,
1.,0.866025403784439,1.,0.866025403784439,1.,0.866025403784439,1.,0.866025403784439,
1.,0.866025403784439,1.,0.866025403784439,1.,0.866025403784439,1.,0.866025403784439,
1.,0.866025403784439,1.,0.866025403784439,1.,0.866025403784439,1.,0.866025403784439,
1.,0.866025403784439,1.,0.866025403784439,1.,0.866025403784439,1.,0.866025403784439,
1.,0.866025403784439,1.,0.866025403784439,1.,0.866025403784439,1.,0.866025403784439,
1.,0.866025403784439,1.,0.866025403784439,1.,0.866025403784439,1.,0.866025403784439,
1.,0.866025403784439,1.,0.866025403784439,1.,0.866025403784439,1.,0.866025403784439,
1.,0.866025403784439,1.,0.866025403784439,1.,0.866025403784439,1.,0.921150720351329,
0.93511319870357)))
REPRESENTATION_ITEM('')
SURFACE()
);
#45=(
BOUNDED_SURFACE()
B_SPLINE_SURFACE(1,2,((#10864,#10865,#10866,#10867,#10868,#10869,#10870,
#10871,#10872,#10873,#10874,#10875,#10876,#10877,#10878,#10879,#10880,#10881,
#10882,#10883,#10884,#10885,#10886,#10887,#10888,#10889,#10890,#10891,#10892,
#10893,#10894,#10895,#10896,#10897,#10898,#10899,#10900,#10901,#10902,#10903,
#10904,#10905,#10906,#10907,#10908,#10909,#10910,#10911,#10912,#10913,#10914,
#10915,#10916,#10917,#10918,#10919,#10920,#10921,#10922,#10923,#10924,#10925,
#10926,#10927,#10928,#10929,#10930,#10931,#10932,#10933,#10934,#10935,#10936,
#10937,#10938,#10939,#10940,#10941,#10942,#10943,#10944,#10945,#10946,#10947,
#10948,#10949,#10950,#10951,#10952,#10953,#10954,#10955,#10956,#10957,#10958,
#10959,#10960,#10961,#10962,#10963,#10964,#10965,#10966,#10967,#10968,#10969,
#10970,#10971,#10972,#10973,#10974,#10975,#10976,#10977,#10978,#10979,#10980,
#10981,#10982,#10983,#10984,#10985,#10986,#10987,#10988,#10989,#10990,#10991,
#10992,#10993,#10994,#10995,#10996,#10997,#10998,#10999,#11000,#11001,#11002,
#11003,#11004,#11005,#11006,#11007,#11008,#11009,#11010,#11011,#11012,#11013,
#11014,#11015,#11016,#11017,#11018,#11019,#11020,#11021,#11022,#11023,#11024,
#11025,#11026,#11027,#11028,#11029,#11030,#11031,#11032,#11033,#11034,#11035,
#11036),(#11037,#11038,#11039,#11040,#11041,#11042,#11043,#11044,#11045,
#11046,#11047,#11048,#11049,#11050,#11051,#11052,#11053,#11054,#11055,#11056,
#11057,#11058,#11059,#11060,#11061,#11062,#11063,#11064,#11065,#11066,#11067,
#11068,#11069,#11070,#11071,#11072,#11073,#11074,#11075,#11076,#11077,#11078,
#11079,#11080,#11081,#11082,#11083,#11084,#11085,#11086,#11087,#11088,#11089,
#11090,#11091,#11092,#11093,#11094,#11095,#11096,#11097,#11098,#11099,#11100,
#11101,#11102,#11103,#11104,#11105,#11106,#11107,#11108,#11109,#11110,#11111,
#11112,#11113,#11114,#11115,#11116,#11117,#11118,#11119,#11120,#11121,#11122,
#11123,#11124,#11125,#11126,#11127,#11128,#11129,#11130,#11131,#11132,#11133,
#11134,#11135,#11136,#11137,#11138,#11139,#11140,#11141,#11142,#11143,#11144,
#11145,#11146,#11147,#11148,#11149,#11150,#11151,#11152,#11153,#11154,#11155,
#11156,#11157,#11158,#11159,#11160,#11161,#11162,#11163,#11164,#11165,#11166,
#11167,#11168,#11169,#11170,#11171,#11172,#11173,#11174,#11175,#11176,#11177,
#11178,#11179,#11180,#11181,#11182,#11183,#11184,#11185,#11186,#11187,#11188,
#11189,#11190,#11191,#11192,#11193,#11194,#11195,#11196,#11197,#11198,#11199,
#11200,#11201,#11202,#11203,#11204,#11205,#11206,#11207,#11208,#11209)),
 .UNSPECIFIED.,.F.,.F.,.F.)
B_SPLINE_SURFACE_WITH_KNOTS((2,2),(3,2,2,2,2,2,2,2,2,2,2,2,2,2,2,2,2,2,
2,2,2,2,2,2,2,2,2,2,2,2,2,2,2,2,2,2,2,2,2,2,2,2,2,2,2,2,2,2,2,2,2,2,2,2,
2,2,2,2,2,2,2,2,2,2,2,2,2,2,2,2,2,2,2,2,2,2,2,2,2,2,2,2,2,2,2,2,3),(0.,
1.00000008996569),(0.,0.0111111111111111,0.0222222222222222,0.0333333333333333,
0.0444444444444444,0.0555555555555556,0.0666666666666667,0.0777777777777778,
0.0888888888888889,0.1,0.111111111111111,0.122222222222222,0.133333333333333,
0.144444444444444,0.155555555555556,0.166666666666667,0.177777777777778,
0.188888888888889,0.2,0.211111111111111,0.222222222222222,0.233333333333333,
0.244444444444444,0.255555555555556,0.266666666666667,0.277777777777778,
0.288888888888889,0.3,0.311111111111111,0.322222222222222,0.333333333333333,
0.344444444444444,0.355555555555556,0.366666666666667,0.377777777777778,
0.388888888888889,0.4,0.411111111111111,0.422222222222222,0.433333333333333,
0.444444444444444,0.455555555555556,0.466666666666667,0.477777777777778,
0.488888888888889,0.5,0.511111111111111,0.522222222222222,0.533333333333333,
0.544444444444444,0.555555555555556,0.566666666666667,0.577777777777778,
0.588888888888889,0.6,0.611111111111111,0.622222222222222,0.633333333333333,
0.644444444444444,0.655555555555556,0.666666666666667,0.677777777777778,
0.688888888888889,0.7,0.711111111111111,0.722222222222222,0.733333333333333,
0.744444444444444,0.755555555555556,0.766666666666667,0.777777777777778,
0.788888888888889,0.8,0.811111111111111,0.822222222222222,0.833333333333333,
0.844444444444444,0.855555555555556,0.866666666666667,0.877777777777778,
0.888888888888889,0.9,0.911111111111111,0.922222222222222,0.933333333333333,
0.944444444444444,0.944900111502159),.UNSPECIFIED.)
GEOMETRIC_REPRESENTATION_ITEM()
RATIONAL_B_SPLINE_SURFACE(((1.,0.866025403784439,1.,0.866025403784439,1.,
0.866025403784439,1.,0.866025403784439,1.,0.866025403784439,1.,0.866025403784439,
1.,0.866025403784439,1.,0.866025403784439,1.,0.866025403784439,1.,0.866025403784439,
1.,0.866025403784439,1.,0.866025403784439,1.,0.866025403784439,1.,0.866025403784439,
1.,0.866025403784439,1.,0.866025403784439,1.,0.866025403784439,1.,0.866025403784439,
1.,0.866025403784439,1.,0.866025403784439,1.,0.866025403784439,1.,0.866025403784439,
1.,0.866025403784439,1.,0.866025403784439,1.,0.866025403784439,1.,0.866025403784439,
1.,0.866025403784439,1.,0.866025403784439,1.,0.866025403784439,1.,0.866025403784439,
1.,0.866025403784439,1.,0.866025403784439,1.,0.866025403784439,1.,0.866025403784439,
1.,0.866025403784439,1.,0.866025403784439,1.,0.866025403784439,1.,0.866025403784439,
1.,0.866025403784439,1.,0.866025403784439,1.,0.866025403784439,1.,0.866025403784439,
1.,0.866025403784439,1.,0.866025403784439,1.,0.866025403784439,1.,0.866025403784439,
1.,0.866025403784439,1.,0.866025403784439,1.,0.866025403784439,1.,0.866025403784439,
1.,0.866025403784439,1.,0.866025403784439,1.,0.866025403784439,1.,0.866025403784439,
1.,0.866025403784439,1.,0.866025403784439,1.,0.866025403784439,1.,0.866025403784439,
1.,0.866025403784439,1.,0.866025403784439,1.,0.866025403784439,1.,0.866025403784439,
1.,0.866025403784439,1.,0.866025403784439,1.,0.866025403784439,1.,0.866025403784439,
1.,0.866025403784439,1.,0.866025403784439,1.,0.866025403784439,1.,0.866025403784439,
1.,0.866025403784439,1.,0.866025403784439,1.,0.866025403784439,1.,0.866025403784439,
1.,0.866025403784439,1.,0.866025403784439,1.,0.866025403784439,1.,0.866025403784439,
1.,0.866025403784439,1.,0.866025403784439,1.,0.866025403784439,1.,0.866025403784439,
1.,0.866025403784439,1.,0.866025403784439,1.,0.866025403784439,1.,0.994505697094059,
0.989462037299199),(1.,0.866025403784439,1.,0.866025403784439,1.,0.866025403784439,
1.,0.866025403784439,1.,0.866025403784439,1.,0.866025403784439,1.,0.866025403784439,
1.,0.866025403784439,1.,0.866025403784439,1.,0.866025403784439,1.,0.866025403784439,
1.,0.866025403784439,1.,0.866025403784439,1.,0.866025403784439,1.,0.866025403784439,
1.,0.866025403784439,1.,0.866025403784439,1.,0.866025403784439,1.,0.866025403784439,
1.,0.866025403784439,1.,0.866025403784439,1.,0.866025403784439,1.,0.866025403784439,
1.,0.866025403784439,1.,0.866025403784439,1.,0.866025403784439,1.,0.866025403784439,
1.,0.866025403784439,1.,0.866025403784439,1.,0.866025403784439,1.,0.866025403784439,
1.,0.866025403784439,1.,0.866025403784439,1.,0.866025403784439,1.,0.866025403784439,
1.,0.866025403784439,1.,0.866025403784439,1.,0.866025403784439,1.,0.866025403784439,
1.,0.866025403784439,1.,0.866025403784439,1.,0.866025403784439,1.,0.866025403784439,
1.,0.866025403784439,1.,0.866025403784439,1.,0.866025403784439,1.,0.866025403784439,
1.,0.866025403784439,1.,0.866025403784439,1.,0.866025403784439,1.,0.866025403784439,
1.,0.866025403784439,1.,0.866025403784439,1.,0.866025403784439,1.,0.866025403784439,
1.,0.866025403784439,1.,0.866025403784439,1.,0.866025403784439,1.,0.866025403784439,
1.,0.866025403784439,1.,0.866025403784439,1.,0.866025403784439,1.,0.866025403784439,
1.,0.866025403784439,1.,0.866025403784439,1.,0.866025403784439,1.,0.866025403784439,
1.,0.866025403784439,1.,0.866025403784439,1.,0.866025403784439,1.,0.866025403784439,
1.,0.866025403784439,1.,0.866025403784439,1.,0.866025403784439,1.,0.866025403784439,
1.,0.866025403784439,1.,0.866025403784439,1.,0.866025403784439,1.,0.866025403784439,
1.,0.866025403784439,1.,0.866025403784439,1.,0.866025403784439,1.,0.866025403784439,
1.,0.866025403784439,1.,0.866025403784439,1.,0.994505697094059,0.989462037299199)))
REPRESENTATION_ITEM('')
SURFACE()
);
#46=(
BOUNDED_SURFACE()
B_SPLINE_SURFACE(1,2,((#11229,#11230,#11231,#11232,#11233,#11234,#11235,
#11236,#11237,#11238,#11239,#11240,#11241,#11242,#11243,#11244,#11245,#11246,
#11247,#11248,#11249,#11250,#11251,#11252,#11253,#11254,#11255,#11256,#11257,
#11258,#11259,#11260,#11261,#11262,#11263,#11264,#11265,#11266,#11267,#11268,
#11269,#11270,#11271,#11272,#11273,#11274,#11275,#11276,#11277,#11278,#11279,
#11280,#11281,#11282,#11283,#11284,#11285,#11286,#11287,#11288,#11289,#11290,
#11291,#11292,#11293,#11294,#11295,#11296,#11297,#11298,#11299,#11300,#11301,
#11302,#11303,#11304,#11305,#11306,#11307,#11308,#11309,#11310,#11311,#11312,
#11313,#11314,#11315,#11316,#11317,#11318,#11319,#11320,#11321,#11322,#11323,
#11324,#11325,#11326,#11327,#11328,#11329,#11330,#11331,#11332,#11333,#11334,
#11335,#11336,#11337,#11338,#11339,#11340,#11341,#11342,#11343,#11344,#11345,
#11346,#11347,#11348,#11349,#11350,#11351,#11352,#11353,#11354,#11355,#11356,
#11357,#11358,#11359,#11360,#11361,#11362,#11363,#11364,#11365,#11366,#11367,
#11368,#11369,#11370,#11371,#11372,#11373,#11374,#11375,#11376,#11377,#11378,
#11379,#11380,#11381,#11382,#11383,#11384,#11385,#11386,#11387,#11388,#11389,
#11390,#11391,#11392,#11393,#11394,#11395,#11396,#11397,#11398,#11399,#11400,
#11401),(#11402,#11403,#11404,#11405,#11406,#11407,#11408,#11409,#11410,
#11411,#11412,#11413,#11414,#11415,#11416,#11417,#11418,#11419,#11420,#11421,
#11422,#11423,#11424,#11425,#11426,#11427,#11428,#11429,#11430,#11431,#11432,
#11433,#11434,#11435,#11436,#11437,#11438,#11439,#11440,#11441,#11442,#11443,
#11444,#11445,#11446,#11447,#11448,#11449,#11450,#11451,#11452,#11453,#11454,
#11455,#11456,#11457,#11458,#11459,#11460,#11461,#11462,#11463,#11464,#11465,
#11466,#11467,#11468,#11469,#11470,#11471,#11472,#11473,#11474,#11475,#11476,
#11477,#11478,#11479,#11480,#11481,#11482,#11483,#11484,#11485,#11486,#11487,
#11488,#11489,#11490,#11491,#11492,#11493,#11494,#11495,#11496,#11497,#11498,
#11499,#11500,#11501,#11502,#11503,#11504,#11505,#11506,#11507,#11508,#11509,
#11510,#11511,#11512,#11513,#11514,#11515,#11516,#11517,#11518,#11519,#11520,
#11521,#11522,#11523,#11524,#11525,#11526,#11527,#11528,#11529,#11530,#11531,
#11532,#11533,#11534,#11535,#11536,#11537,#11538,#11539,#11540,#11541,#11542,
#11543,#11544,#11545,#11546,#11547,#11548,#11549,#11550,#11551,#11552,#11553,
#11554,#11555,#11556,#11557,#11558,#11559,#11560,#11561,#11562,#11563,#11564,
#11565,#11566,#11567,#11568,#11569,#11570,#11571,#11572,#11573,#11574)),
 .UNSPECIFIED.,.F.,.F.,.F.)
B_SPLINE_SURFACE_WITH_KNOTS((2,2),(3,2,2,2,2,2,2,2,2,2,2,2,2,2,2,2,2,2,
2,2,2,2,2,2,2,2,2,2,2,2,2,2,2,2,2,2,2,2,2,2,2,2,2,2,2,2,2,2,2,2,2,2,2,2,
2,2,2,2,2,2,2,2,2,2,2,2,2,2,2,2,2,2,2,2,2,2,2,2,2,2,2,2,2,2,2,2,3),(0.,
1.),(0.,0.0111111111111111,0.0222222222222222,0.0333333333333333,0.0444444444444444,
0.0555555555555556,0.0666666666666667,0.0777777777777778,0.0888888888888889,
0.1,0.111111111111111,0.122222222222222,0.133333333333333,0.144444444444444,
0.155555555555556,0.166666666666667,0.177777777777778,0.188888888888889,
0.2,0.211111111111111,0.222222222222222,0.233333333333333,0.244444444444444,
0.255555555555556,0.266666666666667,0.277777777777778,0.288888888888889,
0.3,0.311111111111111,0.322222222222222,0.333333333333333,0.344444444444444,
0.355555555555556,0.366666666666667,0.377777777777778,0.388888888888889,
0.4,0.411111111111111,0.422222222222222,0.433333333333333,0.444444444444444,
0.455555555555556,0.466666666666667,0.477777777777778,0.488888888888889,
0.5,0.511111111111111,0.522222222222222,0.533333333333333,0.544444444444444,
0.555555555555556,0.566666666666667,0.577777777777778,0.588888888888889,
0.6,0.611111111111111,0.622222222222222,0.633333333333333,0.644444444444444,
0.655555555555556,0.666666666666667,0.677777777777778,0.688888888888889,
0.7,0.711111111111111,0.722222222222222,0.733333333333333,0.744444444444444,
0.755555555555556,0.766666666666667,0.777777777777778,0.788888888888889,
0.8,0.811111111111111,0.822222222222222,0.833333333333333,0.844444444444444,
0.855555555555556,0.866666666666667,0.877777777777778,0.888888888888889,
0.9,0.911111111111111,0.922222222222222,0.933333333333333,0.944444444444444,
0.944900086375221),.UNSPECIFIED.)
GEOMETRIC_REPRESENTATION_ITEM()
RATIONAL_B_SPLINE_SURFACE(((1.,0.866025403784439,1.,0.866025403784439,1.,
0.866025403784439,1.,0.866025403784439,1.,0.866025403784439,1.,0.866025403784439,
1.,0.866025403784439,1.,0.866025403784439,1.,0.866025403784439,1.,0.866025403784439,
1.,0.866025403784439,1.,0.866025403784439,1.,0.866025403784439,1.,0.866025403784439,
1.,0.866025403784439,1.,0.866025403784439,1.,0.866025403784439,1.,0.866025403784439,
1.,0.866025403784439,1.,0.866025403784439,1.,0.866025403784439,1.,0.866025403784439,
1.,0.866025403784439,1.,0.866025403784439,1.,0.866025403784439,1.,0.866025403784439,
1.,0.866025403784439,1.,0.866025403784439,1.,0.866025403784439,1.,0.866025403784439,
1.,0.866025403784439,1.,0.866025403784439,1.,0.866025403784439,1.,0.866025403784439,
1.,0.866025403784439,1.,0.866025403784439,1.,0.866025403784439,1.,0.866025403784439,
1.,0.866025403784439,1.,0.866025403784439,1.,0.866025403784439,1.,0.866025403784439,
1.,0.866025403784439,1.,0.866025403784439,1.,0.866025403784439,1.,0.866025403784439,
1.,0.866025403784439,1.,0.866025403784439,1.,0.866025403784439,1.,0.866025403784439,
1.,0.866025403784439,1.,0.866025403784439,1.,0.866025403784439,1.,0.866025403784439,
1.,0.866025403784439,1.,0.866025403784439,1.,0.866025403784439,1.,0.866025403784439,
1.,0.866025403784439,1.,0.866025403784439,1.,0.866025403784439,1.,0.866025403784439,
1.,0.866025403784439,1.,0.866025403784439,1.,0.866025403784439,1.,0.866025403784439,
1.,0.866025403784439,1.,0.866025403784439,1.,0.866025403784439,1.,0.866025403784439,
1.,0.866025403784439,1.,0.866025403784439,1.,0.866025403784439,1.,0.866025403784439,
1.,0.866025403784439,1.,0.866025403784439,1.,0.866025403784439,1.,0.866025403784439,
1.,0.866025403784439,1.,0.866025403784439,1.,0.866025403784439,1.,0.866025403784439,
1.,0.866025403784439,1.,0.866025403784439,1.,0.866025403784439,1.,0.994506000067482,
0.989462593547612),(1.,0.866025403784439,1.,0.866025403784439,1.,0.866025403784439,
1.,0.866025403784439,1.,0.866025403784439,1.,0.866025403784439,1.,0.866025403784439,
1.,0.866025403784439,1.,0.866025403784439,1.,0.866025403784439,1.,0.866025403784439,
1.,0.866025403784439,1.,0.866025403784439,1.,0.866025403784439,1.,0.866025403784439,
1.,0.866025403784439,1.,0.866025403784439,1.,0.866025403784439,1.,0.866025403784439,
1.,0.866025403784439,1.,0.866025403784439,1.,0.866025403784439,1.,0.866025403784439,
1.,0.866025403784439,1.,0.866025403784439,1.,0.866025403784439,1.,0.866025403784439,
1.,0.866025403784439,1.,0.866025403784439,1.,0.866025403784439,1.,0.866025403784439,
1.,0.866025403784439,1.,0.866025403784439,1.,0.866025403784439,1.,0.866025403784439,
1.,0.866025403784439,1.,0.866025403784439,1.,0.866025403784439,1.,0.866025403784439,
1.,0.866025403784439,1.,0.866025403784439,1.,0.866025403784439,1.,0.866025403784439,
1.,0.866025403784439,1.,0.866025403784439,1.,0.866025403784439,1.,0.866025403784439,
1.,0.866025403784439,1.,0.866025403784439,1.,0.866025403784439,1.,0.866025403784439,
1.,0.866025403784439,1.,0.866025403784439,1.,0.866025403784439,1.,0.866025403784439,
1.,0.866025403784439,1.,0.866025403784439,1.,0.866025403784439,1.,0.866025403784439,
1.,0.866025403784439,1.,0.866025403784439,1.,0.866025403784439,1.,0.866025403784439,
1.,0.866025403784439,1.,0.866025403784439,1.,0.866025403784439,1.,0.866025403784439,
1.,0.866025403784439,1.,0.866025403784439,1.,0.866025403784439,1.,0.866025403784439,
1.,0.866025403784439,1.,0.866025403784439,1.,0.866025403784439,1.,0.866025403784439,
1.,0.866025403784439,1.,0.866025403784439,1.,0.866025403784439,1.,0.866025403784439,
1.,0.866025403784439,1.,0.866025403784439,1.,0.866025403784439,1.,0.866025403784439,
1.,0.866025403784439,1.,0.866025403784439,1.,0.994506000067482,0.989462593547612)))
REPRESENTATION_ITEM('')
SURFACE()
);
#47=FACE_BOUND('',#484,.T.);
#48=FACE_BOUND('',#488,.T.);
#49=FACE_BOUND('',#490,.T.);
#50=FACE_BOUND('',#492,.T.);
#51=FACE_BOUND('',#496,.T.);
#52=FACE_BOUND('',#518,.T.);
#53=FACE_BOUND('',#599,.T.);
#54=FACE_BOUND('',#601,.T.);
#55=FACE_BOUND('',#603,.T.);
#56=FACE_BOUND('',#605,.T.);
#57=FACE_BOUND('',#607,.T.);
#58=FACE_BOUND('',#613,.T.);
#59=FACE_BOUND('',#617,.T.);
#60=FACE_BOUND('',#636,.T.);
#61=FACE_BOUND('',#637,.T.);
#62=FACE_BOUND('',#638,.T.);
#63=FACE_BOUND('',#639,.T.);
#64=FACE_BOUND('',#640,.T.);
#65=FACE_BOUND('',#641,.T.);
#66=FACE_BOUND('',#642,.T.);
#67=FACE_BOUND('',#643,.T.);
#68=FACE_BOUND('',#645,.T.);
#69=FACE_BOUND('',#646,.T.);
#70=FACE_BOUND('',#647,.T.);
#71=FACE_BOUND('',#648,.T.);
#72=FACE_BOUND('',#649,.T.);
#73=FACE_BOUND('',#650,.T.);
#74=FACE_BOUND('',#651,.T.);
#75=FACE_BOUND('',#652,.T.);
#76=FACE_BOUND('',#653,.T.);
#77=PLANE('',#4116);
#78=PLANE('',#4118);
#79=PLANE('',#4119);
#80=PLANE('',#4120);
#81=PLANE('',#4127);
#82=PLANE('',#4132);
#83=PLANE('',#4139);
#84=PLANE('',#4146);
#85=PLANE('',#4151);
#86=PLANE('',#4152);
#87=PLANE('',#4153);
#88=PLANE('',#4154);
#89=PLANE('',#4155);
#90=PLANE('',#4156);
#91=PLANE('',#4157);
#92=PLANE('',#4158);
#93=PLANE('',#4159);
#94=PLANE('',#4160);
#95=PLANE('',#4161);
#96=PLANE('',#4162);
#97=PLANE('',#4169);
#98=PLANE('',#4170);
#99=PLANE('',#4171);
#100=PLANE('',#4172);
#101=PLANE('',#4173);
#102=PLANE('',#4174);
#103=PLANE('',#4175);
#104=PLANE('',#4176);
#105=PLANE('',#4178);
#106=PLANE('',#4185);
#107=PLANE('',#4187);
#108=PLANE('',#4189);
#109=PLANE('',#4194);
#110=PLANE('',#4196);
#111=PLANE('',#4237);
#112=PLANE('',#4325);
#113=PLANE('',#4326);
#114=PLANE('',#4327);
#115=PLANE('',#4328);
#116=PLANE('',#4329);
#117=PLANE('',#4331);
#118=PLANE('',#4332);
#119=PLANE('',#4337);
#120=PLANE('',#4338);
#121=PLANE('',#4339);
#122=PLANE('',#4340);
#123=PLANE('',#4341);
#124=PLANE('',#4342);
#125=PLANE('',#4367);
#126=PLANE('',#4368);
#127=PLANE('',#4369);
#128=PLANE('',#4370);
#129=PLANE('',#4371);
#130=PLANE('',#4372);
#131=B_SPLINE_CURVE_WITH_KNOTS('',3,(#5841,#5842,#5843,#5844,#5845,#5846,
#5847,#5848,#5849,#5850,#5851,#5852,#5853,#5854,#5855,#5856,#5857,#5858,
#5859,#5860,#5861,#5862,#5863,#5864,#5865,#5866,#5867,#5868,#5869,#5870,
#5871,#5872),.UNSPECIFIED.,.F.,.F.,(4,2,2,2,2,2,2,2,2,2,2,2,2,2,2,4),(-3.20553790972229,
-3.1442436101034,-2.91498894822956,-2.67513760877347,-2.43991465926493,
-2.21231619357154,-1.97399069465177,-1.74143050696932,-1.51130008125169,
-1.27228847447989,-1.04234786068276,-0.805169007236442,-0.569142605546659,
-0.341486415919116,-0.17313621226988,0.),.UNSPECIFIED.);
#132=B_SPLINE_CURVE_WITH_KNOTS('',3,(#5875,#5876,#5877,#5878,#5879,#5880,
#5881,#5882,#5883,#5884,#5885,#5886,#5887,#5888,#5889,#5890,#5891,#5892,
#5893,#5894,#5895,#5896,#5897,#5898,#5899,#5900,#5901,#5902,#5903,#5904,
#5905,#5906,#5907,#5908),.UNSPECIFIED.,.F.,.F.,(4,2,2,2,2,2,2,2,2,2,2,2,
2,2,2,2,4),(-44.3404237751677,-44.1329783808313,-43.92689550431,-43.6910639580204,
-43.4532595060296,-43.2234857709206,-42.9846665780219,-42.7542119770629,
-42.5218238700175,-42.2834897882352,-42.0558512199737,-41.820810396149,
-41.5802968915623,-41.3511963186124,-41.1131490089917,-40.8812187903724,
-40.6551548765142),.UNSPECIFIED.);
#133=B_SPLINE_CURVE_WITH_KNOTS('',3,(#5913,#5914,#5915,#5916,#5917,#5918,
#5919,#5920,#5921,#5922,#5923,#5924,#5925,#5926,#5927,#5928,#5929,#5930,
#5931,#5932,#5933,#5934,#5935,#5936,#5937,#5938,#5939,#5940,#5941,#5942,
#5943,#5944,#5945,#5946,#5947,#5948),.UNSPECIFIED.,.F.,.F.,(4,2,2,2,2,2,
2,2,2,2,2,2,2,2,2,2,2,4),(-6.98751632734827,-6.88398968515887,-6.65613228940435,
-6.41784985790606,-6.18410171449558,-5.9556239757541,-5.71530041175292,
-5.48422789705604,-5.25065463523467,-5.01332360616237,-4.784852195905,-4.54659289931376,
-4.3121076271302,-4.08423575853671,-3.84588442342931,-3.61402636629189,
-3.3824673350807,-3.20553790972229),.UNSPECIFIED.);
#134=B_SPLINE_CURVE_WITH_KNOTS('',3,(#5949,#5950,#5951,#5952,#5953,#5954,
#5955,#5956,#5957,#5958,#5959,#5960,#5961,#5962,#5963,#5964,#5965,#5966,
#5967,#5968,#5969,#5970,#5971,#5972,#5973,#5974,#5975,#5976,#5977,#5978,
#5979,#5980,#5981,#5982,#5983,#5984,#5985,#5986),.UNSPECIFIED.,.F.,.F.,
(4,2,2,2,2,2,2,2,2,2,2,2,2,2,2,2,2,2,4),(-40.6551548765142,-40.6495166199064,
-40.4111575668967,-40.1831783549184,-39.9488550315529,-39.7106067234546,
-39.4823045861982,-39.2451685724252,-39.0111398933942,-38.7802387461404,
-38.5401138551458,-38.311457945206,-38.0778916602269,-37.8396104316972,
-37.6118543275283,-37.3755503577485,-37.1392312699532,-36.9090521852363,
-36.8733957194528),.UNSPECIFIED.);
#135=B_SPLINE_CURVE_WITH_KNOTS('',3,(#5991,#5992,#5993,#5994,#5995,#5996,
#5997,#5998,#5999,#6000,#6001,#6002,#6003,#6004,#6005,#6006,#6007,#6008,
#6009,#6010,#6011,#6012,#6013,#6014,#6015,#6016,#6017,#6018,#6019,#6020,
#6021,#6022,#6023,#6024,#6025,#6026),.UNSPECIFIED.,.F.,.F.,(4,2,2,2,2,2,
2,2,2,2,2,2,2,2,2,2,2,4),(-10.7695040924794,-10.6257472407458,-10.3980618543835,
-10.1597198723328,-9.92746722390837,-9.6967393359011,-9.45807211550338,
-9.22843028795499,-8.99011012580002,-8.75443317300227,-8.52684205026961,
-8.28852813335679,-8.05554183127177,-7.82610210851401,-7.58661722095493,
-7.35626644018698,-7.12049136232056,-6.98751632734827),.UNSPECIFIED.);
#136=B_SPLINE_CURVE_WITH_KNOTS('',3,(#6027,#6028,#6029,#6030,#6031,#6032,
#6033,#6034,#6035,#6036,#6037,#6038,#6039,#6040,#6041,#6042,#6043,#6044,
#6045,#6046,#6047,#6048,#6049,#6050,#6051,#6052,#6053,#6054,#6055,#6056,
#6057,#6058,#6059,#6060,#6061,#6062),.UNSPECIFIED.,.F.,.F.,(4,2,2,2,2,2,
2,2,2,2,2,2,2,2,2,2,2,4),(-36.8733957194528,-36.6697649196383,-36.4400666529592,
-36.2072591167405,-35.9689470668998,-35.7413730142922,-35.5058867692551,
-35.2669649251225,-35.0374868375827,-34.7990067128357,-34.567959330679,
-34.3358740125647,-34.0975347881474,-33.8697915566522,-33.6350688566834,
-33.3967890805019,-33.1680833942271,-33.0915804735571),.UNSPECIFIED.);
#137=B_SPLINE_CURVE_WITH_KNOTS('',3,(#6067,#6068,#6069,#6070,#6071,#6072,
#6073,#6074,#6075,#6076,#6077,#6078,#6079,#6080,#6081,#6082,#6083,#6084,
#6085,#6086,#6087,#6088,#6089,#6090,#6091,#6092,#6093,#6094,#6095,#6096,
#6097,#6098,#6099,#6100,#6101,#6102),.UNSPECIFIED.,.F.,.F.,(4,2,2,2,2,2,
2,2,2,2,2,2,2,2,2,2,2,4),(-14.5515039764125,-14.3700980181734,-14.1412618730097,
-13.9012944933026,-13.6705281313895,-13.4360793124402,-13.1990984990277,
-12.9709236845988,-12.7326632782151,-12.4984795756512,-12.2703924178227,
-12.0295938383075,-11.7981152511779,-11.5656233511297,-11.3278298446645,
-11.0989514565615,-10.8606452363665,-10.7695040924794),.UNSPECIFIED.);
#138=B_SPLINE_CURVE_WITH_KNOTS('',3,(#6103,#6104,#6105,#6106,#6107,#6108,
#6109,#6110,#6111,#6112,#6113,#6114,#6115,#6116,#6117,#6118,#6119,#6120,
#6121,#6122,#6123,#6124,#6125,#6126,#6127,#6128,#6129,#6130,#6131,#6132,
#6133,#6134,#6135,#6136,#6137,#6138),.UNSPECIFIED.,.F.,.F.,(4,2,2,2,2,2,
2,2,2,2,2,2,2,2,2,2,2,4),(-33.0915804735571,-32.9304857528013,-32.6975713586817,
-32.4662657181744,-32.2256688617403,-31.9974416269396,-31.7634436372077,
-31.5251806946575,-31.2971575130327,-31.0603810821537,-30.825405882983,
-30.5948178547947,-30.3550570047818,-30.1259918828424,-29.8927565013512,
-29.6544612697418,-29.4268295414282,-29.30968435786),.UNSPECIFIED.);
#139=B_SPLINE_CURVE_WITH_KNOTS('',3,(#6143,#6144,#6145,#6146,#6147,#6148,
#6149,#6150,#6151,#6152,#6153,#6154,#6155,#6156,#6157,#6158,#6159,#6160,
#6161,#6162,#6163,#6164,#6165,#6166,#6167,#6168,#6169,#6170,#6171,#6172,
#6173,#6174,#6175,#6176,#6177,#6178),.UNSPECIFIED.,.F.,.F.,(4,2,2,2,2,2,
2,2,2,2,2,2,2,2,2,2,2,4),(-18.3333569588094,-18.1139954580663,-17.8826540615711,
-17.6443183080388,-17.4149656436727,-17.1755096321221,-16.9401715705981,
-16.7125850935945,-16.4742617986046,-16.2415931021346,-16.0116481658602,
-15.7725157828136,-15.5424702723229,-15.3056595068588,-15.0695113290354,
-14.8418143691035,-14.6035212640118,-14.5515039764125),.UNSPECIFIED.);
#140=B_SPLINE_CURVE_WITH_KNOTS('',3,(#6179,#6180,#6181,#6182,#6183,#6184,
#6185,#6186,#6187,#6188,#6189,#6190,#6191,#6192,#6193,#6194,#6195,#6196,
#6197,#6198,#6199,#6200,#6201,#6202,#6203,#6204,#6205,#6206,#6207,#6208,
#6209,#6210,#6211,#6212,#6213,#6214),.UNSPECIFIED.,.F.,.F.,(4,2,2,2,2,2,
2,2,2,2,2,2,2,2,2,2,2,4),(-29.30968435786,-29.1908841914328,-28.9534655767127,
-28.7235949406551,-28.4846635867533,-28.2544117952649,-28.0219237815481,
-27.7835992040324,-27.5559913575603,-27.3208446964755,-27.0807380000557,
-26.8515484833422,-26.6133989368774,-26.3816991677075,-26.1499070969756,
-25.9115570516228,-25.6836487415553,-25.5278125953373),.UNSPECIFIED.);
#141=B_SPLINE_CURVE_WITH_KNOTS('',3,(#6219,#6220,#6221,#6222,#6223,#6224,
#6225,#6226,#6227,#6228,#6229,#6230,#6231,#6232,#6233,#6234,#6235,#6236,
#6237,#6238,#6239,#6240,#6241,#6242,#6243,#6244,#6245,#6246,#6247,#6248,
#6249,#6250,#6251,#6252,#6253,#6254,#6255,#6256),.UNSPECIFIED.,.F.,.F.,
(4,2,2,2,2,2,2,2,2,2,2,2,2,2,2,2,2,2,4),(-22.1152201196092,-22.0868520774429,
-21.8563984760738,-21.6209608995581,-21.3843404401429,-21.1564151295048,
-20.9181374107161,-20.6842807728195,-20.4559101280335,-20.2154679680853,
-19.9842938356921,-19.7510000066502,-19.5135530181173,-19.2849793512237,
-19.046708202886,-18.8121192819159,-18.5843027051739,-18.3459530027793,
-18.3333569588094),.UNSPECIFIED.);
#142=B_SPLINE_CURVE_WITH_KNOTS('',3,(#6257,#6258,#6259,#6260,#6261,#6262,
#6263,#6264,#6265,#6266,#6267,#6268,#6269,#6270,#6271,#6272,#6273,#6274,
#6275,#6276,#6277,#6278,#6279,#6280,#6281,#6282,#6283,#6284,#6285,#6286,
#6287,#6288,#6289,#6290,#6291,#6292),.UNSPECIFIED.,.F.,.F.,(4,2,2,2,2,2,
2,2,2,2,2,2,2,2,2,2,2,4),(-25.5278125953373,-25.4492320110342,-25.2109823857698,
-24.9825785875209,-24.7453239564291,-24.5115707760289,-24.2805653440748,
-24.0403197193692,-23.811772207782,-23.5780954012612,-23.339812315508,-23.1119964816335,
-22.8755725429369,-22.6395816137765,-22.4092982810156,-22.1698911847072,
-21.9395624245124,-21.7458405531991),.UNSPECIFIED.);
#143=B_SPLINE_CURVE_WITH_KNOTS('',3,(#6297,#6298,#6299,#6300,#6301,#6302,
#6303,#6304,#6305,#6306,#6307,#6308,#6309,#6310,#6311,#6312,#6313,#6314,
#6315,#6316,#6317,#6318,#6319,#6320,#6321,#6322,#6323,#6324,#6325,#6326,
#6327,#6328,#6329,#6330,#6331,#6332),.UNSPECIFIED.,.F.,.F.,(4,2,2,2,2,2,
2,2,2,2,2,2,2,2,2,2,2,4),(-25.8971638433047,-25.8306074070652,-25.6015370341608,
-25.3608793901992,-25.1258746723616,-24.8982229381776,-24.6598847542037,
-24.4275307625747,-24.1970027763047,-23.9582220058135,-23.7284814136445,
-23.4905392602025,-23.2547468007814,-23.0271405392517,-22.7888309677622,
-22.5557370582194,-22.3264560635437,-22.1152201196092),.UNSPECIFIED.);
#144=B_SPLINE_CURVE_WITH_KNOTS('',3,(#6333,#6334,#6335,#6336,#6337,#6338,
#6339,#6340,#6341,#6342,#6343,#6344,#6345,#6346,#6347,#6348,#6349,#6350,
#6351,#6352,#6353,#6354,#6355,#6356,#6357,#6358,#6359,#6360,#6361,#6362,
#6363,#6364,#6365,#6366,#6367,#6368),.UNSPECIFIED.,.F.,.F.,(4,2,2,2,2,2,
2,2,2,2,2,2,2,2,2,2,2,4),(-21.7458405531991,-21.7006678870922,-21.4708286479883,
-21.2332663972472,-20.9973584737245,-20.7697313423175,-20.5314284051517,
-20.2982273579648,-20.0691018615716,-19.8293793449355,-19.5988237416136,
-19.3637219395823,-19.1269835866973,-18.8989843640375,-18.6607136076779,
-18.4267497572004,-18.1984817280975,-17.9639669397876),.UNSPECIFIED.);
#145=B_SPLINE_CURVE_WITH_KNOTS('',3,(#6373,#6374,#6375,#6376,#6377,#6378,
#6379,#6380,#6381,#6382,#6383,#6384,#6385,#6386,#6387,#6388,#6389,#6390,
#6391,#6392,#6393,#6394,#6395,#6396,#6397,#6398,#6399,#6400,#6401,#6402,
#6403,#6404,#6405,#6406,#6407,#6408),.UNSPECIFIED.,.F.,.F.,(4,2,2,2,2,2,
2,2,2,2,2,2,2,2,2,2,2,4),(-29.6791678356719,-29.57987542694,-29.3399519756094,
-29.1107151160502,-28.8725117194481,-28.6409128025627,-28.4090727893148,
-28.1707212631693,-27.936590564059,-27.6994900384986,-27.4712179030739,
-27.2329647207741,-26.9986731014219,-26.7706671804886,-26.5323042849051,
-26.3006325822533,-26.0686199429591,-25.8971638433047),.UNSPECIFIED.);
#146=B_SPLINE_CURVE_WITH_KNOTS('',3,(#6409,#6410,#6411,#6412,#6413,#6414,
#6415,#6416,#6417,#6418,#6419,#6420,#6421,#6422,#6423,#6424,#6425,#6426,
#6427,#6428,#6429,#6430,#6431,#6432,#6433,#6434,#6435,#6436,#6437,#6438,
#6439,#6440,#6441,#6442,#6443,#6444,#6445,#6446),.UNSPECIFIED.,.F.,.F.,
(4,2,2,2,2,2,2,2,2,2,2,2,2,2,2,2,2,2,4),(-17.9639669397876,-17.9579224452593,
-17.7266482944264,-17.4936298867327,-17.2560687244708,-17.0273946553103,
-16.789113403005,-16.5544227009039,-16.3266573173152,-16.0883114378366,
-15.8562565083668,-15.6251280691234,-15.3866826309457,-15.1572342997105,
-14.9181673956451,-14.682716848142,-14.4551371101313,-14.2168182023289,
-14.1821445653795),.UNSPECIFIED.);
#147=B_SPLINE_CURVE_WITH_KNOTS('',3,(#6451,#6452,#6453,#6454,#6455,#6456,
#6457,#6458,#6459,#6460,#6461,#6462,#6463,#6464,#6465,#6466,#6467,#6468,
#6469,#6470,#6471,#6472,#6473,#6474,#6475,#6476,#6477,#6478,#6479,#6480,
#6481,#6482,#6483,#6484,#6485,#6486),.UNSPECIFIED.,.F.,.F.,(4,2,2,2,2,2,
2,2,2,2,2,2,2,2,2,2,2,4),(-33.4610742714486,-33.3193931760041,-33.0845678859331,
-32.8539278093751,-32.6141068968547,-32.3851072407577,-32.1518171813561,
-31.913520979301,-31.6858714611952,-31.4498672766634,-31.2126208576303,
-30.9826993728007,-30.7437097662961,-30.5135450117385,-30.2810045768365,
-30.0426787833361,-29.8150774599566,-29.6791678356719),.UNSPECIFIED.);
#148=B_SPLINE_CURVE_WITH_KNOTS('',3,(#6487,#6488,#6489,#6490,#6491,#6492,
#6493,#6494,#6495,#6496,#6497,#6498,#6499,#6500,#6501,#6502,#6503,#6504,
#6505,#6506,#6507,#6508,#6509,#6510,#6511,#6512,#6513,#6514,#6515,#6516,
#6517,#6518,#6519,#6520,#6521,#6522),.UNSPECIFIED.,.F.,.F.,(4,2,2,2,2,2,
2,2,2,2,2,2,2,2,2,2,2,4),(-14.1821445653795,-13.984043863105,-13.7542775744501,
-13.5150276345603,-13.2848803351651,-13.0484281444204,-12.8121617298064,
-12.5844189909737,-12.3461307428303,-12.1125986141902,-11.8838925602546,
-11.6438055195824,-11.4129363295053,-11.1787939821396,-10.9416951944438,
-10.7134242879887,-10.4751689120928,-10.4002303817247),.UNSPECIFIED.);
#149=B_SPLINE_CURVE_WITH_KNOTS('',3,(#6527,#6528,#6529,#6530,#6531,#6532,
#6533,#6534,#6535,#6536,#6537,#6538,#6539,#6540,#6541,#6542,#6543,#6544,
#6545,#6546,#6547,#6548,#6549,#6550,#6551,#6552,#6553,#6554,#6555,#6556,
#6557,#6558,#6559,#6560,#6561,#6562),.UNSPECIFIED.,.F.,.F.,(4,2,2,2,2,2,
2,2,2,2,2,2,2,2,2,2,2,4),(-37.2430144762072,-37.0582364421526,-36.827280592041,
-36.5951460030574,-36.3568044455916,-36.1290779225999,-35.8943037308587,
-35.6560149514359,-35.4272585404168,-35.1896035444008,-34.9568099565264,
-34.7254535812972,-34.4847977725465,-34.2566108833195,-34.0225585921271,
-33.7842948097093,-33.5562291380424,-33.4610742714486),.UNSPECIFIED.);
#150=B_SPLINE_CURVE_WITH_KNOTS('',3,(#6563,#6564,#6565,#6566,#6567,#6568,
#6569,#6570,#6571,#6572,#6573,#6574,#6575,#6576,#6577,#6578,#6579,#6580,
#6581,#6582,#6583,#6584,#6585,#6586,#6587,#6588,#6589,#6590,#6591,#6592,
#6593,#6594,#6595,#6596,#6597,#6598),.UNSPECIFIED.,.F.,.F.,(4,2,2,2,2,2,
2,2,2,2,2,2,2,2,2,2,2,4),(-10.4002303817247,-10.2408786847373,-10.0128684814399,
-9.77450349167004,-9.54283308719915,-9.31081071773405,-9.07279985466008,
-8.84373077434049,-8.60305732216074,-8.36805443035176,-8.14039973022188,
-7.90205943328295,-7.66970709478951,-7.43917025170036,-7.20039150910593,
-6.97065249601822,-6.73269515586574,-6.61818621121573),.UNSPECIFIED.);
#151=B_SPLINE_CURVE_WITH_KNOTS('',3,(#6603,#6604,#6605,#6606,#6607,#6608,
#6609,#6610,#6611,#6612,#6613,#6614,#6615,#6616,#6617,#6618,#6619,#6620,
#6621,#6622,#6623,#6624,#6625,#6626,#6627,#6628,#6629,#6630,#6631,#6632,
#6633,#6634,#6635,#6636,#6637,#6638),.UNSPECIFIED.,.F.,.F.,(4,2,2,2,2,2,
2,2,2,2,2,2,2,2,2,2,2,4),(-41.0248558137987,-40.7993583537605,-40.5707542232526,
-40.3371340969465,-40.0988509934264,-39.8710662362759,-39.6347039320881,
-39.3985416088141,-39.1683117520643,-38.9289662450867,-38.6993425947458,
-38.4664823186854,-38.2281681935975,-38.000589688269,-37.7650473450955,
-37.5262979562039,-37.2967715711751,-37.2430144762072),.UNSPECIFIED.);
#152=B_SPLINE_CURVE_WITH_KNOTS('',3,(#6639,#6640,#6641,#6642,#6643,#6644,
#6645,#6646,#6647,#6648,#6649,#6650,#6651,#6652,#6653,#6654,#6655,#6656,
#6657,#6658,#6659,#6660,#6661,#6662,#6663,#6664,#6665,#6666,#6667,#6668,
#6669,#6670,#6671,#6672,#6673,#6674),.UNSPECIFIED.,.F.,.F.,(4,2,2,2,2,2,
2,2,2,2,2,2,2,2,2,2,2,4),(-6.61818621121573,-6.49690481281137,-6.26929732115863,
-6.03098561790534,-5.79789356345393,-5.56860520494966,-5.32900342101461,
-5.0985515230883,-4.86310025760786,-4.62648200826357,-4.39855731546673,
-4.16027745296571,-3.92642268141333,-3.6980465072104,-3.45760650990591,
-3.22643401997156,-2.99312858875127,-2.83613985415761),.UNSPECIFIED.);
#153=B_SPLINE_CURVE_WITH_KNOTS('',3,(#6681,#6682,#6683,#6684,#6685,#6686,
#6687,#6688,#6689,#6690,#6691,#6692,#6693,#6694,#6695,#6696,#6697,#6698,
#6699,#6700,#6701,#6702,#6703,#6704,#6705,#6706,#6707,#6708),
 .UNSPECIFIED.,.F.,.F.,(4,2,2,2,2,2,2,2,2,2,2,2,2,4),(-47.6423803374636,
-47.500598983842,-47.3538131297824,-47.1141188163917,-46.8849788929375,
-46.6518040220096,-46.4135097257756,-46.1858955952362,-45.9500152781105,
-45.7124038475903,-45.4825893547724,-45.2437223015772,-45.0133722260196,
-44.8065678754423),.UNSPECIFIED.);
#154=B_SPLINE_CURVE_WITH_KNOTS('',3,(#6728,#6729,#6730,#6731,#6732,#6733,
#6734,#6735,#6736,#6737,#6738,#6739,#6740,#6741,#6742,#6743,#6744,#6745,
#6746,#6747,#6748,#6749,#6750,#6751,#6752,#6753,#6754,#6755,#6756,#6757,
#6758,#6759,#6760,#6761,#6762,#6763,#6764,#6765),.UNSPECIFIED.,.F.,.F.,
(4,2,2,2,2,2,2,2,2,2,2,2,2,2,2,2,2,2,4),(-44.8065678754423,-44.7809420179625,
-44.5426186535752,-44.3150016361435,-44.0799159627335,-43.8396051764661,
-43.6104677471894,-43.3723774332825,-43.1405647589677,-42.9088253713564,
-42.670476831289,-42.4425383425444,-42.2081762474296,-41.9699346082846,
-41.7415847087085,-41.5043909039804,-41.2704940501805,-41.0395420233317,
-41.0248558137987),.UNSPECIFIED.);
#155=B_SPLINE_CURVE_WITH_KNOTS('',3,(#6767,#6768,#6769,#6770,#6771,#6772,
#6773,#6774,#6775,#6776,#6777,#6778,#6779,#6780,#6781,#6782,#6783,#6784,
#6785,#6786,#6787,#6788,#6789,#6790,#6791,#6792,#6793,#6794),
 .UNSPECIFIED.,.F.,.F.,(4,2,2,2,2,2,2,2,2,2,2,2,2,4),(-2.83613985415761,
-2.75568368983732,-2.52711170463464,-2.28883900047246,-2.05425176062609,
-1.82643146421102,-1.58807972617472,-1.35612373457863,-1.12477292410677,
-0.886439106100917,-0.657087960216475,-0.41761628267863,-0.205519838745452,
0.),.UNSPECIFIED.);
#156=B_SPLINE_CURVE_WITH_KNOTS('',3,(#7178,#7179,#7180,#7181,#7182,#7183),
 .UNSPECIFIED.,.F.,.F.,(4,2,4),(-0.0624508423395163,-0.0312232538637606,
-1.00000000625988E-6),.UNSPECIFIED.);
#157=B_SPLINE_CURVE_WITH_KNOTS('',3,(#7189,#7190,#7191,#7192,#7193,#7194,
#7195,#7196,#7197,#7198),.UNSPECIFIED.,.F.,.F.,(4,2,2,2,4),(-0.987289373317754,
-0.726401980649828,-0.470315939787208,-0.213162076082142,-1.00000066727279E-6),
 .UNSPECIFIED.);
#158=B_SPLINE_CURVE_WITH_KNOTS('',3,(#7327,#7328,#7329,#7330,#7331,#7332,
#7333,#7334,#7335,#7336,#7337,#7338,#7339),.UNSPECIFIED.,.F.,.F.,(4,3,3,
3,4),(1.0842021724855E-19,0.00022187130619755,0.00033279835651592,0.000443674229638969,
0.00055456064252187),.UNSPECIFIED.);
#159=B_SPLINE_CURVE_WITH_KNOTS('',3,(#7343,#7344,#7345,#7346,#7347,#7348,
#7349,#7350,#7351,#7352,#7353,#7354,#7355,#7356,#7357,#7358),
 .UNSPECIFIED.,.F.,.F.,(4,3,3,3,3,4),(2.16840434497101E-19,0.000110931196844361,
0.000221862464162396,0.000332793799413605,0.000526922947125595,0.000721113445662943),
 .UNSPECIFIED.);
#160=B_SPLINE_CURVE_WITH_KNOTS('',3,(#7362,#7363,#7364,#7365,#7366,#7367,
#7368,#7369,#7370,#7371,#7372,#7373,#7374,#7375,#7376,#7377,#7378,#7379,
#7380,#7381,#7382,#7383,#7384,#7385,#7386,#7387,#7388,#7389),
 .UNSPECIFIED.,.F.,.F.,(4,2,2,2,2,2,2,2,2,2,2,2,2,4),(-0.289896145793963,
-0.230891491541688,-0.157087382626289,-0.14795641006486,-0.145818604242923,
-0.145506966054805,-0.145348102841753,-0.145220522915861,-0.145075829337528,
-0.144831457992441,-0.143898790938532,-0.137645261286077,-0.111406186251739,
0.),.UNSPECIFIED.);
#161=B_SPLINE_CURVE_WITH_KNOTS('',3,(#7394,#7395,#7396,#7397,#7398,#7399,
#7400,#7401,#7402,#7403,#7404,#7405,#7406,#7407,#7408,#7409,#7410,#7411,
#7412,#7413,#7414,#7415,#7416,#7417),.UNSPECIFIED.,.F.,.F.,(4,2,2,2,2,2,
2,2,2,2,2,4),(-0.290948042440172,-0.16610024985002,-0.150749651791346,-0.146026829178679,
-0.145682394931689,-0.145523137867945,-0.145402532833632,-0.145272994947747,
-0.145069356070685,-0.144431682559544,-0.128931267504406,0.),
 .UNSPECIFIED.);
#162=B_SPLINE_CURVE_WITH_KNOTS('',3,(#7420,#7421,#7422,#7423,#7424,#7425,
#7426,#7427,#7428,#7429,#7430,#7431,#7432,#7433,#7434,#7435,#7436,#7437,
#7438,#7439,#7440,#7441,#7442,#7443,#7444,#7445,#7446,#7447,#7448,#7449,
#7450,#7451),.UNSPECIFIED.,.F.,.F.,(4,2,2,2,2,2,2,2,2,2,2,2,2,2,2,4),(-0.272974417939391,
-0.172161555866352,-0.15173986469691,-0.147665781146216,-0.145766797082318,
-0.145464416037306,-0.14530752179928,-0.145181313964275,-0.145054353978246,
-0.144866768077235,-0.144310410786198,-0.144077441993822,-0.142824302134181,
-0.136820864254604,-0.10609298363391,0.),.UNSPECIFIED.);
#163=B_SPLINE_CURVE_WITH_KNOTS('',3,(#7457,#7458,#7459,#7460,#7461,#7462,
#7463,#7464,#7465,#7466,#7467,#7468,#7469,#7470,#7471,#7472,#7473,#7474,
#7475,#7476,#7477,#7478,#7479,#7480,#7481,#7482),.UNSPECIFIED.,.F.,.F.,
(4,2,2,2,2,2,2,2,2,2,2,2,4),(9.99999999240101E-7,0.0429184926280784,0.0511629414955381,
0.0517300035882242,0.0519317812669505,0.0520480230480142,0.0521557781200731,
0.0523023972250952,0.0525835517685323,0.0543074708558446,0.0579334202206415,
0.0758093614958796,0.0858228601032354),.UNSPECIFIED.);
#164=B_SPLINE_CURVE_WITH_KNOTS('',3,(#7485,#7486,#7487,#7488,#7489,#7490,
#7491,#7492,#7493,#7494),.UNSPECIFIED.,.F.,.F.,(4,2,2,2,4),(-0.778260002734403,
-0.582870883544875,-0.388188541026087,-0.187079305638725,-1.000000031115E-6),
 .UNSPECIFIED.);
#165=B_SPLINE_CURVE_WITH_KNOTS('',3,(#9737,#9738,#9739,#9740,#9741,#9742,
#9743,#9744,#9745,#9746,#9747,#9748,#9749,#9750,#9751,#9752,#9753,#9754,
#9755,#9756),.UNSPECIFIED.,.F.,.F.,(4,2,2,2,2,2,2,2,2,4),(-1.89049193821324,
-1.72657283843164,-1.48935197855274,-1.26097784014982,-1.02272967861067,
-0.788342972733352,-0.560413120933119,-0.322060560142353,-0.158215230703651,
0.),.UNSPECIFIED.);
#166=B_SPLINE_CURVE_WITH_KNOTS('',3,(#9762,#9763,#9764,#9765,#9766,#9767,
#9768,#9769,#9770,#9771,#9772,#9773,#9774,#9775,#9776,#9777,#9778,#9779,
#9780,#9781,#9782,#9783,#9784,#9785,#9786,#9787,#9788,#9789,#9790,#9791,
#9792,#9793,#9794,#9795,#9796,#9797),.UNSPECIFIED.,.F.,.F.,(4,2,2,2,2,2,
2,2,2,2,2,2,2,2,2,2,2,4),(-5.67244509907983,-5.46598687492598,-5.23041810396807,
-5.00283473170946,-4.76451709436755,-4.53163186515361,-4.30203685785454,
-4.06266400483782,-3.83241007744088,-3.59631109495779,-3.35992145960093,
-3.1321215745683,-2.89383504182005,-2.66018953780074,-2.43160431995833,
-2.19139312344256,-1.96041702052841,-1.89049193821324),.UNSPECIFIED.);
#167=B_SPLINE_CURVE_WITH_KNOTS('',3,(#9801,#9802,#9803,#9804,#9805,#9806,
#9807,#9808,#9809,#9810,#9811,#9812,#9813,#9814,#9815,#9816,#9817,#9818,
#9819,#9820),.UNSPECIFIED.,.F.,.F.,(4,2,2,2,2,2,2,2,2,4),(-50.2843893836088,
-50.1357234024579,-49.9817775224833,-49.7414814093569,-49.5129959210398,
-49.2792734246325,-49.0409997319307,-48.8131609745901,-48.5766865778463,
-48.3939367103455),.UNSPECIFIED.);
#168=B_SPLINE_CURVE_WITH_KNOTS('',3,(#9825,#9826,#9827,#9828,#9829,#9830,
#9831,#9832,#9833,#9834,#9835,#9836,#9837,#9838,#9839,#9840,#9841,#9842,
#9843,#9844,#9845,#9846,#9847,#9848,#9849,#9850,#9851,#9852,#9853,#9854,
#9855,#9856,#9857,#9858,#9859,#9860,#9861,#9862),.UNSPECIFIED.,.F.,.F.,
(4,2,2,2,2,2,2,2,2,2,2,2,2,2,2,2,2,2,4),(-9.45433805774396,-9.4468055161707,
-9.20853875267697,-8.97446072691432,-8.74628803820725,-8.50560445287354,
-8.27422391282118,-8.04147872872983,-7.80379669150587,-7.57501616713223,
-7.33672090661543,-7.101922205915,-6.8741998724792,-6.63585469356818,-6.40369658635531,
-6.17277667827249,-5.93421553376081,-5.70466608990854,-5.67244509907983),
 .UNSPECIFIED.);
#169=B_SPLINE_CURVE_WITH_KNOTS('',3,(#9863,#9864,#9865,#9866,#9867,#9868,
#9869,#9870,#9871,#9872,#9873,#9874,#9875,#9876,#9877,#9878,#9879,#9880,
#9881,#9882,#9883,#9884,#9885,#9886,#9887,#9888,#9889,#9890,#9891,#9892,
#9893,#9894,#9895,#9896,#9897,#9898),.UNSPECIFIED.,.F.,.F.,(4,2,2,2,2,2,
2,2,2,2,2,2,2,2,2,2,2,4),(-48.3939367103455,-48.3408693365613,-48.1105431707014,
-47.8710857001573,-47.6416305520181,-47.4086696635475,-47.1703645454734,
-46.9427840809249,-46.7071338080463,-46.4687657554887,-46.2391478410647,
-46.0005070984638,-45.7697578168966,-45.5375295477884,-45.2991964490901,
-45.0715144814988,-44.8366417511705,-44.6121822681618),.UNSPECIFIED.);
#170=B_SPLINE_CURVE_WITH_KNOTS('',3,(#9903,#9904,#9905,#9906,#9907,#9908,
#9909,#9910,#9911,#9912,#9913,#9914,#9915,#9916,#9917,#9918,#9919,#9920,
#9921,#9922,#9923,#9924,#9925,#9926,#9927,#9928,#9929,#9930,#9931,#9932,
#9933,#9934,#9935,#9936,#9937,#9938),.UNSPECIFIED.,.F.,.F.,(4,2,2,2,2,2,
2,2,2,2,2,2,2,2,2,2,2,4),(-13.2362026056807,-13.1884805053036,-12.9501515741678,
-12.7175861173938,-12.4874556254916,-12.2484384410117,-12.0184926564294,
-11.7813168158222,-11.5452848595902,-11.3176247121181,-11.079325476225,
-10.846009474743,-10.6170347593276,-10.3771855456272,-10.1465207006167,
-9.911756304212,-9.67489232411219,-9.45433805774396),.UNSPECIFIED.);
#171=B_SPLINE_CURVE_WITH_KNOTS('',3,(#9939,#9940,#9941,#9942,#9943,#9944,
#9945,#9946,#9947,#9948,#9949,#9950,#9951,#9952,#9953,#9954,#9955,#9956,
#9957,#9958,#9959,#9960,#9961,#9962,#9963,#9964,#9965,#9966,#9967,#9968,
#9969,#9970,#9971,#9972,#9973,#9974,#9975,#9976),.UNSPECIFIED.,.F.,.F.,
(4,2,2,2,2,2,2,2,2,2,2,2,2,2,2,2,2,2,4),(-44.6121822681618,-44.5983467116298,
-44.3694931180681,-44.1317269575207,-43.8992038462872,-43.6677502037096,
-43.4269796781514,-43.1988881753556,-42.9647307747179,-42.7264787352041,
-42.4983276226645,-42.2613750454661,-42.0268849421871,-41.7961441071904,
-41.5562053199867,-41.3273562667677,-41.0939596004598,-40.8556748966396,
-40.8304574343321),.UNSPECIFIED.);
#172=B_SPLINE_CURVE_WITH_KNOTS('',3,(#9981,#9982,#9983,#9984,#9985,#9986,
#9987,#9988,#9989,#9990,#9991,#9992,#9993,#9994,#9995,#9996,#9997,#9998,
#9999,#10000,#10001,#10002,#10003,#10004,#10005,#10006,#10007,#10008,#10009,
#10010,#10011,#10012,#10013,#10014,#10015,#10016),.UNSPECIFIED.,.F.,.F.,
(4,2,2,2,2,2,2,2,2,2,2,2,2,2,2,2,2,4),(-17.0182034617169,-16.9318427801606,
-16.6915136720629,-16.4604360397995,-16.2268642610175,-15.9895277741492,
-15.7610512707952,-15.5227883038824,-15.2882978273018,-15.0604236493568,
-14.8220688717386,-14.5902057182185,-14.3586471367657,-14.1204180042867,
-13.8911583074311,-13.6513103838588,-13.4160820145739,-13.2362026056807),
 .UNSPECIFIED.);
#173=B_SPLINE_CURVE_WITH_KNOTS('',3,(#10017,#10018,#10019,#10020,#10021,
#10022,#10023,#10024,#10025,#10026,#10027,#10028,#10029,#10030,#10031,#10032,
#10033,#10034,#10035,#10036,#10037,#10038,#10039,#10040,#10041,#10042,#10043,
#10044,#10045,#10046,#10047,#10048,#10049,#10050,#10051,#10052),
 .UNSPECIFIED.,.F.,.F.,(4,2,2,2,2,2,2,2,2,2,2,2,2,2,2,2,2,4),(-40.8304574343321,
-40.6279933922911,-40.3918733783563,-40.1550132317458,-39.9249929810187,
-39.6858887359747,-39.4559232212563,-39.2232804783743,-38.9849656642831,
-38.7573862005463,-38.5220752670612,-38.2825653837241,-38.0532369011636,
-37.8149279138356,-37.5835606941648,-37.3516276829647,-37.1132865535579,
-37.0487244198626),.UNSPECIFIED.);
#174=B_SPLINE_CURVE_WITH_KNOTS('',3,(#10057,#10058,#10059,#10060,#10061,
#10062,#10063,#10064,#10065,#10066,#10067,#10068,#10069,#10070,#10071,#10072,
#10073,#10074,#10075,#10076,#10077,#10078,#10079,#10080,#10081,#10082,#10083,
#10084,#10085,#10086,#10087,#10088,#10089,#10090,#10091,#10092),
 .UNSPECIFIED.,.F.,.F.,(4,2,2,2,2,2,2,2,2,2,2,2,2,2,2,2,2,4),(-20.8002495610576,
-20.6730118482792,-20.4343392090253,-20.2046923462681,-19.9663752521418,
-19.7306928878553,-19.5030982538603,-19.2647809411015,-19.0317893995697,
-18.8023491247494,-18.5628587041011,-18.3325028019474,-18.0967301593418,
-17.8602229951091,-17.6323611747949,-17.3940753545641,-17.1603219385814,
-17.0182034617169),.UNSPECIFIED.);
#175=B_SPLINE_CURVE_WITH_KNOTS('',3,(#10093,#10094,#10095,#10096,#10097,
#10098,#10099,#10100,#10101,#10102,#10103,#10104,#10105,#10106,#10107,#10108,
#10109,#10110,#10111,#10112,#10113,#10114,#10115,#10116,#10117,#10118,#10119,
#10120,#10121,#10122,#10123,#10124,#10125,#10126,#10127,#10128),
 .UNSPECIFIED.,.F.,.F.,(4,2,2,2,2,2,2,2,2,2,2,2,2,2,2,2,2,4),(-37.0487244198626,
-36.8854699818519,-36.6509063758208,-36.4126459882506,-36.1840971876036,
-35.946677598947,-35.7133480753149,-35.482198821922,-35.2417846179028,-35.0134057251708,
-34.7795751899539,-34.5413055442546,-34.3134000989133,-34.0768075202157,
-33.8413248728936,-33.610896368049,-33.371320447013,-33.266859754689),
 .UNSPECIFIED.);
#176=B_SPLINE_CURVE_WITH_KNOTS('',3,(#10133,#10134,#10135,#10136,#10137,
#10138,#10139,#10140,#10141,#10142,#10143,#10144,#10145,#10146,#10147,#10148,
#10149,#10150,#10151,#10152,#10153,#10154,#10155,#10156,#10157,#10158,#10159,
#10160,#10161,#10162,#10163,#10164,#10165,#10166,#10167,#10168),
 .UNSPECIFIED.,.F.,.F.,(4,2,2,2,2,2,2,2,2,2,2,2,2,2,2,2,2,4),(-24.5823147906183,
-24.4124131498741,-24.1754267313498,-23.9472469070085,-23.7089831548011,
-23.4747940968543,-23.24670513683,-23.0059009356315,-22.7744171758784,-22.5419264996266,
-22.304127483054,-22.075243965989,-21.8369340774809,-21.6020308386586,-21.3743427682384,
-21.1359973804278,-20.9037396169566,-20.8002495610576),.UNSPECIFIED.);
#177=B_SPLINE_CURVE_WITH_KNOTS('',3,(#10169,#10170,#10171,#10172,#10173,
#10174,#10175,#10176,#10177,#10178,#10179,#10180,#10181,#10182,#10183,#10184,
#10185,#10186,#10187,#10188,#10189,#10190,#10191,#10192,#10193,#10194,#10195,
#10196,#10197,#10198,#10199,#10200,#10201,#10202,#10203,#10204),
 .UNSPECIFIED.,.F.,.F.,(4,2,2,2,2,2,2,2,2,2,2,2,2,2,2,2,2,4),(-33.266859754689,
-33.1420228814725,-32.9089549577268,-32.6706535168441,-32.4430586335741,
-32.2072935550307,-31.9692996934785,-31.7395835676266,-31.5008299942554,
-31.2702787166218,-31.0379497234374,-30.7996197584093,-30.5719714711678,
-30.3369927387228,-30.1088830073713,-29.8706271452592,-29.6365191506616,
-29.4850481429844),.UNSPECIFIED.);
#178=B_SPLINE_CURVE_WITH_KNOTS('',3,(#10209,#10210,#10211,#10212,#10213,
#10214,#10215,#10216,#10217,#10218,#10219,#10220,#10221,#10222,#10223,#10224,
#10225,#10226,#10227,#10228,#10229,#10230,#10231,#10232,#10233,#10234,#10235,
#10236,#10237,#10238,#10239,#10240,#10241,#10242,#10243,#10244),
 .UNSPECIFIED.,.F.,.F.,(4,2,2,2,2,2,2,2,2,2,2,2,2,2,2,2,2,4),(-28.3642655534295,
-28.1518959694735,-27.9165524432782,-27.6889628705783,-27.4506362162224,
-27.217962216791,-26.9880173191414,-26.7488793186326,-26.5188286113755,
-26.2820211105065,-26.0458673427257,-25.8181663193244,-25.5798698642347,
-25.3464412375631,-25.1176042622179,-24.8776312061432,-24.6468596109426,
-24.5823147906183),.UNSPECIFIED.);
#179=B_SPLINE_CURVE_WITH_KNOTS('',3,(#10245,#10246,#10247,#10248,#10249,
#10250,#10251,#10252,#10253,#10254,#10255,#10256,#10257,#10258,#10259,#10260,
#10261,#10262,#10263,#10264,#10265,#10266,#10267,#10268,#10269,#10270,#10271,
#10272,#10273,#10274,#10275,#10276,#10277,#10278,#10279,#10280),
 .UNSPECIFIED.,.F.,.F.,(4,2,2,2,2,2,2,2,2,2,2,2,2,2,2,2,2,4),(-29.4850481429844,
-29.4083865922245,-29.1676698663303,-28.9362620018313,-28.7036181795172,
-28.4659041400731,-28.2370962335276,-27.998805607955,-27.763979225732,-27.5362792340913,
-27.2979438155506,-27.0657596355993,-26.8349187444506,-26.5963275357228,
-26.3667526838733,-26.1282137887713,-25.8926140457124,-25.7032106527826),
 .UNSPECIFIED.);
#180=B_SPLINE_CURVE_WITH_KNOTS('',3,(#10285,#10286,#10287,#10288,#10289,
#10290,#10291,#10292,#10293,#10294,#10295,#10296,#10297,#10298,#10299,#10300,
#10301,#10302,#10303,#10304,#10305,#10306,#10307,#10308,#10309,#10310,#10311,
#10312,#10313,#10314,#10315,#10316,#10317,#10318,#10319,#10320,#10321,#10322),
 .UNSPECIFIED.,.F.,.F.,(4,2,2,2,2,2,2,2,2,2,2,2,2,2,2,2,2,2,4),(-32.1461810027606,
-32.1328569673053,-31.8945759364298,-31.660713963979,-31.4323419650468,
-31.191894192489,-30.9607148931483,-30.7274228052672,-30.4899702983862,
-30.2613914925181,-30.023116723467,-29.7885225517871,-29.5607036817124,
-29.3223506091494,-29.090387930027,-28.859047162439,-28.6207059551399,-28.3913482231719,
-28.3642655534295),.UNSPECIFIED.);
#181=B_SPLINE_CURVE_WITH_KNOTS('',3,(#10323,#10324,#10325,#10326,#10327,
#10328,#10329,#10330,#10331,#10332,#10333,#10334,#10335,#10336,#10337,#10338,
#10339,#10340,#10341,#10342,#10343,#10344,#10345,#10346,#10347,#10348,#10349,
#10350,#10351,#10352,#10353,#10354,#10355,#10356,#10357,#10358,#10359,#10360),
 .UNSPECIFIED.,.F.,.F.,(4,2,2,2,2,2,2,2,2,2,2,2,2,2,2,2,2,2,4),(-25.7032106527826,
-25.6650368076036,-25.426729121876,-25.1938153869543,-24.964286146449,-24.7248809974572,
-24.4945999802099,-24.2586287108446,-24.0222066345882,-23.7943946925173,
-23.5561182532855,-23.3224436160139,-23.0939067429665,-22.8536630683085,
-22.6226599852796,-22.3889242546424,-22.151671580105,-21.9232700233671,
-21.9214695231098),.UNSPECIFIED.);
#182=B_SPLINE_CURVE_WITH_KNOTS('',3,(#10365,#10366,#10367,#10368,#10369,
#10370,#10371,#10372,#10373,#10374,#10375,#10376,#10377,#10378,#10379,#10380,
#10381,#10382,#10383,#10384,#10385,#10386,#10387,#10388,#10389,#10390,#10391,
#10392,#10393,#10394,#10395,#10396,#10397,#10398,#10399,#10400),
 .UNSPECIFIED.,.F.,.F.,(4,2,2,2,2,2,2,2,2,2,2,2,2,2,2,2,2,4),(-35.9280867629461,
-35.8660743942278,-35.6353966501362,-35.3955329800824,-35.1665656427313,
-34.9332362264231,-34.6949328953359,-34.4672655801952,-34.2312194229533,
-34.003609564411,-33.7652966739903,-33.5321974496081,-33.3029160470777,
-33.0633064427967,-32.8328476555167,-32.5974128764245,-32.3607868504083,
-32.1461810027606),.UNSPECIFIED.);
#183=B_SPLINE_CURVE_WITH_KNOTS('',3,(#10401,#10402,#10403,#10404,#10405,
#10406,#10407,#10408,#10409,#10410,#10411,#10412,#10413,#10414,#10415,#10416,
#10417,#10418,#10419,#10420,#10421,#10422,#10423,#10424,#10425,#10426,#10427,
#10428,#10429,#10430,#10431,#10432,#10433,#10434,#10435,#10436),
 .UNSPECIFIED.,.F.,.F.,(4,2,2,2,2,2,2,2,2,2,2,2,2,2,2,2,2,4),(-21.9214695231098,
-21.6850264249424,-21.4506120468182,-21.2227123360486,-20.9843688219659,
-20.7525791825907,-20.5208944424339,-20.2827470053125,-20.0535598957172,
-19.8134754231582,-19.5783306566943,-19.3507297782315,-19.1124117536194,
-18.8799258068166,-18.6496878588549,-18.4107582576976,-18.180889745759,
-18.1398088590198),.UNSPECIFIED.);
#184=B_SPLINE_CURVE_WITH_KNOTS('',3,(#10441,#10442,#10443,#10444,#10445,
#10446,#10447,#10448,#10449,#10450,#10451,#10452,#10453,#10454,#10455,#10456,
#10457,#10458,#10459,#10460,#10461,#10462,#10463,#10464,#10465,#10466,#10467,
#10468,#10469,#10470,#10471,#10472,#10473,#10474,#10475,#10476),
 .UNSPECIFIED.,.F.,.F.,(4,2,2,2,2,2,2,2,2,2,2,2,2,2,2,2,2,4),(-39.7101741496345,
-39.6089893075434,-39.3768188088067,-39.1384692927731,-38.9107458710588,
-38.6759343395155,-38.4376335703824,-38.2088404494548,-37.9711445111551,
-37.7384162401244,-37.5070230481276,-37.2663252213991,-37.0381555220285,
-36.8040641667363,-36.5657933294392,-36.3376950574868,-36.1008167766762,
-35.9280867629461),.UNSPECIFIED.);
#185=B_SPLINE_CURVE_WITH_KNOTS('',3,(#10477,#10478,#10479,#10480,#10481,
#10482,#10483,#10484,#10485,#10486,#10487,#10488,#10489,#10490,#10491,#10492,
#10493,#10494,#10495,#10496,#10497,#10498,#10499,#10500,#10501,#10502,#10503,
#10504,#10505,#10506,#10507,#10508,#10509,#10510,#10511,#10512),
 .UNSPECIFIED.,.F.,.F.,(4,2,2,2,2,2,2,2,2,2,2,2,2,2,2,2,2,4),(-18.1398088590198,
-17.9434923779136,-17.7075486452429,-17.4799218360604,-17.2416331774828,
-17.0083996862511,-16.7793465651262,-16.5395873304034,-16.3090013383238,
-16.0740454567129,-15.8372705997647,-15.6092502524396,-15.3709938934901,
-15.1369978401603,-14.9087804600223,-14.6681853285769,-14.4368818489492,
-14.3580491684292),.UNSPECIFIED.);
#186=B_SPLINE_CURVE_WITH_KNOTS('',3,(#10517,#10518,#10519,#10520,#10521,
#10522,#10523,#10524,#10525,#10526,#10527,#10528,#10529,#10530,#10531,#10532,
#10533,#10534,#10535,#10536,#10537,#10538,#10539,#10540,#10541,#10542,#10543,
#10544,#10545,#10546,#10547,#10548,#10549,#10550,#10551,#10552),
 .UNSPECIFIED.,.F.,.F.,(4,2,2,2,2,2,2,2,2,2,2,2,2,2,2,2,2,4),(-43.4922332552914,
-43.352555360384,-43.1188967045753,-42.8806059133619,-42.6527970442728,
-42.4163934241255,-42.1803173627505,-41.9500508521078,-41.7106639687903,
-41.4810778145624,-41.2481796072102,-41.0098576775455,-40.7822695093756,
-40.5466871228319,-40.3080336211943,-40.0784720076255,-39.8398973766683,
-39.7101741496345),.UNSPECIFIED.);
#187=B_SPLINE_CURVE_WITH_KNOTS('',3,(#10553,#10554,#10555,#10556,#10557,
#10558,#10559,#10560,#10561,#10562,#10563,#10564,#10565,#10566,#10567,#10568,
#10569,#10570,#10571,#10572,#10573,#10574,#10575,#10576,#10577,#10578,#10579,
#10580,#10581,#10582,#10583,#10584,#10585,#10586,#10587,#10588),
 .UNSPECIFIED.,.F.,.F.,(4,2,2,2,2,2,2,2,2,2,2,2,2,2,2,2,2,4),(-14.3580491684292,
-14.2039842630132,-13.9663883954537,-13.7376847959093,-13.4994109148022,
-13.2646904049383,-13.0369550045108,-12.7986222396959,-12.5665392242698,
-12.3355061185345,-12.0970279871287,-11.8675522099018,-11.6286517410197,
-11.3931673103287,-11.1655992963067,-10.9272937272747,-10.6944882133643,
-10.57628592708),.UNSPECIFIED.);
#188=B_SPLINE_CURVE_WITH_KNOTS('',3,(#10593,#10594,#10595,#10596,#10597,
#10598,#10599,#10600,#10601,#10602,#10603,#10604,#10605,#10606,#10607,#10608,
#10609,#10610,#10611,#10612,#10613,#10614,#10615,#10616,#10617,#10618,#10619,
#10620,#10621,#10622,#10623,#10624,#10625,#10626,#10627,#10628),
 .UNSPECIFIED.,.F.,.F.,(4,2,2,2,2,2,2,2,2,2,2,2,2,2,2,2,2,4),(-47.2742354646192,
-47.0969070891697,-46.8617804399462,-46.6215738305465,-46.3924004948146,
-46.1542700783785,-45.9225119106207,-45.6907362148635,-45.4523791533396,
-45.2244500120875,-44.9900504641936,-44.7517967782771,-44.5234100219811,
-44.2861752892758,-44.0523496824768,-43.8213609936503,-43.5811356925412,
-43.4922332552914),.UNSPECIFIED.);
#189=B_SPLINE_CURVE_WITH_KNOTS('',3,(#10629,#10630,#10631,#10632,#10633,
#10634,#10635,#10636,#10637,#10638,#10639,#10640,#10641,#10642,#10643,#10644,
#10645,#10646,#10647,#10648,#10649,#10650,#10651,#10652,#10653,#10654,#10655,
#10656,#10657,#10658,#10659,#10660,#10661,#10662,#10663,#10664),
 .UNSPECIFIED.,.F.,.F.,(4,2,2,2,2,2,2,2,2,2,2,2,2,2,2,2,2,4),(-10.57628592708,
-10.4648027657662,-10.225517234309,-9.99534026330662,-9.75904117125303,
-9.52273884161275,-9.29498672373273,-9.05671199245662,-8.82314765077841,
-8.59450259719585,-8.35437941082445,-8.12348038208786,-7.88946953038758,
-7.65233521911273,-7.42403516447112,-7.18579335758386,-6.95147211615006,
-6.79450367231382),.UNSPECIFIED.);
#190=B_SPLINE_CURVE_WITH_KNOTS('',3,(#10669,#10670,#10671,#10672,#10673,
#10674,#10675,#10676,#10677,#10678,#10679,#10680,#10681,#10682,#10683,#10684,
#10685,#10686,#10687,#10688,#10689,#10690,#10691,#10692,#10693,#10694,#10695,
#10696,#10697,#10698,#10699,#10700,#10701,#10702,#10703,#10704),
 .UNSPECIFIED.,.F.,.F.,(4,2,2,2,2,2,2,2,2,2,2,2,2,2,2,2,2,4),(-51.0560901447155,
-50.8382061076604,-50.6014518618442,-50.366393084847,-50.1358236695272,
-49.8960851451824,-49.6669790841452,-49.4337635227012,-49.1954610195433,
-48.9678301561361,-48.7319065941027,-48.4943933778542,-48.2645407123254,
-48.0256307300255,-47.7953272877341,-47.5628579218579,-47.3245261967141,
-47.2742354646192),.UNSPECIFIED.);
#191=B_SPLINE_CURVE_WITH_KNOTS('',3,(#10705,#10706,#10707,#10708,#10709,
#10710,#10711,#10712,#10713,#10714,#10715,#10716,#10717,#10718,#10719,#10720,
#10721,#10722,#10723,#10724,#10725,#10726,#10727,#10728,#10729,#10730,#10731,
#10732,#10733,#10734,#10735,#10736,#10737,#10738,#10739,#10740),
 .UNSPECIFIED.,.F.,.F.,(4,2,2,2,2,2,2,2,2,2,2,2,2,2,2,2,2,4),(-6.79450367231382,
-6.72350168096321,-6.48514900988676,-6.25344893551156,-6.02153409473006,
-5.78348852832098,-5.55439001943567,-5.31389937811392,-5.078860068737,-4.85122858853128,
-4.61290084641928,-4.38051442582721,-4.1500740794139,-3.91125622474758,
-3.68148422887885,-3.44370178347702,-3.20787142643071,-3.01269361360698),
 .UNSPECIFIED.);
#192=B_SPLINE_CURVE_WITH_KNOTS('',3,(#10773,#10774,#10775,#10776,#10777,
#10778,#10779,#10780,#10781,#10782,#10783,#10784,#10785,#10786,#10787,#10788,
#10789,#10790,#10791,#10792,#10793,#10794,#10795,#10796,#10797,#10798,#10799,
#10800,#10801,#10802),.UNSPECIFIED.,.F.,.F.,(4,2,2,2,2,2,2,2,2,2,2,2,2,
2,4),(-3.01269361360698,-2.98026545213561,-2.74196653813511,-2.50883790870545,
-2.27962735803481,-2.03998431837788,-1.80949791286289,-1.57420277493865,
-1.33754337342212,-1.10959720948838,-0.871330283032251,-0.637438822975058,
-0.409117622527463,-0.205388208566693,0.),.UNSPECIFIED.);
#193=B_SPLINE_CURVE_WITH_KNOTS('',3,(#10805,#10806,#10807,#10808,#10809,
#10810,#10811,#10812,#10813,#10814,#10815,#10816,#10817,#10818,#10819,#10820,
#10821,#10822,#10823,#10824,#10825,#10826,#10827,#10828,#10829,#10830),
 .UNSPECIFIED.,.F.,.F.,(4,2,2,2,2,2,2,2,2,2,2,2,4),(-53.601993093282,-53.3930013525024,
-53.1761133763285,-52.937830339287,-52.709142748686,-52.4715662430572,-52.2385828393484,
-52.0072951916312,-51.7667201503568,-51.5384645831688,-51.3044862679575,
-51.0662159852937,-51.0560901447155),.UNSPECIFIED.);
#194=B_SPLINE_CURVE_WITH_KNOTS('',3,(#10832,#10833,#10834,#10835,#10836,
#10837,#10838,#10839,#10840,#10841,#10842,#10843,#10844,#10845),
 .UNSPECIFIED.,.F.,.F.,(4,2,2,2,2,2,4),(-1.1605740454016,-0.973188346135424,
-0.800650803654148,-0.579424193599901,-0.346161807702195,-0.173884093436698,
0.),.UNSPECIFIED.);
#195=B_SPLINE_CURVE_WITH_KNOTS('',3,(#10846,#10847,#10848,#10849,#10850,
#10851,#10852,#10853,#10854,#10855,#10856,#10857,#10858,#10859),
 .UNSPECIFIED.,.F.,.F.,(4,2,2,2,2,2,4),(-1.1639722216391,-0.993927372611205,
-0.816285723202896,-0.582097488630588,-0.354017920120221,-0.181345162735254,
0.),.UNSPECIFIED.);
#196=FACE_OUTER_BOUND('',#410,.T.);
#197=FACE_OUTER_BOUND('',#411,.T.);
#198=FACE_OUTER_BOUND('',#412,.T.);
#199=FACE_OUTER_BOUND('',#413,.T.);
#200=FACE_OUTER_BOUND('',#414,.T.);
#201=FACE_OUTER_BOUND('',#415,.T.);
#202=FACE_OUTER_BOUND('',#416,.T.);
#203=FACE_OUTER_BOUND('',#417,.T.);
#204=FACE_OUTER_BOUND('',#418,.T.);
#205=FACE_OUTER_BOUND('',#419,.T.);
#206=FACE_OUTER_BOUND('',#420,.T.);
#207=FACE_OUTER_BOUND('',#421,.T.);
#208=FACE_OUTER_BOUND('',#422,.T.);
#209=FACE_OUTER_BOUND('',#423,.T.);
#210=FACE_OUTER_BOUND('',#424,.T.);
#211=FACE_OUTER_BOUND('',#425,.T.);
#212=FACE_OUTER_BOUND('',#426,.T.);
#213=FACE_OUTER_BOUND('',#427,.T.);
#214=FACE_OUTER_BOUND('',#428,.T.);
#215=FACE_OUTER_BOUND('',#429,.T.);
#216=FACE_OUTER_BOUND('',#430,.T.);
#217=FACE_OUTER_BOUND('',#431,.T.);
#218=FACE_OUTER_BOUND('',#432,.T.);
#219=FACE_OUTER_BOUND('',#433,.T.);
#220=FACE_OUTER_BOUND('',#434,.T.);
#221=FACE_OUTER_BOUND('',#435,.T.);
#222=FACE_OUTER_BOUND('',#436,.T.);
#223=FACE_OUTER_BOUND('',#437,.T.);
#224=FACE_OUTER_BOUND('',#438,.T.);
#225=FACE_OUTER_BOUND('',#439,.T.);
#226=FACE_OUTER_BOUND('',#440,.T.);
#227=FACE_OUTER_BOUND('',#441,.T.);
#228=FACE_OUTER_BOUND('',#442,.T.);
#229=FACE_OUTER_BOUND('',#443,.T.);
#230=FACE_OUTER_BOUND('',#444,.T.);
#231=FACE_OUTER_BOUND('',#445,.T.);
#232=FACE_OUTER_BOUND('',#446,.T.);
#233=FACE_OUTER_BOUND('',#447,.T.);
#234=FACE_OUTER_BOUND('',#448,.T.);
#235=FACE_OUTER_BOUND('',#449,.T.);
#236=FACE_OUTER_BOUND('',#450,.T.);
#237=FACE_OUTER_BOUND('',#451,.T.);
#238=FACE_OUTER_BOUND('',#452,.T.);
#239=FACE_OUTER_BOUND('',#453,.T.);
#240=FACE_OUTER_BOUND('',#454,.T.);
#241=FACE_OUTER_BOUND('',#455,.T.);
#242=FACE_OUTER_BOUND('',#456,.T.);
#243=FACE_OUTER_BOUND('',#457,.T.);
#244=FACE_OUTER_BOUND('',#458,.T.);
#245=FACE_OUTER_BOUND('',#459,.T.);
#246=FACE_OUTER_BOUND('',#460,.T.);
#247=FACE_OUTER_BOUND('',#461,.T.);
#248=FACE_OUTER_BOUND('',#462,.T.);
#249=FACE_OUTER_BOUND('',#463,.T.);
#250=FACE_OUTER_BOUND('',#464,.T.);
#251=FACE_OUTER_BOUND('',#465,.T.);
#252=FACE_OUTER_BOUND('',#466,.T.);
#253=FACE_OUTER_BOUND('',#467,.T.);
#254=FACE_OUTER_BOUND('',#468,.T.);
#255=FACE_OUTER_BOUND('',#469,.T.);
#256=FACE_OUTER_BOUND('',#470,.T.);
#257=FACE_OUTER_BOUND('',#471,.T.);
#258=FACE_OUTER_BOUND('',#472,.T.);
#259=FACE_OUTER_BOUND('',#473,.T.);
#260=FACE_OUTER_BOUND('',#474,.T.);
#261=FACE_OUTER_BOUND('',#475,.T.);
#262=FACE_OUTER_BOUND('',#476,.T.);
#263=FACE_OUTER_BOUND('',#477,.T.);
#264=FACE_OUTER_BOUND('',#478,.T.);
#265=FACE_OUTER_BOUND('',#479,.T.);
#266=FACE_OUTER_BOUND('',#480,.T.);
#267=FACE_OUTER_BOUND('',#481,.T.);
#268=FACE_OUTER_BOUND('',#482,.T.);
#269=FACE_OUTER_BOUND('',#483,.T.);
#270=FACE_OUTER_BOUND('',#485,.T.);
#271=FACE_OUTER_BOUND('',#486,.T.);
#272=FACE_OUTER_BOUND('',#487,.T.);
#273=FACE_OUTER_BOUND('',#489,.T.);
#274=FACE_OUTER_BOUND('',#491,.T.);
#275=FACE_OUTER_BOUND('',#493,.T.);
#276=FACE_OUTER_BOUND('',#494,.T.);
#277=FACE_OUTER_BOUND('',#495,.T.);
#278=FACE_OUTER_BOUND('',#497,.T.);
#279=FACE_OUTER_BOUND('',#498,.T.);
#280=FACE_OUTER_BOUND('',#499,.T.);
#281=FACE_OUTER_BOUND('',#500,.T.);
#282=FACE_OUTER_BOUND('',#501,.T.);
#283=FACE_OUTER_BOUND('',#502,.T.);
#284=FACE_OUTER_BOUND('',#503,.T.);
#285=FACE_OUTER_BOUND('',#504,.T.);
#286=FACE_OUTER_BOUND('',#505,.T.);
#287=FACE_OUTER_BOUND('',#506,.T.);
#288=FACE_OUTER_BOUND('',#507,.T.);
#289=FACE_OUTER_BOUND('',#508,.T.);
#290=FACE_OUTER_BOUND('',#509,.T.);
#291=FACE_OUTER_BOUND('',#510,.T.);
#292=FACE_OUTER_BOUND('',#511,.T.);
#293=FACE_OUTER_BOUND('',#512,.T.);
#294=FACE_OUTER_BOUND('',#513,.T.);
#295=FACE_OUTER_BOUND('',#514,.T.);
#296=FACE_OUTER_BOUND('',#515,.T.);
#297=FACE_OUTER_BOUND('',#516,.T.);
#298=FACE_OUTER_BOUND('',#517,.T.);
#299=FACE_OUTER_BOUND('',#519,.T.);
#300=FACE_OUTER_BOUND('',#520,.T.);
#301=FACE_OUTER_BOUND('',#521,.T.);
#302=FACE_OUTER_BOUND('',#522,.T.);
#303=FACE_OUTER_BOUND('',#523,.T.);
#304=FACE_OUTER_BOUND('',#524,.T.);
#305=FACE_OUTER_BOUND('',#525,.T.);
#306=FACE_OUTER_BOUND('',#526,.T.);
#307=FACE_OUTER_BOUND('',#527,.T.);
#308=FACE_OUTER_BOUND('',#528,.T.);
#309=FACE_OUTER_BOUND('',#529,.T.);
#310=FACE_OUTER_BOUND('',#530,.T.);
#311=FACE_OUTER_BOUND('',#531,.T.);
#312=FACE_OUTER_BOUND('',#532,.T.);
#313=FACE_OUTER_BOUND('',#533,.T.);
#314=FACE_OUTER_BOUND('',#534,.T.);
#315=FACE_OUTER_BOUND('',#535,.T.);
#316=FACE_OUTER_BOUND('',#536,.T.);
#317=FACE_OUTER_BOUND('',#537,.T.);
#318=FACE_OUTER_BOUND('',#538,.T.);
#319=FACE_OUTER_BOUND('',#539,.T.);
#320=FACE_OUTER_BOUND('',#540,.T.);
#321=FACE_OUTER_BOUND('',#541,.T.);
#322=FACE_OUTER_BOUND('',#542,.T.);
#323=FACE_OUTER_BOUND('',#543,.T.);
#324=FACE_OUTER_BOUND('',#544,.T.);
#325=FACE_OUTER_BOUND('',#545,.T.);
#326=FACE_OUTER_BOUND('',#546,.T.);
#327=FACE_OUTER_BOUND('',#547,.T.);
#328=FACE_OUTER_BOUND('',#548,.T.);
#329=FACE_OUTER_BOUND('',#549,.T.);
#330=FACE_OUTER_BOUND('',#550,.T.);
#331=FACE_OUTER_BOUND('',#551,.T.);
#332=FACE_OUTER_BOUND('',#552,.T.);
#333=FACE_OUTER_BOUND('',#553,.T.);
#334=FACE_OUTER_BOUND('',#554,.T.);
#335=FACE_OUTER_BOUND('',#555,.T.);
#336=FACE_OUTER_BOUND('',#556,.T.);
#337=FACE_OUTER_BOUND('',#557,.T.);
#338=FACE_OUTER_BOUND('',#558,.T.);
#339=FACE_OUTER_BOUND('',#559,.T.);
#340=FACE_OUTER_BOUND('',#560,.T.);
#341=FACE_OUTER_BOUND('',#561,.T.);
#342=FACE_OUTER_BOUND('',#562,.T.);
#343=FACE_OUTER_BOUND('',#563,.T.);
#344=FACE_OUTER_BOUND('',#564,.T.);
#345=FACE_OUTER_BOUND('',#565,.T.);
#346=FACE_OUTER_BOUND('',#566,.T.);
#347=FACE_OUTER_BOUND('',#567,.T.);
#348=FACE_OUTER_BOUND('',#568,.T.);
#349=FACE_OUTER_BOUND('',#569,.T.);
#350=FACE_OUTER_BOUND('',#570,.T.);
#351=FACE_OUTER_BOUND('',#571,.T.);
#352=FACE_OUTER_BOUND('',#572,.T.);
#353=FACE_OUTER_BOUND('',#573,.T.);
#354=FACE_OUTER_BOUND('',#574,.T.);
#355=FACE_OUTER_BOUND('',#575,.T.);
#356=FACE_OUTER_BOUND('',#576,.T.);
#357=FACE_OUTER_BOUND('',#577,.T.);
#358=FACE_OUTER_BOUND('',#578,.T.);
#359=FACE_OUTER_BOUND('',#579,.T.);
#360=FACE_OUTER_BOUND('',#580,.T.);
#361=FACE_OUTER_BOUND('',#581,.T.);
#362=FACE_OUTER_BOUND('',#582,.T.);
#363=FACE_OUTER_BOUND('',#583,.T.);
#364=FACE_OUTER_BOUND('',#584,.T.);
#365=FACE_OUTER_BOUND('',#585,.T.);
#366=FACE_OUTER_BOUND('',#586,.T.);
#367=FACE_OUTER_BOUND('',#587,.T.);
#368=FACE_OUTER_BOUND('',#588,.T.);
#369=FACE_OUTER_BOUND('',#589,.T.);
#370=FACE_OUTER_BOUND('',#590,.T.);
#371=FACE_OUTER_BOUND('',#591,.T.);
#372=FACE_OUTER_BOUND('',#592,.T.);
#373=FACE_OUTER_BOUND('',#593,.T.);
#374=FACE_OUTER_BOUND('',#594,.T.);
#375=FACE_OUTER_BOUND('',#595,.T.);
#376=FACE_OUTER_BOUND('',#596,.T.);
#377=FACE_OUTER_BOUND('',#597,.T.);
#378=FACE_OUTER_BOUND('',#598,.T.);
#379=FACE_OUTER_BOUND('',#600,.T.);
#380=FACE_OUTER_BOUND('',#602,.T.);
#381=FACE_OUTER_BOUND('',#604,.T.);
#382=FACE_OUTER_BOUND('',#606,.T.);
#383=FACE_OUTER_BOUND('',#608,.T.);
#384=FACE_OUTER_BOUND('',#609,.T.);
#385=FACE_OUTER_BOUND('',#610,.T.);
#386=FACE_OUTER_BOUND('',#611,.T.);
#387=FACE_OUTER_BOUND('',#612,.T.);
#388=FACE_OUTER_BOUND('',#614,.T.);
#389=FACE_OUTER_BOUND('',#615,.T.);
#390=FACE_OUTER_BOUND('',#616,.T.);
#391=FACE_OUTER_BOUND('',#618,.T.);
#392=FACE_OUTER_BOUND('',#619,.T.);
#393=FACE_OUTER_BOUND('',#620,.T.);
#394=FACE_OUTER_BOUND('',#621,.T.);
#395=FACE_OUTER_BOUND('',#622,.T.);
#396=FACE_OUTER_BOUND('',#623,.T.);
#397=FACE_OUTER_BOUND('',#624,.T.);
#398=FACE_OUTER_BOUND('',#625,.T.);
#399=FACE_OUTER_BOUND('',#626,.T.);
#400=FACE_OUTER_BOUND('',#627,.T.);
#401=FACE_OUTER_BOUND('',#628,.T.);
#402=FACE_OUTER_BOUND('',#629,.T.);
#403=FACE_OUTER_BOUND('',#630,.T.);
#404=FACE_OUTER_BOUND('',#631,.T.);
#405=FACE_OUTER_BOUND('',#632,.T.);
#406=FACE_OUTER_BOUND('',#633,.T.);
#407=FACE_OUTER_BOUND('',#634,.T.);
#408=FACE_OUTER_BOUND('',#635,.T.);
#409=FACE_OUTER_BOUND('',#644,.T.);
#410=EDGE_LOOP('',(#2386,#2387,#2388,#2389,#2390,#2391,#2392,#2393));
#411=EDGE_LOOP('',(#2394,#2395,#2396,#2397));
#412=EDGE_LOOP('',(#2398,#2399,#2400,#2401));
#413=EDGE_LOOP('',(#2402,#2403,#2404,#2405));
#414=EDGE_LOOP('',(#2406,#2407,#2408,#2409));
#415=EDGE_LOOP('',(#2410,#2411,#2412,#2413));
#416=EDGE_LOOP('',(#2414,#2415,#2416,#2417));
#417=EDGE_LOOP('',(#2418,#2419,#2420,#2421));
#418=EDGE_LOOP('',(#2422,#2423,#2424,#2425));
#419=EDGE_LOOP('',(#2426,#2427,#2428,#2429));
#420=EDGE_LOOP('',(#2430,#2431,#2432,#2433));
#421=EDGE_LOOP('',(#2434,#2435,#2436,#2437));
#422=EDGE_LOOP('',(#2438,#2439,#2440,#2441));
#423=EDGE_LOOP('',(#2442,#2443,#2444,#2445));
#424=EDGE_LOOP('',(#2446,#2447,#2448,#2449));
#425=EDGE_LOOP('',(#2450,#2451,#2452,#2453));
#426=EDGE_LOOP('',(#2454,#2455,#2456,#2457));
#427=EDGE_LOOP('',(#2458,#2459,#2460,#2461));
#428=EDGE_LOOP('',(#2462,#2463,#2464,#2465));
#429=EDGE_LOOP('',(#2466,#2467,#2468,#2469));
#430=EDGE_LOOP('',(#2470,#2471,#2472,#2473));
#431=EDGE_LOOP('',(#2474,#2475,#2476,#2477));
#432=EDGE_LOOP('',(#2478,#2479,#2480,#2481));
#433=EDGE_LOOP('',(#2482,#2483,#2484));
#434=EDGE_LOOP('',(#2485,#2486,#2487,#2488));
#435=EDGE_LOOP('',(#2489,#2490,#2491,#2492));
#436=EDGE_LOOP('',(#2493,#2494,#2495,#2496,#2497,#2498));
#437=EDGE_LOOP('',(#2499,#2500,#2501,#2502));
#438=EDGE_LOOP('',(#2503,#2504,#2505,#2506));
#439=EDGE_LOOP('',(#2507,#2508,#2509,#2510,#2511,#2512,#2513));
#440=EDGE_LOOP('',(#2514,#2515,#2516,#2517,#2518,#2519,#2520));
#441=EDGE_LOOP('',(#2521,#2522,#2523,#2524));
#442=EDGE_LOOP('',(#2525,#2526,#2527,#2528));
#443=EDGE_LOOP('',(#2529,#2530,#2531,#2532));
#444=EDGE_LOOP('',(#2533,#2534,#2535,#2536));
#445=EDGE_LOOP('',(#2537,#2538,#2539,#2540));
#446=EDGE_LOOP('',(#2541,#2542,#2543,#2544));
#447=EDGE_LOOP('',(#2545,#2546,#2547,#2548));
#448=EDGE_LOOP('',(#2549,#2550,#2551,#2552,#2553));
#449=EDGE_LOOP('',(#2554,#2555,#2556,#2557));
#450=EDGE_LOOP('',(#2558,#2559,#2560,#2561));
#451=EDGE_LOOP('',(#2562,#2563,#2564,#2565));
#452=EDGE_LOOP('',(#2566,#2567,#2568,#2569,#2570));
#453=EDGE_LOOP('',(#2571,#2572,#2573,#2574));
#454=EDGE_LOOP('',(#2575,#2576,#2577,#2578));
#455=EDGE_LOOP('',(#2579,#2580,#2581,#2582));
#456=EDGE_LOOP('',(#2583,#2584,#2585,#2586));
#457=EDGE_LOOP('',(#2587,#2588,#2589,#2590));
#458=EDGE_LOOP('',(#2591,#2592,#2593,#2594));
#459=EDGE_LOOP('',(#2595,#2596,#2597,#2598));
#460=EDGE_LOOP('',(#2599,#2600,#2601,#2602));
#461=EDGE_LOOP('',(#2603,#2604,#2605,#2606));
#462=EDGE_LOOP('',(#2607,#2608,#2609,#2610));
#463=EDGE_LOOP('',(#2611,#2612,#2613,#2614));
#464=EDGE_LOOP('',(#2615,#2616,#2617,#2618));
#465=EDGE_LOOP('',(#2619,#2620,#2621,#2622));
#466=EDGE_LOOP('',(#2623,#2624,#2625,#2626));
#467=EDGE_LOOP('',(#2627,#2628,#2629,#2630));
#468=EDGE_LOOP('',(#2631,#2632,#2633,#2634,#2635));
#469=EDGE_LOOP('',(#2636,#2637,#2638,#2639));
#470=EDGE_LOOP('',(#2640,#2641,#2642,#2643));
#471=EDGE_LOOP('',(#2644,#2645,#2646,#2647));
#472=EDGE_LOOP('',(#2648,#2649,#2650,#2651,#2652));
#473=EDGE_LOOP('',(#2653,#2654,#2655,#2656));
#474=EDGE_LOOP('',(#2657,#2658,#2659,#2660));
#475=EDGE_LOOP('',(#2661,#2662,#2663,#2664));
#476=EDGE_LOOP('',(#2665,#2666,#2667,#2668));
#477=EDGE_LOOP('',(#2669,#2670,#2671,#2672));
#478=EDGE_LOOP('',(#2673,#2674,#2675,#2676));
#479=EDGE_LOOP('',(#2677,#2678,#2679,#2680,#2681));
#480=EDGE_LOOP('',(#2682,#2683,#2684));
#481=EDGE_LOOP('',(#2685,#2686,#2687));
#482=EDGE_LOOP('',(#2688,#2689,#2690,#2691,#2692,#2693,#2694,#2695,#2696,
#2697,#2698,#2699,#2700));
#483=EDGE_LOOP('',(#2701,#2702,#2703,#2704,#2705,#2706,#2707,#2708,#2709,
#2710,#2711));
#484=EDGE_LOOP('',(#2712));
#485=EDGE_LOOP('',(#2713,#2714,#2715,#2716,#2717,#2718,#2719,#2720,#2721,
#2722,#2723,#2724,#2725,#2726));
#486=EDGE_LOOP('',(#2727,#2728,#2729,#2730,#2731,#2732,#2733,#2734,#2735,
#2736,#2737,#2738,#2739,#2740));
#487=EDGE_LOOP('',(#2741,#2742,#2743,#2744,#2745,#2746,#2747,#2748,#2749,
#2750,#2751));
#488=EDGE_LOOP('',(#2752));
#489=EDGE_LOOP('',(#2753));
#490=EDGE_LOOP('',(#2754));
#491=EDGE_LOOP('',(#2755,#2756,#2757,#2758));
#492=EDGE_LOOP('',(#2759,#2760,#2761,#2762));
#493=EDGE_LOOP('',(#2763,#2764,#2765,#2766,#2767));
#494=EDGE_LOOP('',(#2768,#2769,#2770,#2771,#2772));
#495=EDGE_LOOP('',(#2773));
#496=EDGE_LOOP('',(#2774));
#497=EDGE_LOOP('',(#2775,#2776,#2777,#2778,#2779));
#498=EDGE_LOOP('',(#2780,#2781,#2782,#2783,#2784));
#499=EDGE_LOOP('',(#2785,#2786,#2787,#2788,#2789,#2790,#2791,#2792,#2793,
#2794));
#500=EDGE_LOOP('',(#2795,#2796,#2797,#2798,#2799,#2800));
#501=EDGE_LOOP('',(#2801,#2802,#2803,#2804,#2805,#2806,#2807,#2808,#2809,
#2810));
#502=EDGE_LOOP('',(#2811,#2812,#2813,#2814,#2815,#2816));
#503=EDGE_LOOP('',(#2817,#2818,#2819,#2820,#2821,#2822,#2823,#2824,#2825,
#2826,#2827,#2828,#2829));
#504=EDGE_LOOP('',(#2830,#2831,#2832,#2833,#2834,#2835,#2836,#2837,#2838,
#2839));
#505=EDGE_LOOP('',(#2840,#2841,#2842,#2843,#2844,#2845,#2846,#2847,#2848));
#506=EDGE_LOOP('',(#2849,#2850,#2851,#2852,#2853,#2854,#2855));
#507=EDGE_LOOP('',(#2856,#2857,#2858,#2859,#2860,#2861));
#508=EDGE_LOOP('',(#2862,#2863,#2864));
#509=EDGE_LOOP('',(#2865,#2866,#2867,#2868));
#510=EDGE_LOOP('',(#2869,#2870,#2871,#2872));
#511=EDGE_LOOP('',(#2873,#2874,#2875,#2876));
#512=EDGE_LOOP('',(#2877,#2878,#2879,#2880,#2881,#2882,#2883,#2884,#2885,
#2886));
#513=EDGE_LOOP('',(#2887,#2888,#2889,#2890));
#514=EDGE_LOOP('',(#2891,#2892,#2893,#2894));
#515=EDGE_LOOP('',(#2895,#2896,#2897,#2898,#2899,#2900,#2901,#2902,#2903,
#2904,#2905,#2906));
#516=EDGE_LOOP('',(#2907,#2908,#2909,#2910));
#517=EDGE_LOOP('',(#2911,#2912,#2913,#2914,#2915,#2916,#2917,#2918,#2919,
#2920,#2921,#2922,#2923,#2924,#2925,#2926,#2927,#2928,#2929,#2930,#2931,
#2932,#2933,#2934,#2935,#2936,#2937,#2938,#2939,#2940,#2941,#2942,#2943,
#2944,#2945,#2946,#2947,#2948,#2949,#2950,#2951,#2952,#2953,#2954,#2955,
#2956,#2957,#2958,#2959,#2960,#2961,#2962,#2963,#2964,#2965,#2966,#2967,
#2968,#2969,#2970,#2971,#2972,#2973,#2974,#2975,#2976,#2977,#2978,#2979,
#2980,#2981,#2982,#2983,#2984,#2985,#2986,#2987,#2988));
#518=EDGE_LOOP('',(#2989,#2990));
#519=EDGE_LOOP('',(#2991,#2992,#2993,#2994));
#520=EDGE_LOOP('',(#2995,#2996,#2997,#2998));
#521=EDGE_LOOP('',(#2999,#3000,#3001,#3002,#3003,#3004,#3005,#3006,#3007,
#3008,#3009,#3010,#3011,#3012,#3013,#3014,#3015,#3016,#3017,#3018,#3019,
#3020,#3021,#3022,#3023,#3024,#3025,#3026,#3027,#3028,#3029,#3030,#3031));
#522=EDGE_LOOP('',(#3032,#3033));
#523=EDGE_LOOP('',(#3034,#3035,#3036,#3037,#3038,#3039,#3040,#3041,#3042,
#3043,#3044,#3045,#3046,#3047,#3048,#3049,#3050,#3051,#3052,#3053,#3054,
#3055,#3056,#3057,#3058,#3059,#3060,#3061,#3062,#3063));
#524=EDGE_LOOP('',(#3064,#3065));
#525=EDGE_LOOP('',(#3066,#3067,#3068,#3069));
#526=EDGE_LOOP('',(#3070,#3071,#3072,#3073));
#527=EDGE_LOOP('',(#3074,#3075,#3076,#3077));
#528=EDGE_LOOP('',(#3078,#3079,#3080,#3081));
#529=EDGE_LOOP('',(#3082,#3083,#3084,#3085,#3086));
#530=EDGE_LOOP('',(#3087,#3088,#3089,#3090));
#531=EDGE_LOOP('',(#3091,#3092,#3093,#3094));
#532=EDGE_LOOP('',(#3095,#3096,#3097,#3098));
#533=EDGE_LOOP('',(#3099,#3100,#3101,#3102));
#534=EDGE_LOOP('',(#3103,#3104,#3105,#3106));
#535=EDGE_LOOP('',(#3107,#3108,#3109,#3110,#3111));
#536=EDGE_LOOP('',(#3112,#3113,#3114,#3115));
#537=EDGE_LOOP('',(#3116,#3117,#3118,#3119));
#538=EDGE_LOOP('',(#3120,#3121,#3122,#3123));
#539=EDGE_LOOP('',(#3124,#3125,#3126,#3127,#3128));
#540=EDGE_LOOP('',(#3129,#3130,#3131,#3132));
#541=EDGE_LOOP('',(#3133,#3134,#3135,#3136));
#542=EDGE_LOOP('',(#3137,#3138,#3139,#3140));
#543=EDGE_LOOP('',(#3141,#3142,#3143,#3144));
#544=EDGE_LOOP('',(#3145,#3146,#3147,#3148,#3149));
#545=EDGE_LOOP('',(#3150,#3151,#3152,#3153));
#546=EDGE_LOOP('',(#3154,#3155,#3156,#3157));
#547=EDGE_LOOP('',(#3158,#3159,#3160,#3161,#3162));
#548=EDGE_LOOP('',(#3163,#3164,#3165,#3166));
#549=EDGE_LOOP('',(#3167,#3168,#3169,#3170));
#550=EDGE_LOOP('',(#3171,#3172,#3173,#3174));
#551=EDGE_LOOP('',(#3175,#3176,#3177,#3178));
#552=EDGE_LOOP('',(#3179,#3180,#3181,#3182,#3183));
#553=EDGE_LOOP('',(#3184,#3185,#3186,#3187));
#554=EDGE_LOOP('',(#3188,#3189,#3190,#3191));
#555=EDGE_LOOP('',(#3192,#3193,#3194,#3195));
#556=EDGE_LOOP('',(#3196,#3197,#3198,#3199,#3200));
#557=EDGE_LOOP('',(#3201,#3202,#3203,#3204));
#558=EDGE_LOOP('',(#3205,#3206,#3207,#3208));
#559=EDGE_LOOP('',(#3209,#3210,#3211,#3212));
#560=EDGE_LOOP('',(#3213,#3214,#3215,#3216));
#561=EDGE_LOOP('',(#3217,#3218,#3219,#3220));
#562=EDGE_LOOP('',(#3221,#3222,#3223,#3224,#3225));
#563=EDGE_LOOP('',(#3226,#3227,#3228,#3229));
#564=EDGE_LOOP('',(#3230,#3231,#3232,#3233));
#565=EDGE_LOOP('',(#3234,#3235,#3236,#3237));
#566=EDGE_LOOP('',(#3238,#3239,#3240,#3241));
#567=EDGE_LOOP('',(#3242,#3243,#3244,#3245));
#568=EDGE_LOOP('',(#3246,#3247,#3248,#3249));
#569=EDGE_LOOP('',(#3250,#3251,#3252,#3253));
#570=EDGE_LOOP('',(#3254,#3255,#3256,#3257));
#571=EDGE_LOOP('',(#3258,#3259,#3260,#3261));
#572=EDGE_LOOP('',(#3262,#3263,#3264,#3265));
#573=EDGE_LOOP('',(#3266,#3267,#3268,#3269));
#574=EDGE_LOOP('',(#3270,#3271,#3272,#3273));
#575=EDGE_LOOP('',(#3274,#3275,#3276,#3277));
#576=EDGE_LOOP('',(#3278,#3279,#3280,#3281));
#577=EDGE_LOOP('',(#3282,#3283,#3284,#3285));
#578=EDGE_LOOP('',(#3286,#3287,#3288));
#579=EDGE_LOOP('',(#3289,#3290,#3291,#3292,#3293,#3294));
#580=EDGE_LOOP('',(#3295,#3296,#3297,#3298));
#581=EDGE_LOOP('',(#3299,#3300,#3301,#3302));
#582=EDGE_LOOP('',(#3303,#3304,#3305,#3306));
#583=EDGE_LOOP('',(#3307,#3308,#3309,#3310));
#584=EDGE_LOOP('',(#3311,#3312,#3313,#3314));
#585=EDGE_LOOP('',(#3315,#3316,#3317,#3318));
#586=EDGE_LOOP('',(#3319,#3320,#3321,#3322));
#587=EDGE_LOOP('',(#3323,#3324,#3325,#3326));
#588=EDGE_LOOP('',(#3327,#3328,#3329,#3330));
#589=EDGE_LOOP('',(#3331,#3332,#3333,#3334));
#590=EDGE_LOOP('',(#3335,#3336,#3337,#3338));
#591=EDGE_LOOP('',(#3339,#3340,#3341,#3342));
#592=EDGE_LOOP('',(#3343,#3344,#3345,#3346));
#593=EDGE_LOOP('',(#3347,#3348,#3349,#3350));
#594=EDGE_LOOP('',(#3351,#3352,#3353,#3354));
#595=EDGE_LOOP('',(#3355,#3356,#3357,#3358));
#596=EDGE_LOOP('',(#3359,#3360,#3361,#3362));
#597=EDGE_LOOP('',(#3363,#3364,#3365,#3366));
#598=EDGE_LOOP('',(#3367,#3368,#3369,#3370));
#599=EDGE_LOOP('',(#3371));
#600=EDGE_LOOP('',(#3372));
#601=EDGE_LOOP('',(#3373));
#602=EDGE_LOOP('',(#3374));
#603=EDGE_LOOP('',(#3375));
#604=EDGE_LOOP('',(#3376));
#605=EDGE_LOOP('',(#3377));
#606=EDGE_LOOP('',(#3378,#3379));
#607=EDGE_LOOP('',(#3380));
#608=EDGE_LOOP('',(#3381,#3382,#3383,#3384,#3385,#3386,#3387,#3388,#3389,
#3390,#3391,#3392,#3393,#3394,#3395,#3396,#3397,#3398,#3399,#3400,#3401,
#3402,#3403,#3404,#3405,#3406,#3407,#3408,#3409,#3410,#3411,#3412));
#609=EDGE_LOOP('',(#3413,#3414,#3415,#3416));
#610=EDGE_LOOP('',(#3417,#3418,#3419,#3420,#3421,#3422,#3423,#3424,#3425,
#3426,#3427,#3428,#3429,#3430,#3431,#3432,#3433,#3434,#3435,#3436,#3437,
#3438,#3439,#3440,#3441,#3442,#3443,#3444,#3445,#3446,#3447));
#611=EDGE_LOOP('',(#3448,#3449,#3450,#3451));
#612=EDGE_LOOP('',(#3452));
#613=EDGE_LOOP('',(#3453));
#614=EDGE_LOOP('',(#3454));
#615=EDGE_LOOP('',(#3455));
#616=EDGE_LOOP('',(#3456));
#617=EDGE_LOOP('',(#3457));
#618=EDGE_LOOP('',(#3458,#3459,#3460,#3461));
#619=EDGE_LOOP('',(#3462,#3463,#3464,#3465));
#620=EDGE_LOOP('',(#3466,#3467,#3468,#3469));
#621=EDGE_LOOP('',(#3470,#3471,#3472,#3473));
#622=EDGE_LOOP('',(#3474,#3475,#3476,#3477));
#623=EDGE_LOOP('',(#3478,#3479,#3480,#3481));
#624=EDGE_LOOP('',(#3482,#3483,#3484,#3485));
#625=EDGE_LOOP('',(#3486,#3487,#3488,#3489));
#626=EDGE_LOOP('',(#3490,#3491,#3492,#3493));
#627=EDGE_LOOP('',(#3494,#3495,#3496,#3497));
#628=EDGE_LOOP('',(#3498,#3499,#3500,#3501));
#629=EDGE_LOOP('',(#3502,#3503,#3504,#3505));
#630=EDGE_LOOP('',(#3506,#3507,#3508,#3509));
#631=EDGE_LOOP('',(#3510,#3511,#3512,#3513));
#632=EDGE_LOOP('',(#3514,#3515,#3516,#3517));
#633=EDGE_LOOP('',(#3518,#3519,#3520,#3521));
#634=EDGE_LOOP('',(#3522,#3523,#3524,#3525));
#635=EDGE_LOOP('',(#3526,#3527,#3528,#3529));
#636=EDGE_LOOP('',(#3530));
#637=EDGE_LOOP('',(#3531));
#638=EDGE_LOOP('',(#3532));
#639=EDGE_LOOP('',(#3533));
#640=EDGE_LOOP('',(#3534));
#641=EDGE_LOOP('',(#3535));
#642=EDGE_LOOP('',(#3536));
#643=EDGE_LOOP('',(#3537));
#644=EDGE_LOOP('',(#3538,#3539,#3540,#3541));
#645=EDGE_LOOP('',(#3542,#3543,#3544,#3545));
#646=EDGE_LOOP('',(#3546));
#647=EDGE_LOOP('',(#3547));
#648=EDGE_LOOP('',(#3548));
#649=EDGE_LOOP('',(#3549));
#650=EDGE_LOOP('',(#3550));
#651=EDGE_LOOP('',(#3551));
#652=EDGE_LOOP('',(#3552));
#653=EDGE_LOOP('',(#3553));
#654=CIRCLE('',#3949,6.1718519153125);
#655=CIRCLE('',#3950,6.17229929949815);
#656=CIRCLE('',#3963,6.);
#657=CIRCLE('',#3975,6.);
#658=CIRCLE('',#3977,0.749999999999902);
#659=CIRCLE('',#3978,0.749999999999867);
#660=CIRCLE('',#3980,0.750000612737897);
#661=CIRCLE('',#3981,0.749999845641492);
#662=CIRCLE('',#3983,6.);
#663=CIRCLE('',#3985,0.75);
#664=CIRCLE('',#3986,0.75);
#665=CIRCLE('',#3988,0.75);
#666=CIRCLE('',#3989,0.75);
#667=CIRCLE('',#3991,2.);
#668=CIRCLE('',#3992,2.);
#669=CIRCLE('',#3993,2.);
#670=CIRCLE('',#3995,2.);
#671=CIRCLE('',#3996,2.);
#672=CIRCLE('',#3997,2.);
#673=CIRCLE('',#3999,7.);
#674=CIRCLE('',#4000,7.);
#675=CIRCLE('',#4002,7.);
#676=CIRCLE('',#4003,7.);
#677=CIRCLE('',#4005,7.);
#678=CIRCLE('',#4006,7.);
#679=CIRCLE('',#4008,7.);
#680=CIRCLE('',#4009,7.);
#681=CIRCLE('',#4011,7.);
#682=CIRCLE('',#4012,7.);
#683=CIRCLE('',#4014,7.);
#684=CIRCLE('',#4015,7.);
#685=CIRCLE('',#4017,7.);
#686=CIRCLE('',#4018,7.);
#687=CIRCLE('',#4020,7.);
#688=CIRCLE('',#4021,7.);
#689=CIRCLE('',#4022,7.);
#690=CIRCLE('',#4024,7.);
#691=CIRCLE('',#4025,7.);
#692=CIRCLE('',#4027,7.);
#693=CIRCLE('',#4028,7.);
#694=CIRCLE('',#4030,7.);
#695=CIRCLE('',#4031,7.);
#696=CIRCLE('',#4033,7.);
#697=CIRCLE('',#4034,7.);
#698=CIRCLE('',#4035,7.);
#699=CIRCLE('',#4037,7.);
#700=CIRCLE('',#4038,7.);
#701=CIRCLE('',#4040,7.);
#702=CIRCLE('',#4041,7.);
#703=CIRCLE('',#4043,7.);
#704=CIRCLE('',#4044,7.);
#705=CIRCLE('',#4046,7.);
#706=CIRCLE('',#4047,7.);
#707=CIRCLE('',#4049,7.);
#708=CIRCLE('',#4050,7.);
#709=CIRCLE('',#4052,7.);
#710=CIRCLE('',#4053,7.);
#711=CIRCLE('',#4055,7.);
#712=CIRCLE('',#4056,7.);
#713=CIRCLE('',#4058,7.);
#714=CIRCLE('',#4059,7.);
#715=CIRCLE('',#4061,7.);
#716=CIRCLE('',#4062,7.);
#717=CIRCLE('',#4064,7.);
#718=CIRCLE('',#4065,7.);
#719=CIRCLE('',#4067,7.);
#720=CIRCLE('',#4068,7.);
#721=CIRCLE('',#4070,7.);
#722=CIRCLE('',#4071,7.);
#723=CIRCLE('',#4073,7.);
#724=CIRCLE('',#4074,7.);
#725=CIRCLE('',#4076,7.);
#726=CIRCLE('',#4077,7.);
#727=CIRCLE('',#4079,7.);
#728=CIRCLE('',#4080,7.);
#729=CIRCLE('',#4082,7.);
#730=CIRCLE('',#4083,7.);
#731=CIRCLE('',#4084,7.);
#732=CIRCLE('',#4086,7.);
#733=CIRCLE('',#4087,7.);
#734=CIRCLE('',#4089,7.);
#735=CIRCLE('',#4090,7.);
#736=CIRCLE('',#4092,7.);
#737=CIRCLE('',#4093,7.);
#738=CIRCLE('',#4095,7.);
#739=CIRCLE('',#4096,7.);
#740=CIRCLE('',#4097,7.);
#741=CIRCLE('',#4099,7.);
#742=CIRCLE('',#4100,7.);
#743=CIRCLE('',#4102,7.);
#744=CIRCLE('',#4103,7.);
#745=CIRCLE('',#4105,7.);
#746=CIRCLE('',#4106,7.);
#747=CIRCLE('',#4108,7.);
#748=CIRCLE('',#4109,7.);
#749=CIRCLE('',#4111,7.);
#750=CIRCLE('',#4112,7.);
#751=CIRCLE('',#4114,7.);
#752=CIRCLE('',#4115,7.);
#753=CIRCLE('',#4117,6.00768065504542);
#754=CIRCLE('',#4121,0.75);
#755=CIRCLE('',#4122,0.75);
#756=CIRCLE('',#4123,0.749999999999999);
#757=CIRCLE('',#4124,0.750000000000001);
#758=CIRCLE('',#4125,0.75);
#759=CIRCLE('',#4126,0.75);
#760=CIRCLE('',#4128,0.75);
#761=CIRCLE('',#4129,0.75);
#762=CIRCLE('',#4130,0.75);
#763=CIRCLE('',#4131,0.75);
#764=CIRCLE('',#4133,0.750000000000001);
#765=CIRCLE('',#4134,0.750000000000001);
#766=CIRCLE('',#4135,0.750000000000001);
#767=CIRCLE('',#4136,0.75);
#768=CIRCLE('',#4137,0.75);
#769=CIRCLE('',#4138,0.750000000000001);
#770=CIRCLE('',#4140,0.75);
#771=CIRCLE('',#4141,0.75);
#772=CIRCLE('',#4142,0.75);
#773=CIRCLE('',#4143,0.75);
#774=CIRCLE('',#4144,0.75);
#775=CIRCLE('',#4145,0.750000000000001);
#776=CIRCLE('',#4147,0.749999999999999);
#777=CIRCLE('',#4148,0.75);
#778=CIRCLE('',#4149,0.750000000000001);
#779=CIRCLE('',#4150,0.75);
#780=CIRCLE('',#4163,0.75);
#781=CIRCLE('',#4164,0.750000000000001);
#782=CIRCLE('',#4165,0.750000000000001);
#783=CIRCLE('',#4166,0.75);
#784=CIRCLE('',#4167,0.75);
#785=CIRCLE('',#4168,0.75);
#786=CIRCLE('',#4177,0.75);
#787=CIRCLE('',#4179,0.750000000000001);
#788=CIRCLE('',#4180,0.75);
#789=CIRCLE('',#4181,7.);
#790=CIRCLE('',#4182,0.75);
#791=CIRCLE('',#4183,0.750000000000001);
#792=CIRCLE('',#4184,0.75);
#793=CIRCLE('',#4186,0.749999999999999);
#794=CIRCLE('',#4188,0.75);
#795=CIRCLE('',#4190,0.750000000000001);
#796=CIRCLE('',#4191,0.75);
#797=CIRCLE('',#4192,0.75);
#798=CIRCLE('',#4193,0.75);
#799=CIRCLE('',#4195,0.75);
#800=CIRCLE('',#4197,0.750000000000001);
#801=CIRCLE('',#4198,0.75);
#802=CIRCLE('',#4199,0.750000000000001);
#803=CIRCLE('',#4200,0.75);
#804=CIRCLE('',#4201,0.75);
#805=CIRCLE('',#4202,0.75);
#806=CIRCLE('',#4203,0.75);
#807=CIRCLE('',#4204,0.749999999999999);
#808=CIRCLE('',#4205,0.75);
#809=CIRCLE('',#4206,0.750000000000001);
#810=CIRCLE('',#4207,0.75);
#811=CIRCLE('',#4208,0.75);
#812=CIRCLE('',#4209,0.75);
#813=CIRCLE('',#4210,0.75);
#814=CIRCLE('',#4211,0.75);
#815=CIRCLE('',#4212,0.750000000000001);
#816=CIRCLE('',#4213,0.750000000000001);
#817=CIRCLE('',#4214,0.75);
#818=CIRCLE('',#4215,0.75);
#819=CIRCLE('',#4216,0.75);
#820=CIRCLE('',#4217,0.75);
#821=CIRCLE('',#4218,0.75);
#822=CIRCLE('',#4219,0.750000000000001);
#823=CIRCLE('',#4220,0.749999999999999);
#824=CIRCLE('',#4221,0.75);
#825=CIRCLE('',#4222,0.75);
#826=CIRCLE('',#4223,0.75);
#827=CIRCLE('',#4224,0.75);
#828=CIRCLE('',#4225,0.75);
#829=CIRCLE('',#4226,0.750000000000001);
#830=CIRCLE('',#4227,0.750000000000001);
#831=CIRCLE('',#4228,0.75);
#832=CIRCLE('',#4229,0.75);
#833=CIRCLE('',#4230,0.750000000000001);
#834=CIRCLE('',#4231,0.750000000000001);
#835=CIRCLE('',#4232,0.75);
#836=CIRCLE('',#4233,7.);
#837=CIRCLE('',#4234,0.75);
#838=CIRCLE('',#4278,5.8281480846875);
#839=CIRCLE('',#4293,6.);
#840=CIRCLE('',#4295,6.);
#841=CIRCLE('',#4309,1.75);
#842=CIRCLE('',#4310,1.75);
#843=CIRCLE('',#4312,4.);
#844=CIRCLE('',#4313,4.);
#845=CIRCLE('',#4315,3.28589838486231);
#846=CIRCLE('',#4316,6.75000000000002);
#847=CIRCLE('',#4318,7.);
#848=CIRCLE('',#4319,7.);
#849=CIRCLE('',#4321,5.75);
#850=CIRCLE('',#4322,5.75);
#851=CIRCLE('',#4324,6.);
#852=CIRCLE('',#4334,3.27216248373452);
#853=CIRCLE('',#4336,3.28589838486231);
#854=CIRCLE('',#4344,1.4);
#855=CIRCLE('',#4345,1.4);
#856=CIRCLE('',#4347,1.4);
#857=CIRCLE('',#4348,1.4);
#858=CIRCLE('',#4350,1.4);
#859=CIRCLE('',#4351,1.4);
#860=CIRCLE('',#4353,1.4);
#861=CIRCLE('',#4354,1.4);
#862=CIRCLE('',#4356,1.3);
#863=CIRCLE('',#4357,1.3);
#864=CIRCLE('',#4359,1.3);
#865=CIRCLE('',#4360,1.3);
#866=CIRCLE('',#4362,1.3);
#867=CIRCLE('',#4363,1.3);
#868=CIRCLE('',#4365,1.3);
#869=CIRCLE('',#4366,1.3);
#870=(
BOUNDED_CURVE()
B_SPLINE_CURVE(2,(#5485,#5486,#5487,#5488,#5489,#5490,#5491,#5492,#5493),
 .UNSPECIFIED.,.F.,.F.)
B_SPLINE_CURVE_WITH_KNOTS((3,2,2,2,3),(0.884615384615385,0.897435897435897,
0.91025641025641,0.923076923076923,0.926029645096974),.UNSPECIFIED.)
CURVE()
GEOMETRIC_REPRESENTATION_ITEM()
RATIONAL_B_SPLINE_CURVE((1.,0.866025403784439,1.,0.866025403784439,1.,0.866025403784439,
1.,0.969144000250893,0.952501034127728))
REPRESENTATION_ITEM('')
);
#871=(
BOUNDED_CURVE()
B_SPLINE_CURVE(2,(#5504,#5505,#5506,#5507,#5508,#5509,#5510,#5511,#5512,
#5513,#5514),.UNSPECIFIED.,.F.,.F.)
B_SPLINE_CURVE_WITH_KNOTS((3,2,2,2,2,3),(0.884615384615385,0.897435897435897,
0.91025641025641,0.923076923076923,0.935897435897436,0.945150331945508),
 .UNSPECIFIED.)
CURVE()
GEOMETRIC_REPRESENTATION_ITEM()
RATIONAL_B_SPLINE_CURVE((1.,0.866025403784439,1.,0.866025403784439,1.,0.866025403784439,
1.,0.866025403784439,1.,0.903307065074525,0.946185719519008))
REPRESENTATION_ITEM('')
);
#872=(
BOUNDED_CURVE()
B_SPLINE_CURVE(2,(#5519,#5520,#5521,#5522,#5523,#5524,#5525,#5526,#5527,
#5528,#5529,#5530,#5531),.UNSPECIFIED.,.F.,.F.)
B_SPLINE_CURVE_WITH_KNOTS((3,2,2,2,2,2,3),(0.807692307692308,0.82051282051282,
0.833333333333333,0.846153846153846,0.858974358974359,0.871794871794872,
0.884615384615385),.UNSPECIFIED.)
CURVE()
GEOMETRIC_REPRESENTATION_ITEM()
RATIONAL_B_SPLINE_CURVE((1.,0.866025403784439,1.,0.866025403784439,1.,0.866025403784439,
1.,0.866025403784439,1.,0.866025403784439,1.,0.866025403784439,1.))
REPRESENTATION_ITEM('')
);
#873=(
BOUNDED_CURVE()
B_SPLINE_CURVE(2,(#5532,#5533,#5534,#5535,#5536,#5537,#5538,#5539,#5540,
#5541,#5542,#5543,#5544),.UNSPECIFIED.,.F.,.F.)
B_SPLINE_CURVE_WITH_KNOTS((3,2,2,2,2,2,3),(0.807692307692308,0.82051282051282,
0.833333333333333,0.846153846153846,0.858974358974359,0.871794871794872,
0.884615384615385),.UNSPECIFIED.)
CURVE()
GEOMETRIC_REPRESENTATION_ITEM()
RATIONAL_B_SPLINE_CURVE((1.,0.866025403784439,1.,0.866025403784439,1.,0.866025403784439,
1.,0.866025403784439,1.,0.866025403784439,1.,0.866025403784439,1.))
REPRESENTATION_ITEM('')
);
#874=(
BOUNDED_CURVE()
B_SPLINE_CURVE(2,(#5549,#5550,#5551,#5552,#5553,#5554,#5555,#5556,#5557,
#5558,#5559,#5560,#5561),.UNSPECIFIED.,.F.,.F.)
B_SPLINE_CURVE_WITH_KNOTS((3,2,2,2,2,2,3),(0.730769230769231,0.743589743589744,
0.756410256410256,0.769230769230769,0.782051282051282,0.794871794871795,
0.807692307692308),.UNSPECIFIED.)
CURVE()
GEOMETRIC_REPRESENTATION_ITEM()
RATIONAL_B_SPLINE_CURVE((1.,0.866025403784439,1.,0.866025403784439,1.,0.866025403784439,
1.,0.866025403784439,1.,0.866025403784439,1.,0.866025403784439,1.))
REPRESENTATION_ITEM('')
);
#875=(
BOUNDED_CURVE()
B_SPLINE_CURVE(2,(#5562,#5563,#5564,#5565,#5566,#5567,#5568,#5569,#5570,
#5571,#5572,#5573,#5574),.UNSPECIFIED.,.F.,.F.)
B_SPLINE_CURVE_WITH_KNOTS((3,2,2,2,2,2,3),(0.730769230769231,0.743589743589744,
0.756410256410256,0.769230769230769,0.782051282051282,0.794871794871795,
0.807692307692308),.UNSPECIFIED.)
CURVE()
GEOMETRIC_REPRESENTATION_ITEM()
RATIONAL_B_SPLINE_CURVE((1.,0.866025403784439,1.,0.866025403784439,1.,0.866025403784439,
1.,0.866025403784439,1.,0.866025403784439,1.,0.866025403784439,1.))
REPRESENTATION_ITEM('')
);
#876=(
BOUNDED_CURVE()
B_SPLINE_CURVE(2,(#5579,#5580,#5581,#5582,#5583,#5584,#5585,#5586,#5587,
#5588,#5589,#5590,#5591),.UNSPECIFIED.,.F.,.F.)
B_SPLINE_CURVE_WITH_KNOTS((3,2,2,2,2,2,3),(0.653846153846154,0.666666666666667,
0.67948717948718,0.692307692307692,0.705128205128205,0.717948717948718,
0.730769230769231),.UNSPECIFIED.)
CURVE()
GEOMETRIC_REPRESENTATION_ITEM()
RATIONAL_B_SPLINE_CURVE((1.,0.866025403784439,1.,0.866025403784439,1.,0.866025403784439,
1.,0.866025403784439,1.,0.866025403784439,1.,0.866025403784439,1.))
REPRESENTATION_ITEM('')
);
#877=(
BOUNDED_CURVE()
B_SPLINE_CURVE(2,(#5592,#5593,#5594,#5595,#5596,#5597,#5598,#5599,#5600,
#5601,#5602,#5603,#5604),.UNSPECIFIED.,.F.,.F.)
B_SPLINE_CURVE_WITH_KNOTS((3,2,2,2,2,2,3),(0.653846153846154,0.666666666666667,
0.67948717948718,0.692307692307692,0.705128205128205,0.717948717948718,
0.730769230769231),.UNSPECIFIED.)
CURVE()
GEOMETRIC_REPRESENTATION_ITEM()
RATIONAL_B_SPLINE_CURVE((1.,0.866025403784439,1.,0.866025403784439,1.,0.866025403784439,
1.,0.866025403784439,1.,0.866025403784439,1.,0.866025403784439,1.))
REPRESENTATION_ITEM('')
);
#878=(
BOUNDED_CURVE()
B_SPLINE_CURVE(2,(#5609,#5610,#5611,#5612,#5613,#5614,#5615,#5616,#5617,
#5618,#5619,#5620,#5621),.UNSPECIFIED.,.F.,.F.)
B_SPLINE_CURVE_WITH_KNOTS((3,2,2,2,2,2,3),(0.576923076923077,0.58974358974359,
0.602564102564103,0.615384615384615,0.628205128205128,0.641025641025641,
0.653846153846154),.UNSPECIFIED.)
CURVE()
GEOMETRIC_REPRESENTATION_ITEM()
RATIONAL_B_SPLINE_CURVE((1.,0.866025403784439,1.,0.866025403784439,1.,0.866025403784439,
1.,0.866025403784439,1.,0.866025403784439,1.,0.866025403784439,1.))
REPRESENTATION_ITEM('')
);
#879=(
BOUNDED_CURVE()
B_SPLINE_CURVE(2,(#5622,#5623,#5624,#5625,#5626,#5627,#5628,#5629,#5630,
#5631,#5632,#5633,#5634),.UNSPECIFIED.,.F.,.F.)
B_SPLINE_CURVE_WITH_KNOTS((3,2,2,2,2,2,3),(0.576923076923077,0.58974358974359,
0.602564102564103,0.615384615384615,0.628205128205128,0.641025641025641,
0.653846153846154),.UNSPECIFIED.)
CURVE()
GEOMETRIC_REPRESENTATION_ITEM()
RATIONAL_B_SPLINE_CURVE((1.,0.866025403784439,1.,0.866025403784439,1.,0.866025403784439,
1.,0.866025403784439,1.,0.866025403784439,1.,0.866025403784439,1.))
REPRESENTATION_ITEM('')
);
#880=(
BOUNDED_CURVE()
B_SPLINE_CURVE(2,(#5639,#5640,#5641,#5642,#5643,#5644,#5645,#5646,#5647,
#5648,#5649,#5650,#5651),.UNSPECIFIED.,.F.,.F.)
B_SPLINE_CURVE_WITH_KNOTS((3,2,2,2,2,2,3),(0.5,0.512820512820513,0.525641025641026,
0.538461538461538,0.551282051282051,0.564102564102564,0.576923076923077),
 .UNSPECIFIED.)
CURVE()
GEOMETRIC_REPRESENTATION_ITEM()
RATIONAL_B_SPLINE_CURVE((1.,0.866025403784439,1.,0.866025403784439,1.,0.866025403784439,
1.,0.866025403784439,1.,0.866025403784439,1.,0.866025403784439,1.))
REPRESENTATION_ITEM('')
);
#881=(
BOUNDED_CURVE()
B_SPLINE_CURVE(2,(#5652,#5653,#5654,#5655,#5656,#5657,#5658,#5659,#5660,
#5661,#5662,#5663,#5664),.UNSPECIFIED.,.F.,.F.)
B_SPLINE_CURVE_WITH_KNOTS((3,2,2,2,2,2,3),(0.5,0.512820512820513,0.525641025641026,
0.538461538461538,0.551282051282051,0.564102564102564,0.576923076923077),
 .UNSPECIFIED.)
CURVE()
GEOMETRIC_REPRESENTATION_ITEM()
RATIONAL_B_SPLINE_CURVE((1.,0.866025403784439,1.,0.866025403784439,1.,0.866025403784439,
1.,0.866025403784439,1.,0.866025403784439,1.,0.866025403784439,1.))
REPRESENTATION_ITEM('')
);
#882=(
BOUNDED_CURVE()
B_SPLINE_CURVE(2,(#5669,#5670,#5671,#5672,#5673,#5674,#5675,#5676,#5677,
#5678,#5679,#5680,#5681),.UNSPECIFIED.,.F.,.F.)
B_SPLINE_CURVE_WITH_KNOTS((3,2,2,2,2,2,3),(0.423076923076923,0.435897435897436,
0.448717948717949,0.461538461538462,0.474358974358974,0.487179487179487,
0.5),.UNSPECIFIED.)
CURVE()
GEOMETRIC_REPRESENTATION_ITEM()
RATIONAL_B_SPLINE_CURVE((1.,0.866025403784439,1.,0.866025403784439,1.,0.866025403784439,
1.,0.866025403784439,1.,0.866025403784439,1.,0.866025403784439,1.))
REPRESENTATION_ITEM('')
);
#883=(
BOUNDED_CURVE()
B_SPLINE_CURVE(2,(#5682,#5683,#5684,#5685,#5686,#5687,#5688,#5689,#5690,
#5691,#5692,#5693,#5694),.UNSPECIFIED.,.F.,.F.)
B_SPLINE_CURVE_WITH_KNOTS((3,2,2,2,2,2,3),(0.423076923076923,0.435897435897436,
0.448717948717949,0.461538461538462,0.474358974358974,0.487179487179487,
0.5),.UNSPECIFIED.)
CURVE()
GEOMETRIC_REPRESENTATION_ITEM()
RATIONAL_B_SPLINE_CURVE((1.,0.866025403784439,1.,0.866025403784439,1.,0.866025403784439,
1.,0.866025403784439,1.,0.866025403784439,1.,0.866025403784439,1.))
REPRESENTATION_ITEM('')
);
#884=(
BOUNDED_CURVE()
B_SPLINE_CURVE(2,(#5699,#5700,#5701,#5702,#5703,#5704,#5705,#5706,#5707,
#5708,#5709,#5710,#5711),.UNSPECIFIED.,.F.,.F.)
B_SPLINE_CURVE_WITH_KNOTS((3,2,2,2,2,2,3),(0.346153846153846,0.358974358974359,
0.371794871794872,0.384615384615385,0.397435897435897,0.41025641025641,
0.423076923076923),.UNSPECIFIED.)
CURVE()
GEOMETRIC_REPRESENTATION_ITEM()
RATIONAL_B_SPLINE_CURVE((1.,0.866025403784439,1.,0.866025403784439,1.,0.866025403784439,
1.,0.866025403784439,1.,0.866025403784439,1.,0.866025403784439,1.))
REPRESENTATION_ITEM('')
);
#885=(
BOUNDED_CURVE()
B_SPLINE_CURVE(2,(#5712,#5713,#5714,#5715,#5716,#5717,#5718,#5719,#5720,
#5721,#5722,#5723,#5724),.UNSPECIFIED.,.F.,.F.)
B_SPLINE_CURVE_WITH_KNOTS((3,2,2,2,2,2,3),(0.346153846153846,0.358974358974359,
0.371794871794872,0.384615384615385,0.397435897435897,0.41025641025641,
0.423076923076923),.UNSPECIFIED.)
CURVE()
GEOMETRIC_REPRESENTATION_ITEM()
RATIONAL_B_SPLINE_CURVE((1.,0.866025403784439,1.,0.866025403784439,1.,0.866025403784439,
1.,0.866025403784439,1.,0.866025403784439,1.,0.866025403784439,1.))
REPRESENTATION_ITEM('')
);
#886=(
BOUNDED_CURVE()
B_SPLINE_CURVE(2,(#5729,#5730,#5731,#5732,#5733,#5734,#5735,#5736,#5737,
#5738,#5739,#5740,#5741),.UNSPECIFIED.,.F.,.F.)
B_SPLINE_CURVE_WITH_KNOTS((3,2,2,2,2,2,3),(0.269230769230769,0.282051282051282,
0.294871794871795,0.307692307692308,0.320512820512821,0.333333333333333,
0.346153846153846),.UNSPECIFIED.)
CURVE()
GEOMETRIC_REPRESENTATION_ITEM()
RATIONAL_B_SPLINE_CURVE((1.,0.866025403784439,1.,0.866025403784439,1.,0.866025403784439,
1.,0.866025403784439,1.,0.866025403784439,1.,0.866025403784439,1.))
REPRESENTATION_ITEM('')
);
#887=(
BOUNDED_CURVE()
B_SPLINE_CURVE(2,(#5742,#5743,#5744,#5745,#5746,#5747,#5748,#5749,#5750,
#5751,#5752,#5753,#5754),.UNSPECIFIED.,.F.,.F.)
B_SPLINE_CURVE_WITH_KNOTS((3,2,2,2,2,2,3),(0.269230769230769,0.282051282051282,
0.294871794871795,0.307692307692308,0.320512820512821,0.333333333333333,
0.346153846153846),.UNSPECIFIED.)
CURVE()
GEOMETRIC_REPRESENTATION_ITEM()
RATIONAL_B_SPLINE_CURVE((1.,0.866025403784439,1.,0.866025403784439,1.,0.866025403784439,
1.,0.866025403784439,1.,0.866025403784439,1.,0.866025403784439,1.))
REPRESENTATION_ITEM('')
);
#888=(
BOUNDED_CURVE()
B_SPLINE_CURVE(2,(#5759,#5760,#5761,#5762,#5763,#5764,#5765,#5766,#5767,
#5768,#5769,#5770,#5771),.UNSPECIFIED.,.F.,.F.)
B_SPLINE_CURVE_WITH_KNOTS((3,2,2,2,2,2,3),(0.192307692307692,0.205128205128205,
0.217948717948718,0.230769230769231,0.243589743589744,0.256410256410256,
0.269230769230769),.UNSPECIFIED.)
CURVE()
GEOMETRIC_REPRESENTATION_ITEM()
RATIONAL_B_SPLINE_CURVE((1.,0.866025403784439,1.,0.866025403784439,1.,0.866025403784439,
1.,0.866025403784439,1.,0.866025403784439,1.,0.866025403784439,1.))
REPRESENTATION_ITEM('')
);
#889=(
BOUNDED_CURVE()
B_SPLINE_CURVE(2,(#5772,#5773,#5774,#5775,#5776,#5777,#5778,#5779,#5780,
#5781,#5782,#5783,#5784),.UNSPECIFIED.,.F.,.F.)
B_SPLINE_CURVE_WITH_KNOTS((3,2,2,2,2,2,3),(0.192307692307692,0.205128205128205,
0.217948717948718,0.230769230769231,0.243589743589744,0.256410256410256,
0.269230769230769),.UNSPECIFIED.)
CURVE()
GEOMETRIC_REPRESENTATION_ITEM()
RATIONAL_B_SPLINE_CURVE((1.,0.866025403784439,1.,0.866025403784439,1.,0.866025403784439,
1.,0.866025403784439,1.,0.866025403784439,1.,0.866025403784439,1.))
REPRESENTATION_ITEM('')
);
#890=(
BOUNDED_CURVE()
B_SPLINE_CURVE(2,(#5789,#5790,#5791,#5792,#5793,#5794,#5795,#5796,#5797,
#5798,#5799,#5800,#5801),.UNSPECIFIED.,.F.,.F.)
B_SPLINE_CURVE_WITH_KNOTS((3,2,2,2,2,2,3),(0.115384615384615,0.128205128205128,
0.141025641025641,0.153846153846154,0.166666666666667,0.179487179487179,
0.192307692307692),.UNSPECIFIED.)
CURVE()
GEOMETRIC_REPRESENTATION_ITEM()
RATIONAL_B_SPLINE_CURVE((1.,0.866025403784439,1.,0.866025403784439,1.,0.866025403784439,
1.,0.866025403784439,1.,0.866025403784439,1.,0.866025403784439,1.))
REPRESENTATION_ITEM('')
);
#891=(
BOUNDED_CURVE()
B_SPLINE_CURVE(2,(#5802,#5803,#5804,#5805,#5806,#5807,#5808,#5809,#5810,
#5811,#5812,#5813,#5814),.UNSPECIFIED.,.F.,.F.)
B_SPLINE_CURVE_WITH_KNOTS((3,2,2,2,2,2,3),(0.115384615384615,0.128205128205128,
0.141025641025641,0.153846153846154,0.166666666666667,0.179487179487179,
0.192307692307692),.UNSPECIFIED.)
CURVE()
GEOMETRIC_REPRESENTATION_ITEM()
RATIONAL_B_SPLINE_CURVE((1.,0.866025403784439,1.,0.866025403784439,1.,0.866025403784439,
1.,0.866025403784439,1.,0.866025403784439,1.,0.866025403784439,1.))
REPRESENTATION_ITEM('')
);
#892=(
BOUNDED_CURVE()
B_SPLINE_CURVE(2,(#5820,#5821,#5822,#5823,#5824,#5825,#5826),
 .UNSPECIFIED.,.F.,.F.)
B_SPLINE_CURVE_WITH_KNOTS((3,2,2,3),(0.,0.0128205128205128,0.0256410256410256,
0.0384615384615385),.UNSPECIFIED.)
CURVE()
GEOMETRIC_REPRESENTATION_ITEM()
RATIONAL_B_SPLINE_CURVE((1.,0.866025403784439,1.,0.866025403784439,1.,0.866025403784439,
1.))
REPRESENTATION_ITEM('')
);
#893=(
BOUNDED_CURVE()
B_SPLINE_CURVE(2,(#5829,#5830,#5831,#5832,#5833,#5834,#5835),
 .UNSPECIFIED.,.F.,.F.)
B_SPLINE_CURVE_WITH_KNOTS((3,2,2,3),(0.,0.0128205128205128,0.0256410256410256,
0.0384615384615385),.UNSPECIFIED.)
CURVE()
GEOMETRIC_REPRESENTATION_ITEM()
RATIONAL_B_SPLINE_CURVE((1.,0.866025403784439,1.,0.866025403784439,1.,0.866025403784439,
1.))
REPRESENTATION_ITEM('')
);
#894=(
BOUNDED_CURVE()
B_SPLINE_CURVE(2,(#7564,#7565,#7566,#7567,#7568),.UNSPECIFIED.,.F.,.F.)
B_SPLINE_CURVE_WITH_KNOTS((3,2,3),(0.95858573951841,0.961538461538462,0.964491183558513),
 .UNSPECIFIED.)
CURVE()
GEOMETRIC_REPRESENTATION_ITEM()
RATIONAL_B_SPLINE_CURVE((0.952501034127728,0.969144000250893,1.,0.969144000250893,
0.952501034127728))
REPRESENTATION_ITEM('')
);
#895=(
BOUNDED_CURVE()
B_SPLINE_CURVE(2,(#7569,#7570,#7571,#7572,#7573),.UNSPECIFIED.,.F.,.F.)
B_SPLINE_CURVE_WITH_KNOTS((3,2,3),(0.95858573951841,0.961538461538462,0.964491183558513),
 .UNSPECIFIED.)
CURVE()
GEOMETRIC_REPRESENTATION_ITEM()
RATIONAL_B_SPLINE_CURVE((0.952501034127728,0.969144000250893,1.,0.969144000250893,
0.952501034127728))
REPRESENTATION_ITEM('')
);
#896=(
BOUNDED_CURVE()
B_SPLINE_CURVE(2,(#7881,#7882,#7883,#7884,#7885,#7886,#7887,#7888,#7889,
#7890,#7891,#7892,#7893),.UNSPECIFIED.,.F.,.F.)
B_SPLINE_CURVE_WITH_KNOTS((3,2,2,2,2,2,3),(0.0384615384615385,0.0512820512820513,
0.0641025641025641,0.0769230769230769,0.0897435897435897,0.102564102564103,
0.115384615384615),.UNSPECIFIED.)
CURVE()
GEOMETRIC_REPRESENTATION_ITEM()
RATIONAL_B_SPLINE_CURVE((1.,0.866025403784439,1.,0.866025403784439,1.,0.866025403784439,
1.,0.866025403784439,1.,0.866025403784439,1.,0.866025403784439,1.))
REPRESENTATION_ITEM('')
);
#897=(
BOUNDED_CURVE()
B_SPLINE_CURVE(2,(#8812,#8813,#8814,#8815,#8816,#8817,#8818,#8819,#8820,
#8821,#8822,#8823,#8824),.UNSPECIFIED.,.F.,.F.)
B_SPLINE_CURVE_WITH_KNOTS((3,2,2,2,2,2,3),(0.0384615384615385,0.0512820512820513,
0.0641025641025641,0.0769230769230769,0.0897435897435897,0.102564102564103,
0.115384615384615),.UNSPECIFIED.)
CURVE()
GEOMETRIC_REPRESENTATION_ITEM()
RATIONAL_B_SPLINE_CURVE((1.,0.866025403784439,1.,0.866025403784439,1.,0.866025403784439,
1.,0.866025403784439,1.,0.866025403784439,1.,0.866025403784439,1.))
REPRESENTATION_ITEM('')
);
#898=(
BOUNDED_CURVE()
B_SPLINE_CURVE(2,(#9330,#9331,#9332,#9333,#9334,#9335,#9336),
 .UNSPECIFIED.,.F.,.F.)
B_SPLINE_CURVE_WITH_KNOTS((3,2,2,3),(0.9,0.911111111111111,0.922222222222222,
0.924194439283145),.UNSPECIFIED.)
CURVE()
GEOMETRIC_REPRESENTATION_ITEM()
RATIONAL_B_SPLINE_CURVE((1.,0.866025403784439,1.,0.866025403784439,1.,0.976219571405213,
0.960881172868749))
REPRESENTATION_ITEM('')
);
#899=(
BOUNDED_CURVE()
B_SPLINE_CURVE(2,(#9339,#9340,#9341),.UNSPECIFIED.,.F.,.F.)
B_SPLINE_CURVE_WITH_KNOTS((3,3),(0.9,0.907271216228001),.UNSPECIFIED.)
CURVE()
GEOMETRIC_REPRESENTATION_ITEM()
RATIONAL_B_SPLINE_CURVE((1.,0.912325756767179,0.939401221965351))
REPRESENTATION_ITEM('')
);
#900=(
BOUNDED_CURVE()
B_SPLINE_CURVE(2,(#9346,#9347,#9348,#9349,#9350,#9351,#9352,#9353,#9354,
#9355,#9356,#9357,#9358),.UNSPECIFIED.,.F.,.F.)
B_SPLINE_CURVE_WITH_KNOTS((3,2,2,2,2,2,3),(0.833333333333333,0.844444444444444,
0.855555555555556,0.866666666666667,0.877777777777778,0.888888888888889,
0.9),.UNSPECIFIED.)
CURVE()
GEOMETRIC_REPRESENTATION_ITEM()
RATIONAL_B_SPLINE_CURVE((1.,0.866025403784439,1.,0.866025403784439,1.,0.866025403784439,
1.,0.866025403784439,1.,0.866025403784439,1.,0.866025403784439,1.))
REPRESENTATION_ITEM('')
);
#901=(
BOUNDED_CURVE()
B_SPLINE_CURVE(2,(#9359,#9360,#9361,#9362,#9363,#9364,#9365,#9366,#9367,
#9368,#9369,#9370,#9371),.UNSPECIFIED.,.F.,.F.)
B_SPLINE_CURVE_WITH_KNOTS((3,2,2,2,2,2,3),(0.833333333333333,0.844444444444444,
0.855555555555556,0.866666666666667,0.877777777777778,0.888888888888889,
0.9),.UNSPECIFIED.)
CURVE()
GEOMETRIC_REPRESENTATION_ITEM()
RATIONAL_B_SPLINE_CURVE((1.,0.866025403784439,1.,0.866025403784439,1.,0.866025403784439,
1.,0.866025403784439,1.,0.866025403784439,1.,0.866025403784439,1.))
REPRESENTATION_ITEM('')
);
#902=(
BOUNDED_CURVE()
B_SPLINE_CURVE(2,(#9376,#9377,#9378,#9379,#9380,#9381,#9382,#9383,#9384,
#9385,#9386,#9387,#9388),.UNSPECIFIED.,.F.,.F.)
B_SPLINE_CURVE_WITH_KNOTS((3,2,2,2,2,2,3),(0.766666666666667,0.777777777777778,
0.788888888888889,0.8,0.811111111111111,0.822222222222222,0.833333333333333),
 .UNSPECIFIED.)
CURVE()
GEOMETRIC_REPRESENTATION_ITEM()
RATIONAL_B_SPLINE_CURVE((1.,0.866025403784439,1.,0.866025403784439,1.,0.866025403784439,
1.,0.866025403784439,1.,0.866025403784439,1.,0.866025403784439,1.))
REPRESENTATION_ITEM('')
);
#903=(
BOUNDED_CURVE()
B_SPLINE_CURVE(2,(#9389,#9390,#9391,#9392,#9393,#9394,#9395,#9396,#9397,
#9398,#9399,#9400,#9401),.UNSPECIFIED.,.F.,.F.)
B_SPLINE_CURVE_WITH_KNOTS((3,2,2,2,2,2,3),(0.766666666666667,0.777777777777778,
0.788888888888889,0.8,0.811111111111111,0.822222222222222,0.833333333333333),
 .UNSPECIFIED.)
CURVE()
GEOMETRIC_REPRESENTATION_ITEM()
RATIONAL_B_SPLINE_CURVE((1.,0.866025403784439,1.,0.866025403784439,1.,0.866025403784439,
1.,0.866025403784439,1.,0.866025403784439,1.,0.866025403784439,1.))
REPRESENTATION_ITEM('')
);
#904=(
BOUNDED_CURVE()
B_SPLINE_CURVE(2,(#9406,#9407,#9408,#9409,#9410,#9411,#9412,#9413,#9414,
#9415,#9416,#9417,#9418),.UNSPECIFIED.,.F.,.F.)
B_SPLINE_CURVE_WITH_KNOTS((3,2,2,2,2,2,3),(0.7,0.711111111111111,0.722222222222222,
0.733333333333333,0.744444444444444,0.755555555555556,0.766666666666667),
 .UNSPECIFIED.)
CURVE()
GEOMETRIC_REPRESENTATION_ITEM()
RATIONAL_B_SPLINE_CURVE((1.,0.866025403784439,1.,0.866025403784439,1.,0.866025403784439,
1.,0.866025403784439,1.,0.866025403784439,1.,0.866025403784439,1.))
REPRESENTATION_ITEM('')
);
#905=(
BOUNDED_CURVE()
B_SPLINE_CURVE(2,(#9419,#9420,#9421,#9422,#9423,#9424,#9425,#9426,#9427,
#9428,#9429,#9430,#9431),.UNSPECIFIED.,.F.,.F.)
B_SPLINE_CURVE_WITH_KNOTS((3,2,2,2,2,2,3),(0.7,0.711111111111111,0.722222222222222,
0.733333333333333,0.744444444444445,0.755555555555556,0.766666666666667),
 .UNSPECIFIED.)
CURVE()
GEOMETRIC_REPRESENTATION_ITEM()
RATIONAL_B_SPLINE_CURVE((1.,0.866025403784439,1.,0.866025403784439,1.,0.866025403784439,
1.,0.866025403784439,1.,0.866025403784439,1.,0.866025403784439,1.))
REPRESENTATION_ITEM('')
);
#906=(
BOUNDED_CURVE()
B_SPLINE_CURVE(2,(#9436,#9437,#9438,#9439,#9440,#9441,#9442,#9443,#9444,
#9445,#9446,#9447,#9448),.UNSPECIFIED.,.F.,.F.)
B_SPLINE_CURVE_WITH_KNOTS((3,2,2,2,2,2,3),(0.633333333333333,0.644444444444444,
0.655555555555556,0.666666666666667,0.677777777777778,0.688888888888889,
0.7),.UNSPECIFIED.)
CURVE()
GEOMETRIC_REPRESENTATION_ITEM()
RATIONAL_B_SPLINE_CURVE((1.,0.866025403784439,1.,0.866025403784439,1.,0.866025403784439,
1.,0.866025403784439,1.,0.866025403784439,1.,0.866025403784439,1.))
REPRESENTATION_ITEM('')
);
#907=(
BOUNDED_CURVE()
B_SPLINE_CURVE(2,(#9449,#9450,#9451,#9452,#9453,#9454,#9455,#9456,#9457,
#9458,#9459,#9460,#9461),.UNSPECIFIED.,.F.,.F.)
B_SPLINE_CURVE_WITH_KNOTS((3,2,2,2,2,2,3),(0.633333333333333,0.644444444444444,
0.655555555555556,0.666666666666667,0.677777777777778,0.688888888888889,
0.7),.UNSPECIFIED.)
CURVE()
GEOMETRIC_REPRESENTATION_ITEM()
RATIONAL_B_SPLINE_CURVE((1.,0.866025403784439,1.,0.866025403784439,1.,0.866025403784439,
1.,0.866025403784439,1.,0.866025403784439,1.,0.866025403784439,1.))
REPRESENTATION_ITEM('')
);
#908=(
BOUNDED_CURVE()
B_SPLINE_CURVE(2,(#9466,#9467,#9468,#9469,#9470,#9471,#9472,#9473,#9474,
#9475,#9476,#9477,#9478),.UNSPECIFIED.,.F.,.F.)
B_SPLINE_CURVE_WITH_KNOTS((3,2,2,2,2,2,3),(0.566666666666667,0.577777777777778,
0.588888888888889,0.6,0.611111111111111,0.622222222222222,0.633333333333333),
 .UNSPECIFIED.)
CURVE()
GEOMETRIC_REPRESENTATION_ITEM()
RATIONAL_B_SPLINE_CURVE((1.,0.866025403784439,1.,0.866025403784439,1.,0.866025403784439,
1.,0.866025403784439,1.,0.866025403784439,1.,0.866025403784439,1.))
REPRESENTATION_ITEM('')
);
#909=(
BOUNDED_CURVE()
B_SPLINE_CURVE(2,(#9479,#9480,#9481,#9482,#9483,#9484,#9485,#9486,#9487,
#9488,#9489,#9490,#9491),.UNSPECIFIED.,.F.,.F.)
B_SPLINE_CURVE_WITH_KNOTS((3,2,2,2,2,2,3),(0.566666666666667,0.577777777777778,
0.588888888888889,0.6,0.611111111111111,0.622222222222222,0.633333333333333),
 .UNSPECIFIED.)
CURVE()
GEOMETRIC_REPRESENTATION_ITEM()
RATIONAL_B_SPLINE_CURVE((1.,0.866025403784439,1.,0.866025403784439,1.,0.866025403784439,
1.,0.866025403784439,1.,0.866025403784439,1.,0.866025403784439,1.))
REPRESENTATION_ITEM('')
);
#910=(
BOUNDED_CURVE()
B_SPLINE_CURVE(2,(#9496,#9497,#9498,#9499,#9500,#9501,#9502,#9503,#9504,
#9505,#9506,#9507,#9508),.UNSPECIFIED.,.F.,.F.)
B_SPLINE_CURVE_WITH_KNOTS((3,2,2,2,2,2,3),(0.5,0.511111111111111,0.522222222222222,
0.533333333333333,0.544444444444444,0.555555555555556,0.566666666666667),
 .UNSPECIFIED.)
CURVE()
GEOMETRIC_REPRESENTATION_ITEM()
RATIONAL_B_SPLINE_CURVE((1.,0.866025403784439,1.,0.866025403784439,1.,0.866025403784439,
1.,0.866025403784439,1.,0.866025403784439,1.,0.866025403784439,1.))
REPRESENTATION_ITEM('')
);
#911=(
BOUNDED_CURVE()
B_SPLINE_CURVE(2,(#9509,#9510,#9511,#9512,#9513,#9514,#9515,#9516,#9517,
#9518,#9519,#9520,#9521),.UNSPECIFIED.,.F.,.F.)
B_SPLINE_CURVE_WITH_KNOTS((3,2,2,2,2,2,3),(0.5,0.511111111111111,0.522222222222222,
0.533333333333333,0.544444444444444,0.555555555555556,0.566666666666667),
 .UNSPECIFIED.)
CURVE()
GEOMETRIC_REPRESENTATION_ITEM()
RATIONAL_B_SPLINE_CURVE((1.,0.866025403784439,1.,0.866025403784439,1.,0.866025403784439,
1.,0.866025403784439,1.,0.866025403784439,1.,0.866025403784439,1.))
REPRESENTATION_ITEM('')
);
#912=(
BOUNDED_CURVE()
B_SPLINE_CURVE(2,(#9526,#9527,#9528,#9529,#9530,#9531,#9532,#9533,#9534,
#9535,#9536,#9537,#9538),.UNSPECIFIED.,.F.,.F.)
B_SPLINE_CURVE_WITH_KNOTS((3,2,2,2,2,2,3),(0.433333333333333,0.444444444444444,
0.455555555555556,0.466666666666667,0.477777777777778,0.488888888888889,
0.5),.UNSPECIFIED.)
CURVE()
GEOMETRIC_REPRESENTATION_ITEM()
RATIONAL_B_SPLINE_CURVE((1.,0.866025403784439,1.,0.866025403784439,1.,0.866025403784439,
1.,0.866025403784439,1.,0.866025403784439,1.,0.866025403784439,1.))
REPRESENTATION_ITEM('')
);
#913=(
BOUNDED_CURVE()
B_SPLINE_CURVE(2,(#9539,#9540,#9541,#9542,#9543,#9544,#9545,#9546,#9547,
#9548,#9549,#9550,#9551),.UNSPECIFIED.,.F.,.F.)
B_SPLINE_CURVE_WITH_KNOTS((3,2,2,2,2,2,3),(0.433333333333333,0.444444444444444,
0.455555555555556,0.466666666666667,0.477777777777778,0.488888888888889,
0.5),.UNSPECIFIED.)
CURVE()
GEOMETRIC_REPRESENTATION_ITEM()
RATIONAL_B_SPLINE_CURVE((1.,0.866025403784439,1.,0.866025403784439,1.,0.866025403784439,
1.,0.866025403784439,1.,0.866025403784439,1.,0.866025403784439,1.))
REPRESENTATION_ITEM('')
);
#914=(
BOUNDED_CURVE()
B_SPLINE_CURVE(2,(#9556,#9557,#9558,#9559,#9560,#9561,#9562,#9563,#9564,
#9565,#9566,#9567,#9568),.UNSPECIFIED.,.F.,.F.)
B_SPLINE_CURVE_WITH_KNOTS((3,2,2,2,2,2,3),(0.366666666666667,0.377777777777778,
0.388888888888889,0.4,0.411111111111111,0.422222222222222,0.433333333333333),
 .UNSPECIFIED.)
CURVE()
GEOMETRIC_REPRESENTATION_ITEM()
RATIONAL_B_SPLINE_CURVE((1.,0.866025403784439,1.,0.866025403784439,1.,0.866025403784439,
1.,0.866025403784439,1.,0.866025403784439,1.,0.866025403784439,1.))
REPRESENTATION_ITEM('')
);
#915=(
BOUNDED_CURVE()
B_SPLINE_CURVE(2,(#9569,#9570,#9571,#9572,#9573,#9574,#9575,#9576,#9577,
#9578,#9579,#9580,#9581),.UNSPECIFIED.,.F.,.F.)
B_SPLINE_CURVE_WITH_KNOTS((3,2,2,2,2,2,3),(0.366666666666667,0.377777777777778,
0.388888888888889,0.4,0.411111111111111,0.422222222222222,0.433333333333333),
 .UNSPECIFIED.)
CURVE()
GEOMETRIC_REPRESENTATION_ITEM()
RATIONAL_B_SPLINE_CURVE((1.,0.866025403784439,1.,0.866025403784439,1.,0.866025403784439,
1.,0.866025403784439,1.,0.866025403784439,1.,0.866025403784439,1.))
REPRESENTATION_ITEM('')
);
#916=(
BOUNDED_CURVE()
B_SPLINE_CURVE(2,(#9586,#9587,#9588,#9589,#9590,#9591,#9592,#9593,#9594,
#9595,#9596,#9597,#9598),.UNSPECIFIED.,.F.,.F.)
B_SPLINE_CURVE_WITH_KNOTS((3,2,2,2,2,2,3),(0.3,0.311111111111111,0.322222222222222,
0.333333333333333,0.344444444444444,0.355555555555556,0.366666666666667),
 .UNSPECIFIED.)
CURVE()
GEOMETRIC_REPRESENTATION_ITEM()
RATIONAL_B_SPLINE_CURVE((1.,0.866025403784439,1.,0.866025403784439,1.,0.866025403784439,
1.,0.866025403784439,1.,0.866025403784439,1.,0.866025403784439,1.))
REPRESENTATION_ITEM('')
);
#917=(
BOUNDED_CURVE()
B_SPLINE_CURVE(2,(#9599,#9600,#9601,#9602,#9603,#9604,#9605,#9606,#9607,
#9608,#9609,#9610,#9611),.UNSPECIFIED.,.F.,.F.)
B_SPLINE_CURVE_WITH_KNOTS((3,2,2,2,2,2,3),(0.3,0.311111111111111,0.322222222222222,
0.333333333333333,0.344444444444444,0.355555555555556,0.366666666666667),
 .UNSPECIFIED.)
CURVE()
GEOMETRIC_REPRESENTATION_ITEM()
RATIONAL_B_SPLINE_CURVE((1.,0.866025403784439,1.,0.866025403784439,1.,0.866025403784439,
1.,0.866025403784439,1.,0.866025403784439,1.,0.866025403784439,1.))
REPRESENTATION_ITEM('')
);
#918=(
BOUNDED_CURVE()
B_SPLINE_CURVE(2,(#9616,#9617,#9618,#9619,#9620,#9621,#9622,#9623,#9624,
#9625,#9626,#9627,#9628),.UNSPECIFIED.,.F.,.F.)
B_SPLINE_CURVE_WITH_KNOTS((3,2,2,2,2,2,3),(0.233333333333333,0.244444444444444,
0.255555555555556,0.266666666666667,0.277777777777778,0.288888888888889,
0.3),.UNSPECIFIED.)
CURVE()
GEOMETRIC_REPRESENTATION_ITEM()
RATIONAL_B_SPLINE_CURVE((1.,0.866025403784439,1.,0.866025403784439,1.,0.866025403784439,
1.,0.866025403784439,1.,0.866025403784439,1.,0.866025403784439,1.))
REPRESENTATION_ITEM('')
);
#919=(
BOUNDED_CURVE()
B_SPLINE_CURVE(2,(#9629,#9630,#9631,#9632,#9633,#9634,#9635,#9636,#9637,
#9638,#9639,#9640,#9641),.UNSPECIFIED.,.F.,.F.)
B_SPLINE_CURVE_WITH_KNOTS((3,2,2,2,2,2,3),(0.233333333333333,0.244444444444444,
0.255555555555556,0.266666666666667,0.277777777777778,0.288888888888889,
0.3),.UNSPECIFIED.)
CURVE()
GEOMETRIC_REPRESENTATION_ITEM()
RATIONAL_B_SPLINE_CURVE((1.,0.866025403784439,1.,0.866025403784439,1.,0.866025403784439,
1.,0.866025403784439,1.,0.866025403784439,1.,0.866025403784439,1.))
REPRESENTATION_ITEM('')
);
#920=(
BOUNDED_CURVE()
B_SPLINE_CURVE(2,(#9646,#9647,#9648,#9649,#9650,#9651,#9652,#9653,#9654,
#9655,#9656,#9657,#9658),.UNSPECIFIED.,.F.,.F.)
B_SPLINE_CURVE_WITH_KNOTS((3,2,2,2,2,2,3),(0.166666666666667,0.177777777777778,
0.188888888888889,0.2,0.211111111111111,0.222222222222222,0.233333333333333),
 .UNSPECIFIED.)
CURVE()
GEOMETRIC_REPRESENTATION_ITEM()
RATIONAL_B_SPLINE_CURVE((1.,0.866025403784439,1.,0.866025403784439,1.,0.866025403784439,
1.,0.866025403784439,1.,0.866025403784439,1.,0.866025403784439,1.))
REPRESENTATION_ITEM('')
);
#921=(
BOUNDED_CURVE()
B_SPLINE_CURVE(2,(#9659,#9660,#9661,#9662,#9663,#9664,#9665,#9666,#9667,
#9668,#9669,#9670,#9671),.UNSPECIFIED.,.F.,.F.)
B_SPLINE_CURVE_WITH_KNOTS((3,2,2,2,2,2,3),(0.166666666666667,0.177777777777778,
0.188888888888889,0.2,0.211111111111111,0.222222222222222,0.233333333333333),
 .UNSPECIFIED.)
CURVE()
GEOMETRIC_REPRESENTATION_ITEM()
RATIONAL_B_SPLINE_CURVE((1.,0.866025403784439,1.,0.866025403784439,1.,0.866025403784439,
1.,0.866025403784439,1.,0.866025403784439,1.,0.866025403784439,1.))
REPRESENTATION_ITEM('')
);
#922=(
BOUNDED_CURVE()
B_SPLINE_CURVE(2,(#9676,#9677,#9678,#9679,#9680,#9681,#9682,#9683,#9684,
#9685,#9686,#9687,#9688),.UNSPECIFIED.,.F.,.F.)
B_SPLINE_CURVE_WITH_KNOTS((3,2,2,2,2,2,3),(0.1,0.111111111111111,0.122222222222222,
0.133333333333333,0.144444444444444,0.155555555555556,0.166666666666667),
 .UNSPECIFIED.)
CURVE()
GEOMETRIC_REPRESENTATION_ITEM()
RATIONAL_B_SPLINE_CURVE((1.,0.866025403784439,1.,0.866025403784439,1.,0.866025403784439,
1.,0.866025403784439,1.,0.866025403784439,1.,0.866025403784439,1.))
REPRESENTATION_ITEM('')
);
#923=(
BOUNDED_CURVE()
B_SPLINE_CURVE(2,(#9689,#9690,#9691,#9692,#9693,#9694,#9695,#9696,#9697,
#9698,#9699,#9700,#9701),.UNSPECIFIED.,.F.,.F.)
B_SPLINE_CURVE_WITH_KNOTS((3,2,2,2,2,2,3),(0.1,0.111111111111111,0.122222222222222,
0.133333333333333,0.144444444444444,0.155555555555556,0.166666666666667),
 .UNSPECIFIED.)
CURVE()
GEOMETRIC_REPRESENTATION_ITEM()
RATIONAL_B_SPLINE_CURVE((1.,0.866025403784439,1.,0.866025403784439,1.,0.866025403784439,
1.,0.866025403784439,1.,0.866025403784439,1.,0.866025403784439,1.))
REPRESENTATION_ITEM('')
);
#924=(
BOUNDED_CURVE()
B_SPLINE_CURVE(2,(#9706,#9707,#9708,#9709,#9710,#9711,#9712,#9713,#9714,
#9715,#9716,#9717,#9718),.UNSPECIFIED.,.F.,.F.)
B_SPLINE_CURVE_WITH_KNOTS((3,2,2,2,2,2,3),(0.0333333333333333,0.0444444444444444,
0.0555555555555556,0.0666666666666667,0.0777777777777778,0.0888888888888889,
0.1),.UNSPECIFIED.)
CURVE()
GEOMETRIC_REPRESENTATION_ITEM()
RATIONAL_B_SPLINE_CURVE((1.,0.866025403784439,1.,0.866025403784439,1.,0.866025403784439,
1.,0.866025403784439,1.,0.866025403784439,1.,0.866025403784439,1.))
REPRESENTATION_ITEM('')
);
#925=(
BOUNDED_CURVE()
B_SPLINE_CURVE(2,(#9719,#9720,#9721,#9722,#9723,#9724,#9725,#9726,#9727,
#9728,#9729,#9730,#9731),.UNSPECIFIED.,.F.,.F.)
B_SPLINE_CURVE_WITH_KNOTS((3,2,2,2,2,2,3),(0.0333333333333333,0.0444444444444444,
0.0555555555555555,0.0666666666666667,0.0777777777777778,0.0888888888888889,
0.1),.UNSPECIFIED.)
CURVE()
GEOMETRIC_REPRESENTATION_ITEM()
RATIONAL_B_SPLINE_CURVE((1.,0.866025403784439,1.,0.866025403784439,1.,0.866025403784439,
1.,0.866025403784439,1.,0.866025403784439,1.,0.866025403784439,1.))
REPRESENTATION_ITEM('')
);
#926=(
BOUNDED_CURVE()
B_SPLINE_CURVE(2,(#11211,#11212,#11213,#11214,#11215,#11216,#11217),
 .UNSPECIFIED.,.F.,.F.)
B_SPLINE_CURVE_WITH_KNOTS((3,2,2,3),(0.,0.0111111111111111,0.0222222222222222,
0.0333333333333333),.UNSPECIFIED.)
CURVE()
GEOMETRIC_REPRESENTATION_ITEM()
RATIONAL_B_SPLINE_CURVE((1.,0.866025403784439,1.,0.866025403784439,1.,0.866025403784439,
1.))
REPRESENTATION_ITEM('')
);
#927=(
BOUNDED_CURVE()
B_SPLINE_CURVE(2,(#11221,#11222,#11223,#11224,#11225,#11226,#11227),
 .UNSPECIFIED.,.F.,.F.)
B_SPLINE_CURVE_WITH_KNOTS((3,2,2,3),(0.,0.0111111111111111,0.0222222222222222,
0.0333333333333333),.UNSPECIFIED.)
CURVE()
GEOMETRIC_REPRESENTATION_ITEM()
RATIONAL_B_SPLINE_CURVE((1.,0.866025403784439,1.,0.866025403784439,1.,0.866025403784439,
1.))
REPRESENTATION_ITEM('')
);
#928=LINE('',#5483,#1173);
#929=LINE('',#5495,#1174);
#930=LINE('',#5499,#1175);
#931=LINE('',#5503,#1176);
#932=LINE('',#5518,#1177);
#933=LINE('',#5548,#1178);
#934=LINE('',#5578,#1179);
#935=LINE('',#5608,#1180);
#936=LINE('',#5638,#1181);
#937=LINE('',#5668,#1182);
#938=LINE('',#5698,#1183);
#939=LINE('',#5728,#1184);
#940=LINE('',#5758,#1185);
#941=LINE('',#5788,#1186);
#942=LINE('',#5818,#1187);
#943=LINE('',#5828,#1188);
#944=LINE('',#5839,#1189);
#945=LINE('',#5912,#1190);
#946=LINE('',#5990,#1191);
#947=LINE('',#6066,#1192);
#948=LINE('',#6142,#1193);
#949=LINE('',#6218,#1194);
#950=LINE('',#6296,#1195);
#951=LINE('',#6372,#1196);
#952=LINE('',#6450,#1197);
#953=LINE('',#6526,#1198);
#954=LINE('',#6602,#1199);
#955=LINE('',#6678,#1200);
#956=LINE('',#6714,#1201);
#957=LINE('',#6717,#1202);
#958=LINE('',#6723,#1203);
#959=LINE('',#6726,#1204);
#960=LINE('',#6795,#1205);
#961=LINE('',#6801,#1206);
#962=LINE('',#6807,#1207);
#963=LINE('',#6812,#1208);
#964=LINE('',#6816,#1209);
#965=LINE('',#6818,#1210);
#966=LINE('',#6826,#1211);
#967=LINE('',#6829,#1212);
#968=LINE('',#6832,#1213);
#969=LINE('',#6838,#1214);
#970=LINE('',#6841,#1215);
#971=LINE('',#6847,#1216);
#972=LINE('',#6850,#1217);
#973=LINE('',#6856,#1218);
#974=LINE('',#6859,#1219);
#975=LINE('',#6865,#1220);
#976=LINE('',#6868,#1221);
#977=LINE('',#6874,#1222);
#978=LINE('',#6877,#1223);
#979=LINE('',#6883,#1224);
#980=LINE('',#6886,#1225);
#981=LINE('',#6892,#1226);
#982=LINE('',#6895,#1227);
#983=LINE('',#6901,#1228);
#984=LINE('',#6906,#1229);
#985=LINE('',#6912,#1230);
#986=LINE('',#6915,#1231);
#987=LINE('',#6921,#1232);
#988=LINE('',#6924,#1233);
#989=LINE('',#6930,#1234);
#990=LINE('',#6933,#1235);
#991=LINE('',#6939,#1236);
#992=LINE('',#6944,#1237);
#993=LINE('',#6950,#1238);
#994=LINE('',#6953,#1239);
#995=LINE('',#6959,#1240);
#996=LINE('',#6962,#1241);
#997=LINE('',#6968,#1242);
#998=LINE('',#6971,#1243);
#999=LINE('',#6977,#1244);
#1000=LINE('',#6980,#1245);
#1001=LINE('',#6986,#1246);
#1002=LINE('',#6989,#1247);
#1003=LINE('',#6995,#1248);
#1004=LINE('',#6998,#1249);
#1005=LINE('',#7003,#1250);
#1006=LINE('',#7013,#1251);
#1007=LINE('',#7019,#1252);
#1008=LINE('',#7022,#1253);
#1009=LINE('',#7028,#1254);
#1010=LINE('',#7031,#1255);
#1011=LINE('',#7037,#1256);
#1012=LINE('',#7040,#1257);
#1013=LINE('',#7046,#1258);
#1014=LINE('',#7049,#1259);
#1015=LINE('',#7055,#1260);
#1016=LINE('',#7058,#1261);
#1017=LINE('',#7064,#1262);
#1018=LINE('',#7067,#1263);
#1019=LINE('',#7073,#1264);
#1020=LINE('',#7078,#1265);
#1021=LINE('',#7084,#1266);
#1022=LINE('',#7087,#1267);
#1023=LINE('',#7093,#1268);
#1024=LINE('',#7096,#1269);
#1025=LINE('',#7102,#1270);
#1026=LINE('',#7105,#1271);
#1027=LINE('',#7111,#1272);
#1028=LINE('',#7116,#1273);
#1029=LINE('',#7122,#1274);
#1030=LINE('',#7125,#1275);
#1031=LINE('',#7131,#1276);
#1032=LINE('',#7134,#1277);
#1033=LINE('',#7140,#1278);
#1034=LINE('',#7143,#1279);
#1035=LINE('',#7149,#1280);
#1036=LINE('',#7152,#1281);
#1037=LINE('',#7158,#1282);
#1038=LINE('',#7161,#1283);
#1039=LINE('',#7167,#1284);
#1040=LINE('',#7170,#1285);
#1041=LINE('',#7175,#1286);
#1042=LINE('',#7177,#1287);
#1043=LINE('',#7187,#1288);
#1044=LINE('',#7199,#1289);
#1045=LINE('',#7202,#1290);
#1046=LINE('',#7203,#1291);
#1047=LINE('',#7208,#1292);
#1048=LINE('',#7210,#1293);
#1049=LINE('',#7218,#1294);
#1050=LINE('',#7220,#1295);
#1051=LINE('',#7227,#1296);
#1052=LINE('',#7229,#1297);
#1053=LINE('',#7239,#1298);
#1054=LINE('',#7240,#1299);
#1055=LINE('',#7249,#1300);
#1056=LINE('',#7250,#1301);
#1057=LINE('',#7258,#1302);
#1058=LINE('',#7260,#1303);
#1059=LINE('',#7262,#1304);
#1060=LINE('',#7263,#1305);
#1061=LINE('',#7266,#1306);
#1062=LINE('',#7268,#1307);
#1063=LINE('',#7270,#1308);
#1064=LINE('',#7271,#1309);
#1065=LINE('',#7275,#1310);
#1066=LINE('',#7276,#1311);
#1067=LINE('',#7277,#1312);
#1068=LINE('',#7280,#1313);
#1069=LINE('',#7282,#1314);
#1070=LINE('',#7283,#1315);
#1071=LINE('',#7288,#1316);
#1072=LINE('',#7289,#1317);
#1073=LINE('',#7290,#1318);
#1074=LINE('',#7293,#1319);
#1075=LINE('',#7295,#1320);
#1076=LINE('',#7296,#1321);
#1077=LINE('',#7298,#1322);
#1078=LINE('',#7299,#1323);
#1079=LINE('',#7300,#1324);
#1080=LINE('',#7301,#1325);
#1081=LINE('',#7302,#1326);
#1082=LINE('',#7304,#1327);
#1083=LINE('',#7305,#1328);
#1084=LINE('',#7308,#1329);
#1085=LINE('',#7310,#1330);
#1086=LINE('',#7311,#1331);
#1087=LINE('',#7312,#1332);
#1088=LINE('',#7313,#1333);
#1089=LINE('',#7316,#1334);
#1090=LINE('',#7317,#1335);
#1091=LINE('',#7340,#1336);
#1092=LINE('',#7341,#1337);
#1093=LINE('',#7360,#1338);
#1094=LINE('',#7390,#1339);
#1095=LINE('',#7392,#1340);
#1096=LINE('',#7393,#1341);
#1097=LINE('',#7453,#1342);
#1098=LINE('',#7454,#1343);
#1099=LINE('',#7483,#1344);
#1100=LINE('',#7561,#1345);
#1101=LINE('',#7562,#1346);
#1102=LINE('',#7880,#1347);
#1103=LINE('',#8825,#1348);
#1104=LINE('',#9328,#1349);
#1105=LINE('',#9345,#1350);
#1106=LINE('',#9375,#1351);
#1107=LINE('',#9405,#1352);
#1108=LINE('',#9435,#1353);
#1109=LINE('',#9465,#1354);
#1110=LINE('',#9495,#1355);
#1111=LINE('',#9525,#1356);
#1112=LINE('',#9555,#1357);
#1113=LINE('',#9585,#1358);
#1114=LINE('',#9615,#1359);
#1115=LINE('',#9645,#1360);
#1116=LINE('',#9675,#1361);
#1117=LINE('',#9705,#1362);
#1118=LINE('',#9735,#1363);
#1119=LINE('',#9761,#1364);
#1120=LINE('',#9800,#1365);
#1121=LINE('',#9824,#1366);
#1122=LINE('',#9902,#1367);
#1123=LINE('',#9980,#1368);
#1124=LINE('',#10056,#1369);
#1125=LINE('',#10132,#1370);
#1126=LINE('',#10208,#1371);
#1127=LINE('',#10284,#1372);
#1128=LINE('',#10364,#1373);
#1129=LINE('',#10440,#1374);
#1130=LINE('',#10516,#1375);
#1131=LINE('',#10592,#1376);
#1132=LINE('',#10668,#1377);
#1133=LINE('',#10745,#1378);
#1134=LINE('',#10751,#1379);
#1135=LINE('',#10757,#1380);
#1136=LINE('',#10763,#1381);
#1137=LINE('',#10769,#1382);
#1138=LINE('',#11218,#1383);
#1139=LINE('',#11228,#1384);
#1140=LINE('',#11575,#1385);
#1141=LINE('',#11588,#1386);
#1142=LINE('',#11590,#1387);
#1143=LINE('',#11592,#1388);
#1144=LINE('',#11593,#1389);
#1145=LINE('',#11596,#1390);
#1146=LINE('',#11598,#1391);
#1147=LINE('',#11599,#1392);
#1148=LINE('',#11602,#1393);
#1149=LINE('',#11604,#1394);
#1150=LINE('',#11605,#1395);
#1151=LINE('',#11607,#1396);
#1152=LINE('',#11608,#1397);
#1153=LINE('',#11614,#1398);
#1154=LINE('',#11620,#1399);
#1155=LINE('',#11626,#1400);
#1156=LINE('',#11632,#1401);
#1157=LINE('',#11638,#1402);
#1158=LINE('',#11644,#1403);
#1159=LINE('',#11650,#1404);
#1160=LINE('',#11656,#1405);
#1161=LINE('',#11661,#1406);
#1162=LINE('',#11663,#1407);
#1163=LINE('',#11665,#1408);
#1164=LINE('',#11666,#1409);
#1165=LINE('',#11669,#1410);
#1166=LINE('',#11671,#1411);
#1167=LINE('',#11672,#1412);
#1168=LINE('',#11675,#1413);
#1169=LINE('',#11677,#1414);
#1170=LINE('',#11678,#1415);
#1171=LINE('',#11680,#1416);
#1172=LINE('',#11681,#1417);
#1173=VECTOR('',#4381,6.1718519153125);
#1174=VECTOR('',#4382,10.);
#1175=VECTOR('',#4385,10.);
#1176=VECTOR('',#4388,10.);
#1177=VECTOR('',#4391,6.1718519153125);
#1178=VECTOR('',#4394,6.1718519153125);
#1179=VECTOR('',#4397,6.1718519153125);
#1180=VECTOR('',#4400,6.1718519153125);
#1181=VECTOR('',#4403,6.1718519153125);
#1182=VECTOR('',#4406,6.1718519153125);
#1183=VECTOR('',#4409,6.1718519153125);
#1184=VECTOR('',#4412,6.1718519153125);
#1185=VECTOR('',#4415,6.1718519153125);
#1186=VECTOR('',#4418,6.1718519153125);
#1187=VECTOR('',#4421,6.1718519153125);
#1188=VECTOR('',#4422,1000.);
#1189=VECTOR('',#4425,6.);
#1190=VECTOR('',#4430,6.);
#1191=VECTOR('',#4433,6.);
#1192=VECTOR('',#4436,6.);
#1193=VECTOR('',#4439,6.);
#1194=VECTOR('',#4442,6.);
#1195=VECTOR('',#4445,6.);
#1196=VECTOR('',#4448,6.);
#1197=VECTOR('',#4451,6.);
#1198=VECTOR('',#4454,6.);
#1199=VECTOR('',#4457,6.);
#1200=VECTOR('',#4460,6.);
#1201=VECTOR('',#4467,1000.);
#1202=VECTOR('',#4470,1000.);
#1203=VECTOR('',#4475,1000.);
#1204=VECTOR('',#4478,1000.);
#1205=VECTOR('',#4481,1000.);
#1206=VECTOR('',#4488,0.75);
#1207=VECTOR('',#4495,0.75);
#1208=VECTOR('',#4500,1000.);
#1209=VECTOR('',#4503,1000.);
#1210=VECTOR('',#4504,2.);
#1211=VECTOR('',#4513,2.);
#1212=VECTOR('',#4516,1000.);
#1213=VECTOR('',#4519,1000.);
#1214=VECTOR('',#4524,1000.);
#1215=VECTOR('',#4527,1000.);
#1216=VECTOR('',#4532,1000.);
#1217=VECTOR('',#4535,1000.);
#1218=VECTOR('',#4540,1000.);
#1219=VECTOR('',#4543,1000.);
#1220=VECTOR('',#4548,1000.);
#1221=VECTOR('',#4551,1000.);
#1222=VECTOR('',#4556,1000.);
#1223=VECTOR('',#4559,1000.);
#1224=VECTOR('',#4564,1000.);
#1225=VECTOR('',#4567,1000.);
#1226=VECTOR('',#4572,1000.);
#1227=VECTOR('',#4575,1000.);
#1228=VECTOR('',#4580,1000.);
#1229=VECTOR('',#4585,1000.);
#1230=VECTOR('',#4590,1000.);
#1231=VECTOR('',#4593,1000.);
#1232=VECTOR('',#4598,1000.);
#1233=VECTOR('',#4601,1000.);
#1234=VECTOR('',#4606,1000.);
#1235=VECTOR('',#4609,1000.);
#1236=VECTOR('',#4614,1000.);
#1237=VECTOR('',#4619,1000.);
#1238=VECTOR('',#4624,1000.);
#1239=VECTOR('',#4627,1000.);
#1240=VECTOR('',#4632,1000.);
#1241=VECTOR('',#4635,1000.);
#1242=VECTOR('',#4640,1000.);
#1243=VECTOR('',#4643,1000.);
#1244=VECTOR('',#4648,1000.);
#1245=VECTOR('',#4651,1000.);
#1246=VECTOR('',#4656,1000.);
#1247=VECTOR('',#4659,1000.);
#1248=VECTOR('',#4664,1000.);
#1249=VECTOR('',#4667,1000.);
#1250=VECTOR('',#4672,1000.);
#1251=VECTOR('',#4687,1000.);
#1252=VECTOR('',#4692,1000.);
#1253=VECTOR('',#4695,1000.);
#1254=VECTOR('',#4700,1000.);
#1255=VECTOR('',#4703,1000.);
#1256=VECTOR('',#4708,1000.);
#1257=VECTOR('',#4711,1000.);
#1258=VECTOR('',#4716,1000.);
#1259=VECTOR('',#4719,1000.);
#1260=VECTOR('',#4724,1000.);
#1261=VECTOR('',#4727,1000.);
#1262=VECTOR('',#4732,1000.);
#1263=VECTOR('',#4735,1000.);
#1264=VECTOR('',#4740,1000.);
#1265=VECTOR('',#4745,1000.);
#1266=VECTOR('',#4750,1000.);
#1267=VECTOR('',#4753,1000.);
#1268=VECTOR('',#4758,1000.);
#1269=VECTOR('',#4761,1000.);
#1270=VECTOR('',#4766,1000.);
#1271=VECTOR('',#4769,1000.);
#1272=VECTOR('',#4774,1000.);
#1273=VECTOR('',#4779,1000.);
#1274=VECTOR('',#4784,1000.);
#1275=VECTOR('',#4787,1000.);
#1276=VECTOR('',#4792,1000.);
#1277=VECTOR('',#4795,1000.);
#1278=VECTOR('',#4800,1000.);
#1279=VECTOR('',#4803,1000.);
#1280=VECTOR('',#4808,1000.);
#1281=VECTOR('',#4811,1000.);
#1282=VECTOR('',#4816,1000.);
#1283=VECTOR('',#4819,1000.);
#1284=VECTOR('',#4824,1000.);
#1285=VECTOR('',#4827,1000.);
#1286=VECTOR('',#4832,1000.);
#1287=VECTOR('',#4833,1000.);
#1288=VECTOR('',#4836,1000.);
#1289=VECTOR('',#4837,1000.);
#1290=VECTOR('',#4840,1000.);
#1291=VECTOR('',#4841,1000.);
#1292=VECTOR('',#4846,1000.);
#1293=VECTOR('',#4847,1000.);
#1294=VECTOR('',#4862,1000.);
#1295=VECTOR('',#4863,1000.);
#1296=VECTOR('',#4874,1000.);
#1297=VECTOR('',#4875,1000.);
#1298=VECTOR('',#4890,1000.);
#1299=VECTOR('',#4891,1000.);
#1300=VECTOR('',#4906,1000.);
#1301=VECTOR('',#4907,1000.);
#1302=VECTOR('',#4918,1000.);
#1303=VECTOR('',#4919,1000.);
#1304=VECTOR('',#4920,1000.);
#1305=VECTOR('',#4921,1000.);
#1306=VECTOR('',#4922,1000.);
#1307=VECTOR('',#4923,1000.);
#1308=VECTOR('',#4924,1000.);
#1309=VECTOR('',#4925,1000.);
#1310=VECTOR('',#4928,1000.);
#1311=VECTOR('',#4929,1000.);
#1312=VECTOR('',#4930,1000.);
#1313=VECTOR('',#4933,1000.);
#1314=VECTOR('',#4934,1000.);
#1315=VECTOR('',#4935,1000.);
#1316=VECTOR('',#4940,1000.);
#1317=VECTOR('',#4941,1000.);
#1318=VECTOR('',#4942,1000.);
#1319=VECTOR('',#4945,1000.);
#1320=VECTOR('',#4946,1000.);
#1321=VECTOR('',#4947,1000.);
#1322=VECTOR('',#4950,1000.);
#1323=VECTOR('',#4951,1000.);
#1324=VECTOR('',#4952,1000.);
#1325=VECTOR('',#4953,1000.);
#1326=VECTOR('',#4954,1000.);
#1327=VECTOR('',#4957,1000.);
#1328=VECTOR('',#4958,1000.);
#1329=VECTOR('',#4961,1000.);
#1330=VECTOR('',#4962,1000.);
#1331=VECTOR('',#4963,1000.);
#1332=VECTOR('',#4964,1000.);
#1333=VECTOR('',#4965,1000.);
#1334=VECTOR('',#4968,1000.);
#1335=VECTOR('',#4969,1000.);
#1336=VECTOR('',#4986,1000.);
#1337=VECTOR('',#4987,1000.);
#1338=VECTOR('',#4988,10.);
#1339=VECTOR('',#4989,10.);
#1340=VECTOR('',#4992,1000.);
#1341=VECTOR('',#4993,10.);
#1342=VECTOR('',#4996,1000.);
#1343=VECTOR('',#4997,1000.);
#1344=VECTOR('',#5000,1000.);
#1345=VECTOR('',#5127,1000.);
#1346=VECTOR('',#5128,1000.);
#1347=VECTOR('',#5131,1000.);
#1348=VECTOR('',#5132,1000.);
#1349=VECTOR('',#5215,5.8281480846875);
#1350=VECTOR('',#5220,5.8281480846875);
#1351=VECTOR('',#5223,5.8281480846875);
#1352=VECTOR('',#5226,5.8281480846875);
#1353=VECTOR('',#5229,5.8281480846875);
#1354=VECTOR('',#5232,5.8281480846875);
#1355=VECTOR('',#5235,5.8281480846875);
#1356=VECTOR('',#5238,5.8281480846875);
#1357=VECTOR('',#5241,5.8281480846875);
#1358=VECTOR('',#5244,5.8281480846875);
#1359=VECTOR('',#5247,5.8281480846875);
#1360=VECTOR('',#5250,5.8281480846875);
#1361=VECTOR('',#5253,5.8281480846875);
#1362=VECTOR('',#5256,5.8281480846875);
#1363=VECTOR('',#5259,6.);
#1364=VECTOR('',#5264,6.);
#1365=VECTOR('',#5267,1000.);
#1366=VECTOR('',#5270,6.);
#1367=VECTOR('',#5273,6.);
#1368=VECTOR('',#5276,6.);
#1369=VECTOR('',#5279,6.);
#1370=VECTOR('',#5282,6.);
#1371=VECTOR('',#5285,6.);
#1372=VECTOR('',#5288,6.);
#1373=VECTOR('',#5291,6.);
#1374=VECTOR('',#5294,6.);
#1375=VECTOR('',#5297,6.);
#1376=VECTOR('',#5300,6.);
#1377=VECTOR('',#5303,6.);
#1378=VECTOR('',#5308,1.75);
#1379=VECTOR('',#5315,4.);
#1380=VECTOR('',#5322,3.25);
#1381=VECTOR('',#5329,7.);
#1382=VECTOR('',#5336,5.75);
#1383=VECTOR('',#5353,1000.);
#1384=VECTOR('',#5356,1000.);
#1385=VECTOR('',#5357,1000.);
#1386=VECTOR('',#5374,10.);
#1387=VECTOR('',#5375,10.);
#1388=VECTOR('',#5376,10.);
#1389=VECTOR('',#5377,10.);
#1390=VECTOR('',#5380,10.);
#1391=VECTOR('',#5381,10.);
#1392=VECTOR('',#5382,10.);
#1393=VECTOR('',#5385,10.);
#1394=VECTOR('',#5386,10.);
#1395=VECTOR('',#5387,10.);
#1396=VECTOR('',#5390,10.);
#1397=VECTOR('',#5391,10.);
#1398=VECTOR('',#5398,1.4);
#1399=VECTOR('',#5405,1.4);
#1400=VECTOR('',#5412,1.4);
#1401=VECTOR('',#5419,1.4);
#1402=VECTOR('',#5426,1.3);
#1403=VECTOR('',#5433,1.3);
#1404=VECTOR('',#5440,1.3);
#1405=VECTOR('',#5447,1.3);
#1406=VECTOR('',#5452,10.);
#1407=VECTOR('',#5453,10.);
#1408=VECTOR('',#5454,10.);
#1409=VECTOR('',#5455,10.);
#1410=VECTOR('',#5458,10.);
#1411=VECTOR('',#5459,10.);
#1412=VECTOR('',#5460,10.);
#1413=VECTOR('',#5463,10.);
#1414=VECTOR('',#5464,10.);
#1415=VECTOR('',#5465,10.);
#1416=VECTOR('',#5468,10.);
#1417=VECTOR('',#5469,10.);
#1418=VERTEX_POINT('',#5481);
#1419=VERTEX_POINT('',#5482);
#1420=VERTEX_POINT('',#5484);
#1421=VERTEX_POINT('',#5494);
#1422=VERTEX_POINT('',#5496);
#1423=VERTEX_POINT('',#5498);
#1424=VERTEX_POINT('',#5500);
#1425=VERTEX_POINT('',#5502);
#1426=VERTEX_POINT('',#5516);
#1427=VERTEX_POINT('',#5517);
#1428=VERTEX_POINT('',#5546);
#1429=VERTEX_POINT('',#5547);
#1430=VERTEX_POINT('',#5576);
#1431=VERTEX_POINT('',#5577);
#1432=VERTEX_POINT('',#5606);
#1433=VERTEX_POINT('',#5607);
#1434=VERTEX_POINT('',#5636);
#1435=VERTEX_POINT('',#5637);
#1436=VERTEX_POINT('',#5666);
#1437=VERTEX_POINT('',#5667);
#1438=VERTEX_POINT('',#5696);
#1439=VERTEX_POINT('',#5697);
#1440=VERTEX_POINT('',#5726);
#1441=VERTEX_POINT('',#5727);
#1442=VERTEX_POINT('',#5756);
#1443=VERTEX_POINT('',#5757);
#1444=VERTEX_POINT('',#5786);
#1445=VERTEX_POINT('',#5787);
#1446=VERTEX_POINT('',#5816);
#1447=VERTEX_POINT('',#5817);
#1448=VERTEX_POINT('',#5819);
#1449=VERTEX_POINT('',#5827);
#1450=VERTEX_POINT('',#5837);
#1451=VERTEX_POINT('',#5838);
#1452=VERTEX_POINT('',#5840);
#1453=VERTEX_POINT('',#5873);
#1454=VERTEX_POINT('',#5910);
#1455=VERTEX_POINT('',#5911);
#1456=VERTEX_POINT('',#5988);
#1457=VERTEX_POINT('',#5989);
#1458=VERTEX_POINT('',#6064);
#1459=VERTEX_POINT('',#6065);
#1460=VERTEX_POINT('',#6140);
#1461=VERTEX_POINT('',#6141);
#1462=VERTEX_POINT('',#6216);
#1463=VERTEX_POINT('',#6217);
#1464=VERTEX_POINT('',#6294);
#1465=VERTEX_POINT('',#6295);
#1466=VERTEX_POINT('',#6370);
#1467=VERTEX_POINT('',#6371);
#1468=VERTEX_POINT('',#6448);
#1469=VERTEX_POINT('',#6449);
#1470=VERTEX_POINT('',#6524);
#1471=VERTEX_POINT('',#6525);
#1472=VERTEX_POINT('',#6600);
#1473=VERTEX_POINT('',#6601);
#1474=VERTEX_POINT('',#6676);
#1475=VERTEX_POINT('',#6677);
#1476=VERTEX_POINT('',#6679);
#1477=VERTEX_POINT('',#6710);
#1478=VERTEX_POINT('',#6711);
#1479=VERTEX_POINT('',#6713);
#1480=VERTEX_POINT('',#6715);
#1481=VERTEX_POINT('',#6719);
#1482=VERTEX_POINT('',#6720);
#1483=VERTEX_POINT('',#6722);
#1484=VERTEX_POINT('',#6724);
#1485=VERTEX_POINT('',#6766);
#1486=VERTEX_POINT('',#6798);
#1487=VERTEX_POINT('',#6800);
#1488=VERTEX_POINT('',#6804);
#1489=VERTEX_POINT('',#6806);
#1490=VERTEX_POINT('',#6810);
#1491=VERTEX_POINT('',#6811);
#1492=VERTEX_POINT('',#6813);
#1493=VERTEX_POINT('',#6815);
#1494=VERTEX_POINT('',#6817);
#1495=VERTEX_POINT('',#6822);
#1496=VERTEX_POINT('',#6823);
#1497=VERTEX_POINT('',#6825);
#1498=VERTEX_POINT('',#6828);
#1499=VERTEX_POINT('',#6830);
#1500=VERTEX_POINT('',#6834);
#1501=VERTEX_POINT('',#6835);
#1502=VERTEX_POINT('',#6837);
#1503=VERTEX_POINT('',#6839);
#1504=VERTEX_POINT('',#6843);
#1505=VERTEX_POINT('',#6844);
#1506=VERTEX_POINT('',#6846);
#1507=VERTEX_POINT('',#6848);
#1508=VERTEX_POINT('',#6852);
#1509=VERTEX_POINT('',#6853);
#1510=VERTEX_POINT('',#6855);
#1511=VERTEX_POINT('',#6857);
#1512=VERTEX_POINT('',#6861);
#1513=VERTEX_POINT('',#6862);
#1514=VERTEX_POINT('',#6864);
#1515=VERTEX_POINT('',#6866);
#1516=VERTEX_POINT('',#6870);
#1517=VERTEX_POINT('',#6871);
#1518=VERTEX_POINT('',#6873);
#1519=VERTEX_POINT('',#6875);
#1520=VERTEX_POINT('',#6879);
#1521=VERTEX_POINT('',#6880);
#1522=VERTEX_POINT('',#6882);
#1523=VERTEX_POINT('',#6884);
#1524=VERTEX_POINT('',#6888);
#1525=VERTEX_POINT('',#6889);
#1526=VERTEX_POINT('',#6891);
#1527=VERTEX_POINT('',#6893);
#1528=VERTEX_POINT('',#6897);
#1529=VERTEX_POINT('',#6898);
#1530=VERTEX_POINT('',#6900);
#1531=VERTEX_POINT('',#6902);
#1532=VERTEX_POINT('',#6904);
#1533=VERTEX_POINT('',#6908);
#1534=VERTEX_POINT('',#6909);
#1535=VERTEX_POINT('',#6911);
#1536=VERTEX_POINT('',#6913);
#1537=VERTEX_POINT('',#6917);
#1538=VERTEX_POINT('',#6918);
#1539=VERTEX_POINT('',#6920);
#1540=VERTEX_POINT('',#6922);
#1541=VERTEX_POINT('',#6926);
#1542=VERTEX_POINT('',#6927);
#1543=VERTEX_POINT('',#6929);
#1544=VERTEX_POINT('',#6931);
#1545=VERTEX_POINT('',#6935);
#1546=VERTEX_POINT('',#6936);
#1547=VERTEX_POINT('',#6938);
#1548=VERTEX_POINT('',#6940);
#1549=VERTEX_POINT('',#6942);
#1550=VERTEX_POINT('',#6946);
#1551=VERTEX_POINT('',#6947);
#1552=VERTEX_POINT('',#6949);
#1553=VERTEX_POINT('',#6951);
#1554=VERTEX_POINT('',#6955);
#1555=VERTEX_POINT('',#6956);
#1556=VERTEX_POINT('',#6958);
#1557=VERTEX_POINT('',#6960);
#1558=VERTEX_POINT('',#6964);
#1559=VERTEX_POINT('',#6965);
#1560=VERTEX_POINT('',#6967);
#1561=VERTEX_POINT('',#6969);
#1562=VERTEX_POINT('',#6973);
#1563=VERTEX_POINT('',#6974);
#1564=VERTEX_POINT('',#6976);
#1565=VERTEX_POINT('',#6978);
#1566=VERTEX_POINT('',#6982);
#1567=VERTEX_POINT('',#6983);
#1568=VERTEX_POINT('',#6985);
#1569=VERTEX_POINT('',#6987);
#1570=VERTEX_POINT('',#6991);
#1571=VERTEX_POINT('',#6992);
#1572=VERTEX_POINT('',#6994);
#1573=VERTEX_POINT('',#6996);
#1574=VERTEX_POINT('',#7000);
#1575=VERTEX_POINT('',#7002);
#1576=VERTEX_POINT('',#7009);
#1577=VERTEX_POINT('',#7011);
#1578=VERTEX_POINT('',#7015);
#1579=VERTEX_POINT('',#7016);
#1580=VERTEX_POINT('',#7018);
#1581=VERTEX_POINT('',#7020);
#1582=VERTEX_POINT('',#7024);
#1583=VERTEX_POINT('',#7025);
#1584=VERTEX_POINT('',#7027);
#1585=VERTEX_POINT('',#7029);
#1586=VERTEX_POINT('',#7033);
#1587=VERTEX_POINT('',#7034);
#1588=VERTEX_POINT('',#7036);
#1589=VERTEX_POINT('',#7038);
#1590=VERTEX_POINT('',#7042);
#1591=VERTEX_POINT('',#7043);
#1592=VERTEX_POINT('',#7045);
#1593=VERTEX_POINT('',#7047);
#1594=VERTEX_POINT('',#7051);
#1595=VERTEX_POINT('',#7052);
#1596=VERTEX_POINT('',#7054);
#1597=VERTEX_POINT('',#7056);
#1598=VERTEX_POINT('',#7060);
#1599=VERTEX_POINT('',#7061);
#1600=VERTEX_POINT('',#7063);
#1601=VERTEX_POINT('',#7065);
#1602=VERTEX_POINT('',#7069);
#1603=VERTEX_POINT('',#7070);
#1604=VERTEX_POINT('',#7072);
#1605=VERTEX_POINT('',#7074);
#1606=VERTEX_POINT('',#7076);
#1607=VERTEX_POINT('',#7080);
#1608=VERTEX_POINT('',#7081);
#1609=VERTEX_POINT('',#7083);
#1610=VERTEX_POINT('',#7085);
#1611=VERTEX_POINT('',#7089);
#1612=VERTEX_POINT('',#7090);
#1613=VERTEX_POINT('',#7092);
#1614=VERTEX_POINT('',#7094);
#1615=VERTEX_POINT('',#7098);
#1616=VERTEX_POINT('',#7099);
#1617=VERTEX_POINT('',#7101);
#1618=VERTEX_POINT('',#7103);
#1619=VERTEX_POINT('',#7107);
#1620=VERTEX_POINT('',#7108);
#1621=VERTEX_POINT('',#7110);
#1622=VERTEX_POINT('',#7112);
#1623=VERTEX_POINT('',#7114);
#1624=VERTEX_POINT('',#7118);
#1625=VERTEX_POINT('',#7119);
#1626=VERTEX_POINT('',#7121);
#1627=VERTEX_POINT('',#7123);
#1628=VERTEX_POINT('',#7127);
#1629=VERTEX_POINT('',#7128);
#1630=VERTEX_POINT('',#7130);
#1631=VERTEX_POINT('',#7132);
#1632=VERTEX_POINT('',#7136);
#1633=VERTEX_POINT('',#7137);
#1634=VERTEX_POINT('',#7139);
#1635=VERTEX_POINT('',#7141);
#1636=VERTEX_POINT('',#7145);
#1637=VERTEX_POINT('',#7146);
#1638=VERTEX_POINT('',#7148);
#1639=VERTEX_POINT('',#7150);
#1640=VERTEX_POINT('',#7154);
#1641=VERTEX_POINT('',#7155);
#1642=VERTEX_POINT('',#7157);
#1643=VERTEX_POINT('',#7159);
#1644=VERTEX_POINT('',#7163);
#1645=VERTEX_POINT('',#7164);
#1646=VERTEX_POINT('',#7166);
#1647=VERTEX_POINT('',#7168);
#1648=VERTEX_POINT('',#7172);
#1649=VERTEX_POINT('',#7174);
#1650=VERTEX_POINT('',#7176);
#1651=VERTEX_POINT('',#7185);
#1652=VERTEX_POINT('',#7186);
#1653=VERTEX_POINT('',#7188);
#1654=VERTEX_POINT('',#7201);
#1655=VERTEX_POINT('',#7205);
#1656=VERTEX_POINT('',#7207);
#1657=VERTEX_POINT('',#7209);
#1658=VERTEX_POINT('',#7219);
#1659=VERTEX_POINT('',#7226);
#1660=VERTEX_POINT('',#7228);
#1661=VERTEX_POINT('',#7236);
#1662=VERTEX_POINT('',#7238);
#1663=VERTEX_POINT('',#7247);
#1664=VERTEX_POINT('',#7256);
#1665=VERTEX_POINT('',#7257);
#1666=VERTEX_POINT('',#7259);
#1667=VERTEX_POINT('',#7261);
#1668=VERTEX_POINT('',#7264);
#1669=VERTEX_POINT('',#7265);
#1670=VERTEX_POINT('',#7267);
#1671=VERTEX_POINT('',#7269);
#1672=VERTEX_POINT('',#7273);
#1673=VERTEX_POINT('',#7274);
#1674=VERTEX_POINT('',#7279);
#1675=VERTEX_POINT('',#7281);
#1676=VERTEX_POINT('',#7286);
#1677=VERTEX_POINT('',#7287);
#1678=VERTEX_POINT('',#7292);
#1679=VERTEX_POINT('',#7294);
#1680=VERTEX_POINT('',#7307);
#1681=VERTEX_POINT('',#7309);
#1682=VERTEX_POINT('',#7315);
#1683=VERTEX_POINT('',#7326);
#1684=VERTEX_POINT('',#7342);
#1685=VERTEX_POINT('',#7359);
#1686=VERTEX_POINT('',#7361);
#1687=VERTEX_POINT('',#7419);
#1688=VERTEX_POINT('',#7452);
#1689=VERTEX_POINT('',#7456);
#1690=VERTEX_POINT('',#7501);
#1691=VERTEX_POINT('',#7503);
#1692=VERTEX_POINT('',#7555);
#1693=VERTEX_POINT('',#7557);
#1694=VERTEX_POINT('',#9326);
#1695=VERTEX_POINT('',#9327);
#1696=VERTEX_POINT('',#9329);
#1697=VERTEX_POINT('',#9337);
#1698=VERTEX_POINT('',#9343);
#1699=VERTEX_POINT('',#9344);
#1700=VERTEX_POINT('',#9373);
#1701=VERTEX_POINT('',#9374);
#1702=VERTEX_POINT('',#9403);
#1703=VERTEX_POINT('',#9404);
#1704=VERTEX_POINT('',#9433);
#1705=VERTEX_POINT('',#9434);
#1706=VERTEX_POINT('',#9463);
#1707=VERTEX_POINT('',#9464);
#1708=VERTEX_POINT('',#9493);
#1709=VERTEX_POINT('',#9494);
#1710=VERTEX_POINT('',#9523);
#1711=VERTEX_POINT('',#9524);
#1712=VERTEX_POINT('',#9553);
#1713=VERTEX_POINT('',#9554);
#1714=VERTEX_POINT('',#9583);
#1715=VERTEX_POINT('',#9584);
#1716=VERTEX_POINT('',#9613);
#1717=VERTEX_POINT('',#9614);
#1718=VERTEX_POINT('',#9643);
#1719=VERTEX_POINT('',#9644);
#1720=VERTEX_POINT('',#9673);
#1721=VERTEX_POINT('',#9674);
#1722=VERTEX_POINT('',#9703);
#1723=VERTEX_POINT('',#9704);
#1724=VERTEX_POINT('',#9733);
#1725=VERTEX_POINT('',#9734);
#1726=VERTEX_POINT('',#9736);
#1727=VERTEX_POINT('',#9759);
#1728=VERTEX_POINT('',#9760);
#1729=VERTEX_POINT('',#9799);
#1730=VERTEX_POINT('',#9822);
#1731=VERTEX_POINT('',#9823);
#1732=VERTEX_POINT('',#9900);
#1733=VERTEX_POINT('',#9901);
#1734=VERTEX_POINT('',#9978);
#1735=VERTEX_POINT('',#9979);
#1736=VERTEX_POINT('',#10054);
#1737=VERTEX_POINT('',#10055);
#1738=VERTEX_POINT('',#10130);
#1739=VERTEX_POINT('',#10131);
#1740=VERTEX_POINT('',#10206);
#1741=VERTEX_POINT('',#10207);
#1742=VERTEX_POINT('',#10282);
#1743=VERTEX_POINT('',#10283);
#1744=VERTEX_POINT('',#10362);
#1745=VERTEX_POINT('',#10363);
#1746=VERTEX_POINT('',#10438);
#1747=VERTEX_POINT('',#10439);
#1748=VERTEX_POINT('',#10514);
#1749=VERTEX_POINT('',#10515);
#1750=VERTEX_POINT('',#10590);
#1751=VERTEX_POINT('',#10591);
#1752=VERTEX_POINT('',#10666);
#1753=VERTEX_POINT('',#10667);
#1754=VERTEX_POINT('',#10742);
#1755=VERTEX_POINT('',#10744);
#1756=VERTEX_POINT('',#10748);
#1757=VERTEX_POINT('',#10750);
#1758=VERTEX_POINT('',#10754);
#1759=VERTEX_POINT('',#10756);
#1760=VERTEX_POINT('',#10760);
#1761=VERTEX_POINT('',#10762);
#1762=VERTEX_POINT('',#10766);
#1763=VERTEX_POINT('',#10768);
#1764=VERTEX_POINT('',#10772);
#1765=VERTEX_POINT('',#10803);
#1766=VERTEX_POINT('',#11210);
#1767=VERTEX_POINT('',#11220);
#1768=VERTEX_POINT('',#11579);
#1769=VERTEX_POINT('',#11582);
#1770=VERTEX_POINT('',#11586);
#1771=VERTEX_POINT('',#11587);
#1772=VERTEX_POINT('',#11589);
#1773=VERTEX_POINT('',#11591);
#1774=VERTEX_POINT('',#11595);
#1775=VERTEX_POINT('',#11597);
#1776=VERTEX_POINT('',#11601);
#1777=VERTEX_POINT('',#11603);
#1778=VERTEX_POINT('',#11611);
#1779=VERTEX_POINT('',#11613);
#1780=VERTEX_POINT('',#11617);
#1781=VERTEX_POINT('',#11619);
#1782=VERTEX_POINT('',#11623);
#1783=VERTEX_POINT('',#11625);
#1784=VERTEX_POINT('',#11629);
#1785=VERTEX_POINT('',#11631);
#1786=VERTEX_POINT('',#11635);
#1787=VERTEX_POINT('',#11637);
#1788=VERTEX_POINT('',#11641);
#1789=VERTEX_POINT('',#11643);
#1790=VERTEX_POINT('',#11647);
#1791=VERTEX_POINT('',#11649);
#1792=VERTEX_POINT('',#11653);
#1793=VERTEX_POINT('',#11655);
#1794=VERTEX_POINT('',#11659);
#1795=VERTEX_POINT('',#11660);
#1796=VERTEX_POINT('',#11662);
#1797=VERTEX_POINT('',#11664);
#1798=VERTEX_POINT('',#11668);
#1799=VERTEX_POINT('',#11670);
#1800=VERTEX_POINT('',#11674);
#1801=VERTEX_POINT('',#11676);
#1802=EDGE_CURVE('',#1418,#1419,#928,.T.);
#1803=EDGE_CURVE('',#1419,#1420,#870,.T.);
#1804=EDGE_CURVE('',#1420,#1421,#929,.T.);
#1805=EDGE_CURVE('',#1422,#1421,#654,.T.);
#1806=EDGE_CURVE('',#1422,#1423,#930,.T.);
#1807=EDGE_CURVE('',#1423,#1424,#655,.T.);
#1808=EDGE_CURVE('',#1424,#1425,#931,.T.);
#1809=EDGE_CURVE('',#1418,#1425,#871,.T.);
#1810=EDGE_CURVE('',#1426,#1427,#932,.T.);
#1811=EDGE_CURVE('',#1427,#1419,#872,.T.);
#1812=EDGE_CURVE('',#1426,#1418,#873,.T.);
#1813=EDGE_CURVE('',#1428,#1429,#933,.T.);
#1814=EDGE_CURVE('',#1429,#1427,#874,.T.);
#1815=EDGE_CURVE('',#1428,#1426,#875,.T.);
#1816=EDGE_CURVE('',#1430,#1431,#934,.T.);
#1817=EDGE_CURVE('',#1431,#1429,#876,.T.);
#1818=EDGE_CURVE('',#1430,#1428,#877,.T.);
#1819=EDGE_CURVE('',#1432,#1433,#935,.T.);
#1820=EDGE_CURVE('',#1433,#1431,#878,.T.);
#1821=EDGE_CURVE('',#1432,#1430,#879,.T.);
#1822=EDGE_CURVE('',#1434,#1435,#936,.T.);
#1823=EDGE_CURVE('',#1435,#1433,#880,.T.);
#1824=EDGE_CURVE('',#1434,#1432,#881,.T.);
#1825=EDGE_CURVE('',#1436,#1437,#937,.T.);
#1826=EDGE_CURVE('',#1437,#1435,#882,.T.);
#1827=EDGE_CURVE('',#1436,#1434,#883,.T.);
#1828=EDGE_CURVE('',#1438,#1439,#938,.T.);
#1829=EDGE_CURVE('',#1439,#1437,#884,.T.);
#1830=EDGE_CURVE('',#1438,#1436,#885,.T.);
#1831=EDGE_CURVE('',#1440,#1441,#939,.T.);
#1832=EDGE_CURVE('',#1441,#1439,#886,.T.);
#1833=EDGE_CURVE('',#1440,#1438,#887,.T.);
#1834=EDGE_CURVE('',#1442,#1443,#940,.T.);
#1835=EDGE_CURVE('',#1443,#1441,#888,.T.);
#1836=EDGE_CURVE('',#1442,#1440,#889,.T.);
#1837=EDGE_CURVE('',#1444,#1445,#941,.T.);
#1838=EDGE_CURVE('',#1445,#1443,#890,.T.);
#1839=EDGE_CURVE('',#1444,#1442,#891,.T.);
#1840=EDGE_CURVE('',#1446,#1447,#942,.T.);
#1841=EDGE_CURVE('',#1448,#1446,#892,.T.);
#1842=EDGE_CURVE('',#1449,#1448,#943,.T.);
#1843=EDGE_CURVE('',#1449,#1447,#893,.T.);
#1844=EDGE_CURVE('',#1450,#1451,#944,.T.);
#1845=EDGE_CURVE('',#1451,#1452,#131,.T.);
#1846=EDGE_CURVE('',#1453,#1452,#656,.T.);
#1847=EDGE_CURVE('',#1450,#1453,#132,.F.);
#1848=EDGE_CURVE('',#1454,#1455,#945,.T.);
#1849=EDGE_CURVE('',#1455,#1451,#133,.T.);
#1850=EDGE_CURVE('',#1454,#1450,#134,.F.);
#1851=EDGE_CURVE('',#1456,#1457,#946,.T.);
#1852=EDGE_CURVE('',#1457,#1455,#135,.T.);
#1853=EDGE_CURVE('',#1456,#1454,#136,.F.);
#1854=EDGE_CURVE('',#1458,#1459,#947,.T.);
#1855=EDGE_CURVE('',#1459,#1457,#137,.T.);
#1856=EDGE_CURVE('',#1458,#1456,#138,.F.);
#1857=EDGE_CURVE('',#1460,#1461,#948,.T.);
#1858=EDGE_CURVE('',#1461,#1459,#139,.T.);
#1859=EDGE_CURVE('',#1460,#1458,#140,.F.);
#1860=EDGE_CURVE('',#1462,#1463,#949,.T.);
#1861=EDGE_CURVE('',#1463,#1461,#141,.T.);
#1862=EDGE_CURVE('',#1462,#1460,#142,.F.);
#1863=EDGE_CURVE('',#1464,#1465,#950,.T.);
#1864=EDGE_CURVE('',#1465,#1463,#143,.T.);
#1865=EDGE_CURVE('',#1464,#1462,#144,.F.);
#1866=EDGE_CURVE('',#1466,#1467,#951,.T.);
#1867=EDGE_CURVE('',#1467,#1465,#145,.T.);
#1868=EDGE_CURVE('',#1466,#1464,#146,.F.);
#1869=EDGE_CURVE('',#1468,#1469,#952,.T.);
#1870=EDGE_CURVE('',#1469,#1467,#147,.T.);
#1871=EDGE_CURVE('',#1468,#1466,#148,.F.);
#1872=EDGE_CURVE('',#1470,#1471,#953,.T.);
#1873=EDGE_CURVE('',#1471,#1469,#149,.T.);
#1874=EDGE_CURVE('',#1470,#1468,#150,.F.);
#1875=EDGE_CURVE('',#1472,#1473,#954,.T.);
#1876=EDGE_CURVE('',#1473,#1471,#151,.T.);
#1877=EDGE_CURVE('',#1472,#1470,#152,.F.);
#1878=EDGE_CURVE('',#1474,#1475,#955,.T.);
#1879=EDGE_CURVE('',#1474,#1476,#657,.T.);
#1880=EDGE_CURVE('',#1476,#1475,#153,.T.);
#1881=EDGE_CURVE('',#1477,#1478,#658,.T.);
#1882=EDGE_CURVE('',#1479,#1478,#956,.T.);
#1883=EDGE_CURVE('',#1480,#1479,#659,.T.);
#1884=EDGE_CURVE('',#1477,#1480,#957,.T.);
#1885=EDGE_CURVE('',#1481,#1482,#660,.T.);
#1886=EDGE_CURVE('',#1483,#1482,#958,.T.);
#1887=EDGE_CURVE('',#1484,#1483,#661,.T.);
#1888=EDGE_CURVE('',#1481,#1484,#959,.T.);
#1889=EDGE_CURVE('',#1475,#1473,#154,.T.);
#1890=EDGE_CURVE('',#1485,#1472,#155,.F.);
#1891=EDGE_CURVE('',#1476,#1485,#960,.T.);
#1892=EDGE_CURVE('',#1476,#1474,#662,.T.);
#1893=EDGE_CURVE('',#1486,#1486,#663,.T.);
#1894=EDGE_CURVE('',#1486,#1487,#961,.T.);
#1895=EDGE_CURVE('',#1487,#1487,#664,.T.);
#1896=EDGE_CURVE('',#1488,#1488,#665,.T.);
#1897=EDGE_CURVE('',#1488,#1489,#962,.T.);
#1898=EDGE_CURVE('',#1489,#1489,#666,.T.);
#1899=EDGE_CURVE('',#1490,#1491,#963,.T.);
#1900=EDGE_CURVE('',#1492,#1490,#667,.T.);
#1901=EDGE_CURVE('',#1493,#1492,#964,.T.);
#1902=EDGE_CURVE('',#1493,#1494,#965,.T.);
#1903=EDGE_CURVE('',#1494,#1494,#668,.T.);
#1904=EDGE_CURVE('',#1491,#1493,#669,.T.);
#1905=EDGE_CURVE('',#1495,#1496,#670,.T.);
#1906=EDGE_CURVE('',#1496,#1497,#966,.T.);
#1907=EDGE_CURVE('',#1497,#1497,#671,.T.);
#1908=EDGE_CURVE('',#1498,#1496,#967,.T.);
#1909=EDGE_CURVE('',#1499,#1498,#672,.T.);
#1910=EDGE_CURVE('',#1495,#1499,#968,.T.);
#1911=EDGE_CURVE('',#1500,#1501,#673,.T.);
#1912=EDGE_CURVE('',#1501,#1502,#969,.T.);
#1913=EDGE_CURVE('',#1503,#1502,#674,.T.);
#1914=EDGE_CURVE('',#1503,#1500,#970,.T.);
#1915=EDGE_CURVE('',#1504,#1505,#675,.T.);
#1916=EDGE_CURVE('',#1504,#1506,#971,.T.);
#1917=EDGE_CURVE('',#1506,#1507,#676,.T.);
#1918=EDGE_CURVE('',#1507,#1505,#972,.T.);
#1919=EDGE_CURVE('',#1508,#1509,#677,.T.);
#1920=EDGE_CURVE('',#1508,#1510,#973,.T.);
#1921=EDGE_CURVE('',#1510,#1511,#678,.T.);
#1922=EDGE_CURVE('',#1511,#1509,#974,.T.);
#1923=EDGE_CURVE('',#1512,#1513,#679,.T.);
#1924=EDGE_CURVE('',#1512,#1514,#975,.T.);
#1925=EDGE_CURVE('',#1514,#1515,#680,.T.);
#1926=EDGE_CURVE('',#1515,#1513,#976,.T.);
#1927=EDGE_CURVE('',#1516,#1517,#681,.T.);
#1928=EDGE_CURVE('',#1516,#1518,#977,.T.);
#1929=EDGE_CURVE('',#1518,#1519,#682,.T.);
#1930=EDGE_CURVE('',#1519,#1517,#978,.T.);
#1931=EDGE_CURVE('',#1520,#1521,#683,.T.);
#1932=EDGE_CURVE('',#1520,#1522,#979,.T.);
#1933=EDGE_CURVE('',#1522,#1523,#684,.T.);
#1934=EDGE_CURVE('',#1523,#1521,#980,.T.);
#1935=EDGE_CURVE('',#1524,#1525,#685,.T.);
#1936=EDGE_CURVE('',#1524,#1526,#981,.T.);
#1937=EDGE_CURVE('',#1526,#1527,#686,.T.);
#1938=EDGE_CURVE('',#1527,#1525,#982,.T.);
#1939=EDGE_CURVE('',#1528,#1529,#687,.T.);
#1940=EDGE_CURVE('',#1528,#1530,#983,.T.);
#1941=EDGE_CURVE('',#1530,#1531,#688,.T.);
#1942=EDGE_CURVE('',#1531,#1532,#689,.T.);
#1943=EDGE_CURVE('',#1532,#1529,#984,.T.);
#1944=EDGE_CURVE('',#1533,#1534,#690,.T.);
#1945=EDGE_CURVE('',#1533,#1535,#985,.T.);
#1946=EDGE_CURVE('',#1535,#1536,#691,.T.);
#1947=EDGE_CURVE('',#1536,#1534,#986,.T.);
#1948=EDGE_CURVE('',#1537,#1538,#692,.T.);
#1949=EDGE_CURVE('',#1537,#1539,#987,.T.);
#1950=EDGE_CURVE('',#1539,#1540,#693,.T.);
#1951=EDGE_CURVE('',#1540,#1538,#988,.T.);
#1952=EDGE_CURVE('',#1541,#1542,#694,.T.);
#1953=EDGE_CURVE('',#1541,#1543,#989,.T.);
#1954=EDGE_CURVE('',#1543,#1544,#695,.T.);
#1955=EDGE_CURVE('',#1544,#1542,#990,.T.);
#1956=EDGE_CURVE('',#1545,#1546,#696,.T.);
#1957=EDGE_CURVE('',#1545,#1547,#991,.T.);
#1958=EDGE_CURVE('',#1547,#1548,#697,.T.);
#1959=EDGE_CURVE('',#1548,#1549,#698,.T.);
#1960=EDGE_CURVE('',#1549,#1546,#992,.T.);
#1961=EDGE_CURVE('',#1550,#1551,#699,.T.);
#1962=EDGE_CURVE('',#1550,#1552,#993,.T.);
#1963=EDGE_CURVE('',#1552,#1553,#700,.T.);
#1964=EDGE_CURVE('',#1553,#1551,#994,.T.);
#1965=EDGE_CURVE('',#1554,#1555,#701,.T.);
#1966=EDGE_CURVE('',#1554,#1556,#995,.T.);
#1967=EDGE_CURVE('',#1556,#1557,#702,.T.);
#1968=EDGE_CURVE('',#1557,#1555,#996,.T.);
#1969=EDGE_CURVE('',#1558,#1559,#703,.T.);
#1970=EDGE_CURVE('',#1558,#1560,#997,.T.);
#1971=EDGE_CURVE('',#1560,#1561,#704,.T.);
#1972=EDGE_CURVE('',#1561,#1559,#998,.T.);
#1973=EDGE_CURVE('',#1562,#1563,#705,.T.);
#1974=EDGE_CURVE('',#1562,#1564,#999,.T.);
#1975=EDGE_CURVE('',#1564,#1565,#706,.T.);
#1976=EDGE_CURVE('',#1565,#1563,#1000,.T.);
#1977=EDGE_CURVE('',#1566,#1567,#707,.T.);
#1978=EDGE_CURVE('',#1566,#1568,#1001,.T.);
#1979=EDGE_CURVE('',#1568,#1569,#708,.T.);
#1980=EDGE_CURVE('',#1569,#1567,#1002,.T.);
#1981=EDGE_CURVE('',#1570,#1571,#709,.T.);
#1982=EDGE_CURVE('',#1570,#1572,#1003,.T.);
#1983=EDGE_CURVE('',#1572,#1573,#710,.T.);
#1984=EDGE_CURVE('',#1573,#1571,#1004,.T.);
#1985=EDGE_CURVE('',#1574,#1480,#711,.T.);
#1986=EDGE_CURVE('',#1574,#1575,#1005,.T.);
#1987=EDGE_CURVE('',#1575,#1477,#712,.T.);
#1988=EDGE_CURVE('',#1479,#1484,#713,.T.);
#1989=EDGE_CURVE('',#1478,#1481,#714,.T.);
#1990=EDGE_CURVE('',#1483,#1576,#715,.T.);
#1991=EDGE_CURVE('',#1482,#1577,#716,.T.);
#1992=EDGE_CURVE('',#1577,#1576,#1006,.T.);
#1993=EDGE_CURVE('',#1578,#1579,#717,.T.);
#1994=EDGE_CURVE('',#1578,#1580,#1007,.T.);
#1995=EDGE_CURVE('',#1580,#1581,#718,.T.);
#1996=EDGE_CURVE('',#1581,#1579,#1008,.T.);
#1997=EDGE_CURVE('',#1582,#1583,#719,.T.);
#1998=EDGE_CURVE('',#1582,#1584,#1009,.T.);
#1999=EDGE_CURVE('',#1584,#1585,#720,.T.);
#2000=EDGE_CURVE('',#1585,#1583,#1010,.T.);
#2001=EDGE_CURVE('',#1586,#1587,#721,.T.);
#2002=EDGE_CURVE('',#1586,#1588,#1011,.T.);
#2003=EDGE_CURVE('',#1588,#1589,#722,.T.);
#2004=EDGE_CURVE('',#1589,#1587,#1012,.T.);
#2005=EDGE_CURVE('',#1590,#1591,#723,.T.);
#2006=EDGE_CURVE('',#1590,#1592,#1013,.T.);
#2007=EDGE_CURVE('',#1592,#1593,#724,.T.);
#2008=EDGE_CURVE('',#1593,#1591,#1014,.T.);
#2009=EDGE_CURVE('',#1594,#1595,#725,.T.);
#2010=EDGE_CURVE('',#1594,#1596,#1015,.T.);
#2011=EDGE_CURVE('',#1596,#1597,#726,.T.);
#2012=EDGE_CURVE('',#1597,#1595,#1016,.T.);
#2013=EDGE_CURVE('',#1598,#1599,#727,.T.);
#2014=EDGE_CURVE('',#1598,#1600,#1017,.T.);
#2015=EDGE_CURVE('',#1600,#1601,#728,.T.);
#2016=EDGE_CURVE('',#1601,#1599,#1018,.T.);
#2017=EDGE_CURVE('',#1602,#1603,#729,.T.);
#2018=EDGE_CURVE('',#1602,#1604,#1019,.T.);
#2019=EDGE_CURVE('',#1604,#1605,#730,.T.);
#2020=EDGE_CURVE('',#1605,#1606,#731,.T.);
#2021=EDGE_CURVE('',#1606,#1603,#1020,.T.);
#2022=EDGE_CURVE('',#1607,#1608,#732,.T.);
#2023=EDGE_CURVE('',#1607,#1609,#1021,.T.);
#2024=EDGE_CURVE('',#1609,#1610,#733,.T.);
#2025=EDGE_CURVE('',#1610,#1608,#1022,.T.);
#2026=EDGE_CURVE('',#1611,#1612,#734,.T.);
#2027=EDGE_CURVE('',#1611,#1613,#1023,.T.);
#2028=EDGE_CURVE('',#1613,#1614,#735,.T.);
#2029=EDGE_CURVE('',#1614,#1612,#1024,.T.);
#2030=EDGE_CURVE('',#1615,#1616,#736,.T.);
#2031=EDGE_CURVE('',#1615,#1617,#1025,.T.);
#2032=EDGE_CURVE('',#1617,#1618,#737,.T.);
#2033=EDGE_CURVE('',#1618,#1616,#1026,.T.);
#2034=EDGE_CURVE('',#1619,#1620,#738,.T.);
#2035=EDGE_CURVE('',#1619,#1621,#1027,.T.);
#2036=EDGE_CURVE('',#1621,#1622,#739,.T.);
#2037=EDGE_CURVE('',#1622,#1623,#740,.T.);
#2038=EDGE_CURVE('',#1623,#1620,#1028,.T.);
#2039=EDGE_CURVE('',#1624,#1625,#741,.T.);
#2040=EDGE_CURVE('',#1624,#1626,#1029,.T.);
#2041=EDGE_CURVE('',#1626,#1627,#742,.T.);
#2042=EDGE_CURVE('',#1627,#1625,#1030,.T.);
#2043=EDGE_CURVE('',#1628,#1629,#743,.T.);
#2044=EDGE_CURVE('',#1628,#1630,#1031,.T.);
#2045=EDGE_CURVE('',#1630,#1631,#744,.T.);
#2046=EDGE_CURVE('',#1631,#1629,#1032,.T.);
#2047=EDGE_CURVE('',#1632,#1633,#745,.T.);
#2048=EDGE_CURVE('',#1632,#1634,#1033,.T.);
#2049=EDGE_CURVE('',#1634,#1635,#746,.T.);
#2050=EDGE_CURVE('',#1635,#1633,#1034,.T.);
#2051=EDGE_CURVE('',#1636,#1637,#747,.T.);
#2052=EDGE_CURVE('',#1636,#1638,#1035,.T.);
#2053=EDGE_CURVE('',#1638,#1639,#748,.T.);
#2054=EDGE_CURVE('',#1639,#1637,#1036,.T.);
#2055=EDGE_CURVE('',#1640,#1641,#749,.T.);
#2056=EDGE_CURVE('',#1640,#1642,#1037,.T.);
#2057=EDGE_CURVE('',#1642,#1643,#750,.T.);
#2058=EDGE_CURVE('',#1643,#1641,#1038,.T.);
#2059=EDGE_CURVE('',#1644,#1645,#751,.T.);
#2060=EDGE_CURVE('',#1644,#1646,#1039,.T.);
#2061=EDGE_CURVE('',#1646,#1647,#752,.T.);
#2062=EDGE_CURVE('',#1647,#1645,#1040,.T.);
#2063=EDGE_CURVE('',#1452,#1648,#753,.T.);
#2064=EDGE_CURVE('',#1649,#1648,#1041,.T.);
#2065=EDGE_CURVE('',#1650,#1649,#1042,.T.);
#2066=EDGE_CURVE('',#1650,#1453,#156,.T.);
#2067=EDGE_CURVE('',#1651,#1652,#1043,.T.);
#2068=EDGE_CURVE('',#1651,#1653,#157,.T.);
#2069=EDGE_CURVE('',#1652,#1653,#1044,.T.);
#2070=EDGE_CURVE('',#1422,#1654,#1045,.T.);
#2071=EDGE_CURVE('',#1654,#1421,#1046,.T.);
#2072=EDGE_CURVE('',#1655,#1584,#754,.T.);
#2073=EDGE_CURVE('',#1655,#1656,#1047,.T.);
#2074=EDGE_CURVE('',#1656,#1657,#1048,.T.);
#2075=EDGE_CURVE('',#1601,#1657,#755,.T.);
#2076=EDGE_CURVE('',#1597,#1600,#756,.T.);
#2077=EDGE_CURVE('',#1593,#1596,#757,.T.);
#2078=EDGE_CURVE('',#1589,#1592,#758,.T.);
#2079=EDGE_CURVE('',#1585,#1588,#759,.T.);
#2080=EDGE_CURVE('',#1606,#1609,#760,.T.);
#2081=EDGE_CURVE('',#1605,#1499,#1049,.T.);
#2082=EDGE_CURVE('',#1498,#1658,#1050,.T.);
#2083=EDGE_CURVE('',#1618,#1658,#761,.T.);
#2084=EDGE_CURVE('',#1614,#1617,#762,.T.);
#2085=EDGE_CURVE('',#1610,#1613,#763,.T.);
#2086=EDGE_CURVE('',#1623,#1626,#764,.T.);
#2087=EDGE_CURVE('',#1622,#1659,#1051,.T.);
#2088=EDGE_CURVE('',#1659,#1660,#1052,.T.);
#2089=EDGE_CURVE('',#1643,#1660,#765,.T.);
#2090=EDGE_CURVE('',#1639,#1642,#766,.T.);
#2091=EDGE_CURVE('',#1635,#1638,#767,.T.);
#2092=EDGE_CURVE('',#1631,#1634,#768,.T.);
#2093=EDGE_CURVE('',#1627,#1630,#769,.T.);
#2094=EDGE_CURVE('',#1661,#1510,#770,.T.);
#2095=EDGE_CURVE('',#1661,#1662,#1053,.T.);
#2096=EDGE_CURVE('',#1662,#1531,#1054,.T.);
#2097=EDGE_CURVE('',#1527,#1530,#771,.T.);
#2098=EDGE_CURVE('',#1523,#1526,#772,.T.);
#2099=EDGE_CURVE('',#1519,#1522,#773,.T.);
#2100=EDGE_CURVE('',#1515,#1518,#774,.T.);
#2101=EDGE_CURVE('',#1511,#1514,#775,.T.);
#2102=EDGE_CURVE('',#1663,#1535,#776,.T.);
#2103=EDGE_CURVE('',#1663,#1492,#1055,.T.);
#2104=EDGE_CURVE('',#1490,#1548,#1056,.T.);
#2105=EDGE_CURVE('',#1544,#1547,#777,.T.);
#2106=EDGE_CURVE('',#1540,#1543,#778,.T.);
#2107=EDGE_CURVE('',#1536,#1539,#779,.T.);
#2108=EDGE_CURVE('',#1664,#1665,#1057,.T.);
#2109=EDGE_CURVE('',#1666,#1664,#1058,.T.);
#2110=EDGE_CURVE('',#1667,#1666,#1059,.T.);
#2111=EDGE_CURVE('',#1665,#1667,#1060,.T.);
#2112=EDGE_CURVE('',#1668,#1669,#1061,.T.);
#2113=EDGE_CURVE('',#1669,#1670,#1062,.T.);
#2114=EDGE_CURVE('',#1670,#1671,#1063,.T.);
#2115=EDGE_CURVE('',#1671,#1668,#1064,.T.);
#2116=EDGE_CURVE('',#1672,#1673,#1065,.T.);
#2117=EDGE_CURVE('',#1672,#1495,#1066,.T.);
#2118=EDGE_CURVE('',#1673,#1605,#1067,.T.);
#2119=EDGE_CURVE('',#1496,#1674,#1068,.T.);
#2120=EDGE_CURVE('',#1675,#1674,#1069,.T.);
#2121=EDGE_CURVE('',#1658,#1675,#1070,.T.);
#2122=EDGE_CURVE('',#1676,#1677,#1071,.T.);
#2123=EDGE_CURVE('',#1493,#1676,#1072,.T.);
#2124=EDGE_CURVE('',#1677,#1663,#1073,.T.);
#2125=EDGE_CURVE('',#1678,#1491,#1074,.T.);
#2126=EDGE_CURVE('',#1679,#1678,#1075,.T.);
#2127=EDGE_CURVE('',#1548,#1679,#1076,.T.);
#2128=EDGE_CURVE('',#1675,#1622,#1077,.T.);
#2129=EDGE_CURVE('',#1674,#1672,#1078,.T.);
#2130=EDGE_CURVE('',#1657,#1673,#1079,.T.);
#2131=EDGE_CURVE('',#1656,#1666,#1080,.T.);
#2132=EDGE_CURVE('',#1659,#1664,#1081,.T.);
#2133=EDGE_CURVE('',#1662,#1665,#1082,.T.);
#2134=EDGE_CURVE('',#1660,#1661,#1083,.T.);
#2135=EDGE_CURVE('',#1680,#1667,#1084,.T.);
#2136=EDGE_CURVE('',#1681,#1680,#1085,.T.);
#2137=EDGE_CURVE('',#1679,#1681,#1086,.T.);
#2138=EDGE_CURVE('',#1676,#1678,#1087,.T.);
#2139=EDGE_CURVE('',#1531,#1677,#1088,.T.);
#2140=EDGE_CURVE('',#1682,#1655,#1089,.T.);
#2141=EDGE_CURVE('',#1680,#1682,#1090,.T.);
#2142=EDGE_CURVE('',#1681,#1552,#780,.T.);
#2143=EDGE_CURVE('',#1569,#1682,#781,.T.);
#2144=EDGE_CURVE('',#1565,#1568,#782,.T.);
#2145=EDGE_CURVE('',#1561,#1564,#783,.T.);
#2146=EDGE_CURVE('',#1557,#1560,#784,.T.);
#2147=EDGE_CURVE('',#1553,#1556,#785,.T.);
#2148=EDGE_CURVE('',#1651,#1683,#158,.T.);
#2149=EDGE_CURVE('',#1652,#1669,#1091,.T.);
#2150=EDGE_CURVE('',#1649,#1668,#1092,.T.);
#2151=EDGE_CURVE('',#1684,#1648,#159,.T.);
#2152=EDGE_CURVE('',#1685,#1684,#1093,.T.);
#2153=EDGE_CURVE('',#1686,#1685,#160,.T.);
#2154=EDGE_CURVE('',#1683,#1686,#1094,.T.);
#2155=EDGE_CURVE('',#1654,#1670,#1095,.T.);
#2156=EDGE_CURVE('',#1425,#1653,#1096,.T.);
#2157=EDGE_CURVE('',#1423,#1424,#161,.T.);
#2158=EDGE_CURVE('',#1687,#1420,#162,.T.);
#2159=EDGE_CURVE('',#1687,#1688,#1097,.T.);
#2160=EDGE_CURVE('',#1688,#1671,#1098,.T.);
#2161=EDGE_CURVE('',#1650,#1689,#163,.F.);
#2162=EDGE_CURVE('',#1688,#1689,#1099,.T.);
#2163=EDGE_CURVE('',#1687,#1689,#164,.T.);
#2164=EDGE_CURVE('',#1658,#1621,#786,.T.);
#2165=EDGE_CURVE('',#1501,#1506,#787,.T.);
#2166=EDGE_CURVE('',#1690,#1500,#788,.T.);
#2167=EDGE_CURVE('',#1691,#1690,#789,.T.);
#2168=EDGE_CURVE('',#1647,#1691,#790,.T.);
#2169=EDGE_CURVE('',#1660,#1646,#791,.T.);
#2170=EDGE_CURVE('',#1507,#1661,#792,.T.);
#2171=EDGE_CURVE('',#1532,#1663,#793,.T.);
#2172=EDGE_CURVE('',#1549,#1681,#794,.T.);
#2173=EDGE_CURVE('',#1682,#1572,#795,.T.);
#2174=EDGE_CURVE('',#1581,#1655,#796,.T.);
#2175=EDGE_CURVE('',#1577,#1580,#797,.T.);
#2176=EDGE_CURVE('',#1573,#1575,#798,.T.);
#2177=EDGE_CURVE('',#1657,#1604,#799,.T.);
#2178=EDGE_CURVE('',#1502,#1504,#800,.T.);
#2179=EDGE_CURVE('',#1505,#1508,#801,.T.);
#2180=EDGE_CURVE('',#1509,#1512,#802,.T.);
#2181=EDGE_CURVE('',#1513,#1516,#803,.T.);
#2182=EDGE_CURVE('',#1517,#1520,#804,.T.);
#2183=EDGE_CURVE('',#1521,#1524,#805,.T.);
#2184=EDGE_CURVE('',#1525,#1528,#806,.T.);
#2185=EDGE_CURVE('',#1529,#1533,#807,.T.);
#2186=EDGE_CURVE('',#1534,#1537,#808,.T.);
#2187=EDGE_CURVE('',#1538,#1541,#809,.T.);
#2188=EDGE_CURVE('',#1542,#1545,#810,.T.);
#2189=EDGE_CURVE('',#1546,#1550,#811,.T.);
#2190=EDGE_CURVE('',#1551,#1554,#812,.T.);
#2191=EDGE_CURVE('',#1555,#1558,#813,.T.);
#2192=EDGE_CURVE('',#1559,#1562,#814,.T.);
#2193=EDGE_CURVE('',#1563,#1566,#815,.T.);
#2194=EDGE_CURVE('',#1567,#1570,#816,.T.);
#2195=EDGE_CURVE('',#1571,#1574,#817,.T.);
#2196=EDGE_CURVE('',#1576,#1578,#818,.T.);
#2197=EDGE_CURVE('',#1579,#1582,#819,.T.);
#2198=EDGE_CURVE('',#1583,#1586,#820,.T.);
#2199=EDGE_CURVE('',#1587,#1590,#821,.T.);
#2200=EDGE_CURVE('',#1591,#1594,#822,.T.);
#2201=EDGE_CURVE('',#1595,#1598,#823,.T.);
#2202=EDGE_CURVE('',#1599,#1602,#824,.T.);
#2203=EDGE_CURVE('',#1603,#1607,#825,.T.);
#2204=EDGE_CURVE('',#1608,#1611,#826,.T.);
#2205=EDGE_CURVE('',#1612,#1615,#827,.T.);
#2206=EDGE_CURVE('',#1616,#1619,#828,.T.);
#2207=EDGE_CURVE('',#1620,#1624,#829,.T.);
#2208=EDGE_CURVE('',#1625,#1628,#830,.T.);
#2209=EDGE_CURVE('',#1629,#1632,#831,.T.);
#2210=EDGE_CURVE('',#1633,#1636,#832,.T.);
#2211=EDGE_CURVE('',#1637,#1640,#833,.T.);
#2212=EDGE_CURVE('',#1641,#1644,#834,.T.);
#2213=EDGE_CURVE('',#1645,#1692,#835,.T.);
#2214=EDGE_CURVE('',#1692,#1693,#836,.T.);
#2215=EDGE_CURVE('',#1693,#1503,#837,.T.);
#2216=EDGE_CURVE('',#1692,#1691,#1100,.T.);
#2217=EDGE_CURVE('',#1690,#1693,#1101,.T.);
#2218=EDGE_CURVE('',#1686,#1685,#894,.T.);
#2219=EDGE_CURVE('',#1683,#1684,#895,.T.);
#2220=EDGE_CURVE('',#1448,#1476,#1102,.T.);
#2221=EDGE_CURVE('',#1446,#1444,#896,.T.);
#2222=EDGE_CURVE('',#1447,#1445,#897,.T.);
#2223=EDGE_CURVE('',#1485,#1449,#1103,.T.);
#2224=EDGE_CURVE('',#1694,#1695,#1104,.T.);
#2225=EDGE_CURVE('',#1694,#1696,#898,.T.);
#2226=EDGE_CURVE('',#1696,#1697,#838,.T.);
#2227=EDGE_CURVE('',#1695,#1697,#899,.T.);
#2228=EDGE_CURVE('',#1698,#1699,#1105,.T.);
#2229=EDGE_CURVE('',#1698,#1694,#900,.T.);
#2230=EDGE_CURVE('',#1699,#1695,#901,.T.);
#2231=EDGE_CURVE('',#1700,#1701,#1106,.T.);
#2232=EDGE_CURVE('',#1700,#1698,#902,.T.);
#2233=EDGE_CURVE('',#1701,#1699,#903,.T.);
#2234=EDGE_CURVE('',#1702,#1703,#1107,.T.);
#2235=EDGE_CURVE('',#1702,#1700,#904,.T.);
#2236=EDGE_CURVE('',#1703,#1701,#905,.T.);
#2237=EDGE_CURVE('',#1704,#1705,#1108,.T.);
#2238=EDGE_CURVE('',#1704,#1702,#906,.T.);
#2239=EDGE_CURVE('',#1705,#1703,#907,.T.);
#2240=EDGE_CURVE('',#1706,#1707,#1109,.T.);
#2241=EDGE_CURVE('',#1706,#1704,#908,.T.);
#2242=EDGE_CURVE('',#1707,#1705,#909,.T.);
#2243=EDGE_CURVE('',#1708,#1709,#1110,.T.);
#2244=EDGE_CURVE('',#1708,#1706,#910,.T.);
#2245=EDGE_CURVE('',#1709,#1707,#911,.T.);
#2246=EDGE_CURVE('',#1710,#1711,#1111,.T.);
#2247=EDGE_CURVE('',#1710,#1708,#912,.T.);
#2248=EDGE_CURVE('',#1711,#1709,#913,.T.);
#2249=EDGE_CURVE('',#1712,#1713,#1112,.T.);
#2250=EDGE_CURVE('',#1712,#1710,#914,.T.);
#2251=EDGE_CURVE('',#1713,#1711,#915,.T.);
#2252=EDGE_CURVE('',#1714,#1715,#1113,.T.);
#2253=EDGE_CURVE('',#1714,#1712,#916,.T.);
#2254=EDGE_CURVE('',#1715,#1713,#917,.T.);
#2255=EDGE_CURVE('',#1716,#1717,#1114,.T.);
#2256=EDGE_CURVE('',#1716,#1714,#918,.T.);
#2257=EDGE_CURVE('',#1717,#1715,#919,.T.);
#2258=EDGE_CURVE('',#1718,#1719,#1115,.T.);
#2259=EDGE_CURVE('',#1718,#1716,#920,.T.);
#2260=EDGE_CURVE('',#1719,#1717,#921,.T.);
#2261=EDGE_CURVE('',#1720,#1721,#1116,.T.);
#2262=EDGE_CURVE('',#1720,#1718,#922,.T.);
#2263=EDGE_CURVE('',#1721,#1719,#923,.T.);
#2264=EDGE_CURVE('',#1722,#1723,#1117,.T.);
#2265=EDGE_CURVE('',#1722,#1720,#924,.T.);
#2266=EDGE_CURVE('',#1723,#1721,#925,.T.);
#2267=EDGE_CURVE('',#1724,#1725,#1118,.T.);
#2268=EDGE_CURVE('',#1726,#1724,#165,.F.);
#2269=EDGE_CURVE('',#1726,#1725,#839,.T.);
#2270=EDGE_CURVE('',#1727,#1728,#1119,.T.);
#2271=EDGE_CURVE('',#1724,#1727,#166,.F.);
#2272=EDGE_CURVE('',#1725,#1726,#840,.T.);
#2273=EDGE_CURVE('',#1726,#1729,#1120,.T.);
#2274=EDGE_CURVE('',#1729,#1728,#167,.T.);
#2275=EDGE_CURVE('',#1730,#1731,#1121,.T.);
#2276=EDGE_CURVE('',#1727,#1730,#168,.F.);
#2277=EDGE_CURVE('',#1728,#1731,#169,.T.);
#2278=EDGE_CURVE('',#1732,#1733,#1122,.T.);
#2279=EDGE_CURVE('',#1730,#1732,#170,.F.);
#2280=EDGE_CURVE('',#1731,#1733,#171,.T.);
#2281=EDGE_CURVE('',#1734,#1735,#1123,.T.);
#2282=EDGE_CURVE('',#1732,#1734,#172,.F.);
#2283=EDGE_CURVE('',#1733,#1735,#173,.T.);
#2284=EDGE_CURVE('',#1736,#1737,#1124,.T.);
#2285=EDGE_CURVE('',#1734,#1736,#174,.F.);
#2286=EDGE_CURVE('',#1735,#1737,#175,.T.);
#2287=EDGE_CURVE('',#1738,#1739,#1125,.T.);
#2288=EDGE_CURVE('',#1736,#1738,#176,.F.);
#2289=EDGE_CURVE('',#1737,#1739,#177,.T.);
#2290=EDGE_CURVE('',#1740,#1741,#1126,.T.);
#2291=EDGE_CURVE('',#1738,#1740,#178,.F.);
#2292=EDGE_CURVE('',#1739,#1741,#179,.T.);
#2293=EDGE_CURVE('',#1742,#1743,#1127,.T.);
#2294=EDGE_CURVE('',#1740,#1742,#180,.F.);
#2295=EDGE_CURVE('',#1741,#1743,#181,.T.);
#2296=EDGE_CURVE('',#1744,#1745,#1128,.T.);
#2297=EDGE_CURVE('',#1742,#1744,#182,.F.);
#2298=EDGE_CURVE('',#1743,#1745,#183,.T.);
#2299=EDGE_CURVE('',#1746,#1747,#1129,.T.);
#2300=EDGE_CURVE('',#1744,#1746,#184,.F.);
#2301=EDGE_CURVE('',#1745,#1747,#185,.T.);
#2302=EDGE_CURVE('',#1748,#1749,#1130,.T.);
#2303=EDGE_CURVE('',#1746,#1748,#186,.F.);
#2304=EDGE_CURVE('',#1747,#1749,#187,.T.);
#2305=EDGE_CURVE('',#1750,#1751,#1131,.T.);
#2306=EDGE_CURVE('',#1748,#1750,#188,.F.);
#2307=EDGE_CURVE('',#1749,#1751,#189,.T.);
#2308=EDGE_CURVE('',#1752,#1753,#1132,.T.);
#2309=EDGE_CURVE('',#1750,#1752,#190,.F.);
#2310=EDGE_CURVE('',#1751,#1753,#191,.T.);
#2311=EDGE_CURVE('',#1754,#1754,#841,.T.);
#2312=EDGE_CURVE('',#1754,#1755,#1133,.T.);
#2313=EDGE_CURVE('',#1755,#1755,#842,.T.);
#2314=EDGE_CURVE('',#1756,#1756,#843,.T.);
#2315=EDGE_CURVE('',#1756,#1757,#1134,.T.);
#2316=EDGE_CURVE('',#1757,#1757,#844,.T.);
#2317=EDGE_CURVE('',#1758,#1758,#845,.T.);
#2318=EDGE_CURVE('',#1758,#1759,#1135,.T.);
#2319=EDGE_CURVE('',#1759,#1759,#846,.T.);
#2320=EDGE_CURVE('',#1760,#1760,#847,.T.);
#2321=EDGE_CURVE('',#1760,#1761,#1136,.T.);
#2322=EDGE_CURVE('',#1761,#1761,#848,.T.);
#2323=EDGE_CURVE('',#1762,#1762,#849,.T.);
#2324=EDGE_CURVE('',#1762,#1763,#1137,.T.);
#2325=EDGE_CURVE('',#1763,#1763,#850,.T.);
#2326=EDGE_CURVE('',#1753,#1764,#192,.T.);
#2327=EDGE_CURVE('',#1765,#1764,#851,.T.);
#2328=EDGE_CURVE('',#1752,#1765,#193,.F.);
#2329=EDGE_CURVE('',#1765,#1696,#194,.T.);
#2330=EDGE_CURVE('',#1697,#1764,#195,.T.);
#2331=EDGE_CURVE('',#1766,#1722,#926,.T.);
#2332=EDGE_CURVE('',#1766,#1726,#1138,.T.);
#2333=EDGE_CURVE('',#1767,#1723,#927,.T.);
#2334=EDGE_CURVE('',#1767,#1766,#1139,.T.);
#2335=EDGE_CURVE('',#1729,#1767,#1140,.T.);
#2336=EDGE_CURVE('',#1768,#1768,#852,.T.);
#2337=EDGE_CURVE('',#1769,#1769,#853,.T.);
#2338=EDGE_CURVE('',#1770,#1771,#1141,.T.);
#2339=EDGE_CURVE('',#1770,#1772,#1142,.T.);
#2340=EDGE_CURVE('',#1773,#1772,#1143,.T.);
#2341=EDGE_CURVE('',#1771,#1773,#1144,.T.);
#2342=EDGE_CURVE('',#1774,#1770,#1145,.T.);
#2343=EDGE_CURVE('',#1774,#1775,#1146,.T.);
#2344=EDGE_CURVE('',#1772,#1775,#1147,.T.);
#2345=EDGE_CURVE('',#1771,#1776,#1148,.T.);
#2346=EDGE_CURVE('',#1777,#1773,#1149,.T.);
#2347=EDGE_CURVE('',#1776,#1777,#1150,.T.);
#2348=EDGE_CURVE('',#1776,#1774,#1151,.T.);
#2349=EDGE_CURVE('',#1775,#1777,#1152,.T.);
#2350=EDGE_CURVE('',#1778,#1778,#854,.T.);
#2351=EDGE_CURVE('',#1778,#1779,#1153,.T.);
#2352=EDGE_CURVE('',#1779,#1779,#855,.T.);
#2353=EDGE_CURVE('',#1780,#1780,#856,.T.);
#2354=EDGE_CURVE('',#1780,#1781,#1154,.T.);
#2355=EDGE_CURVE('',#1781,#1781,#857,.T.);
#2356=EDGE_CURVE('',#1782,#1782,#858,.T.);
#2357=EDGE_CURVE('',#1782,#1783,#1155,.T.);
#2358=EDGE_CURVE('',#1783,#1783,#859,.T.);
#2359=EDGE_CURVE('',#1784,#1784,#860,.T.);
#2360=EDGE_CURVE('',#1784,#1785,#1156,.T.);
#2361=EDGE_CURVE('',#1785,#1785,#861,.T.);
#2362=EDGE_CURVE('',#1786,#1786,#862,.T.);
#2363=EDGE_CURVE('',#1786,#1787,#1157,.T.);
#2364=EDGE_CURVE('',#1787,#1787,#863,.T.);
#2365=EDGE_CURVE('',#1788,#1788,#864,.T.);
#2366=EDGE_CURVE('',#1788,#1789,#1158,.T.);
#2367=EDGE_CURVE('',#1789,#1789,#865,.T.);
#2368=EDGE_CURVE('',#1790,#1790,#866,.T.);
#2369=EDGE_CURVE('',#1790,#1791,#1159,.T.);
#2370=EDGE_CURVE('',#1791,#1791,#867,.T.);
#2371=EDGE_CURVE('',#1792,#1792,#868,.T.);
#2372=EDGE_CURVE('',#1792,#1793,#1160,.T.);
#2373=EDGE_CURVE('',#1793,#1793,#869,.T.);
#2374=EDGE_CURVE('',#1794,#1795,#1161,.T.);
#2375=EDGE_CURVE('',#1794,#1796,#1162,.T.);
#2376=EDGE_CURVE('',#1797,#1796,#1163,.T.);
#2377=EDGE_CURVE('',#1795,#1797,#1164,.T.);
#2378=EDGE_CURVE('',#1795,#1798,#1165,.T.);
#2379=EDGE_CURVE('',#1799,#1797,#1166,.T.);
#2380=EDGE_CURVE('',#1798,#1799,#1167,.T.);
#2381=EDGE_CURVE('',#1798,#1800,#1168,.T.);
#2382=EDGE_CURVE('',#1801,#1799,#1169,.T.);
#2383=EDGE_CURVE('',#1800,#1801,#1170,.T.);
#2384=EDGE_CURVE('',#1800,#1794,#1171,.T.);
#2385=EDGE_CURVE('',#1796,#1801,#1172,.T.);
#2386=ORIENTED_EDGE('',*,*,#1802,.T.);
#2387=ORIENTED_EDGE('',*,*,#1803,.T.);
#2388=ORIENTED_EDGE('',*,*,#1804,.T.);
#2389=ORIENTED_EDGE('',*,*,#1805,.F.);
#2390=ORIENTED_EDGE('',*,*,#1806,.T.);
#2391=ORIENTED_EDGE('',*,*,#1807,.T.);
#2392=ORIENTED_EDGE('',*,*,#1808,.T.);
#2393=ORIENTED_EDGE('',*,*,#1809,.F.);
#2394=ORIENTED_EDGE('',*,*,#1810,.T.);
#2395=ORIENTED_EDGE('',*,*,#1811,.T.);
#2396=ORIENTED_EDGE('',*,*,#1802,.F.);
#2397=ORIENTED_EDGE('',*,*,#1812,.F.);
#2398=ORIENTED_EDGE('',*,*,#1813,.T.);
#2399=ORIENTED_EDGE('',*,*,#1814,.T.);
#2400=ORIENTED_EDGE('',*,*,#1810,.F.);
#2401=ORIENTED_EDGE('',*,*,#1815,.F.);
#2402=ORIENTED_EDGE('',*,*,#1816,.T.);
#2403=ORIENTED_EDGE('',*,*,#1817,.T.);
#2404=ORIENTED_EDGE('',*,*,#1813,.F.);
#2405=ORIENTED_EDGE('',*,*,#1818,.F.);
#2406=ORIENTED_EDGE('',*,*,#1819,.T.);
#2407=ORIENTED_EDGE('',*,*,#1820,.T.);
#2408=ORIENTED_EDGE('',*,*,#1816,.F.);
#2409=ORIENTED_EDGE('',*,*,#1821,.F.);
#2410=ORIENTED_EDGE('',*,*,#1822,.T.);
#2411=ORIENTED_EDGE('',*,*,#1823,.T.);
#2412=ORIENTED_EDGE('',*,*,#1819,.F.);
#2413=ORIENTED_EDGE('',*,*,#1824,.F.);
#2414=ORIENTED_EDGE('',*,*,#1825,.T.);
#2415=ORIENTED_EDGE('',*,*,#1826,.T.);
#2416=ORIENTED_EDGE('',*,*,#1822,.F.);
#2417=ORIENTED_EDGE('',*,*,#1827,.F.);
#2418=ORIENTED_EDGE('',*,*,#1828,.T.);
#2419=ORIENTED_EDGE('',*,*,#1829,.T.);
#2420=ORIENTED_EDGE('',*,*,#1825,.F.);
#2421=ORIENTED_EDGE('',*,*,#1830,.F.);
#2422=ORIENTED_EDGE('',*,*,#1831,.T.);
#2423=ORIENTED_EDGE('',*,*,#1832,.T.);
#2424=ORIENTED_EDGE('',*,*,#1828,.F.);
#2425=ORIENTED_EDGE('',*,*,#1833,.F.);
#2426=ORIENTED_EDGE('',*,*,#1834,.T.);
#2427=ORIENTED_EDGE('',*,*,#1835,.T.);
#2428=ORIENTED_EDGE('',*,*,#1831,.F.);
#2429=ORIENTED_EDGE('',*,*,#1836,.F.);
#2430=ORIENTED_EDGE('',*,*,#1837,.T.);
#2431=ORIENTED_EDGE('',*,*,#1838,.T.);
#2432=ORIENTED_EDGE('',*,*,#1834,.F.);
#2433=ORIENTED_EDGE('',*,*,#1839,.F.);
#2434=ORIENTED_EDGE('',*,*,#1840,.F.);
#2435=ORIENTED_EDGE('',*,*,#1841,.F.);
#2436=ORIENTED_EDGE('',*,*,#1842,.F.);
#2437=ORIENTED_EDGE('',*,*,#1843,.T.);
#2438=ORIENTED_EDGE('',*,*,#1844,.T.);
#2439=ORIENTED_EDGE('',*,*,#1845,.T.);
#2440=ORIENTED_EDGE('',*,*,#1846,.F.);
#2441=ORIENTED_EDGE('',*,*,#1847,.F.);
#2442=ORIENTED_EDGE('',*,*,#1848,.T.);
#2443=ORIENTED_EDGE('',*,*,#1849,.T.);
#2444=ORIENTED_EDGE('',*,*,#1844,.F.);
#2445=ORIENTED_EDGE('',*,*,#1850,.F.);
#2446=ORIENTED_EDGE('',*,*,#1851,.T.);
#2447=ORIENTED_EDGE('',*,*,#1852,.T.);
#2448=ORIENTED_EDGE('',*,*,#1848,.F.);
#2449=ORIENTED_EDGE('',*,*,#1853,.F.);
#2450=ORIENTED_EDGE('',*,*,#1854,.T.);
#2451=ORIENTED_EDGE('',*,*,#1855,.T.);
#2452=ORIENTED_EDGE('',*,*,#1851,.F.);
#2453=ORIENTED_EDGE('',*,*,#1856,.F.);
#2454=ORIENTED_EDGE('',*,*,#1857,.T.);
#2455=ORIENTED_EDGE('',*,*,#1858,.T.);
#2456=ORIENTED_EDGE('',*,*,#1854,.F.);
#2457=ORIENTED_EDGE('',*,*,#1859,.F.);
#2458=ORIENTED_EDGE('',*,*,#1860,.T.);
#2459=ORIENTED_EDGE('',*,*,#1861,.T.);
#2460=ORIENTED_EDGE('',*,*,#1857,.F.);
#2461=ORIENTED_EDGE('',*,*,#1862,.F.);
#2462=ORIENTED_EDGE('',*,*,#1863,.T.);
#2463=ORIENTED_EDGE('',*,*,#1864,.T.);
#2464=ORIENTED_EDGE('',*,*,#1860,.F.);
#2465=ORIENTED_EDGE('',*,*,#1865,.F.);
#2466=ORIENTED_EDGE('',*,*,#1866,.T.);
#2467=ORIENTED_EDGE('',*,*,#1867,.T.);
#2468=ORIENTED_EDGE('',*,*,#1863,.F.);
#2469=ORIENTED_EDGE('',*,*,#1868,.F.);
#2470=ORIENTED_EDGE('',*,*,#1869,.T.);
#2471=ORIENTED_EDGE('',*,*,#1870,.T.);
#2472=ORIENTED_EDGE('',*,*,#1866,.F.);
#2473=ORIENTED_EDGE('',*,*,#1871,.F.);
#2474=ORIENTED_EDGE('',*,*,#1872,.T.);
#2475=ORIENTED_EDGE('',*,*,#1873,.T.);
#2476=ORIENTED_EDGE('',*,*,#1869,.F.);
#2477=ORIENTED_EDGE('',*,*,#1874,.F.);
#2478=ORIENTED_EDGE('',*,*,#1875,.T.);
#2479=ORIENTED_EDGE('',*,*,#1876,.T.);
#2480=ORIENTED_EDGE('',*,*,#1872,.F.);
#2481=ORIENTED_EDGE('',*,*,#1877,.F.);
#2482=ORIENTED_EDGE('',*,*,#1878,.F.);
#2483=ORIENTED_EDGE('',*,*,#1879,.T.);
#2484=ORIENTED_EDGE('',*,*,#1880,.T.);
#2485=ORIENTED_EDGE('',*,*,#1881,.T.);
#2486=ORIENTED_EDGE('',*,*,#1882,.F.);
#2487=ORIENTED_EDGE('',*,*,#1883,.F.);
#2488=ORIENTED_EDGE('',*,*,#1884,.F.);
#2489=ORIENTED_EDGE('',*,*,#1885,.T.);
#2490=ORIENTED_EDGE('',*,*,#1886,.F.);
#2491=ORIENTED_EDGE('',*,*,#1887,.F.);
#2492=ORIENTED_EDGE('',*,*,#1888,.F.);
#2493=ORIENTED_EDGE('',*,*,#1878,.T.);
#2494=ORIENTED_EDGE('',*,*,#1889,.T.);
#2495=ORIENTED_EDGE('',*,*,#1875,.F.);
#2496=ORIENTED_EDGE('',*,*,#1890,.F.);
#2497=ORIENTED_EDGE('',*,*,#1891,.F.);
#2498=ORIENTED_EDGE('',*,*,#1892,.T.);
#2499=ORIENTED_EDGE('',*,*,#1893,.F.);
#2500=ORIENTED_EDGE('',*,*,#1894,.T.);
#2501=ORIENTED_EDGE('',*,*,#1895,.T.);
#2502=ORIENTED_EDGE('',*,*,#1894,.F.);
#2503=ORIENTED_EDGE('',*,*,#1896,.F.);
#2504=ORIENTED_EDGE('',*,*,#1897,.T.);
#2505=ORIENTED_EDGE('',*,*,#1898,.T.);
#2506=ORIENTED_EDGE('',*,*,#1897,.F.);
#2507=ORIENTED_EDGE('',*,*,#1899,.F.);
#2508=ORIENTED_EDGE('',*,*,#1900,.F.);
#2509=ORIENTED_EDGE('',*,*,#1901,.F.);
#2510=ORIENTED_EDGE('',*,*,#1902,.T.);
#2511=ORIENTED_EDGE('',*,*,#1903,.F.);
#2512=ORIENTED_EDGE('',*,*,#1902,.F.);
#2513=ORIENTED_EDGE('',*,*,#1904,.F.);
#2514=ORIENTED_EDGE('',*,*,#1905,.T.);
#2515=ORIENTED_EDGE('',*,*,#1906,.T.);
#2516=ORIENTED_EDGE('',*,*,#1907,.F.);
#2517=ORIENTED_EDGE('',*,*,#1906,.F.);
#2518=ORIENTED_EDGE('',*,*,#1908,.F.);
#2519=ORIENTED_EDGE('',*,*,#1909,.F.);
#2520=ORIENTED_EDGE('',*,*,#1910,.F.);
#2521=ORIENTED_EDGE('',*,*,#1911,.T.);
#2522=ORIENTED_EDGE('',*,*,#1912,.T.);
#2523=ORIENTED_EDGE('',*,*,#1913,.F.);
#2524=ORIENTED_EDGE('',*,*,#1914,.T.);
#2525=ORIENTED_EDGE('',*,*,#1915,.F.);
#2526=ORIENTED_EDGE('',*,*,#1916,.T.);
#2527=ORIENTED_EDGE('',*,*,#1917,.T.);
#2528=ORIENTED_EDGE('',*,*,#1918,.T.);
#2529=ORIENTED_EDGE('',*,*,#1919,.F.);
#2530=ORIENTED_EDGE('',*,*,#1920,.T.);
#2531=ORIENTED_EDGE('',*,*,#1921,.T.);
#2532=ORIENTED_EDGE('',*,*,#1922,.T.);
#2533=ORIENTED_EDGE('',*,*,#1923,.F.);
#2534=ORIENTED_EDGE('',*,*,#1924,.T.);
#2535=ORIENTED_EDGE('',*,*,#1925,.T.);
#2536=ORIENTED_EDGE('',*,*,#1926,.T.);
#2537=ORIENTED_EDGE('',*,*,#1927,.F.);
#2538=ORIENTED_EDGE('',*,*,#1928,.T.);
#2539=ORIENTED_EDGE('',*,*,#1929,.T.);
#2540=ORIENTED_EDGE('',*,*,#1930,.T.);
#2541=ORIENTED_EDGE('',*,*,#1931,.F.);
#2542=ORIENTED_EDGE('',*,*,#1932,.T.);
#2543=ORIENTED_EDGE('',*,*,#1933,.T.);
#2544=ORIENTED_EDGE('',*,*,#1934,.T.);
#2545=ORIENTED_EDGE('',*,*,#1935,.F.);
#2546=ORIENTED_EDGE('',*,*,#1936,.T.);
#2547=ORIENTED_EDGE('',*,*,#1937,.T.);
#2548=ORIENTED_EDGE('',*,*,#1938,.T.);
#2549=ORIENTED_EDGE('',*,*,#1939,.F.);
#2550=ORIENTED_EDGE('',*,*,#1940,.T.);
#2551=ORIENTED_EDGE('',*,*,#1941,.T.);
#2552=ORIENTED_EDGE('',*,*,#1942,.T.);
#2553=ORIENTED_EDGE('',*,*,#1943,.T.);
#2554=ORIENTED_EDGE('',*,*,#1944,.F.);
#2555=ORIENTED_EDGE('',*,*,#1945,.T.);
#2556=ORIENTED_EDGE('',*,*,#1946,.T.);
#2557=ORIENTED_EDGE('',*,*,#1947,.T.);
#2558=ORIENTED_EDGE('',*,*,#1948,.F.);
#2559=ORIENTED_EDGE('',*,*,#1949,.T.);
#2560=ORIENTED_EDGE('',*,*,#1950,.T.);
#2561=ORIENTED_EDGE('',*,*,#1951,.T.);
#2562=ORIENTED_EDGE('',*,*,#1952,.F.);
#2563=ORIENTED_EDGE('',*,*,#1953,.T.);
#2564=ORIENTED_EDGE('',*,*,#1954,.T.);
#2565=ORIENTED_EDGE('',*,*,#1955,.T.);
#2566=ORIENTED_EDGE('',*,*,#1956,.F.);
#2567=ORIENTED_EDGE('',*,*,#1957,.T.);
#2568=ORIENTED_EDGE('',*,*,#1958,.T.);
#2569=ORIENTED_EDGE('',*,*,#1959,.T.);
#2570=ORIENTED_EDGE('',*,*,#1960,.T.);
#2571=ORIENTED_EDGE('',*,*,#1961,.F.);
#2572=ORIENTED_EDGE('',*,*,#1962,.T.);
#2573=ORIENTED_EDGE('',*,*,#1963,.T.);
#2574=ORIENTED_EDGE('',*,*,#1964,.T.);
#2575=ORIENTED_EDGE('',*,*,#1965,.F.);
#2576=ORIENTED_EDGE('',*,*,#1966,.T.);
#2577=ORIENTED_EDGE('',*,*,#1967,.T.);
#2578=ORIENTED_EDGE('',*,*,#1968,.T.);
#2579=ORIENTED_EDGE('',*,*,#1969,.F.);
#2580=ORIENTED_EDGE('',*,*,#1970,.T.);
#2581=ORIENTED_EDGE('',*,*,#1971,.T.);
#2582=ORIENTED_EDGE('',*,*,#1972,.T.);
#2583=ORIENTED_EDGE('',*,*,#1973,.F.);
#2584=ORIENTED_EDGE('',*,*,#1974,.T.);
#2585=ORIENTED_EDGE('',*,*,#1975,.T.);
#2586=ORIENTED_EDGE('',*,*,#1976,.T.);
#2587=ORIENTED_EDGE('',*,*,#1977,.F.);
#2588=ORIENTED_EDGE('',*,*,#1978,.T.);
#2589=ORIENTED_EDGE('',*,*,#1979,.T.);
#2590=ORIENTED_EDGE('',*,*,#1980,.T.);
#2591=ORIENTED_EDGE('',*,*,#1981,.F.);
#2592=ORIENTED_EDGE('',*,*,#1982,.T.);
#2593=ORIENTED_EDGE('',*,*,#1983,.T.);
#2594=ORIENTED_EDGE('',*,*,#1984,.T.);
#2595=ORIENTED_EDGE('',*,*,#1985,.F.);
#2596=ORIENTED_EDGE('',*,*,#1986,.T.);
#2597=ORIENTED_EDGE('',*,*,#1987,.T.);
#2598=ORIENTED_EDGE('',*,*,#1884,.T.);
#2599=ORIENTED_EDGE('',*,*,#1988,.F.);
#2600=ORIENTED_EDGE('',*,*,#1882,.T.);
#2601=ORIENTED_EDGE('',*,*,#1989,.T.);
#2602=ORIENTED_EDGE('',*,*,#1888,.T.);
#2603=ORIENTED_EDGE('',*,*,#1990,.F.);
#2604=ORIENTED_EDGE('',*,*,#1886,.T.);
#2605=ORIENTED_EDGE('',*,*,#1991,.T.);
#2606=ORIENTED_EDGE('',*,*,#1992,.T.);
#2607=ORIENTED_EDGE('',*,*,#1993,.F.);
#2608=ORIENTED_EDGE('',*,*,#1994,.T.);
#2609=ORIENTED_EDGE('',*,*,#1995,.T.);
#2610=ORIENTED_EDGE('',*,*,#1996,.T.);
#2611=ORIENTED_EDGE('',*,*,#1997,.F.);
#2612=ORIENTED_EDGE('',*,*,#1998,.T.);
#2613=ORIENTED_EDGE('',*,*,#1999,.T.);
#2614=ORIENTED_EDGE('',*,*,#2000,.T.);
#2615=ORIENTED_EDGE('',*,*,#2001,.F.);
#2616=ORIENTED_EDGE('',*,*,#2002,.T.);
#2617=ORIENTED_EDGE('',*,*,#2003,.T.);
#2618=ORIENTED_EDGE('',*,*,#2004,.T.);
#2619=ORIENTED_EDGE('',*,*,#2005,.F.);
#2620=ORIENTED_EDGE('',*,*,#2006,.T.);
#2621=ORIENTED_EDGE('',*,*,#2007,.T.);
#2622=ORIENTED_EDGE('',*,*,#2008,.T.);
#2623=ORIENTED_EDGE('',*,*,#2009,.F.);
#2624=ORIENTED_EDGE('',*,*,#2010,.T.);
#2625=ORIENTED_EDGE('',*,*,#2011,.T.);
#2626=ORIENTED_EDGE('',*,*,#2012,.T.);
#2627=ORIENTED_EDGE('',*,*,#2013,.F.);
#2628=ORIENTED_EDGE('',*,*,#2014,.T.);
#2629=ORIENTED_EDGE('',*,*,#2015,.T.);
#2630=ORIENTED_EDGE('',*,*,#2016,.T.);
#2631=ORIENTED_EDGE('',*,*,#2017,.F.);
#2632=ORIENTED_EDGE('',*,*,#2018,.T.);
#2633=ORIENTED_EDGE('',*,*,#2019,.T.);
#2634=ORIENTED_EDGE('',*,*,#2020,.T.);
#2635=ORIENTED_EDGE('',*,*,#2021,.T.);
#2636=ORIENTED_EDGE('',*,*,#2022,.F.);
#2637=ORIENTED_EDGE('',*,*,#2023,.T.);
#2638=ORIENTED_EDGE('',*,*,#2024,.T.);
#2639=ORIENTED_EDGE('',*,*,#2025,.T.);
#2640=ORIENTED_EDGE('',*,*,#2026,.F.);
#2641=ORIENTED_EDGE('',*,*,#2027,.T.);
#2642=ORIENTED_EDGE('',*,*,#2028,.T.);
#2643=ORIENTED_EDGE('',*,*,#2029,.T.);
#2644=ORIENTED_EDGE('',*,*,#2030,.F.);
#2645=ORIENTED_EDGE('',*,*,#2031,.T.);
#2646=ORIENTED_EDGE('',*,*,#2032,.T.);
#2647=ORIENTED_EDGE('',*,*,#2033,.T.);
#2648=ORIENTED_EDGE('',*,*,#2034,.F.);
#2649=ORIENTED_EDGE('',*,*,#2035,.T.);
#2650=ORIENTED_EDGE('',*,*,#2036,.T.);
#2651=ORIENTED_EDGE('',*,*,#2037,.T.);
#2652=ORIENTED_EDGE('',*,*,#2038,.T.);
#2653=ORIENTED_EDGE('',*,*,#2039,.F.);
#2654=ORIENTED_EDGE('',*,*,#2040,.T.);
#2655=ORIENTED_EDGE('',*,*,#2041,.T.);
#2656=ORIENTED_EDGE('',*,*,#2042,.T.);
#2657=ORIENTED_EDGE('',*,*,#2043,.F.);
#2658=ORIENTED_EDGE('',*,*,#2044,.T.);
#2659=ORIENTED_EDGE('',*,*,#2045,.T.);
#2660=ORIENTED_EDGE('',*,*,#2046,.T.);
#2661=ORIENTED_EDGE('',*,*,#2047,.F.);
#2662=ORIENTED_EDGE('',*,*,#2048,.T.);
#2663=ORIENTED_EDGE('',*,*,#2049,.T.);
#2664=ORIENTED_EDGE('',*,*,#2050,.T.);
#2665=ORIENTED_EDGE('',*,*,#2051,.F.);
#2666=ORIENTED_EDGE('',*,*,#2052,.T.);
#2667=ORIENTED_EDGE('',*,*,#2053,.T.);
#2668=ORIENTED_EDGE('',*,*,#2054,.T.);
#2669=ORIENTED_EDGE('',*,*,#2055,.F.);
#2670=ORIENTED_EDGE('',*,*,#2056,.T.);
#2671=ORIENTED_EDGE('',*,*,#2057,.T.);
#2672=ORIENTED_EDGE('',*,*,#2058,.T.);
#2673=ORIENTED_EDGE('',*,*,#2059,.F.);
#2674=ORIENTED_EDGE('',*,*,#2060,.T.);
#2675=ORIENTED_EDGE('',*,*,#2061,.T.);
#2676=ORIENTED_EDGE('',*,*,#2062,.T.);
#2677=ORIENTED_EDGE('',*,*,#1846,.T.);
#2678=ORIENTED_EDGE('',*,*,#2063,.T.);
#2679=ORIENTED_EDGE('',*,*,#2064,.F.);
#2680=ORIENTED_EDGE('',*,*,#2065,.F.);
#2681=ORIENTED_EDGE('',*,*,#2066,.T.);
#2682=ORIENTED_EDGE('',*,*,#2067,.F.);
#2683=ORIENTED_EDGE('',*,*,#2068,.T.);
#2684=ORIENTED_EDGE('',*,*,#2069,.F.);
#2685=ORIENTED_EDGE('',*,*,#2070,.F.);
#2686=ORIENTED_EDGE('',*,*,#1805,.T.);
#2687=ORIENTED_EDGE('',*,*,#2071,.F.);
#2688=ORIENTED_EDGE('',*,*,#2072,.F.);
#2689=ORIENTED_EDGE('',*,*,#2073,.T.);
#2690=ORIENTED_EDGE('',*,*,#2074,.T.);
#2691=ORIENTED_EDGE('',*,*,#2075,.F.);
#2692=ORIENTED_EDGE('',*,*,#2015,.F.);
#2693=ORIENTED_EDGE('',*,*,#2076,.F.);
#2694=ORIENTED_EDGE('',*,*,#2011,.F.);
#2695=ORIENTED_EDGE('',*,*,#2077,.F.);
#2696=ORIENTED_EDGE('',*,*,#2007,.F.);
#2697=ORIENTED_EDGE('',*,*,#2078,.F.);
#2698=ORIENTED_EDGE('',*,*,#2003,.F.);
#2699=ORIENTED_EDGE('',*,*,#2079,.F.);
#2700=ORIENTED_EDGE('',*,*,#1999,.F.);
#2701=ORIENTED_EDGE('',*,*,#2080,.F.);
#2702=ORIENTED_EDGE('',*,*,#2020,.F.);
#2703=ORIENTED_EDGE('',*,*,#2081,.T.);
#2704=ORIENTED_EDGE('',*,*,#1909,.T.);
#2705=ORIENTED_EDGE('',*,*,#2082,.T.);
#2706=ORIENTED_EDGE('',*,*,#2083,.F.);
#2707=ORIENTED_EDGE('',*,*,#2032,.F.);
#2708=ORIENTED_EDGE('',*,*,#2084,.F.);
#2709=ORIENTED_EDGE('',*,*,#2028,.F.);
#2710=ORIENTED_EDGE('',*,*,#2085,.F.);
#2711=ORIENTED_EDGE('',*,*,#2024,.F.);
#2712=ORIENTED_EDGE('',*,*,#1896,.T.);
#2713=ORIENTED_EDGE('',*,*,#2086,.F.);
#2714=ORIENTED_EDGE('',*,*,#2037,.F.);
#2715=ORIENTED_EDGE('',*,*,#2087,.T.);
#2716=ORIENTED_EDGE('',*,*,#2088,.T.);
#2717=ORIENTED_EDGE('',*,*,#2089,.F.);
#2718=ORIENTED_EDGE('',*,*,#2057,.F.);
#2719=ORIENTED_EDGE('',*,*,#2090,.F.);
#2720=ORIENTED_EDGE('',*,*,#2053,.F.);
#2721=ORIENTED_EDGE('',*,*,#2091,.F.);
#2722=ORIENTED_EDGE('',*,*,#2049,.F.);
#2723=ORIENTED_EDGE('',*,*,#2092,.F.);
#2724=ORIENTED_EDGE('',*,*,#2045,.F.);
#2725=ORIENTED_EDGE('',*,*,#2093,.F.);
#2726=ORIENTED_EDGE('',*,*,#2041,.F.);
#2727=ORIENTED_EDGE('',*,*,#2094,.F.);
#2728=ORIENTED_EDGE('',*,*,#2095,.T.);
#2729=ORIENTED_EDGE('',*,*,#2096,.T.);
#2730=ORIENTED_EDGE('',*,*,#1941,.F.);
#2731=ORIENTED_EDGE('',*,*,#2097,.F.);
#2732=ORIENTED_EDGE('',*,*,#1937,.F.);
#2733=ORIENTED_EDGE('',*,*,#2098,.F.);
#2734=ORIENTED_EDGE('',*,*,#1933,.F.);
#2735=ORIENTED_EDGE('',*,*,#2099,.F.);
#2736=ORIENTED_EDGE('',*,*,#1929,.F.);
#2737=ORIENTED_EDGE('',*,*,#2100,.F.);
#2738=ORIENTED_EDGE('',*,*,#1925,.F.);
#2739=ORIENTED_EDGE('',*,*,#2101,.F.);
#2740=ORIENTED_EDGE('',*,*,#1921,.F.);
#2741=ORIENTED_EDGE('',*,*,#2102,.F.);
#2742=ORIENTED_EDGE('',*,*,#2103,.T.);
#2743=ORIENTED_EDGE('',*,*,#1900,.T.);
#2744=ORIENTED_EDGE('',*,*,#2104,.T.);
#2745=ORIENTED_EDGE('',*,*,#1958,.F.);
#2746=ORIENTED_EDGE('',*,*,#2105,.F.);
#2747=ORIENTED_EDGE('',*,*,#1954,.F.);
#2748=ORIENTED_EDGE('',*,*,#2106,.F.);
#2749=ORIENTED_EDGE('',*,*,#1950,.F.);
#2750=ORIENTED_EDGE('',*,*,#2107,.F.);
#2751=ORIENTED_EDGE('',*,*,#1946,.F.);
#2752=ORIENTED_EDGE('',*,*,#1893,.T.);
#2753=ORIENTED_EDGE('',*,*,#1907,.T.);
#2754=ORIENTED_EDGE('',*,*,#1898,.F.);
#2755=ORIENTED_EDGE('',*,*,#2108,.F.);
#2756=ORIENTED_EDGE('',*,*,#2109,.F.);
#2757=ORIENTED_EDGE('',*,*,#2110,.F.);
#2758=ORIENTED_EDGE('',*,*,#2111,.F.);
#2759=ORIENTED_EDGE('',*,*,#2112,.T.);
#2760=ORIENTED_EDGE('',*,*,#2113,.T.);
#2761=ORIENTED_EDGE('',*,*,#2114,.T.);
#2762=ORIENTED_EDGE('',*,*,#2115,.T.);
#2763=ORIENTED_EDGE('',*,*,#2116,.F.);
#2764=ORIENTED_EDGE('',*,*,#2117,.T.);
#2765=ORIENTED_EDGE('',*,*,#1910,.T.);
#2766=ORIENTED_EDGE('',*,*,#2081,.F.);
#2767=ORIENTED_EDGE('',*,*,#2118,.F.);
#2768=ORIENTED_EDGE('',*,*,#1908,.T.);
#2769=ORIENTED_EDGE('',*,*,#2119,.T.);
#2770=ORIENTED_EDGE('',*,*,#2120,.F.);
#2771=ORIENTED_EDGE('',*,*,#2121,.F.);
#2772=ORIENTED_EDGE('',*,*,#2082,.F.);
#2773=ORIENTED_EDGE('',*,*,#1903,.T.);
#2774=ORIENTED_EDGE('',*,*,#1895,.F.);
#2775=ORIENTED_EDGE('',*,*,#2122,.F.);
#2776=ORIENTED_EDGE('',*,*,#2123,.F.);
#2777=ORIENTED_EDGE('',*,*,#1901,.T.);
#2778=ORIENTED_EDGE('',*,*,#2103,.F.);
#2779=ORIENTED_EDGE('',*,*,#2124,.F.);
#2780=ORIENTED_EDGE('',*,*,#1899,.T.);
#2781=ORIENTED_EDGE('',*,*,#2125,.F.);
#2782=ORIENTED_EDGE('',*,*,#2126,.F.);
#2783=ORIENTED_EDGE('',*,*,#2127,.F.);
#2784=ORIENTED_EDGE('',*,*,#2104,.F.);
#2785=ORIENTED_EDGE('',*,*,#2128,.F.);
#2786=ORIENTED_EDGE('',*,*,#2120,.T.);
#2787=ORIENTED_EDGE('',*,*,#2129,.T.);
#2788=ORIENTED_EDGE('',*,*,#2116,.T.);
#2789=ORIENTED_EDGE('',*,*,#2130,.F.);
#2790=ORIENTED_EDGE('',*,*,#2074,.F.);
#2791=ORIENTED_EDGE('',*,*,#2131,.T.);
#2792=ORIENTED_EDGE('',*,*,#2109,.T.);
#2793=ORIENTED_EDGE('',*,*,#2132,.F.);
#2794=ORIENTED_EDGE('',*,*,#2087,.F.);
#2795=ORIENTED_EDGE('',*,*,#2108,.T.);
#2796=ORIENTED_EDGE('',*,*,#2133,.F.);
#2797=ORIENTED_EDGE('',*,*,#2095,.F.);
#2798=ORIENTED_EDGE('',*,*,#2134,.F.);
#2799=ORIENTED_EDGE('',*,*,#2088,.F.);
#2800=ORIENTED_EDGE('',*,*,#2132,.T.);
#2801=ORIENTED_EDGE('',*,*,#2111,.T.);
#2802=ORIENTED_EDGE('',*,*,#2135,.F.);
#2803=ORIENTED_EDGE('',*,*,#2136,.F.);
#2804=ORIENTED_EDGE('',*,*,#2137,.F.);
#2805=ORIENTED_EDGE('',*,*,#2126,.T.);
#2806=ORIENTED_EDGE('',*,*,#2138,.F.);
#2807=ORIENTED_EDGE('',*,*,#2122,.T.);
#2808=ORIENTED_EDGE('',*,*,#2139,.F.);
#2809=ORIENTED_EDGE('',*,*,#2096,.F.);
#2810=ORIENTED_EDGE('',*,*,#2133,.T.);
#2811=ORIENTED_EDGE('',*,*,#2110,.T.);
#2812=ORIENTED_EDGE('',*,*,#2131,.F.);
#2813=ORIENTED_EDGE('',*,*,#2073,.F.);
#2814=ORIENTED_EDGE('',*,*,#2140,.F.);
#2815=ORIENTED_EDGE('',*,*,#2141,.F.);
#2816=ORIENTED_EDGE('',*,*,#2135,.T.);
#2817=ORIENTED_EDGE('',*,*,#2142,.F.);
#2818=ORIENTED_EDGE('',*,*,#2136,.T.);
#2819=ORIENTED_EDGE('',*,*,#2141,.T.);
#2820=ORIENTED_EDGE('',*,*,#2143,.F.);
#2821=ORIENTED_EDGE('',*,*,#1979,.F.);
#2822=ORIENTED_EDGE('',*,*,#2144,.F.);
#2823=ORIENTED_EDGE('',*,*,#1975,.F.);
#2824=ORIENTED_EDGE('',*,*,#2145,.F.);
#2825=ORIENTED_EDGE('',*,*,#1971,.F.);
#2826=ORIENTED_EDGE('',*,*,#2146,.F.);
#2827=ORIENTED_EDGE('',*,*,#1967,.F.);
#2828=ORIENTED_EDGE('',*,*,#2147,.F.);
#2829=ORIENTED_EDGE('',*,*,#1963,.F.);
#2830=ORIENTED_EDGE('',*,*,#2148,.F.);
#2831=ORIENTED_EDGE('',*,*,#2067,.T.);
#2832=ORIENTED_EDGE('',*,*,#2149,.T.);
#2833=ORIENTED_EDGE('',*,*,#2112,.F.);
#2834=ORIENTED_EDGE('',*,*,#2150,.F.);
#2835=ORIENTED_EDGE('',*,*,#2064,.T.);
#2836=ORIENTED_EDGE('',*,*,#2151,.F.);
#2837=ORIENTED_EDGE('',*,*,#2152,.F.);
#2838=ORIENTED_EDGE('',*,*,#2153,.F.);
#2839=ORIENTED_EDGE('',*,*,#2154,.F.);
#2840=ORIENTED_EDGE('',*,*,#1806,.F.);
#2841=ORIENTED_EDGE('',*,*,#2070,.T.);
#2842=ORIENTED_EDGE('',*,*,#2155,.T.);
#2843=ORIENTED_EDGE('',*,*,#2113,.F.);
#2844=ORIENTED_EDGE('',*,*,#2149,.F.);
#2845=ORIENTED_EDGE('',*,*,#2069,.T.);
#2846=ORIENTED_EDGE('',*,*,#2156,.F.);
#2847=ORIENTED_EDGE('',*,*,#1808,.F.);
#2848=ORIENTED_EDGE('',*,*,#2157,.F.);
#2849=ORIENTED_EDGE('',*,*,#2158,.F.);
#2850=ORIENTED_EDGE('',*,*,#2159,.T.);
#2851=ORIENTED_EDGE('',*,*,#2160,.T.);
#2852=ORIENTED_EDGE('',*,*,#2114,.F.);
#2853=ORIENTED_EDGE('',*,*,#2155,.F.);
#2854=ORIENTED_EDGE('',*,*,#2071,.T.);
#2855=ORIENTED_EDGE('',*,*,#1804,.F.);
#2856=ORIENTED_EDGE('',*,*,#2161,.F.);
#2857=ORIENTED_EDGE('',*,*,#2065,.T.);
#2858=ORIENTED_EDGE('',*,*,#2150,.T.);
#2859=ORIENTED_EDGE('',*,*,#2115,.F.);
#2860=ORIENTED_EDGE('',*,*,#2160,.F.);
#2861=ORIENTED_EDGE('',*,*,#2162,.T.);
#2862=ORIENTED_EDGE('',*,*,#2159,.F.);
#2863=ORIENTED_EDGE('',*,*,#2163,.T.);
#2864=ORIENTED_EDGE('',*,*,#2162,.F.);
#2865=ORIENTED_EDGE('',*,*,#1904,.T.);
#2866=ORIENTED_EDGE('',*,*,#2123,.T.);
#2867=ORIENTED_EDGE('',*,*,#2138,.T.);
#2868=ORIENTED_EDGE('',*,*,#2125,.T.);
#2869=ORIENTED_EDGE('',*,*,#1905,.F.);
#2870=ORIENTED_EDGE('',*,*,#2117,.F.);
#2871=ORIENTED_EDGE('',*,*,#2129,.F.);
#2872=ORIENTED_EDGE('',*,*,#2119,.F.);
#2873=ORIENTED_EDGE('',*,*,#2128,.T.);
#2874=ORIENTED_EDGE('',*,*,#2036,.F.);
#2875=ORIENTED_EDGE('',*,*,#2164,.F.);
#2876=ORIENTED_EDGE('',*,*,#2121,.T.);
#2877=ORIENTED_EDGE('',*,*,#1917,.F.);
#2878=ORIENTED_EDGE('',*,*,#2165,.F.);
#2879=ORIENTED_EDGE('',*,*,#1911,.F.);
#2880=ORIENTED_EDGE('',*,*,#2166,.F.);
#2881=ORIENTED_EDGE('',*,*,#2167,.F.);
#2882=ORIENTED_EDGE('',*,*,#2168,.F.);
#2883=ORIENTED_EDGE('',*,*,#2061,.F.);
#2884=ORIENTED_EDGE('',*,*,#2169,.F.);
#2885=ORIENTED_EDGE('',*,*,#2134,.T.);
#2886=ORIENTED_EDGE('',*,*,#2170,.F.);
#2887=ORIENTED_EDGE('',*,*,#2124,.T.);
#2888=ORIENTED_EDGE('',*,*,#2171,.F.);
#2889=ORIENTED_EDGE('',*,*,#1942,.F.);
#2890=ORIENTED_EDGE('',*,*,#2139,.T.);
#2891=ORIENTED_EDGE('',*,*,#2137,.T.);
#2892=ORIENTED_EDGE('',*,*,#2172,.F.);
#2893=ORIENTED_EDGE('',*,*,#1959,.F.);
#2894=ORIENTED_EDGE('',*,*,#2127,.T.);
#2895=ORIENTED_EDGE('',*,*,#1983,.F.);
#2896=ORIENTED_EDGE('',*,*,#2173,.F.);
#2897=ORIENTED_EDGE('',*,*,#2140,.T.);
#2898=ORIENTED_EDGE('',*,*,#2174,.F.);
#2899=ORIENTED_EDGE('',*,*,#1995,.F.);
#2900=ORIENTED_EDGE('',*,*,#2175,.F.);
#2901=ORIENTED_EDGE('',*,*,#1991,.F.);
#2902=ORIENTED_EDGE('',*,*,#1885,.F.);
#2903=ORIENTED_EDGE('',*,*,#1989,.F.);
#2904=ORIENTED_EDGE('',*,*,#1881,.F.);
#2905=ORIENTED_EDGE('',*,*,#1987,.F.);
#2906=ORIENTED_EDGE('',*,*,#2176,.F.);
#2907=ORIENTED_EDGE('',*,*,#2118,.T.);
#2908=ORIENTED_EDGE('',*,*,#2019,.F.);
#2909=ORIENTED_EDGE('',*,*,#2177,.F.);
#2910=ORIENTED_EDGE('',*,*,#2130,.T.);
#2911=ORIENTED_EDGE('',*,*,#1913,.T.);
#2912=ORIENTED_EDGE('',*,*,#2178,.T.);
#2913=ORIENTED_EDGE('',*,*,#1915,.T.);
#2914=ORIENTED_EDGE('',*,*,#2179,.T.);
#2915=ORIENTED_EDGE('',*,*,#1919,.T.);
#2916=ORIENTED_EDGE('',*,*,#2180,.T.);
#2917=ORIENTED_EDGE('',*,*,#1923,.T.);
#2918=ORIENTED_EDGE('',*,*,#2181,.T.);
#2919=ORIENTED_EDGE('',*,*,#1927,.T.);
#2920=ORIENTED_EDGE('',*,*,#2182,.T.);
#2921=ORIENTED_EDGE('',*,*,#1931,.T.);
#2922=ORIENTED_EDGE('',*,*,#2183,.T.);
#2923=ORIENTED_EDGE('',*,*,#1935,.T.);
#2924=ORIENTED_EDGE('',*,*,#2184,.T.);
#2925=ORIENTED_EDGE('',*,*,#1939,.T.);
#2926=ORIENTED_EDGE('',*,*,#2185,.T.);
#2927=ORIENTED_EDGE('',*,*,#1944,.T.);
#2928=ORIENTED_EDGE('',*,*,#2186,.T.);
#2929=ORIENTED_EDGE('',*,*,#1948,.T.);
#2930=ORIENTED_EDGE('',*,*,#2187,.T.);
#2931=ORIENTED_EDGE('',*,*,#1952,.T.);
#2932=ORIENTED_EDGE('',*,*,#2188,.T.);
#2933=ORIENTED_EDGE('',*,*,#1956,.T.);
#2934=ORIENTED_EDGE('',*,*,#2189,.T.);
#2935=ORIENTED_EDGE('',*,*,#1961,.T.);
#2936=ORIENTED_EDGE('',*,*,#2190,.T.);
#2937=ORIENTED_EDGE('',*,*,#1965,.T.);
#2938=ORIENTED_EDGE('',*,*,#2191,.T.);
#2939=ORIENTED_EDGE('',*,*,#1969,.T.);
#2940=ORIENTED_EDGE('',*,*,#2192,.T.);
#2941=ORIENTED_EDGE('',*,*,#1973,.T.);
#2942=ORIENTED_EDGE('',*,*,#2193,.T.);
#2943=ORIENTED_EDGE('',*,*,#1977,.T.);
#2944=ORIENTED_EDGE('',*,*,#2194,.T.);
#2945=ORIENTED_EDGE('',*,*,#1981,.T.);
#2946=ORIENTED_EDGE('',*,*,#2195,.T.);
#2947=ORIENTED_EDGE('',*,*,#1985,.T.);
#2948=ORIENTED_EDGE('',*,*,#1883,.T.);
#2949=ORIENTED_EDGE('',*,*,#1988,.T.);
#2950=ORIENTED_EDGE('',*,*,#1887,.T.);
#2951=ORIENTED_EDGE('',*,*,#1990,.T.);
#2952=ORIENTED_EDGE('',*,*,#2196,.T.);
#2953=ORIENTED_EDGE('',*,*,#1993,.T.);
#2954=ORIENTED_EDGE('',*,*,#2197,.T.);
#2955=ORIENTED_EDGE('',*,*,#1997,.T.);
#2956=ORIENTED_EDGE('',*,*,#2198,.T.);
#2957=ORIENTED_EDGE('',*,*,#2001,.T.);
#2958=ORIENTED_EDGE('',*,*,#2199,.T.);
#2959=ORIENTED_EDGE('',*,*,#2005,.T.);
#2960=ORIENTED_EDGE('',*,*,#2200,.T.);
#2961=ORIENTED_EDGE('',*,*,#2009,.T.);
#2962=ORIENTED_EDGE('',*,*,#2201,.T.);
#2963=ORIENTED_EDGE('',*,*,#2013,.T.);
#2964=ORIENTED_EDGE('',*,*,#2202,.T.);
#2965=ORIENTED_EDGE('',*,*,#2017,.T.);
#2966=ORIENTED_EDGE('',*,*,#2203,.T.);
#2967=ORIENTED_EDGE('',*,*,#2022,.T.);
#2968=ORIENTED_EDGE('',*,*,#2204,.T.);
#2969=ORIENTED_EDGE('',*,*,#2026,.T.);
#2970=ORIENTED_EDGE('',*,*,#2205,.T.);
#2971=ORIENTED_EDGE('',*,*,#2030,.T.);
#2972=ORIENTED_EDGE('',*,*,#2206,.T.);
#2973=ORIENTED_EDGE('',*,*,#2034,.T.);
#2974=ORIENTED_EDGE('',*,*,#2207,.T.);
#2975=ORIENTED_EDGE('',*,*,#2039,.T.);
#2976=ORIENTED_EDGE('',*,*,#2208,.T.);
#2977=ORIENTED_EDGE('',*,*,#2043,.T.);
#2978=ORIENTED_EDGE('',*,*,#2209,.T.);
#2979=ORIENTED_EDGE('',*,*,#2047,.T.);
#2980=ORIENTED_EDGE('',*,*,#2210,.T.);
#2981=ORIENTED_EDGE('',*,*,#2051,.T.);
#2982=ORIENTED_EDGE('',*,*,#2211,.T.);
#2983=ORIENTED_EDGE('',*,*,#2055,.T.);
#2984=ORIENTED_EDGE('',*,*,#2212,.T.);
#2985=ORIENTED_EDGE('',*,*,#2059,.T.);
#2986=ORIENTED_EDGE('',*,*,#2213,.T.);
#2987=ORIENTED_EDGE('',*,*,#2214,.T.);
#2988=ORIENTED_EDGE('',*,*,#2215,.T.);
#2989=ORIENTED_EDGE('',*,*,#1892,.F.);
#2990=ORIENTED_EDGE('',*,*,#1879,.F.);
#2991=ORIENTED_EDGE('',*,*,#2214,.F.);
#2992=ORIENTED_EDGE('',*,*,#2216,.T.);
#2993=ORIENTED_EDGE('',*,*,#2167,.T.);
#2994=ORIENTED_EDGE('',*,*,#2217,.T.);
#2995=ORIENTED_EDGE('',*,*,#2154,.T.);
#2996=ORIENTED_EDGE('',*,*,#2218,.T.);
#2997=ORIENTED_EDGE('',*,*,#2152,.T.);
#2998=ORIENTED_EDGE('',*,*,#2219,.F.);
#2999=ORIENTED_EDGE('',*,*,#1880,.F.);
#3000=ORIENTED_EDGE('',*,*,#2220,.F.);
#3001=ORIENTED_EDGE('',*,*,#1841,.T.);
#3002=ORIENTED_EDGE('',*,*,#2221,.T.);
#3003=ORIENTED_EDGE('',*,*,#1839,.T.);
#3004=ORIENTED_EDGE('',*,*,#1836,.T.);
#3005=ORIENTED_EDGE('',*,*,#1833,.T.);
#3006=ORIENTED_EDGE('',*,*,#1830,.T.);
#3007=ORIENTED_EDGE('',*,*,#1827,.T.);
#3008=ORIENTED_EDGE('',*,*,#1824,.T.);
#3009=ORIENTED_EDGE('',*,*,#1821,.T.);
#3010=ORIENTED_EDGE('',*,*,#1818,.T.);
#3011=ORIENTED_EDGE('',*,*,#1815,.T.);
#3012=ORIENTED_EDGE('',*,*,#1812,.T.);
#3013=ORIENTED_EDGE('',*,*,#1809,.T.);
#3014=ORIENTED_EDGE('',*,*,#2156,.T.);
#3015=ORIENTED_EDGE('',*,*,#2068,.F.);
#3016=ORIENTED_EDGE('',*,*,#2148,.T.);
#3017=ORIENTED_EDGE('',*,*,#2219,.T.);
#3018=ORIENTED_EDGE('',*,*,#2151,.T.);
#3019=ORIENTED_EDGE('',*,*,#2063,.F.);
#3020=ORIENTED_EDGE('',*,*,#1845,.F.);
#3021=ORIENTED_EDGE('',*,*,#1849,.F.);
#3022=ORIENTED_EDGE('',*,*,#1852,.F.);
#3023=ORIENTED_EDGE('',*,*,#1855,.F.);
#3024=ORIENTED_EDGE('',*,*,#1858,.F.);
#3025=ORIENTED_EDGE('',*,*,#1861,.F.);
#3026=ORIENTED_EDGE('',*,*,#1864,.F.);
#3027=ORIENTED_EDGE('',*,*,#1867,.F.);
#3028=ORIENTED_EDGE('',*,*,#1870,.F.);
#3029=ORIENTED_EDGE('',*,*,#1873,.F.);
#3030=ORIENTED_EDGE('',*,*,#1876,.F.);
#3031=ORIENTED_EDGE('',*,*,#1889,.F.);
#3032=ORIENTED_EDGE('',*,*,#2153,.T.);
#3033=ORIENTED_EDGE('',*,*,#2218,.F.);
#3034=ORIENTED_EDGE('',*,*,#2161,.T.);
#3035=ORIENTED_EDGE('',*,*,#2163,.F.);
#3036=ORIENTED_EDGE('',*,*,#2158,.T.);
#3037=ORIENTED_EDGE('',*,*,#1803,.F.);
#3038=ORIENTED_EDGE('',*,*,#1811,.F.);
#3039=ORIENTED_EDGE('',*,*,#1814,.F.);
#3040=ORIENTED_EDGE('',*,*,#1817,.F.);
#3041=ORIENTED_EDGE('',*,*,#1820,.F.);
#3042=ORIENTED_EDGE('',*,*,#1823,.F.);
#3043=ORIENTED_EDGE('',*,*,#1826,.F.);
#3044=ORIENTED_EDGE('',*,*,#1829,.F.);
#3045=ORIENTED_EDGE('',*,*,#1832,.F.);
#3046=ORIENTED_EDGE('',*,*,#1835,.F.);
#3047=ORIENTED_EDGE('',*,*,#1838,.F.);
#3048=ORIENTED_EDGE('',*,*,#2222,.F.);
#3049=ORIENTED_EDGE('',*,*,#1843,.F.);
#3050=ORIENTED_EDGE('',*,*,#2223,.F.);
#3051=ORIENTED_EDGE('',*,*,#1890,.T.);
#3052=ORIENTED_EDGE('',*,*,#1877,.T.);
#3053=ORIENTED_EDGE('',*,*,#1874,.T.);
#3054=ORIENTED_EDGE('',*,*,#1871,.T.);
#3055=ORIENTED_EDGE('',*,*,#1868,.T.);
#3056=ORIENTED_EDGE('',*,*,#1865,.T.);
#3057=ORIENTED_EDGE('',*,*,#1862,.T.);
#3058=ORIENTED_EDGE('',*,*,#1859,.T.);
#3059=ORIENTED_EDGE('',*,*,#1856,.T.);
#3060=ORIENTED_EDGE('',*,*,#1853,.T.);
#3061=ORIENTED_EDGE('',*,*,#1850,.T.);
#3062=ORIENTED_EDGE('',*,*,#1847,.T.);
#3063=ORIENTED_EDGE('',*,*,#2066,.F.);
#3064=ORIENTED_EDGE('',*,*,#1807,.F.);
#3065=ORIENTED_EDGE('',*,*,#2157,.T.);
#3066=ORIENTED_EDGE('',*,*,#2220,.T.);
#3067=ORIENTED_EDGE('',*,*,#1891,.T.);
#3068=ORIENTED_EDGE('',*,*,#2223,.T.);
#3069=ORIENTED_EDGE('',*,*,#1842,.T.);
#3070=ORIENTED_EDGE('',*,*,#1840,.T.);
#3071=ORIENTED_EDGE('',*,*,#2222,.T.);
#3072=ORIENTED_EDGE('',*,*,#1837,.F.);
#3073=ORIENTED_EDGE('',*,*,#2221,.F.);
#3074=ORIENTED_EDGE('',*,*,#2217,.F.);
#3075=ORIENTED_EDGE('',*,*,#2166,.T.);
#3076=ORIENTED_EDGE('',*,*,#1914,.F.);
#3077=ORIENTED_EDGE('',*,*,#2215,.F.);
#3078=ORIENTED_EDGE('',*,*,#2062,.F.);
#3079=ORIENTED_EDGE('',*,*,#2168,.T.);
#3080=ORIENTED_EDGE('',*,*,#2216,.F.);
#3081=ORIENTED_EDGE('',*,*,#2213,.F.);
#3082=ORIENTED_EDGE('',*,*,#2058,.F.);
#3083=ORIENTED_EDGE('',*,*,#2089,.T.);
#3084=ORIENTED_EDGE('',*,*,#2169,.T.);
#3085=ORIENTED_EDGE('',*,*,#2060,.F.);
#3086=ORIENTED_EDGE('',*,*,#2212,.F.);
#3087=ORIENTED_EDGE('',*,*,#2054,.F.);
#3088=ORIENTED_EDGE('',*,*,#2090,.T.);
#3089=ORIENTED_EDGE('',*,*,#2056,.F.);
#3090=ORIENTED_EDGE('',*,*,#2211,.F.);
#3091=ORIENTED_EDGE('',*,*,#2050,.F.);
#3092=ORIENTED_EDGE('',*,*,#2091,.T.);
#3093=ORIENTED_EDGE('',*,*,#2052,.F.);
#3094=ORIENTED_EDGE('',*,*,#2210,.F.);
#3095=ORIENTED_EDGE('',*,*,#2046,.F.);
#3096=ORIENTED_EDGE('',*,*,#2092,.T.);
#3097=ORIENTED_EDGE('',*,*,#2048,.F.);
#3098=ORIENTED_EDGE('',*,*,#2209,.F.);
#3099=ORIENTED_EDGE('',*,*,#2042,.F.);
#3100=ORIENTED_EDGE('',*,*,#2093,.T.);
#3101=ORIENTED_EDGE('',*,*,#2044,.F.);
#3102=ORIENTED_EDGE('',*,*,#2208,.F.);
#3103=ORIENTED_EDGE('',*,*,#2038,.F.);
#3104=ORIENTED_EDGE('',*,*,#2086,.T.);
#3105=ORIENTED_EDGE('',*,*,#2040,.F.);
#3106=ORIENTED_EDGE('',*,*,#2207,.F.);
#3107=ORIENTED_EDGE('',*,*,#2033,.F.);
#3108=ORIENTED_EDGE('',*,*,#2083,.T.);
#3109=ORIENTED_EDGE('',*,*,#2164,.T.);
#3110=ORIENTED_EDGE('',*,*,#2035,.F.);
#3111=ORIENTED_EDGE('',*,*,#2206,.F.);
#3112=ORIENTED_EDGE('',*,*,#2029,.F.);
#3113=ORIENTED_EDGE('',*,*,#2084,.T.);
#3114=ORIENTED_EDGE('',*,*,#2031,.F.);
#3115=ORIENTED_EDGE('',*,*,#2205,.F.);
#3116=ORIENTED_EDGE('',*,*,#2025,.F.);
#3117=ORIENTED_EDGE('',*,*,#2085,.T.);
#3118=ORIENTED_EDGE('',*,*,#2027,.F.);
#3119=ORIENTED_EDGE('',*,*,#2204,.F.);
#3120=ORIENTED_EDGE('',*,*,#2021,.F.);
#3121=ORIENTED_EDGE('',*,*,#2080,.T.);
#3122=ORIENTED_EDGE('',*,*,#2023,.F.);
#3123=ORIENTED_EDGE('',*,*,#2203,.F.);
#3124=ORIENTED_EDGE('',*,*,#2016,.F.);
#3125=ORIENTED_EDGE('',*,*,#2075,.T.);
#3126=ORIENTED_EDGE('',*,*,#2177,.T.);
#3127=ORIENTED_EDGE('',*,*,#2018,.F.);
#3128=ORIENTED_EDGE('',*,*,#2202,.F.);
#3129=ORIENTED_EDGE('',*,*,#2012,.F.);
#3130=ORIENTED_EDGE('',*,*,#2076,.T.);
#3131=ORIENTED_EDGE('',*,*,#2014,.F.);
#3132=ORIENTED_EDGE('',*,*,#2201,.F.);
#3133=ORIENTED_EDGE('',*,*,#2008,.F.);
#3134=ORIENTED_EDGE('',*,*,#2077,.T.);
#3135=ORIENTED_EDGE('',*,*,#2010,.F.);
#3136=ORIENTED_EDGE('',*,*,#2200,.F.);
#3137=ORIENTED_EDGE('',*,*,#2004,.F.);
#3138=ORIENTED_EDGE('',*,*,#2078,.T.);
#3139=ORIENTED_EDGE('',*,*,#2006,.F.);
#3140=ORIENTED_EDGE('',*,*,#2199,.F.);
#3141=ORIENTED_EDGE('',*,*,#2000,.F.);
#3142=ORIENTED_EDGE('',*,*,#2079,.T.);
#3143=ORIENTED_EDGE('',*,*,#2002,.F.);
#3144=ORIENTED_EDGE('',*,*,#2198,.F.);
#3145=ORIENTED_EDGE('',*,*,#1996,.F.);
#3146=ORIENTED_EDGE('',*,*,#2174,.T.);
#3147=ORIENTED_EDGE('',*,*,#2072,.T.);
#3148=ORIENTED_EDGE('',*,*,#1998,.F.);
#3149=ORIENTED_EDGE('',*,*,#2197,.F.);
#3150=ORIENTED_EDGE('',*,*,#1992,.F.);
#3151=ORIENTED_EDGE('',*,*,#2175,.T.);
#3152=ORIENTED_EDGE('',*,*,#1994,.F.);
#3153=ORIENTED_EDGE('',*,*,#2196,.F.);
#3154=ORIENTED_EDGE('',*,*,#1984,.F.);
#3155=ORIENTED_EDGE('',*,*,#2176,.T.);
#3156=ORIENTED_EDGE('',*,*,#1986,.F.);
#3157=ORIENTED_EDGE('',*,*,#2195,.F.);
#3158=ORIENTED_EDGE('',*,*,#1980,.F.);
#3159=ORIENTED_EDGE('',*,*,#2143,.T.);
#3160=ORIENTED_EDGE('',*,*,#2173,.T.);
#3161=ORIENTED_EDGE('',*,*,#1982,.F.);
#3162=ORIENTED_EDGE('',*,*,#2194,.F.);
#3163=ORIENTED_EDGE('',*,*,#1976,.F.);
#3164=ORIENTED_EDGE('',*,*,#2144,.T.);
#3165=ORIENTED_EDGE('',*,*,#1978,.F.);
#3166=ORIENTED_EDGE('',*,*,#2193,.F.);
#3167=ORIENTED_EDGE('',*,*,#1972,.F.);
#3168=ORIENTED_EDGE('',*,*,#2145,.T.);
#3169=ORIENTED_EDGE('',*,*,#1974,.F.);
#3170=ORIENTED_EDGE('',*,*,#2192,.F.);
#3171=ORIENTED_EDGE('',*,*,#1968,.F.);
#3172=ORIENTED_EDGE('',*,*,#2146,.T.);
#3173=ORIENTED_EDGE('',*,*,#1970,.F.);
#3174=ORIENTED_EDGE('',*,*,#2191,.F.);
#3175=ORIENTED_EDGE('',*,*,#1964,.F.);
#3176=ORIENTED_EDGE('',*,*,#2147,.T.);
#3177=ORIENTED_EDGE('',*,*,#1966,.F.);
#3178=ORIENTED_EDGE('',*,*,#2190,.F.);
#3179=ORIENTED_EDGE('',*,*,#1960,.F.);
#3180=ORIENTED_EDGE('',*,*,#2172,.T.);
#3181=ORIENTED_EDGE('',*,*,#2142,.T.);
#3182=ORIENTED_EDGE('',*,*,#1962,.F.);
#3183=ORIENTED_EDGE('',*,*,#2189,.F.);
#3184=ORIENTED_EDGE('',*,*,#1955,.F.);
#3185=ORIENTED_EDGE('',*,*,#2105,.T.);
#3186=ORIENTED_EDGE('',*,*,#1957,.F.);
#3187=ORIENTED_EDGE('',*,*,#2188,.F.);
#3188=ORIENTED_EDGE('',*,*,#1951,.F.);
#3189=ORIENTED_EDGE('',*,*,#2106,.T.);
#3190=ORIENTED_EDGE('',*,*,#1953,.F.);
#3191=ORIENTED_EDGE('',*,*,#2187,.F.);
#3192=ORIENTED_EDGE('',*,*,#1947,.F.);
#3193=ORIENTED_EDGE('',*,*,#2107,.T.);
#3194=ORIENTED_EDGE('',*,*,#1949,.F.);
#3195=ORIENTED_EDGE('',*,*,#2186,.F.);
#3196=ORIENTED_EDGE('',*,*,#1943,.F.);
#3197=ORIENTED_EDGE('',*,*,#2171,.T.);
#3198=ORIENTED_EDGE('',*,*,#2102,.T.);
#3199=ORIENTED_EDGE('',*,*,#1945,.F.);
#3200=ORIENTED_EDGE('',*,*,#2185,.F.);
#3201=ORIENTED_EDGE('',*,*,#1938,.F.);
#3202=ORIENTED_EDGE('',*,*,#2097,.T.);
#3203=ORIENTED_EDGE('',*,*,#1940,.F.);
#3204=ORIENTED_EDGE('',*,*,#2184,.F.);
#3205=ORIENTED_EDGE('',*,*,#1934,.F.);
#3206=ORIENTED_EDGE('',*,*,#2098,.T.);
#3207=ORIENTED_EDGE('',*,*,#1936,.F.);
#3208=ORIENTED_EDGE('',*,*,#2183,.F.);
#3209=ORIENTED_EDGE('',*,*,#1930,.F.);
#3210=ORIENTED_EDGE('',*,*,#2099,.T.);
#3211=ORIENTED_EDGE('',*,*,#1932,.F.);
#3212=ORIENTED_EDGE('',*,*,#2182,.F.);
#3213=ORIENTED_EDGE('',*,*,#1926,.F.);
#3214=ORIENTED_EDGE('',*,*,#2100,.T.);
#3215=ORIENTED_EDGE('',*,*,#1928,.F.);
#3216=ORIENTED_EDGE('',*,*,#2181,.F.);
#3217=ORIENTED_EDGE('',*,*,#1922,.F.);
#3218=ORIENTED_EDGE('',*,*,#2101,.T.);
#3219=ORIENTED_EDGE('',*,*,#1924,.F.);
#3220=ORIENTED_EDGE('',*,*,#2180,.F.);
#3221=ORIENTED_EDGE('',*,*,#1918,.F.);
#3222=ORIENTED_EDGE('',*,*,#2170,.T.);
#3223=ORIENTED_EDGE('',*,*,#2094,.T.);
#3224=ORIENTED_EDGE('',*,*,#1920,.F.);
#3225=ORIENTED_EDGE('',*,*,#2179,.F.);
#3226=ORIENTED_EDGE('',*,*,#1912,.F.);
#3227=ORIENTED_EDGE('',*,*,#2165,.T.);
#3228=ORIENTED_EDGE('',*,*,#1916,.F.);
#3229=ORIENTED_EDGE('',*,*,#2178,.F.);
#3230=ORIENTED_EDGE('',*,*,#2224,.F.);
#3231=ORIENTED_EDGE('',*,*,#2225,.T.);
#3232=ORIENTED_EDGE('',*,*,#2226,.T.);
#3233=ORIENTED_EDGE('',*,*,#2227,.F.);
#3234=ORIENTED_EDGE('',*,*,#2228,.F.);
#3235=ORIENTED_EDGE('',*,*,#2229,.T.);
#3236=ORIENTED_EDGE('',*,*,#2224,.T.);
#3237=ORIENTED_EDGE('',*,*,#2230,.F.);
#3238=ORIENTED_EDGE('',*,*,#2231,.F.);
#3239=ORIENTED_EDGE('',*,*,#2232,.T.);
#3240=ORIENTED_EDGE('',*,*,#2228,.T.);
#3241=ORIENTED_EDGE('',*,*,#2233,.F.);
#3242=ORIENTED_EDGE('',*,*,#2234,.F.);
#3243=ORIENTED_EDGE('',*,*,#2235,.T.);
#3244=ORIENTED_EDGE('',*,*,#2231,.T.);
#3245=ORIENTED_EDGE('',*,*,#2236,.F.);
#3246=ORIENTED_EDGE('',*,*,#2237,.F.);
#3247=ORIENTED_EDGE('',*,*,#2238,.T.);
#3248=ORIENTED_EDGE('',*,*,#2234,.T.);
#3249=ORIENTED_EDGE('',*,*,#2239,.F.);
#3250=ORIENTED_EDGE('',*,*,#2240,.F.);
#3251=ORIENTED_EDGE('',*,*,#2241,.T.);
#3252=ORIENTED_EDGE('',*,*,#2237,.T.);
#3253=ORIENTED_EDGE('',*,*,#2242,.F.);
#3254=ORIENTED_EDGE('',*,*,#2243,.F.);
#3255=ORIENTED_EDGE('',*,*,#2244,.T.);
#3256=ORIENTED_EDGE('',*,*,#2240,.T.);
#3257=ORIENTED_EDGE('',*,*,#2245,.F.);
#3258=ORIENTED_EDGE('',*,*,#2246,.F.);
#3259=ORIENTED_EDGE('',*,*,#2247,.T.);
#3260=ORIENTED_EDGE('',*,*,#2243,.T.);
#3261=ORIENTED_EDGE('',*,*,#2248,.F.);
#3262=ORIENTED_EDGE('',*,*,#2249,.F.);
#3263=ORIENTED_EDGE('',*,*,#2250,.T.);
#3264=ORIENTED_EDGE('',*,*,#2246,.T.);
#3265=ORIENTED_EDGE('',*,*,#2251,.F.);
#3266=ORIENTED_EDGE('',*,*,#2252,.F.);
#3267=ORIENTED_EDGE('',*,*,#2253,.T.);
#3268=ORIENTED_EDGE('',*,*,#2249,.T.);
#3269=ORIENTED_EDGE('',*,*,#2254,.F.);
#3270=ORIENTED_EDGE('',*,*,#2255,.F.);
#3271=ORIENTED_EDGE('',*,*,#2256,.T.);
#3272=ORIENTED_EDGE('',*,*,#2252,.T.);
#3273=ORIENTED_EDGE('',*,*,#2257,.F.);
#3274=ORIENTED_EDGE('',*,*,#2258,.F.);
#3275=ORIENTED_EDGE('',*,*,#2259,.T.);
#3276=ORIENTED_EDGE('',*,*,#2255,.T.);
#3277=ORIENTED_EDGE('',*,*,#2260,.F.);
#3278=ORIENTED_EDGE('',*,*,#2261,.F.);
#3279=ORIENTED_EDGE('',*,*,#2262,.T.);
#3280=ORIENTED_EDGE('',*,*,#2258,.T.);
#3281=ORIENTED_EDGE('',*,*,#2263,.F.);
#3282=ORIENTED_EDGE('',*,*,#2264,.F.);
#3283=ORIENTED_EDGE('',*,*,#2265,.T.);
#3284=ORIENTED_EDGE('',*,*,#2261,.T.);
#3285=ORIENTED_EDGE('',*,*,#2266,.F.);
#3286=ORIENTED_EDGE('',*,*,#2267,.F.);
#3287=ORIENTED_EDGE('',*,*,#2268,.F.);
#3288=ORIENTED_EDGE('',*,*,#2269,.T.);
#3289=ORIENTED_EDGE('',*,*,#2270,.F.);
#3290=ORIENTED_EDGE('',*,*,#2271,.F.);
#3291=ORIENTED_EDGE('',*,*,#2267,.T.);
#3292=ORIENTED_EDGE('',*,*,#2272,.T.);
#3293=ORIENTED_EDGE('',*,*,#2273,.T.);
#3294=ORIENTED_EDGE('',*,*,#2274,.T.);
#3295=ORIENTED_EDGE('',*,*,#2275,.F.);
#3296=ORIENTED_EDGE('',*,*,#2276,.F.);
#3297=ORIENTED_EDGE('',*,*,#2270,.T.);
#3298=ORIENTED_EDGE('',*,*,#2277,.T.);
#3299=ORIENTED_EDGE('',*,*,#2278,.F.);
#3300=ORIENTED_EDGE('',*,*,#2279,.F.);
#3301=ORIENTED_EDGE('',*,*,#2275,.T.);
#3302=ORIENTED_EDGE('',*,*,#2280,.T.);
#3303=ORIENTED_EDGE('',*,*,#2281,.F.);
#3304=ORIENTED_EDGE('',*,*,#2282,.F.);
#3305=ORIENTED_EDGE('',*,*,#2278,.T.);
#3306=ORIENTED_EDGE('',*,*,#2283,.T.);
#3307=ORIENTED_EDGE('',*,*,#2284,.F.);
#3308=ORIENTED_EDGE('',*,*,#2285,.F.);
#3309=ORIENTED_EDGE('',*,*,#2281,.T.);
#3310=ORIENTED_EDGE('',*,*,#2286,.T.);
#3311=ORIENTED_EDGE('',*,*,#2287,.F.);
#3312=ORIENTED_EDGE('',*,*,#2288,.F.);
#3313=ORIENTED_EDGE('',*,*,#2284,.T.);
#3314=ORIENTED_EDGE('',*,*,#2289,.T.);
#3315=ORIENTED_EDGE('',*,*,#2290,.F.);
#3316=ORIENTED_EDGE('',*,*,#2291,.F.);
#3317=ORIENTED_EDGE('',*,*,#2287,.T.);
#3318=ORIENTED_EDGE('',*,*,#2292,.T.);
#3319=ORIENTED_EDGE('',*,*,#2293,.F.);
#3320=ORIENTED_EDGE('',*,*,#2294,.F.);
#3321=ORIENTED_EDGE('',*,*,#2290,.T.);
#3322=ORIENTED_EDGE('',*,*,#2295,.T.);
#3323=ORIENTED_EDGE('',*,*,#2296,.F.);
#3324=ORIENTED_EDGE('',*,*,#2297,.F.);
#3325=ORIENTED_EDGE('',*,*,#2293,.T.);
#3326=ORIENTED_EDGE('',*,*,#2298,.T.);
#3327=ORIENTED_EDGE('',*,*,#2299,.F.);
#3328=ORIENTED_EDGE('',*,*,#2300,.F.);
#3329=ORIENTED_EDGE('',*,*,#2296,.T.);
#3330=ORIENTED_EDGE('',*,*,#2301,.T.);
#3331=ORIENTED_EDGE('',*,*,#2302,.F.);
#3332=ORIENTED_EDGE('',*,*,#2303,.F.);
#3333=ORIENTED_EDGE('',*,*,#2299,.T.);
#3334=ORIENTED_EDGE('',*,*,#2304,.T.);
#3335=ORIENTED_EDGE('',*,*,#2305,.F.);
#3336=ORIENTED_EDGE('',*,*,#2306,.F.);
#3337=ORIENTED_EDGE('',*,*,#2302,.T.);
#3338=ORIENTED_EDGE('',*,*,#2307,.T.);
#3339=ORIENTED_EDGE('',*,*,#2308,.F.);
#3340=ORIENTED_EDGE('',*,*,#2309,.F.);
#3341=ORIENTED_EDGE('',*,*,#2305,.T.);
#3342=ORIENTED_EDGE('',*,*,#2310,.T.);
#3343=ORIENTED_EDGE('',*,*,#2311,.T.);
#3344=ORIENTED_EDGE('',*,*,#2312,.T.);
#3345=ORIENTED_EDGE('',*,*,#2313,.T.);
#3346=ORIENTED_EDGE('',*,*,#2312,.F.);
#3347=ORIENTED_EDGE('',*,*,#2314,.F.);
#3348=ORIENTED_EDGE('',*,*,#2315,.T.);
#3349=ORIENTED_EDGE('',*,*,#2316,.T.);
#3350=ORIENTED_EDGE('',*,*,#2315,.F.);
#3351=ORIENTED_EDGE('',*,*,#2317,.F.);
#3352=ORIENTED_EDGE('',*,*,#2318,.T.);
#3353=ORIENTED_EDGE('',*,*,#2319,.F.);
#3354=ORIENTED_EDGE('',*,*,#2318,.F.);
#3355=ORIENTED_EDGE('',*,*,#2320,.F.);
#3356=ORIENTED_EDGE('',*,*,#2321,.T.);
#3357=ORIENTED_EDGE('',*,*,#2322,.T.);
#3358=ORIENTED_EDGE('',*,*,#2321,.F.);
#3359=ORIENTED_EDGE('',*,*,#2323,.F.);
#3360=ORIENTED_EDGE('',*,*,#2324,.T.);
#3361=ORIENTED_EDGE('',*,*,#2325,.F.);
#3362=ORIENTED_EDGE('',*,*,#2324,.F.);
#3363=ORIENTED_EDGE('',*,*,#2308,.T.);
#3364=ORIENTED_EDGE('',*,*,#2326,.T.);
#3365=ORIENTED_EDGE('',*,*,#2327,.F.);
#3366=ORIENTED_EDGE('',*,*,#2328,.F.);
#3367=ORIENTED_EDGE('',*,*,#2329,.F.);
#3368=ORIENTED_EDGE('',*,*,#2327,.T.);
#3369=ORIENTED_EDGE('',*,*,#2330,.F.);
#3370=ORIENTED_EDGE('',*,*,#2226,.F.);
#3371=ORIENTED_EDGE('',*,*,#2316,.F.);
#3372=ORIENTED_EDGE('',*,*,#2322,.F.);
#3373=ORIENTED_EDGE('',*,*,#2325,.T.);
#3374=ORIENTED_EDGE('',*,*,#2320,.T.);
#3375=ORIENTED_EDGE('',*,*,#2319,.T.);
#3376=ORIENTED_EDGE('',*,*,#2317,.T.);
#3377=ORIENTED_EDGE('',*,*,#2313,.F.);
#3378=ORIENTED_EDGE('',*,*,#2269,.F.);
#3379=ORIENTED_EDGE('',*,*,#2272,.F.);
#3380=ORIENTED_EDGE('',*,*,#2323,.T.);
#3381=ORIENTED_EDGE('',*,*,#2329,.T.);
#3382=ORIENTED_EDGE('',*,*,#2225,.F.);
#3383=ORIENTED_EDGE('',*,*,#2229,.F.);
#3384=ORIENTED_EDGE('',*,*,#2232,.F.);
#3385=ORIENTED_EDGE('',*,*,#2235,.F.);
#3386=ORIENTED_EDGE('',*,*,#2238,.F.);
#3387=ORIENTED_EDGE('',*,*,#2241,.F.);
#3388=ORIENTED_EDGE('',*,*,#2244,.F.);
#3389=ORIENTED_EDGE('',*,*,#2247,.F.);
#3390=ORIENTED_EDGE('',*,*,#2250,.F.);
#3391=ORIENTED_EDGE('',*,*,#2253,.F.);
#3392=ORIENTED_EDGE('',*,*,#2256,.F.);
#3393=ORIENTED_EDGE('',*,*,#2259,.F.);
#3394=ORIENTED_EDGE('',*,*,#2262,.F.);
#3395=ORIENTED_EDGE('',*,*,#2265,.F.);
#3396=ORIENTED_EDGE('',*,*,#2331,.F.);
#3397=ORIENTED_EDGE('',*,*,#2332,.T.);
#3398=ORIENTED_EDGE('',*,*,#2268,.T.);
#3399=ORIENTED_EDGE('',*,*,#2271,.T.);
#3400=ORIENTED_EDGE('',*,*,#2276,.T.);
#3401=ORIENTED_EDGE('',*,*,#2279,.T.);
#3402=ORIENTED_EDGE('',*,*,#2282,.T.);
#3403=ORIENTED_EDGE('',*,*,#2285,.T.);
#3404=ORIENTED_EDGE('',*,*,#2288,.T.);
#3405=ORIENTED_EDGE('',*,*,#2291,.T.);
#3406=ORIENTED_EDGE('',*,*,#2294,.T.);
#3407=ORIENTED_EDGE('',*,*,#2297,.T.);
#3408=ORIENTED_EDGE('',*,*,#2300,.T.);
#3409=ORIENTED_EDGE('',*,*,#2303,.T.);
#3410=ORIENTED_EDGE('',*,*,#2306,.T.);
#3411=ORIENTED_EDGE('',*,*,#2309,.T.);
#3412=ORIENTED_EDGE('',*,*,#2328,.T.);
#3413=ORIENTED_EDGE('',*,*,#2264,.T.);
#3414=ORIENTED_EDGE('',*,*,#2333,.F.);
#3415=ORIENTED_EDGE('',*,*,#2334,.T.);
#3416=ORIENTED_EDGE('',*,*,#2331,.T.);
#3417=ORIENTED_EDGE('',*,*,#2330,.T.);
#3418=ORIENTED_EDGE('',*,*,#2326,.F.);
#3419=ORIENTED_EDGE('',*,*,#2310,.F.);
#3420=ORIENTED_EDGE('',*,*,#2307,.F.);
#3421=ORIENTED_EDGE('',*,*,#2304,.F.);
#3422=ORIENTED_EDGE('',*,*,#2301,.F.);
#3423=ORIENTED_EDGE('',*,*,#2298,.F.);
#3424=ORIENTED_EDGE('',*,*,#2295,.F.);
#3425=ORIENTED_EDGE('',*,*,#2292,.F.);
#3426=ORIENTED_EDGE('',*,*,#2289,.F.);
#3427=ORIENTED_EDGE('',*,*,#2286,.F.);
#3428=ORIENTED_EDGE('',*,*,#2283,.F.);
#3429=ORIENTED_EDGE('',*,*,#2280,.F.);
#3430=ORIENTED_EDGE('',*,*,#2277,.F.);
#3431=ORIENTED_EDGE('',*,*,#2274,.F.);
#3432=ORIENTED_EDGE('',*,*,#2335,.T.);
#3433=ORIENTED_EDGE('',*,*,#2333,.T.);
#3434=ORIENTED_EDGE('',*,*,#2266,.T.);
#3435=ORIENTED_EDGE('',*,*,#2263,.T.);
#3436=ORIENTED_EDGE('',*,*,#2260,.T.);
#3437=ORIENTED_EDGE('',*,*,#2257,.T.);
#3438=ORIENTED_EDGE('',*,*,#2254,.T.);
#3439=ORIENTED_EDGE('',*,*,#2251,.T.);
#3440=ORIENTED_EDGE('',*,*,#2248,.T.);
#3441=ORIENTED_EDGE('',*,*,#2245,.T.);
#3442=ORIENTED_EDGE('',*,*,#2242,.T.);
#3443=ORIENTED_EDGE('',*,*,#2239,.T.);
#3444=ORIENTED_EDGE('',*,*,#2236,.T.);
#3445=ORIENTED_EDGE('',*,*,#2233,.T.);
#3446=ORIENTED_EDGE('',*,*,#2230,.T.);
#3447=ORIENTED_EDGE('',*,*,#2227,.T.);
#3448=ORIENTED_EDGE('',*,*,#2332,.F.);
#3449=ORIENTED_EDGE('',*,*,#2334,.F.);
#3450=ORIENTED_EDGE('',*,*,#2335,.F.);
#3451=ORIENTED_EDGE('',*,*,#2273,.F.);
#3452=ORIENTED_EDGE('',*,*,#2314,.T.);
#3453=ORIENTED_EDGE('',*,*,#2311,.F.);
#3454=ORIENTED_EDGE('',*,*,#2336,.F.);
#3455=ORIENTED_EDGE('',*,*,#2337,.T.);
#3456=ORIENTED_EDGE('',*,*,#2337,.F.);
#3457=ORIENTED_EDGE('',*,*,#2336,.T.);
#3458=ORIENTED_EDGE('',*,*,#2338,.F.);
#3459=ORIENTED_EDGE('',*,*,#2339,.T.);
#3460=ORIENTED_EDGE('',*,*,#2340,.F.);
#3461=ORIENTED_EDGE('',*,*,#2341,.F.);
#3462=ORIENTED_EDGE('',*,*,#2342,.F.);
#3463=ORIENTED_EDGE('',*,*,#2343,.T.);
#3464=ORIENTED_EDGE('',*,*,#2344,.F.);
#3465=ORIENTED_EDGE('',*,*,#2339,.F.);
#3466=ORIENTED_EDGE('',*,*,#2345,.F.);
#3467=ORIENTED_EDGE('',*,*,#2341,.T.);
#3468=ORIENTED_EDGE('',*,*,#2346,.F.);
#3469=ORIENTED_EDGE('',*,*,#2347,.F.);
#3470=ORIENTED_EDGE('',*,*,#2348,.F.);
#3471=ORIENTED_EDGE('',*,*,#2347,.T.);
#3472=ORIENTED_EDGE('',*,*,#2349,.F.);
#3473=ORIENTED_EDGE('',*,*,#2343,.F.);
#3474=ORIENTED_EDGE('',*,*,#2349,.T.);
#3475=ORIENTED_EDGE('',*,*,#2346,.T.);
#3476=ORIENTED_EDGE('',*,*,#2340,.T.);
#3477=ORIENTED_EDGE('',*,*,#2344,.T.);
#3478=ORIENTED_EDGE('',*,*,#2350,.F.);
#3479=ORIENTED_EDGE('',*,*,#2351,.T.);
#3480=ORIENTED_EDGE('',*,*,#2352,.F.);
#3481=ORIENTED_EDGE('',*,*,#2351,.F.);
#3482=ORIENTED_EDGE('',*,*,#2353,.F.);
#3483=ORIENTED_EDGE('',*,*,#2354,.T.);
#3484=ORIENTED_EDGE('',*,*,#2355,.F.);
#3485=ORIENTED_EDGE('',*,*,#2354,.F.);
#3486=ORIENTED_EDGE('',*,*,#2356,.F.);
#3487=ORIENTED_EDGE('',*,*,#2357,.T.);
#3488=ORIENTED_EDGE('',*,*,#2358,.F.);
#3489=ORIENTED_EDGE('',*,*,#2357,.F.);
#3490=ORIENTED_EDGE('',*,*,#2359,.F.);
#3491=ORIENTED_EDGE('',*,*,#2360,.T.);
#3492=ORIENTED_EDGE('',*,*,#2361,.F.);
#3493=ORIENTED_EDGE('',*,*,#2360,.F.);
#3494=ORIENTED_EDGE('',*,*,#2362,.F.);
#3495=ORIENTED_EDGE('',*,*,#2363,.T.);
#3496=ORIENTED_EDGE('',*,*,#2364,.F.);
#3497=ORIENTED_EDGE('',*,*,#2363,.F.);
#3498=ORIENTED_EDGE('',*,*,#2365,.F.);
#3499=ORIENTED_EDGE('',*,*,#2366,.T.);
#3500=ORIENTED_EDGE('',*,*,#2367,.F.);
#3501=ORIENTED_EDGE('',*,*,#2366,.F.);
#3502=ORIENTED_EDGE('',*,*,#2368,.F.);
#3503=ORIENTED_EDGE('',*,*,#2369,.T.);
#3504=ORIENTED_EDGE('',*,*,#2370,.F.);
#3505=ORIENTED_EDGE('',*,*,#2369,.F.);
#3506=ORIENTED_EDGE('',*,*,#2371,.F.);
#3507=ORIENTED_EDGE('',*,*,#2372,.T.);
#3508=ORIENTED_EDGE('',*,*,#2373,.F.);
#3509=ORIENTED_EDGE('',*,*,#2372,.F.);
#3510=ORIENTED_EDGE('',*,*,#2374,.F.);
#3511=ORIENTED_EDGE('',*,*,#2375,.T.);
#3512=ORIENTED_EDGE('',*,*,#2376,.F.);
#3513=ORIENTED_EDGE('',*,*,#2377,.F.);
#3514=ORIENTED_EDGE('',*,*,#2378,.F.);
#3515=ORIENTED_EDGE('',*,*,#2377,.T.);
#3516=ORIENTED_EDGE('',*,*,#2379,.F.);
#3517=ORIENTED_EDGE('',*,*,#2380,.F.);
#3518=ORIENTED_EDGE('',*,*,#2381,.F.);
#3519=ORIENTED_EDGE('',*,*,#2380,.T.);
#3520=ORIENTED_EDGE('',*,*,#2382,.F.);
#3521=ORIENTED_EDGE('',*,*,#2383,.F.);
#3522=ORIENTED_EDGE('',*,*,#2384,.F.);
#3523=ORIENTED_EDGE('',*,*,#2383,.T.);
#3524=ORIENTED_EDGE('',*,*,#2385,.F.);
#3525=ORIENTED_EDGE('',*,*,#2375,.F.);
#3526=ORIENTED_EDGE('',*,*,#2385,.T.);
#3527=ORIENTED_EDGE('',*,*,#2382,.T.);
#3528=ORIENTED_EDGE('',*,*,#2379,.T.);
#3529=ORIENTED_EDGE('',*,*,#2376,.T.);
#3530=ORIENTED_EDGE('',*,*,#2350,.T.);
#3531=ORIENTED_EDGE('',*,*,#2353,.T.);
#3532=ORIENTED_EDGE('',*,*,#2356,.T.);
#3533=ORIENTED_EDGE('',*,*,#2359,.T.);
#3534=ORIENTED_EDGE('',*,*,#2362,.T.);
#3535=ORIENTED_EDGE('',*,*,#2365,.T.);
#3536=ORIENTED_EDGE('',*,*,#2368,.T.);
#3537=ORIENTED_EDGE('',*,*,#2371,.T.);
#3538=ORIENTED_EDGE('',*,*,#2384,.T.);
#3539=ORIENTED_EDGE('',*,*,#2374,.T.);
#3540=ORIENTED_EDGE('',*,*,#2378,.T.);
#3541=ORIENTED_EDGE('',*,*,#2381,.T.);
#3542=ORIENTED_EDGE('',*,*,#2342,.T.);
#3543=ORIENTED_EDGE('',*,*,#2338,.T.);
#3544=ORIENTED_EDGE('',*,*,#2345,.T.);
#3545=ORIENTED_EDGE('',*,*,#2348,.T.);
#3546=ORIENTED_EDGE('',*,*,#2352,.T.);
#3547=ORIENTED_EDGE('',*,*,#2355,.T.);
#3548=ORIENTED_EDGE('',*,*,#2358,.T.);
#3549=ORIENTED_EDGE('',*,*,#2361,.T.);
#3550=ORIENTED_EDGE('',*,*,#2364,.T.);
#3551=ORIENTED_EDGE('',*,*,#2367,.T.);
#3552=ORIENTED_EDGE('',*,*,#2370,.T.);
#3553=ORIENTED_EDGE('',*,*,#2373,.T.);
#3554=CYLINDRICAL_SURFACE('',#3948,6.1718519153125);
#3555=CYLINDRICAL_SURFACE('',#3951,6.1718519153125);
#3556=CYLINDRICAL_SURFACE('',#3952,6.1718519153125);
#3557=CYLINDRICAL_SURFACE('',#3953,6.1718519153125);
#3558=CYLINDRICAL_SURFACE('',#3954,6.1718519153125);
#3559=CYLINDRICAL_SURFACE('',#3955,6.1718519153125);
#3560=CYLINDRICAL_SURFACE('',#3956,6.1718519153125);
#3561=CYLINDRICAL_SURFACE('',#3957,6.1718519153125);
#3562=CYLINDRICAL_SURFACE('',#3958,6.1718519153125);
#3563=CYLINDRICAL_SURFACE('',#3959,6.1718519153125);
#3564=CYLINDRICAL_SURFACE('',#3960,6.1718519153125);
#3565=CYLINDRICAL_SURFACE('',#3961,6.1718519153125);
#3566=CYLINDRICAL_SURFACE('',#3962,6.);
#3567=CYLINDRICAL_SURFACE('',#3964,6.);
#3568=CYLINDRICAL_SURFACE('',#3965,6.);
#3569=CYLINDRICAL_SURFACE('',#3966,6.);
#3570=CYLINDRICAL_SURFACE('',#3967,6.);
#3571=CYLINDRICAL_SURFACE('',#3968,6.);
#3572=CYLINDRICAL_SURFACE('',#3969,6.);
#3573=CYLINDRICAL_SURFACE('',#3970,6.);
#3574=CYLINDRICAL_SURFACE('',#3971,6.);
#3575=CYLINDRICAL_SURFACE('',#3972,6.);
#3576=CYLINDRICAL_SURFACE('',#3973,6.);
#3577=CYLINDRICAL_SURFACE('',#3974,6.);
#3578=CYLINDRICAL_SURFACE('',#3976,0.75);
#3579=CYLINDRICAL_SURFACE('',#3979,0.75);
#3580=CYLINDRICAL_SURFACE('',#3982,6.);
#3581=CYLINDRICAL_SURFACE('',#3984,0.75);
#3582=CYLINDRICAL_SURFACE('',#3987,0.75);
#3583=CYLINDRICAL_SURFACE('',#3990,2.);
#3584=CYLINDRICAL_SURFACE('',#3994,2.);
#3585=CYLINDRICAL_SURFACE('',#3998,7.);
#3586=CYLINDRICAL_SURFACE('',#4001,7.);
#3587=CYLINDRICAL_SURFACE('',#4004,7.);
#3588=CYLINDRICAL_SURFACE('',#4007,7.);
#3589=CYLINDRICAL_SURFACE('',#4010,7.);
#3590=CYLINDRICAL_SURFACE('',#4013,7.);
#3591=CYLINDRICAL_SURFACE('',#4016,7.);
#3592=CYLINDRICAL_SURFACE('',#4019,7.);
#3593=CYLINDRICAL_SURFACE('',#4023,7.);
#3594=CYLINDRICAL_SURFACE('',#4026,7.);
#3595=CYLINDRICAL_SURFACE('',#4029,7.);
#3596=CYLINDRICAL_SURFACE('',#4032,7.);
#3597=CYLINDRICAL_SURFACE('',#4036,7.);
#3598=CYLINDRICAL_SURFACE('',#4039,7.);
#3599=CYLINDRICAL_SURFACE('',#4042,7.);
#3600=CYLINDRICAL_SURFACE('',#4045,7.);
#3601=CYLINDRICAL_SURFACE('',#4048,7.);
#3602=CYLINDRICAL_SURFACE('',#4051,7.);
#3603=CYLINDRICAL_SURFACE('',#4054,7.);
#3604=CYLINDRICAL_SURFACE('',#4057,7.);
#3605=CYLINDRICAL_SURFACE('',#4060,7.);
#3606=CYLINDRICAL_SURFACE('',#4063,7.);
#3607=CYLINDRICAL_SURFACE('',#4066,7.);
#3608=CYLINDRICAL_SURFACE('',#4069,7.);
#3609=CYLINDRICAL_SURFACE('',#4072,7.);
#3610=CYLINDRICAL_SURFACE('',#4075,7.);
#3611=CYLINDRICAL_SURFACE('',#4078,7.);
#3612=CYLINDRICAL_SURFACE('',#4081,7.);
#3613=CYLINDRICAL_SURFACE('',#4085,7.);
#3614=CYLINDRICAL_SURFACE('',#4088,7.);
#3615=CYLINDRICAL_SURFACE('',#4091,7.);
#3616=CYLINDRICAL_SURFACE('',#4094,7.);
#3617=CYLINDRICAL_SURFACE('',#4098,7.);
#3618=CYLINDRICAL_SURFACE('',#4101,7.);
#3619=CYLINDRICAL_SURFACE('',#4104,7.);
#3620=CYLINDRICAL_SURFACE('',#4107,7.);
#3621=CYLINDRICAL_SURFACE('',#4110,7.);
#3622=CYLINDRICAL_SURFACE('',#4113,7.);
#3623=CYLINDRICAL_SURFACE('',#4235,7.);
#3624=CYLINDRICAL_SURFACE('',#4236,6.1718519153125);
#3625=CYLINDRICAL_SURFACE('',#4238,6.1718519153125);
#3626=CYLINDRICAL_SURFACE('',#4239,0.75);
#3627=CYLINDRICAL_SURFACE('',#4240,0.75);
#3628=CYLINDRICAL_SURFACE('',#4241,0.750000000000001);
#3629=CYLINDRICAL_SURFACE('',#4242,0.750000000000001);
#3630=CYLINDRICAL_SURFACE('',#4243,0.75);
#3631=CYLINDRICAL_SURFACE('',#4244,0.75);
#3632=CYLINDRICAL_SURFACE('',#4245,0.750000000000001);
#3633=CYLINDRICAL_SURFACE('',#4246,0.750000000000001);
#3634=CYLINDRICAL_SURFACE('',#4247,0.75);
#3635=CYLINDRICAL_SURFACE('',#4248,0.75);
#3636=CYLINDRICAL_SURFACE('',#4249,0.75);
#3637=CYLINDRICAL_SURFACE('',#4250,0.75);
#3638=CYLINDRICAL_SURFACE('',#4251,0.75);
#3639=CYLINDRICAL_SURFACE('',#4252,0.749999999999999);
#3640=CYLINDRICAL_SURFACE('',#4253,0.750000000000001);
#3641=CYLINDRICAL_SURFACE('',#4254,0.75);
#3642=CYLINDRICAL_SURFACE('',#4255,0.75);
#3643=CYLINDRICAL_SURFACE('',#4256,0.75);
#3644=CYLINDRICAL_SURFACE('',#4257,0.75);
#3645=CYLINDRICAL_SURFACE('',#4258,0.75);
#3646=CYLINDRICAL_SURFACE('',#4259,0.750000000000001);
#3647=CYLINDRICAL_SURFACE('',#4260,0.750000000000001);
#3648=CYLINDRICAL_SURFACE('',#4261,0.75);
#3649=CYLINDRICAL_SURFACE('',#4262,0.75);
#3650=CYLINDRICAL_SURFACE('',#4263,0.75);
#3651=CYLINDRICAL_SURFACE('',#4264,0.75);
#3652=CYLINDRICAL_SURFACE('',#4265,0.75);
#3653=CYLINDRICAL_SURFACE('',#4266,0.750000000000001);
#3654=CYLINDRICAL_SURFACE('',#4267,0.75);
#3655=CYLINDRICAL_SURFACE('',#4268,0.749999999999999);
#3656=CYLINDRICAL_SURFACE('',#4269,0.75);
#3657=CYLINDRICAL_SURFACE('',#4270,0.75);
#3658=CYLINDRICAL_SURFACE('',#4271,0.75);
#3659=CYLINDRICAL_SURFACE('',#4272,0.75);
#3660=CYLINDRICAL_SURFACE('',#4273,0.750000000000001);
#3661=CYLINDRICAL_SURFACE('',#4274,0.75);
#3662=CYLINDRICAL_SURFACE('',#4275,0.750000000000001);
#3663=CYLINDRICAL_SURFACE('',#4277,5.8281480846875);
#3664=CYLINDRICAL_SURFACE('',#4279,5.8281480846875);
#3665=CYLINDRICAL_SURFACE('',#4280,5.8281480846875);
#3666=CYLINDRICAL_SURFACE('',#4281,5.8281480846875);
#3667=CYLINDRICAL_SURFACE('',#4282,5.8281480846875);
#3668=CYLINDRICAL_SURFACE('',#4283,5.8281480846875);
#3669=CYLINDRICAL_SURFACE('',#4284,5.8281480846875);
#3670=CYLINDRICAL_SURFACE('',#4285,5.8281480846875);
#3671=CYLINDRICAL_SURFACE('',#4286,5.8281480846875);
#3672=CYLINDRICAL_SURFACE('',#4287,5.8281480846875);
#3673=CYLINDRICAL_SURFACE('',#4288,5.8281480846875);
#3674=CYLINDRICAL_SURFACE('',#4289,5.8281480846875);
#3675=CYLINDRICAL_SURFACE('',#4290,5.8281480846875);
#3676=CYLINDRICAL_SURFACE('',#4291,5.8281480846875);
#3677=CYLINDRICAL_SURFACE('',#4292,6.);
#3678=CYLINDRICAL_SURFACE('',#4294,6.);
#3679=CYLINDRICAL_SURFACE('',#4296,6.);
#3680=CYLINDRICAL_SURFACE('',#4297,6.);
#3681=CYLINDRICAL_SURFACE('',#4298,6.);
#3682=CYLINDRICAL_SURFACE('',#4299,6.);
#3683=CYLINDRICAL_SURFACE('',#4300,6.);
#3684=CYLINDRICAL_SURFACE('',#4301,6.);
#3685=CYLINDRICAL_SURFACE('',#4302,6.);
#3686=CYLINDRICAL_SURFACE('',#4303,6.);
#3687=CYLINDRICAL_SURFACE('',#4304,6.);
#3688=CYLINDRICAL_SURFACE('',#4305,6.);
#3689=CYLINDRICAL_SURFACE('',#4306,6.);
#3690=CYLINDRICAL_SURFACE('',#4307,6.);
#3691=CYLINDRICAL_SURFACE('',#4308,1.75);
#3692=CYLINDRICAL_SURFACE('',#4311,4.);
#3693=CYLINDRICAL_SURFACE('',#4317,7.);
#3694=CYLINDRICAL_SURFACE('',#4320,5.75);
#3695=CYLINDRICAL_SURFACE('',#4323,6.);
#3696=CYLINDRICAL_SURFACE('',#4330,5.8281480846875);
#3697=CYLINDRICAL_SURFACE('',#4343,1.4);
#3698=CYLINDRICAL_SURFACE('',#4346,1.4);
#3699=CYLINDRICAL_SURFACE('',#4349,1.4);
#3700=CYLINDRICAL_SURFACE('',#4352,1.4);
#3701=CYLINDRICAL_SURFACE('',#4355,1.3);
#3702=CYLINDRICAL_SURFACE('',#4358,1.3);
#3703=CYLINDRICAL_SURFACE('',#4361,1.3);
#3704=CYLINDRICAL_SURFACE('',#4364,1.3);
#3705=ADVANCED_FACE('',(#196),#3554,.F.);
#3706=ADVANCED_FACE('',(#197),#3555,.F.);
#3707=ADVANCED_FACE('',(#198),#3556,.F.);
#3708=ADVANCED_FACE('',(#199),#3557,.F.);
#3709=ADVANCED_FACE('',(#200),#3558,.F.);
#3710=ADVANCED_FACE('',(#201),#3559,.F.);
#3711=ADVANCED_FACE('',(#202),#3560,.F.);
#3712=ADVANCED_FACE('',(#203),#3561,.F.);
#3713=ADVANCED_FACE('',(#204),#3562,.F.);
#3714=ADVANCED_FACE('',(#205),#3563,.F.);
#3715=ADVANCED_FACE('',(#206),#3564,.F.);
#3716=ADVANCED_FACE('',(#207),#3565,.F.);
#3717=ADVANCED_FACE('',(#208),#3566,.F.);
#3718=ADVANCED_FACE('',(#209),#3567,.F.);
#3719=ADVANCED_FACE('',(#210),#3568,.F.);
#3720=ADVANCED_FACE('',(#211),#3569,.F.);
#3721=ADVANCED_FACE('',(#212),#3570,.F.);
#3722=ADVANCED_FACE('',(#213),#3571,.F.);
#3723=ADVANCED_FACE('',(#214),#3572,.F.);
#3724=ADVANCED_FACE('',(#215),#3573,.F.);
#3725=ADVANCED_FACE('',(#216),#3574,.F.);
#3726=ADVANCED_FACE('',(#217),#3575,.F.);
#3727=ADVANCED_FACE('',(#218),#3576,.F.);
#3728=ADVANCED_FACE('',(#219),#3577,.F.);
#3729=ADVANCED_FACE('',(#220),#3578,.T.);
#3730=ADVANCED_FACE('',(#221),#3579,.T.);
#3731=ADVANCED_FACE('',(#222),#3580,.F.);
#3732=ADVANCED_FACE('',(#223),#3581,.F.);
#3733=ADVANCED_FACE('',(#224),#3582,.F.);
#3734=ADVANCED_FACE('',(#225),#3583,.T.);
#3735=ADVANCED_FACE('',(#226),#3584,.T.);
#3736=ADVANCED_FACE('',(#227),#3585,.T.);
#3737=ADVANCED_FACE('',(#228),#3586,.T.);
#3738=ADVANCED_FACE('',(#229),#3587,.T.);
#3739=ADVANCED_FACE('',(#230),#3588,.T.);
#3740=ADVANCED_FACE('',(#231),#3589,.T.);
#3741=ADVANCED_FACE('',(#232),#3590,.T.);
#3742=ADVANCED_FACE('',(#233),#3591,.T.);
#3743=ADVANCED_FACE('',(#234),#3592,.T.);
#3744=ADVANCED_FACE('',(#235),#3593,.T.);
#3745=ADVANCED_FACE('',(#236),#3594,.T.);
#3746=ADVANCED_FACE('',(#237),#3595,.T.);
#3747=ADVANCED_FACE('',(#238),#3596,.T.);
#3748=ADVANCED_FACE('',(#239),#3597,.T.);
#3749=ADVANCED_FACE('',(#240),#3598,.T.);
#3750=ADVANCED_FACE('',(#241),#3599,.T.);
#3751=ADVANCED_FACE('',(#242),#3600,.T.);
#3752=ADVANCED_FACE('',(#243),#3601,.T.);
#3753=ADVANCED_FACE('',(#244),#3602,.T.);
#3754=ADVANCED_FACE('',(#245),#3603,.T.);
#3755=ADVANCED_FACE('',(#246),#3604,.T.);
#3756=ADVANCED_FACE('',(#247),#3605,.T.);
#3757=ADVANCED_FACE('',(#248),#3606,.T.);
#3758=ADVANCED_FACE('',(#249),#3607,.T.);
#3759=ADVANCED_FACE('',(#250),#3608,.T.);
#3760=ADVANCED_FACE('',(#251),#3609,.T.);
#3761=ADVANCED_FACE('',(#252),#3610,.T.);
#3762=ADVANCED_FACE('',(#253),#3611,.T.);
#3763=ADVANCED_FACE('',(#254),#3612,.T.);
#3764=ADVANCED_FACE('',(#255),#3613,.T.);
#3765=ADVANCED_FACE('',(#256),#3614,.T.);
#3766=ADVANCED_FACE('',(#257),#3615,.T.);
#3767=ADVANCED_FACE('',(#258),#3616,.T.);
#3768=ADVANCED_FACE('',(#259),#3617,.T.);
#3769=ADVANCED_FACE('',(#260),#3618,.T.);
#3770=ADVANCED_FACE('',(#261),#3619,.T.);
#3771=ADVANCED_FACE('',(#262),#3620,.T.);
#3772=ADVANCED_FACE('',(#263),#3621,.T.);
#3773=ADVANCED_FACE('',(#264),#3622,.T.);
#3774=ADVANCED_FACE('',(#265),#77,.F.);
#3775=ADVANCED_FACE('',(#266),#78,.F.);
#3776=ADVANCED_FACE('',(#267),#79,.F.);
#3777=ADVANCED_FACE('',(#268),#80,.T.);
#3778=ADVANCED_FACE('',(#269,#47),#81,.T.);
#3779=ADVANCED_FACE('',(#270),#82,.T.);
#3780=ADVANCED_FACE('',(#271),#83,.T.);
#3781=ADVANCED_FACE('',(#272,#48),#84,.T.);
#3782=ADVANCED_FACE('',(#273,#49),#85,.F.);
#3783=ADVANCED_FACE('',(#274,#50),#86,.F.);
#3784=ADVANCED_FACE('',(#275),#87,.T.);
#3785=ADVANCED_FACE('',(#276),#88,.T.);
#3786=ADVANCED_FACE('',(#277,#51),#89,.F.);
#3787=ADVANCED_FACE('',(#278),#90,.T.);
#3788=ADVANCED_FACE('',(#279),#91,.T.);
#3789=ADVANCED_FACE('',(#280),#92,.F.);
#3790=ADVANCED_FACE('',(#281),#93,.F.);
#3791=ADVANCED_FACE('',(#282),#94,.F.);
#3792=ADVANCED_FACE('',(#283),#95,.F.);
#3793=ADVANCED_FACE('',(#284),#96,.T.);
#3794=ADVANCED_FACE('',(#285),#97,.T.);
#3795=ADVANCED_FACE('',(#286),#98,.T.);
#3796=ADVANCED_FACE('',(#287),#99,.T.);
#3797=ADVANCED_FACE('',(#288),#100,.T.);
#3798=ADVANCED_FACE('',(#289),#101,.F.);
#3799=ADVANCED_FACE('',(#290),#102,.T.);
#3800=ADVANCED_FACE('',(#291),#103,.T.);
#3801=ADVANCED_FACE('',(#292),#104,.F.);
#3802=ADVANCED_FACE('',(#293),#105,.F.);
#3803=ADVANCED_FACE('',(#294),#106,.F.);
#3804=ADVANCED_FACE('',(#295),#107,.F.);
#3805=ADVANCED_FACE('',(#296),#108,.F.);
#3806=ADVANCED_FACE('',(#297),#109,.F.);
#3807=ADVANCED_FACE('',(#298,#52),#110,.T.);
#3808=ADVANCED_FACE('',(#299),#3623,.T.);
#3809=ADVANCED_FACE('',(#300),#3624,.F.);
#3810=ADVANCED_FACE('',(#301),#41,.F.);
#3811=ADVANCED_FACE('',(#302),#42,.F.);
#3812=ADVANCED_FACE('',(#303),#43,.F.);
#3813=ADVANCED_FACE('',(#304),#44,.F.);
#3814=ADVANCED_FACE('',(#305),#111,.T.);
#3815=ADVANCED_FACE('',(#306),#3625,.F.);
#3816=ADVANCED_FACE('',(#307),#3626,.T.);
#3817=ADVANCED_FACE('',(#308),#3627,.T.);
#3818=ADVANCED_FACE('',(#309),#3628,.T.);
#3819=ADVANCED_FACE('',(#310),#3629,.T.);
#3820=ADVANCED_FACE('',(#311),#3630,.T.);
#3821=ADVANCED_FACE('',(#312),#3631,.T.);
#3822=ADVANCED_FACE('',(#313),#3632,.T.);
#3823=ADVANCED_FACE('',(#314),#3633,.T.);
#3824=ADVANCED_FACE('',(#315),#3634,.T.);
#3825=ADVANCED_FACE('',(#316),#3635,.T.);
#3826=ADVANCED_FACE('',(#317),#3636,.T.);
#3827=ADVANCED_FACE('',(#318),#3637,.T.);
#3828=ADVANCED_FACE('',(#319),#3638,.T.);
#3829=ADVANCED_FACE('',(#320),#3639,.T.);
#3830=ADVANCED_FACE('',(#321),#3640,.T.);
#3831=ADVANCED_FACE('',(#322),#3641,.T.);
#3832=ADVANCED_FACE('',(#323),#3642,.T.);
#3833=ADVANCED_FACE('',(#324),#3643,.T.);
#3834=ADVANCED_FACE('',(#325),#3644,.T.);
#3835=ADVANCED_FACE('',(#326),#3645,.T.);
#3836=ADVANCED_FACE('',(#327),#3646,.T.);
#3837=ADVANCED_FACE('',(#328),#3647,.T.);
#3838=ADVANCED_FACE('',(#329),#3648,.T.);
#3839=ADVANCED_FACE('',(#330),#3649,.T.);
#3840=ADVANCED_FACE('',(#331),#3650,.T.);
#3841=ADVANCED_FACE('',(#332),#3651,.T.);
#3842=ADVANCED_FACE('',(#333),#3652,.T.);
#3843=ADVANCED_FACE('',(#334),#3653,.T.);
#3844=ADVANCED_FACE('',(#335),#3654,.T.);
#3845=ADVANCED_FACE('',(#336),#3655,.T.);
#3846=ADVANCED_FACE('',(#337),#3656,.T.);
#3847=ADVANCED_FACE('',(#338),#3657,.T.);
#3848=ADVANCED_FACE('',(#339),#3658,.T.);
#3849=ADVANCED_FACE('',(#340),#3659,.T.);
#3850=ADVANCED_FACE('',(#341),#3660,.T.);
#3851=ADVANCED_FACE('',(#342),#3661,.T.);
#3852=ADVANCED_FACE('',(#343),#3662,.T.);
#3853=ADVANCED_FACE('',(#344),#3663,.T.);
#3854=ADVANCED_FACE('',(#345),#3664,.T.);
#3855=ADVANCED_FACE('',(#346),#3665,.T.);
#3856=ADVANCED_FACE('',(#347),#3666,.T.);
#3857=ADVANCED_FACE('',(#348),#3667,.T.);
#3858=ADVANCED_FACE('',(#349),#3668,.T.);
#3859=ADVANCED_FACE('',(#350),#3669,.T.);
#3860=ADVANCED_FACE('',(#351),#3670,.T.);
#3861=ADVANCED_FACE('',(#352),#3671,.T.);
#3862=ADVANCED_FACE('',(#353),#3672,.T.);
#3863=ADVANCED_FACE('',(#354),#3673,.T.);
#3864=ADVANCED_FACE('',(#355),#3674,.T.);
#3865=ADVANCED_FACE('',(#356),#3675,.T.);
#3866=ADVANCED_FACE('',(#357),#3676,.T.);
#3867=ADVANCED_FACE('',(#358),#3677,.T.);
#3868=ADVANCED_FACE('',(#359),#3678,.T.);
#3869=ADVANCED_FACE('',(#360),#3679,.T.);
#3870=ADVANCED_FACE('',(#361),#3680,.T.);
#3871=ADVANCED_FACE('',(#362),#3681,.T.);
#3872=ADVANCED_FACE('',(#363),#3682,.T.);
#3873=ADVANCED_FACE('',(#364),#3683,.T.);
#3874=ADVANCED_FACE('',(#365),#3684,.T.);
#3875=ADVANCED_FACE('',(#366),#3685,.T.);
#3876=ADVANCED_FACE('',(#367),#3686,.T.);
#3877=ADVANCED_FACE('',(#368),#3687,.T.);
#3878=ADVANCED_FACE('',(#369),#3688,.T.);
#3879=ADVANCED_FACE('',(#370),#3689,.T.);
#3880=ADVANCED_FACE('',(#371),#3690,.T.);
#3881=ADVANCED_FACE('',(#372),#3691,.F.);
#3882=ADVANCED_FACE('',(#373),#3692,.F.);
#3883=ADVANCED_FACE('',(#374),#21,.F.);
#3884=ADVANCED_FACE('',(#375),#3693,.T.);
#3885=ADVANCED_FACE('',(#376),#3694,.T.);
#3886=ADVANCED_FACE('',(#377),#3695,.T.);
#3887=ADVANCED_FACE('',(#378,#53),#112,.F.);
#3888=ADVANCED_FACE('',(#379,#54),#113,.F.);
#3889=ADVANCED_FACE('',(#380,#55),#114,.T.);
#3890=ADVANCED_FACE('',(#381,#56),#115,.T.);
#3891=ADVANCED_FACE('',(#382,#57),#116,.F.);
#3892=ADVANCED_FACE('',(#383),#45,.T.);
#3893=ADVANCED_FACE('',(#384),#3696,.T.);
#3894=ADVANCED_FACE('',(#385),#46,.T.);
#3895=ADVANCED_FACE('',(#386),#117,.F.);
#3896=ADVANCED_FACE('',(#387,#58),#118,.T.);
#3897=ADVANCED_FACE('',(#388),#19,.F.);
#3898=ADVANCED_FACE('',(#389),#20,.T.);
#3899=ADVANCED_FACE('',(#390,#59),#119,.T.);
#3900=ADVANCED_FACE('',(#391),#120,.T.);
#3901=ADVANCED_FACE('',(#392),#121,.T.);
#3902=ADVANCED_FACE('',(#393),#122,.T.);
#3903=ADVANCED_FACE('',(#394),#123,.T.);
#3904=ADVANCED_FACE('',(#395),#124,.T.);
#3905=ADVANCED_FACE('',(#396),#3697,.F.);
#3906=ADVANCED_FACE('',(#397),#3698,.F.);
#3907=ADVANCED_FACE('',(#398),#3699,.F.);
#3908=ADVANCED_FACE('',(#399),#3700,.F.);
#3909=ADVANCED_FACE('',(#400),#3701,.F.);
#3910=ADVANCED_FACE('',(#401),#3702,.F.);
#3911=ADVANCED_FACE('',(#402),#3703,.F.);
#3912=ADVANCED_FACE('',(#403),#3704,.F.);
#3913=ADVANCED_FACE('',(#404),#125,.T.);
#3914=ADVANCED_FACE('',(#405),#126,.T.);
#3915=ADVANCED_FACE('',(#406),#127,.T.);
#3916=ADVANCED_FACE('',(#407),#128,.T.);
#3917=ADVANCED_FACE('',(#408,#60,#61,#62,#63,#64,#65,#66,#67),#129,.T.);
#3918=ADVANCED_FACE('',(#409,#68,#69,#70,#71,#72,#73,#74,#75,#76),#130,
 .F.);
#3919=CLOSED_SHELL('',(#3705,#3706,#3707,#3708,#3709,#3710,#3711,#3712,
#3713,#3714,#3715,#3716,#3717,#3718,#3719,#3720,#3721,#3722,#3723,#3724,
#3725,#3726,#3727,#3728,#3729,#3730,#3731,#3732,#3733,#3734,#3735,#3736,
#3737,#3738,#3739,#3740,#3741,#3742,#3743,#3744,#3745,#3746,#3747,#3748,
#3749,#3750,#3751,#3752,#3753,#3754,#3755,#3756,#3757,#3758,#3759,#3760,
#3761,#3762,#3763,#3764,#3765,#3766,#3767,#3768,#3769,#3770,#3771,#3772,
#3773,#3774,#3775,#3776,#3777,#3778,#3779,#3780,#3781,#3782,#3783,#3784,
#3785,#3786,#3787,#3788,#3789,#3790,#3791,#3792,#3793,#3794,#3795,#3796,
#3797,#3798,#3799,#3800,#3801,#3802,#3803,#3804,#3805,#3806,#3807,#3808,
#3809,#3810,#3811,#3812,#3813,#3814,#3815,#3816,#3817,#3818,#3819,#3820,
#3821,#3822,#3823,#3824,#3825,#3826,#3827,#3828,#3829,#3830,#3831,#3832,
#3833,#3834,#3835,#3836,#3837,#3838,#3839,#3840,#3841,#3842,#3843,#3844,
#3845,#3846,#3847,#3848,#3849,#3850,#3851,#3852));
#3920=CLOSED_SHELL('',(#3853,#3854,#3855,#3856,#3857,#3858,#3859,#3860,
#3861,#3862,#3863,#3864,#3865,#3866,#3867,#3868,#3869,#3870,#3871,#3872,
#3873,#3874,#3875,#3876,#3877,#3878,#3879,#3880,#3881,#3882,#3883,#3884,
#3885,#3886,#3887,#3888,#3889,#3890,#3891,#3892,#3893,#3894,#3895,#3896));
#3921=CLOSED_SHELL('',(#3897,#3898,#3899));
#3922=CLOSED_SHELL('',(#3900,#3901,#3902,#3903,#3904,#3905,#3906,#3907,
#3908,#3909,#3910,#3911,#3912,#3913,#3914,#3915,#3916,#3917,#3918));
#3923=DERIVED_UNIT_ELEMENT(#3927,1.);
#3924=DERIVED_UNIT_ELEMENT(#11695,-3.);
#3925=DERIVED_UNIT_ELEMENT(#3927,1.);
#3926=DERIVED_UNIT_ELEMENT(#11695,-3.);
#3927=(
MASS_UNIT()
NAMED_UNIT(*)
SI_UNIT(.KILO.,.GRAM.)
);
#3928=DERIVED_UNIT((#3923,#3924));
#3929=DERIVED_UNIT((#3925,#3926));
#3930=MEASURE_REPRESENTATION_ITEM('density measure',
POSITIVE_RATIO_MEASURE(7850.),#3928);
#3931=MEASURE_REPRESENTATION_ITEM('density measure',
POSITIVE_RATIO_MEASURE(7850.),#3929);
#3932=PROPERTY_DEFINITION_REPRESENTATION(#3942,#3936);
#3933=PROPERTY_DEFINITION_REPRESENTATION(#3943,#3937);
#3934=PROPERTY_DEFINITION_REPRESENTATION(#3944,#3938);
#3935=PROPERTY_DEFINITION_REPRESENTATION(#3945,#3939);
#3936=REPRESENTATION('material name',(#3940),#11691);
#3937=REPRESENTATION('density',(#3930),#11691);
#3938=REPRESENTATION('material name',(#3941),#11692);
#3939=REPRESENTATION('density',(#3931),#11692);
#3940=DESCRIPTIVE_REPRESENTATION_ITEM('Steel','Steel');
#3941=DESCRIPTIVE_REPRESENTATION_ITEM('Steel','Steel');
#3942=PROPERTY_DEFINITION('material property','material name',#11711);
#3943=PROPERTY_DEFINITION('material property','density of part',#11711);
#3944=PROPERTY_DEFINITION('material property','material name',#11712);
#3945=PROPERTY_DEFINITION('material property','density of part',#11712);
#3946=AXIS2_PLACEMENT_3D('',#5478,#4375,#4376);
#3947=AXIS2_PLACEMENT_3D('',#5479,#4377,#4378);
#3948=AXIS2_PLACEMENT_3D('',#5480,#4379,#4380);
#3949=AXIS2_PLACEMENT_3D('',#5497,#4383,#4384);
#3950=AXIS2_PLACEMENT_3D('',#5501,#4386,#4387);
#3951=AXIS2_PLACEMENT_3D('',#5515,#4389,#4390);
#3952=AXIS2_PLACEMENT_3D('',#5545,#4392,#4393);
#3953=AXIS2_PLACEMENT_3D('',#5575,#4395,#4396);
#3954=AXIS2_PLACEMENT_3D('',#5605,#4398,#4399);
#3955=AXIS2_PLACEMENT_3D('',#5635,#4401,#4402);
#3956=AXIS2_PLACEMENT_3D('',#5665,#4404,#4405);
#3957=AXIS2_PLACEMENT_3D('',#5695,#4407,#4408);
#3958=AXIS2_PLACEMENT_3D('',#5725,#4410,#4411);
#3959=AXIS2_PLACEMENT_3D('',#5755,#4413,#4414);
#3960=AXIS2_PLACEMENT_3D('',#5785,#4416,#4417);
#3961=AXIS2_PLACEMENT_3D('',#5815,#4419,#4420);
#3962=AXIS2_PLACEMENT_3D('',#5836,#4423,#4424);
#3963=AXIS2_PLACEMENT_3D('',#5874,#4426,#4427);
#3964=AXIS2_PLACEMENT_3D('',#5909,#4428,#4429);
#3965=AXIS2_PLACEMENT_3D('',#5987,#4431,#4432);
#3966=AXIS2_PLACEMENT_3D('',#6063,#4434,#4435);
#3967=AXIS2_PLACEMENT_3D('',#6139,#4437,#4438);
#3968=AXIS2_PLACEMENT_3D('',#6215,#4440,#4441);
#3969=AXIS2_PLACEMENT_3D('',#6293,#4443,#4444);
#3970=AXIS2_PLACEMENT_3D('',#6369,#4446,#4447);
#3971=AXIS2_PLACEMENT_3D('',#6447,#4449,#4450);
#3972=AXIS2_PLACEMENT_3D('',#6523,#4452,#4453);
#3973=AXIS2_PLACEMENT_3D('',#6599,#4455,#4456);
#3974=AXIS2_PLACEMENT_3D('',#6675,#4458,#4459);
#3975=AXIS2_PLACEMENT_3D('',#6680,#4461,#4462);
#3976=AXIS2_PLACEMENT_3D('',#6709,#4463,#4464);
#3977=AXIS2_PLACEMENT_3D('',#6712,#4465,#4466);
#3978=AXIS2_PLACEMENT_3D('',#6716,#4468,#4469);
#3979=AXIS2_PLACEMENT_3D('',#6718,#4471,#4472);
#3980=AXIS2_PLACEMENT_3D('',#6721,#4473,#4474);
#3981=AXIS2_PLACEMENT_3D('',#6725,#4476,#4477);
#3982=AXIS2_PLACEMENT_3D('',#6727,#4479,#4480);
#3983=AXIS2_PLACEMENT_3D('',#6796,#4482,#4483);
#3984=AXIS2_PLACEMENT_3D('',#6797,#4484,#4485);
#3985=AXIS2_PLACEMENT_3D('',#6799,#4486,#4487);
#3986=AXIS2_PLACEMENT_3D('',#6802,#4489,#4490);
#3987=AXIS2_PLACEMENT_3D('',#6803,#4491,#4492);
#3988=AXIS2_PLACEMENT_3D('',#6805,#4493,#4494);
#3989=AXIS2_PLACEMENT_3D('',#6808,#4496,#4497);
#3990=AXIS2_PLACEMENT_3D('',#6809,#4498,#4499);
#3991=AXIS2_PLACEMENT_3D('',#6814,#4501,#4502);
#3992=AXIS2_PLACEMENT_3D('',#6819,#4505,#4506);
#3993=AXIS2_PLACEMENT_3D('',#6820,#4507,#4508);
#3994=AXIS2_PLACEMENT_3D('',#6821,#4509,#4510);
#3995=AXIS2_PLACEMENT_3D('',#6824,#4511,#4512);
#3996=AXIS2_PLACEMENT_3D('',#6827,#4514,#4515);
#3997=AXIS2_PLACEMENT_3D('',#6831,#4517,#4518);
#3998=AXIS2_PLACEMENT_3D('',#6833,#4520,#4521);
#3999=AXIS2_PLACEMENT_3D('',#6836,#4522,#4523);
#4000=AXIS2_PLACEMENT_3D('',#6840,#4525,#4526);
#4001=AXIS2_PLACEMENT_3D('',#6842,#4528,#4529);
#4002=AXIS2_PLACEMENT_3D('',#6845,#4530,#4531);
#4003=AXIS2_PLACEMENT_3D('',#6849,#4533,#4534);
#4004=AXIS2_PLACEMENT_3D('',#6851,#4536,#4537);
#4005=AXIS2_PLACEMENT_3D('',#6854,#4538,#4539);
#4006=AXIS2_PLACEMENT_3D('',#6858,#4541,#4542);
#4007=AXIS2_PLACEMENT_3D('',#6860,#4544,#4545);
#4008=AXIS2_PLACEMENT_3D('',#6863,#4546,#4547);
#4009=AXIS2_PLACEMENT_3D('',#6867,#4549,#4550);
#4010=AXIS2_PLACEMENT_3D('',#6869,#4552,#4553);
#4011=AXIS2_PLACEMENT_3D('',#6872,#4554,#4555);
#4012=AXIS2_PLACEMENT_3D('',#6876,#4557,#4558);
#4013=AXIS2_PLACEMENT_3D('',#6878,#4560,#4561);
#4014=AXIS2_PLACEMENT_3D('',#6881,#4562,#4563);
#4015=AXIS2_PLACEMENT_3D('',#6885,#4565,#4566);
#4016=AXIS2_PLACEMENT_3D('',#6887,#4568,#4569);
#4017=AXIS2_PLACEMENT_3D('',#6890,#4570,#4571);
#4018=AXIS2_PLACEMENT_3D('',#6894,#4573,#4574);
#4019=AXIS2_PLACEMENT_3D('',#6896,#4576,#4577);
#4020=AXIS2_PLACEMENT_3D('',#6899,#4578,#4579);
#4021=AXIS2_PLACEMENT_3D('',#6903,#4581,#4582);
#4022=AXIS2_PLACEMENT_3D('',#6905,#4583,#4584);
#4023=AXIS2_PLACEMENT_3D('',#6907,#4586,#4587);
#4024=AXIS2_PLACEMENT_3D('',#6910,#4588,#4589);
#4025=AXIS2_PLACEMENT_3D('',#6914,#4591,#4592);
#4026=AXIS2_PLACEMENT_3D('',#6916,#4594,#4595);
#4027=AXIS2_PLACEMENT_3D('',#6919,#4596,#4597);
#4028=AXIS2_PLACEMENT_3D('',#6923,#4599,#4600);
#4029=AXIS2_PLACEMENT_3D('',#6925,#4602,#4603);
#4030=AXIS2_PLACEMENT_3D('',#6928,#4604,#4605);
#4031=AXIS2_PLACEMENT_3D('',#6932,#4607,#4608);
#4032=AXIS2_PLACEMENT_3D('',#6934,#4610,#4611);
#4033=AXIS2_PLACEMENT_3D('',#6937,#4612,#4613);
#4034=AXIS2_PLACEMENT_3D('',#6941,#4615,#4616);
#4035=AXIS2_PLACEMENT_3D('',#6943,#4617,#4618);
#4036=AXIS2_PLACEMENT_3D('',#6945,#4620,#4621);
#4037=AXIS2_PLACEMENT_3D('',#6948,#4622,#4623);
#4038=AXIS2_PLACEMENT_3D('',#6952,#4625,#4626);
#4039=AXIS2_PLACEMENT_3D('',#6954,#4628,#4629);
#4040=AXIS2_PLACEMENT_3D('',#6957,#4630,#4631);
#4041=AXIS2_PLACEMENT_3D('',#6961,#4633,#4634);
#4042=AXIS2_PLACEMENT_3D('',#6963,#4636,#4637);
#4043=AXIS2_PLACEMENT_3D('',#6966,#4638,#4639);
#4044=AXIS2_PLACEMENT_3D('',#6970,#4641,#4642);
#4045=AXIS2_PLACEMENT_3D('',#6972,#4644,#4645);
#4046=AXIS2_PLACEMENT_3D('',#6975,#4646,#4647);
#4047=AXIS2_PLACEMENT_3D('',#6979,#4649,#4650);
#4048=AXIS2_PLACEMENT_3D('',#6981,#4652,#4653);
#4049=AXIS2_PLACEMENT_3D('',#6984,#4654,#4655);
#4050=AXIS2_PLACEMENT_3D('',#6988,#4657,#4658);
#4051=AXIS2_PLACEMENT_3D('',#6990,#4660,#4661);
#4052=AXIS2_PLACEMENT_3D('',#6993,#4662,#4663);
#4053=AXIS2_PLACEMENT_3D('',#6997,#4665,#4666);
#4054=AXIS2_PLACEMENT_3D('',#6999,#4668,#4669);
#4055=AXIS2_PLACEMENT_3D('',#7001,#4670,#4671);
#4056=AXIS2_PLACEMENT_3D('',#7004,#4673,#4674);
#4057=AXIS2_PLACEMENT_3D('',#7005,#4675,#4676);
#4058=AXIS2_PLACEMENT_3D('',#7006,#4677,#4678);
#4059=AXIS2_PLACEMENT_3D('',#7007,#4679,#4680);
#4060=AXIS2_PLACEMENT_3D('',#7008,#4681,#4682);
#4061=AXIS2_PLACEMENT_3D('',#7010,#4683,#4684);
#4062=AXIS2_PLACEMENT_3D('',#7012,#4685,#4686);
#4063=AXIS2_PLACEMENT_3D('',#7014,#4688,#4689);
#4064=AXIS2_PLACEMENT_3D('',#7017,#4690,#4691);
#4065=AXIS2_PLACEMENT_3D('',#7021,#4693,#4694);
#4066=AXIS2_PLACEMENT_3D('',#7023,#4696,#4697);
#4067=AXIS2_PLACEMENT_3D('',#7026,#4698,#4699);
#4068=AXIS2_PLACEMENT_3D('',#7030,#4701,#4702);
#4069=AXIS2_PLACEMENT_3D('',#7032,#4704,#4705);
#4070=AXIS2_PLACEMENT_3D('',#7035,#4706,#4707);
#4071=AXIS2_PLACEMENT_3D('',#7039,#4709,#4710);
#4072=AXIS2_PLACEMENT_3D('',#7041,#4712,#4713);
#4073=AXIS2_PLACEMENT_3D('',#7044,#4714,#4715);
#4074=AXIS2_PLACEMENT_3D('',#7048,#4717,#4718);
#4075=AXIS2_PLACEMENT_3D('',#7050,#4720,#4721);
#4076=AXIS2_PLACEMENT_3D('',#7053,#4722,#4723);
#4077=AXIS2_PLACEMENT_3D('',#7057,#4725,#4726);
#4078=AXIS2_PLACEMENT_3D('',#7059,#4728,#4729);
#4079=AXIS2_PLACEMENT_3D('',#7062,#4730,#4731);
#4080=AXIS2_PLACEMENT_3D('',#7066,#4733,#4734);
#4081=AXIS2_PLACEMENT_3D('',#7068,#4736,#4737);
#4082=AXIS2_PLACEMENT_3D('',#7071,#4738,#4739);
#4083=AXIS2_PLACEMENT_3D('',#7075,#4741,#4742);
#4084=AXIS2_PLACEMENT_3D('',#7077,#4743,#4744);
#4085=AXIS2_PLACEMENT_3D('',#7079,#4746,#4747);
#4086=AXIS2_PLACEMENT_3D('',#7082,#4748,#4749);
#4087=AXIS2_PLACEMENT_3D('',#7086,#4751,#4752);
#4088=AXIS2_PLACEMENT_3D('',#7088,#4754,#4755);
#4089=AXIS2_PLACEMENT_3D('',#7091,#4756,#4757);
#4090=AXIS2_PLACEMENT_3D('',#7095,#4759,#4760);
#4091=AXIS2_PLACEMENT_3D('',#7097,#4762,#4763);
#4092=AXIS2_PLACEMENT_3D('',#7100,#4764,#4765);
#4093=AXIS2_PLACEMENT_3D('',#7104,#4767,#4768);
#4094=AXIS2_PLACEMENT_3D('',#7106,#4770,#4771);
#4095=AXIS2_PLACEMENT_3D('',#7109,#4772,#4773);
#4096=AXIS2_PLACEMENT_3D('',#7113,#4775,#4776);
#4097=AXIS2_PLACEMENT_3D('',#7115,#4777,#4778);
#4098=AXIS2_PLACEMENT_3D('',#7117,#4780,#4781);
#4099=AXIS2_PLACEMENT_3D('',#7120,#4782,#4783);
#4100=AXIS2_PLACEMENT_3D('',#7124,#4785,#4786);
#4101=AXIS2_PLACEMENT_3D('',#7126,#4788,#4789);
#4102=AXIS2_PLACEMENT_3D('',#7129,#4790,#4791);
#4103=AXIS2_PLACEMENT_3D('',#7133,#4793,#4794);
#4104=AXIS2_PLACEMENT_3D('',#7135,#4796,#4797);
#4105=AXIS2_PLACEMENT_3D('',#7138,#4798,#4799);
#4106=AXIS2_PLACEMENT_3D('',#7142,#4801,#4802);
#4107=AXIS2_PLACEMENT_3D('',#7144,#4804,#4805);
#4108=AXIS2_PLACEMENT_3D('',#7147,#4806,#4807);
#4109=AXIS2_PLACEMENT_3D('',#7151,#4809,#4810);
#4110=AXIS2_PLACEMENT_3D('',#7153,#4812,#4813);
#4111=AXIS2_PLACEMENT_3D('',#7156,#4814,#4815);
#4112=AXIS2_PLACEMENT_3D('',#7160,#4817,#4818);
#4113=AXIS2_PLACEMENT_3D('',#7162,#4820,#4821);
#4114=AXIS2_PLACEMENT_3D('',#7165,#4822,#4823);
#4115=AXIS2_PLACEMENT_3D('',#7169,#4825,#4826);
#4116=AXIS2_PLACEMENT_3D('',#7171,#4828,#4829);
#4117=AXIS2_PLACEMENT_3D('',#7173,#4830,#4831);
#4118=AXIS2_PLACEMENT_3D('',#7184,#4834,#4835);
#4119=AXIS2_PLACEMENT_3D('',#7200,#4838,#4839);
#4120=AXIS2_PLACEMENT_3D('',#7204,#4842,#4843);
#4121=AXIS2_PLACEMENT_3D('',#7206,#4844,#4845);
#4122=AXIS2_PLACEMENT_3D('',#7211,#4848,#4849);
#4123=AXIS2_PLACEMENT_3D('',#7212,#4850,#4851);
#4124=AXIS2_PLACEMENT_3D('',#7213,#4852,#4853);
#4125=AXIS2_PLACEMENT_3D('',#7214,#4854,#4855);
#4126=AXIS2_PLACEMENT_3D('',#7215,#4856,#4857);
#4127=AXIS2_PLACEMENT_3D('',#7216,#4858,#4859);
#4128=AXIS2_PLACEMENT_3D('',#7217,#4860,#4861);
#4129=AXIS2_PLACEMENT_3D('',#7221,#4864,#4865);
#4130=AXIS2_PLACEMENT_3D('',#7222,#4866,#4867);
#4131=AXIS2_PLACEMENT_3D('',#7223,#4868,#4869);
#4132=AXIS2_PLACEMENT_3D('',#7224,#4870,#4871);
#4133=AXIS2_PLACEMENT_3D('',#7225,#4872,#4873);
#4134=AXIS2_PLACEMENT_3D('',#7230,#4876,#4877);
#4135=AXIS2_PLACEMENT_3D('',#7231,#4878,#4879);
#4136=AXIS2_PLACEMENT_3D('',#7232,#4880,#4881);
#4137=AXIS2_PLACEMENT_3D('',#7233,#4882,#4883);
#4138=AXIS2_PLACEMENT_3D('',#7234,#4884,#4885);
#4139=AXIS2_PLACEMENT_3D('',#7235,#4886,#4887);
#4140=AXIS2_PLACEMENT_3D('',#7237,#4888,#4889);
#4141=AXIS2_PLACEMENT_3D('',#7241,#4892,#4893);
#4142=AXIS2_PLACEMENT_3D('',#7242,#4894,#4895);
#4143=AXIS2_PLACEMENT_3D('',#7243,#4896,#4897);
#4144=AXIS2_PLACEMENT_3D('',#7244,#4898,#4899);
#4145=AXIS2_PLACEMENT_3D('',#7245,#4900,#4901);
#4146=AXIS2_PLACEMENT_3D('',#7246,#4902,#4903);
#4147=AXIS2_PLACEMENT_3D('',#7248,#4904,#4905);
#4148=AXIS2_PLACEMENT_3D('',#7251,#4908,#4909);
#4149=AXIS2_PLACEMENT_3D('',#7252,#4910,#4911);
#4150=AXIS2_PLACEMENT_3D('',#7253,#4912,#4913);
#4151=AXIS2_PLACEMENT_3D('',#7254,#4914,#4915);
#4152=AXIS2_PLACEMENT_3D('',#7255,#4916,#4917);
#4153=AXIS2_PLACEMENT_3D('',#7272,#4926,#4927);
#4154=AXIS2_PLACEMENT_3D('',#7278,#4931,#4932);
#4155=AXIS2_PLACEMENT_3D('',#7284,#4936,#4937);
#4156=AXIS2_PLACEMENT_3D('',#7285,#4938,#4939);
#4157=AXIS2_PLACEMENT_3D('',#7291,#4943,#4944);
#4158=AXIS2_PLACEMENT_3D('',#7297,#4948,#4949);
#4159=AXIS2_PLACEMENT_3D('',#7303,#4955,#4956);
#4160=AXIS2_PLACEMENT_3D('',#7306,#4959,#4960);
#4161=AXIS2_PLACEMENT_3D('',#7314,#4966,#4967);
#4162=AXIS2_PLACEMENT_3D('',#7318,#4970,#4971);
#4163=AXIS2_PLACEMENT_3D('',#7319,#4972,#4973);
#4164=AXIS2_PLACEMENT_3D('',#7320,#4974,#4975);
#4165=AXIS2_PLACEMENT_3D('',#7321,#4976,#4977);
#4166=AXIS2_PLACEMENT_3D('',#7322,#4978,#4979);
#4167=AXIS2_PLACEMENT_3D('',#7323,#4980,#4981);
#4168=AXIS2_PLACEMENT_3D('',#7324,#4982,#4983);
#4169=AXIS2_PLACEMENT_3D('',#7325,#4984,#4985);
#4170=AXIS2_PLACEMENT_3D('',#7391,#4990,#4991);
#4171=AXIS2_PLACEMENT_3D('',#7418,#4994,#4995);
#4172=AXIS2_PLACEMENT_3D('',#7455,#4998,#4999);
#4173=AXIS2_PLACEMENT_3D('',#7484,#5001,#5002);
#4174=AXIS2_PLACEMENT_3D('',#7495,#5003,#5004);
#4175=AXIS2_PLACEMENT_3D('',#7496,#5005,#5006);
#4176=AXIS2_PLACEMENT_3D('',#7497,#5007,#5008);
#4177=AXIS2_PLACEMENT_3D('',#7498,#5009,#5010);
#4178=AXIS2_PLACEMENT_3D('',#7499,#5011,#5012);
#4179=AXIS2_PLACEMENT_3D('',#7500,#5013,#5014);
#4180=AXIS2_PLACEMENT_3D('',#7502,#5015,#5016);
#4181=AXIS2_PLACEMENT_3D('',#7504,#5017,#5018);
#4182=AXIS2_PLACEMENT_3D('',#7505,#5019,#5020);
#4183=AXIS2_PLACEMENT_3D('',#7506,#5021,#5022);
#4184=AXIS2_PLACEMENT_3D('',#7507,#5023,#5024);
#4185=AXIS2_PLACEMENT_3D('',#7508,#5025,#5026);
#4186=AXIS2_PLACEMENT_3D('',#7509,#5027,#5028);
#4187=AXIS2_PLACEMENT_3D('',#7510,#5029,#5030);
#4188=AXIS2_PLACEMENT_3D('',#7511,#5031,#5032);
#4189=AXIS2_PLACEMENT_3D('',#7512,#5033,#5034);
#4190=AXIS2_PLACEMENT_3D('',#7513,#5035,#5036);
#4191=AXIS2_PLACEMENT_3D('',#7514,#5037,#5038);
#4192=AXIS2_PLACEMENT_3D('',#7515,#5039,#5040);
#4193=AXIS2_PLACEMENT_3D('',#7516,#5041,#5042);
#4194=AXIS2_PLACEMENT_3D('',#7517,#5043,#5044);
#4195=AXIS2_PLACEMENT_3D('',#7518,#5045,#5046);
#4196=AXIS2_PLACEMENT_3D('',#7519,#5047,#5048);
#4197=AXIS2_PLACEMENT_3D('',#7520,#5049,#5050);
#4198=AXIS2_PLACEMENT_3D('',#7521,#5051,#5052);
#4199=AXIS2_PLACEMENT_3D('',#7522,#5053,#5054);
#4200=AXIS2_PLACEMENT_3D('',#7523,#5055,#5056);
#4201=AXIS2_PLACEMENT_3D('',#7524,#5057,#5058);
#4202=AXIS2_PLACEMENT_3D('',#7525,#5059,#5060);
#4203=AXIS2_PLACEMENT_3D('',#7526,#5061,#5062);
#4204=AXIS2_PLACEMENT_3D('',#7527,#5063,#5064);
#4205=AXIS2_PLACEMENT_3D('',#7528,#5065,#5066);
#4206=AXIS2_PLACEMENT_3D('',#7529,#5067,#5068);
#4207=AXIS2_PLACEMENT_3D('',#7530,#5069,#5070);
#4208=AXIS2_PLACEMENT_3D('',#7531,#5071,#5072);
#4209=AXIS2_PLACEMENT_3D('',#7532,#5073,#5074);
#4210=AXIS2_PLACEMENT_3D('',#7533,#5075,#5076);
#4211=AXIS2_PLACEMENT_3D('',#7534,#5077,#5078);
#4212=AXIS2_PLACEMENT_3D('',#7535,#5079,#5080);
#4213=AXIS2_PLACEMENT_3D('',#7536,#5081,#5082);
#4214=AXIS2_PLACEMENT_3D('',#7537,#5083,#5084);
#4215=AXIS2_PLACEMENT_3D('',#7538,#5085,#5086);
#4216=AXIS2_PLACEMENT_3D('',#7539,#5087,#5088);
#4217=AXIS2_PLACEMENT_3D('',#7540,#5089,#5090);
#4218=AXIS2_PLACEMENT_3D('',#7541,#5091,#5092);
#4219=AXIS2_PLACEMENT_3D('',#7542,#5093,#5094);
#4220=AXIS2_PLACEMENT_3D('',#7543,#5095,#5096);
#4221=AXIS2_PLACEMENT_3D('',#7544,#5097,#5098);
#4222=AXIS2_PLACEMENT_3D('',#7545,#5099,#5100);
#4223=AXIS2_PLACEMENT_3D('',#7546,#5101,#5102);
#4224=AXIS2_PLACEMENT_3D('',#7547,#5103,#5104);
#4225=AXIS2_PLACEMENT_3D('',#7548,#5105,#5106);
#4226=AXIS2_PLACEMENT_3D('',#7549,#5107,#5108);
#4227=AXIS2_PLACEMENT_3D('',#7550,#5109,#5110);
#4228=AXIS2_PLACEMENT_3D('',#7551,#5111,#5112);
#4229=AXIS2_PLACEMENT_3D('',#7552,#5113,#5114);
#4230=AXIS2_PLACEMENT_3D('',#7553,#5115,#5116);
#4231=AXIS2_PLACEMENT_3D('',#7554,#5117,#5118);
#4232=AXIS2_PLACEMENT_3D('',#7556,#5119,#5120);
#4233=AXIS2_PLACEMENT_3D('',#7558,#5121,#5122);
#4234=AXIS2_PLACEMENT_3D('',#7559,#5123,#5124);
#4235=AXIS2_PLACEMENT_3D('',#7560,#5125,#5126);
#4236=AXIS2_PLACEMENT_3D('',#7563,#5129,#5130);
#4237=AXIS2_PLACEMENT_3D('',#9285,#5133,#5134);
#4238=AXIS2_PLACEMENT_3D('',#9286,#5135,#5136);
#4239=AXIS2_PLACEMENT_3D('',#9287,#5137,#5138);
#4240=AXIS2_PLACEMENT_3D('',#9288,#5139,#5140);
#4241=AXIS2_PLACEMENT_3D('',#9289,#5141,#5142);
#4242=AXIS2_PLACEMENT_3D('',#9290,#5143,#5144);
#4243=AXIS2_PLACEMENT_3D('',#9291,#5145,#5146);
#4244=AXIS2_PLACEMENT_3D('',#9292,#5147,#5148);
#4245=AXIS2_PLACEMENT_3D('',#9293,#5149,#5150);
#4246=AXIS2_PLACEMENT_3D('',#9294,#5151,#5152);
#4247=AXIS2_PLACEMENT_3D('',#9295,#5153,#5154);
#4248=AXIS2_PLACEMENT_3D('',#9296,#5155,#5156);
#4249=AXIS2_PLACEMENT_3D('',#9297,#5157,#5158);
#4250=AXIS2_PLACEMENT_3D('',#9298,#5159,#5160);
#4251=AXIS2_PLACEMENT_3D('',#9299,#5161,#5162);
#4252=AXIS2_PLACEMENT_3D('',#9300,#5163,#5164);
#4253=AXIS2_PLACEMENT_3D('',#9301,#5165,#5166);
#4254=AXIS2_PLACEMENT_3D('',#9302,#5167,#5168);
#4255=AXIS2_PLACEMENT_3D('',#9303,#5169,#5170);
#4256=AXIS2_PLACEMENT_3D('',#9304,#5171,#5172);
#4257=AXIS2_PLACEMENT_3D('',#9305,#5173,#5174);
#4258=AXIS2_PLACEMENT_3D('',#9306,#5175,#5176);
#4259=AXIS2_PLACEMENT_3D('',#9307,#5177,#5178);
#4260=AXIS2_PLACEMENT_3D('',#9308,#5179,#5180);
#4261=AXIS2_PLACEMENT_3D('',#9309,#5181,#5182);
#4262=AXIS2_PLACEMENT_3D('',#9310,#5183,#5184);
#4263=AXIS2_PLACEMENT_3D('',#9311,#5185,#5186);
#4264=AXIS2_PLACEMENT_3D('',#9312,#5187,#5188);
#4265=AXIS2_PLACEMENT_3D('',#9313,#5189,#5190);
#4266=AXIS2_PLACEMENT_3D('',#9314,#5191,#5192);
#4267=AXIS2_PLACEMENT_3D('',#9315,#5193,#5194);
#4268=AXIS2_PLACEMENT_3D('',#9316,#5195,#5196);
#4269=AXIS2_PLACEMENT_3D('',#9317,#5197,#5198);
#4270=AXIS2_PLACEMENT_3D('',#9318,#5199,#5200);
#4271=AXIS2_PLACEMENT_3D('',#9319,#5201,#5202);
#4272=AXIS2_PLACEMENT_3D('',#9320,#5203,#5204);
#4273=AXIS2_PLACEMENT_3D('',#9321,#5205,#5206);
#4274=AXIS2_PLACEMENT_3D('',#9322,#5207,#5208);
#4275=AXIS2_PLACEMENT_3D('',#9323,#5209,#5210);
#4276=AXIS2_PLACEMENT_3D('',#9324,#5211,#5212);
#4277=AXIS2_PLACEMENT_3D('',#9325,#5213,#5214);
#4278=AXIS2_PLACEMENT_3D('',#9338,#5216,#5217);
#4279=AXIS2_PLACEMENT_3D('',#9342,#5218,#5219);
#4280=AXIS2_PLACEMENT_3D('',#9372,#5221,#5222);
#4281=AXIS2_PLACEMENT_3D('',#9402,#5224,#5225);
#4282=AXIS2_PLACEMENT_3D('',#9432,#5227,#5228);
#4283=AXIS2_PLACEMENT_3D('',#9462,#5230,#5231);
#4284=AXIS2_PLACEMENT_3D('',#9492,#5233,#5234);
#4285=AXIS2_PLACEMENT_3D('',#9522,#5236,#5237);
#4286=AXIS2_PLACEMENT_3D('',#9552,#5239,#5240);
#4287=AXIS2_PLACEMENT_3D('',#9582,#5242,#5243);
#4288=AXIS2_PLACEMENT_3D('',#9612,#5245,#5246);
#4289=AXIS2_PLACEMENT_3D('',#9642,#5248,#5249);
#4290=AXIS2_PLACEMENT_3D('',#9672,#5251,#5252);
#4291=AXIS2_PLACEMENT_3D('',#9702,#5254,#5255);
#4292=AXIS2_PLACEMENT_3D('',#9732,#5257,#5258);
#4293=AXIS2_PLACEMENT_3D('',#9757,#5260,#5261);
#4294=AXIS2_PLACEMENT_3D('',#9758,#5262,#5263);
#4295=AXIS2_PLACEMENT_3D('',#9798,#5265,#5266);
#4296=AXIS2_PLACEMENT_3D('',#9821,#5268,#5269);
#4297=AXIS2_PLACEMENT_3D('',#9899,#5271,#5272);
#4298=AXIS2_PLACEMENT_3D('',#9977,#5274,#5275);
#4299=AXIS2_PLACEMENT_3D('',#10053,#5277,#5278);
#4300=AXIS2_PLACEMENT_3D('',#10129,#5280,#5281);
#4301=AXIS2_PLACEMENT_3D('',#10205,#5283,#5284);
#4302=AXIS2_PLACEMENT_3D('',#10281,#5286,#5287);
#4303=AXIS2_PLACEMENT_3D('',#10361,#5289,#5290);
#4304=AXIS2_PLACEMENT_3D('',#10437,#5292,#5293);
#4305=AXIS2_PLACEMENT_3D('',#10513,#5295,#5296);
#4306=AXIS2_PLACEMENT_3D('',#10589,#5298,#5299);
#4307=AXIS2_PLACEMENT_3D('',#10665,#5301,#5302);
#4308=AXIS2_PLACEMENT_3D('',#10741,#5304,#5305);
#4309=AXIS2_PLACEMENT_3D('',#10743,#5306,#5307);
#4310=AXIS2_PLACEMENT_3D('',#10746,#5309,#5310);
#4311=AXIS2_PLACEMENT_3D('',#10747,#5311,#5312);
#4312=AXIS2_PLACEMENT_3D('',#10749,#5313,#5314);
#4313=AXIS2_PLACEMENT_3D('',#10752,#5316,#5317);
#4314=AXIS2_PLACEMENT_3D('',#10753,#5318,#5319);
#4315=AXIS2_PLACEMENT_3D('',#10755,#5320,#5321);
#4316=AXIS2_PLACEMENT_3D('',#10758,#5323,#5324);
#4317=AXIS2_PLACEMENT_3D('',#10759,#5325,#5326);
#4318=AXIS2_PLACEMENT_3D('',#10761,#5327,#5328);
#4319=AXIS2_PLACEMENT_3D('',#10764,#5330,#5331);
#4320=AXIS2_PLACEMENT_3D('',#10765,#5332,#5333);
#4321=AXIS2_PLACEMENT_3D('',#10767,#5334,#5335);
#4322=AXIS2_PLACEMENT_3D('',#10770,#5337,#5338);
#4323=AXIS2_PLACEMENT_3D('',#10771,#5339,#5340);
#4324=AXIS2_PLACEMENT_3D('',#10804,#5341,#5342);
#4325=AXIS2_PLACEMENT_3D('',#10831,#5343,#5344);
#4326=AXIS2_PLACEMENT_3D('',#10860,#5345,#5346);
#4327=AXIS2_PLACEMENT_3D('',#10861,#5347,#5348);
#4328=AXIS2_PLACEMENT_3D('',#10862,#5349,#5350);
#4329=AXIS2_PLACEMENT_3D('',#10863,#5351,#5352);
#4330=AXIS2_PLACEMENT_3D('',#11219,#5354,#5355);
#4331=AXIS2_PLACEMENT_3D('',#11576,#5358,#5359);
#4332=AXIS2_PLACEMENT_3D('',#11577,#5360,#5361);
#4333=AXIS2_PLACEMENT_3D('',#11578,#5362,#5363);
#4334=AXIS2_PLACEMENT_3D('',#11580,#5364,#5365);
#4335=AXIS2_PLACEMENT_3D('',#11581,#5366,#5367);
#4336=AXIS2_PLACEMENT_3D('',#11583,#5368,#5369);
#4337=AXIS2_PLACEMENT_3D('',#11584,#5370,#5371);
#4338=AXIS2_PLACEMENT_3D('',#11585,#5372,#5373);
#4339=AXIS2_PLACEMENT_3D('',#11594,#5378,#5379);
#4340=AXIS2_PLACEMENT_3D('',#11600,#5383,#5384);
#4341=AXIS2_PLACEMENT_3D('',#11606,#5388,#5389);
#4342=AXIS2_PLACEMENT_3D('',#11609,#5392,#5393);
#4343=AXIS2_PLACEMENT_3D('',#11610,#5394,#5395);
#4344=AXIS2_PLACEMENT_3D('',#11612,#5396,#5397);
#4345=AXIS2_PLACEMENT_3D('',#11615,#5399,#5400);
#4346=AXIS2_PLACEMENT_3D('',#11616,#5401,#5402);
#4347=AXIS2_PLACEMENT_3D('',#11618,#5403,#5404);
#4348=AXIS2_PLACEMENT_3D('',#11621,#5406,#5407);
#4349=AXIS2_PLACEMENT_3D('',#11622,#5408,#5409);
#4350=AXIS2_PLACEMENT_3D('',#11624,#5410,#5411);
#4351=AXIS2_PLACEMENT_3D('',#11627,#5413,#5414);
#4352=AXIS2_PLACEMENT_3D('',#11628,#5415,#5416);
#4353=AXIS2_PLACEMENT_3D('',#11630,#5417,#5418);
#4354=AXIS2_PLACEMENT_3D('',#11633,#5420,#5421);
#4355=AXIS2_PLACEMENT_3D('',#11634,#5422,#5423);
#4356=AXIS2_PLACEMENT_3D('',#11636,#5424,#5425);
#4357=AXIS2_PLACEMENT_3D('',#11639,#5427,#5428);
#4358=AXIS2_PLACEMENT_3D('',#11640,#5429,#5430);
#4359=AXIS2_PLACEMENT_3D('',#11642,#5431,#5432);
#4360=AXIS2_PLACEMENT_3D('',#11645,#5434,#5435);
#4361=AXIS2_PLACEMENT_3D('',#11646,#5436,#5437);
#4362=AXIS2_PLACEMENT_3D('',#11648,#5438,#5439);
#4363=AXIS2_PLACEMENT_3D('',#11651,#5441,#5442);
#4364=AXIS2_PLACEMENT_3D('',#11652,#5443,#5444);
#4365=AXIS2_PLACEMENT_3D('',#11654,#5445,#5446);
#4366=AXIS2_PLACEMENT_3D('',#11657,#5448,#5449);
#4367=AXIS2_PLACEMENT_3D('',#11658,#5450,#5451);
#4368=AXIS2_PLACEMENT_3D('',#11667,#5456,#5457);
#4369=AXIS2_PLACEMENT_3D('',#11673,#5461,#5462);
#4370=AXIS2_PLACEMENT_3D('',#11679,#5466,#5467);
#4371=AXIS2_PLACEMENT_3D('',#11682,#5470,#5471);
#4372=AXIS2_PLACEMENT_3D('',#11683,#5472,#5473);
#4373=AXIS2_PLACEMENT_3D('',#11684,#5474,#5475);
#4374=AXIS2_PLACEMENT_3D('',#11685,#5476,#5477);
#4375=DIRECTION('axis',(0.,0.,1.));
#4376=DIRECTION('refdir',(1.,0.,0.));
#4377=DIRECTION('axis',(0.,0.,1.));
#4378=DIRECTION('refdir',(1.,0.,0.));
#4379=DIRECTION('center_axis',(0.,-1.,0.));
#4380=DIRECTION('ref_axis',(-1.,0.,-8.99424548627511E-17));
#4381=DIRECTION('',(0.,-1.,0.));
#4382=DIRECTION('',(1.59858999588334E-11,1.,0.));
#4383=DIRECTION('center_axis',(0.,1.,0.));
#4384=DIRECTION('ref_axis',(-1.,0.,-8.99424548627511E-17));
#4385=DIRECTION('',(0.,-1.,1.99793805500292E-14));
#4386=DIRECTION('center_axis',(-0.00857355661057798,-0.999963246388109,
1.61393537171914E-15));
#4387=DIRECTION('ref_axis',(0.234319558952317,-0.00200902584260102,-0.972157553129921));
#4388=DIRECTION('',(0.,1.,0.));
#4389=DIRECTION('center_axis',(0.,-1.,0.));
#4390=DIRECTION('ref_axis',(-1.,0.,-8.99424548627511E-17));
#4391=DIRECTION('',(0.,-1.,0.));
#4392=DIRECTION('center_axis',(0.,-1.,0.));
#4393=DIRECTION('ref_axis',(-1.,0.,-8.99424548627511E-17));
#4394=DIRECTION('',(0.,-1.,0.));
#4395=DIRECTION('center_axis',(0.,-1.,0.));
#4396=DIRECTION('ref_axis',(-1.,0.,-8.99424548627511E-17));
#4397=DIRECTION('',(0.,-1.,0.));
#4398=DIRECTION('center_axis',(0.,-1.,0.));
#4399=DIRECTION('ref_axis',(-1.,0.,-8.99424548627511E-17));
#4400=DIRECTION('',(0.,-1.,0.));
#4401=DIRECTION('center_axis',(0.,-1.,0.));
#4402=DIRECTION('ref_axis',(-1.,0.,-8.99424548627511E-17));
#4403=DIRECTION('',(0.,-1.,0.));
#4404=DIRECTION('center_axis',(0.,-1.,0.));
#4405=DIRECTION('ref_axis',(-1.,0.,-8.99424548627511E-17));
#4406=DIRECTION('',(0.,-1.,0.));
#4407=DIRECTION('center_axis',(0.,-1.,0.));
#4408=DIRECTION('ref_axis',(-1.,0.,-8.99424548627511E-17));
#4409=DIRECTION('',(0.,-1.,0.));
#4410=DIRECTION('center_axis',(0.,-1.,0.));
#4411=DIRECTION('ref_axis',(-1.,0.,-8.99424548627511E-17));
#4412=DIRECTION('',(0.,-1.,0.));
#4413=DIRECTION('center_axis',(0.,-1.,0.));
#4414=DIRECTION('ref_axis',(-1.,0.,-8.99424548627511E-17));
#4415=DIRECTION('',(0.,-1.,0.));
#4416=DIRECTION('center_axis',(0.,-1.,0.));
#4417=DIRECTION('ref_axis',(-1.,0.,-8.99424548627511E-17));
#4418=DIRECTION('',(0.,-1.,0.));
#4419=DIRECTION('center_axis',(0.,-1.,0.));
#4420=DIRECTION('ref_axis',(-1.,0.,-8.99424548627511E-17));
#4421=DIRECTION('',(0.,-1.,0.));
#4422=DIRECTION('',(0.,1.,0.));
#4423=DIRECTION('center_axis',(0.,-1.,0.));
#4424=DIRECTION('ref_axis',(0.,0.,-1.));
#4425=DIRECTION('',(0.,-1.,0.));
#4426=DIRECTION('center_axis',(0.,1.,0.));
#4427=DIRECTION('ref_axis',(0.,0.,1.));
#4428=DIRECTION('center_axis',(0.,-1.,0.));
#4429=DIRECTION('ref_axis',(0.,0.,-1.));
#4430=DIRECTION('',(0.,-1.,0.));
#4431=DIRECTION('center_axis',(0.,-1.,0.));
#4432=DIRECTION('ref_axis',(0.,0.,-1.));
#4433=DIRECTION('',(0.,-1.,0.));
#4434=DIRECTION('center_axis',(0.,-1.,0.));
#4435=DIRECTION('ref_axis',(0.,0.,-1.));
#4436=DIRECTION('',(0.,-1.,0.));
#4437=DIRECTION('center_axis',(0.,-1.,0.));
#4438=DIRECTION('ref_axis',(0.,0.,-1.));
#4439=DIRECTION('',(0.,-1.,0.));
#4440=DIRECTION('center_axis',(0.,-1.,0.));
#4441=DIRECTION('ref_axis',(0.,0.,-1.));
#4442=DIRECTION('',(0.,-1.,0.));
#4443=DIRECTION('center_axis',(0.,-1.,0.));
#4444=DIRECTION('ref_axis',(0.,0.,-1.));
#4445=DIRECTION('',(0.,-1.,0.));
#4446=DIRECTION('center_axis',(0.,-1.,0.));
#4447=DIRECTION('ref_axis',(0.,0.,-1.));
#4448=DIRECTION('',(0.,-1.,0.));
#4449=DIRECTION('center_axis',(0.,-1.,0.));
#4450=DIRECTION('ref_axis',(0.,0.,-1.));
#4451=DIRECTION('',(0.,-1.,0.));
#4452=DIRECTION('center_axis',(0.,-1.,0.));
#4453=DIRECTION('ref_axis',(0.,0.,-1.));
#4454=DIRECTION('',(0.,-1.,0.));
#4455=DIRECTION('center_axis',(0.,-1.,0.));
#4456=DIRECTION('ref_axis',(0.,0.,-1.));
#4457=DIRECTION('',(0.,-1.,0.));
#4458=DIRECTION('center_axis',(0.,-1.,0.));
#4459=DIRECTION('ref_axis',(0.,0.,-1.));
#4460=DIRECTION('',(0.,-1.,0.));
#4461=DIRECTION('center_axis',(0.,1.,0.));
#4462=DIRECTION('ref_axis',(0.,0.,1.));
#4463=DIRECTION('center_axis',(0.,1.,0.));
#4464=DIRECTION('ref_axis',(0.,0.,1.));
#4465=DIRECTION('center_axis',(0.,1.,0.));
#4466=DIRECTION('ref_axis',(0.000167896596921627,0.,0.999999985905366));
#4467=DIRECTION('',(0.,-1.,0.));
#4468=DIRECTION('center_axis',(0.,1.,0.));
#4469=DIRECTION('ref_axis',(0.000168265235599367,0.,0.999999985843405));
#4470=DIRECTION('',(0.,1.,0.));
#4471=DIRECTION('center_axis',(0.,1.,0.));
#4472=DIRECTION('ref_axis',(0.,0.,1.));
#4473=DIRECTION('center_axis',(0.,1.,0.));
#4474=DIRECTION('ref_axis',(-0.0119240539750863,0.,0.999928905941217));
#4475=DIRECTION('',(0.,-1.,0.));
#4476=DIRECTION('center_axis',(0.,1.,0.));
#4477=DIRECTION('ref_axis',(0.999960606330811,0.,0.00887613578740042));
#4478=DIRECTION('',(0.,1.,0.));
#4479=DIRECTION('center_axis',(0.,-1.,0.));
#4480=DIRECTION('ref_axis',(0.,0.,-1.));
#4481=DIRECTION('',(0.,-1.,0.));
#4482=DIRECTION('center_axis',(0.,1.,0.));
#4483=DIRECTION('ref_axis',(0.,0.,1.));
#4484=DIRECTION('center_axis',(0.,-1.,0.));
#4485=DIRECTION('ref_axis',(0.,0.,-1.));
#4486=DIRECTION('center_axis',(0.,-1.,0.));
#4487=DIRECTION('ref_axis',(0.,0.,-1.));
#4488=DIRECTION('',(0.,-1.,0.));
#4489=DIRECTION('center_axis',(0.,-1.,0.));
#4490=DIRECTION('ref_axis',(0.,0.,-1.));
#4491=DIRECTION('center_axis',(0.,-1.,0.));
#4492=DIRECTION('ref_axis',(0.,0.,-1.));
#4493=DIRECTION('center_axis',(0.,-1.,0.));
#4494=DIRECTION('ref_axis',(0.,0.,-1.));
#4495=DIRECTION('',(0.,-1.,0.));
#4496=DIRECTION('center_axis',(0.,-1.,0.));
#4497=DIRECTION('ref_axis',(0.,0.,-1.));
#4498=DIRECTION('center_axis',(0.,1.,0.));
#4499=DIRECTION('ref_axis',(0.,0.,1.));
#4500=DIRECTION('',(0.,-1.,0.));
#4501=DIRECTION('center_axis',(0.,1.,0.));
#4502=DIRECTION('ref_axis',(0.,0.,1.));
#4503=DIRECTION('',(0.,1.,0.));
#4504=DIRECTION('',(0.,-1.,0.));
#4505=DIRECTION('center_axis',(0.,-1.,0.));
#4506=DIRECTION('ref_axis',(0.,0.,1.));
#4507=DIRECTION('center_axis',(0.,1.,0.));
#4508=DIRECTION('ref_axis',(0.,0.,-1.));
#4509=DIRECTION('center_axis',(0.,1.,0.));
#4510=DIRECTION('ref_axis',(0.,0.,1.));
#4511=DIRECTION('center_axis',(0.,-1.,0.));
#4512=DIRECTION('ref_axis',(0.,0.,-1.));
#4513=DIRECTION('',(0.,-1.,0.));
#4514=DIRECTION('center_axis',(0.,-1.,0.));
#4515=DIRECTION('ref_axis',(0.,0.,1.));
#4516=DIRECTION('',(0.,-1.,0.));
#4517=DIRECTION('center_axis',(0.,1.,0.));
#4518=DIRECTION('ref_axis',(0.,0.,1.));
#4519=DIRECTION('',(0.,1.,0.));
#4520=DIRECTION('center_axis',(0.,-1.,0.));
#4521=DIRECTION('ref_axis',(0.,0.,-1.));
#4522=DIRECTION('center_axis',(0.,1.,0.));
#4523=DIRECTION('ref_axis',(0.,0.,1.));
#4524=DIRECTION('',(0.,1.,0.));
#4525=DIRECTION('center_axis',(0.,1.,0.));
#4526=DIRECTION('ref_axis',(0.,0.,1.));
#4527=DIRECTION('',(0.,-1.,0.));
#4528=DIRECTION('center_axis',(0.,-1.,0.));
#4529=DIRECTION('ref_axis',(0.,0.,-1.));
#4530=DIRECTION('center_axis',(0.,1.,0.));
#4531=DIRECTION('ref_axis',(0.,0.,1.));
#4532=DIRECTION('',(0.,-1.,0.));
#4533=DIRECTION('center_axis',(0.,1.,0.));
#4534=DIRECTION('ref_axis',(0.,0.,1.));
#4535=DIRECTION('',(0.,1.,0.));
#4536=DIRECTION('center_axis',(0.,-1.,0.));
#4537=DIRECTION('ref_axis',(0.,0.,-1.));
#4538=DIRECTION('center_axis',(0.,1.,0.));
#4539=DIRECTION('ref_axis',(0.,0.,1.));
#4540=DIRECTION('',(0.,-1.,0.));
#4541=DIRECTION('center_axis',(0.,1.,0.));
#4542=DIRECTION('ref_axis',(0.,0.,1.));
#4543=DIRECTION('',(0.,1.,0.));
#4544=DIRECTION('center_axis',(0.,-1.,0.));
#4545=DIRECTION('ref_axis',(0.,0.,-1.));
#4546=DIRECTION('center_axis',(0.,1.,0.));
#4547=DIRECTION('ref_axis',(0.,0.,1.));
#4548=DIRECTION('',(0.,-1.,0.));
#4549=DIRECTION('center_axis',(0.,1.,0.));
#4550=DIRECTION('ref_axis',(0.,0.,1.));
#4551=DIRECTION('',(0.,1.,0.));
#4552=DIRECTION('center_axis',(0.,-1.,0.));
#4553=DIRECTION('ref_axis',(0.,0.,-1.));
#4554=DIRECTION('center_axis',(0.,1.,0.));
#4555=DIRECTION('ref_axis',(0.,0.,1.));
#4556=DIRECTION('',(0.,-1.,0.));
#4557=DIRECTION('center_axis',(0.,1.,0.));
#4558=DIRECTION('ref_axis',(0.,0.,1.));
#4559=DIRECTION('',(0.,1.,0.));
#4560=DIRECTION('center_axis',(0.,-1.,0.));
#4561=DIRECTION('ref_axis',(0.,0.,-1.));
#4562=DIRECTION('center_axis',(0.,1.,0.));
#4563=DIRECTION('ref_axis',(0.,0.,1.));
#4564=DIRECTION('',(0.,-1.,0.));
#4565=DIRECTION('center_axis',(0.,1.,0.));
#4566=DIRECTION('ref_axis',(0.,0.,1.));
#4567=DIRECTION('',(0.,1.,0.));
#4568=DIRECTION('center_axis',(0.,-1.,0.));
#4569=DIRECTION('ref_axis',(0.,0.,-1.));
#4570=DIRECTION('center_axis',(0.,1.,0.));
#4571=DIRECTION('ref_axis',(0.,0.,1.));
#4572=DIRECTION('',(0.,-1.,0.));
#4573=DIRECTION('center_axis',(0.,1.,0.));
#4574=DIRECTION('ref_axis',(0.,0.,1.));
#4575=DIRECTION('',(0.,1.,0.));
#4576=DIRECTION('center_axis',(0.,-1.,0.));
#4577=DIRECTION('ref_axis',(0.,0.,-1.));
#4578=DIRECTION('center_axis',(0.,1.,0.));
#4579=DIRECTION('ref_axis',(0.,0.,1.));
#4580=DIRECTION('',(0.,-1.,0.));
#4581=DIRECTION('center_axis',(0.,1.,0.));
#4582=DIRECTION('ref_axis',(0.,0.,1.));
#4583=DIRECTION('center_axis',(0.,1.,0.));
#4584=DIRECTION('ref_axis',(0.,0.,1.));
#4585=DIRECTION('',(0.,1.,0.));
#4586=DIRECTION('center_axis',(0.,-1.,0.));
#4587=DIRECTION('ref_axis',(0.,0.,-1.));
#4588=DIRECTION('center_axis',(0.,1.,0.));
#4589=DIRECTION('ref_axis',(0.,0.,1.));
#4590=DIRECTION('',(0.,-1.,0.));
#4591=DIRECTION('center_axis',(0.,1.,0.));
#4592=DIRECTION('ref_axis',(0.,0.,1.));
#4593=DIRECTION('',(0.,1.,0.));
#4594=DIRECTION('center_axis',(0.,-1.,0.));
#4595=DIRECTION('ref_axis',(0.,0.,-1.));
#4596=DIRECTION('center_axis',(0.,1.,0.));
#4597=DIRECTION('ref_axis',(0.,0.,1.));
#4598=DIRECTION('',(0.,-1.,0.));
#4599=DIRECTION('center_axis',(0.,1.,0.));
#4600=DIRECTION('ref_axis',(0.,0.,1.));
#4601=DIRECTION('',(0.,1.,0.));
#4602=DIRECTION('center_axis',(0.,-1.,0.));
#4603=DIRECTION('ref_axis',(0.,0.,-1.));
#4604=DIRECTION('center_axis',(0.,1.,0.));
#4605=DIRECTION('ref_axis',(0.,0.,1.));
#4606=DIRECTION('',(0.,-1.,0.));
#4607=DIRECTION('center_axis',(0.,1.,0.));
#4608=DIRECTION('ref_axis',(0.,0.,1.));
#4609=DIRECTION('',(0.,1.,0.));
#4610=DIRECTION('center_axis',(0.,-1.,0.));
#4611=DIRECTION('ref_axis',(0.,0.,-1.));
#4612=DIRECTION('center_axis',(0.,1.,0.));
#4613=DIRECTION('ref_axis',(0.,0.,1.));
#4614=DIRECTION('',(0.,-1.,0.));
#4615=DIRECTION('center_axis',(0.,1.,0.));
#4616=DIRECTION('ref_axis',(0.,0.,1.));
#4617=DIRECTION('center_axis',(0.,1.,0.));
#4618=DIRECTION('ref_axis',(0.,0.,1.));
#4619=DIRECTION('',(0.,1.,0.));
#4620=DIRECTION('center_axis',(0.,-1.,0.));
#4621=DIRECTION('ref_axis',(0.,0.,-1.));
#4622=DIRECTION('center_axis',(0.,1.,0.));
#4623=DIRECTION('ref_axis',(0.,0.,1.));
#4624=DIRECTION('',(0.,-1.,0.));
#4625=DIRECTION('center_axis',(0.,1.,0.));
#4626=DIRECTION('ref_axis',(0.,0.,1.));
#4627=DIRECTION('',(0.,1.,0.));
#4628=DIRECTION('center_axis',(0.,-1.,0.));
#4629=DIRECTION('ref_axis',(0.,0.,-1.));
#4630=DIRECTION('center_axis',(0.,1.,0.));
#4631=DIRECTION('ref_axis',(0.,0.,1.));
#4632=DIRECTION('',(0.,-1.,0.));
#4633=DIRECTION('center_axis',(0.,1.,0.));
#4634=DIRECTION('ref_axis',(0.,0.,1.));
#4635=DIRECTION('',(0.,1.,0.));
#4636=DIRECTION('center_axis',(0.,-1.,0.));
#4637=DIRECTION('ref_axis',(0.,0.,-1.));
#4638=DIRECTION('center_axis',(0.,1.,0.));
#4639=DIRECTION('ref_axis',(0.,0.,1.));
#4640=DIRECTION('',(0.,-1.,0.));
#4641=DIRECTION('center_axis',(0.,1.,0.));
#4642=DIRECTION('ref_axis',(0.,0.,1.));
#4643=DIRECTION('',(0.,1.,0.));
#4644=DIRECTION('center_axis',(0.,-1.,0.));
#4645=DIRECTION('ref_axis',(0.,0.,-1.));
#4646=DIRECTION('center_axis',(0.,1.,0.));
#4647=DIRECTION('ref_axis',(0.,0.,1.));
#4648=DIRECTION('',(0.,-1.,0.));
#4649=DIRECTION('center_axis',(0.,1.,0.));
#4650=DIRECTION('ref_axis',(0.,0.,1.));
#4651=DIRECTION('',(0.,1.,0.));
#4652=DIRECTION('center_axis',(0.,-1.,0.));
#4653=DIRECTION('ref_axis',(0.,0.,-1.));
#4654=DIRECTION('center_axis',(0.,1.,0.));
#4655=DIRECTION('ref_axis',(0.,0.,1.));
#4656=DIRECTION('',(0.,-1.,0.));
#4657=DIRECTION('center_axis',(0.,1.,0.));
#4658=DIRECTION('ref_axis',(0.,0.,1.));
#4659=DIRECTION('',(0.,1.,0.));
#4660=DIRECTION('center_axis',(0.,-1.,0.));
#4661=DIRECTION('ref_axis',(0.,0.,-1.));
#4662=DIRECTION('center_axis',(0.,1.,0.));
#4663=DIRECTION('ref_axis',(0.,0.,1.));
#4664=DIRECTION('',(0.,-1.,0.));
#4665=DIRECTION('center_axis',(0.,1.,0.));
#4666=DIRECTION('ref_axis',(0.,0.,1.));
#4667=DIRECTION('',(0.,1.,0.));
#4668=DIRECTION('center_axis',(0.,-1.,0.));
#4669=DIRECTION('ref_axis',(0.,0.,-1.));
#4670=DIRECTION('center_axis',(0.,1.,0.));
#4671=DIRECTION('ref_axis',(0.,0.,1.));
#4672=DIRECTION('',(0.,-1.,0.));
#4673=DIRECTION('center_axis',(0.,1.,0.));
#4674=DIRECTION('ref_axis',(0.,0.,1.));
#4675=DIRECTION('center_axis',(0.,-1.,0.));
#4676=DIRECTION('ref_axis',(-6.98296267768627E-15,0.,1.));
#4677=DIRECTION('center_axis',(0.,1.,0.));
#4678=DIRECTION('ref_axis',(0.,0.,1.));
#4679=DIRECTION('center_axis',(0.,1.,0.));
#4680=DIRECTION('ref_axis',(0.,0.,1.));
#4681=DIRECTION('center_axis',(0.,-1.,0.));
#4682=DIRECTION('ref_axis',(0.,0.,-1.));
#4683=DIRECTION('center_axis',(0.,1.,0.));
#4684=DIRECTION('ref_axis',(0.,0.,1.));
#4685=DIRECTION('center_axis',(0.,1.,0.));
#4686=DIRECTION('ref_axis',(0.,0.,1.));
#4687=DIRECTION('',(0.,1.,0.));
#4688=DIRECTION('center_axis',(0.,-1.,0.));
#4689=DIRECTION('ref_axis',(0.,0.,-1.));
#4690=DIRECTION('center_axis',(0.,1.,0.));
#4691=DIRECTION('ref_axis',(0.,0.,1.));
#4692=DIRECTION('',(0.,-1.,0.));
#4693=DIRECTION('center_axis',(0.,1.,0.));
#4694=DIRECTION('ref_axis',(0.,0.,1.));
#4695=DIRECTION('',(0.,1.,0.));
#4696=DIRECTION('center_axis',(0.,-1.,0.));
#4697=DIRECTION('ref_axis',(0.,0.,-1.));
#4698=DIRECTION('center_axis',(0.,1.,0.));
#4699=DIRECTION('ref_axis',(0.,0.,1.));
#4700=DIRECTION('',(0.,-1.,0.));
#4701=DIRECTION('center_axis',(0.,1.,0.));
#4702=DIRECTION('ref_axis',(0.,0.,1.));
#4703=DIRECTION('',(0.,1.,0.));
#4704=DIRECTION('center_axis',(0.,-1.,0.));
#4705=DIRECTION('ref_axis',(0.,0.,-1.));
#4706=DIRECTION('center_axis',(0.,1.,0.));
#4707=DIRECTION('ref_axis',(0.,0.,1.));
#4708=DIRECTION('',(0.,-1.,0.));
#4709=DIRECTION('center_axis',(0.,1.,0.));
#4710=DIRECTION('ref_axis',(0.,0.,1.));
#4711=DIRECTION('',(0.,1.,0.));
#4712=DIRECTION('center_axis',(0.,-1.,0.));
#4713=DIRECTION('ref_axis',(0.,0.,-1.));
#4714=DIRECTION('center_axis',(0.,1.,0.));
#4715=DIRECTION('ref_axis',(0.,0.,1.));
#4716=DIRECTION('',(0.,-1.,0.));
#4717=DIRECTION('center_axis',(0.,1.,0.));
#4718=DIRECTION('ref_axis',(0.,0.,1.));
#4719=DIRECTION('',(0.,1.,0.));
#4720=DIRECTION('center_axis',(0.,-1.,0.));
#4721=DIRECTION('ref_axis',(0.,0.,-1.));
#4722=DIRECTION('center_axis',(0.,1.,0.));
#4723=DIRECTION('ref_axis',(0.,0.,1.));
#4724=DIRECTION('',(0.,-1.,0.));
#4725=DIRECTION('center_axis',(0.,1.,0.));
#4726=DIRECTION('ref_axis',(0.,0.,1.));
#4727=DIRECTION('',(0.,1.,0.));
#4728=DIRECTION('center_axis',(0.,-1.,0.));
#4729=DIRECTION('ref_axis',(0.,0.,-1.));
#4730=DIRECTION('center_axis',(0.,1.,0.));
#4731=DIRECTION('ref_axis',(0.,0.,1.));
#4732=DIRECTION('',(0.,-1.,0.));
#4733=DIRECTION('center_axis',(0.,1.,0.));
#4734=DIRECTION('ref_axis',(0.,0.,1.));
#4735=DIRECTION('',(0.,1.,0.));
#4736=DIRECTION('center_axis',(0.,-1.,0.));
#4737=DIRECTION('ref_axis',(0.,0.,-1.));
#4738=DIRECTION('center_axis',(0.,1.,0.));
#4739=DIRECTION('ref_axis',(0.,0.,1.));
#4740=DIRECTION('',(0.,-1.,0.));
#4741=DIRECTION('center_axis',(0.,1.,0.));
#4742=DIRECTION('ref_axis',(0.,0.,1.));
#4743=DIRECTION('center_axis',(0.,1.,0.));
#4744=DIRECTION('ref_axis',(0.,0.,1.));
#4745=DIRECTION('',(0.,1.,0.));
#4746=DIRECTION('center_axis',(0.,-1.,0.));
#4747=DIRECTION('ref_axis',(0.,0.,-1.));
#4748=DIRECTION('center_axis',(0.,1.,0.));
#4749=DIRECTION('ref_axis',(0.,0.,1.));
#4750=DIRECTION('',(0.,-1.,0.));
#4751=DIRECTION('center_axis',(0.,1.,0.));
#4752=DIRECTION('ref_axis',(0.,0.,1.));
#4753=DIRECTION('',(0.,1.,0.));
#4754=DIRECTION('center_axis',(0.,-1.,0.));
#4755=DIRECTION('ref_axis',(0.,0.,-1.));
#4756=DIRECTION('center_axis',(0.,1.,0.));
#4757=DIRECTION('ref_axis',(0.,0.,1.));
#4758=DIRECTION('',(0.,-1.,0.));
#4759=DIRECTION('center_axis',(0.,1.,0.));
#4760=DIRECTION('ref_axis',(0.,0.,1.));
#4761=DIRECTION('',(0.,1.,0.));
#4762=DIRECTION('center_axis',(0.,-1.,0.));
#4763=DIRECTION('ref_axis',(0.,0.,-1.));
#4764=DIRECTION('center_axis',(0.,1.,0.));
#4765=DIRECTION('ref_axis',(0.,0.,1.));
#4766=DIRECTION('',(0.,-1.,0.));
#4767=DIRECTION('center_axis',(0.,1.,0.));
#4768=DIRECTION('ref_axis',(0.,0.,1.));
#4769=DIRECTION('',(0.,1.,0.));
#4770=DIRECTION('center_axis',(0.,-1.,0.));
#4771=DIRECTION('ref_axis',(0.,0.,-1.));
#4772=DIRECTION('center_axis',(0.,1.,0.));
#4773=DIRECTION('ref_axis',(0.,0.,1.));
#4774=DIRECTION('',(0.,-1.,0.));
#4775=DIRECTION('center_axis',(0.,1.,0.));
#4776=DIRECTION('ref_axis',(0.,0.,1.));
#4777=DIRECTION('center_axis',(0.,1.,0.));
#4778=DIRECTION('ref_axis',(0.,0.,1.));
#4779=DIRECTION('',(0.,1.,0.));
#4780=DIRECTION('center_axis',(0.,-1.,0.));
#4781=DIRECTION('ref_axis',(0.,0.,-1.));
#4782=DIRECTION('center_axis',(0.,1.,0.));
#4783=DIRECTION('ref_axis',(0.,0.,1.));
#4784=DIRECTION('',(0.,-1.,0.));
#4785=DIRECTION('center_axis',(0.,1.,0.));
#4786=DIRECTION('ref_axis',(0.,0.,1.));
#4787=DIRECTION('',(0.,1.,0.));
#4788=DIRECTION('center_axis',(0.,-1.,0.));
#4789=DIRECTION('ref_axis',(0.,0.,-1.));
#4790=DIRECTION('center_axis',(0.,1.,0.));
#4791=DIRECTION('ref_axis',(0.,0.,1.));
#4792=DIRECTION('',(0.,-1.,0.));
#4793=DIRECTION('center_axis',(0.,1.,0.));
#4794=DIRECTION('ref_axis',(0.,0.,1.));
#4795=DIRECTION('',(0.,1.,0.));
#4796=DIRECTION('center_axis',(0.,-1.,0.));
#4797=DIRECTION('ref_axis',(0.,0.,-1.));
#4798=DIRECTION('center_axis',(0.,1.,0.));
#4799=DIRECTION('ref_axis',(0.,0.,1.));
#4800=DIRECTION('',(0.,-1.,0.));
#4801=DIRECTION('center_axis',(0.,1.,0.));
#4802=DIRECTION('ref_axis',(0.,0.,1.));
#4803=DIRECTION('',(0.,1.,0.));
#4804=DIRECTION('center_axis',(0.,-1.,0.));
#4805=DIRECTION('ref_axis',(0.,0.,-1.));
#4806=DIRECTION('center_axis',(0.,1.,0.));
#4807=DIRECTION('ref_axis',(0.,0.,1.));
#4808=DIRECTION('',(0.,-1.,0.));
#4809=DIRECTION('center_axis',(0.,1.,0.));
#4810=DIRECTION('ref_axis',(0.,0.,1.));
#4811=DIRECTION('',(0.,1.,0.));
#4812=DIRECTION('center_axis',(0.,-1.,0.));
#4813=DIRECTION('ref_axis',(0.,0.,-1.));
#4814=DIRECTION('center_axis',(0.,1.,0.));
#4815=DIRECTION('ref_axis',(0.,0.,1.));
#4816=DIRECTION('',(0.,-1.,0.));
#4817=DIRECTION('center_axis',(0.,1.,0.));
#4818=DIRECTION('ref_axis',(0.,0.,1.));
#4819=DIRECTION('',(0.,1.,0.));
#4820=DIRECTION('center_axis',(0.,-1.,0.));
#4821=DIRECTION('ref_axis',(0.,0.,-1.));
#4822=DIRECTION('center_axis',(0.,1.,0.));
#4823=DIRECTION('ref_axis',(0.,0.,1.));
#4824=DIRECTION('',(0.,-1.,0.));
#4825=DIRECTION('center_axis',(0.,1.,0.));
#4826=DIRECTION('ref_axis',(0.,0.,1.));
#4827=DIRECTION('',(0.,1.,0.));
#4828=DIRECTION('center_axis',(0.,1.,0.));
#4829=DIRECTION('ref_axis',(0.,0.,1.));
#4830=DIRECTION('center_axis',(4.33906381288157E-13,1.,1.05459780299065E-13));
#4831=DIRECTION('ref_axis',(0.990905412238653,-4.44168256088238E-13,0.134560261578761));
#4832=DIRECTION('',(-6.67201336914157E-17,0.,-1.));
#4833=DIRECTION('',(1.,0.,0.));
#4834=DIRECTION('center_axis',(0.,1.,0.));
#4835=DIRECTION('ref_axis',(0.,0.,1.));
#4836=DIRECTION('',(-6.67201336914157E-17,0.,-1.));
#4837=DIRECTION('',(-1.,0.,0.));
#4838=DIRECTION('center_axis',(0.,1.,0.));
#4839=DIRECTION('ref_axis',(0.,0.,1.));
#4840=DIRECTION('',(-1.,0.,0.));
#4841=DIRECTION('',(1.33440267382831E-16,0.,1.));
#4842=DIRECTION('center_axis',(0.,1.,0.));
#4843=DIRECTION('ref_axis',(0.,0.,1.));
#4844=DIRECTION('center_axis',(0.,1.,0.));
#4845=DIRECTION('ref_axis',(0.,0.,1.));
#4846=DIRECTION('',(1.,0.,0.));
#4847=DIRECTION('',(-6.67201336914157E-17,0.,-1.));
#4848=DIRECTION('center_axis',(0.,1.,0.));
#4849=DIRECTION('ref_axis',(0.,0.,1.));
#4850=DIRECTION('center_axis',(0.,1.,0.));
#4851=DIRECTION('ref_axis',(0.,0.,1.));
#4852=DIRECTION('center_axis',(0.,1.,0.));
#4853=DIRECTION('ref_axis',(0.,0.,1.));
#4854=DIRECTION('center_axis',(0.,1.,0.));
#4855=DIRECTION('ref_axis',(0.,0.,1.));
#4856=DIRECTION('center_axis',(0.,1.,0.));
#4857=DIRECTION('ref_axis',(0.,0.,1.));
#4858=DIRECTION('center_axis',(0.,1.,0.));
#4859=DIRECTION('ref_axis',(0.,0.,1.));
#4860=DIRECTION('center_axis',(0.,1.,0.));
#4861=DIRECTION('ref_axis',(0.,0.,1.));
#4862=DIRECTION('',(1.,0.,0.));
#4863=DIRECTION('',(-1.,0.,0.));
#4864=DIRECTION('center_axis',(0.,1.,0.));
#4865=DIRECTION('ref_axis',(0.,0.,1.));
#4866=DIRECTION('center_axis',(0.,1.,0.));
#4867=DIRECTION('ref_axis',(0.,0.,1.));
#4868=DIRECTION('center_axis',(0.,1.,0.));
#4869=DIRECTION('ref_axis',(0.,0.,1.));
#4870=DIRECTION('center_axis',(0.,1.,0.));
#4871=DIRECTION('ref_axis',(0.,0.,1.));
#4872=DIRECTION('center_axis',(0.,1.,0.));
#4873=DIRECTION('ref_axis',(0.,0.,1.));
#4874=DIRECTION('',(-6.67201336914157E-17,0.,-1.));
#4875=DIRECTION('',(-1.,0.,0.));
#4876=DIRECTION('center_axis',(0.,1.,0.));
#4877=DIRECTION('ref_axis',(0.,0.,1.));
#4878=DIRECTION('center_axis',(0.,1.,0.));
#4879=DIRECTION('ref_axis',(0.,0.,1.));
#4880=DIRECTION('center_axis',(0.,1.,0.));
#4881=DIRECTION('ref_axis',(0.,0.,1.));
#4882=DIRECTION('center_axis',(0.,1.,0.));
#4883=DIRECTION('ref_axis',(0.,0.,1.));
#4884=DIRECTION('center_axis',(0.,1.,0.));
#4885=DIRECTION('ref_axis',(0.,0.,1.));
#4886=DIRECTION('center_axis',(0.,1.,0.));
#4887=DIRECTION('ref_axis',(0.,0.,1.));
#4888=DIRECTION('center_axis',(0.,1.,0.));
#4889=DIRECTION('ref_axis',(0.,0.,1.));
#4890=DIRECTION('',(-1.,0.,0.));
#4891=DIRECTION('',(1.33440267382831E-16,0.,1.));
#4892=DIRECTION('center_axis',(0.,1.,0.));
#4893=DIRECTION('ref_axis',(0.,0.,1.));
#4894=DIRECTION('center_axis',(0.,1.,0.));
#4895=DIRECTION('ref_axis',(0.,0.,1.));
#4896=DIRECTION('center_axis',(0.,1.,0.));
#4897=DIRECTION('ref_axis',(0.,0.,1.));
#4898=DIRECTION('center_axis',(0.,1.,0.));
#4899=DIRECTION('ref_axis',(0.,0.,1.));
#4900=DIRECTION('center_axis',(0.,1.,0.));
#4901=DIRECTION('ref_axis',(0.,0.,1.));
#4902=DIRECTION('center_axis',(0.,1.,0.));
#4903=DIRECTION('ref_axis',(0.,0.,1.));
#4904=DIRECTION('center_axis',(0.,1.,0.));
#4905=DIRECTION('ref_axis',(0.,0.,1.));
#4906=DIRECTION('',(-1.,0.,0.));
#4907=DIRECTION('',(1.,0.,0.));
#4908=DIRECTION('center_axis',(0.,1.,0.));
#4909=DIRECTION('ref_axis',(0.,0.,1.));
#4910=DIRECTION('center_axis',(0.,1.,0.));
#4911=DIRECTION('ref_axis',(0.,0.,1.));
#4912=DIRECTION('center_axis',(0.,1.,0.));
#4913=DIRECTION('ref_axis',(0.,0.,1.));
#4914=DIRECTION('center_axis',(0.,1.,0.));
#4915=DIRECTION('ref_axis',(0.,0.,1.));
#4916=DIRECTION('center_axis',(0.,1.,0.));
#4917=DIRECTION('ref_axis',(0.,0.,1.));
#4918=DIRECTION('',(-1.,0.,0.));
#4919=DIRECTION('',(-6.67201336914157E-17,0.,-1.));
#4920=DIRECTION('',(1.,0.,0.));
#4921=DIRECTION('',(1.33440267382831E-16,0.,1.));
#4922=DIRECTION('',(-6.67201336914157E-17,0.,-1.));
#4923=DIRECTION('',(-1.,0.,0.));
#4924=DIRECTION('',(1.33440267382831E-16,0.,1.));
#4925=DIRECTION('',(1.,0.,0.));
#4926=DIRECTION('center_axis',(0.,0.,1.));
#4927=DIRECTION('ref_axis',(1.,0.,0.));
#4928=DIRECTION('',(0.,1.,0.));
#4929=DIRECTION('',(1.,0.,0.));
#4930=DIRECTION('',(1.,0.,0.));
#4931=DIRECTION('center_axis',(0.,0.,-1.));
#4932=DIRECTION('ref_axis',(-1.,0.,0.));
#4933=DIRECTION('',(-1.,0.,0.));
#4934=DIRECTION('',(0.,-1.,0.));
#4935=DIRECTION('',(-1.,0.,0.));
#4936=DIRECTION('center_axis',(0.,1.,0.));
#4937=DIRECTION('ref_axis',(0.,0.,1.));
#4938=DIRECTION('center_axis',(0.,0.,-1.));
#4939=DIRECTION('ref_axis',(-1.,0.,0.));
#4940=DIRECTION('',(0.,1.,0.));
#4941=DIRECTION('',(1.,0.,0.));
#4942=DIRECTION('',(-1.,0.,0.));
#4943=DIRECTION('center_axis',(0.,0.,1.));
#4944=DIRECTION('ref_axis',(1.,0.,0.));
#4945=DIRECTION('',(-1.,0.,0.));
#4946=DIRECTION('',(0.,-1.,0.));
#4947=DIRECTION('',(1.,0.,0.));
#4948=DIRECTION('center_axis',(-1.,0.,6.67201336914157E-17));
#4949=DIRECTION('ref_axis',(6.67201336914157E-17,0.,1.));
#4950=DIRECTION('',(-6.67201336914157E-17,0.,-1.));
#4951=DIRECTION('',(0.,0.,1.));
#4952=DIRECTION('',(-6.67201336914157E-17,0.,-1.));
#4953=DIRECTION('',(0.,-1.,0.));
#4954=DIRECTION('',(0.,-1.,0.));
#4955=DIRECTION('center_axis',(0.,0.,1.));
#4956=DIRECTION('ref_axis',(1.,0.,0.));
#4957=DIRECTION('',(0.,-1.,0.));
#4958=DIRECTION('',(-1.,0.,0.));
#4959=DIRECTION('center_axis',(1.,0.,-1.33440267382831E-16));
#4960=DIRECTION('ref_axis',(-1.33440267382831E-16,0.,-1.));
#4961=DIRECTION('',(0.,-1.,0.));
#4962=DIRECTION('',(1.33440267382831E-16,0.,1.));
#4963=DIRECTION('',(1.33440267382831E-16,0.,1.));
#4964=DIRECTION('',(0.,0.,1.));
#4965=DIRECTION('',(1.33440267382831E-16,0.,1.));
#4966=DIRECTION('center_axis',(0.,0.,-1.));
#4967=DIRECTION('ref_axis',(-1.,0.,0.));
#4968=DIRECTION('',(1.,0.,0.));
#4969=DIRECTION('',(1.,0.,0.));
#4970=DIRECTION('center_axis',(0.,1.,0.));
#4971=DIRECTION('ref_axis',(0.,0.,1.));
#4972=DIRECTION('center_axis',(0.,1.,0.));
#4973=DIRECTION('ref_axis',(0.,0.,1.));
#4974=DIRECTION('center_axis',(0.,1.,0.));
#4975=DIRECTION('ref_axis',(0.,0.,1.));
#4976=DIRECTION('center_axis',(0.,1.,0.));
#4977=DIRECTION('ref_axis',(0.,0.,1.));
#4978=DIRECTION('center_axis',(0.,1.,0.));
#4979=DIRECTION('ref_axis',(0.,0.,1.));
#4980=DIRECTION('center_axis',(0.,1.,0.));
#4981=DIRECTION('ref_axis',(0.,0.,1.));
#4982=DIRECTION('center_axis',(0.,1.,0.));
#4983=DIRECTION('ref_axis',(0.,0.,1.));
#4984=DIRECTION('center_axis',(-1.,0.,6.67201336914157E-17));
#4985=DIRECTION('ref_axis',(6.67201336914157E-17,0.,1.));
#4986=DIRECTION('',(0.,-1.,0.));
#4987=DIRECTION('',(0.,-1.,0.));
#4988=DIRECTION('',(0.,1.,-3.49676543189034E-15));
#4989=DIRECTION('',(0.,-1.,0.));
#4990=DIRECTION('center_axis',(0.,0.,1.));
#4991=DIRECTION('ref_axis',(1.,0.,0.));
#4992=DIRECTION('',(0.,-1.,0.));
#4993=DIRECTION('',(-0.989916731139129,0.141650504449583,9.49221836369418E-13));
#4994=DIRECTION('center_axis',(1.,0.,-1.33440267382831E-16));
#4995=DIRECTION('ref_axis',(-1.33440267382831E-16,0.,-1.));
#4996=DIRECTION('',(1.33440267382831E-16,0.,1.));
#4997=DIRECTION('',(0.,-1.,0.));
#4998=DIRECTION('center_axis',(0.,0.,-1.));
#4999=DIRECTION('ref_axis',(-1.,0.,0.));
#5000=DIRECTION('',(1.,0.,0.));
#5001=DIRECTION('center_axis',(0.,1.,0.));
#5002=DIRECTION('ref_axis',(0.,0.,1.));
#5003=DIRECTION('center_axis',(0.,-1.,0.));
#5004=DIRECTION('ref_axis',(0.,0.,-1.));
#5005=DIRECTION('center_axis',(0.,-1.,0.));
#5006=DIRECTION('ref_axis',(0.,0.,-1.));
#5007=DIRECTION('center_axis',(0.,1.,0.));
#5008=DIRECTION('ref_axis',(0.,0.,1.));
#5009=DIRECTION('center_axis',(0.,1.,0.));
#5010=DIRECTION('ref_axis',(0.,0.,1.));
#5011=DIRECTION('center_axis',(0.,1.,0.));
#5012=DIRECTION('ref_axis',(0.,0.,1.));
#5013=DIRECTION('center_axis',(0.,1.,0.));
#5014=DIRECTION('ref_axis',(0.,0.,1.));
#5015=DIRECTION('center_axis',(0.,1.,0.));
#5016=DIRECTION('ref_axis',(0.,0.,1.));
#5017=DIRECTION('center_axis',(0.,1.,0.));
#5018=DIRECTION('ref_axis',(0.,0.,1.));
#5019=DIRECTION('center_axis',(0.,1.,0.));
#5020=DIRECTION('ref_axis',(0.,0.,1.));
#5021=DIRECTION('center_axis',(0.,1.,0.));
#5022=DIRECTION('ref_axis',(0.,0.,1.));
#5023=DIRECTION('center_axis',(0.,1.,0.));
#5024=DIRECTION('ref_axis',(0.,0.,1.));
#5025=DIRECTION('center_axis',(0.,1.,0.));
#5026=DIRECTION('ref_axis',(0.,0.,1.));
#5027=DIRECTION('center_axis',(0.,1.,0.));
#5028=DIRECTION('ref_axis',(0.,0.,1.));
#5029=DIRECTION('center_axis',(0.,1.,0.));
#5030=DIRECTION('ref_axis',(0.,0.,1.));
#5031=DIRECTION('center_axis',(0.,1.,0.));
#5032=DIRECTION('ref_axis',(0.,0.,1.));
#5033=DIRECTION('center_axis',(0.,1.,0.));
#5034=DIRECTION('ref_axis',(0.,0.,1.));
#5035=DIRECTION('center_axis',(0.,1.,0.));
#5036=DIRECTION('ref_axis',(0.,0.,1.));
#5037=DIRECTION('center_axis',(0.,1.,0.));
#5038=DIRECTION('ref_axis',(0.,0.,1.));
#5039=DIRECTION('center_axis',(0.,1.,0.));
#5040=DIRECTION('ref_axis',(0.,0.,1.));
#5041=DIRECTION('center_axis',(0.,1.,0.));
#5042=DIRECTION('ref_axis',(0.,0.,1.));
#5043=DIRECTION('center_axis',(0.,1.,0.));
#5044=DIRECTION('ref_axis',(0.,0.,1.));
#5045=DIRECTION('center_axis',(0.,1.,0.));
#5046=DIRECTION('ref_axis',(0.,0.,1.));
#5047=DIRECTION('center_axis',(0.,1.,0.));
#5048=DIRECTION('ref_axis',(0.,0.,1.));
#5049=DIRECTION('center_axis',(0.,1.,0.));
#5050=DIRECTION('ref_axis',(0.,0.,1.));
#5051=DIRECTION('center_axis',(0.,1.,0.));
#5052=DIRECTION('ref_axis',(0.,0.,1.));
#5053=DIRECTION('center_axis',(0.,1.,0.));
#5054=DIRECTION('ref_axis',(0.,0.,1.));
#5055=DIRECTION('center_axis',(0.,1.,0.));
#5056=DIRECTION('ref_axis',(0.,0.,1.));
#5057=DIRECTION('center_axis',(0.,1.,0.));
#5058=DIRECTION('ref_axis',(0.,0.,1.));
#5059=DIRECTION('center_axis',(0.,1.,0.));
#5060=DIRECTION('ref_axis',(0.,0.,1.));
#5061=DIRECTION('center_axis',(0.,1.,0.));
#5062=DIRECTION('ref_axis',(0.,0.,1.));
#5063=DIRECTION('center_axis',(0.,1.,0.));
#5064=DIRECTION('ref_axis',(0.,0.,1.));
#5065=DIRECTION('center_axis',(0.,1.,0.));
#5066=DIRECTION('ref_axis',(0.,0.,1.));
#5067=DIRECTION('center_axis',(0.,1.,0.));
#5068=DIRECTION('ref_axis',(0.,0.,1.));
#5069=DIRECTION('center_axis',(0.,1.,0.));
#5070=DIRECTION('ref_axis',(0.,0.,1.));
#5071=DIRECTION('center_axis',(0.,1.,0.));
#5072=DIRECTION('ref_axis',(0.,0.,1.));
#5073=DIRECTION('center_axis',(0.,1.,0.));
#5074=DIRECTION('ref_axis',(0.,0.,1.));
#5075=DIRECTION('center_axis',(0.,1.,0.));
#5076=DIRECTION('ref_axis',(0.,0.,1.));
#5077=DIRECTION('center_axis',(0.,1.,0.));
#5078=DIRECTION('ref_axis',(0.,0.,1.));
#5079=DIRECTION('center_axis',(0.,1.,0.));
#5080=DIRECTION('ref_axis',(0.,0.,1.));
#5081=DIRECTION('center_axis',(0.,1.,0.));
#5082=DIRECTION('ref_axis',(0.,0.,1.));
#5083=DIRECTION('center_axis',(0.,1.,0.));
#5084=DIRECTION('ref_axis',(0.,0.,1.));
#5085=DIRECTION('center_axis',(0.,1.,0.));
#5086=DIRECTION('ref_axis',(0.,0.,1.));
#5087=DIRECTION('center_axis',(0.,1.,0.));
#5088=DIRECTION('ref_axis',(0.,0.,1.));
#5089=DIRECTION('center_axis',(0.,1.,0.));
#5090=DIRECTION('ref_axis',(0.,0.,1.));
#5091=DIRECTION('center_axis',(0.,1.,0.));
#5092=DIRECTION('ref_axis',(0.,0.,1.));
#5093=DIRECTION('center_axis',(0.,1.,0.));
#5094=DIRECTION('ref_axis',(0.,0.,1.));
#5095=DIRECTION('center_axis',(0.,1.,0.));
#5096=DIRECTION('ref_axis',(0.,0.,1.));
#5097=DIRECTION('center_axis',(0.,1.,0.));
#5098=DIRECTION('ref_axis',(0.,0.,1.));
#5099=DIRECTION('center_axis',(0.,1.,0.));
#5100=DIRECTION('ref_axis',(0.,0.,1.));
#5101=DIRECTION('center_axis',(0.,1.,0.));
#5102=DIRECTION('ref_axis',(0.,0.,1.));
#5103=DIRECTION('center_axis',(0.,1.,0.));
#5104=DIRECTION('ref_axis',(0.,0.,1.));
#5105=DIRECTION('center_axis',(0.,1.,0.));
#5106=DIRECTION('ref_axis',(0.,0.,1.));
#5107=DIRECTION('center_axis',(0.,1.,0.));
#5108=DIRECTION('ref_axis',(0.,0.,1.));
#5109=DIRECTION('center_axis',(0.,1.,0.));
#5110=DIRECTION('ref_axis',(0.,0.,1.));
#5111=DIRECTION('center_axis',(0.,1.,0.));
#5112=DIRECTION('ref_axis',(0.,0.,1.));
#5113=DIRECTION('center_axis',(0.,1.,0.));
#5114=DIRECTION('ref_axis',(0.,0.,1.));
#5115=DIRECTION('center_axis',(0.,1.,0.));
#5116=DIRECTION('ref_axis',(0.,0.,1.));
#5117=DIRECTION('center_axis',(0.,1.,0.));
#5118=DIRECTION('ref_axis',(0.,0.,1.));
#5119=DIRECTION('center_axis',(0.,1.,0.));
#5120=DIRECTION('ref_axis',(0.,0.,1.));
#5121=DIRECTION('center_axis',(0.,1.,0.));
#5122=DIRECTION('ref_axis',(0.,0.,1.));
#5123=DIRECTION('center_axis',(0.,1.,0.));
#5124=DIRECTION('ref_axis',(0.,0.,1.));
#5125=DIRECTION('center_axis',(0.,-1.,0.));
#5126=DIRECTION('ref_axis',(0.,0.,-1.));
#5127=DIRECTION('',(0.,-1.,0.));
#5128=DIRECTION('',(0.,1.,0.));
#5129=DIRECTION('center_axis',(0.,-1.,0.));
#5130=DIRECTION('ref_axis',(1.,0.,8.55656194648141E-16));
#5131=DIRECTION('',(0.866025403784439,0.499999999999999,6.04742307255491E-15));
#5132=DIRECTION('',(-0.866025403784439,0.499999999999999,-6.04742307255491E-15));
#5133=DIRECTION('center_axis',(6.98296267768626E-15,0.,-1.));
#5134=DIRECTION('ref_axis',(-1.,0.,-6.98296267768626E-15));
#5135=DIRECTION('center_axis',(0.,-1.,0.));
#5136=DIRECTION('ref_axis',(-1.,0.,-8.99424548627511E-17));
#5137=DIRECTION('center_axis',(0.,1.,0.));
#5138=DIRECTION('ref_axis',(1.22464679914735E-16,0.,-1.));
#5139=DIRECTION('center_axis',(0.,1.,0.));
#5140=DIRECTION('ref_axis',(0.15779838990911,0.,-0.987471350542431));
#5141=DIRECTION('center_axis',(0.,1.,0.));
#5142=DIRECTION('ref_axis',(0.311704786838576,0.,-0.950178996748464));
#5143=DIRECTION('center_axis',(0.,1.,0.));
#5144=DIRECTION('ref_axis',(0.457909099641637,0.,-0.888999019383816));
#5145=DIRECTION('center_axis',(0.,1.,0.));
#5146=DIRECTION('ref_axis',(0.592764613953189,0.,-0.805375758540649));
#5147=DIRECTION('center_axis',(0.,1.,0.));
#5148=DIRECTION('ref_axis',(0.,0.,1.));
#5149=DIRECTION('center_axis',(0.,1.,0.));
#5150=DIRECTION('ref_axis',(0.,0.,1.));
#5151=DIRECTION('center_axis',(0.,1.,0.));
#5152=DIRECTION('ref_axis',(0.,0.,1.));
#5153=DIRECTION('center_axis',(0.,1.,0.));
#5154=DIRECTION('ref_axis',(0.,0.,1.));
#5155=DIRECTION('center_axis',(0.,1.,0.));
#5156=DIRECTION('ref_axis',(0.,0.,1.));
#5157=DIRECTION('center_axis',(0.,1.,0.));
#5158=DIRECTION('ref_axis',(0.,0.,1.));
#5159=DIRECTION('center_axis',(0.,1.,0.));
#5160=DIRECTION('ref_axis',(0.,0.,1.));
#5161=DIRECTION('center_axis',(0.,1.,0.));
#5162=DIRECTION('ref_axis',(0.,0.,1.));
#5163=DIRECTION('center_axis',(0.,1.,0.));
#5164=DIRECTION('ref_axis',(0.,0.,1.));
#5165=DIRECTION('center_axis',(0.,1.,0.));
#5166=DIRECTION('ref_axis',(0.,0.,1.));
#5167=DIRECTION('center_axis',(0.,1.,0.));
#5168=DIRECTION('ref_axis',(0.,0.,1.));
#5169=DIRECTION('center_axis',(0.,1.,0.));
#5170=DIRECTION('ref_axis',(0.,0.,1.));
#5171=DIRECTION('center_axis',(0.,1.,0.));
#5172=DIRECTION('ref_axis',(0.,0.,1.));
#5173=DIRECTION('center_axis',(0.,1.,0.));
#5174=DIRECTION('ref_axis',(0.,0.,1.));
#5175=DIRECTION('center_axis',(0.,1.,0.));
#5176=DIRECTION('ref_axis',(0.,0.,1.));
#5177=DIRECTION('center_axis',(0.,1.,0.));
#5178=DIRECTION('ref_axis',(0.,0.,1.));
#5179=DIRECTION('center_axis',(0.,1.,0.));
#5180=DIRECTION('ref_axis',(0.,0.,1.));
#5181=DIRECTION('center_axis',(0.,1.,0.));
#5182=DIRECTION('ref_axis',(0.,0.,1.));
#5183=DIRECTION('center_axis',(0.,1.,0.));
#5184=DIRECTION('ref_axis',(0.,0.,1.));
#5185=DIRECTION('center_axis',(0.,1.,0.));
#5186=DIRECTION('ref_axis',(0.,0.,1.));
#5187=DIRECTION('center_axis',(0.,1.,0.));
#5188=DIRECTION('ref_axis',(0.,0.,1.));
#5189=DIRECTION('center_axis',(0.,1.,0.));
#5190=DIRECTION('ref_axis',(0.,0.,1.));
#5191=DIRECTION('center_axis',(0.,1.,0.));
#5192=DIRECTION('ref_axis',(0.,0.,1.));
#5193=DIRECTION('center_axis',(0.,1.,0.));
#5194=DIRECTION('ref_axis',(0.,0.,1.));
#5195=DIRECTION('center_axis',(0.,1.,0.));
#5196=DIRECTION('ref_axis',(0.,0.,1.));
#5197=DIRECTION('center_axis',(0.,1.,0.));
#5198=DIRECTION('ref_axis',(0.,0.,1.));
#5199=DIRECTION('center_axis',(0.,1.,0.));
#5200=DIRECTION('ref_axis',(0.,0.,1.));
#5201=DIRECTION('center_axis',(0.,1.,0.));
#5202=DIRECTION('ref_axis',(0.,0.,1.));
#5203=DIRECTION('center_axis',(0.,1.,0.));
#5204=DIRECTION('ref_axis',(-0.592764613953178,0.,-0.805375758540657));
#5205=DIRECTION('center_axis',(0.,1.,0.));
#5206=DIRECTION('ref_axis',(-0.457909099641625,0.,-0.888999019383821));
#5207=DIRECTION('center_axis',(0.,1.,0.));
#5208=DIRECTION('ref_axis',(-0.311704786838563,0.,-0.950178996748468));
#5209=DIRECTION('center_axis',(0.,1.,0.));
#5210=DIRECTION('ref_axis',(-0.157798389909098,0.,-0.987471350542433));
#5211=DIRECTION('axis',(0.,0.,1.));
#5212=DIRECTION('refdir',(1.,0.,0.));
#5213=DIRECTION('center_axis',(0.,0.,1.));
#5214=DIRECTION('ref_axis',(-1.,2.38116595634831E-16,0.));
#5215=DIRECTION('',(0.,0.,-1.));
#5216=DIRECTION('center_axis',(0.,0.,1.));
#5217=DIRECTION('ref_axis',(-1.,2.38116595634831E-16,0.));
#5218=DIRECTION('center_axis',(0.,0.,1.));
#5219=DIRECTION('ref_axis',(-1.,2.38116595634831E-16,0.));
#5220=DIRECTION('',(0.,0.,-1.));
#5221=DIRECTION('center_axis',(0.,0.,1.));
#5222=DIRECTION('ref_axis',(-1.,2.38116595634831E-16,0.));
#5223=DIRECTION('',(0.,0.,-1.));
#5224=DIRECTION('center_axis',(0.,0.,1.));
#5225=DIRECTION('ref_axis',(-1.,2.38116595634831E-16,0.));
#5226=DIRECTION('',(0.,0.,-1.));
#5227=DIRECTION('center_axis',(0.,0.,1.));
#5228=DIRECTION('ref_axis',(-1.,2.38116595634831E-16,0.));
#5229=DIRECTION('',(0.,0.,-1.));
#5230=DIRECTION('center_axis',(0.,0.,1.));
#5231=DIRECTION('ref_axis',(-1.,2.38116595634831E-16,0.));
#5232=DIRECTION('',(0.,0.,-1.));
#5233=DIRECTION('center_axis',(0.,0.,1.));
#5234=DIRECTION('ref_axis',(-1.,2.38116595634831E-16,0.));
#5235=DIRECTION('',(0.,0.,-1.));
#5236=DIRECTION('center_axis',(0.,0.,1.));
#5237=DIRECTION('ref_axis',(-1.,2.38116595634831E-16,0.));
#5238=DIRECTION('',(0.,0.,-1.));
#5239=DIRECTION('center_axis',(0.,0.,1.));
#5240=DIRECTION('ref_axis',(-1.,2.38116595634831E-16,0.));
#5241=DIRECTION('',(0.,0.,-1.));
#5242=DIRECTION('center_axis',(0.,0.,1.));
#5243=DIRECTION('ref_axis',(-1.,2.38116595634831E-16,0.));
#5244=DIRECTION('',(0.,0.,-1.));
#5245=DIRECTION('center_axis',(0.,0.,1.));
#5246=DIRECTION('ref_axis',(-1.,2.38116595634831E-16,0.));
#5247=DIRECTION('',(0.,0.,-1.));
#5248=DIRECTION('center_axis',(0.,0.,1.));
#5249=DIRECTION('ref_axis',(-1.,2.38116595634831E-16,0.));
#5250=DIRECTION('',(0.,0.,-1.));
#5251=DIRECTION('center_axis',(0.,0.,1.));
#5252=DIRECTION('ref_axis',(-1.,2.38116595634831E-16,0.));
#5253=DIRECTION('',(0.,0.,-1.));
#5254=DIRECTION('center_axis',(0.,0.,1.));
#5255=DIRECTION('ref_axis',(-1.,2.38116595634831E-16,0.));
#5256=DIRECTION('',(0.,0.,-1.));
#5257=DIRECTION('center_axis',(0.,0.,-1.));
#5258=DIRECTION('ref_axis',(-1.,0.,0.));
#5259=DIRECTION('',(0.,0.,1.));
#5260=DIRECTION('center_axis',(0.,0.,-1.));
#5261=DIRECTION('ref_axis',(-1.,0.,0.));
#5262=DIRECTION('center_axis',(0.,0.,-1.));
#5263=DIRECTION('ref_axis',(-1.,0.,0.));
#5264=DIRECTION('',(0.,0.,1.));
#5265=DIRECTION('center_axis',(0.,0.,-1.));
#5266=DIRECTION('ref_axis',(-1.,0.,0.));
#5267=DIRECTION('',(0.,0.,-1.));
#5268=DIRECTION('center_axis',(0.,0.,-1.));
#5269=DIRECTION('ref_axis',(-1.,0.,0.));
#5270=DIRECTION('',(0.,0.,1.));
#5271=DIRECTION('center_axis',(0.,0.,-1.));
#5272=DIRECTION('ref_axis',(-1.,0.,0.));
#5273=DIRECTION('',(0.,0.,1.));
#5274=DIRECTION('center_axis',(0.,0.,-1.));
#5275=DIRECTION('ref_axis',(-1.,0.,0.));
#5276=DIRECTION('',(0.,0.,1.));
#5277=DIRECTION('center_axis',(0.,0.,-1.));
#5278=DIRECTION('ref_axis',(-1.,0.,0.));
#5279=DIRECTION('',(0.,0.,1.));
#5280=DIRECTION('center_axis',(0.,0.,-1.));
#5281=DIRECTION('ref_axis',(-1.,0.,0.));
#5282=DIRECTION('',(0.,0.,1.));
#5283=DIRECTION('center_axis',(0.,0.,-1.));
#5284=DIRECTION('ref_axis',(-1.,0.,0.));
#5285=DIRECTION('',(0.,0.,1.));
#5286=DIRECTION('center_axis',(0.,0.,-1.));
#5287=DIRECTION('ref_axis',(-1.,0.,0.));
#5288=DIRECTION('',(0.,0.,1.));
#5289=DIRECTION('center_axis',(0.,0.,-1.));
#5290=DIRECTION('ref_axis',(-1.,0.,0.));
#5291=DIRECTION('',(0.,0.,1.));
#5292=DIRECTION('center_axis',(0.,0.,-1.));
#5293=DIRECTION('ref_axis',(-1.,0.,0.));
#5294=DIRECTION('',(0.,0.,1.));
#5295=DIRECTION('center_axis',(0.,0.,-1.));
#5296=DIRECTION('ref_axis',(-1.,0.,0.));
#5297=DIRECTION('',(0.,0.,1.));
#5298=DIRECTION('center_axis',(0.,0.,-1.));
#5299=DIRECTION('ref_axis',(-1.,0.,0.));
#5300=DIRECTION('',(0.,0.,1.));
#5301=DIRECTION('center_axis',(0.,0.,-1.));
#5302=DIRECTION('ref_axis',(-1.,0.,0.));
#5303=DIRECTION('',(0.,0.,1.));
#5304=DIRECTION('center_axis',(0.,0.,1.));
#5305=DIRECTION('ref_axis',(1.,0.,0.));
#5306=DIRECTION('center_axis',(0.,0.,-1.));
#5307=DIRECTION('ref_axis',(-1.,0.,0.));
#5308=DIRECTION('',(0.,0.,1.));
#5309=DIRECTION('center_axis',(0.,0.,1.));
#5310=DIRECTION('ref_axis',(1.,0.,0.));
#5311=DIRECTION('center_axis',(0.,0.,-1.));
#5312=DIRECTION('ref_axis',(-1.,0.,0.));
#5313=DIRECTION('center_axis',(0.,0.,-1.));
#5314=DIRECTION('ref_axis',(-1.,0.,0.));
#5315=DIRECTION('',(0.,0.,-1.));
#5316=DIRECTION('center_axis',(0.,0.,-1.));
#5317=DIRECTION('ref_axis',(-1.,0.,0.));
#5318=DIRECTION('center_axis',(0.,0.,1.));
#5319=DIRECTION('ref_axis',(1.,0.,0.));
#5320=DIRECTION('center_axis',(0.,0.,1.));
#5321=DIRECTION('ref_axis',(1.,0.,0.));
#5322=DIRECTION('',(-0.866025403784435,-1.0605752387249E-16,0.500000000000006));
#5323=DIRECTION('center_axis',(0.,0.,-1.));
#5324=DIRECTION('ref_axis',(1.,0.,0.));
#5325=DIRECTION('center_axis',(0.,0.,1.));
#5326=DIRECTION('ref_axis',(1.,0.,0.));
#5327=DIRECTION('center_axis',(0.,0.,1.));
#5328=DIRECTION('ref_axis',(1.,0.,0.));
#5329=DIRECTION('',(0.,0.,-1.));
#5330=DIRECTION('center_axis',(0.,0.,1.));
#5331=DIRECTION('ref_axis',(1.,0.,0.));
#5332=DIRECTION('center_axis',(0.,0.,-1.));
#5333=DIRECTION('ref_axis',(-1.,0.,0.));
#5334=DIRECTION('center_axis',(0.,0.,-1.));
#5335=DIRECTION('ref_axis',(-1.,0.,0.));
#5336=DIRECTION('',(0.,0.,1.));
#5337=DIRECTION('center_axis',(0.,0.,1.));
#5338=DIRECTION('ref_axis',(1.,0.,0.));
#5339=DIRECTION('center_axis',(0.,0.,-1.));
#5340=DIRECTION('ref_axis',(-1.,0.,0.));
#5341=DIRECTION('center_axis',(0.,0.,-1.));
#5342=DIRECTION('ref_axis',(-1.,0.,0.));
#5343=DIRECTION('center_axis',(0.,0.,1.));
#5344=DIRECTION('ref_axis',(1.,0.,0.));
#5345=DIRECTION('center_axis',(0.,0.,1.));
#5346=DIRECTION('ref_axis',(1.,0.,0.));
#5347=DIRECTION('center_axis',(0.,0.,1.));
#5348=DIRECTION('ref_axis',(1.,0.,0.));
#5349=DIRECTION('center_axis',(0.,0.,1.));
#5350=DIRECTION('ref_axis',(1.,0.,0.));
#5351=DIRECTION('center_axis',(0.,0.,-1.));
#5352=DIRECTION('ref_axis',(-1.,0.,0.));
#5353=DIRECTION('',(-0.866025403784439,0.,0.499999999999999));
#5354=DIRECTION('center_axis',(0.,0.,1.));
#5355=DIRECTION('ref_axis',(-1.,2.38116595634831E-16,0.));
#5356=DIRECTION('',(0.,0.,1.));
#5357=DIRECTION('',(0.866025403784439,0.,0.499999999999999));
#5358=DIRECTION('center_axis',(0.,-1.,0.));
#5359=DIRECTION('ref_axis',(0.,0.,-1.));
#5360=DIRECTION('center_axis',(0.,0.,-1.));
#5361=DIRECTION('ref_axis',(-1.,0.,0.));
#5362=DIRECTION('center_axis',(6.12323399573677E-17,1.,0.));
#5363=DIRECTION('ref_axis',(1.,0.,7.89659725337659E-16));
#5364=DIRECTION('center_axis',(-5.82787206195545E-16,0.,1.));
#5365=DIRECTION('ref_axis',(-1.,0.,-5.82787206195545E-16));
#5366=DIRECTION('center_axis',(6.12323399573677E-17,1.,0.));
#5367=DIRECTION('ref_axis',(1.,0.,7.87908445547186E-16));
#5368=DIRECTION('center_axis',(-5.82787206195545E-16,0.,1.));
#5369=DIRECTION('ref_axis',(1.,0.,5.82787206195545E-16));
#5370=DIRECTION('center_axis',(5.82787206195545E-16,0.,-1.));
#5371=DIRECTION('ref_axis',(-1.,0.,-5.82787206195545E-16));
#5372=DIRECTION('center_axis',(1.,0.,0.));
#5373=DIRECTION('ref_axis',(0.,-1.,0.));
#5374=DIRECTION('',(0.,1.,0.));
#5375=DIRECTION('',(0.,0.,-1.));
#5376=DIRECTION('',(0.,-1.,0.));
#5377=DIRECTION('',(0.,0.,-1.));
#5378=DIRECTION('center_axis',(0.,-1.,0.));
#5379=DIRECTION('ref_axis',(-1.,0.,0.));
#5380=DIRECTION('',(1.,0.,0.));
#5381=DIRECTION('',(0.,0.,-1.));
#5382=DIRECTION('',(-1.,0.,0.));
#5383=DIRECTION('center_axis',(-1.45698559662094E-16,1.,0.));
#5384=DIRECTION('ref_axis',(1.,1.45698559662094E-16,0.));
#5385=DIRECTION('',(-1.,-1.45698559662094E-16,0.));
#5386=DIRECTION('',(1.,1.45698559662094E-16,0.));
#5387=DIRECTION('',(0.,0.,-1.));
#5388=DIRECTION('center_axis',(-1.,0.,0.));
#5389=DIRECTION('ref_axis',(0.,1.,0.));
#5390=DIRECTION('',(0.,-1.,0.));
#5391=DIRECTION('',(0.,1.,0.));
#5392=DIRECTION('center_axis',(0.,0.,-1.));
#5393=DIRECTION('ref_axis',(-1.,0.,0.));
#5394=DIRECTION('center_axis',(0.,0.,-1.));
#5395=DIRECTION('ref_axis',(-1.,0.,0.));
#5396=DIRECTION('center_axis',(0.,0.,-1.));
#5397=DIRECTION('ref_axis',(-1.,0.,0.));
#5398=DIRECTION('',(0.,0.,-1.));
#5399=DIRECTION('center_axis',(0.,0.,1.));
#5400=DIRECTION('ref_axis',(-1.,0.,0.));
#5401=DIRECTION('center_axis',(0.,0.,-1.));
#5402=DIRECTION('ref_axis',(-1.,0.,0.));
#5403=DIRECTION('center_axis',(0.,0.,-1.));
#5404=DIRECTION('ref_axis',(-1.,0.,0.));
#5405=DIRECTION('',(0.,0.,-1.));
#5406=DIRECTION('center_axis',(0.,0.,1.));
#5407=DIRECTION('ref_axis',(-1.,0.,0.));
#5408=DIRECTION('center_axis',(0.,0.,-1.));
#5409=DIRECTION('ref_axis',(-1.,0.,0.));
#5410=DIRECTION('center_axis',(0.,0.,-1.));
#5411=DIRECTION('ref_axis',(-1.,0.,0.));
#5412=DIRECTION('',(0.,0.,-1.));
#5413=DIRECTION('center_axis',(0.,0.,1.));
#5414=DIRECTION('ref_axis',(-1.,0.,0.));
#5415=DIRECTION('center_axis',(0.,0.,-1.));
#5416=DIRECTION('ref_axis',(-1.,0.,0.));
#5417=DIRECTION('center_axis',(0.,0.,-1.));
#5418=DIRECTION('ref_axis',(-1.,0.,0.));
#5419=DIRECTION('',(0.,0.,-1.));
#5420=DIRECTION('center_axis',(0.,0.,1.));
#5421=DIRECTION('ref_axis',(-1.,0.,0.));
#5422=DIRECTION('center_axis',(0.,0.,-1.));
#5423=DIRECTION('ref_axis',(-1.,0.,0.));
#5424=DIRECTION('center_axis',(0.,0.,-1.));
#5425=DIRECTION('ref_axis',(-1.,0.,0.));
#5426=DIRECTION('',(0.,0.,-1.));
#5427=DIRECTION('center_axis',(0.,0.,1.));
#5428=DIRECTION('ref_axis',(-1.,0.,0.));
#5429=DIRECTION('center_axis',(0.,0.,-1.));
#5430=DIRECTION('ref_axis',(-1.,0.,0.));
#5431=DIRECTION('center_axis',(0.,0.,-1.));
#5432=DIRECTION('ref_axis',(-1.,0.,0.));
#5433=DIRECTION('',(0.,0.,-1.));
#5434=DIRECTION('center_axis',(0.,0.,1.));
#5435=DIRECTION('ref_axis',(-1.,0.,0.));
#5436=DIRECTION('center_axis',(0.,0.,-1.));
#5437=DIRECTION('ref_axis',(-1.,0.,0.));
#5438=DIRECTION('center_axis',(0.,0.,-1.));
#5439=DIRECTION('ref_axis',(-1.,0.,0.));
#5440=DIRECTION('',(0.,0.,-1.));
#5441=DIRECTION('center_axis',(0.,0.,1.));
#5442=DIRECTION('ref_axis',(-1.,0.,0.));
#5443=DIRECTION('center_axis',(0.,0.,-1.));
#5444=DIRECTION('ref_axis',(-1.,0.,0.));
#5445=DIRECTION('center_axis',(0.,0.,-1.));
#5446=DIRECTION('ref_axis',(-1.,0.,0.));
#5447=DIRECTION('',(0.,0.,-1.));
#5448=DIRECTION('center_axis',(0.,0.,1.));
#5449=DIRECTION('ref_axis',(-1.,0.,0.));
#5450=DIRECTION('center_axis',(-1.,0.,0.));
#5451=DIRECTION('ref_axis',(0.,-1.,0.));
#5452=DIRECTION('',(0.,1.,0.));
#5453=DIRECTION('',(0.,0.,1.));
#5454=DIRECTION('',(0.,-1.,0.));
#5455=DIRECTION('',(0.,0.,1.));
#5456=DIRECTION('center_axis',(0.,1.,0.));
#5457=DIRECTION('ref_axis',(-1.,0.,0.));
#5458=DIRECTION('',(1.,0.,0.));
#5459=DIRECTION('',(-1.,0.,0.));
#5460=DIRECTION('',(0.,0.,1.));
#5461=DIRECTION('center_axis',(1.,0.,0.));
#5462=DIRECTION('ref_axis',(0.,1.,0.));
#5463=DIRECTION('',(0.,-1.,0.));
#5464=DIRECTION('',(0.,1.,0.));
#5465=DIRECTION('',(0.,0.,1.));
#5466=DIRECTION('center_axis',(0.,-1.,0.));
#5467=DIRECTION('ref_axis',(1.,0.,0.));
#5468=DIRECTION('',(-1.,0.,0.));
#5469=DIRECTION('',(1.,0.,0.));
#5470=DIRECTION('center_axis',(0.,0.,1.));
#5471=DIRECTION('ref_axis',(1.,0.,0.));
#5472=DIRECTION('center_axis',(0.,0.,1.));
#5473=DIRECTION('ref_axis',(1.,0.,0.));
#5474=DIRECTION('',(0.,-0.999999999999999,-8.47409175530384E-31));
#5475=DIRECTION('',(0.999999999999999,0.,0.));
#5476=DIRECTION('',(0.,-3.08148791101958E-33,1.));
#5477=DIRECTION('',(1.,0.,0.));
#5478=CARTESIAN_POINT('',(0.,0.,0.));
#5479=CARTESIAN_POINT('',(0.,0.,0.));
#5480=CARTESIAN_POINT('Origin',(1.11022302462516E-15,6.86109375043358,-6.4492399840351E-16));
#5481=CARTESIAN_POINT('',(6.1718519153125,3.24953125043358,5.55111512312578E-16));
#5482=CARTESIAN_POINT('',(6.1718519153125,3.17015625043358,5.55111512312578E-16));
#5483=CARTESIAN_POINT('',(6.1718519153125,6.86109375043358,6.6602138319896E-16));
#5484=CARTESIAN_POINT('',(-6.,2.99993054985785,-1.44629044958009));
#5485=CARTESIAN_POINT('Ctrl Pts',(6.1718519153125,3.17015625043358,4.44201641426197E-16));
#5486=CARTESIAN_POINT('Ctrl Pts',(6.1718519153125,3.14369791710024,3.56332036470418));
#5487=CARTESIAN_POINT('Ctrl Pts',(3.08592595765625,3.11723958376691,5.34498054705627));
#5488=CARTESIAN_POINT('Ctrl Pts',(-7.65389866066213E-17,3.09078125043358,
7.12664072940836));
#5489=CARTESIAN_POINT('Ctrl Pts',(-3.08592595765625,3.06432291710024,5.34498054705627));
#5490=CARTESIAN_POINT('Ctrl Pts',(-6.1718519153125,3.03786458376691,3.56332036470418));
#5491=CARTESIAN_POINT('Ctrl Pts',(-6.1718519153125,3.01140625043358,-1.20003551071609E-15));
#5492=CARTESIAN_POINT('Ctrl Pts',(-6.1718519153125,3.0059609484549,-0.733355165955442));
#5493=CARTESIAN_POINT('Ctrl Pts',(-6.,2.99993054985785,-1.44629044958009));
#5494=CARTESIAN_POINT('',(-6.,3.,-1.44629044958009));
#5495=CARTESIAN_POINT('',(-6.,2.99993054985785,-1.44629044958009));
#5496=CARTESIAN_POINT('',(-1.4462904495801,3.,-6.));
#5497=CARTESIAN_POINT('Origin',(1.11022302462516E-15,3.,-6.4492399840351E-16));
#5498=CARTESIAN_POINT('',(-1.4462904495801,2.94443155923453,-6.));
#5499=CARTESIAN_POINT('',(-1.4462904495801,3.,-6.));
#5500=CARTESIAN_POINT('',(1.4462904495801,2.91963094163263,-6.));
#5501=CARTESIAN_POINT('Origin',(8.32667268468867E-16,2.93203125043359,0.000447384185651156));
#5502=CARTESIAN_POINT('',(1.4462904495801,2.99900594163263,-6.));
#5503=CARTESIAN_POINT('',(1.4462904495801,2.91963094163263,-6.));
#5504=CARTESIAN_POINT('Ctrl Pts',(6.1718519153125,3.24953125043358,4.44201641426197E-16));
#5505=CARTESIAN_POINT('Ctrl Pts',(6.1718519153125,3.22307291710024,3.56332036470418));
#5506=CARTESIAN_POINT('Ctrl Pts',(3.08592595765625,3.19661458376691,5.34498054705627));
#5507=CARTESIAN_POINT('Ctrl Pts',(-7.65389866066217E-17,3.17015625043358,
7.12664072940836));
#5508=CARTESIAN_POINT('Ctrl Pts',(-3.08592595765625,3.14369791710024,5.34498054705627));
#5509=CARTESIAN_POINT('Ctrl Pts',(-6.1718519153125,3.11723958376691,3.56332036470418));
#5510=CARTESIAN_POINT('Ctrl Pts',(-6.1718519153125,3.09078125043358,-1.20003551071609E-15));
#5511=CARTESIAN_POINT('Ctrl Pts',(-6.1718519153125,3.06432291710024,-3.56332036470418));
#5512=CARTESIAN_POINT('Ctrl Pts',(-3.08592595765625,3.03786458376691,-5.34498054705627));
#5513=CARTESIAN_POINT('Ctrl Pts',(-0.950654907058175,3.01955704366746,-6.57777986291188));
#5514=CARTESIAN_POINT('Ctrl Pts',(1.4462904495801,2.99900594163263,-6.));
#5515=CARTESIAN_POINT('Origin',(1.11022302462516E-15,6.86109375043358,-6.4492399840351E-16));
#5516=CARTESIAN_POINT('',(6.1718519153125,3.56703125043358,5.55111512312578E-16));
#5517=CARTESIAN_POINT('',(6.1718519153125,3.48765625043358,5.55111512312578E-16));
#5518=CARTESIAN_POINT('',(6.1718519153125,6.86109375043358,6.6602138319896E-16));
#5519=CARTESIAN_POINT('Ctrl Pts',(6.1718519153125,3.48765625043358,4.44201641426197E-16));
#5520=CARTESIAN_POINT('Ctrl Pts',(6.1718519153125,3.46119791710024,3.56332036470418));
#5521=CARTESIAN_POINT('Ctrl Pts',(3.08592595765625,3.43473958376691,5.34498054705627));
#5522=CARTESIAN_POINT('Ctrl Pts',(-7.65389866066213E-17,3.40828125043358,
7.12664072940836));
#5523=CARTESIAN_POINT('Ctrl Pts',(-3.08592595765625,3.38182291710024,5.34498054705627));
#5524=CARTESIAN_POINT('Ctrl Pts',(-6.1718519153125,3.35536458376691,3.56332036470418));
#5525=CARTESIAN_POINT('Ctrl Pts',(-6.1718519153125,3.32890625043358,-1.20003551071609E-15));
#5526=CARTESIAN_POINT('Ctrl Pts',(-6.1718519153125,3.30244791710024,-3.56332036470418));
#5527=CARTESIAN_POINT('Ctrl Pts',(-3.08592595765625,3.27598958376691,-5.34498054705627));
#5528=CARTESIAN_POINT('Ctrl Pts',(9.49300762400932E-16,3.24953125043358,
-7.12664072940836));
#5529=CARTESIAN_POINT('Ctrl Pts',(3.08592595765625,3.22307291710024,-5.34498054705627));
#5530=CARTESIAN_POINT('Ctrl Pts',(6.1718519153125,3.19661458376691,-3.56332036470418));
#5531=CARTESIAN_POINT('Ctrl Pts',(6.1718519153125,3.17015625043358,4.44201641426197E-16));
#5532=CARTESIAN_POINT('Ctrl Pts',(6.1718519153125,3.56703125043358,4.44201641426197E-16));
#5533=CARTESIAN_POINT('Ctrl Pts',(6.1718519153125,3.54057291710024,3.56332036470418));
#5534=CARTESIAN_POINT('Ctrl Pts',(3.08592595765625,3.51411458376691,5.34498054705627));
#5535=CARTESIAN_POINT('Ctrl Pts',(-7.65389866066217E-17,3.48765625043358,
7.12664072940836));
#5536=CARTESIAN_POINT('Ctrl Pts',(-3.08592595765625,3.46119791710024,5.34498054705627));
#5537=CARTESIAN_POINT('Ctrl Pts',(-6.1718519153125,3.43473958376691,3.56332036470418));
#5538=CARTESIAN_POINT('Ctrl Pts',(-6.1718519153125,3.40828125043358,-1.20003551071609E-15));
#5539=CARTESIAN_POINT('Ctrl Pts',(-6.1718519153125,3.38182291710024,-3.56332036470418));
#5540=CARTESIAN_POINT('Ctrl Pts',(-3.08592595765625,3.35536458376691,-5.34498054705627));
#5541=CARTESIAN_POINT('Ctrl Pts',(9.49300762400932E-16,3.32890625043358,
-7.12664072940836));
#5542=CARTESIAN_POINT('Ctrl Pts',(3.08592595765625,3.30244791710024,-5.34498054705627));
#5543=CARTESIAN_POINT('Ctrl Pts',(6.1718519153125,3.27598958376691,-3.56332036470418));
#5544=CARTESIAN_POINT('Ctrl Pts',(6.1718519153125,3.24953125043358,4.44201641426197E-16));
#5545=CARTESIAN_POINT('Origin',(1.11022302462516E-15,6.86109375043358,-6.4492399840351E-16));
#5546=CARTESIAN_POINT('',(6.1718519153125,3.88453125043358,5.55111512312578E-16));
#5547=CARTESIAN_POINT('',(6.1718519153125,3.80515625043358,5.55111512312578E-16));
#5548=CARTESIAN_POINT('',(6.1718519153125,6.86109375043358,6.6602138319896E-16));
#5549=CARTESIAN_POINT('Ctrl Pts',(6.1718519153125,3.80515625043358,4.44201641426197E-16));
#5550=CARTESIAN_POINT('Ctrl Pts',(6.1718519153125,3.77869791710024,3.56332036470418));
#5551=CARTESIAN_POINT('Ctrl Pts',(3.08592595765625,3.75223958376691,5.34498054705627));
#5552=CARTESIAN_POINT('Ctrl Pts',(-7.65389866066213E-17,3.72578125043358,
7.12664072940836));
#5553=CARTESIAN_POINT('Ctrl Pts',(-3.08592595765625,3.69932291710024,5.34498054705627));
#5554=CARTESIAN_POINT('Ctrl Pts',(-6.1718519153125,3.67286458376691,3.56332036470418));
#5555=CARTESIAN_POINT('Ctrl Pts',(-6.1718519153125,3.64640625043358,-1.20003551071609E-15));
#5556=CARTESIAN_POINT('Ctrl Pts',(-6.1718519153125,3.61994791710024,-3.56332036470418));
#5557=CARTESIAN_POINT('Ctrl Pts',(-3.08592595765625,3.59348958376691,-5.34498054705627));
#5558=CARTESIAN_POINT('Ctrl Pts',(9.49300762400932E-16,3.56703125043358,
-7.12664072940836));
#5559=CARTESIAN_POINT('Ctrl Pts',(3.08592595765625,3.54057291710024,-5.34498054705627));
#5560=CARTESIAN_POINT('Ctrl Pts',(6.1718519153125,3.51411458376691,-3.56332036470418));
#5561=CARTESIAN_POINT('Ctrl Pts',(6.1718519153125,3.48765625043358,4.44201641426197E-16));
#5562=CARTESIAN_POINT('Ctrl Pts',(6.1718519153125,3.88453125043358,4.44201641426197E-16));
#5563=CARTESIAN_POINT('Ctrl Pts',(6.1718519153125,3.85807291710024,3.56332036470418));
#5564=CARTESIAN_POINT('Ctrl Pts',(3.08592595765625,3.83161458376691,5.34498054705627));
#5565=CARTESIAN_POINT('Ctrl Pts',(-7.65389866066217E-17,3.80515625043358,
7.12664072940836));
#5566=CARTESIAN_POINT('Ctrl Pts',(-3.08592595765625,3.77869791710024,5.34498054705627));
#5567=CARTESIAN_POINT('Ctrl Pts',(-6.1718519153125,3.75223958376691,3.56332036470418));
#5568=CARTESIAN_POINT('Ctrl Pts',(-6.1718519153125,3.72578125043358,-1.20003551071609E-15));
#5569=CARTESIAN_POINT('Ctrl Pts',(-6.1718519153125,3.69932291710024,-3.56332036470418));
#5570=CARTESIAN_POINT('Ctrl Pts',(-3.08592595765625,3.67286458376691,-5.34498054705627));
#5571=CARTESIAN_POINT('Ctrl Pts',(9.49300762400932E-16,3.64640625043358,
-7.12664072940836));
#5572=CARTESIAN_POINT('Ctrl Pts',(3.08592595765625,3.61994791710024,-5.34498054705627));
#5573=CARTESIAN_POINT('Ctrl Pts',(6.1718519153125,3.59348958376691,-3.56332036470418));
#5574=CARTESIAN_POINT('Ctrl Pts',(6.1718519153125,3.56703125043358,4.44201641426197E-16));
#5575=CARTESIAN_POINT('Origin',(1.11022302462516E-15,6.86109375043358,-6.4492399840351E-16));
#5576=CARTESIAN_POINT('',(6.1718519153125,4.20203125043358,5.55111512312578E-16));
#5577=CARTESIAN_POINT('',(6.1718519153125,4.12265625043358,5.55111512312578E-16));
#5578=CARTESIAN_POINT('',(6.1718519153125,6.86109375043358,6.6602138319896E-16));
#5579=CARTESIAN_POINT('Ctrl Pts',(6.1718519153125,4.12265625043358,4.44201641426197E-16));
#5580=CARTESIAN_POINT('Ctrl Pts',(6.1718519153125,4.09619791710024,3.56332036470418));
#5581=CARTESIAN_POINT('Ctrl Pts',(3.08592595765625,4.06973958376691,5.34498054705627));
#5582=CARTESIAN_POINT('Ctrl Pts',(-7.65389866066213E-17,4.04328125043358,
7.12664072940836));
#5583=CARTESIAN_POINT('Ctrl Pts',(-3.08592595765625,4.01682291710024,5.34498054705627));
#5584=CARTESIAN_POINT('Ctrl Pts',(-6.1718519153125,3.99036458376691,3.56332036470418));
#5585=CARTESIAN_POINT('Ctrl Pts',(-6.1718519153125,3.96390625043358,-1.20003551071609E-15));
#5586=CARTESIAN_POINT('Ctrl Pts',(-6.1718519153125,3.93744791710024,-3.56332036470418));
#5587=CARTESIAN_POINT('Ctrl Pts',(-3.08592595765625,3.91098958376691,-5.34498054705627));
#5588=CARTESIAN_POINT('Ctrl Pts',(9.49300762400932E-16,3.88453125043358,
-7.12664072940836));
#5589=CARTESIAN_POINT('Ctrl Pts',(3.08592595765625,3.85807291710024,-5.34498054705627));
#5590=CARTESIAN_POINT('Ctrl Pts',(6.1718519153125,3.83161458376691,-3.56332036470418));
#5591=CARTESIAN_POINT('Ctrl Pts',(6.1718519153125,3.80515625043358,4.44201641426197E-16));
#5592=CARTESIAN_POINT('Ctrl Pts',(6.1718519153125,4.20203125043358,4.44201641426197E-16));
#5593=CARTESIAN_POINT('Ctrl Pts',(6.1718519153125,4.17557291710024,3.56332036470418));
#5594=CARTESIAN_POINT('Ctrl Pts',(3.08592595765625,4.14911458376691,5.34498054705627));
#5595=CARTESIAN_POINT('Ctrl Pts',(-7.65389866066217E-17,4.12265625043358,
7.12664072940836));
#5596=CARTESIAN_POINT('Ctrl Pts',(-3.08592595765625,4.09619791710024,5.34498054705627));
#5597=CARTESIAN_POINT('Ctrl Pts',(-6.1718519153125,4.06973958376691,3.56332036470418));
#5598=CARTESIAN_POINT('Ctrl Pts',(-6.1718519153125,4.04328125043358,-1.20003551071609E-15));
#5599=CARTESIAN_POINT('Ctrl Pts',(-6.1718519153125,4.01682291710024,-3.56332036470418));
#5600=CARTESIAN_POINT('Ctrl Pts',(-3.08592595765625,3.99036458376691,-5.34498054705627));
#5601=CARTESIAN_POINT('Ctrl Pts',(9.49300762400932E-16,3.96390625043358,
-7.12664072940836));
#5602=CARTESIAN_POINT('Ctrl Pts',(3.08592595765625,3.93744791710024,-5.34498054705627));
#5603=CARTESIAN_POINT('Ctrl Pts',(6.1718519153125,3.91098958376691,-3.56332036470418));
#5604=CARTESIAN_POINT('Ctrl Pts',(6.1718519153125,3.88453125043358,4.44201641426197E-16));
#5605=CARTESIAN_POINT('Origin',(1.11022302462516E-15,6.86109375043358,-6.4492399840351E-16));
#5606=CARTESIAN_POINT('',(6.1718519153125,4.51953125043357,5.55111512312578E-16));
#5607=CARTESIAN_POINT('',(6.1718519153125,4.44015625043358,5.55111512312578E-16));
#5608=CARTESIAN_POINT('',(6.1718519153125,6.86109375043358,6.6602138319896E-16));
#5609=CARTESIAN_POINT('Ctrl Pts',(6.1718519153125,4.44015625043358,4.44201641426197E-16));
#5610=CARTESIAN_POINT('Ctrl Pts',(6.1718519153125,4.41369791710024,3.56332036470418));
#5611=CARTESIAN_POINT('Ctrl Pts',(3.08592595765625,4.38723958376691,5.34498054705627));
#5612=CARTESIAN_POINT('Ctrl Pts',(-7.65389866066213E-17,4.36078125043358,
7.12664072940836));
#5613=CARTESIAN_POINT('Ctrl Pts',(-3.08592595765625,4.33432291710024,5.34498054705627));
#5614=CARTESIAN_POINT('Ctrl Pts',(-6.1718519153125,4.30786458376691,3.56332036470418));
#5615=CARTESIAN_POINT('Ctrl Pts',(-6.1718519153125,4.28140625043358,-1.20003551071609E-15));
#5616=CARTESIAN_POINT('Ctrl Pts',(-6.1718519153125,4.25494791710024,-3.56332036470418));
#5617=CARTESIAN_POINT('Ctrl Pts',(-3.08592595765625,4.22848958376691,-5.34498054705627));
#5618=CARTESIAN_POINT('Ctrl Pts',(9.49300762400932E-16,4.20203125043358,
-7.12664072940836));
#5619=CARTESIAN_POINT('Ctrl Pts',(3.08592595765625,4.17557291710024,-5.34498054705627));
#5620=CARTESIAN_POINT('Ctrl Pts',(6.1718519153125,4.14911458376691,-3.56332036470418));
#5621=CARTESIAN_POINT('Ctrl Pts',(6.1718519153125,4.12265625043358,4.44201641426197E-16));
#5622=CARTESIAN_POINT('Ctrl Pts',(6.1718519153125,4.51953125043357,4.44201641426197E-16));
#5623=CARTESIAN_POINT('Ctrl Pts',(6.1718519153125,4.49307291710024,3.56332036470418));
#5624=CARTESIAN_POINT('Ctrl Pts',(3.08592595765625,4.46661458376691,5.34498054705627));
#5625=CARTESIAN_POINT('Ctrl Pts',(-7.65389866066217E-17,4.44015625043358,
7.12664072940836));
#5626=CARTESIAN_POINT('Ctrl Pts',(-3.08592595765625,4.41369791710024,5.34498054705627));
#5627=CARTESIAN_POINT('Ctrl Pts',(-6.1718519153125,4.38723958376691,3.56332036470418));
#5628=CARTESIAN_POINT('Ctrl Pts',(-6.1718519153125,4.36078125043358,-1.20003551071609E-15));
#5629=CARTESIAN_POINT('Ctrl Pts',(-6.1718519153125,4.33432291710024,-3.56332036470418));
#5630=CARTESIAN_POINT('Ctrl Pts',(-3.08592595765625,4.30786458376691,-5.34498054705627));
#5631=CARTESIAN_POINT('Ctrl Pts',(9.49300762400932E-16,4.28140625043358,
-7.12664072940836));
#5632=CARTESIAN_POINT('Ctrl Pts',(3.08592595765625,4.25494791710024,-5.34498054705627));
#5633=CARTESIAN_POINT('Ctrl Pts',(6.1718519153125,4.22848958376691,-3.56332036470418));
#5634=CARTESIAN_POINT('Ctrl Pts',(6.1718519153125,4.20203125043358,4.44201641426197E-16));
#5635=CARTESIAN_POINT('Origin',(1.11022302462516E-15,6.86109375043358,-6.4492399840351E-16));
#5636=CARTESIAN_POINT('',(6.1718519153125,4.83703125043357,5.55111512312578E-16));
#5637=CARTESIAN_POINT('',(6.1718519153125,4.75765625043358,5.55111512312578E-16));
#5638=CARTESIAN_POINT('',(6.1718519153125,6.86109375043358,6.6602138319896E-16));
#5639=CARTESIAN_POINT('Ctrl Pts',(6.1718519153125,4.75765625043358,4.44201641426197E-16));
#5640=CARTESIAN_POINT('Ctrl Pts',(6.1718519153125,4.73119791710024,3.56332036470418));
#5641=CARTESIAN_POINT('Ctrl Pts',(3.08592595765625,4.70473958376691,5.34498054705627));
#5642=CARTESIAN_POINT('Ctrl Pts',(-7.65389866066213E-17,4.67828125043358,
7.12664072940836));
#5643=CARTESIAN_POINT('Ctrl Pts',(-3.08592595765625,4.65182291710024,5.34498054705627));
#5644=CARTESIAN_POINT('Ctrl Pts',(-6.1718519153125,4.62536458376691,3.56332036470418));
#5645=CARTESIAN_POINT('Ctrl Pts',(-6.1718519153125,4.59890625043358,-1.20003551071609E-15));
#5646=CARTESIAN_POINT('Ctrl Pts',(-6.1718519153125,4.57244791710024,-3.56332036470418));
#5647=CARTESIAN_POINT('Ctrl Pts',(-3.08592595765625,4.54598958376691,-5.34498054705627));
#5648=CARTESIAN_POINT('Ctrl Pts',(9.49300762400932E-16,4.51953125043358,
-7.12664072940836));
#5649=CARTESIAN_POINT('Ctrl Pts',(3.08592595765625,4.49307291710024,-5.34498054705627));
#5650=CARTESIAN_POINT('Ctrl Pts',(6.1718519153125,4.46661458376691,-3.56332036470418));
#5651=CARTESIAN_POINT('Ctrl Pts',(6.1718519153125,4.44015625043358,4.44201641426197E-16));
#5652=CARTESIAN_POINT('Ctrl Pts',(6.1718519153125,4.83703125043357,4.44201641426197E-16));
#5653=CARTESIAN_POINT('Ctrl Pts',(6.1718519153125,4.81057291710024,3.56332036470418));
#5654=CARTESIAN_POINT('Ctrl Pts',(3.08592595765625,4.78411458376691,5.34498054705627));
#5655=CARTESIAN_POINT('Ctrl Pts',(-7.65389866066217E-17,4.75765625043358,
7.12664072940836));
#5656=CARTESIAN_POINT('Ctrl Pts',(-3.08592595765625,4.73119791710024,5.34498054705627));
#5657=CARTESIAN_POINT('Ctrl Pts',(-6.1718519153125,4.70473958376691,3.56332036470418));
#5658=CARTESIAN_POINT('Ctrl Pts',(-6.1718519153125,4.67828125043358,-1.20003551071609E-15));
#5659=CARTESIAN_POINT('Ctrl Pts',(-6.1718519153125,4.65182291710024,-3.56332036470418));
#5660=CARTESIAN_POINT('Ctrl Pts',(-3.08592595765625,4.62536458376691,-5.34498054705627));
#5661=CARTESIAN_POINT('Ctrl Pts',(9.49300762400932E-16,4.59890625043357,
-7.12664072940836));
#5662=CARTESIAN_POINT('Ctrl Pts',(3.08592595765625,4.57244791710024,-5.34498054705627));
#5663=CARTESIAN_POINT('Ctrl Pts',(6.1718519153125,4.54598958376691,-3.56332036470418));
#5664=CARTESIAN_POINT('Ctrl Pts',(6.1718519153125,4.51953125043357,4.44201641426197E-16));
#5665=CARTESIAN_POINT('Origin',(1.11022302462516E-15,6.86109375043358,-6.4492399840351E-16));
#5666=CARTESIAN_POINT('',(6.1718519153125,5.15453125043358,5.55111512312578E-16));
#5667=CARTESIAN_POINT('',(6.1718519153125,5.07515625043358,5.55111512312578E-16));
#5668=CARTESIAN_POINT('',(6.1718519153125,6.86109375043358,6.6602138319896E-16));
#5669=CARTESIAN_POINT('Ctrl Pts',(6.1718519153125,5.07515625043358,4.44201641426197E-16));
#5670=CARTESIAN_POINT('Ctrl Pts',(6.1718519153125,5.04869791710024,3.56332036470418));
#5671=CARTESIAN_POINT('Ctrl Pts',(3.08592595765625,5.02223958376691,5.34498054705627));
#5672=CARTESIAN_POINT('Ctrl Pts',(-7.65389866066213E-17,4.99578125043358,
7.12664072940836));
#5673=CARTESIAN_POINT('Ctrl Pts',(-3.08592595765625,4.96932291710024,5.34498054705627));
#5674=CARTESIAN_POINT('Ctrl Pts',(-6.1718519153125,4.94286458376691,3.56332036470418));
#5675=CARTESIAN_POINT('Ctrl Pts',(-6.1718519153125,4.91640625043358,-1.20003551071609E-15));
#5676=CARTESIAN_POINT('Ctrl Pts',(-6.1718519153125,4.88994791710024,-3.56332036470418));
#5677=CARTESIAN_POINT('Ctrl Pts',(-3.08592595765625,4.86348958376691,-5.34498054705627));
#5678=CARTESIAN_POINT('Ctrl Pts',(9.49300762400932E-16,4.83703125043357,
-7.12664072940836));
#5679=CARTESIAN_POINT('Ctrl Pts',(3.08592595765625,4.81057291710024,-5.34498054705627));
#5680=CARTESIAN_POINT('Ctrl Pts',(6.1718519153125,4.78411458376691,-3.56332036470418));
#5681=CARTESIAN_POINT('Ctrl Pts',(6.1718519153125,4.75765625043358,4.44201641426197E-16));
#5682=CARTESIAN_POINT('Ctrl Pts',(6.1718519153125,5.15453125043358,4.44201641426197E-16));
#5683=CARTESIAN_POINT('Ctrl Pts',(6.1718519153125,5.12807291710024,3.56332036470418));
#5684=CARTESIAN_POINT('Ctrl Pts',(3.08592595765625,5.10161458376691,5.34498054705627));
#5685=CARTESIAN_POINT('Ctrl Pts',(-7.65389866066217E-17,5.07515625043358,
7.12664072940836));
#5686=CARTESIAN_POINT('Ctrl Pts',(-3.08592595765625,5.04869791710024,5.34498054705627));
#5687=CARTESIAN_POINT('Ctrl Pts',(-6.1718519153125,5.02223958376691,3.56332036470418));
#5688=CARTESIAN_POINT('Ctrl Pts',(-6.1718519153125,4.99578125043358,-1.20003551071609E-15));
#5689=CARTESIAN_POINT('Ctrl Pts',(-6.1718519153125,4.96932291710024,-3.56332036470418));
#5690=CARTESIAN_POINT('Ctrl Pts',(-3.08592595765625,4.94286458376691,-5.34498054705627));
#5691=CARTESIAN_POINT('Ctrl Pts',(9.49300762400932E-16,4.91640625043358,
-7.12664072940836));
#5692=CARTESIAN_POINT('Ctrl Pts',(3.08592595765625,4.88994791710024,-5.34498054705627));
#5693=CARTESIAN_POINT('Ctrl Pts',(6.1718519153125,4.86348958376691,-3.56332036470418));
#5694=CARTESIAN_POINT('Ctrl Pts',(6.1718519153125,4.83703125043357,4.44201641426197E-16));
#5695=CARTESIAN_POINT('Origin',(1.11022302462516E-15,6.86109375043358,-6.4492399840351E-16));
#5696=CARTESIAN_POINT('',(6.1718519153125,5.47203125043358,5.55111512312578E-16));
#5697=CARTESIAN_POINT('',(6.1718519153125,5.39265625043358,5.55111512312578E-16));
#5698=CARTESIAN_POINT('',(6.1718519153125,6.86109375043358,6.6602138319896E-16));
#5699=CARTESIAN_POINT('Ctrl Pts',(6.1718519153125,5.39265625043358,4.44201641426197E-16));
#5700=CARTESIAN_POINT('Ctrl Pts',(6.1718519153125,5.36619791710024,3.56332036470418));
#5701=CARTESIAN_POINT('Ctrl Pts',(3.08592595765625,5.33973958376691,5.34498054705627));
#5702=CARTESIAN_POINT('Ctrl Pts',(-7.65389866066213E-17,5.31328125043358,
7.12664072940836));
#5703=CARTESIAN_POINT('Ctrl Pts',(-3.08592595765625,5.28682291710024,5.34498054705627));
#5704=CARTESIAN_POINT('Ctrl Pts',(-6.1718519153125,5.26036458376691,3.56332036470418));
#5705=CARTESIAN_POINT('Ctrl Pts',(-6.1718519153125,5.23390625043358,-1.20003551071609E-15));
#5706=CARTESIAN_POINT('Ctrl Pts',(-6.1718519153125,5.20744791710024,-3.56332036470418));
#5707=CARTESIAN_POINT('Ctrl Pts',(-3.08592595765625,5.18098958376691,-5.34498054705627));
#5708=CARTESIAN_POINT('Ctrl Pts',(9.49300762400932E-16,5.15453125043358,
-7.12664072940836));
#5709=CARTESIAN_POINT('Ctrl Pts',(3.08592595765625,5.12807291710024,-5.34498054705627));
#5710=CARTESIAN_POINT('Ctrl Pts',(6.1718519153125,5.10161458376691,-3.56332036470418));
#5711=CARTESIAN_POINT('Ctrl Pts',(6.1718519153125,5.07515625043358,4.44201641426197E-16));
#5712=CARTESIAN_POINT('Ctrl Pts',(6.1718519153125,5.47203125043358,4.44201641426197E-16));
#5713=CARTESIAN_POINT('Ctrl Pts',(6.1718519153125,5.44557291710024,3.56332036470418));
#5714=CARTESIAN_POINT('Ctrl Pts',(3.08592595765625,5.41911458376691,5.34498054705627));
#5715=CARTESIAN_POINT('Ctrl Pts',(-7.65389866066217E-17,5.39265625043358,
7.12664072940836));
#5716=CARTESIAN_POINT('Ctrl Pts',(-3.08592595765625,5.36619791710024,5.34498054705627));
#5717=CARTESIAN_POINT('Ctrl Pts',(-6.1718519153125,5.33973958376691,3.56332036470418));
#5718=CARTESIAN_POINT('Ctrl Pts',(-6.1718519153125,5.31328125043358,-1.20003551071609E-15));
#5719=CARTESIAN_POINT('Ctrl Pts',(-6.1718519153125,5.28682291710024,-3.56332036470418));
#5720=CARTESIAN_POINT('Ctrl Pts',(-3.08592595765625,5.26036458376691,-5.34498054705627));
#5721=CARTESIAN_POINT('Ctrl Pts',(9.49300762400932E-16,5.23390625043358,
-7.12664072940836));
#5722=CARTESIAN_POINT('Ctrl Pts',(3.08592595765625,5.20744791710024,-5.34498054705627));
#5723=CARTESIAN_POINT('Ctrl Pts',(6.1718519153125,5.18098958376691,-3.56332036470418));
#5724=CARTESIAN_POINT('Ctrl Pts',(6.1718519153125,5.15453125043358,4.44201641426197E-16));
#5725=CARTESIAN_POINT('Origin',(1.11022302462516E-15,6.86109375043358,-6.4492399840351E-16));
#5726=CARTESIAN_POINT('',(6.1718519153125,5.78953125043358,5.55111512312578E-16));
#5727=CARTESIAN_POINT('',(6.1718519153125,5.71015625043358,5.55111512312578E-16));
#5728=CARTESIAN_POINT('',(6.1718519153125,6.86109375043358,6.6602138319896E-16));
#5729=CARTESIAN_POINT('Ctrl Pts',(6.1718519153125,5.71015625043358,4.44201641426197E-16));
#5730=CARTESIAN_POINT('Ctrl Pts',(6.1718519153125,5.68369791710024,3.56332036470418));
#5731=CARTESIAN_POINT('Ctrl Pts',(3.08592595765625,5.65723958376691,5.34498054705627));
#5732=CARTESIAN_POINT('Ctrl Pts',(-7.65389866066213E-17,5.63078125043358,
7.12664072940836));
#5733=CARTESIAN_POINT('Ctrl Pts',(-3.08592595765625,5.60432291710024,5.34498054705627));
#5734=CARTESIAN_POINT('Ctrl Pts',(-6.1718519153125,5.57786458376691,3.56332036470418));
#5735=CARTESIAN_POINT('Ctrl Pts',(-6.1718519153125,5.55140625043358,-1.20003551071609E-15));
#5736=CARTESIAN_POINT('Ctrl Pts',(-6.1718519153125,5.52494791710024,-3.56332036470418));
#5737=CARTESIAN_POINT('Ctrl Pts',(-3.08592595765625,5.49848958376691,-5.34498054705627));
#5738=CARTESIAN_POINT('Ctrl Pts',(9.49300762400932E-16,5.47203125043358,
-7.12664072940836));
#5739=CARTESIAN_POINT('Ctrl Pts',(3.08592595765625,5.44557291710024,-5.34498054705627));
#5740=CARTESIAN_POINT('Ctrl Pts',(6.1718519153125,5.41911458376691,-3.56332036470418));
#5741=CARTESIAN_POINT('Ctrl Pts',(6.1718519153125,5.39265625043358,4.44201641426197E-16));
#5742=CARTESIAN_POINT('Ctrl Pts',(6.1718519153125,5.78953125043358,4.44201641426197E-16));
#5743=CARTESIAN_POINT('Ctrl Pts',(6.1718519153125,5.76307291710024,3.56332036470418));
#5744=CARTESIAN_POINT('Ctrl Pts',(3.08592595765625,5.73661458376691,5.34498054705627));
#5745=CARTESIAN_POINT('Ctrl Pts',(-7.65389866066217E-17,5.71015625043358,
7.12664072940836));
#5746=CARTESIAN_POINT('Ctrl Pts',(-3.08592595765625,5.68369791710024,5.34498054705627));
#5747=CARTESIAN_POINT('Ctrl Pts',(-6.1718519153125,5.65723958376691,3.56332036470418));
#5748=CARTESIAN_POINT('Ctrl Pts',(-6.1718519153125,5.63078125043358,-1.20003551071609E-15));
#5749=CARTESIAN_POINT('Ctrl Pts',(-6.1718519153125,5.60432291710024,-3.56332036470418));
#5750=CARTESIAN_POINT('Ctrl Pts',(-3.08592595765625,5.57786458376691,-5.34498054705627));
#5751=CARTESIAN_POINT('Ctrl Pts',(9.49300762400932E-16,5.55140625043358,
-7.12664072940836));
#5752=CARTESIAN_POINT('Ctrl Pts',(3.08592595765625,5.52494791710024,-5.34498054705627));
#5753=CARTESIAN_POINT('Ctrl Pts',(6.1718519153125,5.49848958376691,-3.56332036470418));
#5754=CARTESIAN_POINT('Ctrl Pts',(6.1718519153125,5.47203125043358,4.44201641426197E-16));
#5755=CARTESIAN_POINT('Origin',(1.11022302462516E-15,6.86109375043358,-6.4492399840351E-16));
#5756=CARTESIAN_POINT('',(6.1718519153125,6.10703125043358,5.55111512312578E-16));
#5757=CARTESIAN_POINT('',(6.1718519153125,6.02765625043358,5.55111512312578E-16));
#5758=CARTESIAN_POINT('',(6.1718519153125,6.86109375043358,6.6602138319896E-16));
#5759=CARTESIAN_POINT('Ctrl Pts',(6.1718519153125,6.02765625043358,4.44201641426197E-16));
#5760=CARTESIAN_POINT('Ctrl Pts',(6.1718519153125,6.00119791710024,3.56332036470418));
#5761=CARTESIAN_POINT('Ctrl Pts',(3.08592595765625,5.97473958376691,5.34498054705627));
#5762=CARTESIAN_POINT('Ctrl Pts',(-7.65389866066213E-17,5.94828125043358,
7.12664072940836));
#5763=CARTESIAN_POINT('Ctrl Pts',(-3.08592595765625,5.92182291710024,5.34498054705627));
#5764=CARTESIAN_POINT('Ctrl Pts',(-6.1718519153125,5.89536458376691,3.56332036470418));
#5765=CARTESIAN_POINT('Ctrl Pts',(-6.1718519153125,5.86890625043358,-1.20003551071609E-15));
#5766=CARTESIAN_POINT('Ctrl Pts',(-6.1718519153125,5.84244791710024,-3.56332036470418));
#5767=CARTESIAN_POINT('Ctrl Pts',(-3.08592595765625,5.81598958376691,-5.34498054705627));
#5768=CARTESIAN_POINT('Ctrl Pts',(9.49300762400932E-16,5.78953125043358,
-7.12664072940836));
#5769=CARTESIAN_POINT('Ctrl Pts',(3.08592595765625,5.76307291710024,-5.34498054705627));
#5770=CARTESIAN_POINT('Ctrl Pts',(6.1718519153125,5.73661458376691,-3.56332036470418));
#5771=CARTESIAN_POINT('Ctrl Pts',(6.1718519153125,5.71015625043358,4.44201641426197E-16));
#5772=CARTESIAN_POINT('Ctrl Pts',(6.1718519153125,6.10703125043358,4.44201641426197E-16));
#5773=CARTESIAN_POINT('Ctrl Pts',(6.1718519153125,6.08057291710024,3.56332036470418));
#5774=CARTESIAN_POINT('Ctrl Pts',(3.08592595765625,6.05411458376691,5.34498054705627));
#5775=CARTESIAN_POINT('Ctrl Pts',(-7.65389866066217E-17,6.02765625043358,
7.12664072940836));
#5776=CARTESIAN_POINT('Ctrl Pts',(-3.08592595765625,6.00119791710024,5.34498054705627));
#5777=CARTESIAN_POINT('Ctrl Pts',(-6.1718519153125,5.97473958376691,3.56332036470418));
#5778=CARTESIAN_POINT('Ctrl Pts',(-6.1718519153125,5.94828125043358,-1.20003551071609E-15));
#5779=CARTESIAN_POINT('Ctrl Pts',(-6.1718519153125,5.92182291710024,-3.56332036470418));
#5780=CARTESIAN_POINT('Ctrl Pts',(-3.08592595765625,5.89536458376691,-5.34498054705627));
#5781=CARTESIAN_POINT('Ctrl Pts',(9.49300762400932E-16,5.86890625043358,
-7.12664072940836));
#5782=CARTESIAN_POINT('Ctrl Pts',(3.08592595765625,5.84244791710024,-5.34498054705627));
#5783=CARTESIAN_POINT('Ctrl Pts',(6.1718519153125,5.81598958376691,-3.56332036470418));
#5784=CARTESIAN_POINT('Ctrl Pts',(6.1718519153125,5.78953125043358,4.44201641426197E-16));
#5785=CARTESIAN_POINT('Origin',(1.11022302462516E-15,6.86109375043358,-6.4492399840351E-16));
#5786=CARTESIAN_POINT('',(6.1718519153125,6.42453125043358,5.55111512312578E-16));
#5787=CARTESIAN_POINT('',(6.1718519153125,6.34515625043358,5.55111512312578E-16));
#5788=CARTESIAN_POINT('',(6.1718519153125,6.86109375043358,6.6602138319896E-16));
#5789=CARTESIAN_POINT('Ctrl Pts',(6.1718519153125,6.34515625043358,4.44201641426197E-16));
#5790=CARTESIAN_POINT('Ctrl Pts',(6.1718519153125,6.31869791710024,3.56332036470418));
#5791=CARTESIAN_POINT('Ctrl Pts',(3.08592595765625,6.29223958376691,5.34498054705627));
#5792=CARTESIAN_POINT('Ctrl Pts',(-7.65389866066213E-17,6.26578125043358,
7.12664072940836));
#5793=CARTESIAN_POINT('Ctrl Pts',(-3.08592595765625,6.23932291710024,5.34498054705627));
#5794=CARTESIAN_POINT('Ctrl Pts',(-6.1718519153125,6.21286458376691,3.56332036470418));
#5795=CARTESIAN_POINT('Ctrl Pts',(-6.1718519153125,6.18640625043358,-1.20003551071609E-15));
#5796=CARTESIAN_POINT('Ctrl Pts',(-6.1718519153125,6.15994791710024,-3.56332036470418));
#5797=CARTESIAN_POINT('Ctrl Pts',(-3.08592595765625,6.13348958376691,-5.34498054705627));
#5798=CARTESIAN_POINT('Ctrl Pts',(9.49300762400932E-16,6.10703125043358,
-7.12664072940836));
#5799=CARTESIAN_POINT('Ctrl Pts',(3.08592595765625,6.08057291710024,-5.34498054705627));
#5800=CARTESIAN_POINT('Ctrl Pts',(6.1718519153125,6.05411458376691,-3.56332036470418));
#5801=CARTESIAN_POINT('Ctrl Pts',(6.1718519153125,6.02765625043358,4.44201641426197E-16));
#5802=CARTESIAN_POINT('Ctrl Pts',(6.1718519153125,6.42453125043358,4.44201641426197E-16));
#5803=CARTESIAN_POINT('Ctrl Pts',(6.1718519153125,6.39807291710024,3.56332036470418));
#5804=CARTESIAN_POINT('Ctrl Pts',(3.08592595765625,6.37161458376691,5.34498054705627));
#5805=CARTESIAN_POINT('Ctrl Pts',(-7.65389866066217E-17,6.34515625043358,
7.12664072940836));
#5806=CARTESIAN_POINT('Ctrl Pts',(-3.08592595765625,6.31869791710024,5.34498054705627));
#5807=CARTESIAN_POINT('Ctrl Pts',(-6.1718519153125,6.29223958376691,3.56332036470418));
#5808=CARTESIAN_POINT('Ctrl Pts',(-6.1718519153125,6.26578125043358,-1.20003551071609E-15));
#5809=CARTESIAN_POINT('Ctrl Pts',(-6.1718519153125,6.23932291710024,-3.56332036470418));
#5810=CARTESIAN_POINT('Ctrl Pts',(-3.08592595765625,6.21286458376691,-5.34498054705627));
#5811=CARTESIAN_POINT('Ctrl Pts',(9.49300762400932E-16,6.18640625043358,
-7.12664072940836));
#5812=CARTESIAN_POINT('Ctrl Pts',(3.08592595765625,6.15994791710024,-5.34498054705627));
#5813=CARTESIAN_POINT('Ctrl Pts',(6.1718519153125,6.13348958376691,-3.56332036470418));
#5814=CARTESIAN_POINT('Ctrl Pts',(6.1718519153125,6.10703125043358,4.44201641426197E-16));
#5815=CARTESIAN_POINT('Origin',(1.11022302462516E-15,6.86109375043358,-6.4492399840351E-16));
#5816=CARTESIAN_POINT('',(6.1718519153125,6.74203125043358,5.55111512312578E-16));
#5817=CARTESIAN_POINT('',(6.1718519153125,6.66265625043358,5.55111512312578E-16));
#5818=CARTESIAN_POINT('',(6.1718519153125,6.86109375043358,6.6602138319896E-16));
#5819=CARTESIAN_POINT('',(-6.1718519153125,6.90078125043358,-1.20003551071609E-15));
#5820=CARTESIAN_POINT('Ctrl Pts',(-6.1718519153125,6.90078125043358,-1.20003551071609E-15));
#5821=CARTESIAN_POINT('Ctrl Pts',(-6.1718519153125,6.87432291710024,-3.56332036470418));
#5822=CARTESIAN_POINT('Ctrl Pts',(-3.08592595765625,6.84786458376691,-5.34498054705627));
#5823=CARTESIAN_POINT('Ctrl Pts',(9.49300762400932E-16,6.82140625043358,
-7.12664072940836));
#5824=CARTESIAN_POINT('Ctrl Pts',(3.08592595765625,6.79494791710024,-5.34498054705627));
#5825=CARTESIAN_POINT('Ctrl Pts',(6.1718519153125,6.76848958376691,-3.56332036470418));
#5826=CARTESIAN_POINT('Ctrl Pts',(6.1718519153125,6.74203125043358,4.44201641426197E-16));
#5827=CARTESIAN_POINT('',(-6.1718519153125,6.82140625043358,-1.20003551071609E-15));
#5828=CARTESIAN_POINT('',(-6.1718519153125,6.86109375043358,-1.20003551071609E-15));
#5829=CARTESIAN_POINT('Ctrl Pts',(-6.1718519153125,6.82140625043358,-1.20003551071609E-15));
#5830=CARTESIAN_POINT('Ctrl Pts',(-6.1718519153125,6.79494791710024,-3.56332036470418));
#5831=CARTESIAN_POINT('Ctrl Pts',(-3.08592595765625,6.76848958376691,-5.34498054705627));
#5832=CARTESIAN_POINT('Ctrl Pts',(9.49300762400932E-16,6.74203125043358,
-7.12664072940836));
#5833=CARTESIAN_POINT('Ctrl Pts',(3.08592595765625,6.71557291710024,-5.34498054705627));
#5834=CARTESIAN_POINT('Ctrl Pts',(6.1718519153125,6.68911458376691,-3.56332036470418));
#5835=CARTESIAN_POINT('Ctrl Pts',(6.1718519153125,6.66265625043358,4.44201641426197E-16));
#5836=CARTESIAN_POINT('Origin',(0.,7.,0.));
#5837=CARTESIAN_POINT('',(6.73440045841878E-16,3.30906250086715,6.));
#5838=CARTESIAN_POINT('',(-9.70020634049943E-15,3.269375,6.));
#5839=CARTESIAN_POINT('',(-7.34788079488412E-16,7.,6.));
#5840=CARTESIAN_POINT('',(4.90315206245091,3.,3.45819314852184));
#5841=CARTESIAN_POINT('Ctrl Pts',(3.60822483003176E-15,3.269375,6.));
#5842=CARTESIAN_POINT('Ctrl Pts',(-0.203546209444321,3.26757983551393,6.));
#5843=CARTESIAN_POINT('Ctrl Pts',(-0.40733690942287,3.26578251475717,5.98964251869936));
#5844=CARTESIAN_POINT('Ctrl Pts',(-1.37076535852775,3.2572856110741,5.89108886367632));
#5845=CARTESIAN_POINT('Ctrl Pts',(-2.10914427834719,3.2507735192118,5.66881337044259));
#5846=CARTESIAN_POINT('Ctrl Pts',(-3.49400192304101,3.23855984415096,4.94278406928007));
#5847=CARTESIAN_POINT('Ctrl Pts',(-4.12079181048596,3.23215125923794,4.43376287418944));
#5848=CARTESIAN_POINT('Ctrl Pts',(-5.12816601517923,3.21837702540552,3.21195600309157));
#5849=CARTESIAN_POINT('Ctrl Pts',(-5.50356419967126,3.21139883265399,2.51506066997396));
#5850=CARTESIAN_POINT('Ctrl Pts',(-5.95756195710296,3.19813564824112,1.04067175946237));
#5851=CARTESIAN_POINT('Ctrl Pts',(-6.04129432110094,3.1923193094134,0.279818182895606));
#5852=CARTESIAN_POINT('Ctrl Pts',(-5.91797627182863,3.17995108431746,-1.26831469831818));
#5853=CARTESIAN_POINT('Ctrl Pts',(-5.69825329728225,3.17308932714009,-2.03984463320195));
#5854=CARTESIAN_POINT('Ctrl Pts',(-4.97987758610592,3.15926271771725,-3.43536222424209));
#5855=CARTESIAN_POINT('Ctrl Pts',(-4.49486022479899,3.15243447010053,-4.04933707815121));
#5856=CARTESIAN_POINT('Ctrl Pts',(-3.32427820550678,3.13960308084897,-5.05347236733575));
#5857=CARTESIAN_POINT('Ctrl Pts',(-2.65165371273932,3.13401111260539,-5.43664798575734));
#5858=CARTESIAN_POINT('Ctrl Pts',(-1.17057335834623,3.12094880670206,-5.93838856612858));
#5859=CARTESIAN_POINT('Ctrl Pts',(-0.372605723774886,3.1139111754805,-6.04118043900672));
#5860=CARTESIAN_POINT('Ctrl Pts',(1.18664221384839,3.10015947491951,-5.9312152604786));
#5861=CARTESIAN_POINT('Ctrl Pts',(1.93382337400913,3.09356975218754,-5.7312973690076));
#5862=CARTESIAN_POINT('Ctrl Pts',(3.3341611413657,3.08121955104488,-5.05058193140848));
#5863=CARTESIAN_POINT('Ctrl Pts',(3.9699077071337,3.07509041774291,-4.56780580347591));
#5864=CARTESIAN_POINT('Ctrl Pts',(5.0150637298717,3.061458592781,-3.38645739513463));
#5865=CARTESIAN_POINT('Ctrl Pts',(5.41542146661938,3.05445312522096,-2.70040146623618));
#5866=CARTESIAN_POINT('Ctrl Pts',(5.91945298348506,3.0410709408214,-1.23931928759343));
#5867=CARTESIAN_POINT('Ctrl Pts',(6.02859751909984,3.03505368667011,-0.481493263941125));
#5868=CARTESIAN_POINT('Ctrl Pts',(5.96776160968297,3.02471429974619,0.837084661120109));
#5869=CARTESIAN_POINT('Ctrl Pts',(5.8633878750459,3.02002142558627,1.39124686830429));
#5870=CARTESIAN_POINT('Ctrl Pts',(5.49861847110626,3.01017764106091,2.46946113421468));
#5871=CARTESIAN_POINT('Ctrl Pts',(5.23577171221936,3.00506877826169,2.98659290766456));
#5872=CARTESIAN_POINT('Ctrl Pts',(4.90315206245091,3.00000000000023,3.45819314852184));
#5873=CARTESIAN_POINT('',(0.956692815063138,3.,5.92323719410312));
#5874=CARTESIAN_POINT('Origin',(0.,3.,0.));
#5875=CARTESIAN_POINT('Ctrl Pts',(0.956692815062776,3.,5.92323719410318));
#5876=CARTESIAN_POINT('Ctrl Pts',(1.63929530099135,3.00602017470228,5.81298651994784));
#5877=CARTESIAN_POINT('Ctrl Pts',(2.2977241661659,3.01182715149931,5.58556823648022));
#5878=CARTESIAN_POINT('Ctrl Pts',(3.50403292310138,3.02246612456395,4.9186992440533));
#5879=CARTESIAN_POINT('Ctrl Pts',(4.04369268864015,3.02805049606617,4.48557839582238));
#5880=CARTESIAN_POINT('Ctrl Pts',(5.01847535241251,3.040783748103,3.38124707525994));
#5881=CARTESIAN_POINT('Ctrl Pts',(5.41782514022871,3.04778329455477,2.69538443779304));
#5882=CARTESIAN_POINT('Ctrl Pts',(5.93146046296649,3.06145047910984,1.202532896257));
#5883=CARTESIAN_POINT('Ctrl Pts',(6.03827725965655,3.06764271900335,0.409275448838638));
#5884=CARTESIAN_POINT('Ctrl Pts',(5.93910976640737,3.07995979641463,-1.14610416609848));
#5885=CARTESIAN_POINT('Ctrl Pts',(5.74447780445498,3.08653102016199,-1.89408182782612));
#5886=CARTESIAN_POINT('Ctrl Pts',(5.07149756891549,3.10026415443862,-3.30357011883689));
#5887=CARTESIAN_POINT('Ctrl Pts',(4.58895919095023,3.10730287534518,-3.94653278250725));
#5888=CARTESIAN_POINT('Ctrl Pts',(3.42193118224159,3.12040395796545,-4.98803003675332));
#5889=CARTESIAN_POINT('Ctrl Pts',(2.75589688166191,3.12600702142479,-5.38470877754106));
#5890=CARTESIAN_POINT('Ctrl Pts',(1.30442670007855,3.13880818205403,-5.90749268836105));
#5891=CARTESIAN_POINT('Ctrl Pts',(0.531680085108317,3.14562337789439,-6.02638449658745));
#5892=CARTESIAN_POINT('Ctrl Pts',(-1.03604460747896,3.15944983872484,-5.96302788362558));
#5893=CARTESIAN_POINT('Ctrl Pts',(-1.81559361945143,3.16632502792765,-5.77362261403682));
#5894=CARTESIAN_POINT('Ctrl Pts',(-3.22327068379986,3.17873995759239,-5.11725051358688));
#5895=CARTESIAN_POINT('Ctrl Pts',(-3.8439280442934,3.18451832232479,-4.66904164485898));
#5896=CARTESIAN_POINT('Ctrl Pts',(-4.90216701821469,3.19775342645277,-3.54718802168113));
#5897=CARTESIAN_POINT('Ctrl Pts',(-5.32296200428604,3.20472419681556,-2.87747433285669));
#5898=CARTESIAN_POINT('Ctrl Pts',(-5.88986948493429,3.2185303212554,-1.39718854886363));
#5899=CARTESIAN_POINT('Ctrl Pts',(-6.0236493569575,3.22501113419945,-0.598607177304326));
#5900=CARTESIAN_POINT('Ctrl Pts',(-5.97079147041057,3.23719301085619,0.965807916250032));
#5901=CARTESIAN_POINT('Ctrl Pts',(-5.79953970134813,3.24368652391213,1.7171097361804));
#5902=CARTESIAN_POINT('Ctrl Pts',(-5.17253439683848,3.25733733535311,3.1423634108318));
#5903=CARTESIAN_POINT('Ctrl Pts',(-4.71211253567579,3.26437608894202,3.7980993304218));
#5904=CARTESIAN_POINT('Ctrl Pts',(-3.57763278297527,3.27762953276166,4.87833647430192));
#5905=CARTESIAN_POINT('Ctrl Pts',(-2.91999262141418,3.28330978816445,5.29823221494226));
#5906=CARTESIAN_POINT('Ctrl Pts',(-1.49982981267267,3.29583483515821,5.85818082793454));
#5907=CARTESIAN_POINT('Ctrl Pts',(-0.753169196196267,3.30241996698403,6.));
#5908=CARTESIAN_POINT('Ctrl Pts',(-2.91433543964104E-14,3.30906250086715,
6.));
#5909=CARTESIAN_POINT('Origin',(0.,7.,0.));
#5910=CARTESIAN_POINT('',(9.41644636476498E-15,3.62656250086715,6.));
#5911=CARTESIAN_POINT('',(-1.52339742288654E-14,3.586875,6.));
#5912=CARTESIAN_POINT('',(-7.34788079488412E-16,7.,6.));
#5913=CARTESIAN_POINT('Ctrl Pts',(-2.85188539450587E-14,3.586875,6.));
#5914=CARTESIAN_POINT('Ctrl Pts',(-0.343451102991089,3.58384595207779,6.));
#5915=CARTESIAN_POINT('Ctrl Pts',(-0.687078361158783,3.58081535056479,5.97051076746266));
#5916=CARTESIAN_POINT('Ctrl Pts',(-1.7753388774585,3.5712174974002,5.78143557584478));
#5917=CARTESIAN_POINT('Ctrl Pts',(-2.49216903281097,3.56505720661235,5.5105265434001));
#5918=CARTESIAN_POINT('Ctrl Pts',(-3.8162235387623,3.55300930157538,4.69757761900283));
#5919=CARTESIAN_POINT('Ctrl Pts',(-4.40385297795317,3.54624891369206,4.15173052515716));
#5920=CARTESIAN_POINT('Ctrl Pts',(-5.32355215065347,3.53244336609962,2.87520464424969));
#5921=CARTESIAN_POINT('Ctrl Pts',(-5.65153047072783,3.52553729423911,2.16037398812062));
#5922=CARTESIAN_POINT('Ctrl Pts',(-6.01175034910702,3.51250768879591,0.662424111792529));
#5923=CARTESIAN_POINT('Ctrl Pts',(-6.04722112083618,3.50690487649928,-0.105180668121108));
#5924=CARTESIAN_POINT('Ctrl Pts',(-5.82354480333565,3.49410675893197,-1.65165606813596));
#5925=CARTESIAN_POINT('Ctrl Pts',(-5.55127505522548,3.48708726811783,-2.41349964979002));
#5926=CARTESIAN_POINT('Ctrl Pts',(-4.73964811187084,3.47323264752519,-3.75884602616032));
#5927=CARTESIAN_POINT('Ctrl Pts',(-4.21851439826434,3.46652950991321,-4.33558885738921));
#5928=CARTESIAN_POINT('Ctrl Pts',(-2.98004644286931,3.4539657225207,-5.26549396140461));
#5929=CARTESIAN_POINT('Ctrl Pts',(-2.27241082626856,3.44816640103725,-5.60733944899987));
#5930=CARTESIAN_POINT('Ctrl Pts',(-0.753978802601609,3.43477467416185,-6.00477158614149));
#5931=CARTESIAN_POINT('Ctrl Pts',(0.043406415334945,3.42774217953144,-6.05176665261204));
#5932=CARTESIAN_POINT('Ctrl Pts',(1.58116544470874,3.41417999920293,-5.83779340239166));
#5933=CARTESIAN_POINT('Ctrl Pts',(2.3085932089813,3.40776449044858,-5.5901988479262));
#5934=CARTESIAN_POINT('Ctrl Pts',(3.66027544043538,3.39584340410173,-4.82006874714694));
#5935=CARTESIAN_POINT('Ctrl Pts',(4.26542669257124,3.38919454848406,-4.29381389772837));
#5936=CARTESIAN_POINT('Ctrl Pts',(5.22795816593666,3.37542094714886,-3.0461998743869));
#5937=CARTESIAN_POINT('Ctrl Pts',(5.57989734030692,3.36847518107349,-2.34000599235915));
#5938=CARTESIAN_POINT('Ctrl Pts',(5.98732844222576,3.3553263403683,-0.853702452229563));
#5939=CARTESIAN_POINT('Ctrl Pts',(6.04721957761508,3.34964314239677,-0.0896739286568424));
#5940=CARTESIAN_POINT('Ctrl Pts',(5.87493423139589,3.33708721290343,1.4547631831586));
#5941=CARTESIAN_POINT('Ctrl Pts',(5.63090215406775,3.33017368688687,2.21903617300239));
#5942=CARTESIAN_POINT('Ctrl Pts',(4.86983727412623,3.31635291757959,3.58914253405085));
#5943=CARTESIAN_POINT('Ctrl Pts',(4.36754030718533,3.30957988649344,4.18591168623097));
#5944=CARTESIAN_POINT('Ctrl Pts',(3.16502699962629,3.2968721844005,5.15541748909464));
#5945=CARTESIAN_POINT('Ctrl Pts',(2.47629121766848,3.29121451282249,5.51939384969695));
#5946=CARTESIAN_POINT('Ctrl Pts',(1.17305789924118,3.27972071897248,5.91369008973574));
#5947=CARTESIAN_POINT('Ctrl Pts',(0.587547522278295,3.2745568427312,6.));
#5948=CARTESIAN_POINT('Ctrl Pts',(5.55111512312578E-15,3.269375,6.));
#5949=CARTESIAN_POINT('Ctrl Pts',(-2.55835692065404E-14,3.30906250086715,
6.));
#5950=CARTESIAN_POINT('Ctrl Pts',(0.0187847762717667,3.30922817215788,6.));
#5951=CARTESIAN_POINT('Ctrl Pts',(0.0375736012210769,3.30939387915575,5.99991178309502));
#5952=CARTESIAN_POINT('Ctrl Pts',(0.850814760816361,3.31656621438273,5.99227160541831));
#5953=CARTESIAN_POINT('Ctrl Pts',(1.63592880330674,3.32349048406303,5.82708752303072));
#5954=CARTESIAN_POINT('Ctrl Pts',(3.06434895976087,3.3360883562762,5.21413459899463));
#5955=CARTESIAN_POINT('Ctrl Pts',(3.69941901218885,3.34174898622383,4.78453094050836));
#5956=CARTESIAN_POINT('Ctrl Pts',(4.79036502843297,3.35487172973158,3.69627173945219));
#5957=CARTESIAN_POINT('Ctrl Pts',(5.23033510955221,3.36180930154604,3.0419753724701));
#5958=CARTESIAN_POINT('Ctrl Pts',(5.83986458571625,3.37559072942966,1.58953084705596));
#5959=CARTESIAN_POINT('Ctrl Pts',(5.99875206806498,3.38229497974444,0.803499374219068));
#5960=CARTESIAN_POINT('Ctrl Pts',(6.00118149666798,3.39418332990625,-0.751600155033932));
#5961=CARTESIAN_POINT('Ctrl Pts',(5.85758904529405,3.40056740466524,-1.50590697195447));
#5962=CARTESIAN_POINT('Ctrl Pts',(5.2853119100833,3.4141049291512,-2.94792568551574));
#5963=CARTESIAN_POINT('Ctrl Pts',(4.85141369322219,3.42113481140206,-3.61781354348908));
#5964=CARTESIAN_POINT('Ctrl Pts',(3.75615841055503,3.43456162051145,-4.74339508668639));
#5965=CARTESIAN_POINT('Ctrl Pts',(3.10829989611252,3.44039902261676,-5.1910491190266));
#5966=CARTESIAN_POINT('Ctrl Pts',(1.68715727380193,3.45293271102186,-5.80911902555219));
#5967=CARTESIAN_POINT('Ctrl Pts',(0.928853632331529,3.45962052785982,-5.97742314462201));
#5968=CARTESIAN_POINT('Ctrl Pts',(-0.640630561101291,3.47346250651024,-6.01915439684878));
#5969=CARTESIAN_POINT('Ctrl Pts',(-1.43696948560985,3.48048577341389,-5.88011497647947));
#5970=CARTESIAN_POINT('Ctrl Pts',(-2.89248786748433,3.4933226369207,-5.311724035986));
#5971=CARTESIAN_POINT('Ctrl Pts',(-3.54315422371777,3.49891475092637,-4.90173008307846));
#5972=CARTESIAN_POINT('Ctrl Pts',(-4.66811362411038,3.51191608638668,-3.84900407051296));
#5973=CARTESIAN_POINT('Ctrl Pts',(-5.12763512461676,3.51881192705231,-3.21145944134611));
#5974=CARTESIAN_POINT('Ctrl Pts',(-5.78399973815104,3.53262292504336,-1.78218367924822));
#5975=CARTESIAN_POINT('Ctrl Pts',(-5.96886943841394,3.53939923794688,-1.00171813176575));
#5976=CARTESIAN_POINT('Ctrl Pts',(-6.02270603509895,3.551494382494,0.55077635647924));
#5977=CARTESIAN_POINT('Ctrl Pts',(-5.90478019881708,3.55759498476843,1.30764208672746));
#5978=CARTESIAN_POINT('Ctrl Pts',(-5.38338719477327,3.57101747586355,2.76397782771408));
#5979=CARTESIAN_POINT('Ctrl Pts',(-4.97443772227516,3.57803055885007,3.4460703781343));
#5980=CARTESIAN_POINT('Ctrl Pts',(-3.91638264576314,3.59161136244806,4.61329145676412));
#5981=CARTESIAN_POINT('Ctrl Pts',(-3.27754904443805,3.59765633915582,5.08705968235788));
#5982=CARTESIAN_POINT('Ctrl Pts',(-1.87188490990687,3.61005351589786,5.75193237523391));
#5983=CARTESIAN_POINT('Ctrl Pts',(-1.12177384149354,3.6166690787929,5.94392923372963));
#5984=CARTESIAN_POINT('Ctrl Pts',(-0.237232042794835,3.62447024604531,5.99648621359301));
#5985=CARTESIAN_POINT('Ctrl Pts',(-0.118555318508514,3.62551690882197,6.));
#5986=CARTESIAN_POINT('Ctrl Pts',(4.85722573273506E-16,3.62656250086715,
6.));
#5987=CARTESIAN_POINT('Origin',(0.,7.,0.));
#5988=CARTESIAN_POINT('',(1.12899477188199E-14,3.94406250086715,6.));
#5989=CARTESIAN_POINT('',(1.07242644531654E-15,3.904375,6.));
#5990=CARTESIAN_POINT('',(-7.34788079488412E-16,7.,6.));
#5991=CARTESIAN_POINT('Ctrl Pts',(-3.05311331771918E-15,3.904375,6.));
#5992=CARTESIAN_POINT('Ctrl Pts',(-0.477021095847749,3.90016793894634,6.));
#5993=CARTESIAN_POINT('Ctrl Pts',(-0.953434201185929,3.89596624003115,5.94311067110599));
#5994=CARTESIAN_POINT('Ctrl Pts',(-2.15639443354166,3.88535679909301,5.65030233963801));
#5995=CARTESIAN_POINT('Ctrl Pts',(-2.85307187666873,3.87960624996317,5.33253495467178));
#5996=CARTESIAN_POINT('Ctrl Pts',(-4.11992219882465,3.8671543283491,4.43366263218954));
#5997=CARTESIAN_POINT('Ctrl Pts',(-4.6701216961659,3.86026875614362,3.84981538425144));
#5998=CARTESIAN_POINT('Ctrl Pts',(-5.50035841736254,3.84644301943803,2.51899503942581));
#5999=CARTESIAN_POINT('Ctrl Pts',(-5.77914810674094,3.83963848086836,1.78905873031792));
#6000=CARTESIAN_POINT('Ctrl Pts',(-6.0431189072855,3.82686151569364,0.268616773370758));
#6001=CARTESIAN_POINT('Ctrl Pts',(-6.02777047431062,3.82124723368501,-0.507370507302609));
#6002=CARTESIAN_POINT('Ctrl Pts',(-5.69939538557001,3.80811540006943,-2.03709037622301));
#6003=CARTESIAN_POINT('Ctrl Pts',(-5.37939883639855,3.80107611936163,-2.7739699014167));
#6004=CARTESIAN_POINT('Ctrl Pts',(-4.48785120086748,3.78735837934899,-4.0552527254037));
#6005=CARTESIAN_POINT('Ctrl Pts',(-3.93444931521164,3.78080218516989,-4.59412670370295));
#6006=CARTESIAN_POINT('Ctrl Pts',(-2.63086269606626,3.76851173190974,-5.45064880049827));
#6007=CARTESIAN_POINT('Ctrl Pts',(-1.88691656205207,3.76226655579026,-5.75070150247099));
#6008=CARTESIAN_POINT('Ctrl Pts',(-0.334071278083495,3.74857132307748,-6.04197803341822));
#6009=CARTESIAN_POINT('Ctrl Pts',(0.459001439666443,3.74157686230288,-6.03377329839693));
#6010=CARTESIAN_POINT('Ctrl Pts',(1.97048350688476,3.72824643018227,-5.71775125327774));
#6011=CARTESIAN_POINT('Ctrl Pts',(2.67689274521403,3.72232466786095,-5.42307295888827));
#6012=CARTESIAN_POINT('Ctrl Pts',(3.97220801183081,3.71006998266596,-4.56645838833412));
#6013=CARTESIAN_POINT('Ctrl Pts',(4.54120733253801,3.70324234615256,-4.00105055101856));
#6014=CARTESIAN_POINT('Ctrl Pts',(5.41601818474913,3.68941886573916,-2.6962605015687));
#6015=CARTESIAN_POINT('Ctrl Pts',(5.71916800186124,3.68256073254596,-1.97337155289678));
#6016=CARTESIAN_POINT('Ctrl Pts',(6.03072979005324,3.66965730148589,-0.463848507581016));
#6017=CARTESIAN_POINT('Ctrl Pts',(6.04070413664293,3.66407844154467,0.307815472836438));
#6018=CARTESIAN_POINT('Ctrl Pts',(5.76443501953974,3.65111015185357,1.84620647622452));
#6019=CARTESIAN_POINT('Ctrl Pts',(5.46796080805063,3.64407688556065,2.5958791820674));
#6020=CARTESIAN_POINT('Ctrl Pts',(4.61563894545492,3.63028396210002,3.90965253549451));
#6021=CARTESIAN_POINT('Ctrl Pts',(4.077982711214,3.62365141797653,4.46761351425796));
#6022=CARTESIAN_POINT('Ctrl Pts',(2.80679886764147,3.61122288289096,5.36092195656446));
#6023=CARTESIAN_POINT('Ctrl Pts',(2.08125644745428,3.60523052561297,5.68207549491929));
#6024=CARTESIAN_POINT('Ctrl Pts',(0.88200250304391,3.59465377207546,5.95134646351061));
#6025=CARTESIAN_POINT('Ctrl Pts',(0.441146563489934,3.59076566760856,6.));
#6026=CARTESIAN_POINT('Ctrl Pts',(-2.4008572907519E-14,3.586875,6.));
#6027=CARTESIAN_POINT('Ctrl Pts',(4.9960036108132E-15,3.62656250086715,
6.));
#6028=CARTESIAN_POINT('Ctrl Pts',(0.677058530611422,3.63253378096352,6.));
#6029=CARTESIAN_POINT('Ctrl Pts',(1.35015747594147,3.6384701397175,5.88538774410639));
#6030=CARTESIAN_POINT('Ctrl Pts',(2.71276740477552,3.65048760228429,5.40621051883707));
#6031=CARTESIAN_POINT('Ctrl Pts',(3.3798038828812,3.6560694438226,5.01628797487052));
#6032=CARTESIAN_POINT('Ctrl Pts',(4.53901440402335,3.66894394240827,3.99994318638116));
#6033=CARTESIAN_POINT('Ctrl Pts',(5.0177617039303,3.67579028399744,3.37997932718057));
#6034=CARTESIAN_POINT('Ctrl Pts',(5.72078345920365,3.68961562039408,1.9757637986532));
#6035=CARTESIAN_POINT('Ctrl Pts',(5.93182724779966,3.69645732202439,1.20184873952092));
#6036=CARTESIAN_POINT('Ctrl Pts',(6.0377724363098,3.70875798832849,-0.347469119532355));
#6037=CARTESIAN_POINT('Ctrl Pts',(5.94553581399886,3.71463483624541,-1.10726829187802));
#6038=CARTESIAN_POINT('Ctrl Pts',(5.47483370272253,3.72793820783926,-2.57727451319428));
#6039=CARTESIAN_POINT('Ctrl Pts',(5.09107156265097,3.73492638318443,-3.27064790210137));
#6040=CARTESIAN_POINT('Ctrl Pts',(4.07098174404222,3.74865385845529,-4.47899146707856));
#6041=CARTESIAN_POINT('Ctrl Pts',(3.4411889403563,3.75496312618486,-4.97920307200499));
#6042=CARTESIAN_POINT('Ctrl Pts',(2.05114143358422,3.76722257294597,-5.69015951319107));
#6043=CARTESIAN_POINT('Ctrl Pts',(1.30976632778057,3.7737610895041,-5.90504868226402));
#6044=CARTESIAN_POINT('Ctrl Pts',(-0.243539649015319,3.78746038527167,-6.04752681583554));
#6045=CARTESIAN_POINT('Ctrl Pts',(-1.04172877509172,3.79449996992526,-5.96210509365325));
#6046=CARTESIAN_POINT('Ctrl Pts',(-2.53470051983433,3.80766715128515,-5.49257811087449));
#6047=CARTESIAN_POINT('Ctrl Pts',(-3.21805628295781,3.81329701583281,-5.12222938947322));
#6048=CARTESIAN_POINT('Ctrl Pts',(-4.41004407070052,3.82604591779231,-4.14125251336308));
#6049=CARTESIAN_POINT('Ctrl Pts',(-4.90670009536184,3.83283786642596,-3.53874975004116));
#6050=CARTESIAN_POINT('Ctrl Pts',(-5.65376666946345,3.84666210150026,-2.16010770199445));
#6051=CARTESIAN_POINT('Ctrl Pts',(-5.88979813074607,3.85355931265707,-1.39335160466628));
#6052=CARTESIAN_POINT('Ctrl Pts',(-6.04591300706234,3.86605370949762,0.152365266652653));
#6053=CARTESIAN_POINT('Ctrl Pts',(-5.97816751818267,3.87177480757001,0.91531251359807));
#6054=CARTESIAN_POINT('Ctrl Pts',(-5.55544214349882,3.88496157052023,2.39775093468834));
#6055=CARTESIAN_POINT('Ctrl Pts',(-5.19577666820674,3.89191872938118,3.10097565433758));
#6056=CARTESIAN_POINT('Ctrl Pts',(-4.21948109104904,3.90567969169459,4.33898818354904));
#6057=CARTESIAN_POINT('Ctrl Pts',(-3.60869020650503,3.91223585807368,4.85882430858395));
#6058=CARTESIAN_POINT('Ctrl Pts',(-2.24808806613986,3.92423561306162,5.61491268835178));
#6059=CARTESIAN_POINT('Ctrl Pts',(-1.51723068263843,3.93068136915223,5.85483953370456));
#6060=CARTESIAN_POINT('Ctrl Pts',(-0.508126291917764,3.93958110926483,5.98388105483136));
#6061=CARTESIAN_POINT('Ctrl Pts',(-0.25392441468813,3.94182302859872,6.));
#6062=CARTESIAN_POINT('Ctrl Pts',(3.13638004456607E-14,3.94406250086715,
6.));
#6063=CARTESIAN_POINT('Origin',(0.,7.,0.));
#6064=CARTESIAN_POINT('',(-5.14818351931904E-15,4.26156250086715,6.));
#6065=CARTESIAN_POINT('',(5.25311002242065E-15,4.221875,6.));
#6066=CARTESIAN_POINT('',(-7.34788079488412E-16,7.,6.));
#6067=CARTESIAN_POINT('Ctrl Pts',(3.21964677141295E-14,4.221875,6.));
#6068=CARTESIAN_POINT('Ctrl Pts',(-0.602697796283888,4.21655954026889,6.));
#6069=CARTESIAN_POINT('Ctrl Pts',(-1.20299020800756,4.21126529469324,5.90918161641148));
#6070=CARTESIAN_POINT('Ctrl Pts',(-2.50881340972212,4.19974865951145,5.50342139323887));
#6071=CARTESIAN_POINT('Ctrl Pts',(-3.18741133530944,4.19416328166992,5.14025287720818));
#6072=CARTESIAN_POINT('Ctrl Pts',(-4.40096971490346,4.1812932239031,4.1558672610736));
#6073=CARTESIAN_POINT('Ctrl Pts',(-4.91517190826554,4.17426701688433,3.53282411146988));
#6074=CARTESIAN_POINT('Ctrl Pts',(-5.65453810791699,4.16043651687631,2.1489160032194));
#6075=CARTESIAN_POINT('Ctrl Pts',(-5.88317908539381,4.15376217252092,1.40707221740366));
#6076=CARTESIAN_POINT('Ctrl Pts',(-6.04917736903566,4.14125458857911,-0.134665009360586));
#6077=CARTESIAN_POINT('Ctrl Pts',(-5.98024095535971,4.13538186820441,-0.920545440011937));
#6078=CARTESIAN_POINT('Ctrl Pts',(-5.54259200629907,4.12192496038404,-2.42973690109519));
#6079=CARTESIAN_POINT('Ctrl Pts',(-5.17492769043385,4.11489766679054,-3.13752599533543));
#6080=CARTESIAN_POINT('Ctrl Pts',(-4.20492607658458,4.10138188369208,-4.34707184651115));
#6081=CARTESIAN_POINT('Ctrl Pts',(-3.62060864840958,4.09505675682968,-4.84454422653949));
#6082=CARTESIAN_POINT('Ctrl Pts',(-2.26812866196859,4.08312863472704,-5.61126291422803));
#6083=CARTESIAN_POINT('Ctrl Pts',(-1.50633739833072,4.07641005899913,-5.86187819893117));
#6084=CARTESIAN_POINT('Ctrl Pts',(0.0570548289092079,4.06262180810611,-6.05029056538919));
#6085=CARTESIAN_POINT('Ctrl Pts',(0.842836188170157,4.05569165306262,-5.99156915166034));
#6086=CARTESIAN_POINT('Ctrl Pts',(2.32817477348773,4.04259179192822,-5.58189629312963));
#6087=CARTESIAN_POINT('Ctrl Pts',(3.01599411869044,4.03694862880879,-5.24230299724918));
#6088=CARTESIAN_POINT('Ctrl Pts',(4.26193563084652,4.02424838139005,-4.29884649570863));
#6089=CARTESIAN_POINT('Ctrl Pts',(4.79811744486772,4.01724003447506,-3.6908316500153));
#6090=CARTESIAN_POINT('Ctrl Pts',(5.58398099190009,4.00335700986477,-2.32689192624827));
#6091=CARTESIAN_POINT('Ctrl Pts',(5.83662323288703,3.99661706249023,-1.59031609120044));
#6092=CARTESIAN_POINT('Ctrl Pts',(6.04955097361379,3.98397895662228,-0.0585847972844356));
#6093=CARTESIAN_POINT('Ctrl Pts',(6.00654950164802,3.97826127576563,0.722401771727016));
#6094=CARTESIAN_POINT('Ctrl Pts',(5.62157203797,3.96495789134439,2.24190282085787));
#6095=CARTESIAN_POINT('Ctrl Pts',(5.27658906866073,3.95792067662139,2.96408593713731));
#6096=CARTESIAN_POINT('Ctrl Pts',(4.3437456693672,3.94430027413495,4.20878256212069));
#6097=CARTESIAN_POINT('Ctrl Pts',(3.7739763899537,3.93783407161809,4.72642451209336));
#6098=CARTESIAN_POINT('Ctrl Pts',(2.44428423760772,3.92578079615045,5.53682167245857));
#6099=CARTESIAN_POINT('Ctrl Pts',(1.69063320377246,3.91928544561655,5.81142818124336));
#6100=CARTESIAN_POINT('Ctrl Pts',(0.605102484921199,3.9097116677489,5.97713467531532));
#6101=CARTESIAN_POINT('Ctrl Pts',(0.302429051621226,3.90704225621916,6.));
#6102=CARTESIAN_POINT('Ctrl Pts',(4.57966997657877E-15,3.904375,6.));
#6103=CARTESIAN_POINT('Ctrl Pts',(3.4555691641458E-14,3.94406250086715,
6.));
#6104=CARTESIAN_POINT('Ctrl Pts',(0.534697006584979,3.94877823141134,6.));
#6105=CARTESIAN_POINT('Ctrl Pts',(1.06816371339253,3.953483111395,5.92852044474528));
#6106=CARTESIAN_POINT('Ctrl Pts',(2.33476361930069,3.96465381889849,5.58136196518528));
#6107=CARTESIAN_POINT('Ctrl Pts',(3.0365982147831,3.97040260820378,5.23276134853808));
#6108=CARTESIAN_POINT('Ctrl Pts',(4.26419351323761,3.98301043463934,4.2908130276253));
#6109=CARTESIAN_POINT('Ctrl Pts',(4.77970361967938,3.98973556386287,3.7079441167023));
#6110=CARTESIAN_POINT('Ctrl Pts',(5.57757913817065,4.00360750769173,2.35239027776263));
#6111=CARTESIAN_POINT('Ctrl Pts',(5.84171269120642,4.01062071259305,1.58667225535828));
#6112=CARTESIAN_POINT('Ctrl Pts',(6.04791601924014,4.02336121688123,0.0376519352565007));
#6113=CARTESIAN_POINT('Ctrl Pts',(6.00397687997847,4.02898549683991,-0.728676719559539));
#6114=CARTESIAN_POINT('Ctrl Pts',(5.62744757548899,4.04205665703046,-2.22265096924315));
#6115=CARTESIAN_POINT('Ctrl Pts',(5.29117473968358,4.04897720932773,-2.93458865992279));
#6116=CARTESIAN_POINT('Ctrl Pts',(4.35660461329906,4.06277318356154,-4.20127538370111));
#6117=CARTESIAN_POINT('Ctrl Pts',(3.76287329423279,4.06950923158536,-4.74041281867828));
#6118=CARTESIAN_POINT('Ctrl Pts',(2.42926408434002,4.08148670599047,-5.53862408371971));
#6119=CARTESIAN_POINT('Ctrl Pts',(1.70882725187655,4.08774159385408,-5.80151783333897));
#6120=CARTESIAN_POINT('Ctrl Pts',(0.179416918011413,4.10123014332636,-6.04902583584115));
#6121=CARTESIAN_POINT('Ctrl Pts',(-0.616966162184345,4.10825379965864,-6.02015431987952));
#6122=CARTESIAN_POINT('Ctrl Pts',(-2.1469878909915,4.12174774129465,-5.65719957730916));
#6123=CARTESIAN_POINT('Ctrl Pts',(-2.86635139754373,4.12766734852074,-5.32892941491039));
#6124=CARTESIAN_POINT('Ctrl Pts',(-4.12638561875018,4.14014244230474,-4.42308795954275));
#6125=CARTESIAN_POINT('Ctrl Pts',(-4.65847967376636,4.14679978525664,-3.85866882696343));
#6126=CARTESIAN_POINT('Ctrl Pts',(-5.4970513257992,4.16061534586616,-2.53399297912504));
#6127=CARTESIAN_POINT('Ctrl Pts',(-5.78532540603108,4.16764478576068,-1.78008690291461));
#6128=CARTESIAN_POINT('Ctrl Pts',(-6.04366843858662,4.1805556316202,-0.238867199666926));
#6129=CARTESIAN_POINT('Ctrl Pts',(-6.02499997165684,4.18613584516517,0.531377331920324));
#6130=CARTESIAN_POINT('Ctrl Pts',(-5.69692508718252,4.19908245851684,2.03702025051978));
#6131=CARTESIAN_POINT('Ctrl Pts',(-5.38533752719395,4.20595764878959,2.75727089278554));
#6132=CARTESIAN_POINT('Ctrl Pts',(-4.49520951652632,4.21977682329425,4.05265381836334));
#6133=CARTESIAN_POINT('Ctrl Pts',(-3.91981809560883,4.22658254252482,4.61150161793157));
#6134=CARTESIAN_POINT('Ctrl Pts',(-2.61470948986993,4.23876762184587,5.45334873585603));
#6135=CARTESIAN_POINT('Ctrl Pts',(-1.9048192131335,4.24476305364021,5.73998200621641));
#6136=CARTESIAN_POINT('Ctrl Pts',(-0.777265696751881,4.25470744923607,5.96224237828874));
#6137=CARTESIAN_POINT('Ctrl Pts',(-0.38862651258998,4.25813503092973,6.));
#6138=CARTESIAN_POINT('Ctrl Pts',(4.44089209850063E-15,4.26156250086715,
6.));
#6139=CARTESIAN_POINT('Origin',(0.,7.,0.));
#6140=CARTESIAN_POINT('',(-1.25104583715819E-14,4.57906250086715,6.));
#6141=CARTESIAN_POINT('',(-9.52673399290175E-15,4.539375,6.));
#6142=CARTESIAN_POINT('',(-7.34788079488412E-16,7.,6.));
#6143=CARTESIAN_POINT('Ctrl Pts',(3.60822483003176E-15,4.539375,6.));
#6144=CARTESIAN_POINT('Ctrl Pts',(-0.730467891772826,4.53293267901006,6.));
#6145=CARTESIAN_POINT('Ctrl Pts',(-1.45521045557704,4.52654085223205,5.86659819575258));
#6146=CARTESIAN_POINT('Ctrl Pts',(-2.85883848744821,4.5141616327843,5.33119516788432));
#6147=CARTESIAN_POINT('Ctrl Pts',(-3.51961673032906,4.50851647386844,4.92005066845034));
#6148=CARTESIAN_POINT('Ctrl Pts',(-4.66639335253271,4.49531969057808,3.85433150020293));
#6149=CARTESIAN_POINT('Ctrl Pts',(-5.13516288990335,4.48828013624019,3.20331027431755));
#6150=CARTESIAN_POINT('Ctrl Pts',(-5.77948418312952,4.47459691527733,1.78381071946871));
#6151=CARTESIAN_POINT('Ctrl Pts',(-5.95952559693464,4.46807353997897,1.03367383918129));
#6152=CARTESIAN_POINT('Ctrl Pts',(-6.02983623200145,4.45584040141411,-0.527376456511032));
#6153=CARTESIAN_POINT('Ctrl Pts',(-5.90628982656315,4.44947472687457,-1.32393542221048));
#6154=CARTESIAN_POINT('Ctrl Pts',(-5.3595148014972,4.43572025353108,-2.80908217853723));
#6155=CARTESIAN_POINT('Ctrl Pts',(-4.94674785566159,4.42873771404134,-3.48497175121553));
#6156=CARTESIAN_POINT('Ctrl Pts',(-3.90204157969192,4.41545740659146,-4.62055680184284));
#6157=CARTESIAN_POINT('Ctrl Pts',(-3.28718905786198,4.40961618127419,-5.07640170176072));
#6158=CARTESIAN_POINT('Ctrl Pts',(-1.8880596453354,4.39727663714982,-5.75032825933171));
#6159=CARTESIAN_POINT('Ctrl Pts',(-1.11098887239408,4.39042330463846,-5.94951589021806));
#6160=CARTESIAN_POINT('Ctrl Pts',(0.456715566990494,4.37659702242999,-6.03264925986786));
#6161=CARTESIAN_POINT('Ctrl Pts',(1.23182581565538,4.36976098065357,-5.92317955530699));
#6162=CARTESIAN_POINT('Ctrl Pts',(2.68880857857344,4.35691120211951,-5.41828015552248));
#6163=CARTESIAN_POINT('Ctrl Pts',(3.35825704072835,4.35132437841076,-5.030860870256));
#6164=CARTESIAN_POINT('Ctrl Pts',(4.53819711857997,4.33828585665093,-4.0050092880619));
#6165=CARTESIAN_POINT('Ctrl Pts',(5.02952262787494,4.33124910183261,-3.3673772904285));
#6166=CARTESIAN_POINT('Ctrl Pts',(5.72085764844069,4.31748647159557,-1.96462433146489));
#6167=CARTESIAN_POINT('Ctrl Pts',(5.92486283161497,4.31088564771477,-1.21818285447466));
#6168=CARTESIAN_POINT('Ctrl Pts',(6.04250276763515,4.29851537047506,0.333496967314641));
#6169=CARTESIAN_POINT('Ctrl Pts',(5.94627414178606,4.29242297750178,1.12467406905924));
#6170=CARTESIAN_POINT('Ctrl Pts',(5.45375160056107,4.27881283266084,2.62224706055781));
#6171=CARTESIAN_POINT('Ctrl Pts',(5.06307874008484,4.27180399758342,3.31433545323389));
#6172=CARTESIAN_POINT('Ctrl Pts',(4.05521283256573,4.25840454470279,4.48678961561856));
#6173=CARTESIAN_POINT('Ctrl Pts',(3.45572338849983,4.25235256044022,4.96326454707262));
#6174=CARTESIAN_POINT('Ctrl Pts',(2.07972535529181,4.24021702223067,5.68380334229035));
#6175=CARTESIAN_POINT('Ctrl Pts',(1.3098729982347,4.23342735213718,5.90890014835258));
#6176=CARTESIAN_POINT('Ctrl Pts',(0.345839176568254,4.22492510940443,5.99253342053086));
#6177=CARTESIAN_POINT('Ctrl Pts',(0.172820699546319,4.2233991825585,6.));
#6178=CARTESIAN_POINT('Ctrl Pts',(3.11209391590239E-14,4.221875,6.));
#6179=CARTESIAN_POINT('Ctrl Pts',(-1.80411241501588E-15,4.26156250086715,
6.));
#6180=CARTESIAN_POINT('Ctrl Pts',(0.394116881013881,4.26503839280387,6.));
#6181=CARTESIAN_POINT('Ctrl Pts',(0.788220729888386,4.26851416980436,5.96116791553696));
#6182=CARTESIAN_POINT('Ctrl Pts',(1.95255883445469,4.27878298503213,5.72833433439617));
#6183=CARTESIAN_POINT('Ctrl Pts',(2.69026588676288,4.28493656736729,5.42114015100628));
#6184=CARTESIAN_POINT('Ctrl Pts',(3.98299757837967,4.29727374273872,4.55223378819177));
#6185=CARTESIAN_POINT('Ctrl Pts',(4.53119534650246,4.30385621769332,4.00691435667627));
#6186=CARTESIAN_POINT('Ctrl Pts',(5.40972715083818,4.31760069566023,2.71461612758936));
#6187=CARTESIAN_POINT('Ctrl Pts',(5.72189666176907,4.32463880794655,1.97337063729992));
#6188=CARTESIAN_POINT('Ctrl Pts',(6.03281501009421,4.33771643151302,0.440669656093692));
#6189=CARTESIAN_POINT('Ctrl Pts',(6.03966876642199,4.34331237922311,-0.333837700164383));
#6190=CARTESIAN_POINT('Ctrl Pts',(5.75982018755732,4.35613186451203,-1.85067963470592));
#6191=CARTESIAN_POINT('Ctrl Pts',(5.47289829757303,4.3629550076374,-2.5783566482273));
#6192=CARTESIAN_POINT('Ctrl Pts',(4.62772354120699,4.3767816597486,-3.90067236544059));
#6193=CARTESIAN_POINT('Ctrl Pts',(4.0711914254064,4.38364876790689,-4.47844603809553));
#6194=CARTESIAN_POINT('Ctrl Pts',(2.79480388490623,4.39603545038671,-5.36327050205905));
#6195=CARTESIAN_POINT('Ctrl Pts',(2.09492763285459,4.40183640299406,-5.67334856715219));
#6196=CARTESIAN_POINT('Ctrl Pts',(0.592325456163903,4.41508851941348,-6.02191980563338));
#6197=CARTESIAN_POINT('Ctrl Pts',(-0.198575886750113,4.42206382986835,-6.04772139508987));
#6198=CARTESIAN_POINT('Ctrl Pts',(-1.76181263152819,4.43585070949243,-5.79107711690479));
#6199=CARTESIAN_POINT('Ctrl Pts',(-2.5177145003586,4.4422874905901,-5.50469403242959));
#6200=CARTESIAN_POINT('Ctrl Pts',(-3.84175309444877,4.45448861464909,-4.67167546418131));
#6201=CARTESIAN_POINT('Ctrl Pts',(-4.40476172228265,4.46099339449673,-4.1450794485421));
#6202=CARTESIAN_POINT('Ctrl Pts',(-5.32047866964833,4.47465654050317,-2.88489859496581));
#6203=CARTESIAN_POINT('Ctrl Pts',(-5.65506995259711,4.48169570816707,-2.15646014371056));
#6204=CARTESIAN_POINT('Ctrl Pts',(-6.01633755510391,4.49492803482187,-0.632573556958041));
#6205=CARTESIAN_POINT('Ctrl Pts',(-6.04773236015632,4.5005943060282,0.146283275792049));
#6206=CARTESIAN_POINT('Ctrl Pts',(-5.81350345615356,4.5132907582071,1.67335542585852));
#6207=CARTESIAN_POINT('Ctrl Pts',(-5.54995108471081,4.52005853598765,2.407276036681));
#6208=CARTESIAN_POINT('Ctrl Pts',(-4.74785744991032,4.53387810278831,3.75353699487486));
#6209=CARTESIAN_POINT('Ctrl Pts',(-4.20967439691025,4.54079592631215,4.34854449807114));
#6210=CARTESIAN_POINT('Ctrl Pts',(-2.96080115417279,4.55336848887721,5.27359101080436));
#6211=CARTESIAN_POINT('Ctrl Pts',(-2.26999359141507,4.55904241849842,5.60573262106777));
#6212=CARTESIAN_POINT('Ctrl Pts',(-1.03347750344023,4.56994780344098,5.93310577821122));
#6213=CARTESIAN_POINT('Ctrl Pts',(-0.517264568917149,4.57450051473851,6.));
#6214=CARTESIAN_POINT('Ctrl Pts',(-2.76167977375508E-14,4.57906250086715,
6.));
#6215=CARTESIAN_POINT('Origin',(0.,7.,0.));
#6216=CARTESIAN_POINT('',(-8.55528884635473E-15,4.89656250086715,6.));
#6217=CARTESIAN_POINT('',(8.3756122791789E-15,4.856875,6.));
#6218=CARTESIAN_POINT('',(-7.34788079488412E-16,7.,6.));
#6219=CARTESIAN_POINT('Ctrl Pts',(3.01759686207959E-14,4.856875,6.));
#6220=CARTESIAN_POINT('Ctrl Pts',(-0.0943591849036206,4.85604280441092,
6.));
#6221=CARTESIAN_POINT('Ctrl Pts',(-0.188802315331229,4.85520986846895,5.99777411072064));
#6222=CARTESIAN_POINT('Ctrl Pts',(-1.05052993520533,4.84760990959923,5.95704774490349));
#6223=CARTESIAN_POINT('Ctrl Pts',(-1.80375698227805,4.84096686550352,5.77377686503809));
#6224=CARTESIAN_POINT('Ctrl Pts',(-3.21519885810496,4.8285187322931,5.1262395681764));
#6225=CARTESIAN_POINT('Ctrl Pts',(-3.85738970041049,4.8225577880242,4.66222974544144));
#6226=CARTESIAN_POINT('Ctrl Pts',(-4.92937959211719,4.80903347769028,3.51045041135274));
#6227=CARTESIAN_POINT('Ctrl Pts',(-5.3476466495419,4.80201318623245,2.83279358991635));
#6228=CARTESIAN_POINT('Ctrl Pts',(-5.88795788652315,4.78854737729967,1.381708835347));
#6229=CARTESIAN_POINT('Ctrl Pts',(-6.01543652292312,4.78234813738961,0.62583822875644));
#6230=CARTESIAN_POINT('Ctrl Pts',(-5.98081607069642,4.77032983672077,-0.927689792169912));
#6231=CARTESIAN_POINT('Ctrl Pts',(-5.80564327380137,4.76357959350176,-1.71034063230327));
#6232=CARTESIAN_POINT('Ctrl Pts',(-5.16669787052669,4.74977786048931,-3.14846034728946));
#6233=CARTESIAN_POINT('Ctrl Pts',(-4.71441909677048,4.74286558994126,-3.79233767657441));
#6234=CARTESIAN_POINT('Ctrl Pts',(-3.6021472100615,4.72981843165031,-4.85838825944566));
#6235=CARTESIAN_POINT('Ctrl Pts',(-2.9573735080515,4.72420739135572,-5.27573132321247));
#6236=CARTESIAN_POINT('Ctrl Pts',(-1.50899680174645,4.71143351345984,-5.86218388380223));
#6237=CARTESIAN_POINT('Ctrl Pts',(-0.713374928092686,4.70441657054636,-6.01110312092808));
#6238=CARTESIAN_POINT('Ctrl Pts',(0.85839320080452,4.690554448854,-5.9880603483269));
#6239=CARTESIAN_POINT('Ctrl Pts',(1.61949602250594,4.6838419448015,-5.82845991010362));
#6240=CARTESIAN_POINT('Ctrl Pts',(3.04616398407881,4.67125952597374,-5.22738318843737));
#6241=CARTESIAN_POINT('Ctrl Pts',(3.69727434663998,4.66548234078003,-4.78903072763899));
#6242=CARTESIAN_POINT('Ctrl Pts',(4.80571016639266,4.65211253182071,-3.6785218112118));
#6243=CARTESIAN_POINT('Ctrl Pts',(5.24850015980665,4.64507862145765,-3.01324023548823));
#6244=CARTESIAN_POINT('Ctrl Pts',(5.83907362515407,4.63150145279805,-1.57659443321004));
#6245=CARTESIAN_POINT('Ctrl Pts',(5.9918957747587,4.62507307434585,-0.823180124634576));
#6246=CARTESIAN_POINT('Ctrl Pts',(6.00780735495478,4.6131185883607,0.732794424229621));
#6247=CARTESIAN_POINT('Ctrl Pts',(5.8581721928643,4.60650955703185,1.52071617838268));
#6248=CARTESIAN_POINT('Ctrl Pts',(5.26538632346112,4.59274111444637,2.98112750775484));
#6249=CARTESIAN_POINT('Ctrl Pts',(4.83248658875256,4.58579044396517,3.64122090602728));
#6250=CARTESIAN_POINT('Ctrl Pts',(3.75366842926699,4.57262552891892,4.74200350777148));
#6251=CARTESIAN_POINT('Ctrl Pts',(3.12400746206213,4.56692701025567,5.17853234447936));
#6252=CARTESIAN_POINT('Ctrl Pts',(1.70329069645695,4.55439707767013,5.80775115454338));
#6253=CARTESIAN_POINT('Ctrl Pts',(0.920167360679434,4.54749036491709,5.98201111804975));
#6254=CARTESIAN_POINT('Ctrl Pts',(0.0839078522602361,4.54011502064145,5.99956016612503));
#6255=CARTESIAN_POINT('Ctrl Pts',(0.041944487306027,4.53974492707555,6.));
#6256=CARTESIAN_POINT('Ctrl Pts',(2.41705232329234E-15,4.539375,6.));
#6257=CARTESIAN_POINT('Ctrl Pts',(-2.46330733588707E-14,4.57906250086715,
6.));
#6258=CARTESIAN_POINT('Ctrl Pts',(0.260831347869485,4.58136288844906,6.));
#6259=CARTESIAN_POINT('Ctrl Pts',(0.521930094191505,4.58366563433676,5.98299220129751));
#6260=CARTESIAN_POINT('Ctrl Pts',(1.56900528209649,4.59290025578564,5.84541615252709));
#6261=CARTESIAN_POINT('Ctrl Pts',(2.32805830318818,4.59957510257964,5.58666157602738));
#6262=CARTESIAN_POINT('Ctrl Pts',(3.67290827081096,4.61147469512481,4.80513697846748));
#6263=CARTESIAN_POINT('Ctrl Pts',(4.25236434685095,4.61788190026173,4.30081203393827));
#6264=CARTESIAN_POINT('Ctrl Pts',(5.2099297155442,4.63143433851164,3.07928697616402));
#6265=CARTESIAN_POINT('Ctrl Pts',(5.56999009563932,4.63846584474862,2.36655620015548));
#6266=CARTESIAN_POINT('Ctrl Pts',(5.98983289794596,4.65187153705794,0.853789832033188));
#6267=CARTESIAN_POINT('Ctrl Pts',(6.04997598733373,4.65768562400106,0.0695870885108069));
#6268=CARTESIAN_POINT('Ctrl Pts',(5.86817120878944,4.67023747110354,-1.46881948262668));
#6269=CARTESIAN_POINT('Ctrl Pts',(5.63145389285052,4.67693455867456,-2.20897808586341));
#6270=CARTESIAN_POINT('Ctrl Pts',(4.87640862368656,4.69078424106743,-3.58634536498291));
#6271=CARTESIAN_POINT('Ctrl Pts',(4.35477623298285,4.69780527980273,-4.20442202198086));
#6272=CARTESIAN_POINT('Ctrl Pts',(3.13028503193285,4.71061882875661,-5.17509705970603));
#6273=CARTESIAN_POINT('Ctrl Pts',(2.44862181945629,4.716217016765,-5.5303315189014));
#6274=CARTESIAN_POINT('Ctrl Pts',(0.972522282626545,4.72923539462454,-5.97167114721074));
#6275=CARTESIAN_POINT('Ctrl Pts',(0.189928225668967,4.73613743943243,-6.04736139725833));
#6276=CARTESIAN_POINT('Ctrl Pts',(-1.37568217488327,4.74994525338175,-5.89392091658652));
#6277=CARTESIAN_POINT('Ctrl Pts',(-2.14293836163863,4.75671202669549,-5.6602677042898));
#6278=CARTESIAN_POINT('Ctrl Pts',(-3.51113463656196,4.76877875773127,-4.92428121310981));
#6279=CARTESIAN_POINT('Ctrl Pts',(-4.10554519009718,4.77491489726023,-4.44084744858874));
#6280=CARTESIAN_POINT('Ctrl Pts',(-5.10090055759334,4.78835348345396,-3.25604672797984));
#6281=CARTESIAN_POINT('Ctrl Pts',(-5.48400100241396,4.7953693650528,-2.55866382146512));
#6282=CARTESIAN_POINT('Ctrl Pts',(-5.95829138381192,4.80892938234508,-1.05712752086627));
#6283=CARTESIAN_POINT('Ctrl Pts',(-6.04541720418982,4.81494234275539,-0.267729451846195));
#6284=CARTESIAN_POINT('Ctrl Pts',(-5.91176695496805,4.82735839359171,1.28069979612245));
#6285=CARTESIAN_POINT('Ctrl Pts',(-5.69961968220764,4.83398420355206,2.02571177981972));
#6286=CARTESIAN_POINT('Ctrl Pts',(-4.99237652751162,4.84777081675665,3.42242018346495));
#6287=CARTESIAN_POINT('Ctrl Pts',(-4.49345516160657,4.85480495002323,4.05532356286335));
#6288=CARTESIAN_POINT('Ctrl Pts',(-3.30035707512774,4.86781022968879,5.06922609304306));
#6289=CARTESIAN_POINT('Ctrl Pts',(-2.62532087732378,4.87340862924075,5.44950462443741));
#6290=CARTESIAN_POINT('Ctrl Pts',(-1.28437963518165,4.88523498602909,5.89638142600335));
#6291=CARTESIAN_POINT('Ctrl Pts',(-0.643767711333166,4.89088482730192,6.));
#6292=CARTESIAN_POINT('Ctrl Pts',(-1.02695629777827E-14,4.89656250086715,
6.));
#6293=CARTESIAN_POINT('Origin',(0.,7.,0.));
#6294=CARTESIAN_POINT('',(1.02038474103724E-15,5.21406250086715,6.));
#6295=CARTESIAN_POINT('',(1.19385708863492E-15,5.174375,6.));
#6296=CARTESIAN_POINT('',(-7.34788079488412E-16,7.,6.));
#6297=CARTESIAN_POINT('Ctrl Pts',(1.74166236988071E-14,5.174375,6.));
#6298=CARTESIAN_POINT('Ctrl Pts',(-0.220972877572738,5.17242614198252,6.));
#6299=CARTESIAN_POINT('Ctrl Pts',(-0.442206827482193,5.17047498145207,5.9877930930044));
#6300=CARTESIAN_POINT('Ctrl Pts',(-1.42153547632368,5.16183784684076,5.87896209604048));
#6301=CARTESIAN_POINT('Ctrl Pts',(-2.157359706327,5.15534828592337,5.6505545472388));
#6302=CARTESIAN_POINT('Ctrl Pts',(-3.53784924566508,5.14317313512504,4.91193032375203));
#6303=CARTESIAN_POINT('Ctrl Pts',(-4.16210911391019,5.13667671134052,4.39548645200139));
#6304=CARTESIAN_POINT('Ctrl Pts',(-5.15874278348104,5.12286390430959,3.16242826942659));
#6305=CARTESIAN_POINT('Ctrl Pts',(-5.52710667317159,5.11589475451917,2.46265564914464));
#6306=CARTESIAN_POINT('Ctrl Pts',(-5.96709938875762,5.10266560620183,0.984637156777585));
#6307=CARTESIAN_POINT('Ctrl Pts',(-6.04368353698616,5.09689484722229,0.222865345021836));
#6308=CARTESIAN_POINT('Ctrl Pts',(-5.90572192355187,5.08447006347709,-1.32421810638257));
#6309=CARTESIAN_POINT('Ctrl Pts',(-5.67870441180802,5.07759208616413,-2.09366018667598));
#6310=CARTESIAN_POINT('Ctrl Pts',(-4.94746984383536,5.06376576553259,-3.48171590279996));
#6311=CARTESIAN_POINT('Ctrl Pts',(-4.4572235342187,5.05695338085453,-4.09059494017645));
#6312=CARTESIAN_POINT('Ctrl Pts',(-3.27707419089755,5.04415864347038,-5.08440782511714));
#6313=CARTESIAN_POINT('Ctrl Pts',(-2.5996879337454,5.03855280330456,-5.46187159378606));
#6314=CARTESIAN_POINT('Ctrl Pts',(-1.11328240151442,5.02544353229113,-5.94928995848682));
#6315=CARTESIAN_POINT('Ctrl Pts',(-0.315171301021641,5.01840463577984,-6.04434541452325));
#6316=CARTESIAN_POINT('Ctrl Pts',(1.24151332639157,5.00467554219085,-5.91988454005331));
#6317=CARTESIAN_POINT('Ctrl Pts',(1.98614673957145,4.99810828917183,-5.71328433022732));
#6318=CARTESIAN_POINT('Ctrl Pts',(3.3819284383989,4.98579827002245,-5.01912062895988));
#6319=CARTESIAN_POINT('Ctrl Pts',(4.01503810943678,4.97959218693815,-4.52863015063314));
#6320=CARTESIAN_POINT('Ctrl Pts',(5.04911977999714,4.96591753410363,-3.33528065111435));
#6321=CARTESIAN_POINT('Ctrl Pts',(5.44212853654905,4.95891930770268,-2.6459298474054));
#6322=CARTESIAN_POINT('Ctrl Pts',(5.93136893454223,4.94557187008214,-1.18085729255043));
#6323=CARTESIAN_POINT('Ctrl Pts',(6.03301895540096,4.93962013359903,-0.422176884372018));
#6324=CARTESIAN_POINT('Ctrl Pts',(5.94623637912456,4.92739455120201,1.12837402769658));
#6325=CARTESIAN_POINT('Ctrl Pts',(5.74479494147382,4.92057598767021,1.90480361242319));
#6326=CARTESIAN_POINT('Ctrl Pts',(5.05882856150018,4.90675409005547,3.31841583818931));
#6327=CARTESIAN_POINT('Ctrl Pts',(4.5870794130862,4.89988870976851,3.94491275543972));
#6328=CARTESIAN_POINT('Ctrl Pts',(3.44043905872815,4.88696713447228,4.97467853029971));
#6329=CARTESIAN_POINT('Ctrl Pts',(2.77949011537095,4.88138855865639,5.37200907774096));
#6330=CARTESIAN_POINT('Ctrl Pts',(1.40059237316324,4.86922744662442,5.87656985691864));
#6331=CARTESIAN_POINT('Ctrl Pts',(0.702623444197999,4.86307174843147,6.));
#6332=CARTESIAN_POINT('Ctrl Pts',(3.10862446895044E-14,4.856875,6.));
#6333=CARTESIAN_POINT('Ctrl Pts',(-1.3912482277334E-14,4.89656250086715,
6.));
#6334=CARTESIAN_POINT('Ctrl Pts',(0.150115749333441,4.89788643837863,6.));
#6335=CARTESIAN_POINT('Ctrl Pts',(0.300403092582837,4.89921188925313,5.99436643336939));
#6336=CARTESIAN_POINT('Ctrl Pts',(1.21448012236304,4.90727354083521,5.92553302005945));
#6337=CARTESIAN_POINT('Ctrl Pts',(1.96037669480395,4.91385193421716,5.72222291064349));
#6338=CARTESIAN_POINT('Ctrl Pts',(3.35840891237622,4.92618180169158,5.03469032391104));
#6339=CARTESIAN_POINT('Ctrl Pts',(3.99282080876035,4.93234930979179,4.54801148988167));
#6340=CARTESIAN_POINT('Ctrl Pts',(5.03237749311043,4.94600290175135,3.36058042138358));
#6341=CARTESIAN_POINT('Ctrl Pts',(5.42901622981959,4.95300478814288,2.67284619729787));
#6342=CARTESIAN_POINT('Ctrl Pts',(5.92555601788666,4.96636941952087,1.20973682576931));
#6343=CARTESIAN_POINT('Ctrl Pts',(6.03090622415788,4.97235285336729,0.451482262147501));
#6344=CARTESIAN_POINT('Ctrl Pts',(5.95163519423387,4.98454884478874,-1.09953119518183));
#6345=CARTESIAN_POINT('Ctrl Pts',(5.75396545441116,4.9913580491547,-1.87691300619854));
#6346=CARTESIAN_POINT('Ctrl Pts',(5.07471777467179,5.00517801653693,-3.29415155642886));
#6347=CARTESIAN_POINT('Ctrl Pts',(4.6057349312882,5.01205059530256,-3.92318807351151));
#6348=CARTESIAN_POINT('Ctrl Pts',(3.46402993525591,5.02499048735993,-4.95820143146678));
#6349=CARTESIAN_POINT('Ctrl Pts',(2.80544564916022,5.03057002882248,-5.35842689670023));
#6350=CARTESIAN_POINT('Ctrl Pts',(1.34051879371673,5.04348986983924,-5.9026665878936));
#6351=CARTESIAN_POINT('Ctrl Pts',(0.543405583080804,5.05051996551637,-6.02852952075977));
#6352=CARTESIAN_POINT('Ctrl Pts',(-1.02269536357846,5.06433210580983,-5.96193397762972));
#6353=CARTESIAN_POINT('Ctrl Pts',(-1.77711094420745,5.07098563211121,-5.78207978882835));
#6354=CARTESIAN_POINT('Ctrl Pts',(-3.19079022157259,5.08345349796019,-5.14129824320968));
#6355=CARTESIAN_POINT('Ctrl Pts',(-3.83428435922656,5.08938397260815,-4.68106382239825));
#6356=CARTESIAN_POINT('Ctrl Pts',(-4.9116546349921,5.10288608819867,-3.53529673845616));
#6357=CARTESIAN_POINT('Ctrl Pts',(-5.33352865831347,5.10990887315121,-2.85939593477871));
#6358=CARTESIAN_POINT('Ctrl Pts',(-5.88118995090596,5.12339133849014,-1.4103739689167));
#6359=CARTESIAN_POINT('Ctrl Pts',(-6.0123763230392,5.12963107279562,-0.654875842445928));
#6360=CARTESIAN_POINT('Ctrl Pts',(-5.9851884135565,5.14161950376221,0.899032618229073));
#6361=CARTESIAN_POINT('Ctrl Pts',(-5.81377152893254,5.14835938452175,1.68249521295921));
#6362=CARTESIAN_POINT('Ctrl Pts',(-5.18159244456444,5.16215696060959,3.12397721166885));
#6363=CARTESIAN_POINT('Ctrl Pts',(-4.73213634353663,5.16907532052451,3.77028147237255));
#6364=CARTESIAN_POINT('Ctrl Pts',(-3.62478030249963,5.18214006247893,4.84147239066175));
#6365=CARTESIAN_POINT('Ctrl Pts',(-2.98226552487556,5.18776057575193,5.26165157480816));
#6366=CARTESIAN_POINT('Ctrl Pts',(-1.55529600575465,5.20034565414973,5.84739738890691));
#6367=CARTESIAN_POINT('Ctrl Pts',(-0.78127711236035,5.20717207077897,6.));
#6368=CARTESIAN_POINT('Ctrl Pts',(1.49880108324396E-14,5.21406250086715,
6.));
#6369=CARTESIAN_POINT('Origin',(0.,7.,0.));
#6370=CARTESIAN_POINT('',(-5.75560856861423E-16,5.53156250086715,6.));
#6371=CARTESIAN_POINT('',(-1.51819325245861E-14,5.491875,6.));
#6372=CARTESIAN_POINT('',(-7.34788079488412E-16,7.,6.));
#6373=CARTESIAN_POINT('Ctrl Pts',(-4.20496970576778E-14,5.491875,6.));
#6374=CARTESIAN_POINT('Ctrl Pts',(-0.329442060299177,5.48896950405153,6.));
#6375=CARTESIAN_POINT('Ctrl Pts',(-0.659085769829161,5.48606222966887,5.97286745010804));
#6376=CARTESIAN_POINT('Ctrl Pts',(-1.77442336762997,5.47622557168826,5.78713975460225));
#6377=CARTESIAN_POINT('Ctrl Pts',(-2.5291162082315,5.46980910301392,5.49937462582327));
#6378=CARTESIAN_POINT('Ctrl Pts',(-3.85110666839884,5.45759895570508,4.66399218280127));
#6379=CARTESIAN_POINT('Ctrl Pts',(-4.41316507463961,5.45108891623681,4.13615893182728));
#6380=CARTESIAN_POINT('Ctrl Pts',(-5.32648284503984,5.43742005588152,2.87384475208919));
#6381=CARTESIAN_POINT('Ctrl Pts',(-5.65962175619126,5.43038074080341,2.14454847313289));
#6382=CARTESIAN_POINT('Ctrl Pts',(-6.01759531296956,5.41715837894569,0.620064725943424));
#6383=CARTESIAN_POINT('Ctrl Pts',(-6.04738042575312,5.41149833200993,-0.158500161174684));
#6384=CARTESIAN_POINT('Ctrl Pts',(-5.81018312080456,5.398793794035,-1.68491715054763));
#6385=CARTESIAN_POINT('Ctrl Pts',(-5.54511002523735,5.39202223672234,-2.41845461245993));
#6386=CARTESIAN_POINT('Ctrl Pts',(-4.74019870065732,5.37820179463127,-3.76320337556431));
#6387=CARTESIAN_POINT('Ctrl Pts',(-4.20080758343642,5.37128705314131,-4.35710988210962));
#6388=CARTESIAN_POINT('Ctrl Pts',(-2.9333723885104,5.35855810545013,-5.29191463136674));
#6389=CARTESIAN_POINT('Ctrl Pts',(-2.22093295557755,5.35271239481655,-5.62818751631271));
#6390=CARTESIAN_POINT('Ctrl Pts',(-0.697698416278753,5.33927831242135,-6.01147265514498));
#6391=CARTESIAN_POINT('Ctrl Pts',(0.0993230365561991,5.33224902599704,-6.05100981091865));
#6392=CARTESIAN_POINT('Ctrl Pts',(1.63369433877673,5.31871672353996,-5.82322771070778));
#6393=CARTESIAN_POINT('Ctrl Pts',(2.35824147906781,5.31234704336318,-5.56934580275069));
#6394=CARTESIAN_POINT('Ctrl Pts',(3.70250771447879,5.30044910957672,-4.78770136300448));
#6395=CARTESIAN_POINT('Ctrl Pts',(4.30298473849074,5.29374138756456,-4.25616719312344));
#6396=CARTESIAN_POINT('Ctrl Pts',(5.25409840815682,5.27995826708394,-3.00071478768059));
#6397=CARTESIAN_POINT('Ctrl Pts',(5.59964076132079,5.27302245634974,-2.29213111892817));
#6398=CARTESIAN_POINT('Ctrl Pts',(5.99443746347188,5.25990520663403,-0.802669207909398));
#6399=CARTESIAN_POINT('Ctrl Pts',(6.04782048042926,5.25424896701929,-0.0377189256307488));
#6400=CARTESIAN_POINT('Ctrl Pts',(5.86211179355494,5.24164230661443,1.50561024641989));
#6401=CARTESIAN_POINT('Ctrl Pts',(5.6114601415962,5.23471582510962,2.2677576420715));
#6402=CARTESIAN_POINT('Ctrl Pts',(4.83885185930683,5.22089908139427,3.6306723593004));
#6403=CARTESIAN_POINT('Ctrl Pts',(4.33192214500777,5.21414226092823,4.22264439095234));
#6404=CARTESIAN_POINT('Ctrl Pts',(3.12068526868638,5.20146902446878,5.18260116824032));
#6405=CARTESIAN_POINT('Ctrl Pts',(2.42743835273003,5.19578365769422,5.54126123741074));
#6406=CARTESIAN_POINT('Ctrl Pts',(1.1367643331629,5.18440062988276,5.91898306597474));
#6407=CARTESIAN_POINT('Ctrl Pts',(0.569248443257346,5.17939545502039,6.));
#6408=CARTESIAN_POINT('Ctrl Pts',(1.5404344466674E-14,5.174375,6.));
#6409=CARTESIAN_POINT('Ctrl Pts',(1.60641015948045E-14,5.21406250086715,
6.));
#6410=CARTESIAN_POINT('Ctrl Pts',(0.0201370040020685,5.21424009805522,6.));
#6411=CARTESIAN_POINT('Ctrl Pts',(0.0402788298083546,5.21441773776894,5.99989862533814));
#6412=CARTESIAN_POINT('Ctrl Pts',(0.831246171220233,5.22139363029389,5.9919325566781));
#6413=CARTESIAN_POINT('Ctrl Pts',(1.59340006376566,5.22811540420731,5.83569265271192));
#6414=CARTESIAN_POINT('Ctrl Pts',(3.0221794068991,5.24071644424744,5.24115075822767));
#6415=CARTESIAN_POINT('Ctrl Pts',(3.67453796102567,5.24647261458021,4.80635027933975));
#6416=CARTESIAN_POINT('Ctrl Pts',(4.78799730060862,5.25982036404659,3.70162986950677));
#6417=CARTESIAN_POINT('Ctrl Pts',(5.23418227198671,5.2668555345212,3.03814340300888));
#6418=CARTESIAN_POINT('Ctrl Pts',(5.83175576661493,5.28044742224111,1.60361195189201));
#6419=CARTESIAN_POINT('Ctrl Pts',(5.98811238315356,5.28688855636985,0.850568210431396));
#6420=CARTESIAN_POINT('Ctrl Pts',(6.01105579750735,5.29887625172862,-0.705694499962663));
#6421=CARTESIAN_POINT('Ctrl Pts',(5.86496591732182,5.30544637497479,-1.49431999603787));
#6422=CARTESIAN_POINT('Ctrl Pts',(5.2786131904083,5.31920938588221,-2.95773435040832));
#6423=CARTESIAN_POINT('Ctrl Pts',(4.84843871087979,5.32616483432318,-3.6200267378795));
#6424=CARTESIAN_POINT('Ctrl Pts',(3.77427328469242,5.33934576991143,-4.7255931127456));
#6425=CARTESIAN_POINT('Ctrl Pts',(3.14666695193656,5.34506064649938,-5.16477024902605));
#6426=CARTESIAN_POINT('Ctrl Pts',(1.72890214933017,5.35756454441126,-5.80017706918605));
#6427=CARTESIAN_POINT('Ctrl Pts',(0.946565712418815,5.36446431715346,-5.9778894437838));
#6428=CARTESIAN_POINT('Ctrl Pts',(-0.620857300308592,5.37828811733516,-6.01770782032478));
#6429=CARTESIAN_POINT('Ctrl Pts',(-1.39064278892937,5.38507719768619,-5.88764718245985));
#6430=CARTESIAN_POINT('Ctrl Pts',(-2.83547108689851,5.39781978059189,-5.34355805319162));
#6431=CARTESIAN_POINT('Ctrl Pts',(-3.49744493205017,5.40345353128742,-4.9357257650977));
#6432=CARTESIAN_POINT('Ctrl Pts',(-4.64886685903317,5.41662862471212,-3.87552834681226));
#6433=CARTESIAN_POINT('Ctrl Pts',(-5.12079272400703,5.42366822691419,-3.22632316081922));
#6434=CARTESIAN_POINT('Ctrl Pts',(-5.77167288657714,5.43736328280958,-1.80906086258428));
#6435=CARTESIAN_POINT('Ctrl Pts',(-5.95504871352115,5.44389778275929,-1.0593925930076));
#6436=CARTESIAN_POINT('Ctrl Pts',(-6.03196605038632,5.45615022876709,0.500371180935473));
#6437=CARTESIAN_POINT('Ctrl Pts',(-5.91227060200423,5.46247432634743,1.29616926712946));
#6438=CARTESIAN_POINT('Ctrl Pts',(-5.37309938292119,5.4762090182251,2.78311616133684));
#6439=CARTESIAN_POINT('Ctrl Pts',(-4.96338884428689,5.48319572085536,3.46131541768131));
#6440=CARTESIAN_POINT('Ctrl Pts',(-3.92381255700184,5.49649296413643,4.60207962072703));
#6441=CARTESIAN_POINT('Ctrl Pts',(-3.31113724579561,5.50236010987993,5.06081058715095));
#6442=CARTESIAN_POINT('Ctrl Pts',(-1.91524158811759,5.51467113408307,5.74133020250275));
#6443=CARTESIAN_POINT('Ctrl Pts',(-1.13913556893451,5.52151595800225,5.94418910611938));
#6444=CARTESIAN_POINT('Ctrl Pts',(-0.230712685000672,5.52952774315917,5.99667649797139));
#6445=CARTESIAN_POINT('Ctrl Pts',(-0.115300445435555,5.53054561499421,6.));
#6446=CARTESIAN_POINT('Ctrl Pts',(-1.14491749414469E-14,5.53156250086715,
6.));
#6447=CARTESIAN_POINT('Origin',(0.,7.,0.));
#6448=CARTESIAN_POINT('',(7.08134515361414E-16,5.84906250086715,6.));
#6449=CARTESIAN_POINT('',(-1.93452688669305E-14,5.809375,6.));
#6450=CARTESIAN_POINT('',(-7.34788079488412E-16,7.,6.));
#6451=CARTESIAN_POINT('Ctrl Pts',(-4.06619182768964E-14,5.809375,6.));
#6452=CARTESIAN_POINT('Ctrl Pts',(-0.470081522755882,5.80522914212569,6.));
#6453=CARTESIAN_POINT('Ctrl Pts',(-0.93964133958843,5.80108788540779,5.94475405340014));
#6454=CARTESIAN_POINT('Ctrl Pts',(-2.16004143428316,5.79032463457264,5.65215758146406));
#6455=CARTESIAN_POINT('Ctrl Pts',(-2.87818057580702,5.78441868812807,5.32247462140398));
#6456=CARTESIAN_POINT('Ctrl Pts',(-4.13598842941364,5.7719343552263,4.4141381251314));
#6457=CARTESIAN_POINT('Ctrl Pts',(-4.66696320845548,5.76527215174077,3.84843640475922));
#6458=CARTESIAN_POINT('Ctrl Pts',(-5.50277425671812,5.7514522701133,2.52160098507787));
#6459=CARTESIAN_POINT('Ctrl Pts',(-5.78940473934212,5.7444237019189,1.76686010614374));
#6460=CARTESIAN_POINT('Ctrl Pts',(-6.04416853974187,5.73152439577915,0.225084789390575));
#6461=CARTESIAN_POINT('Ctrl Pts',(-6.02376480268826,5.72594307208133,-0.544880699218565));
#6462=CARTESIAN_POINT('Ctrl Pts',(-5.69238399517764,5.71298785790915,-2.04974101909569));
#6463=CARTESIAN_POINT('Ctrl Pts',(-5.37910848364415,5.70610934952525,-2.7694515513433));
#6464=CARTESIAN_POINT('Ctrl Pts',(-4.48592395861905,5.69229125636272,-4.0629282210038));
#6465=CARTESIAN_POINT('Ctrl Pts',(-3.90926128969599,5.68549003690065,-4.62045292546572));
#6466=CARTESIAN_POINT('Ctrl Pts',(-2.60219707249532,5.67331896351003,-5.45933722068229));
#6467=CARTESIAN_POINT('Ctrl Pts',(-1.8916031527232,5.66730788891637,-5.74435740066115));
#6468=CARTESIAN_POINT('Ctrl Pts',(-0.374610323728135,5.65392885493843,-6.03974426264879));
#6469=CARTESIAN_POINT('Ctrl Pts',(0.419638851592803,5.64692401846164,-6.03678283677764));
#6470=CARTESIAN_POINT('Ctrl Pts',(1.96573982815959,5.63328826679331,-5.72374375430789));
#6471=CARTESIAN_POINT('Ctrl Pts',(2.70219689321267,5.62715232175242,-5.41511761256182));
#6472=CARTESIAN_POINT('Ctrl Pts',(3.99273816222617,5.61480577546604,-4.54371970592892));
#6473=CARTESIAN_POINT('Ctrl Pts',(4.53987706910216,5.60821808280904,-3.99710580416082));
#6474=CARTESIAN_POINT('Ctrl Pts',(5.41576694322534,5.59446839845579,-2.70260060110032));
#6475=CARTESIAN_POINT('Ctrl Pts',(5.72635043818828,5.58743062533451,-1.96048382981641));
#6476=CARTESIAN_POINT('Ctrl Pts',(6.03374630555489,5.57436401246712,-0.427190737503604));
#6477=CARTESIAN_POINT('Ctrl Pts',(6.03888748761192,5.56877097825802,0.347021775911219));
#6478=CARTESIAN_POINT('Ctrl Pts',(5.75582703076176,5.5559429312762,1.86313028581909));
#6479=CARTESIAN_POINT('Ctrl Pts',(5.46726054728335,5.54911611218419,2.59033907493392));
#6480=CARTESIAN_POINT('Ctrl Pts',(4.61907183634367,5.53528947741998,3.9109124134784));
#6481=CARTESIAN_POINT('Ctrl Pts',(4.06126592897792,5.52842620974443,4.48744784059512));
#6482=CARTESIAN_POINT('Ctrl Pts',(2.78295410759573,5.5160527937828,5.36942437935414));
#6483=CARTESIAN_POINT('Ctrl Pts',(2.08242504853679,5.51024083202529,5.67794544131387));
#6484=CARTESIAN_POINT('Ctrl Pts',(0.901490672794762,5.4998256469059,5.94916333021776));
#6485=CARTESIAN_POINT('Ctrl Pts',(0.450934237679316,5.49585198945731,6.));
#6486=CARTESIAN_POINT('Ctrl Pts',(-3.98292510084275E-14,5.491875,6.));
#6487=CARTESIAN_POINT('Ctrl Pts',(-1.47104550762833E-14,5.53156250086715,
6.));
#6488=CARTESIAN_POINT('Ctrl Pts',(0.658745410718787,5.53737226942002,6.));
#6489=CARTESIAN_POINT('Ctrl Pts',(1.31384166708164,5.54314985445879,5.89150497816888));
#6490=CARTESIAN_POINT('Ctrl Pts',(2.66350843167456,5.55505316550763,5.43067796417934));
#6491=CARTESIAN_POINT('Ctrl Pts',(3.33424305889383,5.56063611223662,5.04671808469412));
#6492=CARTESIAN_POINT('Ctrl Pts',(4.51899668438636,5.57365100651714,4.02673907283574));
#6493=CARTESIAN_POINT('Ctrl Pts',(5.0135986368828,5.58068673659229,3.39113289678192));
#6494=CARTESIAN_POINT('Ctrl Pts',(5.71179078048187,5.59445988557326,1.99096171547734));
#6495=CARTESIAN_POINT('Ctrl Pts',(5.91930347779261,5.60107155609996,1.24512518743431));
#6496=CARTESIAN_POINT('Ctrl Pts',(6.04384428403697,5.61346160114401,-0.305158547971925));
#6497=CARTESIAN_POINT('Ctrl Pts',(5.95154753394939,5.61951894546627,-1.09556596560874));
#6498=CARTESIAN_POINT('Ctrl Pts',(5.46689123109183,5.6331075606594,-2.59486172674063));
#6499=CARTESIAN_POINT('Ctrl Pts',(5.07947652685611,5.64011954702766,-3.28924380483026));
#6500=CARTESIAN_POINT('Ctrl Pts',(4.07699994058126,5.6535359414075,-4.46702758745128));
#6501=CARTESIAN_POINT('Ctrl Pts',(3.47970664442479,5.6596234214337,-4.94650296491467));
#6502=CARTESIAN_POINT('Ctrl Pts',(2.10707307056578,5.67172928698093,-5.67371962957298));
#6503=CARTESIAN_POINT('Ctrl Pts',(1.33833058878357,5.6785091685911,-5.90251748801902));
#6504=CARTESIAN_POINT('Ctrl Pts',(-0.227768627761262,5.6923212936259,-6.045993023628));
#6505=CARTESIAN_POINT('Ctrl Pts',(-1.00938929598665,5.69921475368594,-5.96548798691054));
#6506=CARTESIAN_POINT('Ctrl Pts',(-2.48282388955181,5.71220962822641,-5.51513507247813));
#6507=CARTESIAN_POINT('Ctrl Pts',(-3.16274466118705,5.71779973578024,-5.15540243369077));
#6508=CARTESIAN_POINT('Ctrl Pts',(-4.38104170633442,5.73064540387022,-4.17694594668686));
#6509=CARTESIAN_POINT('Ctrl Pts',(-4.89846534278971,5.73766947735481,-3.55604203465718));
#6510=CARTESIAN_POINT('Ctrl Pts',(-5.64462452192759,5.75150847010871,-2.17494392795976));
#6511=CARTESIAN_POINT('Ctrl Pts',(-5.87676248401661,5.75819274489535,-1.43381896880372));
#6512=CARTESIAN_POINT('Ctrl Pts',(-6.04960711103518,5.77071953819908,0.106480537657637));
#6513=CARTESIAN_POINT('Ctrl Pts',(-5.98448683620724,5.77656606351582,0.891630808573124));
#6514=CARTESIAN_POINT('Ctrl Pts',(-5.5545584085118,5.79000085239732,2.4023837556182));
#6515=CARTESIAN_POINT('Ctrl Pts',(-5.19018293988197,5.79703007994305,3.1123248726311));
#6516=CARTESIAN_POINT('Ctrl Pts',(-4.22556070364783,5.81056187409018,4.3270727822898));
#6517=CARTESIAN_POINT('Ctrl Pts',(-3.64335190916088,5.81693016111277,4.82751348160753));
#6518=CARTESIAN_POINT('Ctrl Pts',(-2.29418919531809,5.82882902671402,5.60065573229943));
#6519=CARTESIAN_POINT('Ctrl Pts',(-1.53359039119336,5.83553708561151,5.8548047217955));
#6520=CARTESIAN_POINT('Ctrl Pts',(-0.497778161781722,5.84467237402369,5.98453051276076));
#6521=CARTESIAN_POINT('Ctrl Pts',(-0.24875612757308,5.84686861001981,6.));
#6522=CARTESIAN_POINT('Ctrl Pts',(2.70616862252382E-15,5.84906250086715,
6.));
#6523=CARTESIAN_POINT('Origin',(0.,7.,0.));
#6524=CARTESIAN_POINT('',(1.63865024773691E-16,6.16656250086715,6.));
#6525=CARTESIAN_POINT('',(-1.01512344442534E-14,6.126875,6.));
#6526=CARTESIAN_POINT('',(-7.34788079488412E-16,7.,6.));
#6527=CARTESIAN_POINT('Ctrl Pts',(-2.38697950294409E-14,6.126875,6.));
#6528=CARTESIAN_POINT('Ctrl Pts',(-0.613803406204231,6.12146159495917,6.));
#6529=CARTESIAN_POINT('Ctrl Pts',(-1.22508279807347,6.11607045032253,5.90580320896708));
#6530=CARTESIAN_POINT('Ctrl Pts',(-2.54609521356604,6.10441985471367,5.48726082078751));
#6531=CARTESIAN_POINT('Ctrl Pts',(-3.22840308288121,6.09879473292807,5.1156666122754));
#6532=CARTESIAN_POINT('Ctrl Pts',(-4.41832503429211,6.08603779415428,4.13244479162737));
#6533=CARTESIAN_POINT('Ctrl Pts',(-4.91386745820159,6.07924221515528,3.52882377894817));
#6534=CARTESIAN_POINT('Ctrl Pts',(-5.65817784846236,6.06541747812644,2.14852472817868));
#6535=CARTESIAN_POINT('Ctrl Pts',(-5.89263744685604,6.05852355620427,1.38129176394383));
#6536=CARTESIAN_POINT('Ctrl Pts',(-6.04558189881188,6.04604127663666,-0.164669078474843));
#6537=CARTESIAN_POINT('Ctrl Pts',(-5.97629445621741,6.04031204922232,-0.927408094865177));
#6538=CARTESIAN_POINT('Ctrl Pts',(-5.55056086321253,6.02711786912489,-2.40908082272254));
#6539=CARTESIAN_POINT('Ctrl Pts',(-5.18937805992841,6.02015855463185,-3.11171174238887));
#6540=CARTESIAN_POINT('Ctrl Pts',(-4.21038525236192,6.00640025662023,-4.34781819672354));
#6541=CARTESIAN_POINT('Ctrl Pts',(-3.59849226917768,5.99986170265177,-4.86638475178037));
#6542=CARTESIAN_POINT('Ctrl Pts',(-2.23615149063189,5.98784661384098,-5.61969848862297));
#6543=CARTESIAN_POINT('Ctrl Pts',(-1.50462864728358,5.98139498876423,-5.85811127707963));
#6544=CARTESIAN_POINT('Ctrl Pts',(0.0378595190508121,5.96779110007503,-6.05194615600153));
#6545=CARTESIAN_POINT('Ctrl Pts',(0.835653195511518,5.96075500306736,-5.99409475624975));
#6546=CARTESIAN_POINT('Ctrl Pts',(2.34701247188558,5.94742565389378,-5.57616461050484));
#6547=CARTESIAN_POINT('Ctrl Pts',(3.04770971008939,5.94168605414164,-5.22623597430999));
#6548=CARTESIAN_POINT('Ctrl Pts',(4.2731567615359,5.92906957972176,-4.28191511057571));
#6549=CARTESIAN_POINT('Ctrl Pts',(4.78754816227992,5.92234019280675,-3.69784286922704));
#6550=CARTESIAN_POINT('Ctrl Pts',(5.58269382490599,5.90846501435755,-2.34028944918061));
#6551=CARTESIAN_POINT('Ctrl Pts',(5.84521470433923,5.90145315187274,-1.57381610736958));
#6552=CARTESIAN_POINT('Ctrl Pts',(6.04796606358841,5.88872409124524,-0.024301072605583));
#6553=CARTESIAN_POINT('Ctrl Pts',(6.00235362820185,5.88309476578678,0.741779880989677));
#6554=CARTESIAN_POINT('Ctrl Pts',(5.6225935870347,5.87001541909664,2.23496069515546));
#6555=CARTESIAN_POINT('Ctrl Pts',(5.28467968833433,5.86309209412607,2.94631393462756));
#6556=CARTESIAN_POINT('Ctrl Pts',(4.34717488690668,5.84929822918464,4.21103016034117));
#6557=CARTESIAN_POINT('Ctrl Pts',(3.75224364807896,5.84256710917354,4.74882961300044));
#6558=CARTESIAN_POINT('Ctrl Pts',(2.41674625164835,5.83060365203338,5.54411549914102));
#6559=CARTESIAN_POINT('Ctrl Pts',(1.69558795912607,5.82432914380618,5.80541817655555));
#6560=CARTESIAN_POINT('Ctrl Pts',(0.631661053157279,5.81494589956604,5.9750818714891));
#6561=CARTESIAN_POINT('Ctrl Pts',(0.315712865190079,5.81215941207494,6.));
#6562=CARTESIAN_POINT('Ctrl Pts',(-3.96904731303493E-14,5.809375,6.));
#6563=CARTESIAN_POINT('Ctrl Pts',(1.38777878078145E-15,5.84906250086715,
6.));
#6564=CARTESIAN_POINT('Ctrl Pts',(0.52896301635574,5.85372766080307,6.));
#6565=CARTESIAN_POINT('Ctrl Pts',(1.05672367908681,5.85838221664801,5.93004547690724));
#6566=CARTESIAN_POINT('Ctrl Pts',(2.30289127468166,5.86937272252583,5.59233959113345));
#6567=CARTESIAN_POINT('Ctrl Pts',(2.99200785212693,5.87502854138777,5.25599241518647));
#6568=CARTESIAN_POINT('Ctrl Pts',(4.23558579439112,5.88763605658859,4.32331242690952));
#6569=CARTESIAN_POINT('Ctrl Pts',(4.77021156541453,5.8945627524988,3.72508949395795));
#6570=CARTESIAN_POINT('Ctrl Pts',(5.56402294403823,5.90837941922375,2.37442647020211));
#6571=CARTESIAN_POINT('Ctrl Pts',(5.82311146993171,5.91513596173609,1.63939965326166));
#6572=CARTESIAN_POINT('Ctrl Pts',(6.04862633888294,5.92780861352922,0.110412558090637));
#6573=CARTESIAN_POINT('Ctrl Pts',(6.01249529519536,5.93349448454041,-0.669308221010975));
#6574=CARTESIAN_POINT('Ctrl Pts',(5.64154349076682,5.94675597669116,-2.19142217259196));
#6575=CARTESIAN_POINT('Ctrl Pts',(5.30269449603356,5.95379453579119,-2.91732275555898));
#6576=CARTESIAN_POINT('Ctrl Pts',(4.37995199800754,5.96744056505826,-4.17120636779332));
#6577=CARTESIAN_POINT('Ctrl Pts',(3.81416523363809,5.97392974045821,-4.6941553871019));
#6578=CARTESIAN_POINT('Ctrl Pts',(2.48410533709715,5.98610423587339,-5.52021115495837));
#6579=CARTESIAN_POINT('Ctrl Pts',(1.724634014509,5.99260218698923,-5.80251365437027));
#6580=CARTESIAN_POINT('Ctrl Pts',(0.158383769457061,6.00641564401156,-6.04884075207834));
#6581=CARTESIAN_POINT('Ctrl Pts',(-0.631801029812355,6.01338463494957,-6.01783920391878));
#6582=CARTESIAN_POINT('Ctrl Pts',(-2.13173311188426,6.02661320261784,-5.65963821797412));
#6583=CARTESIAN_POINT('Ctrl Pts',(-2.82969189480503,6.03238322843119,-5.34496293982859));
#6584=CARTESIAN_POINT('Ctrl Pts',(-4.10038419089763,6.04480897191545,-4.45173619753168));
#6585=CARTESIAN_POINT('Ctrl Pts',(-4.65313851065448,6.0516872199163,-3.87032291076443));
#6586=CARTESIAN_POINT('Ctrl Pts',(-5.48939272391577,6.06551352485376,-2.54290236989169));
#6587=CARTESIAN_POINT('Ctrl Pts',(-5.7714545499446,6.07232563466349,-1.81386395247076));
#6588=CARTESIAN_POINT('Ctrl Pts',(-6.041813319499,6.0851197456028,-0.294865253199604));
#6589=CARTESIAN_POINT('Ctrl Pts',(-6.02988827621658,6.09072586439125,0.480522176235723));
#6590=CARTESIAN_POINT('Ctrl Pts',(-5.70854508946654,6.10383593303992,2.0114523009105));
#6591=CARTESIAN_POINT('Ctrl Pts',(-5.39169477274108,6.11087484563169,2.75010010804618));
#6592=CARTESIAN_POINT('Ctrl Pts',(-4.5053746489727,6.12460354335568,4.03583569407119));
#6593=CARTESIAN_POINT('Ctrl Pts',(-3.95406036014217,6.13117040837327,4.57731204436447));
#6594=CARTESIAN_POINT('Ctrl Pts',(-2.65484623817088,6.14347973877077,5.438830124411));
#6595=CARTESIAN_POINT('Ctrl Pts',(-1.91342219974818,6.14968718007775,5.74176866430774));
#6596=CARTESIAN_POINT('Ctrl Pts',(-0.759786553943084,6.15986160556506,5.9639251035898));
#6597=CARTESIAN_POINT('Ctrl Pts',(-0.379868504875771,6.16321227169221,6.));
#6598=CARTESIAN_POINT('Ctrl Pts',(4.5102810375397E-15,6.16656250086715,
6.));
#6599=CARTESIAN_POINT('Origin',(0.,7.,0.));
#6600=CARTESIAN_POINT('',(8.36340640097638E-17,6.48406250086715,6.));
#6601=CARTESIAN_POINT('',(-1.25798473106209E-14,6.444375,6.));
#6602=CARTESIAN_POINT('',(-7.34788079488412E-16,7.,6.));
#6603=CARTESIAN_POINT('Ctrl Pts',(-2.692290834716E-14,6.444375,6.));
#6604=CARTESIAN_POINT('Ctrl Pts',(-0.750759475039301,6.43775371851875,6.));
#6605=CARTESIAN_POINT('Ctrl Pts',(-1.49535859149568,6.43118676797775,5.8590821365932));
#6606=CARTESIAN_POINT('Ctrl Pts',(-2.90405318146053,6.41876286430237,5.30538306691846));
#6607=CARTESIAN_POINT('Ctrl Pts',(-3.5536686925241,6.41316798154939,4.89408363732029));
#6608=CARTESIAN_POINT('Ctrl Pts',(-4.67637977465619,6.40015847984405,3.83899037829017));
#6609=CARTESIAN_POINT('Ctrl Pts',(-5.13462236343001,6.39325965263875,3.20031635138114));
#6610=CARTESIAN_POINT('Ctrl Pts',(-5.78790503247207,6.37945014200849,1.76945596300419));
#6611=CARTESIAN_POINT('Ctrl Pts',(-5.9710561569648,6.3726783773086,0.988593676519353));
#6612=CARTESIAN_POINT('Ctrl Pts',(-6.02148405288565,6.36059682339139,-0.564089450042424));
#6613=CARTESIAN_POINT('Ctrl Pts',(-5.90186705444594,6.35447936051139,-1.32077526687307));
#6614=CARTESIAN_POINT('Ctrl Pts',(-5.37712708692045,6.34104915948368,-2.77618807343244));
#6615=CARTESIAN_POINT('Ctrl Pts',(-4.96652571926367,6.33403471836441,-3.45750471754449));
#6616=CARTESIAN_POINT('Ctrl Pts',(-3.90599621404613,6.32046384209345,-4.62199743217224));
#6617=CARTESIAN_POINT('Ctrl Pts',(-3.26656826080898,6.31443431730017,-5.0940349053192));
#6618=CARTESIAN_POINT('Ctrl Pts',(-1.85987995633237,6.30202810794818,-5.75584618621034));
#6619=CARTESIAN_POINT('Ctrl Pts',(-1.10921173110643,6.29540763123959,-5.94630644052506));
#6620=CARTESIAN_POINT('Ctrl Pts',(0.453422784105293,6.28162606294571,-6.03579955422532));
#6621=CARTESIAN_POINT('Ctrl Pts',(1.25106615160673,6.27459129157955,-5.92210326543155));
#6622=CARTESIAN_POINT('Ctrl Pts',(2.72456248019626,6.26159587257046,-5.40023867765588));
#6623=CARTESIAN_POINT('Ctrl Pts',(3.39052183852543,6.25601520505414,-5.00900992030248));
#6624=CARTESIAN_POINT('Ctrl Pts',(4.54752223657756,6.24313238523306,-3.99029964496631));
#6625=CARTESIAN_POINT('Ctrl Pts',(5.02504413199187,6.23628262292585,-3.36918043491156));
#6626=CARTESIAN_POINT('Ctrl Pts',(5.72507328511154,6.22245773695461,-1.963296099426));
#6627=CARTESIAN_POINT('Ctrl Pts',(5.93442928863783,6.215620030276,-1.18892964287323));
#6628=CARTESIAN_POINT('Ctrl Pts',(6.03700205516673,6.20333253534088,0.360610801370173));
#6629=CARTESIAN_POINT('Ctrl Pts',(5.94311138145277,6.1974431287653,1.12020971059576));
#6630=CARTESIAN_POINT('Ctrl Pts',(5.4691553505102,6.18413198153562,2.58935531866421));
#6631=CARTESIAN_POINT('Ctrl Pts',(5.08376742372614,6.17714196364279,3.28203129781416));
#6632=CARTESIAN_POINT('Ctrl Pts',(4.06121261831188,6.16342368996243,4.48774696834465));
#6633=CARTESIAN_POINT('Ctrl Pts',(3.43083652021062,6.15713307208795,4.98624804717671));
#6634=CARTESIAN_POINT('Ctrl Pts',(2.03978059188134,6.14486473160894,5.69426193636656));
#6635=CARTESIAN_POINT('Ctrl Pts',(1.2978284254035,6.13832112569625,5.90770315764241));
#6636=CARTESIAN_POINT('Ctrl Pts',(0.357358765669265,6.13002670578054,5.99202815825675));
#6637=CARTESIAN_POINT('Ctrl Pts',(0.178572567717734,6.12844991084029,6.));
#6638=CARTESIAN_POINT('Ctrl Pts',(-2.68882138776405E-14,6.126875,6.));
#6639=CARTESIAN_POINT('Ctrl Pts',(1.31838984174237E-15,6.16656250086715,
6.));
#6640=CARTESIAN_POINT('Ctrl Pts',(0.402335237844713,6.17011087414537,6.));
#6641=CARTESIAN_POINT('Ctrl Pts',(0.804614897766337,6.17365875725722,5.95953140522285));
#6642=CARTESIAN_POINT('Ctrl Pts',(1.94399954554888,6.1837074968592,5.72681620241016));
#6643=CARTESIAN_POINT('Ctrl Pts',(2.6518098068174,6.18965815675442,5.43538889879384));
#6644=CARTESIAN_POINT('Ctrl Pts',(3.95109053732646,6.20188476475517,4.58473984357674));
#6645=CARTESIAN_POINT('Ctrl Pts',(4.52268321683305,6.20870365025533,4.02197502372899));
#6646=CARTESIAN_POINT('Ctrl Pts',(5.40369815814736,6.22252560898598,2.72096613565562));
#6647=CARTESIAN_POINT('Ctrl Pts',(5.71026139704268,6.22939073670946,1.99913215637522));
#6648=CARTESIAN_POINT('Ctrl Pts',(6.02850104816167,6.24231167478329,0.491172441913789));
#6649=CARTESIAN_POINT('Ctrl Pts',(6.0419966690751,6.24789023971785,-0.27991239347837));
#6650=CARTESIAN_POINT('Ctrl Pts',(5.77298640929676,6.26083533950539,-1.81945812312601));
#6651=CARTESIAN_POINT('Ctrl Pts',(5.47982629321062,6.26786716472722,-2.57085554819523));
#6652=CARTESIAN_POINT('Ctrl Pts',(4.63305699653343,6.28166945459372,-3.88906098943031));
#6653=CARTESIAN_POINT('Ctrl Pts',(4.09764427996663,6.28831213189277,-4.44964396670278));
#6654=CARTESIAN_POINT('Ctrl Pts',(2.83097512444579,6.30075957769067,-5.34803488206166));
#6655=CARTESIAN_POINT('Ctrl Pts',(2.10794416168425,6.30672160444124,-5.67207848824576));
#6656=CARTESIAN_POINT('Ctrl Pts',(0.574391746412351,6.32024668477038,-6.0242922824752));
#6657=CARTESIAN_POINT('Ctrl Pts',(-0.221599613744523,6.32726688634954,-6.04755454362625));
#6658=CARTESIAN_POINT('Ctrl Pts',(-1.74836556342992,6.34073211382246,-5.78967810858978));
#6659=CARTESIAN_POINT('Ctrl Pts',(-2.46665484038662,6.34692996616629,-5.52202420812553));
#6660=CARTESIAN_POINT('Ctrl Pts',(-3.79459819234244,6.35894930626521,-4.71506042238232));
#6661=CARTESIAN_POINT('Ctrl Pts',(-4.38471709533828,6.36569990779924,-4.17193191530988));
#6662=CARTESIAN_POINT('Ctrl Pts',(-5.31047286357326,6.37950177991071,-2.89938402996942));
#6663=CARTESIAN_POINT('Ctrl Pts',(-5.64182508395792,6.38641383558141,-2.18571785571993));
#6664=CARTESIAN_POINT('Ctrl Pts',(-6.00867516667355,6.39946037969969,-0.689378205239888));
#6665=CARTESIAN_POINT('Ctrl Pts',(-6.047592904305,6.40507111143923,0.0777026328835208));
#6666=CARTESIAN_POINT('Ctrl Pts',(-5.83102922342533,6.41784583985038,1.62522225111313));
#6667=CARTESIAN_POINT('Ctrl Pts',(-5.56206598210823,6.42486287455699,2.38865327536058));
#6668=CARTESIAN_POINT('Ctrl Pts',(-4.75602326905569,6.43872473831173,3.7381720317312));
#6669=CARTESIAN_POINT('Ctrl Pts',(-4.23717082387643,6.44543691653306,4.3174156108255));
#6670=CARTESIAN_POINT('Ctrl Pts',(-3.00312850415873,6.45801868417569,5.25222995115729));
#6671=CARTESIAN_POINT('Ctrl Pts',(-2.297863159805,6.4637966243884,5.59683196724968));
#6672=CARTESIAN_POINT('Ctrl Pts',(-1.0409352597915,6.47488203017324,5.93213716249374));
#6673=CARTESIAN_POINT('Ctrl Pts',(-0.52099564825007,6.47946760869161,6.));
#6674=CARTESIAN_POINT('Ctrl Pts',(2.08166817117217E-15,6.48406250086715,
6.));
#6675=CARTESIAN_POINT('Origin',(0.,7.,0.));
#6676=CARTESIAN_POINT('',(-7.34788079488412E-16,7.,6.));
#6677=CARTESIAN_POINT('',(3.65716442452199E-15,6.761875,6.));
#6678=CARTESIAN_POINT('',(-7.34788079488412E-16,7.,6.));
#6679=CARTESIAN_POINT('',(-6.,7.,-3.85185988877447E-31));
#6680=CARTESIAN_POINT('Origin',(0.,7.,0.));
#6681=CARTESIAN_POINT('Ctrl Pts',(-6.,7.,-2.77555756156289E-16));
#6682=CARTESIAN_POINT('Ctrl Pts',(-6.,6.99639031337714,-0.472604268109966));
#6683=CARTESIAN_POINT('Ctrl Pts',(-5.9441613089848,6.99254701425985,-0.943556160114232));
#6684=CARTESIAN_POINT('Ctrl Pts',(-5.71923207875766,6.98441209288108,-1.87877141777555));
#6685=CARTESIAN_POINT('Ctrl Pts',(-5.54705554980538,6.98013988385635,-2.33871137587986));
#6686=CARTESIAN_POINT('Ctrl Pts',(-4.9517491825845,6.96878881300917,-3.48116905069743));
#6687=CARTESIAN_POINT('Ctrl Pts',(-4.44470411424046,6.96175844607978,-4.10888901161501));
#6688=CARTESIAN_POINT('Ctrl Pts',(-3.24166784370574,6.94883479823798,-5.10636594058908));
#6689=CARTESIAN_POINT('Ctrl Pts',(-2.56597682479838,6.94325549005197,-5.47714772176696));
#6690=CARTESIAN_POINT('Ctrl Pts',(-1.09909950315082,6.93031844700689,-5.94946141683134));
#6691=CARTESIAN_POINT('Ctrl Pts',(-0.319972544166906,6.92344698007696,-6.04166570303994));
#6692=CARTESIAN_POINT('Ctrl Pts',(1.24705243122406,6.90962669036344,-5.92248132397073));
#6693=CARTESIAN_POINT('Ctrl Pts',(2.01928626353599,6.90281601698124,-5.70556020147542));
#6694=CARTESIAN_POINT('Ctrl Pts',(3.40266229874756,6.89061540889292,-4.99975348777473));
#6695=CARTESIAN_POINT('Ctrl Pts',(4.0070004454469,6.884637001061,-4.52985696728065));
#6696=CARTESIAN_POINT('Ctrl Pts',(5.02665560497169,6.87127504574033,-3.36911876356923));
#6697=CARTESIAN_POINT('Ctrl Pts',(5.42443387787223,6.86427371916596,-2.68211574600988));
#6698=CARTESIAN_POINT('Ctrl Pts',(5.93422734532169,6.85061683240605,-1.18839436437119));
#6699=CARTESIAN_POINT('Ctrl Pts',(6.03911352205647,6.84444338403666,-0.39551695213301));
#6700=CARTESIAN_POINT('Ctrl Pts',(5.9365898835469,6.83211661021914,1.15919450966518));
#6701=CARTESIAN_POINT('Ctrl Pts',(5.7402567570251,6.82553994798215,1.90690204693527));
#6702=CARTESIAN_POINT('Ctrl Pts',(5.06394200240154,6.81180131080177,3.31518562934727));
#6703=CARTESIAN_POINT('Ctrl Pts',(4.57980544084222,6.80476286338653,3.95718977398077));
#6704=CARTESIAN_POINT('Ctrl Pts',(3.41042855227704,6.7916730722727,4.99585254241304));
#6705=CARTESIAN_POINT('Ctrl Pts',(2.74377698494296,6.78607358868659,5.39084900941688));
#6706=CARTESIAN_POINT('Ctrl Pts',(1.37173384941943,6.77397293047746,5.8816276728147));
#6707=CARTESIAN_POINT('Ctrl Pts',(0.688081150940247,6.76794349348399,6.));
#6708=CARTESIAN_POINT('Ctrl Pts',(9.43689570931383E-15,6.761875,6.));
#6709=CARTESIAN_POINT('Origin',(-0.51176244230258,3.5,6.33931535206164));
#6710=CARTESIAN_POINT('',(-0.650425693342341,3.5,7.07638556772029));
#6711=CARTESIAN_POINT('',(-0.495187454073449,3.5,7.08913217620284));
#6712=CARTESIAN_POINT('Origin',(-0.511762442302585,3.5,6.33931535206174));
#6713=CARTESIAN_POINT('',(-0.495187454073449,7.,7.08913217620284));
#6714=CARTESIAN_POINT('',(-0.495187454073449,5.25,7.08913217620284));
#6715=CARTESIAN_POINT('',(-0.650425693342341,7.,7.07638556772029));
#6716=CARTESIAN_POINT('Origin',(-0.511762442302588,7.,6.33931535206177));
#6717=CARTESIAN_POINT('',(-0.650425693342341,5.25,7.07638556772029));
#6718=CARTESIAN_POINT('Origin',(0.511762442302494,3.5,6.33931535206165));
#6719=CARTESIAN_POINT('',(0.495187454073353,3.5,7.08913217620285));
#6720=CARTESIAN_POINT('',(0.650425693342245,3.5,7.0763855677203));
#6721=CARTESIAN_POINT('Origin',(0.511762449608822,3.5,6.33931473936731));
#6722=CARTESIAN_POINT('',(0.650425693342245,7.,7.07638556772029));
#6723=CARTESIAN_POINT('',(0.650425693342245,5.25,7.0763855677203));
#6724=CARTESIAN_POINT('',(0.495187454073353,7.,7.08913217620285));
#6725=CARTESIAN_POINT('Origin',(0.511762439562188,7.,6.33931566077724));
#6726=CARTESIAN_POINT('',(0.495187454073353,5.25,7.08913217620285));
#6727=CARTESIAN_POINT('Origin',(0.,7.,0.));
#6728=CARTESIAN_POINT('Ctrl Pts',(9.3707259303026E-15,6.761875,6.));
#6729=CARTESIAN_POINT('Ctrl Pts',(-0.0852625656050787,6.76112303153946,
6.));
#6730=CARTESIAN_POINT('Ctrl Pts',(-0.170593128164124,6.7603704633835,5.9981825896821));
#6731=CARTESIAN_POINT('Ctrl Pts',(-1.04961700694753,6.75261796111923,5.96065303528218));
#6732=CARTESIAN_POINT('Ctrl Pts',(-1.82872694536965,6.7457466443012,5.76947541907325));
#6733=CARTESIAN_POINT('Ctrl Pts',(-3.23486273890833,6.73334530778874,5.10992406478357));
#6734=CARTESIAN_POINT('Ctrl Pts',(-3.85446791256104,6.72755621845039,4.66033735136607));
#6735=CARTESIAN_POINT('Ctrl Pts',(-4.91026948750163,6.71431291648552,3.53600317970309));
#6736=CARTESIAN_POINT('Ctrl Pts',(-5.3296223523026,6.70733994184133,2.86516828253872));
#6737=CARTESIAN_POINT('Ctrl Pts',(-5.89289591546155,6.69354306201339,1.38399482160416));
#6738=CARTESIAN_POINT('Ctrl Pts',(-6.02482454943637,6.68708357097478,0.585779248059891));
#6739=CARTESIAN_POINT('Ctrl Pts',(-5.96882060869576,6.67489242606124,-0.978032932307161));
#6740=CARTESIAN_POINT('Ctrl Pts',(-5.79598649208003,6.66839347965648,-1.72913255374756));
#6741=CARTESIAN_POINT('Ctrl Pts',(-5.16586105425758,6.65473670414877,-3.15336567401818));
#6742=CARTESIAN_POINT('Ctrl Pts',(-4.70393347375113,6.6476977343087,-3.80826057918558));
#6743=CARTESIAN_POINT('Ctrl Pts',(-3.56723432396128,6.6344544355649,-4.88588809250924));
#6744=CARTESIAN_POINT('Ctrl Pts',(-2.90903057559298,6.62878103354859,-5.30420614260797));
#6745=CARTESIAN_POINT('Ctrl Pts',(-1.47044539019848,6.6160935114274,-5.86808951785206));
#6746=CARTESIAN_POINT('Ctrl Pts',(-0.70355111683807,6.60932992998874,-6.00846853525464));
#6747=CARTESIAN_POINT('Ctrl Pts',(0.863274909747043,6.59551139489316,-5.99048865419871));
#6748=CARTESIAN_POINT('Ctrl Pts',(1.64803945459301,6.58859020758793,-5.82367334343092));
#6749=CARTESIAN_POINT('Ctrl Pts',(3.07508110480164,6.576004493034,-5.20779692350859));
#6750=CARTESIAN_POINT('Ctrl Pts',(3.70917807564853,6.57033759579295,-4.7769523688772));
#6751=CARTESIAN_POINT('Ctrl Pts',(4.7979551682546,6.55720726683184,-3.68644780098623));
#6752=CARTESIAN_POINT('Ctrl Pts',(5.23666442174405,6.55026728396181,-3.03110782334245));
#6753=CARTESIAN_POINT('Ctrl Pts',(5.84320042931698,6.53648809636109,-1.57722833082328));
#6754=CARTESIAN_POINT('Ctrl Pts',(6.00042887143732,6.52979241495188,-0.790865690900912));
#6755=CARTESIAN_POINT('Ctrl Pts',(5.99958721449814,6.51790988629342,0.76438834867094));
#6756=CARTESIAN_POINT('Ctrl Pts',(5.85434506106376,6.51150928530846,1.51854215864509));
#6757=CARTESIAN_POINT('Ctrl Pts',(5.2788046897865,6.49796463447085,2.95960987151212));
#6758=CARTESIAN_POINT('Ctrl Pts',(4.84331711826109,6.49093395542669,3.62868443663883));
#6759=CARTESIAN_POINT('Ctrl Pts',(3.74570324999282,6.47751725262026,4.75158106515943));
#6760=CARTESIAN_POINT('Ctrl Pts',(3.09726518398174,6.4716911582198,5.19757253425976));
#6761=CARTESIAN_POINT('Ctrl Pts',(1.67513538343676,6.45914876345111,5.81261770803401));
#6762=CARTESIAN_POINT('Ctrl Pts',(0.916326563463535,6.4524564912194,5.97937637724537));
#6763=CARTESIAN_POINT('Ctrl Pts',(0.0978171292947462,6.4452376927375,5.99940230971428));
#6764=CARTESIAN_POINT('Ctrl Pts',(0.0488954995657117,6.444806231142,6.));
#6765=CARTESIAN_POINT('Ctrl Pts',(-2.53604566843904E-14,6.444375,6.));
#6766=CARTESIAN_POINT('',(-6.,6.72218750086715,0.));
#6767=CARTESIAN_POINT('Ctrl Pts',(2.0122792321331E-15,6.48406250086715,
6.));
#6768=CARTESIAN_POINT('Ctrl Pts',(0.267008404101454,6.48641736665332,6.));
#6769=CARTESIAN_POINT('Ctrl Pts',(0.534294178968586,6.48877467869564,5.98217712018972));
#6770=CARTESIAN_POINT('Ctrl Pts',(1.55511085798119,6.49777771468415,5.84483045187166));
#6771=CARTESIAN_POINT('Ctrl Pts',(2.28394706587891,6.50420564512881,5.60035787089158));
#6772=CARTESIAN_POINT('Ctrl Pts',(3.63928430936317,6.51615896665121,4.83594298391829));
#6773=CARTESIAN_POINT('Ctrl Pts',(4.24674353529358,6.52276937479837,4.31229944167994));
#6774=CARTESIAN_POINT('Ctrl Pts',(5.21490032772949,6.53653800232607,3.06858440189666));
#6775=CARTESIAN_POINT('Ctrl Pts',(5.56999386788205,6.54348850347921,2.36359174581208));
#6776=CARTESIAN_POINT('Ctrl Pts',(5.98366438828521,6.55665285747065,0.878859432634465));
#6777=CARTESIAN_POINT('Ctrl Pts',(6.04676282453867,6.56235082301396,0.115276589028629));
#6778=CARTESIAN_POINT('Ctrl Pts',(5.88108475821503,6.5748816650942,-1.42969062602618));
#6779=CARTESIAN_POINT('Ctrl Pts',(5.64031835217923,6.58178861818211,-2.19498848037479));
#6780=CARTESIAN_POINT('Ctrl Pts',(4.88496112153415,6.59561098647367,-3.5685995039782));
#6781=CARTESIAN_POINT('Ctrl Pts',(4.38496116635001,6.60239182819056,-4.16771745642769));
#6782=CARTESIAN_POINT('Ctrl Pts',(3.18674637831922,6.61511640678307,-5.14191459467662));
#6783=CARTESIAN_POINT('Ctrl Pts',(2.50021603321273,6.62076198446322,-5.50849880321416));
#6784=CARTESIAN_POINT('Ctrl Pts',(1.00380190788189,6.63395952570746,-5.96853914285688));
#6785=CARTESIAN_POINT('Ctrl Pts',(0.205616699011356,6.64099907581346,-6.04886732655957));
#6786=CARTESIAN_POINT('Ctrl Pts',(-1.34581908863838,6.65468187755176,-5.89687814823107));
#6787=CARTESIAN_POINT('Ctrl Pts',(-2.08543296744114,6.6612048610662,-5.67762090112553));
#6788=CARTESIAN_POINT('Ctrl Pts',(-3.47242064462159,6.67343732183023,-4.95776349129515));
#6789=CARTESIAN_POINT('Ctrl Pts',(-4.10044327245299,6.67980447392866,-4.4523592147455));
#6790=CARTESIAN_POINT('Ctrl Pts',(-5.06348036877831,6.69288638925184,-3.29559726280353));
#6791=CARTESIAN_POINT('Ctrl Pts',(-5.41624251169652,6.69916989642346,-2.6765858782776));
#6792=CARTESIAN_POINT('Ctrl Pts',(-5.88267798555107,6.71124402607036,-1.36505687385041));
#6793=CARTESIAN_POINT('Ctrl Pts',(-6.,6.71695521228615,-0.685046147691406));
#6794=CARTESIAN_POINT('Ctrl Pts',(-6.,6.72218750086715,-4.16333634234434E-16));
#6795=CARTESIAN_POINT('',(-6.,6.86109375043358,0.));
#6796=CARTESIAN_POINT('Origin',(0.,7.,0.));
#6797=CARTESIAN_POINT('Origin',(-9.,3.5,0.));
#6798=CARTESIAN_POINT('',(-9.,3.5,0.75));
#6799=CARTESIAN_POINT('Origin',(-9.,3.5,0.));
#6800=CARTESIAN_POINT('',(-9.,5.55111512312578E-16,0.75));
#6801=CARTESIAN_POINT('',(-9.,3.5,0.75));
#6802=CARTESIAN_POINT('Origin',(-9.,0.,0.));
#6803=CARTESIAN_POINT('Origin',(9.,3.5,0.));
#6804=CARTESIAN_POINT('',(9.,3.5,0.75));
#6805=CARTESIAN_POINT('Origin',(9.,3.5,0.));
#6806=CARTESIAN_POINT('',(9.,5.55111512312578E-16,0.75));
#6807=CARTESIAN_POINT('',(9.,3.5,0.75));
#6808=CARTESIAN_POINT('Origin',(9.,0.,0.));
#6809=CARTESIAN_POINT('Origin',(-9.,3.5,0.));
#6810=CARTESIAN_POINT('',(-9.,3.5,2.));
#6811=CARTESIAN_POINT('',(-9.,1.,2.));
#6812=CARTESIAN_POINT('',(-9.,0.,2.));
#6813=CARTESIAN_POINT('',(-9.,3.5,-2.));
#6814=CARTESIAN_POINT('Origin',(-9.,3.5,0.));
#6815=CARTESIAN_POINT('',(-9.,1.,-2.));
#6816=CARTESIAN_POINT('',(-9.,0.,-2.));
#6817=CARTESIAN_POINT('',(-9.,0.,-2.));
#6818=CARTESIAN_POINT('',(-9.,3.5,-2.));
#6819=CARTESIAN_POINT('Origin',(-9.,0.,0.));
#6820=CARTESIAN_POINT('Origin',(-9.,1.,0.));
#6821=CARTESIAN_POINT('Origin',(9.,0.,0.));
#6822=CARTESIAN_POINT('',(9.,1.,2.));
#6823=CARTESIAN_POINT('',(9.,1.,-2.));
#6824=CARTESIAN_POINT('Origin',(9.,1.,0.));
#6825=CARTESIAN_POINT('',(9.,0.,-2.));
#6826=CARTESIAN_POINT('',(9.,0.,-2.));
#6827=CARTESIAN_POINT('Origin',(9.,0.,0.));
#6828=CARTESIAN_POINT('',(9.,3.5,-2.));
#6829=CARTESIAN_POINT('',(9.,0.,-2.));
#6830=CARTESIAN_POINT('',(9.,3.5,2.));
#6831=CARTESIAN_POINT('Origin',(9.,3.5,0.));
#6832=CARTESIAN_POINT('',(9.,0.,2.));
#6833=CARTESIAN_POINT('Origin',(0.,7.,0.106669187734644));
#6834=CARTESIAN_POINT('',(-0.548143040833961,3.5,-6.87183632611181));
#6835=CARTESIAN_POINT('',(-0.56129431088741,3.5,-6.87079085848314));
#6836=CARTESIAN_POINT('Origin',(0.,3.5,0.106669187734644));
#6837=CARTESIAN_POINT('',(-0.56129431088741,7.,-6.87079085848314));
#6838=CARTESIAN_POINT('',(-0.56129431088741,5.25,-6.87079085848314));
#6839=CARTESIAN_POINT('',(-0.548143040833961,7.,-6.87183632611181));
#6840=CARTESIAN_POINT('Origin',(0.,7.,0.106669187734644));
#6841=CARTESIAN_POINT('',(-0.548143040833961,5.25,-6.87183632611181));
#6842=CARTESIAN_POINT('Origin',(0.,7.,0.106669187734644));
#6843=CARTESIAN_POINT('',(-1.64113355327053,7.,-6.69823203567262));
#6844=CARTESIAN_POINT('',(-1.65976393649045,7.,-6.69371195416658));
#6845=CARTESIAN_POINT('Origin',(0.,7.,0.106669187734644));
#6846=CARTESIAN_POINT('',(-1.64113355327053,3.5,-6.69823203567262));
#6847=CARTESIAN_POINT('',(-1.64113355327053,5.25,-6.69823203567262));
#6848=CARTESIAN_POINT('',(-1.65976393649045,3.5,-6.69371195416658));
#6849=CARTESIAN_POINT('Origin',(0.,3.5,0.106669187734644));
#6850=CARTESIAN_POINT('',(-1.65976393649045,5.25,-6.69371195416657));
#6851=CARTESIAN_POINT('Origin',(0.,7.,0.106669187734644));
#6852=CARTESIAN_POINT('',(-2.6909713898153,7.,-6.35542590435395));
#6853=CARTESIAN_POINT('',(-2.71971369149179,7.,-6.34338177611922));
#6854=CARTESIAN_POINT('Origin',(0.,7.,0.106669187734644));
#6855=CARTESIAN_POINT('',(-2.6909713898153,3.5,-6.35542590435395));
#6856=CARTESIAN_POINT('',(-2.69097138981529,5.25,-6.35542590435395));
#6857=CARTESIAN_POINT('',(-2.71971369149179,3.5,-6.34338177611922));
#6858=CARTESIAN_POINT('Origin',(0.,3.5,0.106669187734644));
#6859=CARTESIAN_POINT('',(-2.71971369149179,5.25,-6.34338177611922));
#6860=CARTESIAN_POINT('Origin',(0.,7.,0.106669187734644));
#6861=CARTESIAN_POINT('',(-3.67221253245492,7.,-5.85276493946913));
#6862=CARTESIAN_POINT('',(-3.71404143891193,7.,-5.82678648244989));
#6863=CARTESIAN_POINT('Origin',(0.,7.,0.106669187734644));
#6864=CARTESIAN_POINT('',(-3.67221253245492,3.5,-5.85276493946913));
#6865=CARTESIAN_POINT('',(-3.67221253245492,5.25,-5.85276493946913));
#6866=CARTESIAN_POINT('',(-3.71404143891193,3.5,-5.82678648244989));
#6867=CARTESIAN_POINT('Origin',(0.,3.5,0.106669187734644));
#6868=CARTESIAN_POINT('',(-3.71404143891193,5.25,-5.82678648244988));
#6869=CARTESIAN_POINT('Origin',(0.,7.,0.106669187734644));
#6870=CARTESIAN_POINT('',(-4.5612059205196,7.,-5.20326495033307));
#6871=CARTESIAN_POINT('',(-4.6166987858508,7.,-5.15508834380591));
#6872=CARTESIAN_POINT('Origin',(0.,7.,0.106669187734644));
#6873=CARTESIAN_POINT('',(-4.5612059205196,3.5,-5.20326495033307));
#6874=CARTESIAN_POINT('',(-4.5612059205196,5.25,-5.20326495033307));
#6875=CARTESIAN_POINT('',(-4.6166987858508,3.5,-5.15508834380591));
#6876=CARTESIAN_POINT('Origin',(0.,3.5,0.106669187734644));
#6877=CARTESIAN_POINT('',(-4.6166987858508,5.25,-5.15508834380591));
#6878=CARTESIAN_POINT('Origin',(0.,7.,0.106669187734644));
#6879=CARTESIAN_POINT('',(-5.33659612106243,7.,-4.42331335535109));
#6880=CARTESIAN_POINT('',(-5.40331055955827,7.,-4.34352575147488));
#6881=CARTESIAN_POINT('Origin',(0.,7.,0.106669187734644));
#6882=CARTESIAN_POINT('',(-5.33659612106243,3.5,-4.42331335535109));
#6883=CARTESIAN_POINT('',(-5.33659612106243,5.25,-4.42331335535109));
#6884=CARTESIAN_POINT('',(-5.40331055955827,3.5,-4.34352575147488));
#6885=CARTESIAN_POINT('Origin',(0.,3.5,0.106669187734644));
#6886=CARTESIAN_POINT('',(-5.40331055955827,5.25,-4.34352575147489));
#6887=CARTESIAN_POINT('Origin',(0.,7.,0.106669187734644));
#6888=CARTESIAN_POINT('',(-5.9797885598241,7.,-3.53230440103965));
#6889=CARTESIAN_POINT('',(-6.05180764345231,7.,-3.41123135756964));
#6890=CARTESIAN_POINT('Origin',(0.,7.,0.106669187734644));
#6891=CARTESIAN_POINT('',(-5.9797885598241,3.5,-3.53230440103964));
#6892=CARTESIAN_POINT('',(-5.9797885598241,5.25,-3.53230440103964));
#6893=CARTESIAN_POINT('',(-6.05180764345231,3.5,-3.41123135756964));
#6894=CARTESIAN_POINT('Origin',(0.,3.5,0.106669187734644));
#6895=CARTESIAN_POINT('',(-6.05180764345231,5.25,-3.41123135756963));
#6896=CARTESIAN_POINT('Origin',(0.,7.,0.106669187734644));
#6897=CARTESIAN_POINT('',(-6.47536647836777,7.,-2.55220820147138));
#6898=CARTESIAN_POINT('',(-6.54306682705746,7.,-2.38095548183676));
#6899=CARTESIAN_POINT('Origin',(0.,7.,0.106669187734644));
#6900=CARTESIAN_POINT('',(-6.47536647836776,3.5,-2.55220820147138));
#6901=CARTESIAN_POINT('',(-6.47536647836776,5.25,-2.55220820147138));
#6902=CARTESIAN_POINT('',(-6.5,3.5,-2.49140702361868));
#6903=CARTESIAN_POINT('Origin',(0.,3.5,0.106669187734644));
#6904=CARTESIAN_POINT('',(-6.54306682705746,3.5,-2.38095548183676));
#6905=CARTESIAN_POINT('Origin',(0.,3.5,0.106669187734644));
#6906=CARTESIAN_POINT('',(-6.54306682705746,5.25,-2.38095548183676));
#6907=CARTESIAN_POINT('Origin',(0.,7.,0.106669187734644));
#6908=CARTESIAN_POINT('',(-6.81144777375803,7.,-1.50707776435134));
#6909=CARTESIAN_POINT('',(-6.86154551876481,7.,-1.27868026057022));
#6910=CARTESIAN_POINT('Origin',(0.,7.,0.106669187734644));
#6911=CARTESIAN_POINT('',(-6.81144777375803,3.5,-1.50707776435134));
#6912=CARTESIAN_POINT('',(-6.81144777375803,5.25,-1.50707776435134));
#6913=CARTESIAN_POINT('',(-6.86154551876481,3.5,-1.27868026057022));
#6914=CARTESIAN_POINT('Origin',(0.,3.5,0.106669187734644));
#6915=CARTESIAN_POINT('',(-6.86154551876481,5.25,-1.27868026057022));
#6916=CARTESIAN_POINT('Origin',(0.,7.,0.106669187734644));
#6917=CARTESIAN_POINT('',(-6.97996981954361,7.,-0.422501217957435));
#6918=CARTESIAN_POINT('',(-6.99589205383491,7.,-0.133110651054245));
#6919=CARTESIAN_POINT('Origin',(0.,7.,0.106669187734644));
#6920=CARTESIAN_POINT('',(-6.97996981954361,3.5,-0.422501217957436));
#6921=CARTESIAN_POINT('',(-6.97996981954361,5.25,-0.422501217957436));
#6922=CARTESIAN_POINT('',(-6.99589205383491,3.5,-0.133110651054245));
#6923=CARTESIAN_POINT('Origin',(0.,3.5,0.106669187734644));
#6924=CARTESIAN_POINT('',(-6.9958920538349,5.25,-0.133110651054241));
#6925=CARTESIAN_POINT('Origin',(0.,7.,0.106669187734644));
#6926=CARTESIAN_POINT('',(-6.97689120038961,7.,0.674990556263089));
#6927=CARTESIAN_POINT('',(-6.93950483478791,7.,1.02496796697547));
#6928=CARTESIAN_POINT('Origin',(0.,7.,0.106669187734644));
#6929=CARTESIAN_POINT('',(-6.9768912003896,3.5,0.674990556263084));
#6930=CARTESIAN_POINT('',(-6.9768912003896,5.25,0.674990556263084));
#6931=CARTESIAN_POINT('',(-6.93950483478791,3.5,1.02496796697547));
#6932=CARTESIAN_POINT('Origin',(0.,3.5,0.106669187734644));
#6933=CARTESIAN_POINT('',(-6.93950483478791,5.25,1.02496796697547));
#6934=CARTESIAN_POINT('Origin',(0.,7.,0.106669187734644));
#6935=CARTESIAN_POINT('',(-6.80230080966532,7.,1.75854802555131));
#6936=CARTESIAN_POINT('',(-6.69100703448551,7.,2.16346885334756));
#6937=CARTESIAN_POINT('Origin',(0.,7.,0.106669187734644));
#6938=CARTESIAN_POINT('',(-6.80230080966532,3.5,1.75854802555131));
#6939=CARTESIAN_POINT('',(-6.80230080966532,5.25,1.75854802555131));
#6940=CARTESIAN_POINT('',(-6.73908735922948,3.5,2.));
#6941=CARTESIAN_POINT('Origin',(0.,3.5,0.106669187734644));
#6942=CARTESIAN_POINT('',(-6.69100703448551,3.5,2.16346885334756));
#6943=CARTESIAN_POINT('Origin',(0.,3.5,0.106669187734644));
#6944=CARTESIAN_POINT('',(-6.69100703448551,5.25,2.16346885334756));
#6945=CARTESIAN_POINT('Origin',(0.,7.,0.106669187734644));
#6946=CARTESIAN_POINT('',(-6.46042657986228,7.,2.80164384553924));
#6947=CARTESIAN_POINT('',(-6.2545999593251,7.,3.24991263182395));
#6948=CARTESIAN_POINT('Origin',(0.,7.,0.106669187734644));
#6949=CARTESIAN_POINT('',(-6.46042657986228,3.5,2.80164384553924));
#6950=CARTESIAN_POINT('',(-6.46042657986228,5.25,2.80164384553924));
#6951=CARTESIAN_POINT('',(-6.2545999593251,3.5,3.24991263182395));
#6952=CARTESIAN_POINT('Origin',(0.,3.5,0.106669187734644));
#6953=CARTESIAN_POINT('',(-6.25459995932511,5.25,3.24991263182395));
#6954=CARTESIAN_POINT('Origin',(0.,7.,0.106669187734644));
#6955=CARTESIAN_POINT('',(-5.95953754212502,7.,3.7787138884433));
#6956=CARTESIAN_POINT('',(-5.64026019755376,7.,4.25244594292671));
#6957=CARTESIAN_POINT('Origin',(0.,7.,0.106669187734644));
#6958=CARTESIAN_POINT('',(-5.95953754212502,3.5,3.7787138884433));
#6959=CARTESIAN_POINT('',(-5.95953754212502,5.25,3.7787138884433));
#6960=CARTESIAN_POINT('',(-5.64026019755376,3.5,4.25244594292671));
#6961=CARTESIAN_POINT('Origin',(0.,3.5,0.106669187734644));
#6962=CARTESIAN_POINT('',(-5.64026019755375,5.25,4.25244594292671));
#6963=CARTESIAN_POINT('Origin',(0.,7.,0.106669187734644));
#6964=CARTESIAN_POINT('',(-5.31173239887574,7.,4.66578082518483));
#6965=CARTESIAN_POINT('',(-4.86375866802748,7.,5.14093692189297));
#6966=CARTESIAN_POINT('Origin',(0.,7.,0.106669187734644));
#6967=CARTESIAN_POINT('',(-5.31173239887574,3.5,4.66578082518483));
#6968=CARTESIAN_POINT('',(-5.31173239887574,5.25,4.66578082518483));
#6969=CARTESIAN_POINT('',(-4.86375866802748,3.5,5.14093692189297));
#6970=CARTESIAN_POINT('Origin',(0.,3.5,0.106669187734644));
#6971=CARTESIAN_POINT('',(-4.86375866802748,5.25,5.14093692189297));
#6972=CARTESIAN_POINT('Origin',(0.,7.,0.106669187734644));
#6973=CARTESIAN_POINT('',(-4.53260110796266,7.,5.44104142784834));
#6974=CARTESIAN_POINT('',(-3.94651805927904,7.,5.88810458111097));
#6975=CARTESIAN_POINT('Origin',(0.,7.,0.106669187734644));
#6976=CARTESIAN_POINT('',(-4.53260110796266,3.5,5.44104142784834));
#6977=CARTESIAN_POINT('',(-4.53260110796266,5.25,5.44104142784834));
#6978=CARTESIAN_POINT('',(-3.94651805927904,3.5,5.88810458111097));
#6979=CARTESIAN_POINT('Origin',(0.,3.5,0.106669187734644));
#6980=CARTESIAN_POINT('',(-3.94651805927904,5.25,5.88810458111096));
#6981=CARTESIAN_POINT('Origin',(0.,7.,0.106669187734644));
#6982=CARTESIAN_POINT('',(-3.64071930739547,7.,6.08539504904973));
#6983=CARTESIAN_POINT('',(-2.91543995924156,7.,6.47064670529845));
#6984=CARTESIAN_POINT('Origin',(0.,7.,0.106669187734644));
#6985=CARTESIAN_POINT('',(-3.64071930739547,3.5,6.08539504904973));
#6986=CARTESIAN_POINT('',(-3.64071930739547,5.25,6.08539504904973));
#6987=CARTESIAN_POINT('',(-2.91543995924156,3.5,6.47064670529845));
#6988=CARTESIAN_POINT('Origin',(0.,3.5,0.106669187734644));
#6989=CARTESIAN_POINT('',(-2.91543995924156,5.25,6.47064670529845));
#6990=CARTESIAN_POINT('Origin',(0.,7.,0.106669187734644));
#6991=CARTESIAN_POINT('',(-2.65683758101575,7.,6.58287286489786));
#6992=CARTESIAN_POINT('',(-1.80321359723874,7.,6.87042707242666));
#6993=CARTESIAN_POINT('Origin',(0.,7.,0.106669187734644));
#6994=CARTESIAN_POINT('',(-2.65683758101575,3.5,6.58287286489786));
#6995=CARTESIAN_POINT('',(-2.65683758101575,5.25,6.58287286489786));
#6996=CARTESIAN_POINT('',(-1.80321359723874,3.5,6.87042707242666));
#6997=CARTESIAN_POINT('Origin',(0.,3.5,0.106669187734644));
#6998=CARTESIAN_POINT('',(-1.80321359723874,5.25,6.87042707242666));
#6999=CARTESIAN_POINT('Origin',(0.,7.,0.106669187734644));
#7000=CARTESIAN_POINT('',(-1.60226815217421,7.,6.92082627196218));
#7001=CARTESIAN_POINT('Origin',(0.,7.,0.106669187734644));
#7002=CARTESIAN_POINT('',(-1.60226815217421,3.5,6.92082627196218));
#7003=CARTESIAN_POINT('',(-1.60226815217421,5.25,6.92082627196218));
#7004=CARTESIAN_POINT('Origin',(0.,3.5,0.106669187734644));
#7005=CARTESIAN_POINT('Origin',(0.,7.,0.106669187734644));
#7006=CARTESIAN_POINT('Origin',(0.,7.,0.106669187734644));
#7007=CARTESIAN_POINT('Origin',(0.,3.5,0.106669187734644));
#7008=CARTESIAN_POINT('Origin',(0.,7.,0.106669187734644));
#7009=CARTESIAN_POINT('',(1.60226815217411,7.,6.9208262719622));
#7010=CARTESIAN_POINT('Origin',(0.,7.,0.106669187734644));
#7011=CARTESIAN_POINT('',(1.60226815217411,3.5,6.9208262719622));
#7012=CARTESIAN_POINT('Origin',(0.,3.5,0.106669187734644));
#7013=CARTESIAN_POINT('',(1.60226815217411,5.25,6.9208262719622));
#7014=CARTESIAN_POINT('Origin',(0.,7.,0.106669187734644));
#7015=CARTESIAN_POINT('',(1.80321359723865,7.,6.87042707242668));
#7016=CARTESIAN_POINT('',(2.6568375810157,7.,6.58287286489788));
#7017=CARTESIAN_POINT('Origin',(0.,7.,0.106669187734644));
#7018=CARTESIAN_POINT('',(1.80321359723865,3.5,6.87042707242668));
#7019=CARTESIAN_POINT('',(1.80321359723865,5.25,6.87042707242668));
#7020=CARTESIAN_POINT('',(2.6568375810157,3.5,6.58287286489788));
#7021=CARTESIAN_POINT('Origin',(0.,3.5,0.106669187734644));
#7022=CARTESIAN_POINT('',(2.6568375810157,5.25,6.58287286489788));
#7023=CARTESIAN_POINT('Origin',(0.,7.,0.106669187734644));
#7024=CARTESIAN_POINT('',(2.91543995924143,7.,6.47064670529851));
#7025=CARTESIAN_POINT('',(3.64071930739539,7.,6.08539504904978));
#7026=CARTESIAN_POINT('Origin',(0.,7.,0.106669187734644));
#7027=CARTESIAN_POINT('',(2.91543995924143,3.5,6.47064670529851));
#7028=CARTESIAN_POINT('',(2.91543995924143,5.25,6.47064670529851));
#7029=CARTESIAN_POINT('',(3.64071930739539,3.5,6.08539504904978));
#7030=CARTESIAN_POINT('Origin',(0.,3.5,0.106669187734644));
#7031=CARTESIAN_POINT('',(3.64071930739539,5.25,6.08539504904978));
#7032=CARTESIAN_POINT('Origin',(0.,7.,0.106669187734644));
#7033=CARTESIAN_POINT('',(3.94651805927896,7.,5.88810458111102));
#7034=CARTESIAN_POINT('',(4.53260110796259,7.,5.4410414278484));
#7035=CARTESIAN_POINT('Origin',(0.,7.,0.106669187734644));
#7036=CARTESIAN_POINT('',(3.94651805927895,3.5,5.88810458111102));
#7037=CARTESIAN_POINT('',(3.94651805927895,5.25,5.88810458111102));
#7038=CARTESIAN_POINT('',(4.53260110796259,3.5,5.4410414278484));
#7039=CARTESIAN_POINT('Origin',(0.,3.5,0.106669187734644));
#7040=CARTESIAN_POINT('',(4.53260110796259,5.25,5.44104142784841));
#7041=CARTESIAN_POINT('Origin',(0.,7.,0.106669187734644));
#7042=CARTESIAN_POINT('',(4.86375866802741,7.,5.14093692189303));
#7043=CARTESIAN_POINT('',(5.31173239887568,7.,4.6657808251849));
#7044=CARTESIAN_POINT('Origin',(0.,7.,0.106669187734644));
#7045=CARTESIAN_POINT('',(4.86375866802741,3.5,5.14093692189303));
#7046=CARTESIAN_POINT('',(4.86375866802741,5.25,5.14093692189303));
#7047=CARTESIAN_POINT('',(5.31173239887568,3.5,4.6657808251849));
#7048=CARTESIAN_POINT('Origin',(0.,3.5,0.106669187734644));
#7049=CARTESIAN_POINT('',(5.31173239887568,5.25,4.6657808251849));
#7050=CARTESIAN_POINT('Origin',(0.,7.,0.106669187734644));
#7051=CARTESIAN_POINT('',(5.6402601975537,7.,4.25244594292679));
#7052=CARTESIAN_POINT('',(5.95953754212497,7.,3.77871388844338));
#7053=CARTESIAN_POINT('Origin',(0.,7.,0.106669187734644));
#7054=CARTESIAN_POINT('',(5.6402601975537,3.5,4.25244594292678));
#7055=CARTESIAN_POINT('',(5.6402601975537,5.25,4.25244594292678));
#7056=CARTESIAN_POINT('',(5.95953754212497,3.5,3.77871388844338));
#7057=CARTESIAN_POINT('Origin',(0.,3.5,0.106669187734644));
#7058=CARTESIAN_POINT('',(5.95953754212497,5.25,3.77871388844339));
#7059=CARTESIAN_POINT('Origin',(0.,7.,0.106669187734644));
#7060=CARTESIAN_POINT('',(6.25459995932506,7.,3.24991263182404));
#7061=CARTESIAN_POINT('',(6.46042657986224,7.,2.80164384553933));
#7062=CARTESIAN_POINT('Origin',(0.,7.,0.106669187734644));
#7063=CARTESIAN_POINT('',(6.25459995932506,3.5,3.24991263182404));
#7064=CARTESIAN_POINT('',(6.25459995932506,5.25,3.24991263182404));
#7065=CARTESIAN_POINT('',(6.46042657986224,3.5,2.80164384553933));
#7066=CARTESIAN_POINT('Origin',(0.,3.5,0.106669187734644));
#7067=CARTESIAN_POINT('',(6.46042657986224,5.25,2.80164384553933));
#7068=CARTESIAN_POINT('Origin',(0.,7.,0.106669187734644));
#7069=CARTESIAN_POINT('',(6.69100703448549,7.,2.16346885334765));
#7070=CARTESIAN_POINT('',(6.8023008096653,7.,1.7585480255514));
#7071=CARTESIAN_POINT('Origin',(0.,7.,0.106669187734644));
#7072=CARTESIAN_POINT('',(6.69100703448549,3.5,2.16346885334765));
#7073=CARTESIAN_POINT('',(6.69100703448548,5.25,2.16346885334765));
#7074=CARTESIAN_POINT('',(6.73908735922948,3.5,2.));
#7075=CARTESIAN_POINT('Origin',(0.,3.5,0.106669187734644));
#7076=CARTESIAN_POINT('',(6.8023008096653,3.5,1.7585480255514));
#7077=CARTESIAN_POINT('Origin',(0.,3.5,0.106669187734644));
#7078=CARTESIAN_POINT('',(6.80230080966529,5.25,1.7585480255514));
#7079=CARTESIAN_POINT('Origin',(0.,7.,0.106669187734644));
#7080=CARTESIAN_POINT('',(6.9395048347879,7.,1.02496796697557));
#7081=CARTESIAN_POINT('',(6.9768912003896,7.,0.674990556263165));
#7082=CARTESIAN_POINT('Origin',(0.,7.,0.106669187734644));
#7083=CARTESIAN_POINT('',(6.9395048347879,3.5,1.02496796697557));
#7084=CARTESIAN_POINT('',(6.9395048347879,5.25,1.02496796697557));
#7085=CARTESIAN_POINT('',(6.9768912003896,3.5,0.674990556263165));
#7086=CARTESIAN_POINT('Origin',(0.,3.5,0.106669187734644));
#7087=CARTESIAN_POINT('',(6.9768912003896,5.25,0.674990556263164));
#7088=CARTESIAN_POINT('Origin',(0.,7.,0.106669187734644));
#7089=CARTESIAN_POINT('',(6.99589205383491,7.,-0.133110651054136));
#7090=CARTESIAN_POINT('',(6.97996981954362,7.,-0.422501217957338));
#7091=CARTESIAN_POINT('Origin',(0.,7.,0.106669187734644));
#7092=CARTESIAN_POINT('',(6.99589205383491,3.5,-0.133110651054134));
#7093=CARTESIAN_POINT('',(6.99589205383491,5.25,-0.133110651054134));
#7094=CARTESIAN_POINT('',(6.97996981954362,3.5,-0.422501217957338));
#7095=CARTESIAN_POINT('Origin',(0.,3.5,0.106669187734644));
#7096=CARTESIAN_POINT('',(6.97996981954362,5.25,-0.422501217957339));
#7097=CARTESIAN_POINT('Origin',(0.,7.,0.106669187734644));
#7098=CARTESIAN_POINT('',(6.86154551876483,7.,-1.27868026057013));
#7099=CARTESIAN_POINT('',(6.81144777375805,7.,-1.50707776435124));
#7100=CARTESIAN_POINT('Origin',(0.,7.,0.106669187734644));
#7101=CARTESIAN_POINT('',(6.86154551876482,3.5,-1.27868026057013));
#7102=CARTESIAN_POINT('',(6.86154551876482,5.25,-1.27868026057013));
#7103=CARTESIAN_POINT('',(6.81144777375805,3.5,-1.50707776435124));
#7104=CARTESIAN_POINT('Origin',(0.,3.5,0.106669187734644));
#7105=CARTESIAN_POINT('',(6.81144777375805,5.25,-1.50707776435124));
#7106=CARTESIAN_POINT('Origin',(0.,7.,0.106669187734644));
#7107=CARTESIAN_POINT('',(6.54306682705749,7.,-2.38095548183668));
#7108=CARTESIAN_POINT('',(6.4753664783678,7.,-2.55220820147129));
#7109=CARTESIAN_POINT('Origin',(0.,7.,0.106669187734644));
#7110=CARTESIAN_POINT('',(6.54306682705749,3.5,-2.38095548183668));
#7111=CARTESIAN_POINT('',(6.54306682705749,5.25,-2.38095548183667));
#7112=CARTESIAN_POINT('',(6.5,3.5,-2.49140702361867));
#7113=CARTESIAN_POINT('Origin',(0.,3.5,0.106669187734644));
#7114=CARTESIAN_POINT('',(6.4753664783678,3.5,-2.55220820147129));
#7115=CARTESIAN_POINT('Origin',(0.,3.5,0.106669187734644));
#7116=CARTESIAN_POINT('',(6.4753664783678,5.25,-2.55220820147129));
#7117=CARTESIAN_POINT('Origin',(0.,7.,0.106669187734644));
#7118=CARTESIAN_POINT('',(6.05180764345236,7.,-3.41123135756956));
#7119=CARTESIAN_POINT('',(5.97978855982415,7.,-3.53230440103955));
#7120=CARTESIAN_POINT('Origin',(0.,7.,0.106669187734644));
#7121=CARTESIAN_POINT('',(6.05180764345236,3.5,-3.41123135756955));
#7122=CARTESIAN_POINT('',(6.05180764345236,5.25,-3.41123135756955));
#7123=CARTESIAN_POINT('',(5.97978855982415,3.5,-3.53230440103955));
#7124=CARTESIAN_POINT('Origin',(0.,3.5,0.106669187734644));
#7125=CARTESIAN_POINT('',(5.97978855982415,5.25,-3.53230440103956));
#7126=CARTESIAN_POINT('Origin',(0.,7.,0.106669187734644));
#7127=CARTESIAN_POINT('',(5.40331055955832,7.,-4.34352575147482));
#7128=CARTESIAN_POINT('',(5.33659612106249,7.,-4.42331335535102));
#7129=CARTESIAN_POINT('Origin',(0.,7.,0.106669187734644));
#7130=CARTESIAN_POINT('',(5.40331055955832,3.5,-4.34352575147482));
#7131=CARTESIAN_POINT('',(5.40331055955832,5.25,-4.34352575147482));
#7132=CARTESIAN_POINT('',(5.33659612106249,3.5,-4.42331335535102));
#7133=CARTESIAN_POINT('Origin',(0.,3.5,0.106669187734644));
#7134=CARTESIAN_POINT('',(5.33659612106249,5.25,-4.42331335535102));
#7135=CARTESIAN_POINT('Origin',(0.,7.,0.106669187734644));
#7136=CARTESIAN_POINT('',(4.61669878585087,7.,-5.15508834380585));
#7137=CARTESIAN_POINT('',(4.56120592051968,7.,-5.20326495033301));
#7138=CARTESIAN_POINT('Origin',(0.,7.,0.106669187734644));
#7139=CARTESIAN_POINT('',(4.61669878585087,3.5,-5.15508834380585));
#7140=CARTESIAN_POINT('',(4.61669878585087,5.25,-5.15508834380585));
#7141=CARTESIAN_POINT('',(4.56120592051968,3.5,-5.20326495033301));
#7142=CARTESIAN_POINT('Origin',(0.,3.5,0.106669187734644));
#7143=CARTESIAN_POINT('',(4.56120592051967,5.25,-5.20326495033301));
#7144=CARTESIAN_POINT('Origin',(0.,7.,0.106669187734644));
#7145=CARTESIAN_POINT('',(3.71404143891201,7.,-5.82678648244984));
#7146=CARTESIAN_POINT('',(3.672212532455,7.,-5.85276493946908));
#7147=CARTESIAN_POINT('Origin',(0.,7.,0.106669187734644));
#7148=CARTESIAN_POINT('',(3.71404143891201,3.5,-5.82678648244983));
#7149=CARTESIAN_POINT('',(3.71404143891201,5.25,-5.82678648244983));
#7150=CARTESIAN_POINT('',(3.672212532455,3.5,-5.85276493946908));
#7151=CARTESIAN_POINT('Origin',(0.,3.5,0.106669187734644));
#7152=CARTESIAN_POINT('',(3.67221253245501,5.25,-5.85276493946908));
#7153=CARTESIAN_POINT('Origin',(0.,7.,0.106669187734644));
#7154=CARTESIAN_POINT('',(2.71971369149188,7.,-6.34338177611918));
#7155=CARTESIAN_POINT('',(2.69097138981538,7.,-6.35542590435392));
#7156=CARTESIAN_POINT('Origin',(0.,7.,0.106669187734644));
#7157=CARTESIAN_POINT('',(2.71971369149188,3.5,-6.34338177611918));
#7158=CARTESIAN_POINT('',(2.71971369149188,5.25,-6.34338177611918));
#7159=CARTESIAN_POINT('',(2.69097138981538,3.5,-6.35542590435392));
#7160=CARTESIAN_POINT('Origin',(0.,3.5,0.106669187734644));
#7161=CARTESIAN_POINT('',(2.69097138981538,5.25,-6.35542590435391));
#7162=CARTESIAN_POINT('Origin',(0.,7.,0.106669187734644));
#7163=CARTESIAN_POINT('',(1.65976393649054,7.,-6.69371195416655));
#7164=CARTESIAN_POINT('',(1.64113355327062,7.,-6.6982320356726));
#7165=CARTESIAN_POINT('Origin',(0.,7.,0.106669187734644));
#7166=CARTESIAN_POINT('',(1.65976393649054,3.5,-6.69371195416655));
#7167=CARTESIAN_POINT('',(1.65976393649054,5.25,-6.69371195416655));
#7168=CARTESIAN_POINT('',(1.64113355327062,3.5,-6.6982320356726));
#7169=CARTESIAN_POINT('Origin',(0.,3.5,0.106669187734644));
#7170=CARTESIAN_POINT('',(1.64113355327062,5.25,-6.6982320356726));
#7171=CARTESIAN_POINT('Origin',(0.,3.,0.));
#7172=CARTESIAN_POINT('',(5.99999999999997,3.,0.729697831015168));
#7173=CARTESIAN_POINT('Origin',(0.0469567239139995,3.00000000000265,-0.0786972494094013));
#7174=CARTESIAN_POINT('',(6.,3.,6.));
#7175=CARTESIAN_POINT('',(6.,3.,-6.5));
#7176=CARTESIAN_POINT('',(0.337248633405833,3.00000000000059,6.00000000000043));
#7177=CARTESIAN_POINT('',(-6.5,3.,6.));
#7178=CARTESIAN_POINT('Ctrl Pts',(0.337248633347261,3.,5.99999999925233));
#7179=CARTESIAN_POINT('Ctrl Pts',(0.441075251894693,2.99999999999981,5.9925767160846));
#7180=CARTESIAN_POINT('Ctrl Pts',(0.54469178765917,2.99999999998911,5.98245905614364));
#7181=CARTESIAN_POINT('Ctrl Pts',(0.751277619516927,2.99999999998911,5.95685758406756));
#7182=CARTESIAN_POINT('Ctrl Pts',(0.85421204308748,3.,5.94137902393004));
#7183=CARTESIAN_POINT('Ctrl Pts',(0.956692815063138,3.,5.92323719410312));
#7184=CARTESIAN_POINT('Origin',(0.,3.,0.));
#7185=CARTESIAN_POINT('',(6.,3.,-0.894654030109932));
#7186=CARTESIAN_POINT('',(6.,3.,-6.));
#7187=CARTESIAN_POINT('',(6.,3.,-6.5));
#7188=CARTESIAN_POINT('',(1.43934352755242,3.,-5.99999999999999));
#7189=CARTESIAN_POINT('Ctrl Pts',(6.,3.,-0.894654030109951));
#7190=CARTESIAN_POINT('Ctrl Pts',(5.91822217332123,3.,-1.50144494403552));
#7191=CARTESIAN_POINT('Ctrl Pts',(5.74554666096013,3.,-2.09246653763234));
#7192=CARTESIAN_POINT('Ctrl Pts',(5.2347533207386,3.,-3.19298917554777));
#7193=CARTESIAN_POINT('Ctrl Pts',(4.90253654413165,3.,-3.69775776836699));
#7194=CARTESIAN_POINT('Ctrl Pts',(4.099613334172,3.,-4.59563815644678));
#7195=CARTESIAN_POINT('Ctrl Pts',(3.63276574866289,3.,-4.98332116587357));
#7196=CARTESIAN_POINT('Ctrl Pts',(2.68882259844686,3.,-5.55542911312928));
#7197=CARTESIAN_POINT('Ctrl Pts',(2.12781347424524,3.,-5.82428909284261));
#7198=CARTESIAN_POINT('Ctrl Pts',(1.43934352755244,3.,-5.99999999999998));
#7199=CARTESIAN_POINT('',(-6.5,3.,-6.));
#7200=CARTESIAN_POINT('Origin',(0.,3.,0.));
#7201=CARTESIAN_POINT('',(-6.,3.,-6.));
#7202=CARTESIAN_POINT('',(-6.5,3.,-6.));
#7203=CARTESIAN_POINT('',(-6.,3.,-6.5));
#7204=CARTESIAN_POINT('Origin',(0.,3.5,0.));
#7205=CARTESIAN_POINT('',(2.86880336536572,3.5,6.5));
#7206=CARTESIAN_POINT('Origin',(2.49288360075603,3.5,5.8510128425186));
#7207=CARTESIAN_POINT('',(6.5,3.5,6.5));
#7208=CARTESIAN_POINT('',(-6.5,3.5,6.5));
#7209=CARTESIAN_POINT('',(6.5,3.5,2.76152545462306));
#7210=CARTESIAN_POINT('',(6.5,3.5,-6.5));
#7211=CARTESIAN_POINT('Origin',(5.94664596217291,3.5,2.25526533490154));
#7212=CARTESIAN_POINT('Origin',(5.50786845773179,3.5,3.17996933673253));
#7213=CARTESIAN_POINT('Origin',(4.92644005338557,3.5,4.02231380310317));
#7214=CARTESIAN_POINT('Origin',(4.21741943939653,3.5,4.76048245479764));
#7215=CARTESIAN_POINT('Origin',(3.3991698772356,3.5,5.3753571114792));
#7216=CARTESIAN_POINT('Origin',(0.,3.5,0.));
#7217=CARTESIAN_POINT('Origin',(6.23140845982311,3.5,1.27215114553296));
#7218=CARTESIAN_POINT('',(-11.,3.5,2.));
#7219=CARTESIAN_POINT('',(6.82252028830045,3.5,-2.));
#7220=CARTESIAN_POINT('',(-11.,3.5,-2.));
#7221=CARTESIAN_POINT('Origin',(6.10883628472795,3.5,-1.76944600839559));
#7222=CARTESIAN_POINT('Origin',(6.31356755986813,3.5,-0.766605894326896));
#7223=CARTESIAN_POINT('Origin',(6.35478075157213,3.5,0.256088909725318));
#7224=CARTESIAN_POINT('Origin',(0.,3.5,0.));
#7225=CARTESIAN_POINT('Origin',(5.74588935863735,3.5,-2.72645840029404));
#7226=CARTESIAN_POINT('',(6.5,3.5,-6.5));
#7227=CARTESIAN_POINT('',(6.5,3.5,-6.5));
#7228=CARTESIAN_POINT('',(2.60056267177823,3.5,-6.5));
#7229=CARTESIAN_POINT('',(-6.5,3.5,-6.5));
#7230=CARTESIAN_POINT('Origin',(2.01398902042657,3.5,-6.03263360033055));
#7231=CARTESIAN_POINT('Origin',(2.9556108743365,3.5,-5.63144602120448));
#7232=CARTESIAN_POINT('Origin',(3.82068395911207,3.5,-5.08440694819166));
#7233=CARTESIAN_POINT('Origin',(4.58680333625955,3.5,-4.40568440593674));
#7234=CARTESIAN_POINT('Origin',(5.23412691633481,3.5,-3.61285695176757));
#7235=CARTESIAN_POINT('Origin',(0.,3.5,0.));
#7236=CARTESIAN_POINT('',(-2.60056267177817,3.5,-6.5));
#7237=CARTESIAN_POINT('Origin',(-2.01398902042649,3.5,-6.03263360033058));
#7238=CARTESIAN_POINT('',(-6.5,3.5,-6.5));
#7239=CARTESIAN_POINT('',(-6.5,3.5,-6.5));
#7240=CARTESIAN_POINT('',(-6.5,3.5,-6.5));
#7241=CARTESIAN_POINT('Origin',(-5.74588935863731,3.5,-2.72645840029412));
#7242=CARTESIAN_POINT('Origin',(-5.23412691633477,3.5,-3.61285695176764));
#7243=CARTESIAN_POINT('Origin',(-4.58680333625949,3.5,-4.4056844059368));
#7244=CARTESIAN_POINT('Origin',(-3.82068395911199,3.5,-5.08440694819171));
#7245=CARTESIAN_POINT('Origin',(-2.95561087433643,3.5,-5.63144602120451));
#7246=CARTESIAN_POINT('Origin',(0.,3.5,0.));
#7247=CARTESIAN_POINT('',(-6.82252028830046,3.5,-2.));
#7248=CARTESIAN_POINT('Origin',(-6.10883628472793,3.5,-1.76944600839567));
#7249=CARTESIAN_POINT('',(-11.,3.5,-2.));
#7250=CARTESIAN_POINT('',(-11.,3.5,2.));
#7251=CARTESIAN_POINT('Origin',(-6.23140845982313,3.5,1.27215114553287));
#7252=CARTESIAN_POINT('Origin',(-6.35478075157213,3.5,0.256088909725233));
#7253=CARTESIAN_POINT('Origin',(-6.31356755986812,3.5,-0.766605894326984));
#7254=CARTESIAN_POINT('Origin',(0.,0.,0.));
#7255=CARTESIAN_POINT('Origin',(0.,0.,0.));
#7256=CARTESIAN_POINT('',(6.5,0.,-6.5));
#7257=CARTESIAN_POINT('',(-6.5,0.,-6.5));
#7258=CARTESIAN_POINT('',(-6.5,0.,-6.5));
#7259=CARTESIAN_POINT('',(6.5,0.,6.5));
#7260=CARTESIAN_POINT('',(6.5,0.,-6.5));
#7261=CARTESIAN_POINT('',(-6.5,0.,6.5));
#7262=CARTESIAN_POINT('',(-6.5,0.,6.5));
#7263=CARTESIAN_POINT('',(-6.5,0.,-6.5));
#7264=CARTESIAN_POINT('',(6.,0.,6.));
#7265=CARTESIAN_POINT('',(6.,0.,-6.));
#7266=CARTESIAN_POINT('',(6.,0.,-6.5));
#7267=CARTESIAN_POINT('',(-6.,0.,-6.));
#7268=CARTESIAN_POINT('',(-6.5,0.,-6.));
#7269=CARTESIAN_POINT('',(-6.,0.,6.));
#7270=CARTESIAN_POINT('',(-6.,0.,-6.5));
#7271=CARTESIAN_POINT('',(-6.5,0.,6.));
#7272=CARTESIAN_POINT('Origin',(-11.,0.,2.));
#7273=CARTESIAN_POINT('',(6.5,1.,2.));
#7274=CARTESIAN_POINT('',(6.5,3.5,2.));
#7275=CARTESIAN_POINT('',(6.5,3.5,2.));
#7276=CARTESIAN_POINT('',(9.,1.,2.));
#7277=CARTESIAN_POINT('',(-11.,3.5,2.));
#7278=CARTESIAN_POINT('Origin',(-11.,0.,-2.));
#7279=CARTESIAN_POINT('',(6.5,1.,-2.));
#7280=CARTESIAN_POINT('',(6.5,1.,-2.));
#7281=CARTESIAN_POINT('',(6.5,3.5,-2.));
#7282=CARTESIAN_POINT('',(6.5,3.5,-2.));
#7283=CARTESIAN_POINT('',(-11.,3.5,-2.));
#7284=CARTESIAN_POINT('Origin',(0.,0.,0.));
#7285=CARTESIAN_POINT('Origin',(-11.,0.,-2.));
#7286=CARTESIAN_POINT('',(-6.5,1.,-2.));
#7287=CARTESIAN_POINT('',(-6.5,3.5,-2.));
#7288=CARTESIAN_POINT('',(-6.5,3.5,-2.));
#7289=CARTESIAN_POINT('',(-6.5,1.,-2.));
#7290=CARTESIAN_POINT('',(-11.,3.5,-2.));
#7291=CARTESIAN_POINT('Origin',(-11.,0.,2.));
#7292=CARTESIAN_POINT('',(-6.5,1.,2.));
#7293=CARTESIAN_POINT('',(-9.,1.,2.));
#7294=CARTESIAN_POINT('',(-6.5,3.5,2.));
#7295=CARTESIAN_POINT('',(-6.5,3.5,2.));
#7296=CARTESIAN_POINT('',(-11.,3.5,2.));
#7297=CARTESIAN_POINT('Origin',(6.5,3.5,-6.5));
#7298=CARTESIAN_POINT('',(6.5,3.5,-6.5));
#7299=CARTESIAN_POINT('',(6.5,1.,2.));
#7300=CARTESIAN_POINT('',(6.5,3.5,-6.5));
#7301=CARTESIAN_POINT('',(6.5,3.5,6.5));
#7302=CARTESIAN_POINT('',(6.5,3.5,-6.5));
#7303=CARTESIAN_POINT('Origin',(-6.5,3.5,-6.5));
#7304=CARTESIAN_POINT('',(-6.5,3.5,-6.5));
#7305=CARTESIAN_POINT('',(-6.5,3.5,-6.5));
#7306=CARTESIAN_POINT('Origin',(-6.5,3.5,-6.5));
#7307=CARTESIAN_POINT('',(-6.5,3.5,6.5));
#7308=CARTESIAN_POINT('',(-6.5,3.5,6.5));
#7309=CARTESIAN_POINT('',(-6.5,3.5,2.76152545462302));
#7310=CARTESIAN_POINT('',(-6.5,3.5,-6.5));
#7311=CARTESIAN_POINT('',(-6.5,3.5,-6.5));
#7312=CARTESIAN_POINT('',(-6.5,1.,2.));
#7313=CARTESIAN_POINT('',(-6.5,3.5,-6.5));
#7314=CARTESIAN_POINT('Origin',(-6.5,3.5,6.5));
#7315=CARTESIAN_POINT('',(-2.86880336536574,3.5,6.5));
#7316=CARTESIAN_POINT('',(-6.5,3.5,6.5));
#7317=CARTESIAN_POINT('',(-6.5,3.5,6.5));
#7318=CARTESIAN_POINT('Origin',(0.,3.5,0.));
#7319=CARTESIAN_POINT('Origin',(-5.94664596217294,3.5,2.25526533490146));
#7320=CARTESIAN_POINT('Origin',(-2.49288360075611,3.5,5.85101284251856));
#7321=CARTESIAN_POINT('Origin',(-3.39916987723567,3.5,5.37535711147915));
#7322=CARTESIAN_POINT('Origin',(-4.21741943939659,3.5,4.76048245479758));
#7323=CARTESIAN_POINT('Origin',(-4.92644005338562,3.5,4.0223138031031));
#7324=CARTESIAN_POINT('Origin',(-5.50786845773183,3.5,3.17996933673246));
#7325=CARTESIAN_POINT('Origin',(6.,3.5,-6.5));
#7326=CARTESIAN_POINT('',(6.00000000000001,2.94350695100931,-1.44629044958008));
#7327=CARTESIAN_POINT('Ctrl Pts',(6.,3.,-0.894654030109932));
#7328=CARTESIAN_POINT('Ctrl Pts',(6.,2.99431327443244,-0.968392175586326));
#7329=CARTESIAN_POINT('Ctrl Pts',(5.99999999999969,2.98787207801293,-1.04207584930905));
#7330=CARTESIAN_POINT('Ctrl Pts',(5.99999999999969,2.98069455503966,-1.11568383875277));
#7331=CARTESIAN_POINT('Ctrl Pts',(5.99999999999969,2.97710593403346,-1.15248639279895));
#7332=CARTESIAN_POINT('Ctrl Pts',(5.99999999999999,2.97333317431939,-1.18927144463481));
#7333=CARTESIAN_POINT('Ctrl Pts',(5.99999999999999,2.96937886405305,-1.22603650434326));
#7334=CARTESIAN_POINT('Ctrl Pts',(5.99999999999999,2.96542637725127,-1.26278461045452));
#7335=CARTESIAN_POINT('Ctrl Pts',(6.00000000000001,2.96129241218169,-1.29951363815541));
#7336=CARTESIAN_POINT('Ctrl Pts',(6.00000000000001,2.95697974508669,-1.33622121717134));
#7337=CARTESIAN_POINT('Ctrl Pts',(6.00000000000001,2.95266666706727,-1.37293229380026));
#7338=CARTESIAN_POINT('Ctrl Pts',(6.00000000000001,2.948174751938,-1.40962278775463));
#7339=CARTESIAN_POINT('Ctrl Pts',(6.00000000000001,2.94350695100931,-1.44629044958008));
#7340=CARTESIAN_POINT('',(6.,3.5,-6.));
#7341=CARTESIAN_POINT('',(6.,3.5,6.));
#7342=CARTESIAN_POINT('',(6.,2.92055554985784,1.44629044958009));
#7343=CARTESIAN_POINT('Ctrl Pts',(6.,2.92055554985784,1.44629044958009));
#7344=CARTESIAN_POINT('Ctrl Pts',(6.,2.92580036323668,1.40968723504774));
#7345=CARTESIAN_POINT('Ctrl Pts',(6.,2.93087158604496,1.37305871229154));
#7346=CARTESIAN_POINT('Ctrl Pts',(6.,2.93576591570238,1.33640698765702));
#7347=CARTESIAN_POINT('Ctrl Pts',(6.,2.94066024722926,1.29975524902281));
#7348=CARTESIAN_POINT('Ctrl Pts',(6.,2.94537779803429,1.26307945568961));
#7349=CARTESIAN_POINT('Ctrl Pts',(6.,2.94991541757445,1.22638184766245));
#7350=CARTESIAN_POINT('Ctrl Pts',(6.,2.9544530387864,1.18968422611488));
#7351=CARTESIAN_POINT('Ctrl Pts',(6.,2.95881083625875,1.15296390869122));
#7352=CARTESIAN_POINT('Ctrl Pts',(6.,2.96298583053107,1.11622326557847));
#7353=CARTESIAN_POINT('Ctrl Pts',(6.,2.97029185291023,1.05192905502437));
#7354=CARTESIAN_POINT('Ctrl Pts',(6.00000000000001,2.9770383848219,0.987568684264978));
#7355=CARTESIAN_POINT('Ctrl Pts',(6.00000000000001,2.98321088895518,0.923155768894663));
#7356=CARTESIAN_POINT('Ctrl Pts',(6.00000000000001,2.98938533677106,0.858722570303855));
#7357=CARTESIAN_POINT('Ctrl Pts',(5.99999999999991,2.99498586480816,0.794231692938593));
#7358=CARTESIAN_POINT('Ctrl Pts',(5.99999999999997,3.,0.729697831015168));
#7359=CARTESIAN_POINT('',(6.,2.84118054985785,1.44629044958009));
#7360=CARTESIAN_POINT('',(6.,2.84118054985785,1.44629044958009));
#7361=CARTESIAN_POINT('',(6.00000000000001,2.86413195100931,-1.44629044958008));
#7362=CARTESIAN_POINT('Ctrl Pts',(6.,2.86413195100931,-1.44629044958008));
#7363=CARTESIAN_POINT('Ctrl Pts',(6.,2.83610884346125,-1.25071898814647));
#7364=CARTESIAN_POINT('Ctrl Pts',(6.00000000000001,2.81309127069724,-1.05477639373318));
#7365=CARTESIAN_POINT('Ctrl Pts',(6.00000000000001,2.77333748755478,-0.611834454725587));
#7366=CARTESIAN_POINT('Ctrl Pts',(6.,2.75975863252718,-0.365855742779625));
#7367=CARTESIAN_POINT('Ctrl Pts',(6.,2.75444250148769,-0.0881724887407134));
#7368=CARTESIAN_POINT('Ctrl Pts',(5.99999999999999,2.75399294574262,-0.0575995213414082));
#7369=CARTESIAN_POINT('Ctrl Pts',(5.99999999999999,2.75360586809868,-0.0198644658521601));
#7370=CARTESIAN_POINT('Ctrl Pts',(6.,2.75353988675782,-0.0127056775699598));
#7371=CARTESIAN_POINT('Ctrl Pts',(6.,2.75347282616199,-0.00450321977271474));
#7372=CARTESIAN_POINT('Ctrl Pts',(6.,2.75346445254546,-0.00345963516421235));
#7373=CARTESIAN_POINT('Ctrl Pts',(6.,2.75345204944566,-0.00188406239226942));
#7374=CARTESIAN_POINT('Ctrl Pts',(6.,2.7534479027389,-0.00135207527354275));
#7375=CARTESIAN_POINT('Ctrl Pts',(6.,2.75344050010513,-0.000392859158081708));
#7376=CARTESIAN_POINT('Ctrl Pts',(6.,2.75343723487916,3.37009004541211E-5));
#7377=CARTESIAN_POINT('Ctrl Pts',(6.,2.75343034087902,0.000941519862790448));
#7378=CARTESIAN_POINT('Ctrl Pts',(6.,2.75342671055516,0.00142395987892881));
#7379=CARTESIAN_POINT('Ctrl Pts',(6.,2.75341703865603,0.00272118806078158));
#7380=CARTESIAN_POINT('Ctrl Pts',(6.,2.75341105883145,0.00353597664912602));
#7381=CARTESIAN_POINT('Ctrl Pts',(6.,2.75338271442732,0.00746048877221789));
#7382=CARTESIAN_POINT('Ctrl Pts',(5.99999999999999,2.75336163987795,0.010570219598846));
#7383=CARTESIAN_POINT('Ctrl Pts',(5.99999999999999,2.75320993351723,0.0345307688235465));
#7384=CARTESIAN_POINT('Ctrl Pts',(6.,2.75314019539676,0.0553813660766273));
#7385=CARTESIAN_POINT('Ctrl Pts',(6.,2.75310150317639,0.16372187539276));
#7386=CARTESIAN_POINT('Ctrl Pts',(6.,2.75416694533028,0.251167041347562));
#7387=CARTESIAN_POINT('Ctrl Pts',(6.,2.76549211917211,0.709979391188698));
#7388=CARTESIAN_POINT('Ctrl Pts',(6.,2.79428556235517,1.07790937049669));
#7389=CARTESIAN_POINT('Ctrl Pts',(6.,2.84118054985784,1.44629044958009));
#7390=CARTESIAN_POINT('',(6.00000000000001,2.94350695100931,-1.44629044958008));
#7391=CARTESIAN_POINT('Origin',(-6.5,3.5,-6.));
#7392=CARTESIAN_POINT('',(-6.,3.5,-6.));
#7393=CARTESIAN_POINT('',(1.4462904495801,2.99900594163263,-6.));
#7394=CARTESIAN_POINT('Ctrl Pts',(-1.4462904495801,2.94443155923453,-6.));
#7395=CARTESIAN_POINT('Ctrl Pts',(-1.03436940560786,2.88536318698212,-6.));
#7396=CARTESIAN_POINT('Ctrl Pts',(-0.622926336491858,2.84863010071174,-5.99999999999994));
#7397=CARTESIAN_POINT('Ctrl Pts',(-0.155597181995102,2.83522335311392,-5.99999999999994));
#7398=CARTESIAN_POINT('Ctrl Pts',(-0.10442656217283,2.83413201329328,-6.));
#7399=CARTESIAN_POINT('Ctrl Pts',(-0.0374939503929854,2.83319888001877,
-6.));
#7400=CARTESIAN_POINT('Ctrl Pts',(-0.0217459833548805,2.83301510720282,
-6.));
#7401=CARTESIAN_POINT('Ctrl Pts',(-0.00484887707263049,2.83285633299333,
-6.));
#7402=CARTESIAN_POINT('Ctrl Pts',(-0.00370033639198695,2.83284573108614,
-6.));
#7403=CARTESIAN_POINT('Ctrl Pts',(-0.00202073894536126,2.83283050555458,
-6.));
#7404=CARTESIAN_POINT('Ctrl Pts',(-0.0014896836458628,2.83282573224957,
-6.));
#7405=CARTESIAN_POINT('Ctrl Pts',(-0.000556460646785454,2.83281741565725,
-6.));
#7406=CARTESIAN_POINT('Ctrl Pts',(-0.000154293146464767,2.8328138550107,
-6.));
#7407=CARTESIAN_POINT('Ctrl Pts',(0.000679829624379516,2.83280651840656,
-6.));
#7408=CARTESIAN_POINT('Ctrl Pts',(0.00111178493023374,2.83280274603493,
-6.));
#7409=CARTESIAN_POINT('Ctrl Pts',(0.00222279233299875,2.83279311260409,
-6.));
#7410=CARTESIAN_POINT('Ctrl Pts',(0.0029018447556905,2.8327872911669,-6.));
#7411=CARTESIAN_POINT('Ctrl Pts',(0.00570728012266647,2.8327635154732,-6.));
#7412=CARTESIAN_POINT('Ctrl Pts',(0.00783366735879124,2.83274614726269,
-6.));
#7413=CARTESIAN_POINT('Ctrl Pts',(0.061647912797905,2.83232311336877,-6.));
#7414=CARTESIAN_POINT('Ctrl Pts',(0.113329438600257,2.83230248969441,-5.99999999999987));
#7415=CARTESIAN_POINT('Ctrl Pts',(0.594955764852547,2.83570439781391,-5.99999999999987));
#7416=CARTESIAN_POINT('Ctrl Pts',(1.01995427158408,2.86540472409601,-6.));
#7417=CARTESIAN_POINT('Ctrl Pts',(1.44629044958011,2.91963094163263,-6.));
#7418=CARTESIAN_POINT('Origin',(-6.,3.5,-6.5));
#7419=CARTESIAN_POINT('',(-6.,3.,1.27780651883303));
#7420=CARTESIAN_POINT('Ctrl Pts',(-6.,3.,1.27780651883302));
#7421=CARTESIAN_POINT('Ctrl Pts',(-6.,2.95703552141238,0.942892000055111));
#7422=CARTESIAN_POINT('Ctrl Pts',(-6.,2.92921724901019,0.608139589240014));
#7423=CARTESIAN_POINT('Ctrl Pts',(-6.,2.91548717823327,0.202213272037523));
#7424=CARTESIAN_POINT('Ctrl Pts',(-5.99999999999941,2.91385103437969,0.13383465832745));
#7425=CARTESIAN_POINT('Ctrl Pts',(-5.99999999999941,2.91270389499975,0.051777192660893));
#7426=CARTESIAN_POINT('Ctrl Pts',(-6.,2.91254017519416,0.0381293709712656));
#7427=CARTESIAN_POINT('Ctrl Pts',(-6.,2.91233984923855,0.0181194665244941));
#7428=CARTESIAN_POINT('Ctrl Pts',(-6.,2.91228204523632,0.0117577880049352));
#7429=CARTESIAN_POINT('Ctrl Pts',(-6.,2.91222185955145,0.00438304376678503));
#7430=CARTESIAN_POINT('Ctrl Pts',(-6.,2.91221374163493,0.00337004260122214));
#7431=CARTESIAN_POINT('Ctrl Pts',(-6.,2.91220163830138,0.00183143104912545));
#7432=CARTESIAN_POINT('Ctrl Pts',(-6.,2.91219754382686,0.00130582162322696));
#7433=CARTESIAN_POINT('Ctrl Pts',(-6.,2.91219022819861,0.000357404329456839));
#7434=CARTESIAN_POINT('Ctrl Pts',(-5.99999999999998,2.91218699719895,-6.48630430164649E-5));
#7435=CARTESIAN_POINT('Ctrl Pts',(-5.99999999999998,2.91218058928861,-0.000908954563575859));
#7436=CARTESIAN_POINT('Ctrl Pts',(-5.99999999999992,2.91217740147154,-0.00133225531218038));
#7437=CARTESIAN_POINT('Ctrl Pts',(-5.99999999999992,2.91216956717525,-0.00238099181184863));
#7438=CARTESIAN_POINT('Ctrl Pts',(-5.99999999999992,2.91216495105918,-0.00300642769147578));
#7439=CARTESIAN_POINT('Ctrl Pts',(-5.99999999999992,2.91214686629502,-0.00548683308567199));
#7440=CARTESIAN_POINT('Ctrl Pts',(-6.,2.91213383446894,-0.00734180510143189));
#7441=CARTESIAN_POINT('Ctrl Pts',(-6.,2.91211604495032,-0.00997353256354687));
#7442=CARTESIAN_POINT('Ctrl Pts',(-6.,2.91211088081329,-0.0107502847863412));
#7443=CARTESIAN_POINT('Ctrl Pts',(-6.,2.91207849005627,-0.0157051934374259));
#7444=CARTESIAN_POINT('Ctrl Pts',(-6.,2.912053677571,-0.0198833607570765));
#7445=CARTESIAN_POINT('Ctrl Pts',(-6.,2.91192447654171,-0.0440780489435335));
#7446=CARTESIAN_POINT('Ctrl Pts',(-6.,2.91187498496915,-0.0640943230531958));
#7447=CARTESIAN_POINT('Ctrl Pts',(-6.,2.91192340833407,-0.186564643486568));
#7448=CARTESIAN_POINT('Ctrl Pts',(-6.,2.91346779769421,-0.288946249564823));
#7449=CARTESIAN_POINT('Ctrl Pts',(-6.,2.92701208056423,-0.744935550458452));
#7450=CARTESIAN_POINT('Ctrl Pts',(-6.,2.9552719231887,-1.0954769840295));
#7451=CARTESIAN_POINT('Ctrl Pts',(-6.,2.99993054985784,-1.44629044958009));
#7452=CARTESIAN_POINT('',(-6.,3.,6.));
#7453=CARTESIAN_POINT('',(-6.,3.,-6.5));
#7454=CARTESIAN_POINT('',(-6.,3.5,6.));
#7455=CARTESIAN_POINT('Origin',(-6.5,3.5,6.));
#7456=CARTESIAN_POINT('',(-0.520515021667754,3.,6.));
#7457=CARTESIAN_POINT('Ctrl Pts',(-0.520515021668079,3.00000000000002,6.));
#7458=CARTESIAN_POINT('Ctrl Pts',(-0.377574516748246,2.99411394549476,6.));
#7459=CARTESIAN_POINT('Ctrl Pts',(-0.23471835529292,2.99115871835352,5.99999999988574));
#7460=CARTESIAN_POINT('Ctrl Pts',(-0.0641737356436683,2.99115834036792,
5.99999999988574));
#7461=CARTESIAN_POINT('Ctrl Pts',(-0.0366928697750602,2.99126733231425,
6.));
#7462=CARTESIAN_POINT('Ctrl Pts',(-0.00732128841588718,2.99150033820014,
6.));
#7463=CARTESIAN_POINT('Ctrl Pts',(-0.00543109382948443,2.99151584891755,
5.99999999999969));
#7464=CARTESIAN_POINT('Ctrl Pts',(-0.00286831535725681,2.99153757798948,
5.99999999999969));
#7465=CARTESIAN_POINT('Ctrl Pts',(-0.00219572911884971,2.99154334595398,
6.));
#7466=CARTESIAN_POINT('Ctrl Pts',(-0.00113567898886842,2.99155253964026,
6.));
#7467=CARTESIAN_POINT('Ctrl Pts',(-0.000748211963450038,2.99155592176457,
6.));
#7468=CARTESIAN_POINT('Ctrl Pts',(-1.56672534038249E-6,2.99156248084266,
6.));
#7469=CARTESIAN_POINT('Ctrl Pts',(0.000357611419229714,2.99156565474719,
6.));
#7470=CARTESIAN_POINT('Ctrl Pts',(0.00120551219586147,2.99157319124316,
6.));
#7471=CARTESIAN_POINT('Ctrl Pts',(0.00169423465383339,2.99157756968718,
6.));
#7472=CARTESIAN_POINT('Ctrl Pts',(0.003120122631451,2.99159044473952,6.));
#7473=CARTESIAN_POINT('Ctrl Pts',(0.00405728734778304,2.9915990336329,6.));
#7474=CARTESIAN_POINT('Ctrl Pts',(0.0107407362272333,2.99166118988377,6.));
#7475=CARTESIAN_POINT('Ctrl Pts',(0.0164869643593557,2.99171939576703,6.));
#7476=CARTESIAN_POINT('Ctrl Pts',(0.0343192130665924,2.99191481285877,6.));
#7477=CARTESIAN_POINT('Ctrl Pts',(0.0464049228271995,2.99206833551663,6.));
#7478=CARTESIAN_POINT('Ctrl Pts',(0.11807212019025,2.99310365174117,6.));
#7479=CARTESIAN_POINT('Ctrl Pts',(0.177632240538764,2.99447616036632,5.99999999999978));
#7480=CARTESIAN_POINT('Ctrl Pts',(0.2705528212436,2.99741288294917,5.99999999999978));
#7481=CARTESIAN_POINT('Ctrl Pts',(0.303897790838699,2.99862666489407,6.));
#7482=CARTESIAN_POINT('Ctrl Pts',(0.337248633388141,3.0000000004323,6.));
#7483=CARTESIAN_POINT('',(-6.5,3.,6.));
#7484=CARTESIAN_POINT('Origin',(0.,3.,0.));
#7485=CARTESIAN_POINT('Ctrl Pts',(-6.,3.,1.27780651883303));
#7486=CARTESIAN_POINT('Ctrl Pts',(-5.85593767196156,3.,1.91002309040997));
#7487=CARTESIAN_POINT('Ctrl Pts',(-5.61208541379843,3.,2.51526227145925));
#7488=CARTESIAN_POINT('Ctrl Pts',(-4.9443464297259,3.,3.62424946717113));
#7489=CARTESIAN_POINT('Ctrl Pts',(-4.52533258630216,3.,4.12134656403619));
#7490=CARTESIAN_POINT('Ctrl Pts',(-3.53098155428489,3.,4.9795435822006));
#7491=CARTESIAN_POINT('Ctrl Pts',(-2.95461621385728,3.00000000002832,5.3324397313697));
#7492=CARTESIAN_POINT('Ctrl Pts',(-1.753834768027,3.00000000002832,5.81458339465857));
#7493=CARTESIAN_POINT('Ctrl Pts',(-1.14252321605939,3.,5.9555283773843));
#7494=CARTESIAN_POINT('Ctrl Pts',(-0.520515021667764,3.,6.));
#7495=CARTESIAN_POINT('Origin',(-9.,1.,0.));
#7496=CARTESIAN_POINT('Origin',(9.,1.,0.));
#7497=CARTESIAN_POINT('Origin',(0.,3.5,0.106669187734644));
#7498=CARTESIAN_POINT('Origin',(6.10883628472795,3.5,-1.76944600839559));
#7499=CARTESIAN_POINT('Origin',(0.,3.5,0.106669187734644));
#7500=CARTESIAN_POINT('Origin',(-1.02020590878725,3.5,-6.27757913800467));
#7501=CARTESIAN_POINT('',(0.548143040833961,3.5,-6.87183632611181));
#7502=CARTESIAN_POINT('Origin',(0.,3.5,-6.35993867346501));
#7503=CARTESIAN_POINT('',(0.561294310887502,3.5,-6.87079085848313));
#7504=CARTESIAN_POINT('Origin',(0.,3.5,0.106669187734644));
#7505=CARTESIAN_POINT('Origin',(1.02020590878733,3.5,-6.27757913800466));
#7506=CARTESIAN_POINT('Origin',(2.01398902042657,3.5,-6.03263360033055));
#7507=CARTESIAN_POINT('Origin',(-2.01398902042649,3.5,-6.03263360033058));
#7508=CARTESIAN_POINT('Origin',(0.,3.5,0.106669187734644));
#7509=CARTESIAN_POINT('Origin',(-6.10883628472793,3.5,-1.76944600839567));
#7510=CARTESIAN_POINT('Origin',(0.,3.5,0.106669187734644));
#7511=CARTESIAN_POINT('Origin',(-5.94664596217294,3.5,2.25526533490146));
#7512=CARTESIAN_POINT('Origin',(0.,3.5,0.106669187734644));
#7513=CARTESIAN_POINT('Origin',(-2.49288360075611,3.5,5.85101284251856));
#7514=CARTESIAN_POINT('Origin',(2.49288360075603,3.5,5.8510128425186));
#7515=CARTESIAN_POINT('Origin',(1.52203294846837,3.5,6.17513041433236));
#7516=CARTESIAN_POINT('Origin',(-1.52203294846845,3.5,6.17513041433234));
#7517=CARTESIAN_POINT('Origin',(0.,3.5,0.106669187734644));
#7518=CARTESIAN_POINT('Origin',(5.94664596217291,3.5,2.25526533490154));
#7519=CARTESIAN_POINT('Origin',(0.,7.,0.106669187734644));
#7520=CARTESIAN_POINT('Origin',(-1.02020590878725,7.,-6.27757913800467));
#7521=CARTESIAN_POINT('Origin',(-2.01398902042649,7.,-6.03263360033058));
#7522=CARTESIAN_POINT('Origin',(-2.95561087433643,7.,-5.63144602120451));
#7523=CARTESIAN_POINT('Origin',(-3.82068395911199,7.,-5.08440694819171));
#7524=CARTESIAN_POINT('Origin',(-4.58680333625949,7.,-4.4056844059368));
#7525=CARTESIAN_POINT('Origin',(-5.23412691633477,7.,-3.61285695176764));
#7526=CARTESIAN_POINT('Origin',(-5.74588935863731,7.,-2.72645840029412));
#7527=CARTESIAN_POINT('Origin',(-6.10883628472793,7.,-1.76944600839567));
#7528=CARTESIAN_POINT('Origin',(-6.31356755986812,7.,-0.766605894326984));
#7529=CARTESIAN_POINT('Origin',(-6.35478075157213,7.,0.256088909725233));
#7530=CARTESIAN_POINT('Origin',(-6.23140845982313,7.,1.27215114553287));
#7531=CARTESIAN_POINT('Origin',(-5.94664596217294,7.,2.25526533490146));
#7532=CARTESIAN_POINT('Origin',(-5.50786845773183,7.,3.17996933673246));
#7533=CARTESIAN_POINT('Origin',(-4.92644005338562,7.,4.0223138031031));
#7534=CARTESIAN_POINT('Origin',(-4.21741943939659,7.,4.76048245479758));
#7535=CARTESIAN_POINT('Origin',(-3.39916987723567,7.,5.37535711147915));
#7536=CARTESIAN_POINT('Origin',(-2.49288360075611,7.,5.85101284251856));
#7537=CARTESIAN_POINT('Origin',(-1.52203294846845,7.,6.17513041433234));
#7538=CARTESIAN_POINT('Origin',(1.52203294846837,7.,6.17513041433236));
#7539=CARTESIAN_POINT('Origin',(2.49288360075603,7.,5.8510128425186));
#7540=CARTESIAN_POINT('Origin',(3.3991698772356,7.,5.3753571114792));
#7541=CARTESIAN_POINT('Origin',(4.21741943939653,7.,4.76048245479764));
#7542=CARTESIAN_POINT('Origin',(4.92644005338557,7.,4.02231380310317));
#7543=CARTESIAN_POINT('Origin',(5.50786845773179,7.,3.17996933673253));
#7544=CARTESIAN_POINT('Origin',(5.94664596217291,7.,2.25526533490154));
#7545=CARTESIAN_POINT('Origin',(6.23140845982311,7.,1.27215114553296));
#7546=CARTESIAN_POINT('Origin',(6.35478075157213,7.,0.256088909725318));
#7547=CARTESIAN_POINT('Origin',(6.31356755986813,7.,-0.766605894326896));
#7548=CARTESIAN_POINT('Origin',(6.10883628472795,7.,-1.76944600839559));
#7549=CARTESIAN_POINT('Origin',(5.74588935863735,7.,-2.72645840029404));
#7550=CARTESIAN_POINT('Origin',(5.23412691633481,7.,-3.61285695176757));
#7551=CARTESIAN_POINT('Origin',(4.58680333625955,7.,-4.40568440593674));
#7552=CARTESIAN_POINT('Origin',(3.82068395911207,7.,-5.08440694819166));
#7553=CARTESIAN_POINT('Origin',(2.9556108743365,7.,-5.63144602120448));
#7554=CARTESIAN_POINT('Origin',(2.01398902042657,7.,-6.03263360033055));
#7555=CARTESIAN_POINT('',(0.561294310887502,7.,-6.87079085848313));
#7556=CARTESIAN_POINT('Origin',(1.02020590878733,7.,-6.27757913800466));
#7557=CARTESIAN_POINT('',(0.548143040833961,7.,-6.87183632611181));
#7558=CARTESIAN_POINT('Origin',(0.,7.,0.106669187734644));
#7559=CARTESIAN_POINT('Origin',(0.,7.,-6.35993867346501));
#7560=CARTESIAN_POINT('Origin',(0.,7.,0.106669187734644));
#7561=CARTESIAN_POINT('',(0.561294310887501,5.25,-6.87079085848313));
#7562=CARTESIAN_POINT('',(0.548143040833961,5.25,-6.87183632611181));
#7563=CARTESIAN_POINT('Origin',(1.11022302462516E-15,6.86109375043358,-6.4492399840351E-16));
#7564=CARTESIAN_POINT('Ctrl Pts',(6.00000000000001,2.86413195100931,-1.44629044958008));
#7565=CARTESIAN_POINT('Ctrl Pts',(6.1718519153125,2.85810155241225,-0.733355165955434));
#7566=CARTESIAN_POINT('Ctrl Pts',(6.1718519153125,2.85265625043358,4.44201641426197E-16));
#7567=CARTESIAN_POINT('Ctrl Pts',(6.1718519153125,2.8472109484549,0.733355165955441));
#7568=CARTESIAN_POINT('Ctrl Pts',(6.,2.84118054985785,1.44629044958009));
#7569=CARTESIAN_POINT('Ctrl Pts',(6.00000000000001,2.94350695100931,-1.44629044958008));
#7570=CARTESIAN_POINT('Ctrl Pts',(6.1718519153125,2.93747655241225,-0.733355165955434));
#7571=CARTESIAN_POINT('Ctrl Pts',(6.1718519153125,2.93203125043358,4.44201641426197E-16));
#7572=CARTESIAN_POINT('Ctrl Pts',(6.1718519153125,2.9265859484549,0.733355165955441));
#7573=CARTESIAN_POINT('Ctrl Pts',(6.,2.92055554985784,1.44629044958009));
#7574=CARTESIAN_POINT('Ctrl Pts',(-6.1718519153125,6.90078125043358,-1.20003551071609E-15));
#7575=CARTESIAN_POINT('Ctrl Pts',(-6.1718519153125,6.87432291710024,-3.56332036470418));
#7576=CARTESIAN_POINT('Ctrl Pts',(-3.08592595765625,6.84786458376691,-5.34498054705627));
#7577=CARTESIAN_POINT('Ctrl Pts',(9.49300762400932E-16,6.82140625043358,
-7.12664072940836));
#7578=CARTESIAN_POINT('Ctrl Pts',(3.08592595765625,6.79494791710024,-5.34498054705627));
#7579=CARTESIAN_POINT('Ctrl Pts',(6.1718519153125,6.76848958376691,-3.56332036470418));
#7580=CARTESIAN_POINT('Ctrl Pts',(6.1718519153125,6.74203125043358,4.44201641426197E-16));
#7581=CARTESIAN_POINT('Ctrl Pts',(6.1718519153125,6.71557291710024,3.56332036470418));
#7582=CARTESIAN_POINT('Ctrl Pts',(3.08592595765625,6.68911458376691,5.34498054705627));
#7583=CARTESIAN_POINT('Ctrl Pts',(-7.65389866066217E-17,6.66265625043358,
7.12664072940836));
#7584=CARTESIAN_POINT('Ctrl Pts',(-3.08592595765625,6.63619791710024,5.34498054705627));
#7585=CARTESIAN_POINT('Ctrl Pts',(-6.1718519153125,6.60973958376691,3.56332036470418));
#7586=CARTESIAN_POINT('Ctrl Pts',(-6.1718519153125,6.58328125043358,-1.20003551071609E-15));
#7587=CARTESIAN_POINT('Ctrl Pts',(-6.1718519153125,6.55682291710024,-3.56332036470418));
#7588=CARTESIAN_POINT('Ctrl Pts',(-3.08592595765625,6.53036458376691,-5.34498054705627));
#7589=CARTESIAN_POINT('Ctrl Pts',(9.49300762400932E-16,6.50390625043358,
-7.12664072940836));
#7590=CARTESIAN_POINT('Ctrl Pts',(3.08592595765625,6.47744791710024,-5.34498054705627));
#7591=CARTESIAN_POINT('Ctrl Pts',(6.1718519153125,6.45098958376691,-3.56332036470418));
#7592=CARTESIAN_POINT('Ctrl Pts',(6.1718519153125,6.42453125043358,4.44201641426197E-16));
#7593=CARTESIAN_POINT('Ctrl Pts',(6.1718519153125,6.39807291710024,3.56332036470418));
#7594=CARTESIAN_POINT('Ctrl Pts',(3.08592595765625,6.37161458376691,5.34498054705627));
#7595=CARTESIAN_POINT('Ctrl Pts',(-7.65389866066217E-17,6.34515625043358,
7.12664072940836));
#7596=CARTESIAN_POINT('Ctrl Pts',(-3.08592595765625,6.31869791710024,5.34498054705627));
#7597=CARTESIAN_POINT('Ctrl Pts',(-6.1718519153125,6.29223958376691,3.56332036470418));
#7598=CARTESIAN_POINT('Ctrl Pts',(-6.1718519153125,6.26578125043358,-1.20003551071609E-15));
#7599=CARTESIAN_POINT('Ctrl Pts',(-6.1718519153125,6.23932291710024,-3.56332036470418));
#7600=CARTESIAN_POINT('Ctrl Pts',(-3.08592595765625,6.21286458376691,-5.34498054705627));
#7601=CARTESIAN_POINT('Ctrl Pts',(9.49300762400932E-16,6.18640625043358,
-7.12664072940836));
#7602=CARTESIAN_POINT('Ctrl Pts',(3.08592595765625,6.15994791710024,-5.34498054705627));
#7603=CARTESIAN_POINT('Ctrl Pts',(6.1718519153125,6.13348958376691,-3.56332036470418));
#7604=CARTESIAN_POINT('Ctrl Pts',(6.1718519153125,6.10703125043358,4.44201641426197E-16));
#7605=CARTESIAN_POINT('Ctrl Pts',(6.1718519153125,6.08057291710024,3.56332036470418));
#7606=CARTESIAN_POINT('Ctrl Pts',(3.08592595765625,6.05411458376691,5.34498054705627));
#7607=CARTESIAN_POINT('Ctrl Pts',(-7.65389866066217E-17,6.02765625043358,
7.12664072940836));
#7608=CARTESIAN_POINT('Ctrl Pts',(-3.08592595765625,6.00119791710024,5.34498054705627));
#7609=CARTESIAN_POINT('Ctrl Pts',(-6.1718519153125,5.97473958376691,3.56332036470418));
#7610=CARTESIAN_POINT('Ctrl Pts',(-6.1718519153125,5.94828125043358,-1.20003551071609E-15));
#7611=CARTESIAN_POINT('Ctrl Pts',(-6.1718519153125,5.92182291710024,-3.56332036470418));
#7612=CARTESIAN_POINT('Ctrl Pts',(-3.08592595765625,5.89536458376691,-5.34498054705627));
#7613=CARTESIAN_POINT('Ctrl Pts',(9.49300762400932E-16,5.86890625043358,
-7.12664072940836));
#7614=CARTESIAN_POINT('Ctrl Pts',(3.08592595765625,5.84244791710024,-5.34498054705627));
#7615=CARTESIAN_POINT('Ctrl Pts',(6.1718519153125,5.81598958376691,-3.56332036470418));
#7616=CARTESIAN_POINT('Ctrl Pts',(6.1718519153125,5.78953125043358,4.44201641426197E-16));
#7617=CARTESIAN_POINT('Ctrl Pts',(6.1718519153125,5.76307291710024,3.56332036470418));
#7618=CARTESIAN_POINT('Ctrl Pts',(3.08592595765625,5.73661458376691,5.34498054705627));
#7619=CARTESIAN_POINT('Ctrl Pts',(-7.65389866066217E-17,5.71015625043358,
7.12664072940836));
#7620=CARTESIAN_POINT('Ctrl Pts',(-3.08592595765625,5.68369791710024,5.34498054705627));
#7621=CARTESIAN_POINT('Ctrl Pts',(-6.1718519153125,5.65723958376691,3.56332036470418));
#7622=CARTESIAN_POINT('Ctrl Pts',(-6.1718519153125,5.63078125043358,-1.20003551071609E-15));
#7623=CARTESIAN_POINT('Ctrl Pts',(-6.1718519153125,5.60432291710024,-3.56332036470418));
#7624=CARTESIAN_POINT('Ctrl Pts',(-3.08592595765625,5.57786458376691,-5.34498054705627));
#7625=CARTESIAN_POINT('Ctrl Pts',(9.49300762400932E-16,5.55140625043358,
-7.12664072940836));
#7626=CARTESIAN_POINT('Ctrl Pts',(3.08592595765625,5.52494791710024,-5.34498054705627));
#7627=CARTESIAN_POINT('Ctrl Pts',(6.1718519153125,5.49848958376691,-3.56332036470418));
#7628=CARTESIAN_POINT('Ctrl Pts',(6.1718519153125,5.47203125043358,4.44201641426197E-16));
#7629=CARTESIAN_POINT('Ctrl Pts',(6.1718519153125,5.44557291710024,3.56332036470418));
#7630=CARTESIAN_POINT('Ctrl Pts',(3.08592595765625,5.41911458376691,5.34498054705627));
#7631=CARTESIAN_POINT('Ctrl Pts',(-7.65389866066217E-17,5.39265625043358,
7.12664072940836));
#7632=CARTESIAN_POINT('Ctrl Pts',(-3.08592595765625,5.36619791710024,5.34498054705627));
#7633=CARTESIAN_POINT('Ctrl Pts',(-6.1718519153125,5.33973958376691,3.56332036470418));
#7634=CARTESIAN_POINT('Ctrl Pts',(-6.1718519153125,5.31328125043358,-1.20003551071609E-15));
#7635=CARTESIAN_POINT('Ctrl Pts',(-6.1718519153125,5.28682291710024,-3.56332036470418));
#7636=CARTESIAN_POINT('Ctrl Pts',(-3.08592595765625,5.26036458376691,-5.34498054705627));
#7637=CARTESIAN_POINT('Ctrl Pts',(9.49300762400932E-16,5.23390625043358,
-7.12664072940836));
#7638=CARTESIAN_POINT('Ctrl Pts',(3.08592595765625,5.20744791710024,-5.34498054705627));
#7639=CARTESIAN_POINT('Ctrl Pts',(6.1718519153125,5.18098958376691,-3.56332036470418));
#7640=CARTESIAN_POINT('Ctrl Pts',(6.1718519153125,5.15453125043358,4.44201641426197E-16));
#7641=CARTESIAN_POINT('Ctrl Pts',(6.1718519153125,5.12807291710024,3.56332036470418));
#7642=CARTESIAN_POINT('Ctrl Pts',(3.08592595765625,5.10161458376691,5.34498054705627));
#7643=CARTESIAN_POINT('Ctrl Pts',(-7.65389866066217E-17,5.07515625043358,
7.12664072940836));
#7644=CARTESIAN_POINT('Ctrl Pts',(-3.08592595765625,5.04869791710024,5.34498054705627));
#7645=CARTESIAN_POINT('Ctrl Pts',(-6.1718519153125,5.02223958376691,3.56332036470418));
#7646=CARTESIAN_POINT('Ctrl Pts',(-6.1718519153125,4.99578125043358,-1.20003551071609E-15));
#7647=CARTESIAN_POINT('Ctrl Pts',(-6.1718519153125,4.96932291710024,-3.56332036470418));
#7648=CARTESIAN_POINT('Ctrl Pts',(-3.08592595765625,4.94286458376691,-5.34498054705627));
#7649=CARTESIAN_POINT('Ctrl Pts',(9.49300762400932E-16,4.91640625043358,
-7.12664072940836));
#7650=CARTESIAN_POINT('Ctrl Pts',(3.08592595765625,4.88994791710024,-5.34498054705627));
#7651=CARTESIAN_POINT('Ctrl Pts',(6.1718519153125,4.86348958376691,-3.56332036470418));
#7652=CARTESIAN_POINT('Ctrl Pts',(6.1718519153125,4.83703125043357,4.44201641426197E-16));
#7653=CARTESIAN_POINT('Ctrl Pts',(6.1718519153125,4.81057291710024,3.56332036470418));
#7654=CARTESIAN_POINT('Ctrl Pts',(3.08592595765625,4.78411458376691,5.34498054705627));
#7655=CARTESIAN_POINT('Ctrl Pts',(-7.65389866066217E-17,4.75765625043358,
7.12664072940836));
#7656=CARTESIAN_POINT('Ctrl Pts',(-3.08592595765625,4.73119791710024,5.34498054705627));
#7657=CARTESIAN_POINT('Ctrl Pts',(-6.1718519153125,4.70473958376691,3.56332036470418));
#7658=CARTESIAN_POINT('Ctrl Pts',(-6.1718519153125,4.67828125043358,-1.20003551071609E-15));
#7659=CARTESIAN_POINT('Ctrl Pts',(-6.1718519153125,4.65182291710024,-3.56332036470418));
#7660=CARTESIAN_POINT('Ctrl Pts',(-3.08592595765625,4.62536458376691,-5.34498054705627));
#7661=CARTESIAN_POINT('Ctrl Pts',(9.49300762400932E-16,4.59890625043358,
-7.12664072940836));
#7662=CARTESIAN_POINT('Ctrl Pts',(3.08592595765625,4.57244791710024,-5.34498054705627));
#7663=CARTESIAN_POINT('Ctrl Pts',(6.1718519153125,4.54598958376691,-3.56332036470418));
#7664=CARTESIAN_POINT('Ctrl Pts',(6.1718519153125,4.51953125043357,4.44201641426197E-16));
#7665=CARTESIAN_POINT('Ctrl Pts',(6.1718519153125,4.49307291710024,3.56332036470418));
#7666=CARTESIAN_POINT('Ctrl Pts',(3.08592595765625,4.46661458376691,5.34498054705627));
#7667=CARTESIAN_POINT('Ctrl Pts',(-7.65389866066217E-17,4.44015625043358,
7.12664072940836));
#7668=CARTESIAN_POINT('Ctrl Pts',(-3.08592595765625,4.41369791710024,5.34498054705627));
#7669=CARTESIAN_POINT('Ctrl Pts',(-6.1718519153125,4.38723958376691,3.56332036470418));
#7670=CARTESIAN_POINT('Ctrl Pts',(-6.1718519153125,4.36078125043358,-1.20003551071609E-15));
#7671=CARTESIAN_POINT('Ctrl Pts',(-6.1718519153125,4.33432291710024,-3.56332036470418));
#7672=CARTESIAN_POINT('Ctrl Pts',(-3.08592595765625,4.30786458376691,-5.34498054705627));
#7673=CARTESIAN_POINT('Ctrl Pts',(9.49300762400932E-16,4.28140625043358,
-7.12664072940836));
#7674=CARTESIAN_POINT('Ctrl Pts',(3.08592595765625,4.25494791710024,-5.34498054705627));
#7675=CARTESIAN_POINT('Ctrl Pts',(6.1718519153125,4.22848958376691,-3.56332036470418));
#7676=CARTESIAN_POINT('Ctrl Pts',(6.1718519153125,4.20203125043358,4.44201641426197E-16));
#7677=CARTESIAN_POINT('Ctrl Pts',(6.1718519153125,4.17557291710024,3.56332036470418));
#7678=CARTESIAN_POINT('Ctrl Pts',(3.08592595765625,4.14911458376691,5.34498054705627));
#7679=CARTESIAN_POINT('Ctrl Pts',(-7.65389866066217E-17,4.12265625043358,
7.12664072940836));
#7680=CARTESIAN_POINT('Ctrl Pts',(-3.08592595765625,4.09619791710024,5.34498054705627));
#7681=CARTESIAN_POINT('Ctrl Pts',(-6.1718519153125,4.06973958376691,3.56332036470418));
#7682=CARTESIAN_POINT('Ctrl Pts',(-6.1718519153125,4.04328125043358,-1.20003551071609E-15));
#7683=CARTESIAN_POINT('Ctrl Pts',(-6.1718519153125,4.01682291710024,-3.56332036470418));
#7684=CARTESIAN_POINT('Ctrl Pts',(-3.08592595765625,3.99036458376691,-5.34498054705627));
#7685=CARTESIAN_POINT('Ctrl Pts',(9.49300762400932E-16,3.96390625043358,
-7.12664072940836));
#7686=CARTESIAN_POINT('Ctrl Pts',(3.08592595765625,3.93744791710024,-5.34498054705627));
#7687=CARTESIAN_POINT('Ctrl Pts',(6.1718519153125,3.91098958376691,-3.56332036470418));
#7688=CARTESIAN_POINT('Ctrl Pts',(6.1718519153125,3.88453125043358,4.44201641426197E-16));
#7689=CARTESIAN_POINT('Ctrl Pts',(6.1718519153125,3.85807291710024,3.56332036470418));
#7690=CARTESIAN_POINT('Ctrl Pts',(3.08592595765625,3.83161458376691,5.34498054705627));
#7691=CARTESIAN_POINT('Ctrl Pts',(-7.65389866066217E-17,3.80515625043358,
7.12664072940836));
#7692=CARTESIAN_POINT('Ctrl Pts',(-3.08592595765625,3.77869791710024,5.34498054705627));
#7693=CARTESIAN_POINT('Ctrl Pts',(-6.1718519153125,3.75223958376691,3.56332036470418));
#7694=CARTESIAN_POINT('Ctrl Pts',(-6.1718519153125,3.72578125043358,-1.20003551071609E-15));
#7695=CARTESIAN_POINT('Ctrl Pts',(-6.1718519153125,3.69932291710024,-3.56332036470418));
#7696=CARTESIAN_POINT('Ctrl Pts',(-3.08592595765625,3.67286458376691,-5.34498054705627));
#7697=CARTESIAN_POINT('Ctrl Pts',(9.49300762400932E-16,3.64640625043358,
-7.12664072940836));
#7698=CARTESIAN_POINT('Ctrl Pts',(3.08592595765625,3.61994791710024,-5.34498054705627));
#7699=CARTESIAN_POINT('Ctrl Pts',(6.1718519153125,3.59348958376691,-3.56332036470418));
#7700=CARTESIAN_POINT('Ctrl Pts',(6.1718519153125,3.56703125043358,4.44201641426197E-16));
#7701=CARTESIAN_POINT('Ctrl Pts',(6.1718519153125,3.54057291710024,3.56332036470418));
#7702=CARTESIAN_POINT('Ctrl Pts',(3.08592595765625,3.51411458376691,5.34498054705627));
#7703=CARTESIAN_POINT('Ctrl Pts',(-7.65389866066217E-17,3.48765625043358,
7.12664072940836));
#7704=CARTESIAN_POINT('Ctrl Pts',(-3.08592595765625,3.46119791710024,5.34498054705627));
#7705=CARTESIAN_POINT('Ctrl Pts',(-6.1718519153125,3.43473958376691,3.56332036470418));
#7706=CARTESIAN_POINT('Ctrl Pts',(-6.1718519153125,3.40828125043358,-1.20003551071609E-15));
#7707=CARTESIAN_POINT('Ctrl Pts',(-6.1718519153125,3.38182291710024,-3.56332036470418));
#7708=CARTESIAN_POINT('Ctrl Pts',(-3.08592595765625,3.35536458376691,-5.34498054705627));
#7709=CARTESIAN_POINT('Ctrl Pts',(9.49300762400932E-16,3.32890625043358,
-7.12664072940836));
#7710=CARTESIAN_POINT('Ctrl Pts',(3.08592595765625,3.30244791710024,-5.34498054705627));
#7711=CARTESIAN_POINT('Ctrl Pts',(6.1718519153125,3.27598958376691,-3.56332036470418));
#7712=CARTESIAN_POINT('Ctrl Pts',(6.1718519153125,3.24953125043358,4.44201641426197E-16));
#7713=CARTESIAN_POINT('Ctrl Pts',(6.1718519153125,3.22307291710024,3.56332036470418));
#7714=CARTESIAN_POINT('Ctrl Pts',(3.08592595765625,3.19661458376691,5.34498054705627));
#7715=CARTESIAN_POINT('Ctrl Pts',(-7.65389866066217E-17,3.17015625043358,
7.12664072940836));
#7716=CARTESIAN_POINT('Ctrl Pts',(-3.08592595765625,3.14369791710024,5.34498054705627));
#7717=CARTESIAN_POINT('Ctrl Pts',(-6.1718519153125,3.11723958376691,3.56332036470418));
#7718=CARTESIAN_POINT('Ctrl Pts',(-6.1718519153125,3.09078125043358,-1.20003551071609E-15));
#7719=CARTESIAN_POINT('Ctrl Pts',(-6.1718519153125,3.06432291710024,-3.56332036470418));
#7720=CARTESIAN_POINT('Ctrl Pts',(-3.08592595765625,3.03786458376691,-5.34498054705627));
#7721=CARTESIAN_POINT('Ctrl Pts',(9.49300762400932E-16,3.01140625043358,
-7.12664072940836));
#7722=CARTESIAN_POINT('Ctrl Pts',(3.08592595765625,2.98494791710024,-5.34498054705627));
#7723=CARTESIAN_POINT('Ctrl Pts',(6.1718519153125,2.95848958376691,-3.56332036470418));
#7724=CARTESIAN_POINT('Ctrl Pts',(6.1718519153125,2.93203125043358,4.44201641426197E-16));
#7725=CARTESIAN_POINT('Ctrl Pts',(6.1718519153125,2.91739136418335,1.97165120550804));
#7726=CARTESIAN_POINT('Ctrl Pts',(5.02878440971485,2.90056262392095,3.57813965981702));
#7727=CARTESIAN_POINT('Ctrl Pts',(-6.,7.,-3.85185988877447E-31));
#7728=CARTESIAN_POINT('Ctrl Pts',(-6.,6.97354166666667,-3.46410161513775));
#7729=CARTESIAN_POINT('Ctrl Pts',(-3.,6.94708333333333,-5.19615242270663));
#7730=CARTESIAN_POINT('Ctrl Pts',(-4.24230095489962E-16,6.920625,-6.92820323027551));
#7731=CARTESIAN_POINT('Ctrl Pts',(3.,6.89416666666667,-5.19615242270663));
#7732=CARTESIAN_POINT('Ctrl Pts',(6.,6.86770833333333,-3.46410161513776));
#7733=CARTESIAN_POINT('Ctrl Pts',(6.,6.84125,-7.34788079488412E-16));
#7734=CARTESIAN_POINT('Ctrl Pts',(6.,6.81479166666667,3.46410161513775));
#7735=CARTESIAN_POINT('Ctrl Pts',(3.,6.78833333333333,5.19615242270663));
#7736=CARTESIAN_POINT('Ctrl Pts',(1.27269028646989E-15,6.761875,6.92820323027551));
#7737=CARTESIAN_POINT('Ctrl Pts',(-3.,6.73541666666667,5.19615242270664));
#7738=CARTESIAN_POINT('Ctrl Pts',(-6.,6.70895833333333,3.46410161513776));
#7739=CARTESIAN_POINT('Ctrl Pts',(-6.,6.6825,-3.85185988877447E-31));
#7740=CARTESIAN_POINT('Ctrl Pts',(-6.,6.65604166666667,-3.46410161513775));
#7741=CARTESIAN_POINT('Ctrl Pts',(-3.,6.62958333333333,-5.19615242270663));
#7742=CARTESIAN_POINT('Ctrl Pts',(-4.24230095489962E-16,6.603125,-6.92820323027551));
#7743=CARTESIAN_POINT('Ctrl Pts',(3.,6.57666666666667,-5.19615242270663));
#7744=CARTESIAN_POINT('Ctrl Pts',(6.,6.55020833333333,-3.46410161513776));
#7745=CARTESIAN_POINT('Ctrl Pts',(6.,6.52375,-7.34788079488412E-16));
#7746=CARTESIAN_POINT('Ctrl Pts',(6.,6.49729166666667,3.46410161513775));
#7747=CARTESIAN_POINT('Ctrl Pts',(3.,6.47083333333333,5.19615242270663));
#7748=CARTESIAN_POINT('Ctrl Pts',(1.27269028646989E-15,6.444375,6.92820323027551));
#7749=CARTESIAN_POINT('Ctrl Pts',(-3.,6.41791666666667,5.19615242270664));
#7750=CARTESIAN_POINT('Ctrl Pts',(-6.,6.39145833333333,3.46410161513776));
#7751=CARTESIAN_POINT('Ctrl Pts',(-6.,6.365,-3.85185988877447E-31));
#7752=CARTESIAN_POINT('Ctrl Pts',(-6.,6.33854166666667,-3.46410161513775));
#7753=CARTESIAN_POINT('Ctrl Pts',(-3.,6.31208333333333,-5.19615242270663));
#7754=CARTESIAN_POINT('Ctrl Pts',(-4.24230095489962E-16,6.285625,-6.92820323027551));
#7755=CARTESIAN_POINT('Ctrl Pts',(3.,6.25916666666667,-5.19615242270663));
#7756=CARTESIAN_POINT('Ctrl Pts',(6.,6.23270833333333,-3.46410161513776));
#7757=CARTESIAN_POINT('Ctrl Pts',(6.,6.20625,-7.34788079488412E-16));
#7758=CARTESIAN_POINT('Ctrl Pts',(6.,6.17979166666667,3.46410161513775));
#7759=CARTESIAN_POINT('Ctrl Pts',(3.,6.15333333333333,5.19615242270663));
#7760=CARTESIAN_POINT('Ctrl Pts',(1.27269028646989E-15,6.126875,6.92820323027551));
#7761=CARTESIAN_POINT('Ctrl Pts',(-3.,6.10041666666667,5.19615242270664));
#7762=CARTESIAN_POINT('Ctrl Pts',(-6.,6.07395833333333,3.46410161513776));
#7763=CARTESIAN_POINT('Ctrl Pts',(-6.,6.0475,-3.85185988877447E-31));
#7764=CARTESIAN_POINT('Ctrl Pts',(-6.,6.02104166666667,-3.46410161513775));
#7765=CARTESIAN_POINT('Ctrl Pts',(-3.,5.99458333333333,-5.19615242270663));
#7766=CARTESIAN_POINT('Ctrl Pts',(-4.24230095489962E-16,5.968125,-6.92820323027551));
#7767=CARTESIAN_POINT('Ctrl Pts',(3.,5.94166666666667,-5.19615242270663));
#7768=CARTESIAN_POINT('Ctrl Pts',(6.,5.91520833333333,-3.46410161513776));
#7769=CARTESIAN_POINT('Ctrl Pts',(6.,5.88875,-7.34788079488412E-16));
#7770=CARTESIAN_POINT('Ctrl Pts',(6.,5.86229166666667,3.46410161513775));
#7771=CARTESIAN_POINT('Ctrl Pts',(3.,5.83583333333333,5.19615242270663));
#7772=CARTESIAN_POINT('Ctrl Pts',(1.27269028646989E-15,5.809375,6.92820323027551));
#7773=CARTESIAN_POINT('Ctrl Pts',(-3.,5.78291666666667,5.19615242270664));
#7774=CARTESIAN_POINT('Ctrl Pts',(-6.,5.75645833333333,3.46410161513776));
#7775=CARTESIAN_POINT('Ctrl Pts',(-6.,5.73,-3.85185988877447E-31));
#7776=CARTESIAN_POINT('Ctrl Pts',(-6.,5.70354166666667,-3.46410161513775));
#7777=CARTESIAN_POINT('Ctrl Pts',(-3.,5.67708333333333,-5.19615242270663));
#7778=CARTESIAN_POINT('Ctrl Pts',(-4.24230095489962E-16,5.650625,-6.92820323027551));
#7779=CARTESIAN_POINT('Ctrl Pts',(3.,5.62416666666667,-5.19615242270663));
#7780=CARTESIAN_POINT('Ctrl Pts',(6.,5.59770833333333,-3.46410161513776));
#7781=CARTESIAN_POINT('Ctrl Pts',(6.,5.57125,-7.34788079488412E-16));
#7782=CARTESIAN_POINT('Ctrl Pts',(6.,5.54479166666667,3.46410161513775));
#7783=CARTESIAN_POINT('Ctrl Pts',(3.,5.51833333333333,5.19615242270663));
#7784=CARTESIAN_POINT('Ctrl Pts',(1.27269028646989E-15,5.491875,6.92820323027551));
#7785=CARTESIAN_POINT('Ctrl Pts',(-3.,5.46541666666667,5.19615242270664));
#7786=CARTESIAN_POINT('Ctrl Pts',(-6.,5.43895833333333,3.46410161513776));
#7787=CARTESIAN_POINT('Ctrl Pts',(-6.,5.4125,-3.85185988877447E-31));
#7788=CARTESIAN_POINT('Ctrl Pts',(-6.,5.38604166666667,-3.46410161513775));
#7789=CARTESIAN_POINT('Ctrl Pts',(-3.,5.35958333333333,-5.19615242270663));
#7790=CARTESIAN_POINT('Ctrl Pts',(-4.24230095489962E-16,5.333125,-6.92820323027551));
#7791=CARTESIAN_POINT('Ctrl Pts',(3.,5.30666666666667,-5.19615242270663));
#7792=CARTESIAN_POINT('Ctrl Pts',(6.,5.28020833333333,-3.46410161513776));
#7793=CARTESIAN_POINT('Ctrl Pts',(6.,5.25375,-7.34788079488412E-16));
#7794=CARTESIAN_POINT('Ctrl Pts',(6.,5.22729166666667,3.46410161513775));
#7795=CARTESIAN_POINT('Ctrl Pts',(3.,5.20083333333333,5.19615242270663));
#7796=CARTESIAN_POINT('Ctrl Pts',(1.27269028646989E-15,5.174375,6.92820323027551));
#7797=CARTESIAN_POINT('Ctrl Pts',(-3.,5.14791666666667,5.19615242270664));
#7798=CARTESIAN_POINT('Ctrl Pts',(-6.,5.12145833333333,3.46410161513776));
#7799=CARTESIAN_POINT('Ctrl Pts',(-6.,5.095,-3.85185988877447E-31));
#7800=CARTESIAN_POINT('Ctrl Pts',(-6.,5.06854166666667,-3.46410161513775));
#7801=CARTESIAN_POINT('Ctrl Pts',(-3.,5.04208333333333,-5.19615242270663));
#7802=CARTESIAN_POINT('Ctrl Pts',(-4.24230095489962E-16,5.015625,-6.92820323027551));
#7803=CARTESIAN_POINT('Ctrl Pts',(3.,4.98916666666667,-5.19615242270663));
#7804=CARTESIAN_POINT('Ctrl Pts',(6.,4.96270833333333,-3.46410161513776));
#7805=CARTESIAN_POINT('Ctrl Pts',(6.,4.93625,-7.34788079488412E-16));
#7806=CARTESIAN_POINT('Ctrl Pts',(6.,4.90979166666667,3.46410161513775));
#7807=CARTESIAN_POINT('Ctrl Pts',(3.,4.88333333333333,5.19615242270663));
#7808=CARTESIAN_POINT('Ctrl Pts',(1.27269028646989E-15,4.856875,6.92820323027551));
#7809=CARTESIAN_POINT('Ctrl Pts',(-3.,4.83041666666667,5.19615242270664));
#7810=CARTESIAN_POINT('Ctrl Pts',(-6.,4.80395833333333,3.46410161513776));
#7811=CARTESIAN_POINT('Ctrl Pts',(-6.,4.7775,-3.85185988877447E-31));
#7812=CARTESIAN_POINT('Ctrl Pts',(-6.,4.75104166666667,-3.46410161513775));
#7813=CARTESIAN_POINT('Ctrl Pts',(-3.,4.72458333333333,-5.19615242270663));
#7814=CARTESIAN_POINT('Ctrl Pts',(-4.24230095489962E-16,4.698125,-6.92820323027551));
#7815=CARTESIAN_POINT('Ctrl Pts',(3.,4.67166666666667,-5.19615242270663));
#7816=CARTESIAN_POINT('Ctrl Pts',(6.,4.64520833333333,-3.46410161513776));
#7817=CARTESIAN_POINT('Ctrl Pts',(6.,4.61875,-7.34788079488412E-16));
#7818=CARTESIAN_POINT('Ctrl Pts',(6.,4.59229166666667,3.46410161513775));
#7819=CARTESIAN_POINT('Ctrl Pts',(3.,4.56583333333333,5.19615242270663));
#7820=CARTESIAN_POINT('Ctrl Pts',(1.27269028646989E-15,4.539375,6.92820323027551));
#7821=CARTESIAN_POINT('Ctrl Pts',(-3.,4.51291666666667,5.19615242270664));
#7822=CARTESIAN_POINT('Ctrl Pts',(-6.,4.48645833333333,3.46410161513776));
#7823=CARTESIAN_POINT('Ctrl Pts',(-6.,4.46,-3.85185988877447E-31));
#7824=CARTESIAN_POINT('Ctrl Pts',(-6.,4.43354166666667,-3.46410161513775));
#7825=CARTESIAN_POINT('Ctrl Pts',(-3.,4.40708333333333,-5.19615242270663));
#7826=CARTESIAN_POINT('Ctrl Pts',(-4.24230095489962E-16,4.380625,-6.92820323027551));
#7827=CARTESIAN_POINT('Ctrl Pts',(3.,4.35416666666667,-5.19615242270663));
#7828=CARTESIAN_POINT('Ctrl Pts',(6.,4.32770833333333,-3.46410161513776));
#7829=CARTESIAN_POINT('Ctrl Pts',(6.,4.30125,-7.34788079488412E-16));
#7830=CARTESIAN_POINT('Ctrl Pts',(6.,4.27479166666667,3.46410161513775));
#7831=CARTESIAN_POINT('Ctrl Pts',(3.,4.24833333333333,5.19615242270663));
#7832=CARTESIAN_POINT('Ctrl Pts',(1.27269028646989E-15,4.221875,6.92820323027551));
#7833=CARTESIAN_POINT('Ctrl Pts',(-3.,4.19541666666667,5.19615242270664));
#7834=CARTESIAN_POINT('Ctrl Pts',(-6.,4.16895833333333,3.46410161513776));
#7835=CARTESIAN_POINT('Ctrl Pts',(-6.,4.1425,-3.85185988877447E-31));
#7836=CARTESIAN_POINT('Ctrl Pts',(-6.,4.11604166666667,-3.46410161513775));
#7837=CARTESIAN_POINT('Ctrl Pts',(-3.,4.08958333333333,-5.19615242270663));
#7838=CARTESIAN_POINT('Ctrl Pts',(-4.24230095489962E-16,4.063125,-6.92820323027551));
#7839=CARTESIAN_POINT('Ctrl Pts',(3.,4.03666666666667,-5.19615242270663));
#7840=CARTESIAN_POINT('Ctrl Pts',(6.,4.01020833333333,-3.46410161513776));
#7841=CARTESIAN_POINT('Ctrl Pts',(6.,3.98375,-7.34788079488412E-16));
#7842=CARTESIAN_POINT('Ctrl Pts',(6.,3.95729166666667,3.46410161513775));
#7843=CARTESIAN_POINT('Ctrl Pts',(3.,3.93083333333333,5.19615242270663));
#7844=CARTESIAN_POINT('Ctrl Pts',(1.27269028646989E-15,3.904375,6.92820323027551));
#7845=CARTESIAN_POINT('Ctrl Pts',(-3.,3.87791666666667,5.19615242270664));
#7846=CARTESIAN_POINT('Ctrl Pts',(-6.,3.85145833333333,3.46410161513776));
#7847=CARTESIAN_POINT('Ctrl Pts',(-6.,3.825,-3.85185988877447E-31));
#7848=CARTESIAN_POINT('Ctrl Pts',(-6.,3.79854166666667,-3.46410161513775));
#7849=CARTESIAN_POINT('Ctrl Pts',(-3.,3.77208333333333,-5.19615242270663));
#7850=CARTESIAN_POINT('Ctrl Pts',(-4.24230095489962E-16,3.745625,-6.92820323027551));
#7851=CARTESIAN_POINT('Ctrl Pts',(3.,3.71916666666667,-5.19615242270663));
#7852=CARTESIAN_POINT('Ctrl Pts',(6.,3.69270833333333,-3.46410161513776));
#7853=CARTESIAN_POINT('Ctrl Pts',(6.,3.66625,-7.34788079488412E-16));
#7854=CARTESIAN_POINT('Ctrl Pts',(6.,3.63979166666667,3.46410161513775));
#7855=CARTESIAN_POINT('Ctrl Pts',(3.,3.61333333333333,5.19615242270663));
#7856=CARTESIAN_POINT('Ctrl Pts',(1.27269028646989E-15,3.586875,6.92820323027551));
#7857=CARTESIAN_POINT('Ctrl Pts',(-3.,3.56041666666667,5.19615242270664));
#7858=CARTESIAN_POINT('Ctrl Pts',(-6.,3.53395833333333,3.46410161513776));
#7859=CARTESIAN_POINT('Ctrl Pts',(-6.,3.5075,-3.85185988877447E-31));
#7860=CARTESIAN_POINT('Ctrl Pts',(-6.,3.48104166666667,-3.46410161513775));
#7861=CARTESIAN_POINT('Ctrl Pts',(-3.,3.45458333333333,-5.19615242270663));
#7862=CARTESIAN_POINT('Ctrl Pts',(-4.24230095489962E-16,3.428125,-6.92820323027551));
#7863=CARTESIAN_POINT('Ctrl Pts',(3.,3.40166666666667,-5.19615242270663));
#7864=CARTESIAN_POINT('Ctrl Pts',(6.,3.37520833333333,-3.46410161513776));
#7865=CARTESIAN_POINT('Ctrl Pts',(6.,3.34875,-7.34788079488412E-16));
#7866=CARTESIAN_POINT('Ctrl Pts',(6.,3.32229166666667,3.46410161513775));
#7867=CARTESIAN_POINT('Ctrl Pts',(3.,3.29583333333333,5.19615242270663));
#7868=CARTESIAN_POINT('Ctrl Pts',(1.27269028646989E-15,3.269375,6.92820323027551));
#7869=CARTESIAN_POINT('Ctrl Pts',(-3.,3.24291666666667,5.19615242270664));
#7870=CARTESIAN_POINT('Ctrl Pts',(-6.,3.21645833333333,3.46410161513776));
#7871=CARTESIAN_POINT('Ctrl Pts',(-6.,3.19,-3.85185988877447E-31));
#7872=CARTESIAN_POINT('Ctrl Pts',(-6.,3.16354166666667,-3.46410161513775));
#7873=CARTESIAN_POINT('Ctrl Pts',(-3.,3.13708333333333,-5.19615242270663));
#7874=CARTESIAN_POINT('Ctrl Pts',(-4.24230095489962E-16,3.110625,-6.92820323027551));
#7875=CARTESIAN_POINT('Ctrl Pts',(3.,3.08416666666667,-5.19615242270663));
#7876=CARTESIAN_POINT('Ctrl Pts',(6.,3.05770833333333,-3.46410161513776));
#7877=CARTESIAN_POINT('Ctrl Pts',(6.,3.03125,-7.34788079488412E-16));
#7878=CARTESIAN_POINT('Ctrl Pts',(6.,3.01661011374977,1.91675163230958));
#7879=CARTESIAN_POINT('Ctrl Pts',(4.88876059767895,2.99978137348737,3.47850827490489));
#7880=CARTESIAN_POINT('',(-6.08592595765625,6.95039062521679,-6.00017755358044E-16));
#7881=CARTESIAN_POINT('Ctrl Pts',(6.1718519153125,6.74203125043358,4.44201641426197E-16));
#7882=CARTESIAN_POINT('Ctrl Pts',(6.1718519153125,6.71557291710024,3.56332036470418));
#7883=CARTESIAN_POINT('Ctrl Pts',(3.08592595765625,6.68911458376691,5.34498054705627));
#7884=CARTESIAN_POINT('Ctrl Pts',(-7.65389866066217E-17,6.66265625043358,
7.12664072940836));
#7885=CARTESIAN_POINT('Ctrl Pts',(-3.08592595765625,6.63619791710024,5.34498054705627));
#7886=CARTESIAN_POINT('Ctrl Pts',(-6.1718519153125,6.60973958376691,3.56332036470418));
#7887=CARTESIAN_POINT('Ctrl Pts',(-6.1718519153125,6.58328125043358,-1.20003551071609E-15));
#7888=CARTESIAN_POINT('Ctrl Pts',(-6.1718519153125,6.55682291710024,-3.56332036470418));
#7889=CARTESIAN_POINT('Ctrl Pts',(-3.08592595765625,6.53036458376691,-5.34498054705627));
#7890=CARTESIAN_POINT('Ctrl Pts',(9.49300762400932E-16,6.50390625043358,
-7.12664072940836));
#7891=CARTESIAN_POINT('Ctrl Pts',(3.08592595765625,6.47744791710024,-5.34498054705627));
#7892=CARTESIAN_POINT('Ctrl Pts',(6.1718519153125,6.45098958376691,-3.56332036470418));
#7893=CARTESIAN_POINT('Ctrl Pts',(6.1718519153125,6.42453125043358,4.44201641426197E-16));
#7894=CARTESIAN_POINT('Ctrl Pts',(-5.93410221439649,6.68414139660996,4.60161777411485E-16));
#7895=CARTESIAN_POINT('Ctrl Pts',(-5.93410221439649,6.65768306327663,-3.42605551088057));
#7896=CARTESIAN_POINT('Ctrl Pts',(-2.96705110719825,6.6312247299433,-5.13908326632085));
#7897=CARTESIAN_POINT('Ctrl Pts',(-9.50919843628698E-16,6.60476639660997,
-6.85211102176114));
#7898=CARTESIAN_POINT('Ctrl Pts',(2.96705110719824,6.57830806327663,-5.13908326632085));
#7899=CARTESIAN_POINT('Ctrl Pts',(5.93410221439649,6.5518497299433,-3.42605551088057));
#7900=CARTESIAN_POINT('Ctrl Pts',(5.93410221439649,6.52539139660997,-1.18687970567887E-15));
#7901=CARTESIAN_POINT('Ctrl Pts',(5.93410221439649,6.49893306327663,3.42605551088057));
#7902=CARTESIAN_POINT('Ctrl Pts',(2.96705110719825,6.4724747299433,5.13908326632085));
#7903=CARTESIAN_POINT('Ctrl Pts',(1.79006142664891E-15,6.44601639660997,
6.85211102176114));
#7904=CARTESIAN_POINT('Ctrl Pts',(-2.96705110719824,6.41955806327663,5.13908326632086));
#7905=CARTESIAN_POINT('Ctrl Pts',(-5.93410221439649,6.3930997299433,3.42605551088057));
#7906=CARTESIAN_POINT('Ctrl Pts',(-5.93410221439649,6.36664139660997,4.60161777411485E-16));
#7907=CARTESIAN_POINT('Ctrl Pts',(-5.93410221439649,6.34018306327663,-3.42605551088057));
#7908=CARTESIAN_POINT('Ctrl Pts',(-2.96705110719825,6.3137247299433,-5.13908326632085));
#7909=CARTESIAN_POINT('Ctrl Pts',(-9.50919843628698E-16,6.28726639660997,
-6.85211102176114));
#7910=CARTESIAN_POINT('Ctrl Pts',(2.96705110719824,6.26080806327663,-5.13908326632085));
#7911=CARTESIAN_POINT('Ctrl Pts',(5.93410221439649,6.2343497299433,-3.42605551088057));
#7912=CARTESIAN_POINT('Ctrl Pts',(5.93410221439649,6.20789139660996,-1.18687970567887E-15));
#7913=CARTESIAN_POINT('Ctrl Pts',(5.93410221439649,6.18143306327663,3.42605551088057));
#7914=CARTESIAN_POINT('Ctrl Pts',(2.96705110719825,6.1549747299433,5.13908326632085));
#7915=CARTESIAN_POINT('Ctrl Pts',(1.79006142664891E-15,6.12851639660997,
6.85211102176114));
#7916=CARTESIAN_POINT('Ctrl Pts',(-2.96705110719824,6.10205806327663,5.13908326632086));
#7917=CARTESIAN_POINT('Ctrl Pts',(-5.93410221439649,6.0755997299433,3.42605551088057));
#7918=CARTESIAN_POINT('Ctrl Pts',(-5.93410221439649,6.04914139660996,4.60161777411485E-16));
#7919=CARTESIAN_POINT('Ctrl Pts',(-5.93410221439649,6.02268306327663,-3.42605551088057));
#7920=CARTESIAN_POINT('Ctrl Pts',(-2.96705110719825,5.9962247299433,-5.13908326632085));
#7921=CARTESIAN_POINT('Ctrl Pts',(-9.50919843628698E-16,5.96976639660997,
-6.85211102176114));
#7922=CARTESIAN_POINT('Ctrl Pts',(2.96705110719824,5.94330806327663,-5.13908326632085));
#7923=CARTESIAN_POINT('Ctrl Pts',(5.93410221439649,5.9168497299433,-3.42605551088057));
#7924=CARTESIAN_POINT('Ctrl Pts',(5.93410221439649,5.89039139660997,-1.18687970567887E-15));
#7925=CARTESIAN_POINT('Ctrl Pts',(5.93410221439649,5.86393306327663,3.42605551088057));
#7926=CARTESIAN_POINT('Ctrl Pts',(2.96705110719825,5.8374747299433,5.13908326632085));
#7927=CARTESIAN_POINT('Ctrl Pts',(1.79006142664891E-15,5.81101639660996,
6.85211102176114));
#7928=CARTESIAN_POINT('Ctrl Pts',(-2.96705110719824,5.78455806327663,5.13908326632086));
#7929=CARTESIAN_POINT('Ctrl Pts',(-5.93410221439649,5.7580997299433,3.42605551088057));
#7930=CARTESIAN_POINT('Ctrl Pts',(-5.93410221439649,5.73164139660996,4.60161777411485E-16));
#7931=CARTESIAN_POINT('Ctrl Pts',(-5.93410221439649,5.70518306327663,-3.42605551088057));
#7932=CARTESIAN_POINT('Ctrl Pts',(-2.96705110719825,5.6787247299433,-5.13908326632085));
#7933=CARTESIAN_POINT('Ctrl Pts',(-9.50919843628698E-16,5.65226639660997,
-6.85211102176114));
#7934=CARTESIAN_POINT('Ctrl Pts',(2.96705110719824,5.62580806327663,-5.13908326632085));
#7935=CARTESIAN_POINT('Ctrl Pts',(5.93410221439649,5.5993497299433,-3.42605551088057));
#7936=CARTESIAN_POINT('Ctrl Pts',(5.93410221439649,5.57289139660996,-1.18687970567887E-15));
#7937=CARTESIAN_POINT('Ctrl Pts',(5.93410221439649,5.54643306327663,3.42605551088057));
#7938=CARTESIAN_POINT('Ctrl Pts',(2.96705110719825,5.5199747299433,5.13908326632085));
#7939=CARTESIAN_POINT('Ctrl Pts',(1.79006142664891E-15,5.49351639660997,
6.85211102176114));
#7940=CARTESIAN_POINT('Ctrl Pts',(-2.96705110719824,5.46705806327663,5.13908326632086));
#7941=CARTESIAN_POINT('Ctrl Pts',(-5.93410221439649,5.4405997299433,3.42605551088057));
#7942=CARTESIAN_POINT('Ctrl Pts',(-5.93410221439649,5.41414139660997,4.60161777411485E-16));
#7943=CARTESIAN_POINT('Ctrl Pts',(-5.93410221439649,5.38768306327663,-3.42605551088057));
#7944=CARTESIAN_POINT('Ctrl Pts',(-2.96705110719825,5.3612247299433,-5.13908326632085));
#7945=CARTESIAN_POINT('Ctrl Pts',(-9.50919843628698E-16,5.33476639660996,
-6.85211102176114));
#7946=CARTESIAN_POINT('Ctrl Pts',(2.96705110719824,5.30830806327663,-5.13908326632085));
#7947=CARTESIAN_POINT('Ctrl Pts',(5.93410221439649,5.2818497299433,-3.42605551088057));
#7948=CARTESIAN_POINT('Ctrl Pts',(5.93410221439649,5.25539139660997,-1.18687970567887E-15));
#7949=CARTESIAN_POINT('Ctrl Pts',(5.93410221439649,5.22893306327663,3.42605551088057));
#7950=CARTESIAN_POINT('Ctrl Pts',(2.96705110719825,5.2024747299433,5.13908326632085));
#7951=CARTESIAN_POINT('Ctrl Pts',(1.79006142664891E-15,5.17601639660997,
6.85211102176114));
#7952=CARTESIAN_POINT('Ctrl Pts',(-2.96705110719824,5.14955806327663,5.13908326632086));
#7953=CARTESIAN_POINT('Ctrl Pts',(-5.93410221439649,5.1230997299433,3.42605551088057));
#7954=CARTESIAN_POINT('Ctrl Pts',(-5.93410221439649,5.09664139660997,4.60161777411485E-16));
#7955=CARTESIAN_POINT('Ctrl Pts',(-5.93410221439649,5.07018306327663,-3.42605551088057));
#7956=CARTESIAN_POINT('Ctrl Pts',(-2.96705110719825,5.0437247299433,-5.13908326632085));
#7957=CARTESIAN_POINT('Ctrl Pts',(-9.50919843628698E-16,5.01726639660997,
-6.85211102176114));
#7958=CARTESIAN_POINT('Ctrl Pts',(2.96705110719824,4.99080806327663,-5.13908326632085));
#7959=CARTESIAN_POINT('Ctrl Pts',(5.93410221439649,4.9643497299433,-3.42605551088057));
#7960=CARTESIAN_POINT('Ctrl Pts',(5.93410221439649,4.93789139660996,-1.18687970567887E-15));
#7961=CARTESIAN_POINT('Ctrl Pts',(5.93410221439649,4.91143306327663,3.42605551088057));
#7962=CARTESIAN_POINT('Ctrl Pts',(2.96705110719825,4.8849747299433,5.13908326632085));
#7963=CARTESIAN_POINT('Ctrl Pts',(1.79006142664891E-15,4.85851639660997,
6.85211102176114));
#7964=CARTESIAN_POINT('Ctrl Pts',(-2.96705110719824,4.83205806327663,5.13908326632086));
#7965=CARTESIAN_POINT('Ctrl Pts',(-5.93410221439649,4.8055997299433,3.42605551088057));
#7966=CARTESIAN_POINT('Ctrl Pts',(-5.93410221439649,4.77914139660997,4.60161777411485E-16));
#7967=CARTESIAN_POINT('Ctrl Pts',(-5.93410221439649,4.75268306327663,-3.42605551088057));
#7968=CARTESIAN_POINT('Ctrl Pts',(-2.96705110719825,4.7262247299433,-5.13908326632085));
#7969=CARTESIAN_POINT('Ctrl Pts',(-9.50919843628698E-16,4.69976639660996,
-6.85211102176114));
#7970=CARTESIAN_POINT('Ctrl Pts',(2.96705110719824,4.67330806327663,-5.13908326632085));
#7971=CARTESIAN_POINT('Ctrl Pts',(5.93410221439649,4.6468497299433,-3.42605551088057));
#7972=CARTESIAN_POINT('Ctrl Pts',(5.93410221439649,4.62039139660996,-1.18687970567887E-15));
#7973=CARTESIAN_POINT('Ctrl Pts',(5.93410221439649,4.59393306327663,3.42605551088057));
#7974=CARTESIAN_POINT('Ctrl Pts',(2.96705110719825,4.5674747299433,5.13908326632085));
#7975=CARTESIAN_POINT('Ctrl Pts',(1.79006142664891E-15,4.54101639660997,
6.85211102176114));
#7976=CARTESIAN_POINT('Ctrl Pts',(-2.96705110719824,4.51455806327663,5.13908326632086));
#7977=CARTESIAN_POINT('Ctrl Pts',(-5.93410221439649,4.4880997299433,3.42605551088057));
#7978=CARTESIAN_POINT('Ctrl Pts',(-5.93410221439649,4.46164139660996,4.60161777411485E-16));
#7979=CARTESIAN_POINT('Ctrl Pts',(-5.93410221439649,4.43518306327663,-3.42605551088057));
#7980=CARTESIAN_POINT('Ctrl Pts',(-2.96705110719825,4.4087247299433,-5.13908326632085));
#7981=CARTESIAN_POINT('Ctrl Pts',(-9.50919843628698E-16,4.38226639660996,
-6.85211102176114));
#7982=CARTESIAN_POINT('Ctrl Pts',(2.96705110719824,4.35580806327663,-5.13908326632085));
#7983=CARTESIAN_POINT('Ctrl Pts',(5.93410221439649,4.3293497299433,-3.42605551088057));
#7984=CARTESIAN_POINT('Ctrl Pts',(5.93410221439649,4.30289139660997,-1.18687970567887E-15));
#7985=CARTESIAN_POINT('Ctrl Pts',(5.93410221439649,4.27643306327663,3.42605551088057));
#7986=CARTESIAN_POINT('Ctrl Pts',(2.96705110719825,4.2499747299433,5.13908326632085));
#7987=CARTESIAN_POINT('Ctrl Pts',(1.79006142664891E-15,4.22351639660996,
6.85211102176114));
#7988=CARTESIAN_POINT('Ctrl Pts',(-2.96705110719824,4.19705806327663,5.13908326632086));
#7989=CARTESIAN_POINT('Ctrl Pts',(-5.93410221439649,4.1705997299433,3.42605551088057));
#7990=CARTESIAN_POINT('Ctrl Pts',(-5.93410221439649,4.14414139660996,4.60161777411485E-16));
#7991=CARTESIAN_POINT('Ctrl Pts',(-5.93410221439649,4.11768306327663,-3.42605551088057));
#7992=CARTESIAN_POINT('Ctrl Pts',(-2.96705110719825,4.0912247299433,-5.13908326632085));
#7993=CARTESIAN_POINT('Ctrl Pts',(-9.50919843628698E-16,4.06476639660996,
-6.85211102176114));
#7994=CARTESIAN_POINT('Ctrl Pts',(2.96705110719824,4.03830806327663,-5.13908326632085));
#7995=CARTESIAN_POINT('Ctrl Pts',(5.93410221439649,4.0118497299433,-3.42605551088057));
#7996=CARTESIAN_POINT('Ctrl Pts',(5.93410221439649,3.98539139660996,-1.18687970567887E-15));
#7997=CARTESIAN_POINT('Ctrl Pts',(5.93410221439649,3.95893306327663,3.42605551088057));
#7998=CARTESIAN_POINT('Ctrl Pts',(2.96705110719825,3.9324747299433,5.13908326632085));
#7999=CARTESIAN_POINT('Ctrl Pts',(1.79006142664891E-15,3.90601639660996,
6.85211102176114));
#8000=CARTESIAN_POINT('Ctrl Pts',(-2.96705110719824,3.87955806327663,5.13908326632086));
#8001=CARTESIAN_POINT('Ctrl Pts',(-5.93410221439649,3.8530997299433,3.42605551088057));
#8002=CARTESIAN_POINT('Ctrl Pts',(-5.93410221439649,3.82664139660996,4.60161777411485E-16));
#8003=CARTESIAN_POINT('Ctrl Pts',(-5.93410221439649,3.80018306327663,-3.42605551088057));
#8004=CARTESIAN_POINT('Ctrl Pts',(-2.96705110719825,3.7737247299433,-5.13908326632085));
#8005=CARTESIAN_POINT('Ctrl Pts',(-9.50919843628698E-16,3.74726639660997,
-6.85211102176114));
#8006=CARTESIAN_POINT('Ctrl Pts',(2.96705110719824,3.72080806327663,-5.13908326632085));
#8007=CARTESIAN_POINT('Ctrl Pts',(5.93410221439649,3.6943497299433,-3.42605551088057));
#8008=CARTESIAN_POINT('Ctrl Pts',(5.93410221439649,3.66789139660996,-1.18687970567887E-15));
#8009=CARTESIAN_POINT('Ctrl Pts',(5.93410221439649,3.64143306327663,3.42605551088057));
#8010=CARTESIAN_POINT('Ctrl Pts',(2.96705110719825,3.6149747299433,5.13908326632085));
#8011=CARTESIAN_POINT('Ctrl Pts',(1.79006142664891E-15,3.58851639660997,
6.85211102176114));
#8012=CARTESIAN_POINT('Ctrl Pts',(-2.96705110719824,3.56205806327663,5.13908326632086));
#8013=CARTESIAN_POINT('Ctrl Pts',(-5.93410221439649,3.5355997299433,3.42605551088057));
#8014=CARTESIAN_POINT('Ctrl Pts',(-5.93410221439649,3.50914139660996,4.60161777411485E-16));
#8015=CARTESIAN_POINT('Ctrl Pts',(-5.93410221439649,3.48268306327663,-3.42605551088057));
#8016=CARTESIAN_POINT('Ctrl Pts',(-2.96705110719825,3.4562247299433,-5.13908326632085));
#8017=CARTESIAN_POINT('Ctrl Pts',(-9.50919843628698E-16,3.42976639660997,
-6.85211102176114));
#8018=CARTESIAN_POINT('Ctrl Pts',(2.96705110719824,3.40330806327663,-5.13908326632085));
#8019=CARTESIAN_POINT('Ctrl Pts',(5.93410221439649,3.3768497299433,-3.42605551088057));
#8020=CARTESIAN_POINT('Ctrl Pts',(5.93410221439649,3.35039139660997,-1.18687970567887E-15));
#8021=CARTESIAN_POINT('Ctrl Pts',(5.93410221439649,3.32393306327663,3.42605551088057));
#8022=CARTESIAN_POINT('Ctrl Pts',(2.96705110719825,3.2974747299433,5.13908326632085));
#8023=CARTESIAN_POINT('Ctrl Pts',(1.79006142664891E-15,3.27101639660996,
6.85211102176114));
#8024=CARTESIAN_POINT('Ctrl Pts',(-2.96705110719824,3.24455806327663,5.13908326632086));
#8025=CARTESIAN_POINT('Ctrl Pts',(-5.93410221439649,3.2180997299433,3.42605551088057));
#8026=CARTESIAN_POINT('Ctrl Pts',(-5.93410221439649,3.19164139660997,4.60161777411485E-16));
#8027=CARTESIAN_POINT('Ctrl Pts',(-5.93410221439649,3.16518306327663,-3.42605551088057));
#8028=CARTESIAN_POINT('Ctrl Pts',(-2.96705110719825,3.1387247299433,-5.13908326632085));
#8029=CARTESIAN_POINT('Ctrl Pts',(-9.50919843628698E-16,3.11226639660997,
-6.85211102176114));
#8030=CARTESIAN_POINT('Ctrl Pts',(2.96705110719824,3.08580806327663,-5.13908326632085));
#8031=CARTESIAN_POINT('Ctrl Pts',(5.93410221439649,3.0593497299433,-3.42605551088057));
#8032=CARTESIAN_POINT('Ctrl Pts',(5.93410221439649,3.03289139660996,-1.18687970567887E-15));
#8033=CARTESIAN_POINT('Ctrl Pts',(5.93410221439649,3.00643306327663,3.42605551088057));
#8034=CARTESIAN_POINT('Ctrl Pts',(2.96705110719825,2.9799747299433,5.13908326632085));
#8035=CARTESIAN_POINT('Ctrl Pts',(1.79006142664891E-15,2.95351639660996,
6.85211102176114));
#8036=CARTESIAN_POINT('Ctrl Pts',(-2.96705110719824,2.92705806327663,5.13908326632086));
#8037=CARTESIAN_POINT('Ctrl Pts',(-5.93410221439649,2.9005997299433,3.42605551088057));
#8038=CARTESIAN_POINT('Ctrl Pts',(-5.93410221439649,2.87414139660997,4.60161777411485E-16));
#8039=CARTESIAN_POINT('Ctrl Pts',(-5.93410221439649,2.84768306327663,-3.42605551088057));
#8040=CARTESIAN_POINT('Ctrl Pts',(-2.96705110719825,2.8212247299433,-5.13908326632085));
#8041=CARTESIAN_POINT('Ctrl Pts',(-9.50919843628698E-16,2.79476639660996,
-6.85211102176114));
#8042=CARTESIAN_POINT('Ctrl Pts',(2.96705110719824,2.76830806327663,-5.13908326632085));
#8043=CARTESIAN_POINT('Ctrl Pts',(5.93410221439649,2.7418497299433,-3.42605551088057));
#8044=CARTESIAN_POINT('Ctrl Pts',(5.93410221439649,2.71539139660996,-1.18687970567887E-15));
#8045=CARTESIAN_POINT('Ctrl Pts',(5.93410221439649,2.70075151069225,1.89569997456589));
#8046=CARTESIAN_POINT('Ctrl Pts',(4.83506756002484,2.68392277079101,3.44030387915091));
#8047=CARTESIAN_POINT('Ctrl Pts',(-6.,6.72218750086715,0.));
#8048=CARTESIAN_POINT('Ctrl Pts',(-6.,6.69572916753382,-3.46410161513775));
#8049=CARTESIAN_POINT('Ctrl Pts',(-3.,6.66927083420049,-5.19615242270663));
#8050=CARTESIAN_POINT('Ctrl Pts',(-4.24230095489963E-16,6.64281250086715,
-6.92820323027551));
#8051=CARTESIAN_POINT('Ctrl Pts',(3.,6.61635416753382,-5.19615242270663));
#8052=CARTESIAN_POINT('Ctrl Pts',(6.,6.58989583420048,-3.46410161513776));
#8053=CARTESIAN_POINT('Ctrl Pts',(6.,6.56343750086715,-7.34788079488412E-16));
#8054=CARTESIAN_POINT('Ctrl Pts',(6.,6.53697916753382,3.46410161513775));
#8055=CARTESIAN_POINT('Ctrl Pts',(3.,6.51052083420049,5.19615242270663));
#8056=CARTESIAN_POINT('Ctrl Pts',(1.27269028646989E-15,6.48406250086715,
6.92820323027551));
#8057=CARTESIAN_POINT('Ctrl Pts',(-3.,6.45760416753382,5.19615242270664));
#8058=CARTESIAN_POINT('Ctrl Pts',(-6.,6.43114583420048,3.46410161513776));
#8059=CARTESIAN_POINT('Ctrl Pts',(-6.,6.40468750086715,0.));
#8060=CARTESIAN_POINT('Ctrl Pts',(-6.,6.37822916753382,-3.46410161513775));
#8061=CARTESIAN_POINT('Ctrl Pts',(-3.,6.35177083420048,-5.19615242270663));
#8062=CARTESIAN_POINT('Ctrl Pts',(-4.24230095489963E-16,6.32531250086715,
-6.92820323027551));
#8063=CARTESIAN_POINT('Ctrl Pts',(3.,6.29885416753382,-5.19615242270663));
#8064=CARTESIAN_POINT('Ctrl Pts',(6.,6.27239583420049,-3.46410161513776));
#8065=CARTESIAN_POINT('Ctrl Pts',(6.,6.24593750086715,-7.34788079488412E-16));
#8066=CARTESIAN_POINT('Ctrl Pts',(6.,6.21947916753382,3.46410161513775));
#8067=CARTESIAN_POINT('Ctrl Pts',(3.,6.19302083420049,5.19615242270663));
#8068=CARTESIAN_POINT('Ctrl Pts',(1.27269028646989E-15,6.16656250086715,
6.92820323027551));
#8069=CARTESIAN_POINT('Ctrl Pts',(-3.,6.14010416753382,5.19615242270664));
#8070=CARTESIAN_POINT('Ctrl Pts',(-6.,6.11364583420048,3.46410161513776));
#8071=CARTESIAN_POINT('Ctrl Pts',(-6.,6.08718750086715,0.));
#8072=CARTESIAN_POINT('Ctrl Pts',(-6.,6.06072916753382,-3.46410161513775));
#8073=CARTESIAN_POINT('Ctrl Pts',(-3.,6.03427083420049,-5.19615242270663));
#8074=CARTESIAN_POINT('Ctrl Pts',(-4.24230095489963E-16,6.00781250086715,
-6.92820323027551));
#8075=CARTESIAN_POINT('Ctrl Pts',(3.,5.98135416753382,-5.19615242270663));
#8076=CARTESIAN_POINT('Ctrl Pts',(6.,5.95489583420049,-3.46410161513776));
#8077=CARTESIAN_POINT('Ctrl Pts',(6.,5.92843750086715,-7.34788079488412E-16));
#8078=CARTESIAN_POINT('Ctrl Pts',(6.,5.90197916753382,3.46410161513775));
#8079=CARTESIAN_POINT('Ctrl Pts',(3.,5.87552083420049,5.19615242270663));
#8080=CARTESIAN_POINT('Ctrl Pts',(1.27269028646989E-15,5.84906250086715,
6.92820323027551));
#8081=CARTESIAN_POINT('Ctrl Pts',(-3.,5.82260416753382,5.19615242270664));
#8082=CARTESIAN_POINT('Ctrl Pts',(-6.,5.79614583420048,3.46410161513776));
#8083=CARTESIAN_POINT('Ctrl Pts',(-6.,5.76968750086715,0.));
#8084=CARTESIAN_POINT('Ctrl Pts',(-6.,5.74322916753382,-3.46410161513775));
#8085=CARTESIAN_POINT('Ctrl Pts',(-3.,5.71677083420049,-5.19615242270663));
#8086=CARTESIAN_POINT('Ctrl Pts',(-4.24230095489963E-16,5.69031250086715,
-6.92820323027551));
#8087=CARTESIAN_POINT('Ctrl Pts',(3.,5.66385416753382,-5.19615242270663));
#8088=CARTESIAN_POINT('Ctrl Pts',(6.,5.63739583420049,-3.46410161513776));
#8089=CARTESIAN_POINT('Ctrl Pts',(6.,5.61093750086715,-7.34788079488412E-16));
#8090=CARTESIAN_POINT('Ctrl Pts',(6.,5.58447916753382,3.46410161513775));
#8091=CARTESIAN_POINT('Ctrl Pts',(3.,5.55802083420048,5.19615242270663));
#8092=CARTESIAN_POINT('Ctrl Pts',(1.27269028646989E-15,5.53156250086715,
6.92820323027551));
#8093=CARTESIAN_POINT('Ctrl Pts',(-3.,5.50510416753382,5.19615242270664));
#8094=CARTESIAN_POINT('Ctrl Pts',(-6.,5.47864583420048,3.46410161513776));
#8095=CARTESIAN_POINT('Ctrl Pts',(-6.,5.45218750086715,0.));
#8096=CARTESIAN_POINT('Ctrl Pts',(-6.,5.42572916753382,-3.46410161513775));
#8097=CARTESIAN_POINT('Ctrl Pts',(-3.,5.39927083420049,-5.19615242270663));
#8098=CARTESIAN_POINT('Ctrl Pts',(-4.24230095489963E-16,5.37281250086715,
-6.92820323027551));
#8099=CARTESIAN_POINT('Ctrl Pts',(3.,5.34635416753382,-5.19615242270663));
#8100=CARTESIAN_POINT('Ctrl Pts',(6.,5.31989583420048,-3.46410161513776));
#8101=CARTESIAN_POINT('Ctrl Pts',(6.,5.29343750086715,-7.34788079488412E-16));
#8102=CARTESIAN_POINT('Ctrl Pts',(6.,5.26697916753382,3.46410161513775));
#8103=CARTESIAN_POINT('Ctrl Pts',(3.,5.24052083420048,5.19615242270663));
#8104=CARTESIAN_POINT('Ctrl Pts',(1.27269028646989E-15,5.21406250086715,
6.92820323027551));
#8105=CARTESIAN_POINT('Ctrl Pts',(-3.,5.18760416753382,5.19615242270664));
#8106=CARTESIAN_POINT('Ctrl Pts',(-6.,5.16114583420049,3.46410161513776));
#8107=CARTESIAN_POINT('Ctrl Pts',(-6.,5.13468750086715,0.));
#8108=CARTESIAN_POINT('Ctrl Pts',(-6.,5.10822916753382,-3.46410161513775));
#8109=CARTESIAN_POINT('Ctrl Pts',(-3.,5.08177083420049,-5.19615242270663));
#8110=CARTESIAN_POINT('Ctrl Pts',(-4.24230095489963E-16,5.05531250086715,
-6.92820323027551));
#8111=CARTESIAN_POINT('Ctrl Pts',(3.,5.02885416753382,-5.19615242270663));
#8112=CARTESIAN_POINT('Ctrl Pts',(6.,5.00239583420048,-3.46410161513776));
#8113=CARTESIAN_POINT('Ctrl Pts',(6.,4.97593750086715,-7.34788079488412E-16));
#8114=CARTESIAN_POINT('Ctrl Pts',(6.,4.94947916753382,3.46410161513775));
#8115=CARTESIAN_POINT('Ctrl Pts',(3.,4.92302083420048,5.19615242270663));
#8116=CARTESIAN_POINT('Ctrl Pts',(1.27269028646989E-15,4.89656250086715,
6.92820323027551));
#8117=CARTESIAN_POINT('Ctrl Pts',(-3.,4.87010416753382,5.19615242270664));
#8118=CARTESIAN_POINT('Ctrl Pts',(-6.,4.84364583420049,3.46410161513776));
#8119=CARTESIAN_POINT('Ctrl Pts',(-6.,4.81718750086715,0.));
#8120=CARTESIAN_POINT('Ctrl Pts',(-6.,4.79072916753382,-3.46410161513775));
#8121=CARTESIAN_POINT('Ctrl Pts',(-3.,4.76427083420048,-5.19615242270663));
#8122=CARTESIAN_POINT('Ctrl Pts',(-4.24230095489963E-16,4.73781250086715,
-6.92820323027551));
#8123=CARTESIAN_POINT('Ctrl Pts',(3.,4.71135416753382,-5.19615242270663));
#8124=CARTESIAN_POINT('Ctrl Pts',(6.,4.68489583420048,-3.46410161513776));
#8125=CARTESIAN_POINT('Ctrl Pts',(6.,4.65843750086715,-7.34788079488412E-16));
#8126=CARTESIAN_POINT('Ctrl Pts',(6.,4.63197916753382,3.46410161513775));
#8127=CARTESIAN_POINT('Ctrl Pts',(3.,4.60552083420048,5.19615242270663));
#8128=CARTESIAN_POINT('Ctrl Pts',(1.27269028646989E-15,4.57906250086715,
6.92820323027551));
#8129=CARTESIAN_POINT('Ctrl Pts',(-3.,4.55260416753382,5.19615242270664));
#8130=CARTESIAN_POINT('Ctrl Pts',(-6.,4.52614583420049,3.46410161513776));
#8131=CARTESIAN_POINT('Ctrl Pts',(-6.,4.49968750086715,0.));
#8132=CARTESIAN_POINT('Ctrl Pts',(-6.,4.47322916753382,-3.46410161513775));
#8133=CARTESIAN_POINT('Ctrl Pts',(-3.,4.44677083420048,-5.19615242270663));
#8134=CARTESIAN_POINT('Ctrl Pts',(-4.24230095489963E-16,4.42031250086715,
-6.92820323027551));
#8135=CARTESIAN_POINT('Ctrl Pts',(3.,4.39385416753382,-5.19615242270663));
#8136=CARTESIAN_POINT('Ctrl Pts',(6.,4.36739583420048,-3.46410161513776));
#8137=CARTESIAN_POINT('Ctrl Pts',(6.,4.34093750086715,-7.34788079488412E-16));
#8138=CARTESIAN_POINT('Ctrl Pts',(6.,4.31447916753382,3.46410161513775));
#8139=CARTESIAN_POINT('Ctrl Pts',(3.,4.28802083420049,5.19615242270663));
#8140=CARTESIAN_POINT('Ctrl Pts',(1.27269028646989E-15,4.26156250086715,
6.92820323027551));
#8141=CARTESIAN_POINT('Ctrl Pts',(-3.,4.23510416753382,5.19615242270664));
#8142=CARTESIAN_POINT('Ctrl Pts',(-6.,4.20864583420049,3.46410161513776));
#8143=CARTESIAN_POINT('Ctrl Pts',(-6.,4.18218750086715,0.));
#8144=CARTESIAN_POINT('Ctrl Pts',(-6.,4.15572916753382,-3.46410161513775));
#8145=CARTESIAN_POINT('Ctrl Pts',(-3.,4.12927083420049,-5.19615242270663));
#8146=CARTESIAN_POINT('Ctrl Pts',(-4.24230095489963E-16,4.10281250086715,
-6.92820323027551));
#8147=CARTESIAN_POINT('Ctrl Pts',(3.,4.07635416753382,-5.19615242270663));
#8148=CARTESIAN_POINT('Ctrl Pts',(6.,4.04989583420049,-3.46410161513776));
#8149=CARTESIAN_POINT('Ctrl Pts',(6.,4.02343750086715,-7.34788079488412E-16));
#8150=CARTESIAN_POINT('Ctrl Pts',(6.,3.99697916753382,3.46410161513775));
#8151=CARTESIAN_POINT('Ctrl Pts',(3.,3.97052083420049,5.19615242270663));
#8152=CARTESIAN_POINT('Ctrl Pts',(1.27269028646989E-15,3.94406250086715,
6.92820323027551));
#8153=CARTESIAN_POINT('Ctrl Pts',(-3.,3.91760416753382,5.19615242270664));
#8154=CARTESIAN_POINT('Ctrl Pts',(-6.,3.89114583420049,3.46410161513776));
#8155=CARTESIAN_POINT('Ctrl Pts',(-6.,3.86468750086715,0.));
#8156=CARTESIAN_POINT('Ctrl Pts',(-6.,3.83822916753382,-3.46410161513775));
#8157=CARTESIAN_POINT('Ctrl Pts',(-3.,3.81177083420049,-5.19615242270663));
#8158=CARTESIAN_POINT('Ctrl Pts',(-4.24230095489963E-16,3.78531250086715,
-6.92820323027551));
#8159=CARTESIAN_POINT('Ctrl Pts',(3.,3.75885416753382,-5.19615242270663));
#8160=CARTESIAN_POINT('Ctrl Pts',(6.,3.73239583420049,-3.46410161513776));
#8161=CARTESIAN_POINT('Ctrl Pts',(6.,3.70593750086715,-7.34788079488412E-16));
#8162=CARTESIAN_POINT('Ctrl Pts',(6.,3.67947916753382,3.46410161513775));
#8163=CARTESIAN_POINT('Ctrl Pts',(3.,3.65302083420048,5.19615242270663));
#8164=CARTESIAN_POINT('Ctrl Pts',(1.27269028646989E-15,3.62656250086715,
6.92820323027551));
#8165=CARTESIAN_POINT('Ctrl Pts',(-3.,3.60010416753382,5.19615242270664));
#8166=CARTESIAN_POINT('Ctrl Pts',(-6.,3.57364583420049,3.46410161513776));
#8167=CARTESIAN_POINT('Ctrl Pts',(-6.,3.54718750086715,0.));
#8168=CARTESIAN_POINT('Ctrl Pts',(-6.,3.52072916753382,-3.46410161513775));
#8169=CARTESIAN_POINT('Ctrl Pts',(-3.,3.49427083420049,-5.19615242270663));
#8170=CARTESIAN_POINT('Ctrl Pts',(-4.24230095489963E-16,3.46781250086715,
-6.92820323027551));
#8171=CARTESIAN_POINT('Ctrl Pts',(3.,3.44135416753382,-5.19615242270663));
#8172=CARTESIAN_POINT('Ctrl Pts',(6.,3.41489583420048,-3.46410161513776));
#8173=CARTESIAN_POINT('Ctrl Pts',(6.,3.38843750086715,-7.34788079488412E-16));
#8174=CARTESIAN_POINT('Ctrl Pts',(6.,3.36197916753382,3.46410161513775));
#8175=CARTESIAN_POINT('Ctrl Pts',(3.,3.33552083420048,5.19615242270663));
#8176=CARTESIAN_POINT('Ctrl Pts',(1.27269028646989E-15,3.30906250086715,
6.92820323027551));
#8177=CARTESIAN_POINT('Ctrl Pts',(-3.,3.28260416753382,5.19615242270664));
#8178=CARTESIAN_POINT('Ctrl Pts',(-6.,3.25614583420049,3.46410161513776));
#8179=CARTESIAN_POINT('Ctrl Pts',(-6.,3.22968750086715,0.));
#8180=CARTESIAN_POINT('Ctrl Pts',(-6.,3.20322916753382,-3.46410161513775));
#8181=CARTESIAN_POINT('Ctrl Pts',(-3.,3.17677083420049,-5.19615242270663));
#8182=CARTESIAN_POINT('Ctrl Pts',(-4.24230095489963E-16,3.15031250086715,
-6.92820323027551));
#8183=CARTESIAN_POINT('Ctrl Pts',(3.,3.12385416753382,-5.19615242270663));
#8184=CARTESIAN_POINT('Ctrl Pts',(6.,3.09739583420049,-3.46410161513776));
#8185=CARTESIAN_POINT('Ctrl Pts',(6.,3.07093750086715,-7.34788079488412E-16));
#8186=CARTESIAN_POINT('Ctrl Pts',(6.,3.04447916753382,3.46410161513775));
#8187=CARTESIAN_POINT('Ctrl Pts',(3.,3.01802083420049,5.19615242270663));
#8188=CARTESIAN_POINT('Ctrl Pts',(1.27269028646989E-15,2.99156250086715,
6.92820323027551));
#8189=CARTESIAN_POINT('Ctrl Pts',(-3.,2.96510416753382,5.19615242270664));
#8190=CARTESIAN_POINT('Ctrl Pts',(-6.,2.93864583420048,3.46410161513776));
#8191=CARTESIAN_POINT('Ctrl Pts',(-6.,2.91218750086715,0.));
#8192=CARTESIAN_POINT('Ctrl Pts',(-6.,2.88572916753382,-3.46410161513775));
#8193=CARTESIAN_POINT('Ctrl Pts',(-3.,2.85927083420048,-5.19615242270663));
#8194=CARTESIAN_POINT('Ctrl Pts',(-4.24230095489963E-16,2.83281250086715,
-6.92820323027551));
#8195=CARTESIAN_POINT('Ctrl Pts',(3.,2.80635416753382,-5.19615242270663));
#8196=CARTESIAN_POINT('Ctrl Pts',(6.,2.77989583420048,-3.46410161513776));
#8197=CARTESIAN_POINT('Ctrl Pts',(6.,2.75343750086715,-7.34788079488412E-16));
#8198=CARTESIAN_POINT('Ctrl Pts',(6.,2.73879761494944,1.9167515887746));
#8199=CARTESIAN_POINT('Ctrl Pts',(4.88876064348336,2.72196887504819,3.47850821053051));
#8200=CARTESIAN_POINT('Ctrl Pts',(-6.1718519153125,6.82140625043358,-1.20003551071609E-15));
#8201=CARTESIAN_POINT('Ctrl Pts',(-6.1718519153125,6.79494791710024,-3.56332036470418));
#8202=CARTESIAN_POINT('Ctrl Pts',(-3.08592595765625,6.76848958376691,-5.34498054705627));
#8203=CARTESIAN_POINT('Ctrl Pts',(9.49300762400932E-16,6.74203125043358,
-7.12664072940836));
#8204=CARTESIAN_POINT('Ctrl Pts',(3.08592595765625,6.71557291710024,-5.34498054705627));
#8205=CARTESIAN_POINT('Ctrl Pts',(6.1718519153125,6.68911458376691,-3.56332036470418));
#8206=CARTESIAN_POINT('Ctrl Pts',(6.1718519153125,6.66265625043358,4.44201641426197E-16));
#8207=CARTESIAN_POINT('Ctrl Pts',(6.1718519153125,6.63619791710024,3.56332036470418));
#8208=CARTESIAN_POINT('Ctrl Pts',(3.08592595765625,6.60973958376691,5.34498054705627));
#8209=CARTESIAN_POINT('Ctrl Pts',(-7.65389866066213E-17,6.58328125043358,
7.12664072940836));
#8210=CARTESIAN_POINT('Ctrl Pts',(-3.08592595765625,6.55682291710024,5.34498054705627));
#8211=CARTESIAN_POINT('Ctrl Pts',(-6.1718519153125,6.53036458376691,3.56332036470418));
#8212=CARTESIAN_POINT('Ctrl Pts',(-6.1718519153125,6.50390625043358,-1.20003551071609E-15));
#8213=CARTESIAN_POINT('Ctrl Pts',(-6.1718519153125,6.47744791710024,-3.56332036470418));
#8214=CARTESIAN_POINT('Ctrl Pts',(-3.08592595765625,6.45098958376691,-5.34498054705627));
#8215=CARTESIAN_POINT('Ctrl Pts',(9.49300762400932E-16,6.42453125043358,
-7.12664072940836));
#8216=CARTESIAN_POINT('Ctrl Pts',(3.08592595765625,6.39807291710024,-5.34498054705627));
#8217=CARTESIAN_POINT('Ctrl Pts',(6.1718519153125,6.37161458376691,-3.56332036470418));
#8218=CARTESIAN_POINT('Ctrl Pts',(6.1718519153125,6.34515625043358,4.44201641426197E-16));
#8219=CARTESIAN_POINT('Ctrl Pts',(6.1718519153125,6.31869791710024,3.56332036470418));
#8220=CARTESIAN_POINT('Ctrl Pts',(3.08592595765625,6.29223958376691,5.34498054705627));
#8221=CARTESIAN_POINT('Ctrl Pts',(-7.65389866066213E-17,6.26578125043358,
7.12664072940836));
#8222=CARTESIAN_POINT('Ctrl Pts',(-3.08592595765625,6.23932291710024,5.34498054705627));
#8223=CARTESIAN_POINT('Ctrl Pts',(-6.1718519153125,6.21286458376691,3.56332036470418));
#8224=CARTESIAN_POINT('Ctrl Pts',(-6.1718519153125,6.18640625043358,-1.20003551071609E-15));
#8225=CARTESIAN_POINT('Ctrl Pts',(-6.1718519153125,6.15994791710024,-3.56332036470418));
#8226=CARTESIAN_POINT('Ctrl Pts',(-3.08592595765625,6.13348958376691,-5.34498054705627));
#8227=CARTESIAN_POINT('Ctrl Pts',(9.49300762400932E-16,6.10703125043358,
-7.12664072940836));
#8228=CARTESIAN_POINT('Ctrl Pts',(3.08592595765625,6.08057291710024,-5.34498054705627));
#8229=CARTESIAN_POINT('Ctrl Pts',(6.1718519153125,6.05411458376691,-3.56332036470418));
#8230=CARTESIAN_POINT('Ctrl Pts',(6.1718519153125,6.02765625043358,4.44201641426197E-16));
#8231=CARTESIAN_POINT('Ctrl Pts',(6.1718519153125,6.00119791710024,3.56332036470418));
#8232=CARTESIAN_POINT('Ctrl Pts',(3.08592595765625,5.97473958376691,5.34498054705627));
#8233=CARTESIAN_POINT('Ctrl Pts',(-7.65389866066213E-17,5.94828125043358,
7.12664072940836));
#8234=CARTESIAN_POINT('Ctrl Pts',(-3.08592595765625,5.92182291710024,5.34498054705627));
#8235=CARTESIAN_POINT('Ctrl Pts',(-6.1718519153125,5.89536458376691,3.56332036470418));
#8236=CARTESIAN_POINT('Ctrl Pts',(-6.1718519153125,5.86890625043358,-1.20003551071609E-15));
#8237=CARTESIAN_POINT('Ctrl Pts',(-6.1718519153125,5.84244791710024,-3.56332036470418));
#8238=CARTESIAN_POINT('Ctrl Pts',(-3.08592595765625,5.81598958376691,-5.34498054705627));
#8239=CARTESIAN_POINT('Ctrl Pts',(9.49300762400932E-16,5.78953125043358,
-7.12664072940836));
#8240=CARTESIAN_POINT('Ctrl Pts',(3.08592595765625,5.76307291710024,-5.34498054705627));
#8241=CARTESIAN_POINT('Ctrl Pts',(6.1718519153125,5.73661458376691,-3.56332036470418));
#8242=CARTESIAN_POINT('Ctrl Pts',(6.1718519153125,5.71015625043358,4.44201641426197E-16));
#8243=CARTESIAN_POINT('Ctrl Pts',(6.1718519153125,5.68369791710024,3.56332036470418));
#8244=CARTESIAN_POINT('Ctrl Pts',(3.08592595765625,5.65723958376691,5.34498054705627));
#8245=CARTESIAN_POINT('Ctrl Pts',(-7.65389866066213E-17,5.63078125043358,
7.12664072940836));
#8246=CARTESIAN_POINT('Ctrl Pts',(-3.08592595765625,5.60432291710024,5.34498054705627));
#8247=CARTESIAN_POINT('Ctrl Pts',(-6.1718519153125,5.57786458376691,3.56332036470418));
#8248=CARTESIAN_POINT('Ctrl Pts',(-6.1718519153125,5.55140625043358,-1.20003551071609E-15));
#8249=CARTESIAN_POINT('Ctrl Pts',(-6.1718519153125,5.52494791710024,-3.56332036470418));
#8250=CARTESIAN_POINT('Ctrl Pts',(-3.08592595765625,5.49848958376691,-5.34498054705627));
#8251=CARTESIAN_POINT('Ctrl Pts',(9.49300762400932E-16,5.47203125043358,
-7.12664072940836));
#8252=CARTESIAN_POINT('Ctrl Pts',(3.08592595765625,5.44557291710024,-5.34498054705627));
#8253=CARTESIAN_POINT('Ctrl Pts',(6.1718519153125,5.41911458376691,-3.56332036470418));
#8254=CARTESIAN_POINT('Ctrl Pts',(6.1718519153125,5.39265625043358,4.44201641426197E-16));
#8255=CARTESIAN_POINT('Ctrl Pts',(6.1718519153125,5.36619791710024,3.56332036470418));
#8256=CARTESIAN_POINT('Ctrl Pts',(3.08592595765625,5.33973958376691,5.34498054705627));
#8257=CARTESIAN_POINT('Ctrl Pts',(-7.65389866066213E-17,5.31328125043358,
7.12664072940836));
#8258=CARTESIAN_POINT('Ctrl Pts',(-3.08592595765625,5.28682291710024,5.34498054705627));
#8259=CARTESIAN_POINT('Ctrl Pts',(-6.1718519153125,5.26036458376691,3.56332036470418));
#8260=CARTESIAN_POINT('Ctrl Pts',(-6.1718519153125,5.23390625043358,-1.20003551071609E-15));
#8261=CARTESIAN_POINT('Ctrl Pts',(-6.1718519153125,5.20744791710024,-3.56332036470418));
#8262=CARTESIAN_POINT('Ctrl Pts',(-3.08592595765625,5.18098958376691,-5.34498054705627));
#8263=CARTESIAN_POINT('Ctrl Pts',(9.49300762400932E-16,5.15453125043358,
-7.12664072940836));
#8264=CARTESIAN_POINT('Ctrl Pts',(3.08592595765625,5.12807291710024,-5.34498054705627));
#8265=CARTESIAN_POINT('Ctrl Pts',(6.1718519153125,5.10161458376691,-3.56332036470418));
#8266=CARTESIAN_POINT('Ctrl Pts',(6.1718519153125,5.07515625043358,4.44201641426197E-16));
#8267=CARTESIAN_POINT('Ctrl Pts',(6.1718519153125,5.04869791710024,3.56332036470418));
#8268=CARTESIAN_POINT('Ctrl Pts',(3.08592595765625,5.02223958376691,5.34498054705627));
#8269=CARTESIAN_POINT('Ctrl Pts',(-7.65389866066213E-17,4.99578125043358,
7.12664072940836));
#8270=CARTESIAN_POINT('Ctrl Pts',(-3.08592595765625,4.96932291710024,5.34498054705627));
#8271=CARTESIAN_POINT('Ctrl Pts',(-6.1718519153125,4.94286458376691,3.56332036470418));
#8272=CARTESIAN_POINT('Ctrl Pts',(-6.1718519153125,4.91640625043358,-1.20003551071609E-15));
#8273=CARTESIAN_POINT('Ctrl Pts',(-6.1718519153125,4.88994791710024,-3.56332036470418));
#8274=CARTESIAN_POINT('Ctrl Pts',(-3.08592595765625,4.86348958376691,-5.34498054705627));
#8275=CARTESIAN_POINT('Ctrl Pts',(9.49300762400932E-16,4.83703125043358,
-7.12664072940836));
#8276=CARTESIAN_POINT('Ctrl Pts',(3.08592595765625,4.81057291710024,-5.34498054705627));
#8277=CARTESIAN_POINT('Ctrl Pts',(6.1718519153125,4.78411458376691,-3.56332036470418));
#8278=CARTESIAN_POINT('Ctrl Pts',(6.1718519153125,4.75765625043358,4.44201641426197E-16));
#8279=CARTESIAN_POINT('Ctrl Pts',(6.1718519153125,4.73119791710024,3.56332036470418));
#8280=CARTESIAN_POINT('Ctrl Pts',(3.08592595765625,4.70473958376691,5.34498054705627));
#8281=CARTESIAN_POINT('Ctrl Pts',(-7.65389866066213E-17,4.67828125043358,
7.12664072940836));
#8282=CARTESIAN_POINT('Ctrl Pts',(-3.08592595765625,4.65182291710024,5.34498054705627));
#8283=CARTESIAN_POINT('Ctrl Pts',(-6.1718519153125,4.62536458376691,3.56332036470418));
#8284=CARTESIAN_POINT('Ctrl Pts',(-6.1718519153125,4.59890625043358,-1.20003551071609E-15));
#8285=CARTESIAN_POINT('Ctrl Pts',(-6.1718519153125,4.57244791710024,-3.56332036470418));
#8286=CARTESIAN_POINT('Ctrl Pts',(-3.08592595765625,4.54598958376691,-5.34498054705627));
#8287=CARTESIAN_POINT('Ctrl Pts',(9.49300762400932E-16,4.51953125043358,
-7.12664072940836));
#8288=CARTESIAN_POINT('Ctrl Pts',(3.08592595765625,4.49307291710024,-5.34498054705627));
#8289=CARTESIAN_POINT('Ctrl Pts',(6.1718519153125,4.46661458376691,-3.56332036470418));
#8290=CARTESIAN_POINT('Ctrl Pts',(6.1718519153125,4.44015625043358,4.44201641426197E-16));
#8291=CARTESIAN_POINT('Ctrl Pts',(6.1718519153125,4.41369791710024,3.56332036470418));
#8292=CARTESIAN_POINT('Ctrl Pts',(3.08592595765625,4.38723958376691,5.34498054705627));
#8293=CARTESIAN_POINT('Ctrl Pts',(-7.65389866066213E-17,4.36078125043358,
7.12664072940836));
#8294=CARTESIAN_POINT('Ctrl Pts',(-3.08592595765625,4.33432291710024,5.34498054705627));
#8295=CARTESIAN_POINT('Ctrl Pts',(-6.1718519153125,4.30786458376691,3.56332036470418));
#8296=CARTESIAN_POINT('Ctrl Pts',(-6.1718519153125,4.28140625043358,-1.20003551071609E-15));
#8297=CARTESIAN_POINT('Ctrl Pts',(-6.1718519153125,4.25494791710024,-3.56332036470418));
#8298=CARTESIAN_POINT('Ctrl Pts',(-3.08592595765625,4.22848958376691,-5.34498054705627));
#8299=CARTESIAN_POINT('Ctrl Pts',(9.49300762400932E-16,4.20203125043358,
-7.12664072940836));
#8300=CARTESIAN_POINT('Ctrl Pts',(3.08592595765625,4.17557291710024,-5.34498054705627));
#8301=CARTESIAN_POINT('Ctrl Pts',(6.1718519153125,4.14911458376691,-3.56332036470418));
#8302=CARTESIAN_POINT('Ctrl Pts',(6.1718519153125,4.12265625043358,4.44201641426197E-16));
#8303=CARTESIAN_POINT('Ctrl Pts',(6.1718519153125,4.09619791710024,3.56332036470418));
#8304=CARTESIAN_POINT('Ctrl Pts',(3.08592595765625,4.06973958376691,5.34498054705627));
#8305=CARTESIAN_POINT('Ctrl Pts',(-7.65389866066213E-17,4.04328125043358,
7.12664072940836));
#8306=CARTESIAN_POINT('Ctrl Pts',(-3.08592595765625,4.01682291710024,5.34498054705627));
#8307=CARTESIAN_POINT('Ctrl Pts',(-6.1718519153125,3.99036458376691,3.56332036470418));
#8308=CARTESIAN_POINT('Ctrl Pts',(-6.1718519153125,3.96390625043358,-1.20003551071609E-15));
#8309=CARTESIAN_POINT('Ctrl Pts',(-6.1718519153125,3.93744791710024,-3.56332036470418));
#8310=CARTESIAN_POINT('Ctrl Pts',(-3.08592595765625,3.91098958376691,-5.34498054705627));
#8311=CARTESIAN_POINT('Ctrl Pts',(9.49300762400932E-16,3.88453125043358,
-7.12664072940836));
#8312=CARTESIAN_POINT('Ctrl Pts',(3.08592595765625,3.85807291710024,-5.34498054705627));
#8313=CARTESIAN_POINT('Ctrl Pts',(6.1718519153125,3.83161458376691,-3.56332036470418));
#8314=CARTESIAN_POINT('Ctrl Pts',(6.1718519153125,3.80515625043358,4.44201641426197E-16));
#8315=CARTESIAN_POINT('Ctrl Pts',(6.1718519153125,3.77869791710024,3.56332036470418));
#8316=CARTESIAN_POINT('Ctrl Pts',(3.08592595765625,3.75223958376691,5.34498054705627));
#8317=CARTESIAN_POINT('Ctrl Pts',(-7.65389866066213E-17,3.72578125043358,
7.12664072940836));
#8318=CARTESIAN_POINT('Ctrl Pts',(-3.08592595765625,3.69932291710024,5.34498054705627));
#8319=CARTESIAN_POINT('Ctrl Pts',(-6.1718519153125,3.67286458376691,3.56332036470418));
#8320=CARTESIAN_POINT('Ctrl Pts',(-6.1718519153125,3.64640625043358,-1.20003551071609E-15));
#8321=CARTESIAN_POINT('Ctrl Pts',(-6.1718519153125,3.61994791710024,-3.56332036470418));
#8322=CARTESIAN_POINT('Ctrl Pts',(-3.08592595765625,3.59348958376691,-5.34498054705627));
#8323=CARTESIAN_POINT('Ctrl Pts',(9.49300762400932E-16,3.56703125043358,
-7.12664072940836));
#8324=CARTESIAN_POINT('Ctrl Pts',(3.08592595765625,3.54057291710024,-5.34498054705627));
#8325=CARTESIAN_POINT('Ctrl Pts',(6.1718519153125,3.51411458376691,-3.56332036470418));
#8326=CARTESIAN_POINT('Ctrl Pts',(6.1718519153125,3.48765625043358,4.44201641426197E-16));
#8327=CARTESIAN_POINT('Ctrl Pts',(6.1718519153125,3.46119791710024,3.56332036470418));
#8328=CARTESIAN_POINT('Ctrl Pts',(3.08592595765625,3.43473958376691,5.34498054705627));
#8329=CARTESIAN_POINT('Ctrl Pts',(-7.65389866066213E-17,3.40828125043358,
7.12664072940836));
#8330=CARTESIAN_POINT('Ctrl Pts',(-3.08592595765625,3.38182291710024,5.34498054705627));
#8331=CARTESIAN_POINT('Ctrl Pts',(-6.1718519153125,3.35536458376691,3.56332036470418));
#8332=CARTESIAN_POINT('Ctrl Pts',(-6.1718519153125,3.32890625043358,-1.20003551071609E-15));
#8333=CARTESIAN_POINT('Ctrl Pts',(-6.1718519153125,3.30244791710024,-3.56332036470418));
#8334=CARTESIAN_POINT('Ctrl Pts',(-3.08592595765625,3.27598958376691,-5.34498054705627));
#8335=CARTESIAN_POINT('Ctrl Pts',(9.49300762400932E-16,3.24953125043358,
-7.12664072940836));
#8336=CARTESIAN_POINT('Ctrl Pts',(3.08592595765625,3.22307291710024,-5.34498054705627));
#8337=CARTESIAN_POINT('Ctrl Pts',(6.1718519153125,3.19661458376691,-3.56332036470418));
#8338=CARTESIAN_POINT('Ctrl Pts',(6.1718519153125,3.17015625043358,4.44201641426197E-16));
#8339=CARTESIAN_POINT('Ctrl Pts',(6.1718519153125,3.14369791710024,3.56332036470418));
#8340=CARTESIAN_POINT('Ctrl Pts',(3.08592595765625,3.11723958376691,5.34498054705627));
#8341=CARTESIAN_POINT('Ctrl Pts',(-7.65389866066213E-17,3.09078125043358,
7.12664072940836));
#8342=CARTESIAN_POINT('Ctrl Pts',(-3.08592595765625,3.06432291710024,5.34498054705627));
#8343=CARTESIAN_POINT('Ctrl Pts',(-6.1718519153125,3.03786458376691,3.56332036470418));
#8344=CARTESIAN_POINT('Ctrl Pts',(-6.1718519153125,3.01140625043358,-1.20003551071609E-15));
#8345=CARTESIAN_POINT('Ctrl Pts',(-6.1718519153125,2.98494791710024,-3.56332036470418));
#8346=CARTESIAN_POINT('Ctrl Pts',(-3.08592595765625,2.95848958376691,-5.34498054705627));
#8347=CARTESIAN_POINT('Ctrl Pts',(9.49300762400932E-16,2.93203125043358,
-7.12664072940836));
#8348=CARTESIAN_POINT('Ctrl Pts',(3.08592595765625,2.90557291710024,-5.34498054705627));
#8349=CARTESIAN_POINT('Ctrl Pts',(6.1718519153125,2.87911458376691,-3.56332036470418));
#8350=CARTESIAN_POINT('Ctrl Pts',(6.1718519153125,2.85265625043358,4.44201641426197E-16));
#8351=CARTESIAN_POINT('Ctrl Pts',(6.1718519153125,2.83801636451586,1.97165116072613));
#8352=CARTESIAN_POINT('Ctrl Pts',(5.02878445683119,2.82118762461462,3.57813959359883));
#8353=CARTESIAN_POINT('Ctrl Pts',(-5.93410221439649,6.68414139660996,4.60161777411485E-16));
#8354=CARTESIAN_POINT('Ctrl Pts',(-5.93410221439649,6.65768306327663,-3.42605551088057));
#8355=CARTESIAN_POINT('Ctrl Pts',(-2.96705110719825,6.6312247299433,-5.13908326632085));
#8356=CARTESIAN_POINT('Ctrl Pts',(-9.50919843628698E-16,6.60476639660997,
-6.85211102176114));
#8357=CARTESIAN_POINT('Ctrl Pts',(2.96705110719824,6.57830806327663,-5.13908326632085));
#8358=CARTESIAN_POINT('Ctrl Pts',(5.93410221439649,6.5518497299433,-3.42605551088057));
#8359=CARTESIAN_POINT('Ctrl Pts',(5.93410221439649,6.52539139660997,-1.18687970567887E-15));
#8360=CARTESIAN_POINT('Ctrl Pts',(5.93410221439649,6.49893306327663,3.42605551088057));
#8361=CARTESIAN_POINT('Ctrl Pts',(2.96705110719825,6.4724747299433,5.13908326632085));
#8362=CARTESIAN_POINT('Ctrl Pts',(1.79006142664891E-15,6.44601639660997,
6.85211102176114));
#8363=CARTESIAN_POINT('Ctrl Pts',(-2.96705110719824,6.41955806327663,5.13908326632086));
#8364=CARTESIAN_POINT('Ctrl Pts',(-5.93410221439649,6.3930997299433,3.42605551088057));
#8365=CARTESIAN_POINT('Ctrl Pts',(-5.93410221439649,6.36664139660997,4.60161777411485E-16));
#8366=CARTESIAN_POINT('Ctrl Pts',(-5.93410221439649,6.34018306327663,-3.42605551088057));
#8367=CARTESIAN_POINT('Ctrl Pts',(-2.96705110719825,6.3137247299433,-5.13908326632085));
#8368=CARTESIAN_POINT('Ctrl Pts',(-9.50919843628698E-16,6.28726639660997,
-6.85211102176114));
#8369=CARTESIAN_POINT('Ctrl Pts',(2.96705110719824,6.26080806327663,-5.13908326632085));
#8370=CARTESIAN_POINT('Ctrl Pts',(5.93410221439649,6.2343497299433,-3.42605551088057));
#8371=CARTESIAN_POINT('Ctrl Pts',(5.93410221439649,6.20789139660996,-1.18687970567887E-15));
#8372=CARTESIAN_POINT('Ctrl Pts',(5.93410221439649,6.18143306327663,3.42605551088057));
#8373=CARTESIAN_POINT('Ctrl Pts',(2.96705110719825,6.1549747299433,5.13908326632085));
#8374=CARTESIAN_POINT('Ctrl Pts',(1.79006142664891E-15,6.12851639660997,
6.85211102176114));
#8375=CARTESIAN_POINT('Ctrl Pts',(-2.96705110719824,6.10205806327663,5.13908326632086));
#8376=CARTESIAN_POINT('Ctrl Pts',(-5.93410221439649,6.0755997299433,3.42605551088057));
#8377=CARTESIAN_POINT('Ctrl Pts',(-5.93410221439649,6.04914139660996,4.60161777411485E-16));
#8378=CARTESIAN_POINT('Ctrl Pts',(-5.93410221439649,6.02268306327663,-3.42605551088057));
#8379=CARTESIAN_POINT('Ctrl Pts',(-2.96705110719825,5.9962247299433,-5.13908326632085));
#8380=CARTESIAN_POINT('Ctrl Pts',(-9.50919843628698E-16,5.96976639660997,
-6.85211102176114));
#8381=CARTESIAN_POINT('Ctrl Pts',(2.96705110719824,5.94330806327663,-5.13908326632085));
#8382=CARTESIAN_POINT('Ctrl Pts',(5.93410221439649,5.9168497299433,-3.42605551088057));
#8383=CARTESIAN_POINT('Ctrl Pts',(5.93410221439649,5.89039139660997,-1.18687970567887E-15));
#8384=CARTESIAN_POINT('Ctrl Pts',(5.93410221439649,5.86393306327663,3.42605551088057));
#8385=CARTESIAN_POINT('Ctrl Pts',(2.96705110719825,5.8374747299433,5.13908326632085));
#8386=CARTESIAN_POINT('Ctrl Pts',(1.79006142664891E-15,5.81101639660996,
6.85211102176114));
#8387=CARTESIAN_POINT('Ctrl Pts',(-2.96705110719824,5.78455806327663,5.13908326632086));
#8388=CARTESIAN_POINT('Ctrl Pts',(-5.93410221439649,5.7580997299433,3.42605551088057));
#8389=CARTESIAN_POINT('Ctrl Pts',(-5.93410221439649,5.73164139660996,4.60161777411485E-16));
#8390=CARTESIAN_POINT('Ctrl Pts',(-5.93410221439649,5.70518306327663,-3.42605551088057));
#8391=CARTESIAN_POINT('Ctrl Pts',(-2.96705110719825,5.6787247299433,-5.13908326632085));
#8392=CARTESIAN_POINT('Ctrl Pts',(-9.50919843628698E-16,5.65226639660997,
-6.85211102176114));
#8393=CARTESIAN_POINT('Ctrl Pts',(2.96705110719824,5.62580806327663,-5.13908326632085));
#8394=CARTESIAN_POINT('Ctrl Pts',(5.93410221439649,5.5993497299433,-3.42605551088057));
#8395=CARTESIAN_POINT('Ctrl Pts',(5.93410221439649,5.57289139660996,-1.18687970567887E-15));
#8396=CARTESIAN_POINT('Ctrl Pts',(5.93410221439649,5.54643306327663,3.42605551088057));
#8397=CARTESIAN_POINT('Ctrl Pts',(2.96705110719825,5.5199747299433,5.13908326632085));
#8398=CARTESIAN_POINT('Ctrl Pts',(1.79006142664891E-15,5.49351639660997,
6.85211102176114));
#8399=CARTESIAN_POINT('Ctrl Pts',(-2.96705110719824,5.46705806327663,5.13908326632086));
#8400=CARTESIAN_POINT('Ctrl Pts',(-5.93410221439649,5.4405997299433,3.42605551088057));
#8401=CARTESIAN_POINT('Ctrl Pts',(-5.93410221439649,5.41414139660997,4.60161777411485E-16));
#8402=CARTESIAN_POINT('Ctrl Pts',(-5.93410221439649,5.38768306327663,-3.42605551088057));
#8403=CARTESIAN_POINT('Ctrl Pts',(-2.96705110719825,5.3612247299433,-5.13908326632085));
#8404=CARTESIAN_POINT('Ctrl Pts',(-9.50919843628698E-16,5.33476639660996,
-6.85211102176114));
#8405=CARTESIAN_POINT('Ctrl Pts',(2.96705110719824,5.30830806327663,-5.13908326632085));
#8406=CARTESIAN_POINT('Ctrl Pts',(5.93410221439649,5.2818497299433,-3.42605551088057));
#8407=CARTESIAN_POINT('Ctrl Pts',(5.93410221439649,5.25539139660997,-1.18687970567887E-15));
#8408=CARTESIAN_POINT('Ctrl Pts',(5.93410221439649,5.22893306327663,3.42605551088057));
#8409=CARTESIAN_POINT('Ctrl Pts',(2.96705110719825,5.2024747299433,5.13908326632085));
#8410=CARTESIAN_POINT('Ctrl Pts',(1.79006142664891E-15,5.17601639660997,
6.85211102176114));
#8411=CARTESIAN_POINT('Ctrl Pts',(-2.96705110719824,5.14955806327663,5.13908326632086));
#8412=CARTESIAN_POINT('Ctrl Pts',(-5.93410221439649,5.1230997299433,3.42605551088057));
#8413=CARTESIAN_POINT('Ctrl Pts',(-5.93410221439649,5.09664139660997,4.60161777411485E-16));
#8414=CARTESIAN_POINT('Ctrl Pts',(-5.93410221439649,5.07018306327663,-3.42605551088057));
#8415=CARTESIAN_POINT('Ctrl Pts',(-2.96705110719825,5.0437247299433,-5.13908326632085));
#8416=CARTESIAN_POINT('Ctrl Pts',(-9.50919843628698E-16,5.01726639660997,
-6.85211102176114));
#8417=CARTESIAN_POINT('Ctrl Pts',(2.96705110719824,4.99080806327663,-5.13908326632085));
#8418=CARTESIAN_POINT('Ctrl Pts',(5.93410221439649,4.9643497299433,-3.42605551088057));
#8419=CARTESIAN_POINT('Ctrl Pts',(5.93410221439649,4.93789139660996,-1.18687970567887E-15));
#8420=CARTESIAN_POINT('Ctrl Pts',(5.93410221439649,4.91143306327663,3.42605551088057));
#8421=CARTESIAN_POINT('Ctrl Pts',(2.96705110719825,4.8849747299433,5.13908326632085));
#8422=CARTESIAN_POINT('Ctrl Pts',(1.79006142664891E-15,4.85851639660997,
6.85211102176114));
#8423=CARTESIAN_POINT('Ctrl Pts',(-2.96705110719824,4.83205806327663,5.13908326632086));
#8424=CARTESIAN_POINT('Ctrl Pts',(-5.93410221439649,4.8055997299433,3.42605551088057));
#8425=CARTESIAN_POINT('Ctrl Pts',(-5.93410221439649,4.77914139660997,4.60161777411485E-16));
#8426=CARTESIAN_POINT('Ctrl Pts',(-5.93410221439649,4.75268306327663,-3.42605551088057));
#8427=CARTESIAN_POINT('Ctrl Pts',(-2.96705110719825,4.7262247299433,-5.13908326632085));
#8428=CARTESIAN_POINT('Ctrl Pts',(-9.50919843628698E-16,4.69976639660996,
-6.85211102176114));
#8429=CARTESIAN_POINT('Ctrl Pts',(2.96705110719824,4.67330806327663,-5.13908326632085));
#8430=CARTESIAN_POINT('Ctrl Pts',(5.93410221439649,4.6468497299433,-3.42605551088057));
#8431=CARTESIAN_POINT('Ctrl Pts',(5.93410221439649,4.62039139660996,-1.18687970567887E-15));
#8432=CARTESIAN_POINT('Ctrl Pts',(5.93410221439649,4.59393306327663,3.42605551088057));
#8433=CARTESIAN_POINT('Ctrl Pts',(2.96705110719825,4.5674747299433,5.13908326632085));
#8434=CARTESIAN_POINT('Ctrl Pts',(1.79006142664891E-15,4.54101639660997,
6.85211102176114));
#8435=CARTESIAN_POINT('Ctrl Pts',(-2.96705110719824,4.51455806327663,5.13908326632086));
#8436=CARTESIAN_POINT('Ctrl Pts',(-5.93410221439649,4.4880997299433,3.42605551088057));
#8437=CARTESIAN_POINT('Ctrl Pts',(-5.93410221439649,4.46164139660996,4.60161777411485E-16));
#8438=CARTESIAN_POINT('Ctrl Pts',(-5.93410221439649,4.43518306327663,-3.42605551088057));
#8439=CARTESIAN_POINT('Ctrl Pts',(-2.96705110719825,4.4087247299433,-5.13908326632085));
#8440=CARTESIAN_POINT('Ctrl Pts',(-9.50919843628698E-16,4.38226639660996,
-6.85211102176114));
#8441=CARTESIAN_POINT('Ctrl Pts',(2.96705110719824,4.35580806327663,-5.13908326632085));
#8442=CARTESIAN_POINT('Ctrl Pts',(5.93410221439649,4.3293497299433,-3.42605551088057));
#8443=CARTESIAN_POINT('Ctrl Pts',(5.93410221439649,4.30289139660997,-1.18687970567887E-15));
#8444=CARTESIAN_POINT('Ctrl Pts',(5.93410221439649,4.27643306327663,3.42605551088057));
#8445=CARTESIAN_POINT('Ctrl Pts',(2.96705110719825,4.2499747299433,5.13908326632085));
#8446=CARTESIAN_POINT('Ctrl Pts',(1.79006142664891E-15,4.22351639660996,
6.85211102176114));
#8447=CARTESIAN_POINT('Ctrl Pts',(-2.96705110719824,4.19705806327663,5.13908326632086));
#8448=CARTESIAN_POINT('Ctrl Pts',(-5.93410221439649,4.1705997299433,3.42605551088057));
#8449=CARTESIAN_POINT('Ctrl Pts',(-5.93410221439649,4.14414139660996,4.60161777411485E-16));
#8450=CARTESIAN_POINT('Ctrl Pts',(-5.93410221439649,4.11768306327663,-3.42605551088057));
#8451=CARTESIAN_POINT('Ctrl Pts',(-2.96705110719825,4.0912247299433,-5.13908326632085));
#8452=CARTESIAN_POINT('Ctrl Pts',(-9.50919843628698E-16,4.06476639660996,
-6.85211102176114));
#8453=CARTESIAN_POINT('Ctrl Pts',(2.96705110719824,4.03830806327663,-5.13908326632085));
#8454=CARTESIAN_POINT('Ctrl Pts',(5.93410221439649,4.0118497299433,-3.42605551088057));
#8455=CARTESIAN_POINT('Ctrl Pts',(5.93410221439649,3.98539139660996,-1.18687970567887E-15));
#8456=CARTESIAN_POINT('Ctrl Pts',(5.93410221439649,3.95893306327663,3.42605551088057));
#8457=CARTESIAN_POINT('Ctrl Pts',(2.96705110719825,3.9324747299433,5.13908326632085));
#8458=CARTESIAN_POINT('Ctrl Pts',(1.79006142664891E-15,3.90601639660996,
6.85211102176114));
#8459=CARTESIAN_POINT('Ctrl Pts',(-2.96705110719824,3.87955806327663,5.13908326632086));
#8460=CARTESIAN_POINT('Ctrl Pts',(-5.93410221439649,3.8530997299433,3.42605551088057));
#8461=CARTESIAN_POINT('Ctrl Pts',(-5.93410221439649,3.82664139660996,4.60161777411485E-16));
#8462=CARTESIAN_POINT('Ctrl Pts',(-5.93410221439649,3.80018306327663,-3.42605551088057));
#8463=CARTESIAN_POINT('Ctrl Pts',(-2.96705110719825,3.7737247299433,-5.13908326632085));
#8464=CARTESIAN_POINT('Ctrl Pts',(-9.50919843628698E-16,3.74726639660997,
-6.85211102176114));
#8465=CARTESIAN_POINT('Ctrl Pts',(2.96705110719824,3.72080806327663,-5.13908326632085));
#8466=CARTESIAN_POINT('Ctrl Pts',(5.93410221439649,3.6943497299433,-3.42605551088057));
#8467=CARTESIAN_POINT('Ctrl Pts',(5.93410221439649,3.66789139660996,-1.18687970567887E-15));
#8468=CARTESIAN_POINT('Ctrl Pts',(5.93410221439649,3.64143306327663,3.42605551088057));
#8469=CARTESIAN_POINT('Ctrl Pts',(2.96705110719825,3.6149747299433,5.13908326632085));
#8470=CARTESIAN_POINT('Ctrl Pts',(1.79006142664891E-15,3.58851639660997,
6.85211102176114));
#8471=CARTESIAN_POINT('Ctrl Pts',(-2.96705110719824,3.56205806327663,5.13908326632086));
#8472=CARTESIAN_POINT('Ctrl Pts',(-5.93410221439649,3.5355997299433,3.42605551088057));
#8473=CARTESIAN_POINT('Ctrl Pts',(-5.93410221439649,3.50914139660996,4.60161777411485E-16));
#8474=CARTESIAN_POINT('Ctrl Pts',(-5.93410221439649,3.48268306327663,-3.42605551088057));
#8475=CARTESIAN_POINT('Ctrl Pts',(-2.96705110719825,3.4562247299433,-5.13908326632085));
#8476=CARTESIAN_POINT('Ctrl Pts',(-9.50919843628698E-16,3.42976639660997,
-6.85211102176114));
#8477=CARTESIAN_POINT('Ctrl Pts',(2.96705110719824,3.40330806327663,-5.13908326632085));
#8478=CARTESIAN_POINT('Ctrl Pts',(5.93410221439649,3.3768497299433,-3.42605551088057));
#8479=CARTESIAN_POINT('Ctrl Pts',(5.93410221439649,3.35039139660997,-1.18687970567887E-15));
#8480=CARTESIAN_POINT('Ctrl Pts',(5.93410221439649,3.32393306327663,3.42605551088057));
#8481=CARTESIAN_POINT('Ctrl Pts',(2.96705110719825,3.2974747299433,5.13908326632085));
#8482=CARTESIAN_POINT('Ctrl Pts',(1.79006142664891E-15,3.27101639660996,
6.85211102176114));
#8483=CARTESIAN_POINT('Ctrl Pts',(-2.96705110719824,3.24455806327663,5.13908326632086));
#8484=CARTESIAN_POINT('Ctrl Pts',(-5.93410221439649,3.2180997299433,3.42605551088057));
#8485=CARTESIAN_POINT('Ctrl Pts',(-5.93410221439649,3.19164139660997,4.60161777411485E-16));
#8486=CARTESIAN_POINT('Ctrl Pts',(-5.93410221439649,3.16518306327663,-3.42605551088057));
#8487=CARTESIAN_POINT('Ctrl Pts',(-2.96705110719825,3.1387247299433,-5.13908326632085));
#8488=CARTESIAN_POINT('Ctrl Pts',(-9.50919843628698E-16,3.11226639660997,
-6.85211102176114));
#8489=CARTESIAN_POINT('Ctrl Pts',(2.96705110719824,3.08580806327663,-5.13908326632085));
#8490=CARTESIAN_POINT('Ctrl Pts',(5.93410221439649,3.0593497299433,-3.42605551088057));
#8491=CARTESIAN_POINT('Ctrl Pts',(5.93410221439649,3.03289139660996,-1.18687970567887E-15));
#8492=CARTESIAN_POINT('Ctrl Pts',(5.93410221439649,3.00643306327663,3.42605551088057));
#8493=CARTESIAN_POINT('Ctrl Pts',(2.96705110719825,2.9799747299433,5.13908326632085));
#8494=CARTESIAN_POINT('Ctrl Pts',(1.79006142664891E-15,2.95351639660996,
6.85211102176114));
#8495=CARTESIAN_POINT('Ctrl Pts',(-2.96705110719824,2.92705806327663,5.13908326632086));
#8496=CARTESIAN_POINT('Ctrl Pts',(-5.93410221439649,2.9005997299433,3.42605551088057));
#8497=CARTESIAN_POINT('Ctrl Pts',(-5.93410221439649,2.87414139660997,4.60161777411485E-16));
#8498=CARTESIAN_POINT('Ctrl Pts',(-5.93410221439649,2.84768306327663,-3.42605551088057));
#8499=CARTESIAN_POINT('Ctrl Pts',(-2.96705110719825,2.8212247299433,-5.13908326632085));
#8500=CARTESIAN_POINT('Ctrl Pts',(-9.50919843628698E-16,2.79476639660996,
-6.85211102176114));
#8501=CARTESIAN_POINT('Ctrl Pts',(2.96705110719824,2.76830806327663,-5.13908326632085));
#8502=CARTESIAN_POINT('Ctrl Pts',(5.93410221439649,2.7418497299433,-3.42605551088057));
#8503=CARTESIAN_POINT('Ctrl Pts',(5.93410221439649,2.71539139660996,-1.18687970567887E-15));
#8504=CARTESIAN_POINT('Ctrl Pts',(5.93410221439649,2.70075151069225,1.89569997456589));
#8505=CARTESIAN_POINT('Ctrl Pts',(4.83506756002484,2.68392277079101,3.44030387915091));
#8506=CARTESIAN_POINT('Ctrl Pts',(-6.,6.72218750086715,0.));
#8507=CARTESIAN_POINT('Ctrl Pts',(-6.,6.69572916753382,-3.46410161513775));
#8508=CARTESIAN_POINT('Ctrl Pts',(-3.,6.66927083420049,-5.19615242270663));
#8509=CARTESIAN_POINT('Ctrl Pts',(-4.24230095489963E-16,6.64281250086715,
-6.92820323027551));
#8510=CARTESIAN_POINT('Ctrl Pts',(3.,6.61635416753382,-5.19615242270663));
#8511=CARTESIAN_POINT('Ctrl Pts',(6.,6.58989583420048,-3.46410161513776));
#8512=CARTESIAN_POINT('Ctrl Pts',(6.,6.56343750086715,-7.34788079488412E-16));
#8513=CARTESIAN_POINT('Ctrl Pts',(6.,6.53697916753382,3.46410161513775));
#8514=CARTESIAN_POINT('Ctrl Pts',(3.,6.51052083420049,5.19615242270663));
#8515=CARTESIAN_POINT('Ctrl Pts',(1.27269028646989E-15,6.48406250086715,
6.92820323027551));
#8516=CARTESIAN_POINT('Ctrl Pts',(-3.,6.45760416753382,5.19615242270664));
#8517=CARTESIAN_POINT('Ctrl Pts',(-6.,6.43114583420048,3.46410161513776));
#8518=CARTESIAN_POINT('Ctrl Pts',(-6.,6.40468750086715,0.));
#8519=CARTESIAN_POINT('Ctrl Pts',(-6.,6.37822916753382,-3.46410161513775));
#8520=CARTESIAN_POINT('Ctrl Pts',(-3.,6.35177083420048,-5.19615242270663));
#8521=CARTESIAN_POINT('Ctrl Pts',(-4.24230095489963E-16,6.32531250086715,
-6.92820323027551));
#8522=CARTESIAN_POINT('Ctrl Pts',(3.,6.29885416753382,-5.19615242270663));
#8523=CARTESIAN_POINT('Ctrl Pts',(6.,6.27239583420049,-3.46410161513776));
#8524=CARTESIAN_POINT('Ctrl Pts',(6.,6.24593750086715,-7.34788079488412E-16));
#8525=CARTESIAN_POINT('Ctrl Pts',(6.,6.21947916753382,3.46410161513775));
#8526=CARTESIAN_POINT('Ctrl Pts',(3.,6.19302083420049,5.19615242270663));
#8527=CARTESIAN_POINT('Ctrl Pts',(1.27269028646989E-15,6.16656250086715,
6.92820323027551));
#8528=CARTESIAN_POINT('Ctrl Pts',(-3.,6.14010416753382,5.19615242270664));
#8529=CARTESIAN_POINT('Ctrl Pts',(-6.,6.11364583420048,3.46410161513776));
#8530=CARTESIAN_POINT('Ctrl Pts',(-6.,6.08718750086715,0.));
#8531=CARTESIAN_POINT('Ctrl Pts',(-6.,6.06072916753382,-3.46410161513775));
#8532=CARTESIAN_POINT('Ctrl Pts',(-3.,6.03427083420049,-5.19615242270663));
#8533=CARTESIAN_POINT('Ctrl Pts',(-4.24230095489963E-16,6.00781250086715,
-6.92820323027551));
#8534=CARTESIAN_POINT('Ctrl Pts',(3.,5.98135416753382,-5.19615242270663));
#8535=CARTESIAN_POINT('Ctrl Pts',(6.,5.95489583420049,-3.46410161513776));
#8536=CARTESIAN_POINT('Ctrl Pts',(6.,5.92843750086715,-7.34788079488412E-16));
#8537=CARTESIAN_POINT('Ctrl Pts',(6.,5.90197916753382,3.46410161513775));
#8538=CARTESIAN_POINT('Ctrl Pts',(3.,5.87552083420049,5.19615242270663));
#8539=CARTESIAN_POINT('Ctrl Pts',(1.27269028646989E-15,5.84906250086715,
6.92820323027551));
#8540=CARTESIAN_POINT('Ctrl Pts',(-3.,5.82260416753382,5.19615242270664));
#8541=CARTESIAN_POINT('Ctrl Pts',(-6.,5.79614583420048,3.46410161513776));
#8542=CARTESIAN_POINT('Ctrl Pts',(-6.,5.76968750086715,0.));
#8543=CARTESIAN_POINT('Ctrl Pts',(-6.,5.74322916753382,-3.46410161513775));
#8544=CARTESIAN_POINT('Ctrl Pts',(-3.,5.71677083420049,-5.19615242270663));
#8545=CARTESIAN_POINT('Ctrl Pts',(-4.24230095489963E-16,5.69031250086715,
-6.92820323027551));
#8546=CARTESIAN_POINT('Ctrl Pts',(3.,5.66385416753382,-5.19615242270663));
#8547=CARTESIAN_POINT('Ctrl Pts',(6.,5.63739583420049,-3.46410161513776));
#8548=CARTESIAN_POINT('Ctrl Pts',(6.,5.61093750086715,-7.34788079488412E-16));
#8549=CARTESIAN_POINT('Ctrl Pts',(6.,5.58447916753382,3.46410161513775));
#8550=CARTESIAN_POINT('Ctrl Pts',(3.,5.55802083420048,5.19615242270663));
#8551=CARTESIAN_POINT('Ctrl Pts',(1.27269028646989E-15,5.53156250086715,
6.92820323027551));
#8552=CARTESIAN_POINT('Ctrl Pts',(-3.,5.50510416753382,5.19615242270664));
#8553=CARTESIAN_POINT('Ctrl Pts',(-6.,5.47864583420048,3.46410161513776));
#8554=CARTESIAN_POINT('Ctrl Pts',(-6.,5.45218750086715,0.));
#8555=CARTESIAN_POINT('Ctrl Pts',(-6.,5.42572916753382,-3.46410161513775));
#8556=CARTESIAN_POINT('Ctrl Pts',(-3.,5.39927083420049,-5.19615242270663));
#8557=CARTESIAN_POINT('Ctrl Pts',(-4.24230095489963E-16,5.37281250086715,
-6.92820323027551));
#8558=CARTESIAN_POINT('Ctrl Pts',(3.,5.34635416753382,-5.19615242270663));
#8559=CARTESIAN_POINT('Ctrl Pts',(6.,5.31989583420048,-3.46410161513776));
#8560=CARTESIAN_POINT('Ctrl Pts',(6.,5.29343750086715,-7.34788079488412E-16));
#8561=CARTESIAN_POINT('Ctrl Pts',(6.,5.26697916753382,3.46410161513775));
#8562=CARTESIAN_POINT('Ctrl Pts',(3.,5.24052083420048,5.19615242270663));
#8563=CARTESIAN_POINT('Ctrl Pts',(1.27269028646989E-15,5.21406250086715,
6.92820323027551));
#8564=CARTESIAN_POINT('Ctrl Pts',(-3.,5.18760416753382,5.19615242270664));
#8565=CARTESIAN_POINT('Ctrl Pts',(-6.,5.16114583420049,3.46410161513776));
#8566=CARTESIAN_POINT('Ctrl Pts',(-6.,5.13468750086715,0.));
#8567=CARTESIAN_POINT('Ctrl Pts',(-6.,5.10822916753382,-3.46410161513775));
#8568=CARTESIAN_POINT('Ctrl Pts',(-3.,5.08177083420049,-5.19615242270663));
#8569=CARTESIAN_POINT('Ctrl Pts',(-4.24230095489963E-16,5.05531250086715,
-6.92820323027551));
#8570=CARTESIAN_POINT('Ctrl Pts',(3.,5.02885416753382,-5.19615242270663));
#8571=CARTESIAN_POINT('Ctrl Pts',(6.,5.00239583420048,-3.46410161513776));
#8572=CARTESIAN_POINT('Ctrl Pts',(6.,4.97593750086715,-7.34788079488412E-16));
#8573=CARTESIAN_POINT('Ctrl Pts',(6.,4.94947916753382,3.46410161513775));
#8574=CARTESIAN_POINT('Ctrl Pts',(3.,4.92302083420048,5.19615242270663));
#8575=CARTESIAN_POINT('Ctrl Pts',(1.27269028646989E-15,4.89656250086715,
6.92820323027551));
#8576=CARTESIAN_POINT('Ctrl Pts',(-3.,4.87010416753382,5.19615242270664));
#8577=CARTESIAN_POINT('Ctrl Pts',(-6.,4.84364583420049,3.46410161513776));
#8578=CARTESIAN_POINT('Ctrl Pts',(-6.,4.81718750086715,0.));
#8579=CARTESIAN_POINT('Ctrl Pts',(-6.,4.79072916753382,-3.46410161513775));
#8580=CARTESIAN_POINT('Ctrl Pts',(-3.,4.76427083420048,-5.19615242270663));
#8581=CARTESIAN_POINT('Ctrl Pts',(-4.24230095489963E-16,4.73781250086715,
-6.92820323027551));
#8582=CARTESIAN_POINT('Ctrl Pts',(3.,4.71135416753382,-5.19615242270663));
#8583=CARTESIAN_POINT('Ctrl Pts',(6.,4.68489583420048,-3.46410161513776));
#8584=CARTESIAN_POINT('Ctrl Pts',(6.,4.65843750086715,-7.34788079488412E-16));
#8585=CARTESIAN_POINT('Ctrl Pts',(6.,4.63197916753382,3.46410161513775));
#8586=CARTESIAN_POINT('Ctrl Pts',(3.,4.60552083420048,5.19615242270663));
#8587=CARTESIAN_POINT('Ctrl Pts',(1.27269028646989E-15,4.57906250086715,
6.92820323027551));
#8588=CARTESIAN_POINT('Ctrl Pts',(-3.,4.55260416753382,5.19615242270664));
#8589=CARTESIAN_POINT('Ctrl Pts',(-6.,4.52614583420049,3.46410161513776));
#8590=CARTESIAN_POINT('Ctrl Pts',(-6.,4.49968750086715,0.));
#8591=CARTESIAN_POINT('Ctrl Pts',(-6.,4.47322916753382,-3.46410161513775));
#8592=CARTESIAN_POINT('Ctrl Pts',(-3.,4.44677083420048,-5.19615242270663));
#8593=CARTESIAN_POINT('Ctrl Pts',(-4.24230095489963E-16,4.42031250086715,
-6.92820323027551));
#8594=CARTESIAN_POINT('Ctrl Pts',(3.,4.39385416753382,-5.19615242270663));
#8595=CARTESIAN_POINT('Ctrl Pts',(6.,4.36739583420048,-3.46410161513776));
#8596=CARTESIAN_POINT('Ctrl Pts',(6.,4.34093750086715,-7.34788079488412E-16));
#8597=CARTESIAN_POINT('Ctrl Pts',(6.,4.31447916753382,3.46410161513775));
#8598=CARTESIAN_POINT('Ctrl Pts',(3.,4.28802083420049,5.19615242270663));
#8599=CARTESIAN_POINT('Ctrl Pts',(1.27269028646989E-15,4.26156250086715,
6.92820323027551));
#8600=CARTESIAN_POINT('Ctrl Pts',(-3.,4.23510416753382,5.19615242270664));
#8601=CARTESIAN_POINT('Ctrl Pts',(-6.,4.20864583420049,3.46410161513776));
#8602=CARTESIAN_POINT('Ctrl Pts',(-6.,4.18218750086715,0.));
#8603=CARTESIAN_POINT('Ctrl Pts',(-6.,4.15572916753382,-3.46410161513775));
#8604=CARTESIAN_POINT('Ctrl Pts',(-3.,4.12927083420049,-5.19615242270663));
#8605=CARTESIAN_POINT('Ctrl Pts',(-4.24230095489963E-16,4.10281250086715,
-6.92820323027551));
#8606=CARTESIAN_POINT('Ctrl Pts',(3.,4.07635416753382,-5.19615242270663));
#8607=CARTESIAN_POINT('Ctrl Pts',(6.,4.04989583420049,-3.46410161513776));
#8608=CARTESIAN_POINT('Ctrl Pts',(6.,4.02343750086715,-7.34788079488412E-16));
#8609=CARTESIAN_POINT('Ctrl Pts',(6.,3.99697916753382,3.46410161513775));
#8610=CARTESIAN_POINT('Ctrl Pts',(3.,3.97052083420049,5.19615242270663));
#8611=CARTESIAN_POINT('Ctrl Pts',(1.27269028646989E-15,3.94406250086715,
6.92820323027551));
#8612=CARTESIAN_POINT('Ctrl Pts',(-3.,3.91760416753382,5.19615242270664));
#8613=CARTESIAN_POINT('Ctrl Pts',(-6.,3.89114583420049,3.46410161513776));
#8614=CARTESIAN_POINT('Ctrl Pts',(-6.,3.86468750086715,0.));
#8615=CARTESIAN_POINT('Ctrl Pts',(-6.,3.83822916753382,-3.46410161513775));
#8616=CARTESIAN_POINT('Ctrl Pts',(-3.,3.81177083420049,-5.19615242270663));
#8617=CARTESIAN_POINT('Ctrl Pts',(-4.24230095489963E-16,3.78531250086715,
-6.92820323027551));
#8618=CARTESIAN_POINT('Ctrl Pts',(3.,3.75885416753382,-5.19615242270663));
#8619=CARTESIAN_POINT('Ctrl Pts',(6.,3.73239583420049,-3.46410161513776));
#8620=CARTESIAN_POINT('Ctrl Pts',(6.,3.70593750086715,-7.34788079488412E-16));
#8621=CARTESIAN_POINT('Ctrl Pts',(6.,3.67947916753382,3.46410161513775));
#8622=CARTESIAN_POINT('Ctrl Pts',(3.,3.65302083420048,5.19615242270663));
#8623=CARTESIAN_POINT('Ctrl Pts',(1.27269028646989E-15,3.62656250086715,
6.92820323027551));
#8624=CARTESIAN_POINT('Ctrl Pts',(-3.,3.60010416753382,5.19615242270664));
#8625=CARTESIAN_POINT('Ctrl Pts',(-6.,3.57364583420049,3.46410161513776));
#8626=CARTESIAN_POINT('Ctrl Pts',(-6.,3.54718750086715,0.));
#8627=CARTESIAN_POINT('Ctrl Pts',(-6.,3.52072916753382,-3.46410161513775));
#8628=CARTESIAN_POINT('Ctrl Pts',(-3.,3.49427083420049,-5.19615242270663));
#8629=CARTESIAN_POINT('Ctrl Pts',(-4.24230095489963E-16,3.46781250086715,
-6.92820323027551));
#8630=CARTESIAN_POINT('Ctrl Pts',(3.,3.44135416753382,-5.19615242270663));
#8631=CARTESIAN_POINT('Ctrl Pts',(6.,3.41489583420048,-3.46410161513776));
#8632=CARTESIAN_POINT('Ctrl Pts',(6.,3.38843750086715,-7.34788079488412E-16));
#8633=CARTESIAN_POINT('Ctrl Pts',(6.,3.36197916753382,3.46410161513775));
#8634=CARTESIAN_POINT('Ctrl Pts',(3.,3.33552083420048,5.19615242270663));
#8635=CARTESIAN_POINT('Ctrl Pts',(1.27269028646989E-15,3.30906250086715,
6.92820323027551));
#8636=CARTESIAN_POINT('Ctrl Pts',(-3.,3.28260416753382,5.19615242270664));
#8637=CARTESIAN_POINT('Ctrl Pts',(-6.,3.25614583420049,3.46410161513776));
#8638=CARTESIAN_POINT('Ctrl Pts',(-6.,3.22968750086715,0.));
#8639=CARTESIAN_POINT('Ctrl Pts',(-6.,3.20322916753382,-3.46410161513775));
#8640=CARTESIAN_POINT('Ctrl Pts',(-3.,3.17677083420049,-5.19615242270663));
#8641=CARTESIAN_POINT('Ctrl Pts',(-4.24230095489963E-16,3.15031250086715,
-6.92820323027551));
#8642=CARTESIAN_POINT('Ctrl Pts',(3.,3.12385416753382,-5.19615242270663));
#8643=CARTESIAN_POINT('Ctrl Pts',(6.,3.09739583420049,-3.46410161513776));
#8644=CARTESIAN_POINT('Ctrl Pts',(6.,3.07093750086715,-7.34788079488412E-16));
#8645=CARTESIAN_POINT('Ctrl Pts',(6.,3.04447916753382,3.46410161513775));
#8646=CARTESIAN_POINT('Ctrl Pts',(3.,3.01802083420049,5.19615242270663));
#8647=CARTESIAN_POINT('Ctrl Pts',(1.27269028646989E-15,2.99156250086715,
6.92820323027551));
#8648=CARTESIAN_POINT('Ctrl Pts',(-3.,2.96510416753382,5.19615242270664));
#8649=CARTESIAN_POINT('Ctrl Pts',(-6.,2.93864583420048,3.46410161513776));
#8650=CARTESIAN_POINT('Ctrl Pts',(-6.,2.91218750086715,0.));
#8651=CARTESIAN_POINT('Ctrl Pts',(-6.,2.88572916753382,-3.46410161513775));
#8652=CARTESIAN_POINT('Ctrl Pts',(-3.,2.85927083420048,-5.19615242270663));
#8653=CARTESIAN_POINT('Ctrl Pts',(-4.24230095489963E-16,2.83281250086715,
-6.92820323027551));
#8654=CARTESIAN_POINT('Ctrl Pts',(3.,2.80635416753382,-5.19615242270663));
#8655=CARTESIAN_POINT('Ctrl Pts',(6.,2.77989583420048,-3.46410161513776));
#8656=CARTESIAN_POINT('Ctrl Pts',(6.,2.75343750086715,-7.34788079488412E-16));
#8657=CARTESIAN_POINT('Ctrl Pts',(6.,2.73879761494944,1.9167515887746));
#8658=CARTESIAN_POINT('Ctrl Pts',(4.88876064348336,2.72196887504819,3.47850821053051));
#8659=CARTESIAN_POINT('Ctrl Pts',(-6.1718519153125,6.82140625043358,-1.20003551071609E-15));
#8660=CARTESIAN_POINT('Ctrl Pts',(-6.1718519153125,6.79494791710024,-3.56332036470418));
#8661=CARTESIAN_POINT('Ctrl Pts',(-3.08592595765625,6.76848958376691,-5.34498054705627));
#8662=CARTESIAN_POINT('Ctrl Pts',(9.49300762400932E-16,6.74203125043358,
-7.12664072940836));
#8663=CARTESIAN_POINT('Ctrl Pts',(3.08592595765625,6.71557291710024,-5.34498054705627));
#8664=CARTESIAN_POINT('Ctrl Pts',(6.1718519153125,6.68911458376691,-3.56332036470418));
#8665=CARTESIAN_POINT('Ctrl Pts',(6.1718519153125,6.66265625043358,4.44201641426197E-16));
#8666=CARTESIAN_POINT('Ctrl Pts',(6.1718519153125,6.63619791710024,3.56332036470418));
#8667=CARTESIAN_POINT('Ctrl Pts',(3.08592595765625,6.60973958376691,5.34498054705627));
#8668=CARTESIAN_POINT('Ctrl Pts',(-7.65389866066213E-17,6.58328125043358,
7.12664072940836));
#8669=CARTESIAN_POINT('Ctrl Pts',(-3.08592595765625,6.55682291710024,5.34498054705627));
#8670=CARTESIAN_POINT('Ctrl Pts',(-6.1718519153125,6.53036458376691,3.56332036470418));
#8671=CARTESIAN_POINT('Ctrl Pts',(-6.1718519153125,6.50390625043358,-1.20003551071609E-15));
#8672=CARTESIAN_POINT('Ctrl Pts',(-6.1718519153125,6.47744791710024,-3.56332036470418));
#8673=CARTESIAN_POINT('Ctrl Pts',(-3.08592595765625,6.45098958376691,-5.34498054705627));
#8674=CARTESIAN_POINT('Ctrl Pts',(9.49300762400932E-16,6.42453125043358,
-7.12664072940836));
#8675=CARTESIAN_POINT('Ctrl Pts',(3.08592595765625,6.39807291710024,-5.34498054705627));
#8676=CARTESIAN_POINT('Ctrl Pts',(6.1718519153125,6.37161458376691,-3.56332036470418));
#8677=CARTESIAN_POINT('Ctrl Pts',(6.1718519153125,6.34515625043358,4.44201641426197E-16));
#8678=CARTESIAN_POINT('Ctrl Pts',(6.1718519153125,6.31869791710024,3.56332036470418));
#8679=CARTESIAN_POINT('Ctrl Pts',(3.08592595765625,6.29223958376691,5.34498054705627));
#8680=CARTESIAN_POINT('Ctrl Pts',(-7.65389866066213E-17,6.26578125043358,
7.12664072940836));
#8681=CARTESIAN_POINT('Ctrl Pts',(-3.08592595765625,6.23932291710024,5.34498054705627));
#8682=CARTESIAN_POINT('Ctrl Pts',(-6.1718519153125,6.21286458376691,3.56332036470418));
#8683=CARTESIAN_POINT('Ctrl Pts',(-6.1718519153125,6.18640625043358,-1.20003551071609E-15));
#8684=CARTESIAN_POINT('Ctrl Pts',(-6.1718519153125,6.15994791710024,-3.56332036470418));
#8685=CARTESIAN_POINT('Ctrl Pts',(-3.08592595765625,6.13348958376691,-5.34498054705627));
#8686=CARTESIAN_POINT('Ctrl Pts',(9.49300762400932E-16,6.10703125043358,
-7.12664072940836));
#8687=CARTESIAN_POINT('Ctrl Pts',(3.08592595765625,6.08057291710024,-5.34498054705627));
#8688=CARTESIAN_POINT('Ctrl Pts',(6.1718519153125,6.05411458376691,-3.56332036470418));
#8689=CARTESIAN_POINT('Ctrl Pts',(6.1718519153125,6.02765625043358,4.44201641426197E-16));
#8690=CARTESIAN_POINT('Ctrl Pts',(6.1718519153125,6.00119791710024,3.56332036470418));
#8691=CARTESIAN_POINT('Ctrl Pts',(3.08592595765625,5.97473958376691,5.34498054705627));
#8692=CARTESIAN_POINT('Ctrl Pts',(-7.65389866066213E-17,5.94828125043358,
7.12664072940836));
#8693=CARTESIAN_POINT('Ctrl Pts',(-3.08592595765625,5.92182291710024,5.34498054705627));
#8694=CARTESIAN_POINT('Ctrl Pts',(-6.1718519153125,5.89536458376691,3.56332036470418));
#8695=CARTESIAN_POINT('Ctrl Pts',(-6.1718519153125,5.86890625043358,-1.20003551071609E-15));
#8696=CARTESIAN_POINT('Ctrl Pts',(-6.1718519153125,5.84244791710024,-3.56332036470418));
#8697=CARTESIAN_POINT('Ctrl Pts',(-3.08592595765625,5.81598958376691,-5.34498054705627));
#8698=CARTESIAN_POINT('Ctrl Pts',(9.49300762400932E-16,5.78953125043358,
-7.12664072940836));
#8699=CARTESIAN_POINT('Ctrl Pts',(3.08592595765625,5.76307291710024,-5.34498054705627));
#8700=CARTESIAN_POINT('Ctrl Pts',(6.1718519153125,5.73661458376691,-3.56332036470418));
#8701=CARTESIAN_POINT('Ctrl Pts',(6.1718519153125,5.71015625043358,4.44201641426197E-16));
#8702=CARTESIAN_POINT('Ctrl Pts',(6.1718519153125,5.68369791710024,3.56332036470418));
#8703=CARTESIAN_POINT('Ctrl Pts',(3.08592595765625,5.65723958376691,5.34498054705627));
#8704=CARTESIAN_POINT('Ctrl Pts',(-7.65389866066213E-17,5.63078125043358,
7.12664072940836));
#8705=CARTESIAN_POINT('Ctrl Pts',(-3.08592595765625,5.60432291710024,5.34498054705627));
#8706=CARTESIAN_POINT('Ctrl Pts',(-6.1718519153125,5.57786458376691,3.56332036470418));
#8707=CARTESIAN_POINT('Ctrl Pts',(-6.1718519153125,5.55140625043358,-1.20003551071609E-15));
#8708=CARTESIAN_POINT('Ctrl Pts',(-6.1718519153125,5.52494791710024,-3.56332036470418));
#8709=CARTESIAN_POINT('Ctrl Pts',(-3.08592595765625,5.49848958376691,-5.34498054705627));
#8710=CARTESIAN_POINT('Ctrl Pts',(9.49300762400932E-16,5.47203125043358,
-7.12664072940836));
#8711=CARTESIAN_POINT('Ctrl Pts',(3.08592595765625,5.44557291710024,-5.34498054705627));
#8712=CARTESIAN_POINT('Ctrl Pts',(6.1718519153125,5.41911458376691,-3.56332036470418));
#8713=CARTESIAN_POINT('Ctrl Pts',(6.1718519153125,5.39265625043358,4.44201641426197E-16));
#8714=CARTESIAN_POINT('Ctrl Pts',(6.1718519153125,5.36619791710024,3.56332036470418));
#8715=CARTESIAN_POINT('Ctrl Pts',(3.08592595765625,5.33973958376691,5.34498054705627));
#8716=CARTESIAN_POINT('Ctrl Pts',(-7.65389866066213E-17,5.31328125043358,
7.12664072940836));
#8717=CARTESIAN_POINT('Ctrl Pts',(-3.08592595765625,5.28682291710024,5.34498054705627));
#8718=CARTESIAN_POINT('Ctrl Pts',(-6.1718519153125,5.26036458376691,3.56332036470418));
#8719=CARTESIAN_POINT('Ctrl Pts',(-6.1718519153125,5.23390625043358,-1.20003551071609E-15));
#8720=CARTESIAN_POINT('Ctrl Pts',(-6.1718519153125,5.20744791710024,-3.56332036470418));
#8721=CARTESIAN_POINT('Ctrl Pts',(-3.08592595765625,5.18098958376691,-5.34498054705627));
#8722=CARTESIAN_POINT('Ctrl Pts',(9.49300762400932E-16,5.15453125043358,
-7.12664072940836));
#8723=CARTESIAN_POINT('Ctrl Pts',(3.08592595765625,5.12807291710024,-5.34498054705627));
#8724=CARTESIAN_POINT('Ctrl Pts',(6.1718519153125,5.10161458376691,-3.56332036470418));
#8725=CARTESIAN_POINT('Ctrl Pts',(6.1718519153125,5.07515625043358,4.44201641426197E-16));
#8726=CARTESIAN_POINT('Ctrl Pts',(6.1718519153125,5.04869791710024,3.56332036470418));
#8727=CARTESIAN_POINT('Ctrl Pts',(3.08592595765625,5.02223958376691,5.34498054705627));
#8728=CARTESIAN_POINT('Ctrl Pts',(-7.65389866066213E-17,4.99578125043358,
7.12664072940836));
#8729=CARTESIAN_POINT('Ctrl Pts',(-3.08592595765625,4.96932291710024,5.34498054705627));
#8730=CARTESIAN_POINT('Ctrl Pts',(-6.1718519153125,4.94286458376691,3.56332036470418));
#8731=CARTESIAN_POINT('Ctrl Pts',(-6.1718519153125,4.91640625043358,-1.20003551071609E-15));
#8732=CARTESIAN_POINT('Ctrl Pts',(-6.1718519153125,4.88994791710024,-3.56332036470418));
#8733=CARTESIAN_POINT('Ctrl Pts',(-3.08592595765625,4.86348958376691,-5.34498054705627));
#8734=CARTESIAN_POINT('Ctrl Pts',(9.49300762400932E-16,4.83703125043358,
-7.12664072940836));
#8735=CARTESIAN_POINT('Ctrl Pts',(3.08592595765625,4.81057291710024,-5.34498054705627));
#8736=CARTESIAN_POINT('Ctrl Pts',(6.1718519153125,4.78411458376691,-3.56332036470418));
#8737=CARTESIAN_POINT('Ctrl Pts',(6.1718519153125,4.75765625043358,4.44201641426197E-16));
#8738=CARTESIAN_POINT('Ctrl Pts',(6.1718519153125,4.73119791710024,3.56332036470418));
#8739=CARTESIAN_POINT('Ctrl Pts',(3.08592595765625,4.70473958376691,5.34498054705627));
#8740=CARTESIAN_POINT('Ctrl Pts',(-7.65389866066213E-17,4.67828125043358,
7.12664072940836));
#8741=CARTESIAN_POINT('Ctrl Pts',(-3.08592595765625,4.65182291710024,5.34498054705627));
#8742=CARTESIAN_POINT('Ctrl Pts',(-6.1718519153125,4.62536458376691,3.56332036470418));
#8743=CARTESIAN_POINT('Ctrl Pts',(-6.1718519153125,4.59890625043358,-1.20003551071609E-15));
#8744=CARTESIAN_POINT('Ctrl Pts',(-6.1718519153125,4.57244791710024,-3.56332036470418));
#8745=CARTESIAN_POINT('Ctrl Pts',(-3.08592595765625,4.54598958376691,-5.34498054705627));
#8746=CARTESIAN_POINT('Ctrl Pts',(9.49300762400932E-16,4.51953125043358,
-7.12664072940836));
#8747=CARTESIAN_POINT('Ctrl Pts',(3.08592595765625,4.49307291710024,-5.34498054705627));
#8748=CARTESIAN_POINT('Ctrl Pts',(6.1718519153125,4.46661458376691,-3.56332036470418));
#8749=CARTESIAN_POINT('Ctrl Pts',(6.1718519153125,4.44015625043358,4.44201641426197E-16));
#8750=CARTESIAN_POINT('Ctrl Pts',(6.1718519153125,4.41369791710024,3.56332036470418));
#8751=CARTESIAN_POINT('Ctrl Pts',(3.08592595765625,4.38723958376691,5.34498054705627));
#8752=CARTESIAN_POINT('Ctrl Pts',(-7.65389866066213E-17,4.36078125043358,
7.12664072940836));
#8753=CARTESIAN_POINT('Ctrl Pts',(-3.08592595765625,4.33432291710024,5.34498054705627));
#8754=CARTESIAN_POINT('Ctrl Pts',(-6.1718519153125,4.30786458376691,3.56332036470418));
#8755=CARTESIAN_POINT('Ctrl Pts',(-6.1718519153125,4.28140625043358,-1.20003551071609E-15));
#8756=CARTESIAN_POINT('Ctrl Pts',(-6.1718519153125,4.25494791710024,-3.56332036470418));
#8757=CARTESIAN_POINT('Ctrl Pts',(-3.08592595765625,4.22848958376691,-5.34498054705627));
#8758=CARTESIAN_POINT('Ctrl Pts',(9.49300762400932E-16,4.20203125043358,
-7.12664072940836));
#8759=CARTESIAN_POINT('Ctrl Pts',(3.08592595765625,4.17557291710024,-5.34498054705627));
#8760=CARTESIAN_POINT('Ctrl Pts',(6.1718519153125,4.14911458376691,-3.56332036470418));
#8761=CARTESIAN_POINT('Ctrl Pts',(6.1718519153125,4.12265625043358,4.44201641426197E-16));
#8762=CARTESIAN_POINT('Ctrl Pts',(6.1718519153125,4.09619791710024,3.56332036470418));
#8763=CARTESIAN_POINT('Ctrl Pts',(3.08592595765625,4.06973958376691,5.34498054705627));
#8764=CARTESIAN_POINT('Ctrl Pts',(-7.65389866066213E-17,4.04328125043358,
7.12664072940836));
#8765=CARTESIAN_POINT('Ctrl Pts',(-3.08592595765625,4.01682291710024,5.34498054705627));
#8766=CARTESIAN_POINT('Ctrl Pts',(-6.1718519153125,3.99036458376691,3.56332036470418));
#8767=CARTESIAN_POINT('Ctrl Pts',(-6.1718519153125,3.96390625043358,-1.20003551071609E-15));
#8768=CARTESIAN_POINT('Ctrl Pts',(-6.1718519153125,3.93744791710024,-3.56332036470418));
#8769=CARTESIAN_POINT('Ctrl Pts',(-3.08592595765625,3.91098958376691,-5.34498054705627));
#8770=CARTESIAN_POINT('Ctrl Pts',(9.49300762400932E-16,3.88453125043358,
-7.12664072940836));
#8771=CARTESIAN_POINT('Ctrl Pts',(3.08592595765625,3.85807291710024,-5.34498054705627));
#8772=CARTESIAN_POINT('Ctrl Pts',(6.1718519153125,3.83161458376691,-3.56332036470418));
#8773=CARTESIAN_POINT('Ctrl Pts',(6.1718519153125,3.80515625043358,4.44201641426197E-16));
#8774=CARTESIAN_POINT('Ctrl Pts',(6.1718519153125,3.77869791710024,3.56332036470418));
#8775=CARTESIAN_POINT('Ctrl Pts',(3.08592595765625,3.75223958376691,5.34498054705627));
#8776=CARTESIAN_POINT('Ctrl Pts',(-7.65389866066213E-17,3.72578125043358,
7.12664072940836));
#8777=CARTESIAN_POINT('Ctrl Pts',(-3.08592595765625,3.69932291710024,5.34498054705627));
#8778=CARTESIAN_POINT('Ctrl Pts',(-6.1718519153125,3.67286458376691,3.56332036470418));
#8779=CARTESIAN_POINT('Ctrl Pts',(-6.1718519153125,3.64640625043358,-1.20003551071609E-15));
#8780=CARTESIAN_POINT('Ctrl Pts',(-6.1718519153125,3.61994791710024,-3.56332036470418));
#8781=CARTESIAN_POINT('Ctrl Pts',(-3.08592595765625,3.59348958376691,-5.34498054705627));
#8782=CARTESIAN_POINT('Ctrl Pts',(9.49300762400932E-16,3.56703125043358,
-7.12664072940836));
#8783=CARTESIAN_POINT('Ctrl Pts',(3.08592595765625,3.54057291710024,-5.34498054705627));
#8784=CARTESIAN_POINT('Ctrl Pts',(6.1718519153125,3.51411458376691,-3.56332036470418));
#8785=CARTESIAN_POINT('Ctrl Pts',(6.1718519153125,3.48765625043358,4.44201641426197E-16));
#8786=CARTESIAN_POINT('Ctrl Pts',(6.1718519153125,3.46119791710024,3.56332036470418));
#8787=CARTESIAN_POINT('Ctrl Pts',(3.08592595765625,3.43473958376691,5.34498054705627));
#8788=CARTESIAN_POINT('Ctrl Pts',(-7.65389866066213E-17,3.40828125043358,
7.12664072940836));
#8789=CARTESIAN_POINT('Ctrl Pts',(-3.08592595765625,3.38182291710024,5.34498054705627));
#8790=CARTESIAN_POINT('Ctrl Pts',(-6.1718519153125,3.35536458376691,3.56332036470418));
#8791=CARTESIAN_POINT('Ctrl Pts',(-6.1718519153125,3.32890625043358,-1.20003551071609E-15));
#8792=CARTESIAN_POINT('Ctrl Pts',(-6.1718519153125,3.30244791710024,-3.56332036470418));
#8793=CARTESIAN_POINT('Ctrl Pts',(-3.08592595765625,3.27598958376691,-5.34498054705627));
#8794=CARTESIAN_POINT('Ctrl Pts',(9.49300762400932E-16,3.24953125043358,
-7.12664072940836));
#8795=CARTESIAN_POINT('Ctrl Pts',(3.08592595765625,3.22307291710024,-5.34498054705627));
#8796=CARTESIAN_POINT('Ctrl Pts',(6.1718519153125,3.19661458376691,-3.56332036470418));
#8797=CARTESIAN_POINT('Ctrl Pts',(6.1718519153125,3.17015625043358,4.44201641426197E-16));
#8798=CARTESIAN_POINT('Ctrl Pts',(6.1718519153125,3.14369791710024,3.56332036470418));
#8799=CARTESIAN_POINT('Ctrl Pts',(3.08592595765625,3.11723958376691,5.34498054705627));
#8800=CARTESIAN_POINT('Ctrl Pts',(-7.65389866066213E-17,3.09078125043358,
7.12664072940836));
#8801=CARTESIAN_POINT('Ctrl Pts',(-3.08592595765625,3.06432291710024,5.34498054705627));
#8802=CARTESIAN_POINT('Ctrl Pts',(-6.1718519153125,3.03786458376691,3.56332036470418));
#8803=CARTESIAN_POINT('Ctrl Pts',(-6.1718519153125,3.01140625043358,-1.20003551071609E-15));
#8804=CARTESIAN_POINT('Ctrl Pts',(-6.1718519153125,2.98494791710024,-3.56332036470418));
#8805=CARTESIAN_POINT('Ctrl Pts',(-3.08592595765625,2.95848958376691,-5.34498054705627));
#8806=CARTESIAN_POINT('Ctrl Pts',(9.49300762400932E-16,2.93203125043358,
-7.12664072940836));
#8807=CARTESIAN_POINT('Ctrl Pts',(3.08592595765625,2.90557291710024,-5.34498054705627));
#8808=CARTESIAN_POINT('Ctrl Pts',(6.1718519153125,2.87911458376691,-3.56332036470418));
#8809=CARTESIAN_POINT('Ctrl Pts',(6.1718519153125,2.85265625043358,4.44201641426197E-16));
#8810=CARTESIAN_POINT('Ctrl Pts',(6.1718519153125,2.83801636451586,1.97165116072613));
#8811=CARTESIAN_POINT('Ctrl Pts',(5.02878445683119,2.82118762461462,3.57813959359883));
#8812=CARTESIAN_POINT('Ctrl Pts',(6.1718519153125,6.66265625043358,4.44201641426197E-16));
#8813=CARTESIAN_POINT('Ctrl Pts',(6.1718519153125,6.63619791710024,3.56332036470418));
#8814=CARTESIAN_POINT('Ctrl Pts',(3.08592595765625,6.60973958376691,5.34498054705627));
#8815=CARTESIAN_POINT('Ctrl Pts',(-7.65389866066213E-17,6.58328125043358,
7.12664072940836));
#8816=CARTESIAN_POINT('Ctrl Pts',(-3.08592595765625,6.55682291710024,5.34498054705627));
#8817=CARTESIAN_POINT('Ctrl Pts',(-6.1718519153125,6.53036458376691,3.56332036470418));
#8818=CARTESIAN_POINT('Ctrl Pts',(-6.1718519153125,6.50390625043358,-1.20003551071609E-15));
#8819=CARTESIAN_POINT('Ctrl Pts',(-6.1718519153125,6.47744791710024,-3.56332036470418));
#8820=CARTESIAN_POINT('Ctrl Pts',(-3.08592595765625,6.45098958376691,-5.34498054705627));
#8821=CARTESIAN_POINT('Ctrl Pts',(9.49300762400932E-16,6.42453125043358,
-7.12664072940836));
#8822=CARTESIAN_POINT('Ctrl Pts',(3.08592595765625,6.39807291710024,-5.34498054705627));
#8823=CARTESIAN_POINT('Ctrl Pts',(6.1718519153125,6.37161458376691,-3.56332036470418));
#8824=CARTESIAN_POINT('Ctrl Pts',(6.1718519153125,6.34515625043358,4.44201641426197E-16));
#8825=CARTESIAN_POINT('',(-6.08592595765625,6.77179687565036,-6.00017755358044E-16));
#8826=CARTESIAN_POINT('Ctrl Pts',(-5.93410221439649,6.68414139660996,4.60161777411485E-16));
#8827=CARTESIAN_POINT('Ctrl Pts',(-5.93410221439649,6.65768306327663,-3.42605551088057));
#8828=CARTESIAN_POINT('Ctrl Pts',(-2.96705110719825,6.6312247299433,-5.13908326632085));
#8829=CARTESIAN_POINT('Ctrl Pts',(-9.50919843628698E-16,6.60476639660997,
-6.85211102176114));
#8830=CARTESIAN_POINT('Ctrl Pts',(2.96705110719824,6.57830806327663,-5.13908326632085));
#8831=CARTESIAN_POINT('Ctrl Pts',(5.93410221439649,6.5518497299433,-3.42605551088057));
#8832=CARTESIAN_POINT('Ctrl Pts',(5.93410221439649,6.52539139660997,-1.18687970567887E-15));
#8833=CARTESIAN_POINT('Ctrl Pts',(5.93410221439649,6.49893306327663,3.42605551088057));
#8834=CARTESIAN_POINT('Ctrl Pts',(2.96705110719825,6.4724747299433,5.13908326632085));
#8835=CARTESIAN_POINT('Ctrl Pts',(1.79006142664891E-15,6.44601639660997,
6.85211102176114));
#8836=CARTESIAN_POINT('Ctrl Pts',(-2.96705110719824,6.41955806327663,5.13908326632086));
#8837=CARTESIAN_POINT('Ctrl Pts',(-5.93410221439649,6.3930997299433,3.42605551088057));
#8838=CARTESIAN_POINT('Ctrl Pts',(-5.93410221439649,6.36664139660997,4.60161777411485E-16));
#8839=CARTESIAN_POINT('Ctrl Pts',(-5.93410221439649,6.34018306327663,-3.42605551088057));
#8840=CARTESIAN_POINT('Ctrl Pts',(-2.96705110719825,6.3137247299433,-5.13908326632085));
#8841=CARTESIAN_POINT('Ctrl Pts',(-9.50919843628698E-16,6.28726639660997,
-6.85211102176114));
#8842=CARTESIAN_POINT('Ctrl Pts',(2.96705110719824,6.26080806327663,-5.13908326632085));
#8843=CARTESIAN_POINT('Ctrl Pts',(5.93410221439649,6.2343497299433,-3.42605551088057));
#8844=CARTESIAN_POINT('Ctrl Pts',(5.93410221439649,6.20789139660996,-1.18687970567887E-15));
#8845=CARTESIAN_POINT('Ctrl Pts',(5.93410221439649,6.18143306327663,3.42605551088057));
#8846=CARTESIAN_POINT('Ctrl Pts',(2.96705110719825,6.1549747299433,5.13908326632085));
#8847=CARTESIAN_POINT('Ctrl Pts',(1.79006142664891E-15,6.12851639660997,
6.85211102176114));
#8848=CARTESIAN_POINT('Ctrl Pts',(-2.96705110719824,6.10205806327663,5.13908326632086));
#8849=CARTESIAN_POINT('Ctrl Pts',(-5.93410221439649,6.0755997299433,3.42605551088057));
#8850=CARTESIAN_POINT('Ctrl Pts',(-5.93410221439649,6.04914139660996,4.60161777411485E-16));
#8851=CARTESIAN_POINT('Ctrl Pts',(-5.93410221439649,6.02268306327663,-3.42605551088057));
#8852=CARTESIAN_POINT('Ctrl Pts',(-2.96705110719825,5.9962247299433,-5.13908326632085));
#8853=CARTESIAN_POINT('Ctrl Pts',(-9.50919843628698E-16,5.96976639660997,
-6.85211102176114));
#8854=CARTESIAN_POINT('Ctrl Pts',(2.96705110719824,5.94330806327663,-5.13908326632085));
#8855=CARTESIAN_POINT('Ctrl Pts',(5.93410221439649,5.9168497299433,-3.42605551088057));
#8856=CARTESIAN_POINT('Ctrl Pts',(5.93410221439649,5.89039139660997,-1.18687970567887E-15));
#8857=CARTESIAN_POINT('Ctrl Pts',(5.93410221439649,5.86393306327663,3.42605551088057));
#8858=CARTESIAN_POINT('Ctrl Pts',(2.96705110719825,5.8374747299433,5.13908326632085));
#8859=CARTESIAN_POINT('Ctrl Pts',(1.79006142664891E-15,5.81101639660996,
6.85211102176114));
#8860=CARTESIAN_POINT('Ctrl Pts',(-2.96705110719824,5.78455806327663,5.13908326632086));
#8861=CARTESIAN_POINT('Ctrl Pts',(-5.93410221439649,5.7580997299433,3.42605551088057));
#8862=CARTESIAN_POINT('Ctrl Pts',(-5.93410221439649,5.73164139660996,4.60161777411485E-16));
#8863=CARTESIAN_POINT('Ctrl Pts',(-5.93410221439649,5.70518306327663,-3.42605551088057));
#8864=CARTESIAN_POINT('Ctrl Pts',(-2.96705110719825,5.6787247299433,-5.13908326632085));
#8865=CARTESIAN_POINT('Ctrl Pts',(-9.50919843628698E-16,5.65226639660997,
-6.85211102176114));
#8866=CARTESIAN_POINT('Ctrl Pts',(2.96705110719824,5.62580806327663,-5.13908326632085));
#8867=CARTESIAN_POINT('Ctrl Pts',(5.93410221439649,5.5993497299433,-3.42605551088057));
#8868=CARTESIAN_POINT('Ctrl Pts',(5.93410221439649,5.57289139660996,-1.18687970567887E-15));
#8869=CARTESIAN_POINT('Ctrl Pts',(5.93410221439649,5.54643306327663,3.42605551088057));
#8870=CARTESIAN_POINT('Ctrl Pts',(2.96705110719825,5.5199747299433,5.13908326632085));
#8871=CARTESIAN_POINT('Ctrl Pts',(1.79006142664891E-15,5.49351639660997,
6.85211102176114));
#8872=CARTESIAN_POINT('Ctrl Pts',(-2.96705110719824,5.46705806327663,5.13908326632086));
#8873=CARTESIAN_POINT('Ctrl Pts',(-5.93410221439649,5.4405997299433,3.42605551088057));
#8874=CARTESIAN_POINT('Ctrl Pts',(-5.93410221439649,5.41414139660997,4.60161777411485E-16));
#8875=CARTESIAN_POINT('Ctrl Pts',(-5.93410221439649,5.38768306327663,-3.42605551088057));
#8876=CARTESIAN_POINT('Ctrl Pts',(-2.96705110719825,5.3612247299433,-5.13908326632085));
#8877=CARTESIAN_POINT('Ctrl Pts',(-9.50919843628698E-16,5.33476639660996,
-6.85211102176114));
#8878=CARTESIAN_POINT('Ctrl Pts',(2.96705110719824,5.30830806327663,-5.13908326632085));
#8879=CARTESIAN_POINT('Ctrl Pts',(5.93410221439649,5.2818497299433,-3.42605551088057));
#8880=CARTESIAN_POINT('Ctrl Pts',(5.93410221439649,5.25539139660997,-1.18687970567887E-15));
#8881=CARTESIAN_POINT('Ctrl Pts',(5.93410221439649,5.22893306327663,3.42605551088057));
#8882=CARTESIAN_POINT('Ctrl Pts',(2.96705110719825,5.2024747299433,5.13908326632085));
#8883=CARTESIAN_POINT('Ctrl Pts',(1.79006142664891E-15,5.17601639660997,
6.85211102176114));
#8884=CARTESIAN_POINT('Ctrl Pts',(-2.96705110719824,5.14955806327663,5.13908326632086));
#8885=CARTESIAN_POINT('Ctrl Pts',(-5.93410221439649,5.1230997299433,3.42605551088057));
#8886=CARTESIAN_POINT('Ctrl Pts',(-5.93410221439649,5.09664139660997,4.60161777411485E-16));
#8887=CARTESIAN_POINT('Ctrl Pts',(-5.93410221439649,5.07018306327663,-3.42605551088057));
#8888=CARTESIAN_POINT('Ctrl Pts',(-2.96705110719825,5.0437247299433,-5.13908326632085));
#8889=CARTESIAN_POINT('Ctrl Pts',(-9.50919843628698E-16,5.01726639660997,
-6.85211102176114));
#8890=CARTESIAN_POINT('Ctrl Pts',(2.96705110719824,4.99080806327663,-5.13908326632085));
#8891=CARTESIAN_POINT('Ctrl Pts',(5.93410221439649,4.9643497299433,-3.42605551088057));
#8892=CARTESIAN_POINT('Ctrl Pts',(5.93410221439649,4.93789139660996,-1.18687970567887E-15));
#8893=CARTESIAN_POINT('Ctrl Pts',(5.93410221439649,4.91143306327663,3.42605551088057));
#8894=CARTESIAN_POINT('Ctrl Pts',(2.96705110719825,4.8849747299433,5.13908326632085));
#8895=CARTESIAN_POINT('Ctrl Pts',(1.79006142664891E-15,4.85851639660997,
6.85211102176114));
#8896=CARTESIAN_POINT('Ctrl Pts',(-2.96705110719824,4.83205806327663,5.13908326632086));
#8897=CARTESIAN_POINT('Ctrl Pts',(-5.93410221439649,4.8055997299433,3.42605551088057));
#8898=CARTESIAN_POINT('Ctrl Pts',(-5.93410221439649,4.77914139660997,4.60161777411485E-16));
#8899=CARTESIAN_POINT('Ctrl Pts',(-5.93410221439649,4.75268306327663,-3.42605551088057));
#8900=CARTESIAN_POINT('Ctrl Pts',(-2.96705110719825,4.7262247299433,-5.13908326632085));
#8901=CARTESIAN_POINT('Ctrl Pts',(-9.50919843628698E-16,4.69976639660996,
-6.85211102176114));
#8902=CARTESIAN_POINT('Ctrl Pts',(2.96705110719824,4.67330806327663,-5.13908326632085));
#8903=CARTESIAN_POINT('Ctrl Pts',(5.93410221439649,4.6468497299433,-3.42605551088057));
#8904=CARTESIAN_POINT('Ctrl Pts',(5.93410221439649,4.62039139660996,-1.18687970567887E-15));
#8905=CARTESIAN_POINT('Ctrl Pts',(5.93410221439649,4.59393306327663,3.42605551088057));
#8906=CARTESIAN_POINT('Ctrl Pts',(2.96705110719825,4.5674747299433,5.13908326632085));
#8907=CARTESIAN_POINT('Ctrl Pts',(1.79006142664891E-15,4.54101639660997,
6.85211102176114));
#8908=CARTESIAN_POINT('Ctrl Pts',(-2.96705110719824,4.51455806327663,5.13908326632086));
#8909=CARTESIAN_POINT('Ctrl Pts',(-5.93410221439649,4.4880997299433,3.42605551088057));
#8910=CARTESIAN_POINT('Ctrl Pts',(-5.93410221439649,4.46164139660996,4.60161777411485E-16));
#8911=CARTESIAN_POINT('Ctrl Pts',(-5.93410221439649,4.43518306327663,-3.42605551088057));
#8912=CARTESIAN_POINT('Ctrl Pts',(-2.96705110719825,4.4087247299433,-5.13908326632085));
#8913=CARTESIAN_POINT('Ctrl Pts',(-9.50919843628698E-16,4.38226639660996,
-6.85211102176114));
#8914=CARTESIAN_POINT('Ctrl Pts',(2.96705110719824,4.35580806327663,-5.13908326632085));
#8915=CARTESIAN_POINT('Ctrl Pts',(5.93410221439649,4.3293497299433,-3.42605551088057));
#8916=CARTESIAN_POINT('Ctrl Pts',(5.93410221439649,4.30289139660997,-1.18687970567887E-15));
#8917=CARTESIAN_POINT('Ctrl Pts',(5.93410221439649,4.27643306327663,3.42605551088057));
#8918=CARTESIAN_POINT('Ctrl Pts',(2.96705110719825,4.2499747299433,5.13908326632085));
#8919=CARTESIAN_POINT('Ctrl Pts',(1.79006142664891E-15,4.22351639660996,
6.85211102176114));
#8920=CARTESIAN_POINT('Ctrl Pts',(-2.96705110719824,4.19705806327663,5.13908326632086));
#8921=CARTESIAN_POINT('Ctrl Pts',(-5.93410221439649,4.1705997299433,3.42605551088057));
#8922=CARTESIAN_POINT('Ctrl Pts',(-5.93410221439649,4.14414139660996,4.60161777411485E-16));
#8923=CARTESIAN_POINT('Ctrl Pts',(-5.93410221439649,4.11768306327663,-3.42605551088057));
#8924=CARTESIAN_POINT('Ctrl Pts',(-2.96705110719825,4.0912247299433,-5.13908326632085));
#8925=CARTESIAN_POINT('Ctrl Pts',(-9.50919843628698E-16,4.06476639660996,
-6.85211102176114));
#8926=CARTESIAN_POINT('Ctrl Pts',(2.96705110719824,4.03830806327663,-5.13908326632085));
#8927=CARTESIAN_POINT('Ctrl Pts',(5.93410221439649,4.0118497299433,-3.42605551088057));
#8928=CARTESIAN_POINT('Ctrl Pts',(5.93410221439649,3.98539139660996,-1.18687970567887E-15));
#8929=CARTESIAN_POINT('Ctrl Pts',(5.93410221439649,3.95893306327663,3.42605551088057));
#8930=CARTESIAN_POINT('Ctrl Pts',(2.96705110719825,3.9324747299433,5.13908326632085));
#8931=CARTESIAN_POINT('Ctrl Pts',(1.79006142664891E-15,3.90601639660996,
6.85211102176114));
#8932=CARTESIAN_POINT('Ctrl Pts',(-2.96705110719824,3.87955806327663,5.13908326632086));
#8933=CARTESIAN_POINT('Ctrl Pts',(-5.93410221439649,3.8530997299433,3.42605551088057));
#8934=CARTESIAN_POINT('Ctrl Pts',(-5.93410221439649,3.82664139660996,4.60161777411485E-16));
#8935=CARTESIAN_POINT('Ctrl Pts',(-5.93410221439649,3.80018306327663,-3.42605551088057));
#8936=CARTESIAN_POINT('Ctrl Pts',(-2.96705110719825,3.7737247299433,-5.13908326632085));
#8937=CARTESIAN_POINT('Ctrl Pts',(-9.50919843628698E-16,3.74726639660997,
-6.85211102176114));
#8938=CARTESIAN_POINT('Ctrl Pts',(2.96705110719824,3.72080806327663,-5.13908326632085));
#8939=CARTESIAN_POINT('Ctrl Pts',(5.93410221439649,3.6943497299433,-3.42605551088057));
#8940=CARTESIAN_POINT('Ctrl Pts',(5.93410221439649,3.66789139660996,-1.18687970567887E-15));
#8941=CARTESIAN_POINT('Ctrl Pts',(5.93410221439649,3.64143306327663,3.42605551088057));
#8942=CARTESIAN_POINT('Ctrl Pts',(2.96705110719825,3.6149747299433,5.13908326632085));
#8943=CARTESIAN_POINT('Ctrl Pts',(1.79006142664891E-15,3.58851639660997,
6.85211102176114));
#8944=CARTESIAN_POINT('Ctrl Pts',(-2.96705110719824,3.56205806327663,5.13908326632086));
#8945=CARTESIAN_POINT('Ctrl Pts',(-5.93410221439649,3.5355997299433,3.42605551088057));
#8946=CARTESIAN_POINT('Ctrl Pts',(-5.93410221439649,3.50914139660996,4.60161777411485E-16));
#8947=CARTESIAN_POINT('Ctrl Pts',(-5.93410221439649,3.48268306327663,-3.42605551088057));
#8948=CARTESIAN_POINT('Ctrl Pts',(-2.96705110719825,3.4562247299433,-5.13908326632085));
#8949=CARTESIAN_POINT('Ctrl Pts',(-9.50919843628698E-16,3.42976639660997,
-6.85211102176114));
#8950=CARTESIAN_POINT('Ctrl Pts',(2.96705110719824,3.40330806327663,-5.13908326632085));
#8951=CARTESIAN_POINT('Ctrl Pts',(5.93410221439649,3.3768497299433,-3.42605551088057));
#8952=CARTESIAN_POINT('Ctrl Pts',(5.93410221439649,3.35039139660997,-1.18687970567887E-15));
#8953=CARTESIAN_POINT('Ctrl Pts',(5.93410221439649,3.32393306327663,3.42605551088057));
#8954=CARTESIAN_POINT('Ctrl Pts',(2.96705110719825,3.2974747299433,5.13908326632085));
#8955=CARTESIAN_POINT('Ctrl Pts',(1.79006142664891E-15,3.27101639660996,
6.85211102176114));
#8956=CARTESIAN_POINT('Ctrl Pts',(-2.96705110719824,3.24455806327663,5.13908326632086));
#8957=CARTESIAN_POINT('Ctrl Pts',(-5.93410221439649,3.2180997299433,3.42605551088057));
#8958=CARTESIAN_POINT('Ctrl Pts',(-5.93410221439649,3.19164139660997,4.60161777411485E-16));
#8959=CARTESIAN_POINT('Ctrl Pts',(-5.93410221439649,3.16518306327663,-3.42605551088057));
#8960=CARTESIAN_POINT('Ctrl Pts',(-2.96705110719825,3.1387247299433,-5.13908326632085));
#8961=CARTESIAN_POINT('Ctrl Pts',(-9.50919843628698E-16,3.11226639660997,
-6.85211102176114));
#8962=CARTESIAN_POINT('Ctrl Pts',(2.96705110719824,3.08580806327663,-5.13908326632085));
#8963=CARTESIAN_POINT('Ctrl Pts',(5.93410221439649,3.0593497299433,-3.42605551088057));
#8964=CARTESIAN_POINT('Ctrl Pts',(5.93410221439649,3.03289139660996,-1.18687970567887E-15));
#8965=CARTESIAN_POINT('Ctrl Pts',(5.93410221439649,3.00643306327663,3.42605551088057));
#8966=CARTESIAN_POINT('Ctrl Pts',(2.96705110719825,2.9799747299433,5.13908326632085));
#8967=CARTESIAN_POINT('Ctrl Pts',(1.79006142664891E-15,2.95351639660996,
6.85211102176114));
#8968=CARTESIAN_POINT('Ctrl Pts',(-2.96705110719824,2.92705806327663,5.13908326632086));
#8969=CARTESIAN_POINT('Ctrl Pts',(-5.93410221439649,2.9005997299433,3.42605551088057));
#8970=CARTESIAN_POINT('Ctrl Pts',(-5.93410221439649,2.87414139660997,4.60161777411485E-16));
#8971=CARTESIAN_POINT('Ctrl Pts',(-5.93410221439649,2.84768306327663,-3.42605551088057));
#8972=CARTESIAN_POINT('Ctrl Pts',(-2.96705110719825,2.8212247299433,-5.13908326632085));
#8973=CARTESIAN_POINT('Ctrl Pts',(-9.50919843628698E-16,2.79476639660996,
-6.85211102176114));
#8974=CARTESIAN_POINT('Ctrl Pts',(2.96705110719824,2.76830806327663,-5.13908326632085));
#8975=CARTESIAN_POINT('Ctrl Pts',(5.93410221439649,2.7418497299433,-3.42605551088057));
#8976=CARTESIAN_POINT('Ctrl Pts',(5.93410221439649,2.71539139660996,-1.18687970567887E-15));
#8977=CARTESIAN_POINT('Ctrl Pts',(5.93410221439649,2.70075151069225,1.89569997456589));
#8978=CARTESIAN_POINT('Ctrl Pts',(4.83506756002484,2.68392277079101,3.44030387915091));
#8979=CARTESIAN_POINT('Ctrl Pts',(-6.,6.72218750086715,0.));
#8980=CARTESIAN_POINT('Ctrl Pts',(-6.,6.69572916753382,-3.46410161513775));
#8981=CARTESIAN_POINT('Ctrl Pts',(-3.,6.66927083420049,-5.19615242270663));
#8982=CARTESIAN_POINT('Ctrl Pts',(-4.24230095489963E-16,6.64281250086715,
-6.92820323027551));
#8983=CARTESIAN_POINT('Ctrl Pts',(3.,6.61635416753382,-5.19615242270663));
#8984=CARTESIAN_POINT('Ctrl Pts',(6.,6.58989583420048,-3.46410161513776));
#8985=CARTESIAN_POINT('Ctrl Pts',(6.,6.56343750086715,-7.34788079488412E-16));
#8986=CARTESIAN_POINT('Ctrl Pts',(6.,6.53697916753382,3.46410161513775));
#8987=CARTESIAN_POINT('Ctrl Pts',(3.,6.51052083420049,5.19615242270663));
#8988=CARTESIAN_POINT('Ctrl Pts',(1.27269028646989E-15,6.48406250086715,
6.92820323027551));
#8989=CARTESIAN_POINT('Ctrl Pts',(-3.,6.45760416753382,5.19615242270664));
#8990=CARTESIAN_POINT('Ctrl Pts',(-6.,6.43114583420048,3.46410161513776));
#8991=CARTESIAN_POINT('Ctrl Pts',(-6.,6.40468750086715,0.));
#8992=CARTESIAN_POINT('Ctrl Pts',(-6.,6.37822916753382,-3.46410161513775));
#8993=CARTESIAN_POINT('Ctrl Pts',(-3.,6.35177083420048,-5.19615242270663));
#8994=CARTESIAN_POINT('Ctrl Pts',(-4.24230095489963E-16,6.32531250086715,
-6.92820323027551));
#8995=CARTESIAN_POINT('Ctrl Pts',(3.,6.29885416753382,-5.19615242270663));
#8996=CARTESIAN_POINT('Ctrl Pts',(6.,6.27239583420049,-3.46410161513776));
#8997=CARTESIAN_POINT('Ctrl Pts',(6.,6.24593750086715,-7.34788079488412E-16));
#8998=CARTESIAN_POINT('Ctrl Pts',(6.,6.21947916753382,3.46410161513775));
#8999=CARTESIAN_POINT('Ctrl Pts',(3.,6.19302083420049,5.19615242270663));
#9000=CARTESIAN_POINT('Ctrl Pts',(1.27269028646989E-15,6.16656250086715,
6.92820323027551));
#9001=CARTESIAN_POINT('Ctrl Pts',(-3.,6.14010416753382,5.19615242270664));
#9002=CARTESIAN_POINT('Ctrl Pts',(-6.,6.11364583420048,3.46410161513776));
#9003=CARTESIAN_POINT('Ctrl Pts',(-6.,6.08718750086715,0.));
#9004=CARTESIAN_POINT('Ctrl Pts',(-6.,6.06072916753382,-3.46410161513775));
#9005=CARTESIAN_POINT('Ctrl Pts',(-3.,6.03427083420049,-5.19615242270663));
#9006=CARTESIAN_POINT('Ctrl Pts',(-4.24230095489963E-16,6.00781250086715,
-6.92820323027551));
#9007=CARTESIAN_POINT('Ctrl Pts',(3.,5.98135416753382,-5.19615242270663));
#9008=CARTESIAN_POINT('Ctrl Pts',(6.,5.95489583420049,-3.46410161513776));
#9009=CARTESIAN_POINT('Ctrl Pts',(6.,5.92843750086715,-7.34788079488412E-16));
#9010=CARTESIAN_POINT('Ctrl Pts',(6.,5.90197916753382,3.46410161513775));
#9011=CARTESIAN_POINT('Ctrl Pts',(3.,5.87552083420049,5.19615242270663));
#9012=CARTESIAN_POINT('Ctrl Pts',(1.27269028646989E-15,5.84906250086715,
6.92820323027551));
#9013=CARTESIAN_POINT('Ctrl Pts',(-3.,5.82260416753382,5.19615242270664));
#9014=CARTESIAN_POINT('Ctrl Pts',(-6.,5.79614583420048,3.46410161513776));
#9015=CARTESIAN_POINT('Ctrl Pts',(-6.,5.76968750086715,0.));
#9016=CARTESIAN_POINT('Ctrl Pts',(-6.,5.74322916753382,-3.46410161513775));
#9017=CARTESIAN_POINT('Ctrl Pts',(-3.,5.71677083420049,-5.19615242270663));
#9018=CARTESIAN_POINT('Ctrl Pts',(-4.24230095489963E-16,5.69031250086715,
-6.92820323027551));
#9019=CARTESIAN_POINT('Ctrl Pts',(3.,5.66385416753382,-5.19615242270663));
#9020=CARTESIAN_POINT('Ctrl Pts',(6.,5.63739583420049,-3.46410161513776));
#9021=CARTESIAN_POINT('Ctrl Pts',(6.,5.61093750086715,-7.34788079488412E-16));
#9022=CARTESIAN_POINT('Ctrl Pts',(6.,5.58447916753382,3.46410161513775));
#9023=CARTESIAN_POINT('Ctrl Pts',(3.,5.55802083420048,5.19615242270663));
#9024=CARTESIAN_POINT('Ctrl Pts',(1.27269028646989E-15,5.53156250086715,
6.92820323027551));
#9025=CARTESIAN_POINT('Ctrl Pts',(-3.,5.50510416753382,5.19615242270664));
#9026=CARTESIAN_POINT('Ctrl Pts',(-6.,5.47864583420048,3.46410161513776));
#9027=CARTESIAN_POINT('Ctrl Pts',(-6.,5.45218750086715,0.));
#9028=CARTESIAN_POINT('Ctrl Pts',(-6.,5.42572916753382,-3.46410161513775));
#9029=CARTESIAN_POINT('Ctrl Pts',(-3.,5.39927083420049,-5.19615242270663));
#9030=CARTESIAN_POINT('Ctrl Pts',(-4.24230095489963E-16,5.37281250086715,
-6.92820323027551));
#9031=CARTESIAN_POINT('Ctrl Pts',(3.,5.34635416753382,-5.19615242270663));
#9032=CARTESIAN_POINT('Ctrl Pts',(6.,5.31989583420048,-3.46410161513776));
#9033=CARTESIAN_POINT('Ctrl Pts',(6.,5.29343750086715,-7.34788079488412E-16));
#9034=CARTESIAN_POINT('Ctrl Pts',(6.,5.26697916753382,3.46410161513775));
#9035=CARTESIAN_POINT('Ctrl Pts',(3.,5.24052083420048,5.19615242270663));
#9036=CARTESIAN_POINT('Ctrl Pts',(1.27269028646989E-15,5.21406250086715,
6.92820323027551));
#9037=CARTESIAN_POINT('Ctrl Pts',(-3.,5.18760416753382,5.19615242270664));
#9038=CARTESIAN_POINT('Ctrl Pts',(-6.,5.16114583420049,3.46410161513776));
#9039=CARTESIAN_POINT('Ctrl Pts',(-6.,5.13468750086715,0.));
#9040=CARTESIAN_POINT('Ctrl Pts',(-6.,5.10822916753382,-3.46410161513775));
#9041=CARTESIAN_POINT('Ctrl Pts',(-3.,5.08177083420049,-5.19615242270663));
#9042=CARTESIAN_POINT('Ctrl Pts',(-4.24230095489963E-16,5.05531250086715,
-6.92820323027551));
#9043=CARTESIAN_POINT('Ctrl Pts',(3.,5.02885416753382,-5.19615242270663));
#9044=CARTESIAN_POINT('Ctrl Pts',(6.,5.00239583420048,-3.46410161513776));
#9045=CARTESIAN_POINT('Ctrl Pts',(6.,4.97593750086715,-7.34788079488412E-16));
#9046=CARTESIAN_POINT('Ctrl Pts',(6.,4.94947916753382,3.46410161513775));
#9047=CARTESIAN_POINT('Ctrl Pts',(3.,4.92302083420048,5.19615242270663));
#9048=CARTESIAN_POINT('Ctrl Pts',(1.27269028646989E-15,4.89656250086715,
6.92820323027551));
#9049=CARTESIAN_POINT('Ctrl Pts',(-3.,4.87010416753382,5.19615242270664));
#9050=CARTESIAN_POINT('Ctrl Pts',(-6.,4.84364583420049,3.46410161513776));
#9051=CARTESIAN_POINT('Ctrl Pts',(-6.,4.81718750086715,0.));
#9052=CARTESIAN_POINT('Ctrl Pts',(-6.,4.79072916753382,-3.46410161513775));
#9053=CARTESIAN_POINT('Ctrl Pts',(-3.,4.76427083420048,-5.19615242270663));
#9054=CARTESIAN_POINT('Ctrl Pts',(-4.24230095489963E-16,4.73781250086715,
-6.92820323027551));
#9055=CARTESIAN_POINT('Ctrl Pts',(3.,4.71135416753382,-5.19615242270663));
#9056=CARTESIAN_POINT('Ctrl Pts',(6.,4.68489583420048,-3.46410161513776));
#9057=CARTESIAN_POINT('Ctrl Pts',(6.,4.65843750086715,-7.34788079488412E-16));
#9058=CARTESIAN_POINT('Ctrl Pts',(6.,4.63197916753382,3.46410161513775));
#9059=CARTESIAN_POINT('Ctrl Pts',(3.,4.60552083420048,5.19615242270663));
#9060=CARTESIAN_POINT('Ctrl Pts',(1.27269028646989E-15,4.57906250086715,
6.92820323027551));
#9061=CARTESIAN_POINT('Ctrl Pts',(-3.,4.55260416753382,5.19615242270664));
#9062=CARTESIAN_POINT('Ctrl Pts',(-6.,4.52614583420049,3.46410161513776));
#9063=CARTESIAN_POINT('Ctrl Pts',(-6.,4.49968750086715,0.));
#9064=CARTESIAN_POINT('Ctrl Pts',(-6.,4.47322916753382,-3.46410161513775));
#9065=CARTESIAN_POINT('Ctrl Pts',(-3.,4.44677083420048,-5.19615242270663));
#9066=CARTESIAN_POINT('Ctrl Pts',(-4.24230095489963E-16,4.42031250086715,
-6.92820323027551));
#9067=CARTESIAN_POINT('Ctrl Pts',(3.,4.39385416753382,-5.19615242270663));
#9068=CARTESIAN_POINT('Ctrl Pts',(6.,4.36739583420048,-3.46410161513776));
#9069=CARTESIAN_POINT('Ctrl Pts',(6.,4.34093750086715,-7.34788079488412E-16));
#9070=CARTESIAN_POINT('Ctrl Pts',(6.,4.31447916753382,3.46410161513775));
#9071=CARTESIAN_POINT('Ctrl Pts',(3.,4.28802083420049,5.19615242270663));
#9072=CARTESIAN_POINT('Ctrl Pts',(1.27269028646989E-15,4.26156250086715,
6.92820323027551));
#9073=CARTESIAN_POINT('Ctrl Pts',(-3.,4.23510416753382,5.19615242270664));
#9074=CARTESIAN_POINT('Ctrl Pts',(-6.,4.20864583420049,3.46410161513776));
#9075=CARTESIAN_POINT('Ctrl Pts',(-6.,4.18218750086715,0.));
#9076=CARTESIAN_POINT('Ctrl Pts',(-6.,4.15572916753382,-3.46410161513775));
#9077=CARTESIAN_POINT('Ctrl Pts',(-3.,4.12927083420049,-5.19615242270663));
#9078=CARTESIAN_POINT('Ctrl Pts',(-4.24230095489963E-16,4.10281250086715,
-6.92820323027551));
#9079=CARTESIAN_POINT('Ctrl Pts',(3.,4.07635416753382,-5.19615242270663));
#9080=CARTESIAN_POINT('Ctrl Pts',(6.,4.04989583420049,-3.46410161513776));
#9081=CARTESIAN_POINT('Ctrl Pts',(6.,4.02343750086715,-7.34788079488412E-16));
#9082=CARTESIAN_POINT('Ctrl Pts',(6.,3.99697916753382,3.46410161513775));
#9083=CARTESIAN_POINT('Ctrl Pts',(3.,3.97052083420049,5.19615242270663));
#9084=CARTESIAN_POINT('Ctrl Pts',(1.27269028646989E-15,3.94406250086715,
6.92820323027551));
#9085=CARTESIAN_POINT('Ctrl Pts',(-3.,3.91760416753382,5.19615242270664));
#9086=CARTESIAN_POINT('Ctrl Pts',(-6.,3.89114583420049,3.46410161513776));
#9087=CARTESIAN_POINT('Ctrl Pts',(-6.,3.86468750086715,0.));
#9088=CARTESIAN_POINT('Ctrl Pts',(-6.,3.83822916753382,-3.46410161513775));
#9089=CARTESIAN_POINT('Ctrl Pts',(-3.,3.81177083420049,-5.19615242270663));
#9090=CARTESIAN_POINT('Ctrl Pts',(-4.24230095489963E-16,3.78531250086715,
-6.92820323027551));
#9091=CARTESIAN_POINT('Ctrl Pts',(3.,3.75885416753382,-5.19615242270663));
#9092=CARTESIAN_POINT('Ctrl Pts',(6.,3.73239583420049,-3.46410161513776));
#9093=CARTESIAN_POINT('Ctrl Pts',(6.,3.70593750086715,-7.34788079488412E-16));
#9094=CARTESIAN_POINT('Ctrl Pts',(6.,3.67947916753382,3.46410161513775));
#9095=CARTESIAN_POINT('Ctrl Pts',(3.,3.65302083420048,5.19615242270663));
#9096=CARTESIAN_POINT('Ctrl Pts',(1.27269028646989E-15,3.62656250086715,
6.92820323027551));
#9097=CARTESIAN_POINT('Ctrl Pts',(-3.,3.60010416753382,5.19615242270664));
#9098=CARTESIAN_POINT('Ctrl Pts',(-6.,3.57364583420049,3.46410161513776));
#9099=CARTESIAN_POINT('Ctrl Pts',(-6.,3.54718750086715,0.));
#9100=CARTESIAN_POINT('Ctrl Pts',(-6.,3.52072916753382,-3.46410161513775));
#9101=CARTESIAN_POINT('Ctrl Pts',(-3.,3.49427083420049,-5.19615242270663));
#9102=CARTESIAN_POINT('Ctrl Pts',(-4.24230095489963E-16,3.46781250086715,
-6.92820323027551));
#9103=CARTESIAN_POINT('Ctrl Pts',(3.,3.44135416753382,-5.19615242270663));
#9104=CARTESIAN_POINT('Ctrl Pts',(6.,3.41489583420048,-3.46410161513776));
#9105=CARTESIAN_POINT('Ctrl Pts',(6.,3.38843750086715,-7.34788079488412E-16));
#9106=CARTESIAN_POINT('Ctrl Pts',(6.,3.36197916753382,3.46410161513775));
#9107=CARTESIAN_POINT('Ctrl Pts',(3.,3.33552083420048,5.19615242270663));
#9108=CARTESIAN_POINT('Ctrl Pts',(1.27269028646989E-15,3.30906250086715,
6.92820323027551));
#9109=CARTESIAN_POINT('Ctrl Pts',(-3.,3.28260416753382,5.19615242270664));
#9110=CARTESIAN_POINT('Ctrl Pts',(-6.,3.25614583420049,3.46410161513776));
#9111=CARTESIAN_POINT('Ctrl Pts',(-6.,3.22968750086715,0.));
#9112=CARTESIAN_POINT('Ctrl Pts',(-6.,3.20322916753382,-3.46410161513775));
#9113=CARTESIAN_POINT('Ctrl Pts',(-3.,3.17677083420049,-5.19615242270663));
#9114=CARTESIAN_POINT('Ctrl Pts',(-4.24230095489963E-16,3.15031250086715,
-6.92820323027551));
#9115=CARTESIAN_POINT('Ctrl Pts',(3.,3.12385416753382,-5.19615242270663));
#9116=CARTESIAN_POINT('Ctrl Pts',(6.,3.09739583420049,-3.46410161513776));
#9117=CARTESIAN_POINT('Ctrl Pts',(6.,3.07093750086715,-7.34788079488412E-16));
#9118=CARTESIAN_POINT('Ctrl Pts',(6.,3.04447916753382,3.46410161513775));
#9119=CARTESIAN_POINT('Ctrl Pts',(3.,3.01802083420049,5.19615242270663));
#9120=CARTESIAN_POINT('Ctrl Pts',(1.27269028646989E-15,2.99156250086715,
6.92820323027551));
#9121=CARTESIAN_POINT('Ctrl Pts',(-3.,2.96510416753382,5.19615242270664));
#9122=CARTESIAN_POINT('Ctrl Pts',(-6.,2.93864583420048,3.46410161513776));
#9123=CARTESIAN_POINT('Ctrl Pts',(-6.,2.91218750086715,0.));
#9124=CARTESIAN_POINT('Ctrl Pts',(-6.,2.88572916753382,-3.46410161513775));
#9125=CARTESIAN_POINT('Ctrl Pts',(-3.,2.85927083420048,-5.19615242270663));
#9126=CARTESIAN_POINT('Ctrl Pts',(-4.24230095489963E-16,2.83281250086715,
-6.92820323027551));
#9127=CARTESIAN_POINT('Ctrl Pts',(3.,2.80635416753382,-5.19615242270663));
#9128=CARTESIAN_POINT('Ctrl Pts',(6.,2.77989583420048,-3.46410161513776));
#9129=CARTESIAN_POINT('Ctrl Pts',(6.,2.75343750086715,-7.34788079488412E-16));
#9130=CARTESIAN_POINT('Ctrl Pts',(6.,2.73879761494944,1.9167515887746));
#9131=CARTESIAN_POINT('Ctrl Pts',(4.88876064348336,2.72196887504819,3.47850821053051));
#9132=CARTESIAN_POINT('Ctrl Pts',(-6.1718519153125,6.82140625043358,-1.20003551071609E-15));
#9133=CARTESIAN_POINT('Ctrl Pts',(-6.1718519153125,6.79494791710024,-3.56332036470418));
#9134=CARTESIAN_POINT('Ctrl Pts',(-3.08592595765625,6.76848958376691,-5.34498054705627));
#9135=CARTESIAN_POINT('Ctrl Pts',(9.49300762400932E-16,6.74203125043358,
-7.12664072940836));
#9136=CARTESIAN_POINT('Ctrl Pts',(3.08592595765625,6.71557291710024,-5.34498054705627));
#9137=CARTESIAN_POINT('Ctrl Pts',(6.1718519153125,6.68911458376691,-3.56332036470418));
#9138=CARTESIAN_POINT('Ctrl Pts',(6.1718519153125,6.66265625043358,4.44201641426197E-16));
#9139=CARTESIAN_POINT('Ctrl Pts',(6.1718519153125,6.63619791710024,3.56332036470418));
#9140=CARTESIAN_POINT('Ctrl Pts',(3.08592595765625,6.60973958376691,5.34498054705627));
#9141=CARTESIAN_POINT('Ctrl Pts',(-7.65389866066213E-17,6.58328125043358,
7.12664072940836));
#9142=CARTESIAN_POINT('Ctrl Pts',(-3.08592595765625,6.55682291710024,5.34498054705627));
#9143=CARTESIAN_POINT('Ctrl Pts',(-6.1718519153125,6.53036458376691,3.56332036470418));
#9144=CARTESIAN_POINT('Ctrl Pts',(-6.1718519153125,6.50390625043358,-1.20003551071609E-15));
#9145=CARTESIAN_POINT('Ctrl Pts',(-6.1718519153125,6.47744791710024,-3.56332036470418));
#9146=CARTESIAN_POINT('Ctrl Pts',(-3.08592595765625,6.45098958376691,-5.34498054705627));
#9147=CARTESIAN_POINT('Ctrl Pts',(9.49300762400932E-16,6.42453125043358,
-7.12664072940836));
#9148=CARTESIAN_POINT('Ctrl Pts',(3.08592595765625,6.39807291710024,-5.34498054705627));
#9149=CARTESIAN_POINT('Ctrl Pts',(6.1718519153125,6.37161458376691,-3.56332036470418));
#9150=CARTESIAN_POINT('Ctrl Pts',(6.1718519153125,6.34515625043358,4.44201641426197E-16));
#9151=CARTESIAN_POINT('Ctrl Pts',(6.1718519153125,6.31869791710024,3.56332036470418));
#9152=CARTESIAN_POINT('Ctrl Pts',(3.08592595765625,6.29223958376691,5.34498054705627));
#9153=CARTESIAN_POINT('Ctrl Pts',(-7.65389866066213E-17,6.26578125043358,
7.12664072940836));
#9154=CARTESIAN_POINT('Ctrl Pts',(-3.08592595765625,6.23932291710024,5.34498054705627));
#9155=CARTESIAN_POINT('Ctrl Pts',(-6.1718519153125,6.21286458376691,3.56332036470418));
#9156=CARTESIAN_POINT('Ctrl Pts',(-6.1718519153125,6.18640625043358,-1.20003551071609E-15));
#9157=CARTESIAN_POINT('Ctrl Pts',(-6.1718519153125,6.15994791710024,-3.56332036470418));
#9158=CARTESIAN_POINT('Ctrl Pts',(-3.08592595765625,6.13348958376691,-5.34498054705627));
#9159=CARTESIAN_POINT('Ctrl Pts',(9.49300762400932E-16,6.10703125043358,
-7.12664072940836));
#9160=CARTESIAN_POINT('Ctrl Pts',(3.08592595765625,6.08057291710024,-5.34498054705627));
#9161=CARTESIAN_POINT('Ctrl Pts',(6.1718519153125,6.05411458376691,-3.56332036470418));
#9162=CARTESIAN_POINT('Ctrl Pts',(6.1718519153125,6.02765625043358,4.44201641426197E-16));
#9163=CARTESIAN_POINT('Ctrl Pts',(6.1718519153125,6.00119791710024,3.56332036470418));
#9164=CARTESIAN_POINT('Ctrl Pts',(3.08592595765625,5.97473958376691,5.34498054705627));
#9165=CARTESIAN_POINT('Ctrl Pts',(-7.65389866066213E-17,5.94828125043358,
7.12664072940836));
#9166=CARTESIAN_POINT('Ctrl Pts',(-3.08592595765625,5.92182291710024,5.34498054705627));
#9167=CARTESIAN_POINT('Ctrl Pts',(-6.1718519153125,5.89536458376691,3.56332036470418));
#9168=CARTESIAN_POINT('Ctrl Pts',(-6.1718519153125,5.86890625043358,-1.20003551071609E-15));
#9169=CARTESIAN_POINT('Ctrl Pts',(-6.1718519153125,5.84244791710024,-3.56332036470418));
#9170=CARTESIAN_POINT('Ctrl Pts',(-3.08592595765625,5.81598958376691,-5.34498054705627));
#9171=CARTESIAN_POINT('Ctrl Pts',(9.49300762400932E-16,5.78953125043358,
-7.12664072940836));
#9172=CARTESIAN_POINT('Ctrl Pts',(3.08592595765625,5.76307291710024,-5.34498054705627));
#9173=CARTESIAN_POINT('Ctrl Pts',(6.1718519153125,5.73661458376691,-3.56332036470418));
#9174=CARTESIAN_POINT('Ctrl Pts',(6.1718519153125,5.71015625043358,4.44201641426197E-16));
#9175=CARTESIAN_POINT('Ctrl Pts',(6.1718519153125,5.68369791710024,3.56332036470418));
#9176=CARTESIAN_POINT('Ctrl Pts',(3.08592595765625,5.65723958376691,5.34498054705627));
#9177=CARTESIAN_POINT('Ctrl Pts',(-7.65389866066213E-17,5.63078125043358,
7.12664072940836));
#9178=CARTESIAN_POINT('Ctrl Pts',(-3.08592595765625,5.60432291710024,5.34498054705627));
#9179=CARTESIAN_POINT('Ctrl Pts',(-6.1718519153125,5.57786458376691,3.56332036470418));
#9180=CARTESIAN_POINT('Ctrl Pts',(-6.1718519153125,5.55140625043358,-1.20003551071609E-15));
#9181=CARTESIAN_POINT('Ctrl Pts',(-6.1718519153125,5.52494791710024,-3.56332036470418));
#9182=CARTESIAN_POINT('Ctrl Pts',(-3.08592595765625,5.49848958376691,-5.34498054705627));
#9183=CARTESIAN_POINT('Ctrl Pts',(9.49300762400932E-16,5.47203125043358,
-7.12664072940836));
#9184=CARTESIAN_POINT('Ctrl Pts',(3.08592595765625,5.44557291710024,-5.34498054705627));
#9185=CARTESIAN_POINT('Ctrl Pts',(6.1718519153125,5.41911458376691,-3.56332036470418));
#9186=CARTESIAN_POINT('Ctrl Pts',(6.1718519153125,5.39265625043358,4.44201641426197E-16));
#9187=CARTESIAN_POINT('Ctrl Pts',(6.1718519153125,5.36619791710024,3.56332036470418));
#9188=CARTESIAN_POINT('Ctrl Pts',(3.08592595765625,5.33973958376691,5.34498054705627));
#9189=CARTESIAN_POINT('Ctrl Pts',(-7.65389866066213E-17,5.31328125043358,
7.12664072940836));
#9190=CARTESIAN_POINT('Ctrl Pts',(-3.08592595765625,5.28682291710024,5.34498054705627));
#9191=CARTESIAN_POINT('Ctrl Pts',(-6.1718519153125,5.26036458376691,3.56332036470418));
#9192=CARTESIAN_POINT('Ctrl Pts',(-6.1718519153125,5.23390625043358,-1.20003551071609E-15));
#9193=CARTESIAN_POINT('Ctrl Pts',(-6.1718519153125,5.20744791710024,-3.56332036470418));
#9194=CARTESIAN_POINT('Ctrl Pts',(-3.08592595765625,5.18098958376691,-5.34498054705627));
#9195=CARTESIAN_POINT('Ctrl Pts',(9.49300762400932E-16,5.15453125043358,
-7.12664072940836));
#9196=CARTESIAN_POINT('Ctrl Pts',(3.08592595765625,5.12807291710024,-5.34498054705627));
#9197=CARTESIAN_POINT('Ctrl Pts',(6.1718519153125,5.10161458376691,-3.56332036470418));
#9198=CARTESIAN_POINT('Ctrl Pts',(6.1718519153125,5.07515625043358,4.44201641426197E-16));
#9199=CARTESIAN_POINT('Ctrl Pts',(6.1718519153125,5.04869791710024,3.56332036470418));
#9200=CARTESIAN_POINT('Ctrl Pts',(3.08592595765625,5.02223958376691,5.34498054705627));
#9201=CARTESIAN_POINT('Ctrl Pts',(-7.65389866066213E-17,4.99578125043358,
7.12664072940836));
#9202=CARTESIAN_POINT('Ctrl Pts',(-3.08592595765625,4.96932291710024,5.34498054705627));
#9203=CARTESIAN_POINT('Ctrl Pts',(-6.1718519153125,4.94286458376691,3.56332036470418));
#9204=CARTESIAN_POINT('Ctrl Pts',(-6.1718519153125,4.91640625043358,-1.20003551071609E-15));
#9205=CARTESIAN_POINT('Ctrl Pts',(-6.1718519153125,4.88994791710024,-3.56332036470418));
#9206=CARTESIAN_POINT('Ctrl Pts',(-3.08592595765625,4.86348958376691,-5.34498054705627));
#9207=CARTESIAN_POINT('Ctrl Pts',(9.49300762400932E-16,4.83703125043358,
-7.12664072940836));
#9208=CARTESIAN_POINT('Ctrl Pts',(3.08592595765625,4.81057291710024,-5.34498054705627));
#9209=CARTESIAN_POINT('Ctrl Pts',(6.1718519153125,4.78411458376691,-3.56332036470418));
#9210=CARTESIAN_POINT('Ctrl Pts',(6.1718519153125,4.75765625043358,4.44201641426197E-16));
#9211=CARTESIAN_POINT('Ctrl Pts',(6.1718519153125,4.73119791710024,3.56332036470418));
#9212=CARTESIAN_POINT('Ctrl Pts',(3.08592595765625,4.70473958376691,5.34498054705627));
#9213=CARTESIAN_POINT('Ctrl Pts',(-7.65389866066213E-17,4.67828125043358,
7.12664072940836));
#9214=CARTESIAN_POINT('Ctrl Pts',(-3.08592595765625,4.65182291710024,5.34498054705627));
#9215=CARTESIAN_POINT('Ctrl Pts',(-6.1718519153125,4.62536458376691,3.56332036470418));
#9216=CARTESIAN_POINT('Ctrl Pts',(-6.1718519153125,4.59890625043358,-1.20003551071609E-15));
#9217=CARTESIAN_POINT('Ctrl Pts',(-6.1718519153125,4.57244791710024,-3.56332036470418));
#9218=CARTESIAN_POINT('Ctrl Pts',(-3.08592595765625,4.54598958376691,-5.34498054705627));
#9219=CARTESIAN_POINT('Ctrl Pts',(9.49300762400932E-16,4.51953125043358,
-7.12664072940836));
#9220=CARTESIAN_POINT('Ctrl Pts',(3.08592595765625,4.49307291710024,-5.34498054705627));
#9221=CARTESIAN_POINT('Ctrl Pts',(6.1718519153125,4.46661458376691,-3.56332036470418));
#9222=CARTESIAN_POINT('Ctrl Pts',(6.1718519153125,4.44015625043358,4.44201641426197E-16));
#9223=CARTESIAN_POINT('Ctrl Pts',(6.1718519153125,4.41369791710024,3.56332036470418));
#9224=CARTESIAN_POINT('Ctrl Pts',(3.08592595765625,4.38723958376691,5.34498054705627));
#9225=CARTESIAN_POINT('Ctrl Pts',(-7.65389866066213E-17,4.36078125043358,
7.12664072940836));
#9226=CARTESIAN_POINT('Ctrl Pts',(-3.08592595765625,4.33432291710024,5.34498054705627));
#9227=CARTESIAN_POINT('Ctrl Pts',(-6.1718519153125,4.30786458376691,3.56332036470418));
#9228=CARTESIAN_POINT('Ctrl Pts',(-6.1718519153125,4.28140625043358,-1.20003551071609E-15));
#9229=CARTESIAN_POINT('Ctrl Pts',(-6.1718519153125,4.25494791710024,-3.56332036470418));
#9230=CARTESIAN_POINT('Ctrl Pts',(-3.08592595765625,4.22848958376691,-5.34498054705627));
#9231=CARTESIAN_POINT('Ctrl Pts',(9.49300762400932E-16,4.20203125043358,
-7.12664072940836));
#9232=CARTESIAN_POINT('Ctrl Pts',(3.08592595765625,4.17557291710024,-5.34498054705627));
#9233=CARTESIAN_POINT('Ctrl Pts',(6.1718519153125,4.14911458376691,-3.56332036470418));
#9234=CARTESIAN_POINT('Ctrl Pts',(6.1718519153125,4.12265625043358,4.44201641426197E-16));
#9235=CARTESIAN_POINT('Ctrl Pts',(6.1718519153125,4.09619791710024,3.56332036470418));
#9236=CARTESIAN_POINT('Ctrl Pts',(3.08592595765625,4.06973958376691,5.34498054705627));
#9237=CARTESIAN_POINT('Ctrl Pts',(-7.65389866066213E-17,4.04328125043358,
7.12664072940836));
#9238=CARTESIAN_POINT('Ctrl Pts',(-3.08592595765625,4.01682291710024,5.34498054705627));
#9239=CARTESIAN_POINT('Ctrl Pts',(-6.1718519153125,3.99036458376691,3.56332036470418));
#9240=CARTESIAN_POINT('Ctrl Pts',(-6.1718519153125,3.96390625043358,-1.20003551071609E-15));
#9241=CARTESIAN_POINT('Ctrl Pts',(-6.1718519153125,3.93744791710024,-3.56332036470418));
#9242=CARTESIAN_POINT('Ctrl Pts',(-3.08592595765625,3.91098958376691,-5.34498054705627));
#9243=CARTESIAN_POINT('Ctrl Pts',(9.49300762400932E-16,3.88453125043358,
-7.12664072940836));
#9244=CARTESIAN_POINT('Ctrl Pts',(3.08592595765625,3.85807291710024,-5.34498054705627));
#9245=CARTESIAN_POINT('Ctrl Pts',(6.1718519153125,3.83161458376691,-3.56332036470418));
#9246=CARTESIAN_POINT('Ctrl Pts',(6.1718519153125,3.80515625043358,4.44201641426197E-16));
#9247=CARTESIAN_POINT('Ctrl Pts',(6.1718519153125,3.77869791710024,3.56332036470418));
#9248=CARTESIAN_POINT('Ctrl Pts',(3.08592595765625,3.75223958376691,5.34498054705627));
#9249=CARTESIAN_POINT('Ctrl Pts',(-7.65389866066213E-17,3.72578125043358,
7.12664072940836));
#9250=CARTESIAN_POINT('Ctrl Pts',(-3.08592595765625,3.69932291710024,5.34498054705627));
#9251=CARTESIAN_POINT('Ctrl Pts',(-6.1718519153125,3.67286458376691,3.56332036470418));
#9252=CARTESIAN_POINT('Ctrl Pts',(-6.1718519153125,3.64640625043358,-1.20003551071609E-15));
#9253=CARTESIAN_POINT('Ctrl Pts',(-6.1718519153125,3.61994791710024,-3.56332036470418));
#9254=CARTESIAN_POINT('Ctrl Pts',(-3.08592595765625,3.59348958376691,-5.34498054705627));
#9255=CARTESIAN_POINT('Ctrl Pts',(9.49300762400932E-16,3.56703125043358,
-7.12664072940836));
#9256=CARTESIAN_POINT('Ctrl Pts',(3.08592595765625,3.54057291710024,-5.34498054705627));
#9257=CARTESIAN_POINT('Ctrl Pts',(6.1718519153125,3.51411458376691,-3.56332036470418));
#9258=CARTESIAN_POINT('Ctrl Pts',(6.1718519153125,3.48765625043358,4.44201641426197E-16));
#9259=CARTESIAN_POINT('Ctrl Pts',(6.1718519153125,3.46119791710024,3.56332036470418));
#9260=CARTESIAN_POINT('Ctrl Pts',(3.08592595765625,3.43473958376691,5.34498054705627));
#9261=CARTESIAN_POINT('Ctrl Pts',(-7.65389866066213E-17,3.40828125043358,
7.12664072940836));
#9262=CARTESIAN_POINT('Ctrl Pts',(-3.08592595765625,3.38182291710024,5.34498054705627));
#9263=CARTESIAN_POINT('Ctrl Pts',(-6.1718519153125,3.35536458376691,3.56332036470418));
#9264=CARTESIAN_POINT('Ctrl Pts',(-6.1718519153125,3.32890625043358,-1.20003551071609E-15));
#9265=CARTESIAN_POINT('Ctrl Pts',(-6.1718519153125,3.30244791710024,-3.56332036470418));
#9266=CARTESIAN_POINT('Ctrl Pts',(-3.08592595765625,3.27598958376691,-5.34498054705627));
#9267=CARTESIAN_POINT('Ctrl Pts',(9.49300762400932E-16,3.24953125043358,
-7.12664072940836));
#9268=CARTESIAN_POINT('Ctrl Pts',(3.08592595765625,3.22307291710024,-5.34498054705627));
#9269=CARTESIAN_POINT('Ctrl Pts',(6.1718519153125,3.19661458376691,-3.56332036470418));
#9270=CARTESIAN_POINT('Ctrl Pts',(6.1718519153125,3.17015625043358,4.44201641426197E-16));
#9271=CARTESIAN_POINT('Ctrl Pts',(6.1718519153125,3.14369791710024,3.56332036470418));
#9272=CARTESIAN_POINT('Ctrl Pts',(3.08592595765625,3.11723958376691,5.34498054705627));
#9273=CARTESIAN_POINT('Ctrl Pts',(-7.65389866066213E-17,3.09078125043358,
7.12664072940836));
#9274=CARTESIAN_POINT('Ctrl Pts',(-3.08592595765625,3.06432291710024,5.34498054705627));
#9275=CARTESIAN_POINT('Ctrl Pts',(-6.1718519153125,3.03786458376691,3.56332036470418));
#9276=CARTESIAN_POINT('Ctrl Pts',(-6.1718519153125,3.01140625043358,-1.20003551071609E-15));
#9277=CARTESIAN_POINT('Ctrl Pts',(-6.1718519153125,2.98494791710024,-3.56332036470418));
#9278=CARTESIAN_POINT('Ctrl Pts',(-3.08592595765625,2.95848958376691,-5.34498054705627));
#9279=CARTESIAN_POINT('Ctrl Pts',(9.49300762400932E-16,2.93203125043358,
-7.12664072940836));
#9280=CARTESIAN_POINT('Ctrl Pts',(3.08592595765625,2.90557291710024,-5.34498054705627));
#9281=CARTESIAN_POINT('Ctrl Pts',(6.1718519153125,2.87911458376691,-3.56332036470418));
#9282=CARTESIAN_POINT('Ctrl Pts',(6.1718519153125,2.85265625043358,4.44201641426197E-16));
#9283=CARTESIAN_POINT('Ctrl Pts',(6.1718519153125,2.83801636451586,1.97165116072613));
#9284=CARTESIAN_POINT('Ctrl Pts',(5.02878445683119,2.82118762461462,3.57813959359883));
#9285=CARTESIAN_POINT('Origin',(-6.08592595765625,6.95039062521679,-6.00017755358044E-16));
#9286=CARTESIAN_POINT('Origin',(1.11022302462516E-15,6.86109375043358,-6.4492399840351E-16));
#9287=CARTESIAN_POINT('Origin',(0.,3.5,-6.35993867346501));
#9288=CARTESIAN_POINT('Origin',(1.02020590878733,3.5,-6.27757913800466));
#9289=CARTESIAN_POINT('Origin',(2.01398902042657,3.5,-6.03263360033055));
#9290=CARTESIAN_POINT('Origin',(2.9556108743365,3.5,-5.63144602120448));
#9291=CARTESIAN_POINT('Origin',(3.82068395911207,3.5,-5.08440694819166));
#9292=CARTESIAN_POINT('Origin',(4.58680333625955,3.5,-4.40568440593674));
#9293=CARTESIAN_POINT('Origin',(5.23412691633481,3.5,-3.61285695176757));
#9294=CARTESIAN_POINT('Origin',(5.74588935863735,3.5,-2.72645840029404));
#9295=CARTESIAN_POINT('Origin',(6.10883628472795,3.5,-1.76944600839559));
#9296=CARTESIAN_POINT('Origin',(6.31356755986813,3.5,-0.766605894326896));
#9297=CARTESIAN_POINT('Origin',(6.35478075157213,3.5,0.256088909725318));
#9298=CARTESIAN_POINT('Origin',(6.23140845982311,3.5,1.27215114553296));
#9299=CARTESIAN_POINT('Origin',(5.94664596217291,3.5,2.25526533490154));
#9300=CARTESIAN_POINT('Origin',(5.50786845773179,3.5,3.17996933673253));
#9301=CARTESIAN_POINT('Origin',(4.92644005338557,3.5,4.02231380310317));
#9302=CARTESIAN_POINT('Origin',(4.21741943939653,3.5,4.76048245479764));
#9303=CARTESIAN_POINT('Origin',(3.3991698772356,3.5,5.3753571114792));
#9304=CARTESIAN_POINT('Origin',(2.49288360075603,3.5,5.8510128425186));
#9305=CARTESIAN_POINT('Origin',(1.52203294846837,3.5,6.17513041433236));
#9306=CARTESIAN_POINT('Origin',(-1.52203294846845,3.5,6.17513041433234));
#9307=CARTESIAN_POINT('Origin',(-2.49288360075611,3.5,5.85101284251856));
#9308=CARTESIAN_POINT('Origin',(-3.39916987723567,3.5,5.37535711147915));
#9309=CARTESIAN_POINT('Origin',(-4.21741943939659,3.5,4.76048245479758));
#9310=CARTESIAN_POINT('Origin',(-4.92644005338562,3.5,4.0223138031031));
#9311=CARTESIAN_POINT('Origin',(-5.50786845773183,3.5,3.17996933673246));
#9312=CARTESIAN_POINT('Origin',(-5.94664596217294,3.5,2.25526533490146));
#9313=CARTESIAN_POINT('Origin',(-6.23140845982313,3.5,1.27215114553287));
#9314=CARTESIAN_POINT('Origin',(-6.35478075157213,3.5,0.256088909725233));
#9315=CARTESIAN_POINT('Origin',(-6.31356755986812,3.5,-0.766605894326984));
#9316=CARTESIAN_POINT('Origin',(-6.10883628472793,3.5,-1.76944600839567));
#9317=CARTESIAN_POINT('Origin',(-5.74588935863731,3.5,-2.72645840029412));
#9318=CARTESIAN_POINT('Origin',(-5.23412691633477,3.5,-3.61285695176764));
#9319=CARTESIAN_POINT('Origin',(-4.58680333625949,3.5,-4.4056844059368));
#9320=CARTESIAN_POINT('Origin',(-3.82068395911199,3.5,-5.08440694819171));
#9321=CARTESIAN_POINT('Origin',(-2.95561087433643,3.5,-5.63144602120451));
#9322=CARTESIAN_POINT('Origin',(-2.01398902042649,3.5,-6.03263360033058));
#9323=CARTESIAN_POINT('Origin',(-1.02020590878725,3.5,-6.27757913800467));
#9324=CARTESIAN_POINT('',(0.,0.,0.));
#9325=CARTESIAN_POINT('Origin',(-1.11022302462516E-15,-1.38777878078145E-15,
4.36109375043358));
#9326=CARTESIAN_POINT('',(5.8281480846875,-6.74036491094514E-16,0.114531250433575));
#9327=CARTESIAN_POINT('',(5.8281480846875,-6.74036491094514E-16,0.0351562504335755));
#9328=CARTESIAN_POINT('',(5.8281480846875,-2.06181527187596E-15,4.36109375043358));
#9329=CARTESIAN_POINT('',(-3.77649842705509,-4.43907307075442,-2.48146994014061E-16));
#9330=CARTESIAN_POINT('Ctrl Pts',(5.8281480846875,7.13742289686932E-16,
0.114531250433575));
#9331=CARTESIAN_POINT('Ctrl Pts',(5.8281480846875,-3.36488286557133,0.0880729171002419));
#9332=CARTESIAN_POINT('Ctrl Pts',(2.91407404234375,-5.047324298357,0.0616145837669087));
#9333=CARTESIAN_POINT('Ctrl Pts',(1.23623790924831E-15,-6.72976573114266,
0.0351562504335755));
#9334=CARTESIAN_POINT('Ctrl Pts',(-2.91407404234375,-5.047324298357,0.00869791710024145));
#9335=CARTESIAN_POINT('Ctrl Pts',(-3.37293480719244,-4.78240091225104,0.00453169109035242));
#9336=CARTESIAN_POINT('Ctrl Pts',(-3.77649842705508,-4.43907307075442,-2.48146994014061E-16));
#9337=CARTESIAN_POINT('',(4.49968772523344,-3.70406809770421,9.91840568431894E-17));
#9338=CARTESIAN_POINT('Origin',(-1.11022302462516E-15,-1.38777878078145E-15,
0.));
#9339=CARTESIAN_POINT('Ctrl Pts',(5.8281480846875,7.13742289686932E-16,
0.0351562504335755));
#9340=CARTESIAN_POINT('Ctrl Pts',(5.8281480846875,-2.09025954580432,0.0187203785100867));
#9341=CARTESIAN_POINT('Ctrl Pts',(4.49968772523344,-3.70406809770421,9.91840568431894E-17));
#9342=CARTESIAN_POINT('Origin',(-1.11022302462516E-15,-1.38777878078145E-15,
4.36109375043358));
#9343=CARTESIAN_POINT('',(5.8281480846875,-6.74036491094514E-16,0.432031250433575));
#9344=CARTESIAN_POINT('',(5.8281480846875,-6.74036491094514E-16,0.352656250433576));
#9345=CARTESIAN_POINT('',(5.8281480846875,-2.06181527187596E-15,4.36109375043358));
#9346=CARTESIAN_POINT('Ctrl Pts',(5.8281480846875,7.13742289686932E-16,
0.432031250433575));
#9347=CARTESIAN_POINT('Ctrl Pts',(5.8281480846875,-3.36488286557133,0.405572917100242));
#9348=CARTESIAN_POINT('Ctrl Pts',(2.91407404234375,-5.047324298357,0.379114583766909));
#9349=CARTESIAN_POINT('Ctrl Pts',(1.23623790924831E-15,-6.72976573114266,
0.352656250433575));
#9350=CARTESIAN_POINT('Ctrl Pts',(-2.91407404234375,-5.047324298357,0.326197917100242));
#9351=CARTESIAN_POINT('Ctrl Pts',(-5.8281480846875,-3.36488286557133,0.299739583766908));
#9352=CARTESIAN_POINT('Ctrl Pts',(-5.8281480846875,0.,0.273281250433575));
#9353=CARTESIAN_POINT('Ctrl Pts',(-5.8281480846875,3.36488286557133,0.246822917100242));
#9354=CARTESIAN_POINT('Ctrl Pts',(-2.91407404234375,5.047324298357,0.220364583766909));
#9355=CARTESIAN_POINT('Ctrl Pts',(-4.1207930308277E-16,6.72976573114266,
0.193906250433576));
#9356=CARTESIAN_POINT('Ctrl Pts',(2.91407404234375,5.047324298357,0.167447917100241));
#9357=CARTESIAN_POINT('Ctrl Pts',(5.8281480846875,3.36488286557133,0.140989583766908));
#9358=CARTESIAN_POINT('Ctrl Pts',(5.8281480846875,7.13742289686932E-16,
0.114531250433575));
#9359=CARTESIAN_POINT('Ctrl Pts',(5.8281480846875,7.13742289686932E-16,
0.352656250433576));
#9360=CARTESIAN_POINT('Ctrl Pts',(5.8281480846875,-3.36488286557133,0.326197917100242));
#9361=CARTESIAN_POINT('Ctrl Pts',(2.91407404234375,-5.047324298357,0.299739583766909));
#9362=CARTESIAN_POINT('Ctrl Pts',(1.23623790924831E-15,-6.72976573114266,
0.273281250433575));
#9363=CARTESIAN_POINT('Ctrl Pts',(-2.91407404234375,-5.047324298357,0.246822917100242));
#9364=CARTESIAN_POINT('Ctrl Pts',(-5.8281480846875,-3.36488286557133,0.220364583766909));
#9365=CARTESIAN_POINT('Ctrl Pts',(-5.8281480846875,0.,0.193906250433576));
#9366=CARTESIAN_POINT('Ctrl Pts',(-5.8281480846875,3.36488286557133,0.167447917100242));
#9367=CARTESIAN_POINT('Ctrl Pts',(-2.91407404234375,5.047324298357,0.140989583766909));
#9368=CARTESIAN_POINT('Ctrl Pts',(-4.1207930308277E-16,6.72976573114266,
0.114531250433576));
#9369=CARTESIAN_POINT('Ctrl Pts',(2.91407404234375,5.047324298357,0.0880729171002419));
#9370=CARTESIAN_POINT('Ctrl Pts',(5.8281480846875,3.36488286557133,0.0616145837669087));
#9371=CARTESIAN_POINT('Ctrl Pts',(5.8281480846875,7.13742289686932E-16,
0.0351562504335755));
#9372=CARTESIAN_POINT('Origin',(-1.11022302462516E-15,-1.38777878078145E-15,
4.36109375043358));
#9373=CARTESIAN_POINT('',(5.8281480846875,-6.74036491094514E-16,0.749531250433575));
#9374=CARTESIAN_POINT('',(5.8281480846875,-6.74036491094514E-16,0.670156250433576));
#9375=CARTESIAN_POINT('',(5.8281480846875,-2.06181527187596E-15,4.36109375043358));
#9376=CARTESIAN_POINT('Ctrl Pts',(5.8281480846875,7.13742289686932E-16,
0.749531250433575));
#9377=CARTESIAN_POINT('Ctrl Pts',(5.8281480846875,-3.36488286557133,0.723072917100242));
#9378=CARTESIAN_POINT('Ctrl Pts',(2.91407404234375,-5.047324298357,0.696614583766908));
#9379=CARTESIAN_POINT('Ctrl Pts',(1.23623790924831E-15,-6.72976573114266,
0.670156250433575));
#9380=CARTESIAN_POINT('Ctrl Pts',(-2.91407404234375,-5.047324298357,0.643697917100242));
#9381=CARTESIAN_POINT('Ctrl Pts',(-5.8281480846875,-3.36488286557133,0.617239583766909));
#9382=CARTESIAN_POINT('Ctrl Pts',(-5.8281480846875,0.,0.590781250433575));
#9383=CARTESIAN_POINT('Ctrl Pts',(-5.8281480846875,3.36488286557133,0.564322917100242));
#9384=CARTESIAN_POINT('Ctrl Pts',(-2.91407404234375,5.047324298357,0.537864583766908));
#9385=CARTESIAN_POINT('Ctrl Pts',(-4.1207930308277E-16,6.72976573114266,
0.511406250433575));
#9386=CARTESIAN_POINT('Ctrl Pts',(2.91407404234375,5.047324298357,0.484947917100242));
#9387=CARTESIAN_POINT('Ctrl Pts',(5.8281480846875,3.36488286557133,0.458489583766908));
#9388=CARTESIAN_POINT('Ctrl Pts',(5.8281480846875,7.13742289686932E-16,
0.432031250433575));
#9389=CARTESIAN_POINT('Ctrl Pts',(5.8281480846875,7.13742289686932E-16,
0.670156250433576));
#9390=CARTESIAN_POINT('Ctrl Pts',(5.8281480846875,-3.36488286557133,0.643697917100242));
#9391=CARTESIAN_POINT('Ctrl Pts',(2.91407404234375,-5.047324298357,0.617239583766909));
#9392=CARTESIAN_POINT('Ctrl Pts',(1.23623790924831E-15,-6.72976573114266,
0.590781250433576));
#9393=CARTESIAN_POINT('Ctrl Pts',(-2.91407404234375,-5.047324298357,0.564322917100242));
#9394=CARTESIAN_POINT('Ctrl Pts',(-5.8281480846875,-3.36488286557133,0.537864583766909));
#9395=CARTESIAN_POINT('Ctrl Pts',(-5.8281480846875,0.,0.511406250433576));
#9396=CARTESIAN_POINT('Ctrl Pts',(-5.8281480846875,3.36488286557133,0.484947917100242));
#9397=CARTESIAN_POINT('Ctrl Pts',(-2.91407404234375,5.047324298357,0.458489583766909));
#9398=CARTESIAN_POINT('Ctrl Pts',(-4.1207930308277E-16,6.72976573114266,
0.432031250433576));
#9399=CARTESIAN_POINT('Ctrl Pts',(2.91407404234375,5.047324298357,0.405572917100242));
#9400=CARTESIAN_POINT('Ctrl Pts',(5.8281480846875,3.36488286557133,0.379114583766909));
#9401=CARTESIAN_POINT('Ctrl Pts',(5.8281480846875,7.13742289686932E-16,
0.352656250433576));
#9402=CARTESIAN_POINT('Origin',(-1.11022302462516E-15,-1.38777878078145E-15,
4.36109375043358));
#9403=CARTESIAN_POINT('',(5.8281480846875,-6.74036491094514E-16,1.06703125043358));
#9404=CARTESIAN_POINT('',(5.8281480846875,-6.74036491094514E-16,0.987656250433576));
#9405=CARTESIAN_POINT('',(5.8281480846875,-2.06181527187596E-15,4.36109375043358));
#9406=CARTESIAN_POINT('Ctrl Pts',(5.8281480846875,7.13742289686932E-16,
1.06703125043358));
#9407=CARTESIAN_POINT('Ctrl Pts',(5.8281480846875,-3.36488286557133,1.04057291710024));
#9408=CARTESIAN_POINT('Ctrl Pts',(2.91407404234375,-5.047324298357,1.01411458376691));
#9409=CARTESIAN_POINT('Ctrl Pts',(1.23623790924831E-15,-6.72976573114266,
0.987656250433575));
#9410=CARTESIAN_POINT('Ctrl Pts',(-2.91407404234375,-5.047324298357,0.961197917100242));
#9411=CARTESIAN_POINT('Ctrl Pts',(-5.8281480846875,-3.36488286557133,0.934739583766909));
#9412=CARTESIAN_POINT('Ctrl Pts',(-5.8281480846875,0.,0.908281250433575));
#9413=CARTESIAN_POINT('Ctrl Pts',(-5.8281480846875,3.36488286557133,0.881822917100242));
#9414=CARTESIAN_POINT('Ctrl Pts',(-2.91407404234375,5.047324298357,0.855364583766909));
#9415=CARTESIAN_POINT('Ctrl Pts',(-4.1207930308277E-16,6.72976573114266,
0.828906250433575));
#9416=CARTESIAN_POINT('Ctrl Pts',(2.91407404234375,5.047324298357,0.802447917100242));
#9417=CARTESIAN_POINT('Ctrl Pts',(5.8281480846875,3.36488286557133,0.775989583766908));
#9418=CARTESIAN_POINT('Ctrl Pts',(5.8281480846875,7.13742289686932E-16,
0.749531250433575));
#9419=CARTESIAN_POINT('Ctrl Pts',(5.8281480846875,7.13742289686932E-16,
0.987656250433576));
#9420=CARTESIAN_POINT('Ctrl Pts',(5.8281480846875,-3.36488286557133,0.961197917100242));
#9421=CARTESIAN_POINT('Ctrl Pts',(2.91407404234375,-5.047324298357,0.934739583766909));
#9422=CARTESIAN_POINT('Ctrl Pts',(1.23623790924831E-15,-6.72976573114266,
0.908281250433576));
#9423=CARTESIAN_POINT('Ctrl Pts',(-2.91407404234375,-5.047324298357,0.881822917100242));
#9424=CARTESIAN_POINT('Ctrl Pts',(-5.8281480846875,-3.36488286557133,0.855364583766909));
#9425=CARTESIAN_POINT('Ctrl Pts',(-5.8281480846875,0.,0.828906250433576));
#9426=CARTESIAN_POINT('Ctrl Pts',(-5.8281480846875,3.36488286557133,0.802447917100242));
#9427=CARTESIAN_POINT('Ctrl Pts',(-2.91407404234375,5.047324298357,0.775989583766909));
#9428=CARTESIAN_POINT('Ctrl Pts',(-4.1207930308277E-16,6.72976573114266,
0.749531250433576));
#9429=CARTESIAN_POINT('Ctrl Pts',(2.91407404234375,5.047324298357,0.723072917100242));
#9430=CARTESIAN_POINT('Ctrl Pts',(5.8281480846875,3.36488286557133,0.696614583766909));
#9431=CARTESIAN_POINT('Ctrl Pts',(5.8281480846875,7.13742289686932E-16,
0.670156250433576));
#9432=CARTESIAN_POINT('Origin',(-1.11022302462516E-15,-1.38777878078145E-15,
4.36109375043358));
#9433=CARTESIAN_POINT('',(5.8281480846875,-6.74036491094514E-16,1.38453125043357));
#9434=CARTESIAN_POINT('',(5.8281480846875,-6.74036491094514E-16,1.30515625043358));
#9435=CARTESIAN_POINT('',(5.8281480846875,-2.06181527187596E-15,4.36109375043358));
#9436=CARTESIAN_POINT('Ctrl Pts',(5.8281480846875,7.13742289686932E-16,
1.38453125043357));
#9437=CARTESIAN_POINT('Ctrl Pts',(5.8281480846875,-3.36488286557133,1.35807291710024));
#9438=CARTESIAN_POINT('Ctrl Pts',(2.91407404234375,-5.047324298357,1.33161458376691));
#9439=CARTESIAN_POINT('Ctrl Pts',(1.23623790924831E-15,-6.72976573114266,
1.30515625043358));
#9440=CARTESIAN_POINT('Ctrl Pts',(-2.91407404234375,-5.047324298357,1.27869791710024));
#9441=CARTESIAN_POINT('Ctrl Pts',(-5.8281480846875,-3.36488286557133,1.25223958376691));
#9442=CARTESIAN_POINT('Ctrl Pts',(-5.8281480846875,0.,1.22578125043358));
#9443=CARTESIAN_POINT('Ctrl Pts',(-5.8281480846875,3.36488286557133,1.19932291710024));
#9444=CARTESIAN_POINT('Ctrl Pts',(-2.91407404234375,5.047324298357,1.17286458376691));
#9445=CARTESIAN_POINT('Ctrl Pts',(-4.1207930308277E-16,6.72976573114266,
1.14640625043358));
#9446=CARTESIAN_POINT('Ctrl Pts',(2.91407404234375,5.047324298357,1.11994791710024));
#9447=CARTESIAN_POINT('Ctrl Pts',(5.8281480846875,3.36488286557133,1.09348958376691));
#9448=CARTESIAN_POINT('Ctrl Pts',(5.8281480846875,7.13742289686932E-16,
1.06703125043358));
#9449=CARTESIAN_POINT('Ctrl Pts',(5.8281480846875,7.13742289686932E-16,
1.30515625043358));
#9450=CARTESIAN_POINT('Ctrl Pts',(5.8281480846875,-3.36488286557133,1.27869791710024));
#9451=CARTESIAN_POINT('Ctrl Pts',(2.91407404234375,-5.047324298357,1.25223958376691));
#9452=CARTESIAN_POINT('Ctrl Pts',(1.23623790924831E-15,-6.72976573114266,
1.22578125043358));
#9453=CARTESIAN_POINT('Ctrl Pts',(-2.91407404234375,-5.047324298357,1.19932291710024));
#9454=CARTESIAN_POINT('Ctrl Pts',(-5.8281480846875,-3.36488286557133,1.17286458376691));
#9455=CARTESIAN_POINT('Ctrl Pts',(-5.8281480846875,0.,1.14640625043358));
#9456=CARTESIAN_POINT('Ctrl Pts',(-5.8281480846875,3.36488286557133,1.11994791710024));
#9457=CARTESIAN_POINT('Ctrl Pts',(-2.91407404234375,5.047324298357,1.09348958376691));
#9458=CARTESIAN_POINT('Ctrl Pts',(-4.1207930308277E-16,6.72976573114266,
1.06703125043358));
#9459=CARTESIAN_POINT('Ctrl Pts',(2.91407404234375,5.047324298357,1.04057291710024));
#9460=CARTESIAN_POINT('Ctrl Pts',(5.8281480846875,3.36488286557133,1.01411458376691));
#9461=CARTESIAN_POINT('Ctrl Pts',(5.8281480846875,7.13742289686932E-16,
0.987656250433576));
#9462=CARTESIAN_POINT('Origin',(-1.11022302462516E-15,-1.38777878078145E-15,
4.36109375043358));
#9463=CARTESIAN_POINT('',(5.8281480846875,-6.74036491094514E-16,1.70203125043358));
#9464=CARTESIAN_POINT('',(5.8281480846875,-6.74036491094514E-16,1.62265625043358));
#9465=CARTESIAN_POINT('',(5.8281480846875,-2.06181527187596E-15,4.36109375043358));
#9466=CARTESIAN_POINT('Ctrl Pts',(5.8281480846875,7.13742289686932E-16,
1.70203125043358));
#9467=CARTESIAN_POINT('Ctrl Pts',(5.8281480846875,-3.36488286557133,1.67557291710024));
#9468=CARTESIAN_POINT('Ctrl Pts',(2.91407404234375,-5.047324298357,1.64911458376691));
#9469=CARTESIAN_POINT('Ctrl Pts',(1.23623790924831E-15,-6.72976573114266,
1.62265625043358));
#9470=CARTESIAN_POINT('Ctrl Pts',(-2.91407404234375,-5.047324298357,1.59619791710024));
#9471=CARTESIAN_POINT('Ctrl Pts',(-5.8281480846875,-3.36488286557133,1.56973958376691));
#9472=CARTESIAN_POINT('Ctrl Pts',(-5.8281480846875,0.,1.54328125043357));
#9473=CARTESIAN_POINT('Ctrl Pts',(-5.8281480846875,3.36488286557133,1.51682291710024));
#9474=CARTESIAN_POINT('Ctrl Pts',(-2.91407404234375,5.047324298357,1.49036458376691));
#9475=CARTESIAN_POINT('Ctrl Pts',(-4.1207930308277E-16,6.72976573114266,
1.46390625043358));
#9476=CARTESIAN_POINT('Ctrl Pts',(2.91407404234375,5.047324298357,1.43744791710024));
#9477=CARTESIAN_POINT('Ctrl Pts',(5.8281480846875,3.36488286557133,1.41098958376691));
#9478=CARTESIAN_POINT('Ctrl Pts',(5.8281480846875,7.13742289686932E-16,
1.38453125043357));
#9479=CARTESIAN_POINT('Ctrl Pts',(5.8281480846875,7.13742289686932E-16,
1.62265625043358));
#9480=CARTESIAN_POINT('Ctrl Pts',(5.8281480846875,-3.36488286557133,1.59619791710024));
#9481=CARTESIAN_POINT('Ctrl Pts',(2.91407404234375,-5.047324298357,1.56973958376691));
#9482=CARTESIAN_POINT('Ctrl Pts',(1.23623790924831E-15,-6.72976573114266,
1.54328125043358));
#9483=CARTESIAN_POINT('Ctrl Pts',(-2.91407404234375,-5.047324298357,1.51682291710024));
#9484=CARTESIAN_POINT('Ctrl Pts',(-5.8281480846875,-3.36488286557133,1.49036458376691));
#9485=CARTESIAN_POINT('Ctrl Pts',(-5.8281480846875,0.,1.46390625043358));
#9486=CARTESIAN_POINT('Ctrl Pts',(-5.8281480846875,3.36488286557133,1.43744791710024));
#9487=CARTESIAN_POINT('Ctrl Pts',(-2.91407404234375,5.047324298357,1.41098958376691));
#9488=CARTESIAN_POINT('Ctrl Pts',(-4.1207930308277E-16,6.72976573114266,
1.38453125043358));
#9489=CARTESIAN_POINT('Ctrl Pts',(2.91407404234375,5.047324298357,1.35807291710024));
#9490=CARTESIAN_POINT('Ctrl Pts',(5.8281480846875,3.36488286557133,1.33161458376691));
#9491=CARTESIAN_POINT('Ctrl Pts',(5.8281480846875,7.13742289686932E-16,
1.30515625043358));
#9492=CARTESIAN_POINT('Origin',(-1.11022302462516E-15,-1.38777878078145E-15,
4.36109375043358));
#9493=CARTESIAN_POINT('',(5.8281480846875,-6.74036491094514E-16,2.01953125043357));
#9494=CARTESIAN_POINT('',(5.8281480846875,-6.74036491094514E-16,1.94015625043358));
#9495=CARTESIAN_POINT('',(5.8281480846875,-2.06181527187596E-15,4.36109375043358));
#9496=CARTESIAN_POINT('Ctrl Pts',(5.8281480846875,7.13742289686932E-16,
2.01953125043357));
#9497=CARTESIAN_POINT('Ctrl Pts',(5.8281480846875,-3.36488286557133,1.99307291710024));
#9498=CARTESIAN_POINT('Ctrl Pts',(2.91407404234375,-5.047324298357,1.96661458376691));
#9499=CARTESIAN_POINT('Ctrl Pts',(1.23623790924831E-15,-6.72976573114266,
1.94015625043358));
#9500=CARTESIAN_POINT('Ctrl Pts',(-2.91407404234375,-5.047324298357,1.91369791710024));
#9501=CARTESIAN_POINT('Ctrl Pts',(-5.8281480846875,-3.36488286557133,1.88723958376691));
#9502=CARTESIAN_POINT('Ctrl Pts',(-5.8281480846875,0.,1.86078125043358));
#9503=CARTESIAN_POINT('Ctrl Pts',(-5.8281480846875,3.36488286557133,1.83432291710024));
#9504=CARTESIAN_POINT('Ctrl Pts',(-2.91407404234375,5.047324298357,1.80786458376691));
#9505=CARTESIAN_POINT('Ctrl Pts',(-4.1207930308277E-16,6.72976573114266,
1.78140625043358));
#9506=CARTESIAN_POINT('Ctrl Pts',(2.91407404234375,5.047324298357,1.75494791710024));
#9507=CARTESIAN_POINT('Ctrl Pts',(5.8281480846875,3.36488286557133,1.72848958376691));
#9508=CARTESIAN_POINT('Ctrl Pts',(5.8281480846875,7.13742289686932E-16,
1.70203125043358));
#9509=CARTESIAN_POINT('Ctrl Pts',(5.8281480846875,7.13742289686932E-16,
1.94015625043358));
#9510=CARTESIAN_POINT('Ctrl Pts',(5.8281480846875,-3.36488286557133,1.91369791710024));
#9511=CARTESIAN_POINT('Ctrl Pts',(2.91407404234375,-5.047324298357,1.88723958376691));
#9512=CARTESIAN_POINT('Ctrl Pts',(1.23623790924831E-15,-6.72976573114266,
1.86078125043358));
#9513=CARTESIAN_POINT('Ctrl Pts',(-2.91407404234375,-5.047324298357,1.83432291710024));
#9514=CARTESIAN_POINT('Ctrl Pts',(-5.8281480846875,-3.36488286557133,1.80786458376691));
#9515=CARTESIAN_POINT('Ctrl Pts',(-5.8281480846875,0.,1.78140625043358));
#9516=CARTESIAN_POINT('Ctrl Pts',(-5.8281480846875,3.36488286557133,1.75494791710024));
#9517=CARTESIAN_POINT('Ctrl Pts',(-2.91407404234375,5.047324298357,1.72848958376691));
#9518=CARTESIAN_POINT('Ctrl Pts',(-4.1207930308277E-16,6.72976573114266,
1.70203125043358));
#9519=CARTESIAN_POINT('Ctrl Pts',(2.91407404234375,5.047324298357,1.67557291710024));
#9520=CARTESIAN_POINT('Ctrl Pts',(5.8281480846875,3.36488286557133,1.64911458376691));
#9521=CARTESIAN_POINT('Ctrl Pts',(5.8281480846875,7.13742289686932E-16,
1.62265625043358));
#9522=CARTESIAN_POINT('Origin',(-1.11022302462516E-15,-1.38777878078145E-15,
4.36109375043358));
#9523=CARTESIAN_POINT('',(5.8281480846875,-6.74036491094514E-16,2.33703125043358));
#9524=CARTESIAN_POINT('',(5.8281480846875,-6.74036491094514E-16,2.25765625043358));
#9525=CARTESIAN_POINT('',(5.8281480846875,-2.06181527187596E-15,4.36109375043358));
#9526=CARTESIAN_POINT('Ctrl Pts',(5.8281480846875,7.13742289686932E-16,
2.33703125043358));
#9527=CARTESIAN_POINT('Ctrl Pts',(5.8281480846875,-3.36488286557133,2.31057291710024));
#9528=CARTESIAN_POINT('Ctrl Pts',(2.91407404234375,-5.047324298357,2.28411458376691));
#9529=CARTESIAN_POINT('Ctrl Pts',(1.23623790924831E-15,-6.72976573114266,
2.25765625043358));
#9530=CARTESIAN_POINT('Ctrl Pts',(-2.91407404234375,-5.047324298357,2.23119791710024));
#9531=CARTESIAN_POINT('Ctrl Pts',(-5.8281480846875,-3.36488286557133,2.20473958376691));
#9532=CARTESIAN_POINT('Ctrl Pts',(-5.8281480846875,0.,2.17828125043358));
#9533=CARTESIAN_POINT('Ctrl Pts',(-5.8281480846875,3.36488286557133,2.15182291710024));
#9534=CARTESIAN_POINT('Ctrl Pts',(-2.91407404234375,5.047324298357,2.12536458376691));
#9535=CARTESIAN_POINT('Ctrl Pts',(-4.1207930308277E-16,6.72976573114266,
2.09890625043358));
#9536=CARTESIAN_POINT('Ctrl Pts',(2.91407404234375,5.047324298357,2.07244791710024));
#9537=CARTESIAN_POINT('Ctrl Pts',(5.8281480846875,3.36488286557133,2.04598958376691));
#9538=CARTESIAN_POINT('Ctrl Pts',(5.8281480846875,7.13742289686932E-16,
2.01953125043357));
#9539=CARTESIAN_POINT('Ctrl Pts',(5.8281480846875,7.13742289686932E-16,
2.25765625043358));
#9540=CARTESIAN_POINT('Ctrl Pts',(5.8281480846875,-3.36488286557133,2.23119791710024));
#9541=CARTESIAN_POINT('Ctrl Pts',(2.91407404234375,-5.047324298357,2.20473958376691));
#9542=CARTESIAN_POINT('Ctrl Pts',(1.23623790924831E-15,-6.72976573114266,
2.17828125043358));
#9543=CARTESIAN_POINT('Ctrl Pts',(-2.91407404234375,-5.047324298357,2.15182291710024));
#9544=CARTESIAN_POINT('Ctrl Pts',(-5.8281480846875,-3.36488286557133,2.12536458376691));
#9545=CARTESIAN_POINT('Ctrl Pts',(-5.8281480846875,0.,2.09890625043358));
#9546=CARTESIAN_POINT('Ctrl Pts',(-5.8281480846875,3.36488286557133,2.07244791710024));
#9547=CARTESIAN_POINT('Ctrl Pts',(-2.91407404234375,5.047324298357,2.04598958376691));
#9548=CARTESIAN_POINT('Ctrl Pts',(-4.1207930308277E-16,6.72976573114266,
2.01953125043358));
#9549=CARTESIAN_POINT('Ctrl Pts',(2.91407404234375,5.047324298357,1.99307291710024));
#9550=CARTESIAN_POINT('Ctrl Pts',(5.8281480846875,3.36488286557133,1.96661458376691));
#9551=CARTESIAN_POINT('Ctrl Pts',(5.8281480846875,7.13742289686932E-16,
1.94015625043358));
#9552=CARTESIAN_POINT('Origin',(-1.11022302462516E-15,-1.38777878078145E-15,
4.36109375043358));
#9553=CARTESIAN_POINT('',(5.8281480846875,-6.74036491094514E-16,2.65453125043358));
#9554=CARTESIAN_POINT('',(5.8281480846875,-6.74036491094514E-16,2.57515625043358));
#9555=CARTESIAN_POINT('',(5.8281480846875,-2.06181527187596E-15,4.36109375043358));
#9556=CARTESIAN_POINT('Ctrl Pts',(5.8281480846875,7.13742289686932E-16,
2.65453125043358));
#9557=CARTESIAN_POINT('Ctrl Pts',(5.8281480846875,-3.36488286557133,2.62807291710024));
#9558=CARTESIAN_POINT('Ctrl Pts',(2.91407404234375,-5.047324298357,2.60161458376691));
#9559=CARTESIAN_POINT('Ctrl Pts',(1.23623790924831E-15,-6.72976573114266,
2.57515625043358));
#9560=CARTESIAN_POINT('Ctrl Pts',(-2.91407404234375,-5.047324298357,2.54869791710024));
#9561=CARTESIAN_POINT('Ctrl Pts',(-5.8281480846875,-3.36488286557133,2.52223958376691));
#9562=CARTESIAN_POINT('Ctrl Pts',(-5.8281480846875,0.,2.49578125043358));
#9563=CARTESIAN_POINT('Ctrl Pts',(-5.8281480846875,3.36488286557133,2.46932291710024));
#9564=CARTESIAN_POINT('Ctrl Pts',(-2.91407404234375,5.047324298357,2.44286458376691));
#9565=CARTESIAN_POINT('Ctrl Pts',(-4.1207930308277E-16,6.72976573114266,
2.41640625043358));
#9566=CARTESIAN_POINT('Ctrl Pts',(2.91407404234375,5.047324298357,2.38994791710024));
#9567=CARTESIAN_POINT('Ctrl Pts',(5.8281480846875,3.36488286557133,2.36348958376691));
#9568=CARTESIAN_POINT('Ctrl Pts',(5.8281480846875,7.13742289686932E-16,
2.33703125043358));
#9569=CARTESIAN_POINT('Ctrl Pts',(5.8281480846875,7.13742289686932E-16,
2.57515625043358));
#9570=CARTESIAN_POINT('Ctrl Pts',(5.8281480846875,-3.36488286557133,2.54869791710024));
#9571=CARTESIAN_POINT('Ctrl Pts',(2.91407404234375,-5.047324298357,2.52223958376691));
#9572=CARTESIAN_POINT('Ctrl Pts',(1.23623790924831E-15,-6.72976573114266,
2.49578125043358));
#9573=CARTESIAN_POINT('Ctrl Pts',(-2.91407404234375,-5.047324298357,2.46932291710024));
#9574=CARTESIAN_POINT('Ctrl Pts',(-5.8281480846875,-3.36488286557133,2.44286458376691));
#9575=CARTESIAN_POINT('Ctrl Pts',(-5.8281480846875,0.,2.41640625043358));
#9576=CARTESIAN_POINT('Ctrl Pts',(-5.8281480846875,3.36488286557133,2.38994791710024));
#9577=CARTESIAN_POINT('Ctrl Pts',(-2.91407404234375,5.047324298357,2.36348958376691));
#9578=CARTESIAN_POINT('Ctrl Pts',(-4.1207930308277E-16,6.72976573114266,
2.33703125043358));
#9579=CARTESIAN_POINT('Ctrl Pts',(2.91407404234375,5.047324298357,2.31057291710024));
#9580=CARTESIAN_POINT('Ctrl Pts',(5.8281480846875,3.36488286557133,2.28411458376691));
#9581=CARTESIAN_POINT('Ctrl Pts',(5.8281480846875,7.13742289686932E-16,
2.25765625043358));
#9582=CARTESIAN_POINT('Origin',(-1.11022302462516E-15,-1.38777878078145E-15,
4.36109375043358));
#9583=CARTESIAN_POINT('',(5.8281480846875,-6.74036491094514E-16,2.97203125043358));
#9584=CARTESIAN_POINT('',(5.8281480846875,-6.74036491094514E-16,2.89265625043358));
#9585=CARTESIAN_POINT('',(5.8281480846875,-2.06181527187596E-15,4.36109375043358));
#9586=CARTESIAN_POINT('Ctrl Pts',(5.8281480846875,7.13742289686932E-16,
2.97203125043358));
#9587=CARTESIAN_POINT('Ctrl Pts',(5.8281480846875,-3.36488286557133,2.94557291710024));
#9588=CARTESIAN_POINT('Ctrl Pts',(2.91407404234375,-5.047324298357,2.91911458376691));
#9589=CARTESIAN_POINT('Ctrl Pts',(1.23623790924831E-15,-6.72976573114266,
2.89265625043358));
#9590=CARTESIAN_POINT('Ctrl Pts',(-2.91407404234375,-5.047324298357,2.86619791710024));
#9591=CARTESIAN_POINT('Ctrl Pts',(-5.8281480846875,-3.36488286557133,2.83973958376691));
#9592=CARTESIAN_POINT('Ctrl Pts',(-5.8281480846875,0.,2.81328125043358));
#9593=CARTESIAN_POINT('Ctrl Pts',(-5.8281480846875,3.36488286557133,2.78682291710024));
#9594=CARTESIAN_POINT('Ctrl Pts',(-2.91407404234375,5.047324298357,2.76036458376691));
#9595=CARTESIAN_POINT('Ctrl Pts',(-4.1207930308277E-16,6.72976573114266,
2.73390625043358));
#9596=CARTESIAN_POINT('Ctrl Pts',(2.91407404234375,5.047324298357,2.70744791710024));
#9597=CARTESIAN_POINT('Ctrl Pts',(5.8281480846875,3.36488286557133,2.68098958376691));
#9598=CARTESIAN_POINT('Ctrl Pts',(5.8281480846875,7.13742289686932E-16,
2.65453125043358));
#9599=CARTESIAN_POINT('Ctrl Pts',(5.8281480846875,7.13742289686932E-16,
2.89265625043358));
#9600=CARTESIAN_POINT('Ctrl Pts',(5.8281480846875,-3.36488286557133,2.86619791710024));
#9601=CARTESIAN_POINT('Ctrl Pts',(2.91407404234375,-5.047324298357,2.83973958376691));
#9602=CARTESIAN_POINT('Ctrl Pts',(1.23623790924831E-15,-6.72976573114266,
2.81328125043358));
#9603=CARTESIAN_POINT('Ctrl Pts',(-2.91407404234375,-5.047324298357,2.78682291710024));
#9604=CARTESIAN_POINT('Ctrl Pts',(-5.8281480846875,-3.36488286557133,2.76036458376691));
#9605=CARTESIAN_POINT('Ctrl Pts',(-5.8281480846875,0.,2.73390625043358));
#9606=CARTESIAN_POINT('Ctrl Pts',(-5.8281480846875,3.36488286557133,2.70744791710024));
#9607=CARTESIAN_POINT('Ctrl Pts',(-2.91407404234375,5.047324298357,2.68098958376691));
#9608=CARTESIAN_POINT('Ctrl Pts',(-4.1207930308277E-16,6.72976573114266,
2.65453125043358));
#9609=CARTESIAN_POINT('Ctrl Pts',(2.91407404234375,5.047324298357,2.62807291710024));
#9610=CARTESIAN_POINT('Ctrl Pts',(5.8281480846875,3.36488286557133,2.60161458376691));
#9611=CARTESIAN_POINT('Ctrl Pts',(5.8281480846875,7.13742289686932E-16,
2.57515625043358));
#9612=CARTESIAN_POINT('Origin',(-1.11022302462516E-15,-1.38777878078145E-15,
4.36109375043358));
#9613=CARTESIAN_POINT('',(5.8281480846875,-6.74036491094514E-16,3.28953125043357));
#9614=CARTESIAN_POINT('',(5.8281480846875,-6.74036491094514E-16,3.21015625043358));
#9615=CARTESIAN_POINT('',(5.8281480846875,-2.06181527187596E-15,4.36109375043358));
#9616=CARTESIAN_POINT('Ctrl Pts',(5.8281480846875,7.13742289686932E-16,
3.28953125043357));
#9617=CARTESIAN_POINT('Ctrl Pts',(5.8281480846875,-3.36488286557133,3.26307291710024));
#9618=CARTESIAN_POINT('Ctrl Pts',(2.91407404234375,-5.047324298357,3.23661458376691));
#9619=CARTESIAN_POINT('Ctrl Pts',(1.23623790924831E-15,-6.72976573114266,
3.21015625043358));
#9620=CARTESIAN_POINT('Ctrl Pts',(-2.91407404234375,-5.047324298357,3.18369791710024));
#9621=CARTESIAN_POINT('Ctrl Pts',(-5.8281480846875,-3.36488286557133,3.15723958376691));
#9622=CARTESIAN_POINT('Ctrl Pts',(-5.8281480846875,0.,3.13078125043358));
#9623=CARTESIAN_POINT('Ctrl Pts',(-5.8281480846875,3.36488286557133,3.10432291710024));
#9624=CARTESIAN_POINT('Ctrl Pts',(-2.91407404234375,5.047324298357,3.07786458376691));
#9625=CARTESIAN_POINT('Ctrl Pts',(-4.1207930308277E-16,6.72976573114266,
3.05140625043358));
#9626=CARTESIAN_POINT('Ctrl Pts',(2.91407404234375,5.047324298357,3.02494791710024));
#9627=CARTESIAN_POINT('Ctrl Pts',(5.8281480846875,3.36488286557133,2.99848958376691));
#9628=CARTESIAN_POINT('Ctrl Pts',(5.8281480846875,7.13742289686932E-16,
2.97203125043358));
#9629=CARTESIAN_POINT('Ctrl Pts',(5.8281480846875,7.13742289686932E-16,
3.21015625043358));
#9630=CARTESIAN_POINT('Ctrl Pts',(5.8281480846875,-3.36488286557133,3.18369791710024));
#9631=CARTESIAN_POINT('Ctrl Pts',(2.91407404234375,-5.047324298357,3.15723958376691));
#9632=CARTESIAN_POINT('Ctrl Pts',(1.23623790924831E-15,-6.72976573114266,
3.13078125043358));
#9633=CARTESIAN_POINT('Ctrl Pts',(-2.91407404234375,-5.047324298357,3.10432291710024));
#9634=CARTESIAN_POINT('Ctrl Pts',(-5.8281480846875,-3.36488286557133,3.07786458376691));
#9635=CARTESIAN_POINT('Ctrl Pts',(-5.8281480846875,0.,3.05140625043358));
#9636=CARTESIAN_POINT('Ctrl Pts',(-5.8281480846875,3.36488286557133,3.02494791710024));
#9637=CARTESIAN_POINT('Ctrl Pts',(-2.91407404234375,5.047324298357,2.99848958376691));
#9638=CARTESIAN_POINT('Ctrl Pts',(-4.1207930308277E-16,6.72976573114266,
2.97203125043358));
#9639=CARTESIAN_POINT('Ctrl Pts',(2.91407404234375,5.047324298357,2.94557291710024));
#9640=CARTESIAN_POINT('Ctrl Pts',(5.8281480846875,3.36488286557133,2.91911458376691));
#9641=CARTESIAN_POINT('Ctrl Pts',(5.8281480846875,7.13742289686932E-16,
2.89265625043358));
#9642=CARTESIAN_POINT('Origin',(-1.11022302462516E-15,-1.38777878078145E-15,
4.36109375043358));
#9643=CARTESIAN_POINT('',(5.8281480846875,-6.74036491094514E-16,3.60703125043357));
#9644=CARTESIAN_POINT('',(5.8281480846875,-6.74036491094514E-16,3.52765625043358));
#9645=CARTESIAN_POINT('',(5.8281480846875,-2.06181527187596E-15,4.36109375043358));
#9646=CARTESIAN_POINT('Ctrl Pts',(5.8281480846875,7.13742289686932E-16,
3.60703125043357));
#9647=CARTESIAN_POINT('Ctrl Pts',(5.8281480846875,-3.36488286557133,3.58057291710024));
#9648=CARTESIAN_POINT('Ctrl Pts',(2.91407404234375,-5.047324298357,3.55411458376691));
#9649=CARTESIAN_POINT('Ctrl Pts',(1.23623790924831E-15,-6.72976573114266,
3.52765625043358));
#9650=CARTESIAN_POINT('Ctrl Pts',(-2.91407404234375,-5.047324298357,3.50119791710024));
#9651=CARTESIAN_POINT('Ctrl Pts',(-5.8281480846875,-3.36488286557133,3.47473958376691));
#9652=CARTESIAN_POINT('Ctrl Pts',(-5.8281480846875,0.,3.44828125043358));
#9653=CARTESIAN_POINT('Ctrl Pts',(-5.8281480846875,3.36488286557133,3.42182291710024));
#9654=CARTESIAN_POINT('Ctrl Pts',(-2.91407404234375,5.047324298357,3.39536458376691));
#9655=CARTESIAN_POINT('Ctrl Pts',(-4.1207930308277E-16,6.72976573114266,
3.36890625043358));
#9656=CARTESIAN_POINT('Ctrl Pts',(2.91407404234375,5.047324298357,3.34244791710024));
#9657=CARTESIAN_POINT('Ctrl Pts',(5.8281480846875,3.36488286557133,3.31598958376691));
#9658=CARTESIAN_POINT('Ctrl Pts',(5.8281480846875,7.13742289686932E-16,
3.28953125043357));
#9659=CARTESIAN_POINT('Ctrl Pts',(5.8281480846875,7.13742289686932E-16,
3.52765625043358));
#9660=CARTESIAN_POINT('Ctrl Pts',(5.8281480846875,-3.36488286557133,3.50119791710024));
#9661=CARTESIAN_POINT('Ctrl Pts',(2.91407404234375,-5.047324298357,3.47473958376691));
#9662=CARTESIAN_POINT('Ctrl Pts',(1.23623790924831E-15,-6.72976573114266,
3.44828125043358));
#9663=CARTESIAN_POINT('Ctrl Pts',(-2.91407404234375,-5.047324298357,3.42182291710024));
#9664=CARTESIAN_POINT('Ctrl Pts',(-5.8281480846875,-3.36488286557133,3.39536458376691));
#9665=CARTESIAN_POINT('Ctrl Pts',(-5.8281480846875,0.,3.36890625043358));
#9666=CARTESIAN_POINT('Ctrl Pts',(-5.8281480846875,3.36488286557133,3.34244791710024));
#9667=CARTESIAN_POINT('Ctrl Pts',(-2.91407404234375,5.047324298357,3.31598958376691));
#9668=CARTESIAN_POINT('Ctrl Pts',(-4.1207930308277E-16,6.72976573114266,
3.28953125043358));
#9669=CARTESIAN_POINT('Ctrl Pts',(2.91407404234375,5.047324298357,3.26307291710024));
#9670=CARTESIAN_POINT('Ctrl Pts',(5.8281480846875,3.36488286557133,3.23661458376691));
#9671=CARTESIAN_POINT('Ctrl Pts',(5.8281480846875,7.13742289686932E-16,
3.21015625043358));
#9672=CARTESIAN_POINT('Origin',(-1.11022302462516E-15,-1.38777878078145E-15,
4.36109375043358));
#9673=CARTESIAN_POINT('',(5.8281480846875,-6.74036491094514E-16,3.92453125043358));
#9674=CARTESIAN_POINT('',(5.8281480846875,-6.74036491094514E-16,3.84515625043358));
#9675=CARTESIAN_POINT('',(5.8281480846875,-2.06181527187596E-15,4.36109375043358));
#9676=CARTESIAN_POINT('Ctrl Pts',(5.8281480846875,7.13742289686932E-16,
3.92453125043358));
#9677=CARTESIAN_POINT('Ctrl Pts',(5.8281480846875,-3.36488286557133,3.89807291710024));
#9678=CARTESIAN_POINT('Ctrl Pts',(2.91407404234375,-5.047324298357,3.87161458376691));
#9679=CARTESIAN_POINT('Ctrl Pts',(1.23623790924831E-15,-6.72976573114266,
3.84515625043358));
#9680=CARTESIAN_POINT('Ctrl Pts',(-2.91407404234375,-5.047324298357,3.81869791710024));
#9681=CARTESIAN_POINT('Ctrl Pts',(-5.8281480846875,-3.36488286557133,3.79223958376691));
#9682=CARTESIAN_POINT('Ctrl Pts',(-5.8281480846875,0.,3.76578125043358));
#9683=CARTESIAN_POINT('Ctrl Pts',(-5.8281480846875,3.36488286557133,3.73932291710024));
#9684=CARTESIAN_POINT('Ctrl Pts',(-2.91407404234375,5.047324298357,3.71286458376691));
#9685=CARTESIAN_POINT('Ctrl Pts',(-4.1207930308277E-16,6.72976573114266,
3.68640625043358));
#9686=CARTESIAN_POINT('Ctrl Pts',(2.91407404234375,5.047324298357,3.65994791710024));
#9687=CARTESIAN_POINT('Ctrl Pts',(5.8281480846875,3.36488286557133,3.63348958376691));
#9688=CARTESIAN_POINT('Ctrl Pts',(5.8281480846875,7.13742289686932E-16,
3.60703125043357));
#9689=CARTESIAN_POINT('Ctrl Pts',(5.8281480846875,7.13742289686932E-16,
3.84515625043358));
#9690=CARTESIAN_POINT('Ctrl Pts',(5.8281480846875,-3.36488286557133,3.81869791710024));
#9691=CARTESIAN_POINT('Ctrl Pts',(2.91407404234375,-5.047324298357,3.79223958376691));
#9692=CARTESIAN_POINT('Ctrl Pts',(1.23623790924831E-15,-6.72976573114266,
3.76578125043358));
#9693=CARTESIAN_POINT('Ctrl Pts',(-2.91407404234375,-5.047324298357,3.73932291710024));
#9694=CARTESIAN_POINT('Ctrl Pts',(-5.8281480846875,-3.36488286557133,3.71286458376691));
#9695=CARTESIAN_POINT('Ctrl Pts',(-5.8281480846875,0.,3.68640625043358));
#9696=CARTESIAN_POINT('Ctrl Pts',(-5.8281480846875,3.36488286557133,3.65994791710024));
#9697=CARTESIAN_POINT('Ctrl Pts',(-2.91407404234375,5.047324298357,3.63348958376691));
#9698=CARTESIAN_POINT('Ctrl Pts',(-4.1207930308277E-16,6.72976573114266,
3.60703125043357));
#9699=CARTESIAN_POINT('Ctrl Pts',(2.91407404234375,5.047324298357,3.58057291710024));
#9700=CARTESIAN_POINT('Ctrl Pts',(5.8281480846875,3.36488286557133,3.55411458376691));
#9701=CARTESIAN_POINT('Ctrl Pts',(5.8281480846875,7.13742289686932E-16,
3.52765625043358));
#9702=CARTESIAN_POINT('Origin',(-1.11022302462516E-15,-1.38777878078145E-15,
4.36109375043358));
#9703=CARTESIAN_POINT('',(5.8281480846875,-6.74036491094514E-16,4.24203125043358));
#9704=CARTESIAN_POINT('',(5.8281480846875,-6.74036491094514E-16,4.16265625043358));
#9705=CARTESIAN_POINT('',(5.8281480846875,-2.06181527187596E-15,4.36109375043358));
#9706=CARTESIAN_POINT('Ctrl Pts',(5.8281480846875,7.13742289686932E-16,
4.24203125043358));
#9707=CARTESIAN_POINT('Ctrl Pts',(5.8281480846875,-3.36488286557133,4.21557291710024));
#9708=CARTESIAN_POINT('Ctrl Pts',(2.91407404234375,-5.047324298357,4.18911458376691));
#9709=CARTESIAN_POINT('Ctrl Pts',(1.23623790924831E-15,-6.72976573114266,
4.16265625043358));
#9710=CARTESIAN_POINT('Ctrl Pts',(-2.91407404234375,-5.047324298357,4.13619791710024));
#9711=CARTESIAN_POINT('Ctrl Pts',(-5.8281480846875,-3.36488286557133,4.10973958376691));
#9712=CARTESIAN_POINT('Ctrl Pts',(-5.8281480846875,0.,4.08328125043358));
#9713=CARTESIAN_POINT('Ctrl Pts',(-5.8281480846875,3.36488286557133,4.05682291710024));
#9714=CARTESIAN_POINT('Ctrl Pts',(-2.91407404234375,5.047324298357,4.03036458376691));
#9715=CARTESIAN_POINT('Ctrl Pts',(-4.1207930308277E-16,6.72976573114266,
4.00390625043358));
#9716=CARTESIAN_POINT('Ctrl Pts',(2.91407404234375,5.047324298357,3.97744791710024));
#9717=CARTESIAN_POINT('Ctrl Pts',(5.8281480846875,3.36488286557133,3.95098958376691));
#9718=CARTESIAN_POINT('Ctrl Pts',(5.8281480846875,7.13742289686932E-16,
3.92453125043358));
#9719=CARTESIAN_POINT('Ctrl Pts',(5.8281480846875,7.13742289686932E-16,
4.16265625043358));
#9720=CARTESIAN_POINT('Ctrl Pts',(5.8281480846875,-3.36488286557133,4.13619791710024));
#9721=CARTESIAN_POINT('Ctrl Pts',(2.91407404234375,-5.047324298357,4.10973958376691));
#9722=CARTESIAN_POINT('Ctrl Pts',(1.23623790924831E-15,-6.72976573114266,
4.08328125043358));
#9723=CARTESIAN_POINT('Ctrl Pts',(-2.91407404234375,-5.047324298357,4.05682291710024));
#9724=CARTESIAN_POINT('Ctrl Pts',(-5.8281480846875,-3.36488286557133,4.03036458376691));
#9725=CARTESIAN_POINT('Ctrl Pts',(-5.8281480846875,0.,4.00390625043358));
#9726=CARTESIAN_POINT('Ctrl Pts',(-5.8281480846875,3.36488286557133,3.97744791710024));
#9727=CARTESIAN_POINT('Ctrl Pts',(-2.91407404234375,5.047324298357,3.95098958376691));
#9728=CARTESIAN_POINT('Ctrl Pts',(-4.1207930308277E-16,6.72976573114266,
3.92453125043358));
#9729=CARTESIAN_POINT('Ctrl Pts',(2.91407404234375,5.047324298357,3.89807291710024));
#9730=CARTESIAN_POINT('Ctrl Pts',(5.8281480846875,3.36488286557133,3.87161458376691));
#9731=CARTESIAN_POINT('Ctrl Pts',(5.8281480846875,7.13742289686932E-16,
3.84515625043358));
#9732=CARTESIAN_POINT('Origin',(0.,0.,4.5));
#9733=CARTESIAN_POINT('',(6.,-9.22505552056784E-16,4.34125));
#9734=CARTESIAN_POINT('',(6.,-7.34788079488412E-16,4.5));
#9735=CARTESIAN_POINT('',(6.,-7.34788079488412E-16,4.5));
#9736=CARTESIAN_POINT('',(-6.,0.,4.5));
#9737=CARTESIAN_POINT('Ctrl Pts',(6.,4.16333634234434E-16,4.34125));
#9738=CARTESIAN_POINT('Ctrl Pts',(6.,0.544218763873552,4.34540666832575));
#9739=CARTESIAN_POINT('Ctrl Pts',(5.92595241141318,1.08701552377157,4.34987900487698));
#9740=CARTESIAN_POINT('Ctrl Pts',(5.56644944319348,2.37483286518353,4.3613004854454));
#9741=CARTESIAN_POINT('Ctrl Pts',(5.20539148298977,3.08692210977435,4.36833149080452));
#9742=CARTESIAN_POINT('Ctrl Pts',(4.24619586280666,4.30688382124877,4.3818791773859));
#9743=CARTESIAN_POINT('Ctrl Pts',(3.666104117524,4.81031371581585,4.38828234937866));
#9744=CARTESIAN_POINT('Ctrl Pts',(2.32026383425945,5.58990175920039,4.40017151780538));
#9745=CARTESIAN_POINT('Ctrl Pts',(1.56086121411293,5.84759465093969,4.4068590712367));
#9746=CARTESIAN_POINT('Ctrl Pts',(-0.00139743502928558,6.05065053006133,
4.42063732460067));
#9747=CARTESIAN_POINT('Ctrl Pts',(-0.788407090274474,5.99906578592767,4.42757831253235));
#9748=CARTESIAN_POINT('Ctrl Pts',(-2.27756136762905,5.60267117973379,4.44071182595069));
#9749=CARTESIAN_POINT('Ctrl Pts',(-2.96797961353608,5.26956390485652,4.44638142548505));
#9750=CARTESIAN_POINT('Ctrl Pts',(-4.21563837615568,4.34276357243709,4.45896202796453));
#9751=CARTESIAN_POINT('Ctrl Pts',(-4.75300622789885,3.74701571444572,4.46588191140564));
#9752=CARTESIAN_POINT('Ctrl Pts',(-5.43759551088031,2.59438104379953,4.47770442560975));
#9753=CARTESIAN_POINT('Ctrl Pts',(-5.65106972425735,2.08894002145022,4.48250627684337));
#9754=CARTESIAN_POINT('Ctrl Pts',(-5.93047057089292,1.05244129358626,4.49165499218261));
#9755=CARTESIAN_POINT('Ctrl Pts',(-6.,0.527368720028453,4.49597202999961));
#9756=CARTESIAN_POINT('Ctrl Pts',(-6.,0.,4.5));
#9757=CARTESIAN_POINT('Origin',(0.,0.,4.5));
#9758=CARTESIAN_POINT('Origin',(0.,0.,4.5));
#9759=CARTESIAN_POINT('',(6.,8.81606862959095E-16,4.02375));
#9760=CARTESIAN_POINT('',(6.,1.48981725488517E-14,4.06343750086715));
#9761=CARTESIAN_POINT('',(6.,-7.34788079488412E-16,4.5));
#9762=CARTESIAN_POINT('Ctrl Pts',(6.,1.38777878078145E-16,4.02375));
#9763=CARTESIAN_POINT('Ctrl Pts',(6.,0.686583875275441,4.02899403353353));
#9764=CARTESIAN_POINT('Ctrl Pts',(5.88214134593318,1.36893653402258,4.03472547354108));
#9765=CARTESIAN_POINT('Ctrl Pts',(5.38683215022206,2.75655148898394,4.04750806234243));
#9766=CARTESIAN_POINT('Ctrl Pts',(4.98025326301031,3.43709393026189,4.05449885218518));
#9767=CARTESIAN_POINT('Ctrl Pts',(3.94592130474031,4.58313774026475,4.06781329434635));
#9768=CARTESIAN_POINT('Ctrl Pts',(3.33545875487108,5.04481441895535,4.07370810681469));
#9769=CARTESIAN_POINT('Ctrl Pts',(1.94286495544498,5.73203943372256,4.0859900104624));
#9770=CARTESIAN_POINT('Ctrl Pts',(1.16775915771025,5.93863030015049,4.09282601298409));
#9771=CARTESIAN_POINT('Ctrl Pts',(-0.399763045977536,6.0367824208336,4.10665068797495));
#9772=CARTESIAN_POINT('Ctrl Pts',(-1.17659247020382,5.93449130399748,4.11350189192473));
#9773=CARTESIAN_POINT('Ctrl Pts',(-2.63772124512282,5.44316799627489,4.1263882359813));
#9774=CARTESIAN_POINT('Ctrl Pts',(-3.30976639107376,5.06271640279453,4.13196848310259));
#9775=CARTESIAN_POINT('Ctrl Pts',(-4.49939564199258,4.04870777384816,4.14495927657055));
#9776=CARTESIAN_POINT('Ctrl Pts',(-4.99731633386445,3.41517497125882,4.15199380522213));
#9777=CARTESIAN_POINT('Ctrl Pts',(-5.70246151980946,2.01765833413746,4.16577734014381));
#9778=CARTESIAN_POINT('Ctrl Pts',(-5.91353403382347,1.27245257966561,4.17239989071125));
#9779=CARTESIAN_POINT('Ctrl Pts',(-6.04507266655341,-0.276407722722616,
4.18480992223998));
#9780=CARTESIAN_POINT('Ctrl Pts',(-5.95675013961681,-1.06603907125741,4.1908329801813));
#9781=CARTESIAN_POINT('Ctrl Pts',(-5.48005870593698,-2.56705938169446,4.20439964438505));
#9782=CARTESIAN_POINT('Ctrl Pts',(-5.09595686163515,-3.26374941680116,4.21141464982059));
#9783=CARTESIAN_POINT('Ctrl Pts',(-4.09895003766192,-4.44692544753137,4.22484810932004));
#9784=CARTESIAN_POINT('Ctrl Pts',(-3.5038728786482,-4.92944186110452,4.23097278780639));
#9785=CARTESIAN_POINT('Ctrl Pts',(-2.13464842805662,-5.66340002499884,4.24304858678036));
#9786=CARTESIAN_POINT('Ctrl Pts',(-1.3670455866716,-5.89593080638303,4.24981841739536));
#9787=CARTESIAN_POINT('Ctrl Pts',(0.198683546700349,-6.04706586266587,4.26362727850218));
#9788=CARTESIAN_POINT('Ctrl Pts',(0.981054974749259,-5.97026089575052,4.27052735984678));
#9789=CARTESIAN_POINT('Ctrl Pts',(2.45653925317853,-5.52683571191691,4.28354031146904));
#9790=CARTESIAN_POINT('Ctrl Pts',(3.13779892954103,-5.17056229704492,4.28913644220749));
#9791=CARTESIAN_POINT('Ctrl Pts',(4.36086042918105,-4.1980880566673,4.30195742863854));
#9792=CARTESIAN_POINT('Ctrl Pts',(4.88152161729123,-3.57935571449929,4.30897919267364));
#9793=CARTESIAN_POINT('Ctrl Pts',(5.63451522092588,-2.20112149094026,4.32282644939425));
#9794=CARTESIAN_POINT('Ctrl Pts',(5.87017474293028,-1.46073714142239,4.329520596607));
#9795=CARTESIAN_POINT('Ctrl Pts',(5.98652646387889,-0.464566670126344,4.33764228889727));
#9796=CARTESIAN_POINT('Ctrl Pts',(6.,-0.232154409779094,4.33947683643808));
#9797=CARTESIAN_POINT('Ctrl Pts',(6.,8.32667268468867E-16,4.34125));
#9798=CARTESIAN_POINT('Origin',(0.,0.,4.5));
#9799=CARTESIAN_POINT('',(-6.,0.,4.22218750086715));
#9800=CARTESIAN_POINT('',(-6.,0.,4.36109375043358));
#9801=CARTESIAN_POINT('Ctrl Pts',(-6.,1.38777878078145E-16,4.22218750086715));
#9802=CARTESIAN_POINT('Ctrl Pts',(-6.,0.495542527132037,4.21840261496588));
#9803=CARTESIAN_POINT('Ctrl Pts',(-5.93860941037729,0.989180150165897,4.21436156301373));
#9804=CARTESIAN_POINT('Ctrl Pts',(-5.69154650488323,1.96713226858654,4.20580261999046));
#9805=CARTESIAN_POINT('Ctrl Pts',(-5.50255497336056,2.44646648413366,4.20130813079508));
#9806=CARTESIAN_POINT('Ctrl Pts',(-4.86830958287368,3.59737431944432,4.18972080850406));
#9807=CARTESIAN_POINT('Ctrl Pts',(-4.34514420917204,4.21441200050986,4.18270094529533));
#9808=CARTESIAN_POINT('Ctrl Pts',(-3.11839584796106,5.18224270385096,4.16989916752831));
#9809=CARTESIAN_POINT('Ctrl Pts',(-2.43609387036551,5.53583601938258,4.16429749541824));
#9810=CARTESIAN_POINT('Ctrl Pts',(-0.959022815696335,5.97387672286825,4.15127054931109));
#9811=CARTESIAN_POINT('Ctrl Pts',(-0.176079805848076,6.04780295287364,4.14436542693257));
#9812=CARTESIAN_POINT('Ctrl Pts',(1.38933586934578,5.89071621243996,4.13055933035274));
#9813=CARTESIAN_POINT('Ctrl Pts',(2.15604035195529,5.65528883542151,4.12379742276305));
#9814=CARTESIAN_POINT('Ctrl Pts',(3.52260849875372,4.91609504035242,4.11174505091282));
#9815=CARTESIAN_POINT('Ctrl Pts',(4.11596512467178,4.43120843315446,4.10559053397825));
#9816=CARTESIAN_POINT('Ctrl Pts',(5.1087036518128,3.24383648907017,4.09214384867111));
#9817=CARTESIAN_POINT('Ctrl Pts',(5.49021623467261,2.54535944509741,4.0851266122305));
#9818=CARTESIAN_POINT('Ctrl Pts',(5.9078406943604,1.21181611868218,4.07309958322348));
#9819=CARTESIAN_POINT('Ctrl Pts',(6.,0.607132577310112,4.06807469627672));
#9820=CARTESIAN_POINT('Ctrl Pts',(6.,3.06699110552699E-14,4.06343750086715));
#9821=CARTESIAN_POINT('Origin',(0.,0.,4.5));
#9822=CARTESIAN_POINT('',(6.,-1.39046785401432E-8,3.70624999978759));
#9823=CARTESIAN_POINT('',(6.,4.21301814757867E-8,3.74593750151072));
#9824=CARTESIAN_POINT('',(6.,-7.34788079488412E-16,4.5));
#9825=CARTESIAN_POINT('Ctrl Pts',(6.,-1.39055010195962E-8,3.70624999989379));
#9826=CARTESIAN_POINT('Ctrl Pts',(6.00000000005815,0.0250924100822667,3.70644165238869));
#9827=CARTESIAN_POINT('Ctrl Pts',(5.99984259282913,0.0501917950608202,3.70663405217313));
#9828=CARTESIAN_POINT('Ctrl Pts',(5.98956109579586,0.869406085292889,3.7129364371832));
#9829=CARTESIAN_POINT('Ctrl Pts',(5.8220284107692,1.65368789030187,3.71966544671729));
#9830=CARTESIAN_POINT('Ctrl Pts',(5.19685807539993,3.09861003039538,3.7334583914973));
#9831=CARTESIAN_POINT('Ctrl Pts',(4.75033122246439,3.74740896703851,3.74038288823471));
#9832=CARTESIAN_POINT('Ctrl Pts',(3.64806032718331,4.82390404804156,3.75346571857669));
#9833=CARTESIAN_POINT('Ctrl Pts',(3.00786822440697,5.24701064251186,3.75909727329867));
#9834=CARTESIAN_POINT('Ctrl Pts',(1.56512638241446,5.84755826369957,3.7718214548218));
#9835=CARTESIAN_POINT('Ctrl Pts',(0.770146513493614,6.00420065645251,3.77883273561021));
#9836=CARTESIAN_POINT('Ctrl Pts',(-0.803256108687965,5.99579372834033,3.79270927262528));
#9837=CARTESIAN_POINT('Ctrl Pts',(-1.56647778964729,5.84302289477105,3.7994404638393));
#9838=CARTESIAN_POINT('Ctrl Pts',(-2.99742412544431,5.25521209995427,3.81206061555084));
#9839=CARTESIAN_POINT('Ctrl Pts',(-3.65106729774941,4.82405591894409,3.81779638135919));
#9840=CARTESIAN_POINT('Ctrl Pts',(-4.7696751065844,3.72529306958078,3.83112133111454));
#9841=CARTESIAN_POINT('Ctrl Pts',(-5.21934266585543,3.06366913796769,3.83815763304821));
#9842=CARTESIAN_POINT('Ctrl Pts',(-5.82410413429758,1.63134556437456,3.85176435427007));
#9843=CARTESIAN_POINT('Ctrl Pts',(-5.98409337462351,0.878699761707067,3.8582184678587));
#9844=CARTESIAN_POINT('Ctrl Pts',(-6.01426717858565,-0.677827172099927,
3.87024006532941));
#9845=CARTESIAN_POINT('Ctrl Pts',(-5.87182421610033,-1.46716031229722,3.87677118897336));
#9846=CARTESIAN_POINT('Ctrl Pts',(-5.29209790206911,-2.93363265828408,3.89052833576146));
#9847=CARTESIAN_POINT('Ctrl Pts',(-4.86473527688912,-3.59817358182351,3.89748855871612));
#9848=CARTESIAN_POINT('Ctrl Pts',(-3.7953582291451,-4.70865113058984,3.91068588975865));
#9849=CARTESIAN_POINT('Ctrl Pts',(-3.1698547357119,-5.15054906075185,3.91641864226149));
#9850=CARTESIAN_POINT('Ctrl Pts',(-1.75512574987769,-5.79229430461996,3.928895765956));
#9851=CARTESIAN_POINT('Ctrl Pts',(-0.973612260147517,-5.97354257564465,
3.93578828076126));
#9852=CARTESIAN_POINT('Ctrl Pts',(0.593939169636137,-6.0204673304254,3.94961321351005));
#9853=CARTESIAN_POINT('Ctrl Pts',(1.36463559555523,-5.89377346733245,3.95641032782197));
#9854=CARTESIAN_POINT('Ctrl Pts',(2.81147853116299,-5.35611932476428,3.96917067871241));
#9855=CARTESIAN_POINT('Ctrl Pts',(3.47467828333085,-4.95167015741082,3.97479385474046));
#9856=CARTESIAN_POINT('Ctrl Pts',(4.63083987182558,-3.89712773434496,3.98794665667747));
#9857=CARTESIAN_POINT('Ctrl Pts',(5.10598753943805,-3.24979534659582,3.99498616195794));
#9858=CARTESIAN_POINT('Ctrl Pts',(5.76356923144705,-1.8348519219449,4.00869305849801));
#9859=CARTESIAN_POINT('Ctrl Pts',(5.95035491442648,-1.08567807124396,4.01523881866204));
#9860=CARTESIAN_POINT('Ctrl Pts',(5.9971296503685,-0.214406876759326,4.02209973221826));
#9861=CARTESIAN_POINT('Ctrl Pts',(6.,-0.107152005395065,4.02293158766946));
#9862=CARTESIAN_POINT('Ctrl Pts',(6.,1.31838984174237E-15,4.02375));
#9863=CARTESIAN_POINT('Ctrl Pts',(6.,3.05311331771918E-14,4.06343750086715));
#9864=CARTESIAN_POINT('Ctrl Pts',(6.,-0.176300710130976,4.06209094020762));
#9865=CARTESIAN_POINT('Ctrl Pts',(5.99222970464037,-0.352807403670876,4.06070854143088));
#9866=CARTESIAN_POINT('Ctrl Pts',(5.90894304658047,-1.29376447037804,4.05315436929971));
#9867=CARTESIAN_POINT('Ctrl Pts',(5.69509280515117,-2.03846625480911,4.04652341898006));
#9868=CARTESIAN_POINT('Ctrl Pts',(4.9845265917414,-3.43388753124038,4.03273198291085));
#9869=CARTESIAN_POINT('Ctrl Pts',(4.4840208831686,-4.06579032107478,4.02569850486768));
#9870=CARTESIAN_POINT('Ctrl Pts',(3.29059378241273,-5.07513295843236,4.01272660214112));
#9871=CARTESIAN_POINT('Ctrl Pts',(2.61752223737569,-5.45284876987667,4.00714759282174));
#9872=CARTESIAN_POINT('Ctrl Pts',(1.15476635497316,-5.93881376597556,3.99424689858111));
#9873=CARTESIAN_POINT('Ctrl Pts',(0.377276326402065,-6.03826569332775,3.98738986846802));
#9874=CARTESIAN_POINT('Ctrl Pts',(-1.19013430301782,-5.93418515193258,3.97356617750022));
#9875=CARTESIAN_POINT('Ctrl Pts',(-1.96444476237143,-5.72467806802527,3.9667371894212));
#9876=CARTESIAN_POINT('Ctrl Pts',(-3.35444807774452,-5.0322107440034,3.95447813240368));
#9877=CARTESIAN_POINT('Ctrl Pts',(-3.96318171929653,-4.56822361342762,3.94856076952323));
#9878=CARTESIAN_POINT('Ctrl Pts',(-4.99339456601655,-3.41804365113436,3.93523290013552));
#9879=CARTESIAN_POINT('Ctrl Pts',(-5.39750882294938,-2.73567355700591,3.92823901926572));
#9880=CARTESIAN_POINT('Ctrl Pts',(-5.92284179008198,-1.24550014785636,3.91454070655631));
#9881=CARTESIAN_POINT('Ctrl Pts',(-6.03554798630916,-0.451081876002472,
3.90828955915419));
#9882=CARTESIAN_POINT('Ctrl Pts',(-5.94658521039416,1.10631829306582,3.8960020489962));
#9883=CARTESIAN_POINT('Ctrl Pts',(-5.75712059919593,1.85509290973982,3.88944752479765));
#9884=CARTESIAN_POINT('Ctrl Pts',(-5.09427797372679,3.26819251597291,3.87573151183474));
#9885=CARTESIAN_POINT('Ctrl Pts',(-4.61660333747261,3.91404242452597,3.8686921862974));
#9886=CARTESIAN_POINT('Ctrl Pts',(-3.45672551774085,4.96413605551895,3.85555697607702));
#9887=CARTESIAN_POINT('Ctrl Pts',(-2.79256019356996,5.36593002200655,3.84994133035208));
#9888=CARTESIAN_POINT('Ctrl Pts',(-1.34413606544162,5.89851707336859,3.83716703422206));
#9889=CARTESIAN_POINT('Ctrl Pts',(-0.572732411671588,6.02255574813006,3.83036368255339));
#9890=CARTESIAN_POINT('Ctrl Pts',(0.994897428980799,5.97003324601681,3.8165380582643));
#9891=CARTESIAN_POINT('Ctrl Pts',(1.77575134560922,5.7860032059997,3.80965136052737));
#9892=CARTESIAN_POINT('Ctrl Pts',(3.18808306731919,5.13927063080633,3.79719537937063));
#9893=CARTESIAN_POINT('Ctrl Pts',(3.81193317041853,4.69522597981608,3.79144776027734));
#9894=CARTESIAN_POINT('Ctrl Pts',(4.87752635508391,3.58087622287584,3.77823753962463));
#9895=CARTESIAN_POINT('Ctrl Pts',(5.30266198668027,2.9145689535387,3.77127364598596));
#9896=CARTESIAN_POINT('Ctrl Pts',(5.86034994792002,1.48865365825349,3.75792345140626));
#9897=CARTESIAN_POINT('Ctrl Pts',(5.99999999475183,0.747377190052409,3.75164586542952));
#9898=CARTESIAN_POINT('Ctrl Pts',(6.,4.21326705468683E-8,3.74593750118895));
#9899=CARTESIAN_POINT('Origin',(0.,0.,4.5));
#9900=CARTESIAN_POINT('',(6.,3.67451165928175E-15,3.38875));
#9901=CARTESIAN_POINT('',(6.,-9.91894491095857E-16,3.42843750086715));
#9902=CARTESIAN_POINT('',(6.,-7.34788079488412E-16,4.5));
#9903=CARTESIAN_POINT('Ctrl Pts',(6.,1.80411241501588E-15,3.38875));
#9904=CARTESIAN_POINT('Ctrl Pts',(6.,0.158597689031376,3.38996134741081));
#9905=CARTESIAN_POINT('Ctrl Pts',(5.99371181785217,0.317365599305607,3.3912017240847));
#9906=CARTESIAN_POINT('Ctrl Pts',(5.91808134830062,1.26782416897548,3.39879470572859));
#9907=CARTESIAN_POINT('Ctrl Pts',(5.69842240219072,2.03937209253439,3.40565631795338));
#9908=CARTESIAN_POINT('Ctrl Pts',(4.9801597454128,3.43495456609031,3.41948292440149));
#9909=CARTESIAN_POINT('Ctrl Pts',(4.4951884469577,4.04897389635545,3.42631130859814));
#9910=CARTESIAN_POINT('Ctrl Pts',(3.32469036171827,5.05319954134771,3.43914301784912));
#9911=CARTESIAN_POINT('Ctrl Pts',(2.65210739822636,5.43642512410363,3.44473488614065));
#9912=CARTESIAN_POINT('Ctrl Pts',(1.17107382881479,5.93829081551963,3.45779677942643));
#9913=CARTESIAN_POINT('Ctrl Pts',(0.373107766452434,6.04115036116413,3.464834396782));
#9914=CARTESIAN_POINT('Ctrl Pts',(-1.18616200466366,5.93131208618166,3.47858628990225));
#9915=CARTESIAN_POINT('Ctrl Pts',(-1.93336518045396,5.73145274829502,3.48517620679985));
#9916=CARTESIAN_POINT('Ctrl Pts',(-3.33374261358717,5.05085480882514,3.49752675777262));
#9917=CARTESIAN_POINT('Ctrl Pts',(-3.96951214834533,4.56814580592259,3.50365524106061));
#9918=CARTESIAN_POINT('Ctrl Pts',(-5.01476442037129,3.38690221871984,3.51728668984566));
#9919=CARTESIAN_POINT('Ctrl Pts',(-5.41518614174611,2.70087536076043,3.52429221752029));
#9920=CARTESIAN_POINT('Ctrl Pts',(-5.91934667275479,1.23982820191593,3.53767470335995));
#9921=CARTESIAN_POINT('Ctrl Pts',(-6.0285565216656,0.482009482844887,3.54369255130794));
#9922=CARTESIAN_POINT('Ctrl Pts',(-5.95710757097398,-1.06947336488338,3.5558576346723));
#9923=CARTESIAN_POINT('Ctrl Pts',(-5.76336974661513,-1.84782668241175,3.56265692061685));
#9924=CARTESIAN_POINT('Ctrl Pts',(-5.0911378635604,-3.26880701850452,3.57647452953209));
#9925=CARTESIAN_POINT('Ctrl Pts',(-4.62504931784903,-3.9004751847012,3.58335444542418));
#9926=CARTESIAN_POINT('Ctrl Pts',(-3.48848857258226,-4.94094507949119,3.59631332904509));
#9927=CARTESIAN_POINT('Ctrl Pts',(-2.83235390434866,-5.3441801287864,3.60189521209361));
#9928=CARTESIAN_POINT('Ctrl Pts',(-1.37031477727934,-5.89587724473867,3.6147895849504));
#9929=CARTESIAN_POINT('Ctrl Pts',(-0.573418192650999,-6.02580424444319,
3.6218177701065));
#9930=CARTESIAN_POINT('Ctrl Pts',(0.993767376546736,-5.96687034095052,3.63563947616818));
#9931=CARTESIAN_POINT('Ctrl Pts',(1.74940104637254,-5.79057152128491,3.64230374533956));
#9932=CARTESIAN_POINT('Ctrl Pts',(3.16539400904102,-5.15680150980346,3.65479201660754));
#9933=CARTESIAN_POINT('Ctrl Pts',(3.81023814873205,-4.70046923237664,3.66069221877061));
#9934=CARTESIAN_POINT('Ctrl Pts',(4.89316309644861,-3.5609383802229,3.67417119743783));
#9935=CARTESIAN_POINT('Ctrl Pts',(5.31876608233214,-2.88687602610831,3.68119638425367));
#9936=CARTESIAN_POINT('Ctrl Pts',(5.86504636976828,-1.46344515650748,3.69447729845784));
#9937=CARTESIAN_POINT('Ctrl Pts',(5.99999999829725,-0.734711015523656,3.70063837795824));
#9938=CARTESIAN_POINT('Ctrl Pts',(6.,-1.39055024439561E-8,3.70624999989379));
#9939=CARTESIAN_POINT('Ctrl Pts',(6.,4.21326705481293E-8,3.74593750118896));
#9940=CARTESIAN_POINT('Ctrl Pts',(6.00000000032349,-0.0460678657238554,
3.74558564082442));
#9941=CARTESIAN_POINT('Ctrl Pts',(5.99946943931444,-0.0921589173944461,
3.74523126406248));
#9942=CARTESIAN_POINT('Ctrl Pts',(5.98082809289963,-0.900889161167501,3.73897209014868));
#9943=CARTESIAN_POINT('Ctrl Pts',(5.81797195408283,-1.65320867315602,3.73250782649755));
#9944=CARTESIAN_POINT('Ctrl Pts',(5.20754229672722,-3.08376483830939,3.7188896093605));
#9945=CARTESIAN_POINT('Ctrl Pts',(4.75513102802056,-3.74390625196536,3.71185253169931));
#9946=CARTESIAN_POINT('Ctrl Pts',(3.63247020920578,-4.8379613132647,3.69854566673576));
#9947=CARTESIAN_POINT('Ctrl Pts',(2.97781177268623,-5.26624576173688,3.69282514636235));
#9948=CARTESIAN_POINT('Ctrl Pts',(1.54515734662973,-5.84873345792039,3.68018993024365));
#9949=CARTESIAN_POINT('Ctrl Pts',(0.781101957591369,-5.99875551432832,3.67345138618755));
#9950=CARTESIAN_POINT('Ctrl Pts',(-0.792919727659258,-6.00127885074577,
3.65956938938014));
#9951=CARTESIAN_POINT('Ctrl Pts',(-1.58762167549378,-5.841535257039,3.65256055970132));
#9952=CARTESIAN_POINT('Ctrl Pts',(-3.02808794695208,-5.2353330173414,3.63985644744609));
#9953=CARTESIAN_POINT('Ctrl Pts',(-3.66644614810465,-4.80990683657703,3.63421523429803));
#9954=CARTESIAN_POINT('Ctrl Pts',(-4.76467991155396,-3.72921034131314,3.62111811675975));
#9955=CARTESIAN_POINT('Ctrl Pts',(-5.20887456804358,-3.07844239493074,3.61418886533432));
#9956=CARTESIAN_POINT('Ctrl Pts',(-5.82847410708524,-1.63081662342719,3.60039983625254));
#9957=CARTESIAN_POINT('Ctrl Pts',(-5.99292402977928,-0.845899267487649,
3.59367956659312));
#9958=CARTESIAN_POINT('Ctrl Pts',(-6.00633870428405,0.708686141260259,3.58174670133029));
#9959=CARTESIAN_POINT('Ctrl Pts',(-5.86826155749577,1.46351219791968,3.57542846535659));
#9960=CARTESIAN_POINT('Ctrl Pts',(-5.30693148702238,2.90866359250212,3.56191528739701));
#9961=CARTESIAN_POINT('Ctrl Pts',(-4.87836982403277,3.58125049639129,3.55488832292358));
#9962=CARTESIAN_POINT('Ctrl Pts',(-3.79104295452908,4.7158182299659,3.54142784062349));
#9963=CARTESIAN_POINT('Ctrl Pts',(-3.14512556438783,5.16905495173641,3.53555076105305));
#9964=CARTESIAN_POINT('Ctrl Pts',(-1.72729633757625,5.79724164266713,3.52304629495548));
#9965=CARTESIAN_POINT('Ctrl Pts',(-0.970704013510601,5.97070262413462,3.51637357098629));
#9966=CARTESIAN_POINT('Ctrl Pts',(0.597319646316118,6.02352615963929,3.50254447343087));
#9967=CARTESIAN_POINT('Ctrl Pts',(1.39402942622663,5.89036044050258,3.49551793578861));
#9968=CARTESIAN_POINT('Ctrl Pts',(2.85375823503562,5.33272587448264,3.48264393865536));
#9969=CARTESIAN_POINT('Ctrl Pts',(3.50794558339751,4.92709043596872,3.47705921003098));
#9970=CARTESIAN_POINT('Ctrl Pts',(4.64039375078827,3.8822679900745,3.46408521754737));
#9971=CARTESIAN_POINT('Ctrl Pts',(5.10416057390978,3.24850736239498,3.45719955787297));
#9972=CARTESIAN_POINT('Ctrl Pts',(5.77077464416155,1.82456364780307,3.44338408807288));
#9973=CARTESIAN_POINT('Ctrl Pts',(5.96136883880308,1.04544908781893,3.43659285039663));
#9974=CARTESIAN_POINT('Ctrl Pts',(5.99823979328656,0.167884304434086,3.4297275401962));
#9975=CARTESIAN_POINT('Ctrl Pts',(6.,0.0839099777774585,3.42907839377639));
#9976=CARTESIAN_POINT('Ctrl Pts',(6.,7.34788079488412E-16,3.42843750086715));
#9977=CARTESIAN_POINT('Origin',(0.,0.,4.5));
#9978=CARTESIAN_POINT('',(6.,-2.10211751572101E-15,3.07125));
#9979=CARTESIAN_POINT('',(6.,4.42044275395178E-15,3.11093750086715));
#9980=CARTESIAN_POINT('',(6.,-7.34788079488412E-16,4.5));
#9981=CARTESIAN_POINT('Ctrl Pts',(6.,1.17961196366423E-15,3.07125));
#9982=CARTESIAN_POINT('Ctrl Pts',(6.,0.286637005187501,3.07343929415805));
#9983=CARTESIAN_POINT('Ctrl Pts',(5.97946029346188,0.573506519314866,3.07572093858793));
#9984=CARTESIAN_POINT('Ctrl Pts',(5.82367975427005,1.65118345936424,3.08463903625095));
#9985=CARTESIAN_POINT('Ctrl Pts',(5.55146908569465,2.41305556065977,3.09165848436987));
#9986=CARTESIAN_POINT('Ctrl Pts',(4.73994186775584,3.75847677917215,3.10551323683515));
#9987=CARTESIAN_POINT('Ctrl Pts',(4.21884886507474,4.33526442753837,3.1122165372304));
#9988=CARTESIAN_POINT('Ctrl Pts',(2.98046007185476,5.26525743011061,3.12478064689684));
#9989=CARTESIAN_POINT('Ctrl Pts',(2.27286696152281,5.60715230890759,3.1305795761033));
#9990=CARTESIAN_POINT('Ctrl Pts',(0.754477776377449,6.0047097851563,3.14397092516674));
#9991=CARTESIAN_POINT('Ctrl Pts',(-0.0429103670050834,6.05177105601941,
3.15100344559796));
#9992=CARTESIAN_POINT('Ctrl Pts',(-1.58069904318862,5.8379204689703,3.16456588739486));
#9993=CARTESIAN_POINT('Ctrl Pts',(-2.30815215097698,5.59038176734435,3.17098161966493));
#9994=CARTESIAN_POINT('Ctrl Pts',(-3.65990005203557,4.82035388949626,3.18290328518122));
#9995=CARTESIAN_POINT('Ctrl Pts',(-4.26509273634123,4.29414573203197,3.18955144435689));
#9996=CARTESIAN_POINT('Ctrl Pts',(-5.22772510475704,3.04660133819652,3.2033249587906));
#9997=CARTESIAN_POINT('Ctrl Pts',(-5.57972081547869,2.34042885315779,3.21027081074831));
#9998=CARTESIAN_POINT('Ctrl Pts',(-5.98726369277705,0.854153393426202,3.22341992987764));
#9999=CARTESIAN_POINT('Ctrl Pts',(-6.04721232307266,0.0901329093184072,
3.22910338396245));
#10000=CARTESIAN_POINT('Ctrl Pts',(-5.87504546862577,-1.45431379720856,
3.24165886422308));
#10001=CARTESIAN_POINT('Ctrl Pts',(-5.63107191417272,-2.21860529106629,
3.24857227350114));
#10002=CARTESIAN_POINT('Ctrl Pts',(-4.8701092441428,-3.58877470853985,3.26239307370743));
#10003=CARTESIAN_POINT('Ctrl Pts',(-4.36785337427088,-4.18558605583239,
3.26916624584733));
#10004=CARTESIAN_POINT('Ctrl Pts',(-3.16541712748073,-5.1551760425212,3.2818742511082));
#10005=CARTESIAN_POINT('Ctrl Pts',(-2.47672098401531,-5.51919922199882,
3.28753169687709));
#10006=CARTESIAN_POINT('Ctrl Pts',(-0.977978043958935,-5.97277837003552,
3.30074977697342));
#10007=CARTESIAN_POINT('Ctrl Pts',(-0.179813365129348,-6.04964347823991,
3.30778914601587));
#10008=CARTESIAN_POINT('Ctrl Pts',(1.37031772329242,-5.89119372732611,3.32146044103181));
#10009=CARTESIAN_POINT('Ctrl Pts',(2.10871892088111,-5.66897236317495,3.32797272937166));
#10010=CARTESIAN_POINT('Ctrl Pts',(3.49361488031925,-4.94305390569414,3.34018674234726));
#10011=CARTESIAN_POINT('Ctrl Pts',(4.12042694678276,-4.43409778666835,3.34659457379886));
#10012=CARTESIAN_POINT('Ctrl Pts',(5.12789520704664,-3.21238993224595,3.36036846611443));
#10013=CARTESIAN_POINT('Ctrl Pts',(5.50335511656609,-2.51552018831695,3.36734673560947));
#10014=CARTESIAN_POINT('Ctrl Pts',(5.9106518234936,-1.19318336630314,3.37924262835102));
#10015=CARTESIAN_POINT('Ctrl Pts',(6.,-0.597803917459062,3.38418405561575));
#10016=CARTESIAN_POINT('Ctrl Pts',(6.,1.38777878078145E-15,3.38875));
#10017=CARTESIAN_POINT('Ctrl Pts',(6.,1.38777878078145E-16,3.42843750086715));
#10018=CARTESIAN_POINT('Ctrl Pts',(6.,-0.673690043084734,3.42329194865662));
#10019=CARTESIAN_POINT('Ctrl Pts',(5.88652864857969,-1.34322458413773,3.41767775846108));
#10020=CARTESIAN_POINT('Ctrl Pts',(5.40401021855647,-2.72326261672466,3.40500944487799));
#10021=CARTESIAN_POINT('Ctrl Pts',(5.00056481546018,-3.40790809180439,3.39800113441999));
#10022=CARTESIAN_POINT('Ctrl Pts',(3.95076740685057,-4.58419160305472,3.38438752722542));
#10023=CARTESIAN_POINT('Ctrl Pts',(3.31391213532481,-5.06372925833267,3.3782893648384));
#10024=CARTESIAN_POINT('Ctrl Pts',(1.91166024527373,-5.73876643121174,3.36592228219698));
#10025=CARTESIAN_POINT('Ctrl Pts',(1.16342001718899,-5.93585131608801,3.35932321907429));
#10026=CARTESIAN_POINT('Ctrl Pts',(-0.396871868261661,-6.03967876846018,
3.34556231147344));
#10027=CARTESIAN_POINT('Ctrl Pts',(-1.19475719349134,-5.93361499682988,
3.33852540617454));
#10028=CARTESIAN_POINT('Ctrl Pts',(-2.67357150795505,-5.42582869631208,
3.32548308548448));
#10029=CARTESIAN_POINT('Ctrl Pts',(-3.34419052128069,-5.04023723175092,
3.31989552408525));
#10030=CARTESIAN_POINT('Ctrl Pts',(-4.51070944122105,-4.0317320262741,3.30704867515152));
#10031=CARTESIAN_POINT('Ctrl Pts',(-4.99349325445588,-3.41560876073067,
3.30021386758777));
#10032=CARTESIAN_POINT('Ctrl Pts',(-5.70639146206517,-2.01696194947832,
3.28638751187906));
#10033=CARTESIAN_POINT('Ctrl Pts',(-5.92301433294742,-1.24456776569752,
3.27953282428309));
#10034=CARTESIAN_POINT('Ctrl Pts',(-6.04012094523586,0.30399620852833,3.26718869726951));
#10035=CARTESIAN_POINT('Ctrl Pts',(-5.95335108215063,1.06446842539702,3.26135152816441));
#10036=CARTESIAN_POINT('Ctrl Pts',(-5.49339204213197,2.53730003368824,3.24807395061216));
#10037=CARTESIAN_POINT('Ctrl Pts',(-5.11500565830093,3.23294970843174,3.24109209489953));
#10038=CARTESIAN_POINT('Ctrl Pts',(-4.10308181535317,4.44995724359394,3.22733445509625));
#10039=CARTESIAN_POINT('Ctrl Pts',(-3.47521855782259,4.9558291002589,3.22096199787016));
#10040=CARTESIAN_POINT('Ctrl Pts',(-2.08850630048468,5.67648567519539,3.20873196615614));
#10041=CARTESIAN_POINT('Ctrl Pts',(-1.34905169843737,5.89613422889581,3.20221038737419));
#10042=CARTESIAN_POINT('Ctrl Pts',(0.202213504665418,6.04897599433861,3.18852909009683));
#10043=CARTESIAN_POINT('Ctrl Pts',(1.00039683357693,5.96910467700721,3.18148955657101));
#10044=CARTESIAN_POINT('Ctrl Pts',(2.49711872872539,5.50991620057382,3.16828930096797));
#10045=CARTESIAN_POINT('Ctrl Pts',(3.18393445121107,5.14366977679413,3.16264221244086));
#10046=CARTESIAN_POINT('Ctrl Pts',(4.38270671668327,4.17008054158793,3.14991981860781));
#10047=CARTESIAN_POINT('Ctrl Pts',(4.88300509733013,3.57126664401273,3.14313998324698));
#10048=CARTESIAN_POINT('Ctrl Pts',(5.63910327475463,2.19810868275861,3.12931780801407));
#10049=CARTESIAN_POINT('Ctrl Pts',(5.88029334453828,1.43294290366769,3.12240999545943));
#10050=CARTESIAN_POINT('Ctrl Pts',(5.9885054472749,0.429087422357473,3.11426549957132));
#10051=CARTESIAN_POINT('Ctrl Pts',(6.,0.214428006751812,3.11257527259239));
#10052=CARTESIAN_POINT('Ctrl Pts',(6.,1.56819002228303E-14,3.11093750086715));
#10053=CARTESIAN_POINT('Origin',(0.,0.,4.5));
#10054=CARTESIAN_POINT('',(6.,-8.48589990731566E-15,2.75375));
#10055=CARTESIAN_POINT('',(6.,-1.83391292508639E-14,2.79343750086715));
#10056=CARTESIAN_POINT('',(6.,-7.34788079488412E-16,4.5));
#10057=CARTESIAN_POINT('Ctrl Pts',(6.,-2.84494650060196E-14,2.75375));
#10058=CARTESIAN_POINT('Ctrl Pts',(6.,0.422188479867893,2.75697461774245));
#10059=CARTESIAN_POINT('Ctrl Pts',(5.95543883993305,0.844160338856294,2.76039408330216));
#10060=CARTESIAN_POINT('Ctrl Pts',(5.69955891878769,2.03663532044905,2.77063040314085));
#10061=CARTESIAN_POINT('Ctrl Pts',(5.37961817715527,2.77354636799198,2.7776696785163));
#10062=CARTESIAN_POINT('Ctrl Pts',(4.48816321408686,4.05490846819715,2.79138761537));
#10063=CARTESIAN_POINT('Ctrl Pts',(3.93479830727857,4.59382874261344,2.79794400008606));
#10064=CARTESIAN_POINT('Ctrl Pts',(2.63128935595932,5.45043967015661,2.81023478932974));
#10065=CARTESIAN_POINT('Ctrl Pts',(1.88738812621294,5.7505437421586,2.81647928527581));
#10066=CARTESIAN_POINT('Ctrl Pts',(0.334582739509775,6.04195059087426,2.83017416611687));
#10067=CARTESIAN_POINT('Ctrl Pts',(-0.458497459220929,6.03381247570768,
2.83716869286956));
#10068=CARTESIAN_POINT('Ctrl Pts',(-1.97001268976151,5.71791357499306,2.85049941747225));
#10069=CARTESIAN_POINT('Ctrl Pts',(-2.6764468004657,5.42329315099306,2.85642168384945));
#10070=CARTESIAN_POINT('Ctrl Pts',(-3.97183274952941,4.56678474534358,2.86867586986141));
#10071=CARTESIAN_POINT('Ctrl Pts',(-4.54087835488946,4.00142386049475,2.87550335186076));
#10072=CARTESIAN_POINT('Ctrl Pts',(-5.41579981225461,2.69670087600797,2.88932680777916));
#10073=CARTESIAN_POINT('Ctrl Pts',(-5.71901043321656,1.97383057345983,2.89618506668391));
#10074=CARTESIAN_POINT('Ctrl Pts',(-6.0306911491627,0.464335301580835,2.90908881005264));
#10075=CARTESIAN_POINT('Ctrl Pts',(-6.04072827226171,-0.307318304176773,
2.91466765471786));
#10076=CARTESIAN_POINT('Ctrl Pts',(-5.76458854366501,-1.84573000201977,
2.92763553190299));
#10077=CARTESIAN_POINT('Ctrl Pts',(-5.4681733284593,-2.59543357532781,2.93466877380015));
#10078=CARTESIAN_POINT('Ctrl Pts',(-4.61595025559631,-3.90928613539984,
2.948461866595));
#10079=CARTESIAN_POINT('Ctrl Pts',(-4.07833390653416,-4.46729393233772,
2.9550945924268));
#10080=CARTESIAN_POINT('Ctrl Pts',(-2.80723053512105,-5.36069305839047,
2.96752346528254));
#10081=CARTESIAN_POINT('Ctrl Pts',(-2.08173299361606,-5.68189821272147,
2.97351527151468));
#10082=CARTESIAN_POINT('Ctrl Pts',(-0.545830914281465,-6.02689822004215,
2.98706107457548));
#10083=CARTESIAN_POINT('Ctrl Pts',(0.249876425495635,-6.04640343060295,
2.99407877125268));
#10084=CARTESIAN_POINT('Ctrl Pts',(1.77485760426765,-5.78158382317894,3.00752825803769));
#10085=CARTESIAN_POINT('Ctrl Pts',(2.49171375235273,-5.51073292792731,3.01368920939062));
#10086=CARTESIAN_POINT('Ctrl Pts',(3.81583781525589,-4.69789089579764,3.02573660472594));
#10087=CARTESIAN_POINT('Ctrl Pts',(4.40351185192553,-4.15209227850832,3.03249681901446));
#10088=CARTESIAN_POINT('Ctrl Pts',(5.32331939975555,-2.87563722795345,3.0463023035186));
#10089=CARTESIAN_POINT('Ctrl Pts',(5.65135804042952,-2.16082724388269,3.05320848348586));
#10090=CARTESIAN_POINT('Ctrl Pts',(5.94437301538865,-0.942768421065754,
3.06380396446922));
#10091=CARTESIAN_POINT('Ctrl Pts',(6.,-0.47170093908641,3.0676472128804));
#10092=CARTESIAN_POINT('Ctrl Pts',(6.,1.38777878078145E-16,3.07125));
#10093=CARTESIAN_POINT('Ctrl Pts',(6.,1.62370117351429E-14,3.11093750086715));
#10094=CARTESIAN_POINT('Ctrl Pts',(6.,-0.542211382003429,3.10679616464899));
#10095=CARTESIAN_POINT('Ctrl Pts',(5.92649784552364,-1.08293814231531,3.10234204368383));
#10096=CARTESIAN_POINT('Ctrl Pts',(5.5712847800388,-2.36053312040095,3.0910175574048));
#10097=CARTESIAN_POINT('Ctrl Pts',(5.21660041166144,-3.06568244764102,3.08406766395271));
#10098=CARTESIAN_POINT('Ctrl Pts',(4.24917285412553,-4.3099048731037,3.07029837680608));
#10099=CARTESIAN_POINT('Ctrl Pts',(3.64201258430757,-4.83388785807909,3.06368302852041));
#10100=CARTESIAN_POINT('Ctrl Pts',(2.28714842349293,-5.59904546099677,3.05173387932434));
#10101=CARTESIAN_POINT('Ctrl Pts',(1.55849427266042,-5.84392367200465,3.04530755452186));
#10102=CARTESIAN_POINT('Ctrl Pts',(0.0193059272723305,-6.05193362448685,
3.03173276842017));
#10103=CARTESIAN_POINT('Ctrl Pts',(-0.778215289118589,-6.00172113020796,
3.02469907435895));
#10104=CARTESIAN_POINT('Ctrl Pts',(-2.29456125702892,-5.59820258335078,
3.01132574533641));
#10105=CARTESIAN_POINT('Ctrl Pts',(-3.00013391359169,-5.25395823075288,
3.00554508985084));
#10106=CARTESIAN_POINT('Ctrl Pts',(-4.23475133546425,-4.31978128143454,
2.99296565447266));
#10107=CARTESIAN_POINT('Ctrl Pts',(-4.75390083361887,-3.74086211561122,
2.98625464415432));
#10108=CARTESIAN_POINT('Ctrl Pts',(-5.56067023653728,-2.39188419727865,
2.97239370674594));
#10109=CARTESIAN_POINT('Ctrl Pts',(-5.83006356489037,-1.62865865402256,
2.96537634491062));
#10110=CARTESIAN_POINT('Ctrl Pts',(-6.0475514891276,-0.0812740804687326,
2.95259857229572));
#10111=CARTESIAN_POINT('Ctrl Pts',(-6.00908167443722,0.685874494728285,
2.94698893314659));
#10112=CARTESIAN_POINT('Ctrl Pts',(-5.64309382607851,2.18242400996237,2.93394458832409));
#10113=CARTESIAN_POINT('Ctrl Pts',(-5.3121802213773,2.89624251931239,2.9270333033121));
#10114=CARTESIAN_POINT('Ctrl Pts',(-4.38721123461957,4.1693094280787,2.91323093645862));
#10115=CARTESIAN_POINT('Ctrl Pts',(-3.79741539205257,4.71279218326558,2.9064790538328));
#10116=CARTESIAN_POINT('Ctrl Pts',(-2.46997741133774,5.52053478834489,2.89445599376533));
#10117=CARTESIAN_POINT('Ctrl Pts',(-1.75187843431536,5.78861225622969,2.88826309539201));
#10118=CARTESIAN_POINT('Ctrl Pts',(-0.225348550543799,6.04740953947834,
2.87479994988931));
#10119=CARTESIAN_POINT('Ctrl Pts',(0.570606143392683,6.02464552901899,2.86778007168584));
#10120=CARTESIAN_POINT('Ctrl Pts',(2.1044708683605,5.67338749663348,2.85425223695869));
#10121=CARTESIAN_POINT('Ctrl Pts',(2.82782847326072,5.34971996212386,2.84828632395882));
#10122=CARTESIAN_POINT('Ctrl Pts',(4.09508612994056,4.45199097093755,2.83584133872039));
#10123=CARTESIAN_POINT('Ctrl Pts',(4.63079196962942,3.89174924325548,2.82919997524739));
#10124=CARTESIAN_POINT('Ctrl Pts',(5.47828623298679,2.57412019410806,2.81539889088297));
#10125=CARTESIAN_POINT('Ctrl Pts',(5.77187883911837,1.82294677898628,2.80836686945745));
#10126=CARTESIAN_POINT('Ctrl Pts',(5.96995978425267,0.693412740333931,2.79886616134295));
#10127=CARTESIAN_POINT('Ctrl Pts',(6.,0.346644653907239,2.79608512522125));
#10128=CARTESIAN_POINT('Ctrl Pts',(6.,-3.19883008970123E-14,2.79343750086715));
#10129=CARTESIAN_POINT('Origin',(0.,0.,4.5));
#10130=CARTESIAN_POINT('',(6.,1.43671837527167E-15,2.43625));
#10131=CARTESIAN_POINT('',(6.,-7.34098241317097E-15,2.47593750086715));
#10132=CARTESIAN_POINT('',(6.,-7.34788079488412E-16,4.5));
#10133=CARTESIAN_POINT('Ctrl Pts',(6.,3.7470027081099E-15,2.43625));
#10134=CARTESIAN_POINT('Ctrl Pts',(6.,0.564177236420946,2.44055910840348));
#10135=CARTESIAN_POINT('Ctrl Pts',(5.92042108569382,1.12664018766982,2.44520604423864));
#10136=CARTESIAN_POINT('Ctrl Pts',(5.54281507431708,2.42923034670665,2.45682018695496));
#10137=CARTESIAN_POINT('Ctrl Pts',(5.17521162077343,3.13705946997706,2.46384751789877));
#10138=CARTESIAN_POINT('Ctrl Pts',(4.20530962196178,4.34670180701181,2.47736359866835));
#10139=CARTESIAN_POINT('Ctrl Pts',(3.6210313429776,4.84422918568619,2.48368951523904));
#10140=CARTESIAN_POINT('Ctrl Pts',(2.26861284235109,5.61106712958737,2.49561709507095));
#10141=CARTESIAN_POINT('Ctrl Pts',(1.50684355966363,5.86174805858256,2.5023354769391));
#10142=CARTESIAN_POINT('Ctrl Pts',(-0.0565385249967441,6.05029625609198,
2.5161236383802));
#10143=CARTESIAN_POINT('Ctrl Pts',(-0.842331568406114,5.9916409669978,2.52305389647138));
#10144=CARTESIAN_POINT('Ctrl Pts',(-2.32770569644986,5.58209123698903,2.53615407107288));
#10145=CARTESIAN_POINT('Ctrl Pts',(-3.01554909098052,5.24255827793493,2.54179745894372));
#10146=CARTESIAN_POINT('Ctrl Pts',(-4.26157307490491,4.29920723457892,2.55449726456489));
#10147=CARTESIAN_POINT('Ctrl Pts',(-4.7978107350551,3.69123188576477,2.56150555607405));
#10148=CARTESIAN_POINT('Ctrl Pts',(-5.58379287679077,2.3273453134223,2.57538869769074));
#10149=CARTESIAN_POINT('Ctrl Pts',(-5.83649653028124,1.59078396608145,2.58212880522224));
#10150=CARTESIAN_POINT('Ctrl Pts',(-6.04954420874397,0.0590786990140518,
2.59476724119279));
#10151=CARTESIAN_POINT('Ctrl Pts',(-6.00660836737439,-0.721895711028173,
2.6004845994306));
#10152=CARTESIAN_POINT('Ctrl Pts',(-5.62176475455936,-2.24142195326235,
2.61378758602818));
#10153=CARTESIAN_POINT('Ctrl Pts',(-5.27684014006118,-2.96364077906008,
2.62082481616708));
#10154=CARTESIAN_POINT('Ctrl Pts',(-4.34409271852462,-4.20842544761556,
2.63444546788301));
#10155=CARTESIAN_POINT('Ctrl Pts',(-3.77436121460544,-4.72611818304502,
2.6409118917128));
#10156=CARTESIAN_POINT('Ctrl Pts',(-2.4447284197451,-5.53662566362274,2.65296574804107));
#10157=CARTESIAN_POINT('Ctrl Pts',(-1.6910987283566,-5.811292827243,2.65946044871523));
#10158=CARTESIAN_POINT('Ctrl Pts',(-0.131900786396886,-6.04943234875324,
2.67321170834223));
#10159=CARTESIAN_POINT('Ctrl Pts',(0.657793803985685,-6.01500942501755,
2.68017637591019));
#10160=CARTESIAN_POINT('Ctrl Pts',(2.15595753390077,-5.65046878067312,2.69338934769486));
#10161=CARTESIAN_POINT('Ctrl Pts',(2.85265765388528,-5.33275625966402,2.6991402331322));
#10162=CARTESIAN_POINT('Ctrl Pts',(4.11957622382339,-4.43398406509294,2.71159169093677));
#10163=CARTESIAN_POINT('Ctrl Pts',(4.66982114761657,-3.85017990352612,2.71847713437249));
#10164=CARTESIAN_POINT('Ctrl Pts',(5.50016475768331,-2.5194196439502,2.7323028835054));
#10165=CARTESIAN_POINT('Ctrl Pts',(5.77901252615528,-1.78949914117266,2.73910755746115));
#10166=CARTESIAN_POINT('Ctrl Pts',(5.97052107361838,-0.686923670226007,
2.7483733772825));
#10167=CARTESIAN_POINT('Ctrl Pts',(6.,-0.343391188252369,2.75112722517064));
#10168=CARTESIAN_POINT('Ctrl Pts',(6.,-3.09474668114262E-14,2.75375));
#10169=CARTESIAN_POINT('Ctrl Pts',(6.,-2.6853519408121E-14,2.79343750086715));
#10170=CARTESIAN_POINT('Ctrl Pts',(6.,-0.41426141975717,2.79027342892331));
#10171=CARTESIAN_POINT('Ctrl Pts',(5.95709659596625,-0.828343627685374,
2.78692153368068));
#10172=CARTESIAN_POINT('Ctrl Pts',(5.71143009193702,-1.99577324245332,2.7769215452534));
#10173=CARTESIAN_POINT('Ctrl Pts',(5.405312050255,-2.71774576541995,2.77005732254828));
#10174=CARTESIAN_POINT('Ctrl Pts',(4.52510569179869,-4.0192496915329,2.75623514841074));
#10175=CARTESIAN_POINT('Ctrl Pts',(3.95385067669758,-4.58236005881919,2.74941511267283));
#10176=CARTESIAN_POINT('Ctrl Pts',(2.65508685587569,-5.43378782011806,2.7371848364499));
#10177=CARTESIAN_POINT('Ctrl Pts',(1.9474598730675,-5.72563940047862,2.73123801502545));
#10178=CARTESIAN_POINT('Ctrl Pts',(0.434359883716758,-6.03563928564098,
2.71789331373049));
#10179=CARTESIAN_POINT('Ctrl Pts',(-0.359072202334571,-6.04058581840339,
2.71089568352712));
#10180=CARTESIAN_POINT('Ctrl Pts',(-1.90996139049575,-5.74294258986544,
2.69721770249264));
#10181=CARTESIAN_POINT('Ctrl Pts',(-2.65171451874616,-5.44038067397816,
2.69100539166853));
#10182=CARTESIAN_POINT('Ctrl Pts',(-3.95150035987321,-4.57951526329678,
2.67869852514752));
#10183=CARTESIAN_POINT('Ctrl Pts',(-4.50308827729474,-4.03837872015053,
2.67213304890426));
#10184=CARTESIAN_POINT('Ctrl Pts',(-5.39009310438299,-2.75322415558834,
2.65840576959113));
#10185=CARTESIAN_POINT('Ctrl Pts',(-5.70735531076467,-2.01480682218989,
2.6513668010072));
#10186=CARTESIAN_POINT('Ctrl Pts',(-6.02961793496342,-0.484034216523315,
2.63825388100338));
#10187=CARTESIAN_POINT('Ctrl Pts',(-6.04199046889304,0.291431363020921,
2.6326467543649));
#10188=CARTESIAN_POINT('Ctrl Pts',(-5.7724675437645,1.8106192977001,2.61985488391322));
#10189=CARTESIAN_POINT('Ctrl Pts',(-5.49083384101191,2.53977604881176,2.61304375819171));
#10190=CARTESIAN_POINT('Ctrl Pts',(-4.65536642297052,3.86764311316859,2.59921751231744));
#10191=CARTESIAN_POINT('Ctrl Pts',(-4.10294585548591,4.44937561055937,2.59233829798441));
#10192=CARTESIAN_POINT('Ctrl Pts',(-2.83275588866631,5.34334153240004,2.57990912388067));
#10193=CARTESIAN_POINT('Ctrl Pts',(-2.13496519083649,5.65842151125466,2.57414170775856));
#10194=CARTESIAN_POINT('Ctrl Pts',(-0.635268542443312,6.01746826700067,
2.56091521648453));
#10195=CARTESIAN_POINT('Ctrl Pts',(0.154851706476345,6.04892635353914,2.55394679486653));
#10196=CARTESIAN_POINT('Ctrl Pts',(1.67986443194487,5.81000871406813,2.54049702985752));
#10197=CARTESIAN_POINT('Ctrl Pts',(2.40188111656553,5.55059388862754,2.53419888100122));
#10198=CARTESIAN_POINT('Ctrl Pts',(3.73961521948383,4.75877886219756,2.5222520705575));
#10199=CARTESIAN_POINT('Ctrl Pts',(4.3359652560415,4.22256946548192,2.51552683867188));
#10200=CARTESIAN_POINT('Ctrl Pts',(5.27694451558362,2.96019858546582,2.50173556576427));
#10201=CARTESIAN_POINT('Ctrl Pts',(5.6168031332239,2.24954313273303,2.49480899472284));
#10202=CARTESIAN_POINT('Ctrl Pts',(5.93677590576283,1.00478978851531,2.48389074824482));
#10203=CARTESIAN_POINT('Ctrl Pts',(6.,0.502878148884116,2.47977841524192));
#10204=CARTESIAN_POINT('Ctrl Pts',(6.,-3.08086889333481E-14,2.47593750086715));
#10205=CARTESIAN_POINT('Origin',(0.,0.,4.5));
#10206=CARTESIAN_POINT('',(6.,1.29794049719353E-15,2.11875));
#10207=CARTESIAN_POINT('',(6.,-1.11332513441423E-15,2.15843750086715));
#10208=CARTESIAN_POINT('',(6.,-7.34788079488412E-16,4.5));
#10209=CARTESIAN_POINT('Ctrl Pts',(6.,1.66533453693773E-15,2.11875));
#10210=CARTESIAN_POINT('Ctrl Pts',(6.,0.706456144445272,2.12414581520168));
#10211=CARTESIAN_POINT('Ctrl Pts',(5.87522056735464,1.40814055161672,2.1300554271651));
#10212=CARTESIAN_POINT('Ctrl Pts',(5.35976591890678,2.80860494775491,2.14302499408758));
#10213=CARTESIAN_POINT('Ctrl Pts',(4.94705510515867,3.48453714322335,2.15000761159744));
#10214=CARTESIAN_POINT('Ctrl Pts',(3.90244314987812,4.62021754884781,2.16328823142768));
#10215=CARTESIAN_POINT('Ctrl Pts',(3.28763077281592,5.07611555402449,2.16912992304531));
#10216=CARTESIAN_POINT('Ctrl Pts',(1.88856085020966,5.75016363589521,2.18146894250163));
#10217=CARTESIAN_POINT('Ctrl Pts',(1.11150769190878,5.94941895152048,2.18832211966164));
#10218=CARTESIAN_POINT('Ctrl Pts',(-0.456195735188276,6.03268942835497,
2.20214839294229));
#10219=CARTESIAN_POINT('Ctrl Pts',(-1.23132197427498,5.92328516649272,2.20898457574535));
#10220=CARTESIAN_POINT('Ctrl Pts',(-2.68834274187245,5.41850972055179,2.22183468945958));
#10221=CARTESIAN_POINT('Ctrl Pts',(-3.35781489204032,5.03115428794862,2.22742143075221));
#10222=CARTESIAN_POINT('Ctrl Pts',(-4.53784386977423,4.00541096954823,2.24045951763181));
#10223=CARTESIAN_POINT('Ctrl Pts',(-5.02922988960188,3.36781619622987,2.24749625497055));
#10224=CARTESIAN_POINT('Ctrl Pts',(-5.7206914845321,1.96511056959991,2.2612590818475));
#10225=CARTESIAN_POINT('Ctrl Pts',(-5.92476138360757,1.21868010565814,2.2678601069913));
#10226=CARTESIAN_POINT('Ctrl Pts',(-6.04252869978997,-0.332974014984218,
2.2802307496403));
#10227=CARTESIAN_POINT('Ctrl Pts',(-5.94637276596934,-1.1241368711861,2.28632248454923));
#10228=CARTESIAN_POINT('Ctrl Pts',(-5.45399552885408,-2.62174186290253,
2.29993223305268));
#10229=CARTESIAN_POINT('Ctrl Pts',(-5.0633827288373,-3.31387275255789,2.30694112786627));
#10230=CARTESIAN_POINT('Ctrl Pts',(-4.05561625874232,-4.48642540020871,
2.32034089447244));
#10231=CARTESIAN_POINT('Ctrl Pts',(-3.45616744989265,-4.9629557302032,2.32639352318499));
#10232=CARTESIAN_POINT('Ctrl Pts',(-2.08023154200575,-5.68361805831406,
2.33852851348371));
#10233=CARTESIAN_POINT('Ctrl Pts',(-1.31039954445818,-5.90878335867524,
2.34531800401764));
#10234=CARTESIAN_POINT('Ctrl Pts',(0.256023346812962,-6.0448166884677,2.35913298368371));
#10235=CARTESIAN_POINT('Ctrl Pts',(1.03689821884831,-5.96072163993688,2.36601986623569));
#10236=CARTESIAN_POINT('Ctrl Pts',(2.50833306656807,-5.50363919542913,2.37899710412878));
#10237=CARTESIAN_POINT('Ctrl Pts',(3.18695543309876,-5.14053432397813,2.38458255827611));
#10238=CARTESIAN_POINT('Ctrl Pts',(4.40060164657807,-4.15625841923873,2.39745216540536));
#10239=CARTESIAN_POINT('Ctrl Pts',(4.91486356279015,-3.53325473501509,2.40447833435415));
#10240=CARTESIAN_POINT('Ctrl Pts',(5.65435563142717,-2.14939836411413,2.41830899424664));
#10241=CARTESIAN_POINT('Ctrl Pts',(5.88306137639242,-1.40756774138312,2.42498352367082));
#10242=CARTESIAN_POINT('Ctrl Pts',(5.98851617068936,-0.42890309223443,2.43292345647133));
#10243=CARTESIAN_POINT('Ctrl Pts',(6.,-0.214328232478199,2.43461299033698));
#10244=CARTESIAN_POINT('Ctrl Pts',(6.,-2.98372437868011E-15,2.43625));
#10245=CARTESIAN_POINT('Ctrl Pts',(6.,-3.13638004456607E-14,2.47593750086715));
#10246=CARTESIAN_POINT('Ctrl Pts',(6.,-0.25451351600505,2.47399356151651));
#10247=CARTESIAN_POINT('Ctrl Pts',(5.98380613411963,-0.509273501673459,
2.47197632921412));
#10248=CARTESIAN_POINT('Ctrl Pts',(5.84932533286839,-1.55858149557707,2.46336883560113));
#10249=CARTESIAN_POINT('Ctrl Pts',(5.58871678007613,-2.32594513143495,2.45635860600171));
#10250=CARTESIAN_POINT('Ctrl Pts',(4.79680999112412,-3.68585962577244,2.4424796765239));
#10251=CARTESIAN_POINT('Ctrl Pts',(4.28374688606467,-4.271354146772,2.43574528384685));
#10252=CARTESIAN_POINT('Ctrl Pts',(3.060844415262,-5.21848228956988,2.42311858870808));
#10253=CARTESIAN_POINT('Ctrl Pts',(2.36149060824064,-5.56998117374951,2.41738953609261));
#10254=CARTESIAN_POINT('Ctrl Pts',(0.851519461076496,-5.99188943224949,
2.40407242944748));
#10255=CARTESIAN_POINT('Ctrl Pts',(0.0536629144466948,-6.05185442366849,
2.39703577795984));
#10256=CARTESIAN_POINT('Ctrl Pts',(-1.48971502014775,-5.86194579337345,
2.3834240420089));
#10257=CARTESIAN_POINT('Ctrl Pts',(-2.22202091809188,-5.62532592807683,
2.37696551082565));
#10258=CARTESIAN_POINT('Ctrl Pts',(-3.58641092769822,-4.87529874719516,
2.36493234893537));
#10259=CARTESIAN_POINT('Ctrl Pts',(-4.19960410538793,-4.35823654470476,
2.35841436002421));
#10260=CARTESIAN_POINT('Ctrl Pts',(-5.18178221663612,-3.1243916044106,2.34465928884243));
#10261=CARTESIAN_POINT('Ctrl Pts',(-5.54475832547358,-2.42246703956217,
2.33769746141132));
#10262=CARTESIAN_POINT('Ctrl Pts',(-5.97404933937811,-0.941702137303779,
2.32449452792339));
#10263=CARTESIAN_POINT('Ctrl Pts',(-6.045159060507,-0.179207485244623,2.31875540198924));
#10264=CARTESIAN_POINT('Ctrl Pts',(-5.89595956058432,1.3670386357419,2.30628745770123));
#10265=CARTESIAN_POINT('Ctrl Pts',(-5.66335799901178,2.13483065450189,2.29939745922347));
#10266=CARTESIAN_POINT('Ctrl Pts',(-4.92230810470037,3.51707995535786,2.28557220433322));
#10267=CARTESIAN_POINT('Ctrl Pts',(-4.42808427850785,4.12201934070875,2.27877237043411));
#10268=CARTESIAN_POINT('Ctrl Pts',(-3.24060345498912,5.1078911948593,2.26600595576357));
#10269=CARTESIAN_POINT('Ctrl Pts',(-2.55953045934861,5.4809550037973,2.26038613755724));
#10270=CARTESIAN_POINT('Ctrl Pts',(-1.06905528901816,5.95731553245364,2.24724097459669));
#10271=CARTESIAN_POINT('Ctrl Pts',(-0.270882751614688,6.04641266311589,
2.24020153624597));
#10272=CARTESIAN_POINT('Ctrl Pts',(1.28373668598024,5.91080399237594,2.22649065648385));
#10273=CARTESIAN_POINT('Ctrl Pts',(2.02636611427459,5.69907296572966,2.2199410774982));
#10274=CARTESIAN_POINT('Ctrl Pts',(3.41860939322085,4.99452953874331,2.20766226524638));
#10275=CARTESIAN_POINT('Ctrl Pts',(4.04967226142961,4.49804197165795,2.20139333249713));
#10276=CARTESIAN_POINT('Ctrl Pts',(5.07512703860805,3.2954254028814,2.18768594126126));
#10277=CARTESIAN_POINT('Ctrl Pts',(5.46242943029452,2.60357604607192,2.18069379473815));
#10278=CARTESIAN_POINT('Ctrl Pts',(5.90084188004579,1.25644691273231,2.16847132993823));
#10279=CARTESIAN_POINT('Ctrl Pts',(6.,0.629766673641553,2.16324757240218));
#10280=CARTESIAN_POINT('Ctrl Pts',(6.,2.4980018054066E-15,2.15843750086715));
#10281=CARTESIAN_POINT('Origin',(0.,0.,4.5));
#10282=CARTESIAN_POINT('',(6.,-3.90004767574438E-8,1.80124999940424));
#10283=CARTESIAN_POINT('',(6.,-8.82553564584145E-10,1.84093750085367));
#10284=CARTESIAN_POINT('',(6.,-7.34788079488412E-16,4.5));
#10285=CARTESIAN_POINT('Ctrl Pts',(6.,-3.90028205095707E-8,1.8012499997021));
#10286=CARTESIAN_POINT('Ctrl Pts',(6.0000000002884,0.0443660987437321,1.80158886217994));
#10287=CARTESIAN_POINT('Ctrl Pts',(5.99950791337015,0.0887527519033265,
1.80193005131959));
#10288=CARTESIAN_POINT('Ctrl Pts',(5.98089728584021,0.927165761806939,1.80841580267091));
#10289=CARTESIAN_POINT('Ctrl Pts',(5.80579315961482,1.70983161684415,1.81516585775311));
#10290=CARTESIAN_POINT('Ctrl Pts',(5.16697137066448,3.14801312182432,1.82896751760424));
#10291=CARTESIAN_POINT('Ctrl Pts',(4.71474411803708,3.79193495308743,1.83587990085843));
#10292=CARTESIAN_POINT('Ctrl Pts',(3.60256209931674,4.85807962022997,1.84892738145928));
#10293=CARTESIAN_POINT('Ctrl Pts',(2.95782981383996,5.27547458738858,1.85453858428072));
#10294=CARTESIAN_POINT('Ctrl Pts',(1.50950372392086,5.86205436033006,1.8673120157682));
#10295=CARTESIAN_POINT('Ctrl Pts',(0.713887320981408,6.01104325296898,1.87432891043301));
#10296=CARTESIAN_POINT('Ctrl Pts',(-0.857896141172834,5.98813237644217,
1.88819116735618));
#10297=CARTESIAN_POINT('Ctrl Pts',(-1.61901834468283,5.82859343343353,1.89490384234547));
#10298=CARTESIAN_POINT('Ctrl Pts',(-3.04572505161968,5.22763642294172,1.90748660288581));
#10299=CARTESIAN_POINT('Ctrl Pts',(-3.6968582899425,4.78934915484564,1.91326339242213));
#10300=CARTESIAN_POINT('Ctrl Pts',(-4.80538635936764,3.67894631799468,1.92663279795562));
#10301=CARTESIAN_POINT('Ctrl Pts',(-5.24823866801842,3.01369750956386,1.93366673283947));
#10302=CARTESIAN_POINT('Ctrl Pts',(-5.83894055671103,1.5770901800784,1.94724417396044));
#10303=CARTESIAN_POINT('Ctrl Pts',(-5.99182752190927,0.823682519557002,
1.95367278745447));
#10304=CARTESIAN_POINT('Ctrl Pts',(-6.00786802478648,-0.732297588483558,
1.96562788441306));
#10305=CARTESIAN_POINT('Ctrl Pts',(-5.85829784962989,-1.52023238212396,
1.97223619368719));
#10306=CARTESIAN_POINT('Ctrl Pts',(-5.26562982715016,-2.98069902644447,
1.98600453908847));
#10307=CARTESIAN_POINT('Ctrl Pts',(-4.83277997465666,-3.64083284988734,
1.99295529836487));
#10308=CARTESIAN_POINT('Ctrl Pts',(-3.75404708409985,-4.74170322573238,
2.00612050780538));
#10309=CARTESIAN_POINT('Ctrl Pts',(-3.12442387285673,-5.17828063817509,
2.01181931723245));
#10310=CARTESIAN_POINT('Ctrl Pts',(-1.70376122485986,-5.80761311294704,
2.02434877253075));
#10311=CARTESIAN_POINT('Ctrl Pts',(-0.920652196187752,-5.98193649501605,
2.03125535910307));
#10312=CARTESIAN_POINT('Ctrl Pts',(0.646617632550767,-6.01495304956942,
2.04507780828708));
#10313=CARTESIAN_POINT('Ctrl Pts',(1.41551748503718,-5.88167411900596,2.05185907781943));
#10314=CARTESIAN_POINT('Ctrl Pts',(2.85840976505583,-5.33142314080074,2.06458458612237));
#10315=CARTESIAN_POINT('Ctrl Pts',(3.51920995941982,-4.92033956580142,2.07022952582646));
#10316=CARTESIAN_POINT('Ctrl Pts',(4.6660720711098,-3.85472183165255,2.08342591136197));
#10317=CARTESIAN_POINT('Ctrl Pts',(5.13489968274177,-3.20373385329156,2.09046546785118));
#10318=CARTESIAN_POINT('Ctrl Pts',(5.77934159710913,-1.78427515552415,2.10414890865897));
#10319=CARTESIAN_POINT('Ctrl Pts',(5.9594443071364,-1.03414675711422,2.11067248947323));
#10320=CARTESIAN_POINT('Ctrl Pts',(5.99797089621599,-0.180260694160347,
2.11736424574118));
#10321=CARTESIAN_POINT('Ctrl Pts',(6.,-0.0900916133615327,2.11806189260545));
#10322=CARTESIAN_POINT('Ctrl Pts',(6.,1.12757025782427E-15,2.11875));
#10323=CARTESIAN_POINT('Ctrl Pts',(6.,2.35922392732846E-15,2.15843750086715));
#10324=CARTESIAN_POINT('Ctrl Pts',(6.,-0.126928114257005,2.15746804132771));
#10325=CARTESIAN_POINT('Ctrl Pts',(5.99597237434542,-0.253981334511084,
2.15647986553546));
#10326=CARTESIAN_POINT('Ctrl Pts',(5.93745579209129,-1.17371683001574,2.14919701001015));
#10327=CARTESIAN_POINT('Ctrl Pts',(5.73008756097992,-1.94860975049846,2.14236404779639));
#10328=CARTESIAN_POINT('Ctrl Pts',(5.03358575536285,-3.35645009854279,2.12853977669199));
#10329=CARTESIAN_POINT('Ctrl Pts',(4.55750961192174,-3.97892614856961,2.12168602639164));
#10330=CARTESIAN_POINT('Ctrl Pts',(3.40311174657981,-5.00041875284072,2.10879343196984));
#10331=CARTESIAN_POINT('Ctrl Pts',(2.73841702445531,-5.39318358187868,2.10321381768005));
#10332=CARTESIAN_POINT('Ctrl Pts',(1.26637685267031,-5.91887678200873,2.090231241165));
#10333=CARTESIAN_POINT('Ctrl Pts',(0.468811495533223,-6.03465187552406,
2.08319715780692));
#10334=CARTESIAN_POINT('Ctrl Pts',(-1.09443860578833,-5.94906689961971,
2.06941016038554));
#10335=CARTESIAN_POINT('Ctrl Pts',(-1.84575781164912,-5.76041480233352,
2.06278394238941));
#10336=CARTESIAN_POINT('Ctrl Pts',(-3.25364756171951,-5.10220111629348,
2.05036713695476));
#10337=CARTESIAN_POINT('Ctrl Pts',(-3.89377312776604,-4.63219344072198,
2.04435543490466));
#10338=CARTESIAN_POINT('Ctrl Pts',(-4.95720298094681,-3.47090622428522,
2.03079625206067));
#10339=CARTESIAN_POINT('Ctrl Pts',(-5.36974206109955,-2.7905054828912,2.02378026170696));
#10340=CARTESIAN_POINT('Ctrl Pts',(-5.89841189191683,-1.33617965101787,
2.01034103323743));
#10341=CARTESIAN_POINT('Ctrl Pts',(-6.02001394381609,-0.579702952393355,
2.00420344849401));
#10342=CARTESIAN_POINT('Ctrl Pts',(-5.97358342986301,0.973198463282678,
1.99213785465855));
#10343=CARTESIAN_POINT('Ctrl Pts',(-5.79244854672459,1.75452101206686,1.98537146560261));
#10344=CARTESIAN_POINT('Ctrl Pts',(-5.14278451593201,3.18723102006741,1.97156378502068));
#10345=CARTESIAN_POINT('Ctrl Pts',(-4.68604494228676,3.82722617913335,1.96466149506826));
#10346=CARTESIAN_POINT('Ctrl Pts',(-3.56597171154686,4.88509351341936,1.95164243754824));
#10347=CARTESIAN_POINT('Ctrl Pts',(-2.91758545670199,5.29792283935079,1.94604398371445));
#10348=CARTESIAN_POINT('Ctrl Pts',(-1.46481634863429,5.87329361640811,1.93323136727524));
#10349=CARTESIAN_POINT('Ctrl Pts',(-0.668740486209424,6.01614864835305,
1.92621042043302));
#10350=CARTESIAN_POINT('Ctrl Pts',(0.901651448834482,5.98163036207403,1.91236043600589));
#10351=CARTESIAN_POINT('Ctrl Pts',(1.6610479339256,5.81668322646645,1.90566298089433));
#10352=CARTESIAN_POINT('Ctrl Pts',(3.0843315087409,5.20517945238073,1.89311041047755));
#10353=CARTESIAN_POINT('Ctrl Pts',(3.73344769190704,4.76113071847207,1.88729723079677));
#10354=CARTESIAN_POINT('Ctrl Pts',(4.83381612510558,3.641376533251,1.87389238267536));
#10355=CARTESIAN_POINT('Ctrl Pts',(5.27116089429324,2.97325784561357,1.86686081476664));
#10356=CARTESIAN_POINT('Ctrl Pts',(5.8505215370388,1.53329852503261,1.85330778334141));
#10357=CARTESIAN_POINT('Ctrl Pts',(5.99768859079055,0.77932537754858,1.84690007395608));
#10358=CARTESIAN_POINT('Ctrl Pts',(5.99999099797002,0.0120017939188426,
1.84102920862053));
#10359=CARTESIAN_POINT('Ctrl Pts',(6.00000000000177,0.00600067622935466,
1.84098333320971));
#10360=CARTESIAN_POINT('Ctrl Pts',(6.,-1.76510694935259E-9,1.84093750085367));
#10361=CARTESIAN_POINT('Origin',(0.,0.,4.5));
#10362=CARTESIAN_POINT('',(6.,-2.53579838471522E-15,1.48375));
#10363=CARTESIAN_POINT('',(6.,-9.31856717578453E-15,1.52343750086715));
#10364=CARTESIAN_POINT('',(6.,-7.34788079488412E-16,4.5));
#10365=CARTESIAN_POINT('Ctrl Pts',(6.,7.18175519054398E-15,1.48375));
#10366=CARTESIAN_POINT('Ctrl Pts',(6.,0.205934923155348,1.48532290271683));
#10367=CARTESIAN_POINT('Ctrl Pts',(5.98939799061483,0.412109256312629,1.48694438593082));
#10368=CARTESIAN_POINT('Ctrl Pts',(5.8889625691635,1.38249273504813,1.49479893424678));
#10369=CARTESIAN_POINT('Ctrl Pts',(5.66353333532371,2.12498215848924,1.50146404699657));
#10370=CARTESIAN_POINT('Ctrl Pts',(4.93041150372983,3.51144136862454,1.51528649604253));
#10371=CARTESIAN_POINT('Ctrl Pts',(4.41917366932026,4.13643421731708,1.52231452259616));
#10372=CARTESIAN_POINT('Ctrl Pts',(3.20997422706078,5.12625553318801,1.5352068757897));
#10373=CARTESIAN_POINT('Ctrl Pts',(2.53258554956659,5.49258060387577,1.54078900244479));
#10374=CARTESIAN_POINT('Ctrl Pts',(1.06306162700301,5.95606703555004,1.55374938703963));
#10375=CARTESIAN_POINT('Ctrl Pts',(0.282911554624552,6.04357442501296,1.5606298772613));
#10376=CARTESIAN_POINT('Ctrl Pts',(-1.28378654778419,5.91462460725902,1.57444728413671));
#10377=CARTESIAN_POINT('Ctrl Pts',(-2.05463926018608,5.69292185733421,1.58124577680859));
#10378=CARTESIAN_POINT('Ctrl Pts',(-3.43370919245104,4.97850204217677,1.5934084074612));
#10379=CARTESIAN_POINT('Ctrl Pts',(-4.03521188154883,4.50476621766544,1.59942904324216));
#10380=CARTESIAN_POINT('Ctrl Pts',(-5.04799110435242,3.33718529253967,1.61281294136014));
#10381=CARTESIAN_POINT('Ctrl Pts',(-5.44162896777874,2.64720498152798,1.61981874977633));
#10382=CARTESIAN_POINT('Ctrl Pts',(-5.93126431699309,1.1813834027844,1.63317364995601));
#10383=CARTESIAN_POINT('Ctrl Pts',(-6.03298171371367,0.422710817692876,
1.63912595251694));
#10384=CARTESIAN_POINT('Ctrl Pts',(-5.94633601896034,-1.12784862845069,
1.65135099648656));
#10385=CARTESIAN_POINT('Ctrl Pts',(-5.74496327504348,-1.90429573423551,
1.65816939092152));
#10386=CARTESIAN_POINT('Ctrl Pts',(-5.05911916406693,-3.31797433081153,
1.67199125629509));
#10387=CARTESIAN_POINT('Ctrl Pts',(-4.58742031007654,-3.94451763493095,
1.67885676909416));
#10388=CARTESIAN_POINT('Ctrl Pts',(-3.44086985127971,-4.97437910269324,
1.69177867886521));
#10389=CARTESIAN_POINT('Ctrl Pts',(-2.7799641068465,-5.37176244714658,1.69735726100212));
#10390=CARTESIAN_POINT('Ctrl Pts',(-1.31231965343343,-5.90894669314355,
1.71030106972319));
#10391=CARTESIAN_POINT('Ctrl Pts',(-0.515019904128101,-6.03096865303306,
1.71733281056776));
#10392=CARTESIAN_POINT('Ctrl Pts',(1.0500222360453,-5.95713806938044,1.73113561277623));
#10393=CARTESIAN_POINT('Ctrl Pts',(1.8032711067694,-5.77392947182308,1.73777884934442));
#10394=CARTESIAN_POINT('Ctrl Pts',(3.21475389153659,-5.12651548226838,1.75022734334897));
#10395=CARTESIAN_POINT('Ctrl Pts',(3.85696854551175,-4.66257470666172,1.75618772003316));
#10396=CARTESIAN_POINT('Ctrl Pts',(4.92905689147897,-3.51090513891699,1.76971162614273));
#10397=CARTESIAN_POINT('Ctrl Pts',(5.34738990654191,-2.83328023247501,1.77673196469307));
#10398=CARTESIAN_POINT('Ctrl Pts',(5.87233476939069,-1.42385086523158,1.78981185404541));
#10399=CARTESIAN_POINT('Ctrl Pts',(5.99999999535482,-0.714590797175755,
1.79579205341525));
#10400=CARTESIAN_POINT('Ctrl Pts',(6.,-3.90028268015818E-8,1.8012499997021));
#10401=CARTESIAN_POINT('Ctrl Pts',(6.,-1.76511055771655E-9,1.84093750085367));
#10402=CARTESIAN_POINT('Ctrl Pts',(5.99999999976818,-0.788013716484073,
1.83491876010781));
#10403=CARTESIAN_POINT('Ctrl Pts',(5.84475720453138,-1.56843440254942,1.8282734362711));
#10404=CARTESIAN_POINT('Ctrl Pts',(5.24400426719987,-3.0184397785584,1.81454934037464));
#10405=CARTESIAN_POINT('Ctrl Pts',(4.80676580411439,-3.6749917221767,1.80760658645174));
#10406=CARTESIAN_POINT('Ctrl Pts',(3.72051536084248,-4.76810886369054,1.7944674448331));
#10407=CARTESIAN_POINT('Ctrl Pts',(3.08754880081588,-5.20039763630619,1.78879296598544));
#10408=CARTESIAN_POINT('Ctrl Pts',(1.66211257680668,-5.81967172477124,1.77622141039869));
#10409=CARTESIAN_POINT('Ctrl Pts',(0.877758781157309,-5.98838285978553,
1.76930384567317));
#10410=CARTESIAN_POINT('Ctrl Pts',(-0.689192848441679,-6.01015539047528,
1.75548420282879));
#10411=CARTESIAN_POINT('Ctrl Pts',(-1.45659918180622,-5.87156531727683,
1.74871610530537));
#10412=CARTESIAN_POINT('Ctrl Pts',(-2.89627429097612,-5.31112186658977,
1.736018970662));
#10413=CARTESIAN_POINT('Ctrl Pts',(-3.55513324957015,-4.89463473672357,
1.73035323334851));
#10414=CARTESIAN_POINT('Ctrl Pts',(-4.69440665416908,-3.82003998178483,
1.71712174664893));
#10415=CARTESIAN_POINT('Ctrl Pts',(-5.1580812285841,-3.16612602201252,1.71008256537747));
#10416=CARTESIAN_POINT('Ctrl Pts',(-5.79182855403721,-1.7430865251105,1.69641893508308));
#10417=CARTESIAN_POINT('Ctrl Pts',(-5.96650027134356,-0.992225860285241,
1.68991371048759));
#10418=CARTESIAN_POINT('Ctrl Pts',(-6.0261554405269,0.570884590666334,1.67771182438393));
#10419=CARTESIAN_POINT('Ctrl Pts',(-5.89637168314015,1.36867628387249,1.67127676691524));
#10420=CARTESIAN_POINT('Ctrl Pts',(-5.33731291732285,2.85087362411411,1.65749065292299));
#10421=CARTESIAN_POINT('Ctrl Pts',(-4.91963653688983,3.52300540342225,1.6505151657011));
#10422=CARTESIAN_POINT('Ctrl Pts',(-3.8666648526396,4.65021551935283,1.63726237669997));
#10423=CARTESIAN_POINT('Ctrl Pts',(-3.24827759953521,5.1014005483866,1.63146050469636));
#10424=CARTESIAN_POINT('Ctrl Pts',(-1.84393033627247,5.76463343664754,1.61907494202731));
#10425=CARTESIAN_POINT('Ctrl Pts',(-1.06533423055824,5.95786306095434,1.6122081569283));
#10426=CARTESIAN_POINT('Ctrl Pts',(0.502412283747136,6.02894205177281,1.59838150364241));
#10427=CARTESIAN_POINT('Ctrl Pts',(1.27609534787655,5.91372521734119,1.59155804884072));
#10428=CARTESIAN_POINT('Ctrl Pts',(2.72972535251459,5.39792615049682,1.57873783977203));
#10429=CARTESIAN_POINT('Ctrl Pts',(3.39709227174161,5.00487478280011,1.57314214852246));
#10430=CARTESIAN_POINT('Ctrl Pts',(4.56918336475577,3.96949382389337,1.5600654545323));
#10431=CARTESIAN_POINT('Ctrl Pts',(5.05516688401422,3.32860347489475,1.55302736956504));
#10432=CARTESIAN_POINT('Ctrl Pts',(5.73533731103926,1.92172332344236,1.5392824491537));
#10433=CARTESIAN_POINT('Ctrl Pts',(5.93363840087238,1.17433307373489,1.53269953214408));
#10434=CARTESIAN_POINT('Ctrl Pts',(5.99533803424465,0.273265334147554,1.52554522200854));
#10435=CARTESIAN_POINT('Ctrl Pts',(6.,0.136558447373486,1.52448051557096));
#10436=CARTESIAN_POINT('Ctrl Pts',(6.,-5.86336534880161E-15,1.52343750086715));
#10437=CARTESIAN_POINT('Origin',(0.,0.,4.5));
#10438=CARTESIAN_POINT('',(6.,-3.00417372322895E-15,1.16625));
#10439=CARTESIAN_POINT('',(6.,2.6163303389359E-15,1.20593750086715));
#10440=CARTESIAN_POINT('',(6.,-7.34788079488412E-16,4.5));
#10441=CARTESIAN_POINT('Ctrl Pts',(6.,-3.95516952522712E-15,1.16625));
#10442=CARTESIAN_POINT('Ctrl Pts',(6.,0.335745343227038,1.16881437691302));
#10443=CARTESIAN_POINT('Ctrl Pts',(5.97181924802825,0.671653215272233,1.17150426448709));
#10444=CARTESIAN_POINT('Ctrl Pts',(5.78586587344213,1.76708599318151,1.18069103262874));
#10445=CARTESIAN_POINT('Ctrl Pts',(5.50997305982943,2.49780470100582,1.18748877263513));
#10446=CARTESIAN_POINT('Ctrl Pts',(4.6850714531587,3.83161008535787,1.20131378229039));
#10447=CARTESIAN_POINT('Ctrl Pts',(4.13714137593725,4.41760111231543,1.20820572087386));
#10448=CARTESIAN_POINT('Ctrl Pts',(2.87369766583176,5.32146405593981,1.22068073795531));
#10449=CARTESIAN_POINT('Ctrl Pts',(2.17814829829989,5.64196711108781,1.22641494209139));
#10450=CARTESIAN_POINT('Ctrl Pts',(0.681612128609031,6.01231658475227,1.23961355969908));
#10451=CARTESIAN_POINT('Ctrl Pts',(-0.107620422146237,6.04987289170119,
1.24657415233421));
#10452=CARTESIAN_POINT('Ctrl Pts',(-1.66743220858619,5.81812287064629,1.2603308257285));
#10453=CARTESIAN_POINT('Ctrl Pts',(-2.42214036518465,5.54653949981221,1.26685892439083));
#10454=CARTESIAN_POINT('Ctrl Pts',(-3.75477771416325,4.74164242250528,1.27888317847697));
#10455=CARTESIAN_POINT('Ctrl Pts',(-4.32642287707564,4.22653335172321,1.28533830733489));
#10456=CARTESIAN_POINT('Ctrl Pts',(-5.26403651358886,2.98623097156828,1.29894618260269));
#10457=CARTESIAN_POINT('Ctrl Pts',(-5.61192152738441,2.26583213026575,1.30598256648804));
#10458=CARTESIAN_POINT('Ctrl Pts',(-6.00356588029573,0.747592239100822,
1.3193057174872));
#10459=CARTESIAN_POINT('Ctrl Pts',(-6.04983793277998,-0.0340018330329224,
1.3250399299006));
#10460=CARTESIAN_POINT('Ctrl Pts',(-5.84287963144696,-1.56702556796876,
1.33766158368637));
#10461=CARTESIAN_POINT('Ctrl Pts',(-5.59329362220131,-2.30431585928269,
1.34439351084691));
#10462=CARTESIAN_POINT('Ctrl Pts',(-4.81333446880163,-3.6708873630115,1.35827059989601));
#10463=CARTESIAN_POINT('Ctrl Pts',(-4.27993442182676,-4.2808610307213,1.36528164120512));
#10464=CARTESIAN_POINT('Ctrl Pts',(-3.03809944666745,-5.22956082715427,
1.37800382750413));
#10465=CARTESIAN_POINT('Ctrl Pts',(-2.35147382232914,-5.57215649961983,
1.3836363072614));
#10466=CARTESIAN_POINT('Ctrl Pts',(-0.86790489169097,-5.9879468843773,1.39672056102467));
#10467=CARTESIAN_POINT('Ctrl Pts',(-0.0827109752507081,-6.04995231265591,
1.40364553514883));
#10468=CARTESIAN_POINT('Ctrl Pts',(1.48117040033713,-5.86829022937405,1.41743810005853));
#10469=CARTESIAN_POINT('Ctrl Pts',(2.24404667001706,-5.62093952398116,1.42416624493696));
#10470=CARTESIAN_POINT('Ctrl Pts',(3.59957789129416,-4.86014828148693,1.43612127723572));
#10471=CARTESIAN_POINT('Ctrl Pts',(4.18584127365107,-4.3654043494097,1.4424077038681));
#10472=CARTESIAN_POINT('Ctrl Pts',(5.1607819873018,-3.16064973258676,1.45590867223342));
#10473=CARTESIAN_POINT('Ctrl Pts',(5.53146199790786,-2.45485377170946,1.4629340409236));
#10474=CARTESIAN_POINT('Ctrl Pts',(5.91773650060867,-1.14536428856078,1.47463910537066));
#10475=CARTESIAN_POINT('Ctrl Pts',(6.,-0.573613665133971,1.4793688174474));
#10476=CARTESIAN_POINT('Ctrl Pts',(6.,-8.32667268468867E-15,1.48375));
#10477=CARTESIAN_POINT('Ctrl Pts',(6.,1.12410081243297E-14,1.52343750086715));
#10478=CARTESIAN_POINT('Ctrl Pts',(6.,-0.652582648077241,1.51845316404662));
#10479=CARTESIAN_POINT('Ctrl Pts',(5.89352542307107,-1.3017682930183,1.51302524976244));
#10480=CARTESIAN_POINT('Ctrl Pts',(5.43203005558716,-2.66676315413257,1.50056453972724));
#10481=CARTESIAN_POINT('Ctrl Pts',(5.0360715887734,-3.35507960299884,1.49356120618392));
#10482=CARTESIAN_POINT('Ctrl Pts',(4.01944074874109,-4.51883079193812,1.48018957450392));
#10483=CARTESIAN_POINT('Ctrl Pts',(3.41635236361068,-4.99041687995814,1.47419283074063));
#10484=CARTESIAN_POINT('Ctrl Pts',(2.03487133606922,-5.70001918511204,1.46200893556718));
#10485=CARTESIAN_POINT('Ctrl Pts',(1.26324224001839,-5.919048031247,1.45520359562284));
#10486=CARTESIAN_POINT('Ctrl Pts',(-0.303646234043495,-6.04253461692058,
1.44138450977521));
#10487=CARTESIAN_POINT('Ctrl Pts',(-1.08322734249544,-5.95239851173447,
1.43450903749928));
#10488=CARTESIAN_POINT('Ctrl Pts',(-2.55127238026333,-5.48397355025555,
1.42156169584674));
#10489=CARTESIAN_POINT('Ctrl Pts',(-3.22771088565096,-5.1151577001342,1.41598139919153));
#10490=CARTESIAN_POINT('Ctrl Pts',(-4.4334670998044,-4.12105502247301,1.40307152922295));
#10491=CARTESIAN_POINT('Ctrl Pts',(-4.94236270810111,-3.49453432361735,
1.39604216172573));
#10492=CARTESIAN_POINT('Ctrl Pts',(-5.67055506031936,-2.10608273405841,
1.38222623279356));
#10493=CARTESIAN_POINT('Ctrl Pts',(-5.89345075340794,-1.36309382373545,
1.37556847724238));
#10494=CARTESIAN_POINT('Ctrl Pts',(-6.04819256205085,0.180990991083227,
1.36309260067272));
#10495=CARTESIAN_POINT('Ctrl Pts',(-5.9729566427322,0.96808313183505,1.35717416090185));
#10496=CARTESIAN_POINT('Ctrl Pts',(-5.52258747154182,2.47466319641984,1.3436811059238));
#10497=CARTESIAN_POINT('Ctrl Pts',(-5.14953190570036,3.17887561478669,1.33665735657556));
#10498=CARTESIAN_POINT('Ctrl Pts',(-4.17069592104021,4.37984152826246,1.32316814874397));
#10499=CARTESIAN_POINT('Ctrl Pts',(-3.58289104984346,4.87243152211427,1.3169116094317));
#10500=CARTESIAN_POINT('Ctrl Pts',(-2.22494981122794,5.62852789584645,1.30493532211891));
#10501=CARTESIAN_POINT('Ctrl Pts',(-1.46122463644305,5.87329038780333,1.29819969036907));
#10502=CARTESIAN_POINT('Ctrl Pts',(0.103023349342403,6.04960736933763,1.2844038921611));
#10503=CARTESIAN_POINT('Ctrl Pts',(0.887742676048781,5.98500450173095,1.27748310365473));
#10504=CARTESIAN_POINT('Ctrl Pts',(2.36990571274689,5.56437201827092,1.26441124909496));
#10505=CARTESIAN_POINT('Ctrl Pts',(3.05558805911582,5.21939348529732,1.25878655168475));
#10506=CARTESIAN_POINT('Ctrl Pts',(4.29416008819437,4.26653843759066,1.2460470168319));
#10507=CARTESIAN_POINT('Ctrl Pts',(4.8253484714483,3.65501932604065,1.23903392445722));
#10508=CARTESIAN_POINT('Ctrl Pts',(5.60061741686877,2.28637735618839,1.225161703986));
#10509=CARTESIAN_POINT('Ctrl Pts',(5.84777745191977,1.54852905188253,1.21843621267102));
#10510=CARTESIAN_POINT('Ctrl Pts',(5.98288136914333,0.523621748271802,1.21001234041769));
#10511=CARTESIAN_POINT('Ctrl Pts',(6.,0.261679994467313,1.20793617679803));
#10512=CARTESIAN_POINT('Ctrl Pts',(6.,4.9960036108132E-15,1.20593750086715));
#10513=CARTESIAN_POINT('Origin',(0.,0.,4.5));
#10514=CARTESIAN_POINT('',(6.,1.48981725488517E-14,0.848749999999999));
#10515=CARTESIAN_POINT('',(6.,2.70266858341316E-8,0.888437501280004));
#10516=CARTESIAN_POINT('',(6.,-7.34788079488412E-16,4.5));
#10517=CARTESIAN_POINT('Ctrl Pts',(6.,5.13478148889135E-15,0.848749999999999));
#10518=CARTESIAN_POINT('Ctrl Pts',(6.,0.463577349059908,0.852290740252425));
#10519=CARTESIAN_POINT('Ctrl Pts',(5.94627268816407,0.92659753716698,0.856064147506822));
#10520=CARTESIAN_POINT('Ctrl Pts',(5.66013792527608,2.13760781567729,0.866575452850815));
#10521=CARTESIAN_POINT('Ctrl Pts',(5.33518850479647,2.8534696090158,0.873476043790149));
#10522=CARTESIAN_POINT('Ctrl Pts',(4.42093549189463,4.13353854390553,0.887284636691391));
#10523=CARTESIAN_POINT('Ctrl Pts',(3.83554961475637,4.68181382868026,0.894053677278773));
#10524=CARTESIAN_POINT('Ctrl Pts',(2.51498925123105,5.50012492152935,0.906127129625911));
#10525=CARTESIAN_POINT('Ctrl Pts',(1.79945990992792,5.77395049681954,0.912254763294399));
#10526=CARTESIAN_POINT('Ctrl Pts',(0.27614546787872,6.04521542081245,0.925689550387471));
#10527=CARTESIAN_POINT('Ctrl Pts',(-0.51928260507971,6.02919829594934,0.932704784086479));
#10528=CARTESIAN_POINT('Ctrl Pts',(-2.05735514023896,5.6909100278426,0.946269729361842));
#10529=CARTESIAN_POINT('Ctrl Pts',(-2.78515001458185,5.37234583828812,0.952290163419738));
#10530=CARTESIAN_POINT('Ctrl Pts',(-4.06036333002777,4.48358242891655,0.964701753018382));
#10531=CARTESIAN_POINT('Ctrl Pts',(-4.60001185791273,3.92796956289423,0.971325148040228));
#10532=CARTESIAN_POINT('Ctrl Pts',(-5.4572718957674,2.61817186525998,0.985109481968));
#10533=CARTESIAN_POINT('Ctrl Pts',(-5.75669666429971,1.87005057301971,0.99214390991343));
#10534=CARTESIAN_POINT('Ctrl Pts',(-6.03944476001368,0.332701028728118,
1.00513281557865));
#10535=CARTESIAN_POINT('Ctrl Pts',(-6.03261438795025,-0.439484818809159,
1.01071290441729));
#10536=CARTESIAN_POINT('Ctrl Pts',(-5.72700293683808,-1.95039430850001,
1.02360068561581));
#10537=CARTESIAN_POINT('Ctrl Pts',(-5.42689591109626,-2.67420960102809,
1.03045247623169));
#10538=CARTESIAN_POINT('Ctrl Pts',(-4.55762423449902,-3.98234237934713,
1.04427706172422));
#10539=CARTESIAN_POINT('Ctrl Pts',(-3.99094522592138,-4.55009392400812,
1.05111236722113));
#10540=CARTESIAN_POINT('Ctrl Pts',(-2.6991692448934,-5.41201671332196,1.06339198859713));
#10541=CARTESIAN_POINT('Ctrl Pts',(-1.9940008320628,-5.70958922505098,1.06928902043945));
#10542=CARTESIAN_POINT('Ctrl Pts',(-0.484179416454349,-6.03176217319267,
1.08260480653544));
#10543=CARTESIAN_POINT('Ctrl Pts',(0.308512598826656,-6.04329414210287,
1.08959590972577));
#10544=CARTESIAN_POINT('Ctrl Pts',(1.86334522499585,-5.75853361371717,1.10330866969268));
#10545=CARTESIAN_POINT('Ctrl Pts',(2.60953746278842,-5.46105001865293,1.1095882504761));
#10546=CARTESIAN_POINT('Ctrl Pts',(3.91700069735649,-4.6089657703693,1.12186190285476));
#10547=CARTESIAN_POINT('Ctrl Pts',(4.47224356020065,-4.07240578303358,1.12840854128607));
#10548=CARTESIAN_POINT('Ctrl Pts',(5.36840828705659,-2.79508820610558,1.14211635537537));
#10549=CARTESIAN_POINT('Ctrl Pts',(5.69118671527819,-2.059787209929,1.14915584680877));
#10550=CARTESIAN_POINT('Ctrl Pts',(5.95367989163472,-0.860609027169658,
1.15947252739767));
#10551=CARTESIAN_POINT('Ctrl Pts',(6.,-0.430439663538956,1.1629623608476));
#10552=CARTESIAN_POINT('Ctrl Pts',(6.,1.80411241501588E-15,1.16625));
#10553=CARTESIAN_POINT('Ctrl Pts',(6.,5.55111512312578E-15,1.20593750086715));
#10554=CARTESIAN_POINT('Ctrl Pts',(6.,-0.511408508894046,1.20203143277184));
#10555=CARTESIAN_POINT('Ctrl Pts',(5.93461254623905,-1.02181280110539,1.19784469423794));
#10556=CARTESIAN_POINT('Ctrl Pts',(5.60417740241046,-2.28482472390768,1.1867408550881));
#10557=CARTESIAN_POINT('Ctrl Pts',(5.25399163838117,-3.00379721728661,1.17970521978326));
#10558=CARTESIAN_POINT('Ctrl Pts',(4.31260011367034,-4.24059377225027,1.16610746209021));
#10559=CARTESIAN_POINT('Ctrl Pts',(3.739471568969,-4.75368459234375,1.15966120705278));
#10560=CARTESIAN_POINT('Ctrl Pts',(2.40450861976607,-5.55420195633994,1.14766014936562));
#10561=CARTESIAN_POINT('Ctrl Pts',(1.6489682907321,-5.82337917938365,1.14110548509785));
#10562=CARTESIAN_POINT('Ctrl Pts',(0.0886955716667658,-6.05014871245911,
1.12734474653387));
#10563=CARTESIAN_POINT('Ctrl Pts',(-0.700168497334317,-6.01015242540568,
1.1203874037031));
#10564=CARTESIAN_POINT('Ctrl Pts',(-2.19543192677358,-5.63527759363604,
1.10720001095734));
#10565=CARTESIAN_POINT('Ctrl Pts',(-2.89008644709438,-5.31259546786295,
1.10147823178929));
#10566=CARTESIAN_POINT('Ctrl Pts',(-4.15081164772166,-4.40476023541663,
1.08898486278193));
#10567=CARTESIAN_POINT('Ctrl Pts',(-4.69692802841193,-3.81706815218385,
1.08208792966169));
#10568=CARTESIAN_POINT('Ctrl Pts',(-5.51757266074105,-2.48090054148903,
1.06826364971974));
#10569=CARTESIAN_POINT('Ctrl Pts',(-5.7911568250269,-1.74956670402107,1.06147139193969));
#10570=CARTESIAN_POINT('Ctrl Pts',(-6.04496655099455,-0.226843090447706,
1.04872180730075));
#10571=CARTESIAN_POINT('Ctrl Pts',(-6.02415618106253,0.550110498839883,
1.04309235432571));
#10572=CARTESIAN_POINT('Ctrl Pts',(-5.68457177372086,2.07787457754904,1.02992602878637));
#10573=CARTESIAN_POINT('Ctrl Pts',(-5.35957873286152,2.81190877708532,1.02288644714552));
#10574=CARTESIAN_POINT('Ctrl Pts',(-4.45974181701569,4.0860506616397,1.0091866952259));
#10575=CARTESIAN_POINT('Ctrl Pts',(-3.90303666695363,4.62075973719595,1.00264774552463));
#10576=CARTESIAN_POINT('Ctrl Pts',(-2.5924801587285,5.46929715728039,0.990387542856024));
#10577=CARTESIAN_POINT('Ctrl Pts',(-1.84448893049331,5.76472355676581,0.984079868518024));
#10578=CARTESIAN_POINT('Ctrl Pts',(-0.288076307656599,6.04426857507182,
0.970353173858282));
#10579=CARTESIAN_POINT('Ctrl Pts',(0.504301628374411,6.03007886026046,0.963364840672454));
#10580=CARTESIAN_POINT('Ctrl Pts',(2.01279039777762,5.70299167104676,0.950060807775631));
#10581=CARTESIAN_POINT('Ctrl Pts',(2.71696958356934,5.40310161263714,0.944182902598143));
#10582=CARTESIAN_POINT('Ctrl Pts',(4.00590541802774,4.53693021870984,0.931883355219878));
#10583=CARTESIAN_POINT('Ctrl Pts',(4.57071870038006,3.96730836569887,0.925041991898546));
#10584=CARTESIAN_POINT('Ctrl Pts',(5.43554432972452,2.65651502382697,0.911216691219636));
#10585=CARTESIAN_POINT('Ctrl Pts',(5.73321229578698,1.93196673950501,0.904370057688568));
#10586=CARTESIAN_POINT('Ctrl Pts',(5.96153746961193,0.784421226540073,0.894598411754635));
#10587=CARTESIAN_POINT('Ctrl Pts',(5.99999999823308,0.392237549317975,0.891433357515047));
#10588=CARTESIAN_POINT('Ctrl Pts',(6.,2.7028299182108E-8,0.88843750107359));
#10589=CARTESIAN_POINT('Origin',(0.,0.,4.5));
#10590=CARTESIAN_POINT('',(6.,1.28165043776795E-14,0.531249999999999));
#10591=CARTESIAN_POINT('',(6.,4.89395944902278E-17,0.570937500867151));
#10592=CARTESIAN_POINT('',(6.,-7.34788079488412E-16,4.5));
#10593=CARTESIAN_POINT('Ctrl Pts',(6.,-2.77555756156289E-15,0.531249999999999));
#10594=CARTESIAN_POINT('Ctrl Pts',(6.,0.589260436301949,0.535750690446172));
#10595=CARTESIAN_POINT('Ctrl Pts',(5.91318751009112,1.17625777196004,0.540616914605764));
#10596=CARTESIAN_POINT('Ctrl Pts',(5.51406486882087,2.4918505625052,0.552425252000341));
#10597=CARTESIAN_POINT('Ctrl Pts',(5.14178339248065,3.19003024649655,0.559399510630615));
#10598=CARTESIAN_POINT('Ctrl Pts',(4.13916266224546,4.41683027821137,0.573190920037503));
#10599=CARTESIAN_POINT('Ctrl Pts',(3.51349312122619,4.92913865425201,0.579637942611437));
#10600=CARTESIAN_POINT('Ctrl Pts',(2.13057043866185,5.66075742618198,0.591834552381274));
#10601=CARTESIAN_POINT('Ctrl Pts',(1.39331956617985,5.88575879369956,0.598336695492749));
#10602=CARTESIAN_POINT('Ctrl Pts',(-0.155561526801008,6.05027263950649,
0.611996966243345));
#10603=CARTESIAN_POINT('Ctrl Pts',(-0.953693736903419,5.97666043554266,
0.619036048929664));
#10604=CARTESIAN_POINT('Ctrl Pts',(-2.45461553433363,5.52915891977234,0.632273345337555));
#10605=CARTESIAN_POINT('Ctrl Pts',(-3.1453515697674,5.16754272896588,0.637942810300038));
#10606=CARTESIAN_POINT('Ctrl Pts',(-4.35174426641956,4.20227872218483,0.650635221164189));
#10607=CARTESIAN_POINT('Ctrl Pts',(-4.85610623838818,3.60763786078651,0.65740110275562));
#10608=CARTESIAN_POINT('Ctrl Pts',(-5.62231117767903,2.24071658035104,0.671220211087667));
#10609=CARTESIAN_POINT('Ctrl Pts',(-5.86928834660922,1.47738129339171,0.678139562094005));
#10610=CARTESIAN_POINT('Ctrl Pts',(-6.04754073118911,-0.0665684629845038,
0.690718082214962));
#10611=CARTESIAN_POINT('Ctrl Pts',(-5.99054387832702,-0.831004044283245,
0.696388793859534));
#10612=CARTESIAN_POINT('Ctrl Pts',(-5.58873597008878,-2.31871710614107,
0.709523603576353));
#10613=CARTESIAN_POINT('Ctrl Pts',(-5.23964230492501,-3.02598166482758,
0.71646499942811));
#10614=CARTESIAN_POINT('Ctrl Pts',(-4.28219227203507,-4.27708832803632,
0.73024286932691));
#10615=CARTESIAN_POINT('Ctrl Pts',(-3.67912939053344,-4.80568801234368,
0.736927122736298));
#10616=CARTESIAN_POINT('Ctrl Pts',(-2.33075982594624,-5.58095308033811,
0.748818993201754));
#10617=CARTESIAN_POINT('Ctrl Pts',(-1.60461229556437,-5.83135388656477,
0.755223211004425));
#10618=CARTESIAN_POINT('Ctrl Pts',(-0.068356805933445,-6.0514927462392,
0.768772130947695));
#10619=CARTESIAN_POINT('Ctrl Pts',(0.728874423113416,-6.00782665679001,
0.77580326748165));
#10620=CARTESIAN_POINT('Ctrl Pts',(2.2494558416728,-5.61670249275172,0.789213950825888));
#10621=CARTESIAN_POINT('Ctrl Pts',(2.9592319259728,-5.27734226607621,0.795033440555896));
#10622=CARTESIAN_POINT('Ctrl Pts',(4.20167670979202,-4.35185691761001,0.807581007169989));
#10623=CARTESIAN_POINT('Ctrl Pts',(4.72485113790267,-3.77736953759918,0.814275916938801));
#10624=CARTESIAN_POINT('Ctrl Pts',(5.541480335542,-2.43579276972233,0.82812380433032));
#10625=CARTESIAN_POINT('Ctrl Pts',(5.81671496800207,-1.67538774743765,0.835145381941576));
#10626=CARTESIAN_POINT('Ctrl Pts',(5.97823560985834,-0.590341312624512,
0.844145079053782));
#10627=CARTESIAN_POINT('Ctrl Pts',(6.,-0.295058543175884,0.84649638328908));
#10628=CARTESIAN_POINT('Ctrl Pts',(6.,6.24500451351651E-15,0.848749999999999));
#10629=CARTESIAN_POINT('Ctrl Pts',(6.,2.70282996310658E-8,0.88843750107359));
#10630=CARTESIAN_POINT('Ctrl Pts',(6.00000000166648,-0.369941032026823,
0.88561194197742));
#10631=CARTESIAN_POINT('Ctrl Pts',(5.96578617394699,-0.739927652331385,
0.882635161406908));
#10632=CARTESIAN_POINT('Ctrl Pts',(5.75041482602632,-1.88916365094248,0.872907726549264));
#10633=CARTESIAN_POINT('Ctrl Pts',(5.44862745856154,-2.63603181703222,0.865872451404596));
#10634=CARTESIAN_POINT('Ctrl Pts',(4.58741690584218,-3.94262574913496,0.852095166725641));
#10635=CARTESIAN_POINT('Ctrl Pts',(4.04617659326112,-4.49634902062793,0.845479184839464));
#10636=CARTESIAN_POINT('Ctrl Pts',(2.76772981656107,-5.38145923316255,0.833081239191591));
#10637=CARTESIAN_POINT('Ctrl Pts',(2.03812001211303,-5.69793872823721,0.827037587085067));
#10638=CARTESIAN_POINT('Ctrl Pts',(0.498345021110371,-6.03092929622933,
0.813457627094972));
#10639=CARTESIAN_POINT('Ctrl Pts',(-0.296852452300721,-6.04419837264999,
0.80644442715586));
#10640=CARTESIAN_POINT('Ctrl Pts',(-1.81884717748806,-5.76785595327527,
0.793021279232332));
#10641=CARTESIAN_POINT('Ctrl Pts',(-2.53333369363645,-5.49168218904632,
0.786919252164178));
#10642=CARTESIAN_POINT('Ctrl Pts',(-3.85107415185119,-4.66905433750319,
0.774825264004916));
#10643=CARTESIAN_POINT('Ctrl Pts',(-4.43464482099268,-4.11882943137834,
0.768049337039925));
#10644=CARTESIAN_POINT('Ctrl Pts',(-5.3444998252674,-2.83592265032007,0.754238463054989));
#10645=CARTESIAN_POINT('Ctrl Pts',(-5.66700667140374,-2.11923912501137,
0.747342366913855));
#10646=CARTESIAN_POINT('Ctrl Pts',(-6.01648472332208,-0.618697636969202,
0.734340335566452));
#10647=CARTESIAN_POINT('Ctrl Pts',(-6.04635778638606,0.149770960355701,
0.728747995760907));
#10648=CARTESIAN_POINT('Ctrl Pts',(-5.8111306629869,1.69452607016719,0.715912081688916));
#10649=CARTESIAN_POINT('Ctrl Pts',(-5.53350750923291,2.45376171479715,0.708888902908474));
#10650=CARTESIAN_POINT('Ctrl Pts',(-4.71285195637048,3.79228207977487,0.695046604795273));
#10651=CARTESIAN_POINT('Ctrl Pts',(-4.18803688451555,4.36494341127411,0.688358407351529));
#10652=CARTESIAN_POINT('Ctrl Pts',(-2.94238241909984,5.28685580694537,0.675823976656896));
#10653=CARTESIAN_POINT('Ctrl Pts',(-2.23087147100913,5.6242043741651,0.66998754786837));
#10654=CARTESIAN_POINT('Ctrl Pts',(-0.708559168034899,6.01022109163709,
0.656561599085194));
#10655=CARTESIAN_POINT('Ctrl Pts',(0.0885376933891069,6.0511959901274,0.649531647599023));
#10656=CARTESIAN_POINT('Ctrl Pts',(1.62357098672441,5.82607436252332,0.63599350674808));
#10657=CARTESIAN_POINT('Ctrl Pts',(2.3486749587321,5.57340363035579,0.629607723058665));
#10658=CARTESIAN_POINT('Ctrl Pts',(3.69436644632364,4.79398508355194,0.617720505371192));
#10659=CARTESIAN_POINT('Ctrl Pts',(4.29574060768758,4.26347723368103,0.611016666124088));
#10660=CARTESIAN_POINT('Ctrl Pts',(5.2490629079135,3.00954803968306,0.597235440276441));
#10661=CARTESIAN_POINT('Ctrl Pts',(5.59584619597133,2.30142314929084,0.590297661450301));
#10662=CARTESIAN_POINT('Ctrl Pts',(5.93208019921916,1.04123937694851,0.579189851966796));
#10663=CARTESIAN_POINT('Ctrl Pts',(6.,0.52121662479532,0.574918482007383));
#10664=CARTESIAN_POINT('Ctrl Pts',(6.,4.44089209850063E-15,0.570937500867152));
#10665=CARTESIAN_POINT('Origin',(0.,0.,4.5));
#10666=CARTESIAN_POINT('',(6.,2.39409220715646E-8,0.213750000365714));
#10667=CARTESIAN_POINT('',(6.,-1.61639494244751E-15,0.253437500867152));
#10668=CARTESIAN_POINT('',(6.,-7.34788079488412E-16,4.5));
#10669=CARTESIAN_POINT('Ctrl Pts',(6.,2.39423879333511E-8,0.213750000182868));
#10670=CARTESIAN_POINT('Ctrl Pts',(5.99999999710423,0.725684064399978,0.219292675431607));
#10671=CARTESIAN_POINT('Ctrl Pts',(5.86834126198239,1.44568688379408,0.225372536729859));
#10672=CARTESIAN_POINT('Ctrl Pts',(5.33167040184888,2.86287376965193,0.238563385336906));
#10673=CARTESIAN_POINT('Ctrl Pts',(4.90932461534464,3.53854328235094,0.245586484065246));
#10674=CARTESIAN_POINT('Ctrl Pts',(3.83125117507101,4.68352256447981,0.259085683293643));
#10675=CARTESIAN_POINT('Ctrl Pts',(3.18758639841117,5.14326326382328,0.265012258847399));
#10676=CARTESIAN_POINT('Ctrl Pts',(1.77361444564911,5.78315930271745,0.277482705930785));
#10677=CARTESIAN_POINT('Ctrl Pts',(1.01904415913403,5.96256499408687,0.284137596652133));
#10678=CARTESIAN_POINT('Ctrl Pts',(-0.547195738160042,6.028193660528,0.297950962412988));
#10679=CARTESIAN_POINT('Ctrl Pts',(-1.34428269276277,5.90181766268854,0.304980826526496));
#10680=CARTESIAN_POINT('Ctrl Pts',(-2.80884568574044,5.35663607925997,0.317897458478449));
#10681=CARTESIAN_POINT('Ctrl Pts',(-3.46712034593897,4.95603081414346,0.323477220237533));
#10682=CARTESIAN_POINT('Ctrl Pts',(-4.60817690201812,3.92032891181145,0.336419511862414));
#10683=CARTESIAN_POINT('Ctrl Pts',(-5.07679552431545,3.29095980122112,0.343293024817843));
#10684=CARTESIAN_POINT('Ctrl Pts',(-5.75515955894624,1.87324745336355,0.357112714371939));
#10685=CARTESIAN_POINT('Ctrl Pts',(-5.95233370274872,1.09574200074715,0.363920677654707));
#10686=CARTESIAN_POINT('Ctrl Pts',(-6.03061833147162,-0.455331336727004,
0.376112776677193));
#10687=CARTESIAN_POINT('Ctrl Pts',(-5.92478177583959,-1.2135305108267,0.382100471185171));
#10688=CARTESIAN_POINT('Ctrl Pts',(-5.42728207856052,-2.67638083731634,
0.395467356945646));
#10689=CARTESIAN_POINT('Ctrl Pts',(-5.03016645060823,-3.36390110326304,
0.402469712112147));
#10690=CARTESIAN_POINT('Ctrl Pts',(-3.9898912016568,-4.5505532699616,0.416120523596809));
#10691=CARTESIAN_POINT('Ctrl Pts',(-3.35530819430555,-5.03673152354593,
0.422283045786366));
#10692=CARTESIAN_POINT('Ctrl Pts',(-1.95698032712929,-5.72339127592066,
0.434615520726044));
#10693=CARTESIAN_POINT('Ctrl Pts',(-1.21091848745945,-5.92626761503733,
0.441195371673133));
#10694=CARTESIAN_POINT('Ctrl Pts',(0.347212145279199,-6.04264723849851,
0.454937218225759));
#10695=CARTESIAN_POINT('Ctrl Pts',(1.14525210620889,-5.94327721112896,0.461975487325624));
#10696=CARTESIAN_POINT('Ctrl Pts',(2.62869351498176,-5.44786660356974,0.475058616416885));
#10697=CARTESIAN_POINT('Ctrl Pts',(3.30342069068488,-5.0672173387492,0.480656122794688));
#10698=CARTESIAN_POINT('Ctrl Pts',(4.47824119594934,-4.06764940370603,0.493471317767109));
#10699=CARTESIAN_POINT('Ctrl Pts',(4.96558037148587,-3.45592570796863,0.500292609902072));
#10700=CARTESIAN_POINT('Ctrl Pts',(5.68965962494101,-2.06369768873684,0.51411924506345));
#10701=CARTESIAN_POINT('Ctrl Pts',(5.91261516778026,-1.29308356364896,0.520988262139361));
#10702=CARTESIAN_POINT('Ctrl Pts',(5.99301823969621,-0.334412760832069,
0.528665013545133));
#10703=CARTESIAN_POINT('Ctrl Pts',(6.,-0.167115604939332,0.52997359391498));
#10704=CARTESIAN_POINT('Ctrl Pts',(6.,2.28983498828939E-15,0.531249999999999));
#10705=CARTESIAN_POINT('Ctrl Pts',(6.,6.86950496486816E-15,0.570937500867152));
#10706=CARTESIAN_POINT('Ctrl Pts',(6.,-0.23576342722821,0.569136772124624));
#10707=CARTESIAN_POINT('Ctrl Pts',(5.98610426129323,-0.471770181872014,
0.567272908532831));
#10708=CARTESIAN_POINT('Ctrl Pts',(5.86463596426,-1.49574612862789,0.558916279152868));
#10709=CARTESIAN_POINT('Ctrl Pts',(5.6152681454895,-2.25831083395156,0.551992271641717));
#10710=CARTESIAN_POINT('Ctrl Pts',(4.84489590840135,-3.62262953977061,0.538174664792168));
#10711=CARTESIAN_POINT('Ctrl Pts',(4.33886224352625,-4.2155357375481,0.531414660622353));
#10712=CARTESIAN_POINT('Ctrl Pts',(3.1293184039409,-5.1773487144863,0.518734712586113));
#10713=CARTESIAN_POINT('Ctrl Pts',(2.43695070388564,-5.53704309331584,0.513055052213872));
#10714=CARTESIAN_POINT('Ctrl Pts',(0.934296248248087,-5.97968871680983,
0.499802474723175));
#10715=CARTESIAN_POINT('Ctrl Pts',(0.136199116820481,-6.05070518559006,
0.492763701411277));
#10716=CARTESIAN_POINT('Ctrl Pts',(-1.41166748660737,-5.88135540051083,
0.479112377894931));
#10717=CARTESIAN_POINT('Ctrl Pts',(-2.14799261062787,-5.65413859937203,
0.472618399370582));
#10718=CARTESIAN_POINT('Ctrl Pts',(-3.52933468353716,-4.9179660512676,0.460435729699783));
#10719=CARTESIAN_POINT('Ctrl Pts',(-4.15408860309243,-4.40297143827164,
0.453956749731606));
#10720=CARTESIAN_POINT('Ctrl Pts',(-5.15282127517044,-3.17210339317151,
0.440151414652515));
#10721=CARTESIAN_POINT('Ctrl Pts',(-5.52255761275159,-2.47288611509251,
0.433180454375759));
#10722=CARTESIAN_POINT('Ctrl Pts',(-5.96527983203542,-0.995571837184257,
0.419944648398826));
#10723=CARTESIAN_POINT('Ctrl Pts',(-6.04325851238646,-0.23398144551357,
0.414165377100893));
#10724=CARTESIAN_POINT('Ctrl Pts',(-5.90815645532476,1.31331061774283,0.401751609856244));
#10725=CARTESIAN_POINT('Ctrl Pts',(-5.68256181379624,2.08316595466506,0.3948767506082));
#10726=CARTESIAN_POINT('Ctrl Pts',(-4.95383221155243,3.47268810547501,0.381050275752555));
#10727=CARTESIAN_POINT('Ctrl Pts',(-4.46460292413471,4.08256562070403,0.374234749622981));
#10728=CARTESIAN_POINT('Ctrl Pts',(-3.28632060636903,5.07839647413862,0.36143283233615));
#10729=CARTESIAN_POINT('Ctrl Pts',(-2.60986795971673,5.45697750822812,0.355830086345209));
#10730=CARTESIAN_POINT('Ctrl Pts',(-1.12450038024926,5.94720036161763,0.342729969498513));
#10731=CARTESIAN_POINT('Ctrl Pts',(-0.326411682349584,6.04376904876185,
0.335691270565644));
#10732=CARTESIAN_POINT('Ctrl Pts',(1.23078482330502,5.9221416305678,0.321957662494939));
#10733=CARTESIAN_POINT('Ctrl Pts',(1.97592139314846,5.71684666381794,0.31538597191368));
#10734=CARTESIAN_POINT('Ctrl Pts',(3.37259762264758,5.02531593471219,0.303068063500738));
#10735=CARTESIAN_POINT('Ctrl Pts',(4.00622484382236,4.53634074658401,0.296877444333559));
#10736=CARTESIAN_POINT('Ctrl Pts',(5.04248381483855,3.34534143116395,0.283211140592858));
#10737=CARTESIAN_POINT('Ctrl Pts',(5.4369353655231,2.65663062297131,0.276211440068589));
#10738=CARTESIAN_POINT('Ctrl Pts',(5.89463884869528,1.29479801707871,0.263791604061861));
#10739=CARTESIAN_POINT('Ctrl Pts',(6.,0.649166529116621,0.258395745839283));
#10740=CARTESIAN_POINT('Ctrl Pts',(6.,-1.2490009027033E-15,0.253437500867151));
#10741=CARTESIAN_POINT('Origin',(0.,0.,2.));
#10742=CARTESIAN_POINT('',(-1.75,-2.14313189850787E-16,0.999999999999999));
#10743=CARTESIAN_POINT('Origin',(0.,0.,0.999999999999999));
#10744=CARTESIAN_POINT('',(-1.75,-2.14313189850787E-16,11.));
#10745=CARTESIAN_POINT('',(-1.75,-2.14313189850787E-16,2.));
#10746=CARTESIAN_POINT('Origin',(0.,0.,11.));
#10747=CARTESIAN_POINT('Origin',(0.,0.,9.));
#10748=CARTESIAN_POINT('',(4.,-4.89858719658941E-16,1.));
#10749=CARTESIAN_POINT('Origin',(0.,0.,0.999999999999999));
#10750=CARTESIAN_POINT('',(4.,-4.89858719658941E-16,0.));
#10751=CARTESIAN_POINT('',(4.,-4.89858719658941E-16,9.));
#10752=CARTESIAN_POINT('Origin',(0.,0.,0.));
#10753=CARTESIAN_POINT('Origin',(0.,0.,10.9792740578363));
#10754=CARTESIAN_POINT('',(-3.28589838486231,-4.02406493934509E-16,11.));
#10755=CARTESIAN_POINT('Origin',(0.,0.,11.));
#10756=CARTESIAN_POINT('',(-6.75000000000002,-8.26636589424466E-16,13.));
#10757=CARTESIAN_POINT('',(-3.25,-3.9801020972289E-16,10.9792740578363));
#10758=CARTESIAN_POINT('Origin',(0.,0.,13.));
#10759=CARTESIAN_POINT('Origin',(0.,0.,8.9));
#10760=CARTESIAN_POINT('',(-7.,-8.57252759403147E-16,13.));
#10761=CARTESIAN_POINT('Origin',(0.,0.,13.));
#10762=CARTESIAN_POINT('',(-7.,-8.57252759403147E-16,8.9));
#10763=CARTESIAN_POINT('',(-7.,-8.57252759403147E-16,8.9));
#10764=CARTESIAN_POINT('Origin',(0.,0.,8.9));
#10765=CARTESIAN_POINT('Origin',(0.,0.,13.));
#10766=CARTESIAN_POINT('',(5.75,-7.04171909509728E-16,4.5));
#10767=CARTESIAN_POINT('Origin',(0.,0.,4.5));
#10768=CARTESIAN_POINT('',(5.75,-7.04171909509728E-16,8.9));
#10769=CARTESIAN_POINT('',(5.75,-7.04171909509728E-16,13.));
#10770=CARTESIAN_POINT('Origin',(0.,0.,8.9));
#10771=CARTESIAN_POINT('Origin',(0.,0.,4.5));
#10772=CARTESIAN_POINT('',(1.7362205707636,5.74330376435526,-8.79542826343866E-17));
#10773=CARTESIAN_POINT('Ctrl Pts',(6.,-5.16947595841089E-15,0.253437500867151));
#10774=CARTESIAN_POINT('Ctrl Pts',(6.,-0.107856916334095,0.252613704523475));
#10775=CARTESIAN_POINT('Ctrl Pts',(5.99709175639346,-0.215811222477815,
0.251776339783311));
#10776=CARTESIAN_POINT('Ctrl Pts',(5.94839958204295,-1.11690989013251,0.24467915270453));
#10777=CARTESIAN_POINT('Ctrl Pts',(5.74845712720324,-1.89372030302281,0.237864290557222));
#10778=CARTESIAN_POINT('Ctrl Pts',(5.0651596381705,-3.3087780834176,0.224043121062052));
#10779=CARTESIAN_POINT('Ctrl Pts',(4.59450871990616,-3.93628609580097,0.217174861058951));
#10780=CARTESIAN_POINT('Ctrl Pts',(3.4498299255311,-4.96813900201979,0.204245994474114));
#10781=CARTESIAN_POINT('Ctrl Pts',(2.78982252403098,-5.3666210332006,0.198667185627685));
#10782=CARTESIAN_POINT('Ctrl Pts',(1.3232275101389,-5.90653418952783,0.185732632380161));
#10783=CARTESIAN_POINT('Ctrl Pts',(0.525997790373763,-6.0300412878501,0.17870150915723));
#10784=CARTESIAN_POINT('Ctrl Pts',(-1.03945763120124,-5.95900748814979,
0.164895062036391));
#10785=CARTESIAN_POINT('Ctrl Pts',(-1.79315940313664,-5.77709522806927,
0.158247831131124));
#10786=CARTESIAN_POINT('Ctrl Pts',(-3.20549261623528,-5.13224640716829,
0.145791836821157));
#10787=CARTESIAN_POINT('Ctrl Pts',(-3.84820242279103,-4.66974085999205,
0.139843171097043));
#10788=CARTESIAN_POINT('Ctrl Pts',(-4.92233680346864,-3.5203545216513,0.126327681535977));
#10789=CARTESIAN_POINT('Ctrl Pts',(-5.34204090732979,-2.84339469572724,
0.119306376658728));
#10790=CARTESIAN_POINT('Ctrl Pts',(-5.88527864720904,-1.39312972457752,
0.105833924054484));
#10791=CARTESIAN_POINT('Ctrl Pts',(-6.01423377948708,-0.637408363093494,
0.0996187055924897));
#10792=CARTESIAN_POINT('Ctrl Pts',(-5.98257488995957,0.916272527700006,
0.0876122969934055));
#10793=CARTESIAN_POINT('Ctrl Pts',(-5.80889833895091,1.69924906045176,0.0808661642075595));
#10794=CARTESIAN_POINT('Ctrl Pts',(-5.17264714914075,3.13871243148092,0.0670660492674035));
#10795=CARTESIAN_POINT('Ctrl Pts',(-4.72149168710949,3.78355830842013,0.0601513345778013));
#10796=CARTESIAN_POINT('Ctrl Pts',(-3.61117798996303,4.85165800526938,0.0470971605071756));
#10797=CARTESIAN_POINT('Ctrl Pts',(-2.96730572045418,5.27013155396287,0.0414824888183422));
#10798=CARTESIAN_POINT('Ctrl Pts',(-1.63348976785749,5.81316217742238,0.029718973125301));
#10799=CARTESIAN_POINT('Ctrl Pts',(-0.965611963163092,5.96059829224126,
0.0238286619311201));
#10800=CARTESIAN_POINT('Ctrl Pts',(0.396496242067259,6.02589985638276,0.0118156242877696));
#10801=CARTESIAN_POINT('Ctrl Pts',(1.08090677149494,5.94140738994736,0.00577950364632791));
#10802=CARTESIAN_POINT('Ctrl Pts',(1.7362205707636,5.74330376435526,5.31259064517897E-17));
#10803=CARTESIAN_POINT('',(-2.78321223730953,5.31525560915967,8.59952459378194E-5));
#10804=CARTESIAN_POINT('Origin',(0.,0.,0.));
#10805=CARTESIAN_POINT('Ctrl Pts',(-2.78328081167732,5.31538784317276,0.000171990491875727));
#10806=CARTESIAN_POINT('Ctrl Pts',(-3.40040086294055,4.9922470963713,0.00561464649954944));
#10807=CARTESIAN_POINT('Ctrl Pts',(-3.95656009527445,4.56408812944831,0.0111291180811002));
#10808=CARTESIAN_POINT('Ctrl Pts',(-4.91478266048571,3.51675158183802,0.023354026419422));
#10809=CARTESIAN_POINT('Ctrl Pts',(-5.30238481294951,2.89954212894244,0.0297774054486364));
#10810=CARTESIAN_POINT('Ctrl Pts',(-5.86584280818235,1.49087669981022,0.0430212921621139));
#10811=CARTESIAN_POINT('Ctrl Pts',(-6.01147028294068,0.702160562607513,
0.0495864131021284));
#10812=CARTESIAN_POINT('Ctrl Pts',(-5.98760992914832,-0.854137459553591,
0.0615784216155491));
#10813=CARTESIAN_POINT('Ctrl Pts',(-5.83079254013952,-1.60713168441484,
0.0680212094218971));
#10814=CARTESIAN_POINT('Ctrl Pts',(-5.2323069397305,-3.04138503654953,0.0816149951930232));
#10815=CARTESIAN_POINT('Ctrl Pts',(-4.7856798521651,-3.7046362405921,0.088650318374823));
#10816=CARTESIAN_POINT('Ctrl Pts',(-3.67156665523742,-4.80860144492718,
0.10199518301438));
#10817=CARTESIAN_POINT('Ctrl Pts',(-3.01904526072243,-5.24293932001762,
0.107748698047864));
#10818=CARTESIAN_POINT('Ctrl Pts',(-1.58999088164316,-5.83662826112984,
0.120352163752242));
#10819=CARTESIAN_POINT('Ctrl Pts',(-0.827700845335724,-5.99242899421344,
0.127075138378009));
#10820=CARTESIAN_POINT('Ctrl Pts',(0.744993653812831,-6.00732591087348,
0.140945430141333));
#10821=CARTESIAN_POINT('Ctrl Pts',(1.54026690409062,-5.85410667126952,0.14795929839031));
#10822=CARTESIAN_POINT('Ctrl Pts',(2.98551195714001,-5.25980406291378,0.160705556844287));
#10823=CARTESIAN_POINT('Ctrl Pts',(3.62773218011347,-4.83925426959268,0.1663273970533));
#10824=CARTESIAN_POINT('Ctrl Pts',(4.73444506003447,-3.76739174646212,0.179394432471577));
#10825=CARTESIAN_POINT('Ctrl Pts',(5.18353119632778,-3.12077107149789,0.18631357767354));
#10826=CARTESIAN_POINT('Ctrl Pts',(5.81482434402977,-1.678851836476,0.200110586577797));
#10827=CARTESIAN_POINT('Ctrl Pts',(5.98574989656951,-0.895284478270379,
0.206849100868396));
#10828=CARTESIAN_POINT('Ctrl Pts',(5.99971565514628,-0.0674624270617532,
0.213233477346999));
#10829=CARTESIAN_POINT('Ctrl Pts',(6.00000000013458,-0.0337250759002937,
0.213492412493354));
#10830=CARTESIAN_POINT('Ctrl Pts',(6.,2.39423875329643E-8,0.213750000182868));
#10831=CARTESIAN_POINT('Origin',(0.,0.,0.));
#10832=CARTESIAN_POINT('Ctrl Pts',(-2.78314366294174,5.31512337514657,-8.7659881892006E-17));
#10833=CARTESIAN_POINT('Ctrl Pts',(-3.33313997545469,5.01757843169915,-8.7659881892006E-17));
#10834=CARTESIAN_POINT('Ctrl Pts',(-3.82929885024681,4.63878512137197,4.57398733989631E-16));
#10835=CARTESIAN_POINT('Ctrl Pts',(-4.65553516017141,3.77312027584167,4.57398733989631E-16));
#10836=CARTESIAN_POINT('Ctrl Pts',(-4.98952211158663,3.30303781555445,-9.29353395554489E-18));
#10837=CARTESIAN_POINT('Ctrl Pts',(-5.58635225575245,2.13779815666919,-9.29353395554489E-18));
#10838=CARTESIAN_POINT('Ctrl Pts',(-5.79737923489347,1.42660244983349,-7.49181963381771E-16));
#10839=CARTESIAN_POINT('Ctrl Pts',(-5.95356695655858,-0.0763984821948259,
-7.49181963381771E-16));
#10840=CARTESIAN_POINT('Ctrl Pts',(-5.88217954790929,-0.856442691738451,
-2.97515374303088E-16));
#10841=CARTESIAN_POINT('Ctrl Pts',(-5.49451862511899,-2.15146489163487,
-2.97515374303088E-16));
#10842=CARTESIAN_POINT('Ctrl Pts',(-5.24983767088693,-2.67441011354284,
-2.10477591272513E-16));
#10843=CARTESIAN_POINT('Ctrl Pts',(-4.61323890614519,-3.63678389507756,
-2.12299273435291E-16));
#10844=CARTESIAN_POINT('Ctrl Pts',(-4.22348224392393,-4.07007788828866,
-1.87293939255728E-17));
#10845=CARTESIAN_POINT('Ctrl Pts',(-3.77649842705508,-4.43907307075442,
-1.87293939255728E-17));
#10846=CARTESIAN_POINT('Ctrl Pts',(4.49968772523344,-3.70406809770421,3.88196451002513E-17));
#10847=CARTESIAN_POINT('Ctrl Pts',(4.86724302164589,-3.2714179062314,3.88196451002513E-17));
#10848=CARTESIAN_POINT('Ctrl Pts',(5.1697835758871,-2.78749904163114,-4.08311260961233E-16));
#10849=CARTESIAN_POINT('Ctrl Pts',(5.63592136246187,-1.72444524841306,-4.06491320619292E-16));
#10850=CARTESIAN_POINT('Ctrl Pts',(5.79000018017866,-1.14819652626555,-2.27674111711041E-14));
#10851=CARTESIAN_POINT('Ctrl Pts',(5.93999145760808,0.218504574587317,-2.27674111711041E-14));
#10852=CARTESIAN_POINT('Ctrl Pts',(5.86853780223454,1.00721663773855,1.03640065192637E-15));
#10853=CARTESIAN_POINT('Ctrl Pts',(5.43280056789732,2.48660410895088,1.03875406886958E-15));
#10854=CARTESIAN_POINT('Ctrl Pts',(5.0794140515936,3.16840122896707,9.23583030268861E-18));
#10855=CARTESIAN_POINT('Ctrl Pts',(4.24921391888162,4.21641033200701,9.23583030268861E-18));
#10856=CARTESIAN_POINT('Ctrl Pts',(3.8276509103371,4.61348163409487,2.67163894704047E-16));
#10857=CARTESIAN_POINT('Ctrl Pts',(2.85967511617512,5.29021769754493,2.67163894704047E-16));
#10858=CARTESIAN_POINT('Ctrl Pts',(2.31222370996315,5.55994308232301,-4.50325645829512E-17));
#10859=CARTESIAN_POINT('Ctrl Pts',(1.7362205707636,5.74330376435526,-4.50325645829512E-17));
#10860=CARTESIAN_POINT('Origin',(0.,0.,8.9));
#10861=CARTESIAN_POINT('Origin',(0.,0.,13.));
#10862=CARTESIAN_POINT('Origin',(0.,0.,11.));
#10863=CARTESIAN_POINT('Origin',(0.,0.,4.5));
#10864=CARTESIAN_POINT('Ctrl Pts',(-5.8281480846875,0.,4.40078125043358));
#10865=CARTESIAN_POINT('Ctrl Pts',(-5.8281480846875,3.36488286557133,4.37432291710024));
#10866=CARTESIAN_POINT('Ctrl Pts',(-2.91407404234375,5.047324298357,4.34786458376691));
#10867=CARTESIAN_POINT('Ctrl Pts',(-4.1207930308277E-16,6.72976573114266,
4.32140625043358));
#10868=CARTESIAN_POINT('Ctrl Pts',(2.91407404234375,5.047324298357,4.29494791710024));
#10869=CARTESIAN_POINT('Ctrl Pts',(5.8281480846875,3.36488286557133,4.26848958376691));
#10870=CARTESIAN_POINT('Ctrl Pts',(5.8281480846875,7.13742289686932E-16,
4.24203125043358));
#10871=CARTESIAN_POINT('Ctrl Pts',(5.8281480846875,-3.36488286557133,4.21557291710024));
#10872=CARTESIAN_POINT('Ctrl Pts',(2.91407404234375,-5.047324298357,4.18911458376691));
#10873=CARTESIAN_POINT('Ctrl Pts',(1.23623790924831E-15,-6.72976573114266,
4.16265625043358));
#10874=CARTESIAN_POINT('Ctrl Pts',(-2.91407404234375,-5.047324298357,4.13619791710024));
#10875=CARTESIAN_POINT('Ctrl Pts',(-5.8281480846875,-3.36488286557133,4.10973958376691));
#10876=CARTESIAN_POINT('Ctrl Pts',(-5.8281480846875,0.,4.08328125043358));
#10877=CARTESIAN_POINT('Ctrl Pts',(-5.8281480846875,3.36488286557133,4.05682291710024));
#10878=CARTESIAN_POINT('Ctrl Pts',(-2.91407404234375,5.047324298357,4.03036458376691));
#10879=CARTESIAN_POINT('Ctrl Pts',(-4.1207930308277E-16,6.72976573114266,
4.00390625043358));
#10880=CARTESIAN_POINT('Ctrl Pts',(2.91407404234375,5.047324298357,3.97744791710024));
#10881=CARTESIAN_POINT('Ctrl Pts',(5.8281480846875,3.36488286557133,3.95098958376691));
#10882=CARTESIAN_POINT('Ctrl Pts',(5.8281480846875,7.13742289686932E-16,
3.92453125043358));
#10883=CARTESIAN_POINT('Ctrl Pts',(5.8281480846875,-3.36488286557133,3.89807291710024));
#10884=CARTESIAN_POINT('Ctrl Pts',(2.91407404234375,-5.047324298357,3.87161458376691));
#10885=CARTESIAN_POINT('Ctrl Pts',(1.23623790924831E-15,-6.72976573114266,
3.84515625043358));
#10886=CARTESIAN_POINT('Ctrl Pts',(-2.91407404234375,-5.047324298357,3.81869791710024));
#10887=CARTESIAN_POINT('Ctrl Pts',(-5.8281480846875,-3.36488286557133,3.79223958376691));
#10888=CARTESIAN_POINT('Ctrl Pts',(-5.8281480846875,0.,3.76578125043358));
#10889=CARTESIAN_POINT('Ctrl Pts',(-5.8281480846875,3.36488286557133,3.73932291710024));
#10890=CARTESIAN_POINT('Ctrl Pts',(-2.91407404234375,5.047324298357,3.71286458376691));
#10891=CARTESIAN_POINT('Ctrl Pts',(-4.1207930308277E-16,6.72976573114266,
3.68640625043358));
#10892=CARTESIAN_POINT('Ctrl Pts',(2.91407404234375,5.047324298357,3.65994791710024));
#10893=CARTESIAN_POINT('Ctrl Pts',(5.8281480846875,3.36488286557133,3.63348958376691));
#10894=CARTESIAN_POINT('Ctrl Pts',(5.8281480846875,7.13742289686932E-16,
3.60703125043357));
#10895=CARTESIAN_POINT('Ctrl Pts',(5.8281480846875,-3.36488286557133,3.58057291710024));
#10896=CARTESIAN_POINT('Ctrl Pts',(2.91407404234375,-5.047324298357,3.55411458376691));
#10897=CARTESIAN_POINT('Ctrl Pts',(1.23623790924831E-15,-6.72976573114266,
3.52765625043358));
#10898=CARTESIAN_POINT('Ctrl Pts',(-2.91407404234375,-5.047324298357,3.50119791710024));
#10899=CARTESIAN_POINT('Ctrl Pts',(-5.8281480846875,-3.36488286557133,3.47473958376691));
#10900=CARTESIAN_POINT('Ctrl Pts',(-5.8281480846875,0.,3.44828125043358));
#10901=CARTESIAN_POINT('Ctrl Pts',(-5.8281480846875,3.36488286557133,3.42182291710024));
#10902=CARTESIAN_POINT('Ctrl Pts',(-2.91407404234375,5.047324298357,3.39536458376691));
#10903=CARTESIAN_POINT('Ctrl Pts',(-4.1207930308277E-16,6.72976573114266,
3.36890625043358));
#10904=CARTESIAN_POINT('Ctrl Pts',(2.91407404234375,5.047324298357,3.34244791710024));
#10905=CARTESIAN_POINT('Ctrl Pts',(5.8281480846875,3.36488286557133,3.31598958376691));
#10906=CARTESIAN_POINT('Ctrl Pts',(5.8281480846875,7.13742289686932E-16,
3.28953125043357));
#10907=CARTESIAN_POINT('Ctrl Pts',(5.8281480846875,-3.36488286557133,3.26307291710024));
#10908=CARTESIAN_POINT('Ctrl Pts',(2.91407404234375,-5.047324298357,3.23661458376691));
#10909=CARTESIAN_POINT('Ctrl Pts',(1.23623790924831E-15,-6.72976573114266,
3.21015625043358));
#10910=CARTESIAN_POINT('Ctrl Pts',(-2.91407404234375,-5.047324298357,3.18369791710024));
#10911=CARTESIAN_POINT('Ctrl Pts',(-5.8281480846875,-3.36488286557133,3.15723958376691));
#10912=CARTESIAN_POINT('Ctrl Pts',(-5.8281480846875,0.,3.13078125043358));
#10913=CARTESIAN_POINT('Ctrl Pts',(-5.8281480846875,3.36488286557133,3.10432291710024));
#10914=CARTESIAN_POINT('Ctrl Pts',(-2.91407404234375,5.047324298357,3.07786458376691));
#10915=CARTESIAN_POINT('Ctrl Pts',(-4.1207930308277E-16,6.72976573114266,
3.05140625043357));
#10916=CARTESIAN_POINT('Ctrl Pts',(2.91407404234375,5.047324298357,3.02494791710024));
#10917=CARTESIAN_POINT('Ctrl Pts',(5.8281480846875,3.36488286557133,2.99848958376691));
#10918=CARTESIAN_POINT('Ctrl Pts',(5.8281480846875,7.13742289686932E-16,
2.97203125043358));
#10919=CARTESIAN_POINT('Ctrl Pts',(5.8281480846875,-3.36488286557133,2.94557291710024));
#10920=CARTESIAN_POINT('Ctrl Pts',(2.91407404234375,-5.047324298357,2.91911458376691));
#10921=CARTESIAN_POINT('Ctrl Pts',(1.23623790924831E-15,-6.72976573114266,
2.89265625043358));
#10922=CARTESIAN_POINT('Ctrl Pts',(-2.91407404234375,-5.047324298357,2.86619791710024));
#10923=CARTESIAN_POINT('Ctrl Pts',(-5.8281480846875,-3.36488286557133,2.83973958376691));
#10924=CARTESIAN_POINT('Ctrl Pts',(-5.8281480846875,0.,2.81328125043358));
#10925=CARTESIAN_POINT('Ctrl Pts',(-5.8281480846875,3.36488286557133,2.78682291710024));
#10926=CARTESIAN_POINT('Ctrl Pts',(-2.91407404234375,5.047324298357,2.76036458376691));
#10927=CARTESIAN_POINT('Ctrl Pts',(-4.1207930308277E-16,6.72976573114266,
2.73390625043358));
#10928=CARTESIAN_POINT('Ctrl Pts',(2.91407404234375,5.047324298357,2.70744791710024));
#10929=CARTESIAN_POINT('Ctrl Pts',(5.8281480846875,3.36488286557133,2.68098958376691));
#10930=CARTESIAN_POINT('Ctrl Pts',(5.8281480846875,7.13742289686932E-16,
2.65453125043358));
#10931=CARTESIAN_POINT('Ctrl Pts',(5.8281480846875,-3.36488286557133,2.62807291710024));
#10932=CARTESIAN_POINT('Ctrl Pts',(2.91407404234375,-5.047324298357,2.60161458376691));
#10933=CARTESIAN_POINT('Ctrl Pts',(1.23623790924831E-15,-6.72976573114266,
2.57515625043358));
#10934=CARTESIAN_POINT('Ctrl Pts',(-2.91407404234375,-5.047324298357,2.54869791710024));
#10935=CARTESIAN_POINT('Ctrl Pts',(-5.8281480846875,-3.36488286557133,2.52223958376691));
#10936=CARTESIAN_POINT('Ctrl Pts',(-5.8281480846875,0.,2.49578125043358));
#10937=CARTESIAN_POINT('Ctrl Pts',(-5.8281480846875,3.36488286557133,2.46932291710024));
#10938=CARTESIAN_POINT('Ctrl Pts',(-2.91407404234375,5.047324298357,2.44286458376691));
#10939=CARTESIAN_POINT('Ctrl Pts',(-4.1207930308277E-16,6.72976573114266,
2.41640625043358));
#10940=CARTESIAN_POINT('Ctrl Pts',(2.91407404234375,5.047324298357,2.38994791710024));
#10941=CARTESIAN_POINT('Ctrl Pts',(5.8281480846875,3.36488286557133,2.36348958376691));
#10942=CARTESIAN_POINT('Ctrl Pts',(5.8281480846875,7.13742289686932E-16,
2.33703125043358));
#10943=CARTESIAN_POINT('Ctrl Pts',(5.8281480846875,-3.36488286557133,2.31057291710024));
#10944=CARTESIAN_POINT('Ctrl Pts',(2.91407404234375,-5.047324298357,2.28411458376691));
#10945=CARTESIAN_POINT('Ctrl Pts',(1.23623790924831E-15,-6.72976573114266,
2.25765625043358));
#10946=CARTESIAN_POINT('Ctrl Pts',(-2.91407404234375,-5.047324298357,2.23119791710024));
#10947=CARTESIAN_POINT('Ctrl Pts',(-5.8281480846875,-3.36488286557133,2.20473958376691));
#10948=CARTESIAN_POINT('Ctrl Pts',(-5.8281480846875,0.,2.17828125043358));
#10949=CARTESIAN_POINT('Ctrl Pts',(-5.8281480846875,3.36488286557133,2.15182291710024));
#10950=CARTESIAN_POINT('Ctrl Pts',(-2.91407404234375,5.047324298357,2.12536458376691));
#10951=CARTESIAN_POINT('Ctrl Pts',(-4.1207930308277E-16,6.72976573114266,
2.09890625043358));
#10952=CARTESIAN_POINT('Ctrl Pts',(2.91407404234375,5.047324298357,2.07244791710024));
#10953=CARTESIAN_POINT('Ctrl Pts',(5.8281480846875,3.36488286557133,2.04598958376691));
#10954=CARTESIAN_POINT('Ctrl Pts',(5.8281480846875,7.13742289686932E-16,
2.01953125043357));
#10955=CARTESIAN_POINT('Ctrl Pts',(5.8281480846875,-3.36488286557133,1.99307291710024));
#10956=CARTESIAN_POINT('Ctrl Pts',(2.91407404234375,-5.047324298357,1.96661458376691));
#10957=CARTESIAN_POINT('Ctrl Pts',(1.23623790924831E-15,-6.72976573114266,
1.94015625043358));
#10958=CARTESIAN_POINT('Ctrl Pts',(-2.91407404234375,-5.047324298357,1.91369791710024));
#10959=CARTESIAN_POINT('Ctrl Pts',(-5.8281480846875,-3.36488286557133,1.88723958376691));
#10960=CARTESIAN_POINT('Ctrl Pts',(-5.8281480846875,0.,1.86078125043358));
#10961=CARTESIAN_POINT('Ctrl Pts',(-5.8281480846875,3.36488286557133,1.83432291710024));
#10962=CARTESIAN_POINT('Ctrl Pts',(-2.91407404234375,5.047324298357,1.80786458376691));
#10963=CARTESIAN_POINT('Ctrl Pts',(-4.1207930308277E-16,6.72976573114266,
1.78140625043358));
#10964=CARTESIAN_POINT('Ctrl Pts',(2.91407404234375,5.047324298357,1.75494791710024));
#10965=CARTESIAN_POINT('Ctrl Pts',(5.8281480846875,3.36488286557133,1.72848958376691));
#10966=CARTESIAN_POINT('Ctrl Pts',(5.8281480846875,7.13742289686932E-16,
1.70203125043358));
#10967=CARTESIAN_POINT('Ctrl Pts',(5.8281480846875,-3.36488286557133,1.67557291710024));
#10968=CARTESIAN_POINT('Ctrl Pts',(2.91407404234375,-5.047324298357,1.64911458376691));
#10969=CARTESIAN_POINT('Ctrl Pts',(1.23623790924831E-15,-6.72976573114266,
1.62265625043358));
#10970=CARTESIAN_POINT('Ctrl Pts',(-2.91407404234375,-5.047324298357,1.59619791710024));
#10971=CARTESIAN_POINT('Ctrl Pts',(-5.8281480846875,-3.36488286557133,1.56973958376691));
#10972=CARTESIAN_POINT('Ctrl Pts',(-5.8281480846875,0.,1.54328125043357));
#10973=CARTESIAN_POINT('Ctrl Pts',(-5.8281480846875,3.36488286557133,1.51682291710024));
#10974=CARTESIAN_POINT('Ctrl Pts',(-2.91407404234375,5.047324298357,1.49036458376691));
#10975=CARTESIAN_POINT('Ctrl Pts',(-4.1207930308277E-16,6.72976573114266,
1.46390625043358));
#10976=CARTESIAN_POINT('Ctrl Pts',(2.91407404234375,5.047324298357,1.43744791710024));
#10977=CARTESIAN_POINT('Ctrl Pts',(5.8281480846875,3.36488286557133,1.41098958376691));
#10978=CARTESIAN_POINT('Ctrl Pts',(5.8281480846875,7.13742289686932E-16,
1.38453125043357));
#10979=CARTESIAN_POINT('Ctrl Pts',(5.8281480846875,-3.36488286557133,1.35807291710024));
#10980=CARTESIAN_POINT('Ctrl Pts',(2.91407404234375,-5.047324298357,1.33161458376691));
#10981=CARTESIAN_POINT('Ctrl Pts',(1.23623790924831E-15,-6.72976573114266,
1.30515625043358));
#10982=CARTESIAN_POINT('Ctrl Pts',(-2.91407404234375,-5.047324298357,1.27869791710024));
#10983=CARTESIAN_POINT('Ctrl Pts',(-5.8281480846875,-3.36488286557133,1.25223958376691));
#10984=CARTESIAN_POINT('Ctrl Pts',(-5.8281480846875,0.,1.22578125043358));
#10985=CARTESIAN_POINT('Ctrl Pts',(-5.8281480846875,3.36488286557133,1.19932291710024));
#10986=CARTESIAN_POINT('Ctrl Pts',(-2.91407404234375,5.047324298357,1.17286458376691));
#10987=CARTESIAN_POINT('Ctrl Pts',(-4.1207930308277E-16,6.72976573114266,
1.14640625043358));
#10988=CARTESIAN_POINT('Ctrl Pts',(2.91407404234375,5.047324298357,1.11994791710024));
#10989=CARTESIAN_POINT('Ctrl Pts',(5.8281480846875,3.36488286557133,1.09348958376691));
#10990=CARTESIAN_POINT('Ctrl Pts',(5.8281480846875,7.13742289686932E-16,
1.06703125043358));
#10991=CARTESIAN_POINT('Ctrl Pts',(5.8281480846875,-3.36488286557133,1.04057291710024));
#10992=CARTESIAN_POINT('Ctrl Pts',(2.91407404234375,-5.047324298357,1.01411458376691));
#10993=CARTESIAN_POINT('Ctrl Pts',(1.23623790924831E-15,-6.72976573114266,
0.987656250433575));
#10994=CARTESIAN_POINT('Ctrl Pts',(-2.91407404234375,-5.047324298357,0.961197917100242));
#10995=CARTESIAN_POINT('Ctrl Pts',(-5.8281480846875,-3.36488286557133,0.934739583766909));
#10996=CARTESIAN_POINT('Ctrl Pts',(-5.8281480846875,0.,0.908281250433575));
#10997=CARTESIAN_POINT('Ctrl Pts',(-5.8281480846875,3.36488286557133,0.881822917100242));
#10998=CARTESIAN_POINT('Ctrl Pts',(-2.91407404234375,5.047324298357,0.855364583766909));
#10999=CARTESIAN_POINT('Ctrl Pts',(-4.1207930308277E-16,6.72976573114266,
0.828906250433575));
#11000=CARTESIAN_POINT('Ctrl Pts',(2.91407404234375,5.047324298357,0.802447917100242));
#11001=CARTESIAN_POINT('Ctrl Pts',(5.8281480846875,3.36488286557133,0.775989583766908));
#11002=CARTESIAN_POINT('Ctrl Pts',(5.8281480846875,7.13742289686932E-16,
0.749531250433575));
#11003=CARTESIAN_POINT('Ctrl Pts',(5.8281480846875,-3.36488286557133,0.723072917100242));
#11004=CARTESIAN_POINT('Ctrl Pts',(2.91407404234375,-5.047324298357,0.696614583766908));
#11005=CARTESIAN_POINT('Ctrl Pts',(1.23623790924831E-15,-6.72976573114266,
0.670156250433575));
#11006=CARTESIAN_POINT('Ctrl Pts',(-2.91407404234375,-5.047324298357,0.643697917100242));
#11007=CARTESIAN_POINT('Ctrl Pts',(-5.8281480846875,-3.36488286557133,0.617239583766908));
#11008=CARTESIAN_POINT('Ctrl Pts',(-5.8281480846875,0.,0.590781250433575));
#11009=CARTESIAN_POINT('Ctrl Pts',(-5.8281480846875,3.36488286557133,0.564322917100242));
#11010=CARTESIAN_POINT('Ctrl Pts',(-2.91407404234375,5.047324298357,0.537864583766908));
#11011=CARTESIAN_POINT('Ctrl Pts',(-4.1207930308277E-16,6.72976573114266,
0.511406250433575));
#11012=CARTESIAN_POINT('Ctrl Pts',(2.91407404234375,5.047324298357,0.484947917100242));
#11013=CARTESIAN_POINT('Ctrl Pts',(5.8281480846875,3.36488286557133,0.458489583766908));
#11014=CARTESIAN_POINT('Ctrl Pts',(5.8281480846875,7.13742289686932E-16,
0.432031250433575));
#11015=CARTESIAN_POINT('Ctrl Pts',(5.8281480846875,-3.36488286557133,0.405572917100242));
#11016=CARTESIAN_POINT('Ctrl Pts',(2.91407404234375,-5.047324298357,0.379114583766909));
#11017=CARTESIAN_POINT('Ctrl Pts',(1.23623790924831E-15,-6.72976573114266,
0.352656250433575));
#11018=CARTESIAN_POINT('Ctrl Pts',(-2.91407404234375,-5.047324298357,0.326197917100242));
#11019=CARTESIAN_POINT('Ctrl Pts',(-5.8281480846875,-3.36488286557133,0.299739583766908));
#11020=CARTESIAN_POINT('Ctrl Pts',(-5.8281480846875,0.,0.273281250433575));
#11021=CARTESIAN_POINT('Ctrl Pts',(-5.8281480846875,3.36488286557133,0.246822917100242));
#11022=CARTESIAN_POINT('Ctrl Pts',(-2.91407404234375,5.047324298357,0.220364583766909));
#11023=CARTESIAN_POINT('Ctrl Pts',(-4.1207930308277E-16,6.72976573114266,
0.193906250433576));
#11024=CARTESIAN_POINT('Ctrl Pts',(2.91407404234375,5.047324298357,0.167447917100241));
#11025=CARTESIAN_POINT('Ctrl Pts',(5.8281480846875,3.36488286557133,0.140989583766908));
#11026=CARTESIAN_POINT('Ctrl Pts',(5.8281480846875,7.13742289686932E-16,
0.114531250433575));
#11027=CARTESIAN_POINT('Ctrl Pts',(5.8281480846875,-3.36488286557133,0.0880729171002419));
#11028=CARTESIAN_POINT('Ctrl Pts',(2.91407404234375,-5.047324298357,0.0616145837669087));
#11029=CARTESIAN_POINT('Ctrl Pts',(1.23623790924831E-15,-6.72976573114266,
0.0351562504335755));
#11030=CARTESIAN_POINT('Ctrl Pts',(-2.91407404234375,-5.047324298357,0.00869791710024145));
#11031=CARTESIAN_POINT('Ctrl Pts',(-5.8281480846875,-3.36488286557133,-0.0177604162330917));
#11032=CARTESIAN_POINT('Ctrl Pts',(-5.8281480846875,0.,-0.0442187495664249));
#11033=CARTESIAN_POINT('Ctrl Pts',(-5.8281480846875,3.36488286557133,-0.0706770828997581));
#11034=CARTESIAN_POINT('Ctrl Pts',(-2.91407404234375,5.047324298357,-0.0971354162330913));
#11035=CARTESIAN_POINT('Ctrl Pts',(-2.8100067917903,5.10740755347785,-0.0980802947654199));
#11036=CARTESIAN_POINT('Ctrl Pts',(-2.70355140817218,5.16315018960487,-0.0990468563503242));
#11037=CARTESIAN_POINT('Ctrl Pts',(-6.00000001546078,0.,4.50000000892628));
#11038=CARTESIAN_POINT('Ctrl Pts',(-6.00000001546078,3.46410162406404,4.47354167559295));
#11039=CARTESIAN_POINT('Ctrl Pts',(-3.00000000773039,5.19615243609606,4.44708334225962));
#11040=CARTESIAN_POINT('Ctrl Pts',(-4.24230096583117E-16,6.92820324812808,
4.42062500892628));
#11041=CARTESIAN_POINT('Ctrl Pts',(3.00000000773039,5.19615243609606,4.39416667559295));
#11042=CARTESIAN_POINT('Ctrl Pts',(6.00000001546078,3.46410162406404,4.36770834225962));
#11043=CARTESIAN_POINT('Ctrl Pts',(6.00000001546078,7.34788081381811E-16,
4.34125000892628));
#11044=CARTESIAN_POINT('Ctrl Pts',(6.00000001546078,-3.46410162406404,4.31479167559295));
#11045=CARTESIAN_POINT('Ctrl Pts',(3.00000000773039,-5.19615243609606,4.28833334225962));
#11046=CARTESIAN_POINT('Ctrl Pts',(1.27269028974935E-15,-6.92820324812808,
4.26187500892628));
#11047=CARTESIAN_POINT('Ctrl Pts',(-3.00000000773039,-5.19615243609606,
4.23541667559295));
#11048=CARTESIAN_POINT('Ctrl Pts',(-6.00000001546078,-3.46410162406404,
4.20895834225962));
#11049=CARTESIAN_POINT('Ctrl Pts',(-6.00000001546078,0.,4.18250000892628));
#11050=CARTESIAN_POINT('Ctrl Pts',(-6.00000001546078,3.46410162406404,4.15604167559295));
#11051=CARTESIAN_POINT('Ctrl Pts',(-3.00000000773039,5.19615243609606,4.12958334225962));
#11052=CARTESIAN_POINT('Ctrl Pts',(-4.24230096583117E-16,6.92820324812808,
4.10312500892628));
#11053=CARTESIAN_POINT('Ctrl Pts',(3.00000000773039,5.19615243609606,4.07666667559295));
#11054=CARTESIAN_POINT('Ctrl Pts',(6.00000001546078,3.46410162406404,4.05020834225961));
#11055=CARTESIAN_POINT('Ctrl Pts',(6.00000001546078,7.34788081381811E-16,
4.02375000892628));
#11056=CARTESIAN_POINT('Ctrl Pts',(6.00000001546078,-3.46410162406404,3.99729167559295));
#11057=CARTESIAN_POINT('Ctrl Pts',(3.00000000773039,-5.19615243609606,3.97083334225962));
#11058=CARTESIAN_POINT('Ctrl Pts',(1.27269028974935E-15,-6.92820324812808,
3.94437500892628));
#11059=CARTESIAN_POINT('Ctrl Pts',(-3.00000000773039,-5.19615243609606,
3.91791667559295));
#11060=CARTESIAN_POINT('Ctrl Pts',(-6.00000001546078,-3.46410162406404,
3.89145834225962));
#11061=CARTESIAN_POINT('Ctrl Pts',(-6.00000001546078,0.,3.86500000892628));
#11062=CARTESIAN_POINT('Ctrl Pts',(-6.00000001546078,3.46410162406404,3.83854167559295));
#11063=CARTESIAN_POINT('Ctrl Pts',(-3.00000000773039,5.19615243609606,3.81208334225962));
#11064=CARTESIAN_POINT('Ctrl Pts',(-4.24230096583117E-16,6.92820324812808,
3.78562500892628));
#11065=CARTESIAN_POINT('Ctrl Pts',(3.00000000773039,5.19615243609606,3.75916667559295));
#11066=CARTESIAN_POINT('Ctrl Pts',(6.00000001546078,3.46410162406404,3.73270834225962));
#11067=CARTESIAN_POINT('Ctrl Pts',(6.00000001546078,7.34788081381811E-16,
3.70625000892628));
#11068=CARTESIAN_POINT('Ctrl Pts',(6.00000001546078,-3.46410162406404,3.67979167559295));
#11069=CARTESIAN_POINT('Ctrl Pts',(3.00000000773039,-5.19615243609606,3.65333334225962));
#11070=CARTESIAN_POINT('Ctrl Pts',(1.27269028974935E-15,-6.92820324812808,
3.62687500892628));
#11071=CARTESIAN_POINT('Ctrl Pts',(-3.00000000773039,-5.19615243609606,
3.60041667559295));
#11072=CARTESIAN_POINT('Ctrl Pts',(-6.00000001546078,-3.46410162406404,
3.57395834225962));
#11073=CARTESIAN_POINT('Ctrl Pts',(-6.00000001546078,0.,3.54750000892628));
#11074=CARTESIAN_POINT('Ctrl Pts',(-6.00000001546078,3.46410162406404,3.52104167559295));
#11075=CARTESIAN_POINT('Ctrl Pts',(-3.00000000773039,5.19615243609606,3.49458334225962));
#11076=CARTESIAN_POINT('Ctrl Pts',(-4.24230096583117E-16,6.92820324812808,
3.46812500892628));
#11077=CARTESIAN_POINT('Ctrl Pts',(3.00000000773039,5.19615243609606,3.44166667559295));
#11078=CARTESIAN_POINT('Ctrl Pts',(6.00000001546078,3.46410162406404,3.41520834225962));
#11079=CARTESIAN_POINT('Ctrl Pts',(6.00000001546078,7.34788081381811E-16,
3.38875000892628));
#11080=CARTESIAN_POINT('Ctrl Pts',(6.00000001546078,-3.46410162406404,3.36229167559295));
#11081=CARTESIAN_POINT('Ctrl Pts',(3.00000000773039,-5.19615243609606,3.33583334225962));
#11082=CARTESIAN_POINT('Ctrl Pts',(1.27269028974935E-15,-6.92820324812808,
3.30937500892628));
#11083=CARTESIAN_POINT('Ctrl Pts',(-3.00000000773039,-5.19615243609606,
3.28291667559295));
#11084=CARTESIAN_POINT('Ctrl Pts',(-6.00000001546078,-3.46410162406404,
3.25645834225962));
#11085=CARTESIAN_POINT('Ctrl Pts',(-6.00000001546078,0.,3.23000000892628));
#11086=CARTESIAN_POINT('Ctrl Pts',(-6.00000001546078,3.46410162406404,3.20354167559295));
#11087=CARTESIAN_POINT('Ctrl Pts',(-3.00000000773039,5.19615243609606,3.17708334225962));
#11088=CARTESIAN_POINT('Ctrl Pts',(-4.24230096583117E-16,6.92820324812808,
3.15062500892628));
#11089=CARTESIAN_POINT('Ctrl Pts',(3.00000000773039,5.19615243609606,3.12416667559295));
#11090=CARTESIAN_POINT('Ctrl Pts',(6.00000001546078,3.46410162406404,3.09770834225962));
#11091=CARTESIAN_POINT('Ctrl Pts',(6.00000001546078,7.34788081381811E-16,
3.07125000892628));
#11092=CARTESIAN_POINT('Ctrl Pts',(6.00000001546078,-3.46410162406404,3.04479167559295));
#11093=CARTESIAN_POINT('Ctrl Pts',(3.00000000773039,-5.19615243609606,3.01833334225962));
#11094=CARTESIAN_POINT('Ctrl Pts',(1.27269028974935E-15,-6.92820324812808,
2.99187500892628));
#11095=CARTESIAN_POINT('Ctrl Pts',(-3.00000000773039,-5.19615243609606,
2.96541667559295));
#11096=CARTESIAN_POINT('Ctrl Pts',(-6.00000001546078,-3.46410162406404,
2.93895834225962));
#11097=CARTESIAN_POINT('Ctrl Pts',(-6.00000001546078,0.,2.91250000892628));
#11098=CARTESIAN_POINT('Ctrl Pts',(-6.00000001546078,3.46410162406404,2.88604167559295));
#11099=CARTESIAN_POINT('Ctrl Pts',(-3.00000000773039,5.19615243609606,2.85958334225962));
#11100=CARTESIAN_POINT('Ctrl Pts',(-4.24230096583117E-16,6.92820324812808,
2.83312500892628));
#11101=CARTESIAN_POINT('Ctrl Pts',(3.00000000773039,5.19615243609606,2.80666667559295));
#11102=CARTESIAN_POINT('Ctrl Pts',(6.00000001546078,3.46410162406404,2.78020834225962));
#11103=CARTESIAN_POINT('Ctrl Pts',(6.00000001546078,7.34788081381811E-16,
2.75375000892628));
#11104=CARTESIAN_POINT('Ctrl Pts',(6.00000001546078,-3.46410162406404,2.72729167559295));
#11105=CARTESIAN_POINT('Ctrl Pts',(3.00000000773039,-5.19615243609606,2.70083334225962));
#11106=CARTESIAN_POINT('Ctrl Pts',(1.27269028974935E-15,-6.92820324812808,
2.67437500892628));
#11107=CARTESIAN_POINT('Ctrl Pts',(-3.00000000773039,-5.19615243609606,
2.64791667559295));
#11108=CARTESIAN_POINT('Ctrl Pts',(-6.00000001546078,-3.46410162406404,
2.62145834225962));
#11109=CARTESIAN_POINT('Ctrl Pts',(-6.00000001546078,0.,2.59500000892628));
#11110=CARTESIAN_POINT('Ctrl Pts',(-6.00000001546078,3.46410162406404,2.56854167559295));
#11111=CARTESIAN_POINT('Ctrl Pts',(-3.00000000773039,5.19615243609606,2.54208334225962));
#11112=CARTESIAN_POINT('Ctrl Pts',(-4.24230096583117E-16,6.92820324812808,
2.51562500892628));
#11113=CARTESIAN_POINT('Ctrl Pts',(3.00000000773039,5.19615243609606,2.48916667559295));
#11114=CARTESIAN_POINT('Ctrl Pts',(6.00000001546078,3.46410162406404,2.46270834225962));
#11115=CARTESIAN_POINT('Ctrl Pts',(6.00000001546078,7.34788081381811E-16,
2.43625000892628));
#11116=CARTESIAN_POINT('Ctrl Pts',(6.00000001546078,-3.46410162406404,2.40979167559295));
#11117=CARTESIAN_POINT('Ctrl Pts',(3.00000000773039,-5.19615243609606,2.38333334225962));
#11118=CARTESIAN_POINT('Ctrl Pts',(1.27269028974935E-15,-6.92820324812808,
2.35687500892628));
#11119=CARTESIAN_POINT('Ctrl Pts',(-3.00000000773039,-5.19615243609606,
2.33041667559295));
#11120=CARTESIAN_POINT('Ctrl Pts',(-6.00000001546078,-3.46410162406404,
2.30395834225962));
#11121=CARTESIAN_POINT('Ctrl Pts',(-6.00000001546078,0.,2.27750000892628));
#11122=CARTESIAN_POINT('Ctrl Pts',(-6.00000001546078,3.46410162406404,2.25104167559295));
#11123=CARTESIAN_POINT('Ctrl Pts',(-3.00000000773039,5.19615243609606,2.22458334225962));
#11124=CARTESIAN_POINT('Ctrl Pts',(-4.24230096583117E-16,6.92820324812808,
2.19812500892628));
#11125=CARTESIAN_POINT('Ctrl Pts',(3.00000000773039,5.19615243609606,2.17166667559295));
#11126=CARTESIAN_POINT('Ctrl Pts',(6.00000001546078,3.46410162406404,2.14520834225962));
#11127=CARTESIAN_POINT('Ctrl Pts',(6.00000001546078,7.34788081381811E-16,
2.11875000892628));
#11128=CARTESIAN_POINT('Ctrl Pts',(6.00000001546078,-3.46410162406404,2.09229167559295));
#11129=CARTESIAN_POINT('Ctrl Pts',(3.00000000773039,-5.19615243609606,2.06583334225962));
#11130=CARTESIAN_POINT('Ctrl Pts',(1.27269028974935E-15,-6.92820324812808,
2.03937500892628));
#11131=CARTESIAN_POINT('Ctrl Pts',(-3.00000000773039,-5.19615243609606,
2.01291667559295));
#11132=CARTESIAN_POINT('Ctrl Pts',(-6.00000001546078,-3.46410162406404,
1.98645834225962));
#11133=CARTESIAN_POINT('Ctrl Pts',(-6.00000001546078,0.,1.96000000892628));
#11134=CARTESIAN_POINT('Ctrl Pts',(-6.00000001546078,3.46410162406404,1.93354167559295));
#11135=CARTESIAN_POINT('Ctrl Pts',(-3.00000000773039,5.19615243609606,1.90708334225962));
#11136=CARTESIAN_POINT('Ctrl Pts',(-4.24230096583117E-16,6.92820324812808,
1.88062500892628));
#11137=CARTESIAN_POINT('Ctrl Pts',(3.00000000773039,5.19615243609606,1.85416667559295));
#11138=CARTESIAN_POINT('Ctrl Pts',(6.00000001546078,3.46410162406404,1.82770834225962));
#11139=CARTESIAN_POINT('Ctrl Pts',(6.00000001546078,7.34788081381811E-16,
1.80125000892628));
#11140=CARTESIAN_POINT('Ctrl Pts',(6.00000001546078,-3.46410162406404,1.77479167559295));
#11141=CARTESIAN_POINT('Ctrl Pts',(3.00000000773039,-5.19615243609606,1.74833334225962));
#11142=CARTESIAN_POINT('Ctrl Pts',(1.27269028974935E-15,-6.92820324812808,
1.72187500892628));
#11143=CARTESIAN_POINT('Ctrl Pts',(-3.00000000773039,-5.19615243609606,
1.69541667559295));
#11144=CARTESIAN_POINT('Ctrl Pts',(-6.00000001546078,-3.46410162406404,
1.66895834225962));
#11145=CARTESIAN_POINT('Ctrl Pts',(-6.00000001546078,0.,1.64250000892628));
#11146=CARTESIAN_POINT('Ctrl Pts',(-6.00000001546078,3.46410162406404,1.61604167559295));
#11147=CARTESIAN_POINT('Ctrl Pts',(-3.00000000773039,5.19615243609606,1.58958334225962));
#11148=CARTESIAN_POINT('Ctrl Pts',(-4.24230096583117E-16,6.92820324812808,
1.56312500892628));
#11149=CARTESIAN_POINT('Ctrl Pts',(3.00000000773039,5.19615243609606,1.53666667559295));
#11150=CARTESIAN_POINT('Ctrl Pts',(6.00000001546078,3.46410162406404,1.51020834225962));
#11151=CARTESIAN_POINT('Ctrl Pts',(6.00000001546078,7.34788081381811E-16,
1.48375000892628));
#11152=CARTESIAN_POINT('Ctrl Pts',(6.00000001546078,-3.46410162406404,1.45729167559295));
#11153=CARTESIAN_POINT('Ctrl Pts',(3.00000000773039,-5.19615243609606,1.43083334225962));
#11154=CARTESIAN_POINT('Ctrl Pts',(1.27269028974935E-15,-6.92820324812808,
1.40437500892628));
#11155=CARTESIAN_POINT('Ctrl Pts',(-3.00000000773039,-5.19615243609606,
1.37791667559295));
#11156=CARTESIAN_POINT('Ctrl Pts',(-6.00000001546078,-3.46410162406404,
1.35145834225962));
#11157=CARTESIAN_POINT('Ctrl Pts',(-6.00000001546078,0.,1.32500000892628));
#11158=CARTESIAN_POINT('Ctrl Pts',(-6.00000001546078,3.46410162406404,1.29854167559295));
#11159=CARTESIAN_POINT('Ctrl Pts',(-3.00000000773039,5.19615243609606,1.27208334225962));
#11160=CARTESIAN_POINT('Ctrl Pts',(-4.24230096583117E-16,6.92820324812808,
1.24562500892628));
#11161=CARTESIAN_POINT('Ctrl Pts',(3.00000000773039,5.19615243609606,1.21916667559295));
#11162=CARTESIAN_POINT('Ctrl Pts',(6.00000001546078,3.46410162406404,1.19270834225962));
#11163=CARTESIAN_POINT('Ctrl Pts',(6.00000001546078,7.34788081381811E-16,
1.16625000892628));
#11164=CARTESIAN_POINT('Ctrl Pts',(6.00000001546078,-3.46410162406404,1.13979167559295));
#11165=CARTESIAN_POINT('Ctrl Pts',(3.00000000773039,-5.19615243609606,1.11333334225962));
#11166=CARTESIAN_POINT('Ctrl Pts',(1.27269028974935E-15,-6.92820324812808,
1.08687500892628));
#11167=CARTESIAN_POINT('Ctrl Pts',(-3.00000000773039,-5.19615243609606,
1.06041667559295));
#11168=CARTESIAN_POINT('Ctrl Pts',(-6.00000001546078,-3.46410162406404,
1.03395834225962));
#11169=CARTESIAN_POINT('Ctrl Pts',(-6.00000001546078,0.,1.00750000892628));
#11170=CARTESIAN_POINT('Ctrl Pts',(-6.00000001546078,3.46410162406404,0.98104167559295));
#11171=CARTESIAN_POINT('Ctrl Pts',(-3.00000000773039,5.19615243609606,0.954583342259616));
#11172=CARTESIAN_POINT('Ctrl Pts',(-4.24230096583117E-16,6.92820324812808,
0.928125008926283));
#11173=CARTESIAN_POINT('Ctrl Pts',(3.00000000773039,5.19615243609606,0.90166667559295));
#11174=CARTESIAN_POINT('Ctrl Pts',(6.00000001546078,3.46410162406404,0.875208342259616));
#11175=CARTESIAN_POINT('Ctrl Pts',(6.00000001546078,7.34788081381811E-16,
0.848750008926283));
#11176=CARTESIAN_POINT('Ctrl Pts',(6.00000001546078,-3.46410162406404,0.82229167559295));
#11177=CARTESIAN_POINT('Ctrl Pts',(3.00000000773039,-5.19615243609606,0.795833342259616));
#11178=CARTESIAN_POINT('Ctrl Pts',(1.27269028974935E-15,-6.92820324812808,
0.769375008926283));
#11179=CARTESIAN_POINT('Ctrl Pts',(-3.00000000773039,-5.19615243609606,
0.74291667559295));
#11180=CARTESIAN_POINT('Ctrl Pts',(-6.00000001546078,-3.46410162406404,
0.716458342259616));
#11181=CARTESIAN_POINT('Ctrl Pts',(-6.00000001546078,0.,0.690000008926283));
#11182=CARTESIAN_POINT('Ctrl Pts',(-6.00000001546078,3.46410162406404,0.66354167559295));
#11183=CARTESIAN_POINT('Ctrl Pts',(-3.00000000773039,5.19615243609606,0.637083342259616));
#11184=CARTESIAN_POINT('Ctrl Pts',(-4.24230096583117E-16,6.92820324812808,
0.610625008926283));
#11185=CARTESIAN_POINT('Ctrl Pts',(3.00000000773039,5.19615243609606,0.584166675592949));
#11186=CARTESIAN_POINT('Ctrl Pts',(6.00000001546078,3.46410162406404,0.557708342259616));
#11187=CARTESIAN_POINT('Ctrl Pts',(6.00000001546078,7.34788081381811E-16,
0.531250008926283));
#11188=CARTESIAN_POINT('Ctrl Pts',(6.00000001546078,-3.46410162406404,0.50479167559295));
#11189=CARTESIAN_POINT('Ctrl Pts',(3.00000000773039,-5.19615243609606,0.478333342259617));
#11190=CARTESIAN_POINT('Ctrl Pts',(1.27269028974935E-15,-6.92820324812808,
0.451875008926283));
#11191=CARTESIAN_POINT('Ctrl Pts',(-3.00000000773039,-5.19615243609606,
0.425416675592949));
#11192=CARTESIAN_POINT('Ctrl Pts',(-6.00000001546078,-3.46410162406404,
0.398958342259616));
#11193=CARTESIAN_POINT('Ctrl Pts',(-6.00000001546078,0.,0.372500008926283));
#11194=CARTESIAN_POINT('Ctrl Pts',(-6.00000001546078,3.46410162406404,0.34604167559295));
#11195=CARTESIAN_POINT('Ctrl Pts',(-3.00000000773039,5.19615243609606,0.319583342259617));
#11196=CARTESIAN_POINT('Ctrl Pts',(-4.24230096583117E-16,6.92820324812808,
0.293125008926284));
#11197=CARTESIAN_POINT('Ctrl Pts',(3.00000000773039,5.19615243609606,0.266666675592949));
#11198=CARTESIAN_POINT('Ctrl Pts',(6.00000001546078,3.46410162406404,0.240208342259616));
#11199=CARTESIAN_POINT('Ctrl Pts',(6.00000001546078,7.34788081381811E-16,
0.213750008926283));
#11200=CARTESIAN_POINT('Ctrl Pts',(6.00000001546078,-3.46410162406404,0.18729167559295));
#11201=CARTESIAN_POINT('Ctrl Pts',(3.00000000773039,-5.19615243609606,0.160833342259617));
#11202=CARTESIAN_POINT('Ctrl Pts',(1.27269028974935E-15,-6.92820324812808,
0.134375008926283));
#11203=CARTESIAN_POINT('Ctrl Pts',(-3.00000000773039,-5.19615243609606,
0.107916675592949));
#11204=CARTESIAN_POINT('Ctrl Pts',(-6.00000001546078,-3.46410162406404,
0.0814583422596162));
#11205=CARTESIAN_POINT('Ctrl Pts',(-6.00000001546078,0.,0.055000008926283));
#11206=CARTESIAN_POINT('Ctrl Pts',(-6.00000001546078,3.46410162406404,0.0285416755929498));
#11207=CARTESIAN_POINT('Ctrl Pts',(-3.00000000773039,5.19615243609606,0.00208334225961659));
#11208=CARTESIAN_POINT('Ctrl Pts',(-2.89286417386746,5.25800733861668,0.001138463727288));
#11209=CARTESIAN_POINT('Ctrl Pts',(-2.78326978915496,5.31539363230106,0.000171902142383693));
#11210=CARTESIAN_POINT('',(-5.8281480846875,0.,4.40078125043358));
#11211=CARTESIAN_POINT('Ctrl Pts',(-5.8281480846875,0.,4.40078125043358));
#11212=CARTESIAN_POINT('Ctrl Pts',(-5.8281480846875,3.36488286557133,4.37432291710024));
#11213=CARTESIAN_POINT('Ctrl Pts',(-2.91407404234375,5.047324298357,4.34786458376691));
#11214=CARTESIAN_POINT('Ctrl Pts',(-4.1207930308277E-16,6.72976573114266,
4.32140625043358));
#11215=CARTESIAN_POINT('Ctrl Pts',(2.91407404234375,5.047324298357,4.29494791710024));
#11216=CARTESIAN_POINT('Ctrl Pts',(5.8281480846875,3.36488286557133,4.26848958376691));
#11217=CARTESIAN_POINT('Ctrl Pts',(5.8281480846875,7.13742289686932E-16,
4.24203125043358));
#11218=CARTESIAN_POINT('',(-5.91407404234375,0.,4.45039062521679));
#11219=CARTESIAN_POINT('Origin',(-1.11022302462516E-15,-1.38777878078145E-15,
4.36109375043358));
#11220=CARTESIAN_POINT('',(-5.8281480846875,0.,4.32140625043358));
#11221=CARTESIAN_POINT('Ctrl Pts',(-5.8281480846875,0.,4.32140625043358));
#11222=CARTESIAN_POINT('Ctrl Pts',(-5.8281480846875,3.36488286557133,4.29494791710024));
#11223=CARTESIAN_POINT('Ctrl Pts',(-2.91407404234375,5.047324298357,4.26848958376691));
#11224=CARTESIAN_POINT('Ctrl Pts',(-4.1207930308277E-16,6.72976573114266,
4.24203125043358));
#11225=CARTESIAN_POINT('Ctrl Pts',(2.91407404234375,5.047324298357,4.21557291710024));
#11226=CARTESIAN_POINT('Ctrl Pts',(5.8281480846875,3.36488286557133,4.18911458376691));
#11227=CARTESIAN_POINT('Ctrl Pts',(5.8281480846875,7.13742289686932E-16,
4.16265625043358));
#11228=CARTESIAN_POINT('',(-5.8281480846875,0.,4.36109375043358));
#11229=CARTESIAN_POINT('Ctrl Pts',(-6.,0.,4.22218750086715));
#11230=CARTESIAN_POINT('Ctrl Pts',(-6.,3.46410161513775,4.19572916753382));
#11231=CARTESIAN_POINT('Ctrl Pts',(-3.,5.19615242270663,4.16927083420048));
#11232=CARTESIAN_POINT('Ctrl Pts',(-4.24230095489963E-16,6.92820323027551,
4.14281250086715));
#11233=CARTESIAN_POINT('Ctrl Pts',(3.,5.19615242270663,4.11635416753382));
#11234=CARTESIAN_POINT('Ctrl Pts',(6.,3.46410161513776,4.08989583420048));
#11235=CARTESIAN_POINT('Ctrl Pts',(6.,7.34788079488412E-16,4.06343750086715));
#11236=CARTESIAN_POINT('Ctrl Pts',(6.,-3.46410161513775,4.03697916753382));
#11237=CARTESIAN_POINT('Ctrl Pts',(3.,-5.19615242270663,4.01052083420049));
#11238=CARTESIAN_POINT('Ctrl Pts',(1.27269028646989E-15,-6.92820323027551,
3.98406250086715));
#11239=CARTESIAN_POINT('Ctrl Pts',(-3.,-5.19615242270664,3.95760416753382));
#11240=CARTESIAN_POINT('Ctrl Pts',(-6.,-3.46410161513776,3.93114583420048));
#11241=CARTESIAN_POINT('Ctrl Pts',(-6.,0.,3.90468750086715));
#11242=CARTESIAN_POINT('Ctrl Pts',(-6.,3.46410161513775,3.87822916753382));
#11243=CARTESIAN_POINT('Ctrl Pts',(-3.,5.19615242270663,3.85177083420049));
#11244=CARTESIAN_POINT('Ctrl Pts',(-4.24230095489963E-16,6.92820323027551,
3.82531250086715));
#11245=CARTESIAN_POINT('Ctrl Pts',(3.,5.19615242270663,3.79885416753382));
#11246=CARTESIAN_POINT('Ctrl Pts',(6.,3.46410161513776,3.77239583420048));
#11247=CARTESIAN_POINT('Ctrl Pts',(6.,7.34788079488412E-16,3.74593750086715));
#11248=CARTESIAN_POINT('Ctrl Pts',(6.,-3.46410161513775,3.71947916753382));
#11249=CARTESIAN_POINT('Ctrl Pts',(3.,-5.19615242270663,3.69302083420048));
#11250=CARTESIAN_POINT('Ctrl Pts',(1.27269028646989E-15,-6.92820323027551,
3.66656250086715));
#11251=CARTESIAN_POINT('Ctrl Pts',(-3.,-5.19615242270664,3.64010416753382));
#11252=CARTESIAN_POINT('Ctrl Pts',(-6.,-3.46410161513776,3.61364583420048));
#11253=CARTESIAN_POINT('Ctrl Pts',(-6.,0.,3.58718750086715));
#11254=CARTESIAN_POINT('Ctrl Pts',(-6.,3.46410161513775,3.56072916753382));
#11255=CARTESIAN_POINT('Ctrl Pts',(-3.,5.19615242270663,3.53427083420048));
#11256=CARTESIAN_POINT('Ctrl Pts',(-4.24230095489963E-16,6.92820323027551,
3.50781250086715));
#11257=CARTESIAN_POINT('Ctrl Pts',(3.,5.19615242270663,3.48135416753382));
#11258=CARTESIAN_POINT('Ctrl Pts',(6.,3.46410161513776,3.45489583420048));
#11259=CARTESIAN_POINT('Ctrl Pts',(6.,7.34788079488412E-16,3.42843750086715));
#11260=CARTESIAN_POINT('Ctrl Pts',(6.,-3.46410161513775,3.40197916753382));
#11261=CARTESIAN_POINT('Ctrl Pts',(3.,-5.19615242270663,3.37552083420048));
#11262=CARTESIAN_POINT('Ctrl Pts',(1.27269028646989E-15,-6.92820323027551,
3.34906250086715));
#11263=CARTESIAN_POINT('Ctrl Pts',(-3.,-5.19615242270664,3.32260416753382));
#11264=CARTESIAN_POINT('Ctrl Pts',(-6.,-3.46410161513776,3.29614583420049));
#11265=CARTESIAN_POINT('Ctrl Pts',(-6.,0.,3.26968750086715));
#11266=CARTESIAN_POINT('Ctrl Pts',(-6.,3.46410161513775,3.24322916753382));
#11267=CARTESIAN_POINT('Ctrl Pts',(-3.,5.19615242270663,3.21677083420048));
#11268=CARTESIAN_POINT('Ctrl Pts',(-4.24230095489963E-16,6.92820323027551,
3.19031250086715));
#11269=CARTESIAN_POINT('Ctrl Pts',(3.,5.19615242270663,3.16385416753382));
#11270=CARTESIAN_POINT('Ctrl Pts',(6.,3.46410161513776,3.13739583420048));
#11271=CARTESIAN_POINT('Ctrl Pts',(6.,7.34788079488412E-16,3.11093750086715));
#11272=CARTESIAN_POINT('Ctrl Pts',(6.,-3.46410161513775,3.08447916753382));
#11273=CARTESIAN_POINT('Ctrl Pts',(3.,-5.19615242270663,3.05802083420049));
#11274=CARTESIAN_POINT('Ctrl Pts',(1.27269028646989E-15,-6.92820323027551,
3.03156250086715));
#11275=CARTESIAN_POINT('Ctrl Pts',(-3.,-5.19615242270664,3.00510416753382));
#11276=CARTESIAN_POINT('Ctrl Pts',(-6.,-3.46410161513776,2.97864583420048));
#11277=CARTESIAN_POINT('Ctrl Pts',(-6.,0.,2.95218750086715));
#11278=CARTESIAN_POINT('Ctrl Pts',(-6.,3.46410161513775,2.92572916753382));
#11279=CARTESIAN_POINT('Ctrl Pts',(-3.,5.19615242270663,2.89927083420048));
#11280=CARTESIAN_POINT('Ctrl Pts',(-4.24230095489963E-16,6.92820323027551,
2.87281250086715));
#11281=CARTESIAN_POINT('Ctrl Pts',(3.,5.19615242270663,2.84635416753382));
#11282=CARTESIAN_POINT('Ctrl Pts',(6.,3.46410161513776,2.81989583420048));
#11283=CARTESIAN_POINT('Ctrl Pts',(6.,7.34788079488412E-16,2.79343750086715));
#11284=CARTESIAN_POINT('Ctrl Pts',(6.,-3.46410161513775,2.76697916753382));
#11285=CARTESIAN_POINT('Ctrl Pts',(3.,-5.19615242270663,2.74052083420048));
#11286=CARTESIAN_POINT('Ctrl Pts',(1.27269028646989E-15,-6.92820323027551,
2.71406250086715));
#11287=CARTESIAN_POINT('Ctrl Pts',(-3.,-5.19615242270664,2.68760416753382));
#11288=CARTESIAN_POINT('Ctrl Pts',(-6.,-3.46410161513776,2.66114583420048));
#11289=CARTESIAN_POINT('Ctrl Pts',(-6.,0.,2.63468750086715));
#11290=CARTESIAN_POINT('Ctrl Pts',(-6.,3.46410161513775,2.60822916753382));
#11291=CARTESIAN_POINT('Ctrl Pts',(-3.,5.19615242270663,2.58177083420048));
#11292=CARTESIAN_POINT('Ctrl Pts',(-4.24230095489963E-16,6.92820323027551,
2.55531250086715));
#11293=CARTESIAN_POINT('Ctrl Pts',(3.,5.19615242270663,2.52885416753382));
#11294=CARTESIAN_POINT('Ctrl Pts',(6.,3.46410161513776,2.50239583420048));
#11295=CARTESIAN_POINT('Ctrl Pts',(6.,7.34788079488412E-16,2.47593750086715));
#11296=CARTESIAN_POINT('Ctrl Pts',(6.,-3.46410161513775,2.44947916753382));
#11297=CARTESIAN_POINT('Ctrl Pts',(3.,-5.19615242270663,2.42302083420048));
#11298=CARTESIAN_POINT('Ctrl Pts',(1.27269028646989E-15,-6.92820323027551,
2.39656250086715));
#11299=CARTESIAN_POINT('Ctrl Pts',(-3.,-5.19615242270664,2.37010416753382));
#11300=CARTESIAN_POINT('Ctrl Pts',(-6.,-3.46410161513776,2.34364583420049));
#11301=CARTESIAN_POINT('Ctrl Pts',(-6.,0.,2.31718750086715));
#11302=CARTESIAN_POINT('Ctrl Pts',(-6.,3.46410161513775,2.29072916753382));
#11303=CARTESIAN_POINT('Ctrl Pts',(-3.,5.19615242270663,2.26427083420048));
#11304=CARTESIAN_POINT('Ctrl Pts',(-4.24230095489963E-16,6.92820323027551,
2.23781250086715));
#11305=CARTESIAN_POINT('Ctrl Pts',(3.,5.19615242270663,2.21135416753382));
#11306=CARTESIAN_POINT('Ctrl Pts',(6.,3.46410161513776,2.18489583420048));
#11307=CARTESIAN_POINT('Ctrl Pts',(6.,7.34788079488412E-16,2.15843750086715));
#11308=CARTESIAN_POINT('Ctrl Pts',(6.,-3.46410161513775,2.13197916753382));
#11309=CARTESIAN_POINT('Ctrl Pts',(3.,-5.19615242270663,2.10552083420048));
#11310=CARTESIAN_POINT('Ctrl Pts',(1.27269028646989E-15,-6.92820323027551,
2.07906250086715));
#11311=CARTESIAN_POINT('Ctrl Pts',(-3.,-5.19615242270664,2.05260416753382));
#11312=CARTESIAN_POINT('Ctrl Pts',(-6.,-3.46410161513776,2.02614583420048));
#11313=CARTESIAN_POINT('Ctrl Pts',(-6.,0.,1.99968750086715));
#11314=CARTESIAN_POINT('Ctrl Pts',(-6.,3.46410161513775,1.97322916753382));
#11315=CARTESIAN_POINT('Ctrl Pts',(-3.,5.19615242270663,1.94677083420048));
#11316=CARTESIAN_POINT('Ctrl Pts',(-4.24230095489963E-16,6.92820323027551,
1.92031250086715));
#11317=CARTESIAN_POINT('Ctrl Pts',(3.,5.19615242270663,1.89385416753382));
#11318=CARTESIAN_POINT('Ctrl Pts',(6.,3.46410161513776,1.86739583420048));
#11319=CARTESIAN_POINT('Ctrl Pts',(6.,7.34788079488412E-16,1.84093750086715));
#11320=CARTESIAN_POINT('Ctrl Pts',(6.,-3.46410161513775,1.81447916753382));
#11321=CARTESIAN_POINT('Ctrl Pts',(3.,-5.19615242270663,1.78802083420048));
#11322=CARTESIAN_POINT('Ctrl Pts',(1.27269028646989E-15,-6.92820323027551,
1.76156250086715));
#11323=CARTESIAN_POINT('Ctrl Pts',(-3.,-5.19615242270664,1.73510416753382));
#11324=CARTESIAN_POINT('Ctrl Pts',(-6.,-3.46410161513776,1.70864583420048));
#11325=CARTESIAN_POINT('Ctrl Pts',(-6.,0.,1.68218750086715));
#11326=CARTESIAN_POINT('Ctrl Pts',(-6.,3.46410161513775,1.65572916753382));
#11327=CARTESIAN_POINT('Ctrl Pts',(-3.,5.19615242270663,1.62927083420048));
#11328=CARTESIAN_POINT('Ctrl Pts',(-4.24230095489963E-16,6.92820323027551,
1.60281250086715));
#11329=CARTESIAN_POINT('Ctrl Pts',(3.,5.19615242270663,1.57635416753382));
#11330=CARTESIAN_POINT('Ctrl Pts',(6.,3.46410161513776,1.54989583420049));
#11331=CARTESIAN_POINT('Ctrl Pts',(6.,7.34788079488412E-16,1.52343750086715));
#11332=CARTESIAN_POINT('Ctrl Pts',(6.,-3.46410161513775,1.49697916753382));
#11333=CARTESIAN_POINT('Ctrl Pts',(3.,-5.19615242270663,1.47052083420048));
#11334=CARTESIAN_POINT('Ctrl Pts',(1.27269028646989E-15,-6.92820323027551,
1.44406250086715));
#11335=CARTESIAN_POINT('Ctrl Pts',(-3.,-5.19615242270664,1.41760416753382));
#11336=CARTESIAN_POINT('Ctrl Pts',(-6.,-3.46410161513776,1.39114583420048));
#11337=CARTESIAN_POINT('Ctrl Pts',(-6.,0.,1.36468750086715));
#11338=CARTESIAN_POINT('Ctrl Pts',(-6.,3.46410161513775,1.33822916753382));
#11339=CARTESIAN_POINT('Ctrl Pts',(-3.,5.19615242270663,1.31177083420048));
#11340=CARTESIAN_POINT('Ctrl Pts',(-4.24230095489963E-16,6.92820323027551,
1.28531250086715));
#11341=CARTESIAN_POINT('Ctrl Pts',(3.,5.19615242270663,1.25885416753382));
#11342=CARTESIAN_POINT('Ctrl Pts',(6.,3.46410161513776,1.23239583420048));
#11343=CARTESIAN_POINT('Ctrl Pts',(6.,7.34788079488412E-16,1.20593750086715));
#11344=CARTESIAN_POINT('Ctrl Pts',(6.,-3.46410161513775,1.17947916753382));
#11345=CARTESIAN_POINT('Ctrl Pts',(3.,-5.19615242270663,1.15302083420048));
#11346=CARTESIAN_POINT('Ctrl Pts',(1.27269028646989E-15,-6.92820323027551,
1.12656250086715));
#11347=CARTESIAN_POINT('Ctrl Pts',(-3.,-5.19615242270664,1.10010416753382));
#11348=CARTESIAN_POINT('Ctrl Pts',(-6.,-3.46410161513776,1.07364583420048));
#11349=CARTESIAN_POINT('Ctrl Pts',(-6.,0.,1.04718750086715));
#11350=CARTESIAN_POINT('Ctrl Pts',(-6.,3.46410161513775,1.02072916753382));
#11351=CARTESIAN_POINT('Ctrl Pts',(-3.,5.19615242270663,0.994270834200485));
#11352=CARTESIAN_POINT('Ctrl Pts',(-4.24230095489963E-16,6.92820323027551,
0.967812500867151));
#11353=CARTESIAN_POINT('Ctrl Pts',(3.,5.19615242270663,0.941354167533818));
#11354=CARTESIAN_POINT('Ctrl Pts',(6.,3.46410161513776,0.914895834200484));
#11355=CARTESIAN_POINT('Ctrl Pts',(6.,7.34788079488412E-16,0.888437500867151));
#11356=CARTESIAN_POINT('Ctrl Pts',(6.,-3.46410161513775,0.861979167533818));
#11357=CARTESIAN_POINT('Ctrl Pts',(3.,-5.19615242270663,0.835520834200485));
#11358=CARTESIAN_POINT('Ctrl Pts',(1.27269028646989E-15,-6.92820323027551,
0.809062500867151));
#11359=CARTESIAN_POINT('Ctrl Pts',(-3.,-5.19615242270664,0.782604167533818));
#11360=CARTESIAN_POINT('Ctrl Pts',(-6.,-3.46410161513776,0.756145834200485));
#11361=CARTESIAN_POINT('Ctrl Pts',(-6.,0.,0.729687500867151));
#11362=CARTESIAN_POINT('Ctrl Pts',(-6.,3.46410161513775,0.703229167533818));
#11363=CARTESIAN_POINT('Ctrl Pts',(-3.,5.19615242270663,0.676770834200485));
#11364=CARTESIAN_POINT('Ctrl Pts',(-4.24230095489963E-16,6.92820323027551,
0.650312500867151));
#11365=CARTESIAN_POINT('Ctrl Pts',(3.,5.19615242270663,0.623854167533818));
#11366=CARTESIAN_POINT('Ctrl Pts',(6.,3.46410161513776,0.597395834200485));
#11367=CARTESIAN_POINT('Ctrl Pts',(6.,7.34788079488412E-16,0.570937500867151));
#11368=CARTESIAN_POINT('Ctrl Pts',(6.,-3.46410161513775,0.544479167533818));
#11369=CARTESIAN_POINT('Ctrl Pts',(3.,-5.19615242270663,0.518020834200484));
#11370=CARTESIAN_POINT('Ctrl Pts',(1.27269028646989E-15,-6.92820323027551,
0.491562500867151));
#11371=CARTESIAN_POINT('Ctrl Pts',(-3.,-5.19615242270664,0.465104167533818));
#11372=CARTESIAN_POINT('Ctrl Pts',(-6.,-3.46410161513776,0.438645834200484));
#11373=CARTESIAN_POINT('Ctrl Pts',(-6.,0.,0.412187500867151));
#11374=CARTESIAN_POINT('Ctrl Pts',(-6.,3.46410161513775,0.385729167533818));
#11375=CARTESIAN_POINT('Ctrl Pts',(-3.,5.19615242270663,0.359270834200484));
#11376=CARTESIAN_POINT('Ctrl Pts',(-4.24230095489963E-16,6.92820323027551,
0.332812500867151));
#11377=CARTESIAN_POINT('Ctrl Pts',(3.,5.19615242270663,0.306354167533818));
#11378=CARTESIAN_POINT('Ctrl Pts',(6.,3.46410161513776,0.279895834200484));
#11379=CARTESIAN_POINT('Ctrl Pts',(6.,7.34788079488412E-16,0.253437500867151));
#11380=CARTESIAN_POINT('Ctrl Pts',(6.,-3.46410161513775,0.226979167533818));
#11381=CARTESIAN_POINT('Ctrl Pts',(3.,-5.19615242270663,0.200520834200485));
#11382=CARTESIAN_POINT('Ctrl Pts',(1.27269028646989E-15,-6.92820323027551,
0.174062500867151));
#11383=CARTESIAN_POINT('Ctrl Pts',(-3.,-5.19615242270664,0.147604167533817));
#11384=CARTESIAN_POINT('Ctrl Pts',(-6.,-3.46410161513776,0.121145834200484));
#11385=CARTESIAN_POINT('Ctrl Pts',(-6.,0.,0.0946875008671511));
#11386=CARTESIAN_POINT('Ctrl Pts',(-6.,3.46410161513775,0.0682291675338179));
#11387=CARTESIAN_POINT('Ctrl Pts',(-3.,5.19615242270663,0.0417708342004847));
#11388=CARTESIAN_POINT('Ctrl Pts',(-4.24230095489963E-16,6.92820323027551,
0.0153125008671515));
#11389=CARTESIAN_POINT('Ctrl Pts',(3.,5.19615242270663,-0.0111458324661825));
#11390=CARTESIAN_POINT('Ctrl Pts',(6.,3.46410161513776,-0.0376041657995157));
#11391=CARTESIAN_POINT('Ctrl Pts',(6.,7.34788079488412E-16,-0.0640624991328489));
#11392=CARTESIAN_POINT('Ctrl Pts',(6.,-3.46410161513775,-0.0905208324661821));
#11393=CARTESIAN_POINT('Ctrl Pts',(3.,-5.19615242270663,-0.116979165799515));
#11394=CARTESIAN_POINT('Ctrl Pts',(1.27269028646989E-15,-6.92820323027551,
-0.143437499132849));
#11395=CARTESIAN_POINT('Ctrl Pts',(-3.,-5.19615242270664,-0.169895832466183));
#11396=CARTESIAN_POINT('Ctrl Pts',(-6.,-3.46410161513776,-0.196354165799516));
#11397=CARTESIAN_POINT('Ctrl Pts',(-6.,0.,-0.222812499132849));
#11398=CARTESIAN_POINT('Ctrl Pts',(-6.,3.46410161513775,-0.249270832466182));
#11399=CARTESIAN_POINT('Ctrl Pts',(-3.,5.19615242270663,-0.275729165799515));
#11400=CARTESIAN_POINT('Ctrl Pts',(-2.89287010686226,5.25800389534797,-0.276673991940383));
#11401=CARTESIAN_POINT('Ctrl Pts',(-2.78328193035245,5.31538725740407,-0.277640498774879));
#11402=CARTESIAN_POINT('Ctrl Pts',(-5.8281480846875,0.,4.32140625043358));
#11403=CARTESIAN_POINT('Ctrl Pts',(-5.8281480846875,3.36488286557133,4.29494791710024));
#11404=CARTESIAN_POINT('Ctrl Pts',(-2.91407404234375,5.047324298357,4.26848958376691));
#11405=CARTESIAN_POINT('Ctrl Pts',(-4.1207930308277E-16,6.72976573114266,
4.24203125043358));
#11406=CARTESIAN_POINT('Ctrl Pts',(2.91407404234375,5.047324298357,4.21557291710024));
#11407=CARTESIAN_POINT('Ctrl Pts',(5.8281480846875,3.36488286557133,4.18911458376691));
#11408=CARTESIAN_POINT('Ctrl Pts',(5.8281480846875,7.13742289686932E-16,
4.16265625043358));
#11409=CARTESIAN_POINT('Ctrl Pts',(5.8281480846875,-3.36488286557133,4.13619791710024));
#11410=CARTESIAN_POINT('Ctrl Pts',(2.91407404234375,-5.047324298357,4.10973958376691));
#11411=CARTESIAN_POINT('Ctrl Pts',(1.23623790924831E-15,-6.72976573114266,
4.08328125043358));
#11412=CARTESIAN_POINT('Ctrl Pts',(-2.91407404234375,-5.047324298357,4.05682291710024));
#11413=CARTESIAN_POINT('Ctrl Pts',(-5.8281480846875,-3.36488286557133,4.03036458376691));
#11414=CARTESIAN_POINT('Ctrl Pts',(-5.8281480846875,0.,4.00390625043358));
#11415=CARTESIAN_POINT('Ctrl Pts',(-5.8281480846875,3.36488286557133,3.97744791710024));
#11416=CARTESIAN_POINT('Ctrl Pts',(-2.91407404234375,5.047324298357,3.95098958376691));
#11417=CARTESIAN_POINT('Ctrl Pts',(-4.1207930308277E-16,6.72976573114266,
3.92453125043358));
#11418=CARTESIAN_POINT('Ctrl Pts',(2.91407404234375,5.047324298357,3.89807291710024));
#11419=CARTESIAN_POINT('Ctrl Pts',(5.8281480846875,3.36488286557133,3.87161458376691));
#11420=CARTESIAN_POINT('Ctrl Pts',(5.8281480846875,7.13742289686932E-16,
3.84515625043358));
#11421=CARTESIAN_POINT('Ctrl Pts',(5.8281480846875,-3.36488286557133,3.81869791710024));
#11422=CARTESIAN_POINT('Ctrl Pts',(2.91407404234375,-5.047324298357,3.79223958376691));
#11423=CARTESIAN_POINT('Ctrl Pts',(1.23623790924831E-15,-6.72976573114266,
3.76578125043358));
#11424=CARTESIAN_POINT('Ctrl Pts',(-2.91407404234375,-5.047324298357,3.73932291710024));
#11425=CARTESIAN_POINT('Ctrl Pts',(-5.8281480846875,-3.36488286557133,3.71286458376691));
#11426=CARTESIAN_POINT('Ctrl Pts',(-5.8281480846875,0.,3.68640625043358));
#11427=CARTESIAN_POINT('Ctrl Pts',(-5.8281480846875,3.36488286557133,3.65994791710024));
#11428=CARTESIAN_POINT('Ctrl Pts',(-2.91407404234375,5.047324298357,3.63348958376691));
#11429=CARTESIAN_POINT('Ctrl Pts',(-4.1207930308277E-16,6.72976573114266,
3.60703125043357));
#11430=CARTESIAN_POINT('Ctrl Pts',(2.91407404234375,5.047324298357,3.58057291710024));
#11431=CARTESIAN_POINT('Ctrl Pts',(5.8281480846875,3.36488286557133,3.55411458376691));
#11432=CARTESIAN_POINT('Ctrl Pts',(5.8281480846875,7.13742289686932E-16,
3.52765625043358));
#11433=CARTESIAN_POINT('Ctrl Pts',(5.8281480846875,-3.36488286557133,3.50119791710024));
#11434=CARTESIAN_POINT('Ctrl Pts',(2.91407404234375,-5.047324298357,3.47473958376691));
#11435=CARTESIAN_POINT('Ctrl Pts',(1.23623790924831E-15,-6.72976573114266,
3.44828125043358));
#11436=CARTESIAN_POINT('Ctrl Pts',(-2.91407404234375,-5.047324298357,3.42182291710024));
#11437=CARTESIAN_POINT('Ctrl Pts',(-5.8281480846875,-3.36488286557133,3.39536458376691));
#11438=CARTESIAN_POINT('Ctrl Pts',(-5.8281480846875,0.,3.36890625043358));
#11439=CARTESIAN_POINT('Ctrl Pts',(-5.8281480846875,3.36488286557133,3.34244791710024));
#11440=CARTESIAN_POINT('Ctrl Pts',(-2.91407404234375,5.047324298357,3.31598958376691));
#11441=CARTESIAN_POINT('Ctrl Pts',(-4.1207930308277E-16,6.72976573114266,
3.28953125043358));
#11442=CARTESIAN_POINT('Ctrl Pts',(2.91407404234375,5.047324298357,3.26307291710024));
#11443=CARTESIAN_POINT('Ctrl Pts',(5.8281480846875,3.36488286557133,3.23661458376691));
#11444=CARTESIAN_POINT('Ctrl Pts',(5.8281480846875,7.13742289686932E-16,
3.21015625043358));
#11445=CARTESIAN_POINT('Ctrl Pts',(5.8281480846875,-3.36488286557133,3.18369791710024));
#11446=CARTESIAN_POINT('Ctrl Pts',(2.91407404234375,-5.047324298357,3.15723958376691));
#11447=CARTESIAN_POINT('Ctrl Pts',(1.23623790924831E-15,-6.72976573114266,
3.13078125043358));
#11448=CARTESIAN_POINT('Ctrl Pts',(-2.91407404234375,-5.047324298357,3.10432291710024));
#11449=CARTESIAN_POINT('Ctrl Pts',(-5.8281480846875,-3.36488286557133,3.07786458376691));
#11450=CARTESIAN_POINT('Ctrl Pts',(-5.8281480846875,0.,3.05140625043358));
#11451=CARTESIAN_POINT('Ctrl Pts',(-5.8281480846875,3.36488286557133,3.02494791710024));
#11452=CARTESIAN_POINT('Ctrl Pts',(-2.91407404234375,5.047324298357,2.99848958376691));
#11453=CARTESIAN_POINT('Ctrl Pts',(-4.1207930308277E-16,6.72976573114266,
2.97203125043358));
#11454=CARTESIAN_POINT('Ctrl Pts',(2.91407404234375,5.047324298357,2.94557291710024));
#11455=CARTESIAN_POINT('Ctrl Pts',(5.8281480846875,3.36488286557133,2.91911458376691));
#11456=CARTESIAN_POINT('Ctrl Pts',(5.8281480846875,7.13742289686932E-16,
2.89265625043358));
#11457=CARTESIAN_POINT('Ctrl Pts',(5.8281480846875,-3.36488286557133,2.86619791710024));
#11458=CARTESIAN_POINT('Ctrl Pts',(2.91407404234375,-5.047324298357,2.83973958376691));
#11459=CARTESIAN_POINT('Ctrl Pts',(1.23623790924831E-15,-6.72976573114266,
2.81328125043358));
#11460=CARTESIAN_POINT('Ctrl Pts',(-2.91407404234375,-5.047324298357,2.78682291710024));
#11461=CARTESIAN_POINT('Ctrl Pts',(-5.8281480846875,-3.36488286557133,2.76036458376691));
#11462=CARTESIAN_POINT('Ctrl Pts',(-5.8281480846875,0.,2.73390625043358));
#11463=CARTESIAN_POINT('Ctrl Pts',(-5.8281480846875,3.36488286557133,2.70744791710024));
#11464=CARTESIAN_POINT('Ctrl Pts',(-2.91407404234375,5.047324298357,2.68098958376691));
#11465=CARTESIAN_POINT('Ctrl Pts',(-4.1207930308277E-16,6.72976573114266,
2.65453125043358));
#11466=CARTESIAN_POINT('Ctrl Pts',(2.91407404234375,5.047324298357,2.62807291710024));
#11467=CARTESIAN_POINT('Ctrl Pts',(5.8281480846875,3.36488286557133,2.60161458376691));
#11468=CARTESIAN_POINT('Ctrl Pts',(5.8281480846875,7.13742289686932E-16,
2.57515625043358));
#11469=CARTESIAN_POINT('Ctrl Pts',(5.8281480846875,-3.36488286557133,2.54869791710024));
#11470=CARTESIAN_POINT('Ctrl Pts',(2.91407404234375,-5.047324298357,2.52223958376691));
#11471=CARTESIAN_POINT('Ctrl Pts',(1.23623790924831E-15,-6.72976573114266,
2.49578125043358));
#11472=CARTESIAN_POINT('Ctrl Pts',(-2.91407404234375,-5.047324298357,2.46932291710024));
#11473=CARTESIAN_POINT('Ctrl Pts',(-5.8281480846875,-3.36488286557133,2.44286458376691));
#11474=CARTESIAN_POINT('Ctrl Pts',(-5.8281480846875,0.,2.41640625043358));
#11475=CARTESIAN_POINT('Ctrl Pts',(-5.8281480846875,3.36488286557133,2.38994791710024));
#11476=CARTESIAN_POINT('Ctrl Pts',(-2.91407404234375,5.047324298357,2.36348958376691));
#11477=CARTESIAN_POINT('Ctrl Pts',(-4.1207930308277E-16,6.72976573114266,
2.33703125043358));
#11478=CARTESIAN_POINT('Ctrl Pts',(2.91407404234375,5.047324298357,2.31057291710024));
#11479=CARTESIAN_POINT('Ctrl Pts',(5.8281480846875,3.36488286557133,2.28411458376691));
#11480=CARTESIAN_POINT('Ctrl Pts',(5.8281480846875,7.13742289686932E-16,
2.25765625043358));
#11481=CARTESIAN_POINT('Ctrl Pts',(5.8281480846875,-3.36488286557133,2.23119791710024));
#11482=CARTESIAN_POINT('Ctrl Pts',(2.91407404234375,-5.047324298357,2.20473958376691));
#11483=CARTESIAN_POINT('Ctrl Pts',(1.23623790924831E-15,-6.72976573114266,
2.17828125043358));
#11484=CARTESIAN_POINT('Ctrl Pts',(-2.91407404234375,-5.047324298357,2.15182291710024));
#11485=CARTESIAN_POINT('Ctrl Pts',(-5.8281480846875,-3.36488286557133,2.12536458376691));
#11486=CARTESIAN_POINT('Ctrl Pts',(-5.8281480846875,0.,2.09890625043358));
#11487=CARTESIAN_POINT('Ctrl Pts',(-5.8281480846875,3.36488286557133,2.07244791710024));
#11488=CARTESIAN_POINT('Ctrl Pts',(-2.91407404234375,5.047324298357,2.04598958376691));
#11489=CARTESIAN_POINT('Ctrl Pts',(-4.1207930308277E-16,6.72976573114266,
2.01953125043358));
#11490=CARTESIAN_POINT('Ctrl Pts',(2.91407404234375,5.047324298357,1.99307291710024));
#11491=CARTESIAN_POINT('Ctrl Pts',(5.8281480846875,3.36488286557133,1.96661458376691));
#11492=CARTESIAN_POINT('Ctrl Pts',(5.8281480846875,7.13742289686932E-16,
1.94015625043358));
#11493=CARTESIAN_POINT('Ctrl Pts',(5.8281480846875,-3.36488286557133,1.91369791710024));
#11494=CARTESIAN_POINT('Ctrl Pts',(2.91407404234375,-5.047324298357,1.88723958376691));
#11495=CARTESIAN_POINT('Ctrl Pts',(1.23623790924831E-15,-6.72976573114266,
1.86078125043358));
#11496=CARTESIAN_POINT('Ctrl Pts',(-2.91407404234375,-5.047324298357,1.83432291710024));
#11497=CARTESIAN_POINT('Ctrl Pts',(-5.8281480846875,-3.36488286557133,1.80786458376691));
#11498=CARTESIAN_POINT('Ctrl Pts',(-5.8281480846875,0.,1.78140625043358));
#11499=CARTESIAN_POINT('Ctrl Pts',(-5.8281480846875,3.36488286557133,1.75494791710024));
#11500=CARTESIAN_POINT('Ctrl Pts',(-2.91407404234375,5.047324298357,1.72848958376691));
#11501=CARTESIAN_POINT('Ctrl Pts',(-4.1207930308277E-16,6.72976573114266,
1.70203125043358));
#11502=CARTESIAN_POINT('Ctrl Pts',(2.91407404234375,5.047324298357,1.67557291710024));
#11503=CARTESIAN_POINT('Ctrl Pts',(5.8281480846875,3.36488286557133,1.64911458376691));
#11504=CARTESIAN_POINT('Ctrl Pts',(5.8281480846875,7.13742289686932E-16,
1.62265625043358));
#11505=CARTESIAN_POINT('Ctrl Pts',(5.8281480846875,-3.36488286557133,1.59619791710024));
#11506=CARTESIAN_POINT('Ctrl Pts',(2.91407404234375,-5.047324298357,1.56973958376691));
#11507=CARTESIAN_POINT('Ctrl Pts',(1.23623790924831E-15,-6.72976573114266,
1.54328125043358));
#11508=CARTESIAN_POINT('Ctrl Pts',(-2.91407404234375,-5.047324298357,1.51682291710024));
#11509=CARTESIAN_POINT('Ctrl Pts',(-5.8281480846875,-3.36488286557133,1.49036458376691));
#11510=CARTESIAN_POINT('Ctrl Pts',(-5.8281480846875,0.,1.46390625043358));
#11511=CARTESIAN_POINT('Ctrl Pts',(-5.8281480846875,3.36488286557133,1.43744791710024));
#11512=CARTESIAN_POINT('Ctrl Pts',(-2.91407404234375,5.047324298357,1.41098958376691));
#11513=CARTESIAN_POINT('Ctrl Pts',(-4.1207930308277E-16,6.72976573114266,
1.38453125043358));
#11514=CARTESIAN_POINT('Ctrl Pts',(2.91407404234375,5.047324298357,1.35807291710024));
#11515=CARTESIAN_POINT('Ctrl Pts',(5.8281480846875,3.36488286557133,1.33161458376691));
#11516=CARTESIAN_POINT('Ctrl Pts',(5.8281480846875,7.13742289686932E-16,
1.30515625043358));
#11517=CARTESIAN_POINT('Ctrl Pts',(5.8281480846875,-3.36488286557133,1.27869791710024));
#11518=CARTESIAN_POINT('Ctrl Pts',(2.91407404234375,-5.047324298357,1.25223958376691));
#11519=CARTESIAN_POINT('Ctrl Pts',(1.23623790924831E-15,-6.72976573114266,
1.22578125043358));
#11520=CARTESIAN_POINT('Ctrl Pts',(-2.91407404234375,-5.047324298357,1.19932291710024));
#11521=CARTESIAN_POINT('Ctrl Pts',(-5.8281480846875,-3.36488286557133,1.17286458376691));
#11522=CARTESIAN_POINT('Ctrl Pts',(-5.8281480846875,0.,1.14640625043358));
#11523=CARTESIAN_POINT('Ctrl Pts',(-5.8281480846875,3.36488286557133,1.11994791710024));
#11524=CARTESIAN_POINT('Ctrl Pts',(-2.91407404234375,5.047324298357,1.09348958376691));
#11525=CARTESIAN_POINT('Ctrl Pts',(-4.1207930308277E-16,6.72976573114266,
1.06703125043358));
#11526=CARTESIAN_POINT('Ctrl Pts',(2.91407404234375,5.047324298357,1.04057291710024));
#11527=CARTESIAN_POINT('Ctrl Pts',(5.8281480846875,3.36488286557133,1.01411458376691));
#11528=CARTESIAN_POINT('Ctrl Pts',(5.8281480846875,7.13742289686932E-16,
0.987656250433576));
#11529=CARTESIAN_POINT('Ctrl Pts',(5.8281480846875,-3.36488286557133,0.961197917100242));
#11530=CARTESIAN_POINT('Ctrl Pts',(2.91407404234375,-5.047324298357,0.934739583766909));
#11531=CARTESIAN_POINT('Ctrl Pts',(1.23623790924831E-15,-6.72976573114266,
0.908281250433576));
#11532=CARTESIAN_POINT('Ctrl Pts',(-2.91407404234375,-5.047324298357,0.881822917100242));
#11533=CARTESIAN_POINT('Ctrl Pts',(-5.8281480846875,-3.36488286557133,0.855364583766909));
#11534=CARTESIAN_POINT('Ctrl Pts',(-5.8281480846875,0.,0.828906250433576));
#11535=CARTESIAN_POINT('Ctrl Pts',(-5.8281480846875,3.36488286557133,0.802447917100242));
#11536=CARTESIAN_POINT('Ctrl Pts',(-2.91407404234375,5.047324298357,0.775989583766909));
#11537=CARTESIAN_POINT('Ctrl Pts',(-4.1207930308277E-16,6.72976573114266,
0.749531250433576));
#11538=CARTESIAN_POINT('Ctrl Pts',(2.91407404234375,5.047324298357,0.723072917100242));
#11539=CARTESIAN_POINT('Ctrl Pts',(5.8281480846875,3.36488286557133,0.696614583766909));
#11540=CARTESIAN_POINT('Ctrl Pts',(5.8281480846875,7.13742289686932E-16,
0.670156250433576));
#11541=CARTESIAN_POINT('Ctrl Pts',(5.8281480846875,-3.36488286557133,0.643697917100242));
#11542=CARTESIAN_POINT('Ctrl Pts',(2.91407404234375,-5.047324298357,0.617239583766909));
#11543=CARTESIAN_POINT('Ctrl Pts',(1.23623790924831E-15,-6.72976573114266,
0.590781250433576));
#11544=CARTESIAN_POINT('Ctrl Pts',(-2.91407404234375,-5.047324298357,0.564322917100242));
#11545=CARTESIAN_POINT('Ctrl Pts',(-5.8281480846875,-3.36488286557133,0.537864583766909));
#11546=CARTESIAN_POINT('Ctrl Pts',(-5.8281480846875,0.,0.511406250433576));
#11547=CARTESIAN_POINT('Ctrl Pts',(-5.8281480846875,3.36488286557133,0.484947917100242));
#11548=CARTESIAN_POINT('Ctrl Pts',(-2.91407404234375,5.047324298357,0.458489583766909));
#11549=CARTESIAN_POINT('Ctrl Pts',(-4.1207930308277E-16,6.72976573114266,
0.432031250433576));
#11550=CARTESIAN_POINT('Ctrl Pts',(2.91407404234375,5.047324298357,0.405572917100242));
#11551=CARTESIAN_POINT('Ctrl Pts',(5.8281480846875,3.36488286557133,0.379114583766909));
#11552=CARTESIAN_POINT('Ctrl Pts',(5.8281480846875,7.13742289686932E-16,
0.352656250433576));
#11553=CARTESIAN_POINT('Ctrl Pts',(5.8281480846875,-3.36488286557133,0.326197917100242));
#11554=CARTESIAN_POINT('Ctrl Pts',(2.91407404234375,-5.047324298357,0.299739583766909));
#11555=CARTESIAN_POINT('Ctrl Pts',(1.23623790924831E-15,-6.72976573114266,
0.273281250433575));
#11556=CARTESIAN_POINT('Ctrl Pts',(-2.91407404234375,-5.047324298357,0.246822917100242));
#11557=CARTESIAN_POINT('Ctrl Pts',(-5.8281480846875,-3.36488286557133,0.220364583766909));
#11558=CARTESIAN_POINT('Ctrl Pts',(-5.8281480846875,0.,0.193906250433576));
#11559=CARTESIAN_POINT('Ctrl Pts',(-5.8281480846875,3.36488286557133,0.167447917100242));
#11560=CARTESIAN_POINT('Ctrl Pts',(-2.91407404234375,5.047324298357,0.140989583766909));
#11561=CARTESIAN_POINT('Ctrl Pts',(-4.1207930308277E-16,6.72976573114266,
0.114531250433576));
#11562=CARTESIAN_POINT('Ctrl Pts',(2.91407404234375,5.047324298357,0.0880729171002419));
#11563=CARTESIAN_POINT('Ctrl Pts',(5.8281480846875,3.36488286557133,0.0616145837669087));
#11564=CARTESIAN_POINT('Ctrl Pts',(5.8281480846875,7.13742289686932E-16,
0.0351562504335755));
#11565=CARTESIAN_POINT('Ctrl Pts',(5.8281480846875,-3.36488286557133,0.00869791710024232));
#11566=CARTESIAN_POINT('Ctrl Pts',(2.91407404234375,-5.047324298357,-0.0177604162330909));
#11567=CARTESIAN_POINT('Ctrl Pts',(1.23623790924831E-15,-6.72976573114266,
-0.0442187495664241));
#11568=CARTESIAN_POINT('Ctrl Pts',(-2.91407404234375,-5.047324298357,-0.0706770828997581));
#11569=CARTESIAN_POINT('Ctrl Pts',(-5.8281480846875,-3.36488286557133,-0.0971354162330913));
#11570=CARTESIAN_POINT('Ctrl Pts',(-5.8281480846875,0.,-0.123593749566425));
#11571=CARTESIAN_POINT('Ctrl Pts',(-5.8281480846875,3.36488286557133,-0.150052082899758));
#11572=CARTESIAN_POINT('Ctrl Pts',(-2.91407404234375,5.047324298357,-0.176510416233091));
#11573=CARTESIAN_POINT('Ctrl Pts',(-2.81001256209316,5.10740422199194,-0.177455242373958));
#11574=CARTESIAN_POINT('Ctrl Pts',(-2.70356320858816,5.16314401060198,-0.178421749208455));
#11575=CARTESIAN_POINT('',(-5.91407404234375,0.,4.27179687565036));
#11576=CARTESIAN_POINT('Origin',(-5.91407404234375,0.,4.45039062521679));
#11577=CARTESIAN_POINT('Origin',(0.,0.,0.999999999999999));
#11578=CARTESIAN_POINT('Origin',(-8.67361737988404E-16,0.,7.91222610107189));
#11579=CARTESIAN_POINT('',(3.27216248373451,0.,11.));
#11580=CARTESIAN_POINT('Origin',(-2.66687686190824E-15,0.,11.));
#11581=CARTESIAN_POINT('Origin',(-8.67361737988404E-16,0.,7.91222610107189));
#11582=CARTESIAN_POINT('',(3.28589838486231,0.,11.));
#11583=CARTESIAN_POINT('Origin',(-8.67361737988402E-16,0.,11.));
#11584=CARTESIAN_POINT('Origin',(-8.67361737988403E-16,0.,11.));
#11585=CARTESIAN_POINT('Origin',(15.53,-3.2,1.57));
#11586=CARTESIAN_POINT('',(15.53,-10.76,0.));
#11587=CARTESIAN_POINT('',(15.53,-3.2,0.));
#11588=CARTESIAN_POINT('',(15.53,-1.6,0.));
#11589=CARTESIAN_POINT('',(15.53,-10.76,-4.5));
#11590=CARTESIAN_POINT('',(15.53,-10.76,1.57));
#11591=CARTESIAN_POINT('',(15.53,-3.2,-4.5));
#11592=CARTESIAN_POINT('',(15.53,-10.76,-4.5));
#11593=CARTESIAN_POINT('',(15.53,-3.2,1.57));
#11594=CARTESIAN_POINT('Origin',(15.53,-10.76,1.57));
#11595=CARTESIAN_POINT('',(11.72,-10.76,0.));
#11596=CARTESIAN_POINT('',(7.765,-10.76,0.));
#11597=CARTESIAN_POINT('',(11.72,-10.76,-4.5));
#11598=CARTESIAN_POINT('',(11.72,-10.76,1.57));
#11599=CARTESIAN_POINT('',(11.72,-10.76,-4.5));
#11600=CARTESIAN_POINT('Origin',(11.72,-3.2,1.57));
#11601=CARTESIAN_POINT('',(11.72,-3.2,0.));
#11602=CARTESIAN_POINT('',(5.86,-3.2,0.));
#11603=CARTESIAN_POINT('',(11.72,-3.2,-4.5));
#11604=CARTESIAN_POINT('',(15.53,-3.2,-4.5));
#11605=CARTESIAN_POINT('',(11.72,-3.2,1.57));
#11606=CARTESIAN_POINT('Origin',(11.72,-10.76,1.57));
#11607=CARTESIAN_POINT('',(11.72,-5.38,0.));
#11608=CARTESIAN_POINT('',(11.72,-3.2,-4.5));
#11609=CARTESIAN_POINT('Origin',(13.625,-6.98,-4.5));
#11610=CARTESIAN_POINT('Origin',(14.,-14.,1.57));
#11611=CARTESIAN_POINT('',(15.4,-14.,1.57));
#11612=CARTESIAN_POINT('Origin',(14.,-14.,1.57));
#11613=CARTESIAN_POINT('',(15.4,-14.,0.));
#11614=CARTESIAN_POINT('',(15.4,-14.,1.57));
#11615=CARTESIAN_POINT('Origin',(14.,-14.,0.));
#11616=CARTESIAN_POINT('Origin',(-14.,14.,1.57));
#11617=CARTESIAN_POINT('',(-12.6,14.,1.57));
#11618=CARTESIAN_POINT('Origin',(-14.,14.,1.57));
#11619=CARTESIAN_POINT('',(-12.6,14.,0.));
#11620=CARTESIAN_POINT('',(-12.6,14.,1.57));
#11621=CARTESIAN_POINT('Origin',(-14.,14.,0.));
#11622=CARTESIAN_POINT('Origin',(14.,14.,1.57));
#11623=CARTESIAN_POINT('',(15.4,14.,1.57));
#11624=CARTESIAN_POINT('Origin',(14.,14.,1.57));
#11625=CARTESIAN_POINT('',(15.4,14.,0.));
#11626=CARTESIAN_POINT('',(15.4,14.,1.57));
#11627=CARTESIAN_POINT('Origin',(14.,14.,0.));
#11628=CARTESIAN_POINT('Origin',(-14.,-14.,1.57));
#11629=CARTESIAN_POINT('',(-12.6,-14.,1.57));
#11630=CARTESIAN_POINT('Origin',(-14.,-14.,1.57));
#11631=CARTESIAN_POINT('',(-12.6,-14.,0.));
#11632=CARTESIAN_POINT('',(-12.6,-14.,1.57));
#11633=CARTESIAN_POINT('Origin',(-14.,-14.,0.));
#11634=CARTESIAN_POINT('Origin',(17.,-17.,1.57));
#11635=CARTESIAN_POINT('',(18.3,-17.,1.57));
#11636=CARTESIAN_POINT('Origin',(17.,-17.,1.57));
#11637=CARTESIAN_POINT('',(18.3,-17.,0.));
#11638=CARTESIAN_POINT('',(18.3,-17.,1.57));
#11639=CARTESIAN_POINT('Origin',(17.,-17.,0.));
#11640=CARTESIAN_POINT('Origin',(-17.,17.,1.57));
#11641=CARTESIAN_POINT('',(-15.7,17.,1.57));
#11642=CARTESIAN_POINT('Origin',(-17.,17.,1.57));
#11643=CARTESIAN_POINT('',(-15.7,17.,0.));
#11644=CARTESIAN_POINT('',(-15.7,17.,1.57));
#11645=CARTESIAN_POINT('Origin',(-17.,17.,0.));
#11646=CARTESIAN_POINT('Origin',(17.,17.,1.57));
#11647=CARTESIAN_POINT('',(18.3,17.,1.57));
#11648=CARTESIAN_POINT('Origin',(17.,17.,1.57));
#11649=CARTESIAN_POINT('',(18.3,17.,0.));
#11650=CARTESIAN_POINT('',(18.3,17.,1.57));
#11651=CARTESIAN_POINT('Origin',(17.,17.,0.));
#11652=CARTESIAN_POINT('Origin',(-17.,-17.,1.57));
#11653=CARTESIAN_POINT('',(-15.7,-17.,1.57));
#11654=CARTESIAN_POINT('Origin',(-17.,-17.,1.57));
#11655=CARTESIAN_POINT('',(-15.7,-17.,0.));
#11656=CARTESIAN_POINT('',(-15.7,-17.,1.57));
#11657=CARTESIAN_POINT('Origin',(-17.,-17.,0.));
#11658=CARTESIAN_POINT('Origin',(-19.,19.,0.));
#11659=CARTESIAN_POINT('',(-19.,-19.,0.));
#11660=CARTESIAN_POINT('',(-19.,19.,0.));
#11661=CARTESIAN_POINT('',(-19.,-19.,0.));
#11662=CARTESIAN_POINT('',(-19.,-19.,1.57));
#11663=CARTESIAN_POINT('',(-19.,-19.,0.));
#11664=CARTESIAN_POINT('',(-19.,19.,1.57));
#11665=CARTESIAN_POINT('',(-19.,-19.,1.57));
#11666=CARTESIAN_POINT('',(-19.,19.,0.));
#11667=CARTESIAN_POINT('Origin',(19.,19.,0.));
#11668=CARTESIAN_POINT('',(19.,19.,0.));
#11669=CARTESIAN_POINT('',(-19.,19.,0.));
#11670=CARTESIAN_POINT('',(19.,19.,1.57));
#11671=CARTESIAN_POINT('',(-19.,19.,1.57));
#11672=CARTESIAN_POINT('',(19.,19.,0.));
#11673=CARTESIAN_POINT('Origin',(19.,-19.,0.));
#11674=CARTESIAN_POINT('',(19.,-19.,0.));
#11675=CARTESIAN_POINT('',(19.,19.,0.));
#11676=CARTESIAN_POINT('',(19.,-19.,1.57));
#11677=CARTESIAN_POINT('',(19.,19.,1.57));
#11678=CARTESIAN_POINT('',(19.,-19.,0.));
#11679=CARTESIAN_POINT('Origin',(-19.,-19.,0.));
#11680=CARTESIAN_POINT('',(19.,-19.,0.));
#11681=CARTESIAN_POINT('',(19.,-19.,1.57));
#11682=CARTESIAN_POINT('Origin',(0.,0.,1.57));
#11683=CARTESIAN_POINT('Origin',(0.,0.,0.));
#11684=CARTESIAN_POINT('',(0.,1.66533453693773E-15,1.57));
#11685=CARTESIAN_POINT('',(0.,1.66533453693773E-15,4.07000000000001));
#11686=UNCERTAINTY_MEASURE_WITH_UNIT(LENGTH_MEASURE(0.01),#11694,
'DISTANCE_ACCURACY_VALUE',
'Maximum model space distance between geometric entities at asserted c
onnectivities');
#11687=UNCERTAINTY_MEASURE_WITH_UNIT(LENGTH_MEASURE(0.01),#11694,
'DISTANCE_ACCURACY_VALUE',
'Maximum model space distance between geometric entities at asserted c
onnectivities');
#11688=UNCERTAINTY_MEASURE_WITH_UNIT(LENGTH_MEASURE(0.01),#11694,
'DISTANCE_ACCURACY_VALUE',
'Maximum model space distance between geometric entities at asserted c
onnectivities');
#11689=UNCERTAINTY_MEASURE_WITH_UNIT(LENGTH_MEASURE(0.01),#11694,
'DISTANCE_ACCURACY_VALUE',
'Maximum model space distance between geometric entities at asserted c
onnectivities');
#11690=(
GEOMETRIC_REPRESENTATION_CONTEXT(3)
GLOBAL_UNCERTAINTY_ASSIGNED_CONTEXT((#11686))
GLOBAL_UNIT_ASSIGNED_CONTEXT((#11694,#11696,#11697))
REPRESENTATION_CONTEXT('','3D')
);
#11691=(
GEOMETRIC_REPRESENTATION_CONTEXT(3)
GLOBAL_UNCERTAINTY_ASSIGNED_CONTEXT((#11687))
GLOBAL_UNIT_ASSIGNED_CONTEXT((#11694,#11696,#11697))
REPRESENTATION_CONTEXT('','3D')
);
#11692=(
GEOMETRIC_REPRESENTATION_CONTEXT(3)
GLOBAL_UNCERTAINTY_ASSIGNED_CONTEXT((#11688))
GLOBAL_UNIT_ASSIGNED_CONTEXT((#11694,#11696,#11697))
REPRESENTATION_CONTEXT('','3D')
);
#11693=(
GEOMETRIC_REPRESENTATION_CONTEXT(3)
GLOBAL_UNCERTAINTY_ASSIGNED_CONTEXT((#11689))
GLOBAL_UNIT_ASSIGNED_CONTEXT((#11694,#11696,#11697))
REPRESENTATION_CONTEXT('','3D')
);
#11694=(
LENGTH_UNIT()
NAMED_UNIT(*)
SI_UNIT(.MILLI.,.METRE.)
);
#11695=(
LENGTH_UNIT()
NAMED_UNIT(*)
SI_UNIT($,.METRE.)
);
#11696=(
NAMED_UNIT(*)
PLANE_ANGLE_UNIT()
SI_UNIT($,.RADIAN.)
);
#11697=(
NAMED_UNIT(*)
SI_UNIT($,.STERADIAN.)
SOLID_ANGLE_UNIT()
);
#11698=SHAPE_DEFINITION_REPRESENTATION(#11701,#11706);
#11699=SHAPE_DEFINITION_REPRESENTATION(#11702,#11707);
#11700=SHAPE_DEFINITION_REPRESENTATION(#11703,#11708);
#11701=PRODUCT_DEFINITION_SHAPE('',$,#11710);
#11702=PRODUCT_DEFINITION_SHAPE('',$,#11711);
#11703=PRODUCT_DEFINITION_SHAPE('',$,#11712);
#11704=PRODUCT_DEFINITION_SHAPE($,$,#17);
#11705=PRODUCT_DEFINITION_SHAPE($,$,#18);
#11706=SHAPE_REPRESENTATION('',(#3946,#4373,#4374),#11690);
#11707=SHAPE_REPRESENTATION('',(#3947),#11691);
#11708=SHAPE_REPRESENTATION('',(#4276),#11692);
#11709=PRODUCT_DEFINITION_CONTEXT('part definition',#11720,'design');
#11710=PRODUCT_DEFINITION('Arducam OV9782 Camera Board',
'Arducam OV9782 Camera Board v3',#11713,#11709);
#11711=PRODUCT_DEFINITION(
'\X\BF\X\D7\X\BE\X\E018mm \X\D7\X\DC\X\B8\X\DF7mm\X\A3\X\A83.5+3.5\X\A3
\X\A9\X\CB\X\DC\X\C1\X\CF','OV9782 Base v1',#11714,#11709);
#11712=PRODUCT_DEFINITION('\X\BE\X\B5\X\CD\X\B7','OV9782 Lens v1',#11715,
#11709);
#11713=PRODUCT_DEFINITION_FORMATION('',$,#11722);
#11714=PRODUCT_DEFINITION_FORMATION('',$,#11723);
#11715=PRODUCT_DEFINITION_FORMATION('',$,#11724);
#11716=PRODUCT_RELATED_PRODUCT_CATEGORY(
'Arducam OV9782 Camera Board v3','Arducam OV9782 Camera Board v3',(#11722));
#11717=PRODUCT_RELATED_PRODUCT_CATEGORY('OV9782 Base v1',
'OV9782 Base v1',(#11723));
#11718=PRODUCT_RELATED_PRODUCT_CATEGORY('OV9782 Lens v1',
'OV9782 Lens v1',(#11724));
#11719=APPLICATION_PROTOCOL_DEFINITION('international standard',
'automotive_design',2009,#11720);
#11720=APPLICATION_CONTEXT(
'Core Data for Automotive Mechanical Design Process');
#11721=PRODUCT_CONTEXT('part definition',#11720,'mechanical');
#11722=PRODUCT('Arducam OV9782 Camera Board',
'Arducam OV9782 Camera Board v3',$,(#11721));
#11723=PRODUCT('\X\BF\X\D7\X\BE\X\E018mm \X\D7\X\DC\X\B8\X\DF7mm\X\A3\X\A8
3.5+3.5\X\A3\X\A9\X\CB\X\DC\X\C1\X\CF','OV9782 Base v1',$,(#11721));
#11724=PRODUCT('\X\BE\X\B5\X\CD\X\B7','OV9782 Lens v1',$,(#11721));
#11725=PRESENTATION_STYLE_ASSIGNMENT((#11730));
#11726=PRESENTATION_STYLE_ASSIGNMENT((#11731));
#11727=PRESENTATION_STYLE_ASSIGNMENT((#11732));
#11728=PRESENTATION_STYLE_ASSIGNMENT((#11733));
#11729=PRESENTATION_STYLE_ASSIGNMENT((#11734));
#11730=SURFACE_STYLE_USAGE(.BOTH.,#11735);
#11731=SURFACE_STYLE_USAGE(.BOTH.,#11736);
#11732=SURFACE_STYLE_USAGE(.BOTH.,#11737);
#11733=SURFACE_STYLE_USAGE(.BOTH.,#11738);
#11734=SURFACE_STYLE_USAGE(.BOTH.,#11739);
#11735=SURFACE_SIDE_STYLE('',(#11740));
#11736=SURFACE_SIDE_STYLE('',(#11741));
#11737=SURFACE_SIDE_STYLE('',(#11742));
#11738=SURFACE_SIDE_STYLE('',(#11743));
#11739=SURFACE_SIDE_STYLE('',(#11744));
#11740=SURFACE_STYLE_FILL_AREA(#11745);
#11741=SURFACE_STYLE_FILL_AREA(#11746);
#11742=SURFACE_STYLE_FILL_AREA(#11747);
#11743=SURFACE_STYLE_FILL_AREA(#11748);
#11744=SURFACE_STYLE_FILL_AREA(#11749);
#11745=FILL_AREA_STYLE('Steel - Satin',(#11750));
#11746=FILL_AREA_STYLE('Base Material - Opaque',(#11751));
#11747=FILL_AREA_STYLE('Base Material - Opaque (1)',(#11752));
#11748=FILL_AREA_STYLE('Opaque(57,57,57)',(#11753));
#11749=FILL_AREA_STYLE('Opaque(255,255,255)',(#11754));
#11750=FILL_AREA_STYLE_COLOUR('Steel - Satin',#11755);
#11751=FILL_AREA_STYLE_COLOUR('Base Material - Opaque',#11756);
#11752=FILL_AREA_STYLE_COLOUR('Base Material - Opaque (1)',#11757);
#11753=FILL_AREA_STYLE_COLOUR('Opaque(57,57,57)',#11758);
#11754=FILL_AREA_STYLE_COLOUR('Opaque(255,255,255)',#11759);
#11755=COLOUR_RGB('Steel - Satin',0.627450980392157,0.627450980392157,0.627450980392157);
#11756=COLOUR_RGB('Base Material - Opaque',0.0980392156862745,0.0980392156862745,
0.0980392156862745);
#11757=COLOUR_RGB('Base Material - Opaque (1)',0.92156862745098,0.92156862745098,
0.92156862745098);
#11758=COLOUR_RGB('Opaque(57,57,57)',0.223529411764706,0.223529411764706,
0.223529411764706);
#11759=COLOUR_RGB('Opaque(255,255,255)',1.,1.,1.);
ENDSEC;
END-ISO-10303-21;
