ISO-10303-21;
HEADER;
/* Generated by software containing ST-Developer
 * from STEP Tools, Inc. (www.steptools.com) 
 */

FILE_DESCRIPTION(
/* description */ (''),
/* implementation_level */ '2;1');

FILE_NAME(
/* name */ 'IEC Inlet.step',
/* time_stamp */ '2026-03-25T02:15:26-04:00',
/* author */ (''),
/* organization */ (''),
/* preprocessor_version */ 'ST-DEVELOPER v20.1',
/* originating_system */ 'Autodesk Translation Framework v14.24.0.0',
/* authorisation */ '');

FILE_SCHEMA (('AUTOMOTIVE_DESIGN { 1 0 10303 214 3 1 1 }'));
ENDSEC;

DATA;
#10=MECHANICAL_DESIGN_GEOMETRIC_PRESENTATION_REPRESENTATION('',(#26,#27,
#28,#29,#30,#31),#2572);
#11=SHAPE_REPRESENTATION_RELATIONSHIP('SRR','None',#2579,#12);
#12=ADVANCED_BREP_SHAPE_REPRESENTATION('',(#13),#2571);
#13=MANIFOLD_SOLID_BREP('Body1',#1544);
#14=FACE_BOUND('',#243,.T.);
#15=FACE_BOUND('',#244,.T.);
#16=FACE_BOUND('',#245,.T.);
#17=FACE_BOUND('',#246,.T.);
#18=FACE_BOUND('',#254,.T.);
#19=FACE_BOUND('',#255,.T.);
#20=FACE_BOUND('',#256,.T.);
#21=FACE_BOUND('',#272,.T.);
#22=FACE_BOUND('',#273,.T.);
#23=FACE_BOUND('',#274,.T.);
#24=FACE_BOUND('',#284,.T.);
#25=FACE_BOUND('',#285,.T.);
#26=STYLED_ITEM('',(#2590),#1492);
#27=STYLED_ITEM('',(#2590),#1493);
#28=STYLED_ITEM('',(#2590),#1494);
#29=STYLED_ITEM('',(#2590),#1495);
#30=STYLED_ITEM('',(#2590),#1496);
#31=STYLED_ITEM('',(#2589),#13);
#32=CIRCLE('',#1581,1.00000000000001);
#33=CIRCLE('',#1582,1.00000000000001);
#34=CIRCLE('',#1585,1.);
#35=CIRCLE('',#1586,1.);
#36=CIRCLE('',#1589,1.);
#37=CIRCLE('',#1590,1.);
#38=CIRCLE('',#1593,1.00000000000001);
#39=CIRCLE('',#1594,1.00000000000001);
#40=CIRCLE('',#1597,0.5);
#41=CIRCLE('',#1598,0.5);
#42=CIRCLE('',#1600,25.);
#43=CIRCLE('',#1603,25.);
#44=CIRCLE('',#1607,1.00000000000001);
#45=CIRCLE('',#1608,1.00000000000001);
#46=CIRCLE('',#1611,1.00000000000001);
#47=CIRCLE('',#1612,1.00000000000001);
#48=CIRCLE('',#1615,1.00000000000001);
#49=CIRCLE('',#1616,1.00000000000001);
#50=CIRCLE('',#1619,1.00000000000001);
#51=CIRCLE('',#1620,1.00000000000001);
#52=CIRCLE('',#1623,2.);
#53=CIRCLE('',#1624,2.);
#54=CIRCLE('',#1627,2.);
#55=CIRCLE('',#1628,2.);
#56=CIRCLE('',#1633,1.00000000000001);
#57=CIRCLE('',#1634,1.00000000000001);
#58=CIRCLE('',#1638,1.00000000000001);
#59=CIRCLE('',#1641,1.00000000000001);
#60=CIRCLE('',#1644,5.);
#61=CIRCLE('',#1645,5.);
#62=CIRCLE('',#1646,4.99999999999995);
#63=CIRCLE('',#1647,4.99999999999999);
#64=CIRCLE('',#1648,5.);
#65=CIRCLE('',#1649,4.99999999999994);
#66=CIRCLE('',#1650,2.25);
#67=CIRCLE('',#1651,2.25);
#68=CIRCLE('',#1652,2.00000000000001);
#69=CIRCLE('',#1653,2.);
#70=CIRCLE('',#1654,2.00000000000001);
#71=CIRCLE('',#1655,2.);
#72=CIRCLE('',#1657,2.25);
#73=CIRCLE('',#1659,2.25);
#74=CIRCLE('',#1662,5.);
#75=CIRCLE('',#1665,4.99999999999995);
#76=CIRCLE('',#1668,4.99999999999999);
#77=CIRCLE('',#1671,5.);
#78=CIRCLE('',#1674,4.99999999999994);
#79=CIRCLE('',#1677,5.);
#80=CIRCLE('',#1681,2.00000000000001);
#81=CIRCLE('',#1684,2.);
#82=CIRCLE('',#1687,2.00000000000001);
#83=CIRCLE('',#1690,2.);
#84=CYLINDRICAL_SURFACE('',#1580,1.00000000000001);
#85=CYLINDRICAL_SURFACE('',#1584,1.);
#86=CYLINDRICAL_SURFACE('',#1588,1.);
#87=CYLINDRICAL_SURFACE('',#1592,1.00000000000001);
#88=CYLINDRICAL_SURFACE('',#1596,0.5);
#89=CYLINDRICAL_SURFACE('',#1604,25.);
#90=CYLINDRICAL_SURFACE('',#1606,1.00000000000001);
#91=CYLINDRICAL_SURFACE('',#1610,1.00000000000001);
#92=CYLINDRICAL_SURFACE('',#1614,1.00000000000001);
#93=CYLINDRICAL_SURFACE('',#1618,1.00000000000001);
#94=CYLINDRICAL_SURFACE('',#1622,2.);
#95=CYLINDRICAL_SURFACE('',#1626,2.);
#96=CYLINDRICAL_SURFACE('',#1637,1.00000000000001);
#97=CYLINDRICAL_SURFACE('',#1640,1.00000000000001);
#98=CYLINDRICAL_SURFACE('',#1656,2.25);
#99=CYLINDRICAL_SURFACE('',#1658,2.25);
#100=CYLINDRICAL_SURFACE('',#1661,5.);
#101=CYLINDRICAL_SURFACE('',#1664,4.99999999999995);
#102=CYLINDRICAL_SURFACE('',#1667,4.99999999999999);
#103=CYLINDRICAL_SURFACE('',#1670,5.);
#104=CYLINDRICAL_SURFACE('',#1673,4.99999999999994);
#105=CYLINDRICAL_SURFACE('',#1676,5.);
#106=CYLINDRICAL_SURFACE('',#1680,2.00000000000001);
#107=CYLINDRICAL_SURFACE('',#1683,2.);
#108=CYLINDRICAL_SURFACE('',#1686,2.00000000000001);
#109=CYLINDRICAL_SURFACE('',#1689,2.);
#110=FACE_OUTER_BOUND('',#192,.T.);
#111=FACE_OUTER_BOUND('',#193,.T.);
#112=FACE_OUTER_BOUND('',#194,.T.);
#113=FACE_OUTER_BOUND('',#195,.T.);
#114=FACE_OUTER_BOUND('',#196,.T.);
#115=FACE_OUTER_BOUND('',#197,.T.);
#116=FACE_OUTER_BOUND('',#198,.T.);
#117=FACE_OUTER_BOUND('',#199,.T.);
#118=FACE_OUTER_BOUND('',#200,.T.);
#119=FACE_OUTER_BOUND('',#201,.T.);
#120=FACE_OUTER_BOUND('',#202,.T.);
#121=FACE_OUTER_BOUND('',#203,.T.);
#122=FACE_OUTER_BOUND('',#204,.T.);
#123=FACE_OUTER_BOUND('',#205,.T.);
#124=FACE_OUTER_BOUND('',#206,.T.);
#125=FACE_OUTER_BOUND('',#207,.T.);
#126=FACE_OUTER_BOUND('',#208,.T.);
#127=FACE_OUTER_BOUND('',#209,.T.);
#128=FACE_OUTER_BOUND('',#210,.T.);
#129=FACE_OUTER_BOUND('',#211,.T.);
#130=FACE_OUTER_BOUND('',#212,.T.);
#131=FACE_OUTER_BOUND('',#213,.T.);
#132=FACE_OUTER_BOUND('',#214,.T.);
#133=FACE_OUTER_BOUND('',#215,.T.);
#134=FACE_OUTER_BOUND('',#216,.T.);
#135=FACE_OUTER_BOUND('',#217,.T.);
#136=FACE_OUTER_BOUND('',#218,.T.);
#137=FACE_OUTER_BOUND('',#219,.T.);
#138=FACE_OUTER_BOUND('',#220,.T.);
#139=FACE_OUTER_BOUND('',#221,.T.);
#140=FACE_OUTER_BOUND('',#222,.T.);
#141=FACE_OUTER_BOUND('',#223,.T.);
#142=FACE_OUTER_BOUND('',#224,.T.);
#143=FACE_OUTER_BOUND('',#225,.T.);
#144=FACE_OUTER_BOUND('',#226,.T.);
#145=FACE_OUTER_BOUND('',#227,.T.);
#146=FACE_OUTER_BOUND('',#228,.T.);
#147=FACE_OUTER_BOUND('',#229,.T.);
#148=FACE_OUTER_BOUND('',#230,.T.);
#149=FACE_OUTER_BOUND('',#231,.T.);
#150=FACE_OUTER_BOUND('',#232,.T.);
#151=FACE_OUTER_BOUND('',#233,.T.);
#152=FACE_OUTER_BOUND('',#234,.T.);
#153=FACE_OUTER_BOUND('',#235,.T.);
#154=FACE_OUTER_BOUND('',#236,.T.);
#155=FACE_OUTER_BOUND('',#237,.T.);
#156=FACE_OUTER_BOUND('',#238,.T.);
#157=FACE_OUTER_BOUND('',#239,.T.);
#158=FACE_OUTER_BOUND('',#240,.T.);
#159=FACE_OUTER_BOUND('',#241,.T.);
#160=FACE_OUTER_BOUND('',#242,.T.);
#161=FACE_OUTER_BOUND('',#247,.T.);
#162=FACE_OUTER_BOUND('',#248,.T.);
#163=FACE_OUTER_BOUND('',#249,.T.);
#164=FACE_OUTER_BOUND('',#250,.T.);
#165=FACE_OUTER_BOUND('',#251,.T.);
#166=FACE_OUTER_BOUND('',#252,.T.);
#167=FACE_OUTER_BOUND('',#253,.T.);
#168=FACE_OUTER_BOUND('',#257,.T.);
#169=FACE_OUTER_BOUND('',#258,.T.);
#170=FACE_OUTER_BOUND('',#259,.T.);
#171=FACE_OUTER_BOUND('',#260,.T.);
#172=FACE_OUTER_BOUND('',#261,.T.);
#173=FACE_OUTER_BOUND('',#262,.T.);
#174=FACE_OUTER_BOUND('',#263,.T.);
#175=FACE_OUTER_BOUND('',#264,.T.);
#176=FACE_OUTER_BOUND('',#265,.T.);
#177=FACE_OUTER_BOUND('',#266,.T.);
#178=FACE_OUTER_BOUND('',#267,.T.);
#179=FACE_OUTER_BOUND('',#268,.T.);
#180=FACE_OUTER_BOUND('',#269,.T.);
#181=FACE_OUTER_BOUND('',#270,.T.);
#182=FACE_OUTER_BOUND('',#271,.T.);
#183=FACE_OUTER_BOUND('',#275,.T.);
#184=FACE_OUTER_BOUND('',#276,.T.);
#185=FACE_OUTER_BOUND('',#277,.T.);
#186=FACE_OUTER_BOUND('',#278,.T.);
#187=FACE_OUTER_BOUND('',#279,.T.);
#188=FACE_OUTER_BOUND('',#280,.T.);
#189=FACE_OUTER_BOUND('',#281,.T.);
#190=FACE_OUTER_BOUND('',#282,.T.);
#191=FACE_OUTER_BOUND('',#283,.T.);
#192=EDGE_LOOP('',(#974,#975,#976,#977));
#193=EDGE_LOOP('',(#978,#979,#980,#981));
#194=EDGE_LOOP('',(#982,#983,#984,#985));
#195=EDGE_LOOP('',(#986,#987,#988,#989,#990,#991));
#196=EDGE_LOOP('',(#992,#993,#994,#995));
#197=EDGE_LOOP('',(#996,#997,#998,#999));
#198=EDGE_LOOP('',(#1000,#1001,#1002,#1003));
#199=EDGE_LOOP('',(#1004,#1005,#1006,#1007));
#200=EDGE_LOOP('',(#1008,#1009,#1010,#1011,#1012,#1013));
#201=EDGE_LOOP('',(#1014,#1015,#1016,#1017));
#202=EDGE_LOOP('',(#1018,#1019,#1020,#1021,#1022,#1023));
#203=EDGE_LOOP('',(#1024,#1025,#1026,#1027));
#204=EDGE_LOOP('',(#1028,#1029,#1030,#1031,#1032,#1033));
#205=EDGE_LOOP('',(#1034,#1035,#1036,#1037));
#206=EDGE_LOOP('',(#1038,#1039,#1040,#1041));
#207=EDGE_LOOP('',(#1042,#1043,#1044,#1045,#1046,#1047));
#208=EDGE_LOOP('',(#1048,#1049,#1050,#1051));
#209=EDGE_LOOP('',(#1052,#1053,#1054,#1055));
#210=EDGE_LOOP('',(#1056,#1057,#1058,#1059,#1060,#1061));
#211=EDGE_LOOP('',(#1062,#1063,#1064,#1065));
#212=EDGE_LOOP('',(#1066,#1067,#1068,#1069));
#213=EDGE_LOOP('',(#1070,#1071,#1072,#1073));
#214=EDGE_LOOP('',(#1074,#1075,#1076,#1077));
#215=EDGE_LOOP('',(#1078,#1079,#1080,#1081));
#216=EDGE_LOOP('',(#1082,#1083,#1084,#1085));
#217=EDGE_LOOP('',(#1086,#1087,#1088,#1089));
#218=EDGE_LOOP('',(#1090,#1091,#1092,#1093));
#219=EDGE_LOOP('',(#1094,#1095,#1096,#1097));
#220=EDGE_LOOP('',(#1098,#1099,#1100,#1101));
#221=EDGE_LOOP('',(#1102,#1103,#1104,#1105,#1106,#1107,#1108,#1109));
#222=EDGE_LOOP('',(#1110,#1111,#1112,#1113));
#223=EDGE_LOOP('',(#1114,#1115,#1116,#1117));
#224=EDGE_LOOP('',(#1118,#1119,#1120,#1121));
#225=EDGE_LOOP('',(#1122,#1123,#1124,#1125));
#226=EDGE_LOOP('',(#1126,#1127,#1128,#1129));
#227=EDGE_LOOP('',(#1130,#1131,#1132,#1133));
#228=EDGE_LOOP('',(#1134,#1135,#1136,#1137));
#229=EDGE_LOOP('',(#1138,#1139,#1140,#1141));
#230=EDGE_LOOP('',(#1142,#1143,#1144,#1145));
#231=EDGE_LOOP('',(#1146,#1147,#1148,#1149));
#232=EDGE_LOOP('',(#1150,#1151,#1152,#1153));
#233=EDGE_LOOP('',(#1154,#1155,#1156,#1157));
#234=EDGE_LOOP('',(#1158,#1159,#1160,#1161));
#235=EDGE_LOOP('',(#1162,#1163,#1164,#1165));
#236=EDGE_LOOP('',(#1166,#1167,#1168,#1169));
#237=EDGE_LOOP('',(#1170,#1171,#1172,#1173));
#238=EDGE_LOOP('',(#1174,#1175,#1176,#1177));
#239=EDGE_LOOP('',(#1178,#1179,#1180,#1181,#1182,#1183,#1184,#1185,#1186,
#1187,#1188,#1189));
#240=EDGE_LOOP('',(#1190,#1191,#1192,#1193));
#241=EDGE_LOOP('',(#1194,#1195,#1196,#1197));
#242=EDGE_LOOP('',(#1198,#1199,#1200,#1201,#1202,#1203,#1204,#1205));
#243=EDGE_LOOP('',(#1206,#1207,#1208,#1209));
#244=EDGE_LOOP('',(#1210,#1211,#1212,#1213));
#245=EDGE_LOOP('',(#1214,#1215,#1216,#1217));
#246=EDGE_LOOP('',(#1218,#1219,#1220,#1221,#1222,#1223,#1224,#1225));
#247=EDGE_LOOP('',(#1226,#1227,#1228,#1229));
#248=EDGE_LOOP('',(#1230,#1231,#1232,#1233));
#249=EDGE_LOOP('',(#1234,#1235,#1236,#1237));
#250=EDGE_LOOP('',(#1238,#1239,#1240,#1241));
#251=EDGE_LOOP('',(#1242,#1243,#1244,#1245));
#252=EDGE_LOOP('',(#1246,#1247,#1248,#1249));
#253=EDGE_LOOP('',(#1250,#1251,#1252,#1253,#1254,#1255,#1256,#1257,#1258,
#1259,#1260,#1261));
#254=EDGE_LOOP('',(#1262));
#255=EDGE_LOOP('',(#1263));
#256=EDGE_LOOP('',(#1264,#1265,#1266,#1267,#1268,#1269,#1270,#1271));
#257=EDGE_LOOP('',(#1272,#1273,#1274,#1275));
#258=EDGE_LOOP('',(#1276,#1277,#1278,#1279));
#259=EDGE_LOOP('',(#1280,#1281,#1282,#1283));
#260=EDGE_LOOP('',(#1284,#1285,#1286,#1287));
#261=EDGE_LOOP('',(#1288,#1289,#1290,#1291));
#262=EDGE_LOOP('',(#1292,#1293,#1294,#1295));
#263=EDGE_LOOP('',(#1296,#1297,#1298,#1299));
#264=EDGE_LOOP('',(#1300,#1301,#1302,#1303));
#265=EDGE_LOOP('',(#1304,#1305,#1306,#1307));
#266=EDGE_LOOP('',(#1308,#1309,#1310,#1311));
#267=EDGE_LOOP('',(#1312,#1313,#1314,#1315));
#268=EDGE_LOOP('',(#1316,#1317,#1318,#1319));
#269=EDGE_LOOP('',(#1320,#1321,#1322,#1323));
#270=EDGE_LOOP('',(#1324,#1325,#1326,#1327));
#271=EDGE_LOOP('',(#1328,#1329,#1330,#1331,#1332,#1333,#1334,#1335,#1336,
#1337,#1338,#1339));
#272=EDGE_LOOP('',(#1340,#1341,#1342,#1343,#1344,#1345,#1346,#1347));
#273=EDGE_LOOP('',(#1348));
#274=EDGE_LOOP('',(#1349));
#275=EDGE_LOOP('',(#1350,#1351,#1352,#1353));
#276=EDGE_LOOP('',(#1354,#1355,#1356,#1357));
#277=EDGE_LOOP('',(#1358,#1359,#1360,#1361));
#278=EDGE_LOOP('',(#1362,#1363,#1364,#1365));
#279=EDGE_LOOP('',(#1366,#1367,#1368,#1369));
#280=EDGE_LOOP('',(#1370,#1371,#1372,#1373));
#281=EDGE_LOOP('',(#1374,#1375,#1376,#1377));
#282=EDGE_LOOP('',(#1378,#1379,#1380,#1381));
#283=EDGE_LOOP('',(#1382,#1383,#1384,#1385,#1386,#1387,#1388,#1389));
#284=EDGE_LOOP('',(#1390,#1391,#1392,#1393));
#285=EDGE_LOOP('',(#1394,#1395,#1396,#1397,#1398,#1399,#1400,#1401,#1402,
#1403,#1404,#1405));
#286=LINE('',#2130,#450);
#287=LINE('',#2132,#451);
#288=LINE('',#2134,#452);
#289=LINE('',#2135,#453);
#290=LINE('',#2139,#454);
#291=LINE('',#2141,#455);
#292=LINE('',#2143,#456);
#293=LINE('',#2144,#457);
#294=LINE('',#2146,#458);
#295=LINE('',#2147,#459);
#296=LINE('',#2150,#460);
#297=LINE('',#2152,#461);
#298=LINE('',#2153,#462);
#299=LINE('',#2157,#463);
#300=LINE('',#2159,#464);
#301=LINE('',#2161,#465);
#302=LINE('',#2162,#466);
#303=LINE('',#2166,#467);
#304=LINE('',#2168,#468);
#305=LINE('',#2170,#469);
#306=LINE('',#2171,#470);
#307=LINE('',#2175,#471);
#308=LINE('',#2177,#472);
#309=LINE('',#2179,#473);
#310=LINE('',#2180,#474);
#311=LINE('',#2184,#475);
#312=LINE('',#2186,#476);
#313=LINE('',#2188,#477);
#314=LINE('',#2189,#478);
#315=LINE('',#2192,#479);
#316=LINE('',#2194,#480);
#317=LINE('',#2195,#481);
#318=LINE('',#2196,#482);
#319=LINE('',#2198,#483);
#320=LINE('',#2201,#484);
#321=LINE('',#2203,#485);
#322=LINE('',#2204,#486);
#323=LINE('',#2205,#487);
#324=LINE('',#2207,#488);
#325=LINE('',#2210,#489);
#326=LINE('',#2212,#490);
#327=LINE('',#2213,#491);
#328=LINE('',#2215,#492);
#329=LINE('',#2217,#493);
#330=LINE('',#2220,#494);
#331=LINE('',#2222,#495);
#332=LINE('',#2223,#496);
#333=LINE('',#2225,#497);
#334=LINE('',#2227,#498);
#335=LINE('',#2230,#499);
#336=LINE('',#2232,#500);
#337=LINE('',#2233,#501);
#338=LINE('',#2235,#502);
#339=LINE('',#2237,#503);
#340=LINE('',#2241,#504);
#341=LINE('',#2243,#505);
#342=LINE('',#2245,#506);
#343=LINE('',#2246,#507);
#344=LINE('',#2251,#508);
#345=LINE('',#2255,#509);
#346=LINE('',#2257,#510);
#347=LINE('',#2258,#511);
#348=LINE('',#2263,#512);
#349=LINE('',#2267,#513);
#350=LINE('',#2269,#514);
#351=LINE('',#2270,#515);
#352=LINE('',#2275,#516);
#353=LINE('',#2279,#517);
#354=LINE('',#2281,#518);
#355=LINE('',#2282,#519);
#356=LINE('',#2292,#520);
#357=LINE('',#2295,#521);
#358=LINE('',#2298,#522);
#359=LINE('',#2300,#523);
#360=LINE('',#2304,#524);
#361=LINE('',#2305,#525);
#362=LINE('',#2309,#526);
#363=LINE('',#2311,#527);
#364=LINE('',#2315,#528);
#365=LINE('',#2317,#529);
#366=LINE('',#2319,#530);
#367=LINE('',#2320,#531);
#368=LINE('',#2325,#532);
#369=LINE('',#2329,#533);
#370=LINE('',#2331,#534);
#371=LINE('',#2332,#535);
#372=LINE('',#2337,#536);
#373=LINE('',#2341,#537);
#374=LINE('',#2343,#538);
#375=LINE('',#2344,#539);
#376=LINE('',#2349,#540);
#377=LINE('',#2353,#541);
#378=LINE('',#2355,#542);
#379=LINE('',#2356,#543);
#380=LINE('',#2361,#544);
#381=LINE('',#2365,#545);
#382=LINE('',#2367,#546);
#383=LINE('',#2368,#547);
#384=LINE('',#2373,#548);
#385=LINE('',#2377,#549);
#386=LINE('',#2379,#550);
#387=LINE('',#2380,#551);
#388=LINE('',#2388,#552);
#389=LINE('',#2390,#553);
#390=LINE('',#2392,#554);
#391=LINE('',#2393,#555);
#392=LINE('',#2397,#556);
#393=LINE('',#2399,#557);
#394=LINE('',#2401,#558);
#395=LINE('',#2402,#559);
#396=LINE('',#2405,#560);
#397=LINE('',#2409,#561);
#398=LINE('',#2412,#562);
#399=LINE('',#2413,#563);
#400=LINE('',#2415,#564);
#401=LINE('',#2418,#565);
#402=LINE('',#2419,#566);
#403=LINE('',#2423,#567);
#404=LINE('',#2426,#568);
#405=LINE('',#2427,#569);
#406=LINE('',#2431,#570);
#407=LINE('',#2433,#571);
#408=LINE('',#2439,#572);
#409=LINE('',#2443,#573);
#410=LINE('',#2447,#574);
#411=LINE('',#2451,#575);
#412=LINE('',#2455,#576);
#413=LINE('',#2458,#577);
#414=LINE('',#2465,#578);
#415=LINE('',#2469,#579);
#416=LINE('',#2473,#580);
#417=LINE('',#2477,#581);
#418=LINE('',#2482,#582);
#419=LINE('',#2486,#583);
#420=LINE('',#2489,#584);
#421=LINE('',#2491,#585);
#422=LINE('',#2492,#586);
#423=LINE('',#2496,#587);
#424=LINE('',#2499,#588);
#425=LINE('',#2500,#589);
#426=LINE('',#2504,#590);
#427=LINE('',#2507,#591);
#428=LINE('',#2508,#592);
#429=LINE('',#2512,#593);
#430=LINE('',#2515,#594);
#431=LINE('',#2516,#595);
#432=LINE('',#2520,#596);
#433=LINE('',#2523,#597);
#434=LINE('',#2524,#598);
#435=LINE('',#2528,#599);
#436=LINE('',#2531,#600);
#437=LINE('',#2532,#601);
#438=LINE('',#2538,#602);
#439=LINE('',#2540,#603);
#440=LINE('',#2541,#604);
#441=LINE('',#2545,#605);
#442=LINE('',#2548,#606);
#443=LINE('',#2549,#607);
#444=LINE('',#2553,#608);
#445=LINE('',#2556,#609);
#446=LINE('',#2557,#610);
#447=LINE('',#2561,#611);
#448=LINE('',#2564,#612);
#449=LINE('',#2565,#613);
#450=VECTOR('',#1696,10.);
#451=VECTOR('',#1697,10.);
#452=VECTOR('',#1698,10.);
#453=VECTOR('',#1699,10.);
#454=VECTOR('',#1702,10.);
#455=VECTOR('',#1703,10.);
#456=VECTOR('',#1704,10.);
#457=VECTOR('',#1705,10.);
#458=VECTOR('',#1708,10.);
#459=VECTOR('',#1709,10.);
#460=VECTOR('',#1712,10.);
#461=VECTOR('',#1713,10.);
#462=VECTOR('',#1714,10.);
#463=VECTOR('',#1717,10.);
#464=VECTOR('',#1718,10.);
#465=VECTOR('',#1719,10.);
#466=VECTOR('',#1720,10.);
#467=VECTOR('',#1723,10.);
#468=VECTOR('',#1724,10.);
#469=VECTOR('',#1725,10.);
#470=VECTOR('',#1726,10.);
#471=VECTOR('',#1729,10.);
#472=VECTOR('',#1730,10.);
#473=VECTOR('',#1731,10.);
#474=VECTOR('',#1732,10.);
#475=VECTOR('',#1735,10.);
#476=VECTOR('',#1736,10.);
#477=VECTOR('',#1737,10.);
#478=VECTOR('',#1738,10.);
#479=VECTOR('',#1741,10.);
#480=VECTOR('',#1742,10.);
#481=VECTOR('',#1743,10.);
#482=VECTOR('',#1744,10.);
#483=VECTOR('',#1747,10.);
#484=VECTOR('',#1750,10.);
#485=VECTOR('',#1751,10.);
#486=VECTOR('',#1752,10.);
#487=VECTOR('',#1753,10.);
#488=VECTOR('',#1756,10.);
#489=VECTOR('',#1759,10.);
#490=VECTOR('',#1760,10.);
#491=VECTOR('',#1761,10.);
#492=VECTOR('',#1764,10.);
#493=VECTOR('',#1767,10.);
#494=VECTOR('',#1770,10.);
#495=VECTOR('',#1771,10.);
#496=VECTOR('',#1772,10.);
#497=VECTOR('',#1775,10.);
#498=VECTOR('',#1778,10.);
#499=VECTOR('',#1781,10.);
#500=VECTOR('',#1782,10.);
#501=VECTOR('',#1783,10.);
#502=VECTOR('',#1786,10.);
#503=VECTOR('',#1789,10.);
#504=VECTOR('',#1792,10.);
#505=VECTOR('',#1793,10.);
#506=VECTOR('',#1794,10.);
#507=VECTOR('',#1795,10.);
#508=VECTOR('',#1800,10.);
#509=VECTOR('',#1805,10.);
#510=VECTOR('',#1806,10.);
#511=VECTOR('',#1807,10.);
#512=VECTOR('',#1812,10.);
#513=VECTOR('',#1817,10.);
#514=VECTOR('',#1818,10.);
#515=VECTOR('',#1819,10.);
#516=VECTOR('',#1824,10.);
#517=VECTOR('',#1829,10.);
#518=VECTOR('',#1830,10.);
#519=VECTOR('',#1831,10.);
#520=VECTOR('',#1844,10.);
#521=VECTOR('',#1847,10.);
#522=VECTOR('',#1850,10.);
#523=VECTOR('',#1851,10.);
#524=VECTOR('',#1856,10.);
#525=VECTOR('',#1857,10.);
#526=VECTOR('',#1862,10.);
#527=VECTOR('',#1865,25.);
#528=VECTOR('',#1868,10.);
#529=VECTOR('',#1869,10.);
#530=VECTOR('',#1870,10.);
#531=VECTOR('',#1871,10.);
#532=VECTOR('',#1876,10.);
#533=VECTOR('',#1881,10.);
#534=VECTOR('',#1882,10.);
#535=VECTOR('',#1883,10.);
#536=VECTOR('',#1888,10.);
#537=VECTOR('',#1893,10.);
#538=VECTOR('',#1894,10.);
#539=VECTOR('',#1895,10.);
#540=VECTOR('',#1900,10.);
#541=VECTOR('',#1905,10.);
#542=VECTOR('',#1906,10.);
#543=VECTOR('',#1907,10.);
#544=VECTOR('',#1912,10.);
#545=VECTOR('',#1917,10.);
#546=VECTOR('',#1918,10.);
#547=VECTOR('',#1919,10.);
#548=VECTOR('',#1924,10.);
#549=VECTOR('',#1929,10.);
#550=VECTOR('',#1930,10.);
#551=VECTOR('',#1931,10.);
#552=VECTOR('',#1942,10.);
#553=VECTOR('',#1943,10.);
#554=VECTOR('',#1944,10.);
#555=VECTOR('',#1945,10.);
#556=VECTOR('',#1948,10.);
#557=VECTOR('',#1949,10.);
#558=VECTOR('',#1950,10.);
#559=VECTOR('',#1951,10.);
#560=VECTOR('',#1954,10.);
#561=VECTOR('',#1957,10.);
#562=VECTOR('',#1960,10.);
#563=VECTOR('',#1961,10.);
#564=VECTOR('',#1964,10.);
#565=VECTOR('',#1967,10.);
#566=VECTOR('',#1968,10.);
#567=VECTOR('',#1973,10.);
#568=VECTOR('',#1976,10.);
#569=VECTOR('',#1977,10.);
#570=VECTOR('',#1982,10.);
#571=VECTOR('',#1985,10.);
#572=VECTOR('',#1990,10.);
#573=VECTOR('',#1993,10.);
#574=VECTOR('',#1996,10.);
#575=VECTOR('',#1999,10.);
#576=VECTOR('',#2002,10.);
#577=VECTOR('',#2005,10.);
#578=VECTOR('',#2010,10.);
#579=VECTOR('',#2013,10.);
#580=VECTOR('',#2016,10.);
#581=VECTOR('',#2019,10.);
#582=VECTOR('',#2026,2.25);
#583=VECTOR('',#2031,2.25);
#584=VECTOR('',#2034,10.);
#585=VECTOR('',#2035,10.);
#586=VECTOR('',#2036,10.);
#587=VECTOR('',#2041,10.);
#588=VECTOR('',#2044,10.);
#589=VECTOR('',#2045,10.);
#590=VECTOR('',#2050,10.);
#591=VECTOR('',#2053,10.);
#592=VECTOR('',#2054,10.);
#593=VECTOR('',#2059,10.);
#594=VECTOR('',#2062,10.);
#595=VECTOR('',#2063,10.);
#596=VECTOR('',#2068,10.);
#597=VECTOR('',#2071,10.);
#598=VECTOR('',#2072,10.);
#599=VECTOR('',#2077,10.);
#600=VECTOR('',#2080,10.);
#601=VECTOR('',#2081,10.);
#602=VECTOR('',#2090,10.);
#603=VECTOR('',#2091,10.);
#604=VECTOR('',#2092,10.);
#605=VECTOR('',#2097,10.);
#606=VECTOR('',#2100,10.);
#607=VECTOR('',#2101,10.);
#608=VECTOR('',#2106,10.);
#609=VECTOR('',#2109,10.);
#610=VECTOR('',#2110,10.);
#611=VECTOR('',#2115,10.);
#612=VECTOR('',#2118,10.);
#613=VECTOR('',#2119,10.);
#614=VERTEX_POINT('',#2128);
#615=VERTEX_POINT('',#2129);
#616=VERTEX_POINT('',#2131);
#617=VERTEX_POINT('',#2133);
#618=VERTEX_POINT('',#2137);
#619=VERTEX_POINT('',#2138);
#620=VERTEX_POINT('',#2140);
#621=VERTEX_POINT('',#2142);
#622=VERTEX_POINT('',#2149);
#623=VERTEX_POINT('',#2151);
#624=VERTEX_POINT('',#2155);
#625=VERTEX_POINT('',#2156);
#626=VERTEX_POINT('',#2158);
#627=VERTEX_POINT('',#2160);
#628=VERTEX_POINT('',#2164);
#629=VERTEX_POINT('',#2165);
#630=VERTEX_POINT('',#2167);
#631=VERTEX_POINT('',#2169);
#632=VERTEX_POINT('',#2173);
#633=VERTEX_POINT('',#2174);
#634=VERTEX_POINT('',#2176);
#635=VERTEX_POINT('',#2178);
#636=VERTEX_POINT('',#2182);
#637=VERTEX_POINT('',#2183);
#638=VERTEX_POINT('',#2185);
#639=VERTEX_POINT('',#2187);
#640=VERTEX_POINT('',#2191);
#641=VERTEX_POINT('',#2193);
#642=VERTEX_POINT('',#2200);
#643=VERTEX_POINT('',#2202);
#644=VERTEX_POINT('',#2209);
#645=VERTEX_POINT('',#2211);
#646=VERTEX_POINT('',#2219);
#647=VERTEX_POINT('',#2221);
#648=VERTEX_POINT('',#2229);
#649=VERTEX_POINT('',#2231);
#650=VERTEX_POINT('',#2239);
#651=VERTEX_POINT('',#2240);
#652=VERTEX_POINT('',#2242);
#653=VERTEX_POINT('',#2244);
#654=VERTEX_POINT('',#2248);
#655=VERTEX_POINT('',#2250);
#656=VERTEX_POINT('',#2254);
#657=VERTEX_POINT('',#2256);
#658=VERTEX_POINT('',#2260);
#659=VERTEX_POINT('',#2262);
#660=VERTEX_POINT('',#2266);
#661=VERTEX_POINT('',#2268);
#662=VERTEX_POINT('',#2272);
#663=VERTEX_POINT('',#2274);
#664=VERTEX_POINT('',#2278);
#665=VERTEX_POINT('',#2280);
#666=VERTEX_POINT('',#2288);
#667=VERTEX_POINT('',#2289);
#668=VERTEX_POINT('',#2291);
#669=VERTEX_POINT('',#2293);
#670=VERTEX_POINT('',#2297);
#671=VERTEX_POINT('',#2299);
#672=VERTEX_POINT('',#2303);
#673=VERTEX_POINT('',#2307);
#674=VERTEX_POINT('',#2313);
#675=VERTEX_POINT('',#2314);
#676=VERTEX_POINT('',#2316);
#677=VERTEX_POINT('',#2318);
#678=VERTEX_POINT('',#2322);
#679=VERTEX_POINT('',#2324);
#680=VERTEX_POINT('',#2328);
#681=VERTEX_POINT('',#2330);
#682=VERTEX_POINT('',#2334);
#683=VERTEX_POINT('',#2336);
#684=VERTEX_POINT('',#2340);
#685=VERTEX_POINT('',#2342);
#686=VERTEX_POINT('',#2346);
#687=VERTEX_POINT('',#2348);
#688=VERTEX_POINT('',#2352);
#689=VERTEX_POINT('',#2354);
#690=VERTEX_POINT('',#2358);
#691=VERTEX_POINT('',#2360);
#692=VERTEX_POINT('',#2364);
#693=VERTEX_POINT('',#2366);
#694=VERTEX_POINT('',#2370);
#695=VERTEX_POINT('',#2372);
#696=VERTEX_POINT('',#2376);
#697=VERTEX_POINT('',#2378);
#698=VERTEX_POINT('',#2386);
#699=VERTEX_POINT('',#2387);
#700=VERTEX_POINT('',#2389);
#701=VERTEX_POINT('',#2391);
#702=VERTEX_POINT('',#2395);
#703=VERTEX_POINT('',#2396);
#704=VERTEX_POINT('',#2398);
#705=VERTEX_POINT('',#2400);
#706=VERTEX_POINT('',#2404);
#707=VERTEX_POINT('',#2406);
#708=VERTEX_POINT('',#2408);
#709=VERTEX_POINT('',#2410);
#710=VERTEX_POINT('',#2417);
#711=VERTEX_POINT('',#2421);
#712=VERTEX_POINT('',#2425);
#713=VERTEX_POINT('',#2429);
#714=VERTEX_POINT('',#2435);
#715=VERTEX_POINT('',#2436);
#716=VERTEX_POINT('',#2438);
#717=VERTEX_POINT('',#2440);
#718=VERTEX_POINT('',#2442);
#719=VERTEX_POINT('',#2444);
#720=VERTEX_POINT('',#2446);
#721=VERTEX_POINT('',#2448);
#722=VERTEX_POINT('',#2450);
#723=VERTEX_POINT('',#2452);
#724=VERTEX_POINT('',#2454);
#725=VERTEX_POINT('',#2456);
#726=VERTEX_POINT('',#2459);
#727=VERTEX_POINT('',#2461);
#728=VERTEX_POINT('',#2463);
#729=VERTEX_POINT('',#2464);
#730=VERTEX_POINT('',#2466);
#731=VERTEX_POINT('',#2468);
#732=VERTEX_POINT('',#2470);
#733=VERTEX_POINT('',#2472);
#734=VERTEX_POINT('',#2474);
#735=VERTEX_POINT('',#2476);
#736=VERTEX_POINT('',#2480);
#737=VERTEX_POINT('',#2484);
#738=VERTEX_POINT('',#2488);
#739=VERTEX_POINT('',#2490);
#740=VERTEX_POINT('',#2494);
#741=VERTEX_POINT('',#2498);
#742=VERTEX_POINT('',#2502);
#743=VERTEX_POINT('',#2506);
#744=VERTEX_POINT('',#2510);
#745=VERTEX_POINT('',#2514);
#746=VERTEX_POINT('',#2518);
#747=VERTEX_POINT('',#2522);
#748=VERTEX_POINT('',#2526);
#749=VERTEX_POINT('',#2530);
#750=VERTEX_POINT('',#2537);
#751=VERTEX_POINT('',#2539);
#752=VERTEX_POINT('',#2543);
#753=VERTEX_POINT('',#2547);
#754=VERTEX_POINT('',#2551);
#755=VERTEX_POINT('',#2555);
#756=VERTEX_POINT('',#2559);
#757=VERTEX_POINT('',#2563);
#758=EDGE_CURVE('',#614,#615,#286,.T.);
#759=EDGE_CURVE('',#616,#614,#287,.T.);
#760=EDGE_CURVE('',#617,#616,#288,.T.);
#761=EDGE_CURVE('',#615,#617,#289,.T.);
#762=EDGE_CURVE('',#618,#619,#290,.T.);
#763=EDGE_CURVE('',#620,#618,#291,.T.);
#764=EDGE_CURVE('',#621,#620,#292,.T.);
#765=EDGE_CURVE('',#619,#621,#293,.T.);
#766=EDGE_CURVE('',#614,#619,#294,.T.);
#767=EDGE_CURVE('',#621,#616,#295,.T.);
#768=EDGE_CURVE('',#622,#620,#296,.T.);
#769=EDGE_CURVE('',#623,#622,#297,.T.);
#770=EDGE_CURVE('',#623,#617,#298,.T.);
#771=EDGE_CURVE('',#624,#625,#299,.T.);
#772=EDGE_CURVE('',#626,#624,#300,.T.);
#773=EDGE_CURVE('',#627,#626,#301,.T.);
#774=EDGE_CURVE('',#625,#627,#302,.T.);
#775=EDGE_CURVE('',#628,#629,#303,.T.);
#776=EDGE_CURVE('',#630,#628,#304,.T.);
#777=EDGE_CURVE('',#631,#630,#305,.T.);
#778=EDGE_CURVE('',#629,#631,#306,.T.);
#779=EDGE_CURVE('',#632,#633,#307,.T.);
#780=EDGE_CURVE('',#634,#632,#308,.T.);
#781=EDGE_CURVE('',#635,#634,#309,.T.);
#782=EDGE_CURVE('',#633,#635,#310,.T.);
#783=EDGE_CURVE('',#636,#637,#311,.T.);
#784=EDGE_CURVE('',#638,#636,#312,.T.);
#785=EDGE_CURVE('',#639,#638,#313,.T.);
#786=EDGE_CURVE('',#637,#639,#314,.T.);
#787=EDGE_CURVE('',#640,#630,#315,.T.);
#788=EDGE_CURVE('',#641,#640,#316,.T.);
#789=EDGE_CURVE('',#641,#636,#317,.T.);
#790=EDGE_CURVE('',#631,#637,#318,.T.);
#791=EDGE_CURVE('',#639,#629,#319,.T.);
#792=EDGE_CURVE('',#642,#625,#320,.T.);
#793=EDGE_CURVE('',#643,#642,#321,.T.);
#794=EDGE_CURVE('',#643,#632,#322,.T.);
#795=EDGE_CURVE('',#624,#633,#323,.T.);
#796=EDGE_CURVE('',#635,#626,#324,.T.);
#797=EDGE_CURVE('',#644,#615,#325,.T.);
#798=EDGE_CURVE('',#645,#644,#326,.T.);
#799=EDGE_CURVE('',#645,#618,#327,.T.);
#800=EDGE_CURVE('',#644,#623,#328,.T.);
#801=EDGE_CURVE('',#622,#645,#329,.T.);
#802=EDGE_CURVE('',#646,#638,#330,.T.);
#803=EDGE_CURVE('',#647,#646,#331,.T.);
#804=EDGE_CURVE('',#647,#628,#332,.T.);
#805=EDGE_CURVE('',#646,#641,#333,.T.);
#806=EDGE_CURVE('',#640,#647,#334,.T.);
#807=EDGE_CURVE('',#648,#634,#335,.T.);
#808=EDGE_CURVE('',#649,#648,#336,.T.);
#809=EDGE_CURVE('',#649,#627,#337,.T.);
#810=EDGE_CURVE('',#648,#643,#338,.T.);
#811=EDGE_CURVE('',#642,#649,#339,.T.);
#812=EDGE_CURVE('',#650,#651,#340,.T.);
#813=EDGE_CURVE('',#650,#652,#341,.T.);
#814=EDGE_CURVE('',#652,#653,#342,.T.);
#815=EDGE_CURVE('',#651,#653,#343,.T.);
#816=EDGE_CURVE('',#654,#650,#32,.T.);
#817=EDGE_CURVE('',#654,#655,#344,.T.);
#818=EDGE_CURVE('',#655,#652,#33,.T.);
#819=EDGE_CURVE('',#656,#654,#345,.T.);
#820=EDGE_CURVE('',#656,#657,#346,.T.);
#821=EDGE_CURVE('',#657,#655,#347,.T.);
#822=EDGE_CURVE('',#658,#656,#34,.T.);
#823=EDGE_CURVE('',#658,#659,#348,.T.);
#824=EDGE_CURVE('',#659,#657,#35,.T.);
#825=EDGE_CURVE('',#660,#658,#349,.T.);
#826=EDGE_CURVE('',#660,#661,#350,.T.);
#827=EDGE_CURVE('',#661,#659,#351,.T.);
#828=EDGE_CURVE('',#662,#660,#36,.T.);
#829=EDGE_CURVE('',#662,#663,#352,.T.);
#830=EDGE_CURVE('',#663,#661,#37,.T.);
#831=EDGE_CURVE('',#664,#662,#353,.T.);
#832=EDGE_CURVE('',#664,#665,#354,.T.);
#833=EDGE_CURVE('',#665,#663,#355,.T.);
#834=EDGE_CURVE('',#651,#664,#38,.T.);
#835=EDGE_CURVE('',#653,#665,#39,.T.);
#836=EDGE_CURVE('',#666,#667,#40,.T.);
#837=EDGE_CURVE('',#667,#668,#356,.T.);
#838=EDGE_CURVE('',#668,#669,#41,.T.);
#839=EDGE_CURVE('',#669,#666,#357,.T.);
#840=EDGE_CURVE('',#668,#670,#358,.T.);
#841=EDGE_CURVE('',#671,#670,#359,.T.);
#842=EDGE_CURVE('',#671,#669,#42,.F.);
#843=EDGE_CURVE('',#672,#667,#360,.T.);
#844=EDGE_CURVE('',#670,#672,#361,.T.);
#845=EDGE_CURVE('',#673,#666,#43,.T.);
#846=EDGE_CURVE('',#672,#673,#362,.T.);
#847=EDGE_CURVE('',#671,#673,#363,.T.);
#848=EDGE_CURVE('',#674,#675,#364,.T.);
#849=EDGE_CURVE('',#674,#676,#365,.T.);
#850=EDGE_CURVE('',#676,#677,#366,.T.);
#851=EDGE_CURVE('',#675,#677,#367,.T.);
#852=EDGE_CURVE('',#678,#674,#44,.T.);
#853=EDGE_CURVE('',#678,#679,#368,.T.);
#854=EDGE_CURVE('',#679,#676,#45,.T.);
#855=EDGE_CURVE('',#680,#678,#369,.T.);
#856=EDGE_CURVE('',#680,#681,#370,.T.);
#857=EDGE_CURVE('',#681,#679,#371,.T.);
#858=EDGE_CURVE('',#682,#680,#46,.T.);
#859=EDGE_CURVE('',#682,#683,#372,.T.);
#860=EDGE_CURVE('',#683,#681,#47,.T.);
#861=EDGE_CURVE('',#684,#682,#373,.T.);
#862=EDGE_CURVE('',#684,#685,#374,.T.);
#863=EDGE_CURVE('',#685,#683,#375,.T.);
#864=EDGE_CURVE('',#686,#684,#48,.T.);
#865=EDGE_CURVE('',#686,#687,#376,.T.);
#866=EDGE_CURVE('',#687,#685,#49,.T.);
#867=EDGE_CURVE('',#688,#686,#377,.T.);
#868=EDGE_CURVE('',#688,#689,#378,.T.);
#869=EDGE_CURVE('',#689,#687,#379,.T.);
#870=EDGE_CURVE('',#690,#688,#50,.T.);
#871=EDGE_CURVE('',#690,#691,#380,.T.);
#872=EDGE_CURVE('',#691,#689,#51,.T.);
#873=EDGE_CURVE('',#692,#690,#381,.T.);
#874=EDGE_CURVE('',#692,#693,#382,.T.);
#875=EDGE_CURVE('',#693,#691,#383,.T.);
#876=EDGE_CURVE('',#694,#692,#52,.T.);
#877=EDGE_CURVE('',#694,#695,#384,.T.);
#878=EDGE_CURVE('',#695,#693,#53,.T.);
#879=EDGE_CURVE('',#696,#694,#385,.T.);
#880=EDGE_CURVE('',#696,#697,#386,.T.);
#881=EDGE_CURVE('',#697,#695,#387,.T.);
#882=EDGE_CURVE('',#675,#696,#54,.T.);
#883=EDGE_CURVE('',#677,#697,#55,.T.);
#884=EDGE_CURVE('',#698,#699,#388,.T.);
#885=EDGE_CURVE('',#700,#698,#389,.T.);
#886=EDGE_CURVE('',#700,#701,#390,.T.);
#887=EDGE_CURVE('',#699,#701,#391,.T.);
#888=EDGE_CURVE('',#702,#703,#392,.T.);
#889=EDGE_CURVE('',#704,#702,#393,.T.);
#890=EDGE_CURVE('',#704,#705,#394,.T.);
#891=EDGE_CURVE('',#703,#705,#395,.T.);
#892=EDGE_CURVE('',#699,#706,#396,.T.);
#893=EDGE_CURVE('',#706,#707,#56,.T.);
#894=EDGE_CURVE('',#707,#708,#397,.T.);
#895=EDGE_CURVE('',#708,#709,#57,.T.);
#896=EDGE_CURVE('',#709,#702,#398,.T.);
#897=EDGE_CURVE('',#703,#698,#399,.T.);
#898=EDGE_CURVE('',#700,#705,#400,.T.);
#899=EDGE_CURVE('',#710,#709,#401,.T.);
#900=EDGE_CURVE('',#704,#710,#402,.T.);
#901=EDGE_CURVE('',#710,#711,#58,.T.);
#902=EDGE_CURVE('',#711,#708,#403,.T.);
#903=EDGE_CURVE('',#711,#712,#404,.T.);
#904=EDGE_CURVE('',#712,#707,#405,.T.);
#905=EDGE_CURVE('',#712,#713,#59,.T.);
#906=EDGE_CURVE('',#713,#706,#406,.T.);
#907=EDGE_CURVE('',#713,#701,#407,.T.);
#908=EDGE_CURVE('',#714,#715,#60,.T.);
#909=EDGE_CURVE('',#714,#716,#408,.T.);
#910=EDGE_CURVE('',#717,#716,#61,.T.);
#911=EDGE_CURVE('',#718,#717,#409,.T.);
#912=EDGE_CURVE('',#719,#718,#62,.T.);
#913=EDGE_CURVE('',#719,#720,#410,.T.);
#914=EDGE_CURVE('',#721,#720,#63,.T.);
#915=EDGE_CURVE('',#721,#722,#411,.T.);
#916=EDGE_CURVE('',#723,#722,#64,.T.);
#917=EDGE_CURVE('',#724,#723,#412,.T.);
#918=EDGE_CURVE('',#725,#724,#65,.T.);
#919=EDGE_CURVE('',#725,#715,#413,.T.);
#920=EDGE_CURVE('',#726,#726,#66,.T.);
#921=EDGE_CURVE('',#727,#727,#67,.T.);
#922=EDGE_CURVE('',#728,#729,#414,.T.);
#923=EDGE_CURVE('',#730,#729,#68,.T.);
#924=EDGE_CURVE('',#730,#731,#415,.T.);
#925=EDGE_CURVE('',#732,#731,#69,.T.);
#926=EDGE_CURVE('',#732,#733,#416,.T.);
#927=EDGE_CURVE('',#734,#733,#70,.T.);
#928=EDGE_CURVE('',#734,#735,#417,.T.);
#929=EDGE_CURVE('',#728,#735,#71,.T.);
#930=EDGE_CURVE('',#736,#736,#72,.T.);
#931=EDGE_CURVE('',#736,#726,#418,.T.);
#932=EDGE_CURVE('',#737,#737,#73,.T.);
#933=EDGE_CURVE('',#737,#727,#419,.T.);
#934=EDGE_CURVE('',#714,#738,#420,.T.);
#935=EDGE_CURVE('',#739,#738,#421,.T.);
#936=EDGE_CURVE('',#716,#739,#422,.T.);
#937=EDGE_CURVE('',#740,#739,#74,.T.);
#938=EDGE_CURVE('',#717,#740,#423,.T.);
#939=EDGE_CURVE('',#741,#740,#424,.T.);
#940=EDGE_CURVE('',#718,#741,#425,.T.);
#941=EDGE_CURVE('',#742,#741,#75,.T.);
#942=EDGE_CURVE('',#719,#742,#426,.T.);
#943=EDGE_CURVE('',#743,#742,#427,.T.);
#944=EDGE_CURVE('',#720,#743,#428,.T.);
#945=EDGE_CURVE('',#744,#743,#76,.T.);
#946=EDGE_CURVE('',#721,#744,#429,.T.);
#947=EDGE_CURVE('',#745,#744,#430,.T.);
#948=EDGE_CURVE('',#722,#745,#431,.T.);
#949=EDGE_CURVE('',#746,#745,#77,.T.);
#950=EDGE_CURVE('',#723,#746,#432,.T.);
#951=EDGE_CURVE('',#747,#746,#433,.T.);
#952=EDGE_CURVE('',#724,#747,#434,.T.);
#953=EDGE_CURVE('',#748,#747,#78,.T.);
#954=EDGE_CURVE('',#725,#748,#435,.T.);
#955=EDGE_CURVE('',#749,#748,#436,.T.);
#956=EDGE_CURVE('',#715,#749,#437,.T.);
#957=EDGE_CURVE('',#738,#749,#79,.T.);
#958=EDGE_CURVE('',#728,#750,#438,.T.);
#959=EDGE_CURVE('',#751,#750,#439,.T.);
#960=EDGE_CURVE('',#729,#751,#440,.T.);
#961=EDGE_CURVE('',#752,#751,#80,.T.);
#962=EDGE_CURVE('',#730,#752,#441,.T.);
#963=EDGE_CURVE('',#753,#752,#442,.T.);
#964=EDGE_CURVE('',#731,#753,#443,.T.);
#965=EDGE_CURVE('',#754,#753,#81,.T.);
#966=EDGE_CURVE('',#732,#754,#444,.T.);
#967=EDGE_CURVE('',#755,#754,#445,.T.);
#968=EDGE_CURVE('',#733,#755,#446,.T.);
#969=EDGE_CURVE('',#756,#755,#82,.T.);
#970=EDGE_CURVE('',#734,#756,#447,.T.);
#971=EDGE_CURVE('',#757,#756,#448,.T.);
#972=EDGE_CURVE('',#735,#757,#449,.T.);
#973=EDGE_CURVE('',#750,#757,#83,.T.);
#974=ORIENTED_EDGE('',*,*,#758,.F.);
#975=ORIENTED_EDGE('',*,*,#759,.F.);
#976=ORIENTED_EDGE('',*,*,#760,.F.);
#977=ORIENTED_EDGE('',*,*,#761,.F.);
#978=ORIENTED_EDGE('',*,*,#762,.F.);
#979=ORIENTED_EDGE('',*,*,#763,.F.);
#980=ORIENTED_EDGE('',*,*,#764,.F.);
#981=ORIENTED_EDGE('',*,*,#765,.F.);
#982=ORIENTED_EDGE('',*,*,#759,.T.);
#983=ORIENTED_EDGE('',*,*,#766,.T.);
#984=ORIENTED_EDGE('',*,*,#765,.T.);
#985=ORIENTED_EDGE('',*,*,#767,.T.);
#986=ORIENTED_EDGE('',*,*,#760,.T.);
#987=ORIENTED_EDGE('',*,*,#767,.F.);
#988=ORIENTED_EDGE('',*,*,#764,.T.);
#989=ORIENTED_EDGE('',*,*,#768,.F.);
#990=ORIENTED_EDGE('',*,*,#769,.F.);
#991=ORIENTED_EDGE('',*,*,#770,.T.);
#992=ORIENTED_EDGE('',*,*,#771,.F.);
#993=ORIENTED_EDGE('',*,*,#772,.F.);
#994=ORIENTED_EDGE('',*,*,#773,.F.);
#995=ORIENTED_EDGE('',*,*,#774,.F.);
#996=ORIENTED_EDGE('',*,*,#775,.F.);
#997=ORIENTED_EDGE('',*,*,#776,.F.);
#998=ORIENTED_EDGE('',*,*,#777,.F.);
#999=ORIENTED_EDGE('',*,*,#778,.F.);
#1000=ORIENTED_EDGE('',*,*,#779,.F.);
#1001=ORIENTED_EDGE('',*,*,#780,.F.);
#1002=ORIENTED_EDGE('',*,*,#781,.F.);
#1003=ORIENTED_EDGE('',*,*,#782,.F.);
#1004=ORIENTED_EDGE('',*,*,#783,.F.);
#1005=ORIENTED_EDGE('',*,*,#784,.F.);
#1006=ORIENTED_EDGE('',*,*,#785,.F.);
#1007=ORIENTED_EDGE('',*,*,#786,.F.);
#1008=ORIENTED_EDGE('',*,*,#777,.T.);
#1009=ORIENTED_EDGE('',*,*,#787,.F.);
#1010=ORIENTED_EDGE('',*,*,#788,.F.);
#1011=ORIENTED_EDGE('',*,*,#789,.T.);
#1012=ORIENTED_EDGE('',*,*,#783,.T.);
#1013=ORIENTED_EDGE('',*,*,#790,.F.);
#1014=ORIENTED_EDGE('',*,*,#778,.T.);
#1015=ORIENTED_EDGE('',*,*,#790,.T.);
#1016=ORIENTED_EDGE('',*,*,#786,.T.);
#1017=ORIENTED_EDGE('',*,*,#791,.T.);
#1018=ORIENTED_EDGE('',*,*,#771,.T.);
#1019=ORIENTED_EDGE('',*,*,#792,.F.);
#1020=ORIENTED_EDGE('',*,*,#793,.F.);
#1021=ORIENTED_EDGE('',*,*,#794,.T.);
#1022=ORIENTED_EDGE('',*,*,#779,.T.);
#1023=ORIENTED_EDGE('',*,*,#795,.F.);
#1024=ORIENTED_EDGE('',*,*,#772,.T.);
#1025=ORIENTED_EDGE('',*,*,#795,.T.);
#1026=ORIENTED_EDGE('',*,*,#782,.T.);
#1027=ORIENTED_EDGE('',*,*,#796,.T.);
#1028=ORIENTED_EDGE('',*,*,#758,.T.);
#1029=ORIENTED_EDGE('',*,*,#797,.F.);
#1030=ORIENTED_EDGE('',*,*,#798,.F.);
#1031=ORIENTED_EDGE('',*,*,#799,.T.);
#1032=ORIENTED_EDGE('',*,*,#762,.T.);
#1033=ORIENTED_EDGE('',*,*,#766,.F.);
#1034=ORIENTED_EDGE('',*,*,#761,.T.);
#1035=ORIENTED_EDGE('',*,*,#770,.F.);
#1036=ORIENTED_EDGE('',*,*,#800,.F.);
#1037=ORIENTED_EDGE('',*,*,#797,.T.);
#1038=ORIENTED_EDGE('',*,*,#763,.T.);
#1039=ORIENTED_EDGE('',*,*,#799,.F.);
#1040=ORIENTED_EDGE('',*,*,#801,.F.);
#1041=ORIENTED_EDGE('',*,*,#768,.T.);
#1042=ORIENTED_EDGE('',*,*,#775,.T.);
#1043=ORIENTED_EDGE('',*,*,#791,.F.);
#1044=ORIENTED_EDGE('',*,*,#785,.T.);
#1045=ORIENTED_EDGE('',*,*,#802,.F.);
#1046=ORIENTED_EDGE('',*,*,#803,.F.);
#1047=ORIENTED_EDGE('',*,*,#804,.T.);
#1048=ORIENTED_EDGE('',*,*,#784,.T.);
#1049=ORIENTED_EDGE('',*,*,#789,.F.);
#1050=ORIENTED_EDGE('',*,*,#805,.F.);
#1051=ORIENTED_EDGE('',*,*,#802,.T.);
#1052=ORIENTED_EDGE('',*,*,#776,.T.);
#1053=ORIENTED_EDGE('',*,*,#804,.F.);
#1054=ORIENTED_EDGE('',*,*,#806,.F.);
#1055=ORIENTED_EDGE('',*,*,#787,.T.);
#1056=ORIENTED_EDGE('',*,*,#773,.T.);
#1057=ORIENTED_EDGE('',*,*,#796,.F.);
#1058=ORIENTED_EDGE('',*,*,#781,.T.);
#1059=ORIENTED_EDGE('',*,*,#807,.F.);
#1060=ORIENTED_EDGE('',*,*,#808,.F.);
#1061=ORIENTED_EDGE('',*,*,#809,.T.);
#1062=ORIENTED_EDGE('',*,*,#780,.T.);
#1063=ORIENTED_EDGE('',*,*,#794,.F.);
#1064=ORIENTED_EDGE('',*,*,#810,.F.);
#1065=ORIENTED_EDGE('',*,*,#807,.T.);
#1066=ORIENTED_EDGE('',*,*,#774,.T.);
#1067=ORIENTED_EDGE('',*,*,#809,.F.);
#1068=ORIENTED_EDGE('',*,*,#811,.F.);
#1069=ORIENTED_EDGE('',*,*,#792,.T.);
#1070=ORIENTED_EDGE('',*,*,#812,.F.);
#1071=ORIENTED_EDGE('',*,*,#813,.T.);
#1072=ORIENTED_EDGE('',*,*,#814,.T.);
#1073=ORIENTED_EDGE('',*,*,#815,.F.);
#1074=ORIENTED_EDGE('',*,*,#816,.F.);
#1075=ORIENTED_EDGE('',*,*,#817,.T.);
#1076=ORIENTED_EDGE('',*,*,#818,.T.);
#1077=ORIENTED_EDGE('',*,*,#813,.F.);
#1078=ORIENTED_EDGE('',*,*,#819,.F.);
#1079=ORIENTED_EDGE('',*,*,#820,.T.);
#1080=ORIENTED_EDGE('',*,*,#821,.T.);
#1081=ORIENTED_EDGE('',*,*,#817,.F.);
#1082=ORIENTED_EDGE('',*,*,#822,.F.);
#1083=ORIENTED_EDGE('',*,*,#823,.T.);
#1084=ORIENTED_EDGE('',*,*,#824,.T.);
#1085=ORIENTED_EDGE('',*,*,#820,.F.);
#1086=ORIENTED_EDGE('',*,*,#825,.F.);
#1087=ORIENTED_EDGE('',*,*,#826,.T.);
#1088=ORIENTED_EDGE('',*,*,#827,.T.);
#1089=ORIENTED_EDGE('',*,*,#823,.F.);
#1090=ORIENTED_EDGE('',*,*,#828,.F.);
#1091=ORIENTED_EDGE('',*,*,#829,.T.);
#1092=ORIENTED_EDGE('',*,*,#830,.T.);
#1093=ORIENTED_EDGE('',*,*,#826,.F.);
#1094=ORIENTED_EDGE('',*,*,#831,.F.);
#1095=ORIENTED_EDGE('',*,*,#832,.T.);
#1096=ORIENTED_EDGE('',*,*,#833,.T.);
#1097=ORIENTED_EDGE('',*,*,#829,.F.);
#1098=ORIENTED_EDGE('',*,*,#834,.F.);
#1099=ORIENTED_EDGE('',*,*,#815,.T.);
#1100=ORIENTED_EDGE('',*,*,#835,.T.);
#1101=ORIENTED_EDGE('',*,*,#832,.F.);
#1102=ORIENTED_EDGE('',*,*,#835,.F.);
#1103=ORIENTED_EDGE('',*,*,#814,.F.);
#1104=ORIENTED_EDGE('',*,*,#818,.F.);
#1105=ORIENTED_EDGE('',*,*,#821,.F.);
#1106=ORIENTED_EDGE('',*,*,#824,.F.);
#1107=ORIENTED_EDGE('',*,*,#827,.F.);
#1108=ORIENTED_EDGE('',*,*,#830,.F.);
#1109=ORIENTED_EDGE('',*,*,#833,.F.);
#1110=ORIENTED_EDGE('',*,*,#836,.T.);
#1111=ORIENTED_EDGE('',*,*,#837,.T.);
#1112=ORIENTED_EDGE('',*,*,#838,.T.);
#1113=ORIENTED_EDGE('',*,*,#839,.T.);
#1114=ORIENTED_EDGE('',*,*,#838,.F.);
#1115=ORIENTED_EDGE('',*,*,#840,.T.);
#1116=ORIENTED_EDGE('',*,*,#841,.F.);
#1117=ORIENTED_EDGE('',*,*,#842,.T.);
#1118=ORIENTED_EDGE('',*,*,#837,.F.);
#1119=ORIENTED_EDGE('',*,*,#843,.F.);
#1120=ORIENTED_EDGE('',*,*,#844,.F.);
#1121=ORIENTED_EDGE('',*,*,#840,.F.);
#1122=ORIENTED_EDGE('',*,*,#836,.F.);
#1123=ORIENTED_EDGE('',*,*,#845,.F.);
#1124=ORIENTED_EDGE('',*,*,#846,.F.);
#1125=ORIENTED_EDGE('',*,*,#843,.T.);
#1126=ORIENTED_EDGE('',*,*,#839,.F.);
#1127=ORIENTED_EDGE('',*,*,#842,.F.);
#1128=ORIENTED_EDGE('',*,*,#847,.T.);
#1129=ORIENTED_EDGE('',*,*,#845,.T.);
#1130=ORIENTED_EDGE('',*,*,#848,.F.);
#1131=ORIENTED_EDGE('',*,*,#849,.T.);
#1132=ORIENTED_EDGE('',*,*,#850,.T.);
#1133=ORIENTED_EDGE('',*,*,#851,.F.);
#1134=ORIENTED_EDGE('',*,*,#852,.F.);
#1135=ORIENTED_EDGE('',*,*,#853,.T.);
#1136=ORIENTED_EDGE('',*,*,#854,.T.);
#1137=ORIENTED_EDGE('',*,*,#849,.F.);
#1138=ORIENTED_EDGE('',*,*,#855,.F.);
#1139=ORIENTED_EDGE('',*,*,#856,.T.);
#1140=ORIENTED_EDGE('',*,*,#857,.T.);
#1141=ORIENTED_EDGE('',*,*,#853,.F.);
#1142=ORIENTED_EDGE('',*,*,#858,.F.);
#1143=ORIENTED_EDGE('',*,*,#859,.T.);
#1144=ORIENTED_EDGE('',*,*,#860,.T.);
#1145=ORIENTED_EDGE('',*,*,#856,.F.);
#1146=ORIENTED_EDGE('',*,*,#861,.F.);
#1147=ORIENTED_EDGE('',*,*,#862,.T.);
#1148=ORIENTED_EDGE('',*,*,#863,.T.);
#1149=ORIENTED_EDGE('',*,*,#859,.F.);
#1150=ORIENTED_EDGE('',*,*,#864,.F.);
#1151=ORIENTED_EDGE('',*,*,#865,.T.);
#1152=ORIENTED_EDGE('',*,*,#866,.T.);
#1153=ORIENTED_EDGE('',*,*,#862,.F.);
#1154=ORIENTED_EDGE('',*,*,#867,.F.);
#1155=ORIENTED_EDGE('',*,*,#868,.T.);
#1156=ORIENTED_EDGE('',*,*,#869,.T.);
#1157=ORIENTED_EDGE('',*,*,#865,.F.);
#1158=ORIENTED_EDGE('',*,*,#870,.F.);
#1159=ORIENTED_EDGE('',*,*,#871,.T.);
#1160=ORIENTED_EDGE('',*,*,#872,.T.);
#1161=ORIENTED_EDGE('',*,*,#868,.F.);
#1162=ORIENTED_EDGE('',*,*,#873,.F.);
#1163=ORIENTED_EDGE('',*,*,#874,.T.);
#1164=ORIENTED_EDGE('',*,*,#875,.T.);
#1165=ORIENTED_EDGE('',*,*,#871,.F.);
#1166=ORIENTED_EDGE('',*,*,#876,.F.);
#1167=ORIENTED_EDGE('',*,*,#877,.T.);
#1168=ORIENTED_EDGE('',*,*,#878,.T.);
#1169=ORIENTED_EDGE('',*,*,#874,.F.);
#1170=ORIENTED_EDGE('',*,*,#879,.F.);
#1171=ORIENTED_EDGE('',*,*,#880,.T.);
#1172=ORIENTED_EDGE('',*,*,#881,.T.);
#1173=ORIENTED_EDGE('',*,*,#877,.F.);
#1174=ORIENTED_EDGE('',*,*,#882,.F.);
#1175=ORIENTED_EDGE('',*,*,#851,.T.);
#1176=ORIENTED_EDGE('',*,*,#883,.T.);
#1177=ORIENTED_EDGE('',*,*,#880,.F.);
#1178=ORIENTED_EDGE('',*,*,#883,.F.);
#1179=ORIENTED_EDGE('',*,*,#850,.F.);
#1180=ORIENTED_EDGE('',*,*,#854,.F.);
#1181=ORIENTED_EDGE('',*,*,#857,.F.);
#1182=ORIENTED_EDGE('',*,*,#860,.F.);
#1183=ORIENTED_EDGE('',*,*,#863,.F.);
#1184=ORIENTED_EDGE('',*,*,#866,.F.);
#1185=ORIENTED_EDGE('',*,*,#869,.F.);
#1186=ORIENTED_EDGE('',*,*,#872,.F.);
#1187=ORIENTED_EDGE('',*,*,#875,.F.);
#1188=ORIENTED_EDGE('',*,*,#878,.F.);
#1189=ORIENTED_EDGE('',*,*,#881,.F.);
#1190=ORIENTED_EDGE('',*,*,#884,.F.);
#1191=ORIENTED_EDGE('',*,*,#885,.F.);
#1192=ORIENTED_EDGE('',*,*,#886,.T.);
#1193=ORIENTED_EDGE('',*,*,#887,.F.);
#1194=ORIENTED_EDGE('',*,*,#888,.F.);
#1195=ORIENTED_EDGE('',*,*,#889,.F.);
#1196=ORIENTED_EDGE('',*,*,#890,.T.);
#1197=ORIENTED_EDGE('',*,*,#891,.F.);
#1198=ORIENTED_EDGE('',*,*,#884,.T.);
#1199=ORIENTED_EDGE('',*,*,#892,.T.);
#1200=ORIENTED_EDGE('',*,*,#893,.T.);
#1201=ORIENTED_EDGE('',*,*,#894,.T.);
#1202=ORIENTED_EDGE('',*,*,#895,.T.);
#1203=ORIENTED_EDGE('',*,*,#896,.T.);
#1204=ORIENTED_EDGE('',*,*,#888,.T.);
#1205=ORIENTED_EDGE('',*,*,#897,.T.);
#1206=ORIENTED_EDGE('',*,*,#798,.T.);
#1207=ORIENTED_EDGE('',*,*,#800,.T.);
#1208=ORIENTED_EDGE('',*,*,#769,.T.);
#1209=ORIENTED_EDGE('',*,*,#801,.T.);
#1210=ORIENTED_EDGE('',*,*,#803,.T.);
#1211=ORIENTED_EDGE('',*,*,#805,.T.);
#1212=ORIENTED_EDGE('',*,*,#788,.T.);
#1213=ORIENTED_EDGE('',*,*,#806,.T.);
#1214=ORIENTED_EDGE('',*,*,#808,.T.);
#1215=ORIENTED_EDGE('',*,*,#810,.T.);
#1216=ORIENTED_EDGE('',*,*,#793,.T.);
#1217=ORIENTED_EDGE('',*,*,#811,.T.);
#1218=ORIENTED_EDGE('',*,*,#812,.T.);
#1219=ORIENTED_EDGE('',*,*,#834,.T.);
#1220=ORIENTED_EDGE('',*,*,#831,.T.);
#1221=ORIENTED_EDGE('',*,*,#828,.T.);
#1222=ORIENTED_EDGE('',*,*,#825,.T.);
#1223=ORIENTED_EDGE('',*,*,#822,.T.);
#1224=ORIENTED_EDGE('',*,*,#819,.T.);
#1225=ORIENTED_EDGE('',*,*,#816,.T.);
#1226=ORIENTED_EDGE('',*,*,#885,.T.);
#1227=ORIENTED_EDGE('',*,*,#897,.F.);
#1228=ORIENTED_EDGE('',*,*,#891,.T.);
#1229=ORIENTED_EDGE('',*,*,#898,.F.);
#1230=ORIENTED_EDGE('',*,*,#889,.T.);
#1231=ORIENTED_EDGE('',*,*,#896,.F.);
#1232=ORIENTED_EDGE('',*,*,#899,.F.);
#1233=ORIENTED_EDGE('',*,*,#900,.F.);
#1234=ORIENTED_EDGE('',*,*,#901,.F.);
#1235=ORIENTED_EDGE('',*,*,#899,.T.);
#1236=ORIENTED_EDGE('',*,*,#895,.F.);
#1237=ORIENTED_EDGE('',*,*,#902,.F.);
#1238=ORIENTED_EDGE('',*,*,#903,.F.);
#1239=ORIENTED_EDGE('',*,*,#902,.T.);
#1240=ORIENTED_EDGE('',*,*,#894,.F.);
#1241=ORIENTED_EDGE('',*,*,#904,.F.);
#1242=ORIENTED_EDGE('',*,*,#905,.F.);
#1243=ORIENTED_EDGE('',*,*,#904,.T.);
#1244=ORIENTED_EDGE('',*,*,#893,.F.);
#1245=ORIENTED_EDGE('',*,*,#906,.F.);
#1246=ORIENTED_EDGE('',*,*,#887,.T.);
#1247=ORIENTED_EDGE('',*,*,#907,.F.);
#1248=ORIENTED_EDGE('',*,*,#906,.T.);
#1249=ORIENTED_EDGE('',*,*,#892,.F.);
#1250=ORIENTED_EDGE('',*,*,#908,.F.);
#1251=ORIENTED_EDGE('',*,*,#909,.T.);
#1252=ORIENTED_EDGE('',*,*,#910,.F.);
#1253=ORIENTED_EDGE('',*,*,#911,.F.);
#1254=ORIENTED_EDGE('',*,*,#912,.F.);
#1255=ORIENTED_EDGE('',*,*,#913,.T.);
#1256=ORIENTED_EDGE('',*,*,#914,.F.);
#1257=ORIENTED_EDGE('',*,*,#915,.T.);
#1258=ORIENTED_EDGE('',*,*,#916,.F.);
#1259=ORIENTED_EDGE('',*,*,#917,.F.);
#1260=ORIENTED_EDGE('',*,*,#918,.F.);
#1261=ORIENTED_EDGE('',*,*,#919,.T.);
#1262=ORIENTED_EDGE('',*,*,#920,.F.);
#1263=ORIENTED_EDGE('',*,*,#921,.F.);
#1264=ORIENTED_EDGE('',*,*,#922,.T.);
#1265=ORIENTED_EDGE('',*,*,#923,.F.);
#1266=ORIENTED_EDGE('',*,*,#924,.T.);
#1267=ORIENTED_EDGE('',*,*,#925,.F.);
#1268=ORIENTED_EDGE('',*,*,#926,.T.);
#1269=ORIENTED_EDGE('',*,*,#927,.F.);
#1270=ORIENTED_EDGE('',*,*,#928,.T.);
#1271=ORIENTED_EDGE('',*,*,#929,.F.);
#1272=ORIENTED_EDGE('',*,*,#930,.F.);
#1273=ORIENTED_EDGE('',*,*,#931,.T.);
#1274=ORIENTED_EDGE('',*,*,#920,.T.);
#1275=ORIENTED_EDGE('',*,*,#931,.F.);
#1276=ORIENTED_EDGE('',*,*,#932,.F.);
#1277=ORIENTED_EDGE('',*,*,#933,.T.);
#1278=ORIENTED_EDGE('',*,*,#921,.T.);
#1279=ORIENTED_EDGE('',*,*,#933,.F.);
#1280=ORIENTED_EDGE('',*,*,#909,.F.);
#1281=ORIENTED_EDGE('',*,*,#934,.T.);
#1282=ORIENTED_EDGE('',*,*,#935,.F.);
#1283=ORIENTED_EDGE('',*,*,#936,.F.);
#1284=ORIENTED_EDGE('',*,*,#910,.T.);
#1285=ORIENTED_EDGE('',*,*,#936,.T.);
#1286=ORIENTED_EDGE('',*,*,#937,.F.);
#1287=ORIENTED_EDGE('',*,*,#938,.F.);
#1288=ORIENTED_EDGE('',*,*,#911,.T.);
#1289=ORIENTED_EDGE('',*,*,#938,.T.);
#1290=ORIENTED_EDGE('',*,*,#939,.F.);
#1291=ORIENTED_EDGE('',*,*,#940,.F.);
#1292=ORIENTED_EDGE('',*,*,#912,.T.);
#1293=ORIENTED_EDGE('',*,*,#940,.T.);
#1294=ORIENTED_EDGE('',*,*,#941,.F.);
#1295=ORIENTED_EDGE('',*,*,#942,.F.);
#1296=ORIENTED_EDGE('',*,*,#913,.F.);
#1297=ORIENTED_EDGE('',*,*,#942,.T.);
#1298=ORIENTED_EDGE('',*,*,#943,.F.);
#1299=ORIENTED_EDGE('',*,*,#944,.F.);
#1300=ORIENTED_EDGE('',*,*,#914,.T.);
#1301=ORIENTED_EDGE('',*,*,#944,.T.);
#1302=ORIENTED_EDGE('',*,*,#945,.F.);
#1303=ORIENTED_EDGE('',*,*,#946,.F.);
#1304=ORIENTED_EDGE('',*,*,#915,.F.);
#1305=ORIENTED_EDGE('',*,*,#946,.T.);
#1306=ORIENTED_EDGE('',*,*,#947,.F.);
#1307=ORIENTED_EDGE('',*,*,#948,.F.);
#1308=ORIENTED_EDGE('',*,*,#916,.T.);
#1309=ORIENTED_EDGE('',*,*,#948,.T.);
#1310=ORIENTED_EDGE('',*,*,#949,.F.);
#1311=ORIENTED_EDGE('',*,*,#950,.F.);
#1312=ORIENTED_EDGE('',*,*,#917,.T.);
#1313=ORIENTED_EDGE('',*,*,#950,.T.);
#1314=ORIENTED_EDGE('',*,*,#951,.F.);
#1315=ORIENTED_EDGE('',*,*,#952,.F.);
#1316=ORIENTED_EDGE('',*,*,#918,.T.);
#1317=ORIENTED_EDGE('',*,*,#952,.T.);
#1318=ORIENTED_EDGE('',*,*,#953,.F.);
#1319=ORIENTED_EDGE('',*,*,#954,.F.);
#1320=ORIENTED_EDGE('',*,*,#919,.F.);
#1321=ORIENTED_EDGE('',*,*,#954,.T.);
#1322=ORIENTED_EDGE('',*,*,#955,.F.);
#1323=ORIENTED_EDGE('',*,*,#956,.F.);
#1324=ORIENTED_EDGE('',*,*,#908,.T.);
#1325=ORIENTED_EDGE('',*,*,#956,.T.);
#1326=ORIENTED_EDGE('',*,*,#957,.F.);
#1327=ORIENTED_EDGE('',*,*,#934,.F.);
#1328=ORIENTED_EDGE('',*,*,#957,.T.);
#1329=ORIENTED_EDGE('',*,*,#955,.T.);
#1330=ORIENTED_EDGE('',*,*,#953,.T.);
#1331=ORIENTED_EDGE('',*,*,#951,.T.);
#1332=ORIENTED_EDGE('',*,*,#949,.T.);
#1333=ORIENTED_EDGE('',*,*,#947,.T.);
#1334=ORIENTED_EDGE('',*,*,#945,.T.);
#1335=ORIENTED_EDGE('',*,*,#943,.T.);
#1336=ORIENTED_EDGE('',*,*,#941,.T.);
#1337=ORIENTED_EDGE('',*,*,#939,.T.);
#1338=ORIENTED_EDGE('',*,*,#937,.T.);
#1339=ORIENTED_EDGE('',*,*,#935,.T.);
#1340=ORIENTED_EDGE('',*,*,#898,.T.);
#1341=ORIENTED_EDGE('',*,*,#890,.F.);
#1342=ORIENTED_EDGE('',*,*,#900,.T.);
#1343=ORIENTED_EDGE('',*,*,#901,.T.);
#1344=ORIENTED_EDGE('',*,*,#903,.T.);
#1345=ORIENTED_EDGE('',*,*,#905,.T.);
#1346=ORIENTED_EDGE('',*,*,#907,.T.);
#1347=ORIENTED_EDGE('',*,*,#886,.F.);
#1348=ORIENTED_EDGE('',*,*,#932,.T.);
#1349=ORIENTED_EDGE('',*,*,#930,.T.);
#1350=ORIENTED_EDGE('',*,*,#922,.F.);
#1351=ORIENTED_EDGE('',*,*,#958,.T.);
#1352=ORIENTED_EDGE('',*,*,#959,.F.);
#1353=ORIENTED_EDGE('',*,*,#960,.F.);
#1354=ORIENTED_EDGE('',*,*,#923,.T.);
#1355=ORIENTED_EDGE('',*,*,#960,.T.);
#1356=ORIENTED_EDGE('',*,*,#961,.F.);
#1357=ORIENTED_EDGE('',*,*,#962,.F.);
#1358=ORIENTED_EDGE('',*,*,#924,.F.);
#1359=ORIENTED_EDGE('',*,*,#962,.T.);
#1360=ORIENTED_EDGE('',*,*,#963,.F.);
#1361=ORIENTED_EDGE('',*,*,#964,.F.);
#1362=ORIENTED_EDGE('',*,*,#925,.T.);
#1363=ORIENTED_EDGE('',*,*,#964,.T.);
#1364=ORIENTED_EDGE('',*,*,#965,.F.);
#1365=ORIENTED_EDGE('',*,*,#966,.F.);
#1366=ORIENTED_EDGE('',*,*,#926,.F.);
#1367=ORIENTED_EDGE('',*,*,#966,.T.);
#1368=ORIENTED_EDGE('',*,*,#967,.F.);
#1369=ORIENTED_EDGE('',*,*,#968,.F.);
#1370=ORIENTED_EDGE('',*,*,#927,.T.);
#1371=ORIENTED_EDGE('',*,*,#968,.T.);
#1372=ORIENTED_EDGE('',*,*,#969,.F.);
#1373=ORIENTED_EDGE('',*,*,#970,.F.);
#1374=ORIENTED_EDGE('',*,*,#928,.F.);
#1375=ORIENTED_EDGE('',*,*,#970,.T.);
#1376=ORIENTED_EDGE('',*,*,#971,.F.);
#1377=ORIENTED_EDGE('',*,*,#972,.F.);
#1378=ORIENTED_EDGE('',*,*,#929,.T.);
#1379=ORIENTED_EDGE('',*,*,#972,.T.);
#1380=ORIENTED_EDGE('',*,*,#973,.F.);
#1381=ORIENTED_EDGE('',*,*,#958,.F.);
#1382=ORIENTED_EDGE('',*,*,#973,.T.);
#1383=ORIENTED_EDGE('',*,*,#971,.T.);
#1384=ORIENTED_EDGE('',*,*,#969,.T.);
#1385=ORIENTED_EDGE('',*,*,#967,.T.);
#1386=ORIENTED_EDGE('',*,*,#965,.T.);
#1387=ORIENTED_EDGE('',*,*,#963,.T.);
#1388=ORIENTED_EDGE('',*,*,#961,.T.);
#1389=ORIENTED_EDGE('',*,*,#959,.T.);
#1390=ORIENTED_EDGE('',*,*,#841,.T.);
#1391=ORIENTED_EDGE('',*,*,#844,.T.);
#1392=ORIENTED_EDGE('',*,*,#846,.T.);
#1393=ORIENTED_EDGE('',*,*,#847,.F.);
#1394=ORIENTED_EDGE('',*,*,#848,.T.);
#1395=ORIENTED_EDGE('',*,*,#882,.T.);
#1396=ORIENTED_EDGE('',*,*,#879,.T.);
#1397=ORIENTED_EDGE('',*,*,#876,.T.);
#1398=ORIENTED_EDGE('',*,*,#873,.T.);
#1399=ORIENTED_EDGE('',*,*,#870,.T.);
#1400=ORIENTED_EDGE('',*,*,#867,.T.);
#1401=ORIENTED_EDGE('',*,*,#864,.T.);
#1402=ORIENTED_EDGE('',*,*,#861,.T.);
#1403=ORIENTED_EDGE('',*,*,#858,.T.);
#1404=ORIENTED_EDGE('',*,*,#855,.T.);
#1405=ORIENTED_EDGE('',*,*,#852,.T.);
#1406=PLANE('',#1558);
#1407=PLANE('',#1559);
#1408=PLANE('',#1560);
#1409=PLANE('',#1561);
#1410=PLANE('',#1562);
#1411=PLANE('',#1563);
#1412=PLANE('',#1564);
#1413=PLANE('',#1565);
#1414=PLANE('',#1566);
#1415=PLANE('',#1567);
#1416=PLANE('',#1568);
#1417=PLANE('',#1569);
#1418=PLANE('',#1570);
#1419=PLANE('',#1571);
#1420=PLANE('',#1572);
#1421=PLANE('',#1573);
#1422=PLANE('',#1574);
#1423=PLANE('',#1575);
#1424=PLANE('',#1576);
#1425=PLANE('',#1577);
#1426=PLANE('',#1578);
#1427=PLANE('',#1579);
#1428=PLANE('',#1583);
#1429=PLANE('',#1587);
#1430=PLANE('',#1591);
#1431=PLANE('',#1595);
#1432=PLANE('',#1599);
#1433=PLANE('',#1601);
#1434=PLANE('',#1602);
#1435=PLANE('',#1605);
#1436=PLANE('',#1609);
#1437=PLANE('',#1613);
#1438=PLANE('',#1617);
#1439=PLANE('',#1621);
#1440=PLANE('',#1625);
#1441=PLANE('',#1629);
#1442=PLANE('',#1630);
#1443=PLANE('',#1631);
#1444=PLANE('',#1632);
#1445=PLANE('',#1635);
#1446=PLANE('',#1636);
#1447=PLANE('',#1639);
#1448=PLANE('',#1642);
#1449=PLANE('',#1643);
#1450=PLANE('',#1660);
#1451=PLANE('',#1663);
#1452=PLANE('',#1666);
#1453=PLANE('',#1669);
#1454=PLANE('',#1672);
#1455=PLANE('',#1675);
#1456=PLANE('',#1678);
#1457=PLANE('',#1679);
#1458=PLANE('',#1682);
#1459=PLANE('',#1685);
#1460=PLANE('',#1688);
#1461=PLANE('',#1691);
#1462=ADVANCED_FACE('',(#110),#1406,.F.);
#1463=ADVANCED_FACE('',(#111),#1407,.F.);
#1464=ADVANCED_FACE('',(#112),#1408,.T.);
#1465=ADVANCED_FACE('',(#113),#1409,.T.);
#1466=ADVANCED_FACE('',(#114),#1410,.F.);
#1467=ADVANCED_FACE('',(#115),#1411,.F.);
#1468=ADVANCED_FACE('',(#116),#1412,.F.);
#1469=ADVANCED_FACE('',(#117),#1413,.F.);
#1470=ADVANCED_FACE('',(#118),#1414,.T.);
#1471=ADVANCED_FACE('',(#119),#1415,.T.);
#1472=ADVANCED_FACE('',(#120),#1416,.T.);
#1473=ADVANCED_FACE('',(#121),#1417,.T.);
#1474=ADVANCED_FACE('',(#122),#1418,.T.);
#1475=ADVANCED_FACE('',(#123),#1419,.T.);
#1476=ADVANCED_FACE('',(#124),#1420,.T.);
#1477=ADVANCED_FACE('',(#125),#1421,.T.);
#1478=ADVANCED_FACE('',(#126),#1422,.T.);
#1479=ADVANCED_FACE('',(#127),#1423,.T.);
#1480=ADVANCED_FACE('',(#128),#1424,.T.);
#1481=ADVANCED_FACE('',(#129),#1425,.T.);
#1482=ADVANCED_FACE('',(#130),#1426,.T.);
#1483=ADVANCED_FACE('',(#131),#1427,.F.);
#1484=ADVANCED_FACE('',(#132),#84,.F.);
#1485=ADVANCED_FACE('',(#133),#1428,.F.);
#1486=ADVANCED_FACE('',(#134),#85,.F.);
#1487=ADVANCED_FACE('',(#135),#1429,.F.);
#1488=ADVANCED_FACE('',(#136),#86,.F.);
#1489=ADVANCED_FACE('',(#137),#1430,.F.);
#1490=ADVANCED_FACE('',(#138),#87,.F.);
#1491=ADVANCED_FACE('',(#139),#1431,.T.);
#1492=ADVANCED_FACE('',(#140),#88,.T.);
#1493=ADVANCED_FACE('',(#141),#1432,.T.);
#1494=ADVANCED_FACE('',(#142),#1433,.F.);
#1495=ADVANCED_FACE('',(#143),#1434,.T.);
#1496=ADVANCED_FACE('',(#144),#89,.F.);
#1497=ADVANCED_FACE('',(#145),#1435,.F.);
#1498=ADVANCED_FACE('',(#146),#90,.F.);
#1499=ADVANCED_FACE('',(#147),#1436,.F.);
#1500=ADVANCED_FACE('',(#148),#91,.F.);
#1501=ADVANCED_FACE('',(#149),#1437,.F.);
#1502=ADVANCED_FACE('',(#150),#92,.F.);
#1503=ADVANCED_FACE('',(#151),#1438,.F.);
#1504=ADVANCED_FACE('',(#152),#93,.F.);
#1505=ADVANCED_FACE('',(#153),#1439,.F.);
#1506=ADVANCED_FACE('',(#154),#94,.F.);
#1507=ADVANCED_FACE('',(#155),#1440,.F.);
#1508=ADVANCED_FACE('',(#156),#95,.F.);
#1509=ADVANCED_FACE('',(#157),#1441,.T.);
#1510=ADVANCED_FACE('',(#158),#1442,.F.);
#1511=ADVANCED_FACE('',(#159),#1443,.F.);
#1512=ADVANCED_FACE('',(#160,#14,#15,#16,#17),#1444,.T.);
#1513=ADVANCED_FACE('',(#161),#1445,.T.);
#1514=ADVANCED_FACE('',(#162),#1446,.T.);
#1515=ADVANCED_FACE('',(#163),#96,.T.);
#1516=ADVANCED_FACE('',(#164),#1447,.T.);
#1517=ADVANCED_FACE('',(#165),#97,.T.);
#1518=ADVANCED_FACE('',(#166),#1448,.T.);
#1519=ADVANCED_FACE('',(#167,#18,#19,#20),#1449,.F.);
#1520=ADVANCED_FACE('',(#168),#98,.F.);
#1521=ADVANCED_FACE('',(#169),#99,.F.);
#1522=ADVANCED_FACE('',(#170),#1450,.T.);
#1523=ADVANCED_FACE('',(#171),#100,.T.);
#1524=ADVANCED_FACE('',(#172),#1451,.T.);
#1525=ADVANCED_FACE('',(#173),#101,.T.);
#1526=ADVANCED_FACE('',(#174),#1452,.T.);
#1527=ADVANCED_FACE('',(#175),#102,.T.);
#1528=ADVANCED_FACE('',(#176),#1453,.T.);
#1529=ADVANCED_FACE('',(#177),#103,.T.);
#1530=ADVANCED_FACE('',(#178),#1454,.T.);
#1531=ADVANCED_FACE('',(#179),#104,.T.);
#1532=ADVANCED_FACE('',(#180),#1455,.T.);
#1533=ADVANCED_FACE('',(#181),#105,.T.);
#1534=ADVANCED_FACE('',(#182,#21,#22,#23),#1456,.T.);
#1535=ADVANCED_FACE('',(#183),#1457,.T.);
#1536=ADVANCED_FACE('',(#184),#106,.T.);
#1537=ADVANCED_FACE('',(#185),#1458,.T.);
#1538=ADVANCED_FACE('',(#186),#107,.T.);
#1539=ADVANCED_FACE('',(#187),#1459,.T.);
#1540=ADVANCED_FACE('',(#188),#108,.T.);
#1541=ADVANCED_FACE('',(#189),#1460,.T.);
#1542=ADVANCED_FACE('',(#190),#109,.T.);
#1543=ADVANCED_FACE('',(#191,#24,#25),#1461,.T.);
#1544=CLOSED_SHELL('',(#1462,#1463,#1464,#1465,#1466,#1467,#1468,#1469,
#1470,#1471,#1472,#1473,#1474,#1475,#1476,#1477,#1478,#1479,#1480,#1481,
#1482,#1483,#1484,#1485,#1486,#1487,#1488,#1489,#1490,#1491,#1492,#1493,
#1494,#1495,#1496,#1497,#1498,#1499,#1500,#1501,#1502,#1503,#1504,#1505,
#1506,#1507,#1508,#1509,#1510,#1511,#1512,#1513,#1514,#1515,#1516,#1517,
#1518,#1519,#1520,#1521,#1522,#1523,#1524,#1525,#1526,#1527,#1528,#1529,
#1530,#1531,#1532,#1533,#1534,#1535,#1536,#1537,#1538,#1539,#1540,#1541,
#1542,#1543));
#1545=DERIVED_UNIT_ELEMENT(#1547,1.);
#1546=DERIVED_UNIT_ELEMENT(#2574,-3.);
#1547=(
MASS_UNIT()
NAMED_UNIT(*)
SI_UNIT(.KILO.,.GRAM.)
);
#1548=DERIVED_UNIT((#1545,#1546));
#1549=MEASURE_REPRESENTATION_ITEM('density measure',
POSITIVE_RATIO_MEASURE(7850.),#1548);
#1550=PROPERTY_DEFINITION_REPRESENTATION(#1555,#1552);
#1551=PROPERTY_DEFINITION_REPRESENTATION(#1556,#1553);
#1552=REPRESENTATION('material name',(#1554),#2571);
#1553=REPRESENTATION('density',(#1549),#2571);
#1554=DESCRIPTIVE_REPRESENTATION_ITEM('Steel','Steel');
#1555=PROPERTY_DEFINITION('material property','material name',#2581);
#1556=PROPERTY_DEFINITION('material property','density of part',#2581);
#1557=AXIS2_PLACEMENT_3D('',#2126,#1692,#1693);
#1558=AXIS2_PLACEMENT_3D('',#2127,#1694,#1695);
#1559=AXIS2_PLACEMENT_3D('',#2136,#1700,#1701);
#1560=AXIS2_PLACEMENT_3D('',#2145,#1706,#1707);
#1561=AXIS2_PLACEMENT_3D('',#2148,#1710,#1711);
#1562=AXIS2_PLACEMENT_3D('',#2154,#1715,#1716);
#1563=AXIS2_PLACEMENT_3D('',#2163,#1721,#1722);
#1564=AXIS2_PLACEMENT_3D('',#2172,#1727,#1728);
#1565=AXIS2_PLACEMENT_3D('',#2181,#1733,#1734);
#1566=AXIS2_PLACEMENT_3D('',#2190,#1739,#1740);
#1567=AXIS2_PLACEMENT_3D('',#2197,#1745,#1746);
#1568=AXIS2_PLACEMENT_3D('',#2199,#1748,#1749);
#1569=AXIS2_PLACEMENT_3D('',#2206,#1754,#1755);
#1570=AXIS2_PLACEMENT_3D('',#2208,#1757,#1758);
#1571=AXIS2_PLACEMENT_3D('',#2214,#1762,#1763);
#1572=AXIS2_PLACEMENT_3D('',#2216,#1765,#1766);
#1573=AXIS2_PLACEMENT_3D('',#2218,#1768,#1769);
#1574=AXIS2_PLACEMENT_3D('',#2224,#1773,#1774);
#1575=AXIS2_PLACEMENT_3D('',#2226,#1776,#1777);
#1576=AXIS2_PLACEMENT_3D('',#2228,#1779,#1780);
#1577=AXIS2_PLACEMENT_3D('',#2234,#1784,#1785);
#1578=AXIS2_PLACEMENT_3D('',#2236,#1787,#1788);
#1579=AXIS2_PLACEMENT_3D('',#2238,#1790,#1791);
#1580=AXIS2_PLACEMENT_3D('',#2247,#1796,#1797);
#1581=AXIS2_PLACEMENT_3D('',#2249,#1798,#1799);
#1582=AXIS2_PLACEMENT_3D('',#2252,#1801,#1802);
#1583=AXIS2_PLACEMENT_3D('',#2253,#1803,#1804);
#1584=AXIS2_PLACEMENT_3D('',#2259,#1808,#1809);
#1585=AXIS2_PLACEMENT_3D('',#2261,#1810,#1811);
#1586=AXIS2_PLACEMENT_3D('',#2264,#1813,#1814);
#1587=AXIS2_PLACEMENT_3D('',#2265,#1815,#1816);
#1588=AXIS2_PLACEMENT_3D('',#2271,#1820,#1821);
#1589=AXIS2_PLACEMENT_3D('',#2273,#1822,#1823);
#1590=AXIS2_PLACEMENT_3D('',#2276,#1825,#1826);
#1591=AXIS2_PLACEMENT_3D('',#2277,#1827,#1828);
#1592=AXIS2_PLACEMENT_3D('',#2283,#1832,#1833);
#1593=AXIS2_PLACEMENT_3D('',#2284,#1834,#1835);
#1594=AXIS2_PLACEMENT_3D('',#2285,#1836,#1837);
#1595=AXIS2_PLACEMENT_3D('',#2286,#1838,#1839);
#1596=AXIS2_PLACEMENT_3D('',#2287,#1840,#1841);
#1597=AXIS2_PLACEMENT_3D('',#2290,#1842,#1843);
#1598=AXIS2_PLACEMENT_3D('',#2294,#1845,#1846);
#1599=AXIS2_PLACEMENT_3D('',#2296,#1848,#1849);
#1600=AXIS2_PLACEMENT_3D('',#2301,#1852,#1853);
#1601=AXIS2_PLACEMENT_3D('',#2302,#1854,#1855);
#1602=AXIS2_PLACEMENT_3D('',#2306,#1858,#1859);
#1603=AXIS2_PLACEMENT_3D('',#2308,#1860,#1861);
#1604=AXIS2_PLACEMENT_3D('',#2310,#1863,#1864);
#1605=AXIS2_PLACEMENT_3D('',#2312,#1866,#1867);
#1606=AXIS2_PLACEMENT_3D('',#2321,#1872,#1873);
#1607=AXIS2_PLACEMENT_3D('',#2323,#1874,#1875);
#1608=AXIS2_PLACEMENT_3D('',#2326,#1877,#1878);
#1609=AXIS2_PLACEMENT_3D('',#2327,#1879,#1880);
#1610=AXIS2_PLACEMENT_3D('',#2333,#1884,#1885);
#1611=AXIS2_PLACEMENT_3D('',#2335,#1886,#1887);
#1612=AXIS2_PLACEMENT_3D('',#2338,#1889,#1890);
#1613=AXIS2_PLACEMENT_3D('',#2339,#1891,#1892);
#1614=AXIS2_PLACEMENT_3D('',#2345,#1896,#1897);
#1615=AXIS2_PLACEMENT_3D('',#2347,#1898,#1899);
#1616=AXIS2_PLACEMENT_3D('',#2350,#1901,#1902);
#1617=AXIS2_PLACEMENT_3D('',#2351,#1903,#1904);
#1618=AXIS2_PLACEMENT_3D('',#2357,#1908,#1909);
#1619=AXIS2_PLACEMENT_3D('',#2359,#1910,#1911);
#1620=AXIS2_PLACEMENT_3D('',#2362,#1913,#1914);
#1621=AXIS2_PLACEMENT_3D('',#2363,#1915,#1916);
#1622=AXIS2_PLACEMENT_3D('',#2369,#1920,#1921);
#1623=AXIS2_PLACEMENT_3D('',#2371,#1922,#1923);
#1624=AXIS2_PLACEMENT_3D('',#2374,#1925,#1926);
#1625=AXIS2_PLACEMENT_3D('',#2375,#1927,#1928);
#1626=AXIS2_PLACEMENT_3D('',#2381,#1932,#1933);
#1627=AXIS2_PLACEMENT_3D('',#2382,#1934,#1935);
#1628=AXIS2_PLACEMENT_3D('',#2383,#1936,#1937);
#1629=AXIS2_PLACEMENT_3D('',#2384,#1938,#1939);
#1630=AXIS2_PLACEMENT_3D('',#2385,#1940,#1941);
#1631=AXIS2_PLACEMENT_3D('',#2394,#1946,#1947);
#1632=AXIS2_PLACEMENT_3D('',#2403,#1952,#1953);
#1633=AXIS2_PLACEMENT_3D('',#2407,#1955,#1956);
#1634=AXIS2_PLACEMENT_3D('',#2411,#1958,#1959);
#1635=AXIS2_PLACEMENT_3D('',#2414,#1962,#1963);
#1636=AXIS2_PLACEMENT_3D('',#2416,#1965,#1966);
#1637=AXIS2_PLACEMENT_3D('',#2420,#1969,#1970);
#1638=AXIS2_PLACEMENT_3D('',#2422,#1971,#1972);
#1639=AXIS2_PLACEMENT_3D('',#2424,#1974,#1975);
#1640=AXIS2_PLACEMENT_3D('',#2428,#1978,#1979);
#1641=AXIS2_PLACEMENT_3D('',#2430,#1980,#1981);
#1642=AXIS2_PLACEMENT_3D('',#2432,#1983,#1984);
#1643=AXIS2_PLACEMENT_3D('',#2434,#1986,#1987);
#1644=AXIS2_PLACEMENT_3D('',#2437,#1988,#1989);
#1645=AXIS2_PLACEMENT_3D('',#2441,#1991,#1992);
#1646=AXIS2_PLACEMENT_3D('',#2445,#1994,#1995);
#1647=AXIS2_PLACEMENT_3D('',#2449,#1997,#1998);
#1648=AXIS2_PLACEMENT_3D('',#2453,#2000,#2001);
#1649=AXIS2_PLACEMENT_3D('',#2457,#2003,#2004);
#1650=AXIS2_PLACEMENT_3D('',#2460,#2006,#2007);
#1651=AXIS2_PLACEMENT_3D('',#2462,#2008,#2009);
#1652=AXIS2_PLACEMENT_3D('',#2467,#2011,#2012);
#1653=AXIS2_PLACEMENT_3D('',#2471,#2014,#2015);
#1654=AXIS2_PLACEMENT_3D('',#2475,#2017,#2018);
#1655=AXIS2_PLACEMENT_3D('',#2478,#2020,#2021);
#1656=AXIS2_PLACEMENT_3D('',#2479,#2022,#2023);
#1657=AXIS2_PLACEMENT_3D('',#2481,#2024,#2025);
#1658=AXIS2_PLACEMENT_3D('',#2483,#2027,#2028);
#1659=AXIS2_PLACEMENT_3D('',#2485,#2029,#2030);
#1660=AXIS2_PLACEMENT_3D('',#2487,#2032,#2033);
#1661=AXIS2_PLACEMENT_3D('',#2493,#2037,#2038);
#1662=AXIS2_PLACEMENT_3D('',#2495,#2039,#2040);
#1663=AXIS2_PLACEMENT_3D('',#2497,#2042,#2043);
#1664=AXIS2_PLACEMENT_3D('',#2501,#2046,#2047);
#1665=AXIS2_PLACEMENT_3D('',#2503,#2048,#2049);
#1666=AXIS2_PLACEMENT_3D('',#2505,#2051,#2052);
#1667=AXIS2_PLACEMENT_3D('',#2509,#2055,#2056);
#1668=AXIS2_PLACEMENT_3D('',#2511,#2057,#2058);
#1669=AXIS2_PLACEMENT_3D('',#2513,#2060,#2061);
#1670=AXIS2_PLACEMENT_3D('',#2517,#2064,#2065);
#1671=AXIS2_PLACEMENT_3D('',#2519,#2066,#2067);
#1672=AXIS2_PLACEMENT_3D('',#2521,#2069,#2070);
#1673=AXIS2_PLACEMENT_3D('',#2525,#2073,#2074);
#1674=AXIS2_PLACEMENT_3D('',#2527,#2075,#2076);
#1675=AXIS2_PLACEMENT_3D('',#2529,#2078,#2079);
#1676=AXIS2_PLACEMENT_3D('',#2533,#2082,#2083);
#1677=AXIS2_PLACEMENT_3D('',#2534,#2084,#2085);
#1678=AXIS2_PLACEMENT_3D('',#2535,#2086,#2087);
#1679=AXIS2_PLACEMENT_3D('',#2536,#2088,#2089);
#1680=AXIS2_PLACEMENT_3D('',#2542,#2093,#2094);
#1681=AXIS2_PLACEMENT_3D('',#2544,#2095,#2096);
#1682=AXIS2_PLACEMENT_3D('',#2546,#2098,#2099);
#1683=AXIS2_PLACEMENT_3D('',#2550,#2102,#2103);
#1684=AXIS2_PLACEMENT_3D('',#2552,#2104,#2105);
#1685=AXIS2_PLACEMENT_3D('',#2554,#2107,#2108);
#1686=AXIS2_PLACEMENT_3D('',#2558,#2111,#2112);
#1687=AXIS2_PLACEMENT_3D('',#2560,#2113,#2114);
#1688=AXIS2_PLACEMENT_3D('',#2562,#2116,#2117);
#1689=AXIS2_PLACEMENT_3D('',#2566,#2120,#2121);
#1690=AXIS2_PLACEMENT_3D('',#2567,#2122,#2123);
#1691=AXIS2_PLACEMENT_3D('',#2568,#2124,#2125);
#1692=DIRECTION('axis',(0.,0.,1.));
#1693=DIRECTION('refdir',(1.,0.,0.));
#1694=DIRECTION('center_axis',(0.,0.866025403784438,0.5));
#1695=DIRECTION('ref_axis',(0.,-0.5,0.866025403784438));
#1696=DIRECTION('',(0.,-0.5,0.866025403784438));
#1697=DIRECTION('',(-1.,0.,0.));
#1698=DIRECTION('',(0.,0.5,-0.866025403784438));
#1699=DIRECTION('',(1.,0.,0.));
#1700=DIRECTION('center_axis',(0.,-0.866025403784438,0.5));
#1701=DIRECTION('ref_axis',(0.,-0.5,-0.866025403784438));
#1702=DIRECTION('',(0.,-0.5,-0.866025403784438));
#1703=DIRECTION('',(-1.,0.,0.));
#1704=DIRECTION('',(0.,0.5,0.866025403784438));
#1705=DIRECTION('',(1.,0.,0.));
#1706=DIRECTION('center_axis',(0.,0.,-1.));
#1707=DIRECTION('ref_axis',(-1.,0.,0.));
#1708=DIRECTION('',(0.,1.,0.));
#1709=DIRECTION('',(0.,-1.,0.));
#1710=DIRECTION('center_axis',(1.,0.,0.));
#1711=DIRECTION('ref_axis',(0.,-1.,0.));
#1712=DIRECTION('',(0.,0.,-1.));
#1713=DIRECTION('',(0.,1.,0.));
#1714=DIRECTION('',(0.,0.,-1.));
#1715=DIRECTION('center_axis',(0.,-0.866025403784439,0.499999999999999));
#1716=DIRECTION('ref_axis',(0.,-0.499999999999999,-0.866025403784439));
#1717=DIRECTION('',(0.,0.499999999999999,0.866025403784439));
#1718=DIRECTION('',(1.,0.,0.));
#1719=DIRECTION('',(0.,-0.499999999999999,-0.866025403784439));
#1720=DIRECTION('',(-1.,0.,0.));
#1721=DIRECTION('center_axis',(0.,-0.866025403784439,0.499999999999999));
#1722=DIRECTION('ref_axis',(0.,-0.499999999999999,-0.866025403784439));
#1723=DIRECTION('',(0.,-0.499999999999999,-0.866025403784439));
#1724=DIRECTION('',(-1.,0.,0.));
#1725=DIRECTION('',(0.,0.499999999999999,0.866025403784439));
#1726=DIRECTION('',(1.,0.,0.));
#1727=DIRECTION('center_axis',(0.,0.86602540378444,0.499999999999997));
#1728=DIRECTION('ref_axis',(0.,-0.499999999999997,0.86602540378444));
#1729=DIRECTION('',(0.,0.499999999999997,-0.86602540378444));
#1730=DIRECTION('',(1.,0.,0.));
#1731=DIRECTION('',(0.,-0.499999999999997,0.86602540378444));
#1732=DIRECTION('',(-1.,0.,0.));
#1733=DIRECTION('center_axis',(0.,0.86602540378444,0.499999999999997));
#1734=DIRECTION('ref_axis',(0.,-0.499999999999997,0.86602540378444));
#1735=DIRECTION('',(0.,0.499999999999997,-0.86602540378444));
#1736=DIRECTION('',(1.,0.,0.));
#1737=DIRECTION('',(0.,-0.499999999999997,0.86602540378444));
#1738=DIRECTION('',(-1.,0.,0.));
#1739=DIRECTION('center_axis',(1.,0.,0.));
#1740=DIRECTION('ref_axis',(0.,-1.,0.));
#1741=DIRECTION('',(0.,0.,-1.));
#1742=DIRECTION('',(0.,1.,0.));
#1743=DIRECTION('',(0.,0.,-1.));
#1744=DIRECTION('',(0.,-1.,0.));
#1745=DIRECTION('center_axis',(0.,0.,-1.));
#1746=DIRECTION('ref_axis',(-1.,0.,0.));
#1747=DIRECTION('',(0.,1.,0.));
#1748=DIRECTION('center_axis',(1.,0.,0.));
#1749=DIRECTION('ref_axis',(0.,-1.,0.));
#1750=DIRECTION('',(0.,0.,-1.));
#1751=DIRECTION('',(0.,1.,0.));
#1752=DIRECTION('',(0.,0.,-1.));
#1753=DIRECTION('',(0.,-1.,0.));
#1754=DIRECTION('center_axis',(0.,0.,-1.));
#1755=DIRECTION('ref_axis',(-1.,0.,0.));
#1756=DIRECTION('',(0.,1.,0.));
#1757=DIRECTION('center_axis',(-1.,0.,0.));
#1758=DIRECTION('ref_axis',(0.,1.,0.));
#1759=DIRECTION('',(0.,0.,-1.));
#1760=DIRECTION('',(0.,-1.,0.));
#1761=DIRECTION('',(0.,0.,-1.));
#1762=DIRECTION('center_axis',(0.,-1.,0.));
#1763=DIRECTION('ref_axis',(-1.,0.,0.));
#1764=DIRECTION('',(1.,0.,0.));
#1765=DIRECTION('center_axis',(0.,1.,0.));
#1766=DIRECTION('ref_axis',(1.,0.,0.));
#1767=DIRECTION('',(-1.,0.,0.));
#1768=DIRECTION('center_axis',(-1.,0.,0.));
#1769=DIRECTION('ref_axis',(0.,1.,0.));
#1770=DIRECTION('',(0.,0.,-1.));
#1771=DIRECTION('',(0.,-1.,0.));
#1772=DIRECTION('',(0.,0.,-1.));
#1773=DIRECTION('center_axis',(0.,-1.,0.));
#1774=DIRECTION('ref_axis',(-1.,0.,0.));
#1775=DIRECTION('',(1.,0.,0.));
#1776=DIRECTION('center_axis',(0.,1.,0.));
#1777=DIRECTION('ref_axis',(1.,0.,0.));
#1778=DIRECTION('',(-1.,0.,0.));
#1779=DIRECTION('center_axis',(-1.,0.,0.));
#1780=DIRECTION('ref_axis',(0.,1.,0.));
#1781=DIRECTION('',(0.,0.,-1.));
#1782=DIRECTION('',(0.,-1.,0.));
#1783=DIRECTION('',(0.,0.,-1.));
#1784=DIRECTION('center_axis',(0.,-1.,0.));
#1785=DIRECTION('ref_axis',(-1.,0.,0.));
#1786=DIRECTION('',(1.,0.,0.));
#1787=DIRECTION('center_axis',(0.,1.,0.));
#1788=DIRECTION('ref_axis',(1.,0.,0.));
#1789=DIRECTION('',(-1.,0.,0.));
#1790=DIRECTION('center_axis',(-1.,0.,0.));
#1791=DIRECTION('ref_axis',(0.,-1.,0.));
#1792=DIRECTION('',(0.,-1.,0.));
#1793=DIRECTION('',(0.,0.,1.));
#1794=DIRECTION('',(0.,-1.,0.));
#1795=DIRECTION('',(0.,0.,1.));
#1796=DIRECTION('center_axis',(0.,0.,1.));
#1797=DIRECTION('ref_axis',(-1.,6.6613381477509E-15,0.));
#1798=DIRECTION('center_axis',(0.,0.,1.));
#1799=DIRECTION('ref_axis',(-1.,6.6613381477509E-15,0.));
#1800=DIRECTION('',(0.,0.,1.));
#1801=DIRECTION('center_axis',(0.,0.,1.));
#1802=DIRECTION('ref_axis',(-1.,6.6613381477509E-15,0.));
#1803=DIRECTION('center_axis',(0.,1.,0.));
#1804=DIRECTION('ref_axis',(-1.,0.,0.));
#1805=DIRECTION('',(-1.,0.,0.));
#1806=DIRECTION('',(0.,0.,1.));
#1807=DIRECTION('',(-1.,0.,0.));
#1808=DIRECTION('center_axis',(0.,0.,1.));
#1809=DIRECTION('ref_axis',(1.11022302462516E-15,1.,0.));
#1810=DIRECTION('center_axis',(0.,0.,1.));
#1811=DIRECTION('ref_axis',(1.11022302462516E-15,1.,0.));
#1812=DIRECTION('',(0.,0.,1.));
#1813=DIRECTION('center_axis',(0.,0.,1.));
#1814=DIRECTION('ref_axis',(1.11022302462516E-15,1.,0.));
#1815=DIRECTION('center_axis',(1.,0.,0.));
#1816=DIRECTION('ref_axis',(0.,1.,0.));
#1817=DIRECTION('',(0.,1.,0.));
#1818=DIRECTION('',(0.,0.,1.));
#1819=DIRECTION('',(0.,1.,0.));
#1820=DIRECTION('center_axis',(0.,0.,1.));
#1821=DIRECTION('ref_axis',(1.,0.,0.));
#1822=DIRECTION('center_axis',(0.,0.,1.));
#1823=DIRECTION('ref_axis',(1.,0.,0.));
#1824=DIRECTION('',(0.,0.,1.));
#1825=DIRECTION('center_axis',(0.,0.,1.));
#1826=DIRECTION('ref_axis',(1.,0.,0.));
#1827=DIRECTION('center_axis',(0.,-1.,0.));
#1828=DIRECTION('ref_axis',(1.,0.,0.));
#1829=DIRECTION('',(1.,0.,0.));
#1830=DIRECTION('',(0.,0.,1.));
#1831=DIRECTION('',(1.,0.,0.));
#1832=DIRECTION('center_axis',(0.,0.,1.));
#1833=DIRECTION('ref_axis',(-4.44089209850059E-15,-1.,0.));
#1834=DIRECTION('center_axis',(0.,0.,1.));
#1835=DIRECTION('ref_axis',(-4.44089209850059E-15,-1.,0.));
#1836=DIRECTION('center_axis',(0.,0.,1.));
#1837=DIRECTION('ref_axis',(-4.44089209850059E-15,-1.,0.));
#1838=DIRECTION('center_axis',(0.,0.,-1.));
#1839=DIRECTION('ref_axis',(1.,0.,0.));
#1840=DIRECTION('center_axis',(-1.,0.,0.));
#1841=DIRECTION('ref_axis',(0.,-0.147174563924238,0.989110533627921));
#1842=DIRECTION('center_axis',(1.,0.,0.));
#1843=DIRECTION('ref_axis',(0.,-0.147174563924238,0.989110533627921));
#1844=DIRECTION('',(1.,0.,0.));
#1845=DIRECTION('center_axis',(-1.,0.,0.));
#1846=DIRECTION('ref_axis',(0.,-0.147174563924238,0.989110533627921));
#1847=DIRECTION('',(-1.,0.,0.));
#1848=DIRECTION('center_axis',(1.,0.,0.));
#1849=DIRECTION('ref_axis',(0.,1.,0.));
#1850=DIRECTION('',(0.,-0.658504607868518,-0.752576694706878));
#1851=DIRECTION('',(0.,-1.,0.));
#1852=DIRECTION('center_axis',(1.,0.,0.));
#1853=DIRECTION('ref_axis',(0.,-0.542586398650021,-0.84));
#1854=DIRECTION('center_axis',(0.,0.752576694706878,-0.658504607868518));
#1855=DIRECTION('ref_axis',(0.,0.658504607868518,0.752576694706878));
#1856=DIRECTION('',(0.,0.658504607868518,0.752576694706878));
#1857=DIRECTION('',(-1.,0.,0.));
#1858=DIRECTION('center_axis',(-1.,0.,0.));
#1859=DIRECTION('ref_axis',(0.,-1.,0.));
#1860=DIRECTION('center_axis',(-1.,0.,0.));
#1861=DIRECTION('ref_axis',(0.,-0.542586398650021,-0.84));
#1862=DIRECTION('',(0.,1.,0.));
#1863=DIRECTION('center_axis',(1.,0.,0.));
#1864=DIRECTION('ref_axis',(0.,-0.542586398650021,-0.84));
#1865=DIRECTION('',(-1.,0.,0.));
#1866=DIRECTION('center_axis',(0.,-1.,0.));
#1867=DIRECTION('ref_axis',(-1.,0.,0.));
#1868=DIRECTION('',(-1.,0.,0.));
#1869=DIRECTION('',(0.,0.,-1.));
#1870=DIRECTION('',(-1.,0.,0.));
#1871=DIRECTION('',(0.,0.,-1.));
#1872=DIRECTION('center_axis',(0.,0.,-1.));
#1873=DIRECTION('ref_axis',(4.44089209850058E-15,-1.,0.));
#1874=DIRECTION('center_axis',(0.,0.,-1.));
#1875=DIRECTION('ref_axis',(4.44089209850058E-15,-1.,0.));
#1876=DIRECTION('',(0.,0.,-1.));
#1877=DIRECTION('center_axis',(0.,0.,-1.));
#1878=DIRECTION('ref_axis',(4.44089209850058E-15,-1.,0.));
#1879=DIRECTION('center_axis',(0.707106781186547,-0.707106781186548,0.));
#1880=DIRECTION('ref_axis',(-0.707106781186548,-0.707106781186547,0.));
#1881=DIRECTION('',(-0.707106781186548,-0.707106781186547,0.));
#1882=DIRECTION('',(0.,0.,-1.));
#1883=DIRECTION('',(-0.707106781186548,-0.707106781186547,0.));
#1884=DIRECTION('center_axis',(0.,0.,-1.));
#1885=DIRECTION('ref_axis',(0.707106781186547,-0.707106781186548,0.));
#1886=DIRECTION('center_axis',(0.,0.,-1.));
#1887=DIRECTION('ref_axis',(0.707106781186547,-0.707106781186548,0.));
#1888=DIRECTION('',(0.,0.,-1.));
#1889=DIRECTION('center_axis',(0.,0.,-1.));
#1890=DIRECTION('ref_axis',(0.707106781186547,-0.707106781186548,0.));
#1891=DIRECTION('center_axis',(1.,0.,0.));
#1892=DIRECTION('ref_axis',(0.,-1.,0.));
#1893=DIRECTION('',(0.,-1.,0.));
#1894=DIRECTION('',(0.,0.,-1.));
#1895=DIRECTION('',(0.,-1.,0.));
#1896=DIRECTION('center_axis',(0.,0.,-1.));
#1897=DIRECTION('ref_axis',(1.,2.2204460492503E-15,0.));
#1898=DIRECTION('center_axis',(0.,0.,-1.));
#1899=DIRECTION('ref_axis',(1.,2.2204460492503E-15,0.));
#1900=DIRECTION('',(0.,0.,-1.));
#1901=DIRECTION('center_axis',(0.,0.,-1.));
#1902=DIRECTION('ref_axis',(1.,2.2204460492503E-15,0.));
#1903=DIRECTION('center_axis',(0.707106781186546,0.707106781186549,0.));
#1904=DIRECTION('ref_axis',(0.707106781186549,-0.707106781186546,0.));
#1905=DIRECTION('',(0.707106781186549,-0.707106781186546,0.));
#1906=DIRECTION('',(0.,0.,-1.));
#1907=DIRECTION('',(0.707106781186549,-0.707106781186546,0.));
#1908=DIRECTION('center_axis',(0.,0.,-1.));
#1909=DIRECTION('ref_axis',(0.707106781186545,0.70710678118655,0.));
#1910=DIRECTION('center_axis',(0.,0.,-1.));
#1911=DIRECTION('ref_axis',(0.707106781186545,0.70710678118655,0.));
#1912=DIRECTION('',(0.,0.,-1.));
#1913=DIRECTION('center_axis',(0.,0.,-1.));
#1914=DIRECTION('ref_axis',(0.707106781186545,0.70710678118655,0.));
#1915=DIRECTION('center_axis',(0.,1.,0.));
#1916=DIRECTION('ref_axis',(1.,0.,0.));
#1917=DIRECTION('',(1.,0.,0.));
#1918=DIRECTION('',(0.,0.,-1.));
#1919=DIRECTION('',(1.,0.,0.));
#1920=DIRECTION('center_axis',(0.,0.,-1.));
#1921=DIRECTION('ref_axis',(-5.55111512312578E-16,1.,0.));
#1922=DIRECTION('center_axis',(0.,0.,-1.));
#1923=DIRECTION('ref_axis',(-5.55111512312578E-16,1.,0.));
#1924=DIRECTION('',(0.,0.,-1.));
#1925=DIRECTION('center_axis',(0.,0.,-1.));
#1926=DIRECTION('ref_axis',(-5.55111512312578E-16,1.,0.));
#1927=DIRECTION('center_axis',(-1.,5.28677630773884E-17,0.));
#1928=DIRECTION('ref_axis',(5.28677630773884E-17,1.,0.));
#1929=DIRECTION('',(5.28677630773884E-17,1.,0.));
#1930=DIRECTION('',(0.,0.,-1.));
#1931=DIRECTION('',(5.28677630773884E-17,1.,0.));
#1932=DIRECTION('center_axis',(0.,0.,-1.));
#1933=DIRECTION('ref_axis',(-1.,0.,0.));
#1934=DIRECTION('center_axis',(0.,0.,-1.));
#1935=DIRECTION('ref_axis',(-1.,0.,0.));
#1936=DIRECTION('center_axis',(0.,0.,-1.));
#1937=DIRECTION('ref_axis',(-1.,0.,0.));
#1938=DIRECTION('center_axis',(0.,0.,1.));
#1939=DIRECTION('ref_axis',(-1.,0.,0.));
#1940=DIRECTION('center_axis',(-0.707106781186547,0.707106781186548,0.));
#1941=DIRECTION('ref_axis',(-0.707106781186548,-0.707106781186547,0.));
#1942=DIRECTION('',(-0.707106781186548,-0.707106781186547,0.));
#1943=DIRECTION('',(0.,0.,-1.));
#1944=DIRECTION('',(-0.707106781186548,-0.707106781186547,0.));
#1945=DIRECTION('',(0.,0.,1.));
#1946=DIRECTION('center_axis',(-0.707106781186547,-0.707106781186548,0.));
#1947=DIRECTION('ref_axis',(0.707106781186548,-0.707106781186547,0.));
#1948=DIRECTION('',(0.707106781186548,-0.707106781186547,0.));
#1949=DIRECTION('',(0.,0.,-1.));
#1950=DIRECTION('',(0.707106781186548,-0.707106781186547,0.));
#1951=DIRECTION('',(0.,0.,1.));
#1952=DIRECTION('center_axis',(0.,0.,-1.));
#1953=DIRECTION('ref_axis',(1.,0.,0.));
#1954=DIRECTION('',(-1.,0.,0.));
#1955=DIRECTION('center_axis',(0.,0.,-1.));
#1956=DIRECTION('ref_axis',(-4.4408920985006E-15,-1.,0.));
#1957=DIRECTION('',(0.,1.,0.));
#1958=DIRECTION('center_axis',(0.,0.,-1.));
#1959=DIRECTION('ref_axis',(-1.,4.4408920985006E-15,0.));
#1960=DIRECTION('',(1.,0.,0.));
#1961=DIRECTION('',(0.,-1.,0.));
#1962=DIRECTION('center_axis',(1.,0.,0.));
#1963=DIRECTION('ref_axis',(0.,-1.,0.));
#1964=DIRECTION('',(0.,1.,0.));
#1965=DIRECTION('center_axis',(0.,1.,0.));
#1966=DIRECTION('ref_axis',(1.,0.,0.));
#1967=DIRECTION('',(0.,0.,-1.));
#1968=DIRECTION('',(-1.,0.,0.));
#1969=DIRECTION('center_axis',(0.,0.,-1.));
#1970=DIRECTION('ref_axis',(-1.,4.4408920985006E-15,0.));
#1971=DIRECTION('center_axis',(0.,0.,1.));
#1972=DIRECTION('ref_axis',(-1.,4.4408920985006E-15,0.));
#1973=DIRECTION('',(0.,0.,-1.));
#1974=DIRECTION('center_axis',(-1.,0.,0.));
#1975=DIRECTION('ref_axis',(0.,1.,0.));
#1976=DIRECTION('',(0.,-1.,0.));
#1977=DIRECTION('',(0.,0.,-1.));
#1978=DIRECTION('center_axis',(0.,0.,-1.));
#1979=DIRECTION('ref_axis',(-4.4408920985006E-15,-1.,0.));
#1980=DIRECTION('center_axis',(0.,0.,1.));
#1981=DIRECTION('ref_axis',(-4.4408920985006E-15,-1.,0.));
#1982=DIRECTION('',(0.,0.,-1.));
#1983=DIRECTION('center_axis',(0.,-1.,0.));
#1984=DIRECTION('ref_axis',(-1.,0.,0.));
#1985=DIRECTION('',(1.,0.,0.));
#1986=DIRECTION('center_axis',(0.,0.,-1.));
#1987=DIRECTION('ref_axis',(1.,0.,0.));
#1988=DIRECTION('center_axis',(0.,0.,-1.));
#1989=DIRECTION('ref_axis',(1.,8.88178419700125E-16,0.));
#1990=DIRECTION('',(-1.94383981253051E-16,1.,0.));
#1991=DIRECTION('center_axis',(0.,0.,-1.));
#1992=DIRECTION('ref_axis',(0.309744977503131,0.950819672131148,0.));
#1993=DIRECTION('',(0.950819672131148,-0.309744977503133,0.));
#1994=DIRECTION('center_axis',(0.,0.,-1.));
#1995=DIRECTION('ref_axis',(-0.309744977503136,0.950819672131147,0.));
#1996=DIRECTION('',(-0.950819672131148,-0.309744977503133,0.));
#1997=DIRECTION('center_axis',(0.,0.,-1.));
#1998=DIRECTION('ref_axis',(-1.,-8.88178419700127E-16,0.));
#1999=DIRECTION('',(0.,-1.,0.));
#2000=DIRECTION('center_axis',(0.,0.,-1.));
#2001=DIRECTION('ref_axis',(-0.309744977503133,-0.950819672131148,0.));
#2002=DIRECTION('',(-0.950819672131148,0.309744977503133,0.));
#2003=DIRECTION('center_axis',(0.,0.,-1.));
#2004=DIRECTION('ref_axis',(0.309744977503137,-0.950819672131147,0.));
#2005=DIRECTION('',(0.950819672131148,0.309744977503133,0.));
#2006=DIRECTION('center_axis',(0.,0.,1.));
#2007=DIRECTION('ref_axis',(1.,0.,0.));
#2008=DIRECTION('center_axis',(0.,0.,1.));
#2009=DIRECTION('ref_axis',(1.,0.,0.));
#2010=DIRECTION('',(-1.,-4.44089209850063E-17,0.));
#2011=DIRECTION('center_axis',(0.,0.,1.));
#2012=DIRECTION('ref_axis',(-1.,-2.22044604925031E-15,0.));
#2013=DIRECTION('',(0.,1.,0.));
#2014=DIRECTION('center_axis',(0.,0.,1.));
#2015=DIRECTION('ref_axis',(-2.22044604925032E-15,1.,0.));
#2016=DIRECTION('',(1.,0.,0.));
#2017=DIRECTION('center_axis',(0.,0.,1.));
#2018=DIRECTION('ref_axis',(1.,2.22044604925031E-15,0.));
#2019=DIRECTION('',(0.,-1.,0.));
#2020=DIRECTION('center_axis',(0.,0.,1.));
#2021=DIRECTION('ref_axis',(0.,-1.,0.));
#2022=DIRECTION('center_axis',(0.,0.,-1.));
#2023=DIRECTION('ref_axis',(1.,0.,0.));
#2024=DIRECTION('center_axis',(0.,0.,1.));
#2025=DIRECTION('ref_axis',(1.,0.,0.));
#2026=DIRECTION('',(0.,0.,1.));
#2027=DIRECTION('center_axis',(0.,0.,-1.));
#2028=DIRECTION('ref_axis',(1.,0.,0.));
#2029=DIRECTION('center_axis',(0.,0.,1.));
#2030=DIRECTION('ref_axis',(1.,0.,0.));
#2031=DIRECTION('',(0.,0.,1.));
#2032=DIRECTION('center_axis',(1.,1.94383981253051E-16,0.));
#2033=DIRECTION('ref_axis',(1.94383981253051E-16,-1.,0.));
#2034=DIRECTION('',(0.,0.,-1.));
#2035=DIRECTION('',(1.94383981253051E-16,-1.,0.));
#2036=DIRECTION('',(0.,0.,-1.));
#2037=DIRECTION('center_axis',(0.,0.,-1.));
#2038=DIRECTION('ref_axis',(0.309744977503131,0.950819672131148,0.));
#2039=DIRECTION('center_axis',(0.,0.,-1.));
#2040=DIRECTION('ref_axis',(0.309744977503131,0.950819672131148,0.));
#2041=DIRECTION('',(0.,0.,-1.));
#2042=DIRECTION('center_axis',(0.309744977503133,0.950819672131148,0.));
#2043=DIRECTION('ref_axis',(0.950819672131148,-0.309744977503133,0.));
#2044=DIRECTION('',(0.950819672131148,-0.309744977503133,0.));
#2045=DIRECTION('',(0.,0.,-1.));
#2046=DIRECTION('center_axis',(0.,0.,-1.));
#2047=DIRECTION('ref_axis',(-0.309744977503136,0.950819672131147,0.));
#2048=DIRECTION('center_axis',(0.,0.,-1.));
#2049=DIRECTION('ref_axis',(-0.309744977503136,0.950819672131147,0.));
#2050=DIRECTION('',(0.,0.,-1.));
#2051=DIRECTION('center_axis',(-0.309744977503133,0.950819672131148,0.));
#2052=DIRECTION('ref_axis',(0.950819672131148,0.309744977503133,0.));
#2053=DIRECTION('',(0.950819672131148,0.309744977503133,0.));
#2054=DIRECTION('',(0.,0.,-1.));
#2055=DIRECTION('center_axis',(0.,0.,-1.));
#2056=DIRECTION('ref_axis',(-1.,-8.88178419700127E-16,0.));
#2057=DIRECTION('center_axis',(0.,0.,-1.));
#2058=DIRECTION('ref_axis',(-1.,-8.88178419700127E-16,0.));
#2059=DIRECTION('',(0.,0.,-1.));
#2060=DIRECTION('center_axis',(-1.,0.,0.));
#2061=DIRECTION('ref_axis',(0.,1.,0.));
#2062=DIRECTION('',(0.,1.,0.));
#2063=DIRECTION('',(0.,0.,-1.));
#2064=DIRECTION('center_axis',(0.,0.,-1.));
#2065=DIRECTION('ref_axis',(-0.309744977503133,-0.950819672131148,0.));
#2066=DIRECTION('center_axis',(0.,0.,-1.));
#2067=DIRECTION('ref_axis',(-0.309744977503133,-0.950819672131148,0.));
#2068=DIRECTION('',(0.,0.,-1.));
#2069=DIRECTION('center_axis',(-0.309744977503133,-0.950819672131148,0.));
#2070=DIRECTION('ref_axis',(-0.950819672131148,0.309744977503133,0.));
#2071=DIRECTION('',(-0.950819672131148,0.309744977503133,0.));
#2072=DIRECTION('',(0.,0.,-1.));
#2073=DIRECTION('center_axis',(0.,0.,-1.));
#2074=DIRECTION('ref_axis',(0.309744977503137,-0.950819672131147,0.));
#2075=DIRECTION('center_axis',(0.,0.,-1.));
#2076=DIRECTION('ref_axis',(0.309744977503137,-0.950819672131147,0.));
#2077=DIRECTION('',(0.,0.,-1.));
#2078=DIRECTION('center_axis',(0.309744977503133,-0.950819672131148,0.));
#2079=DIRECTION('ref_axis',(-0.950819672131148,-0.309744977503133,0.));
#2080=DIRECTION('',(-0.950819672131148,-0.309744977503133,0.));
#2081=DIRECTION('',(0.,0.,-1.));
#2082=DIRECTION('center_axis',(0.,0.,-1.));
#2083=DIRECTION('ref_axis',(1.,8.88178419700125E-16,0.));
#2084=DIRECTION('center_axis',(0.,0.,-1.));
#2085=DIRECTION('ref_axis',(1.,8.88178419700125E-16,0.));
#2086=DIRECTION('center_axis',(0.,0.,-1.));
#2087=DIRECTION('ref_axis',(1.,0.,0.));
#2088=DIRECTION('center_axis',(4.44089209850063E-17,-1.,0.));
#2089=DIRECTION('ref_axis',(1.,4.44089209850063E-17,0.));
#2090=DIRECTION('',(0.,0.,1.));
#2091=DIRECTION('',(1.,4.44089209850063E-17,0.));
#2092=DIRECTION('',(0.,0.,1.));
#2093=DIRECTION('center_axis',(0.,0.,1.));
#2094=DIRECTION('ref_axis',(-1.,-2.22044604925031E-15,0.));
#2095=DIRECTION('center_axis',(0.,0.,1.));
#2096=DIRECTION('ref_axis',(-1.,-2.22044604925031E-15,0.));
#2097=DIRECTION('',(0.,0.,1.));
#2098=DIRECTION('center_axis',(-1.,0.,0.));
#2099=DIRECTION('ref_axis',(0.,-1.,0.));
#2100=DIRECTION('',(0.,-1.,0.));
#2101=DIRECTION('',(0.,0.,1.));
#2102=DIRECTION('center_axis',(0.,0.,1.));
#2103=DIRECTION('ref_axis',(-2.22044604925032E-15,1.,0.));
#2104=DIRECTION('center_axis',(0.,0.,1.));
#2105=DIRECTION('ref_axis',(-2.22044604925032E-15,1.,0.));
#2106=DIRECTION('',(0.,0.,1.));
#2107=DIRECTION('center_axis',(0.,1.,0.));
#2108=DIRECTION('ref_axis',(-1.,0.,0.));
#2109=DIRECTION('',(-1.,0.,0.));
#2110=DIRECTION('',(0.,0.,1.));
#2111=DIRECTION('center_axis',(0.,0.,1.));
#2112=DIRECTION('ref_axis',(1.,2.22044604925031E-15,0.));
#2113=DIRECTION('center_axis',(0.,0.,1.));
#2114=DIRECTION('ref_axis',(1.,2.22044604925031E-15,0.));
#2115=DIRECTION('',(0.,0.,1.));
#2116=DIRECTION('center_axis',(1.,0.,0.));
#2117=DIRECTION('ref_axis',(0.,1.,0.));
#2118=DIRECTION('',(0.,1.,0.));
#2119=DIRECTION('',(0.,0.,1.));
#2120=DIRECTION('center_axis',(0.,0.,1.));
#2121=DIRECTION('ref_axis',(0.,-1.,0.));
#2122=DIRECTION('center_axis',(0.,0.,1.));
#2123=DIRECTION('ref_axis',(0.,-1.,0.));
#2124=DIRECTION('center_axis',(0.,0.,1.));
#2125=DIRECTION('ref_axis',(1.,0.,0.));
#2126=CARTESIAN_POINT('',(0.,0.,0.));
#2127=CARTESIAN_POINT('Origin',(19.5,-1.99999959766865,-30.));
#2128=CARTESIAN_POINT('',(19.5,-1.99999959766865,-30.));
#2129=CARTESIAN_POINT('',(19.5,-2.49999959766865,-29.1339745962156));
#2130=CARTESIAN_POINT('',(19.5,-4.22756310712975,-26.1417468245269));
#2131=CARTESIAN_POINT('',(20.,-1.99999959766865,-30.));
#2132=CARTESIAN_POINT('',(19.625,-1.99999959766865,-30.));
#2133=CARTESIAN_POINT('',(20.,-2.49999959766865,-29.1339745962156));
#2134=CARTESIAN_POINT('',(20.,-3.60256310712975,-27.2242785792575));
#2135=CARTESIAN_POINT('',(19.75,-2.49999959766865,-29.1339745962156));
#2136=CARTESIAN_POINT('Origin',(19.5,2.50000040233135,-29.1339744074831));
#2137=CARTESIAN_POINT('',(19.5,2.50000040233135,-29.1339744074831));
#2138=CARTESIAN_POINT('',(19.5,2.00000029336661,-30.));
#2139=CARTESIAN_POINT('',(19.5,3.85256387093067,-26.7912657594075));
#2140=CARTESIAN_POINT('',(20.,2.50000040233135,-29.1339744074831));
#2141=CARTESIAN_POINT('',(19.5,2.50000040233135,-29.1339744074831));
#2142=CARTESIAN_POINT('',(20.,2.00000029336661,-30.));
#2143=CARTESIAN_POINT('',(20.,4.47756387093067,-25.7087340046769));
#2144=CARTESIAN_POINT('',(19.625,2.00000029336661,-30.));
#2145=CARTESIAN_POINT('Origin',(19.75,4.0233135045753E-7,-30.));
#2146=CARTESIAN_POINT('',(19.5,2.50000040233135,-30.));
#2147=CARTESIAN_POINT('',(20.,-2.49999959766865,-30.));
#2148=CARTESIAN_POINT('Origin',(20.,2.50000040233135,-20.));
#2149=CARTESIAN_POINT('',(20.,2.50000040233135,-20.));
#2150=CARTESIAN_POINT('',(20.,2.50000040233135,-20.));
#2151=CARTESIAN_POINT('',(20.,-2.49999959766865,-20.));
#2152=CARTESIAN_POINT('',(20.,1.25000030174851,-20.));
#2153=CARTESIAN_POINT('',(20.,-2.49999959766865,-20.));
#2154=CARTESIAN_POINT('Origin',(-3.36396103067893,-4.5,-29.1339745962156));
#2155=CARTESIAN_POINT('',(-2.86396103067893,-5.,-30.));
#2156=CARTESIAN_POINT('',(-2.86396103067893,-4.5,-29.1339745962156));
#2157=CARTESIAN_POINT('',(-2.86396103067893,-2.52243649053891,-25.7087341226347));
#2158=CARTESIAN_POINT('',(-3.36396103067893,-5.,-30.));
#2159=CARTESIAN_POINT('',(-3.23896103067893,-4.99999999999999,-30.));
#2160=CARTESIAN_POINT('',(-3.36396103067893,-4.5,-29.1339745962156));
#2161=CARTESIAN_POINT('',(-3.36396103067893,-3.1474364905389,-26.7912658773653));
#2162=CARTESIAN_POINT('',(-3.36396103067893,-4.5,-29.1339745962156));
#2163=CARTESIAN_POINT('Origin',(-3.36396103067893,-4.5,-29.1339745962156));
#2164=CARTESIAN_POINT('',(8.63603896932107,-4.5,-29.1339745962156));
#2165=CARTESIAN_POINT('',(8.63603896932107,-5.,-30.));
#2166=CARTESIAN_POINT('',(8.63603896932107,-3.1474364905389,-26.7912658773653));
#2167=CARTESIAN_POINT('',(9.13603896932107,-4.5,-29.1339745962156));
#2168=CARTESIAN_POINT('',(2.63603896932107,-4.5,-29.1339745962156));
#2169=CARTESIAN_POINT('',(9.13603896932107,-5.,-30.));
#2170=CARTESIAN_POINT('',(9.13603896932107,-2.52243649053891,-25.7087341226347));
#2171=CARTESIAN_POINT('',(2.76103896932107,-4.99999999999999,-30.));
#2172=CARTESIAN_POINT('Origin',(-3.36396103067893,-9.00000000000001,-30.));
#2173=CARTESIAN_POINT('',(-2.86396103067893,-9.5,-29.1339745962156));
#2174=CARTESIAN_POINT('',(-2.86396103067893,-9.00000000000001,-30.));
#2175=CARTESIAN_POINT('',(-2.86396103067893,-10.6025635094611,-27.2242785792575));
#2176=CARTESIAN_POINT('',(-3.36396103067893,-9.5,-29.1339745962156));
#2177=CARTESIAN_POINT('',(-3.11396103067893,-9.5,-29.1339745962156));
#2178=CARTESIAN_POINT('',(-3.36396103067893,-9.00000000000001,-30.));
#2179=CARTESIAN_POINT('',(-3.36396103067893,-11.2275635094611,-26.1417468245269));
#2180=CARTESIAN_POINT('',(-3.23896103067893,-9.,-30.));
#2181=CARTESIAN_POINT('Origin',(-3.36396103067893,-9.00000000000001,-30.));
#2182=CARTESIAN_POINT('',(9.13603896932107,-9.5,-29.1339745962156));
#2183=CARTESIAN_POINT('',(9.13603896932107,-9.00000000000001,-30.));
#2184=CARTESIAN_POINT('',(9.13603896932106,-10.6025635094611,-27.2242785792575));
#2185=CARTESIAN_POINT('',(8.63603896932107,-9.5,-29.1339745962156));
#2186=CARTESIAN_POINT('',(2.88603896932107,-9.5,-29.1339745962156));
#2187=CARTESIAN_POINT('',(8.63603896932107,-9.00000000000001,-30.));
#2188=CARTESIAN_POINT('',(8.63603896932107,-11.2275635094611,-26.1417468245269));
#2189=CARTESIAN_POINT('',(2.76103896932107,-9.,-30.));
#2190=CARTESIAN_POINT('Origin',(9.13603896932107,-4.5,-20.));
#2191=CARTESIAN_POINT('',(9.13603896932107,-4.5,-20.));
#2192=CARTESIAN_POINT('',(9.13603896932107,-4.5,-20.));
#2193=CARTESIAN_POINT('',(9.13603896932107,-9.5,-20.));
#2194=CARTESIAN_POINT('',(9.13603896932107,-2.24999989941716,-20.));
#2195=CARTESIAN_POINT('',(9.13603896932107,-9.5,-20.));
#2196=CARTESIAN_POINT('',(9.13603896932107,-9.5,-30.));
#2197=CARTESIAN_POINT('Origin',(8.88603896932107,-7.,-30.));
#2198=CARTESIAN_POINT('',(8.63603896932107,-4.5,-30.));
#2199=CARTESIAN_POINT('Origin',(-2.86396103067893,-4.5,-20.));
#2200=CARTESIAN_POINT('',(-2.86396103067893,-4.5,-20.));
#2201=CARTESIAN_POINT('',(-2.86396103067893,-4.5,-20.));
#2202=CARTESIAN_POINT('',(-2.86396103067893,-9.5,-20.));
#2203=CARTESIAN_POINT('',(-2.86396103067893,-2.24999989941716,-20.));
#2204=CARTESIAN_POINT('',(-2.86396103067893,-9.5,-20.));
#2205=CARTESIAN_POINT('',(-2.86396103067893,-9.5,-30.));
#2206=CARTESIAN_POINT('Origin',(-3.11396103067893,-7.,-30.));
#2207=CARTESIAN_POINT('',(-3.36396103067893,-4.5,-30.));
#2208=CARTESIAN_POINT('Origin',(19.5,-2.49999959766865,-20.));
#2209=CARTESIAN_POINT('',(19.5,-2.49999959766865,-20.));
#2210=CARTESIAN_POINT('',(19.5,-2.49999959766865,-20.));
#2211=CARTESIAN_POINT('',(19.5,2.50000040233135,-20.));
#2212=CARTESIAN_POINT('',(19.5,-1.24999969825149,-20.));
#2213=CARTESIAN_POINT('',(19.5,2.50000040233135,-20.));
#2214=CARTESIAN_POINT('Origin',(20.,-2.49999959766865,-20.));
#2215=CARTESIAN_POINT('',(10.,-2.49999959766865,-20.));
#2216=CARTESIAN_POINT('Origin',(19.5,2.50000040233135,-20.));
#2217=CARTESIAN_POINT('',(9.75,2.50000040233135,-20.));
#2218=CARTESIAN_POINT('Origin',(8.63603896932107,-9.5,-20.));
#2219=CARTESIAN_POINT('',(8.63603896932107,-9.5,-20.));
#2220=CARTESIAN_POINT('',(8.63603896932107,-9.5,-20.));
#2221=CARTESIAN_POINT('',(8.63603896932107,-4.5,-20.));
#2222=CARTESIAN_POINT('',(8.63603896932107,-4.74999989941716,-20.));
#2223=CARTESIAN_POINT('',(8.63603896932107,-4.5,-20.));
#2224=CARTESIAN_POINT('Origin',(9.13603896932107,-9.5,-20.));
#2225=CARTESIAN_POINT('',(4.56801948466053,-9.5,-20.));
#2226=CARTESIAN_POINT('Origin',(8.63603896932107,-4.5,-20.));
#2227=CARTESIAN_POINT('',(4.31801948466053,-4.5,-20.));
#2228=CARTESIAN_POINT('Origin',(-3.36396103067893,-9.5,-20.));
#2229=CARTESIAN_POINT('',(-3.36396103067893,-9.5,-20.));
#2230=CARTESIAN_POINT('',(-3.36396103067893,-9.5,-20.));
#2231=CARTESIAN_POINT('',(-3.36396103067893,-4.5,-20.));
#2232=CARTESIAN_POINT('',(-3.36396103067893,-4.74999989941716,-20.));
#2233=CARTESIAN_POINT('',(-3.36396103067893,-4.5,-20.));
#2234=CARTESIAN_POINT('Origin',(-2.86396103067893,-9.5,-20.));
#2235=CARTESIAN_POINT('',(-1.43198051533947,-9.5,-20.));
#2236=CARTESIAN_POINT('Origin',(-3.36396103067893,-4.5,-20.));
#2237=CARTESIAN_POINT('',(-1.68198051533947,-4.5,-20.));
#2238=CARTESIAN_POINT('Origin',(-22.5,11.5000004023313,-20.));
#2239=CARTESIAN_POINT('',(-22.5,11.5000004023313,-20.));
#2240=CARTESIAN_POINT('',(-22.5,-11.5,-20.));
#2241=CARTESIAN_POINT('',(-22.5,5.75000030174851,-20.));
#2242=CARTESIAN_POINT('',(-22.5,11.5000004023313,-2.));
#2243=CARTESIAN_POINT('',(-22.5,11.5000004023313,-20.));
#2244=CARTESIAN_POINT('',(-22.5,-11.5,-2.));
#2245=CARTESIAN_POINT('',(-22.5,11.5000004023313,-2.));
#2246=CARTESIAN_POINT('',(-22.5,-11.5,-20.));
#2247=CARTESIAN_POINT('Origin',(-21.5,11.5000004023313,-20.));
#2248=CARTESIAN_POINT('',(-21.5,12.5000004023313,-20.));
#2249=CARTESIAN_POINT('Origin',(-21.5,11.5000004023313,-20.));
#2250=CARTESIAN_POINT('',(-21.5,12.5000004023314,-2.));
#2251=CARTESIAN_POINT('',(-21.5,12.5000004023313,-20.));
#2252=CARTESIAN_POINT('Origin',(-21.5,11.5000004023313,-2.));
#2253=CARTESIAN_POINT('Origin',(-8.5,12.5000004023314,-20.));
#2254=CARTESIAN_POINT('',(-8.5,12.5000004023314,-20.));
#2255=CARTESIAN_POINT('',(-4.25,12.5000004023314,-20.));
#2256=CARTESIAN_POINT('',(-8.5,12.5000004023314,-2.));
#2257=CARTESIAN_POINT('',(-8.5,12.5000004023314,-20.));
#2258=CARTESIAN_POINT('',(-8.5,12.5000004023314,-2.));
#2259=CARTESIAN_POINT('Origin',(-8.5,11.5000004023313,-20.));
#2260=CARTESIAN_POINT('',(-7.5,11.5000004023313,-20.));
#2261=CARTESIAN_POINT('Origin',(-8.5,11.5000004023313,-20.));
#2262=CARTESIAN_POINT('',(-7.5,11.5000004023313,-2.));
#2263=CARTESIAN_POINT('',(-7.5,11.5000004023313,-20.));
#2264=CARTESIAN_POINT('Origin',(-8.5,11.5000004023313,-2.));
#2265=CARTESIAN_POINT('Origin',(-7.5,-11.5,-20.));
#2266=CARTESIAN_POINT('',(-7.5,-11.5,-20.));
#2267=CARTESIAN_POINT('',(-7.5,-5.74999989941716,-20.));
#2268=CARTESIAN_POINT('',(-7.5,-11.5,-2.));
#2269=CARTESIAN_POINT('',(-7.5,-11.5,-20.));
#2270=CARTESIAN_POINT('',(-7.5,-11.5,-2.));
#2271=CARTESIAN_POINT('Origin',(-8.5,-11.5,-20.));
#2272=CARTESIAN_POINT('',(-8.5,-12.5,-20.));
#2273=CARTESIAN_POINT('Origin',(-8.5,-11.5,-20.));
#2274=CARTESIAN_POINT('',(-8.5,-12.5,-2.));
#2275=CARTESIAN_POINT('',(-8.5,-12.5,-20.));
#2276=CARTESIAN_POINT('Origin',(-8.5,-11.5,-2.));
#2277=CARTESIAN_POINT('Origin',(-21.5,-12.5,-20.));
#2278=CARTESIAN_POINT('',(-21.5,-12.5,-20.));
#2279=CARTESIAN_POINT('',(-10.75,-12.5,-20.));
#2280=CARTESIAN_POINT('',(-21.5,-12.5,-2.));
#2281=CARTESIAN_POINT('',(-21.5,-12.5,-20.));
#2282=CARTESIAN_POINT('',(-21.5,-12.5,-2.));
#2283=CARTESIAN_POINT('Origin',(-21.5,-11.5,-20.));
#2284=CARTESIAN_POINT('Origin',(-21.5,-11.5,-20.));
#2285=CARTESIAN_POINT('Origin',(-21.5,-11.5,-2.));
#2286=CARTESIAN_POINT('Origin',(-15.,2.01165675228765E-7,-2.));
#2287=CARTESIAN_POINT('Origin',(-17.,-4.40584235863267,4.34831260351018));
#2288=CARTESIAN_POINT('',(-17.,-4.14171486206633,4.77285549363744));
#2289=CARTESIAN_POINT('',(-17.,-4.78213070598611,4.67756490744444));
#2290=CARTESIAN_POINT('Origin',(-17.,-4.40584235863267,4.34831260351018));
#2291=CARTESIAN_POINT('',(-7.,-4.78213070598611,4.67756490744444));
#2292=CARTESIAN_POINT('',(-17.,-4.78213070598611,4.67756490744444));
#2293=CARTESIAN_POINT('',(-7.,-4.14171486206633,4.77285549363744));
#2294=CARTESIAN_POINT('Origin',(-7.,-4.40584235863267,4.34831260351018));
#2295=CARTESIAN_POINT('',(-17.,-4.14171486206633,4.77285549363744));
#2296=CARTESIAN_POINT('Origin',(-7.,-7.99999999999999,1.));
#2297=CARTESIAN_POINT('',(-7.,-7.99999999999999,1.));
#2298=CARTESIAN_POINT('',(-7.,-7.99999999999999,1.));
#2299=CARTESIAN_POINT('',(-7.,9.06465996625054,1.));
#2300=CARTESIAN_POINT('',(-7.,-3.99999999999999,1.));
#2301=CARTESIAN_POINT('Origin',(-7.,9.06465996625054,26.));
#2302=CARTESIAN_POINT('Origin',(-17.,-7.99999999999999,1.));
#2303=CARTESIAN_POINT('',(-17.,-7.99999999999999,1.));
#2304=CARTESIAN_POINT('',(-17.,-7.24115044247787,1.86725663716814));
#2305=CARTESIAN_POINT('',(-8.5,-7.99999999999999,1.));
#2306=CARTESIAN_POINT('Origin',(-17.,-4.49999999999999,1.));
#2307=CARTESIAN_POINT('',(-17.,9.06465996625054,1.));
#2308=CARTESIAN_POINT('Origin',(-17.,9.06465996625054,26.));
#2309=CARTESIAN_POINT('',(-17.,-2.25,1.));
#2310=CARTESIAN_POINT('Origin',(-17.,9.06465996625054,26.));
#2311=CARTESIAN_POINT('',(-17.,9.06465996625054,1.));
#2312=CARTESIAN_POINT('Origin',(17.6360389693211,-12.5,1.));
#2313=CARTESIAN_POINT('',(17.6360389693211,-12.5,1.));
#2314=CARTESIAN_POINT('',(8.,-12.5,1.));
#2315=CARTESIAN_POINT('',(8.81801948466054,-12.5,1.));
#2316=CARTESIAN_POINT('',(17.6360389693211,-12.5,-17.));
#2317=CARTESIAN_POINT('',(17.6360389693211,-12.5,1.));
#2318=CARTESIAN_POINT('',(8.,-12.5,-17.));
#2319=CARTESIAN_POINT('',(17.6360389693211,-12.5,-17.));
#2320=CARTESIAN_POINT('',(8.,-12.5,1.));
#2321=CARTESIAN_POINT('Origin',(17.6360389693211,-11.5,1.));
#2322=CARTESIAN_POINT('',(18.3431457505076,-12.2071067811865,1.));
#2323=CARTESIAN_POINT('Origin',(17.6360389693211,-11.5,1.));
#2324=CARTESIAN_POINT('',(18.3431457505076,-12.2071067811865,-17.));
#2325=CARTESIAN_POINT('',(18.3431457505076,-12.2071067811865,1.));
#2326=CARTESIAN_POINT('Origin',(17.6360389693211,-11.5,-17.));
#2327=CARTESIAN_POINT('Origin',(22.7071067811865,-7.84314575050762,1.));
#2328=CARTESIAN_POINT('',(22.7071067811865,-7.84314575050762,1.));
#2329=CARTESIAN_POINT('',(18.9911165235168,-11.5591360081774,1.));
#2330=CARTESIAN_POINT('',(22.7071067811865,-7.84314575050762,-17.));
#2331=CARTESIAN_POINT('',(22.7071067811865,-7.84314575050762,1.));
#2332=CARTESIAN_POINT('',(18.3431457505076,-12.2071067811865,-17.));
#2333=CARTESIAN_POINT('Origin',(22.,-7.13603896932107,1.));
#2334=CARTESIAN_POINT('',(23.,-7.13603896932107,1.));
#2335=CARTESIAN_POINT('Origin',(22.,-7.13603896932107,1.));
#2336=CARTESIAN_POINT('',(23.,-7.13603896932107,-17.));
#2337=CARTESIAN_POINT('',(23.,-7.13603896932107,1.));
#2338=CARTESIAN_POINT('Origin',(22.,-7.13603896932107,-17.));
#2339=CARTESIAN_POINT('Origin',(23.,7.13603896932108,1.));
#2340=CARTESIAN_POINT('',(23.,7.13603896932108,1.));
#2341=CARTESIAN_POINT('',(23.,3.56801948466054,1.));
#2342=CARTESIAN_POINT('',(23.,7.13603896932108,-17.));
#2343=CARTESIAN_POINT('',(23.,7.13603896932108,1.));
#2344=CARTESIAN_POINT('',(23.,7.13603896932108,-17.));
#2345=CARTESIAN_POINT('Origin',(22.,7.13603896932108,1.));
#2346=CARTESIAN_POINT('',(22.7071067811866,7.84314575050763,1.));
#2347=CARTESIAN_POINT('Origin',(22.,7.13603896932108,1.));
#2348=CARTESIAN_POINT('',(22.7071067811866,7.84314575050763,-17.));
#2349=CARTESIAN_POINT('',(22.7071067811866,7.84314575050763,1.));
#2350=CARTESIAN_POINT('Origin',(22.,7.13603896932108,-17.));
#2351=CARTESIAN_POINT('Origin',(18.3431457505076,12.2071067811865,1.));
#2352=CARTESIAN_POINT('',(18.3431457505076,12.2071067811865,1.));
#2353=CARTESIAN_POINT('',(16.8091360081773,13.7411165235168,1.));
#2354=CARTESIAN_POINT('',(18.3431457505076,12.2071067811865,-17.));
#2355=CARTESIAN_POINT('',(18.3431457505076,12.2071067811865,1.));
#2356=CARTESIAN_POINT('',(22.7071067811865,7.84314575050763,-17.));
#2357=CARTESIAN_POINT('Origin',(17.6360389693211,11.5,1.));
#2358=CARTESIAN_POINT('',(17.6360389693211,12.5,1.));
#2359=CARTESIAN_POINT('Origin',(17.6360389693211,11.5,1.));
#2360=CARTESIAN_POINT('',(17.6360389693211,12.5,-17.));
#2361=CARTESIAN_POINT('',(17.6360389693211,12.5,1.));
#2362=CARTESIAN_POINT('Origin',(17.6360389693211,11.5,-17.));
#2363=CARTESIAN_POINT('Origin',(8.,12.5,1.));
#2364=CARTESIAN_POINT('',(8.,12.5,1.));
#2365=CARTESIAN_POINT('',(4.,12.5,1.));
#2366=CARTESIAN_POINT('',(8.,12.5,-17.));
#2367=CARTESIAN_POINT('',(8.,12.5,1.));
#2368=CARTESIAN_POINT('',(8.,12.5,-17.));
#2369=CARTESIAN_POINT('Origin',(8.,10.5,1.));
#2370=CARTESIAN_POINT('',(6.,10.5,1.));
#2371=CARTESIAN_POINT('Origin',(8.,10.5,1.));
#2372=CARTESIAN_POINT('',(6.,10.5,-17.));
#2373=CARTESIAN_POINT('',(6.,10.5,1.));
#2374=CARTESIAN_POINT('Origin',(8.,10.5,-17.));
#2375=CARTESIAN_POINT('Origin',(6.,-10.5,1.));
#2376=CARTESIAN_POINT('',(6.,-10.5,1.));
#2377=CARTESIAN_POINT('',(6.,-5.25,1.));
#2378=CARTESIAN_POINT('',(6.,-10.5,-17.));
#2379=CARTESIAN_POINT('',(6.,-10.5,1.));
#2380=CARTESIAN_POINT('',(6.,-10.5,-17.));
#2381=CARTESIAN_POINT('Origin',(8.,-10.5,1.));
#2382=CARTESIAN_POINT('Origin',(8.,-10.5,1.));
#2383=CARTESIAN_POINT('Origin',(8.,-10.5,-17.));
#2384=CARTESIAN_POINT('Origin',(14.5,0.,-17.));
#2385=CARTESIAN_POINT('Origin',(23.5,-7.13603896932108,-20.));
#2386=CARTESIAN_POINT('',(23.5,-7.13603896932108,-20.));
#2387=CARTESIAN_POINT('',(17.1360389693211,-13.5,-20.));
#2388=CARTESIAN_POINT('',(19.4090097926217,-11.2270291766994,-20.));
#2389=CARTESIAN_POINT('',(23.5,-7.13603896932108,-2.));
#2390=CARTESIAN_POINT('',(23.5,-7.13603896932108,-11.));
#2391=CARTESIAN_POINT('',(17.1360389693211,-13.5,-2.));
#2392=CARTESIAN_POINT('',(17.1360389693211,-13.5,-2.));
#2393=CARTESIAN_POINT('',(17.1360389693211,-13.5,-11.));
#2394=CARTESIAN_POINT('Origin',(17.1360389693211,13.5000004023314,-20.));
#2395=CARTESIAN_POINT('',(17.1360389693211,13.5000004023314,-20.));
#2396=CARTESIAN_POINT('',(23.5,7.13603937165243,-20.));
#2397=CARTESIAN_POINT('',(16.2270292772822,14.4090100943702,-20.));
#2398=CARTESIAN_POINT('',(17.1360389693211,13.5000004023314,-2.));
#2399=CARTESIAN_POINT('',(17.1360389693211,13.5000004023314,-11.));
#2400=CARTESIAN_POINT('',(23.5,7.13603937165243,-2.));
#2401=CARTESIAN_POINT('',(23.5,7.13603937165243,-2.));
#2402=CARTESIAN_POINT('',(23.5,7.13603937165242,-11.));
#2403=CARTESIAN_POINT('Origin',(0.,2.01165675228765E-7,-20.));
#2404=CARTESIAN_POINT('',(-22.5,-13.5,-20.));
#2405=CARTESIAN_POINT('',(-22.5,-13.5,-20.));
#2406=CARTESIAN_POINT('',(-23.5,-12.5,-20.));
#2407=CARTESIAN_POINT('Origin',(-22.5,-12.5,-20.));
#2408=CARTESIAN_POINT('',(-23.5,12.5000004023314,-20.));
#2409=CARTESIAN_POINT('',(-23.5,12.5000004023314,-20.));
#2410=CARTESIAN_POINT('',(-22.5,13.5000004023314,-20.));
#2411=CARTESIAN_POINT('Origin',(-22.5,12.5000004023313,-20.));
#2412=CARTESIAN_POINT('',(22.5,13.5000004023314,-20.));
#2413=CARTESIAN_POINT('',(23.5,-12.5,-20.));
#2414=CARTESIAN_POINT('Origin',(23.5,12.5000004023314,-2.));
#2415=CARTESIAN_POINT('',(23.5,6.25000020116568,-2.));
#2416=CARTESIAN_POINT('Origin',(-22.5,13.5000004023314,-2.));
#2417=CARTESIAN_POINT('',(-22.5,13.5000004023314,-2.));
#2418=CARTESIAN_POINT('',(-22.5,13.5000004023314,-2.));
#2419=CARTESIAN_POINT('',(-11.25,13.5000004023314,-2.));
#2420=CARTESIAN_POINT('Origin',(-22.5,12.5000004023313,-2.));
#2421=CARTESIAN_POINT('',(-23.5,12.5000004023314,-2.));
#2422=CARTESIAN_POINT('Origin',(-22.5,12.5000004023313,-2.));
#2423=CARTESIAN_POINT('',(-23.5,12.5000004023314,-2.));
#2424=CARTESIAN_POINT('Origin',(-23.5,-12.5,-2.));
#2425=CARTESIAN_POINT('',(-23.5,-12.5,-2.));
#2426=CARTESIAN_POINT('',(-23.5,-6.25,-2.));
#2427=CARTESIAN_POINT('',(-23.5,-12.5,-2.));
#2428=CARTESIAN_POINT('Origin',(-22.5,-12.5,-2.));
#2429=CARTESIAN_POINT('',(-22.5,-13.5,-2.));
#2430=CARTESIAN_POINT('Origin',(-22.5,-12.5,-2.));
#2431=CARTESIAN_POINT('',(-22.5,-13.5,-2.));
#2432=CARTESIAN_POINT('Origin',(22.5,-13.5,-2.));
#2433=CARTESIAN_POINT('',(11.25,-13.5,-2.));
#2434=CARTESIAN_POINT('Origin',(4.44089209850063E-15,0.,0.));
#2435=CARTESIAN_POINT('',(29.,-11.422988843714,0.));
#2436=CARTESIAN_POINT('',(25.5487248875157,-16.1770872043698,0.));
#2437=CARTESIAN_POINT('Origin',(24.,-11.422988843714,0.));
#2438=CARTESIAN_POINT('',(29.,11.422988843714,0.));
#2439=CARTESIAN_POINT('',(29.,-11.422988843714,0.));
#2440=CARTESIAN_POINT('',(25.5487248875157,16.1770872043698,0.));
#2441=CARTESIAN_POINT('Origin',(24.,11.422988843714,0.));
#2442=CARTESIAN_POINT('',(1.54872488751567,23.9954776710006,0.));
#2443=CARTESIAN_POINT('',(1.54872488751567,23.9954776710006,0.));
#2444=CARTESIAN_POINT('',(-1.54872488751566,23.9954776710006,0.));
#2445=CARTESIAN_POINT('Origin',(3.88578058618805E-15,19.2413793103449,0.));
#2446=CARTESIAN_POINT('',(-25.5487248875157,16.1770872043698,0.));
#2447=CARTESIAN_POINT('',(-1.54872488751566,23.9954776710006,0.));
#2448=CARTESIAN_POINT('',(-29.,11.422988843714,0.));
#2449=CARTESIAN_POINT('Origin',(-24.,11.422988843714,0.));
#2450=CARTESIAN_POINT('',(-29.,-11.422988843714,0.));
#2451=CARTESIAN_POINT('',(-29.,11.422988843714,0.));
#2452=CARTESIAN_POINT('',(-25.5487248875157,-16.1770872043698,0.));
#2453=CARTESIAN_POINT('Origin',(-24.,-11.422988843714,0.));
#2454=CARTESIAN_POINT('',(-1.54872488751566,-23.9954776710006,0.));
#2455=CARTESIAN_POINT('',(-1.54872488751566,-23.9954776710006,0.));
#2456=CARTESIAN_POINT('',(1.54872488751567,-23.9954776710006,0.));
#2457=CARTESIAN_POINT('Origin',(4.30211422042248E-15,-19.2413793103449,
0.));
#2458=CARTESIAN_POINT('',(1.54872488751567,-23.9954776710006,0.));
#2459=CARTESIAN_POINT('',(-2.25,20.,0.));
#2460=CARTESIAN_POINT('Origin',(-4.33790250700584E-19,20.,0.));
#2461=CARTESIAN_POINT('',(-2.25,-20.,0.));
#2462=CARTESIAN_POINT('Origin',(1.35330233869316E-20,-20.,0.));
#2463=CARTESIAN_POINT('',(25.,-14.,0.));
#2464=CARTESIAN_POINT('',(-25.,-14.,0.));
#2465=CARTESIAN_POINT('',(25.,-14.,0.));
#2466=CARTESIAN_POINT('',(-27.,-12.,0.));
#2467=CARTESIAN_POINT('Origin',(-25.,-12.,0.));
#2468=CARTESIAN_POINT('',(-27.,12.,0.));
#2469=CARTESIAN_POINT('',(-27.,-12.,0.));
#2470=CARTESIAN_POINT('',(-25.,14.,0.));
#2471=CARTESIAN_POINT('Origin',(-25.,12.,0.));
#2472=CARTESIAN_POINT('',(25.,14.,0.));
#2473=CARTESIAN_POINT('',(-25.,14.,0.));
#2474=CARTESIAN_POINT('',(27.,12.,0.));
#2475=CARTESIAN_POINT('Origin',(25.,12.,0.));
#2476=CARTESIAN_POINT('',(27.,-12.,0.));
#2477=CARTESIAN_POINT('',(27.,12.,0.));
#2478=CARTESIAN_POINT('Origin',(25.,-12.,0.));
#2479=CARTESIAN_POINT('Origin',(-4.33790250700584E-19,20.,0.));
#2480=CARTESIAN_POINT('',(-2.25,20.,-2.));
#2481=CARTESIAN_POINT('Origin',(-4.33790250700584E-19,20.,-2.));
#2482=CARTESIAN_POINT('',(-2.25,20.,0.));
#2483=CARTESIAN_POINT('Origin',(1.35330233869316E-20,-20.,0.));
#2484=CARTESIAN_POINT('',(-2.25,-20.,-2.));
#2485=CARTESIAN_POINT('Origin',(1.35330233869316E-20,-20.,-2.));
#2486=CARTESIAN_POINT('',(-2.25,-20.,0.));
#2487=CARTESIAN_POINT('Origin',(29.,11.422988843714,0.));
#2488=CARTESIAN_POINT('',(29.,-11.422988843714,-2.));
#2489=CARTESIAN_POINT('',(29.,-11.422988843714,0.));
#2490=CARTESIAN_POINT('',(29.,11.422988843714,-2.));
#2491=CARTESIAN_POINT('',(29.,-11.422988843714,-2.));
#2492=CARTESIAN_POINT('',(29.,11.422988843714,0.));
#2493=CARTESIAN_POINT('Origin',(24.,11.422988843714,0.));
#2494=CARTESIAN_POINT('',(25.5487248875157,16.1770872043698,-2.));
#2495=CARTESIAN_POINT('Origin',(24.,11.422988843714,-2.));
#2496=CARTESIAN_POINT('',(25.5487248875157,16.1770872043698,0.));
#2497=CARTESIAN_POINT('Origin',(1.54872488751567,23.9954776710006,0.));
#2498=CARTESIAN_POINT('',(1.54872488751567,23.9954776710006,-2.));
#2499=CARTESIAN_POINT('',(1.54872488751567,23.9954776710006,-2.));
#2500=CARTESIAN_POINT('',(1.54872488751567,23.9954776710006,0.));
#2501=CARTESIAN_POINT('Origin',(3.88578058618805E-15,19.2413793103449,0.));
#2502=CARTESIAN_POINT('',(-1.54872488751566,23.9954776710006,-2.));
#2503=CARTESIAN_POINT('Origin',(3.88578058618805E-15,19.2413793103449,-2.));
#2504=CARTESIAN_POINT('',(-1.54872488751566,23.9954776710006,0.));
#2505=CARTESIAN_POINT('Origin',(-25.5487248875157,16.1770872043698,0.));
#2506=CARTESIAN_POINT('',(-25.5487248875157,16.1770872043698,-2.));
#2507=CARTESIAN_POINT('',(-1.54872488751566,23.9954776710006,-2.));
#2508=CARTESIAN_POINT('',(-25.5487248875157,16.1770872043698,0.));
#2509=CARTESIAN_POINT('Origin',(-24.,11.422988843714,0.));
#2510=CARTESIAN_POINT('',(-29.,11.422988843714,-2.));
#2511=CARTESIAN_POINT('Origin',(-24.,11.422988843714,-2.));
#2512=CARTESIAN_POINT('',(-29.,11.422988843714,0.));
#2513=CARTESIAN_POINT('Origin',(-29.,-11.422988843714,0.));
#2514=CARTESIAN_POINT('',(-29.,-11.422988843714,-2.));
#2515=CARTESIAN_POINT('',(-29.,11.422988843714,-2.));
#2516=CARTESIAN_POINT('',(-29.,-11.422988843714,0.));
#2517=CARTESIAN_POINT('Origin',(-24.,-11.422988843714,0.));
#2518=CARTESIAN_POINT('',(-25.5487248875157,-16.1770872043698,-2.));
#2519=CARTESIAN_POINT('Origin',(-24.,-11.422988843714,-2.));
#2520=CARTESIAN_POINT('',(-25.5487248875157,-16.1770872043698,0.));
#2521=CARTESIAN_POINT('Origin',(-1.54872488751566,-23.9954776710006,0.));
#2522=CARTESIAN_POINT('',(-1.54872488751566,-23.9954776710006,-2.));
#2523=CARTESIAN_POINT('',(-1.54872488751566,-23.9954776710006,-2.));
#2524=CARTESIAN_POINT('',(-1.54872488751566,-23.9954776710006,0.));
#2525=CARTESIAN_POINT('Origin',(4.30211422042248E-15,-19.2413793103449,
0.));
#2526=CARTESIAN_POINT('',(1.54872488751567,-23.9954776710006,-2.));
#2527=CARTESIAN_POINT('Origin',(4.30211422042248E-15,-19.2413793103449,
-2.));
#2528=CARTESIAN_POINT('',(1.54872488751567,-23.9954776710006,0.));
#2529=CARTESIAN_POINT('Origin',(25.5487248875157,-16.1770872043698,0.));
#2530=CARTESIAN_POINT('',(25.5487248875157,-16.1770872043698,-2.));
#2531=CARTESIAN_POINT('',(1.54872488751567,-23.9954776710006,-2.));
#2532=CARTESIAN_POINT('',(25.5487248875157,-16.1770872043698,0.));
#2533=CARTESIAN_POINT('Origin',(24.,-11.422988843714,0.));
#2534=CARTESIAN_POINT('Origin',(24.,-11.422988843714,-2.));
#2535=CARTESIAN_POINT('Origin',(4.44089209850063E-15,0.,-2.));
#2536=CARTESIAN_POINT('Origin',(-25.,-14.,0.));
#2537=CARTESIAN_POINT('',(25.,-14.,1.));
#2538=CARTESIAN_POINT('',(25.,-14.,0.));
#2539=CARTESIAN_POINT('',(-25.,-14.,1.));
#2540=CARTESIAN_POINT('',(25.,-14.,1.));
#2541=CARTESIAN_POINT('',(-25.,-14.,0.));
#2542=CARTESIAN_POINT('Origin',(-25.,-12.,0.));
#2543=CARTESIAN_POINT('',(-27.,-12.,1.));
#2544=CARTESIAN_POINT('Origin',(-25.,-12.,1.));
#2545=CARTESIAN_POINT('',(-27.,-12.,0.));
#2546=CARTESIAN_POINT('Origin',(-27.,12.,0.));
#2547=CARTESIAN_POINT('',(-27.,12.,1.));
#2548=CARTESIAN_POINT('',(-27.,-12.,1.));
#2549=CARTESIAN_POINT('',(-27.,12.,0.));
#2550=CARTESIAN_POINT('Origin',(-25.,12.,0.));
#2551=CARTESIAN_POINT('',(-25.,14.,1.));
#2552=CARTESIAN_POINT('Origin',(-25.,12.,1.));
#2553=CARTESIAN_POINT('',(-25.,14.,0.));
#2554=CARTESIAN_POINT('Origin',(25.,14.,0.));
#2555=CARTESIAN_POINT('',(25.,14.,1.));
#2556=CARTESIAN_POINT('',(-25.,14.,1.));
#2557=CARTESIAN_POINT('',(25.,14.,0.));
#2558=CARTESIAN_POINT('Origin',(25.,12.,0.));
#2559=CARTESIAN_POINT('',(27.,12.,1.));
#2560=CARTESIAN_POINT('Origin',(25.,12.,1.));
#2561=CARTESIAN_POINT('',(27.,12.,0.));
#2562=CARTESIAN_POINT('Origin',(27.,-12.,0.));
#2563=CARTESIAN_POINT('',(27.,-12.,1.));
#2564=CARTESIAN_POINT('',(27.,12.,1.));
#2565=CARTESIAN_POINT('',(27.,-12.,0.));
#2566=CARTESIAN_POINT('Origin',(25.,-12.,0.));
#2567=CARTESIAN_POINT('Origin',(25.,-12.,1.));
#2568=CARTESIAN_POINT('Origin',(0.,2.22044604925031E-15,1.));
#2569=UNCERTAINTY_MEASURE_WITH_UNIT(LENGTH_MEASURE(0.01),#2573,
'DISTANCE_ACCURACY_VALUE',
'Maximum model space distance between geometric entities at asserted c
onnectivities');
#2570=UNCERTAINTY_MEASURE_WITH_UNIT(LENGTH_MEASURE(0.01),#2573,
'DISTANCE_ACCURACY_VALUE',
'Maximum model space distance between geometric entities at asserted c
onnectivities');
#2571=(
GEOMETRIC_REPRESENTATION_CONTEXT(3)
GLOBAL_UNCERTAINTY_ASSIGNED_CONTEXT((#2569))
GLOBAL_UNIT_ASSIGNED_CONTEXT((#2573,#2575,#2576))
REPRESENTATION_CONTEXT('','3D')
);
#2572=(
GEOMETRIC_REPRESENTATION_CONTEXT(3)
GLOBAL_UNCERTAINTY_ASSIGNED_CONTEXT((#2570))
GLOBAL_UNIT_ASSIGNED_CONTEXT((#2573,#2575,#2576))
REPRESENTATION_CONTEXT('','3D')
);
#2573=(
LENGTH_UNIT()
NAMED_UNIT(*)
SI_UNIT(.MILLI.,.METRE.)
);
#2574=(
LENGTH_UNIT()
NAMED_UNIT(*)
SI_UNIT($,.METRE.)
);
#2575=(
NAMED_UNIT(*)
PLANE_ANGLE_UNIT()
SI_UNIT($,.RADIAN.)
);
#2576=(
NAMED_UNIT(*)
SI_UNIT($,.STERADIAN.)
SOLID_ANGLE_UNIT()
);
#2577=SHAPE_DEFINITION_REPRESENTATION(#2578,#2579);
#2578=PRODUCT_DEFINITION_SHAPE('',$,#2581);
#2579=SHAPE_REPRESENTATION('',(#1557),#2571);
#2580=PRODUCT_DEFINITION_CONTEXT('part definition',#2585,'design');
#2581=PRODUCT_DEFINITION('IEC Inlet','IEC Inlet v13',#2582,#2580);
#2582=PRODUCT_DEFINITION_FORMATION('',$,#2587);
#2583=PRODUCT_RELATED_PRODUCT_CATEGORY('IEC Inlet v13','IEC Inlet v13',
(#2587));
#2584=APPLICATION_PROTOCOL_DEFINITION('international standard',
'automotive_design',2009,#2585);
#2585=APPLICATION_CONTEXT(
'Core Data for Automotive Mechanical Design Process');
#2586=PRODUCT_CONTEXT('part definition',#2585,'mechanical');
#2587=PRODUCT('IEC Inlet','IEC Inlet v13',$,(#2586));
#2588=PRESENTATION_STYLE_ASSIGNMENT((#2591));
#2589=PRESENTATION_STYLE_ASSIGNMENT((#2592));
#2590=PRESENTATION_STYLE_ASSIGNMENT((#2593));
#2591=SURFACE_STYLE_USAGE(.BOTH.,#2594);
#2592=SURFACE_STYLE_USAGE(.BOTH.,#2595);
#2593=SURFACE_STYLE_USAGE(.BOTH.,#2596);
#2594=SURFACE_SIDE_STYLE('',(#2597));
#2595=SURFACE_SIDE_STYLE('',(#2598));
#2596=SURFACE_SIDE_STYLE('',(#2599));
#2597=SURFACE_STYLE_FILL_AREA(#2600);
#2598=SURFACE_STYLE_FILL_AREA(#2601);
#2599=SURFACE_STYLE_FILL_AREA(#2602);
#2600=FILL_AREA_STYLE('Steel - Satin',(#2603));
#2601=FILL_AREA_STYLE('ABS (White)',(#2604));
#2602=FILL_AREA_STYLE('Powder Coat (Black)',(#2605));
#2603=FILL_AREA_STYLE_COLOUR('Steel - Satin',#2606);
#2604=FILL_AREA_STYLE_COLOUR('ABS (White)',#2607);
#2605=FILL_AREA_STYLE_COLOUR('Powder Coat (Black)',#2608);
#2606=COLOUR_RGB('Steel - Satin',0.627450980392157,0.627450980392157,0.627450980392157);
#2607=COLOUR_RGB('ABS (White)',0.0980392156862745,0.0980392156862745,0.0980392156862745);
#2608=COLOUR_RGB('Powder Coat (Black)',0.686274509803922,0.109803921568627,
0.109803921568627);
ENDSEC;
END-ISO-10303-21;
