ISO-10303-21;
HEADER;
/* Generated by software containing ST-Developer
 * from STEP Tools, Inc. (www.steptools.com) 
 */

FILE_DESCRIPTION(
/* description */ ('STEP AP203'),
/* implementation_level */ '2;1');

FILE_NAME(
/* name */ '[M5 x 20mm] Socket Head Cap Screw.step',
/* time_stamp */ '2026-03-25T02:16:06-04:00',
/* author */ (''),
/* organization */ (''),
/* preprocessor_version */ 'ST-DEVELOPER v20.1',
/* originating_system */ 'Autodesk Translation Framework v14.24.0.0',
/* authorisation */ '');

FILE_SCHEMA (('AUTOMOTIVE_DESIGN { 1 0 10303 214 3 1 1 }'));
ENDSEC;

DATA;
#10=MECHANICAL_DESIGN_GEOMETRIC_PRESENTATION_REPRESENTATION('',(#13),#6246);
#11=SHAPE_REPRESENTATION_RELATIONSHIP('SRR','None',#6253,#12);
#12=ADVANCED_BREP_SHAPE_REPRESENTATION('',(#14),#6245);
#13=STYLED_ITEM('',(#6262),#14);
#14=MANIFOLD_SOLID_BREP('Body1',#1255);
#15=(
BOUNDED_SURFACE()
B_SPLINE_SURFACE(1,2,((#4574,#4575,#4576,#4577,#4578,#4579,#4580,#4581,
#4582,#4583,#4584,#4585,#4586,#4587,#4588,#4589,#4590,#4591,#4592,#4593,
#4594,#4595,#4596,#4597,#4598,#4599,#4600,#4601,#4602,#4603,#4604,#4605,
#4606,#4607,#4608,#4609,#4610,#4611,#4612,#4613,#4614,#4615,#4616,#4617,
#4618,#4619,#4620,#4621,#4622,#4623,#4624,#4625,#4626,#4627,#4628,#4629,
#4630,#4631,#4632,#4633,#4634,#4635,#4636,#4637,#4638,#4639,#4640,#4641,
#4642,#4643,#4644,#4645,#4646,#4647,#4648,#4649,#4650,#4651,#4652,#4653,
#4654,#4655,#4656,#4657,#4658,#4659,#4660,#4661,#4662,#4663,#4664,#4665,
#4666,#4667,#4668,#4669,#4670,#4671,#4672,#4673,#4674,#4675,#4676,#4677,
#4678,#4679,#4680,#4681,#4682,#4683,#4684,#4685,#4686,#4687,#4688,#4689,
#4690,#4691,#4692,#4693,#4694,#4695,#4696,#4697,#4698,#4699,#4700,#4701,
#4702,#4703,#4704,#4705,#4706,#4707,#4708,#4709,#4710,#4711,#4712,#4713,
#4714,#4715,#4716,#4717,#4718,#4719,#4720,#4721,#4722,#4723,#4724,#4725,
#4726,#4727,#4728,#4729,#4730,#4731,#4732,#4733,#4734,#4735,#4736,#4737,
#4738,#4739,#4740,#4741,#4742,#4743,#4744,#4745,#4746,#4747,#4748,#4749,
#4750,#4751,#4752,#4753,#4754,#4755,#4756,#4757,#4758,#4759,#4760,#4761,
#4762,#4763,#4764,#4765,#4766,#4767,#4768,#4769,#4770,#4771,#4772,#4773,
#4774,#4775,#4776,#4777,#4778,#4779,#4780,#4781,#4782,#4783,#4784,#4785,
#4786,#4787,#4788,#4789,#4790,#4791,#4792,#4793,#4794,#4795,#4796,#4797,
#4798,#4799,#4800,#4801,#4802,#4803,#4804,#4805,#4806,#4807,#4808,#4809,
#4810,#4811,#4812,#4813,#4814,#4815,#4816,#4817,#4818,#4819,#4820,#4821,
#4822,#4823,#4824,#4825,#4826,#4827,#4828,#4829,#4830,#4831,#4832,#4833,
#4834,#4835,#4836,#4837,#4838,#4839,#4840,#4841,#4842,#4843,#4844,#4845,
#4846,#4847,#4848,#4849,#4850,#4851,#4852,#4853,#4854,#4855,#4856,#4857,
#4858,#4859,#4860,#4861,#4862,#4863,#4864,#4865,#4866,#4867,#4868,#4869,
#4870,#4871,#4872,#4873,#4874,#4875,#4876,#4877,#4878,#4879,#4880,#4881,
#4882,#4883,#4884,#4885,#4886,#4887,#4888,#4889,#4890,#4891,#4892,#4893,
#4894,#4895,#4896,#4897,#4898,#4899,#4900,#4901,#4902,#4903,#4904,#4905,
#4906,#4907,#4908,#4909,#4910,#4911,#4912,#4913,#4914,#4915,#4916,#4917,
#4918,#4919,#4920,#4921,#4922,#4923,#4924,#4925,#4926,#4927,#4928,#4929,
#4930,#4931,#4932,#4933,#4934,#4935,#4936,#4937,#4938,#4939,#4940,#4941,
#4942,#4943,#4944,#4945,#4946,#4947,#4948,#4949,#4950,#4951,#4952,#4953,
#4954,#4955,#4956,#4957,#4958,#4959,#4960,#4961,#4962,#4963,#4964,#4965,
#4966,#4967,#4968,#4969,#4970,#4971,#4972,#4973,#4974,#4975,#4976,#4977,
#4978,#4979,#4980,#4981,#4982,#4983,#4984,#4985,#4986,#4987,#4988,#4989,
#4990),(#4991,#4992,#4993,#4994,#4995,#4996,#4997,#4998,#4999,#5000,#5001,
#5002,#5003,#5004,#5005,#5006,#5007,#5008,#5009,#5010,#5011,#5012,#5013,
#5014,#5015,#5016,#5017,#5018,#5019,#5020,#5021,#5022,#5023,#5024,#5025,
#5026,#5027,#5028,#5029,#5030,#5031,#5032,#5033,#5034,#5035,#5036,#5037,
#5038,#5039,#5040,#5041,#5042,#5043,#5044,#5045,#5046,#5047,#5048,#5049,
#5050,#5051,#5052,#5053,#5054,#5055,#5056,#5057,#5058,#5059,#5060,#5061,
#5062,#5063,#5064,#5065,#5066,#5067,#5068,#5069,#5070,#5071,#5072,#5073,
#5074,#5075,#5076,#5077,#5078,#5079,#5080,#5081,#5082,#5083,#5084,#5085,
#5086,#5087,#5088,#5089,#5090,#5091,#5092,#5093,#5094,#5095,#5096,#5097,
#5098,#5099,#5100,#5101,#5102,#5103,#5104,#5105,#5106,#5107,#5108,#5109,
#5110,#5111,#5112,#5113,#5114,#5115,#5116,#5117,#5118,#5119,#5120,#5121,
#5122,#5123,#5124,#5125,#5126,#5127,#5128,#5129,#5130,#5131,#5132,#5133,
#5134,#5135,#5136,#5137,#5138,#5139,#5140,#5141,#5142,#5143,#5144,#5145,
#5146,#5147,#5148,#5149,#5150,#5151,#5152,#5153,#5154,#5155,#5156,#5157,
#5158,#5159,#5160,#5161,#5162,#5163,#5164,#5165,#5166,#5167,#5168,#5169,
#5170,#5171,#5172,#5173,#5174,#5175,#5176,#5177,#5178,#5179,#5180,#5181,
#5182,#5183,#5184,#5185,#5186,#5187,#5188,#5189,#5190,#5191,#5192,#5193,
#5194,#5195,#5196,#5197,#5198,#5199,#5200,#5201,#5202,#5203,#5204,#5205,
#5206,#5207,#5208,#5209,#5210,#5211,#5212,#5213,#5214,#5215,#5216,#5217,
#5218,#5219,#5220,#5221,#5222,#5223,#5224,#5225,#5226,#5227,#5228,#5229,
#5230,#5231,#5232,#5233,#5234,#5235,#5236,#5237,#5238,#5239,#5240,#5241,
#5242,#5243,#5244,#5245,#5246,#5247,#5248,#5249,#5250,#5251,#5252,#5253,
#5254,#5255,#5256,#5257,#5258,#5259,#5260,#5261,#5262,#5263,#5264,#5265,
#5266,#5267,#5268,#5269,#5270,#5271,#5272,#5273,#5274,#5275,#5276,#5277,
#5278,#5279,#5280,#5281,#5282,#5283,#5284,#5285,#5286,#5287,#5288,#5289,
#5290,#5291,#5292,#5293,#5294,#5295,#5296,#5297,#5298,#5299,#5300,#5301,
#5302,#5303,#5304,#5305,#5306,#5307,#5308,#5309,#5310,#5311,#5312,#5313,
#5314,#5315,#5316,#5317,#5318,#5319,#5320,#5321,#5322,#5323,#5324,#5325,
#5326,#5327,#5328,#5329,#5330,#5331,#5332,#5333,#5334,#5335,#5336,#5337,
#5338,#5339,#5340,#5341,#5342,#5343,#5344,#5345,#5346,#5347,#5348,#5349,
#5350,#5351,#5352,#5353,#5354,#5355,#5356,#5357,#5358,#5359,#5360,#5361,
#5362,#5363,#5364,#5365,#5366,#5367,#5368,#5369,#5370,#5371,#5372,#5373,
#5374,#5375,#5376,#5377,#5378,#5379,#5380,#5381,#5382,#5383,#5384,#5385,
#5386,#5387,#5388,#5389,#5390,#5391,#5392,#5393,#5394,#5395,#5396,#5397,
#5398,#5399,#5400,#5401,#5402,#5403,#5404,#5405,#5406,#5407)),
 .UNSPECIFIED.,.F.,.F.,.F.)
B_SPLINE_SURFACE_WITH_KNOTS((2,2),(3,2,2,2,2,2,2,2,2,2,2,2,2,2,2,2,2,2,
2,2,2,2,2,2,2,2,2,2,2,2,2,2,2,2,2,2,2,2,2,2,2,2,2,2,2,2,2,2,2,2,2,2,2,2,
2,2,2,2,2,2,2,2,2,2,2,2,2,2,2,2,2,2,2,2,2,2,2,2,2,2,2,2,2,2,2,2,2,2,2,2,
2,2,2,2,2,2,2,2,2,2,2,2,2,2,2,2,2,2,2,2,2,2,2,2,2,2,2,2,2,2,2,2,2,2,2,2,
2,2,2,2,2,2,2,2,2,2,2,2,2,2,2,2,2,2,2,2,2,2,2,2,2,2,2,2,2,2,2,2,2,2,2,2,
2,2,2,2,2,2,2,2,2,2,2,2,2,2,2,2,2,2,2,2,2,2,2,2,2,2,2,2,2,2,2,2,2,2,2,2,
2,2,2,2,2,2,2,2,2,2,3),(-9.10565326229159E-6,1.),(0.,0.00480769230769231,
0.00961538461538462,0.0144230769230769,0.0192307692307692,0.0240384615384615,
0.0288461538461538,0.0336538461538462,0.0384615384615385,0.0432692307692308,
0.0480769230769231,0.0528846153846154,0.0576923076923077,0.0625,0.0673076923076923,
0.0721153846153846,0.0769230769230769,0.0817307692307692,0.0865384615384615,
0.0913461538461538,0.0961538461538462,0.100961538461538,0.105769230769231,
0.110576923076923,0.115384615384615,0.120192307692308,0.125,0.129807692307692,
0.134615384615385,0.139423076923077,0.144230769230769,0.149038461538462,
0.153846153846154,0.158653846153846,0.163461538461538,0.168269230769231,
0.173076923076923,0.177884615384615,0.182692307692308,0.1875,0.192307692307692,
0.197115384615385,0.201923076923077,0.206730769230769,0.211538461538462,
0.216346153846154,0.221153846153846,0.225961538461538,0.230769230769231,
0.235576923076923,0.240384615384615,0.245192307692308,0.25,0.254807692307692,
0.259615384615385,0.264423076923077,0.269230769230769,0.274038461538462,
0.278846153846154,0.283653846153846,0.288461538461538,0.293269230769231,
0.298076923076923,0.302884615384615,0.307692307692308,0.3125,0.317307692307692,
0.322115384615385,0.326923076923077,0.331730769230769,0.336538461538462,
0.341346153846154,0.346153846153846,0.350961538461538,0.355769230769231,
0.360576923076923,0.365384615384615,0.370192307692308,0.375,0.379807692307692,
0.384615384615385,0.389423076923077,0.394230769230769,0.399038461538462,
0.403846153846154,0.408653846153846,0.413461538461538,0.418269230769231,
0.423076923076923,0.427884615384615,0.432692307692308,0.4375,0.442307692307692,
0.447115384615385,0.451923076923077,0.456730769230769,0.461538461538462,
0.466346153846154,0.471153846153846,0.475961538461538,0.480769230769231,
0.485576923076923,0.490384615384615,0.495192307692308,0.5,0.504807692307692,
0.509615384615385,0.514423076923077,0.519230769230769,0.524038461538462,
0.528846153846154,0.533653846153846,0.538461538461538,0.543269230769231,
0.548076923076923,0.552884615384615,0.557692307692308,0.5625,0.567307692307692,
0.572115384615385,0.576923076923077,0.581730769230769,0.586538461538462,
0.591346153846154,0.596153846153846,0.600961538461538,0.605769230769231,
0.610576923076923,0.615384615384615,0.620192307692308,0.625,0.629807692307692,
0.634615384615385,0.639423076923077,0.644230769230769,0.649038461538462,
0.653846153846154,0.658653846153846,0.663461538461538,0.668269230769231,
0.673076923076923,0.677884615384615,0.682692307692308,0.6875,0.692307692307692,
0.697115384615385,0.701923076923077,0.706730769230769,0.711538461538462,
0.716346153846154,0.721153846153846,0.725961538461538,0.730769230769231,
0.735576923076923,0.740384615384615,0.745192307692308,0.75,0.754807692307692,
0.759615384615385,0.764423076923077,0.769230769230769,0.774038461538462,
0.778846153846154,0.783653846153846,0.788461538461538,0.793269230769231,
0.798076923076923,0.802884615384615,0.807692307692308,0.8125,0.817307692307692,
0.822115384615385,0.826923076923077,0.831730769230769,0.836538461538462,
0.841346153846154,0.846153846153846,0.850961538461538,0.855769230769231,
0.860576923076923,0.865384615384615,0.870192307692308,0.875,0.879807692307692,
0.884615384615385,0.889423076923077,0.894230769230769,0.899038461538462,
0.903846153846154,0.908653846153846,0.913461538461538,0.918269230769231,
0.923076923076923,0.927884615384615,0.932692307692308,0.9375,0.942307692307692,
0.947115384615385,0.951923076923077,0.956730769230769,0.961538461538462,
0.966346153846154,0.971153846153846,0.975961538461538,0.980769230769231,
0.985576923076923,0.990384615384615,0.995192307692308,1.),.UNSPECIFIED.)
GEOMETRIC_REPRESENTATION_ITEM()
RATIONAL_B_SPLINE_SURFACE(((1.,0.923879532511287,1.,0.923879532511287,1.,
0.923879532511287,1.,0.923879532511287,1.,0.923879532511287,1.,0.923879532511287,
1.,0.923879532511287,1.,0.923879532511287,1.,0.923879532511287,1.,0.923879532511287,
1.,0.923879532511287,1.,0.923879532511287,1.,0.923879532511287,1.,0.923879532511287,
1.,0.923879532511287,1.,0.923879532511287,1.,0.923879532511287,1.,0.923879532511287,
1.,0.923879532511287,1.,0.923879532511287,1.,0.923879532511287,1.,0.923879532511287,
1.,0.923879532511287,1.,0.923879532511287,1.,0.923879532511287,1.,0.923879532511287,
1.,0.923879532511287,1.,0.923879532511287,1.,0.923879532511287,1.,0.923879532511287,
1.,0.923879532511287,1.,0.923879532511287,1.,0.923879532511287,1.,0.923879532511287,
1.,0.923879532511287,1.,0.923879532511287,1.,0.923879532511287,1.,0.923879532511287,
1.,0.923879532511287,1.,0.923879532511287,1.,0.923879532511287,1.,0.923879532511287,
1.,0.923879532511287,1.,0.923879532511287,1.,0.923879532511287,1.,0.923879532511287,
1.,0.923879532511287,1.,0.923879532511287,1.,0.923879532511287,1.,0.923879532511287,
1.,0.923879532511287,1.,0.923879532511287,1.,0.923879532511287,1.,0.923879532511287,
1.,0.923879532511287,1.,0.923879532511287,1.,0.923879532511287,1.,0.923879532511287,
1.,0.923879532511287,1.,0.923879532511287,1.,0.923879532511287,1.,0.923879532511287,
1.,0.923879532511287,1.,0.923879532511287,1.,0.923879532511287,1.,0.923879532511287,
1.,0.923879532511287,1.,0.923879532511287,1.,0.923879532511287,1.,0.923879532511287,
1.,0.923879532511287,1.,0.923879532511287,1.,0.923879532511287,1.,0.923879532511287,
1.,0.923879532511287,1.,0.923879532511287,1.,0.923879532511287,1.,0.923879532511287,
1.,0.923879532511287,1.,0.923879532511287,1.,0.923879532511287,1.,0.923879532511287,
1.,0.923879532511287,1.,0.923879532511287,1.,0.923879532511287,1.,0.923879532511287,
1.,0.923879532511287,1.,0.923879532511287,1.,0.923879532511287,1.,0.923879532511287,
1.,0.923879532511287,1.,0.923879532511287,1.,0.923879532511287,1.,0.923879532511287,
1.,0.923879532511287,1.,0.923879532511287,1.,0.923879532511287,1.,0.923879532511287,
1.,0.923879532511287,1.,0.923879532511287,1.,0.923879532511287,1.,0.923879532511287,
1.,0.923879532511287,1.,0.923879532511287,1.,0.923879532511287,1.,0.923879532511287,
1.,0.923879532511287,1.,0.923879532511287,1.,0.923879532511287,1.,0.923879532511287,
1.,0.923879532511287,1.,0.923879532511287,1.,0.923879532511287,1.,0.923879532511287,
1.,0.923879532511287,1.,0.923879532511287,1.,0.923879532511287,1.,0.923879532511287,
1.,0.923879532511287,1.,0.923879532511287,1.,0.923879532511287,1.,0.923879532511287,
1.,0.923879532511287,1.,0.923879532511287,1.,0.923879532511287,1.,0.923879532511287,
1.,0.923879532511287,1.,0.923879532511287,1.,0.923879532511287,1.,0.923879532511287,
1.,0.923879532511287,1.,0.923879532511287,1.,0.923879532511287,1.,0.923879532511287,
1.,0.923879532511287,1.,0.923879532511287,1.,0.923879532511287,1.,0.923879532511287,
1.,0.923879532511287,1.,0.923879532511287,1.,0.923879532511287,1.,0.923879532511287,
1.,0.923879532511287,1.,0.923879532511287,1.,0.923879532511287,1.,0.923879532511287,
1.,0.923879532511287,1.,0.923879532511287,1.,0.923879532511287,1.,0.923879532511287,
1.,0.923879532511287,1.,0.923879532511287,1.,0.923879532511287,1.,0.923879532511287,
1.,0.923879532511287,1.,0.923879532511287,1.,0.923879532511287,1.,0.923879532511287,
1.,0.923879532511287,1.,0.923879532511287,1.,0.923879532511287,1.,0.923879532511287,
1.,0.923879532511287,1.,0.923879532511287,1.,0.923879532511287,1.,0.923879532511287,
1.,0.923879532511287,1.,0.923879532511287,1.,0.923879532511287,1.,0.923879532511287,
1.,0.923879532511287,1.,0.923879532511287,1.,0.923879532511287,1.,0.923879532511287,
1.,0.923879532511287,1.,0.923879532511287,1.,0.923879532511287,1.,0.923879532511287,
1.,0.923879532511287,1.,0.923879532511287,1.,0.923879532511287,1.,0.923879532511287,
1.,0.923879532511287,1.,0.923879532511287,1.,0.923879532511287,1.,0.923879532511287,
1.,0.923879532511287,1.,0.923879532511287,1.,0.923879532511287,1.,0.923879532511287,
1.,0.923879532511287,1.,0.923879532511287,1.,0.923879532511287,1.,0.923879532511287,
1.,0.923879532511287,1.,0.923879532511287,1.,0.923879532511287,1.,0.923879532511287,
1.,0.923879532511287,1.,0.923879532511287,1.,0.923879532511287,1.,0.923879532511287,
1.,0.923879532511287,1.,0.923879532511287,1.,0.923879532511287,1.,0.923879532511287,
1.,0.923879532511287,1.,0.923879532511287,1.),(1.,0.923879532511287,1.,
0.923879532511287,1.,0.923879532511287,1.,0.923879532511287,1.,0.923879532511287,
1.,0.923879532511287,1.,0.923879532511287,1.,0.923879532511287,1.,0.923879532511287,
1.,0.923879532511287,1.,0.923879532511287,1.,0.923879532511287,1.,0.923879532511287,
1.,0.923879532511287,1.,0.923879532511287,1.,0.923879532511287,1.,0.923879532511287,
1.,0.923879532511287,1.,0.923879532511287,1.,0.923879532511287,1.,0.923879532511287,
1.,0.923879532511287,1.,0.923879532511287,1.,0.923879532511287,1.,0.923879532511287,
1.,0.923879532511287,1.,0.923879532511287,1.,0.923879532511287,1.,0.923879532511287,
1.,0.923879532511287,1.,0.923879532511287,1.,0.923879532511287,1.,0.923879532511287,
1.,0.923879532511287,1.,0.923879532511287,1.,0.923879532511287,1.,0.923879532511287,
1.,0.923879532511287,1.,0.923879532511287,1.,0.923879532511287,1.,0.923879532511287,
1.,0.923879532511287,1.,0.923879532511287,1.,0.923879532511287,1.,0.923879532511287,
1.,0.923879532511287,1.,0.923879532511287,1.,0.923879532511287,1.,0.923879532511287,
1.,0.923879532511287,1.,0.923879532511287,1.,0.923879532511287,1.,0.923879532511287,
1.,0.923879532511287,1.,0.923879532511287,1.,0.923879532511287,1.,0.923879532511287,
1.,0.923879532511287,1.,0.923879532511287,1.,0.923879532511287,1.,0.923879532511287,
1.,0.923879532511287,1.,0.923879532511287,1.,0.923879532511287,1.,0.923879532511287,
1.,0.923879532511287,1.,0.923879532511287,1.,0.923879532511287,1.,0.923879532511287,
1.,0.923879532511287,1.,0.923879532511287,1.,0.923879532511287,1.,0.923879532511287,
1.,0.923879532511287,1.,0.923879532511287,1.,0.923879532511287,1.,0.923879532511287,
1.,0.923879532511287,1.,0.923879532511287,1.,0.923879532511287,1.,0.923879532511287,
1.,0.923879532511287,1.,0.923879532511287,1.,0.923879532511287,1.,0.923879532511287,
1.,0.923879532511287,1.,0.923879532511287,1.,0.923879532511287,1.,0.923879532511287,
1.,0.923879532511287,1.,0.923879532511287,1.,0.923879532511287,1.,0.923879532511287,
1.,0.923879532511287,1.,0.923879532511287,1.,0.923879532511287,1.,0.923879532511287,
1.,0.923879532511287,1.,0.923879532511287,1.,0.923879532511287,1.,0.923879532511287,
1.,0.923879532511287,1.,0.923879532511287,1.,0.923879532511287,1.,0.923879532511287,
1.,0.923879532511287,1.,0.923879532511287,1.,0.923879532511287,1.,0.923879532511287,
1.,0.923879532511287,1.,0.923879532511287,1.,0.923879532511287,1.,0.923879532511287,
1.,0.923879532511287,1.,0.923879532511287,1.,0.923879532511287,1.,0.923879532511287,
1.,0.923879532511287,1.,0.923879532511287,1.,0.923879532511287,1.,0.923879532511287,
1.,0.923879532511287,1.,0.923879532511287,1.,0.923879532511287,1.,0.923879532511287,
1.,0.923879532511287,1.,0.923879532511287,1.,0.923879532511287,1.,0.923879532511287,
1.,0.923879532511287,1.,0.923879532511287,1.,0.923879532511287,1.,0.923879532511287,
1.,0.923879532511287,1.,0.923879532511287,1.,0.923879532511287,1.,0.923879532511287,
1.,0.923879532511287,1.,0.923879532511287,1.,0.923879532511287,1.,0.923879532511287,
1.,0.923879532511287,1.,0.923879532511287,1.,0.923879532511287,1.,0.923879532511287,
1.,0.923879532511287,1.,0.923879532511287,1.,0.923879532511287,1.,0.923879532511287,
1.,0.923879532511287,1.,0.923879532511287,1.,0.923879532511287,1.,0.923879532511287,
1.,0.923879532511287,1.,0.923879532511287,1.,0.923879532511287,1.,0.923879532511287,
1.,0.923879532511287,1.,0.923879532511287,1.,0.923879532511287,1.,0.923879532511287,
1.,0.923879532511287,1.,0.923879532511287,1.,0.923879532511287,1.,0.923879532511287,
1.,0.923879532511287,1.,0.923879532511287,1.,0.923879532511287,1.,0.923879532511287,
1.,0.923879532511287,1.,0.923879532511287,1.,0.923879532511287,1.,0.923879532511287,
1.,0.923879532511287,1.,0.923879532511287,1.,0.923879532511287,1.,0.923879532511287,
1.,0.923879532511287,1.,0.923879532511287,1.,0.923879532511287,1.,0.923879532511287,
1.,0.923879532511287,1.,0.923879532511287,1.,0.923879532511287,1.,0.923879532511287,
1.,0.923879532511287,1.,0.923879532511287,1.,0.923879532511287,1.,0.923879532511287,
1.,0.923879532511287,1.,0.923879532511287,1.,0.923879532511287,1.,0.923879532511287,
1.,0.923879532511287,1.,0.923879532511287,1.,0.923879532511287,1.,0.923879532511287,
1.,0.923879532511287,1.,0.923879532511287,1.,0.923879532511287,1.,0.923879532511287,
1.,0.923879532511287,1.,0.923879532511287,1.,0.923879532511287,1.,0.923879532511287,
1.,0.923879532511287,1.,0.923879532511287,1.,0.923879532511287,1.)))
REPRESENTATION_ITEM('')
SURFACE()
);
#16=(
BOUNDED_SURFACE()
B_SPLINE_SURFACE(1,2,((#5408,#5409,#5410,#5411,#5412,#5413,#5414,#5415,
#5416,#5417,#5418,#5419,#5420,#5421,#5422,#5423,#5424,#5425,#5426,#5427,
#5428,#5429,#5430,#5431,#5432,#5433,#5434,#5435,#5436,#5437,#5438,#5439,
#5440,#5441,#5442,#5443,#5444,#5445,#5446,#5447,#5448,#5449,#5450,#5451,
#5452,#5453,#5454,#5455,#5456,#5457,#5458,#5459,#5460,#5461,#5462,#5463,
#5464,#5465,#5466,#5467,#5468,#5469,#5470,#5471,#5472,#5473,#5474,#5475,
#5476,#5477,#5478,#5479,#5480,#5481,#5482,#5483,#5484,#5485,#5486,#5487,
#5488,#5489,#5490,#5491,#5492,#5493,#5494,#5495,#5496,#5497,#5498,#5499,
#5500,#5501,#5502,#5503,#5504,#5505,#5506,#5507,#5508,#5509,#5510,#5511,
#5512,#5513,#5514,#5515,#5516,#5517,#5518,#5519,#5520,#5521,#5522,#5523,
#5524,#5525,#5526,#5527,#5528,#5529,#5530,#5531,#5532,#5533,#5534,#5535,
#5536,#5537,#5538,#5539,#5540,#5541,#5542,#5543,#5544,#5545,#5546,#5547,
#5548,#5549,#5550,#5551,#5552,#5553,#5554,#5555,#5556,#5557,#5558,#5559,
#5560,#5561,#5562,#5563,#5564,#5565,#5566,#5567,#5568,#5569,#5570,#5571,
#5572,#5573,#5574,#5575,#5576,#5577,#5578,#5579,#5580,#5581,#5582,#5583,
#5584,#5585,#5586,#5587,#5588,#5589,#5590,#5591,#5592,#5593,#5594,#5595,
#5596,#5597,#5598,#5599,#5600,#5601,#5602,#5603,#5604,#5605,#5606,#5607,
#5608,#5609,#5610,#5611,#5612,#5613,#5614,#5615,#5616,#5617,#5618,#5619,
#5620,#5621,#5622,#5623,#5624,#5625,#5626,#5627,#5628,#5629,#5630,#5631,
#5632,#5633,#5634,#5635,#5636,#5637,#5638,#5639,#5640,#5641,#5642,#5643,
#5644,#5645,#5646,#5647,#5648,#5649,#5650,#5651,#5652,#5653,#5654,#5655,
#5656,#5657,#5658,#5659,#5660,#5661,#5662,#5663,#5664,#5665,#5666,#5667,
#5668,#5669,#5670,#5671,#5672,#5673,#5674,#5675,#5676,#5677,#5678,#5679,
#5680,#5681,#5682,#5683,#5684,#5685,#5686,#5687,#5688,#5689,#5690,#5691,
#5692,#5693,#5694,#5695,#5696,#5697,#5698,#5699,#5700,#5701,#5702,#5703,
#5704,#5705,#5706,#5707,#5708,#5709,#5710,#5711,#5712,#5713,#5714,#5715,
#5716,#5717,#5718,#5719,#5720,#5721,#5722,#5723,#5724,#5725,#5726,#5727,
#5728,#5729,#5730,#5731,#5732,#5733,#5734,#5735,#5736,#5737,#5738,#5739,
#5740,#5741,#5742,#5743,#5744,#5745,#5746,#5747,#5748,#5749,#5750,#5751,
#5752,#5753,#5754,#5755,#5756,#5757,#5758,#5759,#5760,#5761,#5762,#5763,
#5764,#5765,#5766,#5767,#5768,#5769,#5770,#5771,#5772,#5773,#5774,#5775,
#5776,#5777,#5778,#5779,#5780,#5781,#5782,#5783,#5784,#5785,#5786,#5787,
#5788,#5789,#5790,#5791,#5792,#5793,#5794,#5795,#5796,#5797,#5798,#5799,
#5800,#5801,#5802,#5803,#5804,#5805,#5806,#5807,#5808,#5809,#5810,#5811,
#5812,#5813,#5814,#5815,#5816,#5817,#5818,#5819,#5820,#5821,#5822,#5823,
#5824),(#5825,#5826,#5827,#5828,#5829,#5830,#5831,#5832,#5833,#5834,#5835,
#5836,#5837,#5838,#5839,#5840,#5841,#5842,#5843,#5844,#5845,#5846,#5847,
#5848,#5849,#5850,#5851,#5852,#5853,#5854,#5855,#5856,#5857,#5858,#5859,
#5860,#5861,#5862,#5863,#5864,#5865,#5866,#5867,#5868,#5869,#5870,#5871,
#5872,#5873,#5874,#5875,#5876,#5877,#5878,#5879,#5880,#5881,#5882,#5883,
#5884,#5885,#5886,#5887,#5888,#5889,#5890,#5891,#5892,#5893,#5894,#5895,
#5896,#5897,#5898,#5899,#5900,#5901,#5902,#5903,#5904,#5905,#5906,#5907,
#5908,#5909,#5910,#5911,#5912,#5913,#5914,#5915,#5916,#5917,#5918,#5919,
#5920,#5921,#5922,#5923,#5924,#5925,#5926,#5927,#5928,#5929,#5930,#5931,
#5932,#5933,#5934,#5935,#5936,#5937,#5938,#5939,#5940,#5941,#5942,#5943,
#5944,#5945,#5946,#5947,#5948,#5949,#5950,#5951,#5952,#5953,#5954,#5955,
#5956,#5957,#5958,#5959,#5960,#5961,#5962,#5963,#5964,#5965,#5966,#5967,
#5968,#5969,#5970,#5971,#5972,#5973,#5974,#5975,#5976,#5977,#5978,#5979,
#5980,#5981,#5982,#5983,#5984,#5985,#5986,#5987,#5988,#5989,#5990,#5991,
#5992,#5993,#5994,#5995,#5996,#5997,#5998,#5999,#6000,#6001,#6002,#6003,
#6004,#6005,#6006,#6007,#6008,#6009,#6010,#6011,#6012,#6013,#6014,#6015,
#6016,#6017,#6018,#6019,#6020,#6021,#6022,#6023,#6024,#6025,#6026,#6027,
#6028,#6029,#6030,#6031,#6032,#6033,#6034,#6035,#6036,#6037,#6038,#6039,
#6040,#6041,#6042,#6043,#6044,#6045,#6046,#6047,#6048,#6049,#6050,#6051,
#6052,#6053,#6054,#6055,#6056,#6057,#6058,#6059,#6060,#6061,#6062,#6063,
#6064,#6065,#6066,#6067,#6068,#6069,#6070,#6071,#6072,#6073,#6074,#6075,
#6076,#6077,#6078,#6079,#6080,#6081,#6082,#6083,#6084,#6085,#6086,#6087,
#6088,#6089,#6090,#6091,#6092,#6093,#6094,#6095,#6096,#6097,#6098,#6099,
#6100,#6101,#6102,#6103,#6104,#6105,#6106,#6107,#6108,#6109,#6110,#6111,
#6112,#6113,#6114,#6115,#6116,#6117,#6118,#6119,#6120,#6121,#6122,#6123,
#6124,#6125,#6126,#6127,#6128,#6129,#6130,#6131,#6132,#6133,#6134,#6135,
#6136,#6137,#6138,#6139,#6140,#6141,#6142,#6143,#6144,#6145,#6146,#6147,
#6148,#6149,#6150,#6151,#6152,#6153,#6154,#6155,#6156,#6157,#6158,#6159,
#6160,#6161,#6162,#6163,#6164,#6165,#6166,#6167,#6168,#6169,#6170,#6171,
#6172,#6173,#6174,#6175,#6176,#6177,#6178,#6179,#6180,#6181,#6182,#6183,
#6184,#6185,#6186,#6187,#6188,#6189,#6190,#6191,#6192,#6193,#6194,#6195,
#6196,#6197,#6198,#6199,#6200,#6201,#6202,#6203,#6204,#6205,#6206,#6207,
#6208,#6209,#6210,#6211,#6212,#6213,#6214,#6215,#6216,#6217,#6218,#6219,
#6220,#6221,#6222,#6223,#6224,#6225,#6226,#6227,#6228,#6229,#6230,#6231,
#6232,#6233,#6234,#6235,#6236,#6237,#6238,#6239,#6240,#6241)),
 .UNSPECIFIED.,.F.,.F.,.F.)
B_SPLINE_SURFACE_WITH_KNOTS((2,2),(3,2,2,2,2,2,2,2,2,2,2,2,2,2,2,2,2,2,
2,2,2,2,2,2,2,2,2,2,2,2,2,2,2,2,2,2,2,2,2,2,2,2,2,2,2,2,2,2,2,2,2,2,2,2,
2,2,2,2,2,2,2,2,2,2,2,2,2,2,2,2,2,2,2,2,2,2,2,2,2,2,2,2,2,2,2,2,2,2,2,2,
2,2,2,2,2,2,2,2,2,2,2,2,2,2,2,2,2,2,2,2,2,2,2,2,2,2,2,2,2,2,2,2,2,2,2,2,
2,2,2,2,2,2,2,2,2,2,2,2,2,2,2,2,2,2,2,2,2,2,2,2,2,2,2,2,2,2,2,2,2,2,2,2,
2,2,2,2,2,2,2,2,2,2,2,2,2,2,2,2,2,2,2,2,2,2,2,2,2,2,2,2,2,2,2,2,2,2,2,2,
2,2,2,2,2,2,2,2,2,2,3),(0.,1.00001148736422),(0.,0.00480769230769231,0.00961538461538462,
0.0144230769230769,0.0192307692307692,0.0240384615384615,0.0288461538461538,
0.0336538461538462,0.0384615384615385,0.0432692307692308,0.0480769230769231,
0.0528846153846154,0.0576923076923077,0.0625,0.0673076923076923,0.0721153846153846,
0.0769230769230769,0.0817307692307692,0.0865384615384615,0.0913461538461538,
0.0961538461538462,0.100961538461538,0.105769230769231,0.110576923076923,
0.115384615384615,0.120192307692308,0.125,0.129807692307692,0.134615384615385,
0.139423076923077,0.144230769230769,0.149038461538462,0.153846153846154,
0.158653846153846,0.163461538461538,0.168269230769231,0.173076923076923,
0.177884615384615,0.182692307692308,0.1875,0.192307692307692,0.197115384615385,
0.201923076923077,0.206730769230769,0.211538461538462,0.216346153846154,
0.221153846153846,0.225961538461538,0.230769230769231,0.235576923076923,
0.240384615384615,0.245192307692308,0.25,0.254807692307692,0.259615384615385,
0.264423076923077,0.269230769230769,0.274038461538462,0.278846153846154,
0.283653846153846,0.288461538461538,0.293269230769231,0.298076923076923,
0.302884615384615,0.307692307692308,0.3125,0.317307692307692,0.322115384615385,
0.326923076923077,0.331730769230769,0.336538461538462,0.341346153846154,
0.346153846153846,0.350961538461538,0.355769230769231,0.360576923076923,
0.365384615384615,0.370192307692308,0.375,0.379807692307692,0.384615384615385,
0.389423076923077,0.394230769230769,0.399038461538462,0.403846153846154,
0.408653846153846,0.413461538461538,0.418269230769231,0.423076923076923,
0.427884615384615,0.432692307692308,0.4375,0.442307692307692,0.447115384615385,
0.451923076923077,0.456730769230769,0.461538461538462,0.466346153846154,
0.471153846153846,0.475961538461538,0.480769230769231,0.485576923076923,
0.490384615384615,0.495192307692308,0.5,0.504807692307692,0.509615384615385,
0.514423076923077,0.519230769230769,0.524038461538462,0.528846153846154,
0.533653846153846,0.538461538461538,0.543269230769231,0.548076923076923,
0.552884615384615,0.557692307692308,0.5625,0.567307692307692,0.572115384615385,
0.576923076923077,0.581730769230769,0.586538461538462,0.591346153846154,
0.596153846153846,0.600961538461538,0.605769230769231,0.610576923076923,
0.615384615384615,0.620192307692308,0.625,0.629807692307692,0.634615384615385,
0.639423076923077,0.644230769230769,0.649038461538462,0.653846153846154,
0.658653846153846,0.663461538461538,0.668269230769231,0.673076923076923,
0.677884615384615,0.682692307692308,0.6875,0.692307692307692,0.697115384615385,
0.701923076923077,0.706730769230769,0.711538461538462,0.716346153846154,
0.721153846153846,0.725961538461538,0.730769230769231,0.735576923076923,
0.740384615384615,0.745192307692308,0.75,0.754807692307692,0.759615384615385,
0.764423076923077,0.769230769230769,0.774038461538462,0.778846153846154,
0.783653846153846,0.788461538461538,0.793269230769231,0.798076923076923,
0.802884615384615,0.807692307692308,0.8125,0.817307692307692,0.822115384615385,
0.826923076923077,0.831730769230769,0.836538461538462,0.841346153846154,
0.846153846153846,0.850961538461538,0.855769230769231,0.860576923076923,
0.865384615384615,0.870192307692308,0.875,0.879807692307692,0.884615384615385,
0.889423076923077,0.894230769230769,0.899038461538462,0.903846153846154,
0.908653846153846,0.913461538461538,0.918269230769231,0.923076923076923,
0.927884615384615,0.932692307692308,0.9375,0.942307692307692,0.947115384615385,
0.951923076923077,0.956730769230769,0.961538461538462,0.966346153846154,
0.971153846153846,0.975961538461538,0.980769230769231,0.985576923076923,
0.990384615384615,0.995192307692308,1.),.UNSPECIFIED.)
GEOMETRIC_REPRESENTATION_ITEM()
RATIONAL_B_SPLINE_SURFACE(((1.,0.923879532511287,1.,0.923879532511287,1.,
0.923879532511287,1.,0.923879532511287,1.,0.923879532511287,1.,0.923879532511287,
1.,0.923879532511287,1.,0.923879532511287,1.,0.923879532511287,1.,0.923879532511287,
1.,0.923879532511287,1.,0.923879532511287,1.,0.923879532511287,1.,0.923879532511287,
1.,0.923879532511287,1.,0.923879532511287,1.,0.923879532511287,1.,0.923879532511287,
1.,0.923879532511287,1.,0.923879532511287,1.,0.923879532511287,1.,0.923879532511287,
1.,0.923879532511287,1.,0.923879532511287,1.,0.923879532511287,1.,0.923879532511287,
1.,0.923879532511287,1.,0.923879532511287,1.,0.923879532511287,1.,0.923879532511287,
1.,0.923879532511287,1.,0.923879532511287,1.,0.923879532511287,1.,0.923879532511287,
1.,0.923879532511287,1.,0.923879532511287,1.,0.923879532511287,1.,0.923879532511287,
1.,0.923879532511287,1.,0.923879532511287,1.,0.923879532511287,1.,0.923879532511287,
1.,0.923879532511287,1.,0.923879532511287,1.,0.923879532511287,1.,0.923879532511287,
1.,0.923879532511287,1.,0.923879532511287,1.,0.923879532511287,1.,0.923879532511287,
1.,0.923879532511287,1.,0.923879532511287,1.,0.923879532511287,1.,0.923879532511287,
1.,0.923879532511287,1.,0.923879532511287,1.,0.923879532511287,1.,0.923879532511287,
1.,0.923879532511287,1.,0.923879532511287,1.,0.923879532511287,1.,0.923879532511287,
1.,0.923879532511287,1.,0.923879532511287,1.,0.923879532511287,1.,0.923879532511287,
1.,0.923879532511287,1.,0.923879532511287,1.,0.923879532511287,1.,0.923879532511287,
1.,0.923879532511287,1.,0.923879532511287,1.,0.923879532511287,1.,0.923879532511287,
1.,0.923879532511287,1.,0.923879532511287,1.,0.923879532511287,1.,0.923879532511287,
1.,0.923879532511287,1.,0.923879532511287,1.,0.923879532511287,1.,0.923879532511287,
1.,0.923879532511287,1.,0.923879532511287,1.,0.923879532511287,1.,0.923879532511287,
1.,0.923879532511287,1.,0.923879532511287,1.,0.923879532511287,1.,0.923879532511287,
1.,0.923879532511287,1.,0.923879532511287,1.,0.923879532511287,1.,0.923879532511287,
1.,0.923879532511287,1.,0.923879532511287,1.,0.923879532511287,1.,0.923879532511287,
1.,0.923879532511287,1.,0.923879532511287,1.,0.923879532511287,1.,0.923879532511287,
1.,0.923879532511287,1.,0.923879532511287,1.,0.923879532511287,1.,0.923879532511287,
1.,0.923879532511287,1.,0.923879532511287,1.,0.923879532511287,1.,0.923879532511287,
1.,0.923879532511287,1.,0.923879532511287,1.,0.923879532511287,1.,0.923879532511287,
1.,0.923879532511287,1.,0.923879532511287,1.,0.923879532511287,1.,0.923879532511287,
1.,0.923879532511287,1.,0.923879532511287,1.,0.923879532511287,1.,0.923879532511287,
1.,0.923879532511287,1.,0.923879532511287,1.,0.923879532511287,1.,0.923879532511287,
1.,0.923879532511287,1.,0.923879532511287,1.,0.923879532511287,1.,0.923879532511287,
1.,0.923879532511287,1.,0.923879532511287,1.,0.923879532511287,1.,0.923879532511287,
1.,0.923879532511287,1.,0.923879532511287,1.,0.923879532511287,1.,0.923879532511287,
1.,0.923879532511287,1.,0.923879532511287,1.,0.923879532511287,1.,0.923879532511287,
1.,0.923879532511287,1.,0.923879532511287,1.,0.923879532511287,1.,0.923879532511287,
1.,0.923879532511287,1.,0.923879532511287,1.,0.923879532511287,1.,0.923879532511287,
1.,0.923879532511287,1.,0.923879532511287,1.,0.923879532511287,1.,0.923879532511287,
1.,0.923879532511287,1.,0.923879532511287,1.,0.923879532511287,1.,0.923879532511287,
1.,0.923879532511287,1.,0.923879532511287,1.,0.923879532511287,1.,0.923879532511287,
1.,0.923879532511287,1.,0.923879532511287,1.,0.923879532511287,1.,0.923879532511287,
1.,0.923879532511287,1.,0.923879532511287,1.,0.923879532511287,1.,0.923879532511287,
1.,0.923879532511287,1.,0.923879532511287,1.,0.923879532511287,1.,0.923879532511287,
1.,0.923879532511287,1.,0.923879532511287,1.,0.923879532511287,1.,0.923879532511287,
1.,0.923879532511287,1.,0.923879532511287,1.,0.923879532511287,1.,0.923879532511287,
1.,0.923879532511287,1.,0.923879532511287,1.,0.923879532511287,1.,0.923879532511287,
1.,0.923879532511287,1.,0.923879532511287,1.,0.923879532511287,1.,0.923879532511287,
1.,0.923879532511287,1.,0.923879532511287,1.,0.923879532511287,1.,0.923879532511287,
1.,0.923879532511287,1.,0.923879532511287,1.,0.923879532511287,1.,0.923879532511287,
1.,0.923879532511287,1.,0.923879532511287,1.,0.923879532511287,1.,0.923879532511287,
1.,0.923879532511287,1.,0.923879532511287,1.,0.923879532511287,1.,0.923879532511287,
1.,0.923879532511287,1.,0.923879532511287,1.),(1.,0.923879532511287,1.,
0.923879532511287,1.,0.923879532511287,1.,0.923879532511287,1.,0.923879532511287,
1.,0.923879532511287,1.,0.923879532511287,1.,0.923879532511287,1.,0.923879532511287,
1.,0.923879532511287,1.,0.923879532511287,1.,0.923879532511287,1.,0.923879532511287,
1.,0.923879532511287,1.,0.923879532511287,1.,0.923879532511287,1.,0.923879532511287,
1.,0.923879532511287,1.,0.923879532511287,1.,0.923879532511287,1.,0.923879532511287,
1.,0.923879532511287,1.,0.923879532511287,1.,0.923879532511287,1.,0.923879532511287,
1.,0.923879532511287,1.,0.923879532511287,1.,0.923879532511287,1.,0.923879532511287,
1.,0.923879532511287,1.,0.923879532511287,1.,0.923879532511287,1.,0.923879532511287,
1.,0.923879532511287,1.,0.923879532511287,1.,0.923879532511287,1.,0.923879532511287,
1.,0.923879532511287,1.,0.923879532511287,1.,0.923879532511287,1.,0.923879532511287,
1.,0.923879532511287,1.,0.923879532511287,1.,0.923879532511287,1.,0.923879532511287,
1.,0.923879532511287,1.,0.923879532511287,1.,0.923879532511287,1.,0.923879532511287,
1.,0.923879532511287,1.,0.923879532511287,1.,0.923879532511287,1.,0.923879532511287,
1.,0.923879532511287,1.,0.923879532511287,1.,0.923879532511287,1.,0.923879532511287,
1.,0.923879532511287,1.,0.923879532511287,1.,0.923879532511287,1.,0.923879532511287,
1.,0.923879532511287,1.,0.923879532511287,1.,0.923879532511287,1.,0.923879532511287,
1.,0.923879532511287,1.,0.923879532511287,1.,0.923879532511287,1.,0.923879532511287,
1.,0.923879532511287,1.,0.923879532511287,1.,0.923879532511287,1.,0.923879532511287,
1.,0.923879532511287,1.,0.923879532511287,1.,0.923879532511287,1.,0.923879532511287,
1.,0.923879532511287,1.,0.923879532511287,1.,0.923879532511287,1.,0.923879532511287,
1.,0.923879532511287,1.,0.923879532511287,1.,0.923879532511287,1.,0.923879532511287,
1.,0.923879532511287,1.,0.923879532511287,1.,0.923879532511287,1.,0.923879532511287,
1.,0.923879532511287,1.,0.923879532511287,1.,0.923879532511287,1.,0.923879532511287,
1.,0.923879532511287,1.,0.923879532511287,1.,0.923879532511287,1.,0.923879532511287,
1.,0.923879532511287,1.,0.923879532511287,1.,0.923879532511287,1.,0.923879532511287,
1.,0.923879532511287,1.,0.923879532511287,1.,0.923879532511287,1.,0.923879532511287,
1.,0.923879532511287,1.,0.923879532511287,1.,0.923879532511287,1.,0.923879532511287,
1.,0.923879532511287,1.,0.923879532511287,1.,0.923879532511287,1.,0.923879532511287,
1.,0.923879532511287,1.,0.923879532511287,1.,0.923879532511287,1.,0.923879532511287,
1.,0.923879532511287,1.,0.923879532511287,1.,0.923879532511287,1.,0.923879532511287,
1.,0.923879532511287,1.,0.923879532511287,1.,0.923879532511287,1.,0.923879532511287,
1.,0.923879532511287,1.,0.923879532511287,1.,0.923879532511287,1.,0.923879532511287,
1.,0.923879532511287,1.,0.923879532511287,1.,0.923879532511287,1.,0.923879532511287,
1.,0.923879532511287,1.,0.923879532511287,1.,0.923879532511287,1.,0.923879532511287,
1.,0.923879532511287,1.,0.923879532511287,1.,0.923879532511287,1.,0.923879532511287,
1.,0.923879532511287,1.,0.923879532511287,1.,0.923879532511287,1.,0.923879532511287,
1.,0.923879532511287,1.,0.923879532511287,1.,0.923879532511287,1.,0.923879532511287,
1.,0.923879532511287,1.,0.923879532511287,1.,0.923879532511287,1.,0.923879532511287,
1.,0.923879532511287,1.,0.923879532511287,1.,0.923879532511287,1.,0.923879532511287,
1.,0.923879532511287,1.,0.923879532511287,1.,0.923879532511287,1.,0.923879532511287,
1.,0.923879532511287,1.,0.923879532511287,1.,0.923879532511287,1.,0.923879532511287,
1.,0.923879532511287,1.,0.923879532511287,1.,0.923879532511287,1.,0.923879532511287,
1.,0.923879532511287,1.,0.923879532511287,1.,0.923879532511287,1.,0.923879532511287,
1.,0.923879532511287,1.,0.923879532511287,1.,0.923879532511287,1.,0.923879532511287,
1.,0.923879532511287,1.,0.923879532511287,1.,0.923879532511287,1.,0.923879532511287,
1.,0.923879532511287,1.,0.923879532511287,1.,0.923879532511287,1.,0.923879532511287,
1.,0.923879532511287,1.,0.923879532511287,1.,0.923879532511287,1.,0.923879532511287,
1.,0.923879532511287,1.,0.923879532511287,1.,0.923879532511287,1.,0.923879532511287,
1.,0.923879532511287,1.,0.923879532511287,1.,0.923879532511287,1.,0.923879532511287,
1.,0.923879532511287,1.,0.923879532511287,1.,0.923879532511287,1.,0.923879532511287,
1.,0.923879532511287,1.,0.923879532511287,1.,0.923879532511287,1.,0.923879532511287,
1.,0.923879532511287,1.,0.923879532511287,1.,0.923879532511287,1.)))
REPRESENTATION_ITEM('')
SURFACE()
);
#17=FACE_BOUND('',#227,.T.);
#18=FACE_BOUND('',#229,.T.);
#19=PLANE('',#1340);
#20=PLANE('',#1341);
#21=PLANE('',#1342);
#22=PLANE('',#1343);
#23=PLANE('',#1344);
#24=PLANE('',#1345);
#25=PLANE('',#1346);
#26=PLANE('',#1347);
#27=PLANE('',#1348);
#28=PLANE('',#1350);
#29=TOROIDAL_SURFACE('',#1329,4.,0.249999999999999);
#30=TOROIDAL_SURFACE('',#1335,4.,0.25);
#31=B_SPLINE_CURVE_WITH_KNOTS('',3,(#2460,#2461,#2462,#2463,#2464,#2465,
#2466,#2467,#2468,#2469,#2470,#2471,#2472,#2473),.UNSPECIFIED.,.F.,.F.,
(4,2,2,2,2,2,4),(1.23832361294587,1.28312208961387,1.34060059926415,1.39731806022333,
1.45344978221368,1.49804461744538,1.54024470868331),.UNSPECIFIED.);
#32=B_SPLINE_CURVE_WITH_KNOTS('',3,(#2476,#2477,#2478,#2479,#2480,#2481,
#2482,#2483,#2484,#2485),.UNSPECIFIED.,.F.,.F.,(4,2,2,2,4),(9.99999999254213E-7,
0.0755977978938784,0.155522971659005,0.232814211582376,0.264470421159057),
 .UNSPECIFIED.);
#33=B_SPLINE_CURVE_WITH_KNOTS('',3,(#2494,#2495,#2496,#2497,#2498,#2499),
 .UNSPECIFIED.,.F.,.F.,(4,2,4),(9.9999999843297E-7,0.0760808942171693,0.117878528580872),
 .UNSPECIFIED.);
#34=B_SPLINE_CURVE_WITH_KNOTS('',3,(#2503,#2504,#2505,#2506,#2507,#2508,
#2509,#2510,#2511,#2512,#2513,#2514,#2515,#2516,#2517,#2518,#2519,#2520,
#2521,#2522,#2523,#2524,#2525,#2526,#2527,#2528,#2529,#2530,#2531,#2532,
#2533,#2534,#2535,#2536),.UNSPECIFIED.,.F.,.F.,(4,2,2,2,2,2,2,2,2,2,2,2,
2,2,2,2,4),(1.65489271553591,1.70145682808435,1.79409373255606,1.89069378563496,
1.98494804213963,2.08325028502905,2.17912850867407,2.2791406588792,2.37664937986878,
2.47837906716968,2.57752473072307,2.68097949773868,2.78176846396666,2.88695576667299,
2.98939431041091,3.08209034058836,3.17186779880533),.UNSPECIFIED.);
#35=B_SPLINE_CURVE_WITH_KNOTS('',3,(#2541,#2542,#2543,#2544,#2545,#2546,
#2547,#2548),.UNSPECIFIED.,.F.,.F.,(4,2,2,4),(-0.118432159638796,-0.11553297504924,
-0.0582774489764109,-1.00000006127143E-6),.UNSPECIFIED.);
#36=B_SPLINE_CURVE_WITH_KNOTS('',3,(#2553,#2554,#2555,#2556,#2557,#2558,
#2559,#2560,#2561,#2562,#2563,#2564,#2565,#2566,#2567,#2568,#2569,#2570,
#2571,#2572,#2573,#2574,#2575,#2576,#2577,#2578,#2579,#2580,#2581,#2582,
#2583,#2584,#2585,#2586,#2587,#2588),.UNSPECIFIED.,.F.,.F.,(4,2,2,2,2,2,
2,2,2,2,2,2,2,2,2,2,2,4),(-1.69295355281689,-1.68639543180624,-1.58655712556987,
-1.49047405263643,-1.39056938606294,-1.294428774588,-1.19445793470174,-1.09825912558589,
-0.99822227900411,-0.90196469968775,-0.80186199432483,-0.705545148170987,
-0.605376714842805,-0.509000171596117,-0.408766125519055,-0.312329512774833,
-0.212029954957544,-0.118432159638796),.UNSPECIFIED.);
#37=B_SPLINE_CURVE_WITH_KNOTS('',3,(#2589,#2590,#2591,#2592,#2593,#2594,
#2595,#2596,#2597,#2598,#2599,#2600,#2601,#2602,#2603,#2604,#2605,#2606,
#2607,#2608,#2609,#2610,#2611,#2612,#2613,#2614,#2615,#2616,#2617,#2618,
#2619,#2620,#2621,#2622),.UNSPECIFIED.,.F.,.F.,(4,2,2,2,2,2,2,2,2,2,2,2,
2,2,2,2,4),(-37.7120254324292,-37.6505175998493,-37.5901983275858,-37.4927714529448,
-37.3918012580274,-37.2943339633359,-37.1932784557637,-37.0957692322623,
-36.9946297264879,-36.8970771577636,-36.795854892845,-36.6982576501823,
-36.5969537920952,-36.4993106298923,-36.3979262740759,-36.3002360253533,
-36.1996897797074),.UNSPECIFIED.);
#38=B_SPLINE_CURVE_WITH_KNOTS('',3,(#2627,#2628,#2629,#2630,#2631,#2632,
#2633,#2634,#2635,#2636,#2637,#2638,#2639,#2640,#2641,#2642,#2643,#2644,
#2645,#2646,#2647,#2648,#2649,#2650,#2651,#2652,#2653,#2654,#2655,#2656,
#2657,#2658,#2659,#2660,#2661,#2662),.UNSPECIFIED.,.F.,.F.,(4,2,2,2,2,2,
2,2,2,2,2,2,2,2,2,2,2,4),(-3.26220149839267,-3.24939350829554,-3.15009587929144,
-3.05443458021098,-2.95506813683583,-2.85935934418048,-2.75992450346961,
-2.66416634483289,-2.56466348894186,-2.46885430455227,-2.36928378223881,
-2.27342210560854,-2.17378423393665,-2.07786877330858,-1.97816383949327,
-1.88219346026073,-1.78242172358718,-1.69295355281689),.UNSPECIFIED.);
#39=B_SPLINE_CURVE_WITH_KNOTS('',3,(#2663,#2664,#2665,#2666,#2667,#2668,
#2669,#2670,#2671,#2672,#2673,#2674,#2675,#2676,#2677,#2678,#2679,#2680,
#2681,#2682,#2683,#2684,#2685,#2686,#2687,#2688,#2689,#2690,#2691,#2692,
#2693,#2694,#2695,#2696,#2697,#2698,#2699,#2700),.UNSPECIFIED.,.F.,.F.,
(4,2,2,2,2,2,2,2,2,2,2,2,2,2,2,2,2,2,4),(-36.1996897797074,-36.1987721988155,
-36.1010337057766,-35.9994913047731,-35.9017036097239,-35.8000836017354,
-35.7022457478622,-35.6005489742861,-35.5026600667522,-35.4008873127704,
-35.3029465149449,-35.201098512431,-35.1031050422861,-35.0011824726631,
-34.9031355993423,-34.801180237151,-34.70316734862,-34.6012774979803,-34.6010665785348),
 .UNSPECIFIED.);
#40=B_SPLINE_CURVE_WITH_KNOTS('',3,(#2705,#2706,#2707,#2708,#2709,#2710,
#2711,#2712,#2713,#2714,#2715,#2716,#2717,#2718,#2719,#2720,#2721,#2722,
#2723,#2724,#2725,#2726,#2727,#2728,#2729,#2730,#2731,#2732,#2733,#2734,
#2735,#2736,#2737,#2738,#2739,#2740),.UNSPECIFIED.,.F.,.F.,(4,2,2,2,2,2,
2,2,2,2,2,2,2,2,2,2,2,4),(-4.82778272174154,-4.80512640827722,-4.70639860994013,
-4.61101785003105,-4.51221663353841,-4.41681334465318,-4.31793939293817,
-4.22250932114232,-4.12356329352227,-4.0281025372357,-3.92908506428005,
-3.83359006322867,-3.73450174304217,-3.63896926407487,-3.53981065981447,
-3.44423778031033,-3.34500941875455,-3.26220149839267),.UNSPECIFIED.);
#41=B_SPLINE_CURVE_WITH_KNOTS('',3,(#2741,#2742,#2743,#2744,#2745,#2746,
#2747,#2748,#2749,#2750,#2751,#2752,#2753,#2754,#2755,#2756,#2757,#2758,
#2759,#2760,#2761,#2762,#2763,#2764,#2765,#2766,#2767,#2768,#2769,#2770,
#2771,#2772,#2773,#2774,#2775,#2776),.UNSPECIFIED.,.F.,.F.,(4,2,2,2,2,2,
2,2,2,2,2,2,2,2,2,2,2,4),(-34.6010665785348,-34.5033272589111,-34.4015029169496,
-34.3036152674504,-34.2018564349647,-34.1040313090084,-34.002337990835,
-33.9045753150319,-33.8029475204536,-33.7052472126149,-33.6036849558116,
-33.5060469232737,-33.4045502238214,-33.3069743614948,-33.2055432449184,
-33.108029433023,-33.0066639314069,-33.0049347806611),.UNSPECIFIED.);
#42=B_SPLINE_CURVE_WITH_KNOTS('',3,(#2781,#2782,#2783,#2784,#2785,#2786,
#2787,#2788,#2789,#2790,#2791,#2792,#2793,#2794,#2795,#2796,#2797,#2798,
#2799,#2800,#2801,#2802,#2803,#2804,#2805,#2806,#2807,#2808,#2809,#2810,
#2811,#2812,#2813,#2814,#2815,#2816),.UNSPECIFIED.,.F.,.F.,(4,2,2,2,2,2,
2,2,2,2,2,2,2,2,2,2,2,4),(-6.39143183983993,-6.35508562724332,-6.25696953053752,
-6.16157367100869,-6.06337903522146,-5.96800708122502,-5.86973438095482,
-5.77437947244113,-5.67602926436146,-5.5806847868778,-5.48225769019871,
-5.38691731183225,-5.28841399034054,-5.19307169144031,-5.09449283733445,
-4.99914293301033,-4.90048925265772,-4.82778272174154),.UNSPECIFIED.);
#43=B_SPLINE_CURVE_WITH_KNOTS('',3,(#2817,#2818,#2819,#2820,#2821,#2822,
#2823,#2824,#2825,#2826,#2827,#2828,#2829,#2830,#2831,#2832,#2833,#2834,
#2835,#2836,#2837,#2838,#2839,#2840,#2841,#2842,#2843,#2844,#2845,#2846,
#2847,#2848,#2849,#2850,#2851,#2852),.UNSPECIFIED.,.F.,.F.,(4,2,2,2,2,2,
2,2,2,2,2,2,2,2,2,2,2,4),(-33.0049347806611,-32.909212032848,-32.8079121855115,
-32.7105220428505,-32.609287897093,-32.5119593290573,-32.41079094098,-32.3135237384552,
-32.2124211738649,-32.115215095306,-32.0141784307081,-31.9170331969031,
-31.8160625205887,-31.7189778087027,-31.6180732219358,-31.5210486587633,
-31.4202102770716,-31.4157220156114),.UNSPECIFIED.);
#44=B_SPLINE_CURVE_WITH_KNOTS('',3,(#2857,#2858,#2859,#2860,#2861,#2862,
#2863,#2864,#2865,#2866,#2867,#2868,#2869,#2870,#2871,#2872,#2873,#2874,
#2875,#2876,#2877,#2878,#2879,#2880,#2881,#2882,#2883,#2884,#2885,#2886,
#2887,#2888,#2889,#2890,#2891,#2892),.UNSPECIFIED.,.F.,.F.,(4,2,2,2,2,2,
2,2,2,2,2,2,2,2,2,2,2,4),(-7.95446278768016,-7.90206607691559,-7.8045784859511,
-7.70873170235442,-7.61116728630602,-7.51540198132155,-7.41775980131472,
-7.32206896524789,-7.22434831921669,-7.12872484661533,-7.03092526765963,
-6.93536194026112,-6.83748317079147,-6.74197267501859,-6.64401464706175,
-6.54854963994746,-6.45051245403843,-6.39143183983993),.UNSPECIFIED.);
#45=B_SPLINE_CURVE_WITH_KNOTS('',3,(#2893,#2894,#2895,#2896,#2897,#2898,
#2899,#2900,#2901,#2902,#2903,#2904,#2905,#2906,#2907,#2908,#2909,#2910,
#2911,#2912,#2913,#2914,#2915,#2916,#2917,#2918,#2919,#2920,#2921,#2922,
#2923,#2924,#2925,#2926,#2927,#2928),.UNSPECIFIED.,.F.,.F.,(4,2,2,2,2,2,
2,2,2,2,2,2,2,2,2,2,2,4),(-31.4157220156114,-31.3232454314205,-31.2224733859937,
-31.1255677601269,-31.0248621993231,-30.9280152193848,-30.8273763103425,
-30.7305873157031,-30.6300152460546,-30.533283477516,-30.4327784571923,
-30.3361030440106,-30.2356653071203,-30.1390452528205,-30.0386750595832,
-29.942109226567,-29.8418068652672,-29.8324759894916),.UNSPECIFIED.);
#46=B_SPLINE_CURVE_WITH_KNOTS('',3,(#2933,#2934,#2935,#2936,#2937,#2938,
#2939,#2940,#2941,#2942,#2943,#2944,#2945,#2946,#2947,#2948,#2949,#2950,
#2951,#2952,#2953,#2954,#2955,#2956,#2957,#2958,#2959,#2960,#2961,#2962,
#2963,#2964,#2965,#2966,#2967,#2968),.UNSPECIFIED.,.F.,.F.,(4,2,2,2,2,2,
2,2,2,2,2,2,2,2,2,2,2,4),(-9.51770706616171,-9.4498089800898,-9.3528711430944,
-9.25617112299787,-9.15917326326667,-9.06259515536404,-8.9655343034347,
-8.86907477448838,-8.77194818750783,-8.67560336851687,-8.57840854580292,
-8.48217404311956,-8.38490873818768,-8.28877965353001,-8.19144188224274,
-8.09541284154642,-7.99800088616271,-7.95446278768016),.UNSPECIFIED.);
#47=B_SPLINE_CURVE_WITH_KNOTS('',3,(#2969,#2970,#2971,#2972,#2973,#2974,
#2975,#2976,#2977,#2978,#2979,#2980,#2981,#2982,#2983,#2984,#2985,#2986,
#2987,#2988,#2989,#2990,#2991,#2992,#2993,#2994,#2995,#2996,#2997,#2998,
#2999,#3000,#3001,#3002,#3003,#3004),.UNSPECIFIED.,.F.,.F.,(4,2,2,2,2,2,
2,2,2,2,2,2,2,2,2,2,2,4),(-29.8324759894916,-29.7452939582449,-29.6450597471669,
-29.5485982954859,-29.4484325847758,-29.3520209237639,-29.2519240971526,
-29.1555603486499,-29.0555328249551,-28.9592148772714,-28.8592571115821,
-28.7629825991857,-28.663095083613,-28.5668613669337,-28.4670446307962,
-28.3708487766018,-28.2711033858969,-28.2537850193014),.UNSPECIFIED.);
#48=B_SPLINE_CURVE_WITH_KNOTS('',3,(#3009,#3010,#3011,#3012,#3013,#3014,
#3015,#3016,#3017,#3018,#3019,#3020,#3021,#3022,#3023,#3024,#3025,#3026,
#3027,#3028,#3029,#3030,#3031,#3032,#3033,#3034,#3035,#3036,#3037,#3038,
#3039,#3040,#3041,#3042,#3043,#3044),.UNSPECIFIED.,.F.,.F.,(4,2,2,2,2,2,
2,2,2,2,2,2,2,2,2,2,2,4),(-11.0821753247552,-11.0017824746218,-10.9051978073133,
-10.8074641720866,-10.7108487604751,-10.6132456400656,-10.5165955176794,
-10.419123368518,-10.3224346060603,-10.2250935111415,-10.1283622413197,
-10.0311518738828,-9.93437431694251,-9.83729390669042,-9.74046639619291,
-9.64351469908503,-9.54663370740864,-9.51770706616171),.UNSPECIFIED.);
#49=B_SPLINE_CURVE_WITH_KNOTS('',3,(#3045,#3046,#3047,#3048,#3049,#3050,
#3051,#3052,#3053,#3054,#3055,#3056,#3057,#3058,#3059,#3060,#3061,#3062,
#3063,#3064,#3065,#3066,#3067,#3068,#3069,#3070,#3071,#3072,#3073,#3074,
#3075,#3076,#3077,#3078,#3079,#3080),.UNSPECIFIED.,.F.,.F.,(4,2,2,2,2,2,
2,2,2,2,2,2,2,2,2,2,2,4),(-28.2537850193014,-28.1749421487808,-28.0752687047782,
-27.9791385103717,-27.879537647153,-27.7834345777397,-27.6839069585014,
-27.5878267417628,-27.4883730537007,-27.392311055352,-27.2929320029518,
-27.196883224033,-27.0975795206101,-27.0015386001664,-26.9023109575311,
-26.8062721813542,-26.7071212975182,-26.6779033830432),.UNSPECIFIED.);
#50=B_SPLINE_CURVE_WITH_KNOTS('',3,(#3085,#3086,#3087,#3088,#3089,#3090,
#3091,#3092,#3093,#3094,#3095,#3096,#3097,#3098,#3099,#3100,#3101,#3102,
#3103,#3104,#3105,#3106,#3107,#3108,#3109,#3110,#3111,#3112,#3113,#3114,
#3115,#3116,#3117,#3118,#3119,#3120),.UNSPECIFIED.,.F.,.F.,(4,2,2,2,2,2,
2,2,2,2,2,2,2,2,2,2,2,4),(-12.649413133196,-12.5602435763589,-12.4637646860284,
-12.3650357132462,-12.2685566505252,-12.1699455994028,-12.0734628113551,
-11.9749717948836,-11.8784816253947,-11.7801126672518,-11.6836113677388,
-11.585366372752,-11.488850114871,-11.3907308370168,-11.2941957274097,-11.1962037355925,
-11.0996458326676,-11.0821753247552),.UNSPECIFIED.);
#51=B_SPLINE_CURVE_WITH_KNOTS('',3,(#3121,#3122,#3123,#3124,#3125,#3126,
#3127,#3128,#3129,#3130,#3131,#3132,#3133,#3134,#3135,#3136,#3137,#3138,
#3139,#3140,#3141,#3142,#3143,#3144,#3145,#3146,#3147,#3148,#3149,#3150,
#3151,#3152,#3153,#3154,#3155,#3156),.UNSPECIFIED.,.F.,.F.,(4,2,2,2,2,2,
2,2,2,2,2,2,2,2,2,2,2,4),(-26.6779033830432,-26.6110786135119,-26.5120051584112,
-26.4159521989993,-26.3169567982781,-26.2208869100841,-26.1219701270645,
-26.0258764078688,-25.9270387239209,-25.8309140666527,-25.7321558602735,
-25.6359930035259,-25.5373145285265,-25.4411061128128,-25.3425074761011,
-25.2462461048129,-25.1477272443291,-25.1032329150134),.UNSPECIFIED.);
#52=B_SPLINE_CURVE_WITH_KNOTS('',3,(#3161,#3162,#3163,#3164,#3165,#3166,
#3167,#3168,#3169,#3170,#3171,#3172,#3173,#3174,#3175,#3176,#3177,#3178,
#3179,#3180,#3181,#3182,#3183,#3184,#3185,#3186,#3187,#3188,#3189,#3190,
#3191,#3192,#3193,#3194,#3195,#3196),.UNSPECIFIED.,.F.,.F.,(4,2,2,2,2,2,
2,2,2,2,2,2,2,2,2,2,2,4),(-14.2211046004982,-14.1262682177407,-14.0296773034588,
-13.9300840778664,-13.8335169938529,-13.734024249808,-13.6374784492062,
-13.5380882637187,-13.4415610694375,-13.3422755739265,-13.245764177624,
-13.1465855481609,-13.050087010192,-12.9510174556894,-12.854528706162,-12.755570454334,
-12.659088295423,-12.649413133196),.UNSPECIFIED.);
#53=B_SPLINE_CURVE_WITH_KNOTS('',3,(#3197,#3198,#3199,#3200,#3201,#3202,
#3203,#3204,#3205,#3206,#3207,#3208,#3209,#3210,#3211,#3212,#3213,#3214,
#3215,#3216,#3217,#3218,#3219,#3220,#3221,#3222,#3223,#3224,#3225,#3226,
#3227,#3228,#3229,#3230,#3231,#3232),.UNSPECIFIED.,.F.,.F.,(4,2,2,2,2,2,
2,2,2,2,2,2,2,2,2,2,2,4),(-25.1032329150134,-25.0514055481263,-24.9529662115409,
-24.8565769147181,-24.7582166395322,-24.661752585804,-24.5634706736255,
-24.4669247846889,-24.3687202982542,-24.2720859679201,-24.1739577182727,
-24.0772286821124,-23.9791752166231,-23.8823456046225,-23.7843652025378,
-23.6874295848544,-23.589520257005,-23.5287430839417),.UNSPECIFIED.);
#54=B_SPLINE_CURVE_WITH_KNOTS('',3,(#3237,#3238,#3239,#3240,#3241,#3242,
#3243,#3244,#3245,#3246,#3247,#3248,#3249,#3250,#3251,#3252,#3253,#3254,
#3255,#3256,#3257,#3258,#3259,#3260,#3261,#3262,#3263,#3264,#3265,#3266,
#3267,#3268,#3269,#3270,#3271,#3272),.UNSPECIFIED.,.F.,.F.,(4,2,2,2,2,2,
2,2,2,2,2,2,2,2,2,2,2,4),(-15.7986259200557,-15.7002547575101,-15.6033962647157,
-15.50306552721,-15.4062468903317,-15.3060026125997,-15.2092222156644,-15.1090658755642,
-15.012322000601,-14.9122551558088,-14.8155459782911,-14.7155702667088,
-14.6188938511281,-14.5190109905622,-14.4223652862012,-14.3225770731787,
-14.2259599101634,-14.2211046004982),.UNSPECIFIED.);
#55=B_SPLINE_CURVE_WITH_KNOTS('',3,(#3273,#3274,#3275,#3276,#3277,#3278,
#3279,#3280,#3281,#3282,#3283,#3284,#3285,#3286,#3287,#3288,#3289,#3290,
#3291,#3292,#3293,#3294,#3295,#3296,#3297,#3298,#3299,#3300,#3301,#3302,
#3303,#3304,#3305,#3306,#3307,#3308),.UNSPECIFIED.,.F.,.F.,(4,2,2,2,2,2,
2,2,2,2,2,2,2,2,2,2,2,4),(-23.5287430839417,-23.4924736818694,-23.3946331746004,
-23.2974711976915,-23.1996970009273,-23.1024157058512,-23.0047050650765,
-22.9073010748812,-22.8096510066975,-22.7121214866401,-22.6145287974545,
-22.5168714494949,-22.4193327568241,-22.3215458065327,-22.224057562353,
-22.1261397390897,-22.0286982546416,-21.9535995988076),.UNSPECIFIED.);
#56=B_SPLINE_CURVE_WITH_KNOTS('',3,(#3313,#3314,#3315,#3316,#3317,#3318,
#3319,#3320,#3321,#3322,#3323,#3324,#3325,#3326,#3327,#3328,#3329,#3330,
#3331,#3332,#3333,#3334,#3335,#3336,#3337,#3338,#3339,#3340,#3341,#3342,
#3343,#3344,#3345,#3346,#3347,#3348),.UNSPECIFIED.,.F.,.F.,(4,2,2,2,2,2,
2,2,2,2,2,2,2,2,2,2,2,4),(-17.3829231840355,-17.2823276772359,-17.185102881878,
-17.0841246171219,-16.9869494841237,-16.8860485244383,-16.7889220899441,
-16.688099342581,-16.5910205764174,-16.490277010918,-16.393244812495,-16.2925814635649,
-16.1955946576327,-16.0950126279374,-15.9980699602134,-15.8975704230479,
-15.8006705557326,-15.7986259200557),.UNSPECIFIED.);
#57=B_SPLINE_CURVE_WITH_KNOTS('',3,(#3349,#3350,#3351,#3352,#3353,#3354,
#3355,#3356,#3357,#3358,#3359,#3360,#3361,#3362,#3363,#3364,#3365,#3366,
#3367,#3368,#3369,#3370,#3371,#3372,#3373,#3374,#3375,#3376,#3377,#3378,
#3379,#3380,#3381,#3382,#3383,#3384),.UNSPECIFIED.,.F.,.F.,(4,2,2,2,2,2,
2,2,2,2,2,2,2,2,2,2,2,4),(-21.9535995988076,-21.9306487659834,-21.8332502374393,
-21.7350687388998,-21.6377092733302,-21.5393958344402,-21.4420714755515,
-21.3459194606628,-21.2461623695613,-21.149973807253,-21.050145728397,-20.9539175593539,
-20.8540190371846,-20.7577485034907,-20.6577800453758,-20.5614646712865,
-20.4614267474296,-20.3764220780538),.UNSPECIFIED.);
#58=B_SPLINE_CURVE_WITH_KNOTS('',3,(#3389,#3390,#3391,#3392,#3393,#3394,
#3395,#3396,#3397,#3398,#3399,#3400,#3401,#3402,#3403,#3404,#3405,#3406,
#3407,#3408,#3409,#3410,#3411,#3412,#3413,#3414,#3415,#3416,#3417,#3418,
#3419,#3420,#3421,#3422,#3423,#3424,#3425,#3426),.UNSPECIFIED.,.F.,.F.,
(4,2,2,2,2,2,2,2,2,2,2,2,2,2,2,2,2,2,4),(-18.9721952037268,-18.971558745031,
-18.8705031583862,-18.7732916122073,-18.6721709318712,-18.5748972485345,
-18.473711478472,-18.3763755936949,-18.2751247339342,-18.1777265893068,
-18.076410636298,-17.9789787447015,-17.8776991882737,-17.7803202276997,
-17.6791149120478,-17.5817881461169,-17.4806577583871,-17.3833823991876,
-17.3829231840355),.UNSPECIFIED.);
#59=B_SPLINE_CURVE_WITH_KNOTS('',3,(#3427,#3428,#3429,#3430,#3431,#3432,
#3433,#3434,#3435,#3436,#3437,#3438,#3439,#3440,#3441,#3442,#3443,#3444,
#3445,#3446,#3447,#3448,#3449,#3450,#3451,#3452,#3453,#3454,#3455,#3456,
#3457,#3458,#3459,#3460,#3461,#3462),.UNSPECIFIED.,.F.,.F.,(4,2,2,2,2,2,
2,2,2,2,2,2,2,2,2,2,2,4),(-20.3764220780538,-20.3650643193575,-20.2649573633317,
-20.1685459095386,-20.0683703193058,-19.9719080897132,-19.8716642290078,
-19.7751496754649,-19.6748378754349,-19.5782696327073,-19.4778901937277,
-19.3812670614059,-19.2808202549897,-19.1841411804592,-19.0836272512087,
-18.9868913137696,-18.8863104813217,-18.7951985584845),.UNSPECIFIED.);
#60=B_SPLINE_CURVE_WITH_KNOTS('',3,(#3467,#3468,#3469,#3470,#3471,#3472,
#3473,#3474,#3475,#3476,#3477,#3478,#3479,#3480,#3481,#3482,#3483,#3484,
#3485,#3486,#3487,#3488,#3489,#3490,#3491,#3492,#3493,#3494,#3495,#3496,
#3497,#3498,#3499,#3500,#3501,#3502),.UNSPECIFIED.,.F.,.F.,(4,2,2,2,2,2,
2,2,2,2,2,2,2,2,2,2,2,4),(-20.5556247393106,-20.5531241648322,-20.4525900954556,
-20.3558721294696,-20.2552727352723,-20.1584935503266,-20.0578288852167,
-19.9609883062797,-19.860258415591,-19.7633562905735,-19.662561211866,-19.5655974082506,
-19.4647371720366,-19.3677115739521,-19.2667862043537,-19.1696987100447,
-19.0687082253885,-18.9721952037268),.UNSPECIFIED.);
#61=B_SPLINE_CURVE_WITH_KNOTS('',3,(#3503,#3504,#3505,#3506,#3507,#3508,
#3509,#3510,#3511,#3512,#3513,#3514,#3515,#3516,#3517,#3518,#3519,#3520,
#3521,#3522,#3523,#3524,#3525,#3526,#3527,#3528,#3529,#3530,#3531,#3532,
#3533,#3534,#3535,#3536,#3537,#3538),.UNSPECIFIED.,.F.,.F.,(4,2,2,2,2,2,
2,2,2,2,2,2,2,2,2,2,2,4),(-18.7951985584845,-18.7895168775068,-18.6888693384373,
-18.5920173685408,-18.4913032982019,-18.3943923540035,-18.2936119082754,
-18.196641461923,-18.0957947788687,-17.9987643728686,-17.8978515742838,
-17.8007608125328,-17.6997820053883,-17.6026305451793,-17.501585822956,
-17.4043733678827,-17.3032628118005,-17.2083869152417),.UNSPECIFIED.);
#62=B_SPLINE_CURVE_WITH_KNOTS('',3,(#3543,#3544,#3545,#3546,#3547,#3548,
#3549,#3550,#3551,#3552,#3553,#3554,#3555,#3556,#3557,#3558,#3559,#3560,
#3561,#3562,#3563,#3564,#3565,#3566,#3567,#3568,#3569,#3570,#3571,#3572,
#3573,#3574,#3575,#3576,#3577,#3578),.UNSPECIFIED.,.F.,.F.,(4,2,2,2,2,2,
2,2,2,2,2,2,2,2,2,2,2,4),(-22.1325131829721,-22.1226577998388,-22.025857968028,
-21.9265945927798,-21.8297887765805,-21.7304133028522,-21.6335982697107,
-21.5341129343782,-21.4372855794954,-21.3408699752423,-21.2405979484235,
-21.1441225012304,-21.0437848292529,-20.9472491789808,-20.84684595976,-20.7502497948981,
-20.6497811137057,-20.5556247393106),.UNSPECIFIED.);
#63=B_SPLINE_CURVE_WITH_KNOTS('',3,(#3579,#3580,#3581,#3582,#3583,#3584,
#3585,#3586,#3587,#3588,#3589,#3590,#3591,#3592,#3593,#3594,#3595,#3596,
#3597,#3598,#3599,#3600,#3601,#3602,#3603,#3604,#3605,#3606,#3607,#3608,
#3609,#3610,#3611,#3612,#3613,#3614),.UNSPECIFIED.,.F.,.F.,(4,2,2,2,2,2,
2,2,2,2,2,2,2,2,2,2,2,4),(-17.2083869152417,-17.2059891054843,-17.10481278563,
-17.0074776061967,-16.9062355825548,-16.8088387377874,-16.7075310611796,
-16.6100723842796,-16.5086990972197,-16.4111784431111,-16.3097395805807,
-16.2121568226976,-16.1106524128497,-16.0130074403516,-15.9114375051467,
-15.8137302205117,-15.7120947762943,-15.6149008400136),.UNSPECIFIED.);
#64=B_SPLINE_CURVE_WITH_KNOTS('',3,(#3619,#3620,#3621,#3622,#3623,#3624,
#3625,#3626,#3627,#3628,#3629,#3630,#3631,#3632,#3633,#3634,#3635,#3636,
#3637,#3638,#3639,#3640,#3641,#3642,#3643,#3644,#3645,#3646,#3647,#3648,
#3649,#3650,#3651,#3652,#3653,#3654),.UNSPECIFIED.,.F.,.F.,(4,2,2,2,2,2,
2,2,2,2,2,2,2,2,2,2,2,4),(-23.704838928149,-23.6870799494762,-23.5901984075283,
-23.4919074561648,-23.3950495431496,-23.2966306085533,-23.199792362694,
-23.1012469793596,-23.0044244838229,-22.9057543787222,-22.8089437788408,
-22.7101508366982,-22.6133483551576,-22.5144345858963,-22.4176365358744,
-22.3186040444943,-22.2218068407845,-22.1325131829721),.UNSPECIFIED.);
#65=B_SPLINE_CURVE_WITH_KNOTS('',3,(#3655,#3656,#3657,#3658,#3659,#3660,
#3661,#3662,#3663,#3664,#3665,#3666,#3667,#3668,#3669,#3670,#3671,#3672,
#3673,#3674,#3675,#3676,#3677,#3678,#3679,#3680,#3681,#3682,#3683,#3684,
#3685,#3686,#3687,#3688,#3689,#3690,#3691,#3692),.UNSPECIFIED.,.F.,.F.,
(4,2,2,2,2,2,2,2,2,2,2,2,2,2,2,2,2,2,4),(-15.6149008400136,-15.6143250932436,
-15.5126241512618,-15.4147919929752,-15.3130255598516,-15.2151308574366,
-15.1132989355925,-15.0153416267742,-14.9134442148134,-14.8154242428164,
-14.7134613358713,-14.6154074504603,-14.513488310575,-14.415487437184,-14.3136432764719,
-14.2156946551274,-14.1139261837613,-14.0160290013586,-14.015511909467),
 .UNSPECIFIED.);
#66=B_SPLINE_CURVE_WITH_KNOTS('',3,(#3697,#3698,#3699,#3700,#3701,#3702,
#3703,#3704,#3705,#3706,#3707,#3708,#3709,#3710,#3711,#3712,#3713,#3714,
#3715,#3716,#3717,#3718,#3719,#3720,#3721,#3722,#3723,#3724,#3725,#3726,
#3727,#3728,#3729,#3730,#3731,#3732),.UNSPECIFIED.,.F.,.F.,(4,2,2,2,2,2,
2,2,2,2,2,2,2,2,2,2,2,4),(-25.274426972483,-25.2450856810627,-25.1478741580677,
-25.0506268650886,-24.9534696588467,-24.8560935228427,-24.758987123578,
-24.661480802408,-24.5644215562536,-24.4667841883831,-24.3697683228503,
-24.2719994978528,-24.1750231476827,-24.0771228729502,-23.9801821058164,
-23.8821507705296,-23.7852416121177,-23.704838928149),.UNSPECIFIED.);
#67=B_SPLINE_CURVE_WITH_KNOTS('',3,(#3733,#3734,#3735,#3736,#3737,#3738,
#3739,#3740,#3741,#3742,#3743,#3744,#3745,#3746,#3747,#3748,#3749,#3750,
#3751,#3752,#3753,#3754,#3755,#3756,#3757,#3758,#3759,#3760,#3761,#3762,
#3763,#3764,#3765,#3766,#3767,#3768),.UNSPECIFIED.,.F.,.F.,(4,2,2,2,2,2,
2,2,2,2,2,2,2,2,2,2,2,4),(-14.015511909467,-13.9143369816077,-13.8164903683793,
-13.7148756174983,-13.617078643314,-13.51554203647,-13.4177937069688,-13.3163361801805,
-13.2186354327426,-13.1172579858027,-13.0196036853683,-12.9183073847126,
-12.8206983194608,-12.7194843009417,-12.621919177845,-12.5207886493583,
-12.4232660896332,-12.4211096535785),.UNSPECIFIED.);
#68=B_SPLINE_CURVE_WITH_KNOTS('',3,(#3773,#3774,#3775,#3776,#3777,#3778,
#3779,#3780,#3781,#3782,#3783,#3784,#3785,#3786,#3787,#3788,#3789,#3790,
#3791,#3792,#3793,#3794,#3795,#3796,#3797,#3798,#3799,#3800,#3801,#3802,
#3803,#3804,#3805,#3806,#3807,#3808),.UNSPECIFIED.,.F.,.F.,(4,2,2,2,2,2,
2,2,2,2,2,2,2,2,2,2,2,4),(-26.8428179124251,-26.7987623898035,-26.7010143930654,
-26.60468683331,-26.5070135647274,-26.4105867133546,-26.3129865007486,-26.2164548786644,
-26.1189257822812,-26.0222843812228,-25.9248241969958,-25.8280685101432,
-25.7306747770952,-25.6338008208598,-25.536470832449,-25.4394751593249,
-25.3422059784109,-25.274426972483),.UNSPECIFIED.);
#69=B_SPLINE_CURVE_WITH_KNOTS('',3,(#3809,#3810,#3811,#3812,#3813,#3814,
#3815,#3816,#3817,#3818,#3819,#3820,#3821,#3822,#3823,#3824,#3825,#3826,
#3827,#3828,#3829,#3830,#3831,#3832,#3833,#3834,#3835,#3836,#3837,#3838,
#3839,#3840,#3841,#3842,#3843,#3844),.UNSPECIFIED.,.F.,.F.,(4,2,2,2,2,2,
2,2,2,2,2,2,2,2,2,2,2,4),(-12.4211096535785,-12.3222203335395,-12.2247388680203,
-12.123779243293,-12.0263373077592,-11.9254652517801,-11.8280611822777,
-11.7272782121904,-11.6299102403916,-11.5292179539125,-11.4318842025694,
-11.3312842781421,-11.233982756697,-11.1334769528648,-11.036205553289,-10.9357957071467,
-10.838552200092,-10.8334927645512),.UNSPECIFIED.);
#70=B_SPLINE_CURVE_WITH_KNOTS('',3,(#3849,#3850,#3851,#3852,#3853,#3854,
#3855,#3856,#3857,#3858,#3859,#3860,#3861,#3862,#3863,#3864,#3865,#3866,
#3867,#3868,#3869,#3870,#3871,#3872,#3873,#3874,#3875,#3876,#3877,#3878,
#3879,#3880,#3881,#3882,#3883,#3884),.UNSPECIFIED.,.F.,.F.,(4,2,2,2,2,2,
2,2,2,2,2,2,2,2,2,2,2,4),(-28.4110138043001,-28.351378789269,-28.2530027413407,
-28.1572304226245,-28.0589337572777,-27.9631172067656,-27.864900054715,
-27.7690319069568,-27.6708942340117,-27.5749671405644,-27.4769087262521,
-27.380915421576,-27.2829358390621,-27.1868692017447,-27.0889677936221,
-26.9928206992872,-26.8949965688468,-26.8428179124251),.UNSPECIFIED.);
#71=B_SPLINE_CURVE_WITH_KNOTS('',3,(#3885,#3886,#3887,#3888,#3889,#3890,
#3891,#3892,#3893,#3894,#3895,#3896,#3897,#3898,#3899,#3900,#3901,#3902,
#3903,#3904,#3905,#3906,#3907,#3908,#3909,#3910,#3911,#3912,#3913,#3914,
#3915,#3916,#3917,#3918,#3919,#3920),.UNSPECIFIED.,.F.,.F.,(4,2,2,2,2,2,
2,2,2,2,2,2,2,2,2,2,2,4),(-10.8334927645512,-10.7382402246669,-10.6410222560217,
-10.5408101364218,-10.4436152243759,-10.3435050125332,-10.2463305452666,
-10.1463243530962,-10.0491675872154,-9.94926757800584,-9.85212563786199,
-9.75233401571262,-9.65520389374308,-9.55552289086695,-9.45840144910821,
-9.35883331083114,-9.26171728375341,-9.25168990158615),.UNSPECIFIED.);
#72=B_SPLINE_CURVE_WITH_KNOTS('',3,(#3925,#3926,#3927,#3928,#3929,#3930,
#3931,#3932,#3933,#3934,#3935,#3936,#3937,#3938,#3939,#3940,#3941,#3942,
#3943,#3944,#3945,#3946,#3947,#3948,#3949,#3950,#3951,#3952,#3953,#3954,
#3955,#3956,#3957,#3958,#3959,#3960),.UNSPECIFIED.,.F.,.F.,(4,2,2,2,2,2,
2,2,2,2,2,2,2,2,2,2,2,4),(-29.9798541231349,-29.9066213948619,-29.8076277051843,
-29.7119608974631,-29.6130421449801,-29.5173840190333,-29.4185409136999,
-29.3228858320877,-29.2241190721517,-29.1284610580612,-29.0297713161494,
-28.9341040746011,-28.835491981863,-28.7398089281369,-28.6412750565558,
-28.545569351883,-28.4471141949548,-28.4110138043001),.UNSPECIFIED.);
#73=B_SPLINE_CURVE_WITH_KNOTS('',3,(#3961,#3962,#3963,#3964,#3965,#3966,
#3967,#3968,#3969,#3970,#3971,#3972,#3973,#3974,#3975,#3976,#3977,#3978,
#3979,#3980,#3981,#3982,#3983,#3984,#3985,#3986,#3987,#3988,#3989,#3990,
#3991,#3992,#3993,#3994,#3995,#3996),.UNSPECIFIED.,.F.,.F.,(4,2,2,2,2,2,
2,2,2,2,2,2,2,2,2,2,2,4),(-9.25168990158615,-9.16226425105784,-9.06515024987174,
-8.96581453936127,-8.86869905794192,-8.76948283913995,-8.67236226170367,
-8.57326763164854,-8.47613824230097,-8.37716719746075,-8.2800251917118,
-8.1811795973156,-8.0840210956255,-7.98530265259394,-7.88812371597538,-7.78953392573083,
-7.69233057338469,-7.67429643832371),.UNSPECIFIED.);
#74=B_SPLINE_CURVE_WITH_KNOTS('',3,(#4001,#4002,#4003,#4004,#4005,#4006,
#4007,#4008,#4009,#4010,#4011,#4012,#4013,#4014,#4015,#4016,#4017,#4018,
#4019,#4020,#4021,#4022,#4023,#4024,#4025,#4026,#4027,#4028,#4029,#4030,
#4031,#4032,#4033,#4034,#4035,#4036),.UNSPECIFIED.,.F.,.F.,(4,2,2,2,2,2,
2,2,2,2,2,2,2,2,2,2,2,4),(-31.5506716132689,-31.4673930886748,-31.3678237690908,
-31.2719272681034,-31.1724278392674,-31.0765723990648,-30.9771433824263,
-30.8813261282752,-30.7819680819514,-30.6861858309652,-30.586899348487,
-30.491148592595,-30.3919343006317,-30.2962111918313,-30.1970697467128,
-30.1013700853256,-30.0023021681783,-29.9798541231349),.UNSPECIFIED.);
#75=B_SPLINE_CURVE_WITH_KNOTS('',3,(#4037,#4038,#4039,#4040,#4041,#4042,
#4043,#4044,#4045,#4046,#4047,#4048,#4049,#4050,#4051,#4052,#4053,#4054,
#4055,#4056,#4057,#4058,#4059,#4060,#4061,#4062,#4063,#4064,#4065,#4066,
#4067,#4068,#4069,#4070,#4071,#4072),.UNSPECIFIED.,.F.,.F.,(4,2,2,2,2,2,
2,2,2,2,2,2,2,2,2,2,2,4),(-7.67429643832371,-7.59387070092905,-7.49663892983552,
-7.39830996559857,-7.30104577192287,-7.20284839300222,-7.10554779510555,
-7.00748232663624,-6.91014138941064,-6.81220776691162,-6.71482262708461,
-6.61702036072425,-6.51958725270891,-6.42191539450457,-6.32443067630755,
-6.22688779131735,-6.12934796996501,-6.09961151318831),.UNSPECIFIED.);
#76=B_SPLINE_CURVE_WITH_KNOTS('',3,(#4077,#4078,#4079,#4080,#4081,#4082,
#4083,#4084,#4085,#4086,#4087,#4088,#4089,#4090,#4091,#4092,#4093,#4094,
#4095,#4096,#4097,#4098,#4099,#4100,#4101,#4102,#4103,#4104,#4105,#4106,
#4107,#4108,#4109,#4110,#4111,#4112),.UNSPECIFIED.,.F.,.F.,(4,2,2,2,2,2,
2,2,2,2,2,2,2,2,2,2,2,4),(-33.1252099929155,-33.0353218398535,-32.9352078883048,
-32.838909980832,-32.7388630059834,-32.6426203996042,-32.5426406564592,
-32.4464522410576,-32.3465400122697,-32.250404523312,-32.1505601211178,
-32.0544761222162,-31.9546998903055,-31.8586657547785,-31.7589580700366,
-31.6629719616311,-31.5633332356755,-31.5506716132689),.UNSPECIFIED.);
#77=B_SPLINE_CURVE_WITH_KNOTS('',3,(#4113,#4114,#4115,#4116,#4117,#4118,
#4119,#4120,#4121,#4122,#4123,#4124,#4125,#4126,#4127,#4128,#4129,#4130,
#4131,#4132,#4133,#4134,#4135,#4136,#4137,#4138,#4139,#4140,#4141,#4142,
#4143,#4144,#4145,#4146,#4147,#4148),.UNSPECIFIED.,.F.,.F.,(4,2,2,2,2,2,
2,2,2,2,2,2,2,2,2,2,2,4),(-6.09961151318831,-6.03193211253607,-5.93433386844235,
-5.83704256454231,-5.73938277422522,-5.64221301079841,-5.54448876735853,
-5.44743698951286,-5.34964562031938,-5.25270773696482,-5.154846818054,-5.05801821638414,
-4.96008558315952,-4.863361152101,-4.76535490603309,-4.66872906849537,-4.57064757964494,
-4.52609912074015),.UNSPECIFIED.);
#78=B_SPLINE_CURVE_WITH_KNOTS('',3,(#4153,#4154,#4155,#4156,#4157,#4158,
#4159,#4160,#4161,#4162,#4163,#4164,#4165,#4166,#4167,#4168,#4169,#4170,
#4171,#4172,#4173,#4174,#4175,#4176,#4177,#4178,#4179,#4180,#4181,#4182,
#4183,#4184,#4185,#4186,#4187,#4188),.UNSPECIFIED.,.F.,.F.,(4,2,2,2,2,2,
2,2,2,2,2,2,2,2,2,2,2,4),(-34.7050728616823,-34.6110898285359,-34.5104465438738,
-34.4136799544812,-34.3131023799954,-34.2163961239356,-34.1158843583922,
-34.0192380722368,-33.9187922284014,-33.8222054922077,-33.7218256982216,
-33.6252980271595,-33.5249844280231,-33.4285152630018,-33.328268022164,
-33.2318567193907,-33.1316760204409,-33.1252099929155),.UNSPECIFIED.);
#79=B_SPLINE_CURVE_WITH_KNOTS('',3,(#4189,#4190,#4191,#4192,#4193,#4194,
#4195,#4196,#4197,#4198,#4199,#4200,#4201,#4202,#4203,#4204,#4205,#4206,
#4207,#4208,#4209,#4210,#4211,#4212,#4213,#4214,#4215,#4216,#4217,#4218,
#4219,#4220,#4221,#4222,#4223,#4224),.UNSPECIFIED.,.F.,.F.,(4,2,2,2,2,2,
2,2,2,2,2,2,2,2,2,2,2,4),(-4.52609912074015,-4.47411433309994,-4.37595623842774,
-4.27950920305012,-4.18127340061921,-4.08490583861421,-3.98659147054865,
-3.89029622145322,-3.79190267146075,-3.6956725643873,-3.59719944241197,
-3.50102716837822,-3.40247428794599,-3.30635246663376,-3.20771982442866,
-3.11164107001399,-3.01292882426809,-2.9527647918801),.UNSPECIFIED.);
#80=B_SPLINE_CURVE_WITH_KNOTS('',3,(#4229,#4230,#4231,#4232,#4233,#4234,
#4235,#4236,#4237,#4238,#4239,#4240,#4241,#4242,#4243,#4244,#4245,#4246,
#4247,#4248,#4249,#4250,#4251,#4252,#4253,#4254,#4255,#4256,#4257,#4258,
#4259,#4260,#4261,#4262,#4263,#4264),.UNSPECIFIED.,.F.,.F.,(4,2,2,2,2,2,
2,2,2,2,2,2,2,2,2,2,2,4),(-36.2914250182296,-36.194928370345,-36.0937616535182,
-35.9965039987018,-35.8954025739385,-35.7982068581824,-35.6971707499446,
-35.6000368563872,-35.4990660955716,-35.4019938905381,-35.3010885151381,
-35.2040778451897,-35.1032379010265,-35.006288589559,-34.9055141310879,
-34.8086259744242,-34.7079170656215,-34.7050728616823),.UNSPECIFIED.);
#81=B_SPLINE_CURVE_WITH_KNOTS('',3,(#4265,#4266,#4267,#4268,#4269,#4270,
#4271,#4272,#4273,#4274,#4275,#4276,#4277,#4278,#4279,#4280,#4281,#4282,
#4283,#4284,#4285,#4286,#4287,#4288,#4289,#4290,#4291,#4292,#4293,#4294,
#4295,#4296,#4297,#4298,#4299,#4300),.UNSPECIFIED.,.F.,.F.,(4,2,2,2,2,2,
2,2,2,2,2,2,2,2,2,2,2,4),(-2.9527647918801,-2.91688580877451,-2.81809425710288,
-2.72207976987901,-2.62320932715468,-2.52721632928002,-2.42826750608445,
-2.33228917874789,-2.23326256085512,-2.13729234701481,-2.03818857627936,
-1.94222021518314,-1.84303997210787,-1.74706752651629,-1.64781151468442,
-1.55182939088096,-1.45249832334907,-1.37876109017645),.UNSPECIFIED.);
#82=B_SPLINE_CURVE_WITH_KNOTS('',3,(#4303,#4304,#4305,#4306,#4307,#4308,
#4309,#4310,#4311,#4312,#4313,#4314),.UNSPECIFIED.,.F.,.F.,(4,2,2,2,2,4),
(-0.257181815731457,-0.22470769605055,-0.183588951557532,-0.127175000669823,
-0.0702739452836433,-9.99998952812489E-7),.UNSPECIFIED.);
#83=B_SPLINE_CURVE_WITH_KNOTS('',3,(#4318,#4319,#4320,#4321,#4322,#4323,
#4324,#4325,#4326,#4327,#4328,#4329,#4330,#4331,#4332,#4333,#4334,#4335,
#4336,#4337,#4338,#4339,#4340,#4341),.UNSPECIFIED.,.F.,.F.,(4,2,2,2,2,2,
2,2,2,2,2,4),(-3.69282000541922,-3.51437447323383,-3.26452826535226,-2.98280032261196,
-2.71502364710621,-2.44084402149523,-2.18004217743592,-1.91380442385947,
-1.66037762996404,-1.40239537350149,-1.15666765301521,-1.07975116959525),
 .UNSPECIFIED.);
#84=B_SPLINE_CURVE_WITH_KNOTS('',3,(#4345,#4346,#4347,#4348,#4349,#4350,
#4351,#4352,#4353,#4354,#4355,#4356,#4357,#4358,#4359,#4360),
 .UNSPECIFIED.,.F.,.F.,(4,2,2,2,2,2,2,4),(-1.07975116959525,-0.9262431595498,
-0.719307415458858,-0.52873416624024,-0.359160373532772,-0.203825520525412,
-0.0865597792981653,-9.99999999917733E-7),.UNSPECIFIED.);
#85=B_SPLINE_CURVE_WITH_KNOTS('',3,(#4362,#4363,#4364,#4365,#4366,#4367,
#4368,#4369,#4370,#4371,#4372,#4373,#4374,#4375,#4376,#4377,#4378,#4379,
#4380,#4381,#4382,#4383,#4384,#4385,#4386,#4387,#4388,#4389,#4390,#4391,
#4392,#4393),.UNSPECIFIED.,.F.,.F.,(4,2,2,2,2,2,2,2,2,2,2,2,2,2,2,4),(-1.37876109017645,
-1.35650130037839,-1.2570959601478,-1.16107920152369,-1.06160021560957,
-0.965559158086392,-0.866007205848621,-0.769937699388202,-0.670313434332343,
-0.574211679883568,-0.474515725041509,-0.378378262167777,-0.278611206836011,
-0.182434898461252,-0.0909818309950059,-1.00000009295442E-6),
 .UNSPECIFIED.);
#86=B_SPLINE_CURVE_WITH_KNOTS('',3,(#4394,#4395,#4396,#4397,#4398,#4399,
#4400,#4401,#4402,#4403,#4404,#4405,#4406,#4407,#4408,#4409,#4410,#4411,
#4412,#4413,#4414,#4415,#4416,#4417,#4418,#4419,#4420,#4421),
 .UNSPECIFIED.,.F.,.F.,(4,2,2,2,2,2,2,2,2,2,2,2,2,4),(-37.4859068273122,
-37.3862358864743,-37.2865916664628,-37.1889606661406,-37.0874677555056,
-36.9898991631378,-36.888471499657,-36.7909652564444,-36.6896028403198,
-36.592158881526,-36.490861716923,-36.3934799706815,-36.2922480661279,-36.2914250182296),
 .UNSPECIFIED.);
#87=B_SPLINE_CURVE_WITH_KNOTS('',3,(#4423,#4424,#4425,#4426,#4427,#4428,
#4429,#4430,#4431,#4432,#4433,#4434,#4435,#4436,#4437,#4438,#4439,#4440,
#4441,#4442,#4443,#4444,#4445,#4446,#4447,#4448,#4449,#4450,#4451,#4452,
#4453,#4454,#4455,#4456,#4457,#4458,#4459,#4460),.UNSPECIFIED.,.F.,.F.,
(4,2,2,2,2,2,2,2,2,2,2,2,2,2,2,2,2,2,4),(0.117878528580872,0.15467790640058,
0.250271151449649,0.340153583090995,0.423912249483893,0.50258941400072,
0.576028219728729,0.644950656934151,0.709407930112605,0.7731704679446,0.836082340076997,
0.898205637493813,0.928550696275921,0.987738658234641,1.04900055442346,
1.10715683926178,1.16634250368728,1.22515676215389,1.23832361294587),
 .UNSPECIFIED.);
#88=B_SPLINE_CURVE_WITH_KNOTS('',3,(#4461,#4462,#4463,#4464,#4465,#4466,
#4467,#4468,#4469,#4470,#4471,#4472,#4473,#4474,#4475,#4476,#4477,#4478,
#4479,#4480,#4481,#4482,#4483,#4484,#4485,#4486,#4487,#4488,#4489,#4490,
#4491,#4492,#4493,#4494,#4495,#4496),.UNSPECIFIED.,.F.,.F.,(4,2,2,2,2,2,
2,2,2,2,2,2,2,2,2,2,2,4),(0.264470421159057,0.31424222530012,0.39313814515164,
0.476102313635419,0.556626736261001,0.641154615780989,0.72332702213278,
0.809441463603786,0.893277397753368,0.980997168433377,1.06650883582092,
1.15584924925909,1.24304603113461,1.33401948361301,1.42290838014892,1.51552480897428,
1.60655112466372,1.65489271553591),.UNSPECIFIED.);
#89=CONICAL_SURFACE('',#1294,2.5508,0.349065850398867);
#90=CONICAL_SURFACE('',#1296,2.5508,0.349065850398867);
#91=CONICAL_SURFACE('',#1324,1.7,0.785398163397451);
#92=CONICAL_SURFACE('',#1328,2.5508,0.349065850398867);
#93=CONICAL_SURFACE('',#1338,2.59116756396542,1.0471975511966);
#94=FACE_OUTER_BOUND('',#163,.T.);
#95=FACE_OUTER_BOUND('',#164,.T.);
#96=FACE_OUTER_BOUND('',#165,.T.);
#97=FACE_OUTER_BOUND('',#166,.T.);
#98=FACE_OUTER_BOUND('',#167,.T.);
#99=FACE_OUTER_BOUND('',#168,.T.);
#100=FACE_OUTER_BOUND('',#169,.T.);
#101=FACE_OUTER_BOUND('',#170,.T.);
#102=FACE_OUTER_BOUND('',#171,.T.);
#103=FACE_OUTER_BOUND('',#172,.T.);
#104=FACE_OUTER_BOUND('',#173,.T.);
#105=FACE_OUTER_BOUND('',#174,.T.);
#106=FACE_OUTER_BOUND('',#175,.T.);
#107=FACE_OUTER_BOUND('',#176,.T.);
#108=FACE_OUTER_BOUND('',#177,.T.);
#109=FACE_OUTER_BOUND('',#178,.T.);
#110=FACE_OUTER_BOUND('',#179,.T.);
#111=FACE_OUTER_BOUND('',#180,.T.);
#112=FACE_OUTER_BOUND('',#181,.T.);
#113=FACE_OUTER_BOUND('',#182,.T.);
#114=FACE_OUTER_BOUND('',#183,.T.);
#115=FACE_OUTER_BOUND('',#184,.T.);
#116=FACE_OUTER_BOUND('',#185,.T.);
#117=FACE_OUTER_BOUND('',#186,.T.);
#118=FACE_OUTER_BOUND('',#187,.T.);
#119=FACE_OUTER_BOUND('',#188,.T.);
#120=FACE_OUTER_BOUND('',#189,.T.);
#121=FACE_OUTER_BOUND('',#190,.T.);
#122=FACE_OUTER_BOUND('',#191,.T.);
#123=FACE_OUTER_BOUND('',#192,.T.);
#124=FACE_OUTER_BOUND('',#193,.T.);
#125=FACE_OUTER_BOUND('',#194,.T.);
#126=FACE_OUTER_BOUND('',#195,.T.);
#127=FACE_OUTER_BOUND('',#196,.T.);
#128=FACE_OUTER_BOUND('',#197,.T.);
#129=FACE_OUTER_BOUND('',#198,.T.);
#130=FACE_OUTER_BOUND('',#199,.T.);
#131=FACE_OUTER_BOUND('',#200,.T.);
#132=FACE_OUTER_BOUND('',#201,.T.);
#133=FACE_OUTER_BOUND('',#202,.T.);
#134=FACE_OUTER_BOUND('',#203,.T.);
#135=FACE_OUTER_BOUND('',#204,.T.);
#136=FACE_OUTER_BOUND('',#205,.T.);
#137=FACE_OUTER_BOUND('',#206,.T.);
#138=FACE_OUTER_BOUND('',#207,.T.);
#139=FACE_OUTER_BOUND('',#208,.T.);
#140=FACE_OUTER_BOUND('',#209,.T.);
#141=FACE_OUTER_BOUND('',#210,.T.);
#142=FACE_OUTER_BOUND('',#211,.T.);
#143=FACE_OUTER_BOUND('',#212,.T.);
#144=FACE_OUTER_BOUND('',#213,.T.);
#145=FACE_OUTER_BOUND('',#214,.T.);
#146=FACE_OUTER_BOUND('',#215,.T.);
#147=FACE_OUTER_BOUND('',#216,.T.);
#148=FACE_OUTER_BOUND('',#217,.T.);
#149=FACE_OUTER_BOUND('',#218,.T.);
#150=FACE_OUTER_BOUND('',#219,.T.);
#151=FACE_OUTER_BOUND('',#220,.T.);
#152=FACE_OUTER_BOUND('',#221,.T.);
#153=FACE_OUTER_BOUND('',#222,.T.);
#154=FACE_OUTER_BOUND('',#223,.T.);
#155=FACE_OUTER_BOUND('',#224,.T.);
#156=FACE_OUTER_BOUND('',#225,.T.);
#157=FACE_OUTER_BOUND('',#226,.T.);
#158=FACE_OUTER_BOUND('',#228,.T.);
#159=FACE_OUTER_BOUND('',#230,.T.);
#160=FACE_OUTER_BOUND('',#231,.T.);
#161=FACE_OUTER_BOUND('',#232,.T.);
#162=FACE_OUTER_BOUND('',#233,.T.);
#163=EDGE_LOOP('',(#752,#753,#754,#755));
#164=EDGE_LOOP('',(#756,#757,#758,#759));
#165=EDGE_LOOP('',(#760,#761,#762,#763));
#166=EDGE_LOOP('',(#764,#765,#766,#767));
#167=EDGE_LOOP('',(#768,#769,#770,#771));
#168=EDGE_LOOP('',(#772,#773,#774,#775));
#169=EDGE_LOOP('',(#776,#777,#778,#779));
#170=EDGE_LOOP('',(#780,#781,#782,#783));
#171=EDGE_LOOP('',(#784,#785,#786,#787));
#172=EDGE_LOOP('',(#788,#789,#790,#791));
#173=EDGE_LOOP('',(#792,#793,#794,#795));
#174=EDGE_LOOP('',(#796,#797,#798,#799));
#175=EDGE_LOOP('',(#800,#801,#802,#803));
#176=EDGE_LOOP('',(#804,#805,#806,#807));
#177=EDGE_LOOP('',(#808,#809,#810,#811));
#178=EDGE_LOOP('',(#812,#813,#814,#815));
#179=EDGE_LOOP('',(#816,#817,#818,#819));
#180=EDGE_LOOP('',(#820,#821,#822,#823));
#181=EDGE_LOOP('',(#824,#825,#826,#827));
#182=EDGE_LOOP('',(#828,#829,#830,#831));
#183=EDGE_LOOP('',(#832,#833,#834,#835));
#184=EDGE_LOOP('',(#836,#837,#838,#839));
#185=EDGE_LOOP('',(#840,#841,#842,#843,#844));
#186=EDGE_LOOP('',(#845,#846,#847,#848,#849));
#187=EDGE_LOOP('',(#850,#851,#852,#853,#854,#855,#856,#857));
#188=EDGE_LOOP('',(#858,#859,#860));
#189=EDGE_LOOP('',(#861,#862,#863,#864,#865));
#190=EDGE_LOOP('',(#866,#867,#868,#869));
#191=EDGE_LOOP('',(#870,#871,#872,#873));
#192=EDGE_LOOP('',(#874,#875,#876,#877));
#193=EDGE_LOOP('',(#878,#879,#880,#881));
#194=EDGE_LOOP('',(#882,#883,#884,#885));
#195=EDGE_LOOP('',(#886,#887,#888,#889));
#196=EDGE_LOOP('',(#890,#891,#892,#893));
#197=EDGE_LOOP('',(#894,#895,#896,#897));
#198=EDGE_LOOP('',(#898,#899,#900,#901));
#199=EDGE_LOOP('',(#902,#903,#904,#905));
#200=EDGE_LOOP('',(#906,#907,#908,#909));
#201=EDGE_LOOP('',(#910,#911,#912,#913));
#202=EDGE_LOOP('',(#914,#915,#916,#917));
#203=EDGE_LOOP('',(#918,#919,#920,#921));
#204=EDGE_LOOP('',(#922,#923,#924,#925));
#205=EDGE_LOOP('',(#926,#927,#928,#929));
#206=EDGE_LOOP('',(#930,#931,#932,#933));
#207=EDGE_LOOP('',(#934,#935,#936,#937));
#208=EDGE_LOOP('',(#938,#939,#940,#941));
#209=EDGE_LOOP('',(#942,#943,#944,#945));
#210=EDGE_LOOP('',(#946,#947,#948,#949));
#211=EDGE_LOOP('',(#950,#951,#952,#953));
#212=EDGE_LOOP('',(#954,#955,#956,#957,#958,#959,#960,#961));
#213=EDGE_LOOP('',(#962,#963,#964,#965));
#214=EDGE_LOOP('',(#966,#967,#968,#969));
#215=EDGE_LOOP('',(#970,#971,#972,#973));
#216=EDGE_LOOP('',(#974,#975,#976,#977));
#217=EDGE_LOOP('',(#978,#979,#980,#981));
#218=EDGE_LOOP('',(#982,#983,#984,#985,#986,#987,#988,#989,#990,#991));
#219=EDGE_LOOP('',(#992,#993,#994,#995,#996,#997));
#220=EDGE_LOOP('',(#998,#999,#1000,#1001));
#221=EDGE_LOOP('',(#1002,#1003,#1004,#1005,#1006));
#222=EDGE_LOOP('',(#1007,#1008,#1009,#1010));
#223=EDGE_LOOP('',(#1011,#1012,#1013,#1014));
#224=EDGE_LOOP('',(#1015,#1016,#1017,#1018));
#225=EDGE_LOOP('',(#1019,#1020,#1021,#1022));
#226=EDGE_LOOP('',(#1023));
#227=EDGE_LOOP('',(#1024));
#228=EDGE_LOOP('',(#1025));
#229=EDGE_LOOP('',(#1026));
#230=EDGE_LOOP('',(#1027,#1028,#1029));
#231=EDGE_LOOP('',(#1030,#1031,#1032,#1033,#1034,#1035,#1036,#1037,#1038,
#1039,#1040,#1041,#1042,#1043,#1044,#1045,#1046,#1047,#1048,#1049,#1050,
#1051,#1052,#1053,#1054,#1055,#1056,#1057,#1058,#1059,#1060,#1061,#1062,
#1063,#1064,#1065,#1066,#1067,#1068,#1069,#1070,#1071,#1072,#1073,#1074,
#1075,#1076,#1077,#1078,#1079,#1080,#1081,#1082));
#232=EDGE_LOOP('',(#1083,#1084,#1085,#1086,#1087,#1088,#1089,#1090,#1091,
#1092,#1093,#1094,#1095,#1096,#1097,#1098,#1099,#1100,#1101,#1102,#1103,
#1104,#1105,#1106,#1107,#1108,#1109,#1110,#1111,#1112,#1113,#1114,#1115,
#1116,#1117,#1118,#1119,#1120,#1121,#1122,#1123,#1124,#1125,#1126,#1127,
#1128,#1129,#1130,#1131,#1132,#1133,#1134));
#233=EDGE_LOOP('',(#1135));
#234=CIRCLE('',#1270,1.98038475772932);
#235=CIRCLE('',#1293,1.98038475772933);
#236=CIRCLE('',#1295,1.98038475772933);
#237=CIRCLE('',#1297,2.5508);
#238=CIRCLE('',#1298,2.5);
#239=CIRCLE('',#1299,2.5);
#240=CIRCLE('',#1325,2.50000000000001);
#241=CIRCLE('',#1326,1.7);
#242=CIRCLE('',#1330,4.);
#243=CIRCLE('',#1331,0.249999999999999);
#244=CIRCLE('',#1332,4.25);
#245=CIRCLE('',#1334,4.25);
#246=CIRCLE('',#1336,0.25);
#247=CIRCLE('',#1337,4.);
#248=CIRCLE('',#1339,2.59116756396542);
#249=(
BOUNDED_CURVE()
B_SPLINE_CURVE(2,(#1588,#1589,#1590,#1591,#1592,#1593,#1594,#1595,#1596,
#1597,#1598,#1599,#1600,#1601,#1602),.UNSPECIFIED.,.F.,.F.)
B_SPLINE_CURVE_WITH_KNOTS((3,2,2,2,2,2,2,3),(0.0278670455682049,0.0288461538461538,
0.0336538461538462,0.0384615384615385,0.0432692307692308,0.0480769230769231,
0.0528846153846154,0.0576923076923077),.UNSPECIFIED.)
CURVE()
GEOMETRIC_REPRESENTATION_ITEM()
RATIONAL_B_SPLINE_CURVE((0.97530966297128,0.984497722593376,1.,0.923879532511287,
1.,0.923879532511287,1.,0.923879532511287,1.,0.923879532511287,1.,0.923879532511287,
1.,0.923879532511287,1.))
REPRESENTATION_ITEM('')
);
#250=(
BOUNDED_CURVE()
B_SPLINE_CURVE(2,(#1605,#1606,#1607,#1608,#1609,#1610,#1611,#1612,#1613,
#1614,#1615,#1616,#1617),.UNSPECIFIED.,.F.,.F.)
B_SPLINE_CURVE_WITH_KNOTS((3,2,2,2,2,2,3),(0.0326747378759416,0.0336538461538462,
0.0384615384615385,0.0432692307692308,0.0480769230769231,0.0528846153846154,
0.0576923076923077),.UNSPECIFIED.)
CURVE()
GEOMETRIC_REPRESENTATION_ITEM()
RATIONAL_B_SPLINE_CURVE((0.975309662972113,0.984497722594079,1.,0.923879532511287,
1.,0.923879532511287,1.,0.923879532511287,1.,0.923879532511287,1.,0.923879532511287,
1.))
REPRESENTATION_ITEM('')
);
#251=(
BOUNDED_CURVE()
B_SPLINE_CURVE(2,(#1622,#1623,#1624,#1625,#1626,#1627,#1628,#1629,#1630,
#1631,#1632,#1633,#1634,#1635,#1636,#1637,#1638),.UNSPECIFIED.,.F.,.F.)
B_SPLINE_CURVE_WITH_KNOTS((3,2,2,2,2,2,2,2,3),(0.0576923076923077,0.0625,
0.0673076923076923,0.0721153846153846,0.0769230769230769,0.0817307692307692,
0.0865384615384615,0.0913461538461538,0.0961538461538462),.UNSPECIFIED.)
CURVE()
GEOMETRIC_REPRESENTATION_ITEM()
RATIONAL_B_SPLINE_CURVE((1.,0.923879532511287,1.,0.923879532511287,1.,0.923879532511287,
1.,0.923879532511287,1.,0.923879532511287,1.,0.923879532511287,1.,0.923879532511287,
1.,0.923879532511287,1.))
REPRESENTATION_ITEM('')
);
#252=(
BOUNDED_CURVE()
B_SPLINE_CURVE(2,(#1639,#1640,#1641,#1642,#1643,#1644,#1645,#1646,#1647,
#1648,#1649,#1650,#1651,#1652,#1653,#1654,#1655),.UNSPECIFIED.,.F.,.F.)
B_SPLINE_CURVE_WITH_KNOTS((3,2,2,2,2,2,2,2,3),(0.0576923076923077,0.0625,
0.0673076923076923,0.0721153846153846,0.0769230769230769,0.0817307692307692,
0.0865384615384615,0.0913461538461538,0.0961538461538462),.UNSPECIFIED.)
CURVE()
GEOMETRIC_REPRESENTATION_ITEM()
RATIONAL_B_SPLINE_CURVE((1.,0.923879532511287,1.,0.923879532511287,1.,0.923879532511287,
1.,0.923879532511287,1.,0.923879532511287,1.,0.923879532511287,1.,0.923879532511287,
1.,0.923879532511287,1.))
REPRESENTATION_ITEM('')
);
#253=(
BOUNDED_CURVE()
B_SPLINE_CURVE(2,(#1660,#1661,#1662,#1663,#1664,#1665,#1666,#1667,#1668,
#1669,#1670,#1671,#1672,#1673,#1674,#1675,#1676),.UNSPECIFIED.,.F.,.F.)
B_SPLINE_CURVE_WITH_KNOTS((3,2,2,2,2,2,2,2,3),(0.0961538461538462,0.100961538461538,
0.105769230769231,0.110576923076923,0.115384615384615,0.120192307692308,
0.125,0.129807692307692,0.134615384615385),.UNSPECIFIED.)
CURVE()
GEOMETRIC_REPRESENTATION_ITEM()
RATIONAL_B_SPLINE_CURVE((1.,0.923879532511287,1.,0.923879532511287,1.,0.923879532511287,
1.,0.923879532511287,1.,0.923879532511287,1.,0.923879532511287,1.,0.923879532511287,
1.,0.923879532511287,1.))
REPRESENTATION_ITEM('')
);
#254=(
BOUNDED_CURVE()
B_SPLINE_CURVE(2,(#1677,#1678,#1679,#1680,#1681,#1682,#1683,#1684,#1685,
#1686,#1687,#1688,#1689,#1690,#1691,#1692,#1693),.UNSPECIFIED.,.F.,.F.)
B_SPLINE_CURVE_WITH_KNOTS((3,2,2,2,2,2,2,2,3),(0.0961538461538462,0.100961538461538,
0.105769230769231,0.110576923076923,0.115384615384615,0.120192307692308,
0.125,0.129807692307692,0.134615384615385),.UNSPECIFIED.)
CURVE()
GEOMETRIC_REPRESENTATION_ITEM()
RATIONAL_B_SPLINE_CURVE((1.,0.923879532511287,1.,0.923879532511287,1.,0.923879532511287,
1.,0.923879532511287,1.,0.923879532511287,1.,0.923879532511287,1.,0.923879532511287,
1.,0.923879532511287,1.))
REPRESENTATION_ITEM('')
);
#255=(
BOUNDED_CURVE()
B_SPLINE_CURVE(2,(#1698,#1699,#1700,#1701,#1702,#1703,#1704,#1705,#1706,
#1707,#1708,#1709,#1710,#1711,#1712,#1713,#1714),.UNSPECIFIED.,.F.,.F.)
B_SPLINE_CURVE_WITH_KNOTS((3,2,2,2,2,2,2,2,3),(0.134615384615385,0.139423076923077,
0.144230769230769,0.149038461538462,0.153846153846154,0.158653846153846,
0.163461538461538,0.168269230769231,0.173076923076923),.UNSPECIFIED.)
CURVE()
GEOMETRIC_REPRESENTATION_ITEM()
RATIONAL_B_SPLINE_CURVE((1.,0.923879532511287,1.,0.923879532511287,1.,0.923879532511287,
1.,0.923879532511287,1.,0.923879532511287,1.,0.923879532511287,1.,0.923879532511287,
1.,0.923879532511287,1.))
REPRESENTATION_ITEM('')
);
#256=(
BOUNDED_CURVE()
B_SPLINE_CURVE(2,(#1715,#1716,#1717,#1718,#1719,#1720,#1721,#1722,#1723,
#1724,#1725,#1726,#1727,#1728,#1729,#1730,#1731),.UNSPECIFIED.,.F.,.F.)
B_SPLINE_CURVE_WITH_KNOTS((3,2,2,2,2,2,2,2,3),(0.134615384615385,0.139423076923077,
0.144230769230769,0.149038461538462,0.153846153846154,0.158653846153846,
0.163461538461538,0.168269230769231,0.173076923076923),.UNSPECIFIED.)
CURVE()
GEOMETRIC_REPRESENTATION_ITEM()
RATIONAL_B_SPLINE_CURVE((1.,0.923879532511287,1.,0.923879532511287,1.,0.923879532511287,
1.,0.923879532511287,1.,0.923879532511287,1.,0.923879532511287,1.,0.923879532511287,
1.,0.923879532511287,1.))
REPRESENTATION_ITEM('')
);
#257=(
BOUNDED_CURVE()
B_SPLINE_CURVE(2,(#1736,#1737,#1738,#1739,#1740,#1741,#1742,#1743,#1744,
#1745,#1746,#1747,#1748,#1749,#1750,#1751,#1752),.UNSPECIFIED.,.F.,.F.)
B_SPLINE_CURVE_WITH_KNOTS((3,2,2,2,2,2,2,2,3),(0.173076923076923,0.177884615384615,
0.182692307692308,0.1875,0.192307692307692,0.197115384615385,0.201923076923077,
0.206730769230769,0.211538461538462),.UNSPECIFIED.)
CURVE()
GEOMETRIC_REPRESENTATION_ITEM()
RATIONAL_B_SPLINE_CURVE((1.,0.923879532511287,1.,0.923879532511287,1.,0.923879532511287,
1.,0.923879532511287,1.,0.923879532511287,1.,0.923879532511287,1.,0.923879532511287,
1.,0.923879532511287,1.))
REPRESENTATION_ITEM('')
);
#258=(
BOUNDED_CURVE()
B_SPLINE_CURVE(2,(#1753,#1754,#1755,#1756,#1757,#1758,#1759,#1760,#1761,
#1762,#1763,#1764,#1765,#1766,#1767,#1768,#1769),.UNSPECIFIED.,.F.,.F.)
B_SPLINE_CURVE_WITH_KNOTS((3,2,2,2,2,2,2,2,3),(0.173076923076923,0.177884615384615,
0.182692307692308,0.1875,0.192307692307692,0.197115384615385,0.201923076923077,
0.206730769230769,0.211538461538462),.UNSPECIFIED.)
CURVE()
GEOMETRIC_REPRESENTATION_ITEM()
RATIONAL_B_SPLINE_CURVE((1.,0.923879532511287,1.,0.923879532511287,1.,0.923879532511287,
1.,0.923879532511287,1.,0.923879532511287,1.,0.923879532511287,1.,0.923879532511287,
1.,0.923879532511287,1.))
REPRESENTATION_ITEM('')
);
#259=(
BOUNDED_CURVE()
B_SPLINE_CURVE(2,(#1774,#1775,#1776,#1777,#1778,#1779,#1780,#1781,#1782,
#1783,#1784,#1785,#1786,#1787,#1788,#1789,#1790),.UNSPECIFIED.,.F.,.F.)
B_SPLINE_CURVE_WITH_KNOTS((3,2,2,2,2,2,2,2,3),(0.211538461538462,0.216346153846154,
0.221153846153846,0.225961538461538,0.230769230769231,0.235576923076923,
0.240384615384615,0.245192307692308,0.25),.UNSPECIFIED.)
CURVE()
GEOMETRIC_REPRESENTATION_ITEM()
RATIONAL_B_SPLINE_CURVE((1.,0.923879532511287,1.,0.923879532511287,1.,0.923879532511287,
1.,0.923879532511287,1.,0.923879532511287,1.,0.923879532511287,1.,0.923879532511287,
1.,0.923879532511287,1.))
REPRESENTATION_ITEM('')
);
#260=(
BOUNDED_CURVE()
B_SPLINE_CURVE(2,(#1791,#1792,#1793,#1794,#1795,#1796,#1797,#1798,#1799,
#1800,#1801,#1802,#1803,#1804,#1805,#1806,#1807),.UNSPECIFIED.,.F.,.F.)
B_SPLINE_CURVE_WITH_KNOTS((3,2,2,2,2,2,2,2,3),(0.211538461538462,0.216346153846154,
0.221153846153846,0.225961538461538,0.230769230769231,0.235576923076923,
0.240384615384615,0.245192307692308,0.25),.UNSPECIFIED.)
CURVE()
GEOMETRIC_REPRESENTATION_ITEM()
RATIONAL_B_SPLINE_CURVE((1.,0.923879532511287,1.,0.923879532511287,1.,0.923879532511287,
1.,0.923879532511287,1.,0.923879532511287,1.,0.923879532511287,1.,0.923879532511287,
1.,0.923879532511287,1.))
REPRESENTATION_ITEM('')
);
#261=(
BOUNDED_CURVE()
B_SPLINE_CURVE(2,(#1812,#1813,#1814,#1815,#1816,#1817,#1818,#1819,#1820,
#1821,#1822,#1823,#1824,#1825,#1826,#1827,#1828),.UNSPECIFIED.,.F.,.F.)
B_SPLINE_CURVE_WITH_KNOTS((3,2,2,2,2,2,2,2,3),(0.25,0.254807692307692,0.259615384615385,
0.264423076923077,0.269230769230769,0.274038461538462,0.278846153846154,
0.283653846153846,0.288461538461538),.UNSPECIFIED.)
CURVE()
GEOMETRIC_REPRESENTATION_ITEM()
RATIONAL_B_SPLINE_CURVE((1.,0.923879532511287,1.,0.923879532511287,1.,0.923879532511287,
1.,0.923879532511287,1.,0.923879532511287,1.,0.923879532511287,1.,0.923879532511287,
1.,0.923879532511287,1.))
REPRESENTATION_ITEM('')
);
#262=(
BOUNDED_CURVE()
B_SPLINE_CURVE(2,(#1829,#1830,#1831,#1832,#1833,#1834,#1835,#1836,#1837,
#1838,#1839,#1840,#1841,#1842,#1843,#1844,#1845),.UNSPECIFIED.,.F.,.F.)
B_SPLINE_CURVE_WITH_KNOTS((3,2,2,2,2,2,2,2,3),(0.25,0.254807692307692,0.259615384615385,
0.264423076923077,0.269230769230769,0.274038461538462,0.278846153846154,
0.283653846153846,0.288461538461538),.UNSPECIFIED.)
CURVE()
GEOMETRIC_REPRESENTATION_ITEM()
RATIONAL_B_SPLINE_CURVE((1.,0.923879532511287,1.,0.923879532511287,1.,0.923879532511287,
1.,0.923879532511287,1.,0.923879532511287,1.,0.923879532511287,1.,0.923879532511287,
1.,0.923879532511287,1.))
REPRESENTATION_ITEM('')
);
#263=(
BOUNDED_CURVE()
B_SPLINE_CURVE(2,(#1850,#1851,#1852,#1853,#1854,#1855,#1856,#1857,#1858,
#1859,#1860,#1861,#1862,#1863,#1864,#1865,#1866),.UNSPECIFIED.,.F.,.F.)
B_SPLINE_CURVE_WITH_KNOTS((3,2,2,2,2,2,2,2,3),(0.288461538461538,0.293269230769231,
0.298076923076923,0.302884615384615,0.307692307692308,0.3125,0.317307692307692,
0.322115384615385,0.326923076923077),.UNSPECIFIED.)
CURVE()
GEOMETRIC_REPRESENTATION_ITEM()
RATIONAL_B_SPLINE_CURVE((1.,0.923879532511287,1.,0.923879532511287,1.,0.923879532511287,
1.,0.923879532511287,1.,0.923879532511287,1.,0.923879532511287,1.,0.923879532511287,
1.,0.923879532511287,1.))
REPRESENTATION_ITEM('')
);
#264=(
BOUNDED_CURVE()
B_SPLINE_CURVE(2,(#1867,#1868,#1869,#1870,#1871,#1872,#1873,#1874,#1875,
#1876,#1877,#1878,#1879,#1880,#1881,#1882,#1883),.UNSPECIFIED.,.F.,.F.)
B_SPLINE_CURVE_WITH_KNOTS((3,2,2,2,2,2,2,2,3),(0.288461538461538,0.293269230769231,
0.298076923076923,0.302884615384615,0.307692307692308,0.3125,0.317307692307692,
0.322115384615385,0.326923076923077),.UNSPECIFIED.)
CURVE()
GEOMETRIC_REPRESENTATION_ITEM()
RATIONAL_B_SPLINE_CURVE((1.,0.923879532511287,1.,0.923879532511287,1.,0.923879532511287,
1.,0.923879532511287,1.,0.923879532511287,1.,0.923879532511287,1.,0.923879532511287,
1.,0.923879532511287,1.))
REPRESENTATION_ITEM('')
);
#265=(
BOUNDED_CURVE()
B_SPLINE_CURVE(2,(#1888,#1889,#1890,#1891,#1892,#1893,#1894,#1895,#1896,
#1897,#1898,#1899,#1900,#1901,#1902,#1903,#1904),.UNSPECIFIED.,.F.,.F.)
B_SPLINE_CURVE_WITH_KNOTS((3,2,2,2,2,2,2,2,3),(0.326923076923077,0.331730769230769,
0.336538461538462,0.341346153846154,0.346153846153846,0.350961538461538,
0.355769230769231,0.360576923076923,0.365384615384615),.UNSPECIFIED.)
CURVE()
GEOMETRIC_REPRESENTATION_ITEM()
RATIONAL_B_SPLINE_CURVE((1.,0.923879532511287,1.,0.923879532511287,1.,0.923879532511287,
1.,0.923879532511287,1.,0.923879532511287,1.,0.923879532511287,1.,0.923879532511287,
1.,0.923879532511287,1.))
REPRESENTATION_ITEM('')
);
#266=(
BOUNDED_CURVE()
B_SPLINE_CURVE(2,(#1905,#1906,#1907,#1908,#1909,#1910,#1911,#1912,#1913,
#1914,#1915,#1916,#1917,#1918,#1919,#1920,#1921),.UNSPECIFIED.,.F.,.F.)
B_SPLINE_CURVE_WITH_KNOTS((3,2,2,2,2,2,2,2,3),(0.326923076923077,0.331730769230769,
0.336538461538462,0.341346153846154,0.346153846153846,0.350961538461538,
0.355769230769231,0.360576923076923,0.365384615384615),.UNSPECIFIED.)
CURVE()
GEOMETRIC_REPRESENTATION_ITEM()
RATIONAL_B_SPLINE_CURVE((1.,0.923879532511287,1.,0.923879532511287,1.,0.923879532511287,
1.,0.923879532511287,1.,0.923879532511287,1.,0.923879532511287,1.,0.923879532511287,
1.,0.923879532511287,1.))
REPRESENTATION_ITEM('')
);
#267=(
BOUNDED_CURVE()
B_SPLINE_CURVE(2,(#1926,#1927,#1928,#1929,#1930,#1931,#1932,#1933,#1934,
#1935,#1936,#1937,#1938,#1939,#1940,#1941,#1942),.UNSPECIFIED.,.F.,.F.)
B_SPLINE_CURVE_WITH_KNOTS((3,2,2,2,2,2,2,2,3),(0.365384615384615,0.370192307692308,
0.375,0.379807692307692,0.384615384615385,0.389423076923077,0.394230769230769,
0.399038461538462,0.403846153846154),.UNSPECIFIED.)
CURVE()
GEOMETRIC_REPRESENTATION_ITEM()
RATIONAL_B_SPLINE_CURVE((1.,0.923879532511287,1.,0.923879532511287,1.,0.923879532511287,
1.,0.923879532511287,1.,0.923879532511287,1.,0.923879532511287,1.,0.923879532511287,
1.,0.923879532511287,1.))
REPRESENTATION_ITEM('')
);
#268=(
BOUNDED_CURVE()
B_SPLINE_CURVE(2,(#1943,#1944,#1945,#1946,#1947,#1948,#1949,#1950,#1951,
#1952,#1953,#1954,#1955,#1956,#1957,#1958,#1959),.UNSPECIFIED.,.F.,.F.)
B_SPLINE_CURVE_WITH_KNOTS((3,2,2,2,2,2,2,2,3),(0.365384615384615,0.370192307692308,
0.375,0.379807692307692,0.384615384615385,0.389423076923077,0.394230769230769,
0.399038461538462,0.403846153846154),.UNSPECIFIED.)
CURVE()
GEOMETRIC_REPRESENTATION_ITEM()
RATIONAL_B_SPLINE_CURVE((1.,0.923879532511287,1.,0.923879532511287,1.,0.923879532511287,
1.,0.923879532511287,1.,0.923879532511287,1.,0.923879532511287,1.,0.923879532511287,
1.,0.923879532511287,1.))
REPRESENTATION_ITEM('')
);
#269=(
BOUNDED_CURVE()
B_SPLINE_CURVE(2,(#1964,#1965,#1966,#1967,#1968,#1969,#1970,#1971,#1972,
#1973,#1974,#1975,#1976,#1977,#1978,#1979,#1980),.UNSPECIFIED.,.F.,.F.)
B_SPLINE_CURVE_WITH_KNOTS((3,2,2,2,2,2,2,2,3),(0.403846153846154,0.408653846153846,
0.413461538461538,0.418269230769231,0.423076923076923,0.427884615384615,
0.432692307692308,0.4375,0.442307692307692),.UNSPECIFIED.)
CURVE()
GEOMETRIC_REPRESENTATION_ITEM()
RATIONAL_B_SPLINE_CURVE((1.,0.923879532511287,1.,0.923879532511287,1.,0.923879532511287,
1.,0.923879532511287,1.,0.923879532511287,1.,0.923879532511287,1.,0.923879532511287,
1.,0.923879532511287,1.))
REPRESENTATION_ITEM('')
);
#270=(
BOUNDED_CURVE()
B_SPLINE_CURVE(2,(#1981,#1982,#1983,#1984,#1985,#1986,#1987,#1988,#1989,
#1990,#1991,#1992,#1993,#1994,#1995,#1996,#1997),.UNSPECIFIED.,.F.,.F.)
B_SPLINE_CURVE_WITH_KNOTS((3,2,2,2,2,2,2,2,3),(0.403846153846154,0.408653846153846,
0.413461538461538,0.418269230769231,0.423076923076923,0.427884615384615,
0.432692307692308,0.4375,0.442307692307692),.UNSPECIFIED.)
CURVE()
GEOMETRIC_REPRESENTATION_ITEM()
RATIONAL_B_SPLINE_CURVE((1.,0.923879532511287,1.,0.923879532511287,1.,0.923879532511287,
1.,0.923879532511287,1.,0.923879532511287,1.,0.923879532511287,1.,0.923879532511287,
1.,0.923879532511287,1.))
REPRESENTATION_ITEM('')
);
#271=(
BOUNDED_CURVE()
B_SPLINE_CURVE(2,(#2002,#2003,#2004,#2005,#2006,#2007,#2008,#2009,#2010,
#2011,#2012,#2013,#2014,#2015,#2016,#2017,#2018),.UNSPECIFIED.,.F.,.F.)
B_SPLINE_CURVE_WITH_KNOTS((3,2,2,2,2,2,2,2,3),(0.442307692307692,0.447115384615385,
0.451923076923077,0.456730769230769,0.461538461538462,0.466346153846154,
0.471153846153846,0.475961538461538,0.480769230769231),.UNSPECIFIED.)
CURVE()
GEOMETRIC_REPRESENTATION_ITEM()
RATIONAL_B_SPLINE_CURVE((1.,0.923879532511287,1.,0.923879532511287,1.,0.923879532511287,
1.,0.923879532511287,1.,0.923879532511287,1.,0.923879532511287,1.,0.923879532511287,
1.,0.923879532511287,1.))
REPRESENTATION_ITEM('')
);
#272=(
BOUNDED_CURVE()
B_SPLINE_CURVE(2,(#2019,#2020,#2021,#2022,#2023,#2024,#2025,#2026,#2027,
#2028,#2029,#2030,#2031,#2032,#2033,#2034,#2035),.UNSPECIFIED.,.F.,.F.)
B_SPLINE_CURVE_WITH_KNOTS((3,2,2,2,2,2,2,2,3),(0.442307692307692,0.447115384615385,
0.451923076923077,0.456730769230769,0.461538461538462,0.466346153846154,
0.471153846153846,0.475961538461538,0.480769230769231),.UNSPECIFIED.)
CURVE()
GEOMETRIC_REPRESENTATION_ITEM()
RATIONAL_B_SPLINE_CURVE((1.,0.923879532511287,1.,0.923879532511287,1.,0.923879532511287,
1.,0.923879532511287,1.,0.923879532511287,1.,0.923879532511287,1.,0.923879532511287,
1.,0.923879532511287,1.))
REPRESENTATION_ITEM('')
);
#273=(
BOUNDED_CURVE()
B_SPLINE_CURVE(2,(#2040,#2041,#2042,#2043,#2044,#2045,#2046,#2047,#2048,
#2049,#2050,#2051,#2052,#2053,#2054,#2055,#2056),.UNSPECIFIED.,.F.,.F.)
B_SPLINE_CURVE_WITH_KNOTS((3,2,2,2,2,2,2,2,3),(0.480769230769231,0.485576923076923,
0.490384615384615,0.495192307692308,0.5,0.504807692307692,0.509615384615385,
0.514423076923077,0.519230769230769),.UNSPECIFIED.)
CURVE()
GEOMETRIC_REPRESENTATION_ITEM()
RATIONAL_B_SPLINE_CURVE((1.,0.923879532511287,1.,0.923879532511287,1.,0.923879532511287,
1.,0.923879532511287,1.,0.923879532511287,1.,0.923879532511287,1.,0.923879532511287,
1.,0.923879532511287,1.))
REPRESENTATION_ITEM('')
);
#274=(
BOUNDED_CURVE()
B_SPLINE_CURVE(2,(#2057,#2058,#2059,#2060,#2061,#2062,#2063,#2064,#2065,
#2066,#2067,#2068,#2069,#2070,#2071,#2072,#2073),.UNSPECIFIED.,.F.,.F.)
B_SPLINE_CURVE_WITH_KNOTS((3,2,2,2,2,2,2,2,3),(0.480769230769231,0.485576923076923,
0.490384615384615,0.495192307692308,0.5,0.504807692307692,0.509615384615385,
0.514423076923077,0.519230769230769),.UNSPECIFIED.)
CURVE()
GEOMETRIC_REPRESENTATION_ITEM()
RATIONAL_B_SPLINE_CURVE((1.,0.923879532511287,1.,0.923879532511287,1.,0.923879532511287,
1.,0.923879532511287,1.,0.923879532511287,1.,0.923879532511287,1.,0.923879532511287,
1.,0.923879532511287,1.))
REPRESENTATION_ITEM('')
);
#275=(
BOUNDED_CURVE()
B_SPLINE_CURVE(2,(#2078,#2079,#2080,#2081,#2082,#2083,#2084,#2085,#2086,
#2087,#2088,#2089,#2090,#2091,#2092,#2093,#2094),.UNSPECIFIED.,.F.,.F.)
B_SPLINE_CURVE_WITH_KNOTS((3,2,2,2,2,2,2,2,3),(0.519230769230769,0.524038461538462,
0.528846153846154,0.533653846153846,0.538461538461538,0.543269230769231,
0.548076923076923,0.552884615384615,0.557692307692308),.UNSPECIFIED.)
CURVE()
GEOMETRIC_REPRESENTATION_ITEM()
RATIONAL_B_SPLINE_CURVE((1.,0.923879532511287,1.,0.923879532511287,1.,0.923879532511287,
1.,0.923879532511287,1.,0.923879532511287,1.,0.923879532511287,1.,0.923879532511287,
1.,0.923879532511287,1.))
REPRESENTATION_ITEM('')
);
#276=(
BOUNDED_CURVE()
B_SPLINE_CURVE(2,(#2095,#2096,#2097,#2098,#2099,#2100,#2101,#2102,#2103,
#2104,#2105,#2106,#2107,#2108,#2109,#2110,#2111),.UNSPECIFIED.,.F.,.F.)
B_SPLINE_CURVE_WITH_KNOTS((3,2,2,2,2,2,2,2,3),(0.519230769230769,0.524038461538462,
0.528846153846154,0.533653846153846,0.538461538461538,0.543269230769231,
0.548076923076923,0.552884615384615,0.557692307692308),.UNSPECIFIED.)
CURVE()
GEOMETRIC_REPRESENTATION_ITEM()
RATIONAL_B_SPLINE_CURVE((1.,0.923879532511287,1.,0.923879532511287,1.,0.923879532511287,
1.,0.923879532511287,1.,0.923879532511287,1.,0.923879532511287,1.,0.923879532511287,
1.,0.923879532511287,1.))
REPRESENTATION_ITEM('')
);
#277=(
BOUNDED_CURVE()
B_SPLINE_CURVE(2,(#2116,#2117,#2118,#2119,#2120,#2121,#2122,#2123,#2124,
#2125,#2126,#2127,#2128,#2129,#2130,#2131,#2132),.UNSPECIFIED.,.F.,.F.)
B_SPLINE_CURVE_WITH_KNOTS((3,2,2,2,2,2,2,2,3),(0.557692307692308,0.5625,
0.567307692307692,0.572115384615385,0.576923076923077,0.581730769230769,
0.586538461538462,0.591346153846154,0.596153846153846),.UNSPECIFIED.)
CURVE()
GEOMETRIC_REPRESENTATION_ITEM()
RATIONAL_B_SPLINE_CURVE((1.,0.923879532511287,1.,0.923879532511287,1.,0.923879532511287,
1.,0.923879532511287,1.,0.923879532511287,1.,0.923879532511287,1.,0.923879532511287,
1.,0.923879532511287,1.))
REPRESENTATION_ITEM('')
);
#278=(
BOUNDED_CURVE()
B_SPLINE_CURVE(2,(#2133,#2134,#2135,#2136,#2137,#2138,#2139,#2140,#2141,
#2142,#2143,#2144,#2145,#2146,#2147,#2148,#2149),.UNSPECIFIED.,.F.,.F.)
B_SPLINE_CURVE_WITH_KNOTS((3,2,2,2,2,2,2,2,3),(0.557692307692308,0.5625,
0.567307692307692,0.572115384615385,0.576923076923077,0.581730769230769,
0.586538461538462,0.591346153846154,0.596153846153846),.UNSPECIFIED.)
CURVE()
GEOMETRIC_REPRESENTATION_ITEM()
RATIONAL_B_SPLINE_CURVE((1.,0.923879532511287,1.,0.923879532511287,1.,0.923879532511287,
1.,0.923879532511287,1.,0.923879532511287,1.,0.923879532511287,1.,0.923879532511287,
1.,0.923879532511287,1.))
REPRESENTATION_ITEM('')
);
#279=(
BOUNDED_CURVE()
B_SPLINE_CURVE(2,(#2154,#2155,#2156,#2157,#2158,#2159,#2160,#2161,#2162,
#2163,#2164,#2165,#2166,#2167,#2168,#2169,#2170),.UNSPECIFIED.,.F.,.F.)
B_SPLINE_CURVE_WITH_KNOTS((3,2,2,2,2,2,2,2,3),(0.596153846153846,0.600961538461538,
0.605769230769231,0.610576923076923,0.615384615384615,0.620192307692308,
0.625,0.629807692307692,0.634615384615385),.UNSPECIFIED.)
CURVE()
GEOMETRIC_REPRESENTATION_ITEM()
RATIONAL_B_SPLINE_CURVE((1.,0.923879532511287,1.,0.923879532511287,1.,0.923879532511287,
1.,0.923879532511287,1.,0.923879532511287,1.,0.923879532511287,1.,0.923879532511287,
1.,0.923879532511287,1.))
REPRESENTATION_ITEM('')
);
#280=(
BOUNDED_CURVE()
B_SPLINE_CURVE(2,(#2171,#2172,#2173,#2174,#2175,#2176,#2177,#2178,#2179,
#2180,#2181,#2182,#2183,#2184,#2185,#2186,#2187),.UNSPECIFIED.,.F.,.F.)
B_SPLINE_CURVE_WITH_KNOTS((3,2,2,2,2,2,2,2,3),(0.596153846153846,0.600961538461538,
0.605769230769231,0.610576923076923,0.615384615384615,0.620192307692308,
0.625,0.629807692307692,0.634615384615385),.UNSPECIFIED.)
CURVE()
GEOMETRIC_REPRESENTATION_ITEM()
RATIONAL_B_SPLINE_CURVE((1.,0.923879532511287,1.,0.923879532511287,1.,0.923879532511287,
1.,0.923879532511287,1.,0.923879532511287,1.,0.923879532511287,1.,0.923879532511287,
1.,0.923879532511287,1.))
REPRESENTATION_ITEM('')
);
#281=(
BOUNDED_CURVE()
B_SPLINE_CURVE(2,(#2192,#2193,#2194,#2195,#2196,#2197,#2198,#2199,#2200,
#2201,#2202,#2203,#2204,#2205,#2206,#2207,#2208),.UNSPECIFIED.,.F.,.F.)
B_SPLINE_CURVE_WITH_KNOTS((3,2,2,2,2,2,2,2,3),(0.634615384615385,0.639423076923077,
0.644230769230769,0.649038461538462,0.653846153846154,0.658653846153846,
0.663461538461538,0.668269230769231,0.673076923076923),.UNSPECIFIED.)
CURVE()
GEOMETRIC_REPRESENTATION_ITEM()
RATIONAL_B_SPLINE_CURVE((1.,0.923879532511287,1.,0.923879532511287,1.,0.923879532511287,
1.,0.923879532511287,1.,0.923879532511287,1.,0.923879532511287,1.,0.923879532511287,
1.,0.923879532511287,1.))
REPRESENTATION_ITEM('')
);
#282=(
BOUNDED_CURVE()
B_SPLINE_CURVE(2,(#2209,#2210,#2211,#2212,#2213,#2214,#2215,#2216,#2217,
#2218,#2219,#2220,#2221,#2222,#2223,#2224,#2225),.UNSPECIFIED.,.F.,.F.)
B_SPLINE_CURVE_WITH_KNOTS((3,2,2,2,2,2,2,2,3),(0.634615384615385,0.639423076923077,
0.644230769230769,0.649038461538462,0.653846153846154,0.658653846153846,
0.663461538461538,0.668269230769231,0.673076923076923),.UNSPECIFIED.)
CURVE()
GEOMETRIC_REPRESENTATION_ITEM()
RATIONAL_B_SPLINE_CURVE((1.,0.923879532511287,1.,0.923879532511287,1.,0.923879532511287,
1.,0.923879532511287,1.,0.923879532511287,1.,0.923879532511287,1.,0.923879532511287,
1.,0.923879532511287,1.))
REPRESENTATION_ITEM('')
);
#283=(
BOUNDED_CURVE()
B_SPLINE_CURVE(2,(#2230,#2231,#2232,#2233,#2234,#2235,#2236,#2237,#2238,
#2239,#2240,#2241,#2242,#2243,#2244,#2245,#2246),.UNSPECIFIED.,.F.,.F.)
B_SPLINE_CURVE_WITH_KNOTS((3,2,2,2,2,2,2,2,3),(0.673076923076923,0.677884615384615,
0.682692307692308,0.6875,0.692307692307692,0.697115384615385,0.701923076923077,
0.706730769230769,0.711538461538462),.UNSPECIFIED.)
CURVE()
GEOMETRIC_REPRESENTATION_ITEM()
RATIONAL_B_SPLINE_CURVE((1.,0.923879532511287,1.,0.923879532511287,1.,0.923879532511287,
1.,0.923879532511287,1.,0.923879532511287,1.,0.923879532511287,1.,0.923879532511287,
1.,0.923879532511287,1.))
REPRESENTATION_ITEM('')
);
#284=(
BOUNDED_CURVE()
B_SPLINE_CURVE(2,(#2247,#2248,#2249,#2250,#2251,#2252,#2253,#2254,#2255,
#2256,#2257,#2258,#2259,#2260,#2261,#2262,#2263),.UNSPECIFIED.,.F.,.F.)
B_SPLINE_CURVE_WITH_KNOTS((3,2,2,2,2,2,2,2,3),(0.673076923076923,0.677884615384615,
0.682692307692308,0.6875,0.692307692307692,0.697115384615385,0.701923076923077,
0.706730769230769,0.711538461538462),.UNSPECIFIED.)
CURVE()
GEOMETRIC_REPRESENTATION_ITEM()
RATIONAL_B_SPLINE_CURVE((1.,0.923879532511287,1.,0.923879532511287,1.,0.923879532511287,
1.,0.923879532511287,1.,0.923879532511287,1.,0.923879532511287,1.,0.923879532511287,
1.,0.923879532511287,1.))
REPRESENTATION_ITEM('')
);
#285=(
BOUNDED_CURVE()
B_SPLINE_CURVE(2,(#2268,#2269,#2270,#2271,#2272,#2273,#2274,#2275,#2276,
#2277,#2278,#2279,#2280,#2281,#2282,#2283,#2284),.UNSPECIFIED.,.F.,.F.)
B_SPLINE_CURVE_WITH_KNOTS((3,2,2,2,2,2,2,2,3),(0.711538461538462,0.716346153846154,
0.721153846153846,0.725961538461538,0.730769230769231,0.735576923076923,
0.740384615384615,0.745192307692308,0.75),.UNSPECIFIED.)
CURVE()
GEOMETRIC_REPRESENTATION_ITEM()
RATIONAL_B_SPLINE_CURVE((1.,0.923879532511287,1.,0.923879532511287,1.,0.923879532511287,
1.,0.923879532511287,1.,0.923879532511287,1.,0.923879532511287,1.,0.923879532511287,
1.,0.923879532511287,1.))
REPRESENTATION_ITEM('')
);
#286=(
BOUNDED_CURVE()
B_SPLINE_CURVE(2,(#2285,#2286,#2287,#2288,#2289,#2290,#2291,#2292,#2293,
#2294,#2295,#2296,#2297,#2298,#2299,#2300,#2301),.UNSPECIFIED.,.F.,.F.)
B_SPLINE_CURVE_WITH_KNOTS((3,2,2,2,2,2,2,2,3),(0.711538461538462,0.716346153846154,
0.721153846153846,0.725961538461538,0.730769230769231,0.735576923076923,
0.740384615384615,0.745192307692308,0.75),.UNSPECIFIED.)
CURVE()
GEOMETRIC_REPRESENTATION_ITEM()
RATIONAL_B_SPLINE_CURVE((1.,0.923879532511287,1.,0.923879532511287,1.,0.923879532511287,
1.,0.923879532511287,1.,0.923879532511287,1.,0.923879532511287,1.,0.923879532511287,
1.,0.923879532511287,1.))
REPRESENTATION_ITEM('')
);
#287=(
BOUNDED_CURVE()
B_SPLINE_CURVE(2,(#2306,#2307,#2308,#2309,#2310,#2311,#2312,#2313,#2314,
#2315,#2316,#2317,#2318,#2319,#2320,#2321,#2322),.UNSPECIFIED.,.F.,.F.)
B_SPLINE_CURVE_WITH_KNOTS((3,2,2,2,2,2,2,2,3),(0.75,0.754807692307692,0.759615384615385,
0.764423076923077,0.769230769230769,0.774038461538462,0.778846153846154,
0.783653846153846,0.788461538461538),.UNSPECIFIED.)
CURVE()
GEOMETRIC_REPRESENTATION_ITEM()
RATIONAL_B_SPLINE_CURVE((1.,0.923879532511287,1.,0.923879532511287,1.,0.923879532511287,
1.,0.923879532511287,1.,0.923879532511287,1.,0.923879532511287,1.,0.923879532511287,
1.,0.923879532511287,1.))
REPRESENTATION_ITEM('')
);
#288=(
BOUNDED_CURVE()
B_SPLINE_CURVE(2,(#2323,#2324,#2325,#2326,#2327,#2328,#2329,#2330,#2331,
#2332,#2333,#2334,#2335,#2336,#2337,#2338,#2339),.UNSPECIFIED.,.F.,.F.)
B_SPLINE_CURVE_WITH_KNOTS((3,2,2,2,2,2,2,2,3),(0.75,0.754807692307692,0.759615384615385,
0.764423076923077,0.769230769230769,0.774038461538462,0.778846153846154,
0.783653846153846,0.788461538461538),.UNSPECIFIED.)
CURVE()
GEOMETRIC_REPRESENTATION_ITEM()
RATIONAL_B_SPLINE_CURVE((1.,0.923879532511287,1.,0.923879532511287,1.,0.923879532511287,
1.,0.923879532511287,1.,0.923879532511287,1.,0.923879532511287,1.,0.923879532511287,
1.,0.923879532511287,1.))
REPRESENTATION_ITEM('')
);
#289=(
BOUNDED_CURVE()
B_SPLINE_CURVE(2,(#2344,#2345,#2346,#2347,#2348,#2349,#2350,#2351,#2352,
#2353,#2354,#2355,#2356,#2357,#2358,#2359,#2360),.UNSPECIFIED.,.F.,.F.)
B_SPLINE_CURVE_WITH_KNOTS((3,2,2,2,2,2,2,2,3),(0.788461538461538,0.793269230769231,
0.798076923076923,0.802884615384615,0.807692307692308,0.8125,0.817307692307692,
0.822115384615385,0.826923076923077),.UNSPECIFIED.)
CURVE()
GEOMETRIC_REPRESENTATION_ITEM()
RATIONAL_B_SPLINE_CURVE((1.,0.923879532511287,1.,0.923879532511287,1.,0.923879532511287,
1.,0.923879532511287,1.,0.923879532511287,1.,0.923879532511287,1.,0.923879532511287,
1.,0.923879532511287,1.))
REPRESENTATION_ITEM('')
);
#290=(
BOUNDED_CURVE()
B_SPLINE_CURVE(2,(#2361,#2362,#2363,#2364,#2365,#2366,#2367,#2368,#2369,
#2370,#2371,#2372,#2373,#2374,#2375,#2376,#2377),.UNSPECIFIED.,.F.,.F.)
B_SPLINE_CURVE_WITH_KNOTS((3,2,2,2,2,2,2,2,3),(0.788461538461538,0.793269230769231,
0.798076923076923,0.802884615384615,0.807692307692308,0.8125,0.817307692307692,
0.822115384615385,0.826923076923077),.UNSPECIFIED.)
CURVE()
GEOMETRIC_REPRESENTATION_ITEM()
RATIONAL_B_SPLINE_CURVE((1.,0.923879532511287,1.,0.923879532511287,1.,0.923879532511287,
1.,0.923879532511287,1.,0.923879532511287,1.,0.923879532511287,1.,0.923879532511287,
1.,0.923879532511287,1.))
REPRESENTATION_ITEM('')
);
#291=(
BOUNDED_CURVE()
B_SPLINE_CURVE(2,(#2382,#2383,#2384,#2385,#2386,#2387,#2388,#2389,#2390,
#2391,#2392,#2393,#2394,#2395,#2396,#2397,#2398),.UNSPECIFIED.,.F.,.F.)
B_SPLINE_CURVE_WITH_KNOTS((3,2,2,2,2,2,2,2,3),(0.826923076923077,0.831730769230769,
0.836538461538462,0.841346153846154,0.846153846153846,0.850961538461539,
0.855769230769231,0.860576923076923,0.865384615384615),.UNSPECIFIED.)
CURVE()
GEOMETRIC_REPRESENTATION_ITEM()
RATIONAL_B_SPLINE_CURVE((1.,0.923879532511287,1.,0.923879532511287,1.,0.923879532511287,
1.,0.923879532511287,1.,0.923879532511287,1.,0.923879532511287,1.,0.923879532511287,
1.,0.923879532511287,1.))
REPRESENTATION_ITEM('')
);
#292=(
BOUNDED_CURVE()
B_SPLINE_CURVE(2,(#2399,#2400,#2401,#2402,#2403,#2404,#2405,#2406,#2407,
#2408,#2409,#2410,#2411,#2412,#2413,#2414,#2415),.UNSPECIFIED.,.F.,.F.)
B_SPLINE_CURVE_WITH_KNOTS((3,2,2,2,2,2,2,2,3),(0.826923076923077,0.831730769230769,
0.836538461538462,0.841346153846154,0.846153846153846,0.850961538461538,
0.855769230769231,0.860576923076923,0.865384615384615),.UNSPECIFIED.)
CURVE()
GEOMETRIC_REPRESENTATION_ITEM()
RATIONAL_B_SPLINE_CURVE((1.,0.923879532511287,1.,0.923879532511287,1.,0.923879532511287,
1.,0.923879532511287,1.,0.923879532511287,1.,0.923879532511287,1.,0.923879532511287,
1.,0.923879532511287,1.))
REPRESENTATION_ITEM('')
);
#293=(
BOUNDED_CURVE()
B_SPLINE_CURVE(2,(#2422,#2423,#2424,#2425,#2426,#2427,#2428,#2429,#2430,
#2431,#2432,#2433,#2434,#2435,#2436,#2437,#2438),.UNSPECIFIED.,.F.,.F.)
B_SPLINE_CURVE_WITH_KNOTS((3,2,2,2,2,2,2,2,3),(0.865384615384615,0.870192307692308,
0.875,0.879807692307692,0.884615384615385,0.889423076923077,0.894230769230769,
0.899038461538462,0.900643240571873),.UNSPECIFIED.)
CURVE()
GEOMETRIC_REPRESENTATION_ITEM()
RATIONAL_B_SPLINE_CURVE((1.,0.923879532511287,1.,0.923879532511287,1.,0.923879532511287,
1.,0.923879532511287,1.,0.923879532511287,1.,0.923879532511287,1.,0.923879532511287,
1.,0.97459144171021,0.966145334011291))
REPRESENTATION_ITEM('')
);
#294=(
BOUNDED_CURVE()
B_SPLINE_CURVE(2,(#2439,#2440,#2441,#2442,#2443,#2444,#2445,#2446,#2447,
#2448,#2449,#2450,#2451,#2452,#2453,#2454,#2455),.UNSPECIFIED.,.F.,.F.)
B_SPLINE_CURVE_WITH_KNOTS((3,2,2,2,2,2,2,2,3),(0.865384615384615,0.870192307692308,
0.875,0.879807692307692,0.884615384615385,0.889423076923077,0.894230769230769,
0.899038461538462,0.903846153846154),.UNSPECIFIED.)
CURVE()
GEOMETRIC_REPRESENTATION_ITEM()
RATIONAL_B_SPLINE_CURVE((1.,0.923879532511287,1.,0.923879532511287,1.,0.923879532511287,
1.,0.923879532511287,1.,0.923879532511287,1.,0.923879532511287,1.,0.923879532511287,
1.,0.923879532511287,1.))
REPRESENTATION_ITEM('')
);
#295=(
BOUNDED_CURVE()
B_SPLINE_CURVE(2,(#4514,#4515,#4516),.UNSPECIFIED.,.F.,.F.)
B_SPLINE_CURVE_WITH_KNOTS((3,3),(-0.585576201181765,-0.226564959501932),
 .UNSPECIFIED.)
CURVE()
GEOMETRIC_REPRESENTATION_ITEM()
RATIONAL_B_SPLINE_CURVE((1.46730792954889,1.69430125621827,1.46730792954889))
REPRESENTATION_ITEM('')
);
#296=(
BOUNDED_CURVE()
B_SPLINE_CURVE(2,(#4518,#4519,#4520),.UNSPECIFIED.,.F.,.F.)
B_SPLINE_CURVE_WITH_KNOTS((3,3),(-0.585576201181765,-0.226564959501932),
 .UNSPECIFIED.)
CURVE()
GEOMETRIC_REPRESENTATION_ITEM()
RATIONAL_B_SPLINE_CURVE((1.46730792954888,1.69430125621827,1.46730792954888))
REPRESENTATION_ITEM('')
);
#297=(
BOUNDED_CURVE()
B_SPLINE_CURVE(2,(#4522,#4523,#4524),.UNSPECIFIED.,.F.,.F.)
B_SPLINE_CURVE_WITH_KNOTS((3,3),(-0.585576201181765,-0.226564959501931),
 .UNSPECIFIED.)
CURVE()
GEOMETRIC_REPRESENTATION_ITEM()
RATIONAL_B_SPLINE_CURVE((1.46730792954889,1.69430125621827,1.46730792954889))
REPRESENTATION_ITEM('')
);
#298=(
BOUNDED_CURVE()
B_SPLINE_CURVE(2,(#4526,#4527,#4528),.UNSPECIFIED.,.F.,.F.)
B_SPLINE_CURVE_WITH_KNOTS((3,3),(0.226564959501932,0.406070580341848),
 .UNSPECIFIED.)
CURVE()
GEOMETRIC_REPRESENTATION_ITEM()
RATIONAL_B_SPLINE_CURVE((1.46730792954888,1.58080459288358,1.58080459288358))
REPRESENTATION_ITEM('')
);
#299=(
BOUNDED_CURVE()
B_SPLINE_CURVE(2,(#4533,#4534,#4535),.UNSPECIFIED.,.F.,.F.)
B_SPLINE_CURVE_WITH_KNOTS((3,3),(0.406070580341848,0.585576201181765),
 .UNSPECIFIED.)
CURVE()
GEOMETRIC_REPRESENTATION_ITEM()
RATIONAL_B_SPLINE_CURVE((1.58080459288358,1.58080459288358,1.46730792954888))
REPRESENTATION_ITEM('')
);
#300=(
BOUNDED_CURVE()
B_SPLINE_CURVE(2,(#4537,#4538,#4539),.UNSPECIFIED.,.F.,.F.)
B_SPLINE_CURVE_WITH_KNOTS((3,3),(0.226564959501932,0.585576201181766),
 .UNSPECIFIED.)
CURVE()
GEOMETRIC_REPRESENTATION_ITEM()
RATIONAL_B_SPLINE_CURVE((1.46730792954888,1.69430125621827,1.46730792954888))
REPRESENTATION_ITEM('')
);
#301=(
BOUNDED_CURVE()
B_SPLINE_CURVE(2,(#4540,#4541,#4542),.UNSPECIFIED.,.F.,.F.)
B_SPLINE_CURVE_WITH_KNOTS((3,3),(0.226564959501932,0.585576201181766),
 .UNSPECIFIED.)
CURVE()
GEOMETRIC_REPRESENTATION_ITEM()
RATIONAL_B_SPLINE_CURVE((1.46730792954888,1.69430125621827,1.46730792954888))
REPRESENTATION_ITEM('')
);
#302=(
BOUNDED_CURVE()
B_SPLINE_CURVE(2,(#4571,#4572,#4573),.UNSPECIFIED.,.F.,.F.)
B_SPLINE_CURVE_WITH_KNOTS((3,3),(0.903846153846154,0.905450932879566),
 .UNSPECIFIED.)
CURVE()
GEOMETRIC_REPRESENTATION_ITEM()
RATIONAL_B_SPLINE_CURVE((1.,0.974591441710208,0.96614533401129))
REPRESENTATION_ITEM('')
);
#303=LINE('',#1586,#368);
#304=LINE('',#1621,#369);
#305=LINE('',#1659,#370);
#306=LINE('',#1697,#371);
#307=LINE('',#1735,#372);
#308=LINE('',#1773,#373);
#309=LINE('',#1811,#374);
#310=LINE('',#1849,#375);
#311=LINE('',#1887,#376);
#312=LINE('',#1925,#377);
#313=LINE('',#1963,#378);
#314=LINE('',#2001,#379);
#315=LINE('',#2039,#380);
#316=LINE('',#2077,#381);
#317=LINE('',#2115,#382);
#318=LINE('',#2153,#383);
#319=LINE('',#2191,#384);
#320=LINE('',#2229,#385);
#321=LINE('',#2267,#386);
#322=LINE('',#2305,#387);
#323=LINE('',#2343,#388);
#324=LINE('',#2381,#389);
#325=LINE('',#2419,#390);
#326=LINE('',#2459,#391);
#327=LINE('',#2490,#392);
#328=LINE('',#2501,#393);
#329=LINE('',#2540,#394);
#330=LINE('',#2552,#395);
#331=LINE('',#2626,#396);
#332=LINE('',#2704,#397);
#333=LINE('',#2780,#398);
#334=LINE('',#2856,#399);
#335=LINE('',#2932,#400);
#336=LINE('',#3008,#401);
#337=LINE('',#3084,#402);
#338=LINE('',#3160,#403);
#339=LINE('',#3236,#404);
#340=LINE('',#3312,#405);
#341=LINE('',#3388,#406);
#342=LINE('',#3466,#407);
#343=LINE('',#3542,#408);
#344=LINE('',#3618,#409);
#345=LINE('',#3696,#410);
#346=LINE('',#3772,#411);
#347=LINE('',#3848,#412);
#348=LINE('',#3924,#413);
#349=LINE('',#4000,#414);
#350=LINE('',#4076,#415);
#351=LINE('',#4152,#416);
#352=LINE('',#4228,#417);
#353=LINE('',#4343,#418);
#354=LINE('',#4505,#419);
#355=LINE('',#4530,#420);
#356=LINE('',#4546,#421);
#357=LINE('',#4548,#422);
#358=LINE('',#4550,#423);
#359=LINE('',#4552,#424);
#360=LINE('',#4554,#425);
#361=LINE('',#4555,#426);
#362=LINE('',#4557,#427);
#363=LINE('',#4558,#428);
#364=LINE('',#4560,#429);
#365=LINE('',#4562,#430);
#366=LINE('',#4564,#431);
#367=LINE('',#4566,#432);
#368=VECTOR('',#1355,1.98038475772934);
#369=VECTOR('',#1360,1.98038475772934);
#370=VECTOR('',#1363,1.98038475772934);
#371=VECTOR('',#1366,1.98038475772934);
#372=VECTOR('',#1369,1.98038475772934);
#373=VECTOR('',#1372,1.98038475772934);
#374=VECTOR('',#1375,1.98038475772934);
#375=VECTOR('',#1378,1.98038475772934);
#376=VECTOR('',#1381,1.98038475772934);
#377=VECTOR('',#1384,1.98038475772934);
#378=VECTOR('',#1387,1.98038475772934);
#379=VECTOR('',#1390,1.98038475772934);
#380=VECTOR('',#1393,1.98038475772934);
#381=VECTOR('',#1396,1.98038475772934);
#382=VECTOR('',#1399,1.98038475772934);
#383=VECTOR('',#1402,1.98038475772934);
#384=VECTOR('',#1405,1.98038475772934);
#385=VECTOR('',#1408,1.98038475772934);
#386=VECTOR('',#1411,1.98038475772934);
#387=VECTOR('',#1414,1.98038475772934);
#388=VECTOR('',#1417,1.98038475772934);
#389=VECTOR('',#1420,1.98038475772934);
#390=VECTOR('',#1423,1.98038475772934);
#391=VECTOR('',#1428,2.5508);
#392=VECTOR('',#1435,2.5508);
#393=VECTOR('',#1438,2.55079999999999);
#394=VECTOR('',#1443,2.5);
#395=VECTOR('',#1446,2.5);
#396=VECTOR('',#1449,2.5);
#397=VECTOR('',#1452,2.5);
#398=VECTOR('',#1455,2.5);
#399=VECTOR('',#1458,2.5);
#400=VECTOR('',#1461,2.5);
#401=VECTOR('',#1464,2.5);
#402=VECTOR('',#1467,2.5);
#403=VECTOR('',#1470,2.5);
#404=VECTOR('',#1473,2.5);
#405=VECTOR('',#1476,2.5);
#406=VECTOR('',#1479,2.5);
#407=VECTOR('',#1482,2.5);
#408=VECTOR('',#1485,2.5);
#409=VECTOR('',#1488,2.5);
#410=VECTOR('',#1491,2.5);
#411=VECTOR('',#1494,2.5);
#412=VECTOR('',#1497,2.5);
#413=VECTOR('',#1500,2.5);
#414=VECTOR('',#1503,2.5);
#415=VECTOR('',#1506,2.5);
#416=VECTOR('',#1509,2.5);
#417=VECTOR('',#1512,2.5);
#418=VECTOR('',#1517,1.7);
#419=VECTOR('',#1534,4.25);
#420=VECTOR('',#1545,2.59116756396542);
#421=VECTOR('',#1550,1000.);
#422=VECTOR('',#1551,1000.);
#423=VECTOR('',#1552,1000.);
#424=VECTOR('',#1553,1000.);
#425=VECTOR('',#1554,1000.);
#426=VECTOR('',#1555,1000.);
#427=VECTOR('',#1558,1000.);
#428=VECTOR('',#1559,1000.);
#429=VECTOR('',#1562,1000.);
#430=VECTOR('',#1565,1000.);
#431=VECTOR('',#1568,1000.);
#432=VECTOR('',#1571,1000.);
#433=VERTEX_POINT('',#1584);
#434=VERTEX_POINT('',#1585);
#435=VERTEX_POINT('',#1587);
#436=VERTEX_POINT('',#1603);
#437=VERTEX_POINT('',#1619);
#438=VERTEX_POINT('',#1620);
#439=VERTEX_POINT('',#1657);
#440=VERTEX_POINT('',#1658);
#441=VERTEX_POINT('',#1695);
#442=VERTEX_POINT('',#1696);
#443=VERTEX_POINT('',#1733);
#444=VERTEX_POINT('',#1734);
#445=VERTEX_POINT('',#1771);
#446=VERTEX_POINT('',#1772);
#447=VERTEX_POINT('',#1809);
#448=VERTEX_POINT('',#1810);
#449=VERTEX_POINT('',#1847);
#450=VERTEX_POINT('',#1848);
#451=VERTEX_POINT('',#1885);
#452=VERTEX_POINT('',#1886);
#453=VERTEX_POINT('',#1923);
#454=VERTEX_POINT('',#1924);
#455=VERTEX_POINT('',#1961);
#456=VERTEX_POINT('',#1962);
#457=VERTEX_POINT('',#1999);
#458=VERTEX_POINT('',#2000);
#459=VERTEX_POINT('',#2037);
#460=VERTEX_POINT('',#2038);
#461=VERTEX_POINT('',#2075);
#462=VERTEX_POINT('',#2076);
#463=VERTEX_POINT('',#2113);
#464=VERTEX_POINT('',#2114);
#465=VERTEX_POINT('',#2151);
#466=VERTEX_POINT('',#2152);
#467=VERTEX_POINT('',#2189);
#468=VERTEX_POINT('',#2190);
#469=VERTEX_POINT('',#2227);
#470=VERTEX_POINT('',#2228);
#471=VERTEX_POINT('',#2265);
#472=VERTEX_POINT('',#2266);
#473=VERTEX_POINT('',#2303);
#474=VERTEX_POINT('',#2304);
#475=VERTEX_POINT('',#2341);
#476=VERTEX_POINT('',#2342);
#477=VERTEX_POINT('',#2379);
#478=VERTEX_POINT('',#2380);
#479=VERTEX_POINT('',#2417);
#480=VERTEX_POINT('',#2418);
#481=VERTEX_POINT('',#2420);
#482=VERTEX_POINT('',#2457);
#483=VERTEX_POINT('',#2458);
#484=VERTEX_POINT('',#2474);
#485=VERTEX_POINT('',#2487);
#486=VERTEX_POINT('',#2489);
#487=VERTEX_POINT('',#2491);
#488=VERTEX_POINT('',#2493);
#489=VERTEX_POINT('',#2500);
#490=VERTEX_POINT('',#2502);
#491=VERTEX_POINT('',#2539);
#492=VERTEX_POINT('',#2550);
#493=VERTEX_POINT('',#2551);
#494=VERTEX_POINT('',#2624);
#495=VERTEX_POINT('',#2625);
#496=VERTEX_POINT('',#2702);
#497=VERTEX_POINT('',#2703);
#498=VERTEX_POINT('',#2778);
#499=VERTEX_POINT('',#2779);
#500=VERTEX_POINT('',#2854);
#501=VERTEX_POINT('',#2855);
#502=VERTEX_POINT('',#2930);
#503=VERTEX_POINT('',#2931);
#504=VERTEX_POINT('',#3006);
#505=VERTEX_POINT('',#3007);
#506=VERTEX_POINT('',#3082);
#507=VERTEX_POINT('',#3083);
#508=VERTEX_POINT('',#3158);
#509=VERTEX_POINT('',#3159);
#510=VERTEX_POINT('',#3234);
#511=VERTEX_POINT('',#3235);
#512=VERTEX_POINT('',#3310);
#513=VERTEX_POINT('',#3311);
#514=VERTEX_POINT('',#3386);
#515=VERTEX_POINT('',#3387);
#516=VERTEX_POINT('',#3464);
#517=VERTEX_POINT('',#3465);
#518=VERTEX_POINT('',#3540);
#519=VERTEX_POINT('',#3541);
#520=VERTEX_POINT('',#3616);
#521=VERTEX_POINT('',#3617);
#522=VERTEX_POINT('',#3694);
#523=VERTEX_POINT('',#3695);
#524=VERTEX_POINT('',#3770);
#525=VERTEX_POINT('',#3771);
#526=VERTEX_POINT('',#3846);
#527=VERTEX_POINT('',#3847);
#528=VERTEX_POINT('',#3922);
#529=VERTEX_POINT('',#3923);
#530=VERTEX_POINT('',#3998);
#531=VERTEX_POINT('',#3999);
#532=VERTEX_POINT('',#4074);
#533=VERTEX_POINT('',#4075);
#534=VERTEX_POINT('',#4150);
#535=VERTEX_POINT('',#4151);
#536=VERTEX_POINT('',#4226);
#537=VERTEX_POINT('',#4227);
#538=VERTEX_POINT('',#4302);
#539=VERTEX_POINT('',#4315);
#540=VERTEX_POINT('',#4317);
#541=VERTEX_POINT('',#4342);
#542=VERTEX_POINT('',#4498);
#543=VERTEX_POINT('',#4500);
#544=VERTEX_POINT('',#4504);
#545=VERTEX_POINT('',#4508);
#546=VERTEX_POINT('',#4512);
#547=VERTEX_POINT('',#4513);
#548=VERTEX_POINT('',#4517);
#549=VERTEX_POINT('',#4521);
#550=VERTEX_POINT('',#4525);
#551=VERTEX_POINT('',#4529);
#552=VERTEX_POINT('',#4532);
#553=VERTEX_POINT('',#4536);
#554=VERTEX_POINT('',#4544);
#555=VERTEX_POINT('',#4545);
#556=VERTEX_POINT('',#4547);
#557=VERTEX_POINT('',#4549);
#558=VERTEX_POINT('',#4551);
#559=VERTEX_POINT('',#4553);
#560=EDGE_CURVE('',#433,#434,#303,.T.);
#561=EDGE_CURVE('',#435,#433,#249,.T.);
#562=EDGE_CURVE('',#436,#435,#234,.T.);
#563=EDGE_CURVE('',#436,#434,#250,.T.);
#564=EDGE_CURVE('',#437,#438,#304,.T.);
#565=EDGE_CURVE('',#433,#437,#251,.T.);
#566=EDGE_CURVE('',#434,#438,#252,.T.);
#567=EDGE_CURVE('',#439,#440,#305,.T.);
#568=EDGE_CURVE('',#437,#439,#253,.T.);
#569=EDGE_CURVE('',#438,#440,#254,.T.);
#570=EDGE_CURVE('',#441,#442,#306,.T.);
#571=EDGE_CURVE('',#439,#441,#255,.T.);
#572=EDGE_CURVE('',#440,#442,#256,.T.);
#573=EDGE_CURVE('',#443,#444,#307,.T.);
#574=EDGE_CURVE('',#441,#443,#257,.T.);
#575=EDGE_CURVE('',#442,#444,#258,.T.);
#576=EDGE_CURVE('',#445,#446,#308,.T.);
#577=EDGE_CURVE('',#443,#445,#259,.T.);
#578=EDGE_CURVE('',#444,#446,#260,.T.);
#579=EDGE_CURVE('',#447,#448,#309,.T.);
#580=EDGE_CURVE('',#445,#447,#261,.T.);
#581=EDGE_CURVE('',#446,#448,#262,.T.);
#582=EDGE_CURVE('',#449,#450,#310,.T.);
#583=EDGE_CURVE('',#447,#449,#263,.T.);
#584=EDGE_CURVE('',#448,#450,#264,.T.);
#585=EDGE_CURVE('',#451,#452,#311,.T.);
#586=EDGE_CURVE('',#449,#451,#265,.T.);
#587=EDGE_CURVE('',#450,#452,#266,.T.);
#588=EDGE_CURVE('',#453,#454,#312,.T.);
#589=EDGE_CURVE('',#451,#453,#267,.T.);
#590=EDGE_CURVE('',#452,#454,#268,.T.);
#591=EDGE_CURVE('',#455,#456,#313,.T.);
#592=EDGE_CURVE('',#453,#455,#269,.T.);
#593=EDGE_CURVE('',#454,#456,#270,.T.);
#594=EDGE_CURVE('',#457,#458,#314,.T.);
#595=EDGE_CURVE('',#455,#457,#271,.T.);
#596=EDGE_CURVE('',#456,#458,#272,.T.);
#597=EDGE_CURVE('',#459,#460,#315,.T.);
#598=EDGE_CURVE('',#457,#459,#273,.T.);
#599=EDGE_CURVE('',#458,#460,#274,.T.);
#600=EDGE_CURVE('',#461,#462,#316,.T.);
#601=EDGE_CURVE('',#459,#461,#275,.T.);
#602=EDGE_CURVE('',#460,#462,#276,.T.);
#603=EDGE_CURVE('',#463,#464,#317,.T.);
#604=EDGE_CURVE('',#461,#463,#277,.T.);
#605=EDGE_CURVE('',#462,#464,#278,.T.);
#606=EDGE_CURVE('',#465,#466,#318,.T.);
#607=EDGE_CURVE('',#463,#465,#279,.T.);
#608=EDGE_CURVE('',#464,#466,#280,.T.);
#609=EDGE_CURVE('',#467,#468,#319,.T.);
#610=EDGE_CURVE('',#465,#467,#281,.T.);
#611=EDGE_CURVE('',#466,#468,#282,.T.);
#612=EDGE_CURVE('',#469,#470,#320,.T.);
#613=EDGE_CURVE('',#467,#469,#283,.T.);
#614=EDGE_CURVE('',#468,#470,#284,.T.);
#615=EDGE_CURVE('',#471,#472,#321,.T.);
#616=EDGE_CURVE('',#469,#471,#285,.T.);
#617=EDGE_CURVE('',#470,#472,#286,.T.);
#618=EDGE_CURVE('',#473,#474,#322,.T.);
#619=EDGE_CURVE('',#471,#473,#287,.T.);
#620=EDGE_CURVE('',#472,#474,#288,.T.);
#621=EDGE_CURVE('',#475,#476,#323,.T.);
#622=EDGE_CURVE('',#473,#475,#289,.T.);
#623=EDGE_CURVE('',#474,#476,#290,.T.);
#624=EDGE_CURVE('',#477,#478,#324,.T.);
#625=EDGE_CURVE('',#475,#477,#291,.T.);
#626=EDGE_CURVE('',#476,#478,#292,.T.);
#627=EDGE_CURVE('',#479,#480,#325,.T.);
#628=EDGE_CURVE('',#481,#479,#235,.T.);
#629=EDGE_CURVE('',#477,#481,#293,.T.);
#630=EDGE_CURVE('',#478,#480,#294,.T.);
#631=EDGE_CURVE('',#482,#483,#326,.T.);
#632=EDGE_CURVE('',#482,#481,#31,.T.);
#633=EDGE_CURVE('',#479,#484,#236,.T.);
#634=EDGE_CURVE('',#484,#483,#32,.T.);
#635=EDGE_CURVE('',#485,#485,#237,.T.);
#636=EDGE_CURVE('',#485,#486,#327,.T.);
#637=EDGE_CURVE('',#486,#487,#238,.T.);
#638=EDGE_CURVE('',#487,#488,#33,.T.);
#639=EDGE_CURVE('',#488,#489,#328,.T.);
#640=EDGE_CURVE('',#489,#490,#34,.T.);
#641=EDGE_CURVE('',#490,#486,#239,.T.);
#642=EDGE_CURVE('',#491,#486,#329,.T.);
#643=EDGE_CURVE('',#491,#487,#35,.T.);
#644=EDGE_CURVE('',#492,#493,#330,.T.);
#645=EDGE_CURVE('',#492,#491,#36,.T.);
#646=EDGE_CURVE('',#490,#493,#37,.T.);
#647=EDGE_CURVE('',#494,#495,#331,.T.);
#648=EDGE_CURVE('',#494,#492,#38,.T.);
#649=EDGE_CURVE('',#493,#495,#39,.T.);
#650=EDGE_CURVE('',#496,#497,#332,.T.);
#651=EDGE_CURVE('',#496,#494,#40,.T.);
#652=EDGE_CURVE('',#495,#497,#41,.T.);
#653=EDGE_CURVE('',#498,#499,#333,.T.);
#654=EDGE_CURVE('',#498,#496,#42,.T.);
#655=EDGE_CURVE('',#497,#499,#43,.T.);
#656=EDGE_CURVE('',#500,#501,#334,.T.);
#657=EDGE_CURVE('',#500,#498,#44,.T.);
#658=EDGE_CURVE('',#499,#501,#45,.T.);
#659=EDGE_CURVE('',#502,#503,#335,.T.);
#660=EDGE_CURVE('',#502,#500,#46,.T.);
#661=EDGE_CURVE('',#501,#503,#47,.T.);
#662=EDGE_CURVE('',#504,#505,#336,.T.);
#663=EDGE_CURVE('',#504,#502,#48,.T.);
#664=EDGE_CURVE('',#503,#505,#49,.T.);
#665=EDGE_CURVE('',#506,#507,#337,.T.);
#666=EDGE_CURVE('',#506,#504,#50,.T.);
#667=EDGE_CURVE('',#505,#507,#51,.T.);
#668=EDGE_CURVE('',#508,#509,#338,.T.);
#669=EDGE_CURVE('',#508,#506,#52,.T.);
#670=EDGE_CURVE('',#507,#509,#53,.T.);
#671=EDGE_CURVE('',#510,#511,#339,.T.);
#672=EDGE_CURVE('',#510,#508,#54,.T.);
#673=EDGE_CURVE('',#509,#511,#55,.T.);
#674=EDGE_CURVE('',#512,#513,#340,.T.);
#675=EDGE_CURVE('',#512,#510,#56,.T.);
#676=EDGE_CURVE('',#511,#513,#57,.T.);
#677=EDGE_CURVE('',#514,#515,#341,.T.);
#678=EDGE_CURVE('',#514,#512,#58,.T.);
#679=EDGE_CURVE('',#513,#515,#59,.T.);
#680=EDGE_CURVE('',#516,#517,#342,.T.);
#681=EDGE_CURVE('',#516,#514,#60,.T.);
#682=EDGE_CURVE('',#515,#517,#61,.T.);
#683=EDGE_CURVE('',#518,#519,#343,.T.);
#684=EDGE_CURVE('',#518,#516,#62,.T.);
#685=EDGE_CURVE('',#517,#519,#63,.T.);
#686=EDGE_CURVE('',#520,#521,#344,.T.);
#687=EDGE_CURVE('',#520,#518,#64,.T.);
#688=EDGE_CURVE('',#519,#521,#65,.T.);
#689=EDGE_CURVE('',#522,#523,#345,.T.);
#690=EDGE_CURVE('',#522,#520,#66,.T.);
#691=EDGE_CURVE('',#521,#523,#67,.T.);
#692=EDGE_CURVE('',#524,#525,#346,.T.);
#693=EDGE_CURVE('',#524,#522,#68,.T.);
#694=EDGE_CURVE('',#523,#525,#69,.T.);
#695=EDGE_CURVE('',#526,#527,#347,.T.);
#696=EDGE_CURVE('',#526,#524,#70,.T.);
#697=EDGE_CURVE('',#525,#527,#71,.T.);
#698=EDGE_CURVE('',#528,#529,#348,.T.);
#699=EDGE_CURVE('',#528,#526,#72,.T.);
#700=EDGE_CURVE('',#527,#529,#73,.T.);
#701=EDGE_CURVE('',#530,#531,#349,.T.);
#702=EDGE_CURVE('',#530,#528,#74,.T.);
#703=EDGE_CURVE('',#529,#531,#75,.T.);
#704=EDGE_CURVE('',#532,#533,#350,.T.);
#705=EDGE_CURVE('',#532,#530,#76,.T.);
#706=EDGE_CURVE('',#531,#533,#77,.T.);
#707=EDGE_CURVE('',#534,#535,#351,.T.);
#708=EDGE_CURVE('',#534,#532,#78,.T.);
#709=EDGE_CURVE('',#533,#535,#79,.T.);
#710=EDGE_CURVE('',#536,#537,#352,.T.);
#711=EDGE_CURVE('',#536,#534,#80,.T.);
#712=EDGE_CURVE('',#535,#537,#81,.T.);
#713=EDGE_CURVE('',#435,#538,#82,.T.);
#714=EDGE_CURVE('',#538,#539,#240,.T.);
#715=EDGE_CURVE('',#539,#540,#83,.T.);
#716=EDGE_CURVE('',#540,#541,#353,.T.);
#717=EDGE_CURVE('',#541,#541,#241,.T.);
#718=EDGE_CURVE('',#540,#436,#84,.T.);
#719=EDGE_CURVE('',#537,#539,#85,.T.);
#720=EDGE_CURVE('',#538,#536,#86,.T.);
#721=EDGE_CURVE('',#488,#482,#87,.T.);
#722=EDGE_CURVE('',#483,#489,#88,.T.);
#723=EDGE_CURVE('',#542,#542,#242,.T.);
#724=EDGE_CURVE('',#542,#543,#243,.T.);
#725=EDGE_CURVE('',#543,#543,#244,.T.);
#726=EDGE_CURVE('',#543,#544,#354,.T.);
#727=EDGE_CURVE('',#544,#544,#245,.T.);
#728=EDGE_CURVE('',#544,#545,#246,.T.);
#729=EDGE_CURVE('',#545,#545,#247,.T.);
#730=EDGE_CURVE('',#546,#547,#295,.T.);
#731=EDGE_CURVE('',#548,#546,#296,.T.);
#732=EDGE_CURVE('',#549,#548,#297,.T.);
#733=EDGE_CURVE('',#550,#549,#298,.F.);
#734=EDGE_CURVE('',#550,#551,#355,.T.);
#735=EDGE_CURVE('',#551,#551,#248,.T.);
#736=EDGE_CURVE('',#552,#550,#299,.F.);
#737=EDGE_CURVE('',#553,#552,#300,.T.);
#738=EDGE_CURVE('',#547,#553,#301,.T.);
#739=EDGE_CURVE('',#554,#555,#356,.T.);
#740=EDGE_CURVE('',#555,#556,#357,.T.);
#741=EDGE_CURVE('',#556,#557,#358,.T.);
#742=EDGE_CURVE('',#557,#558,#359,.T.);
#743=EDGE_CURVE('',#558,#559,#360,.T.);
#744=EDGE_CURVE('',#559,#554,#361,.T.);
#745=EDGE_CURVE('',#554,#553,#362,.T.);
#746=EDGE_CURVE('',#555,#552,#363,.T.);
#747=EDGE_CURVE('',#556,#549,#364,.T.);
#748=EDGE_CURVE('',#557,#548,#365,.T.);
#749=EDGE_CURVE('',#558,#546,#366,.T.);
#750=EDGE_CURVE('',#559,#547,#367,.T.);
#751=EDGE_CURVE('',#480,#484,#302,.T.);
#752=ORIENTED_EDGE('',*,*,#560,.F.);
#753=ORIENTED_EDGE('',*,*,#561,.F.);
#754=ORIENTED_EDGE('',*,*,#562,.F.);
#755=ORIENTED_EDGE('',*,*,#563,.T.);
#756=ORIENTED_EDGE('',*,*,#564,.F.);
#757=ORIENTED_EDGE('',*,*,#565,.F.);
#758=ORIENTED_EDGE('',*,*,#560,.T.);
#759=ORIENTED_EDGE('',*,*,#566,.T.);
#760=ORIENTED_EDGE('',*,*,#567,.F.);
#761=ORIENTED_EDGE('',*,*,#568,.F.);
#762=ORIENTED_EDGE('',*,*,#564,.T.);
#763=ORIENTED_EDGE('',*,*,#569,.T.);
#764=ORIENTED_EDGE('',*,*,#570,.F.);
#765=ORIENTED_EDGE('',*,*,#571,.F.);
#766=ORIENTED_EDGE('',*,*,#567,.T.);
#767=ORIENTED_EDGE('',*,*,#572,.T.);
#768=ORIENTED_EDGE('',*,*,#573,.F.);
#769=ORIENTED_EDGE('',*,*,#574,.F.);
#770=ORIENTED_EDGE('',*,*,#570,.T.);
#771=ORIENTED_EDGE('',*,*,#575,.T.);
#772=ORIENTED_EDGE('',*,*,#576,.F.);
#773=ORIENTED_EDGE('',*,*,#577,.F.);
#774=ORIENTED_EDGE('',*,*,#573,.T.);
#775=ORIENTED_EDGE('',*,*,#578,.T.);
#776=ORIENTED_EDGE('',*,*,#579,.F.);
#777=ORIENTED_EDGE('',*,*,#580,.F.);
#778=ORIENTED_EDGE('',*,*,#576,.T.);
#779=ORIENTED_EDGE('',*,*,#581,.T.);
#780=ORIENTED_EDGE('',*,*,#582,.F.);
#781=ORIENTED_EDGE('',*,*,#583,.F.);
#782=ORIENTED_EDGE('',*,*,#579,.T.);
#783=ORIENTED_EDGE('',*,*,#584,.T.);
#784=ORIENTED_EDGE('',*,*,#585,.F.);
#785=ORIENTED_EDGE('',*,*,#586,.F.);
#786=ORIENTED_EDGE('',*,*,#582,.T.);
#787=ORIENTED_EDGE('',*,*,#587,.T.);
#788=ORIENTED_EDGE('',*,*,#588,.F.);
#789=ORIENTED_EDGE('',*,*,#589,.F.);
#790=ORIENTED_EDGE('',*,*,#585,.T.);
#791=ORIENTED_EDGE('',*,*,#590,.T.);
#792=ORIENTED_EDGE('',*,*,#591,.F.);
#793=ORIENTED_EDGE('',*,*,#592,.F.);
#794=ORIENTED_EDGE('',*,*,#588,.T.);
#795=ORIENTED_EDGE('',*,*,#593,.T.);
#796=ORIENTED_EDGE('',*,*,#594,.F.);
#797=ORIENTED_EDGE('',*,*,#595,.F.);
#798=ORIENTED_EDGE('',*,*,#591,.T.);
#799=ORIENTED_EDGE('',*,*,#596,.T.);
#800=ORIENTED_EDGE('',*,*,#597,.F.);
#801=ORIENTED_EDGE('',*,*,#598,.F.);
#802=ORIENTED_EDGE('',*,*,#594,.T.);
#803=ORIENTED_EDGE('',*,*,#599,.T.);
#804=ORIENTED_EDGE('',*,*,#600,.F.);
#805=ORIENTED_EDGE('',*,*,#601,.F.);
#806=ORIENTED_EDGE('',*,*,#597,.T.);
#807=ORIENTED_EDGE('',*,*,#602,.T.);
#808=ORIENTED_EDGE('',*,*,#603,.F.);
#809=ORIENTED_EDGE('',*,*,#604,.F.);
#810=ORIENTED_EDGE('',*,*,#600,.T.);
#811=ORIENTED_EDGE('',*,*,#605,.T.);
#812=ORIENTED_EDGE('',*,*,#606,.F.);
#813=ORIENTED_EDGE('',*,*,#607,.F.);
#814=ORIENTED_EDGE('',*,*,#603,.T.);
#815=ORIENTED_EDGE('',*,*,#608,.T.);
#816=ORIENTED_EDGE('',*,*,#609,.F.);
#817=ORIENTED_EDGE('',*,*,#610,.F.);
#818=ORIENTED_EDGE('',*,*,#606,.T.);
#819=ORIENTED_EDGE('',*,*,#611,.T.);
#820=ORIENTED_EDGE('',*,*,#612,.F.);
#821=ORIENTED_EDGE('',*,*,#613,.F.);
#822=ORIENTED_EDGE('',*,*,#609,.T.);
#823=ORIENTED_EDGE('',*,*,#614,.T.);
#824=ORIENTED_EDGE('',*,*,#615,.F.);
#825=ORIENTED_EDGE('',*,*,#616,.F.);
#826=ORIENTED_EDGE('',*,*,#612,.T.);
#827=ORIENTED_EDGE('',*,*,#617,.T.);
#828=ORIENTED_EDGE('',*,*,#618,.F.);
#829=ORIENTED_EDGE('',*,*,#619,.F.);
#830=ORIENTED_EDGE('',*,*,#615,.T.);
#831=ORIENTED_EDGE('',*,*,#620,.T.);
#832=ORIENTED_EDGE('',*,*,#621,.F.);
#833=ORIENTED_EDGE('',*,*,#622,.F.);
#834=ORIENTED_EDGE('',*,*,#618,.T.);
#835=ORIENTED_EDGE('',*,*,#623,.T.);
#836=ORIENTED_EDGE('',*,*,#624,.F.);
#837=ORIENTED_EDGE('',*,*,#625,.F.);
#838=ORIENTED_EDGE('',*,*,#621,.T.);
#839=ORIENTED_EDGE('',*,*,#626,.T.);
#840=ORIENTED_EDGE('',*,*,#627,.F.);
#841=ORIENTED_EDGE('',*,*,#628,.F.);
#842=ORIENTED_EDGE('',*,*,#629,.F.);
#843=ORIENTED_EDGE('',*,*,#624,.T.);
#844=ORIENTED_EDGE('',*,*,#630,.T.);
#845=ORIENTED_EDGE('',*,*,#631,.F.);
#846=ORIENTED_EDGE('',*,*,#632,.T.);
#847=ORIENTED_EDGE('',*,*,#628,.T.);
#848=ORIENTED_EDGE('',*,*,#633,.T.);
#849=ORIENTED_EDGE('',*,*,#634,.T.);
#850=ORIENTED_EDGE('',*,*,#635,.T.);
#851=ORIENTED_EDGE('',*,*,#636,.T.);
#852=ORIENTED_EDGE('',*,*,#637,.T.);
#853=ORIENTED_EDGE('',*,*,#638,.T.);
#854=ORIENTED_EDGE('',*,*,#639,.T.);
#855=ORIENTED_EDGE('',*,*,#640,.T.);
#856=ORIENTED_EDGE('',*,*,#641,.T.);
#857=ORIENTED_EDGE('',*,*,#636,.F.);
#858=ORIENTED_EDGE('',*,*,#642,.F.);
#859=ORIENTED_EDGE('',*,*,#643,.T.);
#860=ORIENTED_EDGE('',*,*,#637,.F.);
#861=ORIENTED_EDGE('',*,*,#644,.F.);
#862=ORIENTED_EDGE('',*,*,#645,.T.);
#863=ORIENTED_EDGE('',*,*,#642,.T.);
#864=ORIENTED_EDGE('',*,*,#641,.F.);
#865=ORIENTED_EDGE('',*,*,#646,.T.);
#866=ORIENTED_EDGE('',*,*,#647,.F.);
#867=ORIENTED_EDGE('',*,*,#648,.T.);
#868=ORIENTED_EDGE('',*,*,#644,.T.);
#869=ORIENTED_EDGE('',*,*,#649,.T.);
#870=ORIENTED_EDGE('',*,*,#650,.F.);
#871=ORIENTED_EDGE('',*,*,#651,.T.);
#872=ORIENTED_EDGE('',*,*,#647,.T.);
#873=ORIENTED_EDGE('',*,*,#652,.T.);
#874=ORIENTED_EDGE('',*,*,#653,.F.);
#875=ORIENTED_EDGE('',*,*,#654,.T.);
#876=ORIENTED_EDGE('',*,*,#650,.T.);
#877=ORIENTED_EDGE('',*,*,#655,.T.);
#878=ORIENTED_EDGE('',*,*,#656,.F.);
#879=ORIENTED_EDGE('',*,*,#657,.T.);
#880=ORIENTED_EDGE('',*,*,#653,.T.);
#881=ORIENTED_EDGE('',*,*,#658,.T.);
#882=ORIENTED_EDGE('',*,*,#659,.F.);
#883=ORIENTED_EDGE('',*,*,#660,.T.);
#884=ORIENTED_EDGE('',*,*,#656,.T.);
#885=ORIENTED_EDGE('',*,*,#661,.T.);
#886=ORIENTED_EDGE('',*,*,#662,.F.);
#887=ORIENTED_EDGE('',*,*,#663,.T.);
#888=ORIENTED_EDGE('',*,*,#659,.T.);
#889=ORIENTED_EDGE('',*,*,#664,.T.);
#890=ORIENTED_EDGE('',*,*,#665,.F.);
#891=ORIENTED_EDGE('',*,*,#666,.T.);
#892=ORIENTED_EDGE('',*,*,#662,.T.);
#893=ORIENTED_EDGE('',*,*,#667,.T.);
#894=ORIENTED_EDGE('',*,*,#668,.F.);
#895=ORIENTED_EDGE('',*,*,#669,.T.);
#896=ORIENTED_EDGE('',*,*,#665,.T.);
#897=ORIENTED_EDGE('',*,*,#670,.T.);
#898=ORIENTED_EDGE('',*,*,#671,.F.);
#899=ORIENTED_EDGE('',*,*,#672,.T.);
#900=ORIENTED_EDGE('',*,*,#668,.T.);
#901=ORIENTED_EDGE('',*,*,#673,.T.);
#902=ORIENTED_EDGE('',*,*,#674,.F.);
#903=ORIENTED_EDGE('',*,*,#675,.T.);
#904=ORIENTED_EDGE('',*,*,#671,.T.);
#905=ORIENTED_EDGE('',*,*,#676,.T.);
#906=ORIENTED_EDGE('',*,*,#677,.F.);
#907=ORIENTED_EDGE('',*,*,#678,.T.);
#908=ORIENTED_EDGE('',*,*,#674,.T.);
#909=ORIENTED_EDGE('',*,*,#679,.T.);
#910=ORIENTED_EDGE('',*,*,#680,.F.);
#911=ORIENTED_EDGE('',*,*,#681,.T.);
#912=ORIENTED_EDGE('',*,*,#677,.T.);
#913=ORIENTED_EDGE('',*,*,#682,.T.);
#914=ORIENTED_EDGE('',*,*,#683,.F.);
#915=ORIENTED_EDGE('',*,*,#684,.T.);
#916=ORIENTED_EDGE('',*,*,#680,.T.);
#917=ORIENTED_EDGE('',*,*,#685,.T.);
#918=ORIENTED_EDGE('',*,*,#686,.F.);
#919=ORIENTED_EDGE('',*,*,#687,.T.);
#920=ORIENTED_EDGE('',*,*,#683,.T.);
#921=ORIENTED_EDGE('',*,*,#688,.T.);
#922=ORIENTED_EDGE('',*,*,#689,.F.);
#923=ORIENTED_EDGE('',*,*,#690,.T.);
#924=ORIENTED_EDGE('',*,*,#686,.T.);
#925=ORIENTED_EDGE('',*,*,#691,.T.);
#926=ORIENTED_EDGE('',*,*,#692,.F.);
#927=ORIENTED_EDGE('',*,*,#693,.T.);
#928=ORIENTED_EDGE('',*,*,#689,.T.);
#929=ORIENTED_EDGE('',*,*,#694,.T.);
#930=ORIENTED_EDGE('',*,*,#695,.F.);
#931=ORIENTED_EDGE('',*,*,#696,.T.);
#932=ORIENTED_EDGE('',*,*,#692,.T.);
#933=ORIENTED_EDGE('',*,*,#697,.T.);
#934=ORIENTED_EDGE('',*,*,#698,.F.);
#935=ORIENTED_EDGE('',*,*,#699,.T.);
#936=ORIENTED_EDGE('',*,*,#695,.T.);
#937=ORIENTED_EDGE('',*,*,#700,.T.);
#938=ORIENTED_EDGE('',*,*,#701,.F.);
#939=ORIENTED_EDGE('',*,*,#702,.T.);
#940=ORIENTED_EDGE('',*,*,#698,.T.);
#941=ORIENTED_EDGE('',*,*,#703,.T.);
#942=ORIENTED_EDGE('',*,*,#704,.F.);
#943=ORIENTED_EDGE('',*,*,#705,.T.);
#944=ORIENTED_EDGE('',*,*,#701,.T.);
#945=ORIENTED_EDGE('',*,*,#706,.T.);
#946=ORIENTED_EDGE('',*,*,#707,.F.);
#947=ORIENTED_EDGE('',*,*,#708,.T.);
#948=ORIENTED_EDGE('',*,*,#704,.T.);
#949=ORIENTED_EDGE('',*,*,#709,.T.);
#950=ORIENTED_EDGE('',*,*,#710,.F.);
#951=ORIENTED_EDGE('',*,*,#711,.T.);
#952=ORIENTED_EDGE('',*,*,#707,.T.);
#953=ORIENTED_EDGE('',*,*,#712,.T.);
#954=ORIENTED_EDGE('',*,*,#562,.T.);
#955=ORIENTED_EDGE('',*,*,#713,.T.);
#956=ORIENTED_EDGE('',*,*,#714,.T.);
#957=ORIENTED_EDGE('',*,*,#715,.T.);
#958=ORIENTED_EDGE('',*,*,#716,.T.);
#959=ORIENTED_EDGE('',*,*,#717,.F.);
#960=ORIENTED_EDGE('',*,*,#716,.F.);
#961=ORIENTED_EDGE('',*,*,#718,.T.);
#962=ORIENTED_EDGE('',*,*,#710,.T.);
#963=ORIENTED_EDGE('',*,*,#719,.T.);
#964=ORIENTED_EDGE('',*,*,#714,.F.);
#965=ORIENTED_EDGE('',*,*,#720,.T.);
#966=ORIENTED_EDGE('',*,*,#639,.F.);
#967=ORIENTED_EDGE('',*,*,#721,.T.);
#968=ORIENTED_EDGE('',*,*,#631,.T.);
#969=ORIENTED_EDGE('',*,*,#722,.T.);
#970=ORIENTED_EDGE('',*,*,#723,.F.);
#971=ORIENTED_EDGE('',*,*,#724,.T.);
#972=ORIENTED_EDGE('',*,*,#725,.T.);
#973=ORIENTED_EDGE('',*,*,#724,.F.);
#974=ORIENTED_EDGE('',*,*,#725,.F.);
#975=ORIENTED_EDGE('',*,*,#726,.T.);
#976=ORIENTED_EDGE('',*,*,#727,.T.);
#977=ORIENTED_EDGE('',*,*,#726,.F.);
#978=ORIENTED_EDGE('',*,*,#727,.F.);
#979=ORIENTED_EDGE('',*,*,#728,.T.);
#980=ORIENTED_EDGE('',*,*,#729,.T.);
#981=ORIENTED_EDGE('',*,*,#728,.F.);
#982=ORIENTED_EDGE('',*,*,#730,.F.);
#983=ORIENTED_EDGE('',*,*,#731,.F.);
#984=ORIENTED_EDGE('',*,*,#732,.F.);
#985=ORIENTED_EDGE('',*,*,#733,.F.);
#986=ORIENTED_EDGE('',*,*,#734,.T.);
#987=ORIENTED_EDGE('',*,*,#735,.T.);
#988=ORIENTED_EDGE('',*,*,#734,.F.);
#989=ORIENTED_EDGE('',*,*,#736,.F.);
#990=ORIENTED_EDGE('',*,*,#737,.F.);
#991=ORIENTED_EDGE('',*,*,#738,.F.);
#992=ORIENTED_EDGE('',*,*,#739,.T.);
#993=ORIENTED_EDGE('',*,*,#740,.T.);
#994=ORIENTED_EDGE('',*,*,#741,.T.);
#995=ORIENTED_EDGE('',*,*,#742,.T.);
#996=ORIENTED_EDGE('',*,*,#743,.T.);
#997=ORIENTED_EDGE('',*,*,#744,.T.);
#998=ORIENTED_EDGE('',*,*,#745,.T.);
#999=ORIENTED_EDGE('',*,*,#737,.T.);
#1000=ORIENTED_EDGE('',*,*,#746,.F.);
#1001=ORIENTED_EDGE('',*,*,#739,.F.);
#1002=ORIENTED_EDGE('',*,*,#746,.T.);
#1003=ORIENTED_EDGE('',*,*,#736,.T.);
#1004=ORIENTED_EDGE('',*,*,#733,.T.);
#1005=ORIENTED_EDGE('',*,*,#747,.F.);
#1006=ORIENTED_EDGE('',*,*,#740,.F.);
#1007=ORIENTED_EDGE('',*,*,#747,.T.);
#1008=ORIENTED_EDGE('',*,*,#732,.T.);
#1009=ORIENTED_EDGE('',*,*,#748,.F.);
#1010=ORIENTED_EDGE('',*,*,#741,.F.);
#1011=ORIENTED_EDGE('',*,*,#748,.T.);
#1012=ORIENTED_EDGE('',*,*,#731,.T.);
#1013=ORIENTED_EDGE('',*,*,#749,.F.);
#1014=ORIENTED_EDGE('',*,*,#742,.F.);
#1015=ORIENTED_EDGE('',*,*,#749,.T.);
#1016=ORIENTED_EDGE('',*,*,#730,.T.);
#1017=ORIENTED_EDGE('',*,*,#750,.F.);
#1018=ORIENTED_EDGE('',*,*,#743,.F.);
#1019=ORIENTED_EDGE('',*,*,#750,.T.);
#1020=ORIENTED_EDGE('',*,*,#738,.T.);
#1021=ORIENTED_EDGE('',*,*,#745,.F.);
#1022=ORIENTED_EDGE('',*,*,#744,.F.);
#1023=ORIENTED_EDGE('',*,*,#729,.F.);
#1024=ORIENTED_EDGE('',*,*,#735,.F.);
#1025=ORIENTED_EDGE('',*,*,#723,.T.);
#1026=ORIENTED_EDGE('',*,*,#635,.F.);
#1027=ORIENTED_EDGE('',*,*,#627,.T.);
#1028=ORIENTED_EDGE('',*,*,#751,.T.);
#1029=ORIENTED_EDGE('',*,*,#633,.F.);
#1030=ORIENTED_EDGE('',*,*,#634,.F.);
#1031=ORIENTED_EDGE('',*,*,#751,.F.);
#1032=ORIENTED_EDGE('',*,*,#630,.F.);
#1033=ORIENTED_EDGE('',*,*,#626,.F.);
#1034=ORIENTED_EDGE('',*,*,#623,.F.);
#1035=ORIENTED_EDGE('',*,*,#620,.F.);
#1036=ORIENTED_EDGE('',*,*,#617,.F.);
#1037=ORIENTED_EDGE('',*,*,#614,.F.);
#1038=ORIENTED_EDGE('',*,*,#611,.F.);
#1039=ORIENTED_EDGE('',*,*,#608,.F.);
#1040=ORIENTED_EDGE('',*,*,#605,.F.);
#1041=ORIENTED_EDGE('',*,*,#602,.F.);
#1042=ORIENTED_EDGE('',*,*,#599,.F.);
#1043=ORIENTED_EDGE('',*,*,#596,.F.);
#1044=ORIENTED_EDGE('',*,*,#593,.F.);
#1045=ORIENTED_EDGE('',*,*,#590,.F.);
#1046=ORIENTED_EDGE('',*,*,#587,.F.);
#1047=ORIENTED_EDGE('',*,*,#584,.F.);
#1048=ORIENTED_EDGE('',*,*,#581,.F.);
#1049=ORIENTED_EDGE('',*,*,#578,.F.);
#1050=ORIENTED_EDGE('',*,*,#575,.F.);
#1051=ORIENTED_EDGE('',*,*,#572,.F.);
#1052=ORIENTED_EDGE('',*,*,#569,.F.);
#1053=ORIENTED_EDGE('',*,*,#566,.F.);
#1054=ORIENTED_EDGE('',*,*,#563,.F.);
#1055=ORIENTED_EDGE('',*,*,#718,.F.);
#1056=ORIENTED_EDGE('',*,*,#715,.F.);
#1057=ORIENTED_EDGE('',*,*,#719,.F.);
#1058=ORIENTED_EDGE('',*,*,#712,.F.);
#1059=ORIENTED_EDGE('',*,*,#709,.F.);
#1060=ORIENTED_EDGE('',*,*,#706,.F.);
#1061=ORIENTED_EDGE('',*,*,#703,.F.);
#1062=ORIENTED_EDGE('',*,*,#700,.F.);
#1063=ORIENTED_EDGE('',*,*,#697,.F.);
#1064=ORIENTED_EDGE('',*,*,#694,.F.);
#1065=ORIENTED_EDGE('',*,*,#691,.F.);
#1066=ORIENTED_EDGE('',*,*,#688,.F.);
#1067=ORIENTED_EDGE('',*,*,#685,.F.);
#1068=ORIENTED_EDGE('',*,*,#682,.F.);
#1069=ORIENTED_EDGE('',*,*,#679,.F.);
#1070=ORIENTED_EDGE('',*,*,#676,.F.);
#1071=ORIENTED_EDGE('',*,*,#673,.F.);
#1072=ORIENTED_EDGE('',*,*,#670,.F.);
#1073=ORIENTED_EDGE('',*,*,#667,.F.);
#1074=ORIENTED_EDGE('',*,*,#664,.F.);
#1075=ORIENTED_EDGE('',*,*,#661,.F.);
#1076=ORIENTED_EDGE('',*,*,#658,.F.);
#1077=ORIENTED_EDGE('',*,*,#655,.F.);
#1078=ORIENTED_EDGE('',*,*,#652,.F.);
#1079=ORIENTED_EDGE('',*,*,#649,.F.);
#1080=ORIENTED_EDGE('',*,*,#646,.F.);
#1081=ORIENTED_EDGE('',*,*,#640,.F.);
#1082=ORIENTED_EDGE('',*,*,#722,.F.);
#1083=ORIENTED_EDGE('',*,*,#638,.F.);
#1084=ORIENTED_EDGE('',*,*,#643,.F.);
#1085=ORIENTED_EDGE('',*,*,#645,.F.);
#1086=ORIENTED_EDGE('',*,*,#648,.F.);
#1087=ORIENTED_EDGE('',*,*,#651,.F.);
#1088=ORIENTED_EDGE('',*,*,#654,.F.);
#1089=ORIENTED_EDGE('',*,*,#657,.F.);
#1090=ORIENTED_EDGE('',*,*,#660,.F.);
#1091=ORIENTED_EDGE('',*,*,#663,.F.);
#1092=ORIENTED_EDGE('',*,*,#666,.F.);
#1093=ORIENTED_EDGE('',*,*,#669,.F.);
#1094=ORIENTED_EDGE('',*,*,#672,.F.);
#1095=ORIENTED_EDGE('',*,*,#675,.F.);
#1096=ORIENTED_EDGE('',*,*,#678,.F.);
#1097=ORIENTED_EDGE('',*,*,#681,.F.);
#1098=ORIENTED_EDGE('',*,*,#684,.F.);
#1099=ORIENTED_EDGE('',*,*,#687,.F.);
#1100=ORIENTED_EDGE('',*,*,#690,.F.);
#1101=ORIENTED_EDGE('',*,*,#693,.F.);
#1102=ORIENTED_EDGE('',*,*,#696,.F.);
#1103=ORIENTED_EDGE('',*,*,#699,.F.);
#1104=ORIENTED_EDGE('',*,*,#702,.F.);
#1105=ORIENTED_EDGE('',*,*,#705,.F.);
#1106=ORIENTED_EDGE('',*,*,#708,.F.);
#1107=ORIENTED_EDGE('',*,*,#711,.F.);
#1108=ORIENTED_EDGE('',*,*,#720,.F.);
#1109=ORIENTED_EDGE('',*,*,#713,.F.);
#1110=ORIENTED_EDGE('',*,*,#561,.T.);
#1111=ORIENTED_EDGE('',*,*,#565,.T.);
#1112=ORIENTED_EDGE('',*,*,#568,.T.);
#1113=ORIENTED_EDGE('',*,*,#571,.T.);
#1114=ORIENTED_EDGE('',*,*,#574,.T.);
#1115=ORIENTED_EDGE('',*,*,#577,.T.);
#1116=ORIENTED_EDGE('',*,*,#580,.T.);
#1117=ORIENTED_EDGE('',*,*,#583,.T.);
#1118=ORIENTED_EDGE('',*,*,#586,.T.);
#1119=ORIENTED_EDGE('',*,*,#589,.T.);
#1120=ORIENTED_EDGE('',*,*,#592,.T.);
#1121=ORIENTED_EDGE('',*,*,#595,.T.);
#1122=ORIENTED_EDGE('',*,*,#598,.T.);
#1123=ORIENTED_EDGE('',*,*,#601,.T.);
#1124=ORIENTED_EDGE('',*,*,#604,.T.);
#1125=ORIENTED_EDGE('',*,*,#607,.T.);
#1126=ORIENTED_EDGE('',*,*,#610,.T.);
#1127=ORIENTED_EDGE('',*,*,#613,.T.);
#1128=ORIENTED_EDGE('',*,*,#616,.T.);
#1129=ORIENTED_EDGE('',*,*,#619,.T.);
#1130=ORIENTED_EDGE('',*,*,#622,.T.);
#1131=ORIENTED_EDGE('',*,*,#625,.T.);
#1132=ORIENTED_EDGE('',*,*,#629,.T.);
#1133=ORIENTED_EDGE('',*,*,#632,.F.);
#1134=ORIENTED_EDGE('',*,*,#721,.F.);
#1135=ORIENTED_EDGE('',*,*,#717,.T.);
#1136=CYLINDRICAL_SURFACE('',#1269,1.98038475772934);
#1137=CYLINDRICAL_SURFACE('',#1271,1.98038475772934);
#1138=CYLINDRICAL_SURFACE('',#1272,1.98038475772934);
#1139=CYLINDRICAL_SURFACE('',#1273,1.98038475772934);
#1140=CYLINDRICAL_SURFACE('',#1274,1.98038475772934);
#1141=CYLINDRICAL_SURFACE('',#1275,1.98038475772934);
#1142=CYLINDRICAL_SURFACE('',#1276,1.98038475772934);
#1143=CYLINDRICAL_SURFACE('',#1277,1.98038475772934);
#1144=CYLINDRICAL_SURFACE('',#1278,1.98038475772934);
#1145=CYLINDRICAL_SURFACE('',#1279,1.98038475772934);
#1146=CYLINDRICAL_SURFACE('',#1280,1.98038475772934);
#1147=CYLINDRICAL_SURFACE('',#1281,1.98038475772934);
#1148=CYLINDRICAL_SURFACE('',#1282,1.98038475772934);
#1149=CYLINDRICAL_SURFACE('',#1283,1.98038475772934);
#1150=CYLINDRICAL_SURFACE('',#1284,1.98038475772934);
#1151=CYLINDRICAL_SURFACE('',#1285,1.98038475772934);
#1152=CYLINDRICAL_SURFACE('',#1286,1.98038475772934);
#1153=CYLINDRICAL_SURFACE('',#1287,1.98038475772934);
#1154=CYLINDRICAL_SURFACE('',#1288,1.98038475772934);
#1155=CYLINDRICAL_SURFACE('',#1289,1.98038475772934);
#1156=CYLINDRICAL_SURFACE('',#1290,1.98038475772934);
#1157=CYLINDRICAL_SURFACE('',#1291,1.98038475772934);
#1158=CYLINDRICAL_SURFACE('',#1292,1.98038475772934);
#1159=CYLINDRICAL_SURFACE('',#1300,2.5);
#1160=CYLINDRICAL_SURFACE('',#1301,2.5);
#1161=CYLINDRICAL_SURFACE('',#1302,2.5);
#1162=CYLINDRICAL_SURFACE('',#1303,2.5);
#1163=CYLINDRICAL_SURFACE('',#1304,2.5);
#1164=CYLINDRICAL_SURFACE('',#1305,2.5);
#1165=CYLINDRICAL_SURFACE('',#1306,2.5);
#1166=CYLINDRICAL_SURFACE('',#1307,2.5);
#1167=CYLINDRICAL_SURFACE('',#1308,2.5);
#1168=CYLINDRICAL_SURFACE('',#1309,2.5);
#1169=CYLINDRICAL_SURFACE('',#1310,2.5);
#1170=CYLINDRICAL_SURFACE('',#1311,2.5);
#1171=CYLINDRICAL_SURFACE('',#1312,2.5);
#1172=CYLINDRICAL_SURFACE('',#1313,2.5);
#1173=CYLINDRICAL_SURFACE('',#1314,2.5);
#1174=CYLINDRICAL_SURFACE('',#1315,2.5);
#1175=CYLINDRICAL_SURFACE('',#1316,2.5);
#1176=CYLINDRICAL_SURFACE('',#1317,2.5);
#1177=CYLINDRICAL_SURFACE('',#1318,2.5);
#1178=CYLINDRICAL_SURFACE('',#1319,2.5);
#1179=CYLINDRICAL_SURFACE('',#1320,2.5);
#1180=CYLINDRICAL_SURFACE('',#1321,2.5);
#1181=CYLINDRICAL_SURFACE('',#1322,2.5);
#1182=CYLINDRICAL_SURFACE('',#1323,2.5);
#1183=CYLINDRICAL_SURFACE('',#1327,2.5);
#1184=CYLINDRICAL_SURFACE('',#1333,4.25);
#1185=CYLINDRICAL_SURFACE('',#1349,1.98038475772934);
#1186=ADVANCED_FACE('',(#94),#1136,.T.);
#1187=ADVANCED_FACE('',(#95),#1137,.T.);
#1188=ADVANCED_FACE('',(#96),#1138,.T.);
#1189=ADVANCED_FACE('',(#97),#1139,.T.);
#1190=ADVANCED_FACE('',(#98),#1140,.T.);
#1191=ADVANCED_FACE('',(#99),#1141,.T.);
#1192=ADVANCED_FACE('',(#100),#1142,.T.);
#1193=ADVANCED_FACE('',(#101),#1143,.T.);
#1194=ADVANCED_FACE('',(#102),#1144,.T.);
#1195=ADVANCED_FACE('',(#103),#1145,.T.);
#1196=ADVANCED_FACE('',(#104),#1146,.T.);
#1197=ADVANCED_FACE('',(#105),#1147,.T.);
#1198=ADVANCED_FACE('',(#106),#1148,.T.);
#1199=ADVANCED_FACE('',(#107),#1149,.T.);
#1200=ADVANCED_FACE('',(#108),#1150,.T.);
#1201=ADVANCED_FACE('',(#109),#1151,.T.);
#1202=ADVANCED_FACE('',(#110),#1152,.T.);
#1203=ADVANCED_FACE('',(#111),#1153,.T.);
#1204=ADVANCED_FACE('',(#112),#1154,.T.);
#1205=ADVANCED_FACE('',(#113),#1155,.T.);
#1206=ADVANCED_FACE('',(#114),#1156,.T.);
#1207=ADVANCED_FACE('',(#115),#1157,.T.);
#1208=ADVANCED_FACE('',(#116),#1158,.T.);
#1209=ADVANCED_FACE('',(#117),#89,.T.);
#1210=ADVANCED_FACE('',(#118),#90,.T.);
#1211=ADVANCED_FACE('',(#119),#1159,.T.);
#1212=ADVANCED_FACE('',(#120),#1160,.T.);
#1213=ADVANCED_FACE('',(#121),#1161,.T.);
#1214=ADVANCED_FACE('',(#122),#1162,.T.);
#1215=ADVANCED_FACE('',(#123),#1163,.T.);
#1216=ADVANCED_FACE('',(#124),#1164,.T.);
#1217=ADVANCED_FACE('',(#125),#1165,.T.);
#1218=ADVANCED_FACE('',(#126),#1166,.T.);
#1219=ADVANCED_FACE('',(#127),#1167,.T.);
#1220=ADVANCED_FACE('',(#128),#1168,.T.);
#1221=ADVANCED_FACE('',(#129),#1169,.T.);
#1222=ADVANCED_FACE('',(#130),#1170,.T.);
#1223=ADVANCED_FACE('',(#131),#1171,.T.);
#1224=ADVANCED_FACE('',(#132),#1172,.T.);
#1225=ADVANCED_FACE('',(#133),#1173,.T.);
#1226=ADVANCED_FACE('',(#134),#1174,.T.);
#1227=ADVANCED_FACE('',(#135),#1175,.T.);
#1228=ADVANCED_FACE('',(#136),#1176,.T.);
#1229=ADVANCED_FACE('',(#137),#1177,.T.);
#1230=ADVANCED_FACE('',(#138),#1178,.T.);
#1231=ADVANCED_FACE('',(#139),#1179,.T.);
#1232=ADVANCED_FACE('',(#140),#1180,.T.);
#1233=ADVANCED_FACE('',(#141),#1181,.T.);
#1234=ADVANCED_FACE('',(#142),#1182,.T.);
#1235=ADVANCED_FACE('',(#143),#91,.T.);
#1236=ADVANCED_FACE('',(#144),#1183,.T.);
#1237=ADVANCED_FACE('',(#145),#92,.T.);
#1238=ADVANCED_FACE('',(#146),#29,.T.);
#1239=ADVANCED_FACE('',(#147),#1184,.T.);
#1240=ADVANCED_FACE('',(#148),#30,.T.);
#1241=ADVANCED_FACE('',(#149),#93,.F.);
#1242=ADVANCED_FACE('',(#150),#19,.T.);
#1243=ADVANCED_FACE('',(#151),#20,.F.);
#1244=ADVANCED_FACE('',(#152),#21,.F.);
#1245=ADVANCED_FACE('',(#153),#22,.F.);
#1246=ADVANCED_FACE('',(#154),#23,.F.);
#1247=ADVANCED_FACE('',(#155),#24,.F.);
#1248=ADVANCED_FACE('',(#156),#25,.F.);
#1249=ADVANCED_FACE('',(#157,#17),#26,.T.);
#1250=ADVANCED_FACE('',(#158,#18),#27,.T.);
#1251=ADVANCED_FACE('',(#159),#1185,.T.);
#1252=ADVANCED_FACE('',(#160),#15,.T.);
#1253=ADVANCED_FACE('',(#161),#16,.T.);
#1254=ADVANCED_FACE('',(#162),#28,.T.);
#1255=CLOSED_SHELL('',(#1186,#1187,#1188,#1189,#1190,#1191,#1192,#1193,
#1194,#1195,#1196,#1197,#1198,#1199,#1200,#1201,#1202,#1203,#1204,#1205,
#1206,#1207,#1208,#1209,#1210,#1211,#1212,#1213,#1214,#1215,#1216,#1217,
#1218,#1219,#1220,#1221,#1222,#1223,#1224,#1225,#1226,#1227,#1228,#1229,
#1230,#1231,#1232,#1233,#1234,#1235,#1236,#1237,#1238,#1239,#1240,#1241,
#1242,#1243,#1244,#1245,#1246,#1247,#1248,#1249,#1250,#1251,#1252,#1253,
#1254));
#1256=DERIVED_UNIT_ELEMENT(#1258,1.);
#1257=DERIVED_UNIT_ELEMENT(#6248,-3.);
#1258=(
MASS_UNIT()
NAMED_UNIT(*)
SI_UNIT(.KILO.,.GRAM.)
);
#1259=DERIVED_UNIT((#1256,#1257));
#1260=MEASURE_REPRESENTATION_ITEM('density measure',
POSITIVE_RATIO_MEASURE(7850.),#1259);
#1261=PROPERTY_DEFINITION_REPRESENTATION(#1266,#1263);
#1262=PROPERTY_DEFINITION_REPRESENTATION(#1267,#1264);
#1263=REPRESENTATION('material name',(#1265),#6245);
#1264=REPRESENTATION('density',(#1260),#6245);
#1265=DESCRIPTIVE_REPRESENTATION_ITEM('Steel','Steel');
#1266=PROPERTY_DEFINITION('material property','material name',#6255);
#1267=PROPERTY_DEFINITION('material property','density of part',#6255);
#1268=AXIS2_PLACEMENT_3D('',#1582,#1351,#1352);
#1269=AXIS2_PLACEMENT_3D('',#1583,#1353,#1354);
#1270=AXIS2_PLACEMENT_3D('',#1604,#1356,#1357);
#1271=AXIS2_PLACEMENT_3D('',#1618,#1358,#1359);
#1272=AXIS2_PLACEMENT_3D('',#1656,#1361,#1362);
#1273=AXIS2_PLACEMENT_3D('',#1694,#1364,#1365);
#1274=AXIS2_PLACEMENT_3D('',#1732,#1367,#1368);
#1275=AXIS2_PLACEMENT_3D('',#1770,#1370,#1371);
#1276=AXIS2_PLACEMENT_3D('',#1808,#1373,#1374);
#1277=AXIS2_PLACEMENT_3D('',#1846,#1376,#1377);
#1278=AXIS2_PLACEMENT_3D('',#1884,#1379,#1380);
#1279=AXIS2_PLACEMENT_3D('',#1922,#1382,#1383);
#1280=AXIS2_PLACEMENT_3D('',#1960,#1385,#1386);
#1281=AXIS2_PLACEMENT_3D('',#1998,#1388,#1389);
#1282=AXIS2_PLACEMENT_3D('',#2036,#1391,#1392);
#1283=AXIS2_PLACEMENT_3D('',#2074,#1394,#1395);
#1284=AXIS2_PLACEMENT_3D('',#2112,#1397,#1398);
#1285=AXIS2_PLACEMENT_3D('',#2150,#1400,#1401);
#1286=AXIS2_PLACEMENT_3D('',#2188,#1403,#1404);
#1287=AXIS2_PLACEMENT_3D('',#2226,#1406,#1407);
#1288=AXIS2_PLACEMENT_3D('',#2264,#1409,#1410);
#1289=AXIS2_PLACEMENT_3D('',#2302,#1412,#1413);
#1290=AXIS2_PLACEMENT_3D('',#2340,#1415,#1416);
#1291=AXIS2_PLACEMENT_3D('',#2378,#1418,#1419);
#1292=AXIS2_PLACEMENT_3D('',#2416,#1421,#1422);
#1293=AXIS2_PLACEMENT_3D('',#2421,#1424,#1425);
#1294=AXIS2_PLACEMENT_3D('',#2456,#1426,#1427);
#1295=AXIS2_PLACEMENT_3D('',#2475,#1429,#1430);
#1296=AXIS2_PLACEMENT_3D('',#2486,#1431,#1432);
#1297=AXIS2_PLACEMENT_3D('',#2488,#1433,#1434);
#1298=AXIS2_PLACEMENT_3D('',#2492,#1436,#1437);
#1299=AXIS2_PLACEMENT_3D('',#2537,#1439,#1440);
#1300=AXIS2_PLACEMENT_3D('',#2538,#1441,#1442);
#1301=AXIS2_PLACEMENT_3D('',#2549,#1444,#1445);
#1302=AXIS2_PLACEMENT_3D('',#2623,#1447,#1448);
#1303=AXIS2_PLACEMENT_3D('',#2701,#1450,#1451);
#1304=AXIS2_PLACEMENT_3D('',#2777,#1453,#1454);
#1305=AXIS2_PLACEMENT_3D('',#2853,#1456,#1457);
#1306=AXIS2_PLACEMENT_3D('',#2929,#1459,#1460);
#1307=AXIS2_PLACEMENT_3D('',#3005,#1462,#1463);
#1308=AXIS2_PLACEMENT_3D('',#3081,#1465,#1466);
#1309=AXIS2_PLACEMENT_3D('',#3157,#1468,#1469);
#1310=AXIS2_PLACEMENT_3D('',#3233,#1471,#1472);
#1311=AXIS2_PLACEMENT_3D('',#3309,#1474,#1475);
#1312=AXIS2_PLACEMENT_3D('',#3385,#1477,#1478);
#1313=AXIS2_PLACEMENT_3D('',#3463,#1480,#1481);
#1314=AXIS2_PLACEMENT_3D('',#3539,#1483,#1484);
#1315=AXIS2_PLACEMENT_3D('',#3615,#1486,#1487);
#1316=AXIS2_PLACEMENT_3D('',#3693,#1489,#1490);
#1317=AXIS2_PLACEMENT_3D('',#3769,#1492,#1493);
#1318=AXIS2_PLACEMENT_3D('',#3845,#1495,#1496);
#1319=AXIS2_PLACEMENT_3D('',#3921,#1498,#1499);
#1320=AXIS2_PLACEMENT_3D('',#3997,#1501,#1502);
#1321=AXIS2_PLACEMENT_3D('',#4073,#1504,#1505);
#1322=AXIS2_PLACEMENT_3D('',#4149,#1507,#1508);
#1323=AXIS2_PLACEMENT_3D('',#4225,#1510,#1511);
#1324=AXIS2_PLACEMENT_3D('',#4301,#1513,#1514);
#1325=AXIS2_PLACEMENT_3D('',#4316,#1515,#1516);
#1326=AXIS2_PLACEMENT_3D('',#4344,#1518,#1519);
#1327=AXIS2_PLACEMENT_3D('',#4361,#1520,#1521);
#1328=AXIS2_PLACEMENT_3D('',#4422,#1522,#1523);
#1329=AXIS2_PLACEMENT_3D('',#4497,#1524,#1525);
#1330=AXIS2_PLACEMENT_3D('',#4499,#1526,#1527);
#1331=AXIS2_PLACEMENT_3D('',#4501,#1528,#1529);
#1332=AXIS2_PLACEMENT_3D('',#4502,#1530,#1531);
#1333=AXIS2_PLACEMENT_3D('',#4503,#1532,#1533);
#1334=AXIS2_PLACEMENT_3D('',#4506,#1535,#1536);
#1335=AXIS2_PLACEMENT_3D('',#4507,#1537,#1538);
#1336=AXIS2_PLACEMENT_3D('',#4509,#1539,#1540);
#1337=AXIS2_PLACEMENT_3D('',#4510,#1541,#1542);
#1338=AXIS2_PLACEMENT_3D('',#4511,#1543,#1544);
#1339=AXIS2_PLACEMENT_3D('',#4531,#1546,#1547);
#1340=AXIS2_PLACEMENT_3D('',#4543,#1548,#1549);
#1341=AXIS2_PLACEMENT_3D('',#4556,#1556,#1557);
#1342=AXIS2_PLACEMENT_3D('',#4559,#1560,#1561);
#1343=AXIS2_PLACEMENT_3D('',#4561,#1563,#1564);
#1344=AXIS2_PLACEMENT_3D('',#4563,#1566,#1567);
#1345=AXIS2_PLACEMENT_3D('',#4565,#1569,#1570);
#1346=AXIS2_PLACEMENT_3D('',#4567,#1572,#1573);
#1347=AXIS2_PLACEMENT_3D('',#4568,#1574,#1575);
#1348=AXIS2_PLACEMENT_3D('',#4569,#1576,#1577);
#1349=AXIS2_PLACEMENT_3D('',#4570,#1578,#1579);
#1350=AXIS2_PLACEMENT_3D('',#6242,#1580,#1581);
#1351=DIRECTION('axis',(0.,0.,1.));
#1352=DIRECTION('refdir',(1.,0.,0.));
#1353=DIRECTION('center_axis',(0.,0.,1.));
#1354=DIRECTION('ref_axis',(-1.60228239226418E-16,1.,0.));
#1355=DIRECTION('',(0.,0.,-1.));
#1356=DIRECTION('center_axis',(1.15029939836581E-14,1.82178693873765E-15,
-1.));
#1357=DIRECTION('ref_axis',(1.,1.83084863439566E-14,1.12121952089565E-14));
#1358=DIRECTION('center_axis',(0.,0.,1.));
#1359=DIRECTION('ref_axis',(-1.60228239226418E-16,1.,0.));
#1360=DIRECTION('',(0.,0.,-1.));
#1361=DIRECTION('center_axis',(0.,0.,1.));
#1362=DIRECTION('ref_axis',(-1.60228239226418E-16,1.,0.));
#1363=DIRECTION('',(0.,0.,-1.));
#1364=DIRECTION('center_axis',(0.,0.,1.));
#1365=DIRECTION('ref_axis',(-1.60228239226418E-16,1.,0.));
#1366=DIRECTION('',(0.,0.,-1.));
#1367=DIRECTION('center_axis',(0.,0.,1.));
#1368=DIRECTION('ref_axis',(-1.60228239226418E-16,1.,0.));
#1369=DIRECTION('',(0.,0.,-1.));
#1370=DIRECTION('center_axis',(0.,0.,1.));
#1371=DIRECTION('ref_axis',(-1.60228239226418E-16,1.,0.));
#1372=DIRECTION('',(0.,0.,-1.));
#1373=DIRECTION('center_axis',(0.,0.,1.));
#1374=DIRECTION('ref_axis',(-1.60228239226418E-16,1.,0.));
#1375=DIRECTION('',(0.,0.,-1.));
#1376=DIRECTION('center_axis',(0.,0.,1.));
#1377=DIRECTION('ref_axis',(-1.60228239226418E-16,1.,0.));
#1378=DIRECTION('',(0.,0.,-1.));
#1379=DIRECTION('center_axis',(0.,0.,1.));
#1380=DIRECTION('ref_axis',(-1.60228239226418E-16,1.,0.));
#1381=DIRECTION('',(0.,0.,-1.));
#1382=DIRECTION('center_axis',(0.,0.,1.));
#1383=DIRECTION('ref_axis',(-1.60228239226418E-16,1.,0.));
#1384=DIRECTION('',(0.,0.,-1.));
#1385=DIRECTION('center_axis',(0.,0.,1.));
#1386=DIRECTION('ref_axis',(-1.60228239226418E-16,1.,0.));
#1387=DIRECTION('',(0.,0.,-1.));
#1388=DIRECTION('center_axis',(0.,0.,1.));
#1389=DIRECTION('ref_axis',(-1.60228239226418E-16,1.,0.));
#1390=DIRECTION('',(0.,0.,-1.));
#1391=DIRECTION('center_axis',(0.,0.,1.));
#1392=DIRECTION('ref_axis',(-1.60228239226418E-16,1.,0.));
#1393=DIRECTION('',(0.,0.,-1.));
#1394=DIRECTION('center_axis',(0.,0.,1.));
#1395=DIRECTION('ref_axis',(-1.60228239226418E-16,1.,0.));
#1396=DIRECTION('',(0.,0.,-1.));
#1397=DIRECTION('center_axis',(0.,0.,1.));
#1398=DIRECTION('ref_axis',(-1.60228239226418E-16,1.,0.));
#1399=DIRECTION('',(0.,0.,-1.));
#1400=DIRECTION('center_axis',(0.,0.,1.));
#1401=DIRECTION('ref_axis',(-1.60228239226418E-16,1.,0.));
#1402=DIRECTION('',(0.,0.,-1.));
#1403=DIRECTION('center_axis',(0.,0.,1.));
#1404=DIRECTION('ref_axis',(-1.60228239226418E-16,1.,0.));
#1405=DIRECTION('',(0.,0.,-1.));
#1406=DIRECTION('center_axis',(0.,0.,1.));
#1407=DIRECTION('ref_axis',(-1.60228239226418E-16,1.,0.));
#1408=DIRECTION('',(0.,0.,-1.));
#1409=DIRECTION('center_axis',(0.,0.,1.));
#1410=DIRECTION('ref_axis',(-1.60228239226418E-16,1.,0.));
#1411=DIRECTION('',(0.,0.,-1.));
#1412=DIRECTION('center_axis',(0.,0.,1.));
#1413=DIRECTION('ref_axis',(-1.60228239226418E-16,1.,0.));
#1414=DIRECTION('',(0.,0.,-1.));
#1415=DIRECTION('center_axis',(0.,0.,1.));
#1416=DIRECTION('ref_axis',(-1.60228239226418E-16,1.,0.));
#1417=DIRECTION('',(0.,0.,-1.));
#1418=DIRECTION('center_axis',(0.,0.,1.));
#1419=DIRECTION('ref_axis',(-1.60228239226418E-16,1.,0.));
#1420=DIRECTION('',(0.,0.,-1.));
#1421=DIRECTION('center_axis',(0.,0.,1.));
#1422=DIRECTION('ref_axis',(-1.60228239226418E-16,1.,0.));
#1423=DIRECTION('',(0.,0.,-1.));
#1424=DIRECTION('center_axis',(-7.19728741539743E-16,1.12705821164637E-14,
1.));
#1425=DIRECTION('ref_axis',(0.25770827584383,-0.966222771705159,1.12121952089564E-14));
#1426=DIRECTION('center_axis',(0.,0.,1.));
#1427=DIRECTION('ref_axis',(-1.,0.,0.));
#1428=DIRECTION('',(-0.342020143325669,-4.188538737677E-17,-0.939692620785908));
#1429=DIRECTION('center_axis',(-7.19728741539743E-16,1.12705821164637E-14,
1.));
#1430=DIRECTION('ref_axis',(0.25770827584383,-0.966222771705159,1.12121952089564E-14));
#1431=DIRECTION('center_axis',(0.,0.,1.));
#1432=DIRECTION('ref_axis',(-1.,0.,0.));
#1433=DIRECTION('center_axis',(0.,0.,-1.));
#1434=DIRECTION('ref_axis',(-1.,0.,0.));
#1435=DIRECTION('',(-0.342020143325669,-4.188538737677E-17,-0.939692620785908));
#1436=DIRECTION('center_axis',(0.,0.,1.));
#1437=DIRECTION('ref_axis',(1.,0.,0.));
#1438=DIRECTION('',(-0.342020143325669,-4.188538737677E-17,-0.939692620785908));
#1439=DIRECTION('center_axis',(0.,0.,1.));
#1440=DIRECTION('ref_axis',(1.,0.,0.));
#1441=DIRECTION('center_axis',(0.,0.,-1.));
#1442=DIRECTION('ref_axis',(-1.,0.,0.));
#1443=DIRECTION('',(0.,0.,1.));
#1444=DIRECTION('center_axis',(0.,0.,-1.));
#1445=DIRECTION('ref_axis',(-1.,0.,0.));
#1446=DIRECTION('',(0.,0.,1.));
#1447=DIRECTION('center_axis',(0.,0.,-1.));
#1448=DIRECTION('ref_axis',(-1.,0.,0.));
#1449=DIRECTION('',(0.,0.,1.));
#1450=DIRECTION('center_axis',(0.,0.,-1.));
#1451=DIRECTION('ref_axis',(-1.,0.,0.));
#1452=DIRECTION('',(0.,0.,1.));
#1453=DIRECTION('center_axis',(0.,0.,-1.));
#1454=DIRECTION('ref_axis',(-1.,0.,0.));
#1455=DIRECTION('',(0.,0.,1.));
#1456=DIRECTION('center_axis',(0.,0.,-1.));
#1457=DIRECTION('ref_axis',(-1.,0.,0.));
#1458=DIRECTION('',(0.,0.,1.));
#1459=DIRECTION('center_axis',(0.,0.,-1.));
#1460=DIRECTION('ref_axis',(-1.,0.,0.));
#1461=DIRECTION('',(0.,0.,1.));
#1462=DIRECTION('center_axis',(0.,0.,-1.));
#1463=DIRECTION('ref_axis',(-1.,0.,0.));
#1464=DIRECTION('',(0.,0.,1.));
#1465=DIRECTION('center_axis',(0.,0.,-1.));
#1466=DIRECTION('ref_axis',(-1.,0.,0.));
#1467=DIRECTION('',(0.,0.,1.));
#1468=DIRECTION('center_axis',(0.,0.,-1.));
#1469=DIRECTION('ref_axis',(-1.,0.,0.));
#1470=DIRECTION('',(0.,0.,1.));
#1471=DIRECTION('center_axis',(0.,0.,-1.));
#1472=DIRECTION('ref_axis',(-1.,0.,0.));
#1473=DIRECTION('',(0.,0.,1.));
#1474=DIRECTION('center_axis',(0.,0.,-1.));
#1475=DIRECTION('ref_axis',(-1.,0.,0.));
#1476=DIRECTION('',(0.,0.,1.));
#1477=DIRECTION('center_axis',(0.,0.,-1.));
#1478=DIRECTION('ref_axis',(-1.,0.,0.));
#1479=DIRECTION('',(0.,0.,1.));
#1480=DIRECTION('center_axis',(0.,0.,-1.));
#1481=DIRECTION('ref_axis',(-1.,0.,0.));
#1482=DIRECTION('',(0.,0.,1.));
#1483=DIRECTION('center_axis',(0.,0.,-1.));
#1484=DIRECTION('ref_axis',(-1.,0.,0.));
#1485=DIRECTION('',(0.,0.,1.));
#1486=DIRECTION('center_axis',(0.,0.,-1.));
#1487=DIRECTION('ref_axis',(-1.,0.,0.));
#1488=DIRECTION('',(0.,0.,1.));
#1489=DIRECTION('center_axis',(0.,0.,-1.));
#1490=DIRECTION('ref_axis',(-1.,0.,0.));
#1491=DIRECTION('',(0.,0.,1.));
#1492=DIRECTION('center_axis',(0.,0.,-1.));
#1493=DIRECTION('ref_axis',(-1.,0.,0.));
#1494=DIRECTION('',(0.,0.,1.));
#1495=DIRECTION('center_axis',(0.,0.,-1.));
#1496=DIRECTION('ref_axis',(-1.,0.,0.));
#1497=DIRECTION('',(0.,0.,1.));
#1498=DIRECTION('center_axis',(0.,0.,-1.));
#1499=DIRECTION('ref_axis',(-1.,0.,0.));
#1500=DIRECTION('',(0.,0.,1.));
#1501=DIRECTION('center_axis',(0.,0.,-1.));
#1502=DIRECTION('ref_axis',(-1.,0.,0.));
#1503=DIRECTION('',(0.,0.,1.));
#1504=DIRECTION('center_axis',(0.,0.,-1.));
#1505=DIRECTION('ref_axis',(-1.,0.,0.));
#1506=DIRECTION('',(0.,0.,1.));
#1507=DIRECTION('center_axis',(0.,0.,-1.));
#1508=DIRECTION('ref_axis',(-1.,0.,0.));
#1509=DIRECTION('',(0.,0.,1.));
#1510=DIRECTION('center_axis',(0.,0.,-1.));
#1511=DIRECTION('ref_axis',(-1.,0.,0.));
#1512=DIRECTION('',(0.,0.,1.));
#1513=DIRECTION('center_axis',(0.,0.,1.));
#1514=DIRECTION('ref_axis',(1.,0.,0.));
#1515=DIRECTION('center_axis',(0.,0.,-1.));
#1516=DIRECTION('ref_axis',(-1.,0.,0.));
#1517=DIRECTION('',(0.707106781186549,8.65956056235495E-17,-0.707106781186546));
#1518=DIRECTION('center_axis',(0.,0.,-1.));
#1519=DIRECTION('ref_axis',(-1.,0.,0.));
#1520=DIRECTION('center_axis',(0.,0.,-1.));
#1521=DIRECTION('ref_axis',(-1.,0.,0.));
#1522=DIRECTION('center_axis',(0.,0.,1.));
#1523=DIRECTION('ref_axis',(-1.,0.,0.));
#1524=DIRECTION('center_axis',(0.,0.,-1.));
#1525=DIRECTION('ref_axis',(-1.,0.,0.));
#1526=DIRECTION('center_axis',(0.,0.,-1.));
#1527=DIRECTION('ref_axis',(-1.,0.,0.));
#1528=DIRECTION('center_axis',(-1.22464679914735E-16,-1.,0.));
#1529=DIRECTION('ref_axis',(1.,-1.22464679914735E-16,0.));
#1530=DIRECTION('center_axis',(0.,0.,-1.));
#1531=DIRECTION('ref_axis',(-1.,0.,0.));
#1532=DIRECTION('center_axis',(0.,0.,-1.));
#1533=DIRECTION('ref_axis',(-1.,0.,0.));
#1534=DIRECTION('',(0.,0.,1.));
#1535=DIRECTION('center_axis',(0.,0.,-1.));
#1536=DIRECTION('ref_axis',(-1.,0.,0.));
#1537=DIRECTION('center_axis',(0.,0.,-1.));
#1538=DIRECTION('ref_axis',(-1.,0.,0.));
#1539=DIRECTION('center_axis',(-1.22464679914735E-16,-1.,0.));
#1540=DIRECTION('ref_axis',(1.,-1.22464679914735E-16,0.));
#1541=DIRECTION('center_axis',(0.,0.,-1.));
#1542=DIRECTION('ref_axis',(-1.,0.,0.));
#1543=DIRECTION('center_axis',(0.,0.,1.));
#1544=DIRECTION('ref_axis',(1.,0.,0.));
#1545=DIRECTION('',(-0.86602540378444,-1.06057523872491E-16,0.499999999999998));
#1546=DIRECTION('center_axis',(0.,0.,1.));
#1547=DIRECTION('ref_axis',(1.,0.,0.));
#1548=DIRECTION('center_axis',(0.,0.,1.));
#1549=DIRECTION('ref_axis',(1.,0.,0.));
#1550=DIRECTION('',(-0.866025403784438,-0.5,0.));
#1551=DIRECTION('',(0.,-1.,0.));
#1552=DIRECTION('',(0.866025403784439,-0.5,0.));
#1553=DIRECTION('',(0.866025403784439,0.5,0.));
#1554=DIRECTION('',(0.,1.,0.));
#1555=DIRECTION('',(-0.866025403784438,0.5,0.));
#1556=DIRECTION('center_axis',(-0.5,0.866025403784438,0.));
#1557=DIRECTION('ref_axis',(-0.866025403784438,-0.5,0.));
#1558=DIRECTION('',(0.,0.,1.));
#1559=DIRECTION('',(0.,0.,1.));
#1560=DIRECTION('center_axis',(-1.,0.,0.));
#1561=DIRECTION('ref_axis',(0.,0.,1.));
#1562=DIRECTION('',(0.,0.,1.));
#1563=DIRECTION('center_axis',(-0.5,-0.866025403784439,0.));
#1564=DIRECTION('ref_axis',(0.866025403784439,-0.5,0.));
#1565=DIRECTION('',(0.,0.,1.));
#1566=DIRECTION('center_axis',(0.5,-0.866025403784439,0.));
#1567=DIRECTION('ref_axis',(0.866025403784439,0.5,0.));
#1568=DIRECTION('',(0.,0.,1.));
#1569=DIRECTION('center_axis',(1.,0.,0.));
#1570=DIRECTION('ref_axis',(0.,0.,-1.));
#1571=DIRECTION('',(0.,0.,1.));
#1572=DIRECTION('center_axis',(0.5,0.866025403784439,0.));
#1573=DIRECTION('ref_axis',(-0.866025403784439,0.5,0.));
#1574=DIRECTION('center_axis',(0.,0.,1.));
#1575=DIRECTION('ref_axis',(1.,0.,0.));
#1576=DIRECTION('center_axis',(0.,0.,-1.));
#1577=DIRECTION('ref_axis',(-1.,0.,0.));
#1578=DIRECTION('center_axis',(0.,0.,1.));
#1579=DIRECTION('ref_axis',(-1.60228239226418E-16,1.,0.));
#1580=DIRECTION('center_axis',(0.,0.,-1.));
#1581=DIRECTION('ref_axis',(-1.,0.,0.));
#1582=CARTESIAN_POINT('',(0.,0.,0.));
#1583=CARTESIAN_POINT('Origin',(3.17313562721808E-16,-9.43689570931383E-15,
-12.85));
#1584=CARTESIAN_POINT('',(3.17313562721807E-16,-1.98038475772935,-11.6));
#1585=CARTESIAN_POINT('',(3.17313562721807E-16,-1.98038475772935,-11.7));
#1586=CARTESIAN_POINT('',(8.77154310906959E-16,-1.98038475772935,-12.85));
#1587=CARTESIAN_POINT('',(1.95571843102236,-0.311591410674497,-12.2196152422716));
#1588=CARTESIAN_POINT('Ctrl Pts',(1.95571843102236,-0.311591410674497,-12.2196152422716));
#1589=CARTESIAN_POINT('Ctrl Pts',(1.98038475772934,-0.156772028266725,-12.2095557480779));
#1590=CARTESIAN_POINT('Ctrl Pts',(1.98038475772934,-9.47669501474556E-15,
-12.2));
#1591=CARTESIAN_POINT('Ctrl Pts',(1.98038475772934,0.820302225368439,-12.15));
#1592=CARTESIAN_POINT('Ctrl Pts',(1.40034349154889,1.40034349154888,-12.1));
#1593=CARTESIAN_POINT('Ctrl Pts',(0.820302225368449,1.98038475772933,-12.05));
#1594=CARTESIAN_POINT('Ctrl Pts',(0.,1.98038475772933,-12.));
#1595=CARTESIAN_POINT('Ctrl Pts',(-0.820302225368448,1.98038475772933,-11.95));
#1596=CARTESIAN_POINT('Ctrl Pts',(-1.40034349154889,1.40034349154888,-11.9));
#1597=CARTESIAN_POINT('Ctrl Pts',(-1.98038475772934,0.820302225368439,-11.85));
#1598=CARTESIAN_POINT('Ctrl Pts',(-1.98038475772934,-8.99164064381887E-15,
-11.8));
#1599=CARTESIAN_POINT('Ctrl Pts',(-1.98038475772934,-0.820302225368457,
-11.75));
#1600=CARTESIAN_POINT('Ctrl Pts',(-1.40034349154889,-1.4003434915489,-11.7));
#1601=CARTESIAN_POINT('Ctrl Pts',(-0.820302225368448,-1.98038475772935,
-11.65));
#1602=CARTESIAN_POINT('Ctrl Pts',(-2.42527185463344E-16,-1.98038475772935,
-11.6));
#1603=CARTESIAN_POINT('',(1.60323016410642,1.16257336523162,-12.2196152422707));
#1604=CARTESIAN_POINT('Origin',(1.55431223447522E-14,-7.63278329429795E-15,
-12.2196152422707));
#1605=CARTESIAN_POINT('Ctrl Pts',(1.60323016410642,1.16257336523162,-12.2196152422707));
#1606=CARTESIAN_POINT('Ctrl Pts',(1.51119805583155,1.28948892726623,-12.2095557480774));
#1607=CARTESIAN_POINT('Ctrl Pts',(1.40034349154889,1.40034349154888,-12.2));
#1608=CARTESIAN_POINT('Ctrl Pts',(0.820302225368449,1.98038475772933,-12.15));
#1609=CARTESIAN_POINT('Ctrl Pts',(0.,1.98038475772933,-12.1));
#1610=CARTESIAN_POINT('Ctrl Pts',(-0.820302225368448,1.98038475772933,-12.05));
#1611=CARTESIAN_POINT('Ctrl Pts',(-1.40034349154889,1.40034349154888,-12.));
#1612=CARTESIAN_POINT('Ctrl Pts',(-1.98038475772934,0.820302225368439,-11.95));
#1613=CARTESIAN_POINT('Ctrl Pts',(-1.98038475772934,-8.99164064381887E-15,
-11.9));
#1614=CARTESIAN_POINT('Ctrl Pts',(-1.98038475772934,-0.820302225368457,
-11.85));
#1615=CARTESIAN_POINT('Ctrl Pts',(-1.40034349154889,-1.4003434915489,-11.8));
#1616=CARTESIAN_POINT('Ctrl Pts',(-0.820302225368448,-1.98038475772935,
-11.75));
#1617=CARTESIAN_POINT('Ctrl Pts',(-2.42527185463344E-16,-1.98038475772935,
-11.7));
#1618=CARTESIAN_POINT('Origin',(3.17313562721808E-16,-9.43689570931383E-15,
-12.85));
#1619=CARTESIAN_POINT('',(3.17313562721807E-16,-1.98038475772935,-10.8));
#1620=CARTESIAN_POINT('',(3.17313562721807E-16,-1.98038475772935,-10.9));
#1621=CARTESIAN_POINT('',(8.77154310906959E-16,-1.98038475772935,-12.85));
#1622=CARTESIAN_POINT('Ctrl Pts',(-2.42527185463344E-16,-1.98038475772935,
-11.6));
#1623=CARTESIAN_POINT('Ctrl Pts',(0.820302225368448,-1.98038475772935,-11.55));
#1624=CARTESIAN_POINT('Ctrl Pts',(1.40034349154889,-1.4003434915489,-11.5));
#1625=CARTESIAN_POINT('Ctrl Pts',(1.98038475772934,-0.820302225368458,-11.45));
#1626=CARTESIAN_POINT('Ctrl Pts',(1.98038475772934,-9.47669501474556E-15,
-11.4));
#1627=CARTESIAN_POINT('Ctrl Pts',(1.98038475772934,0.820302225368439,-11.35));
#1628=CARTESIAN_POINT('Ctrl Pts',(1.40034349154889,1.40034349154888,-11.3));
#1629=CARTESIAN_POINT('Ctrl Pts',(0.820302225368449,1.98038475772933,-11.25));
#1630=CARTESIAN_POINT('Ctrl Pts',(0.,1.98038475772933,-11.2));
#1631=CARTESIAN_POINT('Ctrl Pts',(-0.820302225368448,1.98038475772933,-11.15));
#1632=CARTESIAN_POINT('Ctrl Pts',(-1.40034349154889,1.40034349154888,-11.1));
#1633=CARTESIAN_POINT('Ctrl Pts',(-1.98038475772934,0.820302225368439,-11.05));
#1634=CARTESIAN_POINT('Ctrl Pts',(-1.98038475772934,-8.99164064381887E-15,
-11.));
#1635=CARTESIAN_POINT('Ctrl Pts',(-1.98038475772934,-0.820302225368457,
-10.95));
#1636=CARTESIAN_POINT('Ctrl Pts',(-1.40034349154889,-1.4003434915489,-10.9));
#1637=CARTESIAN_POINT('Ctrl Pts',(-0.820302225368448,-1.98038475772935,
-10.85));
#1638=CARTESIAN_POINT('Ctrl Pts',(-2.42527185463344E-16,-1.98038475772935,
-10.8));
#1639=CARTESIAN_POINT('Ctrl Pts',(-2.42527185463344E-16,-1.98038475772935,
-11.7));
#1640=CARTESIAN_POINT('Ctrl Pts',(0.820302225368448,-1.98038475772935,-11.65));
#1641=CARTESIAN_POINT('Ctrl Pts',(1.40034349154889,-1.4003434915489,-11.6));
#1642=CARTESIAN_POINT('Ctrl Pts',(1.98038475772934,-0.820302225368458,-11.55));
#1643=CARTESIAN_POINT('Ctrl Pts',(1.98038475772934,-9.47669501474556E-15,
-11.5));
#1644=CARTESIAN_POINT('Ctrl Pts',(1.98038475772934,0.820302225368439,-11.45));
#1645=CARTESIAN_POINT('Ctrl Pts',(1.40034349154889,1.40034349154888,-11.4));
#1646=CARTESIAN_POINT('Ctrl Pts',(0.820302225368449,1.98038475772933,-11.35));
#1647=CARTESIAN_POINT('Ctrl Pts',(0.,1.98038475772933,-11.3));
#1648=CARTESIAN_POINT('Ctrl Pts',(-0.820302225368448,1.98038475772933,-11.25));
#1649=CARTESIAN_POINT('Ctrl Pts',(-1.40034349154889,1.40034349154888,-11.2));
#1650=CARTESIAN_POINT('Ctrl Pts',(-1.98038475772934,0.820302225368439,-11.15));
#1651=CARTESIAN_POINT('Ctrl Pts',(-1.98038475772934,-8.99164064381887E-15,
-11.1));
#1652=CARTESIAN_POINT('Ctrl Pts',(-1.98038475772934,-0.820302225368457,
-11.05));
#1653=CARTESIAN_POINT('Ctrl Pts',(-1.40034349154889,-1.4003434915489,-11.));
#1654=CARTESIAN_POINT('Ctrl Pts',(-0.820302225368448,-1.98038475772935,
-10.95));
#1655=CARTESIAN_POINT('Ctrl Pts',(-2.42527185463344E-16,-1.98038475772935,
-10.9));
#1656=CARTESIAN_POINT('Origin',(3.17313562721808E-16,-9.43689570931383E-15,
-12.85));
#1657=CARTESIAN_POINT('',(3.17313562721807E-16,-1.98038475772935,-10.));
#1658=CARTESIAN_POINT('',(3.17313562721807E-16,-1.98038475772935,-10.1));
#1659=CARTESIAN_POINT('',(8.77154310906959E-16,-1.98038475772935,-12.85));
#1660=CARTESIAN_POINT('Ctrl Pts',(-2.42527185463344E-16,-1.98038475772935,
-10.8));
#1661=CARTESIAN_POINT('Ctrl Pts',(0.820302225368448,-1.98038475772935,-10.75));
#1662=CARTESIAN_POINT('Ctrl Pts',(1.40034349154889,-1.4003434915489,-10.7));
#1663=CARTESIAN_POINT('Ctrl Pts',(1.98038475772934,-0.820302225368458,-10.65));
#1664=CARTESIAN_POINT('Ctrl Pts',(1.98038475772934,-9.47669501474556E-15,
-10.6));
#1665=CARTESIAN_POINT('Ctrl Pts',(1.98038475772934,0.820302225368439,-10.55));
#1666=CARTESIAN_POINT('Ctrl Pts',(1.40034349154889,1.40034349154888,-10.5));
#1667=CARTESIAN_POINT('Ctrl Pts',(0.820302225368449,1.98038475772933,-10.45));
#1668=CARTESIAN_POINT('Ctrl Pts',(0.,1.98038475772933,-10.4));
#1669=CARTESIAN_POINT('Ctrl Pts',(-0.820302225368448,1.98038475772933,-10.35));
#1670=CARTESIAN_POINT('Ctrl Pts',(-1.40034349154889,1.40034349154888,-10.3));
#1671=CARTESIAN_POINT('Ctrl Pts',(-1.98038475772934,0.820302225368439,-10.25));
#1672=CARTESIAN_POINT('Ctrl Pts',(-1.98038475772934,-8.99164064381887E-15,
-10.2));
#1673=CARTESIAN_POINT('Ctrl Pts',(-1.98038475772934,-0.820302225368457,
-10.15));
#1674=CARTESIAN_POINT('Ctrl Pts',(-1.40034349154889,-1.4003434915489,-10.1));
#1675=CARTESIAN_POINT('Ctrl Pts',(-0.820302225368448,-1.98038475772935,
-10.05));
#1676=CARTESIAN_POINT('Ctrl Pts',(-2.42527185463344E-16,-1.98038475772935,
-10.));
#1677=CARTESIAN_POINT('Ctrl Pts',(-2.42527185463344E-16,-1.98038475772935,
-10.9));
#1678=CARTESIAN_POINT('Ctrl Pts',(0.820302225368448,-1.98038475772935,-10.85));
#1679=CARTESIAN_POINT('Ctrl Pts',(1.40034349154889,-1.4003434915489,-10.8));
#1680=CARTESIAN_POINT('Ctrl Pts',(1.98038475772934,-0.820302225368458,-10.75));
#1681=CARTESIAN_POINT('Ctrl Pts',(1.98038475772934,-9.47669501474556E-15,
-10.7));
#1682=CARTESIAN_POINT('Ctrl Pts',(1.98038475772934,0.820302225368439,-10.65));
#1683=CARTESIAN_POINT('Ctrl Pts',(1.40034349154889,1.40034349154888,-10.6));
#1684=CARTESIAN_POINT('Ctrl Pts',(0.820302225368449,1.98038475772933,-10.55));
#1685=CARTESIAN_POINT('Ctrl Pts',(0.,1.98038475772933,-10.5));
#1686=CARTESIAN_POINT('Ctrl Pts',(-0.820302225368448,1.98038475772933,-10.45));
#1687=CARTESIAN_POINT('Ctrl Pts',(-1.40034349154889,1.40034349154888,-10.4));
#1688=CARTESIAN_POINT('Ctrl Pts',(-1.98038475772934,0.820302225368439,-10.35));
#1689=CARTESIAN_POINT('Ctrl Pts',(-1.98038475772934,-8.99164064381887E-15,
-10.3));
#1690=CARTESIAN_POINT('Ctrl Pts',(-1.98038475772934,-0.820302225368457,
-10.25));
#1691=CARTESIAN_POINT('Ctrl Pts',(-1.40034349154889,-1.4003434915489,-10.2));
#1692=CARTESIAN_POINT('Ctrl Pts',(-0.820302225368448,-1.98038475772935,
-10.15));
#1693=CARTESIAN_POINT('Ctrl Pts',(-2.42527185463344E-16,-1.98038475772935,
-10.1));
#1694=CARTESIAN_POINT('Origin',(3.17313562721808E-16,-9.43689570931383E-15,
-12.85));
#1695=CARTESIAN_POINT('',(3.17313562721807E-16,-1.98038475772935,-9.2));
#1696=CARTESIAN_POINT('',(3.17313562721807E-16,-1.98038475772935,-9.3));
#1697=CARTESIAN_POINT('',(8.77154310906959E-16,-1.98038475772935,-12.85));
#1698=CARTESIAN_POINT('Ctrl Pts',(-2.42527185463344E-16,-1.98038475772935,
-10.));
#1699=CARTESIAN_POINT('Ctrl Pts',(0.820302225368448,-1.98038475772935,-9.95));
#1700=CARTESIAN_POINT('Ctrl Pts',(1.40034349154889,-1.4003434915489,-9.9));
#1701=CARTESIAN_POINT('Ctrl Pts',(1.98038475772934,-0.820302225368458,-9.85));
#1702=CARTESIAN_POINT('Ctrl Pts',(1.98038475772934,-9.47669501474556E-15,
-9.8));
#1703=CARTESIAN_POINT('Ctrl Pts',(1.98038475772934,0.820302225368439,-9.75));
#1704=CARTESIAN_POINT('Ctrl Pts',(1.40034349154889,1.40034349154888,-9.7));
#1705=CARTESIAN_POINT('Ctrl Pts',(0.820302225368449,1.98038475772933,-9.65));
#1706=CARTESIAN_POINT('Ctrl Pts',(0.,1.98038475772933,-9.6));
#1707=CARTESIAN_POINT('Ctrl Pts',(-0.820302225368448,1.98038475772933,-9.55));
#1708=CARTESIAN_POINT('Ctrl Pts',(-1.40034349154889,1.40034349154888,-9.5));
#1709=CARTESIAN_POINT('Ctrl Pts',(-1.98038475772934,0.820302225368439,-9.45));
#1710=CARTESIAN_POINT('Ctrl Pts',(-1.98038475772934,-8.99164064381887E-15,
-9.4));
#1711=CARTESIAN_POINT('Ctrl Pts',(-1.98038475772934,-0.820302225368457,
-9.35));
#1712=CARTESIAN_POINT('Ctrl Pts',(-1.40034349154889,-1.4003434915489,-9.3));
#1713=CARTESIAN_POINT('Ctrl Pts',(-0.820302225368448,-1.98038475772935,
-9.25));
#1714=CARTESIAN_POINT('Ctrl Pts',(-2.42527185463344E-16,-1.98038475772935,
-9.2));
#1715=CARTESIAN_POINT('Ctrl Pts',(-2.42527185463344E-16,-1.98038475772935,
-10.1));
#1716=CARTESIAN_POINT('Ctrl Pts',(0.820302225368448,-1.98038475772935,-10.05));
#1717=CARTESIAN_POINT('Ctrl Pts',(1.40034349154889,-1.4003434915489,-10.));
#1718=CARTESIAN_POINT('Ctrl Pts',(1.98038475772934,-0.820302225368458,-9.95));
#1719=CARTESIAN_POINT('Ctrl Pts',(1.98038475772934,-9.47669501474556E-15,
-9.9));
#1720=CARTESIAN_POINT('Ctrl Pts',(1.98038475772934,0.820302225368439,-9.85));
#1721=CARTESIAN_POINT('Ctrl Pts',(1.40034349154889,1.40034349154888,-9.8));
#1722=CARTESIAN_POINT('Ctrl Pts',(0.820302225368449,1.98038475772933,-9.75));
#1723=CARTESIAN_POINT('Ctrl Pts',(0.,1.98038475772933,-9.7));
#1724=CARTESIAN_POINT('Ctrl Pts',(-0.820302225368448,1.98038475772933,-9.65));
#1725=CARTESIAN_POINT('Ctrl Pts',(-1.40034349154889,1.40034349154888,-9.6));
#1726=CARTESIAN_POINT('Ctrl Pts',(-1.98038475772934,0.820302225368439,-9.55));
#1727=CARTESIAN_POINT('Ctrl Pts',(-1.98038475772934,-8.99164064381887E-15,
-9.5));
#1728=CARTESIAN_POINT('Ctrl Pts',(-1.98038475772934,-0.820302225368457,
-9.45));
#1729=CARTESIAN_POINT('Ctrl Pts',(-1.40034349154889,-1.4003434915489,-9.4));
#1730=CARTESIAN_POINT('Ctrl Pts',(-0.820302225368448,-1.98038475772935,
-9.35));
#1731=CARTESIAN_POINT('Ctrl Pts',(-2.42527185463344E-16,-1.98038475772935,
-9.3));
#1732=CARTESIAN_POINT('Origin',(3.17313562721808E-16,-9.43689570931383E-15,
-12.85));
#1733=CARTESIAN_POINT('',(3.17313562721807E-16,-1.98038475772935,-8.4));
#1734=CARTESIAN_POINT('',(3.17313562721807E-16,-1.98038475772935,-8.5));
#1735=CARTESIAN_POINT('',(8.77154310906959E-16,-1.98038475772935,-12.85));
#1736=CARTESIAN_POINT('Ctrl Pts',(-2.42527185463344E-16,-1.98038475772935,
-9.2));
#1737=CARTESIAN_POINT('Ctrl Pts',(0.820302225368448,-1.98038475772935,-9.15));
#1738=CARTESIAN_POINT('Ctrl Pts',(1.40034349154889,-1.4003434915489,-9.1));
#1739=CARTESIAN_POINT('Ctrl Pts',(1.98038475772934,-0.820302225368458,-9.05));
#1740=CARTESIAN_POINT('Ctrl Pts',(1.98038475772934,-9.47669501474556E-15,
-9.));
#1741=CARTESIAN_POINT('Ctrl Pts',(1.98038475772934,0.820302225368439,-8.95));
#1742=CARTESIAN_POINT('Ctrl Pts',(1.40034349154889,1.40034349154888,-8.9));
#1743=CARTESIAN_POINT('Ctrl Pts',(0.820302225368449,1.98038475772933,-8.85));
#1744=CARTESIAN_POINT('Ctrl Pts',(0.,1.98038475772933,-8.8));
#1745=CARTESIAN_POINT('Ctrl Pts',(-0.820302225368448,1.98038475772933,-8.75));
#1746=CARTESIAN_POINT('Ctrl Pts',(-1.40034349154889,1.40034349154888,-8.7));
#1747=CARTESIAN_POINT('Ctrl Pts',(-1.98038475772934,0.820302225368439,-8.65));
#1748=CARTESIAN_POINT('Ctrl Pts',(-1.98038475772934,-8.99164064381887E-15,
-8.6));
#1749=CARTESIAN_POINT('Ctrl Pts',(-1.98038475772934,-0.820302225368457,
-8.55));
#1750=CARTESIAN_POINT('Ctrl Pts',(-1.40034349154889,-1.4003434915489,-8.5));
#1751=CARTESIAN_POINT('Ctrl Pts',(-0.820302225368448,-1.98038475772935,
-8.45));
#1752=CARTESIAN_POINT('Ctrl Pts',(-2.42527185463344E-16,-1.98038475772935,
-8.4));
#1753=CARTESIAN_POINT('Ctrl Pts',(-2.42527185463344E-16,-1.98038475772935,
-9.3));
#1754=CARTESIAN_POINT('Ctrl Pts',(0.820302225368448,-1.98038475772935,-9.25));
#1755=CARTESIAN_POINT('Ctrl Pts',(1.40034349154889,-1.4003434915489,-9.2));
#1756=CARTESIAN_POINT('Ctrl Pts',(1.98038475772934,-0.820302225368458,-9.15));
#1757=CARTESIAN_POINT('Ctrl Pts',(1.98038475772934,-9.47669501474556E-15,
-9.1));
#1758=CARTESIAN_POINT('Ctrl Pts',(1.98038475772934,0.820302225368439,-9.05));
#1759=CARTESIAN_POINT('Ctrl Pts',(1.40034349154889,1.40034349154888,-9.));
#1760=CARTESIAN_POINT('Ctrl Pts',(0.820302225368449,1.98038475772933,-8.95));
#1761=CARTESIAN_POINT('Ctrl Pts',(0.,1.98038475772933,-8.9));
#1762=CARTESIAN_POINT('Ctrl Pts',(-0.820302225368448,1.98038475772933,-8.85));
#1763=CARTESIAN_POINT('Ctrl Pts',(-1.40034349154889,1.40034349154888,-8.8));
#1764=CARTESIAN_POINT('Ctrl Pts',(-1.98038475772934,0.820302225368439,-8.75));
#1765=CARTESIAN_POINT('Ctrl Pts',(-1.98038475772934,-8.99164064381887E-15,
-8.7));
#1766=CARTESIAN_POINT('Ctrl Pts',(-1.98038475772934,-0.820302225368457,
-8.65));
#1767=CARTESIAN_POINT('Ctrl Pts',(-1.40034349154889,-1.4003434915489,-8.6));
#1768=CARTESIAN_POINT('Ctrl Pts',(-0.820302225368448,-1.98038475772935,
-8.55));
#1769=CARTESIAN_POINT('Ctrl Pts',(-2.42527185463344E-16,-1.98038475772935,
-8.5));
#1770=CARTESIAN_POINT('Origin',(3.17313562721808E-16,-9.43689570931383E-15,
-12.85));
#1771=CARTESIAN_POINT('',(3.17313562721807E-16,-1.98038475772935,-7.6));
#1772=CARTESIAN_POINT('',(3.17313562721807E-16,-1.98038475772935,-7.7));
#1773=CARTESIAN_POINT('',(8.77154310906959E-16,-1.98038475772935,-12.85));
#1774=CARTESIAN_POINT('Ctrl Pts',(-2.42527185463344E-16,-1.98038475772935,
-8.4));
#1775=CARTESIAN_POINT('Ctrl Pts',(0.820302225368448,-1.98038475772935,-8.35));
#1776=CARTESIAN_POINT('Ctrl Pts',(1.40034349154889,-1.4003434915489,-8.3));
#1777=CARTESIAN_POINT('Ctrl Pts',(1.98038475772934,-0.820302225368458,-8.25));
#1778=CARTESIAN_POINT('Ctrl Pts',(1.98038475772934,-9.47669501474556E-15,
-8.2));
#1779=CARTESIAN_POINT('Ctrl Pts',(1.98038475772934,0.820302225368439,-8.15));
#1780=CARTESIAN_POINT('Ctrl Pts',(1.40034349154889,1.40034349154888,-8.1));
#1781=CARTESIAN_POINT('Ctrl Pts',(0.820302225368449,1.98038475772933,-8.05));
#1782=CARTESIAN_POINT('Ctrl Pts',(0.,1.98038475772933,-8.));
#1783=CARTESIAN_POINT('Ctrl Pts',(-0.820302225368448,1.98038475772933,-7.95));
#1784=CARTESIAN_POINT('Ctrl Pts',(-1.40034349154889,1.40034349154888,-7.9));
#1785=CARTESIAN_POINT('Ctrl Pts',(-1.98038475772934,0.820302225368439,-7.85));
#1786=CARTESIAN_POINT('Ctrl Pts',(-1.98038475772934,-8.99164064381887E-15,
-7.8));
#1787=CARTESIAN_POINT('Ctrl Pts',(-1.98038475772934,-0.820302225368457,
-7.75));
#1788=CARTESIAN_POINT('Ctrl Pts',(-1.40034349154889,-1.4003434915489,-7.7));
#1789=CARTESIAN_POINT('Ctrl Pts',(-0.820302225368448,-1.98038475772935,
-7.65));
#1790=CARTESIAN_POINT('Ctrl Pts',(-2.42527185463344E-16,-1.98038475772935,
-7.6));
#1791=CARTESIAN_POINT('Ctrl Pts',(-2.42527185463344E-16,-1.98038475772935,
-8.5));
#1792=CARTESIAN_POINT('Ctrl Pts',(0.820302225368448,-1.98038475772935,-8.45));
#1793=CARTESIAN_POINT('Ctrl Pts',(1.40034349154889,-1.4003434915489,-8.4));
#1794=CARTESIAN_POINT('Ctrl Pts',(1.98038475772934,-0.820302225368458,-8.35));
#1795=CARTESIAN_POINT('Ctrl Pts',(1.98038475772934,-9.47669501474556E-15,
-8.3));
#1796=CARTESIAN_POINT('Ctrl Pts',(1.98038475772934,0.820302225368439,-8.25));
#1797=CARTESIAN_POINT('Ctrl Pts',(1.40034349154889,1.40034349154888,-8.2));
#1798=CARTESIAN_POINT('Ctrl Pts',(0.820302225368449,1.98038475772933,-8.15));
#1799=CARTESIAN_POINT('Ctrl Pts',(0.,1.98038475772933,-8.1));
#1800=CARTESIAN_POINT('Ctrl Pts',(-0.820302225368448,1.98038475772933,-8.05));
#1801=CARTESIAN_POINT('Ctrl Pts',(-1.40034349154889,1.40034349154888,-8.));
#1802=CARTESIAN_POINT('Ctrl Pts',(-1.98038475772934,0.820302225368439,-7.95));
#1803=CARTESIAN_POINT('Ctrl Pts',(-1.98038475772934,-8.99164064381887E-15,
-7.9));
#1804=CARTESIAN_POINT('Ctrl Pts',(-1.98038475772934,-0.820302225368457,
-7.85));
#1805=CARTESIAN_POINT('Ctrl Pts',(-1.40034349154889,-1.4003434915489,-7.8));
#1806=CARTESIAN_POINT('Ctrl Pts',(-0.820302225368448,-1.98038475772935,
-7.75));
#1807=CARTESIAN_POINT('Ctrl Pts',(-2.42527185463344E-16,-1.98038475772935,
-7.7));
#1808=CARTESIAN_POINT('Origin',(3.17313562721808E-16,-9.43689570931383E-15,
-12.85));
#1809=CARTESIAN_POINT('',(3.17313562721807E-16,-1.98038475772935,-6.8));
#1810=CARTESIAN_POINT('',(3.17313562721807E-16,-1.98038475772935,-6.9));
#1811=CARTESIAN_POINT('',(8.77154310906959E-16,-1.98038475772935,-12.85));
#1812=CARTESIAN_POINT('Ctrl Pts',(-2.42527185463344E-16,-1.98038475772935,
-7.6));
#1813=CARTESIAN_POINT('Ctrl Pts',(0.820302225368448,-1.98038475772935,-7.55));
#1814=CARTESIAN_POINT('Ctrl Pts',(1.40034349154889,-1.4003434915489,-7.5));
#1815=CARTESIAN_POINT('Ctrl Pts',(1.98038475772934,-0.820302225368458,-7.45));
#1816=CARTESIAN_POINT('Ctrl Pts',(1.98038475772934,-9.47669501474556E-15,
-7.4));
#1817=CARTESIAN_POINT('Ctrl Pts',(1.98038475772934,0.820302225368439,-7.35));
#1818=CARTESIAN_POINT('Ctrl Pts',(1.40034349154889,1.40034349154888,-7.3));
#1819=CARTESIAN_POINT('Ctrl Pts',(0.820302225368449,1.98038475772933,-7.25));
#1820=CARTESIAN_POINT('Ctrl Pts',(0.,1.98038475772933,-7.2));
#1821=CARTESIAN_POINT('Ctrl Pts',(-0.820302225368448,1.98038475772933,-7.15));
#1822=CARTESIAN_POINT('Ctrl Pts',(-1.40034349154889,1.40034349154888,-7.1));
#1823=CARTESIAN_POINT('Ctrl Pts',(-1.98038475772934,0.820302225368439,-7.05));
#1824=CARTESIAN_POINT('Ctrl Pts',(-1.98038475772934,-8.99164064381887E-15,
-7.));
#1825=CARTESIAN_POINT('Ctrl Pts',(-1.98038475772934,-0.820302225368457,
-6.95));
#1826=CARTESIAN_POINT('Ctrl Pts',(-1.40034349154889,-1.4003434915489,-6.9));
#1827=CARTESIAN_POINT('Ctrl Pts',(-0.820302225368448,-1.98038475772935,
-6.85));
#1828=CARTESIAN_POINT('Ctrl Pts',(-2.42527185463344E-16,-1.98038475772935,
-6.8));
#1829=CARTESIAN_POINT('Ctrl Pts',(-2.42527185463344E-16,-1.98038475772935,
-7.7));
#1830=CARTESIAN_POINT('Ctrl Pts',(0.820302225368448,-1.98038475772935,-7.65));
#1831=CARTESIAN_POINT('Ctrl Pts',(1.40034349154889,-1.4003434915489,-7.6));
#1832=CARTESIAN_POINT('Ctrl Pts',(1.98038475772934,-0.820302225368458,-7.55));
#1833=CARTESIAN_POINT('Ctrl Pts',(1.98038475772934,-9.47669501474556E-15,
-7.5));
#1834=CARTESIAN_POINT('Ctrl Pts',(1.98038475772934,0.820302225368439,-7.45));
#1835=CARTESIAN_POINT('Ctrl Pts',(1.40034349154889,1.40034349154888,-7.4));
#1836=CARTESIAN_POINT('Ctrl Pts',(0.820302225368449,1.98038475772933,-7.35));
#1837=CARTESIAN_POINT('Ctrl Pts',(0.,1.98038475772933,-7.3));
#1838=CARTESIAN_POINT('Ctrl Pts',(-0.820302225368448,1.98038475772933,-7.25));
#1839=CARTESIAN_POINT('Ctrl Pts',(-1.40034349154889,1.40034349154888,-7.2));
#1840=CARTESIAN_POINT('Ctrl Pts',(-1.98038475772934,0.820302225368439,-7.15));
#1841=CARTESIAN_POINT('Ctrl Pts',(-1.98038475772934,-8.99164064381887E-15,
-7.1));
#1842=CARTESIAN_POINT('Ctrl Pts',(-1.98038475772934,-0.820302225368457,
-7.05));
#1843=CARTESIAN_POINT('Ctrl Pts',(-1.40034349154889,-1.4003434915489,-7.));
#1844=CARTESIAN_POINT('Ctrl Pts',(-0.820302225368448,-1.98038475772935,
-6.95));
#1845=CARTESIAN_POINT('Ctrl Pts',(-2.42527185463344E-16,-1.98038475772935,
-6.9));
#1846=CARTESIAN_POINT('Origin',(3.17313562721808E-16,-9.43689570931383E-15,
-12.85));
#1847=CARTESIAN_POINT('',(3.17313562721807E-16,-1.98038475772935,-6.));
#1848=CARTESIAN_POINT('',(3.17313562721807E-16,-1.98038475772935,-6.1));
#1849=CARTESIAN_POINT('',(8.77154310906959E-16,-1.98038475772935,-12.85));
#1850=CARTESIAN_POINT('Ctrl Pts',(-2.42527185463344E-16,-1.98038475772935,
-6.8));
#1851=CARTESIAN_POINT('Ctrl Pts',(0.820302225368448,-1.98038475772935,-6.75));
#1852=CARTESIAN_POINT('Ctrl Pts',(1.40034349154889,-1.4003434915489,-6.7));
#1853=CARTESIAN_POINT('Ctrl Pts',(1.98038475772934,-0.820302225368458,-6.65));
#1854=CARTESIAN_POINT('Ctrl Pts',(1.98038475772934,-9.47669501474556E-15,
-6.6));
#1855=CARTESIAN_POINT('Ctrl Pts',(1.98038475772934,0.820302225368439,-6.55));
#1856=CARTESIAN_POINT('Ctrl Pts',(1.40034349154889,1.40034349154888,-6.5));
#1857=CARTESIAN_POINT('Ctrl Pts',(0.820302225368449,1.98038475772933,-6.45));
#1858=CARTESIAN_POINT('Ctrl Pts',(0.,1.98038475772933,-6.4));
#1859=CARTESIAN_POINT('Ctrl Pts',(-0.820302225368448,1.98038475772933,-6.35));
#1860=CARTESIAN_POINT('Ctrl Pts',(-1.40034349154889,1.40034349154888,-6.3));
#1861=CARTESIAN_POINT('Ctrl Pts',(-1.98038475772934,0.820302225368439,-6.25));
#1862=CARTESIAN_POINT('Ctrl Pts',(-1.98038475772934,-8.99164064381887E-15,
-6.2));
#1863=CARTESIAN_POINT('Ctrl Pts',(-1.98038475772934,-0.820302225368457,
-6.15));
#1864=CARTESIAN_POINT('Ctrl Pts',(-1.40034349154889,-1.4003434915489,-6.1));
#1865=CARTESIAN_POINT('Ctrl Pts',(-0.820302225368448,-1.98038475772935,
-6.05));
#1866=CARTESIAN_POINT('Ctrl Pts',(-2.42527185463344E-16,-1.98038475772935,
-6.));
#1867=CARTESIAN_POINT('Ctrl Pts',(-2.42527185463344E-16,-1.98038475772935,
-6.9));
#1868=CARTESIAN_POINT('Ctrl Pts',(0.820302225368448,-1.98038475772935,-6.85));
#1869=CARTESIAN_POINT('Ctrl Pts',(1.40034349154889,-1.4003434915489,-6.8));
#1870=CARTESIAN_POINT('Ctrl Pts',(1.98038475772934,-0.820302225368458,-6.75));
#1871=CARTESIAN_POINT('Ctrl Pts',(1.98038475772934,-9.47669501474556E-15,
-6.7));
#1872=CARTESIAN_POINT('Ctrl Pts',(1.98038475772934,0.820302225368439,-6.65));
#1873=CARTESIAN_POINT('Ctrl Pts',(1.40034349154889,1.40034349154888,-6.6));
#1874=CARTESIAN_POINT('Ctrl Pts',(0.820302225368449,1.98038475772933,-6.55));
#1875=CARTESIAN_POINT('Ctrl Pts',(0.,1.98038475772933,-6.5));
#1876=CARTESIAN_POINT('Ctrl Pts',(-0.820302225368448,1.98038475772933,-6.45));
#1877=CARTESIAN_POINT('Ctrl Pts',(-1.40034349154889,1.40034349154888,-6.4));
#1878=CARTESIAN_POINT('Ctrl Pts',(-1.98038475772934,0.820302225368439,-6.35));
#1879=CARTESIAN_POINT('Ctrl Pts',(-1.98038475772934,-8.99164064381887E-15,
-6.3));
#1880=CARTESIAN_POINT('Ctrl Pts',(-1.98038475772934,-0.820302225368457,
-6.25));
#1881=CARTESIAN_POINT('Ctrl Pts',(-1.40034349154889,-1.4003434915489,-6.2));
#1882=CARTESIAN_POINT('Ctrl Pts',(-0.820302225368448,-1.98038475772935,
-6.15));
#1883=CARTESIAN_POINT('Ctrl Pts',(-2.42527185463344E-16,-1.98038475772935,
-6.1));
#1884=CARTESIAN_POINT('Origin',(3.17313562721808E-16,-9.43689570931383E-15,
-12.85));
#1885=CARTESIAN_POINT('',(3.17313562721807E-16,-1.98038475772935,-5.2));
#1886=CARTESIAN_POINT('',(3.17313562721807E-16,-1.98038475772935,-5.3));
#1887=CARTESIAN_POINT('',(8.77154310906959E-16,-1.98038475772935,-12.85));
#1888=CARTESIAN_POINT('Ctrl Pts',(-2.42527185463344E-16,-1.98038475772935,
-6.));
#1889=CARTESIAN_POINT('Ctrl Pts',(0.820302225368448,-1.98038475772935,-5.95));
#1890=CARTESIAN_POINT('Ctrl Pts',(1.40034349154889,-1.4003434915489,-5.9));
#1891=CARTESIAN_POINT('Ctrl Pts',(1.98038475772934,-0.820302225368458,-5.85));
#1892=CARTESIAN_POINT('Ctrl Pts',(1.98038475772934,-9.47669501474556E-15,
-5.8));
#1893=CARTESIAN_POINT('Ctrl Pts',(1.98038475772934,0.820302225368439,-5.75));
#1894=CARTESIAN_POINT('Ctrl Pts',(1.40034349154889,1.40034349154888,-5.7));
#1895=CARTESIAN_POINT('Ctrl Pts',(0.820302225368449,1.98038475772933,-5.65));
#1896=CARTESIAN_POINT('Ctrl Pts',(0.,1.98038475772933,-5.6));
#1897=CARTESIAN_POINT('Ctrl Pts',(-0.820302225368448,1.98038475772933,-5.55));
#1898=CARTESIAN_POINT('Ctrl Pts',(-1.40034349154889,1.40034349154888,-5.5));
#1899=CARTESIAN_POINT('Ctrl Pts',(-1.98038475772934,0.820302225368439,-5.45));
#1900=CARTESIAN_POINT('Ctrl Pts',(-1.98038475772934,-8.99164064381887E-15,
-5.4));
#1901=CARTESIAN_POINT('Ctrl Pts',(-1.98038475772934,-0.820302225368457,
-5.35));
#1902=CARTESIAN_POINT('Ctrl Pts',(-1.40034349154889,-1.4003434915489,-5.3));
#1903=CARTESIAN_POINT('Ctrl Pts',(-0.820302225368448,-1.98038475772935,
-5.25));
#1904=CARTESIAN_POINT('Ctrl Pts',(-2.42527185463344E-16,-1.98038475772935,
-5.2));
#1905=CARTESIAN_POINT('Ctrl Pts',(-2.42527185463344E-16,-1.98038475772935,
-6.1));
#1906=CARTESIAN_POINT('Ctrl Pts',(0.820302225368448,-1.98038475772935,-6.05));
#1907=CARTESIAN_POINT('Ctrl Pts',(1.40034349154889,-1.4003434915489,-6.));
#1908=CARTESIAN_POINT('Ctrl Pts',(1.98038475772934,-0.820302225368458,-5.95));
#1909=CARTESIAN_POINT('Ctrl Pts',(1.98038475772934,-9.47669501474556E-15,
-5.9));
#1910=CARTESIAN_POINT('Ctrl Pts',(1.98038475772934,0.820302225368439,-5.85));
#1911=CARTESIAN_POINT('Ctrl Pts',(1.40034349154889,1.40034349154888,-5.8));
#1912=CARTESIAN_POINT('Ctrl Pts',(0.820302225368449,1.98038475772933,-5.75));
#1913=CARTESIAN_POINT('Ctrl Pts',(0.,1.98038475772933,-5.7));
#1914=CARTESIAN_POINT('Ctrl Pts',(-0.820302225368448,1.98038475772933,-5.65));
#1915=CARTESIAN_POINT('Ctrl Pts',(-1.40034349154889,1.40034349154888,-5.6));
#1916=CARTESIAN_POINT('Ctrl Pts',(-1.98038475772934,0.820302225368439,-5.55));
#1917=CARTESIAN_POINT('Ctrl Pts',(-1.98038475772934,-8.99164064381887E-15,
-5.5));
#1918=CARTESIAN_POINT('Ctrl Pts',(-1.98038475772934,-0.820302225368457,
-5.45));
#1919=CARTESIAN_POINT('Ctrl Pts',(-1.40034349154889,-1.4003434915489,-5.4));
#1920=CARTESIAN_POINT('Ctrl Pts',(-0.820302225368448,-1.98038475772935,
-5.35));
#1921=CARTESIAN_POINT('Ctrl Pts',(-2.42527185463344E-16,-1.98038475772935,
-5.3));
#1922=CARTESIAN_POINT('Origin',(3.17313562721808E-16,-9.43689570931383E-15,
-12.85));
#1923=CARTESIAN_POINT('',(3.17313562721807E-16,-1.98038475772935,-4.4));
#1924=CARTESIAN_POINT('',(3.17313562721807E-16,-1.98038475772935,-4.5));
#1925=CARTESIAN_POINT('',(8.77154310906959E-16,-1.98038475772935,-12.85));
#1926=CARTESIAN_POINT('Ctrl Pts',(-2.42527185463344E-16,-1.98038475772935,
-5.2));
#1927=CARTESIAN_POINT('Ctrl Pts',(0.820302225368448,-1.98038475772935,-5.15));
#1928=CARTESIAN_POINT('Ctrl Pts',(1.40034349154889,-1.4003434915489,-5.1));
#1929=CARTESIAN_POINT('Ctrl Pts',(1.98038475772934,-0.820302225368458,-5.05));
#1930=CARTESIAN_POINT('Ctrl Pts',(1.98038475772934,-9.47669501474556E-15,
-5.));
#1931=CARTESIAN_POINT('Ctrl Pts',(1.98038475772934,0.820302225368439,-4.95));
#1932=CARTESIAN_POINT('Ctrl Pts',(1.40034349154889,1.40034349154888,-4.9));
#1933=CARTESIAN_POINT('Ctrl Pts',(0.820302225368449,1.98038475772933,-4.85));
#1934=CARTESIAN_POINT('Ctrl Pts',(0.,1.98038475772933,-4.8));
#1935=CARTESIAN_POINT('Ctrl Pts',(-0.820302225368448,1.98038475772933,-4.75));
#1936=CARTESIAN_POINT('Ctrl Pts',(-1.40034349154889,1.40034349154888,-4.7));
#1937=CARTESIAN_POINT('Ctrl Pts',(-1.98038475772934,0.820302225368439,-4.65));
#1938=CARTESIAN_POINT('Ctrl Pts',(-1.98038475772934,-8.99164064381887E-15,
-4.6));
#1939=CARTESIAN_POINT('Ctrl Pts',(-1.98038475772934,-0.820302225368457,
-4.55));
#1940=CARTESIAN_POINT('Ctrl Pts',(-1.40034349154889,-1.4003434915489,-4.5));
#1941=CARTESIAN_POINT('Ctrl Pts',(-0.820302225368448,-1.98038475772935,
-4.45));
#1942=CARTESIAN_POINT('Ctrl Pts',(-2.42527185463344E-16,-1.98038475772935,
-4.4));
#1943=CARTESIAN_POINT('Ctrl Pts',(-2.42527185463344E-16,-1.98038475772935,
-5.3));
#1944=CARTESIAN_POINT('Ctrl Pts',(0.820302225368448,-1.98038475772935,-5.25));
#1945=CARTESIAN_POINT('Ctrl Pts',(1.40034349154889,-1.4003434915489,-5.2));
#1946=CARTESIAN_POINT('Ctrl Pts',(1.98038475772934,-0.820302225368458,-5.15));
#1947=CARTESIAN_POINT('Ctrl Pts',(1.98038475772934,-9.47669501474556E-15,
-5.1));
#1948=CARTESIAN_POINT('Ctrl Pts',(1.98038475772934,0.820302225368439,-5.05));
#1949=CARTESIAN_POINT('Ctrl Pts',(1.40034349154889,1.40034349154888,-5.));
#1950=CARTESIAN_POINT('Ctrl Pts',(0.820302225368449,1.98038475772933,-4.95));
#1951=CARTESIAN_POINT('Ctrl Pts',(0.,1.98038475772933,-4.9));
#1952=CARTESIAN_POINT('Ctrl Pts',(-0.820302225368448,1.98038475772933,-4.85));
#1953=CARTESIAN_POINT('Ctrl Pts',(-1.40034349154889,1.40034349154888,-4.8));
#1954=CARTESIAN_POINT('Ctrl Pts',(-1.98038475772934,0.820302225368439,-4.75));
#1955=CARTESIAN_POINT('Ctrl Pts',(-1.98038475772934,-8.99164064381887E-15,
-4.7));
#1956=CARTESIAN_POINT('Ctrl Pts',(-1.98038475772934,-0.820302225368457,
-4.65));
#1957=CARTESIAN_POINT('Ctrl Pts',(-1.40034349154889,-1.4003434915489,-4.6));
#1958=CARTESIAN_POINT('Ctrl Pts',(-0.820302225368448,-1.98038475772935,
-4.55));
#1959=CARTESIAN_POINT('Ctrl Pts',(-2.42527185463344E-16,-1.98038475772935,
-4.5));
#1960=CARTESIAN_POINT('Origin',(3.17313562721808E-16,-9.43689570931383E-15,
-12.85));
#1961=CARTESIAN_POINT('',(3.17313562721807E-16,-1.98038475772935,-3.6));
#1962=CARTESIAN_POINT('',(3.17313562721807E-16,-1.98038475772935,-3.7));
#1963=CARTESIAN_POINT('',(8.77154310906959E-16,-1.98038475772935,-12.85));
#1964=CARTESIAN_POINT('Ctrl Pts',(-2.42527185463344E-16,-1.98038475772935,
-4.4));
#1965=CARTESIAN_POINT('Ctrl Pts',(0.820302225368448,-1.98038475772935,-4.35));
#1966=CARTESIAN_POINT('Ctrl Pts',(1.40034349154889,-1.4003434915489,-4.3));
#1967=CARTESIAN_POINT('Ctrl Pts',(1.98038475772934,-0.820302225368458,-4.25));
#1968=CARTESIAN_POINT('Ctrl Pts',(1.98038475772934,-9.47669501474556E-15,
-4.2));
#1969=CARTESIAN_POINT('Ctrl Pts',(1.98038475772934,0.820302225368439,-4.15));
#1970=CARTESIAN_POINT('Ctrl Pts',(1.40034349154889,1.40034349154888,-4.1));
#1971=CARTESIAN_POINT('Ctrl Pts',(0.820302225368449,1.98038475772933,-4.05));
#1972=CARTESIAN_POINT('Ctrl Pts',(0.,1.98038475772933,-4.));
#1973=CARTESIAN_POINT('Ctrl Pts',(-0.820302225368448,1.98038475772933,-3.95));
#1974=CARTESIAN_POINT('Ctrl Pts',(-1.40034349154889,1.40034349154888,-3.9));
#1975=CARTESIAN_POINT('Ctrl Pts',(-1.98038475772934,0.820302225368439,-3.85));
#1976=CARTESIAN_POINT('Ctrl Pts',(-1.98038475772934,-8.99164064381887E-15,
-3.8));
#1977=CARTESIAN_POINT('Ctrl Pts',(-1.98038475772934,-0.820302225368457,
-3.75));
#1978=CARTESIAN_POINT('Ctrl Pts',(-1.40034349154889,-1.4003434915489,-3.7));
#1979=CARTESIAN_POINT('Ctrl Pts',(-0.820302225368448,-1.98038475772935,
-3.65));
#1980=CARTESIAN_POINT('Ctrl Pts',(-2.42527185463344E-16,-1.98038475772935,
-3.6));
#1981=CARTESIAN_POINT('Ctrl Pts',(-2.42527185463344E-16,-1.98038475772935,
-4.5));
#1982=CARTESIAN_POINT('Ctrl Pts',(0.820302225368448,-1.98038475772935,-4.45));
#1983=CARTESIAN_POINT('Ctrl Pts',(1.40034349154889,-1.4003434915489,-4.4));
#1984=CARTESIAN_POINT('Ctrl Pts',(1.98038475772934,-0.820302225368458,-4.35));
#1985=CARTESIAN_POINT('Ctrl Pts',(1.98038475772934,-9.47669501474556E-15,
-4.3));
#1986=CARTESIAN_POINT('Ctrl Pts',(1.98038475772934,0.820302225368439,-4.25));
#1987=CARTESIAN_POINT('Ctrl Pts',(1.40034349154889,1.40034349154888,-4.2));
#1988=CARTESIAN_POINT('Ctrl Pts',(0.820302225368449,1.98038475772933,-4.15));
#1989=CARTESIAN_POINT('Ctrl Pts',(0.,1.98038475772933,-4.1));
#1990=CARTESIAN_POINT('Ctrl Pts',(-0.820302225368448,1.98038475772933,-4.05));
#1991=CARTESIAN_POINT('Ctrl Pts',(-1.40034349154889,1.40034349154888,-4.));
#1992=CARTESIAN_POINT('Ctrl Pts',(-1.98038475772934,0.820302225368439,-3.95));
#1993=CARTESIAN_POINT('Ctrl Pts',(-1.98038475772934,-8.99164064381887E-15,
-3.9));
#1994=CARTESIAN_POINT('Ctrl Pts',(-1.98038475772934,-0.820302225368457,
-3.85));
#1995=CARTESIAN_POINT('Ctrl Pts',(-1.40034349154889,-1.4003434915489,-3.8));
#1996=CARTESIAN_POINT('Ctrl Pts',(-0.820302225368448,-1.98038475772935,
-3.75));
#1997=CARTESIAN_POINT('Ctrl Pts',(-2.42527185463344E-16,-1.98038475772935,
-3.7));
#1998=CARTESIAN_POINT('Origin',(3.17313562721808E-16,-9.43689570931383E-15,
-12.85));
#1999=CARTESIAN_POINT('',(3.17313562721807E-16,-1.98038475772935,-2.8));
#2000=CARTESIAN_POINT('',(3.17313562721807E-16,-1.98038475772935,-2.9));
#2001=CARTESIAN_POINT('',(8.77154310906959E-16,-1.98038475772935,-12.85));
#2002=CARTESIAN_POINT('Ctrl Pts',(-2.42527185463344E-16,-1.98038475772935,
-3.6));
#2003=CARTESIAN_POINT('Ctrl Pts',(0.820302225368448,-1.98038475772935,-3.55));
#2004=CARTESIAN_POINT('Ctrl Pts',(1.40034349154889,-1.4003434915489,-3.5));
#2005=CARTESIAN_POINT('Ctrl Pts',(1.98038475772934,-0.820302225368458,-3.45));
#2006=CARTESIAN_POINT('Ctrl Pts',(1.98038475772934,-9.47669501474556E-15,
-3.4));
#2007=CARTESIAN_POINT('Ctrl Pts',(1.98038475772934,0.820302225368439,-3.35));
#2008=CARTESIAN_POINT('Ctrl Pts',(1.40034349154889,1.40034349154888,-3.3));
#2009=CARTESIAN_POINT('Ctrl Pts',(0.820302225368449,1.98038475772933,-3.25));
#2010=CARTESIAN_POINT('Ctrl Pts',(0.,1.98038475772933,-3.2));
#2011=CARTESIAN_POINT('Ctrl Pts',(-0.820302225368448,1.98038475772933,-3.15));
#2012=CARTESIAN_POINT('Ctrl Pts',(-1.40034349154889,1.40034349154888,-3.1));
#2013=CARTESIAN_POINT('Ctrl Pts',(-1.98038475772934,0.820302225368439,-3.05));
#2014=CARTESIAN_POINT('Ctrl Pts',(-1.98038475772934,-8.99164064381887E-15,
-3.));
#2015=CARTESIAN_POINT('Ctrl Pts',(-1.98038475772934,-0.820302225368457,
-2.95));
#2016=CARTESIAN_POINT('Ctrl Pts',(-1.40034349154889,-1.4003434915489,-2.9));
#2017=CARTESIAN_POINT('Ctrl Pts',(-0.820302225368448,-1.98038475772935,
-2.85));
#2018=CARTESIAN_POINT('Ctrl Pts',(-2.42527185463344E-16,-1.98038475772935,
-2.8));
#2019=CARTESIAN_POINT('Ctrl Pts',(-2.42527185463344E-16,-1.98038475772935,
-3.7));
#2020=CARTESIAN_POINT('Ctrl Pts',(0.820302225368448,-1.98038475772935,-3.65));
#2021=CARTESIAN_POINT('Ctrl Pts',(1.40034349154889,-1.4003434915489,-3.6));
#2022=CARTESIAN_POINT('Ctrl Pts',(1.98038475772934,-0.820302225368458,-3.55));
#2023=CARTESIAN_POINT('Ctrl Pts',(1.98038475772934,-9.47669501474556E-15,
-3.5));
#2024=CARTESIAN_POINT('Ctrl Pts',(1.98038475772934,0.820302225368439,-3.45));
#2025=CARTESIAN_POINT('Ctrl Pts',(1.40034349154889,1.40034349154888,-3.4));
#2026=CARTESIAN_POINT('Ctrl Pts',(0.820302225368449,1.98038475772933,-3.35));
#2027=CARTESIAN_POINT('Ctrl Pts',(0.,1.98038475772933,-3.3));
#2028=CARTESIAN_POINT('Ctrl Pts',(-0.820302225368448,1.98038475772933,-3.25));
#2029=CARTESIAN_POINT('Ctrl Pts',(-1.40034349154889,1.40034349154888,-3.2));
#2030=CARTESIAN_POINT('Ctrl Pts',(-1.98038475772934,0.820302225368439,-3.15));
#2031=CARTESIAN_POINT('Ctrl Pts',(-1.98038475772934,-8.99164064381887E-15,
-3.1));
#2032=CARTESIAN_POINT('Ctrl Pts',(-1.98038475772934,-0.820302225368457,
-3.05));
#2033=CARTESIAN_POINT('Ctrl Pts',(-1.40034349154889,-1.4003434915489,-3.));
#2034=CARTESIAN_POINT('Ctrl Pts',(-0.820302225368448,-1.98038475772935,
-2.95));
#2035=CARTESIAN_POINT('Ctrl Pts',(-2.42527185463344E-16,-1.98038475772935,
-2.9));
#2036=CARTESIAN_POINT('Origin',(3.17313562721808E-16,-9.43689570931383E-15,
-12.85));
#2037=CARTESIAN_POINT('',(3.17313562721807E-16,-1.98038475772935,-2.));
#2038=CARTESIAN_POINT('',(3.17313562721807E-16,-1.98038475772935,-2.1));
#2039=CARTESIAN_POINT('',(8.77154310906959E-16,-1.98038475772935,-12.85));
#2040=CARTESIAN_POINT('Ctrl Pts',(-2.42527185463344E-16,-1.98038475772935,
-2.8));
#2041=CARTESIAN_POINT('Ctrl Pts',(0.820302225368448,-1.98038475772935,-2.75));
#2042=CARTESIAN_POINT('Ctrl Pts',(1.40034349154889,-1.4003434915489,-2.7));
#2043=CARTESIAN_POINT('Ctrl Pts',(1.98038475772934,-0.820302225368458,-2.65));
#2044=CARTESIAN_POINT('Ctrl Pts',(1.98038475772934,-9.47669501474556E-15,
-2.6));
#2045=CARTESIAN_POINT('Ctrl Pts',(1.98038475772934,0.820302225368439,-2.55));
#2046=CARTESIAN_POINT('Ctrl Pts',(1.40034349154889,1.40034349154888,-2.5));
#2047=CARTESIAN_POINT('Ctrl Pts',(0.820302225368449,1.98038475772933,-2.45));
#2048=CARTESIAN_POINT('Ctrl Pts',(0.,1.98038475772933,-2.4));
#2049=CARTESIAN_POINT('Ctrl Pts',(-0.820302225368448,1.98038475772933,-2.35));
#2050=CARTESIAN_POINT('Ctrl Pts',(-1.40034349154889,1.40034349154888,-2.3));
#2051=CARTESIAN_POINT('Ctrl Pts',(-1.98038475772934,0.820302225368439,-2.25));
#2052=CARTESIAN_POINT('Ctrl Pts',(-1.98038475772934,-8.99164064381887E-15,
-2.2));
#2053=CARTESIAN_POINT('Ctrl Pts',(-1.98038475772934,-0.820302225368457,
-2.15));
#2054=CARTESIAN_POINT('Ctrl Pts',(-1.40034349154889,-1.4003434915489,-2.1));
#2055=CARTESIAN_POINT('Ctrl Pts',(-0.820302225368448,-1.98038475772935,
-2.05));
#2056=CARTESIAN_POINT('Ctrl Pts',(-2.42527185463344E-16,-1.98038475772935,
-2.));
#2057=CARTESIAN_POINT('Ctrl Pts',(-2.42527185463344E-16,-1.98038475772935,
-2.9));
#2058=CARTESIAN_POINT('Ctrl Pts',(0.820302225368448,-1.98038475772935,-2.85));
#2059=CARTESIAN_POINT('Ctrl Pts',(1.40034349154889,-1.4003434915489,-2.8));
#2060=CARTESIAN_POINT('Ctrl Pts',(1.98038475772934,-0.820302225368458,-2.75));
#2061=CARTESIAN_POINT('Ctrl Pts',(1.98038475772934,-9.47669501474556E-15,
-2.7));
#2062=CARTESIAN_POINT('Ctrl Pts',(1.98038475772934,0.820302225368439,-2.65));
#2063=CARTESIAN_POINT('Ctrl Pts',(1.40034349154889,1.40034349154888,-2.6));
#2064=CARTESIAN_POINT('Ctrl Pts',(0.820302225368449,1.98038475772933,-2.55));
#2065=CARTESIAN_POINT('Ctrl Pts',(0.,1.98038475772933,-2.5));
#2066=CARTESIAN_POINT('Ctrl Pts',(-0.820302225368448,1.98038475772933,-2.45));
#2067=CARTESIAN_POINT('Ctrl Pts',(-1.40034349154889,1.40034349154888,-2.4));
#2068=CARTESIAN_POINT('Ctrl Pts',(-1.98038475772934,0.820302225368439,-2.35));
#2069=CARTESIAN_POINT('Ctrl Pts',(-1.98038475772934,-8.99164064381887E-15,
-2.3));
#2070=CARTESIAN_POINT('Ctrl Pts',(-1.98038475772934,-0.820302225368457,
-2.25));
#2071=CARTESIAN_POINT('Ctrl Pts',(-1.40034349154889,-1.4003434915489,-2.2));
#2072=CARTESIAN_POINT('Ctrl Pts',(-0.820302225368448,-1.98038475772935,
-2.15));
#2073=CARTESIAN_POINT('Ctrl Pts',(-2.42527185463344E-16,-1.98038475772935,
-2.1));
#2074=CARTESIAN_POINT('Origin',(3.17313562721808E-16,-9.43689570931383E-15,
-12.85));
#2075=CARTESIAN_POINT('',(3.17313562721807E-16,-1.98038475772935,-1.2));
#2076=CARTESIAN_POINT('',(3.17313562721807E-16,-1.98038475772935,-1.3));
#2077=CARTESIAN_POINT('',(8.77154310906959E-16,-1.98038475772935,-12.85));
#2078=CARTESIAN_POINT('Ctrl Pts',(-2.42527185463344E-16,-1.98038475772935,
-2.));
#2079=CARTESIAN_POINT('Ctrl Pts',(0.820302225368448,-1.98038475772935,-1.95));
#2080=CARTESIAN_POINT('Ctrl Pts',(1.40034349154889,-1.4003434915489,-1.9));
#2081=CARTESIAN_POINT('Ctrl Pts',(1.98038475772934,-0.820302225368458,-1.85));
#2082=CARTESIAN_POINT('Ctrl Pts',(1.98038475772934,-9.47669501474556E-15,
-1.8));
#2083=CARTESIAN_POINT('Ctrl Pts',(1.98038475772934,0.820302225368439,-1.75));
#2084=CARTESIAN_POINT('Ctrl Pts',(1.40034349154889,1.40034349154888,-1.7));
#2085=CARTESIAN_POINT('Ctrl Pts',(0.820302225368449,1.98038475772933,-1.65));
#2086=CARTESIAN_POINT('Ctrl Pts',(0.,1.98038475772933,-1.6));
#2087=CARTESIAN_POINT('Ctrl Pts',(-0.820302225368448,1.98038475772933,-1.55));
#2088=CARTESIAN_POINT('Ctrl Pts',(-1.40034349154889,1.40034349154888,-1.5));
#2089=CARTESIAN_POINT('Ctrl Pts',(-1.98038475772934,0.820302225368439,-1.45));
#2090=CARTESIAN_POINT('Ctrl Pts',(-1.98038475772934,-8.99164064381887E-15,
-1.4));
#2091=CARTESIAN_POINT('Ctrl Pts',(-1.98038475772934,-0.820302225368457,
-1.35));
#2092=CARTESIAN_POINT('Ctrl Pts',(-1.40034349154889,-1.4003434915489,-1.3));
#2093=CARTESIAN_POINT('Ctrl Pts',(-0.820302225368448,-1.98038475772935,
-1.25));
#2094=CARTESIAN_POINT('Ctrl Pts',(-2.42527185463344E-16,-1.98038475772935,
-1.2));
#2095=CARTESIAN_POINT('Ctrl Pts',(-2.42527185463344E-16,-1.98038475772935,
-2.1));
#2096=CARTESIAN_POINT('Ctrl Pts',(0.820302225368448,-1.98038475772935,-2.05));
#2097=CARTESIAN_POINT('Ctrl Pts',(1.40034349154889,-1.4003434915489,-2.));
#2098=CARTESIAN_POINT('Ctrl Pts',(1.98038475772934,-0.820302225368458,-1.95));
#2099=CARTESIAN_POINT('Ctrl Pts',(1.98038475772934,-9.47669501474556E-15,
-1.9));
#2100=CARTESIAN_POINT('Ctrl Pts',(1.98038475772934,0.820302225368439,-1.85));
#2101=CARTESIAN_POINT('Ctrl Pts',(1.40034349154889,1.40034349154888,-1.8));
#2102=CARTESIAN_POINT('Ctrl Pts',(0.820302225368449,1.98038475772933,-1.75));
#2103=CARTESIAN_POINT('Ctrl Pts',(0.,1.98038475772933,-1.7));
#2104=CARTESIAN_POINT('Ctrl Pts',(-0.820302225368448,1.98038475772933,-1.65));
#2105=CARTESIAN_POINT('Ctrl Pts',(-1.40034349154889,1.40034349154888,-1.6));
#2106=CARTESIAN_POINT('Ctrl Pts',(-1.98038475772934,0.820302225368439,-1.55));
#2107=CARTESIAN_POINT('Ctrl Pts',(-1.98038475772934,-8.99164064381887E-15,
-1.5));
#2108=CARTESIAN_POINT('Ctrl Pts',(-1.98038475772934,-0.820302225368457,
-1.45));
#2109=CARTESIAN_POINT('Ctrl Pts',(-1.40034349154889,-1.4003434915489,-1.4));
#2110=CARTESIAN_POINT('Ctrl Pts',(-0.820302225368448,-1.98038475772935,
-1.35));
#2111=CARTESIAN_POINT('Ctrl Pts',(-2.42527185463344E-16,-1.98038475772935,
-1.3));
#2112=CARTESIAN_POINT('Origin',(3.17313562721808E-16,-9.43689570931383E-15,
-12.85));
#2113=CARTESIAN_POINT('',(3.17313562721807E-16,-1.98038475772935,-0.400000000000001));
#2114=CARTESIAN_POINT('',(3.17313562721807E-16,-1.98038475772935,-0.5));
#2115=CARTESIAN_POINT('',(8.77154310906959E-16,-1.98038475772935,-12.85));
#2116=CARTESIAN_POINT('Ctrl Pts',(-2.42527185463344E-16,-1.98038475772935,
-1.2));
#2117=CARTESIAN_POINT('Ctrl Pts',(0.820302225368448,-1.98038475772935,-1.15));
#2118=CARTESIAN_POINT('Ctrl Pts',(1.40034349154889,-1.4003434915489,-1.1));
#2119=CARTESIAN_POINT('Ctrl Pts',(1.98038475772934,-0.820302225368458,-1.05));
#2120=CARTESIAN_POINT('Ctrl Pts',(1.98038475772934,-9.47669501474556E-15,
-1.));
#2121=CARTESIAN_POINT('Ctrl Pts',(1.98038475772934,0.820302225368439,-0.950000000000001));
#2122=CARTESIAN_POINT('Ctrl Pts',(1.40034349154889,1.40034349154888,-0.900000000000001));
#2123=CARTESIAN_POINT('Ctrl Pts',(0.820302225368449,1.98038475772933,-0.850000000000002));
#2124=CARTESIAN_POINT('Ctrl Pts',(0.,1.98038475772933,-0.800000000000002));
#2125=CARTESIAN_POINT('Ctrl Pts',(-0.820302225368448,1.98038475772933,-0.750000000000002));
#2126=CARTESIAN_POINT('Ctrl Pts',(-1.40034349154889,1.40034349154888,-0.700000000000001));
#2127=CARTESIAN_POINT('Ctrl Pts',(-1.98038475772934,0.820302225368439,-0.650000000000001));
#2128=CARTESIAN_POINT('Ctrl Pts',(-1.98038475772934,-8.99164064381887E-15,
-0.600000000000002));
#2129=CARTESIAN_POINT('Ctrl Pts',(-1.98038475772934,-0.820302225368457,
-0.550000000000002));
#2130=CARTESIAN_POINT('Ctrl Pts',(-1.40034349154889,-1.4003434915489,-0.500000000000002));
#2131=CARTESIAN_POINT('Ctrl Pts',(-0.820302225368448,-1.98038475772935,
-0.450000000000003));
#2132=CARTESIAN_POINT('Ctrl Pts',(-2.42527185463344E-16,-1.98038475772935,
-0.400000000000001));
#2133=CARTESIAN_POINT('Ctrl Pts',(-2.42527185463344E-16,-1.98038475772935,
-1.3));
#2134=CARTESIAN_POINT('Ctrl Pts',(0.820302225368448,-1.98038475772935,-1.25));
#2135=CARTESIAN_POINT('Ctrl Pts',(1.40034349154889,-1.4003434915489,-1.2));
#2136=CARTESIAN_POINT('Ctrl Pts',(1.98038475772934,-0.820302225368458,-1.15));
#2137=CARTESIAN_POINT('Ctrl Pts',(1.98038475772934,-9.47669501474556E-15,
-1.1));
#2138=CARTESIAN_POINT('Ctrl Pts',(1.98038475772934,0.820302225368439,-1.05));
#2139=CARTESIAN_POINT('Ctrl Pts',(1.40034349154889,1.40034349154888,-1.));
#2140=CARTESIAN_POINT('Ctrl Pts',(0.820302225368449,1.98038475772933,-0.950000000000001));
#2141=CARTESIAN_POINT('Ctrl Pts',(0.,1.98038475772933,-0.900000000000001));
#2142=CARTESIAN_POINT('Ctrl Pts',(-0.820302225368448,1.98038475772933,-0.850000000000002));
#2143=CARTESIAN_POINT('Ctrl Pts',(-1.40034349154889,1.40034349154888,-0.8));
#2144=CARTESIAN_POINT('Ctrl Pts',(-1.98038475772934,0.820302225368439,-0.750000000000001));
#2145=CARTESIAN_POINT('Ctrl Pts',(-1.98038475772934,-8.99164064381887E-15,
-0.700000000000001));
#2146=CARTESIAN_POINT('Ctrl Pts',(-1.98038475772934,-0.820302225368457,
-0.650000000000001));
#2147=CARTESIAN_POINT('Ctrl Pts',(-1.40034349154889,-1.4003434915489,-0.600000000000002));
#2148=CARTESIAN_POINT('Ctrl Pts',(-0.820302225368448,-1.98038475772935,
-0.550000000000002));
#2149=CARTESIAN_POINT('Ctrl Pts',(-2.42527185463344E-16,-1.98038475772935,
-0.5));
#2150=CARTESIAN_POINT('Origin',(3.17313562721808E-16,-9.43689570931383E-15,
-12.85));
#2151=CARTESIAN_POINT('',(3.17313562721807E-16,-1.98038475772935,0.399999999999998));
#2152=CARTESIAN_POINT('',(3.17313562721807E-16,-1.98038475772935,0.299999999999998));
#2153=CARTESIAN_POINT('',(8.77154310906959E-16,-1.98038475772935,-12.85));
#2154=CARTESIAN_POINT('Ctrl Pts',(-2.42527185463344E-16,-1.98038475772935,
-0.400000000000001));
#2155=CARTESIAN_POINT('Ctrl Pts',(0.820302225368448,-1.98038475772935,-0.350000000000001));
#2156=CARTESIAN_POINT('Ctrl Pts',(1.40034349154889,-1.4003434915489,-0.300000000000002));
#2157=CARTESIAN_POINT('Ctrl Pts',(1.98038475772934,-0.820302225368458,-0.250000000000002));
#2158=CARTESIAN_POINT('Ctrl Pts',(1.98038475772934,-9.47669501474556E-15,
-0.200000000000002));
#2159=CARTESIAN_POINT('Ctrl Pts',(1.98038475772934,0.820302225368439,-0.150000000000003));
#2160=CARTESIAN_POINT('Ctrl Pts',(1.40034349154889,1.40034349154888,-0.100000000000001));
#2161=CARTESIAN_POINT('Ctrl Pts',(0.820302225368449,1.98038475772933,-0.0500000000000014));
#2162=CARTESIAN_POINT('Ctrl Pts',(0.,1.98038475772933,-1.73472347597681E-15));
#2163=CARTESIAN_POINT('Ctrl Pts',(-0.820302225368448,1.98038475772933,0.049999999999998));
#2164=CARTESIAN_POINT('Ctrl Pts',(-1.40034349154889,1.40034349154888,0.0999999999999977));
#2165=CARTESIAN_POINT('Ctrl Pts',(-1.98038475772934,0.820302225368439,0.149999999999999));
#2166=CARTESIAN_POINT('Ctrl Pts',(-1.98038475772934,-8.99164064381887E-15,
0.199999999999999));
#2167=CARTESIAN_POINT('Ctrl Pts',(-1.98038475772934,-0.820302225368457,
0.249999999999999));
#2168=CARTESIAN_POINT('Ctrl Pts',(-1.40034349154889,-1.4003434915489,0.299999999999998));
#2169=CARTESIAN_POINT('Ctrl Pts',(-0.820302225368448,-1.98038475772935,
0.349999999999998));
#2170=CARTESIAN_POINT('Ctrl Pts',(-2.42527185463344E-16,-1.98038475772935,
0.399999999999998));
#2171=CARTESIAN_POINT('Ctrl Pts',(-2.42527185463344E-16,-1.98038475772935,
-0.5));
#2172=CARTESIAN_POINT('Ctrl Pts',(0.820302225368448,-1.98038475772935,-0.450000000000001));
#2173=CARTESIAN_POINT('Ctrl Pts',(1.40034349154889,-1.4003434915489,-0.400000000000001));
#2174=CARTESIAN_POINT('Ctrl Pts',(1.98038475772934,-0.820302225368458,-0.350000000000001));
#2175=CARTESIAN_POINT('Ctrl Pts',(1.98038475772934,-9.47669501474556E-15,
-0.300000000000002));
#2176=CARTESIAN_POINT('Ctrl Pts',(1.98038475772934,0.820302225368439,-0.250000000000002));
#2177=CARTESIAN_POINT('Ctrl Pts',(1.40034349154889,1.40034349154888,-0.200000000000001));
#2178=CARTESIAN_POINT('Ctrl Pts',(0.820302225368449,1.98038475772933,-0.150000000000001));
#2179=CARTESIAN_POINT('Ctrl Pts',(0.,1.98038475772933,-0.100000000000001));
#2180=CARTESIAN_POINT('Ctrl Pts',(-0.820302225368448,1.98038475772933,-0.0500000000000014));
#2181=CARTESIAN_POINT('Ctrl Pts',(-1.40034349154889,1.40034349154888,-1.73472347597681E-15));
#2182=CARTESIAN_POINT('Ctrl Pts',(-1.98038475772934,0.820302225368439,0.0499999999999997));
#2183=CARTESIAN_POINT('Ctrl Pts',(-1.98038475772934,-8.99164064381887E-15,
0.0999999999999994));
#2184=CARTESIAN_POINT('Ctrl Pts',(-1.98038475772934,-0.820302225368457,
0.149999999999999));
#2185=CARTESIAN_POINT('Ctrl Pts',(-1.40034349154889,-1.4003434915489,0.199999999999999));
#2186=CARTESIAN_POINT('Ctrl Pts',(-0.820302225368448,-1.98038475772935,
0.249999999999999));
#2187=CARTESIAN_POINT('Ctrl Pts',(-2.42527185463344E-16,-1.98038475772935,
0.299999999999998));
#2188=CARTESIAN_POINT('Origin',(3.17313562721808E-16,-9.43689570931383E-15,
-12.85));
#2189=CARTESIAN_POINT('',(3.17313562721807E-16,-1.98038475772935,1.2));
#2190=CARTESIAN_POINT('',(3.17313562721807E-16,-1.98038475772935,1.1));
#2191=CARTESIAN_POINT('',(8.77154310906959E-16,-1.98038475772935,-12.85));
#2192=CARTESIAN_POINT('Ctrl Pts',(-2.42527185463344E-16,-1.98038475772935,
0.399999999999998));
#2193=CARTESIAN_POINT('Ctrl Pts',(0.820302225368448,-1.98038475772935,0.449999999999999));
#2194=CARTESIAN_POINT('Ctrl Pts',(1.40034349154889,-1.4003434915489,0.499999999999999));
#2195=CARTESIAN_POINT('Ctrl Pts',(1.98038475772934,-0.820302225368458,0.549999999999998));
#2196=CARTESIAN_POINT('Ctrl Pts',(1.98038475772934,-9.47669501474556E-15,
0.599999999999998));
#2197=CARTESIAN_POINT('Ctrl Pts',(1.98038475772934,0.820302225368439,0.649999999999998));
#2198=CARTESIAN_POINT('Ctrl Pts',(1.40034349154889,1.40034349154888,0.699999999999998));
#2199=CARTESIAN_POINT('Ctrl Pts',(0.820302225368449,1.98038475772933,0.749999999999999));
#2200=CARTESIAN_POINT('Ctrl Pts',(0.,1.98038475772933,0.799999999999999));
#2201=CARTESIAN_POINT('Ctrl Pts',(-0.820302225368448,1.98038475772933,0.849999999999998));
#2202=CARTESIAN_POINT('Ctrl Pts',(-1.40034349154889,1.40034349154888,0.899999999999998));
#2203=CARTESIAN_POINT('Ctrl Pts',(-1.98038475772934,0.820302225368439,0.949999999999998));
#2204=CARTESIAN_POINT('Ctrl Pts',(-1.98038475772934,-8.99164064381887E-15,
0.999999999999999));
#2205=CARTESIAN_POINT('Ctrl Pts',(-1.98038475772934,-0.820302225368457,
1.05));
#2206=CARTESIAN_POINT('Ctrl Pts',(-1.40034349154889,-1.4003434915489,1.1));
#2207=CARTESIAN_POINT('Ctrl Pts',(-0.820302225368448,-1.98038475772935,
1.15));
#2208=CARTESIAN_POINT('Ctrl Pts',(-2.42527185463344E-16,-1.98038475772935,
1.2));
#2209=CARTESIAN_POINT('Ctrl Pts',(-2.42527185463344E-16,-1.98038475772935,
0.299999999999998));
#2210=CARTESIAN_POINT('Ctrl Pts',(0.820302225368448,-1.98038475772935,0.35));
#2211=CARTESIAN_POINT('Ctrl Pts',(1.40034349154889,-1.4003434915489,0.399999999999999));
#2212=CARTESIAN_POINT('Ctrl Pts',(1.98038475772934,-0.820302225368458,0.449999999999999));
#2213=CARTESIAN_POINT('Ctrl Pts',(1.98038475772934,-9.47669501474556E-15,
0.499999999999999));
#2214=CARTESIAN_POINT('Ctrl Pts',(1.98038475772934,0.820302225368439,0.549999999999998));
#2215=CARTESIAN_POINT('Ctrl Pts',(1.40034349154889,1.40034349154888,0.599999999999998));
#2216=CARTESIAN_POINT('Ctrl Pts',(0.820302225368449,1.98038475772933,0.65));
#2217=CARTESIAN_POINT('Ctrl Pts',(0.,1.98038475772933,0.699999999999999));
#2218=CARTESIAN_POINT('Ctrl Pts',(-0.820302225368448,1.98038475772933,0.749999999999999));
#2219=CARTESIAN_POINT('Ctrl Pts',(-1.40034349154889,1.40034349154888,0.799999999999999));
#2220=CARTESIAN_POINT('Ctrl Pts',(-1.98038475772934,0.820302225368439,0.849999999999998));
#2221=CARTESIAN_POINT('Ctrl Pts',(-1.98038475772934,-8.99164064381887E-15,
0.9));
#2222=CARTESIAN_POINT('Ctrl Pts',(-1.98038475772934,-0.820302225368457,
0.95));
#2223=CARTESIAN_POINT('Ctrl Pts',(-1.40034349154889,-1.4003434915489,0.999999999999999));
#2224=CARTESIAN_POINT('Ctrl Pts',(-0.820302225368448,-1.98038475772935,
1.05));
#2225=CARTESIAN_POINT('Ctrl Pts',(-2.42527185463344E-16,-1.98038475772935,
1.1));
#2226=CARTESIAN_POINT('Origin',(3.17313562721808E-16,-9.43689570931383E-15,
-12.85));
#2227=CARTESIAN_POINT('',(3.17313562721807E-16,-1.98038475772935,2.));
#2228=CARTESIAN_POINT('',(3.17313562721807E-16,-1.98038475772935,1.9));
#2229=CARTESIAN_POINT('',(8.77154310906959E-16,-1.98038475772935,-12.85));
#2230=CARTESIAN_POINT('Ctrl Pts',(-2.42527185463344E-16,-1.98038475772935,
1.2));
#2231=CARTESIAN_POINT('Ctrl Pts',(0.820302225368448,-1.98038475772935,1.25));
#2232=CARTESIAN_POINT('Ctrl Pts',(1.40034349154889,-1.4003434915489,1.3));
#2233=CARTESIAN_POINT('Ctrl Pts',(1.98038475772934,-0.820302225368458,1.35));
#2234=CARTESIAN_POINT('Ctrl Pts',(1.98038475772934,-9.47669501474556E-15,
1.4));
#2235=CARTESIAN_POINT('Ctrl Pts',(1.98038475772934,0.820302225368439,1.45));
#2236=CARTESIAN_POINT('Ctrl Pts',(1.40034349154889,1.40034349154888,1.5));
#2237=CARTESIAN_POINT('Ctrl Pts',(0.820302225368449,1.98038475772933,1.55));
#2238=CARTESIAN_POINT('Ctrl Pts',(0.,1.98038475772933,1.6));
#2239=CARTESIAN_POINT('Ctrl Pts',(-0.820302225368448,1.98038475772933,1.65));
#2240=CARTESIAN_POINT('Ctrl Pts',(-1.40034349154889,1.40034349154888,1.7));
#2241=CARTESIAN_POINT('Ctrl Pts',(-1.98038475772934,0.820302225368439,1.75));
#2242=CARTESIAN_POINT('Ctrl Pts',(-1.98038475772934,-8.99164064381887E-15,
1.8));
#2243=CARTESIAN_POINT('Ctrl Pts',(-1.98038475772934,-0.820302225368457,
1.85));
#2244=CARTESIAN_POINT('Ctrl Pts',(-1.40034349154889,-1.4003434915489,1.9));
#2245=CARTESIAN_POINT('Ctrl Pts',(-0.820302225368448,-1.98038475772935,
1.95));
#2246=CARTESIAN_POINT('Ctrl Pts',(-2.42527185463344E-16,-1.98038475772935,
2.));
#2247=CARTESIAN_POINT('Ctrl Pts',(-2.42527185463344E-16,-1.98038475772935,
1.1));
#2248=CARTESIAN_POINT('Ctrl Pts',(0.820302225368448,-1.98038475772935,1.15));
#2249=CARTESIAN_POINT('Ctrl Pts',(1.40034349154889,-1.4003434915489,1.2));
#2250=CARTESIAN_POINT('Ctrl Pts',(1.98038475772934,-0.820302225368458,1.25));
#2251=CARTESIAN_POINT('Ctrl Pts',(1.98038475772934,-9.47669501474556E-15,
1.3));
#2252=CARTESIAN_POINT('Ctrl Pts',(1.98038475772934,0.820302225368439,1.35));
#2253=CARTESIAN_POINT('Ctrl Pts',(1.40034349154889,1.40034349154888,1.4));
#2254=CARTESIAN_POINT('Ctrl Pts',(0.820302225368449,1.98038475772933,1.45));
#2255=CARTESIAN_POINT('Ctrl Pts',(0.,1.98038475772933,1.5));
#2256=CARTESIAN_POINT('Ctrl Pts',(-0.820302225368448,1.98038475772933,1.55));
#2257=CARTESIAN_POINT('Ctrl Pts',(-1.40034349154889,1.40034349154888,1.6));
#2258=CARTESIAN_POINT('Ctrl Pts',(-1.98038475772934,0.820302225368439,1.65));
#2259=CARTESIAN_POINT('Ctrl Pts',(-1.98038475772934,-8.99164064381887E-15,
1.7));
#2260=CARTESIAN_POINT('Ctrl Pts',(-1.98038475772934,-0.820302225368457,
1.75));
#2261=CARTESIAN_POINT('Ctrl Pts',(-1.40034349154889,-1.4003434915489,1.8));
#2262=CARTESIAN_POINT('Ctrl Pts',(-0.820302225368448,-1.98038475772935,
1.85));
#2263=CARTESIAN_POINT('Ctrl Pts',(-2.42527185463344E-16,-1.98038475772935,
1.9));
#2264=CARTESIAN_POINT('Origin',(3.17313562721808E-16,-9.43689570931383E-15,
-12.85));
#2265=CARTESIAN_POINT('',(3.17313562721807E-16,-1.98038475772935,2.8));
#2266=CARTESIAN_POINT('',(3.17313562721807E-16,-1.98038475772935,2.7));
#2267=CARTESIAN_POINT('',(8.77154310906959E-16,-1.98038475772935,-12.85));
#2268=CARTESIAN_POINT('Ctrl Pts',(-2.42527185463344E-16,-1.98038475772935,
2.));
#2269=CARTESIAN_POINT('Ctrl Pts',(0.820302225368448,-1.98038475772935,2.05));
#2270=CARTESIAN_POINT('Ctrl Pts',(1.40034349154889,-1.4003434915489,2.1));
#2271=CARTESIAN_POINT('Ctrl Pts',(1.98038475772934,-0.820302225368458,2.15));
#2272=CARTESIAN_POINT('Ctrl Pts',(1.98038475772934,-9.47669501474556E-15,
2.2));
#2273=CARTESIAN_POINT('Ctrl Pts',(1.98038475772934,0.820302225368439,2.25));
#2274=CARTESIAN_POINT('Ctrl Pts',(1.40034349154889,1.40034349154888,2.3));
#2275=CARTESIAN_POINT('Ctrl Pts',(0.820302225368449,1.98038475772933,2.35));
#2276=CARTESIAN_POINT('Ctrl Pts',(0.,1.98038475772933,2.4));
#2277=CARTESIAN_POINT('Ctrl Pts',(-0.820302225368448,1.98038475772933,2.45));
#2278=CARTESIAN_POINT('Ctrl Pts',(-1.40034349154889,1.40034349154888,2.5));
#2279=CARTESIAN_POINT('Ctrl Pts',(-1.98038475772934,0.820302225368439,2.55));
#2280=CARTESIAN_POINT('Ctrl Pts',(-1.98038475772934,-8.99164064381887E-15,
2.6));
#2281=CARTESIAN_POINT('Ctrl Pts',(-1.98038475772934,-0.820302225368457,
2.65));
#2282=CARTESIAN_POINT('Ctrl Pts',(-1.40034349154889,-1.4003434915489,2.7));
#2283=CARTESIAN_POINT('Ctrl Pts',(-0.820302225368448,-1.98038475772935,
2.75));
#2284=CARTESIAN_POINT('Ctrl Pts',(-2.42527185463344E-16,-1.98038475772935,
2.8));
#2285=CARTESIAN_POINT('Ctrl Pts',(-2.42527185463344E-16,-1.98038475772935,
1.9));
#2286=CARTESIAN_POINT('Ctrl Pts',(0.820302225368448,-1.98038475772935,1.95));
#2287=CARTESIAN_POINT('Ctrl Pts',(1.40034349154889,-1.4003434915489,2.));
#2288=CARTESIAN_POINT('Ctrl Pts',(1.98038475772934,-0.820302225368458,2.05));
#2289=CARTESIAN_POINT('Ctrl Pts',(1.98038475772934,-9.47669501474556E-15,
2.1));
#2290=CARTESIAN_POINT('Ctrl Pts',(1.98038475772934,0.820302225368439,2.15));
#2291=CARTESIAN_POINT('Ctrl Pts',(1.40034349154889,1.40034349154888,2.2));
#2292=CARTESIAN_POINT('Ctrl Pts',(0.820302225368449,1.98038475772933,2.25));
#2293=CARTESIAN_POINT('Ctrl Pts',(0.,1.98038475772933,2.3));
#2294=CARTESIAN_POINT('Ctrl Pts',(-0.820302225368448,1.98038475772933,2.35));
#2295=CARTESIAN_POINT('Ctrl Pts',(-1.40034349154889,1.40034349154888,2.4));
#2296=CARTESIAN_POINT('Ctrl Pts',(-1.98038475772934,0.820302225368439,2.45));
#2297=CARTESIAN_POINT('Ctrl Pts',(-1.98038475772934,-8.99164064381887E-15,
2.5));
#2298=CARTESIAN_POINT('Ctrl Pts',(-1.98038475772934,-0.820302225368457,
2.55));
#2299=CARTESIAN_POINT('Ctrl Pts',(-1.40034349154889,-1.4003434915489,2.6));
#2300=CARTESIAN_POINT('Ctrl Pts',(-0.820302225368448,-1.98038475772935,
2.65));
#2301=CARTESIAN_POINT('Ctrl Pts',(-2.42527185463344E-16,-1.98038475772935,
2.7));
#2302=CARTESIAN_POINT('Origin',(3.17313562721808E-16,-9.43689570931383E-15,
-12.85));
#2303=CARTESIAN_POINT('',(3.17313562721807E-16,-1.98038475772935,3.6));
#2304=CARTESIAN_POINT('',(3.17313562721807E-16,-1.98038475772935,3.5));
#2305=CARTESIAN_POINT('',(8.77154310906959E-16,-1.98038475772935,-12.85));
#2306=CARTESIAN_POINT('Ctrl Pts',(-2.42527185463344E-16,-1.98038475772935,
2.8));
#2307=CARTESIAN_POINT('Ctrl Pts',(0.820302225368448,-1.98038475772935,2.85));
#2308=CARTESIAN_POINT('Ctrl Pts',(1.40034349154889,-1.4003434915489,2.9));
#2309=CARTESIAN_POINT('Ctrl Pts',(1.98038475772934,-0.820302225368458,2.95));
#2310=CARTESIAN_POINT('Ctrl Pts',(1.98038475772934,-9.47669501474556E-15,
3.));
#2311=CARTESIAN_POINT('Ctrl Pts',(1.98038475772934,0.820302225368439,3.05));
#2312=CARTESIAN_POINT('Ctrl Pts',(1.40034349154889,1.40034349154888,3.1));
#2313=CARTESIAN_POINT('Ctrl Pts',(0.820302225368449,1.98038475772933,3.15));
#2314=CARTESIAN_POINT('Ctrl Pts',(0.,1.98038475772933,3.2));
#2315=CARTESIAN_POINT('Ctrl Pts',(-0.820302225368448,1.98038475772933,3.25));
#2316=CARTESIAN_POINT('Ctrl Pts',(-1.40034349154889,1.40034349154888,3.3));
#2317=CARTESIAN_POINT('Ctrl Pts',(-1.98038475772934,0.820302225368439,3.35));
#2318=CARTESIAN_POINT('Ctrl Pts',(-1.98038475772934,-8.99164064381887E-15,
3.4));
#2319=CARTESIAN_POINT('Ctrl Pts',(-1.98038475772934,-0.820302225368457,
3.45));
#2320=CARTESIAN_POINT('Ctrl Pts',(-1.40034349154889,-1.4003434915489,3.5));
#2321=CARTESIAN_POINT('Ctrl Pts',(-0.820302225368448,-1.98038475772935,
3.55));
#2322=CARTESIAN_POINT('Ctrl Pts',(-2.42527185463344E-16,-1.98038475772935,
3.6));
#2323=CARTESIAN_POINT('Ctrl Pts',(-2.42527185463344E-16,-1.98038475772935,
2.7));
#2324=CARTESIAN_POINT('Ctrl Pts',(0.820302225368448,-1.98038475772935,2.75));
#2325=CARTESIAN_POINT('Ctrl Pts',(1.40034349154889,-1.4003434915489,2.8));
#2326=CARTESIAN_POINT('Ctrl Pts',(1.98038475772934,-0.820302225368458,2.85));
#2327=CARTESIAN_POINT('Ctrl Pts',(1.98038475772934,-9.47669501474556E-15,
2.9));
#2328=CARTESIAN_POINT('Ctrl Pts',(1.98038475772934,0.820302225368439,2.95));
#2329=CARTESIAN_POINT('Ctrl Pts',(1.40034349154889,1.40034349154888,3.));
#2330=CARTESIAN_POINT('Ctrl Pts',(0.820302225368449,1.98038475772933,3.05));
#2331=CARTESIAN_POINT('Ctrl Pts',(0.,1.98038475772933,3.1));
#2332=CARTESIAN_POINT('Ctrl Pts',(-0.820302225368448,1.98038475772933,3.15));
#2333=CARTESIAN_POINT('Ctrl Pts',(-1.40034349154889,1.40034349154888,3.2));
#2334=CARTESIAN_POINT('Ctrl Pts',(-1.98038475772934,0.820302225368439,3.25));
#2335=CARTESIAN_POINT('Ctrl Pts',(-1.98038475772934,-8.99164064381887E-15,
3.3));
#2336=CARTESIAN_POINT('Ctrl Pts',(-1.98038475772934,-0.820302225368457,
3.35));
#2337=CARTESIAN_POINT('Ctrl Pts',(-1.40034349154889,-1.4003434915489,3.4));
#2338=CARTESIAN_POINT('Ctrl Pts',(-0.820302225368448,-1.98038475772935,
3.45));
#2339=CARTESIAN_POINT('Ctrl Pts',(-2.42527185463344E-16,-1.98038475772935,
3.5));
#2340=CARTESIAN_POINT('Origin',(3.17313562721808E-16,-9.43689570931383E-15,
-12.85));
#2341=CARTESIAN_POINT('',(3.17313562721807E-16,-1.98038475772935,4.4));
#2342=CARTESIAN_POINT('',(3.17313562721807E-16,-1.98038475772935,4.3));
#2343=CARTESIAN_POINT('',(8.77154310906959E-16,-1.98038475772935,-12.85));
#2344=CARTESIAN_POINT('Ctrl Pts',(-2.42527185463344E-16,-1.98038475772935,
3.6));
#2345=CARTESIAN_POINT('Ctrl Pts',(0.820302225368448,-1.98038475772935,3.65));
#2346=CARTESIAN_POINT('Ctrl Pts',(1.40034349154889,-1.4003434915489,3.7));
#2347=CARTESIAN_POINT('Ctrl Pts',(1.98038475772934,-0.820302225368458,3.75));
#2348=CARTESIAN_POINT('Ctrl Pts',(1.98038475772934,-9.47669501474556E-15,
3.8));
#2349=CARTESIAN_POINT('Ctrl Pts',(1.98038475772934,0.820302225368439,3.85));
#2350=CARTESIAN_POINT('Ctrl Pts',(1.40034349154889,1.40034349154888,3.9));
#2351=CARTESIAN_POINT('Ctrl Pts',(0.820302225368449,1.98038475772933,3.95));
#2352=CARTESIAN_POINT('Ctrl Pts',(0.,1.98038475772933,4.));
#2353=CARTESIAN_POINT('Ctrl Pts',(-0.820302225368448,1.98038475772933,4.05));
#2354=CARTESIAN_POINT('Ctrl Pts',(-1.40034349154889,1.40034349154888,4.1));
#2355=CARTESIAN_POINT('Ctrl Pts',(-1.98038475772934,0.820302225368439,4.15));
#2356=CARTESIAN_POINT('Ctrl Pts',(-1.98038475772934,-8.99164064381887E-15,
4.2));
#2357=CARTESIAN_POINT('Ctrl Pts',(-1.98038475772934,-0.820302225368457,
4.25));
#2358=CARTESIAN_POINT('Ctrl Pts',(-1.40034349154889,-1.4003434915489,4.3));
#2359=CARTESIAN_POINT('Ctrl Pts',(-0.820302225368448,-1.98038475772935,
4.35));
#2360=CARTESIAN_POINT('Ctrl Pts',(-2.42527185463344E-16,-1.98038475772935,
4.4));
#2361=CARTESIAN_POINT('Ctrl Pts',(-2.42527185463344E-16,-1.98038475772935,
3.5));
#2362=CARTESIAN_POINT('Ctrl Pts',(0.820302225368448,-1.98038475772935,3.55));
#2363=CARTESIAN_POINT('Ctrl Pts',(1.40034349154889,-1.4003434915489,3.6));
#2364=CARTESIAN_POINT('Ctrl Pts',(1.98038475772934,-0.820302225368458,3.65));
#2365=CARTESIAN_POINT('Ctrl Pts',(1.98038475772934,-9.47669501474556E-15,
3.7));
#2366=CARTESIAN_POINT('Ctrl Pts',(1.98038475772934,0.820302225368439,3.75));
#2367=CARTESIAN_POINT('Ctrl Pts',(1.40034349154889,1.40034349154888,3.8));
#2368=CARTESIAN_POINT('Ctrl Pts',(0.820302225368449,1.98038475772933,3.85));
#2369=CARTESIAN_POINT('Ctrl Pts',(0.,1.98038475772933,3.9));
#2370=CARTESIAN_POINT('Ctrl Pts',(-0.820302225368448,1.98038475772933,3.95));
#2371=CARTESIAN_POINT('Ctrl Pts',(-1.40034349154889,1.40034349154888,4.));
#2372=CARTESIAN_POINT('Ctrl Pts',(-1.98038475772934,0.820302225368439,4.05));
#2373=CARTESIAN_POINT('Ctrl Pts',(-1.98038475772934,-8.99164064381887E-15,
4.1));
#2374=CARTESIAN_POINT('Ctrl Pts',(-1.98038475772934,-0.820302225368457,
4.15));
#2375=CARTESIAN_POINT('Ctrl Pts',(-1.40034349154889,-1.4003434915489,4.2));
#2376=CARTESIAN_POINT('Ctrl Pts',(-0.820302225368448,-1.98038475772935,
4.25));
#2377=CARTESIAN_POINT('Ctrl Pts',(-2.42527185463344E-16,-1.98038475772935,
4.3));
#2378=CARTESIAN_POINT('Origin',(3.17313562721808E-16,-9.43689570931383E-15,
-12.85));
#2379=CARTESIAN_POINT('',(3.17313562721807E-16,-1.98038475772935,5.2));
#2380=CARTESIAN_POINT('',(3.17313562721807E-16,-1.98038475772935,5.1));
#2381=CARTESIAN_POINT('',(8.77154310906959E-16,-1.98038475772935,-12.85));
#2382=CARTESIAN_POINT('Ctrl Pts',(-2.42527185463344E-16,-1.98038475772935,
4.4));
#2383=CARTESIAN_POINT('Ctrl Pts',(0.820302225368448,-1.98038475772935,4.45));
#2384=CARTESIAN_POINT('Ctrl Pts',(1.40034349154889,-1.4003434915489,4.5));
#2385=CARTESIAN_POINT('Ctrl Pts',(1.98038475772934,-0.820302225368458,4.55));
#2386=CARTESIAN_POINT('Ctrl Pts',(1.98038475772934,-9.47669501474556E-15,
4.6));
#2387=CARTESIAN_POINT('Ctrl Pts',(1.98038475772934,0.820302225368439,4.65));
#2388=CARTESIAN_POINT('Ctrl Pts',(1.40034349154889,1.40034349154888,4.7));
#2389=CARTESIAN_POINT('Ctrl Pts',(0.820302225368449,1.98038475772933,4.75));
#2390=CARTESIAN_POINT('Ctrl Pts',(0.,1.98038475772933,4.8));
#2391=CARTESIAN_POINT('Ctrl Pts',(-0.820302225368448,1.98038475772933,4.85));
#2392=CARTESIAN_POINT('Ctrl Pts',(-1.40034349154889,1.40034349154888,4.9));
#2393=CARTESIAN_POINT('Ctrl Pts',(-1.98038475772934,0.820302225368439,4.95));
#2394=CARTESIAN_POINT('Ctrl Pts',(-1.98038475772934,-8.99164064381887E-15,
5.));
#2395=CARTESIAN_POINT('Ctrl Pts',(-1.98038475772934,-0.820302225368457,
5.05));
#2396=CARTESIAN_POINT('Ctrl Pts',(-1.40034349154889,-1.4003434915489,5.1));
#2397=CARTESIAN_POINT('Ctrl Pts',(-0.820302225368448,-1.98038475772935,
5.15));
#2398=CARTESIAN_POINT('Ctrl Pts',(-2.42527185463344E-16,-1.98038475772935,
5.2));
#2399=CARTESIAN_POINT('Ctrl Pts',(-2.42527185463344E-16,-1.98038475772935,
4.3));
#2400=CARTESIAN_POINT('Ctrl Pts',(0.820302225368448,-1.98038475772935,4.35));
#2401=CARTESIAN_POINT('Ctrl Pts',(1.40034349154889,-1.4003434915489,4.4));
#2402=CARTESIAN_POINT('Ctrl Pts',(1.98038475772934,-0.820302225368458,4.45));
#2403=CARTESIAN_POINT('Ctrl Pts',(1.98038475772934,-9.47669501474556E-15,
4.5));
#2404=CARTESIAN_POINT('Ctrl Pts',(1.98038475772934,0.820302225368439,4.55));
#2405=CARTESIAN_POINT('Ctrl Pts',(1.40034349154889,1.40034349154888,4.6));
#2406=CARTESIAN_POINT('Ctrl Pts',(0.820302225368449,1.98038475772933,4.65));
#2407=CARTESIAN_POINT('Ctrl Pts',(0.,1.98038475772933,4.7));
#2408=CARTESIAN_POINT('Ctrl Pts',(-0.820302225368448,1.98038475772933,4.75));
#2409=CARTESIAN_POINT('Ctrl Pts',(-1.40034349154889,1.40034349154888,4.8));
#2410=CARTESIAN_POINT('Ctrl Pts',(-1.98038475772934,0.820302225368439,4.85));
#2411=CARTESIAN_POINT('Ctrl Pts',(-1.98038475772934,-8.99164064381887E-15,
4.9));
#2412=CARTESIAN_POINT('Ctrl Pts',(-1.98038475772934,-0.820302225368457,
4.95));
#2413=CARTESIAN_POINT('Ctrl Pts',(-1.40034349154889,-1.4003434915489,5.));
#2414=CARTESIAN_POINT('Ctrl Pts',(-0.820302225368448,-1.98038475772935,
5.05));
#2415=CARTESIAN_POINT('Ctrl Pts',(-2.42527185463344E-16,-1.98038475772935,
5.1));
#2416=CARTESIAN_POINT('Origin',(3.17313562721808E-16,-9.43689570931383E-15,
-12.85));
#2417=CARTESIAN_POINT('',(8.77154310906959E-16,-1.98038475772935,5.93279700214864));
#2418=CARTESIAN_POINT('',(3.17313562721807E-16,-1.98038475772935,5.9));
#2419=CARTESIAN_POINT('',(8.77154310906959E-16,-1.98038475772935,-12.85));
#2420=CARTESIAN_POINT('',(-0.992163662947493,-1.71392387653983,5.93279700214864));
#2421=CARTESIAN_POINT('Origin',(-2.77555756156289E-15,-1.88737914186277E-14,
5.93279700214862));
#2422=CARTESIAN_POINT('Ctrl Pts',(-2.42527185463344E-16,-1.98038475772935,
5.2));
#2423=CARTESIAN_POINT('Ctrl Pts',(0.820302225368448,-1.98038475772935,5.25));
#2424=CARTESIAN_POINT('Ctrl Pts',(1.40034349154889,-1.4003434915489,5.3));
#2425=CARTESIAN_POINT('Ctrl Pts',(1.98038475772934,-0.820302225368458,5.35));
#2426=CARTESIAN_POINT('Ctrl Pts',(1.98038475772934,-9.47669501474556E-15,
5.4));
#2427=CARTESIAN_POINT('Ctrl Pts',(1.98038475772934,0.820302225368439,5.45));
#2428=CARTESIAN_POINT('Ctrl Pts',(1.40034349154889,1.40034349154888,5.5));
#2429=CARTESIAN_POINT('Ctrl Pts',(0.820302225368449,1.98038475772933,5.55));
#2430=CARTESIAN_POINT('Ctrl Pts',(0.,1.98038475772933,5.6));
#2431=CARTESIAN_POINT('Ctrl Pts',(-0.820302225368448,1.98038475772933,5.65));
#2432=CARTESIAN_POINT('Ctrl Pts',(-1.40034349154889,1.40034349154888,5.7));
#2433=CARTESIAN_POINT('Ctrl Pts',(-1.98038475772934,0.820302225368439,5.75));
#2434=CARTESIAN_POINT('Ctrl Pts',(-1.98038475772934,-8.99164064381887E-15,
5.8));
#2435=CARTESIAN_POINT('Ctrl Pts',(-1.98038475772934,-0.820302225368457,
5.85));
#2436=CARTESIAN_POINT('Ctrl Pts',(-1.40034349154889,-1.4003434915489,5.9));
#2437=CARTESIAN_POINT('Ctrl Pts',(-1.21680370552358,-1.58388327757421,5.91582126968603));
#2438=CARTESIAN_POINT('Ctrl Pts',(-0.992163662947493,-1.71392387653983,
5.93279700214864));
#2439=CARTESIAN_POINT('Ctrl Pts',(-2.42527185463344E-16,-1.98038475772935,
5.1));
#2440=CARTESIAN_POINT('Ctrl Pts',(0.820302225368448,-1.98038475772935,5.15));
#2441=CARTESIAN_POINT('Ctrl Pts',(1.40034349154889,-1.4003434915489,5.2));
#2442=CARTESIAN_POINT('Ctrl Pts',(1.98038475772934,-0.820302225368458,5.25));
#2443=CARTESIAN_POINT('Ctrl Pts',(1.98038475772934,-9.47669501474556E-15,
5.3));
#2444=CARTESIAN_POINT('Ctrl Pts',(1.98038475772934,0.820302225368439,5.35));
#2445=CARTESIAN_POINT('Ctrl Pts',(1.40034349154889,1.40034349154888,5.4));
#2446=CARTESIAN_POINT('Ctrl Pts',(0.820302225368449,1.98038475772933,5.45));
#2447=CARTESIAN_POINT('Ctrl Pts',(0.,1.98038475772933,5.5));
#2448=CARTESIAN_POINT('Ctrl Pts',(-0.820302225368448,1.98038475772933,5.55));
#2449=CARTESIAN_POINT('Ctrl Pts',(-1.40034349154889,1.40034349154888,5.6));
#2450=CARTESIAN_POINT('Ctrl Pts',(-1.98038475772934,0.820302225368439,5.65));
#2451=CARTESIAN_POINT('Ctrl Pts',(-1.98038475772934,-8.99164064381887E-15,
5.7));
#2452=CARTESIAN_POINT('Ctrl Pts',(-1.98038475772934,-0.820302225368457,
5.75));
#2453=CARTESIAN_POINT('Ctrl Pts',(-1.40034349154889,-1.4003434915489,5.8));
#2454=CARTESIAN_POINT('Ctrl Pts',(-0.820302225368448,-1.98038475772935,
5.85));
#2455=CARTESIAN_POINT('Ctrl Pts',(-2.42527185463344E-16,-1.98038475772935,
5.9));
#2456=CARTESIAN_POINT('Origin',(0.,-9.10729824887824E-15,7.5));
#2457=CARTESIAN_POINT('',(2.10351256515706,1.19917648224549E-12,6.27108787276326));
#2458=CARTESIAN_POINT('',(2.03067397976103,-9.00897618154658E-15,6.07096550412266));
#2459=CARTESIAN_POINT('',(2.5508,-8.79491534335173E-15,7.5));
#2460=CARTESIAN_POINT('Ctrl Pts',(2.10351256515706,2.40436143217337E-12,
6.27108787276326));
#2461=CARTESIAN_POINT('Ctrl Pts',(2.09793151895746,-0.211057222684261,6.25575407435226));
#2462=CARTESIAN_POINT('Ctrl Pts',(2.06036364519873,-0.420003222657493,6.23949703553099));
#2463=CARTESIAN_POINT('Ctrl Pts',(1.90300898593914,-0.878113380103988,6.20125805890965));
#2464=CARTESIAN_POINT('Ctrl Pts',(1.76487691937718,-1.11573195837637,6.1794627141657));
#2465=CARTESIAN_POINT('Ctrl Pts',(1.40725235712363,-1.52156893012088,6.13805754634563));
#2466=CARTESIAN_POINT('Ctrl Pts',(1.1928171252862,-1.68615070891014,6.11815979869703));
#2467=CARTESIAN_POINT('Ctrl Pts',(0.712496755641445,-1.92163192699119,6.07498657256298));
#2468=CARTESIAN_POINT('Ctrl Pts',(0.452885772799637,-1.99074666159961,6.05319582679261));
#2469=CARTESIAN_POINT('Ctrl Pts',(-0.0236789993416825,-2.02152827159998,
6.01578441009308));
#2470=CARTESIAN_POINT('Ctrl Pts',(-0.235662282366582,-2.00217681938163,
5.99988602737927));
#2471=CARTESIAN_POINT('Ctrl Pts',(-0.635699526580278,-1.89905795045441,
5.96620079624643));
#2472=CARTESIAN_POINT('Ctrl Pts',(-0.821458241608756,-1.81973301657401,
5.94941891805628));
#2473=CARTESIAN_POINT('Ctrl Pts',(-0.992163662947487,-1.71392387653984,
5.93279700214863));
#2474=CARTESIAN_POINT('',(0.510361541421823,-1.9134928496559,5.93279700214864));
#2475=CARTESIAN_POINT('Origin',(-2.77555756156289E-15,-1.88737914186277E-14,
5.93279700214862));
#2476=CARTESIAN_POINT('Ctrl Pts',(0.510361541420668,-1.91349284965619,5.93279700214858));
#2477=CARTESIAN_POINT('Ctrl Pts',(0.754713898159604,-1.8534414380765,5.94639312278207));
#2478=CARTESIAN_POINT('Ctrl Pts',(0.985434364122615,-1.74747915627763,5.96015539338027));
#2479=CARTESIAN_POINT('Ctrl Pts',(1.40674257927016,-1.44663380403972,5.9873187929892));
#2480=CARTESIAN_POINT('Ctrl Pts',(1.59005918123498,-1.24968865236324,6.00027746798221));
#2481=CARTESIAN_POINT('Ctrl Pts',(1.86433235125396,-0.806394485505715,6.02799029414062));
#2482=CARTESIAN_POINT('Ctrl Pts',(1.95637464970613,-0.564721748884091,6.04180900409685));
#2483=CARTESIAN_POINT('Ctrl Pts',(2.01881070696453,-0.208895838716674,6.06052595389834));
#2484=CARTESIAN_POINT('Ctrl Pts',(2.02880638088398,-0.104459336038753,6.06583431837935));
#2485=CARTESIAN_POINT('Ctrl Pts',(2.03067397976103,-1.13103970633688E-14,
6.07096550412266));
#2486=CARTESIAN_POINT('Origin',(0.,-9.10729824887824E-15,7.5));
#2487=CARTESIAN_POINT('',(2.5508,-8.79491534335173E-15,7.5));
#2488=CARTESIAN_POINT('Origin',(0.,-9.10729824887824E-15,7.5));
#2489=CARTESIAN_POINT('',(2.5,-3.34192778274625E-15,7.36042814709176));
#2490=CARTESIAN_POINT('',(2.5508,-8.79491534335173E-15,7.5));
#2491=CARTESIAN_POINT('',(2.22597210787643,1.1380018343378,7.36042814709175));
#2492=CARTESIAN_POINT('Origin',(0.,-9.10729824887824E-15,7.36042814709173));
#2493=CARTESIAN_POINT('',(2.47215455919975,-6.84823341717034E-15,7.28392342725827));
#2494=CARTESIAN_POINT('Ctrl Pts',(2.2259721078761,1.13800183433848,7.3604281470918));
#2495=CARTESIAN_POINT('Ctrl Pts',(2.33572120309387,0.909987348708713,7.34374274081001));
#2496=CARTESIAN_POINT('Ctrl Pts',(2.41013765570136,0.666599672992972,7.32688812468183));
#2497=CARTESIAN_POINT('Ctrl Pts',(2.46673175172857,0.278604495274676,7.30141520425127));
#2498=CARTESIAN_POINT('Ctrl Pts',(2.47528870715449,0.139294703934197,7.29253442799316));
#2499=CARTESIAN_POINT('Ctrl Pts',(2.47215455919975,-9.33281230075522E-15,
7.28392342725827));
#2500=CARTESIAN_POINT('',(2.27128795284973,-7.9187142698423E-15,6.73204696198912));
#2501=CARTESIAN_POINT('',(2.5508,-8.79491534335173E-15,7.5));
#2502=CARTESIAN_POINT('',(2.37868878627455,-0.769311158148476,7.36042814709175));
#2503=CARTESIAN_POINT('Ctrl Pts',(2.27128795284973,-1.06165076729781E-14,
6.73204696198912));
#2504=CARTESIAN_POINT('Ctrl Pts',(2.27365410093589,0.148025852843237,6.73854790042692));
#2505=CARTESIAN_POINT('Ctrl Pts',(2.26162782783565,0.296143117881106,6.74529578125036));
#2506=CARTESIAN_POINT('Ctrl Pts',(2.18298587222507,0.732419453150396,6.76589002076745));
#2507=CARTESIAN_POINT('Ctrl Pts',(2.07493877268856,1.00989895486197,6.77995038305792));
#2508=CARTESIAN_POINT('Ctrl Pts',(1.75261556598911,1.51912231868239,6.80781262628682));
#2509=CARTESIAN_POINT('Ctrl Pts',(1.53708993555932,1.74286017253882,6.82073208759664));
#2510=CARTESIAN_POINT('Ctrl Pts',(1.04013898483429,2.088167423176,6.84847619269243));
#2511=CARTESIAN_POINT('Ctrl Pts',(0.764015875913369,2.20959665445817,6.86253451531648));
#2512=CARTESIAN_POINT('Ctrl Pts',(0.168366986492509,2.34364254946084,6.89039880435088));
#2513=CARTESIAN_POINT('Ctrl Pts',(-0.14632349314781,2.34961368461251,6.90331953603901));
#2514=CARTESIAN_POINT('Ctrl Pts',(-0.74967280095145,2.24112117843168,6.93106151604165));
#2515=CARTESIAN_POINT('Ctrl Pts',(-1.03441837746306,2.13040405000243,6.94511779977146));
#2516=CARTESIAN_POINT('Ctrl Pts',(-1.55714597797497,1.79993259208212,6.97298418836911));
#2517=CARTESIAN_POINT('Ctrl Pts',(-1.78689720933761,1.57886690728928,6.98590622172021));
#2518=CARTESIAN_POINT('Ctrl Pts',(-2.141432744203,1.06912806129405,7.01364602858655));
#2519=CARTESIAN_POINT('Ctrl Pts',(-2.26612192016729,0.785985829082952,7.02770027384467));
#2520=CARTESIAN_POINT('Ctrl Pts',(-2.40397943224965,0.175031779303436,7.05556881191392));
#2521=CARTESIAN_POINT('Ctrl Pts',(-2.41029776200681,-0.14783004361626,7.06849217761313));
#2522=CARTESIAN_POINT('Ctrl Pts',(-2.29931103894322,-0.766751404153607,
7.09622976384732));
#2523=CARTESIAN_POINT('Ctrl Pts',(-2.18594763413816,-1.05876768439567,7.11028197067728));
#2524=CARTESIAN_POINT('Ctrl Pts',(-1.84737009039359,-1.59502617926992,7.13815270461836));
#2525=CARTESIAN_POINT('Ctrl Pts',(-1.62077946375798,-1.83081102489971,7.15107743285036));
#2526=CARTESIAN_POINT('Ctrl Pts',(-1.0982789804764,-2.19461308271214,7.17881275138675));
#2527=CARTESIAN_POINT('Ctrl Pts',(-0.808131148110036,-2.32258222318683,
7.19286291942483));
#2528=CARTESIAN_POINT('Ctrl Pts',(-0.181882998269796,-2.46429992243536,
7.2207358924439));
#2529=CARTESIAN_POINT('Ctrl Pts',(0.149153707086492,-2.47099042966772,7.23366201298641));
#2530=CARTESIAN_POINT('Ctrl Pts',(0.78365548839407,-2.35755510072779,7.26139501707701));
#2531=CARTESIAN_POINT('Ctrl Pts',(1.08294703616858,-2.24156913123752,7.27544314552496));
#2532=CARTESIAN_POINT('Ctrl Pts',(1.59539032093871,-1.91848990487886,7.30142363874858));
#2533=CARTESIAN_POINT('Ctrl Pts',(1.80967500769708,-1.7235718927092,7.31269857473654));
#2534=CARTESIAN_POINT('Ctrl Pts',(2.15632068215934,-1.27818097892264,7.33641525974229));
#2535=CARTESIAN_POINT('Ctrl Pts',(2.28911434827842,-1.03213617393805,7.34847607751364));
#2536=CARTESIAN_POINT('Ctrl Pts',(2.37868878627455,-0.769311158148482,7.36042814709175));
#2537=CARTESIAN_POINT('Origin',(0.,-9.10729824887824E-15,7.36042814709173));
#2538=CARTESIAN_POINT('Origin',(0.,-3.03576608295941E-15,-12.5));
#2539=CARTESIAN_POINT('',(2.5,-6.3840741966491E-15,7.3));
#2540=CARTESIAN_POINT('',(2.5,-3.34192778274625E-15,-12.5));
#2541=CARTESIAN_POINT('Ctrl Pts',(2.5,-9.42622061055195E-15,7.3));
#2542=CARTESIAN_POINT('Ctrl Pts',(2.5,0.0096477193214998,7.30046583309664));
#2543=CARTESIAN_POINT('Ctrl Pts',(2.49994415294384,0.0192978203425994,7.30093289813323));
#2544=CARTESIAN_POINT('Ctrl Pts',(2.49762490911936,0.219565718673157,7.31064907253487));
#2545=CARTESIAN_POINT('Ctrl Pts',(2.47362279664389,0.409290007310096,7.32028981379896));
#2546=CARTESIAN_POINT('Ctrl Pts',(2.38217746852004,0.78285735569974,7.34015614754027));
#2547=CARTESIAN_POINT('Ctrl Pts',(2.31427804691885,0.965272273332598,7.35032190733487));
#2548=CARTESIAN_POINT('Ctrl Pts',(2.22597210787643,1.13800183433779,7.36042814709175));
#2549=CARTESIAN_POINT('Origin',(0.,-3.03576608295941E-15,-12.5));
#2550=CARTESIAN_POINT('',(2.5,1.57163072712731E-14,6.5));
#2551=CARTESIAN_POINT('',(2.5,1.52644694744514E-8,6.60000000147407));
#2552=CARTESIAN_POINT('',(2.5,-3.34192778274625E-15,-12.5));
#2553=CARTESIAN_POINT('Ctrl Pts',(2.5,3.47745423252924E-14,6.5));
#2554=CARTESIAN_POINT('Ctrl Pts',(2.5,0.0218926135643113,6.50105706889165));
#2555=CARTESIAN_POINT('Ctrl Pts',(2.49971242906857,0.0437965136751232,6.50212043416477));
#2556=CARTESIAN_POINT('Ctrl Pts',(2.49036702583344,0.399249513790303,6.51947013130276));
#2557=CARTESIAN_POINT('Ctrl Pts',(2.41491340912656,0.727656797711046,6.53683611001337));
#2558=CARTESIAN_POINT('Ctrl Pts',(2.1447912609322,1.32398907108882,6.57103202221864));
#2559=CARTESIAN_POINT('Ctrl Pts',(1.95723361070093,1.58816208750708,6.58725964319658));
#2560=CARTESIAN_POINT('Ctrl Pts',(1.48332497382224,2.03988416404619,6.61917641789693));
#2561=CARTESIAN_POINT('Ctrl Pts',(1.19809176194605,2.21944116683588,6.63653983572374));
#2562=CARTESIAN_POINT('Ctrl Pts',(0.585808857945025,2.45151768885029,6.67074499998099));
#2563=CARTESIAN_POINT('Ctrl Pts',(0.266453963887077,2.50640312242497,6.68700640208439));
#2564=CARTESIAN_POINT('Ctrl Pts',(-0.388221408225879,2.492130288368,6.71890238201166));
#2565=CARTESIAN_POINT('Ctrl Pts',(-0.717108784619596,2.41808732979959,6.73626332847469));
#2566=CARTESIAN_POINT('Ctrl Pts',(-1.31483210201619,2.15043265108118,6.77047705683716));
#2567=CARTESIAN_POINT('Ctrl Pts',(-1.57988456753185,1.96393735781361,6.78677040725312));
#2568=CARTESIAN_POINT('Ctrl Pts',(-2.0337531275029,1.49175167571647,6.81864692000609));
#2569=CARTESIAN_POINT('Ctrl Pts',(-2.21455665775071,1.20713517052518,6.8360054911492));
#2570=CARTESIAN_POINT('Ctrl Pts',(-2.44917898107448,0.595565286331027,6.87022714379088));
#2571=CARTESIAN_POINT('Ctrl Pts',(-2.50534547675363,0.276330962869439,6.88655065129984));
#2572=CARTESIAN_POINT('Ctrl Pts',(-2.49362454133488,-0.37862122876086,6.91840895928301));
#2573=CARTESIAN_POINT('Ctrl Pts',(-2.4208109694968,-0.707921528171507,6.93576525569839));
#2574=CARTESIAN_POINT('Ctrl Pts',(-2.15530634789062,-1.30685134963346,6.96999423808817));
#2575=CARTESIAN_POINT('Ctrl Pts',(-1.96973492620816,-1.57266884946385,6.98634616152682));
#2576=CARTESIAN_POINT('Ctrl Pts',(-1.49904998022963,-2.02839990974878,7.01818746233624));
#2577=CARTESIAN_POINT('Ctrl Pts',(-1.21497335282993,-2.21028451945077,7.03554158746271));
#2578=CARTESIAN_POINT('Ctrl Pts',(-0.604027131409011,-2.44711787295642,
7.06977734760552));
#2579=CARTESIAN_POINT('Ctrl Pts',(-0.284897358558728,-2.50439680565953,
7.08615600254866));
#2580=CARTESIAN_POINT('Ctrl Pts',(0.370291165339196,-2.49489046140903,7.11798142983978));
#2581=CARTESIAN_POINT('Ctrl Pts',(0.699945986989512,-2.42314466909428,7.13533348851267));
#2582=CARTESIAN_POINT('Ctrl Pts',(1.29991936902469,-2.15950725687338,7.16957551427653));
#2583=CARTESIAN_POINT('Ctrl Pts',(1.56640030133601,-1.97473681239299,7.18597927813498));
#2584=CARTESIAN_POINT('Ctrl Pts',(2.02374293742499,-1.50535472480882,7.21778990289237));
#2585=CARTESIAN_POINT('Ctrl Pts',(2.20656256174186,-1.22174881362476,7.23514000012171));
#2586=CARTESIAN_POINT('Ctrl Pts',(2.44179335557233,-0.620338443023972,7.26888327746344));
#2587=CARTESIAN_POINT('Ctrl Pts',(2.5,-0.311466071162677,7.2849610877356));
#2588=CARTESIAN_POINT('Ctrl Pts',(2.5,-1.02695629777827E-14,7.3));
#2589=CARTESIAN_POINT('Ctrl Pts',(2.37868878627456,-0.769311158148442,7.36042814709175));
#2590=CARTESIAN_POINT('Ctrl Pts',(2.31610588088787,-0.962815767667024,7.34983325993039));
#2591=CARTESIAN_POINT('Ctrl Pts',(2.23014770102734,-1.1479565008357,7.33917471095388));
#2592=CARTESIAN_POINT('Ctrl Pts',(2.01735136786171,-1.4899910166393,7.31840389695352));
#2593=CARTESIAN_POINT('Ctrl Pts',(1.89212435981684,-1.64609140626978,7.3084380176979));
#2594=CARTESIAN_POINT('Ctrl Pts',(1.5197054057665,-2.01101971951697,7.2831574736379));
#2595=CARTESIAN_POINT('Ctrl Pts',(1.24831870992652,-2.18983275237277,7.26647750414589));
#2596=CARTESIAN_POINT('Ctrl Pts',(0.641901132926926,-2.4391202682081,7.23221132305211));
#2597=CARTESIAN_POINT('Ctrl Pts',(0.311030754806407,-2.50290381679208,7.21507596966719));
#2598=CARTESIAN_POINT('Ctrl Pts',(-0.344506463492309,-2.49699751169926,
7.18330570670419));
#2599=CARTESIAN_POINT('Ctrl Pts',(-0.662885144672999,-2.4319182973902,7.16663143981647));
#2600=CARTESIAN_POINT('Ctrl Pts',(-1.26832379329924,-2.18008479310146,7.13236160579673));
#2601=CARTESIAN_POINT('Ctrl Pts',(-1.54768832774322,-1.99148116490736,7.11520345019571));
#2602=CARTESIAN_POINT('Ctrl Pts',(-2.00759482471313,-1.5242120546875,7.0834435717929));
#2603=CARTESIAN_POINT('Ctrl Pts',(-2.18698037658026,-1.25329088788399,7.06677462965093));
#2604=CARTESIAN_POINT('Ctrl Pts',(-2.43771381148354,-0.64732672082887,7.03250142274454));
#2605=CARTESIAN_POINT('Ctrl Pts',(-2.50225824565272,-0.316392556053332,
7.01532194891019));
#2606=CARTESIAN_POINT('Ctrl Pts',(-2.49770334132152,0.339288987632351,6.98357174531629));
#2607=CARTESIAN_POINT('Ctrl Pts',(-2.43330687070907,0.657737288339062,6.96690777177443));
#2608=CARTESIAN_POINT('Ctrl Pts',(-2.18272318677904,1.26382798825475,6.93263145034053));
#2609=CARTESIAN_POINT('Ctrl Pts',(-1.99457832924765,1.54373500297201,6.91543206101423));
#2610=CARTESIAN_POINT('Ctrl Pts',(-1.52810341270611,2.00462465986805,6.88369086647589));
#2611=CARTESIAN_POINT('Ctrl Pts',(-1.2575858113466,2.18450440508377,6.86703152633032));
#2612=CARTESIAN_POINT('Ctrl Pts',(-0.652015474498355,2.43648816504396,6.83275232872732));
#2613=CARTESIAN_POINT('Ctrl Pts',(-0.321026395459396,2.50169110331777,6.81553434762229));
#2614=CARTESIAN_POINT('Ctrl Pts',(0.334778846155481,2.49830454544714,6.78380153829324));
#2615=CARTESIAN_POINT('Ctrl Pts',(0.653286149952231,2.43449810649402,6.76714651646336));
#2616=CARTESIAN_POINT('Ctrl Pts',(1.25993920841019,2.18499545487597,6.73286466260332));
#2617=CARTESIAN_POINT('Ctrl Pts',(1.54031516017071,1.99724750189998,6.71562933692662));
#2618=CARTESIAN_POINT('Ctrl Pts',(2.00205353322494,1.53145936628549,6.68390432878168));
#2619=CARTESIAN_POINT('Ctrl Pts',(2.1823593573678,1.26129099669709,6.66725332945913));
#2620=CARTESIAN_POINT('Ctrl Pts',(2.43425681303402,0.658850570209799,6.63312698338286));
#2621=CARTESIAN_POINT('Ctrl Pts',(2.49999999797419,0.331013543365669,6.61598274775497));
#2622=CARTESIAN_POINT('Ctrl Pts',(2.5,1.53000982716645E-8,6.60000000073875));
#2623=CARTESIAN_POINT('Origin',(0.,-3.03576608295941E-15,-12.5));
#2624=CARTESIAN_POINT('',(2.5,3.76752420864264E-14,5.7));
#2625=CARTESIAN_POINT('',(2.50000000000001,-8.24459603443985E-10,5.79999999992038));
#2626=CARTESIAN_POINT('',(2.5,-3.34192778274625E-15,-12.5));
#2627=CARTESIAN_POINT('Ctrl Pts',(2.5,7.86924119555991E-14,5.7));
#2628=CARTESIAN_POINT('Ctrl Pts',(2.5,0.0428397991604447,5.70206848848285));
#2629=CARTESIAN_POINT('Ctrl Pts',(2.49889886551997,0.0857163188020579,5.70416077267705));
#2630=CARTESIAN_POINT('Ctrl Pts',(2.47957259646746,0.460960088966453,5.72266567004064));
#2631=CARTESIAN_POINT('Ctrl Pts',(2.39625658222078,0.786566888790365,5.74005367736829));
#2632=CARTESIAN_POINT('Ctrl Pts',(2.11237065470846,1.37501330595778,5.77414410233965));
#2633=CARTESIAN_POINT('Ctrl Pts',(1.91884403312012,1.63425079572064,5.79003503013775));
#2634=CARTESIAN_POINT('Ctrl Pts',(1.4353126580107,2.0738197288186,5.82217336887216));
#2635=CARTESIAN_POINT('Ctrl Pts',(1.14669833436108,2.2463083912226,5.83955867440924));
#2636=CARTESIAN_POINT('Ctrl Pts',(0.530492639830346,2.46401862398054,5.87366592196335));
#2637=CARTESIAN_POINT('Ctrl Pts',(0.210453016783628,2.51166949072121,5.88960503963844));
#2638=CARTESIAN_POINT('Ctrl Pts',(-0.442564690216056,2.48295561418762,5.92170980126328));
#2639=CARTESIAN_POINT('Ctrl Pts',(-0.769026591489067,2.40197775867729,5.93909233336652));
#2640=CARTESIAN_POINT('Ctrl Pts',(-1.35984200036671,2.12218737323636,5.97321523253476));
#2641=CARTESIAN_POINT('Ctrl Pts',(-1.62055352036306,1.93044473724258,5.9892009530861));
#2642=CARTESIAN_POINT('Ctrl Pts',(-2.06377096174153,1.44977867769455,6.02127391231233));
#2643=CARTESIAN_POINT('Ctrl Pts',(-2.2383833191785,1.16215968134677,6.03865363309666));
#2644=CARTESIAN_POINT('Ctrl Pts',(-2.46039792342245,0.547111437118182,6.07279108143614));
#2645=CARTESIAN_POINT('Ctrl Pts',(-2.51021751954501,0.227277800209391,6.08882170665537));
#2646=CARTESIAN_POINT('Ctrl Pts',(-2.48583763312143,-0.426253737904776,
6.12086459843892));
#2647=CARTESIAN_POINT('Ctrl Pts',(-2.40693693816347,-0.75345939991426,6.13824149927625));
#2648=CARTESIAN_POINT('Ctrl Pts',(-2.13078307262097,-1.34636230077703,6.17239246107577));
#2649=CARTESIAN_POINT('Ctrl Pts',(-1.94061881042693,-1.60837875213921,6.18846621001232));
#2650=CARTESIAN_POINT('Ctrl Pts',(-1.46249556978136,-2.05481277489394,6.22048072270846));
#2651=CARTESIAN_POINT('Ctrl Pts',(-1.17576809222798,-2.23129627464932,6.23785482000386));
#2652=CARTESIAN_POINT('Ctrl Pts',(-0.561754595771688,-2.45711176996347,
6.27201832412264));
#2653=CARTESIAN_POINT('Ctrl Pts',(-0.242102240557746,-2.50884554774284,
6.28813335879256));
#2654=CARTESIAN_POINT('Ctrl Pts',(0.411870765069407,-2.48828756005864,6.32012112853847));
#2655=CARTESIAN_POINT('Ctrl Pts',(0.739721041509479,-2.41122157997076,6.33749245981642));
#2656=CARTESIAN_POINT('Ctrl Pts',(1.33445460460627,-2.13827854259429,6.37166759724448));
#2657=CARTESIAN_POINT('Ctrl Pts',(1.5976202526104,-1.94950357687396,6.38782204554867));
#2658=CARTESIAN_POINT('Ctrl Pts',(2.04687650905368,-1.47362436152959,6.41978465179226));
#2659=CARTESIAN_POINT('Ctrl Pts',(2.22500077270797,-1.18768994250597,6.43715327211247));
#2660=CARTESIAN_POINT('Ctrl Pts',(2.44648047312615,-0.59513065918312,6.47019415928699));
#2661=CARTESIAN_POINT('Ctrl Pts',(2.5,-0.298666658604429,6.48557909804337));
#2662=CARTESIAN_POINT('Ctrl Pts',(2.5,3.35148575558719E-14,6.5));
#2663=CARTESIAN_POINT('Ctrl Pts',(2.5,1.53000928197997E-8,6.60000000073875));
#2664=CARTESIAN_POINT('Ctrl Pts',(2.50000000001849,-0.00302079849746206,
6.59985414294633));
#2665=CARTESIAN_POINT('Ctrl Pts',(2.49999452484778,-0.00604186632233838,
6.5997081633846));
#2666=CARTESIAN_POINT('Ctrl Pts',(2.49881687141801,-0.33088549939262,6.58399977222382));
#2667=CARTESIAN_POINT('Ctrl Pts',(2.43551965949284,-0.649442859490834,6.56735251800246));
#2668=CARTESIAN_POINT('Ctrl Pts',(2.18695069018586,-1.25658040560322,6.53306594465532));
#2669=CARTESIAN_POINT('Ctrl Pts',(1.99954561172413,-1.53736116564315,6.51579937937529));
#2670=CARTESIAN_POINT('Ctrl Pts',(1.5343505284229,-1.99983132893832,6.48408837052428));
#2671=CARTESIAN_POINT('Ctrl Pts',(1.26448391144179,-2.18050413229798,6.46744460152214));
#2672=CARTESIAN_POINT('Ctrl Pts',(0.659550364548304,-2.43449869483054,6.4331559348066));
#2673=CARTESIAN_POINT('Ctrl Pts',(0.328473454309543,-2.50076172536933,6.41587533587285));
#2674=CARTESIAN_POINT('Ctrl Pts',(-0.327528575171052,-2.49925365883546,
6.38417059461185));
#2675=CARTESIAN_POINT('Ctrl Pts',(-0.646128442492542,-2.43639542862334,
6.36753006759445));
#2676=CARTESIAN_POINT('Ctrl Pts',(-1.25368300703857,-2.18863186593087,6.33323946694843));
#2677=CARTESIAN_POINT('Ctrl Pts',(-1.53481280318789,-2.00152260905491,6.31594580449977));
#2678=CARTESIAN_POINT('Ctrl Pts',(-1.99791329606555,-1.53683901347889,6.28424688586918));
#2679=CARTESIAN_POINT('Ctrl Pts',(-2.17890190032065,-1.26723278217769,6.26760937338193));
#2680=CARTESIAN_POINT('Ctrl Pts',(-2.43369867810169,-0.662554465334302,
6.23331698595838));
#2681=CARTESIAN_POINT('Ctrl Pts',(-2.50038500618257,-0.331442683591564,
6.21601116856117));
#2682=CARTESIAN_POINT('Ctrl Pts',(-2.49962620897006,0.324637116863731,6.18431765757176));
#2683=CARTESIAN_POINT('Ctrl Pts',(-2.43714602934675,0.643273113517995,6.16768294708763));
#2684=CARTESIAN_POINT('Ctrl Pts',(-2.19007647046398,1.25118634151399,6.1333889087145));
#2685=CARTESIAN_POINT('Ctrl Pts',(-2.00322215818292,1.53261677890796,6.11607178647647));
#2686=CARTESIAN_POINT('Ctrl Pts',(-1.5389792374807,1.99625973128978,6.08438329632093));
#2687=CARTESIAN_POINT('Ctrl Pts',(-1.26959744146807,2.17751989151574,6.06775118940861));
#2688=CARTESIAN_POINT('Ctrl Pts',(-0.665139355524052,2.43300717931725,6.03345562547314));
#2689=CARTESIAN_POINT('Ctrl Pts',(-0.333997636251261,2.50005803281428,6.01612799312105));
#2690=CARTESIAN_POINT('Ctrl Pts',(0.322148768930191,2.49994409999165,5.98444416345877));
#2691=CARTESIAN_POINT('Ctrl Pts',(0.640815499643719,2.43778921897186,5.96781447497506));
#2692=CARTESIAN_POINT('Ctrl Pts',(1.24891190800701,2.19136780298524,5.93352455472931));
#2693=CARTESIAN_POINT('Ctrl Pts',(1.53059268870838,2.00479485709477,5.91619234459092));
#2694=CARTESIAN_POINT('Ctrl Pts',(1.99469848817299,1.54097578729286,5.88450695288601));
#2695=CARTESIAN_POINT('Ctrl Pts',(2.17623490711848,1.27181476499873,5.86788395094736));
#2696=CARTESIAN_POINT('Ctrl Pts',(2.43230409725986,0.667651708982443,5.83359099427014));
#2697=CARTESIAN_POINT('Ctrl Pts',(2.49972116173009,0.336598605801963,5.81625799514946));
#2698=CARTESIAN_POINT('Ctrl Pts',(2.49999971230242,0.00138492647273145,
5.80006687591942));
#2699=CARTESIAN_POINT('Ctrl Pts',(2.50000000000046,0.000692455923197566,
5.80003343472961));
#2700=CARTESIAN_POINT('Ctrl Pts',(2.5,-1.64889284257157E-9,5.79999999992038));
#2701=CARTESIAN_POINT('Origin',(0.,-3.03576608295941E-15,-12.5));
#2702=CARTESIAN_POINT('',(2.5,1.03973717715501E-13,4.90000000000001));
#2703=CARTESIAN_POINT('',(2.5,1.57510008445695E-14,5.));
#2704=CARTESIAN_POINT('',(2.5,-3.34192778274625E-15,-12.5));
#2705=CARTESIAN_POINT('Ctrl Pts',(2.5,2.11289363213748E-13,4.90000000000001));
#2706=CARTESIAN_POINT('Ctrl Pts',(2.5,0.0758249472126257,4.90366115231854));
#2707=CARTESIAN_POINT('Ctrl Pts',(2.49655048304858,0.151732211516612,4.90739526959693));
#2708=CARTESIAN_POINT('Ctrl Pts',(2.45946375253076,0.557607889320266,4.9277344155271));
#2709=CARTESIAN_POINT('Ctrl Pts',(2.36394084347986,0.878435827508912,4.94513581689939));
#2710=CARTESIAN_POINT('Ctrl Pts',(2.05862270068348,1.45417171969267,4.97904116774042));
#2711=CARTESIAN_POINT('Ctrl Pts',(1.85564225300766,1.70561505990836,4.99451396731576));
#2712=CARTESIAN_POINT('Ctrl Pts',(1.35709519841696,2.12563146370118,5.02698627660509));
#2713=CARTESIAN_POINT('Ctrl Pts',(1.06343360607821,2.28672287171286,5.04438734074477));
#2714=CARTESIAN_POINT('Ctrl Pts',(0.441312925687792,2.48149146617165,5.07832135631458));
#2715=CARTESIAN_POINT('Ctrl Pts',(0.12016137651589,2.51755913228029,5.0938469128573));
#2716=CARTESIAN_POINT('Ctrl Pts',(-0.529863768915239,2.46564060854118,5.12627127377175));
#2717=CARTESIAN_POINT('Ctrl Pts',(-0.852113066551246,2.37360850879134,5.14367148826311));
#2718=CARTESIAN_POINT('Ctrl Pts',(-1.43154401463771,2.0744297021308,5.1776324654629));
#2719=CARTESIAN_POINT('Ctrl Pts',(-1.68523440756099,1.87417851570444,5.19321134433285));
#2720=CARTESIAN_POINT('Ctrl Pts',(-2.11093198032847,1.37993579901777,5.22558944518278));
#2721=CARTESIAN_POINT('Ctrl Pts',(-2.2753369759573,1.08769109600304,5.24298836760636));
#2722=CARTESIAN_POINT('Ctrl Pts',(-2.47674959013939,0.467239781584658,5.27697465945122));
#2723=CARTESIAN_POINT('Ctrl Pts',(-2.51617675923901,0.1464128536132,5.29260702687732));
#2724=CARTESIAN_POINT('Ctrl Pts',(-2.47099670219358,-0.504523547592975,
5.32494061777891));
#2725=CARTESIAN_POINT('Ctrl Pts',(-2.38216235109203,-0.828036093494911,
5.34233787231922));
#2726=CARTESIAN_POINT('Ctrl Pts',(-2.08859958048899,-1.41080900854776,5.37634789323737));
#2727=CARTESIAN_POINT('Ctrl Pts',(-1.89082980867879,-1.66654458942786,5.39203355242359));
#2728=CARTESIAN_POINT('Ctrl Pts',(-1.40052262484399,-2.09738214213625,5.42432442853662));
#2729=CARTESIAN_POINT('Ctrl Pts',(-1.10959481146862,-2.26478394020149,5.44171970195237));
#2730=CARTESIAN_POINT('Ctrl Pts',(-0.490688378083672,-2.472223125867,5.47575193177204));
#2731=CARTESIAN_POINT('Ctrl Pts',(-0.170154015113298,-2.51469383489735,
5.49149036068255));
#2732=CARTESIAN_POINT('Ctrl Pts',(0.481577291884146,-2.47561311116175,5.52374034636479));
#2733=CARTESIAN_POINT('Ctrl Pts',(0.806205112992781,-2.38968214294578,5.54113338349799));
#2734=CARTESIAN_POINT('Ctrl Pts',(1.39197763562639,-2.10121277472304,5.57518637023459));
#2735=CARTESIAN_POINT('Ctrl Pts',(1.64955985203853,-1.9056813872002,5.59097676003003));
#2736=CARTESIAN_POINT('Ctrl Pts',(2.08501272021747,-1.41894158379248,5.62318769408828));
#2737=CARTESIAN_POINT('Ctrl Pts',(2.2551040963747,-1.12922464073535,5.64057829307498));
#2738=CARTESIAN_POINT('Ctrl Pts',(2.45397473853014,-0.552324162061559,5.67241092511317));
#2739=CARTESIAN_POINT('Ctrl Pts',(2.5,-0.276973564961123,5.68662653326103));
#2740=CARTESIAN_POINT('Ctrl Pts',(2.5,7.35522753814166E-14,5.7));
#2741=CARTESIAN_POINT('Ctrl Pts',(2.5,-1.64889497888954E-9,5.79999999992038));
#2742=CARTESIAN_POINT('Ctrl Pts',(2.49999999978837,-0.320882373553331,5.78450642843259));
#2743=CARTESIAN_POINT('Ctrl Pts',(2.43821943531236,-0.638859051364232,5.76791754498128));
#2744=CARTESIAN_POINT('Ctrl Pts',(2.19268246162299,-1.2465925232439,5.7336628377051));
#2745=CARTESIAN_POINT('Ctrl Pts',(2.00643030525964,-1.52844008226759,5.7163289905875));
#2746=CARTESIAN_POINT('Ctrl Pts',(1.54316524635004,-1.99299977475845,5.68463276320644));
#2747=CARTESIAN_POINT('Ctrl Pts',(1.27423437088911,-2.17481380919666,5.66802920181292));
#2748=CARTESIAN_POINT('Ctrl Pts',(0.670429437532544,-2.43153447616506,5.63374050729081));
#2749=CARTESIAN_POINT('Ctrl Pts',(0.339494266259461,-2.49932419020521,5.61640574943493));
#2750=CARTESIAN_POINT('Ctrl Pts',(-0.316536992367781,-2.50063982475971,
5.58470344550547));
#2751=CARTESIAN_POINT('Ctrl Pts',(-0.635280623979023,-2.43924048953133,
5.56811074782417));
#2752=CARTESIAN_POINT('Ctrl Pts',(-1.24388037705769,-2.19421564199882,5.53382445531473));
#2753=CARTESIAN_POINT('Ctrl Pts',(-1.52592238538356,-2.00833852493812,5.51648872014034));
#2754=CARTESIAN_POINT('Ctrl Pts',(-1.99101202771542,-1.54572104880254,5.48477985617289));
#2755=CARTESIAN_POINT('Ctrl Pts',(-2.17315033352665,-1.27705898008142,5.46819885552273));
#2756=CARTESIAN_POINT('Ctrl Pts',(-2.43063154000193,-0.673672723599224,
5.43391516571825));
#2757=CARTESIAN_POINT('Ctrl Pts',(-2.49885628417082,-0.342875805544247,
5.41657838271568));
#2758=CARTESIAN_POINT('Ctrl Pts',(-2.50107155291319,0.31306529611627,5.3848624392659));
#2759=CARTESIAN_POINT('Ctrl Pts',(-2.44012526946231,0.631851305890419,5.36829402554758));
#2760=CARTESIAN_POINT('Ctrl Pts',(-2.19600121504575,1.24071187238854,5.33401315571457));
#2761=CARTESIAN_POINT('Ctrl Pts',(-2.0105621446996,1.52298027105053,5.31667525038206));
#2762=CARTESIAN_POINT('Ctrl Pts',(-1.54870088688682,1.98868794025083,5.28495166980411));
#2763=CARTESIAN_POINT('Ctrl Pts',(-1.2803524308359,2.17120459945522,5.26839679207373));
#2764=CARTESIAN_POINT('Ctrl Pts',(-0.677455177358427,2.42957260805623,5.23411897738045));
#2765=CARTESIAN_POINT('Ctrl Pts',(-0.346820252585584,2.49830459767747,5.21677987119641));
#2766=CARTESIAN_POINT('Ctrl Pts',(0.309014945156849,2.50156916193935,5.18504805532974));
#2767=CARTESIAN_POINT('Ctrl Pts',(0.627850392034168,2.44115114435522,5.16850772425531));
#2768=CARTESIAN_POINT('Ctrl Pts',(1.23701419365993,2.19807740301099,5.13423321919659));
#2769=CARTESIAN_POINT('Ctrl Pts',(1.51954573508332,2.01314940404227,5.11689282963517));
#2770=CARTESIAN_POINT('Ctrl Pts',(1.98597316286216,1.55217021613873,5.08515213743697));
#2771=CARTESIAN_POINT('Ctrl Pts',(2.16893071410512,1.28418717446044,5.06862742758207));
#2772=CARTESIAN_POINT('Ctrl Pts',(2.42833131327843,0.681860426209639,5.03435650750646));
#2773=CARTESIAN_POINT('Ctrl Pts',(2.49765392627445,0.351415195737621,5.017014748106));
#2774=CARTESIAN_POINT('Ctrl Pts',(2.49998049760562,0.0114033084258812,5.00055099048506));
#2775=CARTESIAN_POINT('Ctrl Pts',(2.5,0.00570122775398609,5.00027527962732));
#2776=CARTESIAN_POINT('Ctrl Pts',(2.5,3.48439294718853E-14,5.));
#2777=CARTESIAN_POINT('Origin',(0.,-3.03576608295941E-15,-12.5));
#2778=CARTESIAN_POINT('',(2.5,2.59805283156972E-14,4.1));
#2779=CARTESIAN_POINT('',(2.5,-8.7486356733585E-15,4.2));
#2780=CARTESIAN_POINT('',(2.5,-3.34192778274625E-15,-12.5));
#2781=CARTESIAN_POINT('Ctrl Pts',(2.5,3.56659146660832E-14,4.1));
#2782=CARTESIAN_POINT('Ctrl Pts',(2.5,0.121607303556976,4.10587172003062));
#2783=CARTESIAN_POINT('Ctrl Pts',(2.49112777324425,0.243307034186614,4.11192534737023));
#2784=CARTESIAN_POINT('Ctrl Pts',(2.42531824759444,0.690309271165555,4.13482471514174));
#2785=CARTESIAN_POINT('Ctrl Pts',(2.31324815708199,1.0037767309595,4.15220166480794));
#2786=CARTESIAN_POINT('Ctrl Pts',(1.97866375204504,1.56129163181001,4.18581255360585));
#2787=CARTESIAN_POINT('Ctrl Pts',(1.76241256398074,1.80184447431629,4.20094008319719));
#2788=CARTESIAN_POINT('Ctrl Pts',(1.24333353607927,2.19385056119709,4.23384355751687));
#2789=CARTESIAN_POINT('Ctrl Pts',(0.943273801332378,2.33860657942837,4.25122684350445));
#2790=CARTESIAN_POINT('Ctrl Pts',(0.313490885303702,2.50088021818009,4.28488092542403));
#2791=CARTESIAN_POINT('Ctrl Pts',(-0.00928219155150831,2.52043474612938,
4.3000394889321));
#2792=CARTESIAN_POINT('Ctrl Pts',(-0.654306406412838,2.43534421961058,4.33288582361402));
#2793=CARTESIAN_POINT('Ctrl Pts',(-0.9698637691274,2.32773895361754,4.35027438622933));
#2794=CARTESIAN_POINT('Ctrl Pts',(-1.53241478851736,2.00108283895325,4.38396987453337));
#2795=CARTESIAN_POINT('Ctrl Pts',(-1.77594907581764,1.78847159691246,4.3991639338127));
#2796=CARTESIAN_POINT('Ctrl Pts',(-2.17569862203714,1.27495487275467,4.43195370553643));
#2797=CARTESIAN_POINT('Ctrl Pts',(-2.32496795613799,0.976566885738166,4.44934653872053));
#2798=CARTESIAN_POINT('Ctrl Pts',(-2.49618120409708,0.348809562590595,4.48308160854815));
#2799=CARTESIAN_POINT('Ctrl Pts',(-2.52029444852282,0.0264883370861129,
4.49831514097683));
#2800=CARTESIAN_POINT('Ctrl Pts',(-2.44436533651837,-0.620003672672295,
4.53104911877541));
#2801=CARTESIAN_POINT('Ctrl Pts',(-2.34103110116864,-0.937487476196625,
4.54844527756845));
#2802=CARTESIAN_POINT('Ctrl Pts',(-2.02193562441639,-1.50477148935435,4.58221808226915));
#2803=CARTESIAN_POINT('Ctrl Pts',(-1.81276364698646,-1.75112664444289,4.59749456125027));
#2804=CARTESIAN_POINT('Ctrl Pts',(-1.30455191240562,-2.15815162357577,4.63017369407657));
#2805=CARTESIAN_POINT('Ctrl Pts',(-1.00780192221509,-2.31166408884015,4.6475723004009));
#2806=CARTESIAN_POINT('Ctrl Pts',(-0.382011619408787,-2.49130697468052,
4.68138098684244));
#2807=CARTESIAN_POINT('Ctrl Pts',(-0.0601124374558142,-2.51970710340394,
4.6967033726965));
#2808=CARTESIAN_POINT('Ctrl Pts',(0.587698986501062,-2.45239211071677,4.72932877506178));
#2809=CARTESIAN_POINT('Ctrl Pts',(0.906939801056005,-2.35309527635226,4.7467290218323));
#2810=CARTESIAN_POINT('Ctrl Pts',(1.47862455735297,-2.04112823612087,4.78057174447802));
#2811=CARTESIAN_POINT('Ctrl Pts',(1.72762046299919,-1.83517161743325,4.79594248509824));
#2812=CARTESIAN_POINT('Ctrl Pts',(2.14140958476368,-1.33196108878773,4.82851542119323));
#2813=CARTESIAN_POINT('Ctrl Pts',(2.2988681062065,-1.03679285228588,4.84591657481698));
#2814=CARTESIAN_POINT('Ctrl Pts',(2.46447853996145,-0.485744385098016,4.87583575715227));
#2815=CARTESIAN_POINT('Ctrl Pts',(2.5,-0.24333035810939,4.88825097098629));
#2816=CARTESIAN_POINT('Ctrl Pts',(2.5,2.1163626406917E-13,4.90000000000001));
#2817=CARTESIAN_POINT('Ctrl Pts',(2.5,3.10862446895044E-14,5.));
#2818=CARTESIAN_POINT('Ctrl Pts',(2.5,-0.315609953524022,4.98476100339565));
#2819=CARTESIAN_POINT('Ctrl Pts',(2.44023368650022,-0.628491491659758,4.96845842007));
#2820=CARTESIAN_POINT('Ctrl Pts',(2.2004870054574,-1.23270437169441,4.93448950785834));
#2821=CARTESIAN_POINT('Ctrl Pts',(2.01615450338265,-1.51554118605366,4.91714628835356));
#2822=CARTESIAN_POINT('Ctrl Pts',(1.55620281245073,-1.98280551806657,4.88538573678374));
#2823=CARTESIAN_POINT('Ctrl Pts',(1.28864490324549,-2.16627607478448,4.8688957585543));
#2824=CARTESIAN_POINT('Ctrl Pts',(0.686982880403319,-2.42687707753661,4.83463292618905));
#2825=CARTESIAN_POINT('Ctrl Pts',(0.356759620987907,-2.4968862795354,4.81728815271923));
#2826=CARTESIAN_POINT('Ctrl Pts',(-0.298805180987777,-2.50279446662511,
4.78551652025856));
#2827=CARTESIAN_POINT('Ctrl Pts',(-0.617765229676516,-2.44370665131711,
4.76904578910941));
#2828=CARTESIAN_POINT('Ctrl Pts',(-1.22768841008223,-2.20327750005705,4.73478750980138));
#2829=CARTESIAN_POINT('Ctrl Pts',(-1.51087857974907,-2.01963781875542,4.71744108520854));
#2830=CARTESIAN_POINT('Ctrl Pts',(-1.97911423080033,-1.56088117490973,4.68565753514854));
#2831=CARTESIAN_POINT('Ctrl Pts',(-2.16318067318301,-1.29381701200344,4.66920739808851));
#2832=CARTESIAN_POINT('Ctrl Pts',(-2.42517454581753,-0.692928320804832,
4.63495404808046));
#2833=CARTESIAN_POINT('Ctrl Pts',(-2.49598038713742,-0.36296457630202,4.61760587231265));
#2834=CARTESIAN_POINT('Ctrl Pts',(-2.50353864623996,0.292428851392752,4.58580951309398));
#2835=CARTESIAN_POINT('Ctrl Pts',(-2.44528059003838,0.611466712940991,4.56938138717435));
#2836=CARTESIAN_POINT('Ctrl Pts',(-2.20650095517925,1.22186054989055,4.53513337288611));
#2837=CARTESIAN_POINT('Ctrl Pts',(-2.02366590725509,1.50545866684834,4.51778334352317));
#2838=CARTESIAN_POINT('Ctrl Pts',(-1.56629668153984,1.97481922480766,4.4859732265155));
#2839=CARTESIAN_POINT('Ctrl Pts',(-1.29980479167666,2.15957644148275,4.46956859830043));
#2840=CARTESIAN_POINT('Ctrl Pts',(-0.699814194979525,2.42318299309921,4.43532635855125));
#2841=CARTESIAN_POINT('Ctrl Pts',(-0.370153545716276,2.49491113666894,4.41797437147121));
#2842=CARTESIAN_POINT('Ctrl Pts',(0.285038852505741,2.50438089134268,4.38614948890271));
#2843=CARTESIAN_POINT('Ctrl Pts',(0.604166898569325,2.4470835732832,4.36976991305642));
#2844=CARTESIAN_POINT('Ctrl Pts',(1.21510277752406,2.21021367553742,4.33553392140725));
#2845=CARTESIAN_POINT('Ctrl Pts',(1.49917044845442,2.02831120965486,4.31817987161377));
#2846=CARTESIAN_POINT('Ctrl Pts',(1.96983055604648,1.57254937909038,4.28633915470214));
#2847=CARTESIAN_POINT('Ctrl Pts',(2.1553866981869,1.30671922494016,4.26998625153757));
#2848=CARTESIAN_POINT('Ctrl Pts',(2.42085572798132,0.707769474958842,4.23575701874999));
#2849=CARTESIAN_POINT('Ctrl Pts',(2.49364894734049,0.378462382396782,4.21840080138182));
#2850=CARTESIAN_POINT('Ctrl Pts',(2.49986764832263,0.02970976143647,4.20143716121347));
#2851=CARTESIAN_POINT('Ctrl Pts',(2.5,0.0148521538196684,4.20071712542364));
#2852=CARTESIAN_POINT('Ctrl Pts',(2.5,-9.56499846320533E-15,4.2));
#2853=CARTESIAN_POINT('Origin',(0.,-3.03576608295941E-15,-12.5));
#2854=CARTESIAN_POINT('',(2.5,-8.55781609100105E-15,3.3));
#2855=CARTESIAN_POINT('',(2.5,1.57510008445695E-14,3.4));
#2856=CARTESIAN_POINT('',(2.5,-3.34192778274625E-15,-12.5));
#2857=CARTESIAN_POINT('Ctrl Pts',(2.5,-5.96744875736022E-15,3.3));
#2858=CARTESIAN_POINT('Ctrl Pts',(2.5,0.175279614594226,3.30846324845522));
#2859=CARTESIAN_POINT('Ctrl Pts',(2.48156864792006,0.350459385876092,3.31729030309048));
#2860=CARTESIAN_POINT('Ctrl Pts',(2.37626651634352,0.843022438973126,3.34317939378422));
#2861=CARTESIAN_POINT('Ctrl Pts',(2.24546411151838,1.14683184336345,3.36046465756984));
#2862=CARTESIAN_POINT('Ctrl Pts',(1.87726574405201,1.68214835153725,3.39367599240307));
#2863=CARTESIAN_POINT('Ctrl Pts',(1.6451684473837,1.90975658500892,3.40875937213896));
#2864=CARTESIAN_POINT('Ctrl Pts',(1.10254922992563,2.26757281123677,3.44211567014335));
#2865=CARTESIAN_POINT('Ctrl Pts',(0.795975957624822,2.39247252491538,3.45941633145391));
#2866=CARTESIAN_POINT('Ctrl Pts',(0.158057741132667,2.51566930851248,3.49268168332466));
#2867=CARTESIAN_POINT('Ctrl Pts',(-0.166739182239953,2.51510880625091,3.50774870377786));
#2868=CARTESIAN_POINT('Ctrl Pts',(-0.804484656556605,2.38966071318068,3.54105074110801));
#2869=CARTESIAN_POINT('Ctrl Pts',(-1.11085467371002,2.26355368919336,3.55836573459808));
#2870=CARTESIAN_POINT('Ctrl Pts',(-1.65190675664456,1.90384265411096,3.59168426083115));
#2871=CARTESIAN_POINT('Ctrl Pts',(-1.882834674852,1.67581221354232,3.60674132201858));
#2872=CARTESIAN_POINT('Ctrl Pts',(-2.24949717627227,1.13912650754572,3.63998805024996));
#2873=CARTESIAN_POINT('Ctrl Pts',(-2.37951971006241,0.834104602654715,3.65731626131793));
#2874=CARTESIAN_POINT('Ctrl Pts',(-2.51276635969946,0.198167978410231,3.69068693077189));
#2875=CARTESIAN_POINT('Ctrl Pts',(-2.51741219018785,-0.126101616472575,
3.70574048085077));
#2876=CARTESIAN_POINT('Ctrl Pts',(-2.40239102148415,-0.765856811900731,
3.73893101761287));
#2877=CARTESIAN_POINT('Ctrl Pts',(-2.28101202797202,-1.07470901522726,3.75627130104391));
#2878=CARTESIAN_POINT('Ctrl Pts',(-1.92980237265345,-1.62141756897379,3.78969291825268));
#2879=CARTESIAN_POINT('Ctrl Pts',(-1.70580052648067,-1.85563392641326,3.80474934321363));
#2880=CARTESIAN_POINT('Ctrl Pts',(-1.17506632376445,-2.23101099780506,3.83788299884572));
#2881=CARTESIAN_POINT('Ctrl Pts',(-0.871663476990076,-2.36609130429896,
3.85523419032651));
#2882=CARTESIAN_POINT('Ctrl Pts',(-0.237762026596776,-2.50927928557634,
3.88870541952701));
#2883=CARTESIAN_POINT('Ctrl Pts',(0.0859901860024649,-2.51905133196502,
3.90377094682629));
#2884=CARTESIAN_POINT('Ctrl Pts',(0.727638320257345,-2.41431225701937,3.93684724088499));
#2885=CARTESIAN_POINT('Ctrl Pts',(1.0388645488813,-2.29763232006954,3.95420817126619));
#2886=CARTESIAN_POINT('Ctrl Pts',(1.59108123782535,-1.95483229934984,3.98772755207693));
#2887=CARTESIAN_POINT('Ctrl Pts',(1.82851772786199,-1.73477152572274,4.0028081756569));
#2888=CARTESIAN_POINT('Ctrl Pts',(2.21237358214139,-1.20993085805081,4.03582684190206));
#2889=CARTESIAN_POINT('Ctrl Pts',(2.35238391690214,-0.908190725335054,4.05319635101157));
#2890=CARTESIAN_POINT('Ctrl Pts',(2.47655873429035,-0.395054517837121,4.08045625518906));
#2891=CARTESIAN_POINT('Ctrl Pts',(2.5,-0.197672155415633,4.09045554402984));
#2892=CARTESIAN_POINT('Ctrl Pts',(2.5,3.53536644404073E-14,4.1));
#2893=CARTESIAN_POINT('Ctrl Pts',(2.5,-1.02695629777827E-14,4.2));
#2894=CARTESIAN_POINT('Ctrl Pts',(2.5,-0.306015250072004,4.18522427665967));
#2895=CARTESIAN_POINT('Ctrl Pts',(2.44381350521024,-0.609607914157494,4.16944179622246));
#2896=CARTESIAN_POINT('Ctrl Pts',(2.21447548664126,-1.20728471353477,4.13599664715163));
#2897=CARTESIAN_POINT('Ctrl Pts',(2.03365133661708,-1.49189096520449,4.1186381586968));
#2898=CARTESIAN_POINT('Ctrl Pts',(1.5797472606683,-1.96404807964973,4.08676231499254));
#2899=CARTESIAN_POINT('Ctrl Pts',(1.31468022363292,-2.1505257736949,4.0704678610477));
#2900=CARTESIAN_POINT('Ctrl Pts',(0.716933894975433,-2.41813953174453,4.03625384001664));
#2901=CARTESIAN_POINT('Ctrl Pts',(0.388038612681109,-2.49215909375889,4.01889297975404));
#2902=CARTESIAN_POINT('Ctrl Pts',(-0.266642074932258,-2.50638334074984,
3.98699771491302));
#2903=CARTESIAN_POINT('Ctrl Pts',(-0.585994672355915,-2.45147352423385,
3.97073514477511));
#2904=CARTESIAN_POINT('Ctrl Pts',(-1.1982640569114,-2.21934855118805,3.9365296642738));
#2905=CARTESIAN_POINT('Ctrl Pts',(-1.48348558094006,-2.03976780736444,3.91916633596552));
#2906=CARTESIAN_POINT('Ctrl Pts',(-1.95736147697361,-1.58800485963754,3.88725032470926));
#2907=CARTESIAN_POINT('Ctrl Pts',(-2.14489892241705,-1.32381511980942,3.87102146987807));
#2908=CARTESIAN_POINT('Ctrl Pts',(-2.41497419125129,-0.727456353994249,
3.83682521609196));
#2909=CARTESIAN_POINT('Ctrl Pts',(-2.49040100938676,-0.399039886873847,
3.81945932994868));
#2910=CARTESIAN_POINT('Ctrl Pts',(-2.50754919930221,0.255317802782018,3.78752118197016));
#2911=CARTESIAN_POINT('Ctrl Pts',(-2.45410620053196,0.574808685930055,3.77132790550383));
#2912=CARTESIAN_POINT('Ctrl Pts',(-2.22489560498952,1.18788779686228,3.73714161550458));
#2913=CARTESIAN_POINT('Ctrl Pts',(-2.04674409923988,1.4738089589252,3.71977309044515));
#2914=CARTESIAN_POINT('Ctrl Pts',(-1.59744097026038,1.94965080232794,3.68781135122781));
#2915=CARTESIAN_POINT('Ctrl Pts',(-1.33425620214251,2.13840265863288,3.67165553520524));
#2916=CARTESIAN_POINT('Ctrl Pts',(-0.739492242489839,2.41129220962131,3.63747999982938));
#2917=CARTESIAN_POINT('Ctrl Pts',(-0.411631323718608,2.4883276217782,3.62010876605285));
#2918=CARTESIAN_POINT('Ctrl Pts',(0.242348939428375,2.50882198141063,3.58812191844393));
#2919=CARTESIAN_POINT('Ctrl Pts',(0.561998279327504,2.45705632163611,3.57200544907311));
#2920=CARTESIAN_POINT('Ctrl Pts',(1.17599443687252,2.23117750745883,3.53784151577376));
#2921=CARTESIAN_POINT('Ctrl Pts',(1.46270696265839,2.0546628699399,3.52046751765829));
#2922=CARTESIAN_POINT('Ctrl Pts',(1.94078774195752,1.60817530311556,3.48845398429592));
#2923=CARTESIAN_POINT('Ctrl Pts',(2.13092568497464,1.34613708610362,3.47237873450224));
#2924=CARTESIAN_POINT('Ctrl Pts',(2.40701880973898,0.753199445314723,3.43822731012628));
#2925=CARTESIAN_POINT('Ctrl Pts',(2.48588480231532,0.425981483799841,3.42085050946392));
#2926=CARTESIAN_POINT('Ctrl Pts',(2.49942498547273,0.0619360218600442,3.40300203597007));
#2927=CARTESIAN_POINT('Ctrl Pts',(2.5,0.0309574572663549,3.40149475826378));
#2928=CARTESIAN_POINT('Ctrl Pts',(2.5,3.48439294718853E-14,3.4));
#2929=CARTESIAN_POINT('Origin',(0.,-3.03576608295941E-15,-12.5));
#2930=CARTESIAN_POINT('',(2.5,-9.4921709171727E-14,2.49999999999999));
#2931=CARTESIAN_POINT('',(2.5,5.99143987119762E-14,2.60000000000001));
#2932=CARTESIAN_POINT('',(2.5,-3.34192778274625E-15,-12.5));
#2933=CARTESIAN_POINT('Ctrl Pts',(2.5,-1.87558302222612E-13,2.49999999999999));
#2934=CARTESIAN_POINT('Ctrl Pts',(2.50000000000002,0.227193781612589,2.51096988617712));
#2935=CARTESIAN_POINT('Ctrl Pts',(2.46903394965786,0.453756171220544,2.52252860705826));
#2936=CARTESIAN_POINT('Ctrl Pts',(2.31988023259033,0.98701350745529,2.55125962326707));
#2937=CARTESIAN_POINT('Ctrl Pts',(2.17172844539277,1.28048865176394,2.56839289248321));
#2938=CARTESIAN_POINT('Ctrl Pts',(1.77170727834177,1.79348521459954,2.6011629810132));
#2939=CARTESIAN_POINT('Ctrl Pts',(1.5239258584677,2.00827979677979,2.61658394642433));
#2940=CARTESIAN_POINT('Ctrl Pts',(0.95917596499847,2.33155963982344,2.65031808032844));
#2941=CARTESIAN_POINT('Ctrl Pts',(0.64741420239915,2.43660787926503,2.66747223462721));
#2942=CARTESIAN_POINT('Ctrl Pts',(0.00254255245633606,2.52096796036164,
2.70029659391478));
#2943=CARTESIAN_POINT('Ctrl Pts',(-0.324310305299272,2.50002193571835,2.71565864803506));
#2944=CARTESIAN_POINT('Ctrl Pts',(-0.953346057391337,2.33398228950227,2.74935197383775));
#2945=CARTESIAN_POINT('Ctrl Pts',(-1.24934834824401,2.1898592334243,2.76652668986071));
#2946=CARTESIAN_POINT('Ctrl Pts',(-1.76769681244255,1.79730048001642,2.79940594277493));
#2947=CARTESIAN_POINT('Ctrl Pts',(-1.98555276954919,1.55326155429256,2.81471295318528));
#2948=CARTESIAN_POINT('Ctrl Pts',(-2.31713153781511,0.993680293208297,2.84836350194578));
#2949=CARTESIAN_POINT('Ctrl Pts',(-2.42692496117726,0.683041364775255,2.86555834469351));
#2950=CARTESIAN_POINT('Ctrl Pts',(-2.52056029740894,0.0397286653317161,
2.89849293629501));
#2951=CARTESIAN_POINT('Ctrl Pts',(-2.50452489029091,-0.286631084040475,
2.91374927520395));
#2952=CARTESIAN_POINT('Ctrl Pts',(-2.34822099182984,-0.917887724876862,
2.94735512004608));
#2953=CARTESIAN_POINT('Ctrl Pts',(-2.20835947656708,-1.21647759053454,2.96456954441649));
#2954=CARTESIAN_POINT('Ctrl Pts',(-1.82364365397407,-1.74037228197,2.99755973425472));
#2955=CARTESIAN_POINT('Ctrl Pts',(-1.58349467134648,-1.961406614901,3.01277024606782));
#2956=CARTESIAN_POINT('Ctrl Pts',(-1.02936095132846,-2.30157326927089,3.04632952199993));
#2957=CARTESIAN_POINT('Ctrl Pts',(-0.719965732380058,-2.41629485231042,
3.0635628763351));
#2958=CARTESIAN_POINT('Ctrl Pts',(-0.0783399508471062,-2.51956602644998,
3.09660873309279));
#2959=CARTESIAN_POINT('Ctrl Pts',(0.247508173238995,-2.50860302104189,3.1117786913518));
#2960=CARTESIAN_POINT('Ctrl Pts',(0.880977202141095,-2.36238632966114,3.14528961559779));
#2961=CARTESIAN_POINT('Ctrl Pts',(1.18218132932163,-2.22698083603653,3.16254114724793));
#2962=CARTESIAN_POINT('Ctrl Pts',(1.71175485730028,-1.85041449554401,3.19564254592818));
#2963=CARTESIAN_POINT('Ctrl Pts',(1.93605205899824,-1.61426151815114,3.21077760017323));
#2964=CARTESIAN_POINT('Ctrl Pts',(2.28499970129028,-1.06580259190276,3.24423849258214));
#2965=CARTESIAN_POINT('Ctrl Pts',(2.40477728673512,-0.757766232437965,3.26150735542551));
#2966=CARTESIAN_POINT('Ctrl Pts',(2.48727384261308,-0.291335020188712,3.2856785777136));
#2967=CARTESIAN_POINT('Ctrl Pts',(2.5,-0.145645423363993,3.29296761687234));
#2968=CARTESIAN_POINT('Ctrl Pts',(2.5,-9.64506252643105E-15,3.3));
#2969=CARTESIAN_POINT('Ctrl Pts',(2.5,3.01147995429574E-14,3.4));
#2970=CARTESIAN_POINT('Ctrl Pts',(2.5,-0.289247662449815,3.38603388740858));
#2971=CARTESIAN_POINT('Ctrl Pts',(2.4498039189825,-0.57655690339647,3.3711574484665));
#2972=CARTESIAN_POINT('Ctrl Pts',(2.23825002953712,-1.16241749519238,3.33863851895012));
#2973=CARTESIAN_POINT('Ctrl Pts',(2.06360224006457,-1.45001973672556,3.32125889851911));
#2974=CARTESIAN_POINT('Ctrl Pts',(1.62032390714703,-1.93063780505992,3.28918703868287));
#2975=CARTESIAN_POINT('Ctrl Pts',(1.35958773148519,-2.12235061072725,3.27319969059726));
#2976=CARTESIAN_POINT('Ctrl Pts',(0.768732795777917,-2.40207238060316,3.23907625521615));
#2977=CARTESIAN_POINT('Ctrl Pts',(0.442256726070514,-2.48301105197883,3.22169382268308));
#2978=CARTESIAN_POINT('Ctrl Pts',(-0.210770812836376,-2.51164309965518,
3.18959022290891));
#2979=CARTESIAN_POINT('Ctrl Pts',(-0.530806542386029,-2.463951303846,3.17364941900448));
#2980=CARTESIAN_POINT('Ctrl Pts',(-1.14699053947682,-2.24615985848056,3.13954159484329));
#2981=CARTESIAN_POINT('Ctrl Pts',(-1.43558622450843,-2.07363108198595,3.12215638697648));
#2982=CARTESIAN_POINT('Ctrl Pts',(-1.91906367913106,-1.63399325302167,3.09001927383616));
#2983=CARTESIAN_POINT('Ctrl Pts',(-2.1125566743785,-1.37472798826355,3.07412660558927));
#2984=CARTESIAN_POINT('Ctrl Pts',(-2.3963655509138,-0.786236825986745,3.04003556115246));
#2985=CARTESIAN_POINT('Ctrl Pts',(-2.47963758936366,-0.460613767726903,
3.02264764831401));
#2986=CARTESIAN_POINT('Ctrl Pts',(-2.51314737151458,0.191818906605661,2.99047521645281));
#2987=CARTESIAN_POINT('Ctrl Pts',(-2.46789416738459,0.512087032253056,2.97463213418012));
#2988=CARTESIAN_POINT('Ctrl Pts',(-2.25493989137807,1.12955396511846,2.94055910778718));
#2989=CARTESIAN_POINT('Ctrl Pts',(-2.08480336128095,1.4192503438348,2.92316859865589));
#2990=CARTESIAN_POINT('Ctrl Pts',(-1.6492729869481,1.9059299671103,2.89095902022838));
#2991=CARTESIAN_POINT('Ctrl Pts',(-1.39165967528797,2.10142367969548,2.8751667996519));
#2992=CARTESIAN_POINT('Ctrl Pts',(-0.805836791234025,2.38980709991062,2.84111310021096));
#2993=CARTESIAN_POINT('Ctrl Pts',(-0.481190398073876,2.47568905158294,2.82372014667066));
#2994=CARTESIAN_POINT('Ctrl Pts',(0.170554067188356,2.51466695077539,2.79147158214206));
#2995=CARTESIAN_POINT('Ctrl Pts',(0.491083507861536,2.47214490820175,2.77573128886534));
#2996=CARTESIAN_POINT('Ctrl Pts',(1.10996361905419,2.26460402068948,2.74169829595661));
#2997=CARTESIAN_POINT('Ctrl Pts',(1.40086895126005,2.09715172451029,2.72430309806547));
#2998=CARTESIAN_POINT('Ctrl Pts',(1.89110946584194,1.66622753894183,2.69201370837153));
#2999=CARTESIAN_POINT('Ctrl Pts',(2.08883731224865,1.41045738533578,2.67632616073162));
#3000=CARTESIAN_POINT('Ctrl Pts',(2.38230491951204,0.827628153716363,2.64231532387589));
#3001=CARTESIAN_POINT('Ctrl Pts',(2.47108505147586,0.504094505574675,2.62491813481206));
#3002=CARTESIAN_POINT('Ctrl Pts',(2.49801417935618,0.115119245293128,2.60559816527846));
#3003=CARTESIAN_POINT('Ctrl Pts',(2.5,0.0575306786769925,2.60277782689429));
#3004=CARTESIAN_POINT('Ctrl Pts',(2.5,1.23170725206699E-13,2.60000000000001));
#3005=CARTESIAN_POINT('Origin',(0.,-3.03576608295941E-15,-12.5));
#3006=CARTESIAN_POINT('',(2.5,-9.4921709171727E-14,1.69999999999999));
#3007=CARTESIAN_POINT('',(2.5,8.18733326118376E-14,1.80000000000001));
#3008=CARTESIAN_POINT('',(2.5,-3.34192778274625E-15,-12.5));
#3009=CARTESIAN_POINT('Ctrl Pts',(2.5,-1.90472637662253E-13,1.69999999999999));
#3010=CARTESIAN_POINT('Ctrl Pts',(2.50000000000002,0.268978269408198,1.71298741971978));
#3011=CARTESIAN_POINT('Ctrl Pts',(2.45659433207397,0.536569086859016,1.7267759606914));
#3012=CARTESIAN_POINT('Ctrl Pts',(2.26837660570957,1.09976867306372,1.75773399680546));
#3013=CARTESIAN_POINT('Ctrl Pts',(2.10685961058068,1.38426570067259,1.7747010683582));
#3014=CARTESIAN_POINT('Ctrl Pts',(1.68169968350212,1.87868286483007,1.80707683936336));
#3015=CARTESIAN_POINT('Ctrl Pts',(1.42100362351029,2.08286558194881,1.82304518723776));
#3016=CARTESIAN_POINT('Ctrl Pts',(0.838974794112467,2.37723661812495,1.85703544583378));
#3017=CARTESIAN_POINT('Ctrl Pts',(0.523892715170755,2.46590620850096,1.87402234620613));
#3018=CARTESIAN_POINT('Ctrl Pts',(-0.125877670091431,2.5182281209519,1.90644247398572));
#3019=CARTESIAN_POINT('Ctrl Pts',(-0.454422208106181,2.48008732741125,1.92233969860883));
#3020=CARTESIAN_POINT('Ctrl Pts',(-1.07507305419294,2.28023351001832,1.95630444875911));
#3021=CARTESIAN_POINT('Ctrl Pts',(-1.36160576472509,2.1216267239216,1.97331160759765));
#3022=CARTESIAN_POINT('Ctrl Pts',(-1.86018298950289,1.7019952289102,2.00577767545686));
#3023=CARTESIAN_POINT('Ctrl Pts',(-2.06674197750243,1.4441808532465,2.02160361950149));
#3024=CARTESIAN_POINT('Ctrl Pts',(-2.36759976105676,0.865931754924547,2.05554111148456));
#3025=CARTESIAN_POINT('Ctrl Pts',(-2.45992244006027,0.551516245792961,2.07256888879194));
#3026=CARTESIAN_POINT('Ctrl Pts',(-2.51939727256363,-0.0972255936954579,
2.10508241238945));
#3027=CARTESIAN_POINT('Ctrl Pts',(-2.48512856499767,-0.425395614901427,
2.12083734595741));
#3028=CARTESIAN_POINT('Ctrl Pts',(-2.292848017156,-1.04801674186787,2.1547457642931));
#3029=CARTESIAN_POINT('Ctrl Pts',(-2.13744069029992,-1.3367345942659,2.17179444192939));
#3030=CARTESIAN_POINT('Ctrl Pts',(-1.72385051626602,-1.83980956667492,2.20435685383568));
#3031=CARTESIAN_POINT('Ctrl Pts',(-1.46915811212911,-2.04893684885683,2.22004150818567));
#3032=CARTESIAN_POINT('Ctrl Pts',(-0.895053307446284,-2.35679878506936,
2.2539189790237));
#3033=CARTESIAN_POINT('Ctrl Pts',(-0.581408031641736,-2.45308078819309,
2.27098875265861));
#3034=CARTESIAN_POINT('Ctrl Pts',(0.0661776991612811,-2.52030223938782,
2.30360138676458));
#3035=CARTESIAN_POINT('Ctrl Pts',(0.393939510090879,-2.49020493186309,2.31921698352305));
#3036=CARTESIAN_POINT('Ctrl Pts',(1.01862999785013,-2.30611116558925,2.3530615838052));
#3037=CARTESIAN_POINT('Ctrl Pts',(1.30966856446003,-2.15419183257986,2.37015255555905));
#3038=CARTESIAN_POINT('Ctrl Pts',(1.81756006013152,-1.74714656642222,2.40281663162349));
#3039=CARTESIAN_POINT('Ctrl Pts',(2.0294378075915,-1.49580490866139,2.41836490620873));
#3040=CARTESIAN_POINT('Ctrl Pts',(2.3447899962191,-0.926204830537404,2.452174674656));
#3041=CARTESIAN_POINT('Ctrl Pts',(2.44532236706314,-0.613442015386101,2.46928684667577));
#3042=CARTESIAN_POINT('Ctrl Pts',(2.49437919488149,-0.193686564296151,2.49053556929016));
#3043=CARTESIAN_POINT('Ctrl Pts',(2.5,-0.0967914324904399,2.4953264962192));
#3044=CARTESIAN_POINT('Ctrl Pts',(2.5,-1.86501490560708E-13,2.49999999999999));
#3045=CARTESIAN_POINT('Ctrl Pts',(2.5,1.24622534514174E-13,2.60000000000001));
#3046=CARTESIAN_POINT('Ctrl Pts',(2.5,-0.261911758529162,2.58735378160829));
#3047=CARTESIAN_POINT('Ctrl Pts',(2.45884538485083,-0.522544684213688,2.57394621842558));
#3048=CARTESIAN_POINT('Ctrl Pts',(2.27514178001382,-1.08810118752832,2.54296466271703));
#3049=CARTESIAN_POINT('Ctrl Pts',(2.11068071842873,-1.38032156375037,2.52556579357579));
#3050=CARTESIAN_POINT('Ctrl Pts',(1.68488700361424,-1.87449102748037,2.49318930685054));
#3051=CARTESIAN_POINT('Ctrl Pts',(1.43115846362663,-2.07469590723104,2.47760852531129));
#3052=CARTESIAN_POINT('Ctrl Pts',(0.851664993984558,-2.37377020706264,2.44364661944032));
#3053=CARTESIAN_POINT('Ctrl Pts',(0.529391867020061,-2.46574283826203,2.42624644373821));
#3054=CARTESIAN_POINT('Ctrl Pts',(-0.120650571583487,-2.51753584061312,
2.3938237582633));
#3055=CARTESIAN_POINT('Ctrl Pts',(-0.441796059900075,-2.48140561998385,
2.37829631160746));
#3056=CARTESIAN_POINT('Ctrl Pts',(-1.06388599988734,-2.28651339795541,2.34436130776423));
#3057=CARTESIAN_POINT('Ctrl Pts',(-1.35752156285339,-2.12536024266447,2.32696026548826));
#3058=CARTESIAN_POINT('Ctrl Pts',(-1.85598885448288,-1.70523798700304,2.294489690458));
#3059=CARTESIAN_POINT('Ctrl Pts',(-2.05891857546919,-1.45375290576013,2.27901502811918));
#3060=CARTESIAN_POINT('Ctrl Pts',(-2.36412297541489,-0.877948158382069,
2.24510862751229));
#3061=CARTESIAN_POINT('Ctrl Pts',(-2.45958126144588,-0.557093502126499,
2.22770722853801));
#3062=CARTESIAN_POINT('Ctrl Pts',(-2.51874523853698,0.0919128184569383,
2.19518715177182));
#3063=CARTESIAN_POINT('Ctrl Pts',(-2.48628704377335,0.413415144717968,2.17976429189015));
#3064=CARTESIAN_POINT('Ctrl Pts',(-2.29864596704243,1.03728756069423,2.14588824539872));
#3065=CARTESIAN_POINT('Ctrl Pts',(-2.14112004333784,1.3324282859139,2.12848707209195));
#3066=CARTESIAN_POINT('Ctrl Pts',(-1.72721538895433,1.83555281270522,2.09591597788144));
#3067=CARTESIAN_POINT('Ctrl Pts',(-1.47817422143046,2.04145435787984,2.08054347790101));
#3068=CARTESIAN_POINT('Ctrl Pts',(-0.906414300974931,2.35329880142982,2.04669957794231));
#3069=CARTESIAN_POINT('Ctrl Pts',(-0.587143771126751,2.45252611750066,2.02929928675638));
#3070=CARTESIAN_POINT('Ctrl Pts',(0.0606898038821504,2.51969316202843,1.99667577380688));
#3071=CARTESIAN_POINT('Ctrl Pts',(0.382581761029568,2.49121939360296,1.98135170634823));
#3072=CARTESIAN_POINT('Ctrl Pts',(1.00833774571994,2.31143152255194,1.9475417772277));
#3073=CARTESIAN_POINT('Ctrl Pts',(1.30505904127923,2.15784619283486,1.93014309911367));
#3074=CARTESIAN_POINT('Ctrl Pts',(1.81317902422834,1.75069630209994,1.89746589821601));
#3075=CARTESIAN_POINT('Ctrl Pts',(2.02229178296213,1.50429254239443,1.88218783349332));
#3076=CARTESIAN_POINT('Ctrl Pts',(2.34125649308765,0.936927262808181,1.84841372023488));
#3077=CARTESIAN_POINT('Ctrl Pts',(2.44451675293098,0.619410710409512,1.83101745969644));
#3078=CARTESIAN_POINT('Ctrl Pts',(2.49434737821108,0.194229787696031,1.80949129618929));
#3079=CARTESIAN_POINT('Ctrl Pts',(2.5,0.097064995623786,1.80468671257733));
#3080=CARTESIAN_POINT('Ctrl Pts',(2.5,1.67088593006422E-13,1.80000000000001));
#3081=CARTESIAN_POINT('Origin',(0.,-3.03576608295941E-15,-12.5));
#3082=CARTESIAN_POINT('',(2.5,-2.862590231734E-14,0.899999999999996));
#3083=CARTESIAN_POINT('',(2.5,-1.05527480883744E-14,0.999999999999999));
#3084=CARTESIAN_POINT('',(2.5,-3.34192778274625E-15,-12.5));
#3085=CARTESIAN_POINT('Ctrl Pts',(2.5,-5.59968738045313E-14,0.899999999999996));
#3086=CARTESIAN_POINT('Ctrl Pts',(2.50000000000001,0.29797374716393,0.914387445232684));
#3087=CARTESIAN_POINT('Ctrl Pts',(2.44672917113484,0.593831573058382,0.929738141326131));
#3088=CARTESIAN_POINT('Ctrl Pts',(2.22955619976706,1.17618366662369,0.962200047200723));
#3089=CARTESIAN_POINT('Ctrl Pts',(2.05909640318803,1.4541260905725,0.979029490521426));
#3090=CARTESIAN_POINT('Ctrl Pts',(1.61673116005776,1.93532054402501,1.01111091889731));
#3091=CARTESIAN_POINT('Ctrl Pts',(1.34691263272409,2.13193618631055,1.0276040288211));
#3092=CARTESIAN_POINT('Ctrl Pts',(0.753209891345285,2.40563388583432,1.06174448701668));
#3093=CARTESIAN_POINT('Ctrl Pts',(0.436297005281185,2.4827556526281,1.07858883010509));
#3094=CARTESIAN_POINT('Ctrl Pts',(-0.216485453133892,2.51241540320461,1.11070115040432));
#3095=CARTESIAN_POINT('Ctrl Pts',(-0.546193526736468,2.46187064846443,1.12713514342924));
#3096=CARTESIAN_POINT('Ctrl Pts',(-1.16021489961262,2.23794010488619,1.1612613288205));
#3097=CARTESIAN_POINT('Ctrl Pts',(-1.43955958322293,2.06934125273033,1.17812126033859));
#3098=CARTESIAN_POINT('Ctrl Pts',(-1.92356271723712,1.63058491784247,1.21026612564371));
#3099=CARTESIAN_POINT('Ctrl Pts',(-2.12178823714943,1.362699439514,1.22663881537671));
#3100=CARTESIAN_POINT('Ctrl Pts',(-2.39988434050303,0.771433184766803,1.26074959766746));
#3101=CARTESIAN_POINT('Ctrl Pts',(-2.47945041550867,0.454872949757422,1.27762579942093));
#3102=CARTESIAN_POINT('Ctrl Pts',(-2.51391487874274,-0.197302203844196,
1.30980489070297));
#3103=CARTESIAN_POINT('Ctrl Pts',(-2.46601782350254,-0.52676720288215,1.32611421403815));
#3104=CARTESIAN_POINT('Ctrl Pts',(-2.24720192322928,-1.14224412509903,1.36020838670249));
#3105=CARTESIAN_POINT('Ctrl Pts',(-2.08070232959084,-1.42314613505777,1.37710152741807));
#3106=CARTESIAN_POINT('Ctrl Pts',(-1.64599851062422,-1.91028078340053,1.40931654529202));
#3107=CARTESIAN_POINT('Ctrl Pts',(-1.38027125074231,-2.11029938669873,1.42556059626803));
#3108=CARTESIAN_POINT('Ctrl Pts',(-0.79174900448167,-2.39329491220002,1.45963687455167));
#3109=CARTESIAN_POINT('Ctrl Pts',(-0.475604872630546,-2.47559188594079,
1.47654760304208));
#3110=CARTESIAN_POINT('Ctrl Pts',(0.175872568862962,-2.51541897790789,1.5088002583781));
#3111=CARTESIAN_POINT('Ctrl Pts',(0.505063747754222,-2.4704655315495,1.52497732436281));
#3112=CARTESIAN_POINT('Ctrl Pts',(1.12213319100244,-2.25735197238052,1.55903434392251));
#3113=CARTESIAN_POINT('Ctrl Pts',(1.40475225972094,-2.09320787310019,1.57596328168182));
#3114=CARTESIAN_POINT('Ctrl Pts',(1.89535547830047,-1.66302864736848,1.60825528507723));
#3115=CARTESIAN_POINT('Ctrl Pts',(2.09735825943172,-1.39969556469632,1.62436388487895));
#3116=CARTESIAN_POINT('Ctrl Pts',(2.38577498730705,-0.814246493197625,1.65840020120627));
#3117=CARTESIAN_POINT('Ctrl Pts',(2.47110347060288,-0.498591659110298,1.67534793450184));
#3118=CARTESIAN_POINT('Ctrl Pts',(2.497950013212,-0.116967181035057,1.69431132516807));
#3119=CARTESIAN_POINT('Ctrl Pts',(2.5,-0.0584527974341339,1.69717764927352));
#3120=CARTESIAN_POINT('Ctrl Pts',(2.5,-1.86501490560708E-13,1.69999999999999));
#3121=CARTESIAN_POINT('Ctrl Pts',(2.5,1.60912949631609E-13,1.80000000000001));
#3122=CARTESIAN_POINT('Ctrl Pts',(2.5,-0.221998937250238,1.78928094309717));
#3123=CARTESIAN_POINT('Ctrl Pts',(2.47043395980187,-0.44341850229288,1.77799853995525));
#3124=CARTESIAN_POINT('Ctrl Pts',(2.32472778575411,-0.977141252641875,1.7493140024255));
#3125=CARTESIAN_POINT('Ctrl Pts',(2.17538050413282,-1.27549973141678,1.73192103507493));
#3126=CARTESIAN_POINT('Ctrl Pts',(1.77549727419048,-1.78891966900792,1.69913326294557));
#3127=CARTESIAN_POINT('Ctrl Pts',(1.53191132972823,-2.00146788800361,1.68393786441165));
#3128=CARTESIAN_POINT('Ctrl Pts',(0.969273351630057,-2.32798606086325,1.65024093620584));
#3129=CARTESIAN_POINT('Ctrl Pts',(0.653680260298913,-2.43551351425301,1.63285220471239));
#3130=CARTESIAN_POINT('Ctrl Pts',(0.00862862762389269,-2.52043666203887,
1.60000789375597));
#3131=CARTESIAN_POINT('Ctrl Pts',(-0.314136166460998,-2.50079884240431,
1.58484814097811));
#3132=CARTESIAN_POINT('Ctrl Pts',(-0.943882682322435,-2.33836211186022,
1.55119255477823));
#3133=CARTESIAN_POINT('Ctrl Pts',(-1.24391252177644,-2.19352363772244,1.53380906314495));
#3134=CARTESIAN_POINT('Ctrl Pts',(-1.76289066001976,-1.80137602284854,1.50090762964903));
#3135=CARTESIAN_POINT('Ctrl Pts',(-1.97907550338566,-1.56076887312979,1.48577907755715));
#3136=CARTESIAN_POINT('Ctrl Pts',(-2.31351608399703,-1.00316194435891,1.45216662174669));
#3137=CARTESIAN_POINT('Ctrl Pts',(-2.42550531601398,-0.689655934847981,
1.43478942790541));
#3138=CARTESIAN_POINT('Ctrl Pts',(-2.52005547473455,-0.0462179454158471,
1.40183049031833));
#3139=CARTESIAN_POINT('Ctrl Pts',(-2.50520911382289,0.277024870081284,1.38672823830723));
#3140=CARTESIAN_POINT('Ctrl Pts',(-2.35213878440427,0.908828649421781,1.353160646662));
#3141=CARTESIAN_POINT('Ctrl Pts',(-2.21204225081131,1.21053896164527,1.33579085343659));
#3142=CARTESIAN_POINT('Ctrl Pts',(-1.82803826740269,1.73527575829237,1.30277423994558));
#3143=CARTESIAN_POINT('Ctrl Pts',(-1.59054532714947,1.95526748295198,1.2876929723485));
#3144=CARTESIAN_POINT('Ctrl Pts',(-1.03823237207978,2.29791934938347,1.25417190648379));
#3145=CARTESIAN_POINT('Ctrl Pts',(-0.726965044479218,2.41451631796261,1.23681065103587));
#3146=CARTESIAN_POINT('Ctrl Pts',(-0.0852843981520748,2.51907453887199,
1.20373640423618));
#3147=CARTESIAN_POINT('Ctrl Pts',(0.238458742953162,2.50921238224158,1.18867044101882));
#3148=CARTESIAN_POINT('Ctrl Pts',(0.872323665906059,2.36584926055454,1.15519747271097));
#3149=CARTESIAN_POINT('Ctrl Pts',(1.17569723724138,2.23067994777131,1.13784591464764));
#3150=CARTESIAN_POINT('Ctrl Pts',(1.70632585410738,1.85514967410079,1.1047142931058));
#3151=CARTESIAN_POINT('Ctrl Pts',(1.93025668129602,1.62087531910909,1.08965764994033));
#3152=CARTESIAN_POINT('Ctrl Pts',(2.28131560428449,1.07406727796512,1.05623424370167));
#3153=CARTESIAN_POINT('Ctrl Pts',(2.40261055979883,0.765171811181798,1.0388935520861));
#3154=CARTESIAN_POINT('Ctrl Pts',(2.48690074891253,0.295565260610679,1.01453313823647));
#3155=CARTESIAN_POINT('Ctrl Pts',(2.5,0.14776507778073,1.00713472909647));
#3156=CARTESIAN_POINT('Ctrl Pts',(2.5,-1.11022302462516E-14,0.999999999999999));
#3157=CARTESIAN_POINT('Origin',(0.,-3.03576608295941E-15,-12.5));
#3158=CARTESIAN_POINT('',(2.5,-8.78333014287803E-15,0.0999999999999973));
#3159=CARTESIAN_POINT('',(2.5,-3.88981296858354E-14,0.199999999999996));
#3160=CARTESIAN_POINT('',(2.5,-3.34192778274625E-15,-12.5));
#3161=CARTESIAN_POINT('Ctrl Pts',(2.5,-1.09634523681734E-14,0.0999999999999974));
#3162=CARTESIAN_POINT('Ctrl Pts',(2.5,0.316109741749747,0.115263128514608));
#3163=CARTESIAN_POINT('Ctrl Pts',(2.44004522904384,0.629553490765442,0.13159662693198));
#3164=CARTESIAN_POINT('Ctrl Pts',(2.20403264197401,1.2231674837444,0.164979097726664));
#3165=CARTESIAN_POINT('Ctrl Pts',(2.02812213109139,1.49688172520846,0.181713400623463));
#3166=CARTESIAN_POINT('Ctrl Pts',(1.57509244334001,1.96966484816912,0.213601982928748));
#3167=CARTESIAN_POINT('Ctrl Pts',(1.29950017680121,2.16144781336295,0.230483537244422));
#3168=CARTESIAN_POINT('Ctrl Pts',(0.698640080730727,2.42195022556082,0.264705677348824));
#3169=CARTESIAN_POINT('Ctrl Pts',(0.380786062989957,2.49178212374543,0.281449664922208));
#3170=CARTESIAN_POINT('Ctrl Pts',(-0.273711167388637,2.50708078747453,0.313357559999104));
#3171=CARTESIAN_POINT('Ctrl Pts',(-0.60413072349785,2.44856225804983,0.330198766561257));
#3172=CARTESIAN_POINT('Ctrl Pts',(-1.21363706299368,2.20931463581356,0.364413288429248));
#3173=CARTESIAN_POINT('Ctrl Pts',(-1.48822148153009,2.03450677527372,0.381167554184984));
#3174=CARTESIAN_POINT('Ctrl Pts',(-1.96272905919256,1.58364615870753,0.413096019105139));
#3175=CARTESIAN_POINT('Ctrl Pts',(-2.15550437098505,1.30923571380676,0.429894595087349));
#3176=CARTESIAN_POINT('Ctrl Pts',(-2.41871484970289,0.709825959704887,0.464100867817136));
#3177=CARTESIAN_POINT('Ctrl Pts',(-2.49003745652745,0.392150946688097,0.480866026450671));
#3178=CARTESIAN_POINT('Ctrl Pts',(-2.50827702259777,-0.262007389536217,
0.512816376317122));
#3179=CARTESIAN_POINT('Ctrl Pts',(-2.45139882513016,-0.592283277070309,
0.529569989902754));
#3180=CARTESIAN_POINT('Ctrl Pts',(-2.21529134717786,-1.20273450331012,0.563767332052909));
#3181=CARTESIAN_POINT('Ctrl Pts',(-2.04174677084059,-1.478306524612,0.580544017804405));
#3182=CARTESIAN_POINT('Ctrl Pts',(-1.59336378475826,-1.9547752939216,0.612517624824343));
#3183=CARTESIAN_POINT('Ctrl Pts',(-1.32029859314854,-2.14867814643597,0.629223907529453));
#3184=CARTESIAN_POINT('Ctrl Pts',(-0.722548962451407,-2.41496669020426,
0.663411583711469));
#3185=CARTESIAN_POINT('Ctrl Pts',(-0.405086234477269,-2.4879870945588,0.680200448267022));
#3186=CARTESIAN_POINT('Ctrl Pts',(0.24867875919082,-2.50957337534336,0.712198740169078));
#3187=CARTESIAN_POINT('Ctrl Pts',(0.578789819912831,-2.45455715596502,0.728855301540598));
#3188=CARTESIAN_POINT('Ctrl Pts',(1.19030353855732,-2.22202099851531,0.763032518952169));
#3189=CARTESIAN_POINT('Ctrl Pts',(1.46699146032612,-2.04991923704386,0.779834228847181));
#3190=CARTESIAN_POINT('Ctrl Pts',(1.94568156413979,-1.60435649206954,0.811858686562684));
#3191=CARTESIAN_POINT('Ctrl Pts',(2.14086027001224,-1.33281651173924,0.828463131424293));
#3192=CARTESIAN_POINT('Ctrl Pts',(2.41063289248458,-0.736960930836861,0.862629036366347));
#3193=CARTESIAN_POINT('Ctrl Pts',(2.48557937102582,-0.419749890540945,0.879444269849512));
#3194=CARTESIAN_POINT('Ctrl Pts',(2.49937282735148,-0.0646857905315232,
0.896864150291118));
#3195=CARTESIAN_POINT('Ctrl Pts',(2.5,-0.0323310381418646,0.898438919384644));
#3196=CARTESIAN_POINT('Ctrl Pts',(2.5,-5.39098768519338E-14,0.899999999999996));
#3197=CARTESIAN_POINT('Ctrl Pts',(2.5,-1.36349265211777E-14,0.999999999999999));
#3198=CARTESIAN_POINT('Ctrl Pts',(2.5,-0.172117998339329,0.991689407881614));
#3199=CARTESIAN_POINT('Ctrl Pts',(2.48222753191158,-0.344153783798278,0.983027335990547));
#3200=CARTESIAN_POINT('Ctrl Pts',(2.37928440273911,-0.834779225884165,0.957278981480516));
#3201=CARTESIAN_POINT('Ctrl Pts',(2.24917112401475,-1.13977284977748,0.939950321041218));
#3202=CARTESIAN_POINT('Ctrl Pts',(1.88235210468703,-1.67635260663557,0.90670557812863));
#3203=CARTESIAN_POINT('Ctrl Pts',(1.65136530258855,-1.90431088133199,0.891648752572268));
#3204=CARTESIAN_POINT('Ctrl Pts',(1.11021167514869,-2.26387047667058,0.858328352131641));
#3205=CARTESIAN_POINT('Ctrl Pts',(0.803796717362824,-2.38989348596469,0.841012869009745));
#3206=CARTESIAN_POINT('Ctrl Pts',(0.166014606678864,-2.5151555469665,0.807712783360664));
#3207=CARTESIAN_POINT('Ctrl Pts',(-0.15877293294458,-2.51562307957645,0.792646226230553));
#3208=CARTESIAN_POINT('Ctrl Pts',(-0.79665649071455,-2.39224727290543,0.759378967369471));
#3209=CARTESIAN_POINT('Ctrl Pts',(-1.10320287949003,-2.26725622679426,0.742077777461681));
#3210=CARTESIAN_POINT('Ctrl Pts',(-1.64571712792998,-1.90928209289425,0.708723389656392));
#3211=CARTESIAN_POINT('Ctrl Pts',(-1.87774202647356,-1.68161474922241,0.693640702155792));
#3212=CARTESIAN_POINT('Ctrl Pts',(-2.24579012778164,-1.14619592171234,0.660427432231134));
#3213=CARTESIAN_POINT('Ctrl Pts',(-2.37650963068538,-0.84234046635341,0.643141602946486));
#3214=CARTESIAN_POINT('Ctrl Pts',(-2.51221457008395,-0.206660547796132,
0.609734162544328));
#3215=CARTESIAN_POINT('Ctrl Pts',(-2.51790631159405,0.118654799993968,0.594628965684233));
#3216=CARTESIAN_POINT('Ctrl Pts',(-2.40456488935512,0.758443891715254,0.561470387193614));
#3217=CARTESIAN_POINT('Ctrl Pts',(-2.28469656193531,1.06645509138687,0.544200924333015));
#3218=CARTESIAN_POINT('Ctrl Pts',(-1.93559157822772,1.61481136361913,0.510741841670152));
#3219=CARTESIAN_POINT('Ctrl Pts',(-1.71123577758187,1.85089256328177,0.495607921187561));
#3220=CARTESIAN_POINT('Ctrl Pts',(-1.18156042451197,2.22731165612188,0.462504550910034));
#3221=CARTESIAN_POINT('Ctrl Pts',(-0.880309760600972,2.36263638689011,0.445252387524912));
#3222=CARTESIAN_POINT('Ctrl Pts',(-0.246801638201437,2.50867109296945,0.411743215383915));
#3223=CARTESIAN_POINT('Ctrl Pts',(0.0790372555917655,2.51954271874515,0.396574598087328));
#3224=CARTESIAN_POINT('Ctrl Pts',(0.720631926701165,2.41609745622953,0.363526761706242));
#3225=CARTESIAN_POINT('Ctrl Pts',(1.03000395121627,2.30128686244219,0.34629274708243));
#3226=CARTESIAN_POINT('Ctrl Pts',(1.58403852451863,1.96096536870911,0.312735161589964));
#3227=CARTESIAN_POINT('Ctrl Pts',(1.82411720840173,1.73987362042478,0.297526185656933));
#3228=CARTESIAN_POINT('Ctrl Pts',(2.20869047747553,1.21587885893653,0.264534015079509));
#3229=CARTESIAN_POINT('Ctrl Pts',(2.34847428552858,0.917242611296341,0.247318905333064));
#3230=CARTESIAN_POINT('Ctrl Pts',(2.47555573208833,0.403392152620489,0.21996638147453));
#3231=CARTESIAN_POINT('Ctrl Pts',(2.50000000000001,0.201856805615459,0.209746508755482));
#3232=CARTESIAN_POINT('Ctrl Pts',(2.5,-1.02938491064464E-13,0.199999999999994));
#3233=CARTESIAN_POINT('Origin',(0.,-3.03576608295941E-15,-12.5));
#3234=CARTESIAN_POINT('',(2.5,-4.65468827005323E-15,-0.700000000000003));
#3235=CARTESIAN_POINT('',(2.5,-9.47482331693188E-14,-0.60000000000001));
#3236=CARTESIAN_POINT('',(2.5,-3.34192778274625E-15,-12.5));
#3237=CARTESIAN_POINT('Ctrl Pts',(2.5,-7.07767178198537E-15,-0.700000000000003));
#3238=CARTESIAN_POINT('Ctrl Pts',(2.5,0.326733614134236,-0.68422390554948));
#3239=CARTESIAN_POINT('Ctrl Pts',(2.43594636570702,0.650442912831912,-0.667312765280032));
#3240=CARTESIAN_POINT('Ctrl Pts',(2.18864701998423,1.25038882533543,-0.633398827192448));
#3241=CARTESIAN_POINT('Ctrl Pts',(2.00959557291808,1.52158192072399,-0.616723437272944));
#3242=CARTESIAN_POINT('Ctrl Pts',(1.55035300593551,1.98938651622152,-0.584950981953479));
#3243=CARTESIAN_POINT('Ctrl Pts',(1.2713543603518,2.17829934557797,-0.567820431875363));
#3244=CARTESIAN_POINT('Ctrl Pts',(0.66635641044648,2.43097536837486,-0.533555026302037));
#3245=CARTESIAN_POINT('Ctrl Pts',(0.348025512148187,2.49651518196382,-0.516873854590374));
#3246=CARTESIAN_POINT('Ctrl Pts',(-0.307413618843141,2.50333286645366,-0.485090100113591));
#3247=CARTESIAN_POINT('Ctrl Pts',(-0.638240819587541,2.44006197815606,-0.467984246709008));
#3248=CARTESIAN_POINT('Ctrl Pts',(-1.2449628905266,2.19174939796592,-0.433722862060161));
#3249=CARTESIAN_POINT('Ctrl Pts',(-1.51666276912487,2.01332300992523,-0.417035503663204));
#3250=CARTESIAN_POINT('Ctrl Pts',(-1.98546608324725,1.55532095181228,-0.385239636120149));
#3251=CARTESIAN_POINT('Ctrl Pts',(-2.17495533090411,1.27700497543564,-0.368160148000265));
#3252=CARTESIAN_POINT('Ctrl Pts',(-2.42920233834186,0.672831225947818,-0.333903118650643));
#3253=CARTESIAN_POINT('Ctrl Pts',(-2.49560175633963,0.354591261477034,-0.317209145524398));
#3254=CARTESIAN_POINT('Ctrl Pts',(-2.5041196548515,-0.30066325902947,-0.285400300549899));
#3255=CARTESIAN_POINT('Ctrl Pts',(-2.44180412900385,-0.631409573126529,
-0.268348931483049));
#3256=CARTESIAN_POINT('Ctrl Pts',(-2.19530992272676,-1.23869693211245,-0.234096619791076));
#3257=CARTESIAN_POINT('Ctrl Pts',(-2.01760599234835,-1.51097940812892,-0.217395580255597));
#3258=CARTESIAN_POINT('Ctrl Pts',(-1.56103516569979,-1.98093208512072,-0.185572841193282));
#3259=CARTESIAN_POINT('Ctrl Pts',(-1.28350524776002,-2.171084280316,-0.168551429924123));
#3260=CARTESIAN_POINT('Ctrl Pts',(-0.6802836688396,-2.42713863394182,-0.134304228512689));
#3261=CARTESIAN_POINT('Ctrl Pts',(-0.362151286107096,-2.49452820114256,
-0.117595646908215));
#3262=CARTESIAN_POINT('Ctrl Pts',(0.292888084078595,-2.50500345886601,-0.0857580431259308));
#3263=CARTESIAN_POINT('Ctrl Pts',(0.62354074619738,-2.44378614085858,-0.068768512293986));
#3264=CARTESIAN_POINT('Ctrl Pts',(1.23147445654946,-2.19938465913151,-0.0345268464883272));
#3265=CARTESIAN_POINT('Ctrl Pts',(1.50442496553302,-2.02251430548998,-0.0178102230026011));
#3266=CARTESIAN_POINT('Ctrl Pts',(1.97569722368948,-1.56759145272191,0.0140432715969931));
#3267=CARTESIAN_POINT('Ctrl Pts',(2.1666100143993,-1.29096455394155,0.0309989175945626));
#3268=CARTESIAN_POINT('Ctrl Pts',(2.42473858313786,-0.688840975202059,0.0652345871696864));
#3269=CARTESIAN_POINT('Ctrl Pts',(2.49326609208424,-0.370835986733947,0.0819597764698564));
#3270=CARTESIAN_POINT('Ctrl Pts',(2.4998428515698,-0.0323742380044506,0.0984336905421136));
#3271=CARTESIAN_POINT('Ctrl Pts',(2.5,-0.0161837750421963,0.0992185782160527));
#3272=CARTESIAN_POINT('Ctrl Pts',(2.5,-9.42622061055195E-15,0.0999999999999975));
#3273=CARTESIAN_POINT('Ctrl Pts',(2.5,-1.04256880906206E-13,0.199999999999994));
#3274=CARTESIAN_POINT('Ctrl Pts',(2.5,-0.120460121373214,0.194183670825113));
#3275=CARTESIAN_POINT('Ctrl Pts',(2.49129436493142,-0.241017796222304,0.188188518650442));
#3276=CARTESIAN_POINT('Ctrl Pts',(2.42674399517424,-0.68368812751474,0.16552349690597));
#3277=CARTESIAN_POINT('Ctrl Pts',(2.31686434051013,-0.99430597530454,0.148327947395702));
#3278=CARTESIAN_POINT('Ctrl Pts',(1.98513504099343,-1.55379261852988,0.114678956564543));
#3279=CARTESIAN_POINT('Ctrl Pts',(1.76722346904875,-1.79776351157414,0.0993738271030274));
#3280=CARTESIAN_POINT('Ctrl Pts',(1.24877785743218,-2.19018585730633,0.0664926116500323));
#3281=CARTESIAN_POINT('Ctrl Pts',(0.952729962591748,-2.33423502985134,0.0493171713424157));
#3282=CARTESIAN_POINT('Ctrl Pts',(0.323654804183402,-2.50010511435169,0.0156253340687781));
#3283=CARTESIAN_POINT('Ctrl Pts',(-0.00318947717130959,-2.52096547774775,
0.000265307974157975));
#3284=CARTESIAN_POINT('Ctrl Pts',(-0.648034552103323,-2.43644405892897,
-0.0325609949128263));
#3285=CARTESIAN_POINT('Ctrl Pts',(-0.959777405894817,-2.3313132770432,-0.049715887062469));
#3286=CARTESIAN_POINT('Ctrl Pts',(-1.52443802623514,-2.00788880775308,-0.0834486030035454));
#3287=CARTESIAN_POINT('Ctrl Pts',(-1.77215436219362,-1.79304094902627,-0.0988674117032016));
#3288=CARTESIAN_POINT('Ctrl Pts',(-2.17204644626505,-1.27995118504744,-0.131639418722882));
#3289=CARTESIAN_POINT('Ctrl Pts',(-2.3201287698885,-0.986431787989293,-0.1487734353793));
#3290=CARTESIAN_POINT('Ctrl Pts',(-2.49529621562855,-0.359555719554915,
-0.182545038420931));
#3291=CARTESIAN_POINT('Ctrl Pts',(-2.52086115674758,-0.0322421113828778,
-0.198025990013368));
#3292=CARTESIAN_POINT('Ctrl Pts',(-2.44517575888033,0.614030214555938,-0.230744486256074));
#3293=CARTESIAN_POINT('Ctrl Pts',(-2.34456527290087,0.926776270546293,-0.247857411374676));
#3294=CARTESIAN_POINT('Ctrl Pts',(-2.02907569185164,1.49629301404335,-0.281665903918647));
#3295=CARTESIAN_POINT('Ctrl Pts',(-1.8171474477774,1.747573091793,-0.297211821570668));
#3296=CARTESIAN_POINT('Ctrl Pts',(-1.30916754044155,2.15449748047667,-0.329877748978408));
#3297=CARTESIAN_POINT('Ctrl Pts',(-1.0180865691904,2.30635218632278,-0.346969475666196));
#3298=CARTESIAN_POINT('Ctrl Pts',(-0.393358492397627,2.49029492632269,-0.380812870381963));
#3299=CARTESIAN_POINT('Ctrl Pts',(-0.0656042401020852,2.52031541569995,
-0.396426038761853));
#3300=CARTESIAN_POINT('Ctrl Pts',(0.581959729016663,2.45295091548399,-0.429040483101187));
#3301=CARTESIAN_POINT('Ctrl Pts',(0.895590307928051,2.3565957755517,-0.446111009843488));
#3302=CARTESIAN_POINT('Ctrl Pts',(1.46961808925,2.04860470670189,-0.479987344317414));
#3303=CARTESIAN_POINT('Ctrl Pts',(1.72425283260351,1.83943004387429,-0.495669517472835));
#3304=CARTESIAN_POINT('Ctrl Pts',(2.13773091505428,1.33627209177357,-0.528233694161401));
#3305=CARTESIAN_POINT('Ctrl Pts',(2.29307869323682,1.04751408549317,-0.545283119625172));
#3306=CARTESIAN_POINT('Ctrl Pts',(2.46266142738136,0.497957511508066,-0.575209712992186));
#3307=CARTESIAN_POINT('Ctrl Pts',(2.50000000000002,0.249475762560182,-0.587954244610879));
#3308=CARTESIAN_POINT('Ctrl Pts',(2.5,-1.91860416443035E-13,-0.60000000000001));
#3309=CARTESIAN_POINT('Origin',(0.,-3.03576608295941E-15,-12.5));
#3310=CARTESIAN_POINT('',(2.5,3.92907858462968E-9,-1.49999999962058));
#3311=CARTESIAN_POINT('',(2.5,-2.86259014020484E-14,-1.4));
#3312=CARTESIAN_POINT('',(2.5,-3.34192778274625E-15,-12.5));
#3313=CARTESIAN_POINT('Ctrl Pts',(2.5,7.85818077275735E-9,-1.49999999962057));
#3314=CARTESIAN_POINT('Ctrl Pts',(2.49999999895417,0.332720945597318,-1.48393481159215));
#3315=CARTESIAN_POINT('Ctrl Pts',(2.43357665957923,0.662203390089195,-1.46669752508359));
#3316=CARTESIAN_POINT('Ctrl Pts',(2.17983675913752,1.26562985977791,-1.43248671973441));
#3317=CARTESIAN_POINT('Ctrl Pts',(1.99903228883078,1.53538799462386,-1.41584555537416));
#3318=CARTESIAN_POINT('Ctrl Pts',(1.53629938900068,2.0003699518983,-1.38413958242734));
#3319=CARTESIAN_POINT('Ctrl Pts',(1.25537318207115,2.18765177956944,-1.36686174364859));
#3320=CARTESIAN_POINT('Ctrl Pts',(0.648061779178138,2.43588516852264,-1.33257348736056));
#3321=CARTESIAN_POINT('Ctrl Pts',(0.329486632468229,2.49899944248861,-1.3159290330848));
#3322=CARTESIAN_POINT('Ctrl Pts',(-0.326462501820752,2.50101486684292,-1.28421669867316));
#3323=CARTESIAN_POINT('Ctrl Pts',(-0.657515746639937,2.43503831715498,-1.26695309768292));
#3324=CARTESIAN_POINT('Ctrl Pts',(-1.26262171886494,2.18158690888371,-1.23266696862112));
#3325=CARTESIAN_POINT('Ctrl Pts',(-1.5326644166401,2.00112811602776,-1.21601897789623));
#3326=CARTESIAN_POINT('Ctrl Pts',(-1.99820552186103,1.53908479916962,-1.18429979855774));
#3327=CARTESIAN_POINT('Ctrl Pts',(-2.18581066927306,1.25854021358821,-1.16705148366333));
#3328=CARTESIAN_POINT('Ctrl Pts',(-2.4349244249886,0.651685219866038,-1.13276765742426));
#3329=CARTESIAN_POINT('Ctrl Pts',(-2.49851871857207,0.333156964948686,-1.11611586689218));
#3330=CARTESIAN_POINT('Ctrl Pts',(-2.50148509370442,-0.322692518812673,
-1.08438932501809));
#3331=CARTESIAN_POINT('Ctrl Pts',(-2.4360451762016,-0.653701293758677,-1.06715741294144));
#3332=CARTESIAN_POINT('Ctrl Pts',(-2.18361169170637,-1.25912957667591,-1.03287607981827));
#3333=CARTESIAN_POINT('Ctrl Pts',(-2.00355439181786,-1.52950179239631,-1.01622020841888));
#3334=CARTESIAN_POINT('Ctrl Pts',(-1.54231118007136,-1.99569074665657,-0.984485750263875));
#3335=CARTESIAN_POINT('Ctrl Pts',(-1.26220888938727,-2.18367036144047,-0.967271429157389));
#3336=CARTESIAN_POINT('Ctrl Pts',(-0.655883864713252,-2.43380395227468,
-0.932992795385218));
#3337=CARTESIAN_POINT('Ctrl Pts',(-0.337410861093602,-2.49795470299206,
-0.916332543479104));
#3338=CARTESIAN_POINT('Ctrl Pts',(0.318322312823803,-2.50202309890438,-0.884589577125468));
#3339=CARTESIAN_POINT('Ctrl Pts',(0.649279370713584,-2.43720453583045,-0.867394109465755));
#3340=CARTESIAN_POINT('Ctrl Pts',(1.25507975109385,-2.18595048547869,-0.833118398570622));
#3341=CARTESIAN_POINT('Ctrl Pts',(1.5258329933947,-2.00635906016435,-0.816453447071951));
#3342=CARTESIAN_POINT('Ctrl Pts',(1.9927715638699,-1.54604315420058,-0.784701340359946));
#3343=CARTESIAN_POINT('Ctrl Pts',(2.18118428093507,-1.26645281579506,-0.767526065661319));
#3344=CARTESIAN_POINT('Ctrl Pts',(2.43249765301276,-0.660742559770469,-0.733253519920503));
#3345=CARTESIAN_POINT('Ctrl Pts',(2.49729265660454,-0.342334722187001,-0.716583529451468));
#3346=CARTESIAN_POINT('Ctrl Pts',(2.49997232835396,-0.0135835104879494,
-0.70065642333787));
#3347=CARTESIAN_POINT('Ctrl Pts',(2.5,-0.00679112848727999,-0.700327904689959));
#3348=CARTESIAN_POINT('Ctrl Pts',(2.5,-9.42622061055195E-15,-0.700000000000003));
#3349=CARTESIAN_POINT('Ctrl Pts',(2.5,-1.86154538555891E-13,-0.60000000000001));
#3350=CARTESIAN_POINT('Ctrl Pts',(2.5,-0.0762420639443641,-0.603681292495957));
#3351=CARTESIAN_POINT('Ctrl Pts',(2.496512429742,-0.152570232690542,-0.6074364939046));
#3352=CARTESIAN_POINT('Ctrl Pts',(2.45980841063978,-0.55202850473851,-0.627458125846251));
#3353=CARTESIAN_POINT('Ctrl Pts',(2.36741793527303,-0.866431243935508,-0.644486642493919));
#3354=CARTESIAN_POINT('Ctrl Pts',(2.06643999143316,-1.44460979748544,-0.678423131479787));
#3355=CARTESIAN_POINT('Ctrl Pts',(1.85983696714163,-1.70237070549421,-0.694246541512278));
#3356=CARTESIAN_POINT('Ctrl Pts',(1.36118263202015,-2.12189919171601,-0.726714272412444));
#3357=CARTESIAN_POINT('Ctrl Pts',(1.07461231814413,-2.28045159135565,-0.743722159171897));
#3358=CARTESIAN_POINT('Ctrl Pts',(0.453927387896562,-2.48017614794548,-0.777685969834981));
#3359=CARTESIAN_POINT('Ctrl Pts',(0.125389213619195,-2.51825074091672,-0.793580658379687));
#3360=CARTESIAN_POINT('Ctrl Pts',(-0.524363944506415,-2.46580684555047,
-0.826002394017846));
#3361=CARTESIAN_POINT('Ctrl Pts',(-0.839435014342153,-2.37707498359913,
-0.842990008255052));
#3362=CARTESIAN_POINT('Ctrl Pts',(-1.41458359384754,-2.08604224197788,-0.876581293107912));
#3363=CARTESIAN_POINT('Ctrl Pts',(-1.66994781954246,-1.88782209314235,-0.892246842378537));
#3364=CARTESIAN_POINT('Ctrl Pts',(-2.0998542866756,-1.39679908872834,-0.924553659655071));
#3365=CARTESIAN_POINT('Ctrl Pts',(-2.26671332919072,-1.10563025700666,-0.941949715355031));
#3366=CARTESIAN_POINT('Ctrl Pts',(-2.47305973856301,-0.486441521885343,
-0.975973720382449));
#3367=CARTESIAN_POINT('Ctrl Pts',(-2.51497881741888,-0.165854238547554,
-0.991692272609977));
#3368=CARTESIAN_POINT('Ctrl Pts',(-2.47479303395575,0.485735149352371,-1.02395750702657));
#3369=CARTESIAN_POINT('Ctrl Pts',(-2.3883354282048,0.810162895008491,-1.04135141641305));
#3370=CARTESIAN_POINT('Ctrl Pts',(-2.09894254425239,1.39539374797959,-1.07539671933934));
#3371=CARTESIAN_POINT('Ctrl Pts',(-1.90300613763057,1.65264170823075,-1.0911675696296));
#3372=CARTESIAN_POINT('Ctrl Pts',(-1.41561965832097,2.08726098763566,-1.12339305618703));
#3373=CARTESIAN_POINT('Ctrl Pts',(-1.12568202347145,2.25686669881292,-1.1407845978165));
#3374=CARTESIAN_POINT('Ctrl Pts',(-0.507933433934979,2.46874928409474,-1.17484978998206));
#3375=CARTESIAN_POINT('Ctrl Pts',(-0.187613681457686,2.51346198246842,-1.19067197046532));
#3376=CARTESIAN_POINT('Ctrl Pts',(0.464684640400423,2.47887045832423,-1.22285955005507));
#3377=CARTESIAN_POINT('Ctrl Pts',(0.790116198709332,2.39508160705855,-1.24024855271426));
#3378=CARTESIAN_POINT('Ctrl Pts',(1.37808104548427,2.1103671533046,-1.27433229593499));
#3379=CARTESIAN_POINT('Ctrl Pts',(1.63701976529438,1.91647879313935,-1.29020461341787));
#3380=CARTESIAN_POINT('Ctrl Pts',(2.07584724283164,1.43236757974017,-1.32235612011032));
#3381=CARTESIAN_POINT('Ctrl Pts',(2.24790417142519,1.14355304862284,-1.33974245784287));
#3382=CARTESIAN_POINT('Ctrl Pts',(2.4522009951041,0.562762658371704,-1.37187143505725));
#3383=CARTESIAN_POINT('Ctrl Pts',(2.50000000000001,0.282258760899708,-1.38637134142675));
#3384=CARTESIAN_POINT('Ctrl Pts',(2.5,-5.086209231564E-14,-1.4));
#3385=CARTESIAN_POINT('Origin',(0.,-3.03576608295941E-15,-12.5));
#3386=CARTESIAN_POINT('',(2.5,-7.49518461747919E-9,-2.3000000007238));
#3387=CARTESIAN_POINT('',(2.5,1.33148523642754E-16,-2.2));
#3388=CARTESIAN_POINT('',(2.5,-3.34192778274625E-15,-12.5));
#3389=CARTESIAN_POINT('Ctrl Pts',(2.5,-1.49903690216558E-8,-2.3000000007238));
#3390=CARTESIAN_POINT('Ctrl Pts',(2.50000000001263,0.00210623184440877,
-2.29989830213057));
#3391=CARTESIAN_POINT('Ctrl Pts',(2.49999733825979,0.00421259771536786,
-2.29979654455452));
#3392=CARTESIAN_POINT('Ctrl Pts',(2.49914661333264,0.340781577867897,-2.28352854212481));
#3393=CARTESIAN_POINT('Ctrl Pts',(2.43119126967738,0.671664185482592,-2.26619300967457));
#3394=CARTESIAN_POINT('Ctrl Pts',(2.17418104247903,1.27530979237723,-2.23190621690996));
#3395=CARTESIAN_POINT('Ctrl Pts',(1.99224357120079,1.54413834175108,-2.21531126214792));
#3396=CARTESIAN_POINT('Ctrl Pts',(1.52748211991845,2.00715695141137,-2.18361022197563));
#3397=CARTESIAN_POINT('Ctrl Pts',(1.24556049649398,2.1932663885216,-2.16627565309747));
#3398=CARTESIAN_POINT('Ctrl Pts',(0.637099407547325,2.43876918467483,-2.13198649691218));
#3399=CARTESIAN_POINT('Ctrl Pts',(0.31837825348295,2.50040889924825,-2.1153808399355));
#3400=CARTESIAN_POINT('Ctrl Pts',(-0.337700590098366,2.49957049121065,-2.08368578293154));
#3401=CARTESIAN_POINT('Ctrl Pts',(-0.668708862242249,2.43201159589059,-2.06635211182779));
#3402=CARTESIAN_POINT('Ctrl Pts',(-1.27273567270996,2.1756944535016,-2.03206077462265));
#3403=CARTESIAN_POINT('Ctrl Pts',(-1.54180911328037,1.99405239081201,-2.01544518425408));
#3404=CARTESIAN_POINT('Ctrl Pts',(-2.00541740325641,1.5297738462162,-1.98375566727292));
#3405=CARTESIAN_POINT('Ctrl Pts',(-2.19186830751154,1.24802956650281,-1.96642283196371));
#3406=CARTESIAN_POINT('Ctrl Pts',(-2.43807386316579,0.639772717618211,-1.93212948217096));
#3407=CARTESIAN_POINT('Ctrl Pts',(-2.50006701918773,0.321084604277666,-1.91550467651015));
#3408=CARTESIAN_POINT('Ctrl Pts',(-2.49993017405891,-0.335063890820131,
-1.88382028769166));
#3409=CARTESIAN_POINT('Ctrl Pts',(-2.43271066331511,-0.666179327889305,
-1.86648822989911));
#3410=CARTESIAN_POINT('Ctrl Pts',(-2.17702359095862,-1.27044519034269,-1.8321979516437));
#3411=CARTESIAN_POINT('Ctrl Pts',(-1.99566609951819,-1.53974642442177,-1.81556778798134));
#3412=CARTESIAN_POINT('Ctrl Pts',(-1.53182861877083,-2.00383120654766,-1.78388304286441));
#3413=CARTESIAN_POINT('Ctrl Pts',(-1.25029031105404,-2.19059401282993,-1.76655747626048));
#3414=CARTESIAN_POINT('Ctrl Pts',(-0.642248514873696,-2.43741450175435,
-1.73226221146543));
#3415=CARTESIAN_POINT('Ctrl Pts',(-0.32359966416341,-2.49975905127591,-1.71562959293461));
#3416=CARTESIAN_POINT('Ctrl Pts',(0.332507941837754,-2.50024899497932,-1.68394011644485));
#3417=CARTESIAN_POINT('Ctrl Pts',(0.663632213442044,-2.43341071461943,-1.66662521649007));
#3418=CARTESIAN_POINT('Ctrl Pts',(1.26821877636001,-2.17832606165247,-1.63233150183423));
#3419=CARTESIAN_POINT('Ctrl Pts',(1.53773147461955,-1.9972242146132,-1.61569624066604));
#3420=CARTESIAN_POINT('Ctrl Pts',(2.00223139796054,-1.53389755799391,-1.58400166724063));
#3421=CARTESIAN_POINT('Ctrl Pts',(2.18923440335658,-1.25264244711189,-1.56669823962537));
#3422=CARTESIAN_POINT('Ctrl Pts',(2.43670871834436,-0.644938322638408,-1.53240620254134));
#3423=CARTESIAN_POINT('Ctrl Pts',(2.49940936034562,-0.32632334127004,-1.51576809751741));
#3424=CARTESIAN_POINT('Ctrl Pts',(2.49999861584796,-0.00303777705579537,
-1.50014670453445));
#3425=CARTESIAN_POINT('Ctrl Pts',(2.50000000000478,-0.00151885218709661,
-1.50007333667089));
#3426=CARTESIAN_POINT('Ctrl Pts',(2.5,7.85817880320348E-9,-1.49999999962057));
#3427=CARTESIAN_POINT('Ctrl Pts',(2.5,-5.39098750213505E-14,-1.4));
#3428=CARTESIAN_POINT('Ctrl Pts',(2.5,-0.0377135387945332,-1.40182097073686));
#3429=CARTESIAN_POINT('Ctrl Pts',(2.49914662214754,-0.0754567762218694,
-1.40366044300753));
#3430=CARTESIAN_POINT('Ctrl Pts',(2.48235651865648,-0.44587888289852,-1.42188180655219));
#3431=CARTESIAN_POINT('Ctrl Pts',(2.40095706212494,-0.772188002526141,-1.43926539372544));
#3432=CARTESIAN_POINT('Ctrl Pts',(2.12042836929459,-1.36257776172605,-1.47338250685698));
#3433=CARTESIAN_POINT('Ctrl Pts',(1.92836463719146,-1.62302390287216,-1.4893507968512));
#3434=CARTESIAN_POINT('Ctrl Pts',(1.44718216073978,-2.06558566025089,-1.52143557721129));
#3435=CARTESIAN_POINT('Ctrl Pts',(1.15938304583655,-2.23981645904374,-1.53881636371592));
#3436=CARTESIAN_POINT('Ctrl Pts',(0.54412552429533,-2.46105697051519,-1.57294843500249));
#3437=CARTESIAN_POINT('Ctrl Pts',(0.224254898458427,-2.51048662660672,-1.58896228312205));
#3438=CARTESIAN_POINT('Ctrl Pts',(-0.429185323753339,-2.48532777794202,
-1.62101634502862));
#3439=CARTESIAN_POINT('Ctrl Pts',(-0.756258307798645,-2.40605347912819,
-1.63839431168426));
#3440=CARTESIAN_POINT('Ctrl Pts',(-1.34878692046785,-2.12924565546457,-1.67254028041353));
#3441=CARTESIAN_POINT('Ctrl Pts',(-1.61056897128854,-1.93879793937188,-1.68859793382704));
#3442=CARTESIAN_POINT('Ctrl Pts',(-2.05642613964592,-1.46021751984012,-1.72062298398459));
#3443=CARTESIAN_POINT('Ctrl Pts',(-2.23257415737013,-1.17332919141614,-1.73799813820643));
#3444=CARTESIAN_POINT('Ctrl Pts',(-2.45770759011063,-0.55912913280973,-1.7721570090912));
#3445=CARTESIAN_POINT('Ctrl Pts',(-2.50909792668251,-0.239444287520774,
-1.78825664853897));
#3446=CARTESIAN_POINT('Ctrl Pts',(-2.48785446123822,0.414450340177599,-1.8202543434189));
#3447=CARTESIAN_POINT('Ctrl Pts',(-2.410459214159,0.742185778952981,-1.83762671518373));
#3448=CARTESIAN_POINT('Ctrl Pts',(-2.13694002283709,1.33659170589585,-1.87179755601777));
#3449=CARTESIAN_POINT('Ctrl Pts',(-1.94791605362729,1.59955134426417,-1.88793731978459));
#3450=CARTESIAN_POINT('Ctrl Pts',(-1.47163424909376,2.04830239956316,-1.9199092607309));
#3451=CARTESIAN_POINT('Ctrl Pts',(-1.18555712159679,2.22613302526837,-1.93727889886676));
#3452=CARTESIAN_POINT('Ctrl Pts',(-0.57229737571812,2.45468998377327,-1.97146083795202));
#3453=CARTESIAN_POINT('Ctrl Pts',(-0.252775437560934,2.50780395715128,-1.98763884306502));
#3454=CARTESIAN_POINT('Ctrl Pts',(0.401508896264178,2.48999959826445,-2.01958657249013));
#3455=CARTESIAN_POINT('Ctrl Pts',(0.729817061338274,2.41425718244706,-2.03695354130167));
#3456=CARTESIAN_POINT('Ctrl Pts',(1.32586367078231,2.14362981996649,-2.07114576471781));
#3457=CARTESIAN_POINT('Ctrl Pts',(1.58985642409829,1.95585437242993,-2.08736012544295));
#3458=CARTESIAN_POINT('Ctrl Pts',(2.04113781346272,1.4815928749226,-2.11928512401811));
#3459=CARTESIAN_POINT('Ctrl Pts',(2.22043881804386,1.19623377591052,-2.13664950024937));
#3460=CARTESIAN_POINT('Ctrl Pts',(2.44532739346287,0.601434796642105,-2.16986670701046));
#3461=CARTESIAN_POINT('Ctrl Pts',(2.5,0.301865848132085,-2.18542462750845));
#3462=CARTESIAN_POINT('Ctrl Pts',(2.5,-1.06858966120171E-14,-2.2));
#3463=CARTESIAN_POINT('Origin',(0.,-3.03576608295941E-15,-12.5));
#3464=CARTESIAN_POINT('',(2.5,-6.45703728448853E-15,-3.1));
#3465=CARTESIAN_POINT('',(2.5,-6.45703728448853E-15,-3.));
#3466=CARTESIAN_POINT('',(2.5,-3.34192778274625E-15,-12.5));
#3467=CARTESIAN_POINT('Ctrl Pts',(2.5,-9.5721467862308E-15,-3.1));
#3468=CARTESIAN_POINT('Ctrl Pts',(2.5,0.00830911616289426,-3.09959880038137));
#3469=CARTESIAN_POINT('Ctrl Pts',(2.49995857517297,0.0166200142580879,-3.09919668622696));
#3470=CARTESIAN_POINT('Ctrl Pts',(2.49654260465112,0.359126359156119,-3.08259069755549));
#3471=CARTESIAN_POINT('Ctrl Pts',(2.42622947938521,0.689250861217032,-3.06524461404723));
#3472=CARTESIAN_POINT('Ctrl Pts',(2.16509709551421,1.29061811440857,-3.03098538679737));
#3473=CARTESIAN_POINT('Ctrl Pts',(1.98139928779135,1.55798771619245,-3.01451066633747));
#3474=CARTESIAN_POINT('Ctrl Pts',(1.51376442565355,2.01748385184029,-2.98274133509628));
#3475=CARTESIAN_POINT('Ctrl Pts',(1.23079269601178,2.20155227610042,-2.96539688286169));
#3476=CARTESIAN_POINT('Ctrl Pts',(0.621121436144314,2.44286104539861,-2.9311331749925));
#3477=CARTESIAN_POINT('Ctrl Pts',(0.302202851552402,2.50239131358999,-2.91463947072798));
#3478=CARTESIAN_POINT('Ctrl Pts',(-0.353452482030926,2.49736267654104,-2.88288105801542));
#3479=CARTESIAN_POINT('Ctrl Pts',(-0.683813266958878,2.42777828986323,-2.86553814053288));
#3480=CARTESIAN_POINT('Ctrl Pts',(-1.28588677087438,2.16792002144586,-2.83127029479056));
#3481=CARTESIAN_POINT('Ctrl Pts',(-1.55370776758457,1.98476693901756,-2.8147588698949));
#3482=CARTESIAN_POINT('Ctrl Pts',(-2.01429547273836,1.51802045259839,-2.78301060183776));
#3483=CARTESIAN_POINT('Ctrl Pts',(-2.19899660443241,1.23537244113965,-2.76566912595105));
#3484=CARTESIAN_POINT('Ctrl Pts',(-2.44160432825215,0.626074395554181,-2.73139745937106));
#3485=CARTESIAN_POINT('Ctrl Pts',(-2.50178795232099,0.307217004984174,-2.71486950824698));
#3486=CARTESIAN_POINT('Ctrl Pts',(-2.49805770680128,-0.348570933761027,
-2.6831306606214));
#3487=CARTESIAN_POINT('Ctrl Pts',(-2.42910065387938,-0.679133709839087,
-2.6657905368185));
#3488=CARTESIAN_POINT('Ctrl Pts',(-2.17033916865775,-1.2818137089087,-2.63151534256357));
#3489=CARTESIAN_POINT('Ctrl Pts',(-1.98765454718622,-1.5500229520648,-2.61497199226137));
#3490=CARTESIAN_POINT('Ctrl Pts',(-1.52167262475453,-2.01154828477956,-2.58324188806797));
#3491=CARTESIAN_POINT('Ctrl Pts',(-1.23930389422749,-2.19679273570718,-2.56590303067285));
#3492=CARTESIAN_POINT('Ctrl Pts',(-0.630327719752095,-2.44051674195882,
-2.5316245797562));
#3493=CARTESIAN_POINT('Ctrl Pts',(-0.311522883325192,-2.50126181883783,
-2.5150668917751));
#3494=CARTESIAN_POINT('Ctrl Pts',(0.344377980509986,-2.49864693189301,-2.48334489881534));
#3495=CARTESIAN_POINT('Ctrl Pts',(0.675113298363685,-2.43022898636199,-2.46600722610636));
#3496=CARTESIAN_POINT('Ctrl Pts',(1.27831340662979,-2.17241001344918,-2.43172576900408));
#3497=CARTESIAN_POINT('Ctrl Pts',(1.54685604892967,-1.99012763136766,-2.41515474139151));
#3498=CARTESIAN_POINT('Ctrl Pts',(2.00918563860646,-1.5248026062672,-2.38344026986779));
#3499=CARTESIAN_POINT('Ctrl Pts',(2.19489600634888,-1.24267432667678,-2.36610370413461));
#3500=CARTESIAN_POINT('Ctrl Pts',(2.43879193322637,-0.635930435476654,-2.33192959897661));
#3501=CARTESIAN_POINT('Ctrl Pts',(2.49999999808488,-0.319392691614215,-2.31542164339466));
#3502=CARTESIAN_POINT('Ctrl Pts',(2.50000000000001,-1.49903697094222E-8,
-2.3000000007238));
#3503=CARTESIAN_POINT('Ctrl Pts',(2.5,-9.56499846320533E-15,-2.2));
#3504=CARTESIAN_POINT('Ctrl Pts',(2.5,-0.018824160370551,-2.20090891086534));
#3505=CARTESIAN_POINT('Ctrl Pts',(2.49978739112817,-0.0376568470371811,
-2.20182248559403));
#3506=CARTESIAN_POINT('Ctrl Pts',(2.49181882721864,-0.390192366642195,-2.2190037775252));
#3507=CARTESIAN_POINT('Ctrl Pts',(2.41752362934058,-0.718994391832633,-2.23636564765377));
#3508=CARTESIAN_POINT('Ctrl Pts',(2.14942777575352,-1.31646949976548,-2.27057621490055));
#3509=CARTESIAN_POINT('Ctrl Pts',(1.96274270223304,-1.58136483897275,-2.28685769575578));
#3510=CARTESIAN_POINT('Ctrl Pts',(1.49024901348391,-2.03485032481498,-2.31874141890291));
#3511=CARTESIAN_POINT('Ctrl Pts',(1.20552201643117,-2.21543143946958,-2.33610087675317));
#3512=CARTESIAN_POINT('Ctrl Pts',(0.593824433138845,-2.44959923913565,-2.3703196047796));
#3513=CARTESIAN_POINT('Ctrl Pts',(0.274568598395055,-2.5055370317076,-2.38663191468483));
#3514=CARTESIAN_POINT('Ctrl Pts',(-0.38033454014818,-2.49336064095032,-2.41849696328221));
#3515=CARTESIAN_POINT('Ctrl Pts',(-0.709561487887193,-2.42032757036132,
-2.4358541079406));
#3516=CARTESIAN_POINT('Ctrl Pts',(-1.30827628969581,-2.15443909121953,-2.47008038541384));
#3517=CARTESIAN_POINT('Ctrl Pts',(-1.57395729215895,-1.96870285063647,-2.48642176339732));
#3518=CARTESIAN_POINT('Ctrl Pts',(-2.02935636833622,-1.4977500130991,-2.51826935947329));
#3519=CARTESIAN_POINT('Ctrl Pts',(-2.21104831667511,-1.21357683017483,-2.53562429348564));
#3520=CARTESIAN_POINT('Ctrl Pts',(-2.44748742302786,-0.6025191033395,-2.56985755264307));
#3521=CARTESIAN_POINT('Ctrl Pts',(-2.50456800821655,-0.283370699012066,
-2.58622629214092));
#3522=CARTESIAN_POINT('Ctrl Pts',(-2.49466689977631,0.371775962137135,-2.61805759340352));
#3523=CARTESIAN_POINT('Ctrl Pts',(-2.42273070956945,0.70136784814255,-2.63541042123251));
#3524=CARTESIAN_POINT('Ctrl Pts',(-2.15876036459292,1.30115544551428,-2.6696501351744));
#3525=CARTESIAN_POINT('Ctrl Pts',(-1.97384719331124,1.5675181493838,-2.68604458970473));
#3526=CARTESIAN_POINT('Ctrl Pts',(-1.50423283072186,2.02457383432506,-2.71786069066853));
#3527=CARTESIAN_POINT('Ctrl Pts',(-1.2205428629003,2.20722700248515,-2.73521151738821));
#3528=CARTESIAN_POINT('Ctrl Pts',(-0.610043022014849,2.44563401066224,-2.7694571974656));
#3529=CARTESIAN_POINT('Ctrl Pts',(-0.290987571975959,2.50370461534893,-2.78587578483803));
#3530=CARTESIAN_POINT('Ctrl Pts',(0.364366852020076,2.49577348050912,-2.81767771830628));
#3531=CARTESIAN_POINT('Ctrl Pts',(0.694271679407494,2.4247876788603,-2.83502664851068));
#3532=CARTESIAN_POINT('Ctrl Pts',(1.29498536809166,2.16247914772334,-2.86927784181991));
#3533=CARTESIAN_POINT('Ctrl Pts',(1.56193792313909,1.97827799674318,-2.88571904706509));
#3534=CARTESIAN_POINT('Ctrl Pts',(2.02042417938421,1.50982288446314,-2.91750778589858));
#3535=CARTESIAN_POINT('Ctrl Pts',(2.20390707325304,1.22655301888868,-2.93485492280158));
#3536=CARTESIAN_POINT('Ctrl Pts',(2.44111256853526,0.623910976338233,-2.96869716455486));
#3537=CARTESIAN_POINT('Ctrl Pts',(2.5,0.313281600865096,-2.98487342620699));
#3538=CARTESIAN_POINT('Ctrl Pts',(2.5,-7.14706072102445E-15,-3.));
#3539=CARTESIAN_POINT('Origin',(0.,-3.03576608295941E-15,-12.5));
#3540=CARTESIAN_POINT('',(2.5,1.56358885187353E-14,-3.9));
#3541=CARTESIAN_POINT('',(2.5,6.07238939124236E-9,-3.7999999994136));
#3542=CARTESIAN_POINT('',(2.5,-3.34192778274625E-15,-12.5));
#3543=CARTESIAN_POINT('Ctrl Pts',(2.5,3.46137048202169E-14,-3.9));
#3544=CARTESIAN_POINT('Ctrl Pts',(2.5,0.0328263810124021,-3.89841500211513));
#3545=CARTESIAN_POINT('Ctrl Pts',(2.49935346250249,0.0656771139051024,-3.89681589766758));
#3546=CARTESIAN_POINT('Ctrl Pts',(2.48532830492393,0.421248491608815,-3.87936688966713));
#3547=CARTESIAN_POINT('Ctrl Pts',(2.41018489950129,0.738433147618379,-3.86254899159237));
#3548=CARTESIAN_POINT('Ctrl Pts',(2.14005651873744,1.3340944334029,-3.82838535288266));
#3549=CARTESIAN_POINT('Ctrl Pts',(1.94474755697686,1.60547852500542,-3.81179114804887));
#3550=CARTESIAN_POINT('Ctrl Pts',(1.46583054651351,2.05075234608587,-3.77976151278903));
#3551=CARTESIAN_POINT('Ctrl Pts',(1.18902880247169,2.22270600782432,-3.76295726906317));
#3552=CARTESIAN_POINT('Ctrl Pts',(0.577407015795849,2.45487647976395,-3.72878214737566));
#3553=CARTESIAN_POINT('Ctrl Pts',(0.247312915641337,2.50970225456539,-3.7121353689932));
#3554=CARTESIAN_POINT('Ctrl Pts',(-0.406411325585494,2.48777316471676,-3.68013218861179));
#3555=CARTESIAN_POINT('Ctrl Pts',(-0.723851792275296,2.41457877157957,-3.66334091915048));
#3556=CARTESIAN_POINT('Ctrl Pts',(-1.32143079527595,2.14797515900683,-3.62915518022635));
#3557=CARTESIAN_POINT('Ctrl Pts',(-1.59435817006728,1.9539569129229,-3.61245822218815));
#3558=CARTESIAN_POINT('Ctrl Pts',(-2.0424868108926,1.47728732947043,-3.58048000590881));
#3559=CARTESIAN_POINT('Ctrl Pts',(-2.21590147655869,1.20161430852443,-3.56370104167652));
#3560=CARTESIAN_POINT('Ctrl Pts',(-2.44787258516446,0.600943147862955,-3.5300586502525));
#3561=CARTESIAN_POINT('Ctrl Pts',(-2.50474593260443,0.281775272421687,-3.5137002323366));
#3562=CARTESIAN_POINT('Ctrl Pts',(-2.49443232062004,-0.373327522074194,
-3.4818627990725));
#3563=CARTESIAN_POINT('Ctrl Pts',(-2.4222972042577,-0.702853523765392,-3.46450917389651));
#3564=CARTESIAN_POINT('Ctrl Pts',(-2.15797900804826,-1.30244687839214,-3.43027188179934));
#3565=CARTESIAN_POINT('Ctrl Pts',(-1.97291667222477,-1.56868602607011,-3.41388712322902));
#3566=CARTESIAN_POINT('Ctrl Pts',(-1.50305961204279,-2.0254417161452,-3.38206530368615));
#3567=CARTESIAN_POINT('Ctrl Pts',(-1.21928187911464,-2.20792084811541,-3.36471372001606));
#3568=CARTESIAN_POINT('Ctrl Pts',(-0.60868073770365,-2.44597137839718,-3.33047027827452));
#3569=CARTESIAN_POINT('Ctrl Pts',(-0.289608457711662,-2.50386265216772,
-3.31406078637115));
#3570=CARTESIAN_POINT('Ctrl Pts',(0.365708552685567,-2.49557475851277,-3.28225352421495));
#3571=CARTESIAN_POINT('Ctrl Pts',(0.695556915302291,-2.42441679610656,-3.26490387715571));
#3572=CARTESIAN_POINT('Ctrl Pts',(1.29610307992373,-2.16180724014606,-3.23065475212729));
#3573=CARTESIAN_POINT('Ctrl Pts',(1.56294883961677,-1.97747718465726,-3.2142220679774));
#3574=CARTESIAN_POINT('Ctrl Pts',(2.02117627910491,-1.50881210848797,-3.18242836752567));
#3575=CARTESIAN_POINT('Ctrl Pts',(2.20450908412012,-1.22546604496942,-3.16508055323753));
#3576=CARTESIAN_POINT('Ctrl Pts',(2.44126703015844,-0.623102303084646,-3.13126070001396));
#3577=CARTESIAN_POINT('Ctrl Pts',(2.5,-0.312870605971057,-3.11510672920407));
#3578=CARTESIAN_POINT('Ctrl Pts',(2.5,-1.08246744900953E-14,-3.1));
#3579=CARTESIAN_POINT('Ctrl Pts',(2.5,-9.5721467862308E-15,-3.));
#3580=CARTESIAN_POINT('Ctrl Pts',(2.5,-0.00791760295945764,-3.00038229568893));
#3581=CARTESIAN_POINT('Ctrl Pts',(2.49996238695434,-0.0158368279419039,
-3.00076542195689));
#3582=CARTESIAN_POINT('Ctrl Pts',(2.49671097158247,-0.357968859873911,-3.01735004609658));
#3583=CARTESIAN_POINT('Ctrl Pts',(2.42654647612026,-0.688141696363154,-3.03469549080142));
#3584=CARTESIAN_POINT('Ctrl Pts',(2.1656739586054,-1.28965314317041,-3.06895648300781));
#3585=CARTESIAN_POINT('Ctrl Pts',(1.98208729788025,-1.55711484352709,-3.08543865614347));
#3586=CARTESIAN_POINT('Ctrl Pts',(1.51463364409255,-2.01683381855843,-3.11720369465921));
#3587=CARTESIAN_POINT('Ctrl Pts',(1.23172787646019,-2.20103142334752,-3.13454754557682));
#3588=CARTESIAN_POINT('Ctrl Pts',(0.622132675638295,-2.44260531618588,-3.16881288346123));
#3589=CARTESIAN_POINT('Ctrl Pts',(0.303226584622394,-2.5022689401765,-3.18531354653506));
#3590=CARTESIAN_POINT('Ctrl Pts',(-0.352455919415222,-2.49750535653855,
-3.21706797008498));
#3591=CARTESIAN_POINT('Ctrl Pts',(-0.682858037958187,-2.42804901229957,
-3.23441032248223));
#3592=CARTESIAN_POINT('Ctrl Pts',(-1.28505544208061,-2.1684146062435,-3.26867967340852));
#3593=CARTESIAN_POINT('Ctrl Pts',(-1.55295570726084,-1.98535717411488,-3.2851975898271));
#3594=CARTESIAN_POINT('Ctrl Pts',(-2.01373494115804,-1.51876675403567,-3.31694215290962));
#3595=CARTESIAN_POINT('Ctrl Pts',(-2.19854706844837,-1.23617569981474,-3.33428309856953));
#3596=CARTESIAN_POINT('Ctrl Pts',(-2.441382775949,-0.626943305656373,-3.36855615489183));
#3597=CARTESIAN_POINT('Ctrl Pts',(-2.50168106972186,-0.308096650994493,
-3.38509015633845));
#3598=CARTESIAN_POINT('Ctrl Pts',(-2.49817865222931,0.347714428411313,-3.41682556473343));
#3599=CARTESIAN_POINT('Ctrl Pts',(-2.42933170419455,0.678312521849835,-3.4341651917116));
#3600=CARTESIAN_POINT('Ctrl Pts',(-2.17076271501998,1.28109882748911,-3.46844166898084));
#3601=CARTESIAN_POINT('Ctrl Pts',(-1.98816027040731,1.54937618094515,-3.48499065383907));
#3602=CARTESIAN_POINT('Ctrl Pts',(-1.52231252025473,2.01106588433103,-3.51671756703518));
#3603=CARTESIAN_POINT('Ctrl Pts',(-1.23999286483284,2.1964055664121,-3.53405595949768));
#3604=CARTESIAN_POINT('Ctrl Pts',(-0.631073239023951,2.44032531158038,-3.56833559478151));
#3605=CARTESIAN_POINT('Ctrl Pts',(-0.31227761474416,2.50116883676296,-3.58489852620987));
#3606=CARTESIAN_POINT('Ctrl Pts',(0.343642952257348,2.4987494848735,-3.61661755982155));
#3607=CARTESIAN_POINT('Ctrl Pts',(0.674408425828178,2.4304260706345,-3.63395479795152));
#3608=CARTESIAN_POINT('Ctrl Pts',(1.27769963047475,2.17277236336077,-3.66823734826336));
#3609=CARTESIAN_POINT('Ctrl Pts',(1.54630071039549,1.99056048114752,-3.68481325200165));
#3610=CARTESIAN_POINT('Ctrl Pts',(2.00877118192649,1.52535062828729,-3.71652498015477));
#3611=CARTESIAN_POINT('Ctrl Pts',(2.1945631529221,1.24326455367913,-3.73386114011619));
#3612=CARTESIAN_POINT('Ctrl Pts',(2.43870590711787,0.63637140880221,-3.76804738842557));
#3613=CARTESIAN_POINT('Ctrl Pts',(2.49999999844733,0.319616981216686,-3.78456752695259));
#3614=CARTESIAN_POINT('Ctrl Pts',(2.5,1.21447798345775E-8,-3.7999999994136));
#3615=CARTESIAN_POINT('Origin',(0.,-3.03576608295941E-15,-12.5));
#3616=CARTESIAN_POINT('',(2.5,8.19146659284084E-14,-4.69999999999999));
#3617=CARTESIAN_POINT('',(2.5,-4.90831063856331E-9,-4.60000000047399));
#3618=CARTESIAN_POINT('',(2.5,-3.34192778274625E-15,-12.5));
#3619=CARTESIAN_POINT('Ctrl Pts',(2.5,1.67171259639563E-13,-4.69999999999999));
#3620=CARTESIAN_POINT('Ctrl Pts',(2.5,0.0592232315306487,-4.69714044942462));
#3621=CARTESIAN_POINT('Ctrl Pts',(2.49789561888727,0.11850919761629,-4.69423578213479));
#3622=CARTESIAN_POINT('Ctrl Pts',(2.47063834649233,0.500910633216995,-4.67522666204493));
#3623=CARTESIAN_POINT('Ctrl Pts',(2.38500382519998,0.816514466782928,-4.65827527051244));
#3624=CARTESIAN_POINT('Ctrl Pts',(2.09604081300819,1.40165170359696,-4.62424308520929));
#3625=CARTESIAN_POINT('Ctrl Pts',(1.89383806697475,1.66474317322879,-4.60814772746007));
#3626=CARTESIAN_POINT('Ctrl Pts',(1.40288512049091,2.09446408102986,-4.57584800406628));
#3627=CARTESIAN_POINT('Ctrl Pts',(1.12009340086717,2.2583689043657,-4.55891551550271));
#3628=CARTESIAN_POINT('Ctrl Pts',(0.50286454452405,2.47090532526062,-4.52486234156338));
#3629=CARTESIAN_POINT('Ctrl Pts',(0.173701233848141,2.51556132385414,-4.50869826396829));
#3630=CARTESIAN_POINT('Ctrl Pts',(-0.477704376038335,2.47519112493622,-4.47643821483006));
#3631=CARTESIAN_POINT('Ctrl Pts',(-0.793805039570888,2.3926174245444,-4.45952405064271));
#3632=CARTESIAN_POINT('Ctrl Pts',(-1.38204794084276,2.10912627755613,-4.42545134789854));
#3633=CARTESIAN_POINT('Ctrl Pts',(-1.64755658507126,1.90892628664848,-4.40921998291459));
#3634=CARTESIAN_POINT('Ctrl Pts',(-2.08184852865451,1.42147468686695,-4.37699789877906));
#3635=CARTESIAN_POINT('Ctrl Pts',(-2.24813420693929,1.14041542518708,-4.3601014435858));
#3636=CARTESIAN_POINT('Ctrl Pts',(-2.46643066628478,0.524792118963308,-4.32601059169493));
#3637=CARTESIAN_POINT('Ctrl Pts',(-2.51405922167106,0.19535194400243,-4.30971361068642));
#3638=CARTESIAN_POINT('Ctrl Pts',(-2.47910652046934,-0.456760554791096,
-4.27752777988678));
#3639=CARTESIAN_POINT('Ctrl Pts',(-2.39929192859976,-0.773283889280154,
-4.26064838951077));
#3640=CARTESIAN_POINT('Ctrl Pts',(-2.12074933480192,-1.36430138899044,-4.22654068836681));
#3641=CARTESIAN_POINT('Ctrl Pts',(-1.92236040539164,-1.63199040336497,-4.21017996318209));
#3642=CARTESIAN_POINT('Ctrl Pts',(-1.43807201908518,-2.07037885312245,-4.17802868238052));
#3643=CARTESIAN_POINT('Ctrl Pts',(-1.15858520632464,-2.23878755042676,-4.16116569135701));
#3644=CARTESIAN_POINT('Ctrl Pts',(-0.544430552345557,-2.46225350768186,
-4.12704236231129));
#3645=CARTESIAN_POINT('Ctrl Pts',(-0.214744453838697,-2.51255746182634,
-4.11061992869464));
#3646=CARTESIAN_POINT('Ctrl Pts',(0.437983560691997,-2.48246147682834,-4.07850151249026));
#3647=CARTESIAN_POINT('Ctrl Pts',(0.754865213234597,-2.4051178862818,-4.06165424101462));
#3648=CARTESIAN_POINT('Ctrl Pts',(1.34834760120265,-2.1310205037923,-4.02751642876358));
#3649=CARTESIAN_POINT('Ctrl Pts',(1.61799064711985,-1.93425855991896,-4.01103445202753));
#3650=CARTESIAN_POINT('Ctrl Pts',(2.06002908033756,-1.45280898340869,-3.97894724141898));
#3651=CARTESIAN_POINT('Ctrl Pts',(2.23032069125805,-1.17473897914152,-3.96211500168875));
#3652=CARTESIAN_POINT('Ctrl Pts',(2.44692705069786,-0.592739608951615,-3.92968145904385));
#3653=CARTESIAN_POINT('Ctrl Pts',(2.5,-0.297419957568473,-3.91436070590565));
#3654=CARTESIAN_POINT('Ctrl Pts',(2.5,3.73312492030209E-14,-3.9));
#3655=CARTESIAN_POINT('Ctrl Pts',(2.5,1.21447810487145E-8,-3.7999999994136));
#3656=CARTESIAN_POINT('Ctrl Pts',(2.5000000000092,-0.00189329976969654,
-3.80009141659945));
#3657=CARTESIAN_POINT('Ctrl Pts',(2.49999784924035,-0.00378670799407208,
-3.80018288145106));
#3658=CARTESIAN_POINT('Ctrl Pts',(2.4992335981025,-0.340151609058679,-3.81643930059494));
#3659=CARTESIAN_POINT('Ctrl Pts',(2.43135930534801,-0.67105995002983,-3.83377445454353));
#3660=CARTESIAN_POINT('Ctrl Pts',(2.1744907746787,-1.27478353519111,-3.86806217850134));
#3661=CARTESIAN_POINT('Ctrl Pts',(1.99261371084547,-1.54366216048203,-3.88466134230371));
#3662=CARTESIAN_POINT('Ctrl Pts',(1.52795099177822,-2.00680138639509,-3.916360027588));
#3663=CARTESIAN_POINT('Ctrl Pts',(1.24606560696298,-2.19298067395684,-3.93369424372035));
#3664=CARTESIAN_POINT('Ctrl Pts',(0.637646255683572,-2.43862720083606,-3.96798425924731));
#3665=CARTESIAN_POINT('Ctrl Pts',(0.318931860131922,-2.50033920283027,-3.98459382349927));
#3666=CARTESIAN_POINT('Ctrl Pts',(-0.33716125937908,-2.49964429384041,-4.01628669982513));
#3667=CARTESIAN_POINT('Ctrl Pts',(-0.668191480245203,-2.43215481094013,
-4.03362004245855));
#3668=CARTESIAN_POINT('Ctrl Pts',(-1.27228497831723,-2.17595901716514,-4.06791217265379));
#3669=CARTESIAN_POINT('Ctrl Pts',(-1.541401283535,-1.9943686594313,-4.08453138835123));
#3670=CARTESIAN_POINT('Ctrl Pts',(-2.00511274162079,-1.53017465787505,-4.11621888659553));
#3671=CARTESIAN_POINT('Ctrl Pts',(-2.19162338125892,-1.24846145123069,-4.13355141627191));
#3672=CARTESIAN_POINT('Ctrl Pts',(-2.43795190826441,-0.640240384223783,
-4.1678454977898));
#3673=CARTESIAN_POINT('Ctrl Pts',(-2.50000691025148,-0.321558051321684,
-4.1844736656231));
#3674=CARTESIAN_POINT('Ctrl Pts',(-2.49999281060018,0.334602593031095,-4.21615618614997));
#3675=CARTESIAN_POINT('Ctrl Pts',(-2.43283268611221,0.665736743041174,-4.23348795975811));
#3676=CARTESIAN_POINT('Ctrl Pts',(-2.17724948681275,1.27005942341165,-4.26777890396411));
#3677=CARTESIAN_POINT('Ctrl Pts',(-1.99593628425068,1.53939732364216,-4.2844099522473));
#3678=CARTESIAN_POINT('Ctrl Pts',(-1.53218732679781,2.0035540765431,-4.31609640195477));
#3679=CARTESIAN_POINT('Ctrl Pts',(-1.25069811109032,2.19035852947648,-4.33341812374491));
#3680=CARTESIAN_POINT('Ctrl Pts',(-0.642714818664112,2.43729237464573,-4.36771283085373));
#3681=CARTESIAN_POINT('Ctrl Pts',(-0.32407181071394,2.49969864874115,-4.38434640176261));
#3682=CARTESIAN_POINT('Ctrl Pts',(0.332023147391782,2.50031094922956,-4.41603771469365));
#3683=CARTESIAN_POINT('Ctrl Pts',(0.663141736284888,2.43354182744116,-4.43334847892143));
#3684=CARTESIAN_POINT('Ctrl Pts',(1.26777006821707,2.17858818967283,-4.46764159005971));
#3685=CARTESIAN_POINT('Ctrl Pts',(1.5373253405289,1.99753787528036,-4.48427787623205));
#3686=CARTESIAN_POINT('Ctrl Pts',(2.00190886331967,1.53431414631737,-4.51597442764284));
#3687=CARTESIAN_POINT('Ctrl Pts',(2.18896023123282,1.25311607169135,-4.53327340831451));
#3688=CARTESIAN_POINT('Ctrl Pts',(2.43656620096405,0.64548000787863,-4.56756479223401));
#3689=CARTESIAN_POINT('Ctrl Pts',(2.49933856700396,0.32687189592734,-4.58420400005391));
#3690=CARTESIAN_POINT('Ctrl Pts',(2.49999826714767,0.00339895894828031,
-4.5998358490871));
#3691=CARTESIAN_POINT('Ctrl Pts',(2.50000000000668,0.00169943403424029,
-4.59991794406626));
#3692=CARTESIAN_POINT('Ctrl Pts',(2.5,-9.81662556923697E-9,-4.60000000047399));
#3693=CARTESIAN_POINT('Origin',(0.,-3.03576608295941E-15,-12.5));
#3694=CARTESIAN_POINT('',(2.5,8.19146659284084E-14,-5.49999999999999));
#3695=CARTESIAN_POINT('',(2.5,-5.69552235563932E-15,-5.4));
#3696=CARTESIAN_POINT('',(2.5,-3.34192778274625E-15,-12.5));
#3697=CARTESIAN_POINT('Ctrl Pts',(2.5,1.67171259639563E-13,-5.49999999999999));
#3698=CARTESIAN_POINT('Ctrl Pts',(2.5,0.0978551789746648,-5.49527513399542));
#3699=CARTESIAN_POINT('Ctrl Pts',(2.49425497610319,0.195814485131359,-5.49043033980786));
#3700=CARTESIAN_POINT('Ctrl Pts',(2.44453074318461,0.616610927368698,-5.46911800559253));
#3701=CARTESIAN_POINT('Ctrl Pts',(2.34357749811635,0.92928321503383,-5.45200178714198));
#3702=CARTESIAN_POINT('Ctrl Pts',(2.02748516785634,1.4984340634974,-5.41819890658884));
#3703=CARTESIAN_POINT('Ctrl Pts',(1.81533537087245,1.74944393541646,-5.40266326674405));
#3704=CARTESIAN_POINT('Ctrl Pts',(1.30696756943205,2.15583767285785,-5.369989223177));
#3705=CARTESIAN_POINT('Ctrl Pts',(1.01570063818873,2.30740857828272,-5.35289419355493));
#3706=CARTESIAN_POINT('Ctrl Pts',(0.390807814283095,2.49068838929139,-5.3190561027247));
#3707=CARTESIAN_POINT('Ctrl Pts',(0.0630867515424919,2.52037174179267,-5.30345353265951));
#3708=CARTESIAN_POINT('Ctrl Pts',(-0.584381508054976,2.45237926666668,-5.27083115008647));
#3709=CARTESIAN_POINT('Ctrl Pts',(-0.897947365159029,2.35570305250893,-5.25375732690496));
#3710=CARTESIAN_POINT('Ctrl Pts',(-1.47163680771529,2.0471451892026,-5.21988599298264));
#3711=CARTESIAN_POINT('Ctrl Pts',(-1.72601841993509,1.83776254691033,-5.20421465690481));
#3712=CARTESIAN_POINT('Ctrl Pts',(-2.13900419884975,1.33424035275075,-5.17164273912459));
#3713=CARTESIAN_POINT('Ctrl Pts',(-2.29409036184888,1.0453061598258,-5.15459003892076));
#3714=CARTESIAN_POINT('Ctrl Pts',(-2.48561411727774,0.422491113555011,-5.12068739318104));
#3715=CARTESIAN_POINT('Ctrl Pts',(-2.5194966056478,0.0943586922957882,-5.10494597280639));
#3716=CARTESIAN_POINT('Ctrl Pts',(-2.45930629904862,-0.554278209398319,
-5.07242320657189));
#3717=CARTESIAN_POINT('Ctrl Pts',(-2.36661805747917,-0.86862468959819,-5.05539145102485));
#3718=CARTESIAN_POINT('Ctrl Pts',(-2.06511245674611,-1.44649323343941,-5.02145937749398));
#3719=CARTESIAN_POINT('Ctrl Pts',(-1.8583160479567,-1.70401931251656,-5.00564704987279));
#3720=CARTESIAN_POINT('Ctrl Pts',(-1.35932307886306,-2.12309519855718,-4.97317202028168));
#3721=CARTESIAN_POINT('Ctrl Pts',(-1.07258768510327,-2.28140856561808,-4.95616094341192));
#3722=CARTESIAN_POINT('Ctrl Pts',(-0.451753198074106,-2.48056522968493,
-4.92220126935909));
#3723=CARTESIAN_POINT('Ctrl Pts',(-0.12324299453377,-2.51834902481436,-4.90631767867378));
#3724=CARTESIAN_POINT('Ctrl Pts',(0.526434343453494,-2.46536916949104,-4.8738888847566));
#3725=CARTESIAN_POINT('Ctrl Pts',(0.841456895105072,-2.37636369134905,-4.85689814086075));
#3726=CARTESIAN_POINT('Ctrl Pts',(1.42313994637391,-2.08139521349869,-4.82291262907623));
#3727=CARTESIAN_POINT('Ctrl Pts',(1.68357098458008,-1.87699370892319,-4.8069578536799));
#3728=CARTESIAN_POINT('Ctrl Pts',(2.10822437807172,-1.382193615609,-4.77457372389121));
#3729=CARTESIAN_POINT('Ctrl Pts',(2.26947544720404,-1.09750864095351,-4.75760289597222));
#3730=CARTESIAN_POINT('Ctrl Pts',(2.45686787769438,-0.534890305913039,-4.72668943106452));
#3731=CARTESIAN_POINT('Ctrl Pts',(2.5,-0.268129539208473,-4.71294643940061));
#3732=CARTESIAN_POINT('Ctrl Pts',(2.5,1.660477311205E-13,-4.69999999999999));
#3733=CARTESIAN_POINT('Ctrl Pts',(2.5,-9.81662619248258E-9,-4.60000000047399));
#3734=CARTESIAN_POINT('Ctrl Pts',(2.49999999869433,-0.332515587450325,-4.61605527284457));
#3735=CARTESIAN_POINT('Ctrl Pts',(2.43365865039237,-0.661800166841525,-4.6332813657595));
#3736=CARTESIAN_POINT('Ctrl Pts',(2.1801405945924,-1.2651083148961,-4.66748202114197));
#3737=CARTESIAN_POINT('Ctrl Pts',(1.99939604581657,-1.53491583415026,-4.68412437156176));
#3738=CARTESIAN_POINT('Ctrl Pts',(1.53678272904336,-1.99999480771229,-4.71583263720819));
#3739=CARTESIAN_POINT('Ctrl Pts',(1.25592272849428,-2.18733274198312,-4.73310534115115));
#3740=CARTESIAN_POINT('Ctrl Pts',(0.648690449617083,-2.43571889192188,-4.76739283221345));
#3741=CARTESIAN_POINT('Ctrl Pts',(0.330123386235281,-2.49891643619723,-4.78403856159779));
#3742=CARTESIAN_POINT('Ctrl Pts',(-0.325808506742305,-2.50109684522182,
-4.81575336321867));
#3743=CARTESIAN_POINT('Ctrl Pts',(-0.656854046847132,-2.43521342856054,
-4.83301145039671));
#3744=CARTESIAN_POINT('Ctrl Pts',(-1.2620160194533,-2.18193863574053,-4.86729675108708));
#3745=CARTESIAN_POINT('Ctrl Pts',(-1.53211593481563,-2.00154946522321,-4.88394611207469));
#3746=CARTESIAN_POINT('Ctrl Pts',(-1.99776950429816,-1.53964495670434,-4.91566794550132));
#3747=CARTESIAN_POINT('Ctrl Pts',(-2.18543966882145,-1.259177141575,-4.93291034272398));
#3748=CARTESIAN_POINT('Ctrl Pts',(-2.43473047885331,-0.652414059496453,
-4.96719327216265));
#3749=CARTESIAN_POINT('Ctrl Pts',(-2.498421349183,-0.33389532506371,-4.98384653453999));
#3750=CARTESIAN_POINT('Ctrl Pts',(-2.50157901459868,0.321934033276175,-5.01557593047844));
#3751=CARTESIAN_POINT('Ctrl Pts',(-2.43624699328879,0.652933845088637,-5.0328014950171));
#3752=CARTESIAN_POINT('Ctrl Pts',(-2.18401825198626,1.25842682616427,-5.06708185717984));
#3753=CARTESIAN_POINT('Ctrl Pts',(-2.00404177314966,1.52886524566689,-5.08373930875957));
#3754=CARTESIAN_POINT('Ctrl Pts',(-1.54295951718681,1.99518440795865,-5.11547683479882));
#3755=CARTESIAN_POINT('Ctrl Pts',(-1.26294613859758,2.18323926683453,-5.13268435140968));
#3756=CARTESIAN_POINT('Ctrl Pts',(-0.656727779694307,2.43357780478363,-5.16696193384514));
#3757=CARTESIAN_POINT('Ctrl Pts',(-0.338266000196038,2.49784043240772,-5.18362388134087));
#3758=CARTESIAN_POINT('Ctrl Pts',(0.317443686864928,2.50213034601248,-5.21537014400261));
#3759=CARTESIAN_POINT('Ctrl Pts',(0.648390325680126,2.4374366133531,-5.23255832209228));
#3760=CARTESIAN_POINT('Ctrl Pts',(1.25426531828894,2.18641961558767,-5.26683289453277));
#3761=CARTESIAN_POINT('Ctrl Pts',(1.52509504202705,2.00692191338589,-5.28349966441965));
#3762=CARTESIAN_POINT('Ctrl Pts',(1.99218414414021,1.54679241768702,-5.31525531123679));
#3763=CARTESIAN_POINT('Ctrl Pts',(2.18068380911947,1.26730490840516,-5.33242278223169));
#3764=CARTESIAN_POINT('Ctrl Pts',(2.43223406203512,0.661718305470352,-5.36669409508993));
#3765=CARTESIAN_POINT('Ctrl Pts',(2.49715848861644,0.3433237140186,-5.38336603443894));
#3766=CARTESIAN_POINT('Ctrl Pts',(2.49996961000586,0.0142351378157676,-5.39931205894455));
#3767=CARTESIAN_POINT('Ctrl Pts',(2.5,0.00711688202236377,-5.399656366538));
#3768=CARTESIAN_POINT('Ctrl Pts',(2.5,-9.5721467862308E-15,-5.4));
#3769=CARTESIAN_POINT('Origin',(0.,-3.03576608295941E-15,-12.5));
#3770=CARTESIAN_POINT('',(2.5,4.69547126546176E-15,-6.3));
#3771=CARTESIAN_POINT('',(2.5,4.58942561712352E-15,-6.2));
#3772=CARTESIAN_POINT('',(2.5,-3.34192778274625E-15,-12.5));
#3773=CARTESIAN_POINT('Ctrl Pts',(2.5,1.47104550762833E-14,-6.3));
#3774=CARTESIAN_POINT('Ctrl Pts',(2.5,0.146891021429576,-6.29290747407748));
#3775=CARTESIAN_POINT('Ctrl Pts',(2.48705524965089,0.293822026864044,-6.28555412254949));
#3776=CARTESIAN_POINT('Ctrl Pts',(2.40363267618877,0.761410271268893,-6.26130851345528));
#3777=CARTESIAN_POINT('Ctrl Pts',(2.2833670932624,1.06931100335694,-6.24403643933132));
#3778=CARTESIAN_POINT('Ctrl Pts',(1.93357339203257,1.61721753340891,-6.21058529779144));
#3779=CARTESIAN_POINT('Ctrl Pts',(1.70896103267236,1.85298447255378,-6.19545624860188));
#3780=CARTESIAN_POINT('Ctrl Pts',(1.17883994123593,2.22875851930473,-6.16234425709394));
#3781=CARTESIAN_POINT('Ctrl Pts',(0.877385706813118,2.36372935133073,-6.14508934242985));
#3782=CARTESIAN_POINT('Ctrl Pts',(0.243706693516456,2.50896695133164,-6.11158786106799));
#3783=CARTESIAN_POINT('Ctrl Pts',(-0.0820917725685487,2.51943838158995,
-6.09642502621797));
#3784=CARTESIAN_POINT('Ctrl Pts',(-0.723549894234082,2.41523049785184,-6.06336853060282));
#3785=CARTESIAN_POINT('Ctrl Pts',(-1.03282000865294,2.30002999172078,-6.04613163838687));
#3786=CARTESIAN_POINT('Ctrl Pts',(-1.58641995088497,1.95903033227035,-6.01258147542455));
#3787=CARTESIAN_POINT('Ctrl Pts',(-1.82619067129215,1.73768706764807,-5.99737914029174));
#3788=CARTESIAN_POINT('Ctrl Pts',(-2.21013910160678,1.21325398993396,-5.96437830270996));
#3789=CARTESIAN_POINT('Ctrl Pts',(-2.34958220189034,0.914414715325246,-5.94716020410968));
#3790=CARTESIAN_POINT('Ctrl Pts',(-2.50493497597633,0.282945634968414,-5.91356312426763));
#3791=CARTESIAN_POINT('Ctrl Pts',(-2.52049146259534,-0.0433658872444909,
-5.89831593898937));
#3792=CARTESIAN_POINT('Ctrl Pts',(-2.42594869486239,-0.686522657905161,
-5.86537072766549));
#3793=CARTESIAN_POINT('Ctrl Pts',(-2.3156910815749,-0.997047822014517,-5.84817209414672));
#3794=CARTESIAN_POINT('Ctrl Pts',(-1.98330210566051,-1.55611945462468,-5.81452994827272));
#3795=CARTESIAN_POINT('Ctrl Pts',(-1.76514677306849,-1.7997921433874,-5.79923298271474));
#3796=CARTESIAN_POINT('Ctrl Pts',(-1.2462754008083,-2.19161626173827,-5.76634317426697));
#3797=CARTESIAN_POINT('Ctrl Pts',(-0.950027756398209,-2.33534131169365,
-5.74916457164874));
#3798=CARTESIAN_POINT('Ctrl Pts',(-0.320780106282983,-2.50046786628638,
-5.71547927633689));
#3799=CARTESIAN_POINT('Ctrl Pts',(0.00602656137401597,-2.52095266303417,
-5.70012806513668));
#3800=CARTESIAN_POINT('Ctrl Pts',(0.650754864343729,-2.43572369224233,-5.66729324945933));
#3801=CARTESIAN_POINT('Ctrl Pts',(0.962414532958762,-2.3302309170842,-5.65013513397987));
#3802=CARTESIAN_POINT('Ctrl Pts',(1.52668337806637,-2.00617229785301,-5.61640865162158));
#3803=CARTESIAN_POINT('Ctrl Pts',(1.77411428039498,-1.79109080555149,-5.60099922867625));
#3804=CARTESIAN_POINT('Ctrl Pts',(2.17343996661359,-1.27759234943222,-5.56821881621146));
#3805=CARTESIAN_POINT('Ctrl Pts',(2.32121739893878,-0.983879001605001,-5.55108153260947));
#3806=CARTESIAN_POINT('Ctrl Pts',(2.46934564130652,-0.451479980141822,-5.5224124689979));
#3807=CARTESIAN_POINT('Ctrl Pts',(2.5,-0.226047540333944,-5.51091454075232));
#3808=CARTESIAN_POINT('Ctrl Pts',(2.5,1.69725344889571E-13,-5.49999999999999));
#3809=CARTESIAN_POINT('Ctrl Pts',(2.5,-9.78384040450919E-15,-5.4));
#3810=CARTESIAN_POINT('Ctrl Pts',(2.5,-0.326364244585727,-5.41575825971105));
#3811=CARTESIAN_POINT('Ctrl Pts',(2.43609114824432,-0.649717094379806,-5.43264929345423));
#3812=CARTESIAN_POINT('Ctrl Pts',(2.18918726625301,-1.24944619745059,-5.46654485378172));
#3813=CARTESIAN_POINT('Ctrl Pts',(2.01024437204013,-1.52072748737621,-5.48322233105311));
#3814=CARTESIAN_POINT('Ctrl Pts',(1.55121739145471,-1.98870581706529,-5.51499886327346));
#3815=CARTESIAN_POINT('Ctrl Pts',(1.2723374767236,-2.17771894304112,-5.53212049101636));
#3816=CARTESIAN_POINT('Ctrl Pts',(0.667482690417661,-2.43066828467422,-5.56638445041634));
#3817=CARTESIAN_POINT('Ctrl Pts',(0.349167440795031,-2.49635758088746,-5.58306785619559));
#3818=CARTESIAN_POINT('Ctrl Pts',(-0.3062397321891,-2.50347098979643,-5.61485598209167));
#3819=CARTESIAN_POINT('Ctrl Pts',(-0.637052895407925,-2.44036636698217,
-5.63195230746119));
#3820=CARTESIAN_POINT('Ctrl Pts',(-1.24387354667387,-2.19237010138857,-5.66621212569735));
#3821=CARTESIAN_POINT('Ctrl Pts',(-1.51567491368031,-2.0140692650418,-5.68290187335425));
#3822=CARTESIAN_POINT('Ctrl Pts',(-1.98467835071069,-1.55631612982693,-5.71470242522812));
#3823=CARTESIAN_POINT('Ctrl Pts',(-2.17428306010246,-1.27813698708026,-5.73177174822643));
#3824=CARTESIAN_POINT('Ctrl Pts',(-2.42884480245966,-0.674128745290029,
-5.76602708085588));
#3825=CARTESIAN_POINT('Ctrl Pts',(-2.49541655389329,-0.355907286765048,
-5.78272360710474));
#3826=CARTESIAN_POINT('Ctrl Pts',(-2.50427520758764,0.29930997986335,-5.81453746840653));
#3827=CARTESIAN_POINT('Ctrl Pts',(-2.44215099434722,0.630040030651656,-5.83157800384978));
#3828=CARTESIAN_POINT('Ctrl Pts',(-2.19602116042629,1.23744025305662,-5.86582847762257));
#3829=CARTESIAN_POINT('Ctrl Pts',(-2.0184622046696,1.50983923270213,-5.88253224295844));
#3830=CARTESIAN_POINT('Ctrl Pts',(-1.56217825126424,1.98002191243756,-5.91436035007076));
#3831=CARTESIAN_POINT('Ctrl Pts',(-1.28480568740821,2.17030671980356,-5.93137022808496));
#3832=CARTESIAN_POINT('Ctrl Pts',(-0.681775119360662,2.42672266993636,-5.96561543860574));
#3833=CARTESIAN_POINT('Ctrl Pts',(-0.363664642635194,2.49431049184725,-5.98232692758883));
#3834=CARTESIAN_POINT('Ctrl Pts',(0.291331326774827,2.50517753199551,-6.01417027144478));
#3835=CARTESIAN_POINT('Ctrl Pts',(0.621965176683137,2.44417981897215,-6.03114753891799));
#3836=CARTESIAN_POINT('Ctrl Pts',(1.23002769156693,2.20019712760036,-6.06538704814949));
#3837=CARTESIAN_POINT('Ctrl Pts',(1.50311156817538,2.02349385832407,-6.08210676950648));
#3838=CARTESIAN_POINT('Ctrl Pts',(1.97464748816033,1.56890089708557,-6.11396639699473));
#3839=CARTESIAN_POINT('Ctrl Pts',(2.16571218465929,1.29245449781716,-6.13090902014557));
#3840=CARTESIAN_POINT('Ctrl Pts',(2.42425509452112,0.690550924274654,-6.16514235375254));
#3841=CARTESIAN_POINT('Ctrl Pts',(2.49301011887542,0.372571888360113,-6.18187084026074));
#3842=CARTESIAN_POINT('Ctrl Pts',(2.4998315383356,0.0335195295144399,-6.19837816471154));
#3843=CARTESIAN_POINT('Ctrl Pts',(2.5,0.0167561941751309,-6.19919093937538));
#3844=CARTESIAN_POINT('Ctrl Pts',(2.5,1.25207790169933E-14,-6.2));
#3845=CARTESIAN_POINT('Origin',(0.,-3.03576608295941E-15,-12.5));
#3846=CARTESIAN_POINT('',(2.5,-3.0849012757303E-14,-7.1));
#3847=CARTESIAN_POINT('',(2.5,2.66823514203477E-14,-7.));
#3848=CARTESIAN_POINT('',(2.5,-3.34192778274625E-15,-12.5));
#3849=CARTESIAN_POINT('Ctrl Pts',(2.5,-5.14865927669916E-14,-7.1));
#3850=CARTESIAN_POINT('Ctrl Pts',(2.50000000000001,0.198872256504283,-7.09039759802335));
#3851=CARTESIAN_POINT('Ctrl Pts',(2.47627324327277,0.397442641690833,-7.08033523654879));
#3852=CARTESIAN_POINT('Ctrl Pts',(2.35106604220738,0.911614266083939,-7.05300469034754));
#3853=CARTESIAN_POINT('Ctrl Pts',(2.21059306487564,1.21319404451091,-7.03563367097659));
#3854=CARTESIAN_POINT('Ctrl Pts',(1.82594222154199,1.73747688422001,-7.00262603926701));
#3855=CARTESIAN_POINT('Ctrl Pts',(1.58820269079076,1.95716700059419,-6.98754186950625));
#3856=CARTESIAN_POINT('Ctrl Pts',(1.03546934133802,2.29917139634115,-6.95401345461882));
#3857=CARTESIAN_POINT('Ctrl Pts',(0.724022695357073,2.41540570065042,-6.93665079419898));
#3858=CARTESIAN_POINT('Ctrl Pts',(0.0822003002533969,2.51917366182718,-6.90358550835756));
#3859=CARTESIAN_POINT('Ctrl Pts',(-0.241503214272493,2.50891777923002,-6.88851754887958));
#3860=CARTESIAN_POINT('Ctrl Pts',(-0.875208228949894,2.36478924949378,-6.85503699346529));
#3861=CARTESIAN_POINT('Ctrl Pts',(-1.17845355387868,2.22923099931927,-6.83768384893842));
#3862=CARTESIAN_POINT('Ctrl Pts',(-1.7086204354221,1.85303132490448,-6.80456113393526));
#3863=CARTESIAN_POINT('Ctrl Pts',(-1.93224087154329,1.61850347748572,-6.78950344349106));
#3864=CARTESIAN_POINT('Ctrl Pts',(-2.28264066306618,1.0712607192762,-6.75607222988501));
#3865=CARTESIAN_POINT('Ctrl Pts',(-2.40356804969504,0.762176372865198,-6.73872976973198));
#3866=CARTESIAN_POINT('Ctrl Pts',(-2.51759763625503,0.122234796153099,-6.70555006532828));
#3867=CARTESIAN_POINT('Ctrl Pts',(-2.51245714283966,-0.201984768631189,
-6.6904964555004));
#3868=CARTESIAN_POINT('Ctrl Pts',(-2.3782531270215,-0.837728662850599,-6.65711594455163));
#3869=CARTESIAN_POINT('Ctrl Pts',(-2.24774307019241,-1.14259830113508,-6.63978533510501));
#3870=CARTESIAN_POINT('Ctrl Pts',(-1.88023975776221,-1.67871444638433,-6.60654929147904));
#3871=CARTESIAN_POINT('Ctrl Pts',(-1.64899544234501,-1.90635713335019,-6.59149340055707));
#3872=CARTESIAN_POINT('Ctrl Pts',(-1.10739784262203,-2.2652541048224,-6.55816481571562));
#3873=CARTESIAN_POINT('Ctrl Pts',(-0.800786556275482,-2.39090941697028,
-6.54084720695518));
#3874=CARTESIAN_POINT('Ctrl Pts',(-0.162844512768061,-2.51535761804368,
-6.50755567626483));
#3875=CARTESIAN_POINT('Ctrl Pts',(0.161901983770273,-2.51541846137719,-6.49249104992774));
#3876=CARTESIAN_POINT('Ctrl Pts',(0.799633609335938,-2.39125934262139,-6.45921546076072));
#3877=CARTESIAN_POINT('Ctrl Pts',(1.10606204936384,-2.26586870235121,-6.44191197403907));
#3878=CARTESIAN_POINT('Ctrl Pts',(1.64811669160833,-1.90720378584368,-6.40856596233184));
#3879=CARTESIAN_POINT('Ctrl Pts',(1.87982479986049,-1.67927779128192,-6.39348620837694));
#3880=CARTESIAN_POINT('Ctrl Pts',(2.24721501873022,-1.14341133254907,-6.36026448255367));
#3881=CARTESIAN_POINT('Ctrl Pts',(2.37757146954359,-0.839354565209188,-6.34297619410854));
#3882=CARTESIAN_POINT('Ctrl Pts',(2.4818419039285,-0.347859330919287,-6.31715929621155));
#3883=CARTESIAN_POINT('Ctrl Pts',(2.5,-0.173975376582154,-6.30840027427327));
#3884=CARTESIAN_POINT('Ctrl Pts',(2.5,1.27328703136698E-14,-6.3));
#3885=CARTESIAN_POINT('Ctrl Pts',(2.5,1.346145417358E-14,-6.2));
#3886=CARTESIAN_POINT('Ctrl Pts',(2.5,-0.31546405544288,-6.21523195202183));
#3887=CARTESIAN_POINT('Ctrl Pts',(2.44028997655042,-0.628283018647878,-6.23153038816154));
#3888=CARTESIAN_POINT('Ctrl Pts',(2.20495746500151,-1.22150580118937,-6.26488036813493));
#3889=CARTESIAN_POINT('Ctrl Pts',(2.02923909668842,-1.49537222619837,-6.2816181762519));
#3890=CARTESIAN_POINT('Ctrl Pts',(1.57658782130128,-1.96845670106752,-6.31351374086719));
#3891=CARTESIAN_POINT('Ctrl Pts',(1.30120200961077,-2.1604131445319,-6.33038067211083));
#3892=CARTESIAN_POINT('Ctrl Pts',(0.700594730244405,-2.42138890177803,-6.36460007204588));
#3893=CARTESIAN_POINT('Ctrl Pts',(0.382771478823527,-2.49148115771142,-6.38134778124491));
#3894=CARTESIAN_POINT('Ctrl Pts',(-0.271666998788613,-2.50729362742297,
-6.41326311560694));
#3895=CARTESIAN_POINT('Ctrl Pts',(-0.602061536178243,-2.44906196120298,
-6.43008886329642));
#3896=CARTESIAN_POINT('Ctrl Pts',(-1.21173371732479,-2.21036307878946,-6.4643004179112));
#3897=CARTESIAN_POINT('Ctrl Pts',(-1.48649115197947,-2.03577561545206,-6.48105862968007));
#3898=CARTESIAN_POINT('Ctrl Pts',(-1.96134199278949,-1.58534782247099,-6.51299501233945));
#3899=CARTESIAN_POINT('Ctrl Pts',(-2.15431473359011,-1.31117274328454,-6.52977727428276));
#3900=CARTESIAN_POINT('Ctrl Pts',(-2.41806409549667,-0.712052736845118,
-6.5639803344216));
#3901=CARTESIAN_POINT('Ctrl Pts',(-2.4896836779783,-0.394414209568234,-6.58074967088091));
#3902=CARTESIAN_POINT('Ctrl Pts',(-2.50850885198896,0.259675889996975,-6.61270843814881));
#3903=CARTESIAN_POINT('Ctrl Pts',(-2.45195682330385,0.589923036535721,-6.62944486744513));
#3904=CARTESIAN_POINT('Ctrl Pts',(-2.21647441997537,1.20056115721923,-6.66363873216483));
#3905=CARTESIAN_POINT('Ctrl Pts',(-2.04318190904572,1.47632905292051,-6.6804198342608));
#3906=CARTESIAN_POINT('Ctrl Pts',(-1.59529235374515,1.953187315198,-6.71240237904921));
#3907=CARTESIAN_POINT('Ctrl Pts',(-1.3224944794093,2.14731397169548,-6.72909059726684));
#3908=CARTESIAN_POINT('Ctrl Pts',(-0.725075901484778,2.41421359526415,-6.76327451040299));
#3909=CARTESIAN_POINT('Ctrl Pts',(-0.407656439779501,2.48757148720718,-6.78006803563006));
#3910=CARTESIAN_POINT('Ctrl Pts',(0.246029430975358,2.50982269134366,-6.81207580560695));
#3911=CARTESIAN_POINT('Ctrl Pts',(0.576107581694285,2.45517581699091,-6.82871341840243));
#3912=CARTESIAN_POINT('Ctrl Pts',(1.18783078338129,2.22334893248468,-6.86288656509117));
#3913=CARTESIAN_POINT('Ctrl Pts',(1.46473939683376,2.05153448212921,-6.87969318470098));
#3914=CARTESIAN_POINT('Ctrl Pts',(1.94386950984041,1.60653215015984,-6.91172767967961));
#3915=CARTESIAN_POINT('Ctrl Pts',(2.13930079163774,1.33529447881826,-6.92831229502225));
#3916=CARTESIAN_POINT('Ctrl Pts',(2.40976326478184,0.739815806440841,-6.96247379822429));
#3917=CARTESIAN_POINT('Ctrl Pts',(2.48509164703239,0.422656043725171,-6.97929419388104));
#3918=CARTESIAN_POINT('Ctrl Pts',(2.49933500456942,0.0666082874651572,-6.99677056747209));
#3919=CARTESIAN_POINT('Ctrl Pts',(2.5,0.0332916658828965,-6.99839253617423));
#3920=CARTESIAN_POINT('Ctrl Pts',(2.5,5.67066306234416E-14,-7.));
#3921=CARTESIAN_POINT('Origin',(0.,-3.03576608295941E-15,-12.5));
#3922=CARTESIAN_POINT('',(2.5,-1.0035197194819E-13,-7.90000000000001));
#3923=CARTESIAN_POINT('',(2.5,8.19146659284084E-14,-7.79999999999999));
#3924=CARTESIAN_POINT('',(2.5,-3.34192778274625E-15,-12.5));
#3925=CARTESIAN_POINT('Ctrl Pts',(2.5,-1.9824419883463E-13,-7.90000000000001));
#3926=CARTESIAN_POINT('Ctrl Pts',(2.50000000000002,0.244284736957717,-7.88820488949912));
#3927=CARTESIAN_POINT('Ctrl Pts',(2.4641993165862,0.487636132130366,-7.87573883105791));
#3928=CARTESIAN_POINT('Ctrl Pts',(2.29767650696959,1.03944324578057,-7.84576477051381));
#3929=CARTESIAN_POINT('Ctrl Pts',(2.13985685289833,1.33446388597407,-7.82836352081769));
#3930=CARTESIAN_POINT('Ctrl Pts',(1.7254487220309,1.83721339942906,-7.79580046432315));
#3931=CARTESIAN_POINT('Ctrl Pts',(1.47621024608425,2.0428748793523,-7.7804202383532));
#3932=CARTESIAN_POINT('Ctrl Pts',(0.904122771171818,2.35418472950474,-7.74657121453421));
#3933=CARTESIAN_POINT('Ctrl Pts',(0.584722863437844,2.45310887414695,-7.72917073985992));
#3934=CARTESIAN_POINT('Ctrl Pts',(-0.0632070908843151,2.51963085675644,
-7.69655547454388));
#3935=CARTESIAN_POINT('Ctrl Pts',(-0.385067556851567,2.49083600885874,-7.68122401381359));
#3936=CARTESIAN_POINT('Ctrl Pts',(-1.01067370060758,2.31041591307022,-7.64740867515863));
#3937=CARTESIAN_POINT('Ctrl Pts',(-1.30726966387578,2.15651289646816,-7.63000969488524));
#3938=CARTESIAN_POINT('Ctrl Pts',(-1.81498935231015,1.74881840169923,-7.59734092983582));
#3939=CARTESIAN_POINT('Ctrl Pts',(-2.02384385399913,1.5022026601394,-7.58205588363089));
#3940=CARTESIAN_POINT('Ctrl Pts',(-2.34223805156791,0.934483064537625,-7.54827607273298));
#3941=CARTESIAN_POINT('Ctrl Pts',(-2.44517552893685,0.61682386093376,-7.53087938003454));
#3942=CARTESIAN_POINT('Ctrl Pts',(-2.52025618994751,-0.0298007056853507,
-7.49815597084441));
#3943=CARTESIAN_POINT('Ctrl Pts',(-2.49572075121145,-0.35208024050884,-7.48291447719067));
#3944=CARTESIAN_POINT('Ctrl Pts',(-2.32367826377029,-0.979646524136244,
-7.44917204677742));
#3945=CARTESIAN_POINT('Ctrl Pts',(-2.1739909571736,-1.27787602730589,-7.43177850642045));
#3946=CARTESIAN_POINT('Ctrl Pts',(-1.77352458474752,-1.79087346982492,-7.39899947130809));
#3947=CARTESIAN_POINT('Ctrl Pts',(-1.52971323093478,-2.00314670151272,-7.38379815454308));
#3948=CARTESIAN_POINT('Ctrl Pts',(-0.966695925106051,-2.32906273041659,
-7.35009495365335));
#3949=CARTESIAN_POINT('Ctrl Pts',(-0.650947124332255,-2.43625046590665,
-7.33270549820093));
#3950=CARTESIAN_POINT('Ctrl Pts',(-0.00577608677124558,-2.52044307229502,
-7.29987003269456));
#3951=CARTESIAN_POINT('Ctrl Pts',(0.316952568206911,-2.50044172131239,-7.28470501065041));
#3952=CARTESIAN_POINT('Ctrl Pts',(0.946539948510628,-2.33729305840661,-7.25104286954773));
#3953=CARTESIAN_POINT('Ctrl Pts',(1.24643902534706,-2.19209469459571,-7.23365849389868));
#3954=CARTESIAN_POINT('Ctrl Pts',(1.76497650161751,-1.79932939093929,-7.20076598366933));
#3955=CARTESIAN_POINT('Ctrl Pts',(1.98087170998341,-1.55848514236371,-7.18563288514941));
#3956=CARTESIAN_POINT('Ctrl Pts',(2.31468411102379,-1.00047655557787,-7.15201359916582));
#3957=CARTESIAN_POINT('Ctrl Pts',(2.42632011768596,-0.68680244946749,-7.13463535340984));
#3958=CARTESIAN_POINT('Ctrl Pts',(2.49130472335915,-0.2408705882052,-7.1118041663493));
#3959=CARTESIAN_POINT('Ctrl Pts',(2.5,-0.120388435325306,-7.10581286786631));
#3960=CARTESIAN_POINT('Ctrl Pts',(2.5,-5.36029554076833E-14,-7.1));
#3961=CARTESIAN_POINT('Ctrl Pts',(2.5,5.60662627435704E-14,-7.));
#3962=CARTESIAN_POINT('Ctrl Pts',(2.5,-0.296899911570686,-7.01433559586362));
#3963=CARTESIAN_POINT('Ctrl Pts',(2.44711253754054,-0.591714118245973,-7.02962823423553));
#3964=CARTESIAN_POINT('Ctrl Pts',(2.23103779177898,-1.17338178574997,-7.0620351285844));
#3965=CARTESIAN_POINT('Ctrl Pts',(2.06090421220429,-1.4515715131379,-7.07886998843135));
#3966=CARTESIAN_POINT('Ctrl Pts',(1.61917273891359,-1.93326057525486,-7.11096262322936));
#3967=CARTESIAN_POINT('Ctrl Pts',(1.34969443756559,-2.13015984011428,-7.12743418447768));
#3968=CARTESIAN_POINT('Ctrl Pts',(0.756419071602284,-2.40463237850779,-7.16156950394016));
#3969=CARTESIAN_POINT('Ctrl Pts',(0.439566883193902,-2.48218423345579,-7.17841951804958));
#3970=CARTESIAN_POINT('Ctrl Pts',(-0.213109893745558,-2.51268974985674,
-7.21054365091227));
#3971=CARTESIAN_POINT('Ctrl Pts',(-0.542775344682796,-2.46261178180508,
-7.226955276333));
#3972=CARTESIAN_POINT('Ctrl Pts',(-1.15705491583826,-2.23958193410959,-7.26107591472236));
#3973=CARTESIAN_POINT('Ctrl Pts',(-1.436675024323,-2.07135183288071,-7.27794176991126));
#3974=CARTESIAN_POINT('Ctrl Pts',(-1.9212310321013,-1.63330875926361,-7.31009906509776));
#3975=CARTESIAN_POINT('Ctrl Pts',(-2.11977325654322,-1.36580408954435,-7.32644861000042));
#3976=CARTESIAN_POINT('Ctrl Pts',(-2.39873470807431,-0.77502018835404,-7.36055340916475));
#3977=CARTESIAN_POINT('Ctrl Pts',(-2.47878250127847,-0.458531656009703,
-7.37743578317126));
#3978=CARTESIAN_POINT('Ctrl Pts',(-2.5141933085556,0.193521896624835,-7.40962792992008));
#3979=CARTESIAN_POINT('Ctrl Pts',(-2.46681659075337,0.522938759636314,-7.42591338510104));
#3980=CARTESIAN_POINT('Ctrl Pts',(-2.24900746528411,1.13869916105335,-7.46000110985589));
#3981=CARTESIAN_POINT('Ctrl Pts',(-2.08292259946955,1.41990580172701,-7.47690066488706));
#3982=CARTESIAN_POINT('Ctrl Pts',(-1.64901712405443,1.90765458091756,-7.50912936875042));
#3983=CARTESIAN_POINT('Ctrl Pts',(-1.38371348700704,2.10802462914962,-7.5253488952476));
#3984=CARTESIAN_POINT('Ctrl Pts',(-0.795732774271089,2.39198043548808,-7.55941823159638));
#3985=CARTESIAN_POINT('Ctrl Pts',(-0.47967309399925,2.47481365287823,-7.57633560727682));
#3986=CARTESIAN_POINT('Ctrl Pts',(0.171664962270912,2.51569313537737,-7.60860258030954));
#3987=CARTESIAN_POINT('Ctrl Pts',(0.500802118582255,2.47131594918201,-7.62475454635131));
#3988=CARTESIAN_POINT('Ctrl Pts',(1.11818014879715,2.25932066057871,-7.6588041003965));
#3989=CARTESIAN_POINT('Ctrl Pts',(1.40113355829326,2.09564033067994,-7.67573990616897));
#3990=CARTESIAN_POINT('Ctrl Pts',(1.89241419320198,1.66634921150362,-7.70804685598706));
#3991=CARTESIAN_POINT('Ctrl Pts',(2.09480428833288,1.40348416427948,-7.72412987568709));
#3992=CARTESIAN_POINT('Ctrl Pts',(2.38427910506979,0.818639438847411,-7.75815817338224));
#3993=CARTESIAN_POINT('Ctrl Pts',(2.47020043985582,0.503083669565605,-7.77511298043566));
#3994=CARTESIAN_POINT('Ctrl Pts',(2.49784399261653,0.119954410921872,-7.79416496853807));
#3995=CARTESIAN_POINT('Ctrl Pts',(2.5,0.0599453019573946,-7.79710558478028));
#3996=CARTESIAN_POINT('Ctrl Pts',(2.5,1.67171259639563E-13,-7.79999999999999));
#3997=CARTESIAN_POINT('Origin',(0.,-3.03576608295941E-15,-12.5));
#3998=CARTESIAN_POINT('',(2.5,-5.06428888909363E-14,-8.70000000000001));
#3999=CARTESIAN_POINT('',(2.5,7.63914344776019E-14,-8.59999999999999));
#4000=CARTESIAN_POINT('',(2.5,-3.34192778274625E-15,-12.5));
#4001=CARTESIAN_POINT('Ctrl Pts',(2.5,-9.79771819231701E-14,-8.70000000000001));
#4002=CARTESIAN_POINT('Ctrl Pts',(2.50000000000001,0.277622502850079,-8.68659519976799));
#4003=CARTESIAN_POINT('Ctrl Pts',(2.45375875938249,0.553606160022838,-8.67234470519286));
#4004=CARTESIAN_POINT('Ctrl Pts',(2.25422475421698,1.13098682164577,-8.64047562061071));
#4005=CARTESIAN_POINT('Ctrl Pts',(2.08389175176573,1.4205936305427,-8.6230855068458));
#4006=CARTESIAN_POINT('Ctrl Pts',(1.64802412599658,1.9070112879608,-8.59088183222008));
#4007=CARTESIAN_POINT('Ctrl Pts',(1.3902754772868,2.10234103289701,-8.57508161759609));
#4008=CARTESIAN_POINT('Ctrl Pts',(0.804233461180773,2.39035030899834,-8.54102482040599));
#4009=CARTESIAN_POINT('Ctrl Pts',(0.479506316771316,2.47601887587376,-8.5236322355464));
#4010=CARTESIAN_POINT('Ctrl Pts',(-0.172295330032868,2.51454920274044,-8.49138986149523));
#4011=CARTESIAN_POINT('Ctrl Pts',(-0.492803348751062,2.47180370666587,-8.47564142357058));
#4012=CARTESIAN_POINT('Ctrl Pts',(-1.11156877740835,2.26382009347301,-8.44160511351088));
#4013=CARTESIAN_POINT('Ctrl Pts',(-1.40237614559852,2.09614799964673,-8.4242102497879));
#4014=CARTESIAN_POINT('Ctrl Pts',(-1.89232633881442,1.6648467276347,-8.39192733632068));
#4015=CARTESIAN_POINT('Ctrl Pts',(-2.08987165675086,1.40892604973757,-8.37623153441815));
#4016=CARTESIAN_POINT('Ctrl Pts',(-2.38292485016116,0.825851694118974,-8.34221715020582));
#4017=CARTESIAN_POINT('Ctrl Pts',(-2.47146885825666,0.502226268425077,-8.32482025220713));
#4018=CARTESIAN_POINT('Ctrl Pts',(-2.5160381835128,-0.148791004735355,-8.29249497109794));
#4019=CARTESIAN_POINT('Ctrl Pts',(-2.47630638490101,-0.469588584991039,
-8.27685238508563));
#4020=CARTESIAN_POINT('Ctrl Pts',(-2.27429087038702,-1.08988666530166,-8.24286143403135));
#4021=CARTESIAN_POINT('Ctrl Pts',(-2.1095856875267,-1.38200098078036,-8.22546280353031));
#4022=CARTESIAN_POINT('Ctrl Pts',(-1.68337334514814,-1.87585132222439,-8.1930933528408));
#4023=CARTESIAN_POINT('Ctrl Pts',(-1.42947865553304,-2.07585452343447,-8.17750424467756));
#4024=CARTESIAN_POINT('Ctrl Pts',(-0.849712955080938,-2.37447353456967,
-8.14353830011425));
#4025=CARTESIAN_POINT('Ctrl Pts',(-0.527336157221149,-2.46618707120136,
-8.12613830062987));
#4026=CARTESIAN_POINT('Ctrl Pts',(0.122781470617267,-2.51743329055696,-8.09372292035745));
#4027=CARTESIAN_POINT('Ctrl Pts',(0.443900563550295,-2.48103056624614,-8.07818719610759));
#4028=CARTESIAN_POINT('Ctrl Pts',(1.06585643847276,-2.28559975140648,-8.04424789364209));
#4029=CARTESIAN_POINT('Ctrl Pts',(1.35937845405462,-2.12417762869189,-8.02684695457035));
#4030=CARTESIAN_POINT('Ctrl Pts',(1.85749810663543,-1.70359428368701,-7.99438394325134));
#4031=CARTESIAN_POINT('Ctrl Pts',(2.06020680821425,-1.45192732385463,-7.97890111657235));
#4032=CARTESIAN_POINT('Ctrl Pts',(2.36491546135197,-0.875822647408966,-7.94499014904516));
#4033=CARTESIAN_POINT('Ctrl Pts',(2.46009206543363,-0.554851710584406,-7.92758876918734));
#4034=CARTESIAN_POINT('Ctrl Pts',(2.49663586256843,-0.149842516003985,-7.9073023194358));
#4035=CARTESIAN_POINT('Ctrl Pts',(2.5,-0.0748806566134397,-7.90361555793511));
#4036=CARTESIAN_POINT('Ctrl Pts',(2.5,-1.97362016113633E-13,-7.90000000000001));
#4037=CARTESIAN_POINT('Ctrl Pts',(2.5,1.6826817716975E-13,-7.79999999999999));
#4038=CARTESIAN_POINT('Ctrl Pts',(2.5,-0.267334424243254,-7.81290804785394));
#4039=CARTESIAN_POINT('Ctrl Pts',(2.45712335784611,-0.533317443991364,-7.82660837696978));
#4040=CARTESIAN_POINT('Ctrl Pts',(2.27050291849391,-1.09539020282868,-7.85748005930533));
#4041=CARTESIAN_POINT('Ctrl Pts',(2.10950118872973,-1.38025104624309,-7.87445439213182));
#4042=CARTESIAN_POINT('Ctrl Pts',(1.68532248231605,-1.87540966813435,-7.90684633947001));
#4043=CARTESIAN_POINT('Ctrl Pts',(1.42513962137391,-2.08001600722229,-7.92278849210055));
#4044=CARTESIAN_POINT('Ctrl Pts',(0.843780708466528,-2.37554379386201,-7.95676953927629));
#4045=CARTESIAN_POINT('Ctrl Pts',(0.528814226438576,-2.46486382678583,-7.97376386698686));
#4046=CARTESIAN_POINT('Ctrl Pts',(-0.120775694436088,-2.51845978703121,
-8.0062007621309));
#4047=CARTESIAN_POINT('Ctrl Pts',(-0.449253724379144,-2.48101013453058,
-8.02207168599627));
#4048=CARTESIAN_POINT('Ctrl Pts',(-1.07025973038418,-2.28250619322251,-8.05602658726268));
#4049=CARTESIAN_POINT('Ctrl Pts',(-1.35718460932122,-2.12446774951868,-8.073041314819));
#4050=CARTESIAN_POINT('Ctrl Pts',(-1.85656651208444,-1.70591215818925,-8.10552471789468));
#4051=CARTESIAN_POINT('Ctrl Pts',(-2.06358502432176,-1.44865583517125,-8.12132440919683));
#4052=CARTESIAN_POINT('Ctrl Pts',(-2.36569659215154,-0.871143768667124,
-8.1552513898212));
#4053=CARTESIAN_POINT('Ctrl Pts',(-2.45872689940297,-0.556862264373797,
-8.17228684936759));
#4054=CARTESIAN_POINT('Ctrl Pts',(-2.51958664564045,0.091676112417845,-8.20481824719173));
#4055=CARTESIAN_POINT('Ctrl Pts',(-2.4860653497521,0.419773332436313,-8.2205471424508));
#4056=CARTESIAN_POINT('Ctrl Pts',(-2.29524957240752,1.04276930382068,-8.25444436446609));
#4057=CARTESIAN_POINT('Ctrl Pts',(-2.14046409320377,1.33190554963242,-8.27150080697041));
#4058=CARTESIAN_POINT('Ctrl Pts',(-1.72804383902872,1.83584575292892,-8.30408159752238));
#4059=CARTESIAN_POINT('Ctrl Pts',(-1.47395277832676,2.04546707698636,-8.31974060578509));
#4060=CARTESIAN_POINT('Ctrl Pts',(-0.900652104237083,2.35467532623551,-8.35360617602417));
#4061=CARTESIAN_POINT('Ctrl Pts',(-0.587160943179563,2.4517200851109,-8.37068376345586));
#4062=CARTESIAN_POINT('Ctrl Pts',(0.0601971055010717,2.52043334659135,-8.40331524030219));
#4063=CARTESIAN_POINT('Ctrl Pts',(0.387880058389605,2.49113677925601,-8.41890577036569));
#4064=CARTESIAN_POINT('Ctrl Pts',(1.01296144455962,2.30861774296017,-8.45273775029318));
#4065=CARTESIAN_POINT('Ctrl Pts',(1.30444143139447,2.1573727659806,-8.46983654858031));
#4066=CARTESIAN_POINT('Ctrl Pts',(1.81325400067594,1.75158812286499,-8.50251988555192));
#4067=CARTESIAN_POINT('Ctrl Pts',(2.02565784758862,1.50088813902341,-8.51804386693511));
#4068=CARTESIAN_POINT('Ctrl Pts',(2.34244122067058,0.932157386645793,-8.55184028431132));
#4069=CARTESIAN_POINT('Ctrl Pts',(2.44378755974268,0.619570164320758,-8.568960257324));
#4070=CARTESIAN_POINT('Ctrl Pts',(2.49413771258791,0.197802200355053,-8.59033201915651));
#4071=CARTESIAN_POINT('Ctrl Pts',(2.5,0.0988488625512759,-8.59522715470808));
#4072=CARTESIAN_POINT('Ctrl Pts',(2.5,1.5612479673795E-13,-8.59999999999999));
#4073=CARTESIAN_POINT('Origin',(0.,-3.03576608295941E-15,-12.5));
#4074=CARTESIAN_POINT('',(2.5,-2.19138093416617E-15,-9.50000000000001));
#4075=CARTESIAN_POINT('',(2.5,-2.74649244647875E-15,-9.4));
#4076=CARTESIAN_POINT('',(2.5,-3.34192778274625E-15,-12.5));
#4077=CARTESIAN_POINT('Ctrl Pts',(2.5,2.15105711021124E-15,-9.5));
#4078=CARTESIAN_POINT('Ctrl Pts',(2.5,0.299062361428554,-9.48555999182088));
#4079=CARTESIAN_POINT('Ctrl Pts',(2.44633851718343,0.5959105329651,-9.47015366453077));
#4080=CARTESIAN_POINT('Ctrl Pts',(2.22443820398817,1.18874782294466,-9.43709094175188));
#4081=CARTESIAN_POINT('Ctrl Pts',(2.04616827869953,1.47461132381586,-9.41972283243029));
#4082=CARTESIAN_POINT('Ctrl Pts',(1.59666139245175,1.9502906705478,-9.38776486410092));
#4083=CARTESIAN_POINT('Ctrl Pts',(1.33339349529488,2.13894205544882,-9.37160309209745));
#4084=CARTESIAN_POINT('Ctrl Pts',(0.738497403291172,2.41159903748324,-9.3374258281864));
#4085=CARTESIAN_POINT('Ctrl Pts',(0.410590246086439,2.48850153268619,-9.32005502015988));
#4086=CARTESIAN_POINT('Ctrl Pts',(-0.243421537456035,2.50871923980224,-9.28807218366197));
#4087=CARTESIAN_POINT('Ctrl Pts',(-0.563057767869163,2.45681495272579,-9.27194946506274));
#4088=CARTESIAN_POINT('Ctrl Pts',(-1.17697849361867,2.23066081493041,-9.23778366746031));
#4089=CARTESIAN_POINT('Ctrl Pts',(-1.4636259679339,2.05401079680443,-9.22041010269555));
#4090=CARTESIAN_POINT('Ctrl Pts',(-1.94152207806973,1.60729042471365,-9.18840082984383));
#4091=CARTESIAN_POINT('Ctrl Pts',(-2.13154557008505,1.34515755578581,-9.17231904089245));
#4092=CARTESIAN_POINT('Ctrl Pts',(-2.40737452004077,0.752068872194142,-9.13816560702099));
#4093=CARTESIAN_POINT('Ctrl Pts',(-2.48608958171286,0.424797464620865,-9.12078924437274));
#4094=CARTESIAN_POINT('Ctrl Pts',(-2.51008251368845,-0.228779266627128,
-9.08875190956062));
#4095=CARTESIAN_POINT('Ctrl Pts',(-2.46006918770993,-0.548594534342507,
-9.07271289645315));
#4096=CARTESIAN_POINT('Ctrl Pts',(-2.23766997397531,-1.16353861524511,-9.03857278537413));
#4097=CARTESIAN_POINT('Ctrl Pts',(-2.0628680983658,-1.45106793686666,-9.02119360410517));
#4098=CARTESIAN_POINT('Ctrl Pts',(-1.61932495379992,-1.9314772305713,-8.98912652856682));
#4099=CARTESIAN_POINT('Ctrl Pts',(-1.35848153179954,-2.12306028505835,-8.97313208506493));
#4100=CARTESIAN_POINT('Ctrl Pts',(-0.767454701713092,-2.40248355125214,
-8.93900631996263));
#4101=CARTESIAN_POINT('Ctrl Pts',(-0.440917054355839,-2.48325175273134,
-8.92162432359554));
#4102=CARTESIAN_POINT('Ctrl Pts',(0.212153195727114,-2.5115278377052,-8.88952578079742));
#4103=CARTESIAN_POINT('Ctrl Pts',(0.532171990214138,-2.46365798894681,-8.87357762305316));
#4104=CARTESIAN_POINT('Ctrl Pts',(1.1482615318326,-2.24551323608516,-8.83946729345569));
#4105=CARTESIAN_POINT('Ctrl Pts',(1.43677606835192,-2.07280996728352,-8.82208251393953));
#4106=CARTESIAN_POINT('Ctrl Pts',(1.92001888419431,-1.6328724395009,-8.78995073618535));
#4107=CARTESIAN_POINT('Ctrl Pts',(2.11336557682368,-1.37348632628349,-8.7740504747965));
#4108=CARTESIAN_POINT('Ctrl Pts',(2.39683915177421,-0.784800526215271,-8.73995673844747));
#4109=CARTESIAN_POINT('Ctrl Pts',(2.47991981540212,-0.459106792842339,-8.72256924060913));
#4110=CARTESIAN_POINT('Ctrl Pts',(2.49893102468243,-0.0844549935455125,
-8.70409922732293));
#4111=CARTESIAN_POINT('Ctrl Pts',(2.5,-0.0422095770767429,-8.70203805866882));
#4112=CARTESIAN_POINT('Ctrl Pts',(2.5,-9.79438499991263E-14,-8.70000000000001));
#4113=CARTESIAN_POINT('Ctrl Pts',(2.5,1.55014889813287E-13,-8.59999999999999));
#4114=CARTESIAN_POINT('Ctrl Pts',(2.5,-0.224977435033673,-8.61086287149772));
#4115=CARTESIAN_POINT('Ctrl Pts',(2.46963520558613,-0.449354777589333,-8.62230406385578));
#4116=CARTESIAN_POINT('Ctrl Pts',(2.32246204713687,-0.980950779338873,-8.65091525256731));
#4117=CARTESIAN_POINT('Ctrl Pts',(2.17503446863074,-1.27488610995994,-8.66805625737035));
#4118=CARTESIAN_POINT('Ctrl Pts',(1.77635835476459,-1.78885275043769,-8.70084628432865));
#4119=CARTESIAN_POINT('Ctrl Pts',(1.52925451032065,-2.00420191254962,-8.71624509866831));
#4120=CARTESIAN_POINT('Ctrl Pts',(0.965435086083713,-2.32898690518929,-8.74996440853555));
#4121=CARTESIAN_POINT('Ctrl Pts',(0.653871250461185,-2.43489444781041,-8.76712619213806));
#4122=CARTESIAN_POINT('Ctrl Pts',(0.00927719650244969,-2.52093412192342,
-8.79997073976617));
#4123=CARTESIAN_POINT('Ctrl Pts',(-0.31748637117763,-2.50087943748575,-8.81531200931364));
#4124=CARTESIAN_POINT('Ctrl Pts',(-0.946931007972983,-2.33660463139437,
-8.84898978101376));
#4125=CARTESIAN_POINT('Ctrl Pts',(-1.24340702553578,-2.19325116380585,-8.8661719788159));
#4126=CARTESIAN_POINT('Ctrl Pts',(-1.76276566301284,-1.80211249991741,-8.89907160542032));
#4127=CARTESIAN_POINT('Ctrl Pts',(-1.98120001379361,-1.55878117892146,-8.91435938701744));
#4128=CARTESIAN_POINT('Ctrl Pts',(-2.31434387103679,-1.00018518045571,-8.94799366486997));
#4129=CARTESIAN_POINT('Ctrl Pts',(-2.42503411995958,-0.68976667910345,-8.96519580096795));
#4130=CARTESIAN_POINT('Ctrl Pts',(-2.52042266069763,-0.0467557904267548,
-8.99815088394665));
#4131=CARTESIAN_POINT('Ctrl Pts',(-2.50531231683011,0.279510787717882,-9.01338972835421));
#4132=CARTESIAN_POINT('Ctrl Pts',(-2.3508458193039,0.911177102187184,-9.04697860597046));
#4133=CARTESIAN_POINT('Ctrl Pts',(-2.21179293644838,1.2102482371542,-9.0642000954306));
#4134=CARTESIAN_POINT('Ctrl Pts',(-1.82855976849271,1.7351824437822,-9.09721082440961));
#4135=CARTESIAN_POINT('Ctrl Pts',(-1.58914124106827,1.95681333251385,-9.11240573991607));
#4136=CARTESIAN_POINT('Ctrl Pts',(-1.03603893139167,2.29858825205946,-9.145947380255));
#4137=CARTESIAN_POINT('Ctrl Pts',(-0.72688596269183,2.41423461979417,-9.16318753340736));
#4138=CARTESIAN_POINT('Ctrl Pts',(-0.0855845234893961,2.51931460752814,
-9.19625390580387));
#4139=CARTESIAN_POINT('Ctrl Pts',(0.240167725570682,2.50930061226895,-9.21141031136102));
#4140=CARTESIAN_POINT('Ctrl Pts',(0.874041437017469,2.36497433423389,-9.24490296714185));
#4141=CARTESIAN_POINT('Ctrl Pts',(1.17572788614075,2.23040841454731,-9.26216099587674));
#4142=CARTESIAN_POINT('Ctrl Pts',(1.70635806381308,1.85537202689609,-9.29528281506058));
#4143=CARTESIAN_POINT('Ctrl Pts',(1.93126352935417,1.61996411913002,-9.31040648364792));
#4144=CARTESIAN_POINT('Ctrl Pts',(2.28184374273241,1.07257199590784,-9.34384851767186));
#4145=CARTESIAN_POINT('Ctrl Pts',(2.4025631045901,0.764798090274695,-9.3611235436515));
#4146=CARTESIAN_POINT('Ctrl Pts',(2.4868502507338,0.296135213047667,-9.38543833206202));
#4147=CARTESIAN_POINT('Ctrl Pts',(2.5,0.148049635170179,-9.39285153125736));
#4148=CARTESIAN_POINT('Ctrl Pts',(2.5,9.0205620750794E-16,-9.4));
#4149=CARTESIAN_POINT('Origin',(0.,-3.03576608295941E-15,-12.5));
#4150=CARTESIAN_POINT('',(2.5,3.98423464031127E-15,-10.3));
#4151=CARTESIAN_POINT('',(2.5,-3.48562239868094E-14,-10.2));
#4152=CARTESIAN_POINT('',(2.5,-3.34192778274625E-15,-12.5));
#4153=CARTESIAN_POINT('Ctrl Pts',(2.5,1.29063426612674E-14,-10.3));
#4154=CARTESIAN_POINT('Ctrl Pts',(2.5,0.311691602314568,-10.2849501981283));
#4155=CARTESIAN_POINT('Ctrl Pts',(2.44170900138787,0.62078227693165,-10.2688601601828));
#4156=CARTESIAN_POINT('Ctrl Pts',(2.2062332277334,1.22234597400654,-10.2351045799875));
#4157=CARTESIAN_POINT('Ctrl Pts',(2.02333117238801,1.50591021804359,-10.2177548460054));
#4158=CARTESIAN_POINT('Ctrl Pts',(1.56584642660355,1.9751772267198,-10.1859469355553));
#4159=CARTESIAN_POINT('Ctrl Pts',(1.29930692672357,2.15987696979653,-10.1695385486877));
#4160=CARTESIAN_POINT('Ctrl Pts',(0.699241541221328,2.42334942574398,-10.1352953797289));
#4161=CARTESIAN_POINT('Ctrl Pts',(0.369555581786213,2.49500088159115,-10.1179437043201));
#4162=CARTESIAN_POINT('Ctrl Pts',(-0.285653639218335,2.50431165172494,-10.0861211891667));
#4163=CARTESIAN_POINT('Ctrl Pts',(-0.604774182479402,2.44693444572528,-10.0697376082442));
#4164=CARTESIAN_POINT('Ctrl Pts',(-1.21566510814347,2.20990575533655,-10.035500611279));
#4165=CARTESIAN_POINT('Ctrl Pts',(-1.49969384871046,2.02792570505649,-10.0181468895218));
#4166=CARTESIAN_POINT('Ctrl Pts',(-1.97024601528658,1.57203017601414,-9.98630871049395));
#4167=CARTESIAN_POINT('Ctrl Pts',(-2.155735760827,1.30614503241448,-9.96995154581708));
#4168=CARTESIAN_POINT('Ctrl Pts',(-2.42105011554369,0.707108693540587,-9.93572122564947));
#4169=CARTESIAN_POINT('Ctrl Pts',(-2.49375488652056,0.377772095268006,-9.91836535258723));
#4170=CARTESIAN_POINT('Ctrl Pts',(-2.50525008936685,-0.277204351258639,
-9.88651038812551));
#4171=CARTESIAN_POINT('Ctrl Pts',(-2.44897023368822,-0.596428014516827,
-9.87018131264125));
#4172=CARTESIAN_POINT('Ctrl Pts',(-2.21412261434431,-1.20793453731434,-9.83595821343802));
#4173=CARTESIAN_POINT('Ctrl Pts',(-2.03320886053693,-1.49249621230524,-9.81860008525999));
#4174=CARTESIAN_POINT('Ctrl Pts',(-1.57915044536714,-1.96452915987219,-9.78672715007853));
#4175=CARTESIAN_POINT('Ctrl Pts',(-1.31402007831889,-2.15093036612735,-9.77042789456362));
#4176=CARTESIAN_POINT('Ctrl Pts',(-0.716173753268394,-2.41836626269367,
-9.73621260250926));
#4177=CARTESIAN_POINT('Ctrl Pts',(-0.387244129220618,-2.49228413095309,
-9.71885211795522));
#4178=CARTESIAN_POINT('Ctrl Pts',(0.267459640981788,-2.50629720280937,-9.68695996209091));
#4179=CARTESIAN_POINT('Ctrl Pts',(0.586802256963037,-2.4512814065886,-9.67069230878796));
#4180=CARTESIAN_POINT('Ctrl Pts',(1.19901285634442,-2.21894584066299,-9.63648545482834));
#4181=CARTESIAN_POINT('Ctrl Pts',(1.4841835568561,-2.03926191403421,-9.61912251684043));
#4182=CARTESIAN_POINT('Ctrl Pts',(1.95791712196163,-1.58732132826346,-9.58720982516843));
#4183=CARTESIAN_POINT('Ctrl Pts',(2.14536674096904,-1.32305889367291,-9.5709755996791));
#4184=CARTESIAN_POINT('Ctrl Pts',(2.41523821181293,-0.726584986500438,-9.53677786233627));
#4185=CARTESIAN_POINT('Ctrl Pts',(2.49054852772458,-0.398128625290383,-9.51941237998042));
#4186=CARTESIAN_POINT('Ctrl Pts',(2.49972232069456,-0.0430365188918665,
-9.50208354053784));
#4187=CARTESIAN_POINT('Ctrl Pts',(2.5,-0.0215127955680084,-9.5010387296565));
#4188=CARTESIAN_POINT('Ctrl Pts',(2.5,1.47431611538118E-15,-9.50000000000001));
#4189=CARTESIAN_POINT('Ctrl Pts',(2.5,3.50414142147315E-15,-9.4));
#4190=CARTESIAN_POINT('Ctrl Pts',(2.5,-0.172763077191541,-9.40834173928067));
#4191=CARTESIAN_POINT('Ctrl Pts',(2.4820940671915,-0.345442366805476,-9.41703755159543));
#4192=CARTESIAN_POINT('Ctrl Pts',(2.37877945196535,-0.835943176158588,-9.44278731802586));
#4193=CARTESIAN_POINT('Ctrl Pts',(2.24883794737146,-1.14022931643942,-9.4600783826519));
#4194=CARTESIAN_POINT('Ctrl Pts',(1.88219929567507,-1.67660648458597,-9.49330973636356));
#4195=CARTESIAN_POINT('Ctrl Pts',(1.65085273781186,-1.9048276844808,-9.50838633230756));
#4196=CARTESIAN_POINT('Ctrl Pts',(1.10932322954172,-2.26428064871699,-9.5417227492581));
#4197=CARTESIAN_POINT('Ctrl Pts',(0.80303003053445,-2.39012724913049,-9.55902882516849));
#4198=CARTESIAN_POINT('Ctrl Pts',(0.165472239485044,-2.5151803107874,-9.59231389972059));
#4199=CARTESIAN_POINT('Ctrl Pts',(-0.159227217830577,-2.51558338996382,
-9.6073765023765));
#4200=CARTESIAN_POINT('Ctrl Pts',(-0.797351160554527,-2.39206370934576,
-9.64065824552884));
#4201=CARTESIAN_POINT('Ctrl Pts',(-1.10418588486591,-2.26682819804329,-9.65797824681169));
#4202=CARTESIAN_POINT('Ctrl Pts',(-1.64628948479131,-1.90868742070796,-9.69131613962142));
#4203=CARTESIAN_POINT('Ctrl Pts',(-1.87782741428592,-1.68140454152959,-9.70637115532586));
#4204=CARTESIAN_POINT('Ctrl Pts',(-2.2461105572444,-1.14581753722494,-9.73959724637749));
#4205=CARTESIAN_POINT('Ctrl Pts',(-2.37707287288451,-0.84108987325197,-9.75693004587417));
#4206=CARTESIAN_POINT('Ctrl Pts',(-2.51216516536911,-0.205525420904341,
-9.79031965813626));
#4207=CARTESIAN_POINT('Ctrl Pts',(-2.51776442847908,0.118647762420365,-9.80537353217411));
#4208=CARTESIAN_POINT('Ctrl Pts',(-2.40465459956497,0.75876148611312,-9.83854315341639));
#4209=CARTESIAN_POINT('Ctrl Pts',(-2.28414640951354,1.06806055161362,-9.85588759719264));
#4210=CARTESIAN_POINT('Ctrl Pts',(-1.93449803739703,1.61579824387744,-9.88932767994069));
#4211=CARTESIAN_POINT('Ctrl Pts',(-1.71123112470111,1.85061483354704,-9.90438674887886));
#4212=CARTESIAN_POINT('Ctrl Pts',(-1.18159067304947,2.22757658079463,-9.93749928705499));
#4213=CARTESIAN_POINT('Ctrl Pts',(-0.87849200426968,2.36357767959713,-9.95485420736915));
#4214=CARTESIAN_POINT('Ctrl Pts',(-0.244969641682066,2.50857788006344,-9.98834337697499));
#4215=CARTESIAN_POINT('Ctrl Pts',(0.0786887809811897,2.51928199513722,-10.0034137905424));
#4216=CARTESIAN_POINT('Ctrl Pts',(0.720671936460181,2.41641377185721,-10.0364688438234));
#4217=CARTESIAN_POINT('Ctrl Pts',(1.03232221196075,2.30059262160617,-10.0538330732651));
#4218=CARTESIAN_POINT('Ctrl Pts',(1.58553369959588,1.95932558334283,-10.0873698275565));
#4219=CARTESIAN_POINT('Ctrl Pts',(1.82355383559799,1.73997864494799,-10.1024574758546));
#4220=CARTESIAN_POINT('Ctrl Pts',(2.20894034959831,1.2162128128291,-10.1354548576428));
#4221=CARTESIAN_POINT('Ctrl Pts',(2.3498415033354,0.914782106751171,-10.1528272426921));
#4222=CARTESIAN_POINT('Ctrl Pts',(2.47600736787903,0.399653591593394,-10.1802231649362));
#4223=CARTESIAN_POINT('Ctrl Pts',(2.50000000000001,0.199983421375634,-10.1903439462373));
#4224=CARTESIAN_POINT('Ctrl Pts',(2.5,-6.46357967148958E-14,-10.2));
#4225=CARTESIAN_POINT('Origin',(0.,-3.03576608295941E-15,-12.5));
#4226=CARTESIAN_POINT('',(2.50000000000001,1.2392674901473E-8,-11.0999999988033));
#4227=CARTESIAN_POINT('',(2.5,-1.0035197194819E-13,-11.));
#4228=CARTESIAN_POINT('',(2.5,-3.34192778274625E-15,-12.5));
#4229=CARTESIAN_POINT('Ctrl Pts',(2.5,1.24215786267978E-8,-11.0999999994002));
#4230=CARTESIAN_POINT('Ctrl Pts',(2.49999999841626,0.31874772308161,-11.0846094984475));
#4231=CARTESIAN_POINT('Ctrl Pts',(2.43903897227758,0.634662313525981,-11.0681365721487));
#4232=CARTESIAN_POINT('Ctrl Pts',(2.19585231430621,1.24097650552144,-11.0339974000818));
#4233=CARTESIAN_POINT('Ctrl Pts',(2.01037666240515,1.52322602812267,-11.016659674535));
#4234=CARTESIAN_POINT('Ctrl Pts',(1.54845225885032,1.98888212483111,-10.9849373211824));
#4235=CARTESIAN_POINT('Ctrl Pts',(1.2800776273567,2.17136720376062,-10.9683802713019));
#4236=CARTESIAN_POINT('Ctrl Pts',(0.677139537449705,2.4296612170342,-10.9341019647579));
#4237=CARTESIAN_POINT('Ctrl Pts',(0.346491063408914,2.49835088211432,-10.9167630508481));
#4238=CARTESIAN_POINT('Ctrl Pts',(-0.309353003143861,2.50152787986296,-10.8850325580877));
#4239=CARTESIAN_POINT('Ctrl Pts',(-0.628184323972282,2.44106578340373,-10.868489893376));
#4240=CARTESIAN_POINT('Ctrl Pts',(-1.23732285957313,2.19790440439426,-10.8342148555155));
#4241=CARTESIAN_POINT('Ctrl Pts',(-1.51983247847794,2.01293374894386,-10.8168746713373));
#4242=CARTESIAN_POINT('Ctrl Pts',(-1.98619988500428,1.55188094794238,-10.7851354049596));
#4243=CARTESIAN_POINT('Ctrl Pts',(-2.16912065916631,1.28386742666584,-10.7686081898916));
#4244=CARTESIAN_POINT('Ctrl Pts',(-2.42843515735439,0.681493062005653,-10.734336692712));
#4245=CARTESIAN_POINT('Ctrl Pts',(-2.49770852269512,0.35103197015306,-10.7169951524095));
#4246=CARTESIAN_POINT('Ctrl Pts',(-2.50209337152515,-0.304689268295231,
-10.6852464332929));
#4247=CARTESIAN_POINT('Ctrl Pts',(-2.44223917754885,-0.623577508542416,
-10.6687357979847));
#4248=CARTESIAN_POINT('Ctrl Pts',(-2.2002864098092,-1.23306391394438,-10.6344681357098));
#4249=CARTESIAN_POINT('Ctrl Pts',(-2.01590423649439,-1.51587532007174,-10.6171251495982));
#4250=CARTESIAN_POINT('Ctrl Pts',(-1.55586685214364,-1.9830699166452,-10.5853662512849));
#4251=CARTESIAN_POINT('Ctrl Pts',(-1.28827350846722,-2.16649771221493,-10.5688733932794));
#4252=CARTESIAN_POINT('Ctrl Pts',(-0.686556040902736,-2.426998700883,-10.5346098840879));
#4253=CARTESIAN_POINT('Ctrl Pts',(-0.356314228004426,-2.49695069926101,
-10.5172653588491));
#4254=CARTESIAN_POINT('Ctrl Pts',(0.299262799144293,-2.5027404355705,-10.4854955051204));
#4255=CARTESIAN_POINT('Ctrl Pts',(0.618217263269576,-2.44359304078276,-10.4690216907861));
#4256=CARTESIAN_POINT('Ctrl Pts',(1.22810655934305,-2.20304544433752,-10.4347626786546));
#4257=CARTESIAN_POINT('Ctrl Pts',(1.51126735132293,-2.01934801695286,-10.4174165176203));
#4258=CARTESIAN_POINT('Ctrl Pts',(1.97942214042083,-1.56049178207487,-10.3856348801002));
#4259=CARTESIAN_POINT('Ctrl Pts',(2.16343895537439,-1.29338650118481,-10.3691814455435));
#4260=CARTESIAN_POINT('Ctrl Pts',(2.42531688549808,-0.692433354696722,-10.334927302209));
#4261=CARTESIAN_POINT('Ctrl Pts',(2.49605641610344,-0.362447928000122,-10.3175794057466));
#4262=CARTESIAN_POINT('Ctrl Pts',(2.49994661444818,-0.0188676953493175,
-10.3009120806311));
#4263=CARTESIAN_POINT('Ctrl Pts',(2.5,-0.0094327077286475,-10.3004554514186));
#4264=CARTESIAN_POINT('Ctrl Pts',(2.5,1.25207790169932E-14,-10.3));
#4265=CARTESIAN_POINT('Ctrl Pts',(2.5,-6.46704911844154E-14,-10.2));
#4266=CARTESIAN_POINT('Ctrl Pts',(2.5,-0.119260653120259,-10.2057584137244));
#4267=CARTESIAN_POINT('Ctrl Pts',(2.49146686256424,-0.238616121373929,-10.2116920682773));
#4268=CARTESIAN_POINT('Ctrl Pts',(2.4272426315047,-0.683556303230461,-10.2344601653281));
#4269=CARTESIAN_POINT('Ctrl Pts',(2.31600859717461,-0.997421100270158,-10.25183957901));
#4270=CARTESIAN_POINT('Ctrl Pts',(1.98291085446056,-1.55588606446015,-10.2854666076774));
#4271=CARTESIAN_POINT('Ctrl Pts',(1.76734488223624,-1.79699985935223,-10.3006050375054));
#4272=CARTESIAN_POINT('Ctrl Pts',(1.24930874682951,-2.19046697592578,-10.3334873771149));
#4273=CARTESIAN_POINT('Ctrl Pts',(0.949558807932853,-2.3360742758288,-10.350872730469));
#4274=CARTESIAN_POINT('Ctrl Pts',(0.320152769157495,-2.50003208704225,-10.3845422985943));
#4275=CARTESIAN_POINT('Ctrl Pts',(-0.00253484555607371,-2.52044650127242,
-10.3997134631451));
#4276=CARTESIAN_POINT('Ctrl Pts',(-0.64784104039816,-2.4370839869351,-10.4325388527812));
#4277=CARTESIAN_POINT('Ctrl Pts',(-0.963766311325119,-2.33028245340077,
-10.4499291049273));
#4278=CARTESIAN_POINT('Ctrl Pts',(-1.52721421645597,-2.00505078641195,-10.4836394097522));
#4279=CARTESIAN_POINT('Ctrl Pts',(-1.77128159084927,-1.79308985081178,-10.4988475950895));
#4280=CARTESIAN_POINT('Ctrl Pts',(-2.17240991221055,-1.28057259521668,-10.5316166837048));
#4281=CARTESIAN_POINT('Ctrl Pts',(-2.32248321355098,-0.982490005561825,
-10.5490108503447));
#4282=CARTESIAN_POINT('Ctrl Pts',(-2.49529171091091,-0.355100670626373,
-10.5827600571177));
#4283=CARTESIAN_POINT('Ctrl Pts',(-2.52021705460019,-0.0328596138800244,
-10.5980090563985));
#4284=CARTESIAN_POINT('Ctrl Pts',(-2.44591994410497,0.613886863724125,-10.6307226809614));
#4285=CARTESIAN_POINT('Ctrl Pts',(-2.34334905417319,0.931707596429937,-10.648119841226));
#4286=CARTESIAN_POINT('Ctrl Pts',(-2.02560265555631,1.49982904214618,-10.6819060991848));
#4287=CARTESIAN_POINT('Ctrl Pts',(-1.81704119184829,1.74668534117783,-10.6971991970487));
#4288=CARTESIAN_POINT('Ctrl Pts',(-1.30977602025566,2.15499749936295,-10.729858369352));
#4289=CARTESIAN_POINT('Ctrl Pts',(-1.01332264814723,2.30926082839046,-10.7472576709636));
#4290=CARTESIAN_POINT('Ctrl Pts',(-0.387886874061071,2.49039816252028,-10.7810791282101));
#4291=CARTESIAN_POINT('Ctrl Pts',(-0.0660621074088118,2.51955719627575,
-10.7964190953614));
#4292=CARTESIAN_POINT('Ctrl Pts',(0.581976767166456,2.45376685166319,-10.8290249870525));
#4293=CARTESIAN_POINT('Ctrl Pts',(0.901523057842035,2.35518670150809,-10.8464256498307));
#4294=CARTESIAN_POINT('Ctrl Pts',(1.47398172396749,2.04448332302573,-10.8802804669135));
#4295=CARTESIAN_POINT('Ctrl Pts',(1.72344391963735,1.83909401410701,-10.8956695641662));
#4296=CARTESIAN_POINT('Ctrl Pts',(2.13842260474827,1.33676992554068,-10.9282234904149));
#4297=CARTESIAN_POINT('Ctrl Pts',(2.2965751219667,1.04188575146476,-10.9456248082069));
#4298=CARTESIAN_POINT('Ctrl Pts',(2.46394087425354,0.48938036541904,-10.9756494431782));
#4299=CARTESIAN_POINT('Ctrl Pts',(2.50000000000002,0.245164772012801,-10.9881623976478));
#4300=CARTESIAN_POINT('Ctrl Pts',(2.5,-1.97411531566161E-13,-11.));
#4301=CARTESIAN_POINT('Origin',(0.,-3.03576608295941E-15,-12.5));
#4302=CARTESIAN_POINT('',(0.,2.5,-11.7));
#4303=CARTESIAN_POINT('Ctrl Pts',(1.95571843101546,-0.311591410689017,-12.2196152422752));
#4304=CARTESIAN_POINT('Ctrl Pts',(2.04372025890125,-0.0355982632570129,
-12.1761339428587));
#4305=CARTESIAN_POINT('Ctrl Pts',(2.05535933359559,0.221683205906504,-12.1418949609768));
#4306=CARTESIAN_POINT('Ctrl Pts',(2.0298757824871,0.666480092855461,-12.0777584132235));
#4307=CARTESIAN_POINT('Ctrl Pts',(1.97203363597319,0.910572449938823,-12.041951530595));
#4308=CARTESIAN_POINT('Ctrl Pts',(1.7375779675909,1.45301203629133,-11.960398490427));
#4309=CARTESIAN_POINT('Ctrl Pts',(1.54531668753813,1.68876544241841,-11.9239933646053));
#4310=CARTESIAN_POINT('Ctrl Pts',(1.18768350880852,2.03103321403858,-11.8601440229857));
#4311=CARTESIAN_POINT('Ctrl Pts',(0.982124999040358,2.17345203051853,-11.8277338753967));
#4312=CARTESIAN_POINT('Ctrl Pts',(0.481368331377557,2.41435548656045,-11.7570369639407));
#4313=CARTESIAN_POINT('Ctrl Pts',(0.231245548239691,2.47358208946519,-11.7264179105345));
#4314=CARTESIAN_POINT('Ctrl Pts',(3.34184069306076E-12,2.49999999999962,
-11.7000000000004));
#4315=CARTESIAN_POINT('',(1.76776695296638,1.76776695296637,-11.7));
#4316=CARTESIAN_POINT('Origin',(0.,-3.03576608295941E-15,-11.7));
#4317=CARTESIAN_POINT('',(-2.18301270189219,4.506255506393E-13,-12.0169872981078));
#4318=CARTESIAN_POINT('Ctrl Pts',(1.76776695296637,1.76776695296636,-11.7));
#4319=CARTESIAN_POINT('Ctrl Pts',(2.02549416069642,1.49376291948434,-11.7115094538654));
#4320=CARTESIAN_POINT('Ctrl Pts',(2.16359537608546,1.22601262399243,-11.7214963107946));
#4321=CARTESIAN_POINT('Ctrl Pts',(2.35370805586643,0.776711222919501,-11.7378230146893));
#4322=CARTESIAN_POINT('Ctrl Pts',(2.4184222445159,0.497384857632188,-11.7474015447447));
#4323=CARTESIAN_POINT('Ctrl Pts',(2.45173872863382,-0.107237223477601,-11.766969993101));
#4324=CARTESIAN_POINT('Ctrl Pts',(2.40661324709878,-0.426485982078552,-11.7770319198015));
#4325=CARTESIAN_POINT('Ctrl Pts',(2.19711080855418,-1.01644306002695,-11.7984404292302));
#4326=CARTESIAN_POINT('Ctrl Pts',(2.04121204899402,-1.28187878586363,-11.8090202379086));
#4327=CARTESIAN_POINT('Ctrl Pts',(1.63365531373745,-1.74574082818156,-11.829564268653));
#4328=CARTESIAN_POINT('Ctrl Pts',(1.38427808685137,-1.93730851892185,-11.8395794004943));
#4329=CARTESIAN_POINT('Ctrl Pts',(0.83543539867733,-2.20487837792671,-11.8609943147084));
#4330=CARTESIAN_POINT('Ctrl Pts',(0.545434571964649,-2.28307531695188,-11.8716038728274));
#4331=CARTESIAN_POINT('Ctrl Pts',(-0.0545004635164714,-2.3270415209487,
-11.8922171930533));
#4332=CARTESIAN_POINT('Ctrl Pts',(-0.358698252667134,-2.28999010080326,
-11.9021940974693));
#4333=CARTESIAN_POINT('Ctrl Pts',(-0.922904592639718,-2.10101810005315,
-11.9236126415904));
#4334=CARTESIAN_POINT('Ctrl Pts',(-1.17790823364278,-1.95710476494455,-11.934248892774));
#4335=CARTESIAN_POINT('Ctrl Pts',(-1.6241140920386,-1.57789900392469,-11.9549248430276));
#4336=CARTESIAN_POINT('Ctrl Pts',(-1.80998948647208,-1.34449151873481,-11.9648707049674));
#4337=CARTESIAN_POINT('Ctrl Pts',(-2.07236759044014,-0.827987925570305,
-11.9862906786189));
#4338=CARTESIAN_POINT('Ctrl Pts',(-2.15092329982071,-0.55382606241195,-11.996950938572));
#4339=CARTESIAN_POINT('Ctrl Pts',(-2.18357148234614,-0.184178505006211,
-12.0104588426093));
#4340=CARTESIAN_POINT('Ctrl Pts',(-2.18627844928302,-0.0931582466005192,
-12.013721550717));
#4341=CARTESIAN_POINT('Ctrl Pts',(-2.18301270189219,9.0501391103448E-13,
-12.0169872981078));
#4342=CARTESIAN_POINT('',(-1.7,-3.24395603881446E-15,-12.5));
#4343=CARTESIAN_POINT('',(-1.7,-3.24395603881446E-15,-12.5));
#4344=CARTESIAN_POINT('Origin',(0.,-3.03576608295941E-15,-12.5));
#4345=CARTESIAN_POINT('Ctrl Pts',(-2.18301270189219,9.0502258465186E-13,
-12.0169872981078));
#4346=CARTESIAN_POINT('Ctrl Pts',(-2.17649500214757,0.18592297793507,-12.0235049978524));
#4347=CARTESIAN_POINT('Ctrl Pts',(-2.14562944936667,0.380317869859285,-12.0307212644828));
#4348=CARTESIAN_POINT('Ctrl Pts',(-1.99846939714828,0.84241683235082,-12.0491542731168));
#4349=CARTESIAN_POINT('Ctrl Pts',(-1.86324660885492,1.0887839500024,-12.0599710641799));
#4350=CARTESIAN_POINT('Ctrl Pts',(-1.52047772144708,1.49935599164513,-12.080031905885));
#4351=CARTESIAN_POINT('Ctrl Pts',(-1.30611243117128,1.68473714638418,-12.0899556763679));
#4352=CARTESIAN_POINT('Ctrl Pts',(-0.796696140854793,1.94836813359496,-12.1124091540674));
#4353=CARTESIAN_POINT('Ctrl Pts',(-0.535012209717425,2.0247485683245,-12.1232207886187));
#4354=CARTESIAN_POINT('Ctrl Pts',(-0.0196488665030666,2.07147726688676,
-12.1432333397693));
#4355=CARTESIAN_POINT('Ctrl Pts',(0.254955240506756,2.05234346538332,-12.1531595177571));
#4356=CARTESIAN_POINT('Ctrl Pts',(0.750286541665209,1.89502350621137,-12.174131564327));
#4357=CARTESIAN_POINT('Ctrl Pts',(0.950672925647734,1.7924940057393,-12.1833411886482));
#4358=CARTESIAN_POINT('Ctrl Pts',(1.26274736569229,1.56094843272406,-12.1990246961546));
#4359=CARTESIAN_POINT('Ctrl Pts',(1.44361651884571,1.40264723742391,-12.2078972775081));
#4360=CARTESIAN_POINT('Ctrl Pts',(1.60323016411891,1.16257336521284,-12.2196152422716));
#4361=CARTESIAN_POINT('Origin',(0.,-3.03576608295941E-15,-12.5));
#4362=CARTESIAN_POINT('Ctrl Pts',(2.5,-1.97362016113634E-13,-11.));
#4363=CARTESIAN_POINT('Ctrl Pts',(2.5,-0.0740103745996614,-11.0035735370023));
#4364=CARTESIAN_POINT('Ctrl Pts',(2.496713603164,-0.148100906165512,-11.0072166722622));
#4365=CARTESIAN_POINT('Ctrl Pts',(2.46066839677983,-0.552310940475307,-11.0274545633274));
#4366=CARTESIAN_POINT('Ctrl Pts',(2.36581112646632,-0.873413348153853,-11.0448559044843));
#4367=CARTESIAN_POINT('Ctrl Pts',(2.06166440548715,-1.44985765112618,-11.0787720319876));
#4368=CARTESIAN_POINT('Ctrl Pts',(1.85920608906362,-1.70173067505478,-11.094264202392));
#4369=CARTESIAN_POINT('Ctrl Pts',(1.36148047384964,-2.12283614761255,-11.126718630455));
#4370=CARTESIAN_POINT('Ctrl Pts',(1.06808735857703,-2.28456283715344,-11.1441194370057));
#4371=CARTESIAN_POINT('Ctrl Pts',(0.446283611044955,-2.48060368564656,-11.1780635947841));
#4372=CARTESIAN_POINT('Ctrl Pts',(0.125194396664034,-2.51731502090054,-11.193608779375));
#4373=CARTESIAN_POINT('Ctrl Pts',(-0.525008099790137,-2.4666879931473,-11.2260158736346));
#4374=CARTESIAN_POINT('Ctrl Pts',(-0.847502038230896,-2.37526794815384,
-11.2434156593338));
#4375=CARTESIAN_POINT('Ctrl Pts',(-1.42757578640244,-2.07716461055375,-11.2773861642861));
#4376=CARTESIAN_POINT('Ctrl Pts',(-1.68165858408591,-1.87738972166658,-11.2929847771238));
#4377=CARTESIAN_POINT('Ctrl Pts',(-2.10834464554978,-1.38390081267486,-11.3253462506924));
#4378=CARTESIAN_POINT('Ctrl Pts',(-2.27332606699099,-1.09190678149994,-11.3427445981251));
#4379=CARTESIAN_POINT('Ctrl Pts',(-2.47589653344728,-0.471750006833114,
-11.3767398253782));
#4380=CARTESIAN_POINT('Ctrl Pts',(-2.51590870345344,-0.150979424475795,
-11.392391894447));
#4381=CARTESIAN_POINT('Ctrl Pts',(-2.47190143016526,0.500112022916907,-11.4247095159655));
#4382=CARTESIAN_POINT('Ctrl Pts',(-2.38362469736058,0.823841093963157,-11.4421060728987));
#4383=CARTESIAN_POINT('Ctrl Pts',(-2.09104054860551,1.40719264943231,-11.4761244606107));
#4384=CARTESIAN_POINT('Ctrl Pts',(-1.89370172972235,1.66328363254907,-11.4918296646715));
#4385=CARTESIAN_POINT('Ctrl Pts',(-1.40408011517031,2.09501134975867,-11.5241052418613));
#4386=CARTESIAN_POINT('Ctrl Pts',(-1.11338375025362,2.26293200117789,-11.541499717024));
#4387=CARTESIAN_POINT('Ctrl Pts',(-0.494748231326743,2.47141638574563,-11.5755397699145));
#4388=CARTESIAN_POINT('Ctrl Pts',(-0.174264432146464,2.51441461231568,-11.5912974766434));
#4389=CARTESIAN_POINT('Ctrl Pts',(0.449717993682771,2.47801695012794,-11.6221539665895));
#4390=CARTESIAN_POINT('Ctrl Pts',(0.748043698612175,2.40483240308754,-11.638022096787));
#4391=CARTESIAN_POINT('Ctrl Pts',(1.30218208264685,2.15549397996347,-11.6697650332928));
#4392=CARTESIAN_POINT('Ctrl Pts',(1.55357246029228,1.98196144564045,-11.6853738851625));
#4393=CARTESIAN_POINT('Ctrl Pts',(1.76776695296633,1.76776695296641,-11.7));
#4394=CARTESIAN_POINT('Ctrl Pts',(1.93595139919012E-14,2.5,-11.7));
#4395=CARTESIAN_POINT('Ctrl Pts',(-0.328130543619714,2.5,-11.6841564558273));
#4396=CARTESIAN_POINT('Ctrl Pts',(-0.653135744981572,2.43539933275084,-11.6671718031829));
#4397=CARTESIAN_POINT('Ctrl Pts',(-1.25963501302178,2.18426602689089,-11.6328647618962));
#4398=CARTESIAN_POINT('Ctrl Pts',(-1.53520560440136,2.00022081314442,-11.6158781324393));
#4399=CARTESIAN_POINT('Ctrl Pts',(-1.99481982411507,1.54081921117483,-11.5844979627461));
#4400=CARTESIAN_POINT('Ctrl Pts',(-2.17633639593455,1.2716417348079,-11.5678735665343));
#4401=CARTESIAN_POINT('Ctrl Pts',(-2.43235899828054,0.667453087272249,-11.5335803059452));
#4402=CARTESIAN_POINT('Ctrl Pts',(-2.49974941408468,0.33639156816679,-11.516247433441));
#4403=CARTESIAN_POINT('Ctrl Pts',(-2.50023952873657,-0.319721899129078,
-11.4845576705239));
#4404=CARTESIAN_POINT('Ctrl Pts',(-2.43842435641512,-0.638426649553988,
-11.4679425216096));
#4405=CARTESIAN_POINT('Ctrl Pts',(-2.19257269291224,-1.24678640118438,-11.4336512810758));
#4406=CARTESIAN_POINT('Ctrl Pts',(-2.00629372385828,-1.52862003642523,-11.4163175700041));
#4407=CARTESIAN_POINT('Ctrl Pts',(-1.5429823624194,-1.99314181222238,-11.3846222473524));
#4408=CARTESIAN_POINT('Ctrl Pts',(-1.27403225839434,-2.17493265146586,-11.368017066113));
#4409=CARTESIAN_POINT('Ctrl Pts',(-0.670197392189612,-2.43159889936141,
-11.3337280146866));
#4410=CARTESIAN_POINT('Ctrl Pts',(-0.339252352346391,-2.49935748540064,
-11.316393402894));
#4411=CARTESIAN_POINT('Ctrl Pts',(0.316785333673046,-2.50060875750455,-11.2846920758716));
#4412=CARTESIAN_POINT('Ctrl Pts',(0.635525933683725,-2.43917700490053,-11.2680976335312));
#4413=CARTESIAN_POINT('Ctrl Pts',(1.24410699803924,-2.19408770186884,-11.2338109542832));
#4414=CARTESIAN_POINT('Ctrl Pts',(1.52613278214704,-2.00817925032679,-11.2164753757937));
#4415=CARTESIAN_POINT('Ctrl Pts',(1.991178176181,-1.5455076736002,-11.1847675663112));
#4416=CARTESIAN_POINT('Ctrl Pts',(2.17328940118499,-1.27682315684846,-11.1681846876166));
#4417=CARTESIAN_POINT('Ctrl Pts',(2.43070711041801,-0.673401920348566,-11.1339005787723));
#4418=CARTESIAN_POINT('Ctrl Pts',(2.49889553423344,-0.34259343571349,-11.1165639636929));
#4419=CARTESIAN_POINT('Ctrl Pts',(2.49999556524914,-0.00543757311627462,
-11.1002626379503));
#4420=CARTESIAN_POINT('Ctrl Pts',(2.50000000001351,-0.00271868155623246,
-11.1001312695574));
#4421=CARTESIAN_POINT('Ctrl Pts',(2.5,1.24215777931421E-8,-11.0999999994002));
#4422=CARTESIAN_POINT('Origin',(0.,-9.10729824887824E-15,7.5));
#4423=CARTESIAN_POINT('Ctrl Pts',(2.47215455919975,-4.61436444609831E-15,
7.28392342725827));
#4424=CARTESIAN_POINT('Ctrl Pts',(2.4693952232214,-0.122636484846636,7.27634221396506));
#4425=CARTESIAN_POINT('Ctrl Pts',(2.45740999167506,-0.245228532191767,7.26850438108775));
#4426=CARTESIAN_POINT('Ctrl Pts',(2.38108419641176,-0.681832871407035,7.2396294869517));
#4427=CARTESIAN_POINT('Ctrl Pts',(2.2647039758153,-0.98321337424108,7.21787157951605));
#4428=CARTESIAN_POINT('Ctrl Pts',(1.93284731526509,-1.50794279499744,7.1762515238919));
#4429=CARTESIAN_POINT('Ctrl Pts',(1.7159804983898,-1.74745095429011,7.15659765566276));
#4430=CARTESIAN_POINT('Ctrl Pts',(1.18363517203828,-2.12277244718279,7.11338169791387));
#4431=CARTESIAN_POINT('Ctrl Pts',(0.893833546275498,-2.25168013261955,7.09161542199659));
#4432=CARTESIAN_POINT('Ctrl Pts',(0.299681919144262,-2.38642220959392,7.04997879080414));
#4433=CARTESIAN_POINT('Ctrl Pts',(-0.0166626456469882,-2.40259968450421,
7.03032583682935));
#4434=CARTESIAN_POINT('Ctrl Pts',(-0.646220991274384,-2.29490257739352,
6.98715386506825));
#4435=CARTESIAN_POINT('Ctrl Pts',(-0.936991167990243,-2.1837549513812,6.9653789124296));
#4436=CARTESIAN_POINT('Ctrl Pts',(-1.44312239085432,-1.86590237040653,6.92372191744727));
#4437=CARTESIAN_POINT('Ctrl Pts',(-1.67385932977158,-1.65826805020261,6.90406967039169));
#4438=CARTESIAN_POINT('Ctrl Pts',(-2.03655047295837,-1.1480395612738,6.86094808746164));
#4439=CARTESIAN_POINT('Ctrl Pts',(-2.16168106344456,-0.869447062039597,
6.83916413117927));
#4440=CARTESIAN_POINT('Ctrl Pts',(-2.29673197524363,-0.283106321637849,
6.7963760865227));
#4441=CARTESIAN_POINT('Ctrl Pts',(-2.30711887091147,0.0209523961715236,
6.77671842623257));
#4442=CARTESIAN_POINT('Ctrl Pts',(-2.20881454540406,0.610209024879801,6.73476676757964));
#4443=CARTESIAN_POINT('Ctrl Pts',(-2.10294814335388,0.890397692845071,6.71297346119207));
#4444=CARTESIAN_POINT('Ctrl Pts',(-1.79119493398735,1.39080363324327,6.67018002222935));
#4445=CARTESIAN_POINT('Ctrl Pts',(-1.58834479253444,1.60891049597458,6.65052370637235));
#4446=CARTESIAN_POINT('Ctrl Pts',(-1.23235039486077,1.86433478865779,6.61914604409858));
#4447=CARTESIAN_POINT('Ctrl Pts',(-1.10766248106043,1.93659015251578,6.60858830326415));
#4448=CARTESIAN_POINT('Ctrl Pts',(-0.72177491476978,2.11266182537535,6.57709142244511));
#4449=CARTESIAN_POINT('Ctrl Pts',(-0.446880343428793,2.17964189805135,6.55609566423272));
#4450=CARTESIAN_POINT('Ctrl Pts',(0.123146988902915,2.20809924448236,6.51533098003612));
#4451=CARTESIAN_POINT('Ctrl Pts',(0.41143217036022,2.16541225755925,6.4950325314223));
#4452=CARTESIAN_POINT('Ctrl Pts',(0.942782105485945,1.97314744397478,6.45222824128335));
#4453=CARTESIAN_POINT('Ctrl Pts',(1.18142805367335,1.83117497967121,6.43116406388688));
#4454=CARTESIAN_POINT('Ctrl Pts',(1.59665791493482,1.4624086073463,6.39053169046914));
#4455=CARTESIAN_POINT('Ctrl Pts',(1.76730728461745,1.23836183874532,6.37063217302411));
#4456=CARTESIAN_POINT('Ctrl Pts',(2.01171983762727,0.736175146616708,6.32748252041487));
#4457=CARTESIAN_POINT('Ctrl Pts',(2.0832039024873,0.464347053891306,6.3056818612763));
#4458=CARTESIAN_POINT('Ctrl Pts',(2.10408062346116,0.12423369942131,6.28018573733728));
#4459=CARTESIAN_POINT('Ctrl Pts',(2.10515290291291,0.062032299796519,6.27559466370794));
#4460=CARTESIAN_POINT('Ctrl Pts',(2.10351256515706,2.40720265674686E-12,
6.27108787276326));
#4461=CARTESIAN_POINT('Ctrl Pts',(2.03067397976103,-5.44703171456717E-15,
6.07096550412266));
#4462=CARTESIAN_POINT('Ctrl Pts',(2.03361032038092,0.164236654511296,6.07903303367163));
#4463=CARTESIAN_POINT('Ctrl Pts',(2.01672248631967,0.328484791447313,6.08747165137554));
#4464=CARTESIAN_POINT('Ctrl Pts',(1.9227953060889,0.742828245707062,6.10970045390207));
#4465=CARTESIAN_POINT('Ctrl Pts',(1.81718755610562,0.983571590658939,6.12354929608132));
#4466=CARTESIAN_POINT('Ctrl Pts',(1.51368113084724,1.42352719126744,6.15089232762885));
#4467=CARTESIAN_POINT('Ctrl Pts',(1.31405065482433,1.61543657845114,6.16379241363817));
#4468=CARTESIAN_POINT('Ctrl Pts',(0.861624357056344,1.90561303659393,6.19147481528257));
#4469=CARTESIAN_POINT('Ctrl Pts',(0.613481766634083,2.00459119201806,6.20535087212845));
#4470=CARTESIAN_POINT('Ctrl Pts',(0.0804670928420629,2.10642026361897,6.23276225739961));
#4471=CARTESIAN_POINT('Ctrl Pts',(-0.20035366774994,2.10291562278532,6.24564200391602));
#4472=CARTESIAN_POINT('Ctrl Pts',(-0.734199292864555,1.99033207058704,6.27330884751469));
#4473=CARTESIAN_POINT('Ctrl Pts',(-0.984300099850306,1.88492687772513,6.28720951528543));
#4474=CARTESIAN_POINT('Ctrl Pts',(-1.44201931552376,1.57853289528569,6.31468292832796));
#4475=CARTESIAN_POINT('Ctrl Pts',(-1.64222488227142,1.37601672479097,6.32754706298034));
#4476=CARTESIAN_POINT('Ctrl Pts',(-1.94764773776762,0.914187906770904,6.35519833540763));
#4477=CARTESIAN_POINT('Ctrl Pts',(-2.05321852981259,0.659564865711919,6.3691212877177));
#4478=CARTESIAN_POINT('Ctrl Pts',(-2.16523333922399,0.111968645733708,6.39665105884939));
#4479=CARTESIAN_POINT('Ctrl Pts',(-2.16538973979079,-0.176734119652019,
6.40950354596291));
#4480=CARTESIAN_POINT('Ctrl Pts',(-2.05663233342647,-0.727888125002012,
6.43713936326412));
#4481=CARTESIAN_POINT('Ctrl Pts',(-1.95118715765399,-0.987127361121734,
6.45108251896549));
#4482=CARTESIAN_POINT('Ctrl Pts',(-1.64147037288014,-1.46212673947153,6.47866356056047));
#4483=CARTESIAN_POINT('Ctrl Pts',(-1.43587204726113,-1.67036918907756,6.49150771300615));
#4484=CARTESIAN_POINT('Ctrl Pts',(-0.964382197606914,-1.99045075399526,
6.51912829720413));
#4485=CARTESIAN_POINT('Ctrl Pts',(-0.703257176625869,-2.10230396102133,
6.53308979213256));
#4486=CARTESIAN_POINT('Ctrl Pts',(-0.141098778053599,-2.22388783086985,
6.56071753290334));
#4487=CARTESIAN_POINT('Ctrl Pts',(0.155451100554325,-2.22739732442312,6.57355610792864));
#4488=CARTESIAN_POINT('Ctrl Pts',(0.723698578830789,-2.12189489251683,6.60116176678265));
#4489=CARTESIAN_POINT('Ctrl Pts',(0.991885830816365,-2.01618328676832,6.61513992892815));
#4490=CARTESIAN_POINT('Ctrl Pts',(1.48374663095112,-1.70273485033377,6.64281025594067));
#4491=CARTESIAN_POINT('Ctrl Pts',(1.69979925825587,-1.49386537119953,6.65564553749622));
#4492=CARTESIAN_POINT('Ctrl Pts',(2.0348170117952,-1.01131252066389,6.68330295849183));
#4493=CARTESIAN_POINT('Ctrl Pts',(2.15300643714266,-0.742222076628588,6.69736536116761));
#4494=CARTESIAN_POINT('Ctrl Pts',(2.2506619078129,-0.307225677044013,6.71824839558099));
#4495=CARTESIAN_POINT('Ctrl Pts',(2.26883148422455,-0.153676291586379,6.72529786990985));
#4496=CARTESIAN_POINT('Ctrl Pts',(2.27128795284973,-7.97972798949331E-15,
6.73204696198912));
#4497=CARTESIAN_POINT('Origin',(0.,-2.60208521396521E-15,7.75));
#4498=CARTESIAN_POINT('',(4.,-3.09194393362415E-15,7.5));
#4499=CARTESIAN_POINT('Origin',(0.,-3.03576608295941E-15,7.5));
#4500=CARTESIAN_POINT('',(4.25,-3.12256010360284E-15,7.75));
#4501=CARTESIAN_POINT('Origin',(4.,-3.09194393362415E-15,7.75));
#4502=CARTESIAN_POINT('Origin',(0.,-3.03576608295941E-15,7.75));
#4503=CARTESIAN_POINT('Origin',(0.,-3.03576608295941E-15,-12.5));
#4504=CARTESIAN_POINT('',(4.25,-3.55624097259704E-15,12.25));
#4505=CARTESIAN_POINT('',(4.25,-3.55624097259704E-15,-12.5));
#4506=CARTESIAN_POINT('Origin',(0.,-3.03576608295941E-15,12.25));
#4507=CARTESIAN_POINT('Origin',(0.,-3.46944695195361E-15,12.25));
#4508=CARTESIAN_POINT('',(4.,-3.95930567161256E-15,12.5));
#4509=CARTESIAN_POINT('Origin',(4.,-3.95930567161256E-15,12.25));
#4510=CARTESIAN_POINT('Origin',(0.,-3.03576608295941E-15,12.5));
#4511=CARTESIAN_POINT('Origin',(0.,0.,12.5));
#4512=CARTESIAN_POINT('',(2.,-1.15470053837925,12.3373220427625));
#4513=CARTESIAN_POINT('',(2.,1.15470053837925,12.3373220427625));
#4514=CARTESIAN_POINT('Ctrl Pts',(2.,-1.15470053837932,12.3373220427625));
#4515=CARTESIAN_POINT('Ctrl Pts',(2.,1.66533453693773E-15,12.0039887094291));
#4516=CARTESIAN_POINT('Ctrl Pts',(2.,1.15470053837932,12.3373220427625));
#4517=CARTESIAN_POINT('',(-3.15463233360992E-16,-2.3094010767585,12.3373220427625));
#4518=CARTESIAN_POINT('Ctrl Pts',(-6.25740802509863E-14,-2.30940107675854,
12.3373220427625));
#4519=CARTESIAN_POINT('Ctrl Pts',(0.999999999999999,-1.73205080756887,12.0039887094291));
#4520=CARTESIAN_POINT('Ctrl Pts',(2.00000000000006,-1.15470053837921,12.3373220427625));
#4521=CARTESIAN_POINT('',(-2.,-1.15470053837925,12.3373220427625));
#4522=CARTESIAN_POINT('Ctrl Pts',(-2.00000000000006,-1.15470053837922,12.3373220427625));
#4523=CARTESIAN_POINT('Ctrl Pts',(-0.999999999999999,-1.73205080756888,
12.0039887094291));
#4524=CARTESIAN_POINT('Ctrl Pts',(6.14391211170505E-14,-2.30940107675854,
12.3373220427625));
#4525=CARTESIAN_POINT('',(-2.,-2.10254074443883E-16,12.1586892478084));
#4526=CARTESIAN_POINT('Ctrl Pts',(-2.,-1.15470053837932,12.3373220427625));
#4527=CARTESIAN_POINT('Ctrl Pts',(-2.,-0.535898384862274,12.1586892478084));
#4528=CARTESIAN_POINT('Ctrl Pts',(-2.,-1.75578789058295E-16,12.1586892478084));
#4529=CARTESIAN_POINT('',(-2.59116756396542,-3.17326506326469E-16,12.5));
#4530=CARTESIAN_POINT('',(-2.59116756396542,-3.17326506326469E-16,12.5));
#4531=CARTESIAN_POINT('Origin',(0.,0.,12.5));
#4532=CARTESIAN_POINT('',(-2.,1.15470053837925,12.3373220427625));
#4533=CARTESIAN_POINT('Ctrl Pts',(-2.,-1.75578789058295E-16,12.1586892478084));
#4534=CARTESIAN_POINT('Ctrl Pts',(-2.,0.535898384862273,12.1586892478084));
#4535=CARTESIAN_POINT('Ctrl Pts',(-2.,1.15470053837932,12.3373220427625));
#4536=CARTESIAN_POINT('',(-9.34154700390469E-16,2.3094010767585,12.3373220427625));
#4537=CARTESIAN_POINT('Ctrl Pts',(6.14391211170506E-14,2.30940107675854,
12.3373220427625));
#4538=CARTESIAN_POINT('Ctrl Pts',(-1.,1.73205080756887,12.0039887094291));
#4539=CARTESIAN_POINT('Ctrl Pts',(-2.00000000000006,1.15470053837921,12.3373220427625));
#4540=CARTESIAN_POINT('Ctrl Pts',(2.00000000000006,1.15470053837921,12.3373220427625));
#4541=CARTESIAN_POINT('Ctrl Pts',(0.999999999999997,1.73205080756888,12.0039887094291));
#4542=CARTESIAN_POINT('Ctrl Pts',(-6.63572773641052E-14,2.30940107675854,
12.3373220427625));
#4543=CARTESIAN_POINT('Origin',(0.,0.,10.));
#4544=CARTESIAN_POINT('',(-8.28135225964196E-16,2.3094010767585,10.));
#4545=CARTESIAN_POINT('',(-2.,1.15470053837925,10.));
#4546=CARTESIAN_POINT('',(-8.28135225964196E-16,2.3094010767585,10.));
#4547=CARTESIAN_POINT('',(-2.,-1.15470053837925,10.));
#4548=CARTESIAN_POINT('',(-2.,1.15470053837925,10.));
#4549=CARTESIAN_POINT('',(-5.81327598266961E-16,-2.3094010767585,10.));
#4550=CARTESIAN_POINT('',(-2.,-1.15470053837925,10.));
#4551=CARTESIAN_POINT('',(2.,-1.15470053837925,10.));
#4552=CARTESIAN_POINT('',(-5.81327598266961E-16,-2.3094010767585,10.));
#4553=CARTESIAN_POINT('',(2.,1.15470053837925,10.));
#4554=CARTESIAN_POINT('',(2.,-1.15470053837925,10.));
#4555=CARTESIAN_POINT('',(2.,1.15470053837925,10.));
#4556=CARTESIAN_POINT('Origin',(-8.28135225964196E-16,2.3094010767585,10.));
#4557=CARTESIAN_POINT('',(-8.28135225964196E-16,2.3094010767585,10.));
#4558=CARTESIAN_POINT('',(-2.,1.15470053837925,10.));
#4559=CARTESIAN_POINT('Origin',(-2.,1.15470053837925,10.));
#4560=CARTESIAN_POINT('',(-2.,-1.15470053837925,10.));
#4561=CARTESIAN_POINT('Origin',(-2.,-1.15470053837925,10.));
#4562=CARTESIAN_POINT('',(-5.81327598266961E-16,-2.3094010767585,10.));
#4563=CARTESIAN_POINT('Origin',(-5.81327598266961E-16,-2.3094010767585,
10.));
#4564=CARTESIAN_POINT('',(2.,-1.15470053837925,10.));
#4565=CARTESIAN_POINT('Origin',(2.,-1.15470053837925,10.));
#4566=CARTESIAN_POINT('',(2.,1.15470053837925,10.));
#4567=CARTESIAN_POINT('Origin',(2.,1.15470053837925,10.));
#4568=CARTESIAN_POINT('Origin',(0.,4.,12.5));
#4569=CARTESIAN_POINT('Origin',(-4.,-3.03576608295941E-15,7.5));
#4570=CARTESIAN_POINT('Origin',(3.17313562721808E-16,-9.43689570931383E-15,
-12.85));
#4571=CARTESIAN_POINT('Ctrl Pts',(-2.42527185463344E-16,-1.98038475772935,
5.9));
#4572=CARTESIAN_POINT('Ctrl Pts',(0.259564454632067,-1.98038475772935,5.91582126968603));
#4573=CARTESIAN_POINT('Ctrl Pts',(0.510361541421823,-1.9134928496559,5.93279700214864));
#4574=CARTESIAN_POINT('Ctrl Pts',(0.,1.98037963200675,-12.8999970406627));
#4575=CARTESIAN_POINT('Ctrl Pts',(-0.820300102224639,1.98037963200675,-12.8499970406627));
#4576=CARTESIAN_POINT('Ctrl Pts',(-1.4003398671157,1.40033986711569,-12.7999970406627));
#4577=CARTESIAN_POINT('Ctrl Pts',(-1.98037963200676,0.82030010222463,-12.7499970406627));
#4578=CARTESIAN_POINT('Ctrl Pts',(-1.98037963200676,-8.99164095767886E-15,
-12.6999970406627));
#4579=CARTESIAN_POINT('Ctrl Pts',(-1.98037963200676,-0.820300102224648,
-12.6499970406627));
#4580=CARTESIAN_POINT('Ctrl Pts',(-1.4003398671157,-1.40033986711571,-12.5999970406627));
#4581=CARTESIAN_POINT('Ctrl Pts',(-0.820300102224639,-1.98037963200677,
-12.5499970406627));
#4582=CARTESIAN_POINT('Ctrl Pts',(-2.42526557743369E-16,-1.98037963200677,
-12.4999970406627));
#4583=CARTESIAN_POINT('Ctrl Pts',(0.820300102224639,-1.98037963200677,-12.4499970406627));
#4584=CARTESIAN_POINT('Ctrl Pts',(1.4003398671157,-1.40033986711571,-12.3999970406627));
#4585=CARTESIAN_POINT('Ctrl Pts',(1.98037963200676,-0.820300102224649,-12.3499970406627));
#4586=CARTESIAN_POINT('Ctrl Pts',(1.98037963200676,-9.4766940731656E-15,
-12.2999970406627));
#4587=CARTESIAN_POINT('Ctrl Pts',(1.98037963200676,0.820300102224631,-12.2499970406627));
#4588=CARTESIAN_POINT('Ctrl Pts',(1.4003398671157,1.40033986711569,-12.1999970406627));
#4589=CARTESIAN_POINT('Ctrl Pts',(0.820300102224641,1.98037963200675,-12.1499970406627));
#4590=CARTESIAN_POINT('Ctrl Pts',(0.,1.98037963200675,-12.0999970406627));
#4591=CARTESIAN_POINT('Ctrl Pts',(-0.820300102224639,1.98037963200675,-12.0499970406627));
#4592=CARTESIAN_POINT('Ctrl Pts',(-1.4003398671157,1.40033986711569,-11.9999970406627));
#4593=CARTESIAN_POINT('Ctrl Pts',(-1.98037963200676,0.82030010222463,-11.9499970406627));
#4594=CARTESIAN_POINT('Ctrl Pts',(-1.98037963200676,-8.99164095767886E-15,
-11.8999970406627));
#4595=CARTESIAN_POINT('Ctrl Pts',(-1.98037963200676,-0.820300102224648,
-11.8499970406627));
#4596=CARTESIAN_POINT('Ctrl Pts',(-1.4003398671157,-1.40033986711571,-11.7999970406627));
#4597=CARTESIAN_POINT('Ctrl Pts',(-0.820300102224639,-1.98037963200677,
-11.7499970406627));
#4598=CARTESIAN_POINT('Ctrl Pts',(-2.42526557743369E-16,-1.98037963200677,
-11.6999970406627));
#4599=CARTESIAN_POINT('Ctrl Pts',(0.820300102224639,-1.98037963200677,-11.6499970406627));
#4600=CARTESIAN_POINT('Ctrl Pts',(1.4003398671157,-1.40033986711571,-11.5999970406627));
#4601=CARTESIAN_POINT('Ctrl Pts',(1.98037963200676,-0.820300102224649,-11.5499970406627));
#4602=CARTESIAN_POINT('Ctrl Pts',(1.98037963200676,-9.4766940731656E-15,
-11.4999970406627));
#4603=CARTESIAN_POINT('Ctrl Pts',(1.98037963200676,0.820300102224631,-11.4499970406627));
#4604=CARTESIAN_POINT('Ctrl Pts',(1.4003398671157,1.40033986711569,-11.3999970406627));
#4605=CARTESIAN_POINT('Ctrl Pts',(0.820300102224641,1.98037963200675,-11.3499970406627));
#4606=CARTESIAN_POINT('Ctrl Pts',(0.,1.98037963200675,-11.2999970406627));
#4607=CARTESIAN_POINT('Ctrl Pts',(-0.820300102224639,1.98037963200675,-11.2499970406627));
#4608=CARTESIAN_POINT('Ctrl Pts',(-1.4003398671157,1.40033986711569,-11.1999970406627));
#4609=CARTESIAN_POINT('Ctrl Pts',(-1.98037963200676,0.82030010222463,-11.1499970406627));
#4610=CARTESIAN_POINT('Ctrl Pts',(-1.98037963200676,-8.99164095767886E-15,
-11.0999970406627));
#4611=CARTESIAN_POINT('Ctrl Pts',(-1.98037963200676,-0.820300102224648,
-11.0499970406627));
#4612=CARTESIAN_POINT('Ctrl Pts',(-1.4003398671157,-1.40033986711571,-10.9999970406627));
#4613=CARTESIAN_POINT('Ctrl Pts',(-0.820300102224639,-1.98037963200677,
-10.9499970406627));
#4614=CARTESIAN_POINT('Ctrl Pts',(-2.42526557743369E-16,-1.98037963200677,
-10.8999970406627));
#4615=CARTESIAN_POINT('Ctrl Pts',(0.820300102224639,-1.98037963200677,-10.8499970406627));
#4616=CARTESIAN_POINT('Ctrl Pts',(1.4003398671157,-1.40033986711571,-10.7999970406627));
#4617=CARTESIAN_POINT('Ctrl Pts',(1.98037963200676,-0.820300102224649,-10.7499970406627));
#4618=CARTESIAN_POINT('Ctrl Pts',(1.98037963200676,-9.4766940731656E-15,
-10.6999970406627));
#4619=CARTESIAN_POINT('Ctrl Pts',(1.98037963200676,0.820300102224631,-10.6499970406627));
#4620=CARTESIAN_POINT('Ctrl Pts',(1.4003398671157,1.40033986711569,-10.5999970406627));
#4621=CARTESIAN_POINT('Ctrl Pts',(0.820300102224641,1.98037963200675,-10.5499970406627));
#4622=CARTESIAN_POINT('Ctrl Pts',(0.,1.98037963200675,-10.4999970406627));
#4623=CARTESIAN_POINT('Ctrl Pts',(-0.820300102224639,1.98037963200675,-10.4499970406627));
#4624=CARTESIAN_POINT('Ctrl Pts',(-1.4003398671157,1.40033986711569,-10.3999970406627));
#4625=CARTESIAN_POINT('Ctrl Pts',(-1.98037963200676,0.82030010222463,-10.3499970406627));
#4626=CARTESIAN_POINT('Ctrl Pts',(-1.98037963200676,-8.99164095767886E-15,
-10.2999970406627));
#4627=CARTESIAN_POINT('Ctrl Pts',(-1.98037963200676,-0.820300102224648,
-10.2499970406627));
#4628=CARTESIAN_POINT('Ctrl Pts',(-1.4003398671157,-1.40033986711571,-10.1999970406627));
#4629=CARTESIAN_POINT('Ctrl Pts',(-0.820300102224639,-1.98037963200677,
-10.1499970406627));
#4630=CARTESIAN_POINT('Ctrl Pts',(-2.42526557743369E-16,-1.98037963200677,
-10.0999970406627));
#4631=CARTESIAN_POINT('Ctrl Pts',(0.820300102224639,-1.98037963200677,-10.0499970406627));
#4632=CARTESIAN_POINT('Ctrl Pts',(1.4003398671157,-1.40033986711571,-9.99999704066269));
#4633=CARTESIAN_POINT('Ctrl Pts',(1.98037963200676,-0.820300102224649,-9.94999704066269));
#4634=CARTESIAN_POINT('Ctrl Pts',(1.98037963200676,-9.4766940731656E-15,
-9.89999704066269));
#4635=CARTESIAN_POINT('Ctrl Pts',(1.98037963200676,0.820300102224631,-9.84999704066269));
#4636=CARTESIAN_POINT('Ctrl Pts',(1.4003398671157,1.40033986711569,-9.79999704066269));
#4637=CARTESIAN_POINT('Ctrl Pts',(0.820300102224641,1.98037963200675,-9.74999704066269));
#4638=CARTESIAN_POINT('Ctrl Pts',(0.,1.98037963200675,-9.69999704066269));
#4639=CARTESIAN_POINT('Ctrl Pts',(-0.820300102224639,1.98037963200675,-9.64999704066269));
#4640=CARTESIAN_POINT('Ctrl Pts',(-1.4003398671157,1.40033986711569,-9.59999704066269));
#4641=CARTESIAN_POINT('Ctrl Pts',(-1.98037963200676,0.82030010222463,-9.54999704066269));
#4642=CARTESIAN_POINT('Ctrl Pts',(-1.98037963200676,-8.99164095767886E-15,
-9.49999704066269));
#4643=CARTESIAN_POINT('Ctrl Pts',(-1.98037963200676,-0.820300102224648,
-9.44999704066269));
#4644=CARTESIAN_POINT('Ctrl Pts',(-1.4003398671157,-1.40033986711571,-9.39999704066269));
#4645=CARTESIAN_POINT('Ctrl Pts',(-0.820300102224639,-1.98037963200677,
-9.34999704066269));
#4646=CARTESIAN_POINT('Ctrl Pts',(-2.42526557743369E-16,-1.98037963200677,
-9.29999704066269));
#4647=CARTESIAN_POINT('Ctrl Pts',(0.820300102224639,-1.98037963200677,-9.24999704066269));
#4648=CARTESIAN_POINT('Ctrl Pts',(1.4003398671157,-1.40033986711571,-9.19999704066269));
#4649=CARTESIAN_POINT('Ctrl Pts',(1.98037963200676,-0.820300102224649,-9.14999704066269));
#4650=CARTESIAN_POINT('Ctrl Pts',(1.98037963200676,-9.4766940731656E-15,
-9.09999704066269));
#4651=CARTESIAN_POINT('Ctrl Pts',(1.98037963200676,0.820300102224631,-9.04999704066269));
#4652=CARTESIAN_POINT('Ctrl Pts',(1.4003398671157,1.40033986711569,-8.99999704066269));
#4653=CARTESIAN_POINT('Ctrl Pts',(0.820300102224641,1.98037963200675,-8.94999704066269));
#4654=CARTESIAN_POINT('Ctrl Pts',(0.,1.98037963200675,-8.89999704066269));
#4655=CARTESIAN_POINT('Ctrl Pts',(-0.820300102224639,1.98037963200675,-8.84999704066269));
#4656=CARTESIAN_POINT('Ctrl Pts',(-1.4003398671157,1.40033986711569,-8.79999704066269));
#4657=CARTESIAN_POINT('Ctrl Pts',(-1.98037963200676,0.82030010222463,-8.74999704066269));
#4658=CARTESIAN_POINT('Ctrl Pts',(-1.98037963200676,-8.99164095767886E-15,
-8.69999704066269));
#4659=CARTESIAN_POINT('Ctrl Pts',(-1.98037963200676,-0.820300102224648,
-8.64999704066269));
#4660=CARTESIAN_POINT('Ctrl Pts',(-1.4003398671157,-1.40033986711571,-8.59999704066269));
#4661=CARTESIAN_POINT('Ctrl Pts',(-0.820300102224639,-1.98037963200677,
-8.54999704066269));
#4662=CARTESIAN_POINT('Ctrl Pts',(-2.42526557743369E-16,-1.98037963200677,
-8.49999704066269));
#4663=CARTESIAN_POINT('Ctrl Pts',(0.820300102224639,-1.98037963200677,-8.44999704066269));
#4664=CARTESIAN_POINT('Ctrl Pts',(1.4003398671157,-1.40033986711571,-8.39999704066269));
#4665=CARTESIAN_POINT('Ctrl Pts',(1.98037963200676,-0.820300102224649,-8.34999704066269));
#4666=CARTESIAN_POINT('Ctrl Pts',(1.98037963200676,-9.4766940731656E-15,
-8.29999704066269));
#4667=CARTESIAN_POINT('Ctrl Pts',(1.98037963200676,0.820300102224631,-8.24999704066269));
#4668=CARTESIAN_POINT('Ctrl Pts',(1.4003398671157,1.40033986711569,-8.19999704066269));
#4669=CARTESIAN_POINT('Ctrl Pts',(0.820300102224641,1.98037963200675,-8.14999704066269));
#4670=CARTESIAN_POINT('Ctrl Pts',(0.,1.98037963200675,-8.09999704066269));
#4671=CARTESIAN_POINT('Ctrl Pts',(-0.820300102224639,1.98037963200675,-8.04999704066269));
#4672=CARTESIAN_POINT('Ctrl Pts',(-1.4003398671157,1.40033986711569,-7.99999704066269));
#4673=CARTESIAN_POINT('Ctrl Pts',(-1.98037963200676,0.82030010222463,-7.94999704066269));
#4674=CARTESIAN_POINT('Ctrl Pts',(-1.98037963200676,-8.99164095767886E-15,
-7.89999704066269));
#4675=CARTESIAN_POINT('Ctrl Pts',(-1.98037963200676,-0.820300102224648,
-7.84999704066269));
#4676=CARTESIAN_POINT('Ctrl Pts',(-1.4003398671157,-1.40033986711571,-7.79999704066269));
#4677=CARTESIAN_POINT('Ctrl Pts',(-0.820300102224639,-1.98037963200677,
-7.74999704066269));
#4678=CARTESIAN_POINT('Ctrl Pts',(-2.42526557743369E-16,-1.98037963200677,
-7.69999704066269));
#4679=CARTESIAN_POINT('Ctrl Pts',(0.820300102224639,-1.98037963200677,-7.64999704066269));
#4680=CARTESIAN_POINT('Ctrl Pts',(1.4003398671157,-1.40033986711571,-7.59999704066269));
#4681=CARTESIAN_POINT('Ctrl Pts',(1.98037963200676,-0.820300102224649,-7.54999704066269));
#4682=CARTESIAN_POINT('Ctrl Pts',(1.98037963200676,-9.4766940731656E-15,
-7.49999704066269));
#4683=CARTESIAN_POINT('Ctrl Pts',(1.98037963200676,0.820300102224631,-7.44999704066269));
#4684=CARTESIAN_POINT('Ctrl Pts',(1.4003398671157,1.40033986711569,-7.39999704066269));
#4685=CARTESIAN_POINT('Ctrl Pts',(0.820300102224641,1.98037963200675,-7.34999704066269));
#4686=CARTESIAN_POINT('Ctrl Pts',(0.,1.98037963200675,-7.29999704066269));
#4687=CARTESIAN_POINT('Ctrl Pts',(-0.820300102224639,1.98037963200675,-7.24999704066269));
#4688=CARTESIAN_POINT('Ctrl Pts',(-1.4003398671157,1.40033986711569,-7.19999704066269));
#4689=CARTESIAN_POINT('Ctrl Pts',(-1.98037963200676,0.82030010222463,-7.14999704066269));
#4690=CARTESIAN_POINT('Ctrl Pts',(-1.98037963200676,-8.99164095767886E-15,
-7.09999704066269));
#4691=CARTESIAN_POINT('Ctrl Pts',(-1.98037963200676,-0.820300102224648,
-7.04999704066269));
#4692=CARTESIAN_POINT('Ctrl Pts',(-1.4003398671157,-1.40033986711571,-6.99999704066269));
#4693=CARTESIAN_POINT('Ctrl Pts',(-0.820300102224639,-1.98037963200677,
-6.94999704066269));
#4694=CARTESIAN_POINT('Ctrl Pts',(-2.42526557743369E-16,-1.98037963200677,
-6.89999704066269));
#4695=CARTESIAN_POINT('Ctrl Pts',(0.820300102224639,-1.98037963200677,-6.84999704066269));
#4696=CARTESIAN_POINT('Ctrl Pts',(1.4003398671157,-1.40033986711571,-6.79999704066269));
#4697=CARTESIAN_POINT('Ctrl Pts',(1.98037963200676,-0.820300102224649,-6.74999704066269));
#4698=CARTESIAN_POINT('Ctrl Pts',(1.98037963200676,-9.4766940731656E-15,
-6.69999704066269));
#4699=CARTESIAN_POINT('Ctrl Pts',(1.98037963200676,0.820300102224631,-6.64999704066269));
#4700=CARTESIAN_POINT('Ctrl Pts',(1.4003398671157,1.40033986711569,-6.59999704066269));
#4701=CARTESIAN_POINT('Ctrl Pts',(0.820300102224641,1.98037963200675,-6.54999704066269));
#4702=CARTESIAN_POINT('Ctrl Pts',(0.,1.98037963200675,-6.49999704066269));
#4703=CARTESIAN_POINT('Ctrl Pts',(-0.820300102224639,1.98037963200675,-6.44999704066269));
#4704=CARTESIAN_POINT('Ctrl Pts',(-1.4003398671157,1.40033986711569,-6.39999704066269));
#4705=CARTESIAN_POINT('Ctrl Pts',(-1.98037963200676,0.82030010222463,-6.34999704066269));
#4706=CARTESIAN_POINT('Ctrl Pts',(-1.98037963200676,-8.99164095767886E-15,
-6.29999704066269));
#4707=CARTESIAN_POINT('Ctrl Pts',(-1.98037963200676,-0.820300102224648,
-6.24999704066269));
#4708=CARTESIAN_POINT('Ctrl Pts',(-1.4003398671157,-1.40033986711571,-6.19999704066269));
#4709=CARTESIAN_POINT('Ctrl Pts',(-0.820300102224639,-1.98037963200677,
-6.14999704066269));
#4710=CARTESIAN_POINT('Ctrl Pts',(-2.42526557743369E-16,-1.98037963200677,
-6.09999704066269));
#4711=CARTESIAN_POINT('Ctrl Pts',(0.820300102224639,-1.98037963200677,-6.04999704066269));
#4712=CARTESIAN_POINT('Ctrl Pts',(1.4003398671157,-1.40033986711571,-5.99999704066269));
#4713=CARTESIAN_POINT('Ctrl Pts',(1.98037963200676,-0.820300102224649,-5.94999704066269));
#4714=CARTESIAN_POINT('Ctrl Pts',(1.98037963200676,-9.4766940731656E-15,
-5.89999704066269));
#4715=CARTESIAN_POINT('Ctrl Pts',(1.98037963200676,0.820300102224631,-5.84999704066269));
#4716=CARTESIAN_POINT('Ctrl Pts',(1.4003398671157,1.40033986711569,-5.79999704066269));
#4717=CARTESIAN_POINT('Ctrl Pts',(0.820300102224641,1.98037963200675,-5.74999704066269));
#4718=CARTESIAN_POINT('Ctrl Pts',(0.,1.98037963200675,-5.69999704066269));
#4719=CARTESIAN_POINT('Ctrl Pts',(-0.820300102224639,1.98037963200675,-5.64999704066269));
#4720=CARTESIAN_POINT('Ctrl Pts',(-1.4003398671157,1.40033986711569,-5.59999704066269));
#4721=CARTESIAN_POINT('Ctrl Pts',(-1.98037963200676,0.82030010222463,-5.54999704066269));
#4722=CARTESIAN_POINT('Ctrl Pts',(-1.98037963200676,-8.99164095767886E-15,
-5.49999704066269));
#4723=CARTESIAN_POINT('Ctrl Pts',(-1.98037963200676,-0.820300102224648,
-5.44999704066269));
#4724=CARTESIAN_POINT('Ctrl Pts',(-1.4003398671157,-1.40033986711571,-5.39999704066269));
#4725=CARTESIAN_POINT('Ctrl Pts',(-0.820300102224639,-1.98037963200677,
-5.34999704066269));
#4726=CARTESIAN_POINT('Ctrl Pts',(-2.42526557743369E-16,-1.98037963200677,
-5.29999704066269));
#4727=CARTESIAN_POINT('Ctrl Pts',(0.820300102224639,-1.98037963200677,-5.24999704066269));
#4728=CARTESIAN_POINT('Ctrl Pts',(1.4003398671157,-1.40033986711571,-5.19999704066269));
#4729=CARTESIAN_POINT('Ctrl Pts',(1.98037963200676,-0.820300102224649,-5.14999704066269));
#4730=CARTESIAN_POINT('Ctrl Pts',(1.98037963200676,-9.4766940731656E-15,
-5.09999704066269));
#4731=CARTESIAN_POINT('Ctrl Pts',(1.98037963200676,0.820300102224631,-5.04999704066269));
#4732=CARTESIAN_POINT('Ctrl Pts',(1.4003398671157,1.40033986711569,-4.99999704066269));
#4733=CARTESIAN_POINT('Ctrl Pts',(0.820300102224641,1.98037963200675,-4.94999704066269));
#4734=CARTESIAN_POINT('Ctrl Pts',(0.,1.98037963200675,-4.89999704066269));
#4735=CARTESIAN_POINT('Ctrl Pts',(-0.820300102224639,1.98037963200675,-4.84999704066269));
#4736=CARTESIAN_POINT('Ctrl Pts',(-1.4003398671157,1.40033986711569,-4.79999704066269));
#4737=CARTESIAN_POINT('Ctrl Pts',(-1.98037963200676,0.82030010222463,-4.74999704066269));
#4738=CARTESIAN_POINT('Ctrl Pts',(-1.98037963200676,-8.99164095767886E-15,
-4.69999704066269));
#4739=CARTESIAN_POINT('Ctrl Pts',(-1.98037963200676,-0.820300102224648,
-4.64999704066269));
#4740=CARTESIAN_POINT('Ctrl Pts',(-1.4003398671157,-1.40033986711571,-4.59999704066269));
#4741=CARTESIAN_POINT('Ctrl Pts',(-0.820300102224639,-1.98037963200677,
-4.54999704066269));
#4742=CARTESIAN_POINT('Ctrl Pts',(-2.42526557743369E-16,-1.98037963200677,
-4.49999704066269));
#4743=CARTESIAN_POINT('Ctrl Pts',(0.820300102224639,-1.98037963200677,-4.44999704066269));
#4744=CARTESIAN_POINT('Ctrl Pts',(1.4003398671157,-1.40033986711571,-4.39999704066269));
#4745=CARTESIAN_POINT('Ctrl Pts',(1.98037963200676,-0.820300102224649,-4.34999704066269));
#4746=CARTESIAN_POINT('Ctrl Pts',(1.98037963200676,-9.4766940731656E-15,
-4.29999704066269));
#4747=CARTESIAN_POINT('Ctrl Pts',(1.98037963200676,0.820300102224631,-4.24999704066269));
#4748=CARTESIAN_POINT('Ctrl Pts',(1.4003398671157,1.40033986711569,-4.19999704066269));
#4749=CARTESIAN_POINT('Ctrl Pts',(0.820300102224641,1.98037963200675,-4.14999704066269));
#4750=CARTESIAN_POINT('Ctrl Pts',(0.,1.98037963200675,-4.09999704066269));
#4751=CARTESIAN_POINT('Ctrl Pts',(-0.820300102224639,1.98037963200675,-4.04999704066269));
#4752=CARTESIAN_POINT('Ctrl Pts',(-1.4003398671157,1.40033986711569,-3.99999704066269));
#4753=CARTESIAN_POINT('Ctrl Pts',(-1.98037963200676,0.82030010222463,-3.94999704066269));
#4754=CARTESIAN_POINT('Ctrl Pts',(-1.98037963200676,-8.99164095767886E-15,
-3.89999704066269));
#4755=CARTESIAN_POINT('Ctrl Pts',(-1.98037963200676,-0.820300102224648,
-3.84999704066269));
#4756=CARTESIAN_POINT('Ctrl Pts',(-1.4003398671157,-1.40033986711571,-3.79999704066269));
#4757=CARTESIAN_POINT('Ctrl Pts',(-0.820300102224639,-1.98037963200677,
-3.74999704066269));
#4758=CARTESIAN_POINT('Ctrl Pts',(-2.42526557743369E-16,-1.98037963200677,
-3.69999704066269));
#4759=CARTESIAN_POINT('Ctrl Pts',(0.820300102224639,-1.98037963200677,-3.64999704066269));
#4760=CARTESIAN_POINT('Ctrl Pts',(1.4003398671157,-1.40033986711571,-3.59999704066269));
#4761=CARTESIAN_POINT('Ctrl Pts',(1.98037963200676,-0.820300102224649,-3.54999704066269));
#4762=CARTESIAN_POINT('Ctrl Pts',(1.98037963200676,-9.4766940731656E-15,
-3.49999704066269));
#4763=CARTESIAN_POINT('Ctrl Pts',(1.98037963200676,0.820300102224631,-3.44999704066269));
#4764=CARTESIAN_POINT('Ctrl Pts',(1.4003398671157,1.40033986711569,-3.39999704066269));
#4765=CARTESIAN_POINT('Ctrl Pts',(0.820300102224641,1.98037963200675,-3.34999704066269));
#4766=CARTESIAN_POINT('Ctrl Pts',(0.,1.98037963200675,-3.29999704066269));
#4767=CARTESIAN_POINT('Ctrl Pts',(-0.820300102224639,1.98037963200675,-3.24999704066269));
#4768=CARTESIAN_POINT('Ctrl Pts',(-1.4003398671157,1.40033986711569,-3.19999704066269));
#4769=CARTESIAN_POINT('Ctrl Pts',(-1.98037963200676,0.82030010222463,-3.14999704066269));
#4770=CARTESIAN_POINT('Ctrl Pts',(-1.98037963200676,-8.99164095767886E-15,
-3.09999704066269));
#4771=CARTESIAN_POINT('Ctrl Pts',(-1.98037963200676,-0.820300102224648,
-3.04999704066269));
#4772=CARTESIAN_POINT('Ctrl Pts',(-1.4003398671157,-1.40033986711571,-2.99999704066269));
#4773=CARTESIAN_POINT('Ctrl Pts',(-0.820300102224639,-1.98037963200677,
-2.94999704066269));
#4774=CARTESIAN_POINT('Ctrl Pts',(-2.42526557743369E-16,-1.98037963200677,
-2.89999704066269));
#4775=CARTESIAN_POINT('Ctrl Pts',(0.820300102224639,-1.98037963200677,-2.84999704066269));
#4776=CARTESIAN_POINT('Ctrl Pts',(1.4003398671157,-1.40033986711571,-2.79999704066269));
#4777=CARTESIAN_POINT('Ctrl Pts',(1.98037963200676,-0.820300102224649,-2.74999704066269));
#4778=CARTESIAN_POINT('Ctrl Pts',(1.98037963200676,-9.4766940731656E-15,
-2.69999704066269));
#4779=CARTESIAN_POINT('Ctrl Pts',(1.98037963200676,0.820300102224631,-2.64999704066269));
#4780=CARTESIAN_POINT('Ctrl Pts',(1.4003398671157,1.40033986711569,-2.59999704066269));
#4781=CARTESIAN_POINT('Ctrl Pts',(0.820300102224641,1.98037963200675,-2.54999704066269));
#4782=CARTESIAN_POINT('Ctrl Pts',(0.,1.98037963200675,-2.49999704066269));
#4783=CARTESIAN_POINT('Ctrl Pts',(-0.820300102224639,1.98037963200675,-2.44999704066269));
#4784=CARTESIAN_POINT('Ctrl Pts',(-1.4003398671157,1.40033986711569,-2.39999704066269));
#4785=CARTESIAN_POINT('Ctrl Pts',(-1.98037963200676,0.82030010222463,-2.34999704066269));
#4786=CARTESIAN_POINT('Ctrl Pts',(-1.98037963200676,-8.99164095767886E-15,
-2.29999704066269));
#4787=CARTESIAN_POINT('Ctrl Pts',(-1.98037963200676,-0.820300102224648,
-2.24999704066269));
#4788=CARTESIAN_POINT('Ctrl Pts',(-1.4003398671157,-1.40033986711571,-2.19999704066269));
#4789=CARTESIAN_POINT('Ctrl Pts',(-0.820300102224639,-1.98037963200677,
-2.14999704066269));
#4790=CARTESIAN_POINT('Ctrl Pts',(-2.42526557743369E-16,-1.98037963200677,
-2.09999704066269));
#4791=CARTESIAN_POINT('Ctrl Pts',(0.820300102224639,-1.98037963200677,-2.04999704066269));
#4792=CARTESIAN_POINT('Ctrl Pts',(1.4003398671157,-1.40033986711571,-1.99999704066269));
#4793=CARTESIAN_POINT('Ctrl Pts',(1.98037963200676,-0.820300102224649,-1.94999704066269));
#4794=CARTESIAN_POINT('Ctrl Pts',(1.98037963200676,-9.4766940731656E-15,
-1.89999704066269));
#4795=CARTESIAN_POINT('Ctrl Pts',(1.98037963200676,0.820300102224631,-1.84999704066269));
#4796=CARTESIAN_POINT('Ctrl Pts',(1.4003398671157,1.40033986711569,-1.79999704066269));
#4797=CARTESIAN_POINT('Ctrl Pts',(0.820300102224641,1.98037963200675,-1.74999704066269));
#4798=CARTESIAN_POINT('Ctrl Pts',(0.,1.98037963200675,-1.69999704066269));
#4799=CARTESIAN_POINT('Ctrl Pts',(-0.820300102224639,1.98037963200675,-1.64999704066269));
#4800=CARTESIAN_POINT('Ctrl Pts',(-1.4003398671157,1.40033986711569,-1.59999704066269));
#4801=CARTESIAN_POINT('Ctrl Pts',(-1.98037963200676,0.82030010222463,-1.54999704066269));
#4802=CARTESIAN_POINT('Ctrl Pts',(-1.98037963200676,-8.99164095767886E-15,
-1.49999704066269));
#4803=CARTESIAN_POINT('Ctrl Pts',(-1.98037963200676,-0.820300102224648,
-1.44999704066269));
#4804=CARTESIAN_POINT('Ctrl Pts',(-1.4003398671157,-1.40033986711571,-1.39999704066269));
#4805=CARTESIAN_POINT('Ctrl Pts',(-0.820300102224639,-1.98037963200677,
-1.34999704066269));
#4806=CARTESIAN_POINT('Ctrl Pts',(-2.42526557743369E-16,-1.98037963200677,
-1.29999704066269));
#4807=CARTESIAN_POINT('Ctrl Pts',(0.820300102224639,-1.98037963200677,-1.24999704066269));
#4808=CARTESIAN_POINT('Ctrl Pts',(1.4003398671157,-1.40033986711571,-1.19999704066269));
#4809=CARTESIAN_POINT('Ctrl Pts',(1.98037963200676,-0.820300102224649,-1.14999704066269));
#4810=CARTESIAN_POINT('Ctrl Pts',(1.98037963200676,-9.4766940731656E-15,
-1.09999704066269));
#4811=CARTESIAN_POINT('Ctrl Pts',(1.98037963200676,0.820300102224631,-1.04999704066269));
#4812=CARTESIAN_POINT('Ctrl Pts',(1.4003398671157,1.40033986711569,-0.999997040662691));
#4813=CARTESIAN_POINT('Ctrl Pts',(0.820300102224641,1.98037963200675,-0.949997040662691));
#4814=CARTESIAN_POINT('Ctrl Pts',(0.,1.98037963200675,-0.899997040662691));
#4815=CARTESIAN_POINT('Ctrl Pts',(-0.820300102224639,1.98037963200675,-0.849997040662692));
#4816=CARTESIAN_POINT('Ctrl Pts',(-1.4003398671157,1.40033986711569,-0.79999704066269));
#4817=CARTESIAN_POINT('Ctrl Pts',(-1.98037963200676,0.82030010222463,-0.74999704066269));
#4818=CARTESIAN_POINT('Ctrl Pts',(-1.98037963200676,-8.99164095767886E-15,
-0.699997040662691));
#4819=CARTESIAN_POINT('Ctrl Pts',(-1.98037963200676,-0.820300102224648,
-0.649997040662691));
#4820=CARTESIAN_POINT('Ctrl Pts',(-1.4003398671157,-1.40033986711571,-0.599997040662691));
#4821=CARTESIAN_POINT('Ctrl Pts',(-0.820300102224639,-1.98037963200677,
-0.549997040662692));
#4822=CARTESIAN_POINT('Ctrl Pts',(-2.42526557743369E-16,-1.98037963200677,
-0.49999704066269));
#4823=CARTESIAN_POINT('Ctrl Pts',(0.820300102224639,-1.98037963200677,-0.449997040662691));
#4824=CARTESIAN_POINT('Ctrl Pts',(1.4003398671157,-1.40033986711571,-0.399997040662691));
#4825=CARTESIAN_POINT('Ctrl Pts',(1.98037963200676,-0.820300102224649,-0.349997040662691));
#4826=CARTESIAN_POINT('Ctrl Pts',(1.98037963200676,-9.4766940731656E-15,
-0.299997040662691));
#4827=CARTESIAN_POINT('Ctrl Pts',(1.98037963200676,0.820300102224631,-0.249997040662692));
#4828=CARTESIAN_POINT('Ctrl Pts',(1.4003398671157,1.40033986711569,-0.19999704066269));
#4829=CARTESIAN_POINT('Ctrl Pts',(0.820300102224641,1.98037963200675,-0.149997040662691));
#4830=CARTESIAN_POINT('Ctrl Pts',(0.,1.98037963200675,-0.0999970406626909));
#4831=CARTESIAN_POINT('Ctrl Pts',(-0.820300102224639,1.98037963200675,-0.0499970406626912));
#4832=CARTESIAN_POINT('Ctrl Pts',(-1.4003398671157,1.40033986711569,2.95933730851007E-6));
#4833=CARTESIAN_POINT('Ctrl Pts',(-1.98037963200676,0.82030010222463,0.0500029593373099));
#4834=CARTESIAN_POINT('Ctrl Pts',(-1.98037963200676,-8.99164095767886E-15,
0.10000295933731));
#4835=CARTESIAN_POINT('Ctrl Pts',(-1.98037963200676,-0.820300102224648,
0.150002959337309));
#4836=CARTESIAN_POINT('Ctrl Pts',(-1.4003398671157,-1.40033986711571,0.200002959337309));
#4837=CARTESIAN_POINT('Ctrl Pts',(-0.820300102224639,-1.98037963200677,
0.250002959337309));
#4838=CARTESIAN_POINT('Ctrl Pts',(-2.42526557743369E-16,-1.98037963200677,
0.300002959337308));
#4839=CARTESIAN_POINT('Ctrl Pts',(0.820300102224639,-1.98037963200677,0.35000295933731));
#4840=CARTESIAN_POINT('Ctrl Pts',(1.4003398671157,-1.40033986711571,0.40000295933731));
#4841=CARTESIAN_POINT('Ctrl Pts',(1.98037963200676,-0.820300102224649,0.450002959337309));
#4842=CARTESIAN_POINT('Ctrl Pts',(1.98037963200676,-9.4766940731656E-15,
0.500002959337309));
#4843=CARTESIAN_POINT('Ctrl Pts',(1.98037963200676,0.820300102224631,0.550002959337309));
#4844=CARTESIAN_POINT('Ctrl Pts',(1.4003398671157,1.40033986711569,0.600002959337308));
#4845=CARTESIAN_POINT('Ctrl Pts',(0.820300102224641,1.98037963200675,0.65000295933731));
#4846=CARTESIAN_POINT('Ctrl Pts',(0.,1.98037963200675,0.70000295933731));
#4847=CARTESIAN_POINT('Ctrl Pts',(-0.820300102224639,1.98037963200675,0.750002959337309));
#4848=CARTESIAN_POINT('Ctrl Pts',(-1.4003398671157,1.40033986711569,0.800002959337309));
#4849=CARTESIAN_POINT('Ctrl Pts',(-1.98037963200676,0.82030010222463,0.850002959337309));
#4850=CARTESIAN_POINT('Ctrl Pts',(-1.98037963200676,-8.99164095767886E-15,
0.90000295933731));
#4851=CARTESIAN_POINT('Ctrl Pts',(-1.98037963200676,-0.820300102224648,
0.95000295933731));
#4852=CARTESIAN_POINT('Ctrl Pts',(-1.4003398671157,-1.40033986711571,1.00000295933731));
#4853=CARTESIAN_POINT('Ctrl Pts',(-0.820300102224639,-1.98037963200677,
1.05000295933731));
#4854=CARTESIAN_POINT('Ctrl Pts',(-2.42526557743369E-16,-1.98037963200677,
1.10000295933731));
#4855=CARTESIAN_POINT('Ctrl Pts',(0.820300102224639,-1.98037963200677,1.15000295933731));
#4856=CARTESIAN_POINT('Ctrl Pts',(1.4003398671157,-1.40033986711571,1.20000295933731));
#4857=CARTESIAN_POINT('Ctrl Pts',(1.98037963200676,-0.820300102224649,1.25000295933731));
#4858=CARTESIAN_POINT('Ctrl Pts',(1.98037963200676,-9.4766940731656E-15,
1.30000295933731));
#4859=CARTESIAN_POINT('Ctrl Pts',(1.98037963200676,0.820300102224631,1.35000295933731));
#4860=CARTESIAN_POINT('Ctrl Pts',(1.4003398671157,1.40033986711569,1.40000295933731));
#4861=CARTESIAN_POINT('Ctrl Pts',(0.820300102224641,1.98037963200675,1.45000295933731));
#4862=CARTESIAN_POINT('Ctrl Pts',(0.,1.98037963200675,1.50000295933731));
#4863=CARTESIAN_POINT('Ctrl Pts',(-0.820300102224639,1.98037963200675,1.55000295933731));
#4864=CARTESIAN_POINT('Ctrl Pts',(-1.4003398671157,1.40033986711569,1.60000295933731));
#4865=CARTESIAN_POINT('Ctrl Pts',(-1.98037963200676,0.82030010222463,1.65000295933731));
#4866=CARTESIAN_POINT('Ctrl Pts',(-1.98037963200676,-8.99164095767886E-15,
1.70000295933731));
#4867=CARTESIAN_POINT('Ctrl Pts',(-1.98037963200676,-0.820300102224648,
1.75000295933731));
#4868=CARTESIAN_POINT('Ctrl Pts',(-1.4003398671157,-1.40033986711571,1.80000295933731));
#4869=CARTESIAN_POINT('Ctrl Pts',(-0.820300102224639,-1.98037963200677,
1.85000295933731));
#4870=CARTESIAN_POINT('Ctrl Pts',(-2.42526557743369E-16,-1.98037963200677,
1.90000295933731));
#4871=CARTESIAN_POINT('Ctrl Pts',(0.820300102224639,-1.98037963200677,1.95000295933731));
#4872=CARTESIAN_POINT('Ctrl Pts',(1.4003398671157,-1.40033986711571,2.00000295933731));
#4873=CARTESIAN_POINT('Ctrl Pts',(1.98037963200676,-0.820300102224649,2.05000295933731));
#4874=CARTESIAN_POINT('Ctrl Pts',(1.98037963200676,-9.4766940731656E-15,
2.10000295933731));
#4875=CARTESIAN_POINT('Ctrl Pts',(1.98037963200676,0.820300102224631,2.15000295933731));
#4876=CARTESIAN_POINT('Ctrl Pts',(1.4003398671157,1.40033986711569,2.20000295933731));
#4877=CARTESIAN_POINT('Ctrl Pts',(0.820300102224641,1.98037963200675,2.25000295933731));
#4878=CARTESIAN_POINT('Ctrl Pts',(0.,1.98037963200675,2.30000295933731));
#4879=CARTESIAN_POINT('Ctrl Pts',(-0.820300102224639,1.98037963200675,2.35000295933731));
#4880=CARTESIAN_POINT('Ctrl Pts',(-1.4003398671157,1.40033986711569,2.40000295933731));
#4881=CARTESIAN_POINT('Ctrl Pts',(-1.98037963200676,0.82030010222463,2.45000295933731));
#4882=CARTESIAN_POINT('Ctrl Pts',(-1.98037963200676,-8.99164095767886E-15,
2.50000295933731));
#4883=CARTESIAN_POINT('Ctrl Pts',(-1.98037963200676,-0.820300102224648,
2.55000295933731));
#4884=CARTESIAN_POINT('Ctrl Pts',(-1.4003398671157,-1.40033986711571,2.60000295933731));
#4885=CARTESIAN_POINT('Ctrl Pts',(-0.820300102224639,-1.98037963200677,
2.65000295933731));
#4886=CARTESIAN_POINT('Ctrl Pts',(-2.42526557743369E-16,-1.98037963200677,
2.70000295933731));
#4887=CARTESIAN_POINT('Ctrl Pts',(0.820300102224639,-1.98037963200677,2.75000295933731));
#4888=CARTESIAN_POINT('Ctrl Pts',(1.4003398671157,-1.40033986711571,2.80000295933731));
#4889=CARTESIAN_POINT('Ctrl Pts',(1.98037963200676,-0.820300102224649,2.85000295933731));
#4890=CARTESIAN_POINT('Ctrl Pts',(1.98037963200676,-9.4766940731656E-15,
2.90000295933731));
#4891=CARTESIAN_POINT('Ctrl Pts',(1.98037963200676,0.820300102224631,2.95000295933731));
#4892=CARTESIAN_POINT('Ctrl Pts',(1.4003398671157,1.40033986711569,3.00000295933731));
#4893=CARTESIAN_POINT('Ctrl Pts',(0.820300102224641,1.98037963200675,3.05000295933731));
#4894=CARTESIAN_POINT('Ctrl Pts',(0.,1.98037963200675,3.10000295933731));
#4895=CARTESIAN_POINT('Ctrl Pts',(-0.820300102224639,1.98037963200675,3.15000295933731));
#4896=CARTESIAN_POINT('Ctrl Pts',(-1.4003398671157,1.40033986711569,3.20000295933731));
#4897=CARTESIAN_POINT('Ctrl Pts',(-1.98037963200676,0.82030010222463,3.25000295933731));
#4898=CARTESIAN_POINT('Ctrl Pts',(-1.98037963200676,-8.99164095767886E-15,
3.30000295933731));
#4899=CARTESIAN_POINT('Ctrl Pts',(-1.98037963200676,-0.820300102224648,
3.35000295933731));
#4900=CARTESIAN_POINT('Ctrl Pts',(-1.4003398671157,-1.40033986711571,3.40000295933731));
#4901=CARTESIAN_POINT('Ctrl Pts',(-0.820300102224639,-1.98037963200677,
3.45000295933731));
#4902=CARTESIAN_POINT('Ctrl Pts',(-2.42526557743369E-16,-1.98037963200677,
3.50000295933731));
#4903=CARTESIAN_POINT('Ctrl Pts',(0.820300102224639,-1.98037963200677,3.55000295933731));
#4904=CARTESIAN_POINT('Ctrl Pts',(1.4003398671157,-1.40033986711571,3.60000295933731));
#4905=CARTESIAN_POINT('Ctrl Pts',(1.98037963200676,-0.820300102224649,3.65000295933731));
#4906=CARTESIAN_POINT('Ctrl Pts',(1.98037963200676,-9.4766940731656E-15,
3.70000295933731));
#4907=CARTESIAN_POINT('Ctrl Pts',(1.98037963200676,0.820300102224631,3.75000295933731));
#4908=CARTESIAN_POINT('Ctrl Pts',(1.4003398671157,1.40033986711569,3.80000295933731));
#4909=CARTESIAN_POINT('Ctrl Pts',(0.820300102224641,1.98037963200675,3.85000295933731));
#4910=CARTESIAN_POINT('Ctrl Pts',(0.,1.98037963200675,3.90000295933731));
#4911=CARTESIAN_POINT('Ctrl Pts',(-0.820300102224639,1.98037963200675,3.95000295933731));
#4912=CARTESIAN_POINT('Ctrl Pts',(-1.4003398671157,1.40033986711569,4.00000295933731));
#4913=CARTESIAN_POINT('Ctrl Pts',(-1.98037963200676,0.82030010222463,4.05000295933731));
#4914=CARTESIAN_POINT('Ctrl Pts',(-1.98037963200676,-8.99164095767886E-15,
4.10000295933731));
#4915=CARTESIAN_POINT('Ctrl Pts',(-1.98037963200676,-0.820300102224648,
4.15000295933731));
#4916=CARTESIAN_POINT('Ctrl Pts',(-1.4003398671157,-1.40033986711571,4.20000295933731));
#4917=CARTESIAN_POINT('Ctrl Pts',(-0.820300102224639,-1.98037963200677,
4.25000295933731));
#4918=CARTESIAN_POINT('Ctrl Pts',(-2.42526557743369E-16,-1.98037963200677,
4.30000295933731));
#4919=CARTESIAN_POINT('Ctrl Pts',(0.820300102224639,-1.98037963200677,4.35000295933731));
#4920=CARTESIAN_POINT('Ctrl Pts',(1.4003398671157,-1.40033986711571,4.40000295933731));
#4921=CARTESIAN_POINT('Ctrl Pts',(1.98037963200676,-0.820300102224649,4.45000295933731));
#4922=CARTESIAN_POINT('Ctrl Pts',(1.98037963200676,-9.4766940731656E-15,
4.50000295933731));
#4923=CARTESIAN_POINT('Ctrl Pts',(1.98037963200676,0.820300102224631,4.55000295933731));
#4924=CARTESIAN_POINT('Ctrl Pts',(1.4003398671157,1.40033986711569,4.60000295933731));
#4925=CARTESIAN_POINT('Ctrl Pts',(0.820300102224641,1.98037963200675,4.65000295933731));
#4926=CARTESIAN_POINT('Ctrl Pts',(0.,1.98037963200675,4.70000295933731));
#4927=CARTESIAN_POINT('Ctrl Pts',(-0.820300102224639,1.98037963200675,4.75000295933731));
#4928=CARTESIAN_POINT('Ctrl Pts',(-1.4003398671157,1.40033986711569,4.80000295933731));
#4929=CARTESIAN_POINT('Ctrl Pts',(-1.98037963200676,0.82030010222463,4.85000295933731));
#4930=CARTESIAN_POINT('Ctrl Pts',(-1.98037963200676,-8.99164095767886E-15,
4.90000295933731));
#4931=CARTESIAN_POINT('Ctrl Pts',(-1.98037963200676,-0.820300102224648,
4.95000295933731));
#4932=CARTESIAN_POINT('Ctrl Pts',(-1.4003398671157,-1.40033986711571,5.00000295933731));
#4933=CARTESIAN_POINT('Ctrl Pts',(-0.820300102224639,-1.98037963200677,
5.05000295933731));
#4934=CARTESIAN_POINT('Ctrl Pts',(-2.42526557743369E-16,-1.98037963200677,
5.10000295933731));
#4935=CARTESIAN_POINT('Ctrl Pts',(0.820300102224639,-1.98037963200677,5.15000295933731));
#4936=CARTESIAN_POINT('Ctrl Pts',(1.4003398671157,-1.40033986711571,5.20000295933731));
#4937=CARTESIAN_POINT('Ctrl Pts',(1.98037963200676,-0.820300102224649,5.25000295933731));
#4938=CARTESIAN_POINT('Ctrl Pts',(1.98037963200676,-9.4766940731656E-15,
5.30000295933731));
#4939=CARTESIAN_POINT('Ctrl Pts',(1.98037963200676,0.820300102224631,5.35000295933731));
#4940=CARTESIAN_POINT('Ctrl Pts',(1.4003398671157,1.40033986711569,5.40000295933731));
#4941=CARTESIAN_POINT('Ctrl Pts',(0.820300102224641,1.98037963200675,5.45000295933731));
#4942=CARTESIAN_POINT('Ctrl Pts',(0.,1.98037963200675,5.50000295933731));
#4943=CARTESIAN_POINT('Ctrl Pts',(-0.820300102224639,1.98037963200675,5.55000295933731));
#4944=CARTESIAN_POINT('Ctrl Pts',(-1.4003398671157,1.40033986711569,5.60000295933731));
#4945=CARTESIAN_POINT('Ctrl Pts',(-1.98037963200676,0.82030010222463,5.65000295933731));
#4946=CARTESIAN_POINT('Ctrl Pts',(-1.98037963200676,-8.99164095767886E-15,
5.70000295933731));
#4947=CARTESIAN_POINT('Ctrl Pts',(-1.98037963200676,-0.820300102224648,
5.75000295933731));
#4948=CARTESIAN_POINT('Ctrl Pts',(-1.4003398671157,-1.40033986711571,5.80000295933731));
#4949=CARTESIAN_POINT('Ctrl Pts',(-0.820300102224639,-1.98037963200677,
5.85000295933731));
#4950=CARTESIAN_POINT('Ctrl Pts',(-2.42526557743369E-16,-1.98037963200677,
5.90000295933731));
#4951=CARTESIAN_POINT('Ctrl Pts',(0.820300102224639,-1.98037963200677,5.95000295933731));
#4952=CARTESIAN_POINT('Ctrl Pts',(1.4003398671157,-1.40033986711571,6.00000295933731));
#4953=CARTESIAN_POINT('Ctrl Pts',(1.98037963200676,-0.820300102224649,6.05000295933731));
#4954=CARTESIAN_POINT('Ctrl Pts',(1.98037963200676,-9.4766940731656E-15,
6.10000295933731));
#4955=CARTESIAN_POINT('Ctrl Pts',(1.98037963200676,0.820300102224631,6.15000295933731));
#4956=CARTESIAN_POINT('Ctrl Pts',(1.4003398671157,1.40033986711569,6.20000295933731));
#4957=CARTESIAN_POINT('Ctrl Pts',(0.820300102224641,1.98037963200675,6.25000295933731));
#4958=CARTESIAN_POINT('Ctrl Pts',(0.,1.98037963200675,6.30000295933731));
#4959=CARTESIAN_POINT('Ctrl Pts',(-0.820300102224639,1.98037963200675,6.35000295933731));
#4960=CARTESIAN_POINT('Ctrl Pts',(-1.4003398671157,1.40033986711569,6.40000295933731));
#4961=CARTESIAN_POINT('Ctrl Pts',(-1.98037963200676,0.82030010222463,6.45000295933731));
#4962=CARTESIAN_POINT('Ctrl Pts',(-1.98037963200676,-8.99164095767886E-15,
6.50000295933731));
#4963=CARTESIAN_POINT('Ctrl Pts',(-1.98037963200676,-0.820300102224648,
6.55000295933731));
#4964=CARTESIAN_POINT('Ctrl Pts',(-1.4003398671157,-1.40033986711571,6.60000295933731));
#4965=CARTESIAN_POINT('Ctrl Pts',(-0.820300102224639,-1.98037963200677,
6.65000295933731));
#4966=CARTESIAN_POINT('Ctrl Pts',(-2.42526557743369E-16,-1.98037963200677,
6.70000295933731));
#4967=CARTESIAN_POINT('Ctrl Pts',(0.820300102224639,-1.98037963200677,6.75000295933731));
#4968=CARTESIAN_POINT('Ctrl Pts',(1.4003398671157,-1.40033986711571,6.80000295933731));
#4969=CARTESIAN_POINT('Ctrl Pts',(1.98037963200676,-0.820300102224649,6.85000295933731));
#4970=CARTESIAN_POINT('Ctrl Pts',(1.98037963200676,-9.4766940731656E-15,
6.90000295933731));
#4971=CARTESIAN_POINT('Ctrl Pts',(1.98037963200676,0.820300102224631,6.95000295933731));
#4972=CARTESIAN_POINT('Ctrl Pts',(1.4003398671157,1.40033986711569,7.00000295933731));
#4973=CARTESIAN_POINT('Ctrl Pts',(0.820300102224641,1.98037963200675,7.05000295933731));
#4974=CARTESIAN_POINT('Ctrl Pts',(0.,1.98037963200675,7.10000295933731));
#4975=CARTESIAN_POINT('Ctrl Pts',(-0.820300102224639,1.98037963200675,7.15000295933731));
#4976=CARTESIAN_POINT('Ctrl Pts',(-1.4003398671157,1.40033986711569,7.20000295933731));
#4977=CARTESIAN_POINT('Ctrl Pts',(-1.98037963200676,0.82030010222463,7.25000295933731));
#4978=CARTESIAN_POINT('Ctrl Pts',(-1.98037963200676,-8.99164095767886E-15,
7.30000295933731));
#4979=CARTESIAN_POINT('Ctrl Pts',(-1.98037963200676,-0.820300102224648,
7.35000295933731));
#4980=CARTESIAN_POINT('Ctrl Pts',(-1.4003398671157,-1.40033986711571,7.40000295933731));
#4981=CARTESIAN_POINT('Ctrl Pts',(-0.820300102224639,-1.98037963200677,
7.45000295933731));
#4982=CARTESIAN_POINT('Ctrl Pts',(-2.42526557743369E-16,-1.98037963200677,
7.50000295933731));
#4983=CARTESIAN_POINT('Ctrl Pts',(0.820300102224639,-1.98037963200677,7.55000295933731));
#4984=CARTESIAN_POINT('Ctrl Pts',(1.4003398671157,-1.40033986711571,7.60000295933731));
#4985=CARTESIAN_POINT('Ctrl Pts',(1.98037963200676,-0.820300102224649,7.65000295933731));
#4986=CARTESIAN_POINT('Ctrl Pts',(1.98037963200676,-9.4766940731656E-15,
7.70000295933731));
#4987=CARTESIAN_POINT('Ctrl Pts',(1.98037963200676,0.820300102224631,7.75000295933731));
#4988=CARTESIAN_POINT('Ctrl Pts',(1.4003398671157,1.40033986711569,7.80000295933731));
#4989=CARTESIAN_POINT('Ctrl Pts',(0.820300102224641,1.98037963200675,7.85000295933731));
#4990=CARTESIAN_POINT('Ctrl Pts',(0.,1.98037963200675,7.90000295933731));
#4991=CARTESIAN_POINT('Ctrl Pts',(0.,2.54330127018922,-13.225));
#4992=CARTESIAN_POINT('Ctrl Pts',(-1.0534698793131,2.54330127018922,-13.175));
#4993=CARTESIAN_POINT('Ctrl Pts',(-1.79838557475116,1.79838557475116,-13.125));
#4994=CARTESIAN_POINT('Ctrl Pts',(-2.54330127018923,1.05346987931309,-13.075));
#4995=CARTESIAN_POINT('Ctrl Pts',(-2.54330127018923,-8.95717194856031E-15,
-13.025));
#4996=CARTESIAN_POINT('Ctrl Pts',(-2.54330127018923,-1.05346987931311,-12.975));
#4997=CARTESIAN_POINT('Ctrl Pts',(-1.79838557475116,-1.79838557475117,-12.925));
#4998=CARTESIAN_POINT('Ctrl Pts',(-1.0534698793131,-2.54330127018924,-12.875));
#4999=CARTESIAN_POINT('Ctrl Pts',(-3.11464575980464E-16,-2.54330127018924,
-12.825));
#5000=CARTESIAN_POINT('Ctrl Pts',(1.0534698793131,-2.54330127018924,-12.775));
#5001=CARTESIAN_POINT('Ctrl Pts',(1.79838557475116,-1.79838557475117,-12.725));
#5002=CARTESIAN_POINT('Ctrl Pts',(2.54330127018923,-1.05346987931311,-12.675));
#5003=CARTESIAN_POINT('Ctrl Pts',(2.54330127018923,-9.58010110052124E-15,
-12.625));
#5004=CARTESIAN_POINT('Ctrl Pts',(2.54330127018923,1.05346987931309,-12.575));
#5005=CARTESIAN_POINT('Ctrl Pts',(1.79838557475117,1.79838557475116,-12.525));
#5006=CARTESIAN_POINT('Ctrl Pts',(1.0534698793131,2.54330127018922,-12.475));
#5007=CARTESIAN_POINT('Ctrl Pts',(0.,2.54330127018922,-12.425));
#5008=CARTESIAN_POINT('Ctrl Pts',(-1.0534698793131,2.54330127018922,-12.375));
#5009=CARTESIAN_POINT('Ctrl Pts',(-1.79838557475116,1.79838557475116,-12.325));
#5010=CARTESIAN_POINT('Ctrl Pts',(-2.54330127018923,1.05346987931309,-12.275));
#5011=CARTESIAN_POINT('Ctrl Pts',(-2.54330127018923,-8.95717194856031E-15,
-12.225));
#5012=CARTESIAN_POINT('Ctrl Pts',(-2.54330127018923,-1.05346987931311,-12.175));
#5013=CARTESIAN_POINT('Ctrl Pts',(-1.79838557475116,-1.79838557475117,-12.125));
#5014=CARTESIAN_POINT('Ctrl Pts',(-1.0534698793131,-2.54330127018924,-12.075));
#5015=CARTESIAN_POINT('Ctrl Pts',(-3.11464575980464E-16,-2.54330127018924,
-12.025));
#5016=CARTESIAN_POINT('Ctrl Pts',(1.0534698793131,-2.54330127018924,-11.975));
#5017=CARTESIAN_POINT('Ctrl Pts',(1.79838557475116,-1.79838557475117,-11.925));
#5018=CARTESIAN_POINT('Ctrl Pts',(2.54330127018923,-1.05346987931311,-11.875));
#5019=CARTESIAN_POINT('Ctrl Pts',(2.54330127018923,-9.58010110052124E-15,
-11.825));
#5020=CARTESIAN_POINT('Ctrl Pts',(2.54330127018923,1.05346987931309,-11.775));
#5021=CARTESIAN_POINT('Ctrl Pts',(1.79838557475117,1.79838557475116,-11.725));
#5022=CARTESIAN_POINT('Ctrl Pts',(1.0534698793131,2.54330127018922,-11.675));
#5023=CARTESIAN_POINT('Ctrl Pts',(0.,2.54330127018922,-11.625));
#5024=CARTESIAN_POINT('Ctrl Pts',(-1.0534698793131,2.54330127018922,-11.575));
#5025=CARTESIAN_POINT('Ctrl Pts',(-1.79838557475116,1.79838557475116,-11.525));
#5026=CARTESIAN_POINT('Ctrl Pts',(-2.54330127018923,1.05346987931309,-11.475));
#5027=CARTESIAN_POINT('Ctrl Pts',(-2.54330127018923,-8.95717194856031E-15,
-11.425));
#5028=CARTESIAN_POINT('Ctrl Pts',(-2.54330127018923,-1.05346987931311,-11.375));
#5029=CARTESIAN_POINT('Ctrl Pts',(-1.79838557475116,-1.79838557475117,-11.325));
#5030=CARTESIAN_POINT('Ctrl Pts',(-1.0534698793131,-2.54330127018924,-11.275));
#5031=CARTESIAN_POINT('Ctrl Pts',(-3.11464575980464E-16,-2.54330127018924,
-11.225));
#5032=CARTESIAN_POINT('Ctrl Pts',(1.0534698793131,-2.54330127018924,-11.175));
#5033=CARTESIAN_POINT('Ctrl Pts',(1.79838557475116,-1.79838557475117,-11.125));
#5034=CARTESIAN_POINT('Ctrl Pts',(2.54330127018923,-1.05346987931311,-11.075));
#5035=CARTESIAN_POINT('Ctrl Pts',(2.54330127018923,-9.58010110052124E-15,
-11.025));
#5036=CARTESIAN_POINT('Ctrl Pts',(2.54330127018923,1.05346987931309,-10.975));
#5037=CARTESIAN_POINT('Ctrl Pts',(1.79838557475117,1.79838557475116,-10.925));
#5038=CARTESIAN_POINT('Ctrl Pts',(1.0534698793131,2.54330127018922,-10.875));
#5039=CARTESIAN_POINT('Ctrl Pts',(0.,2.54330127018922,-10.825));
#5040=CARTESIAN_POINT('Ctrl Pts',(-1.0534698793131,2.54330127018922,-10.775));
#5041=CARTESIAN_POINT('Ctrl Pts',(-1.79838557475116,1.79838557475116,-10.725));
#5042=CARTESIAN_POINT('Ctrl Pts',(-2.54330127018923,1.05346987931309,-10.675));
#5043=CARTESIAN_POINT('Ctrl Pts',(-2.54330127018923,-8.95717194856031E-15,
-10.625));
#5044=CARTESIAN_POINT('Ctrl Pts',(-2.54330127018923,-1.05346987931311,-10.575));
#5045=CARTESIAN_POINT('Ctrl Pts',(-1.79838557475116,-1.79838557475117,-10.525));
#5046=CARTESIAN_POINT('Ctrl Pts',(-1.0534698793131,-2.54330127018924,-10.475));
#5047=CARTESIAN_POINT('Ctrl Pts',(-3.11464575980464E-16,-2.54330127018924,
-10.425));
#5048=CARTESIAN_POINT('Ctrl Pts',(1.0534698793131,-2.54330127018924,-10.375));
#5049=CARTESIAN_POINT('Ctrl Pts',(1.79838557475116,-1.79838557475117,-10.325));
#5050=CARTESIAN_POINT('Ctrl Pts',(2.54330127018923,-1.05346987931311,-10.275));
#5051=CARTESIAN_POINT('Ctrl Pts',(2.54330127018923,-9.58010110052124E-15,
-10.225));
#5052=CARTESIAN_POINT('Ctrl Pts',(2.54330127018923,1.05346987931309,-10.175));
#5053=CARTESIAN_POINT('Ctrl Pts',(1.79838557475117,1.79838557475116,-10.125));
#5054=CARTESIAN_POINT('Ctrl Pts',(1.0534698793131,2.54330127018922,-10.075));
#5055=CARTESIAN_POINT('Ctrl Pts',(0.,2.54330127018922,-10.025));
#5056=CARTESIAN_POINT('Ctrl Pts',(-1.0534698793131,2.54330127018922,-9.975));
#5057=CARTESIAN_POINT('Ctrl Pts',(-1.79838557475116,1.79838557475116,-9.925));
#5058=CARTESIAN_POINT('Ctrl Pts',(-2.54330127018923,1.05346987931309,-9.875));
#5059=CARTESIAN_POINT('Ctrl Pts',(-2.54330127018923,-8.95717194856031E-15,
-9.825));
#5060=CARTESIAN_POINT('Ctrl Pts',(-2.54330127018923,-1.05346987931311,-9.77500000000001));
#5061=CARTESIAN_POINT('Ctrl Pts',(-1.79838557475116,-1.79838557475117,-9.725));
#5062=CARTESIAN_POINT('Ctrl Pts',(-1.0534698793131,-2.54330127018924,-9.675));
#5063=CARTESIAN_POINT('Ctrl Pts',(-3.11464575980464E-16,-2.54330127018924,
-9.625));
#5064=CARTESIAN_POINT('Ctrl Pts',(1.0534698793131,-2.54330127018924,-9.575));
#5065=CARTESIAN_POINT('Ctrl Pts',(1.79838557475116,-1.79838557475117,-9.525));
#5066=CARTESIAN_POINT('Ctrl Pts',(2.54330127018923,-1.05346987931311,-9.475));
#5067=CARTESIAN_POINT('Ctrl Pts',(2.54330127018923,-9.58010110052124E-15,
-9.425));
#5068=CARTESIAN_POINT('Ctrl Pts',(2.54330127018923,1.05346987931309,-9.375));
#5069=CARTESIAN_POINT('Ctrl Pts',(1.79838557475117,1.79838557475116,-9.325));
#5070=CARTESIAN_POINT('Ctrl Pts',(1.0534698793131,2.54330127018922,-9.27500000000001));
#5071=CARTESIAN_POINT('Ctrl Pts',(0.,2.54330127018922,-9.225));
#5072=CARTESIAN_POINT('Ctrl Pts',(-1.0534698793131,2.54330127018922,-9.175));
#5073=CARTESIAN_POINT('Ctrl Pts',(-1.79838557475116,1.79838557475116,-9.12500000000001));
#5074=CARTESIAN_POINT('Ctrl Pts',(-2.54330127018923,1.05346987931309,-9.075));
#5075=CARTESIAN_POINT('Ctrl Pts',(-2.54330127018923,-8.95717194856031E-15,
-9.025));
#5076=CARTESIAN_POINT('Ctrl Pts',(-2.54330127018923,-1.05346987931311,-8.975));
#5077=CARTESIAN_POINT('Ctrl Pts',(-1.79838557475116,-1.79838557475117,-8.925));
#5078=CARTESIAN_POINT('Ctrl Pts',(-1.0534698793131,-2.54330127018924,-8.875));
#5079=CARTESIAN_POINT('Ctrl Pts',(-3.11464575980464E-16,-2.54330127018924,
-8.825));
#5080=CARTESIAN_POINT('Ctrl Pts',(1.0534698793131,-2.54330127018924,-8.77500000000001));
#5081=CARTESIAN_POINT('Ctrl Pts',(1.79838557475116,-1.79838557475117,-8.725));
#5082=CARTESIAN_POINT('Ctrl Pts',(2.54330127018923,-1.05346987931311,-8.675));
#5083=CARTESIAN_POINT('Ctrl Pts',(2.54330127018923,-9.58010110052124E-15,
-8.625));
#5084=CARTESIAN_POINT('Ctrl Pts',(2.54330127018923,1.05346987931309,-8.575));
#5085=CARTESIAN_POINT('Ctrl Pts',(1.79838557475117,1.79838557475116,-8.52500000000001));
#5086=CARTESIAN_POINT('Ctrl Pts',(1.0534698793131,2.54330127018922,-8.475));
#5087=CARTESIAN_POINT('Ctrl Pts',(0.,2.54330127018922,-8.425));
#5088=CARTESIAN_POINT('Ctrl Pts',(-1.0534698793131,2.54330127018922,-8.37500000000001));
#5089=CARTESIAN_POINT('Ctrl Pts',(-1.79838557475116,1.79838557475116,-8.325));
#5090=CARTESIAN_POINT('Ctrl Pts',(-2.54330127018923,1.05346987931309,-8.27500000000001));
#5091=CARTESIAN_POINT('Ctrl Pts',(-2.54330127018923,-8.95717194856031E-15,
-8.225));
#5092=CARTESIAN_POINT('Ctrl Pts',(-2.54330127018923,-1.05346987931311,-8.175));
#5093=CARTESIAN_POINT('Ctrl Pts',(-1.79838557475116,-1.79838557475117,-8.125));
#5094=CARTESIAN_POINT('Ctrl Pts',(-1.0534698793131,-2.54330127018924,-8.07500000000001));
#5095=CARTESIAN_POINT('Ctrl Pts',(-3.11464575980464E-16,-2.54330127018924,
-8.025));
#5096=CARTESIAN_POINT('Ctrl Pts',(1.0534698793131,-2.54330127018924,-7.975));
#5097=CARTESIAN_POINT('Ctrl Pts',(1.79838557475116,-1.79838557475117,-7.92500000000001));
#5098=CARTESIAN_POINT('Ctrl Pts',(2.54330127018923,-1.05346987931311,-7.875));
#5099=CARTESIAN_POINT('Ctrl Pts',(2.54330127018923,-9.58010110052124E-15,
-7.825));
#5100=CARTESIAN_POINT('Ctrl Pts',(2.54330127018923,1.05346987931309,-7.77500000000001));
#5101=CARTESIAN_POINT('Ctrl Pts',(1.79838557475117,1.79838557475116,-7.725));
#5102=CARTESIAN_POINT('Ctrl Pts',(1.0534698793131,2.54330127018922,-7.67500000000001));
#5103=CARTESIAN_POINT('Ctrl Pts',(0.,2.54330127018922,-7.62500000000001));
#5104=CARTESIAN_POINT('Ctrl Pts',(-1.0534698793131,2.54330127018922,-7.575));
#5105=CARTESIAN_POINT('Ctrl Pts',(-1.79838557475116,1.79838557475116,-7.525));
#5106=CARTESIAN_POINT('Ctrl Pts',(-2.54330127018923,1.05346987931309,-7.475));
#5107=CARTESIAN_POINT('Ctrl Pts',(-2.54330127018923,-8.95717194856031E-15,
-7.425));
#5108=CARTESIAN_POINT('Ctrl Pts',(-2.54330127018923,-1.05346987931311,-7.37500000000001));
#5109=CARTESIAN_POINT('Ctrl Pts',(-1.79838557475116,-1.79838557475117,-7.325));
#5110=CARTESIAN_POINT('Ctrl Pts',(-1.0534698793131,-2.54330127018924,-7.275));
#5111=CARTESIAN_POINT('Ctrl Pts',(-3.11464575980464E-16,-2.54330127018924,
-7.225));
#5112=CARTESIAN_POINT('Ctrl Pts',(1.0534698793131,-2.54330127018924,-7.175));
#5113=CARTESIAN_POINT('Ctrl Pts',(1.79838557475116,-1.79838557475117,-7.125));
#5114=CARTESIAN_POINT('Ctrl Pts',(2.54330127018923,-1.05346987931311,-7.07500000000001));
#5115=CARTESIAN_POINT('Ctrl Pts',(2.54330127018923,-9.58010110052124E-15,
-7.025));
#5116=CARTESIAN_POINT('Ctrl Pts',(2.54330127018923,1.05346987931309,-6.975));
#5117=CARTESIAN_POINT('Ctrl Pts',(1.79838557475117,1.79838557475116,-6.925));
#5118=CARTESIAN_POINT('Ctrl Pts',(1.0534698793131,2.54330127018922,-6.875));
#5119=CARTESIAN_POINT('Ctrl Pts',(0.,2.54330127018922,-6.825));
#5120=CARTESIAN_POINT('Ctrl Pts',(-1.0534698793131,2.54330127018922,-6.775));
#5121=CARTESIAN_POINT('Ctrl Pts',(-1.79838557475116,1.79838557475116,-6.725));
#5122=CARTESIAN_POINT('Ctrl Pts',(-2.54330127018923,1.05346987931309,-6.675));
#5123=CARTESIAN_POINT('Ctrl Pts',(-2.54330127018923,-8.95717194856031E-15,
-6.62500000000001));
#5124=CARTESIAN_POINT('Ctrl Pts',(-2.54330127018923,-1.05346987931311,-6.57500000000001));
#5125=CARTESIAN_POINT('Ctrl Pts',(-1.79838557475116,-1.79838557475117,-6.525));
#5126=CARTESIAN_POINT('Ctrl Pts',(-1.0534698793131,-2.54330127018924,-6.475));
#5127=CARTESIAN_POINT('Ctrl Pts',(-3.11464575980464E-16,-2.54330127018924,
-6.425));
#5128=CARTESIAN_POINT('Ctrl Pts',(1.0534698793131,-2.54330127018924,-6.375));
#5129=CARTESIAN_POINT('Ctrl Pts',(1.79838557475116,-1.79838557475117,-6.325));
#5130=CARTESIAN_POINT('Ctrl Pts',(2.54330127018923,-1.05346987931311,-6.275));
#5131=CARTESIAN_POINT('Ctrl Pts',(2.54330127018923,-9.58010110052124E-15,
-6.225));
#5132=CARTESIAN_POINT('Ctrl Pts',(2.54330127018923,1.05346987931309,-6.175));
#5133=CARTESIAN_POINT('Ctrl Pts',(1.79838557475117,1.79838557475116,-6.125));
#5134=CARTESIAN_POINT('Ctrl Pts',(1.0534698793131,2.54330127018922,-6.07500000000001));
#5135=CARTESIAN_POINT('Ctrl Pts',(0.,2.54330127018922,-6.025));
#5136=CARTESIAN_POINT('Ctrl Pts',(-1.0534698793131,2.54330127018922,-5.975));
#5137=CARTESIAN_POINT('Ctrl Pts',(-1.79838557475116,1.79838557475116,-5.925));
#5138=CARTESIAN_POINT('Ctrl Pts',(-2.54330127018923,1.05346987931309,-5.875));
#5139=CARTESIAN_POINT('Ctrl Pts',(-2.54330127018923,-8.95717194856031E-15,
-5.825));
#5140=CARTESIAN_POINT('Ctrl Pts',(-2.54330127018923,-1.05346987931311,-5.775));
#5141=CARTESIAN_POINT('Ctrl Pts',(-1.79838557475116,-1.79838557475117,-5.725));
#5142=CARTESIAN_POINT('Ctrl Pts',(-1.0534698793131,-2.54330127018924,-5.675));
#5143=CARTESIAN_POINT('Ctrl Pts',(-3.11464575980464E-16,-2.54330127018924,
-5.625));
#5144=CARTESIAN_POINT('Ctrl Pts',(1.0534698793131,-2.54330127018924,-5.575));
#5145=CARTESIAN_POINT('Ctrl Pts',(1.79838557475116,-1.79838557475117,-5.525));
#5146=CARTESIAN_POINT('Ctrl Pts',(2.54330127018923,-1.05346987931311,-5.475));
#5147=CARTESIAN_POINT('Ctrl Pts',(2.54330127018923,-9.58010110052124E-15,
-5.425));
#5148=CARTESIAN_POINT('Ctrl Pts',(2.54330127018923,1.05346987931309,-5.375));
#5149=CARTESIAN_POINT('Ctrl Pts',(1.79838557475117,1.79838557475116,-5.325));
#5150=CARTESIAN_POINT('Ctrl Pts',(1.0534698793131,2.54330127018922,-5.275));
#5151=CARTESIAN_POINT('Ctrl Pts',(0.,2.54330127018922,-5.225));
#5152=CARTESIAN_POINT('Ctrl Pts',(-1.0534698793131,2.54330127018922,-5.175));
#5153=CARTESIAN_POINT('Ctrl Pts',(-1.79838557475116,1.79838557475116,-5.12500000000001));
#5154=CARTESIAN_POINT('Ctrl Pts',(-2.54330127018923,1.05346987931309,-5.075));
#5155=CARTESIAN_POINT('Ctrl Pts',(-2.54330127018923,-8.95717194856031E-15,
-5.025));
#5156=CARTESIAN_POINT('Ctrl Pts',(-2.54330127018923,-1.05346987931311,-4.975));
#5157=CARTESIAN_POINT('Ctrl Pts',(-1.79838557475116,-1.79838557475117,-4.925));
#5158=CARTESIAN_POINT('Ctrl Pts',(-1.0534698793131,-2.54330127018924,-4.87500000000001));
#5159=CARTESIAN_POINT('Ctrl Pts',(-3.11464575980464E-16,-2.54330127018924,
-4.825));
#5160=CARTESIAN_POINT('Ctrl Pts',(1.0534698793131,-2.54330127018924,-4.775));
#5161=CARTESIAN_POINT('Ctrl Pts',(1.79838557475116,-1.79838557475117,-4.725));
#5162=CARTESIAN_POINT('Ctrl Pts',(2.54330127018923,-1.05346987931311,-4.675));
#5163=CARTESIAN_POINT('Ctrl Pts',(2.54330127018923,-9.58010110052124E-15,
-4.625));
#5164=CARTESIAN_POINT('Ctrl Pts',(2.54330127018923,1.05346987931309,-4.575));
#5165=CARTESIAN_POINT('Ctrl Pts',(1.79838557475117,1.79838557475116,-4.525));
#5166=CARTESIAN_POINT('Ctrl Pts',(1.0534698793131,2.54330127018922,-4.475));
#5167=CARTESIAN_POINT('Ctrl Pts',(0.,2.54330127018922,-4.425));
#5168=CARTESIAN_POINT('Ctrl Pts',(-1.0534698793131,2.54330127018922,-4.375));
#5169=CARTESIAN_POINT('Ctrl Pts',(-1.79838557475116,1.79838557475116,-4.325));
#5170=CARTESIAN_POINT('Ctrl Pts',(-2.54330127018923,1.05346987931309,-4.275));
#5171=CARTESIAN_POINT('Ctrl Pts',(-2.54330127018923,-8.95717194856031E-15,
-4.225));
#5172=CARTESIAN_POINT('Ctrl Pts',(-2.54330127018923,-1.05346987931311,-4.175));
#5173=CARTESIAN_POINT('Ctrl Pts',(-1.79838557475116,-1.79838557475117,-4.125));
#5174=CARTESIAN_POINT('Ctrl Pts',(-1.0534698793131,-2.54330127018924,-4.075));
#5175=CARTESIAN_POINT('Ctrl Pts',(-3.11464575980464E-16,-2.54330127018924,
-4.025));
#5176=CARTESIAN_POINT('Ctrl Pts',(1.0534698793131,-2.54330127018924,-3.975));
#5177=CARTESIAN_POINT('Ctrl Pts',(1.79838557475116,-1.79838557475117,-3.925));
#5178=CARTESIAN_POINT('Ctrl Pts',(2.54330127018923,-1.05346987931311,-3.875));
#5179=CARTESIAN_POINT('Ctrl Pts',(2.54330127018923,-9.58010110052124E-15,
-3.825));
#5180=CARTESIAN_POINT('Ctrl Pts',(2.54330127018923,1.05346987931309,-3.775));
#5181=CARTESIAN_POINT('Ctrl Pts',(1.79838557475117,1.79838557475116,-3.725));
#5182=CARTESIAN_POINT('Ctrl Pts',(1.0534698793131,2.54330127018922,-3.675));
#5183=CARTESIAN_POINT('Ctrl Pts',(0.,2.54330127018922,-3.625));
#5184=CARTESIAN_POINT('Ctrl Pts',(-1.0534698793131,2.54330127018922,-3.575));
#5185=CARTESIAN_POINT('Ctrl Pts',(-1.79838557475116,1.79838557475116,-3.525));
#5186=CARTESIAN_POINT('Ctrl Pts',(-2.54330127018923,1.05346987931309,-3.475));
#5187=CARTESIAN_POINT('Ctrl Pts',(-2.54330127018923,-8.95717194856031E-15,
-3.425));
#5188=CARTESIAN_POINT('Ctrl Pts',(-2.54330127018923,-1.05346987931311,-3.375));
#5189=CARTESIAN_POINT('Ctrl Pts',(-1.79838557475116,-1.79838557475117,-3.325));
#5190=CARTESIAN_POINT('Ctrl Pts',(-1.0534698793131,-2.54330127018924,-3.275));
#5191=CARTESIAN_POINT('Ctrl Pts',(-3.11464575980464E-16,-2.54330127018924,
-3.225));
#5192=CARTESIAN_POINT('Ctrl Pts',(1.0534698793131,-2.54330127018924,-3.17500000000001));
#5193=CARTESIAN_POINT('Ctrl Pts',(1.79838557475116,-1.79838557475117,-3.125));
#5194=CARTESIAN_POINT('Ctrl Pts',(2.54330127018923,-1.05346987931311,-3.075));
#5195=CARTESIAN_POINT('Ctrl Pts',(2.54330127018923,-9.58010110052124E-15,
-3.025));
#5196=CARTESIAN_POINT('Ctrl Pts',(2.54330127018923,1.05346987931309,-2.975));
#5197=CARTESIAN_POINT('Ctrl Pts',(1.79838557475117,1.79838557475116,-2.925));
#5198=CARTESIAN_POINT('Ctrl Pts',(1.0534698793131,2.54330127018922,-2.875));
#5199=CARTESIAN_POINT('Ctrl Pts',(0.,2.54330127018922,-2.825));
#5200=CARTESIAN_POINT('Ctrl Pts',(-1.0534698793131,2.54330127018922,-2.775));
#5201=CARTESIAN_POINT('Ctrl Pts',(-1.79838557475116,1.79838557475116,-2.725));
#5202=CARTESIAN_POINT('Ctrl Pts',(-2.54330127018923,1.05346987931309,-2.675));
#5203=CARTESIAN_POINT('Ctrl Pts',(-2.54330127018923,-8.95717194856031E-15,
-2.625));
#5204=CARTESIAN_POINT('Ctrl Pts',(-2.54330127018923,-1.05346987931311,-2.575));
#5205=CARTESIAN_POINT('Ctrl Pts',(-1.79838557475116,-1.79838557475117,-2.525));
#5206=CARTESIAN_POINT('Ctrl Pts',(-1.0534698793131,-2.54330127018924,-2.475));
#5207=CARTESIAN_POINT('Ctrl Pts',(-3.11464575980464E-16,-2.54330127018924,
-2.425));
#5208=CARTESIAN_POINT('Ctrl Pts',(1.0534698793131,-2.54330127018924,-2.375));
#5209=CARTESIAN_POINT('Ctrl Pts',(1.79838557475116,-1.79838557475117,-2.325));
#5210=CARTESIAN_POINT('Ctrl Pts',(2.54330127018923,-1.05346987931311,-2.275));
#5211=CARTESIAN_POINT('Ctrl Pts',(2.54330127018923,-9.58010110052124E-15,
-2.225));
#5212=CARTESIAN_POINT('Ctrl Pts',(2.54330127018923,1.05346987931309,-2.175));
#5213=CARTESIAN_POINT('Ctrl Pts',(1.79838557475117,1.79838557475116,-2.125));
#5214=CARTESIAN_POINT('Ctrl Pts',(1.0534698793131,2.54330127018922,-2.075));
#5215=CARTESIAN_POINT('Ctrl Pts',(0.,2.54330127018922,-2.025));
#5216=CARTESIAN_POINT('Ctrl Pts',(-1.0534698793131,2.54330127018922,-1.975));
#5217=CARTESIAN_POINT('Ctrl Pts',(-1.79838557475116,1.79838557475116,-1.925));
#5218=CARTESIAN_POINT('Ctrl Pts',(-2.54330127018923,1.05346987931309,-1.875));
#5219=CARTESIAN_POINT('Ctrl Pts',(-2.54330127018923,-8.95717194856031E-15,
-1.825));
#5220=CARTESIAN_POINT('Ctrl Pts',(-2.54330127018923,-1.05346987931311,-1.775));
#5221=CARTESIAN_POINT('Ctrl Pts',(-1.79838557475116,-1.79838557475117,-1.725));
#5222=CARTESIAN_POINT('Ctrl Pts',(-1.0534698793131,-2.54330127018924,-1.675));
#5223=CARTESIAN_POINT('Ctrl Pts',(-3.11464575980464E-16,-2.54330127018924,
-1.625));
#5224=CARTESIAN_POINT('Ctrl Pts',(1.0534698793131,-2.54330127018924,-1.575));
#5225=CARTESIAN_POINT('Ctrl Pts',(1.79838557475116,-1.79838557475117,-1.525));
#5226=CARTESIAN_POINT('Ctrl Pts',(2.54330127018923,-1.05346987931311,-1.475));
#5227=CARTESIAN_POINT('Ctrl Pts',(2.54330127018923,-9.58010110052124E-15,
-1.425));
#5228=CARTESIAN_POINT('Ctrl Pts',(2.54330127018923,1.05346987931309,-1.375));
#5229=CARTESIAN_POINT('Ctrl Pts',(1.79838557475117,1.79838557475116,-1.325));
#5230=CARTESIAN_POINT('Ctrl Pts',(1.0534698793131,2.54330127018922,-1.275));
#5231=CARTESIAN_POINT('Ctrl Pts',(0.,2.54330127018922,-1.225));
#5232=CARTESIAN_POINT('Ctrl Pts',(-1.0534698793131,2.54330127018922,-1.175));
#5233=CARTESIAN_POINT('Ctrl Pts',(-1.79838557475116,1.79838557475116,-1.125));
#5234=CARTESIAN_POINT('Ctrl Pts',(-2.54330127018923,1.05346987931309,-1.075));
#5235=CARTESIAN_POINT('Ctrl Pts',(-2.54330127018923,-8.95717194856031E-15,
-1.025));
#5236=CARTESIAN_POINT('Ctrl Pts',(-2.54330127018923,-1.05346987931311,-0.975000000000004));
#5237=CARTESIAN_POINT('Ctrl Pts',(-1.79838557475116,-1.79838557475117,-0.925000000000004));
#5238=CARTESIAN_POINT('Ctrl Pts',(-1.0534698793131,-2.54330127018924,-0.875000000000004));
#5239=CARTESIAN_POINT('Ctrl Pts',(-3.11464575980464E-16,-2.54330127018924,
-0.825000000000003));
#5240=CARTESIAN_POINT('Ctrl Pts',(1.0534698793131,-2.54330127018924,-0.775000000000003));
#5241=CARTESIAN_POINT('Ctrl Pts',(1.79838557475116,-1.79838557475117,-0.725000000000003));
#5242=CARTESIAN_POINT('Ctrl Pts',(2.54330127018923,-1.05346987931311,-0.675000000000004));
#5243=CARTESIAN_POINT('Ctrl Pts',(2.54330127018923,-9.58010110052124E-15,
-0.625000000000004));
#5244=CARTESIAN_POINT('Ctrl Pts',(2.54330127018923,1.05346987931309,-0.575000000000004));
#5245=CARTESIAN_POINT('Ctrl Pts',(1.79838557475117,1.79838557475116,-0.525000000000003));
#5246=CARTESIAN_POINT('Ctrl Pts',(1.0534698793131,2.54330127018922,-0.475000000000003));
#5247=CARTESIAN_POINT('Ctrl Pts',(0.,2.54330127018922,-0.425000000000003));
#5248=CARTESIAN_POINT('Ctrl Pts',(-1.0534698793131,2.54330127018922,-0.375000000000004));
#5249=CARTESIAN_POINT('Ctrl Pts',(-1.79838557475116,1.79838557475116,-0.325000000000004));
#5250=CARTESIAN_POINT('Ctrl Pts',(-2.54330127018923,1.05346987931309,-0.275000000000003));
#5251=CARTESIAN_POINT('Ctrl Pts',(-2.54330127018923,-8.95717194856031E-15,
-0.225000000000003));
#5252=CARTESIAN_POINT('Ctrl Pts',(-2.54330127018923,-1.05346987931311,-0.175000000000003));
#5253=CARTESIAN_POINT('Ctrl Pts',(-1.79838557475116,-1.79838557475117,-0.125000000000004));
#5254=CARTESIAN_POINT('Ctrl Pts',(-1.0534698793131,-2.54330127018924,-0.0750000000000039));
#5255=CARTESIAN_POINT('Ctrl Pts',(-3.11464575980464E-16,-2.54330127018924,
-0.0250000000000042));
#5256=CARTESIAN_POINT('Ctrl Pts',(1.0534698793131,-2.54330127018924,0.0249999999999972));
#5257=CARTESIAN_POINT('Ctrl Pts',(1.79838557475116,-1.79838557475117,0.0749999999999969));
#5258=CARTESIAN_POINT('Ctrl Pts',(2.54330127018923,-1.05346987931311,0.124999999999997));
#5259=CARTESIAN_POINT('Ctrl Pts',(2.54330127018923,-9.58010110052124E-15,
0.174999999999996));
#5260=CARTESIAN_POINT('Ctrl Pts',(2.54330127018923,1.05346987931309,0.224999999999996));
#5261=CARTESIAN_POINT('Ctrl Pts',(1.79838557475117,1.79838557475116,0.274999999999996));
#5262=CARTESIAN_POINT('Ctrl Pts',(1.0534698793131,2.54330127018922,0.324999999999997));
#5263=CARTESIAN_POINT('Ctrl Pts',(0.,2.54330127018922,0.374999999999997));
#5264=CARTESIAN_POINT('Ctrl Pts',(-1.0534698793131,2.54330127018922,0.424999999999997));
#5265=CARTESIAN_POINT('Ctrl Pts',(-1.79838557475116,1.79838557475116,0.474999999999996));
#5266=CARTESIAN_POINT('Ctrl Pts',(-2.54330127018923,1.05346987931309,0.524999999999996));
#5267=CARTESIAN_POINT('Ctrl Pts',(-2.54330127018923,-8.95717194856031E-15,
0.574999999999998));
#5268=CARTESIAN_POINT('Ctrl Pts',(-2.54330127018923,-1.05346987931311,0.624999999999997));
#5269=CARTESIAN_POINT('Ctrl Pts',(-1.79838557475116,-1.79838557475117,0.674999999999997));
#5270=CARTESIAN_POINT('Ctrl Pts',(-1.0534698793131,-2.54330127018924,0.724999999999997));
#5271=CARTESIAN_POINT('Ctrl Pts',(-3.11464575980464E-16,-2.54330127018924,
0.774999999999996));
#5272=CARTESIAN_POINT('Ctrl Pts',(1.0534698793131,-2.54330127018924,0.824999999999996));
#5273=CARTESIAN_POINT('Ctrl Pts',(1.79838557475116,-1.79838557475117,0.874999999999997));
#5274=CARTESIAN_POINT('Ctrl Pts',(2.54330127018923,-1.05346987931311,0.924999999999997));
#5275=CARTESIAN_POINT('Ctrl Pts',(2.54330127018923,-9.58010110052124E-15,
0.974999999999997));
#5276=CARTESIAN_POINT('Ctrl Pts',(2.54330127018923,1.05346987931309,1.025));
#5277=CARTESIAN_POINT('Ctrl Pts',(1.79838557475117,1.79838557475116,1.075));
#5278=CARTESIAN_POINT('Ctrl Pts',(1.0534698793131,2.54330127018922,1.125));
#5279=CARTESIAN_POINT('Ctrl Pts',(0.,2.54330127018922,1.175));
#5280=CARTESIAN_POINT('Ctrl Pts',(-1.0534698793131,2.54330127018922,1.225));
#5281=CARTESIAN_POINT('Ctrl Pts',(-1.79838557475116,1.79838557475116,1.275));
#5282=CARTESIAN_POINT('Ctrl Pts',(-2.54330127018923,1.05346987931309,1.325));
#5283=CARTESIAN_POINT('Ctrl Pts',(-2.54330127018923,-8.95717194856031E-15,
1.375));
#5284=CARTESIAN_POINT('Ctrl Pts',(-2.54330127018923,-1.05346987931311,1.425));
#5285=CARTESIAN_POINT('Ctrl Pts',(-1.79838557475116,-1.79838557475117,1.475));
#5286=CARTESIAN_POINT('Ctrl Pts',(-1.0534698793131,-2.54330127018924,1.525));
#5287=CARTESIAN_POINT('Ctrl Pts',(-3.11464575980464E-16,-2.54330127018924,
1.575));
#5288=CARTESIAN_POINT('Ctrl Pts',(1.0534698793131,-2.54330127018924,1.625));
#5289=CARTESIAN_POINT('Ctrl Pts',(1.79838557475116,-1.79838557475117,1.675));
#5290=CARTESIAN_POINT('Ctrl Pts',(2.54330127018923,-1.05346987931311,1.725));
#5291=CARTESIAN_POINT('Ctrl Pts',(2.54330127018923,-9.58010110052124E-15,
1.775));
#5292=CARTESIAN_POINT('Ctrl Pts',(2.54330127018923,1.05346987931309,1.825));
#5293=CARTESIAN_POINT('Ctrl Pts',(1.79838557475117,1.79838557475116,1.875));
#5294=CARTESIAN_POINT('Ctrl Pts',(1.0534698793131,2.54330127018922,1.925));
#5295=CARTESIAN_POINT('Ctrl Pts',(0.,2.54330127018922,1.975));
#5296=CARTESIAN_POINT('Ctrl Pts',(-1.0534698793131,2.54330127018922,2.025));
#5297=CARTESIAN_POINT('Ctrl Pts',(-1.79838557475116,1.79838557475116,2.075));
#5298=CARTESIAN_POINT('Ctrl Pts',(-2.54330127018923,1.05346987931309,2.125));
#5299=CARTESIAN_POINT('Ctrl Pts',(-2.54330127018923,-8.95717194856031E-15,
2.175));
#5300=CARTESIAN_POINT('Ctrl Pts',(-2.54330127018923,-1.05346987931311,2.225));
#5301=CARTESIAN_POINT('Ctrl Pts',(-1.79838557475116,-1.79838557475117,2.275));
#5302=CARTESIAN_POINT('Ctrl Pts',(-1.0534698793131,-2.54330127018924,2.325));
#5303=CARTESIAN_POINT('Ctrl Pts',(-3.11464575980464E-16,-2.54330127018924,
2.375));
#5304=CARTESIAN_POINT('Ctrl Pts',(1.0534698793131,-2.54330127018924,2.425));
#5305=CARTESIAN_POINT('Ctrl Pts',(1.79838557475116,-1.79838557475117,2.475));
#5306=CARTESIAN_POINT('Ctrl Pts',(2.54330127018923,-1.05346987931311,2.525));
#5307=CARTESIAN_POINT('Ctrl Pts',(2.54330127018923,-9.58010110052124E-15,
2.575));
#5308=CARTESIAN_POINT('Ctrl Pts',(2.54330127018923,1.05346987931309,2.625));
#5309=CARTESIAN_POINT('Ctrl Pts',(1.79838557475117,1.79838557475116,2.675));
#5310=CARTESIAN_POINT('Ctrl Pts',(1.0534698793131,2.54330127018922,2.725));
#5311=CARTESIAN_POINT('Ctrl Pts',(0.,2.54330127018922,2.775));
#5312=CARTESIAN_POINT('Ctrl Pts',(-1.0534698793131,2.54330127018922,2.825));
#5313=CARTESIAN_POINT('Ctrl Pts',(-1.79838557475116,1.79838557475116,2.875));
#5314=CARTESIAN_POINT('Ctrl Pts',(-2.54330127018923,1.05346987931309,2.925));
#5315=CARTESIAN_POINT('Ctrl Pts',(-2.54330127018923,-8.95717194856031E-15,
2.975));
#5316=CARTESIAN_POINT('Ctrl Pts',(-2.54330127018923,-1.05346987931311,3.025));
#5317=CARTESIAN_POINT('Ctrl Pts',(-1.79838557475116,-1.79838557475117,3.075));
#5318=CARTESIAN_POINT('Ctrl Pts',(-1.0534698793131,-2.54330127018924,3.125));
#5319=CARTESIAN_POINT('Ctrl Pts',(-3.11464575980464E-16,-2.54330127018924,
3.175));
#5320=CARTESIAN_POINT('Ctrl Pts',(1.0534698793131,-2.54330127018924,3.225));
#5321=CARTESIAN_POINT('Ctrl Pts',(1.79838557475116,-1.79838557475117,3.275));
#5322=CARTESIAN_POINT('Ctrl Pts',(2.54330127018923,-1.05346987931311,3.325));
#5323=CARTESIAN_POINT('Ctrl Pts',(2.54330127018923,-9.58010110052124E-15,
3.375));
#5324=CARTESIAN_POINT('Ctrl Pts',(2.54330127018923,1.05346987931309,3.425));
#5325=CARTESIAN_POINT('Ctrl Pts',(1.79838557475117,1.79838557475116,3.475));
#5326=CARTESIAN_POINT('Ctrl Pts',(1.0534698793131,2.54330127018922,3.525));
#5327=CARTESIAN_POINT('Ctrl Pts',(0.,2.54330127018922,3.575));
#5328=CARTESIAN_POINT('Ctrl Pts',(-1.0534698793131,2.54330127018922,3.625));
#5329=CARTESIAN_POINT('Ctrl Pts',(-1.79838557475116,1.79838557475116,3.675));
#5330=CARTESIAN_POINT('Ctrl Pts',(-2.54330127018923,1.05346987931309,3.725));
#5331=CARTESIAN_POINT('Ctrl Pts',(-2.54330127018923,-8.95717194856031E-15,
3.775));
#5332=CARTESIAN_POINT('Ctrl Pts',(-2.54330127018923,-1.05346987931311,3.82499999999999));
#5333=CARTESIAN_POINT('Ctrl Pts',(-1.79838557475116,-1.79838557475117,3.875));
#5334=CARTESIAN_POINT('Ctrl Pts',(-1.0534698793131,-2.54330127018924,3.925));
#5335=CARTESIAN_POINT('Ctrl Pts',(-3.11464575980464E-16,-2.54330127018924,
3.975));
#5336=CARTESIAN_POINT('Ctrl Pts',(1.0534698793131,-2.54330127018924,4.025));
#5337=CARTESIAN_POINT('Ctrl Pts',(1.79838557475116,-1.79838557475117,4.075));
#5338=CARTESIAN_POINT('Ctrl Pts',(2.54330127018923,-1.05346987931311,4.125));
#5339=CARTESIAN_POINT('Ctrl Pts',(2.54330127018923,-9.58010110052124E-15,
4.175));
#5340=CARTESIAN_POINT('Ctrl Pts',(2.54330127018923,1.05346987931309,4.225));
#5341=CARTESIAN_POINT('Ctrl Pts',(1.79838557475117,1.79838557475116,4.275));
#5342=CARTESIAN_POINT('Ctrl Pts',(1.0534698793131,2.54330127018922,4.32499999999999));
#5343=CARTESIAN_POINT('Ctrl Pts',(0.,2.54330127018922,4.375));
#5344=CARTESIAN_POINT('Ctrl Pts',(-1.0534698793131,2.54330127018922,4.425));
#5345=CARTESIAN_POINT('Ctrl Pts',(-1.79838557475116,1.79838557475116,4.475));
#5346=CARTESIAN_POINT('Ctrl Pts',(-2.54330127018923,1.05346987931309,4.525));
#5347=CARTESIAN_POINT('Ctrl Pts',(-2.54330127018923,-8.95717194856031E-15,
4.575));
#5348=CARTESIAN_POINT('Ctrl Pts',(-2.54330127018923,-1.05346987931311,4.625));
#5349=CARTESIAN_POINT('Ctrl Pts',(-1.79838557475116,-1.79838557475117,4.675));
#5350=CARTESIAN_POINT('Ctrl Pts',(-1.0534698793131,-2.54330127018924,4.725));
#5351=CARTESIAN_POINT('Ctrl Pts',(-3.11464575980464E-16,-2.54330127018924,
4.775));
#5352=CARTESIAN_POINT('Ctrl Pts',(1.0534698793131,-2.54330127018924,4.825));
#5353=CARTESIAN_POINT('Ctrl Pts',(1.79838557475116,-1.79838557475117,4.875));
#5354=CARTESIAN_POINT('Ctrl Pts',(2.54330127018923,-1.05346987931311,4.925));
#5355=CARTESIAN_POINT('Ctrl Pts',(2.54330127018923,-9.58010110052124E-15,
4.975));
#5356=CARTESIAN_POINT('Ctrl Pts',(2.54330127018923,1.05346987931309,5.025));
#5357=CARTESIAN_POINT('Ctrl Pts',(1.79838557475117,1.79838557475116,5.075));
#5358=CARTESIAN_POINT('Ctrl Pts',(1.0534698793131,2.54330127018922,5.125));
#5359=CARTESIAN_POINT('Ctrl Pts',(0.,2.54330127018922,5.175));
#5360=CARTESIAN_POINT('Ctrl Pts',(-1.0534698793131,2.54330127018922,5.225));
#5361=CARTESIAN_POINT('Ctrl Pts',(-1.79838557475116,1.79838557475116,5.275));
#5362=CARTESIAN_POINT('Ctrl Pts',(-2.54330127018923,1.05346987931309,5.325));
#5363=CARTESIAN_POINT('Ctrl Pts',(-2.54330127018923,-8.95717194856031E-15,
5.375));
#5364=CARTESIAN_POINT('Ctrl Pts',(-2.54330127018923,-1.05346987931311,5.425));
#5365=CARTESIAN_POINT('Ctrl Pts',(-1.79838557475116,-1.79838557475117,5.475));
#5366=CARTESIAN_POINT('Ctrl Pts',(-1.0534698793131,-2.54330127018924,5.525));
#5367=CARTESIAN_POINT('Ctrl Pts',(-3.11464575980464E-16,-2.54330127018924,
5.575));
#5368=CARTESIAN_POINT('Ctrl Pts',(1.0534698793131,-2.54330127018924,5.625));
#5369=CARTESIAN_POINT('Ctrl Pts',(1.79838557475116,-1.79838557475117,5.675));
#5370=CARTESIAN_POINT('Ctrl Pts',(2.54330127018923,-1.05346987931311,5.725));
#5371=CARTESIAN_POINT('Ctrl Pts',(2.54330127018923,-9.58010110052124E-15,
5.775));
#5372=CARTESIAN_POINT('Ctrl Pts',(2.54330127018923,1.05346987931309,5.825));
#5373=CARTESIAN_POINT('Ctrl Pts',(1.79838557475117,1.79838557475116,5.875));
#5374=CARTESIAN_POINT('Ctrl Pts',(1.0534698793131,2.54330127018922,5.925));
#5375=CARTESIAN_POINT('Ctrl Pts',(0.,2.54330127018922,5.975));
#5376=CARTESIAN_POINT('Ctrl Pts',(-1.0534698793131,2.54330127018922,6.025));
#5377=CARTESIAN_POINT('Ctrl Pts',(-1.79838557475116,1.79838557475116,6.075));
#5378=CARTESIAN_POINT('Ctrl Pts',(-2.54330127018923,1.05346987931309,6.125));
#5379=CARTESIAN_POINT('Ctrl Pts',(-2.54330127018923,-8.95717194856031E-15,
6.175));
#5380=CARTESIAN_POINT('Ctrl Pts',(-2.54330127018923,-1.05346987931311,6.225));
#5381=CARTESIAN_POINT('Ctrl Pts',(-1.79838557475116,-1.79838557475117,6.275));
#5382=CARTESIAN_POINT('Ctrl Pts',(-1.0534698793131,-2.54330127018924,6.325));
#5383=CARTESIAN_POINT('Ctrl Pts',(-3.11464575980464E-16,-2.54330127018924,
6.375));
#5384=CARTESIAN_POINT('Ctrl Pts',(1.0534698793131,-2.54330127018924,6.425));
#5385=CARTESIAN_POINT('Ctrl Pts',(1.79838557475116,-1.79838557475117,6.475));
#5386=CARTESIAN_POINT('Ctrl Pts',(2.54330127018923,-1.05346987931311,6.525));
#5387=CARTESIAN_POINT('Ctrl Pts',(2.54330127018923,-9.58010110052124E-15,
6.575));
#5388=CARTESIAN_POINT('Ctrl Pts',(2.54330127018923,1.05346987931309,6.625));
#5389=CARTESIAN_POINT('Ctrl Pts',(1.79838557475117,1.79838557475116,6.675));
#5390=CARTESIAN_POINT('Ctrl Pts',(1.0534698793131,2.54330127018922,6.725));
#5391=CARTESIAN_POINT('Ctrl Pts',(0.,2.54330127018922,6.775));
#5392=CARTESIAN_POINT('Ctrl Pts',(-1.0534698793131,2.54330127018922,6.825));
#5393=CARTESIAN_POINT('Ctrl Pts',(-1.79838557475116,1.79838557475116,6.875));
#5394=CARTESIAN_POINT('Ctrl Pts',(-2.54330127018923,1.05346987931309,6.925));
#5395=CARTESIAN_POINT('Ctrl Pts',(-2.54330127018923,-8.95717194856031E-15,
6.975));
#5396=CARTESIAN_POINT('Ctrl Pts',(-2.54330127018923,-1.05346987931311,7.025));
#5397=CARTESIAN_POINT('Ctrl Pts',(-1.79838557475116,-1.79838557475117,7.075));
#5398=CARTESIAN_POINT('Ctrl Pts',(-1.0534698793131,-2.54330127018924,7.125));
#5399=CARTESIAN_POINT('Ctrl Pts',(-3.11464575980464E-16,-2.54330127018924,
7.175));
#5400=CARTESIAN_POINT('Ctrl Pts',(1.0534698793131,-2.54330127018924,7.225));
#5401=CARTESIAN_POINT('Ctrl Pts',(1.79838557475116,-1.79838557475117,7.275));
#5402=CARTESIAN_POINT('Ctrl Pts',(2.54330127018923,-1.05346987931311,7.325));
#5403=CARTESIAN_POINT('Ctrl Pts',(2.54330127018923,-9.58010110052124E-15,
7.375));
#5404=CARTESIAN_POINT('Ctrl Pts',(2.54330127018923,1.05346987931309,7.425));
#5405=CARTESIAN_POINT('Ctrl Pts',(1.79838557475117,1.79838557475116,7.475));
#5406=CARTESIAN_POINT('Ctrl Pts',(1.0534698793131,2.54330127018922,7.525));
#5407=CARTESIAN_POINT('Ctrl Pts',(0.,2.54330127018922,7.575));
#5408=CARTESIAN_POINT('Ctrl Pts',(0.,2.54330127018922,-12.475));
#5409=CARTESIAN_POINT('Ctrl Pts',(-1.0534698793131,2.54330127018922,-12.425));
#5410=CARTESIAN_POINT('Ctrl Pts',(-1.79838557475116,1.79838557475116,-12.375));
#5411=CARTESIAN_POINT('Ctrl Pts',(-2.54330127018923,1.05346987931309,-12.325));
#5412=CARTESIAN_POINT('Ctrl Pts',(-2.54330127018923,-8.95717194856031E-15,
-12.275));
#5413=CARTESIAN_POINT('Ctrl Pts',(-2.54330127018923,-1.05346987931311,-12.225));
#5414=CARTESIAN_POINT('Ctrl Pts',(-1.79838557475116,-1.79838557475117,-12.175));
#5415=CARTESIAN_POINT('Ctrl Pts',(-1.0534698793131,-2.54330127018924,-12.125));
#5416=CARTESIAN_POINT('Ctrl Pts',(-3.11464575980464E-16,-2.54330127018924,
-12.075));
#5417=CARTESIAN_POINT('Ctrl Pts',(1.0534698793131,-2.54330127018924,-12.025));
#5418=CARTESIAN_POINT('Ctrl Pts',(1.79838557475116,-1.79838557475117,-11.975));
#5419=CARTESIAN_POINT('Ctrl Pts',(2.54330127018923,-1.05346987931311,-11.925));
#5420=CARTESIAN_POINT('Ctrl Pts',(2.54330127018923,-9.58010110052124E-15,
-11.875));
#5421=CARTESIAN_POINT('Ctrl Pts',(2.54330127018923,1.05346987931309,-11.825));
#5422=CARTESIAN_POINT('Ctrl Pts',(1.79838557475116,1.79838557475115,-11.775));
#5423=CARTESIAN_POINT('Ctrl Pts',(1.0534698793131,2.54330127018922,-11.725));
#5424=CARTESIAN_POINT('Ctrl Pts',(0.,2.54330127018922,-11.675));
#5425=CARTESIAN_POINT('Ctrl Pts',(-1.0534698793131,2.54330127018922,-11.625));
#5426=CARTESIAN_POINT('Ctrl Pts',(-1.79838557475116,1.79838557475116,-11.575));
#5427=CARTESIAN_POINT('Ctrl Pts',(-2.54330127018923,1.05346987931309,-11.525));
#5428=CARTESIAN_POINT('Ctrl Pts',(-2.54330127018923,-8.95717194856031E-15,
-11.475));
#5429=CARTESIAN_POINT('Ctrl Pts',(-2.54330127018923,-1.05346987931311,-11.425));
#5430=CARTESIAN_POINT('Ctrl Pts',(-1.79838557475116,-1.79838557475117,-11.375));
#5431=CARTESIAN_POINT('Ctrl Pts',(-1.0534698793131,-2.54330127018924,-11.325));
#5432=CARTESIAN_POINT('Ctrl Pts',(-3.11464575980464E-16,-2.54330127018924,
-11.275));
#5433=CARTESIAN_POINT('Ctrl Pts',(1.0534698793131,-2.54330127018924,-11.225));
#5434=CARTESIAN_POINT('Ctrl Pts',(1.79838557475116,-1.79838557475117,-11.175));
#5435=CARTESIAN_POINT('Ctrl Pts',(2.54330127018923,-1.05346987931311,-11.125));
#5436=CARTESIAN_POINT('Ctrl Pts',(2.54330127018923,-9.58010110052124E-15,
-11.075));
#5437=CARTESIAN_POINT('Ctrl Pts',(2.54330127018923,1.05346987931309,-11.025));
#5438=CARTESIAN_POINT('Ctrl Pts',(1.79838557475116,1.79838557475115,-10.975));
#5439=CARTESIAN_POINT('Ctrl Pts',(1.0534698793131,2.54330127018922,-10.925));
#5440=CARTESIAN_POINT('Ctrl Pts',(0.,2.54330127018922,-10.875));
#5441=CARTESIAN_POINT('Ctrl Pts',(-1.0534698793131,2.54330127018922,-10.825));
#5442=CARTESIAN_POINT('Ctrl Pts',(-1.79838557475116,1.79838557475116,-10.775));
#5443=CARTESIAN_POINT('Ctrl Pts',(-2.54330127018923,1.05346987931309,-10.725));
#5444=CARTESIAN_POINT('Ctrl Pts',(-2.54330127018923,-8.95717194856031E-15,
-10.675));
#5445=CARTESIAN_POINT('Ctrl Pts',(-2.54330127018923,-1.05346987931311,-10.625));
#5446=CARTESIAN_POINT('Ctrl Pts',(-1.79838557475116,-1.79838557475117,-10.575));
#5447=CARTESIAN_POINT('Ctrl Pts',(-1.0534698793131,-2.54330127018924,-10.525));
#5448=CARTESIAN_POINT('Ctrl Pts',(-3.11464575980464E-16,-2.54330127018924,
-10.475));
#5449=CARTESIAN_POINT('Ctrl Pts',(1.0534698793131,-2.54330127018924,-10.425));
#5450=CARTESIAN_POINT('Ctrl Pts',(1.79838557475116,-1.79838557475117,-10.375));
#5451=CARTESIAN_POINT('Ctrl Pts',(2.54330127018923,-1.05346987931311,-10.325));
#5452=CARTESIAN_POINT('Ctrl Pts',(2.54330127018923,-9.58010110052124E-15,
-10.275));
#5453=CARTESIAN_POINT('Ctrl Pts',(2.54330127018923,1.05346987931309,-10.225));
#5454=CARTESIAN_POINT('Ctrl Pts',(1.79838557475116,1.79838557475115,-10.175));
#5455=CARTESIAN_POINT('Ctrl Pts',(1.0534698793131,2.54330127018922,-10.125));
#5456=CARTESIAN_POINT('Ctrl Pts',(0.,2.54330127018922,-10.075));
#5457=CARTESIAN_POINT('Ctrl Pts',(-1.0534698793131,2.54330127018922,-10.025));
#5458=CARTESIAN_POINT('Ctrl Pts',(-1.79838557475116,1.79838557475116,-9.975));
#5459=CARTESIAN_POINT('Ctrl Pts',(-2.54330127018923,1.05346987931309,-9.925));
#5460=CARTESIAN_POINT('Ctrl Pts',(-2.54330127018923,-8.95717194856031E-15,
-9.875));
#5461=CARTESIAN_POINT('Ctrl Pts',(-2.54330127018923,-1.05346987931311,-9.825));
#5462=CARTESIAN_POINT('Ctrl Pts',(-1.79838557475116,-1.79838557475117,-9.775));
#5463=CARTESIAN_POINT('Ctrl Pts',(-1.0534698793131,-2.54330127018924,-9.725));
#5464=CARTESIAN_POINT('Ctrl Pts',(-3.11464575980464E-16,-2.54330127018924,
-9.675));
#5465=CARTESIAN_POINT('Ctrl Pts',(1.0534698793131,-2.54330127018924,-9.625));
#5466=CARTESIAN_POINT('Ctrl Pts',(1.79838557475116,-1.79838557475117,-9.575));
#5467=CARTESIAN_POINT('Ctrl Pts',(2.54330127018923,-1.05346987931311,-9.525));
#5468=CARTESIAN_POINT('Ctrl Pts',(2.54330127018923,-9.58010110052124E-15,
-9.475));
#5469=CARTESIAN_POINT('Ctrl Pts',(2.54330127018923,1.05346987931309,-9.425));
#5470=CARTESIAN_POINT('Ctrl Pts',(1.79838557475116,1.79838557475115,-9.375));
#5471=CARTESIAN_POINT('Ctrl Pts',(1.0534698793131,2.54330127018922,-9.325));
#5472=CARTESIAN_POINT('Ctrl Pts',(0.,2.54330127018922,-9.275));
#5473=CARTESIAN_POINT('Ctrl Pts',(-1.0534698793131,2.54330127018922,-9.225));
#5474=CARTESIAN_POINT('Ctrl Pts',(-1.79838557475116,1.79838557475116,-9.175));
#5475=CARTESIAN_POINT('Ctrl Pts',(-2.54330127018923,1.05346987931309,-9.125));
#5476=CARTESIAN_POINT('Ctrl Pts',(-2.54330127018923,-8.95717194856031E-15,
-9.075));
#5477=CARTESIAN_POINT('Ctrl Pts',(-2.54330127018923,-1.05346987931311,-9.025));
#5478=CARTESIAN_POINT('Ctrl Pts',(-1.79838557475116,-1.79838557475117,-8.975));
#5479=CARTESIAN_POINT('Ctrl Pts',(-1.0534698793131,-2.54330127018924,-8.925));
#5480=CARTESIAN_POINT('Ctrl Pts',(-3.11464575980464E-16,-2.54330127018924,
-8.875));
#5481=CARTESIAN_POINT('Ctrl Pts',(1.0534698793131,-2.54330127018924,-8.825));
#5482=CARTESIAN_POINT('Ctrl Pts',(1.79838557475116,-1.79838557475117,-8.775));
#5483=CARTESIAN_POINT('Ctrl Pts',(2.54330127018923,-1.05346987931311,-8.725));
#5484=CARTESIAN_POINT('Ctrl Pts',(2.54330127018923,-9.58010110052124E-15,
-8.675));
#5485=CARTESIAN_POINT('Ctrl Pts',(2.54330127018923,1.05346987931309,-8.625));
#5486=CARTESIAN_POINT('Ctrl Pts',(1.79838557475116,1.79838557475115,-8.575));
#5487=CARTESIAN_POINT('Ctrl Pts',(1.0534698793131,2.54330127018922,-8.525));
#5488=CARTESIAN_POINT('Ctrl Pts',(0.,2.54330127018922,-8.475));
#5489=CARTESIAN_POINT('Ctrl Pts',(-1.0534698793131,2.54330127018922,-8.425));
#5490=CARTESIAN_POINT('Ctrl Pts',(-1.79838557475116,1.79838557475116,-8.375));
#5491=CARTESIAN_POINT('Ctrl Pts',(-2.54330127018923,1.05346987931309,-8.325));
#5492=CARTESIAN_POINT('Ctrl Pts',(-2.54330127018923,-8.95717194856031E-15,
-8.275));
#5493=CARTESIAN_POINT('Ctrl Pts',(-2.54330127018923,-1.05346987931311,-8.225));
#5494=CARTESIAN_POINT('Ctrl Pts',(-1.79838557475116,-1.79838557475117,-8.175));
#5495=CARTESIAN_POINT('Ctrl Pts',(-1.0534698793131,-2.54330127018924,-8.125));
#5496=CARTESIAN_POINT('Ctrl Pts',(-3.11464575980464E-16,-2.54330127018924,
-8.075));
#5497=CARTESIAN_POINT('Ctrl Pts',(1.0534698793131,-2.54330127018924,-8.025));
#5498=CARTESIAN_POINT('Ctrl Pts',(1.79838557475116,-1.79838557475117,-7.975));
#5499=CARTESIAN_POINT('Ctrl Pts',(2.54330127018923,-1.05346987931311,-7.925));
#5500=CARTESIAN_POINT('Ctrl Pts',(2.54330127018923,-9.58010110052124E-15,
-7.875));
#5501=CARTESIAN_POINT('Ctrl Pts',(2.54330127018923,1.05346987931309,-7.825));
#5502=CARTESIAN_POINT('Ctrl Pts',(1.79838557475116,1.79838557475115,-7.775));
#5503=CARTESIAN_POINT('Ctrl Pts',(1.0534698793131,2.54330127018922,-7.725));
#5504=CARTESIAN_POINT('Ctrl Pts',(0.,2.54330127018922,-7.675));
#5505=CARTESIAN_POINT('Ctrl Pts',(-1.0534698793131,2.54330127018922,-7.625));
#5506=CARTESIAN_POINT('Ctrl Pts',(-1.79838557475116,1.79838557475116,-7.575));
#5507=CARTESIAN_POINT('Ctrl Pts',(-2.54330127018923,1.05346987931309,-7.525));
#5508=CARTESIAN_POINT('Ctrl Pts',(-2.54330127018923,-8.95717194856031E-15,
-7.475));
#5509=CARTESIAN_POINT('Ctrl Pts',(-2.54330127018923,-1.05346987931311,-7.425));
#5510=CARTESIAN_POINT('Ctrl Pts',(-1.79838557475116,-1.79838557475117,-7.375));
#5511=CARTESIAN_POINT('Ctrl Pts',(-1.0534698793131,-2.54330127018924,-7.325));
#5512=CARTESIAN_POINT('Ctrl Pts',(-3.11464575980464E-16,-2.54330127018924,
-7.275));
#5513=CARTESIAN_POINT('Ctrl Pts',(1.0534698793131,-2.54330127018924,-7.225));
#5514=CARTESIAN_POINT('Ctrl Pts',(1.79838557475116,-1.79838557475117,-7.175));
#5515=CARTESIAN_POINT('Ctrl Pts',(2.54330127018923,-1.05346987931311,-7.125));
#5516=CARTESIAN_POINT('Ctrl Pts',(2.54330127018923,-9.58010110052124E-15,
-7.075));
#5517=CARTESIAN_POINT('Ctrl Pts',(2.54330127018923,1.05346987931309,-7.025));
#5518=CARTESIAN_POINT('Ctrl Pts',(1.79838557475116,1.79838557475115,-6.975));
#5519=CARTESIAN_POINT('Ctrl Pts',(1.0534698793131,2.54330127018922,-6.925));
#5520=CARTESIAN_POINT('Ctrl Pts',(0.,2.54330127018922,-6.875));
#5521=CARTESIAN_POINT('Ctrl Pts',(-1.0534698793131,2.54330127018922,-6.825));
#5522=CARTESIAN_POINT('Ctrl Pts',(-1.79838557475116,1.79838557475116,-6.775));
#5523=CARTESIAN_POINT('Ctrl Pts',(-2.54330127018923,1.05346987931309,-6.725));
#5524=CARTESIAN_POINT('Ctrl Pts',(-2.54330127018923,-8.95717194856031E-15,
-6.675));
#5525=CARTESIAN_POINT('Ctrl Pts',(-2.54330127018923,-1.05346987931311,-6.625));
#5526=CARTESIAN_POINT('Ctrl Pts',(-1.79838557475116,-1.79838557475117,-6.575));
#5527=CARTESIAN_POINT('Ctrl Pts',(-1.0534698793131,-2.54330127018924,-6.525));
#5528=CARTESIAN_POINT('Ctrl Pts',(-3.11464575980464E-16,-2.54330127018924,
-6.475));
#5529=CARTESIAN_POINT('Ctrl Pts',(1.0534698793131,-2.54330127018924,-6.425));
#5530=CARTESIAN_POINT('Ctrl Pts',(1.79838557475116,-1.79838557475117,-6.375));
#5531=CARTESIAN_POINT('Ctrl Pts',(2.54330127018923,-1.05346987931311,-6.325));
#5532=CARTESIAN_POINT('Ctrl Pts',(2.54330127018923,-9.58010110052124E-15,
-6.275));
#5533=CARTESIAN_POINT('Ctrl Pts',(2.54330127018923,1.05346987931309,-6.225));
#5534=CARTESIAN_POINT('Ctrl Pts',(1.79838557475116,1.79838557475115,-6.175));
#5535=CARTESIAN_POINT('Ctrl Pts',(1.0534698793131,2.54330127018922,-6.125));
#5536=CARTESIAN_POINT('Ctrl Pts',(0.,2.54330127018922,-6.075));
#5537=CARTESIAN_POINT('Ctrl Pts',(-1.0534698793131,2.54330127018922,-6.025));
#5538=CARTESIAN_POINT('Ctrl Pts',(-1.79838557475116,1.79838557475116,-5.975));
#5539=CARTESIAN_POINT('Ctrl Pts',(-2.54330127018923,1.05346987931309,-5.925));
#5540=CARTESIAN_POINT('Ctrl Pts',(-2.54330127018923,-8.95717194856031E-15,
-5.875));
#5541=CARTESIAN_POINT('Ctrl Pts',(-2.54330127018923,-1.05346987931311,-5.825));
#5542=CARTESIAN_POINT('Ctrl Pts',(-1.79838557475116,-1.79838557475117,-5.775));
#5543=CARTESIAN_POINT('Ctrl Pts',(-1.0534698793131,-2.54330127018924,-5.725));
#5544=CARTESIAN_POINT('Ctrl Pts',(-3.11464575980464E-16,-2.54330127018924,
-5.675));
#5545=CARTESIAN_POINT('Ctrl Pts',(1.0534698793131,-2.54330127018924,-5.625));
#5546=CARTESIAN_POINT('Ctrl Pts',(1.79838557475116,-1.79838557475117,-5.575));
#5547=CARTESIAN_POINT('Ctrl Pts',(2.54330127018923,-1.05346987931311,-5.525));
#5548=CARTESIAN_POINT('Ctrl Pts',(2.54330127018923,-9.58010110052124E-15,
-5.475));
#5549=CARTESIAN_POINT('Ctrl Pts',(2.54330127018923,1.05346987931309,-5.425));
#5550=CARTESIAN_POINT('Ctrl Pts',(1.79838557475116,1.79838557475115,-5.375));
#5551=CARTESIAN_POINT('Ctrl Pts',(1.0534698793131,2.54330127018922,-5.325));
#5552=CARTESIAN_POINT('Ctrl Pts',(0.,2.54330127018922,-5.275));
#5553=CARTESIAN_POINT('Ctrl Pts',(-1.0534698793131,2.54330127018922,-5.225));
#5554=CARTESIAN_POINT('Ctrl Pts',(-1.79838557475116,1.79838557475116,-5.175));
#5555=CARTESIAN_POINT('Ctrl Pts',(-2.54330127018923,1.05346987931309,-5.125));
#5556=CARTESIAN_POINT('Ctrl Pts',(-2.54330127018923,-8.95717194856031E-15,
-5.075));
#5557=CARTESIAN_POINT('Ctrl Pts',(-2.54330127018923,-1.05346987931311,-5.025));
#5558=CARTESIAN_POINT('Ctrl Pts',(-1.79838557475116,-1.79838557475117,-4.975));
#5559=CARTESIAN_POINT('Ctrl Pts',(-1.0534698793131,-2.54330127018924,-4.925));
#5560=CARTESIAN_POINT('Ctrl Pts',(-3.11464575980464E-16,-2.54330127018924,
-4.875));
#5561=CARTESIAN_POINT('Ctrl Pts',(1.0534698793131,-2.54330127018924,-4.825));
#5562=CARTESIAN_POINT('Ctrl Pts',(1.79838557475116,-1.79838557475117,-4.775));
#5563=CARTESIAN_POINT('Ctrl Pts',(2.54330127018923,-1.05346987931311,-4.725));
#5564=CARTESIAN_POINT('Ctrl Pts',(2.54330127018923,-9.58010110052124E-15,
-4.675));
#5565=CARTESIAN_POINT('Ctrl Pts',(2.54330127018923,1.05346987931309,-4.625));
#5566=CARTESIAN_POINT('Ctrl Pts',(1.79838557475116,1.79838557475115,-4.575));
#5567=CARTESIAN_POINT('Ctrl Pts',(1.0534698793131,2.54330127018922,-4.525));
#5568=CARTESIAN_POINT('Ctrl Pts',(0.,2.54330127018922,-4.475));
#5569=CARTESIAN_POINT('Ctrl Pts',(-1.0534698793131,2.54330127018922,-4.425));
#5570=CARTESIAN_POINT('Ctrl Pts',(-1.79838557475116,1.79838557475116,-4.375));
#5571=CARTESIAN_POINT('Ctrl Pts',(-2.54330127018923,1.05346987931309,-4.325));
#5572=CARTESIAN_POINT('Ctrl Pts',(-2.54330127018923,-8.95717194856031E-15,
-4.275));
#5573=CARTESIAN_POINT('Ctrl Pts',(-2.54330127018923,-1.05346987931311,-4.225));
#5574=CARTESIAN_POINT('Ctrl Pts',(-1.79838557475116,-1.79838557475117,-4.175));
#5575=CARTESIAN_POINT('Ctrl Pts',(-1.0534698793131,-2.54330127018924,-4.125));
#5576=CARTESIAN_POINT('Ctrl Pts',(-3.11464575980464E-16,-2.54330127018924,
-4.075));
#5577=CARTESIAN_POINT('Ctrl Pts',(1.0534698793131,-2.54330127018924,-4.025));
#5578=CARTESIAN_POINT('Ctrl Pts',(1.79838557475116,-1.79838557475117,-3.975));
#5579=CARTESIAN_POINT('Ctrl Pts',(2.54330127018923,-1.05346987931311,-3.925));
#5580=CARTESIAN_POINT('Ctrl Pts',(2.54330127018923,-9.58010110052124E-15,
-3.875));
#5581=CARTESIAN_POINT('Ctrl Pts',(2.54330127018923,1.05346987931309,-3.825));
#5582=CARTESIAN_POINT('Ctrl Pts',(1.79838557475116,1.79838557475115,-3.775));
#5583=CARTESIAN_POINT('Ctrl Pts',(1.0534698793131,2.54330127018922,-3.725));
#5584=CARTESIAN_POINT('Ctrl Pts',(0.,2.54330127018922,-3.675));
#5585=CARTESIAN_POINT('Ctrl Pts',(-1.0534698793131,2.54330127018922,-3.625));
#5586=CARTESIAN_POINT('Ctrl Pts',(-1.79838557475116,1.79838557475116,-3.575));
#5587=CARTESIAN_POINT('Ctrl Pts',(-2.54330127018923,1.05346987931309,-3.525));
#5588=CARTESIAN_POINT('Ctrl Pts',(-2.54330127018923,-8.95717194856031E-15,
-3.475));
#5589=CARTESIAN_POINT('Ctrl Pts',(-2.54330127018923,-1.05346987931311,-3.425));
#5590=CARTESIAN_POINT('Ctrl Pts',(-1.79838557475116,-1.79838557475117,-3.375));
#5591=CARTESIAN_POINT('Ctrl Pts',(-1.0534698793131,-2.54330127018924,-3.325));
#5592=CARTESIAN_POINT('Ctrl Pts',(-3.11464575980464E-16,-2.54330127018924,
-3.275));
#5593=CARTESIAN_POINT('Ctrl Pts',(1.0534698793131,-2.54330127018924,-3.225));
#5594=CARTESIAN_POINT('Ctrl Pts',(1.79838557475116,-1.79838557475117,-3.175));
#5595=CARTESIAN_POINT('Ctrl Pts',(2.54330127018923,-1.05346987931311,-3.125));
#5596=CARTESIAN_POINT('Ctrl Pts',(2.54330127018923,-9.58010110052124E-15,
-3.075));
#5597=CARTESIAN_POINT('Ctrl Pts',(2.54330127018923,1.05346987931309,-3.025));
#5598=CARTESIAN_POINT('Ctrl Pts',(1.79838557475116,1.79838557475115,-2.975));
#5599=CARTESIAN_POINT('Ctrl Pts',(1.0534698793131,2.54330127018922,-2.925));
#5600=CARTESIAN_POINT('Ctrl Pts',(0.,2.54330127018922,-2.875));
#5601=CARTESIAN_POINT('Ctrl Pts',(-1.0534698793131,2.54330127018922,-2.825));
#5602=CARTESIAN_POINT('Ctrl Pts',(-1.79838557475116,1.79838557475116,-2.775));
#5603=CARTESIAN_POINT('Ctrl Pts',(-2.54330127018923,1.05346987931309,-2.725));
#5604=CARTESIAN_POINT('Ctrl Pts',(-2.54330127018923,-8.95717194856031E-15,
-2.675));
#5605=CARTESIAN_POINT('Ctrl Pts',(-2.54330127018923,-1.05346987931311,-2.625));
#5606=CARTESIAN_POINT('Ctrl Pts',(-1.79838557475116,-1.79838557475117,-2.575));
#5607=CARTESIAN_POINT('Ctrl Pts',(-1.0534698793131,-2.54330127018924,-2.525));
#5608=CARTESIAN_POINT('Ctrl Pts',(-3.11464575980464E-16,-2.54330127018924,
-2.475));
#5609=CARTESIAN_POINT('Ctrl Pts',(1.0534698793131,-2.54330127018924,-2.425));
#5610=CARTESIAN_POINT('Ctrl Pts',(1.79838557475116,-1.79838557475117,-2.375));
#5611=CARTESIAN_POINT('Ctrl Pts',(2.54330127018923,-1.05346987931311,-2.325));
#5612=CARTESIAN_POINT('Ctrl Pts',(2.54330127018923,-9.58010110052124E-15,
-2.275));
#5613=CARTESIAN_POINT('Ctrl Pts',(2.54330127018923,1.05346987931309,-2.225));
#5614=CARTESIAN_POINT('Ctrl Pts',(1.79838557475116,1.79838557475115,-2.175));
#5615=CARTESIAN_POINT('Ctrl Pts',(1.0534698793131,2.54330127018922,-2.125));
#5616=CARTESIAN_POINT('Ctrl Pts',(0.,2.54330127018922,-2.075));
#5617=CARTESIAN_POINT('Ctrl Pts',(-1.0534698793131,2.54330127018922,-2.025));
#5618=CARTESIAN_POINT('Ctrl Pts',(-1.79838557475116,1.79838557475116,-1.975));
#5619=CARTESIAN_POINT('Ctrl Pts',(-2.54330127018923,1.05346987931309,-1.925));
#5620=CARTESIAN_POINT('Ctrl Pts',(-2.54330127018923,-8.95717194856031E-15,
-1.875));
#5621=CARTESIAN_POINT('Ctrl Pts',(-2.54330127018923,-1.05346987931311,-1.825));
#5622=CARTESIAN_POINT('Ctrl Pts',(-1.79838557475116,-1.79838557475117,-1.775));
#5623=CARTESIAN_POINT('Ctrl Pts',(-1.0534698793131,-2.54330127018924,-1.725));
#5624=CARTESIAN_POINT('Ctrl Pts',(-3.11464575980464E-16,-2.54330127018924,
-1.675));
#5625=CARTESIAN_POINT('Ctrl Pts',(1.0534698793131,-2.54330127018924,-1.625));
#5626=CARTESIAN_POINT('Ctrl Pts',(1.79838557475116,-1.79838557475117,-1.575));
#5627=CARTESIAN_POINT('Ctrl Pts',(2.54330127018923,-1.05346987931311,-1.525));
#5628=CARTESIAN_POINT('Ctrl Pts',(2.54330127018923,-9.58010110052124E-15,
-1.475));
#5629=CARTESIAN_POINT('Ctrl Pts',(2.54330127018923,1.05346987931309,-1.425));
#5630=CARTESIAN_POINT('Ctrl Pts',(1.79838557475116,1.79838557475115,-1.375));
#5631=CARTESIAN_POINT('Ctrl Pts',(1.0534698793131,2.54330127018922,-1.325));
#5632=CARTESIAN_POINT('Ctrl Pts',(0.,2.54330127018922,-1.275));
#5633=CARTESIAN_POINT('Ctrl Pts',(-1.0534698793131,2.54330127018922,-1.225));
#5634=CARTESIAN_POINT('Ctrl Pts',(-1.79838557475116,1.79838557475116,-1.175));
#5635=CARTESIAN_POINT('Ctrl Pts',(-2.54330127018923,1.05346987931309,-1.125));
#5636=CARTESIAN_POINT('Ctrl Pts',(-2.54330127018923,-8.95717194856031E-15,
-1.075));
#5637=CARTESIAN_POINT('Ctrl Pts',(-2.54330127018923,-1.05346987931311,-1.025));
#5638=CARTESIAN_POINT('Ctrl Pts',(-1.79838557475116,-1.79838557475117,-0.975));
#5639=CARTESIAN_POINT('Ctrl Pts',(-1.0534698793131,-2.54330127018924,-0.924999999999999));
#5640=CARTESIAN_POINT('Ctrl Pts',(-3.11464575980464E-16,-2.54330127018924,
-0.874999999999999));
#5641=CARTESIAN_POINT('Ctrl Pts',(1.0534698793131,-2.54330127018924,-0.825));
#5642=CARTESIAN_POINT('Ctrl Pts',(1.79838557475116,-1.79838557475117,-0.775));
#5643=CARTESIAN_POINT('Ctrl Pts',(2.54330127018923,-1.05346987931311,-0.725));
#5644=CARTESIAN_POINT('Ctrl Pts',(2.54330127018923,-9.58010110052124E-15,
-0.675));
#5645=CARTESIAN_POINT('Ctrl Pts',(2.54330127018923,1.05346987931309,-0.624999999999999));
#5646=CARTESIAN_POINT('Ctrl Pts',(1.79838557475116,1.79838557475115,-0.574999999999999));
#5647=CARTESIAN_POINT('Ctrl Pts',(1.0534698793131,2.54330127018922,-0.524999999999999));
#5648=CARTESIAN_POINT('Ctrl Pts',(0.,2.54330127018922,-0.475));
#5649=CARTESIAN_POINT('Ctrl Pts',(-1.0534698793131,2.54330127018922,-0.425));
#5650=CARTESIAN_POINT('Ctrl Pts',(-1.79838557475116,1.79838557475116,-0.374999999999999));
#5651=CARTESIAN_POINT('Ctrl Pts',(-2.54330127018923,1.05346987931309,-0.324999999999999));
#5652=CARTESIAN_POINT('Ctrl Pts',(-2.54330127018923,-8.95717194856031E-15,
-0.274999999999999));
#5653=CARTESIAN_POINT('Ctrl Pts',(-2.54330127018923,-1.05346987931311,-0.225));
#5654=CARTESIAN_POINT('Ctrl Pts',(-1.79838557475116,-1.79838557475117,-0.175));
#5655=CARTESIAN_POINT('Ctrl Pts',(-1.0534698793131,-2.54330127018924,-0.125));
#5656=CARTESIAN_POINT('Ctrl Pts',(-3.11464575980464E-16,-2.54330127018924,
-0.0749999999999987));
#5657=CARTESIAN_POINT('Ctrl Pts',(1.0534698793131,-2.54330127018924,-0.024999999999999));
#5658=CARTESIAN_POINT('Ctrl Pts',(1.79838557475116,-1.79838557475117,0.0250000000000007));
#5659=CARTESIAN_POINT('Ctrl Pts',(2.54330127018923,-1.05346987931311,0.0750000000000004));
#5660=CARTESIAN_POINT('Ctrl Pts',(2.54330127018923,-9.58010110052124E-15,
0.125));
#5661=CARTESIAN_POINT('Ctrl Pts',(2.54330127018923,1.05346987931309,0.175));
#5662=CARTESIAN_POINT('Ctrl Pts',(1.79838557475116,1.79838557475115,0.225000000000001));
#5663=CARTESIAN_POINT('Ctrl Pts',(1.0534698793131,2.54330127018922,0.275000000000001));
#5664=CARTESIAN_POINT('Ctrl Pts',(0.,2.54330127018922,0.325000000000001));
#5665=CARTESIAN_POINT('Ctrl Pts',(-1.0534698793131,2.54330127018922,0.375));
#5666=CARTESIAN_POINT('Ctrl Pts',(-1.79838557475116,1.79838557475116,0.425));
#5667=CARTESIAN_POINT('Ctrl Pts',(-2.54330127018923,1.05346987931309,0.475000000000002));
#5668=CARTESIAN_POINT('Ctrl Pts',(-2.54330127018923,-8.95717194856031E-15,
0.525000000000001));
#5669=CARTESIAN_POINT('Ctrl Pts',(-2.54330127018923,-1.05346987931311,0.575000000000001));
#5670=CARTESIAN_POINT('Ctrl Pts',(-1.79838557475116,-1.79838557475117,0.625000000000001));
#5671=CARTESIAN_POINT('Ctrl Pts',(-1.0534698793131,-2.54330127018924,0.675));
#5672=CARTESIAN_POINT('Ctrl Pts',(-3.11464575980464E-16,-2.54330127018924,
0.725));
#5673=CARTESIAN_POINT('Ctrl Pts',(1.0534698793131,-2.54330127018924,0.775000000000001));
#5674=CARTESIAN_POINT('Ctrl Pts',(1.79838557475116,-1.79838557475117,0.825000000000001));
#5675=CARTESIAN_POINT('Ctrl Pts',(2.54330127018923,-1.05346987931311,0.875000000000001));
#5676=CARTESIAN_POINT('Ctrl Pts',(2.54330127018923,-9.58010110052124E-15,
0.925));
#5677=CARTESIAN_POINT('Ctrl Pts',(2.54330127018923,1.05346987931309,0.975));
#5678=CARTESIAN_POINT('Ctrl Pts',(1.79838557475116,1.79838557475115,1.025));
#5679=CARTESIAN_POINT('Ctrl Pts',(1.0534698793131,2.54330127018922,1.075));
#5680=CARTESIAN_POINT('Ctrl Pts',(0.,2.54330127018922,1.125));
#5681=CARTESIAN_POINT('Ctrl Pts',(-1.0534698793131,2.54330127018922,1.175));
#5682=CARTESIAN_POINT('Ctrl Pts',(-1.79838557475116,1.79838557475116,1.225));
#5683=CARTESIAN_POINT('Ctrl Pts',(-2.54330127018923,1.05346987931309,1.275));
#5684=CARTESIAN_POINT('Ctrl Pts',(-2.54330127018923,-8.95717194856031E-15,
1.325));
#5685=CARTESIAN_POINT('Ctrl Pts',(-2.54330127018923,-1.05346987931311,1.375));
#5686=CARTESIAN_POINT('Ctrl Pts',(-1.79838557475116,-1.79838557475117,1.425));
#5687=CARTESIAN_POINT('Ctrl Pts',(-1.0534698793131,-2.54330127018924,1.475));
#5688=CARTESIAN_POINT('Ctrl Pts',(-3.11464575980464E-16,-2.54330127018924,
1.525));
#5689=CARTESIAN_POINT('Ctrl Pts',(1.0534698793131,-2.54330127018924,1.575));
#5690=CARTESIAN_POINT('Ctrl Pts',(1.79838557475116,-1.79838557475117,1.625));
#5691=CARTESIAN_POINT('Ctrl Pts',(2.54330127018923,-1.05346987931311,1.675));
#5692=CARTESIAN_POINT('Ctrl Pts',(2.54330127018923,-9.58010110052124E-15,
1.725));
#5693=CARTESIAN_POINT('Ctrl Pts',(2.54330127018923,1.05346987931309,1.775));
#5694=CARTESIAN_POINT('Ctrl Pts',(1.79838557475116,1.79838557475115,1.825));
#5695=CARTESIAN_POINT('Ctrl Pts',(1.0534698793131,2.54330127018922,1.875));
#5696=CARTESIAN_POINT('Ctrl Pts',(0.,2.54330127018922,1.925));
#5697=CARTESIAN_POINT('Ctrl Pts',(-1.0534698793131,2.54330127018922,1.975));
#5698=CARTESIAN_POINT('Ctrl Pts',(-1.79838557475116,1.79838557475116,2.025));
#5699=CARTESIAN_POINT('Ctrl Pts',(-2.54330127018923,1.05346987931309,2.075));
#5700=CARTESIAN_POINT('Ctrl Pts',(-2.54330127018923,-8.95717194856031E-15,
2.125));
#5701=CARTESIAN_POINT('Ctrl Pts',(-2.54330127018923,-1.05346987931311,2.175));
#5702=CARTESIAN_POINT('Ctrl Pts',(-1.79838557475116,-1.79838557475117,2.225));
#5703=CARTESIAN_POINT('Ctrl Pts',(-1.0534698793131,-2.54330127018924,2.275));
#5704=CARTESIAN_POINT('Ctrl Pts',(-3.11464575980464E-16,-2.54330127018924,
2.325));
#5705=CARTESIAN_POINT('Ctrl Pts',(1.0534698793131,-2.54330127018924,2.375));
#5706=CARTESIAN_POINT('Ctrl Pts',(1.79838557475116,-1.79838557475117,2.425));
#5707=CARTESIAN_POINT('Ctrl Pts',(2.54330127018923,-1.05346987931311,2.475));
#5708=CARTESIAN_POINT('Ctrl Pts',(2.54330127018923,-9.58010110052124E-15,
2.525));
#5709=CARTESIAN_POINT('Ctrl Pts',(2.54330127018923,1.05346987931309,2.575));
#5710=CARTESIAN_POINT('Ctrl Pts',(1.79838557475116,1.79838557475115,2.625));
#5711=CARTESIAN_POINT('Ctrl Pts',(1.0534698793131,2.54330127018922,2.675));
#5712=CARTESIAN_POINT('Ctrl Pts',(0.,2.54330127018922,2.725));
#5713=CARTESIAN_POINT('Ctrl Pts',(-1.0534698793131,2.54330127018922,2.775));
#5714=CARTESIAN_POINT('Ctrl Pts',(-1.79838557475116,1.79838557475116,2.825));
#5715=CARTESIAN_POINT('Ctrl Pts',(-2.54330127018923,1.05346987931309,2.875));
#5716=CARTESIAN_POINT('Ctrl Pts',(-2.54330127018923,-8.95717194856031E-15,
2.925));
#5717=CARTESIAN_POINT('Ctrl Pts',(-2.54330127018923,-1.05346987931311,2.975));
#5718=CARTESIAN_POINT('Ctrl Pts',(-1.79838557475116,-1.79838557475117,3.025));
#5719=CARTESIAN_POINT('Ctrl Pts',(-1.0534698793131,-2.54330127018924,3.075));
#5720=CARTESIAN_POINT('Ctrl Pts',(-3.11464575980464E-16,-2.54330127018924,
3.125));
#5721=CARTESIAN_POINT('Ctrl Pts',(1.0534698793131,-2.54330127018924,3.175));
#5722=CARTESIAN_POINT('Ctrl Pts',(1.79838557475116,-1.79838557475117,3.225));
#5723=CARTESIAN_POINT('Ctrl Pts',(2.54330127018923,-1.05346987931311,3.275));
#5724=CARTESIAN_POINT('Ctrl Pts',(2.54330127018923,-9.58010110052124E-15,
3.325));
#5725=CARTESIAN_POINT('Ctrl Pts',(2.54330127018923,1.05346987931309,3.375));
#5726=CARTESIAN_POINT('Ctrl Pts',(1.79838557475116,1.79838557475115,3.425));
#5727=CARTESIAN_POINT('Ctrl Pts',(1.0534698793131,2.54330127018922,3.475));
#5728=CARTESIAN_POINT('Ctrl Pts',(0.,2.54330127018922,3.525));
#5729=CARTESIAN_POINT('Ctrl Pts',(-1.0534698793131,2.54330127018922,3.575));
#5730=CARTESIAN_POINT('Ctrl Pts',(-1.79838557475116,1.79838557475116,3.625));
#5731=CARTESIAN_POINT('Ctrl Pts',(-2.54330127018923,1.05346987931309,3.675));
#5732=CARTESIAN_POINT('Ctrl Pts',(-2.54330127018923,-8.95717194856031E-15,
3.725));
#5733=CARTESIAN_POINT('Ctrl Pts',(-2.54330127018923,-1.05346987931311,3.775));
#5734=CARTESIAN_POINT('Ctrl Pts',(-1.79838557475116,-1.79838557475117,3.825));
#5735=CARTESIAN_POINT('Ctrl Pts',(-1.0534698793131,-2.54330127018924,3.875));
#5736=CARTESIAN_POINT('Ctrl Pts',(-3.11464575980464E-16,-2.54330127018924,
3.925));
#5737=CARTESIAN_POINT('Ctrl Pts',(1.0534698793131,-2.54330127018924,3.975));
#5738=CARTESIAN_POINT('Ctrl Pts',(1.79838557475116,-1.79838557475117,4.025));
#5739=CARTESIAN_POINT('Ctrl Pts',(2.54330127018923,-1.05346987931311,4.075));
#5740=CARTESIAN_POINT('Ctrl Pts',(2.54330127018923,-9.58010110052124E-15,
4.125));
#5741=CARTESIAN_POINT('Ctrl Pts',(2.54330127018923,1.05346987931309,4.175));
#5742=CARTESIAN_POINT('Ctrl Pts',(1.79838557475116,1.79838557475115,4.225));
#5743=CARTESIAN_POINT('Ctrl Pts',(1.0534698793131,2.54330127018922,4.275));
#5744=CARTESIAN_POINT('Ctrl Pts',(0.,2.54330127018922,4.325));
#5745=CARTESIAN_POINT('Ctrl Pts',(-1.0534698793131,2.54330127018922,4.375));
#5746=CARTESIAN_POINT('Ctrl Pts',(-1.79838557475116,1.79838557475116,4.425));
#5747=CARTESIAN_POINT('Ctrl Pts',(-2.54330127018923,1.05346987931309,4.475));
#5748=CARTESIAN_POINT('Ctrl Pts',(-2.54330127018923,-8.95717194856031E-15,
4.525));
#5749=CARTESIAN_POINT('Ctrl Pts',(-2.54330127018923,-1.05346987931311,4.575));
#5750=CARTESIAN_POINT('Ctrl Pts',(-1.79838557475116,-1.79838557475117,4.625));
#5751=CARTESIAN_POINT('Ctrl Pts',(-1.0534698793131,-2.54330127018924,4.675));
#5752=CARTESIAN_POINT('Ctrl Pts',(-3.11464575980464E-16,-2.54330127018924,
4.725));
#5753=CARTESIAN_POINT('Ctrl Pts',(1.0534698793131,-2.54330127018924,4.775));
#5754=CARTESIAN_POINT('Ctrl Pts',(1.79838557475116,-1.79838557475117,4.825));
#5755=CARTESIAN_POINT('Ctrl Pts',(2.54330127018923,-1.05346987931311,4.875));
#5756=CARTESIAN_POINT('Ctrl Pts',(2.54330127018923,-9.58010110052124E-15,
4.925));
#5757=CARTESIAN_POINT('Ctrl Pts',(2.54330127018923,1.05346987931309,4.975));
#5758=CARTESIAN_POINT('Ctrl Pts',(1.79838557475116,1.79838557475115,5.025));
#5759=CARTESIAN_POINT('Ctrl Pts',(1.0534698793131,2.54330127018922,5.075));
#5760=CARTESIAN_POINT('Ctrl Pts',(0.,2.54330127018922,5.125));
#5761=CARTESIAN_POINT('Ctrl Pts',(-1.0534698793131,2.54330127018922,5.175));
#5762=CARTESIAN_POINT('Ctrl Pts',(-1.79838557475116,1.79838557475116,5.225));
#5763=CARTESIAN_POINT('Ctrl Pts',(-2.54330127018923,1.05346987931309,5.275));
#5764=CARTESIAN_POINT('Ctrl Pts',(-2.54330127018923,-8.95717194856031E-15,
5.325));
#5765=CARTESIAN_POINT('Ctrl Pts',(-2.54330127018923,-1.05346987931311,5.375));
#5766=CARTESIAN_POINT('Ctrl Pts',(-1.79838557475116,-1.79838557475117,5.425));
#5767=CARTESIAN_POINT('Ctrl Pts',(-1.0534698793131,-2.54330127018924,5.475));
#5768=CARTESIAN_POINT('Ctrl Pts',(-3.11464575980464E-16,-2.54330127018924,
5.525));
#5769=CARTESIAN_POINT('Ctrl Pts',(1.0534698793131,-2.54330127018924,5.575));
#5770=CARTESIAN_POINT('Ctrl Pts',(1.79838557475116,-1.79838557475117,5.625));
#5771=CARTESIAN_POINT('Ctrl Pts',(2.54330127018923,-1.05346987931311,5.675));
#5772=CARTESIAN_POINT('Ctrl Pts',(2.54330127018923,-9.58010110052124E-15,
5.725));
#5773=CARTESIAN_POINT('Ctrl Pts',(2.54330127018923,1.05346987931309,5.775));
#5774=CARTESIAN_POINT('Ctrl Pts',(1.79838557475116,1.79838557475115,5.825));
#5775=CARTESIAN_POINT('Ctrl Pts',(1.0534698793131,2.54330127018922,5.875));
#5776=CARTESIAN_POINT('Ctrl Pts',(0.,2.54330127018922,5.925));
#5777=CARTESIAN_POINT('Ctrl Pts',(-1.0534698793131,2.54330127018922,5.975));
#5778=CARTESIAN_POINT('Ctrl Pts',(-1.79838557475116,1.79838557475116,6.025));
#5779=CARTESIAN_POINT('Ctrl Pts',(-2.54330127018923,1.05346987931309,6.075));
#5780=CARTESIAN_POINT('Ctrl Pts',(-2.54330127018923,-8.95717194856031E-15,
6.125));
#5781=CARTESIAN_POINT('Ctrl Pts',(-2.54330127018923,-1.05346987931311,6.175));
#5782=CARTESIAN_POINT('Ctrl Pts',(-1.79838557475116,-1.79838557475117,6.225));
#5783=CARTESIAN_POINT('Ctrl Pts',(-1.0534698793131,-2.54330127018924,6.275));
#5784=CARTESIAN_POINT('Ctrl Pts',(-3.11464575980464E-16,-2.54330127018924,
6.325));
#5785=CARTESIAN_POINT('Ctrl Pts',(1.0534698793131,-2.54330127018924,6.375));
#5786=CARTESIAN_POINT('Ctrl Pts',(1.79838557475116,-1.79838557475117,6.425));
#5787=CARTESIAN_POINT('Ctrl Pts',(2.54330127018923,-1.05346987931311,6.475));
#5788=CARTESIAN_POINT('Ctrl Pts',(2.54330127018923,-9.58010110052124E-15,
6.525));
#5789=CARTESIAN_POINT('Ctrl Pts',(2.54330127018923,1.05346987931309,6.575));
#5790=CARTESIAN_POINT('Ctrl Pts',(1.79838557475116,1.79838557475115,6.625));
#5791=CARTESIAN_POINT('Ctrl Pts',(1.0534698793131,2.54330127018922,6.675));
#5792=CARTESIAN_POINT('Ctrl Pts',(0.,2.54330127018922,6.725));
#5793=CARTESIAN_POINT('Ctrl Pts',(-1.0534698793131,2.54330127018922,6.775));
#5794=CARTESIAN_POINT('Ctrl Pts',(-1.79838557475116,1.79838557475116,6.825));
#5795=CARTESIAN_POINT('Ctrl Pts',(-2.54330127018923,1.05346987931309,6.875));
#5796=CARTESIAN_POINT('Ctrl Pts',(-2.54330127018923,-8.95717194856031E-15,
6.925));
#5797=CARTESIAN_POINT('Ctrl Pts',(-2.54330127018923,-1.05346987931311,6.975));
#5798=CARTESIAN_POINT('Ctrl Pts',(-1.79838557475116,-1.79838557475117,7.025));
#5799=CARTESIAN_POINT('Ctrl Pts',(-1.0534698793131,-2.54330127018924,7.075));
#5800=CARTESIAN_POINT('Ctrl Pts',(-3.11464575980464E-16,-2.54330127018924,
7.125));
#5801=CARTESIAN_POINT('Ctrl Pts',(1.0534698793131,-2.54330127018924,7.175));
#5802=CARTESIAN_POINT('Ctrl Pts',(1.79838557475116,-1.79838557475117,7.225));
#5803=CARTESIAN_POINT('Ctrl Pts',(2.54330127018923,-1.05346987931311,7.275));
#5804=CARTESIAN_POINT('Ctrl Pts',(2.54330127018923,-9.58010110052124E-15,
7.325));
#5805=CARTESIAN_POINT('Ctrl Pts',(2.54330127018923,1.05346987931309,7.375));
#5806=CARTESIAN_POINT('Ctrl Pts',(1.79838557475116,1.79838557475115,7.425));
#5807=CARTESIAN_POINT('Ctrl Pts',(1.0534698793131,2.54330127018922,7.475));
#5808=CARTESIAN_POINT('Ctrl Pts',(0.,2.54330127018922,7.525));
#5809=CARTESIAN_POINT('Ctrl Pts',(-1.0534698793131,2.54330127018922,7.575));
#5810=CARTESIAN_POINT('Ctrl Pts',(-1.79838557475116,1.79838557475116,7.625));
#5811=CARTESIAN_POINT('Ctrl Pts',(-2.54330127018923,1.05346987931309,7.675));
#5812=CARTESIAN_POINT('Ctrl Pts',(-2.54330127018923,-8.95717194856031E-15,
7.725));
#5813=CARTESIAN_POINT('Ctrl Pts',(-2.54330127018923,-1.05346987931311,7.775));
#5814=CARTESIAN_POINT('Ctrl Pts',(-1.79838557475116,-1.79838557475117,7.825));
#5815=CARTESIAN_POINT('Ctrl Pts',(-1.0534698793131,-2.54330127018924,7.875));
#5816=CARTESIAN_POINT('Ctrl Pts',(-3.11464575980464E-16,-2.54330127018924,
7.925));
#5817=CARTESIAN_POINT('Ctrl Pts',(1.0534698793131,-2.54330127018924,7.975));
#5818=CARTESIAN_POINT('Ctrl Pts',(1.79838557475116,-1.79838557475117,8.025));
#5819=CARTESIAN_POINT('Ctrl Pts',(2.54330127018923,-1.05346987931311,8.075));
#5820=CARTESIAN_POINT('Ctrl Pts',(2.54330127018923,-9.58010110052124E-15,
8.125));
#5821=CARTESIAN_POINT('Ctrl Pts',(2.54330127018923,1.05346987931309,8.175));
#5822=CARTESIAN_POINT('Ctrl Pts',(1.79838557475116,1.79838557475115,8.225));
#5823=CARTESIAN_POINT('Ctrl Pts',(1.0534698793131,2.54330127018922,8.275));
#5824=CARTESIAN_POINT('Ctrl Pts',(0.,2.54330127018922,8.325));
#5825=CARTESIAN_POINT('Ctrl Pts',(0.,1.98037829130233,-12.8000037333934));
#5826=CARTESIAN_POINT('Ctrl Pts',(-0.820299546886683,1.98037829130233,-12.7500037333934));
#5827=CARTESIAN_POINT('Ctrl Pts',(-1.40033891909451,1.4003389190945,-12.7000037333934));
#5828=CARTESIAN_POINT('Ctrl Pts',(-1.98037829130233,0.820299546886674,-12.6500037333934));
#5829=CARTESIAN_POINT('Ctrl Pts',(-1.98037829130233,-8.99164103977333E-15,
-12.6000037333934));
#5830=CARTESIAN_POINT('Ctrl Pts',(-1.98037829130233,-0.820299546886692,
-12.5500037333934));
#5831=CARTESIAN_POINT('Ctrl Pts',(-1.40033891909451,-1.40033891909452,-12.5000037333934));
#5832=CARTESIAN_POINT('Ctrl Pts',(-0.820299546886683,-1.98037829130234,
-12.4500037333934));
#5833=CARTESIAN_POINT('Ctrl Pts',(-2.42526393554431E-16,-1.98037829130234,
-12.4000037333934));
#5834=CARTESIAN_POINT('Ctrl Pts',(0.820299546886683,-1.98037829130234,-12.3500037333934));
#5835=CARTESIAN_POINT('Ctrl Pts',(1.40033891909451,-1.40033891909452,-12.3000037333934));
#5836=CARTESIAN_POINT('Ctrl Pts',(1.98037829130233,-0.820299546886693,-12.2500037333934));
#5837=CARTESIAN_POINT('Ctrl Pts',(1.98037829130233,-9.47669382688219E-15,
-12.2000037333934));
#5838=CARTESIAN_POINT('Ctrl Pts',(1.98037829130233,0.820299546886674,-12.1500037333934));
#5839=CARTESIAN_POINT('Ctrl Pts',(1.40033891909451,1.4003389190945,-12.1000037333934));
#5840=CARTESIAN_POINT('Ctrl Pts',(0.820299546886684,1.98037829130232,-12.0500037333934));
#5841=CARTESIAN_POINT('Ctrl Pts',(0.,1.98037829130233,-12.0000037333934));
#5842=CARTESIAN_POINT('Ctrl Pts',(-0.820299546886683,1.98037829130233,-11.9500037333934));
#5843=CARTESIAN_POINT('Ctrl Pts',(-1.40033891909451,1.4003389190945,-11.9000037333934));
#5844=CARTESIAN_POINT('Ctrl Pts',(-1.98037829130233,0.820299546886674,-11.8500037333934));
#5845=CARTESIAN_POINT('Ctrl Pts',(-1.98037829130233,-8.99164103977333E-15,
-11.8000037333934));
#5846=CARTESIAN_POINT('Ctrl Pts',(-1.98037829130233,-0.820299546886692,
-11.7500037333934));
#5847=CARTESIAN_POINT('Ctrl Pts',(-1.40033891909451,-1.40033891909452,-11.7000037333934));
#5848=CARTESIAN_POINT('Ctrl Pts',(-0.820299546886683,-1.98037829130234,
-11.6500037333934));
#5849=CARTESIAN_POINT('Ctrl Pts',(-2.42526393554431E-16,-1.98037829130234,
-11.6000037333934));
#5850=CARTESIAN_POINT('Ctrl Pts',(0.820299546886683,-1.98037829130234,-11.5500037333934));
#5851=CARTESIAN_POINT('Ctrl Pts',(1.40033891909451,-1.40033891909452,-11.5000037333934));
#5852=CARTESIAN_POINT('Ctrl Pts',(1.98037829130233,-0.820299546886693,-11.4500037333934));
#5853=CARTESIAN_POINT('Ctrl Pts',(1.98037829130233,-9.47669382688219E-15,
-11.4000037333934));
#5854=CARTESIAN_POINT('Ctrl Pts',(1.98037829130233,0.820299546886674,-11.3500037333934));
#5855=CARTESIAN_POINT('Ctrl Pts',(1.40033891909451,1.4003389190945,-11.3000037333934));
#5856=CARTESIAN_POINT('Ctrl Pts',(0.820299546886684,1.98037829130232,-11.2500037333934));
#5857=CARTESIAN_POINT('Ctrl Pts',(0.,1.98037829130233,-11.2000037333934));
#5858=CARTESIAN_POINT('Ctrl Pts',(-0.820299546886683,1.98037829130233,-11.1500037333934));
#5859=CARTESIAN_POINT('Ctrl Pts',(-1.40033891909451,1.4003389190945,-11.1000037333934));
#5860=CARTESIAN_POINT('Ctrl Pts',(-1.98037829130233,0.820299546886674,-11.0500037333934));
#5861=CARTESIAN_POINT('Ctrl Pts',(-1.98037829130233,-8.99164103977333E-15,
-11.0000037333934));
#5862=CARTESIAN_POINT('Ctrl Pts',(-1.98037829130233,-0.820299546886692,
-10.9500037333934));
#5863=CARTESIAN_POINT('Ctrl Pts',(-1.40033891909451,-1.40033891909452,-10.9000037333934));
#5864=CARTESIAN_POINT('Ctrl Pts',(-0.820299546886683,-1.98037829130234,
-10.8500037333934));
#5865=CARTESIAN_POINT('Ctrl Pts',(-2.42526393554431E-16,-1.98037829130234,
-10.8000037333934));
#5866=CARTESIAN_POINT('Ctrl Pts',(0.820299546886683,-1.98037829130234,-10.7500037333934));
#5867=CARTESIAN_POINT('Ctrl Pts',(1.40033891909451,-1.40033891909452,-10.7000037333934));
#5868=CARTESIAN_POINT('Ctrl Pts',(1.98037829130233,-0.820299546886693,-10.6500037333934));
#5869=CARTESIAN_POINT('Ctrl Pts',(1.98037829130233,-9.47669382688219E-15,
-10.6000037333934));
#5870=CARTESIAN_POINT('Ctrl Pts',(1.98037829130233,0.820299546886674,-10.5500037333934));
#5871=CARTESIAN_POINT('Ctrl Pts',(1.40033891909451,1.4003389190945,-10.5000037333934));
#5872=CARTESIAN_POINT('Ctrl Pts',(0.820299546886684,1.98037829130232,-10.4500037333934));
#5873=CARTESIAN_POINT('Ctrl Pts',(0.,1.98037829130233,-10.4000037333934));
#5874=CARTESIAN_POINT('Ctrl Pts',(-0.820299546886683,1.98037829130233,-10.3500037333934));
#5875=CARTESIAN_POINT('Ctrl Pts',(-1.40033891909451,1.4003389190945,-10.3000037333934));
#5876=CARTESIAN_POINT('Ctrl Pts',(-1.98037829130233,0.820299546886674,-10.2500037333934));
#5877=CARTESIAN_POINT('Ctrl Pts',(-1.98037829130233,-8.99164103977333E-15,
-10.2000037333934));
#5878=CARTESIAN_POINT('Ctrl Pts',(-1.98037829130233,-0.820299546886692,
-10.1500037333934));
#5879=CARTESIAN_POINT('Ctrl Pts',(-1.40033891909451,-1.40033891909452,-10.1000037333934));
#5880=CARTESIAN_POINT('Ctrl Pts',(-0.820299546886683,-1.98037829130234,
-10.0500037333934));
#5881=CARTESIAN_POINT('Ctrl Pts',(-2.42526393554431E-16,-1.98037829130234,
-10.0000037333934));
#5882=CARTESIAN_POINT('Ctrl Pts',(0.820299546886683,-1.98037829130234,-9.95000373339337));
#5883=CARTESIAN_POINT('Ctrl Pts',(1.40033891909451,-1.40033891909452,-9.90000373339337));
#5884=CARTESIAN_POINT('Ctrl Pts',(1.98037829130233,-0.820299546886693,-9.85000373339337));
#5885=CARTESIAN_POINT('Ctrl Pts',(1.98037829130233,-9.47669382688219E-15,
-9.80000373339337));
#5886=CARTESIAN_POINT('Ctrl Pts',(1.98037829130233,0.820299546886674,-9.75000373339337));
#5887=CARTESIAN_POINT('Ctrl Pts',(1.40033891909451,1.4003389190945,-9.70000373339337));
#5888=CARTESIAN_POINT('Ctrl Pts',(0.820299546886684,1.98037829130232,-9.65000373339338));
#5889=CARTESIAN_POINT('Ctrl Pts',(0.,1.98037829130233,-9.60000373339338));
#5890=CARTESIAN_POINT('Ctrl Pts',(-0.820299546886683,1.98037829130233,-9.55000373339338));
#5891=CARTESIAN_POINT('Ctrl Pts',(-1.40033891909451,1.4003389190945,-9.50000373339337));
#5892=CARTESIAN_POINT('Ctrl Pts',(-1.98037829130233,0.820299546886674,-9.45000373339337));
#5893=CARTESIAN_POINT('Ctrl Pts',(-1.98037829130233,-8.99164103977333E-15,
-9.40000373339337));
#5894=CARTESIAN_POINT('Ctrl Pts',(-1.98037829130233,-0.820299546886692,
-9.35000373339338));
#5895=CARTESIAN_POINT('Ctrl Pts',(-1.40033891909451,-1.40033891909452,-9.30000373339337));
#5896=CARTESIAN_POINT('Ctrl Pts',(-0.820299546886683,-1.98037829130234,
-9.25000373339338));
#5897=CARTESIAN_POINT('Ctrl Pts',(-2.42526393554431E-16,-1.98037829130234,
-9.20000373339337));
#5898=CARTESIAN_POINT('Ctrl Pts',(0.820299546886683,-1.98037829130234,-9.15000373339337));
#5899=CARTESIAN_POINT('Ctrl Pts',(1.40033891909451,-1.40033891909452,-9.10000373339337));
#5900=CARTESIAN_POINT('Ctrl Pts',(1.98037829130233,-0.820299546886693,-9.05000373339337));
#5901=CARTESIAN_POINT('Ctrl Pts',(1.98037829130233,-9.47669382688219E-15,
-9.00000373339337));
#5902=CARTESIAN_POINT('Ctrl Pts',(1.98037829130233,0.820299546886674,-8.95000373339338));
#5903=CARTESIAN_POINT('Ctrl Pts',(1.40033891909451,1.4003389190945,-8.90000373339337));
#5904=CARTESIAN_POINT('Ctrl Pts',(0.820299546886684,1.98037829130232,-8.85000373339337));
#5905=CARTESIAN_POINT('Ctrl Pts',(0.,1.98037829130233,-8.80000373339337));
#5906=CARTESIAN_POINT('Ctrl Pts',(-0.820299546886683,1.98037829130233,-8.75000373339337));
#5907=CARTESIAN_POINT('Ctrl Pts',(-1.40033891909451,1.4003389190945,-8.70000373339338));
#5908=CARTESIAN_POINT('Ctrl Pts',(-1.98037829130233,0.820299546886674,-8.65000373339337));
#5909=CARTESIAN_POINT('Ctrl Pts',(-1.98037829130233,-8.99164103977333E-15,
-8.60000373339337));
#5910=CARTESIAN_POINT('Ctrl Pts',(-1.98037829130233,-0.820299546886692,
-8.55000373339337));
#5911=CARTESIAN_POINT('Ctrl Pts',(-1.40033891909451,-1.40033891909452,-8.50000373339337));
#5912=CARTESIAN_POINT('Ctrl Pts',(-0.820299546886683,-1.98037829130234,
-8.45000373339337));
#5913=CARTESIAN_POINT('Ctrl Pts',(-2.42526393554431E-16,-1.98037829130234,
-8.40000373339337));
#5914=CARTESIAN_POINT('Ctrl Pts',(0.820299546886683,-1.98037829130234,-8.35000373339338));
#5915=CARTESIAN_POINT('Ctrl Pts',(1.40033891909451,-1.40033891909452,-8.30000373339337));
#5916=CARTESIAN_POINT('Ctrl Pts',(1.98037829130233,-0.820299546886693,-8.25000373339338));
#5917=CARTESIAN_POINT('Ctrl Pts',(1.98037829130233,-9.47669382688219E-15,
-8.20000373339337));
#5918=CARTESIAN_POINT('Ctrl Pts',(1.98037829130233,0.820299546886674,-8.15000373339337));
#5919=CARTESIAN_POINT('Ctrl Pts',(1.40033891909451,1.4003389190945,-8.10000373339338));
#5920=CARTESIAN_POINT('Ctrl Pts',(0.820299546886684,1.98037829130232,-8.05000373339337));
#5921=CARTESIAN_POINT('Ctrl Pts',(0.,1.98037829130233,-8.00000373339337));
#5922=CARTESIAN_POINT('Ctrl Pts',(-0.820299546886683,1.98037829130233,-7.95000373339338));
#5923=CARTESIAN_POINT('Ctrl Pts',(-1.40033891909451,1.4003389190945,-7.90000373339337));
#5924=CARTESIAN_POINT('Ctrl Pts',(-1.98037829130233,0.820299546886674,-7.85000373339337));
#5925=CARTESIAN_POINT('Ctrl Pts',(-1.98037829130233,-8.99164103977333E-15,
-7.80000373339337));
#5926=CARTESIAN_POINT('Ctrl Pts',(-1.98037829130233,-0.820299546886692,
-7.75000373339337));
#5927=CARTESIAN_POINT('Ctrl Pts',(-1.40033891909451,-1.40033891909452,-7.70000373339337));
#5928=CARTESIAN_POINT('Ctrl Pts',(-0.820299546886683,-1.98037829130234,
-7.65000373339337));
#5929=CARTESIAN_POINT('Ctrl Pts',(-2.42526393554431E-16,-1.98037829130234,
-7.60000373339337));
#5930=CARTESIAN_POINT('Ctrl Pts',(0.820299546886683,-1.98037829130234,-7.55000373339338));
#5931=CARTESIAN_POINT('Ctrl Pts',(1.40033891909451,-1.40033891909452,-7.50000373339338));
#5932=CARTESIAN_POINT('Ctrl Pts',(1.98037829130233,-0.820299546886693,-7.45000373339337));
#5933=CARTESIAN_POINT('Ctrl Pts',(1.98037829130233,-9.47669382688219E-15,
-7.40000373339337));
#5934=CARTESIAN_POINT('Ctrl Pts',(1.98037829130233,0.820299546886674,-7.35000373339337));
#5935=CARTESIAN_POINT('Ctrl Pts',(1.40033891909451,1.4003389190945,-7.30000373339337));
#5936=CARTESIAN_POINT('Ctrl Pts',(0.820299546886684,1.98037829130232,-7.25000373339338));
#5937=CARTESIAN_POINT('Ctrl Pts',(0.,1.98037829130233,-7.20000373339337));
#5938=CARTESIAN_POINT('Ctrl Pts',(-0.820299546886683,1.98037829130233,-7.15000373339338));
#5939=CARTESIAN_POINT('Ctrl Pts',(-1.40033891909451,1.4003389190945,-7.10000373339337));
#5940=CARTESIAN_POINT('Ctrl Pts',(-1.98037829130233,0.820299546886674,-7.05000373339337));
#5941=CARTESIAN_POINT('Ctrl Pts',(-1.98037829130233,-8.99164103977333E-15,
-7.00000373339337));
#5942=CARTESIAN_POINT('Ctrl Pts',(-1.98037829130233,-0.820299546886692,
-6.95000373339337));
#5943=CARTESIAN_POINT('Ctrl Pts',(-1.40033891909451,-1.40033891909452,-6.90000373339337));
#5944=CARTESIAN_POINT('Ctrl Pts',(-0.820299546886683,-1.98037829130234,
-6.85000373339337));
#5945=CARTESIAN_POINT('Ctrl Pts',(-2.42526393554431E-16,-1.98037829130234,
-6.80000373339337));
#5946=CARTESIAN_POINT('Ctrl Pts',(0.820299546886683,-1.98037829130234,-6.75000373339337));
#5947=CARTESIAN_POINT('Ctrl Pts',(1.40033891909451,-1.40033891909452,-6.70000373339337));
#5948=CARTESIAN_POINT('Ctrl Pts',(1.98037829130233,-0.820299546886693,-6.65000373339337));
#5949=CARTESIAN_POINT('Ctrl Pts',(1.98037829130233,-9.47669382688219E-15,
-6.60000373339337));
#5950=CARTESIAN_POINT('Ctrl Pts',(1.98037829130233,0.820299546886674,-6.55000373339337));
#5951=CARTESIAN_POINT('Ctrl Pts',(1.40033891909451,1.4003389190945,-6.50000373339338));
#5952=CARTESIAN_POINT('Ctrl Pts',(0.820299546886684,1.98037829130232,-6.45000373339338));
#5953=CARTESIAN_POINT('Ctrl Pts',(0.,1.98037829130233,-6.40000373339337));
#5954=CARTESIAN_POINT('Ctrl Pts',(-0.820299546886683,1.98037829130233,-6.35000373339337));
#5955=CARTESIAN_POINT('Ctrl Pts',(-1.40033891909451,1.4003389190945,-6.30000373339337));
#5956=CARTESIAN_POINT('Ctrl Pts',(-1.98037829130233,0.820299546886674,-6.25000373339337));
#5957=CARTESIAN_POINT('Ctrl Pts',(-1.98037829130233,-8.99164103977333E-15,
-6.20000373339337));
#5958=CARTESIAN_POINT('Ctrl Pts',(-1.98037829130233,-0.820299546886692,
-6.15000373339337));
#5959=CARTESIAN_POINT('Ctrl Pts',(-1.40033891909451,-1.40033891909452,-6.10000373339337));
#5960=CARTESIAN_POINT('Ctrl Pts',(-0.820299546886683,-1.98037829130234,
-6.05000373339337));
#5961=CARTESIAN_POINT('Ctrl Pts',(-2.42526393554431E-16,-1.98037829130234,
-6.00000373339337));
#5962=CARTESIAN_POINT('Ctrl Pts',(0.820299546886683,-1.98037829130234,-5.95000373339337));
#5963=CARTESIAN_POINT('Ctrl Pts',(1.40033891909451,-1.40033891909452,-5.90000373339337));
#5964=CARTESIAN_POINT('Ctrl Pts',(1.98037829130233,-0.820299546886693,-5.85000373339338));
#5965=CARTESIAN_POINT('Ctrl Pts',(1.98037829130233,-9.47669382688219E-15,
-5.80000373339337));
#5966=CARTESIAN_POINT('Ctrl Pts',(1.98037829130233,0.820299546886674,-5.75000373339337));
#5967=CARTESIAN_POINT('Ctrl Pts',(1.40033891909451,1.4003389190945,-5.70000373339337));
#5968=CARTESIAN_POINT('Ctrl Pts',(0.820299546886684,1.98037829130232,-5.65000373339337));
#5969=CARTESIAN_POINT('Ctrl Pts',(0.,1.98037829130233,-5.60000373339337));
#5970=CARTESIAN_POINT('Ctrl Pts',(-0.820299546886683,1.98037829130233,-5.55000373339337));
#5971=CARTESIAN_POINT('Ctrl Pts',(-1.40033891909451,1.4003389190945,-5.50000373339337));
#5972=CARTESIAN_POINT('Ctrl Pts',(-1.98037829130233,0.820299546886674,-5.45000373339337));
#5973=CARTESIAN_POINT('Ctrl Pts',(-1.98037829130233,-8.99164103977333E-15,
-5.40000373339337));
#5974=CARTESIAN_POINT('Ctrl Pts',(-1.98037829130233,-0.820299546886692,
-5.35000373339337));
#5975=CARTESIAN_POINT('Ctrl Pts',(-1.40033891909451,-1.40033891909452,-5.30000373339337));
#5976=CARTESIAN_POINT('Ctrl Pts',(-0.820299546886683,-1.98037829130234,
-5.25000373339337));
#5977=CARTESIAN_POINT('Ctrl Pts',(-2.42526393554431E-16,-1.98037829130234,
-5.20000373339337));
#5978=CARTESIAN_POINT('Ctrl Pts',(0.820299546886683,-1.98037829130234,-5.15000373339337));
#5979=CARTESIAN_POINT('Ctrl Pts',(1.40033891909451,-1.40033891909452,-5.10000373339337));
#5980=CARTESIAN_POINT('Ctrl Pts',(1.98037829130233,-0.820299546886693,-5.05000373339337));
#5981=CARTESIAN_POINT('Ctrl Pts',(1.98037829130233,-9.47669382688219E-15,
-5.00000373339337));
#5982=CARTESIAN_POINT('Ctrl Pts',(1.98037829130233,0.820299546886674,-4.95000373339337));
#5983=CARTESIAN_POINT('Ctrl Pts',(1.40033891909451,1.4003389190945,-4.90000373339337));
#5984=CARTESIAN_POINT('Ctrl Pts',(0.820299546886684,1.98037829130232,-4.85000373339337));
#5985=CARTESIAN_POINT('Ctrl Pts',(0.,1.98037829130233,-4.80000373339337));
#5986=CARTESIAN_POINT('Ctrl Pts',(-0.820299546886683,1.98037829130233,-4.75000373339337));
#5987=CARTESIAN_POINT('Ctrl Pts',(-1.40033891909451,1.4003389190945,-4.70000373339338));
#5988=CARTESIAN_POINT('Ctrl Pts',(-1.98037829130233,0.820299546886674,-4.65000373339337));
#5989=CARTESIAN_POINT('Ctrl Pts',(-1.98037829130233,-8.99164103977333E-15,
-4.60000373339337));
#5990=CARTESIAN_POINT('Ctrl Pts',(-1.98037829130233,-0.820299546886692,
-4.55000373339337));
#5991=CARTESIAN_POINT('Ctrl Pts',(-1.40033891909451,-1.40033891909452,-4.50000373339337));
#5992=CARTESIAN_POINT('Ctrl Pts',(-0.820299546886683,-1.98037829130234,
-4.45000373339337));
#5993=CARTESIAN_POINT('Ctrl Pts',(-2.42526393554431E-16,-1.98037829130234,
-4.40000373339337));
#5994=CARTESIAN_POINT('Ctrl Pts',(0.820299546886683,-1.98037829130234,-4.35000373339337));
#5995=CARTESIAN_POINT('Ctrl Pts',(1.40033891909451,-1.40033891909452,-4.30000373339337));
#5996=CARTESIAN_POINT('Ctrl Pts',(1.98037829130233,-0.820299546886693,-4.25000373339337));
#5997=CARTESIAN_POINT('Ctrl Pts',(1.98037829130233,-9.47669382688219E-15,
-4.20000373339337));
#5998=CARTESIAN_POINT('Ctrl Pts',(1.98037829130233,0.820299546886674,-4.15000373339337));
#5999=CARTESIAN_POINT('Ctrl Pts',(1.40033891909451,1.4003389190945,-4.10000373339337));
#6000=CARTESIAN_POINT('Ctrl Pts',(0.820299546886684,1.98037829130232,-4.05000373339337));
#6001=CARTESIAN_POINT('Ctrl Pts',(0.,1.98037829130233,-4.00000373339337));
#6002=CARTESIAN_POINT('Ctrl Pts',(-0.820299546886683,1.98037829130233,-3.95000373339337));
#6003=CARTESIAN_POINT('Ctrl Pts',(-1.40033891909451,1.4003389190945,-3.90000373339337));
#6004=CARTESIAN_POINT('Ctrl Pts',(-1.98037829130233,0.820299546886674,-3.85000373339337));
#6005=CARTESIAN_POINT('Ctrl Pts',(-1.98037829130233,-8.99164103977333E-15,
-3.80000373339337));
#6006=CARTESIAN_POINT('Ctrl Pts',(-1.98037829130233,-0.820299546886692,
-3.75000373339337));
#6007=CARTESIAN_POINT('Ctrl Pts',(-1.40033891909451,-1.40033891909452,-3.70000373339337));
#6008=CARTESIAN_POINT('Ctrl Pts',(-0.820299546886683,-1.98037829130234,
-3.65000373339337));
#6009=CARTESIAN_POINT('Ctrl Pts',(-2.42526393554431E-16,-1.98037829130234,
-3.60000373339337));
#6010=CARTESIAN_POINT('Ctrl Pts',(0.820299546886683,-1.98037829130234,-3.55000373339337));
#6011=CARTESIAN_POINT('Ctrl Pts',(1.40033891909451,-1.40033891909452,-3.50000373339337));
#6012=CARTESIAN_POINT('Ctrl Pts',(1.98037829130233,-0.820299546886693,-3.45000373339337));
#6013=CARTESIAN_POINT('Ctrl Pts',(1.98037829130233,-9.47669382688219E-15,
-3.40000373339337));
#6014=CARTESIAN_POINT('Ctrl Pts',(1.98037829130233,0.820299546886674,-3.35000373339337));
#6015=CARTESIAN_POINT('Ctrl Pts',(1.40033891909451,1.4003389190945,-3.30000373339337));
#6016=CARTESIAN_POINT('Ctrl Pts',(0.820299546886684,1.98037829130232,-3.25000373339337));
#6017=CARTESIAN_POINT('Ctrl Pts',(0.,1.98037829130233,-3.20000373339337));
#6018=CARTESIAN_POINT('Ctrl Pts',(-0.820299546886683,1.98037829130233,-3.15000373339337));
#6019=CARTESIAN_POINT('Ctrl Pts',(-1.40033891909451,1.4003389190945,-3.10000373339337));
#6020=CARTESIAN_POINT('Ctrl Pts',(-1.98037829130233,0.820299546886674,-3.05000373339337));
#6021=CARTESIAN_POINT('Ctrl Pts',(-1.98037829130233,-8.99164103977333E-15,
-3.00000373339337));
#6022=CARTESIAN_POINT('Ctrl Pts',(-1.98037829130233,-0.820299546886692,
-2.95000373339337));
#6023=CARTESIAN_POINT('Ctrl Pts',(-1.40033891909451,-1.40033891909452,-2.90000373339337));
#6024=CARTESIAN_POINT('Ctrl Pts',(-0.820299546886683,-1.98037829130234,
-2.85000373339337));
#6025=CARTESIAN_POINT('Ctrl Pts',(-2.42526393554431E-16,-1.98037829130234,
-2.80000373339337));
#6026=CARTESIAN_POINT('Ctrl Pts',(0.820299546886683,-1.98037829130234,-2.75000373339337));
#6027=CARTESIAN_POINT('Ctrl Pts',(1.40033891909451,-1.40033891909452,-2.70000373339337));
#6028=CARTESIAN_POINT('Ctrl Pts',(1.98037829130233,-0.820299546886693,-2.65000373339337));
#6029=CARTESIAN_POINT('Ctrl Pts',(1.98037829130233,-9.47669382688219E-15,
-2.60000373339337));
#6030=CARTESIAN_POINT('Ctrl Pts',(1.98037829130233,0.820299546886674,-2.55000373339337));
#6031=CARTESIAN_POINT('Ctrl Pts',(1.40033891909451,1.4003389190945,-2.50000373339337));
#6032=CARTESIAN_POINT('Ctrl Pts',(0.820299546886684,1.98037829130232,-2.45000373339338));
#6033=CARTESIAN_POINT('Ctrl Pts',(0.,1.98037829130233,-2.40000373339337));
#6034=CARTESIAN_POINT('Ctrl Pts',(-0.820299546886683,1.98037829130233,-2.35000373339337));
#6035=CARTESIAN_POINT('Ctrl Pts',(-1.40033891909451,1.4003389190945,-2.30000373339337));
#6036=CARTESIAN_POINT('Ctrl Pts',(-1.98037829130233,0.820299546886674,-2.25000373339337));
#6037=CARTESIAN_POINT('Ctrl Pts',(-1.98037829130233,-8.99164103977333E-15,
-2.20000373339337));
#6038=CARTESIAN_POINT('Ctrl Pts',(-1.98037829130233,-0.820299546886692,
-2.15000373339337));
#6039=CARTESIAN_POINT('Ctrl Pts',(-1.40033891909451,-1.40033891909452,-2.10000373339337));
#6040=CARTESIAN_POINT('Ctrl Pts',(-0.820299546886683,-1.98037829130234,
-2.05000373339337));
#6041=CARTESIAN_POINT('Ctrl Pts',(-2.42526393554431E-16,-1.98037829130234,
-2.00000373339337));
#6042=CARTESIAN_POINT('Ctrl Pts',(0.820299546886683,-1.98037829130234,-1.95000373339337));
#6043=CARTESIAN_POINT('Ctrl Pts',(1.40033891909451,-1.40033891909452,-1.90000373339337));
#6044=CARTESIAN_POINT('Ctrl Pts',(1.98037829130233,-0.820299546886693,-1.85000373339337));
#6045=CARTESIAN_POINT('Ctrl Pts',(1.98037829130233,-9.47669382688219E-15,
-1.80000373339337));
#6046=CARTESIAN_POINT('Ctrl Pts',(1.98037829130233,0.820299546886674,-1.75000373339337));
#6047=CARTESIAN_POINT('Ctrl Pts',(1.40033891909451,1.4003389190945,-1.70000373339337));
#6048=CARTESIAN_POINT('Ctrl Pts',(0.820299546886684,1.98037829130232,-1.65000373339337));
#6049=CARTESIAN_POINT('Ctrl Pts',(0.,1.98037829130233,-1.60000373339337));
#6050=CARTESIAN_POINT('Ctrl Pts',(-0.820299546886683,1.98037829130233,-1.55000373339337));
#6051=CARTESIAN_POINT('Ctrl Pts',(-1.40033891909451,1.4003389190945,-1.50000373339337));
#6052=CARTESIAN_POINT('Ctrl Pts',(-1.98037829130233,0.820299546886674,-1.45000373339337));
#6053=CARTESIAN_POINT('Ctrl Pts',(-1.98037829130233,-8.99164103977333E-15,
-1.40000373339337));
#6054=CARTESIAN_POINT('Ctrl Pts',(-1.98037829130233,-0.820299546886692,
-1.35000373339337));
#6055=CARTESIAN_POINT('Ctrl Pts',(-1.40033891909451,-1.40033891909452,-1.30000373339337));
#6056=CARTESIAN_POINT('Ctrl Pts',(-0.820299546886683,-1.98037829130234,
-1.25000373339337));
#6057=CARTESIAN_POINT('Ctrl Pts',(-2.42526393554431E-16,-1.98037829130234,
-1.20000373339337));
#6058=CARTESIAN_POINT('Ctrl Pts',(0.820299546886683,-1.98037829130234,-1.15000373339337));
#6059=CARTESIAN_POINT('Ctrl Pts',(1.40033891909451,-1.40033891909452,-1.10000373339337));
#6060=CARTESIAN_POINT('Ctrl Pts',(1.98037829130233,-0.820299546886693,-1.05000373339337));
#6061=CARTESIAN_POINT('Ctrl Pts',(1.98037829130233,-9.47669382688219E-15,
-1.00000373339337));
#6062=CARTESIAN_POINT('Ctrl Pts',(1.98037829130233,0.820299546886674,-0.950003733393373));
#6063=CARTESIAN_POINT('Ctrl Pts',(1.40033891909451,1.4003389190945,-0.900003733393373));
#6064=CARTESIAN_POINT('Ctrl Pts',(0.820299546886684,1.98037829130232,-0.850003733393373));
#6065=CARTESIAN_POINT('Ctrl Pts',(0.,1.98037829130233,-0.800003733393373));
#6066=CARTESIAN_POINT('Ctrl Pts',(-0.820299546886683,1.98037829130233,-0.750003733393374));
#6067=CARTESIAN_POINT('Ctrl Pts',(-1.40033891909451,1.4003389190945,-0.700003733393372));
#6068=CARTESIAN_POINT('Ctrl Pts',(-1.98037829130233,0.820299546886674,-0.650003733393373));
#6069=CARTESIAN_POINT('Ctrl Pts',(-1.98037829130233,-8.99164103977333E-15,
-0.600003733393373));
#6070=CARTESIAN_POINT('Ctrl Pts',(-1.98037829130233,-0.820299546886692,
-0.550003733393373));
#6071=CARTESIAN_POINT('Ctrl Pts',(-1.40033891909451,-1.40033891909452,-0.500003733393374));
#6072=CARTESIAN_POINT('Ctrl Pts',(-0.820299546886683,-1.98037829130234,
-0.450003733393374));
#6073=CARTESIAN_POINT('Ctrl Pts',(-2.42526393554431E-16,-1.98037829130234,
-0.400003733393372));
#6074=CARTESIAN_POINT('Ctrl Pts',(0.820299546886683,-1.98037829130234,-0.350003733393373));
#6075=CARTESIAN_POINT('Ctrl Pts',(1.40033891909451,-1.40033891909452,-0.300003733393373));
#6076=CARTESIAN_POINT('Ctrl Pts',(1.98037829130233,-0.820299546886693,-0.250003733393373));
#6077=CARTESIAN_POINT('Ctrl Pts',(1.98037829130233,-9.47669382688219E-15,
-0.200003733393374));
#6078=CARTESIAN_POINT('Ctrl Pts',(1.98037829130233,0.820299546886674,-0.150003733393374));
#6079=CARTESIAN_POINT('Ctrl Pts',(1.40033891909451,1.4003389190945,-0.100003733393373));
#6080=CARTESIAN_POINT('Ctrl Pts',(0.820299546886684,1.98037829130232,-0.0500037333933728));
#6081=CARTESIAN_POINT('Ctrl Pts',(0.,1.98037829130233,-3.73339337311487E-6));
#6082=CARTESIAN_POINT('Ctrl Pts',(-0.820299546886683,1.98037829130233,0.0499962666066266));
#6083=CARTESIAN_POINT('Ctrl Pts',(-1.40033891909451,1.4003389190945,0.0999962666066263));
#6084=CARTESIAN_POINT('Ctrl Pts',(-1.98037829130233,0.820299546886674,0.149996266606628));
#6085=CARTESIAN_POINT('Ctrl Pts',(-1.98037829130233,-8.99164103977333E-15,
0.199996266606627));
#6086=CARTESIAN_POINT('Ctrl Pts',(-1.98037829130233,-0.820299546886692,
0.249996266606627));
#6087=CARTESIAN_POINT('Ctrl Pts',(-1.40033891909451,-1.40033891909452,0.299996266606627));
#6088=CARTESIAN_POINT('Ctrl Pts',(-0.820299546886683,-1.98037829130234,
0.349996266606626));
#6089=CARTESIAN_POINT('Ctrl Pts',(-2.42526393554431E-16,-1.98037829130234,
0.399996266606626));
#6090=CARTESIAN_POINT('Ctrl Pts',(0.820299546886683,-1.98037829130234,0.449996266606628));
#6091=CARTESIAN_POINT('Ctrl Pts',(1.40033891909451,-1.40033891909452,0.499996266606627));
#6092=CARTESIAN_POINT('Ctrl Pts',(1.98037829130233,-0.820299546886693,0.549996266606627));
#6093=CARTESIAN_POINT('Ctrl Pts',(1.98037829130233,-9.47669382688219E-15,
0.599996266606627));
#6094=CARTESIAN_POINT('Ctrl Pts',(1.98037829130233,0.820299546886674,0.649996266606626));
#6095=CARTESIAN_POINT('Ctrl Pts',(1.40033891909451,1.4003389190945,0.699996266606626));
#6096=CARTESIAN_POINT('Ctrl Pts',(0.820299546886684,1.98037829130232,0.749996266606627));
#6097=CARTESIAN_POINT('Ctrl Pts',(0.,1.98037829130233,0.799996266606627));
#6098=CARTESIAN_POINT('Ctrl Pts',(-0.820299546886683,1.98037829130233,0.849996266606627));
#6099=CARTESIAN_POINT('Ctrl Pts',(-1.40033891909451,1.4003389190945,0.899996266606627));
#6100=CARTESIAN_POINT('Ctrl Pts',(-1.98037829130233,0.820299546886674,0.949996266606627));
#6101=CARTESIAN_POINT('Ctrl Pts',(-1.98037829130233,-8.99164103977333E-15,
0.999996266606628));
#6102=CARTESIAN_POINT('Ctrl Pts',(-1.98037829130233,-0.820299546886692,
1.04999626660663));
#6103=CARTESIAN_POINT('Ctrl Pts',(-1.40033891909451,-1.40033891909452,1.09999626660663));
#6104=CARTESIAN_POINT('Ctrl Pts',(-0.820299546886683,-1.98037829130234,
1.14999626660663));
#6105=CARTESIAN_POINT('Ctrl Pts',(-2.42526393554431E-16,-1.98037829130234,
1.19999626660663));
#6106=CARTESIAN_POINT('Ctrl Pts',(0.820299546886683,-1.98037829130234,1.24999626660663));
#6107=CARTESIAN_POINT('Ctrl Pts',(1.40033891909451,-1.40033891909452,1.29999626660663));
#6108=CARTESIAN_POINT('Ctrl Pts',(1.98037829130233,-0.820299546886693,1.34999626660663));
#6109=CARTESIAN_POINT('Ctrl Pts',(1.98037829130233,-9.47669382688219E-15,
1.39999626660663));
#6110=CARTESIAN_POINT('Ctrl Pts',(1.98037829130233,0.820299546886674,1.44999626660663));
#6111=CARTESIAN_POINT('Ctrl Pts',(1.40033891909451,1.4003389190945,1.49999626660663));
#6112=CARTESIAN_POINT('Ctrl Pts',(0.820299546886684,1.98037829130232,1.54999626660663));
#6113=CARTESIAN_POINT('Ctrl Pts',(0.,1.98037829130233,1.59999626660663));
#6114=CARTESIAN_POINT('Ctrl Pts',(-0.820299546886683,1.98037829130233,1.64999626660663));
#6115=CARTESIAN_POINT('Ctrl Pts',(-1.40033891909451,1.4003389190945,1.69999626660663));
#6116=CARTESIAN_POINT('Ctrl Pts',(-1.98037829130233,0.820299546886674,1.74999626660663));
#6117=CARTESIAN_POINT('Ctrl Pts',(-1.98037829130233,-8.99164103977333E-15,
1.79999626660663));
#6118=CARTESIAN_POINT('Ctrl Pts',(-1.98037829130233,-0.820299546886692,
1.84999626660663));
#6119=CARTESIAN_POINT('Ctrl Pts',(-1.40033891909451,-1.40033891909452,1.89999626660663));
#6120=CARTESIAN_POINT('Ctrl Pts',(-0.820299546886683,-1.98037829130234,
1.94999626660663));
#6121=CARTESIAN_POINT('Ctrl Pts',(-2.42526393554431E-16,-1.98037829130234,
1.99999626660663));
#6122=CARTESIAN_POINT('Ctrl Pts',(0.820299546886683,-1.98037829130234,2.04999626660663));
#6123=CARTESIAN_POINT('Ctrl Pts',(1.40033891909451,-1.40033891909452,2.09999626660663));
#6124=CARTESIAN_POINT('Ctrl Pts',(1.98037829130233,-0.820299546886693,2.14999626660663));
#6125=CARTESIAN_POINT('Ctrl Pts',(1.98037829130233,-9.47669382688219E-15,
2.19999626660663));
#6126=CARTESIAN_POINT('Ctrl Pts',(1.98037829130233,0.820299546886674,2.24999626660663));
#6127=CARTESIAN_POINT('Ctrl Pts',(1.40033891909451,1.4003389190945,2.29999626660663));
#6128=CARTESIAN_POINT('Ctrl Pts',(0.820299546886684,1.98037829130232,2.34999626660663));
#6129=CARTESIAN_POINT('Ctrl Pts',(0.,1.98037829130233,2.39999626660663));
#6130=CARTESIAN_POINT('Ctrl Pts',(-0.820299546886683,1.98037829130233,2.44999626660663));
#6131=CARTESIAN_POINT('Ctrl Pts',(-1.40033891909451,1.4003389190945,2.49999626660663));
#6132=CARTESIAN_POINT('Ctrl Pts',(-1.98037829130233,0.820299546886674,2.54999626660663));
#6133=CARTESIAN_POINT('Ctrl Pts',(-1.98037829130233,-8.99164103977333E-15,
2.59999626660663));
#6134=CARTESIAN_POINT('Ctrl Pts',(-1.98037829130233,-0.820299546886692,
2.64999626660663));
#6135=CARTESIAN_POINT('Ctrl Pts',(-1.40033891909451,-1.40033891909452,2.69999626660663));
#6136=CARTESIAN_POINT('Ctrl Pts',(-0.820299546886683,-1.98037829130234,
2.74999626660663));
#6137=CARTESIAN_POINT('Ctrl Pts',(-2.42526393554431E-16,-1.98037829130234,
2.79999626660663));
#6138=CARTESIAN_POINT('Ctrl Pts',(0.820299546886683,-1.98037829130234,2.84999626660663));
#6139=CARTESIAN_POINT('Ctrl Pts',(1.40033891909451,-1.40033891909452,2.89999626660663));
#6140=CARTESIAN_POINT('Ctrl Pts',(1.98037829130233,-0.820299546886693,2.94999626660663));
#6141=CARTESIAN_POINT('Ctrl Pts',(1.98037829130233,-9.47669382688219E-15,
2.99999626660663));
#6142=CARTESIAN_POINT('Ctrl Pts',(1.98037829130233,0.820299546886674,3.04999626660663));
#6143=CARTESIAN_POINT('Ctrl Pts',(1.40033891909451,1.4003389190945,3.09999626660663));
#6144=CARTESIAN_POINT('Ctrl Pts',(0.820299546886684,1.98037829130232,3.14999626660663));
#6145=CARTESIAN_POINT('Ctrl Pts',(0.,1.98037829130233,3.19999626660663));
#6146=CARTESIAN_POINT('Ctrl Pts',(-0.820299546886683,1.98037829130233,3.24999626660663));
#6147=CARTESIAN_POINT('Ctrl Pts',(-1.40033891909451,1.4003389190945,3.29999626660663));
#6148=CARTESIAN_POINT('Ctrl Pts',(-1.98037829130233,0.820299546886674,3.34999626660663));
#6149=CARTESIAN_POINT('Ctrl Pts',(-1.98037829130233,-8.99164103977333E-15,
3.39999626660663));
#6150=CARTESIAN_POINT('Ctrl Pts',(-1.98037829130233,-0.820299546886692,
3.44999626660663));
#6151=CARTESIAN_POINT('Ctrl Pts',(-1.40033891909451,-1.40033891909452,3.49999626660663));
#6152=CARTESIAN_POINT('Ctrl Pts',(-0.820299546886683,-1.98037829130234,
3.54999626660663));
#6153=CARTESIAN_POINT('Ctrl Pts',(-2.42526393554431E-16,-1.98037829130234,
3.59999626660663));
#6154=CARTESIAN_POINT('Ctrl Pts',(0.820299546886683,-1.98037829130234,3.64999626660663));
#6155=CARTESIAN_POINT('Ctrl Pts',(1.40033891909451,-1.40033891909452,3.69999626660663));
#6156=CARTESIAN_POINT('Ctrl Pts',(1.98037829130233,-0.820299546886693,3.74999626660663));
#6157=CARTESIAN_POINT('Ctrl Pts',(1.98037829130233,-9.47669382688219E-15,
3.79999626660663));
#6158=CARTESIAN_POINT('Ctrl Pts',(1.98037829130233,0.820299546886674,3.84999626660663));
#6159=CARTESIAN_POINT('Ctrl Pts',(1.40033891909451,1.4003389190945,3.89999626660663));
#6160=CARTESIAN_POINT('Ctrl Pts',(0.820299546886684,1.98037829130232,3.94999626660663));
#6161=CARTESIAN_POINT('Ctrl Pts',(0.,1.98037829130233,3.99999626660663));
#6162=CARTESIAN_POINT('Ctrl Pts',(-0.820299546886683,1.98037829130233,4.04999626660663));
#6163=CARTESIAN_POINT('Ctrl Pts',(-1.40033891909451,1.4003389190945,4.09999626660663));
#6164=CARTESIAN_POINT('Ctrl Pts',(-1.98037829130233,0.820299546886674,4.14999626660663));
#6165=CARTESIAN_POINT('Ctrl Pts',(-1.98037829130233,-8.99164103977333E-15,
4.19999626660663));
#6166=CARTESIAN_POINT('Ctrl Pts',(-1.98037829130233,-0.820299546886692,
4.24999626660663));
#6167=CARTESIAN_POINT('Ctrl Pts',(-1.40033891909451,-1.40033891909452,4.29999626660663));
#6168=CARTESIAN_POINT('Ctrl Pts',(-0.820299546886683,-1.98037829130234,
4.34999626660663));
#6169=CARTESIAN_POINT('Ctrl Pts',(-2.42526393554431E-16,-1.98037829130234,
4.39999626660663));
#6170=CARTESIAN_POINT('Ctrl Pts',(0.820299546886683,-1.98037829130234,4.44999626660663));
#6171=CARTESIAN_POINT('Ctrl Pts',(1.40033891909451,-1.40033891909452,4.49999626660663));
#6172=CARTESIAN_POINT('Ctrl Pts',(1.98037829130233,-0.820299546886693,4.54999626660663));
#6173=CARTESIAN_POINT('Ctrl Pts',(1.98037829130233,-9.47669382688219E-15,
4.59999626660663));
#6174=CARTESIAN_POINT('Ctrl Pts',(1.98037829130233,0.820299546886674,4.64999626660663));
#6175=CARTESIAN_POINT('Ctrl Pts',(1.40033891909451,1.4003389190945,4.69999626660663));
#6176=CARTESIAN_POINT('Ctrl Pts',(0.820299546886684,1.98037829130232,4.74999626660663));
#6177=CARTESIAN_POINT('Ctrl Pts',(0.,1.98037829130233,4.79999626660663));
#6178=CARTESIAN_POINT('Ctrl Pts',(-0.820299546886683,1.98037829130233,4.84999626660663));
#6179=CARTESIAN_POINT('Ctrl Pts',(-1.40033891909451,1.4003389190945,4.89999626660663));
#6180=CARTESIAN_POINT('Ctrl Pts',(-1.98037829130233,0.820299546886674,4.94999626660663));
#6181=CARTESIAN_POINT('Ctrl Pts',(-1.98037829130233,-8.99164103977333E-15,
4.99999626660663));
#6182=CARTESIAN_POINT('Ctrl Pts',(-1.98037829130233,-0.820299546886692,
5.04999626660663));
#6183=CARTESIAN_POINT('Ctrl Pts',(-1.40033891909451,-1.40033891909452,5.09999626660662));
#6184=CARTESIAN_POINT('Ctrl Pts',(-0.820299546886683,-1.98037829130234,
5.14999626660663));
#6185=CARTESIAN_POINT('Ctrl Pts',(-2.42526393554431E-16,-1.98037829130234,
5.19999626660663));
#6186=CARTESIAN_POINT('Ctrl Pts',(0.820299546886683,-1.98037829130234,5.24999626660663));
#6187=CARTESIAN_POINT('Ctrl Pts',(1.40033891909451,-1.40033891909452,5.29999626660663));
#6188=CARTESIAN_POINT('Ctrl Pts',(1.98037829130233,-0.820299546886693,5.34999626660663));
#6189=CARTESIAN_POINT('Ctrl Pts',(1.98037829130233,-9.47669382688219E-15,
5.39999626660663));
#6190=CARTESIAN_POINT('Ctrl Pts',(1.98037829130233,0.820299546886674,5.44999626660663));
#6191=CARTESIAN_POINT('Ctrl Pts',(1.40033891909451,1.4003389190945,5.49999626660663));
#6192=CARTESIAN_POINT('Ctrl Pts',(0.820299546886684,1.98037829130232,5.54999626660663));
#6193=CARTESIAN_POINT('Ctrl Pts',(0.,1.98037829130233,5.59999626660662));
#6194=CARTESIAN_POINT('Ctrl Pts',(-0.820299546886683,1.98037829130233,5.64999626660663));
#6195=CARTESIAN_POINT('Ctrl Pts',(-1.40033891909451,1.4003389190945,5.69999626660663));
#6196=CARTESIAN_POINT('Ctrl Pts',(-1.98037829130233,0.820299546886674,5.74999626660663));
#6197=CARTESIAN_POINT('Ctrl Pts',(-1.98037829130233,-8.99164103977333E-15,
5.79999626660663));
#6198=CARTESIAN_POINT('Ctrl Pts',(-1.98037829130233,-0.820299546886692,
5.84999626660663));
#6199=CARTESIAN_POINT('Ctrl Pts',(-1.40033891909451,-1.40033891909452,5.89999626660663));
#6200=CARTESIAN_POINT('Ctrl Pts',(-0.820299546886683,-1.98037829130234,
5.94999626660662));
#6201=CARTESIAN_POINT('Ctrl Pts',(-2.42526393554431E-16,-1.98037829130234,
5.99999626660663));
#6202=CARTESIAN_POINT('Ctrl Pts',(0.820299546886683,-1.98037829130234,6.04999626660663));
#6203=CARTESIAN_POINT('Ctrl Pts',(1.40033891909451,-1.40033891909452,6.09999626660663));
#6204=CARTESIAN_POINT('Ctrl Pts',(1.98037829130233,-0.820299546886693,6.14999626660663));
#6205=CARTESIAN_POINT('Ctrl Pts',(1.98037829130233,-9.47669382688219E-15,
6.19999626660663));
#6206=CARTESIAN_POINT('Ctrl Pts',(1.98037829130233,0.820299546886674,6.24999626660663));
#6207=CARTESIAN_POINT('Ctrl Pts',(1.40033891909451,1.4003389190945,6.29999626660663));
#6208=CARTESIAN_POINT('Ctrl Pts',(0.820299546886684,1.98037829130232,6.34999626660663));
#6209=CARTESIAN_POINT('Ctrl Pts',(0.,1.98037829130233,6.39999626660663));
#6210=CARTESIAN_POINT('Ctrl Pts',(-0.820299546886683,1.98037829130233,6.44999626660663));
#6211=CARTESIAN_POINT('Ctrl Pts',(-1.40033891909451,1.4003389190945,6.49999626660663));
#6212=CARTESIAN_POINT('Ctrl Pts',(-1.98037829130233,0.820299546886674,6.54999626660663));
#6213=CARTESIAN_POINT('Ctrl Pts',(-1.98037829130233,-8.99164103977333E-15,
6.59999626660663));
#6214=CARTESIAN_POINT('Ctrl Pts',(-1.98037829130233,-0.820299546886692,
6.64999626660663));
#6215=CARTESIAN_POINT('Ctrl Pts',(-1.40033891909451,-1.40033891909452,6.69999626660663));
#6216=CARTESIAN_POINT('Ctrl Pts',(-0.820299546886683,-1.98037829130234,
6.74999626660663));
#6217=CARTESIAN_POINT('Ctrl Pts',(-2.42526393554431E-16,-1.98037829130234,
6.79999626660663));
#6218=CARTESIAN_POINT('Ctrl Pts',(0.820299546886683,-1.98037829130234,6.84999626660663));
#6219=CARTESIAN_POINT('Ctrl Pts',(1.40033891909451,-1.40033891909452,6.89999626660663));
#6220=CARTESIAN_POINT('Ctrl Pts',(1.98037829130233,-0.820299546886693,6.94999626660663));
#6221=CARTESIAN_POINT('Ctrl Pts',(1.98037829130233,-9.47669382688219E-15,
6.99999626660663));
#6222=CARTESIAN_POINT('Ctrl Pts',(1.98037829130233,0.820299546886674,7.04999626660663));
#6223=CARTESIAN_POINT('Ctrl Pts',(1.40033891909451,1.4003389190945,7.09999626660663));
#6224=CARTESIAN_POINT('Ctrl Pts',(0.820299546886684,1.98037829130232,7.14999626660663));
#6225=CARTESIAN_POINT('Ctrl Pts',(0.,1.98037829130233,7.19999626660663));
#6226=CARTESIAN_POINT('Ctrl Pts',(-0.820299546886683,1.98037829130233,7.24999626660663));
#6227=CARTESIAN_POINT('Ctrl Pts',(-1.40033891909451,1.4003389190945,7.29999626660663));
#6228=CARTESIAN_POINT('Ctrl Pts',(-1.98037829130233,0.820299546886674,7.34999626660663));
#6229=CARTESIAN_POINT('Ctrl Pts',(-1.98037829130233,-8.99164103977333E-15,
7.39999626660663));
#6230=CARTESIAN_POINT('Ctrl Pts',(-1.98037829130233,-0.820299546886692,
7.44999626660663));
#6231=CARTESIAN_POINT('Ctrl Pts',(-1.40033891909451,-1.40033891909452,7.49999626660663));
#6232=CARTESIAN_POINT('Ctrl Pts',(-0.820299546886683,-1.98037829130234,
7.54999626660663));
#6233=CARTESIAN_POINT('Ctrl Pts',(-2.42526393554431E-16,-1.98037829130234,
7.59999626660663));
#6234=CARTESIAN_POINT('Ctrl Pts',(0.820299546886683,-1.98037829130234,7.64999626660663));
#6235=CARTESIAN_POINT('Ctrl Pts',(1.40033891909451,-1.40033891909452,7.69999626660663));
#6236=CARTESIAN_POINT('Ctrl Pts',(1.98037829130233,-0.820299546886693,7.74999626660663));
#6237=CARTESIAN_POINT('Ctrl Pts',(1.98037829130233,-9.47669382688219E-15,
7.79999626660663));
#6238=CARTESIAN_POINT('Ctrl Pts',(1.98037829130233,0.820299546886674,7.84999626660663));
#6239=CARTESIAN_POINT('Ctrl Pts',(1.40033891909451,1.4003389190945,7.89999626660663));
#6240=CARTESIAN_POINT('Ctrl Pts',(0.820299546886684,1.98037829130232,7.94999626660663));
#6241=CARTESIAN_POINT('Ctrl Pts',(0.,1.98037829130233,7.99999626660663));
#6242=CARTESIAN_POINT('Origin',(0.,-3.03576608295941E-15,-12.5));
#6243=UNCERTAINTY_MEASURE_WITH_UNIT(LENGTH_MEASURE(0.01),#6247,
'DISTANCE_ACCURACY_VALUE',
'Maximum model space distance between geometric entities at asserted c
onnectivities');
#6244=UNCERTAINTY_MEASURE_WITH_UNIT(LENGTH_MEASURE(0.01),#6247,
'DISTANCE_ACCURACY_VALUE',
'Maximum model space distance between geometric entities at asserted c
onnectivities');
#6245=(
GEOMETRIC_REPRESENTATION_CONTEXT(3)
GLOBAL_UNCERTAINTY_ASSIGNED_CONTEXT((#6243))
GLOBAL_UNIT_ASSIGNED_CONTEXT((#6247,#6249,#6250))
REPRESENTATION_CONTEXT('','3D')
);
#6246=(
GEOMETRIC_REPRESENTATION_CONTEXT(3)
GLOBAL_UNCERTAINTY_ASSIGNED_CONTEXT((#6244))
GLOBAL_UNIT_ASSIGNED_CONTEXT((#6247,#6249,#6250))
REPRESENTATION_CONTEXT('','3D')
);
#6247=(
LENGTH_UNIT()
NAMED_UNIT(*)
SI_UNIT(.MILLI.,.METRE.)
);
#6248=(
LENGTH_UNIT()
NAMED_UNIT(*)
SI_UNIT($,.METRE.)
);
#6249=(
NAMED_UNIT(*)
PLANE_ANGLE_UNIT()
SI_UNIT($,.RADIAN.)
);
#6250=(
NAMED_UNIT(*)
SI_UNIT($,.STERADIAN.)
SOLID_ANGLE_UNIT()
);
#6251=SHAPE_DEFINITION_REPRESENTATION(#6252,#6253);
#6252=PRODUCT_DEFINITION_SHAPE('',$,#6255);
#6253=SHAPE_REPRESENTATION('',(#1268),#6245);
#6254=PRODUCT_DEFINITION_CONTEXT('part definition',#6259,'design');
#6255=PRODUCT_DEFINITION(
'91292A128_18-8 Stainless Steel Socket Head Screw',
'[M5 x 20mm] Socket Head Cap Screw v1',#6256,#6254);
#6256=PRODUCT_DEFINITION_FORMATION('',$,#6261);
#6257=PRODUCT_RELATED_PRODUCT_CATEGORY(
'[M5 x 20mm] Socket Head Cap Screw v1',
'[M5 x 20mm] Socket Head Cap Screw v1',(#6261));
#6258=APPLICATION_PROTOCOL_DEFINITION('international standard',
'automotive_design',2009,#6259);
#6259=APPLICATION_CONTEXT(
'Core Data for Automotive Mechanical Design Process');
#6260=PRODUCT_CONTEXT('part definition',#6259,'mechanical');
#6261=PRODUCT('91292A128_18-8 Stainless Steel Socket Head Screw',
'[M5 x 20mm] Socket Head Cap Screw v1','STEP AP203',(#6260));
#6262=PRESENTATION_STYLE_ASSIGNMENT((#6263));
#6263=SURFACE_STYLE_USAGE(.BOTH.,#6264);
#6264=SURFACE_SIDE_STYLE('',(#6265));
#6265=SURFACE_STYLE_FILL_AREA(#6266);
#6266=FILL_AREA_STYLE('Steel - Satin',(#6267));
#6267=FILL_AREA_STYLE_COLOUR('Steel - Satin',#6268);
#6268=COLOUR_RGB('Steel - Satin',0.627450980392157,0.627450980392157,0.627450980392157);
ENDSEC;
END-ISO-10303-21;
