ISO-10303-21;
HEADER;
/* Generated by software containing ST-Developer
 * from STEP Tools, Inc. (www.steptools.com) 
 */

FILE_DESCRIPTION(
/* description */ (''),
/* implementation_level */ '2;1');

FILE_NAME(
/* name */ 'TM Back Holder.step',
/* time_stamp */ '2026-03-25T02:12:28-04:00',
/* author */ (''),
/* organization */ (''),
/* preprocessor_version */ 'ST-DEVELOPER v20.1',
/* originating_system */ 'Autodesk Translation Framework v14.24.0.0',
/* authorisation */ '');

FILE_SCHEMA (('AUTOMOTIVE_DESIGN { 1 0 10303 214 3 1 1 }'));
ENDSEC;

DATA;
#10=MECHANICAL_DESIGN_GEOMETRIC_PRESENTATION_REPRESENTATION('',(#13),#6265);
#11=SHAPE_REPRESENTATION_RELATIONSHIP('SRR','None',#6272,#12);
#12=ADVANCED_BREP_SHAPE_REPRESENTATION('',(#14),#6264);
#13=STYLED_ITEM('',(#6282),#14);
#14=MANIFOLD_SOLID_BREP('Body1',#3535);
#15=ELLIPSE('',#3635,132.105791809608,127.97195945946);
#16=ELLIPSE('',#3636,115.616904958651,111.999040099017);
#17=ELLIPSE('',#3639,132.105791569336,127.97195945946);
#18=ELLIPSE('',#3640,115.616904748368,111.999040099017);
#19=ELLIPSE('',#3645,132.048271158205,127.97195945946);
#20=ELLIPSE('',#3646,115.566563791959,111.999040099017);
#21=ELLIPSE('',#3649,132.048271526231,127.97195945946);
#22=ELLIPSE('',#3650,115.56656411405,111.999040099017);
#23=ELLIPSE('',#3655,132.04827135112,127.97195945946);
#24=ELLIPSE('',#3656,115.566563960795,111.999040099017);
#25=ELLIPSE('',#3659,132.048270983094,127.97195945946);
#26=ELLIPSE('',#3660,115.566563638704,111.999040099017);
#27=ELLIPSE('',#3667,132.105791952532,127.97195945946);
#28=ELLIPSE('',#3668,115.616905083735,111.999040099017);
#29=ELLIPSE('',#3671,132.105792192804,127.97195945946);
#30=ELLIPSE('',#3672,115.616905294018,111.999040099017);
#31=B_SPLINE_CURVE_WITH_KNOTS('',3,(#5197,#5198,#5199,#5200,#5201,#5202,
#5203,#5204,#5205,#5206,#5207,#5208,#5209,#5210,#5211,#5212,#5213,#5214,
#5215),.UNSPECIFIED.,.F.,.F.,(4,2,2,2,3,2,2,2,4),(-0.0635792144755519,-0.056764817724718,
-0.0376420273778783,-0.0188210136889391,0.,0.0188931292607722,0.0377862585215444,
0.0568369760278281,0.0758876935341118),.UNSPECIFIED.);
#32=B_SPLINE_CURVE_WITH_KNOTS('',3,(#5219,#5220,#5221,#5222,#5223,#5224,
#5225,#5226,#5227,#5228,#5229,#5230,#5231,#5232,#5233,#5234,#5235,#5236,
#5237),.UNSPECIFIED.,.F.,.F.,(4,2,2,2,3,2,2,2,4),(-0.07606105727923,-0.0568474730680054,
-0.0376338888567808,-0.0188169444283904,0.,0.0188169444283904,0.0376338888567808,
0.0568474730680049,0.0637002284254685),.UNSPECIFIED.);
#33=B_SPLINE_CURVE_WITH_KNOTS('',3,(#5247,#5248,#5249,#5250,#5251,#5252,
#5253,#5254,#5255,#5256,#5257,#5258,#5259,#5260,#5261,#5262,#5263,#5264),
 .UNSPECIFIED.,.F.,.F.,(4,2,2,2,2,2,2,2,4),(0.0758655611088953,0.0949883514688356,
0.114111141828776,0.132932155517106,0.151753169205437,0.170574182893767,
0.189395196582098,0.208517986942038,0.215332383357724),.UNSPECIFIED.);
#34=B_SPLINE_CURVE_WITH_KNOTS('',3,(#5266,#5267,#5268,#5269,#5270,#5271,
#5272,#5273,#5274,#5275,#5276,#5277,#5278,#5279,#5280,#5281,#5282,#5283),
 .UNSPECIFIED.,.F.,.F.,(4,2,2,2,2,2,2,2,4),(0.0883926665564913,0.0952454213682396,
0.114459005093875,0.133275949544526,0.152092893995178,0.17090983844583,
0.189726782896481,0.208940366622117,0.228153950347752),.UNSPECIFIED.);
#35=B_SPLINE_CURVE_WITH_KNOTS('',3,(#5293,#5294,#5295,#5296,#5297,#5298),
 .UNSPECIFIED.,.F.,.F.,(4,2,4),(2.13894565455284,2.26036691763557,2.38178817735052),
 .UNSPECIFIED.);
#36=B_SPLINE_CURVE_WITH_KNOTS('',3,(#5300,#5301,#5302,#5303,#5304,#5305),
 .UNSPECIFIED.,.F.,.F.,(4,2,4),(0.632058016630035,0.753480795252789,0.874903577158578),
 .UNSPECIFIED.);
#37=B_SPLINE_CURVE_WITH_KNOTS('',3,(#5313,#5314,#5315,#5316,#5317,#5318,
#5319,#5320,#5321,#5322,#5323,#5324),.UNSPECIFIED.,.F.,.F.,(4,2,2,2,2,4),
(-0.176871638012679,-0.152281358651172,-0.113772529938324,-0.0752637012254768,
-0.0376318506127383,0.),.UNSPECIFIED.);
#38=B_SPLINE_CURVE_WITH_KNOTS('',3,(#5328,#5329,#5330,#5331,#5332,#5333,
#5334,#5335,#5336,#5337,#5338,#5339),.UNSPECIFIED.,.F.,.F.,(4,2,2,2,2,4),
(0.,0.0376206671783325,0.0752413343566651,0.114018199156009,0.152795063955353,
0.177534444514697),.UNSPECIFIED.);
#39=B_SPLINE_CURVE_WITH_KNOTS('',3,(#5349,#5350,#5351,#5352,#5353,#5354,
#5355,#5356,#5357,#5358,#5359,#5360),.UNSPECIFIED.,.F.,.F.,(4,2,2,2,2,4),
(0.,0.0376318506127384,0.0752637012254768,0.113772529938324,0.152281358651171,
0.176871636957098),.UNSPECIFIED.);
#40=B_SPLINE_CURVE_WITH_KNOTS('',3,(#5362,#5363,#5364,#5365,#5366,#5367,
#5368,#5369,#5370,#5371,#5372,#5373),.UNSPECIFIED.,.F.,.F.,(4,2,2,2,2,4),
(-0.177534443449979,-0.152795063955353,-0.114018199156009,-0.0752413343566649,
-0.0376206671783325,0.),.UNSPECIFIED.);
#41=B_SPLINE_CURVE_WITH_KNOTS('',3,(#5383,#5384,#5385,#5386,#5387,#5388,
#5389,#5390,#5391,#5392,#5393,#5394,#5395,#5396,#5397,#5398,#5399,#5400),
 .UNSPECIFIED.,.F.,.F.,(4,2,2,2,2,2,2,2,4),(0.131138415401301,0.141303347410678,
0.169567728539828,0.197818359118504,0.226068989697181,0.25432262532239,
0.2825762609476,0.310837637068532,0.320999667345523),.UNSPECIFIED.);
#42=B_SPLINE_CURVE_WITH_KNOTS('',3,(#5402,#5403,#5404,#5405,#5406,#5407,
#5408,#5409,#5410,#5411,#5412,#5413,#5414,#5415,#5416,#5417,#5418,#5419),
 .UNSPECIFIED.,.F.,.F.,(4,2,2,2,2,2,2,2,4),(0.131151012596583,0.141317370080759,
0.169585690181229,0.197836054203264,0.226086418225299,0.254336782247334,
0.282587146269369,0.310855466369839,0.321021824632952),.UNSPECIFIED.);
#43=B_SPLINE_CURVE_WITH_KNOTS('',3,(#5427,#5428,#5429,#5430,#5431,#5432,
#5433,#5434,#5435,#5436,#5437,#5438),.UNSPECIFIED.,.F.,.F.,(4,2,2,2,2,4),
(0.127583579084724,0.152173856908944,0.190682685659132,0.22919151440932,
0.266823365020395,0.30445521563147),.UNSPECIFIED.);
#44=B_SPLINE_CURVE_WITH_KNOTS('',3,(#5442,#5443,#5444,#5445,#5446,#5447,
#5448,#5449,#5450,#5451,#5452,#5453),.UNSPECIFIED.,.F.,.F.,(4,2,2,2,2,4),
(0.30544669666584,0.343067363896028,0.380688031126217,0.419464894734709,
0.458241758343202,0.48298113665876),.UNSPECIFIED.);
#45=B_SPLINE_CURVE_WITH_KNOTS('',3,(#5463,#5464,#5465,#5466,#5467,#5468,
#5469,#5470,#5471,#5472,#5473,#5474),.UNSPECIFIED.,.F.,.F.,(4,2,2,2,2,4),
(0.304455215631469,0.342297911068789,0.380140606506109,0.418438775869782,
0.456736945233456,0.481320577882132),.UNSPECIFIED.);
#46=B_SPLINE_CURVE_WITH_KNOTS('',3,(#5476,#5477,#5478,#5479,#5480,#5481,
#5482,#5483,#5484,#5485,#5486,#5487),.UNSPECIFIED.,.F.,.F.,(4,2,2,2,2,4),
(0.127921477024193,0.152652133581744,0.19115123854243,0.229650343503116,
0.26754909195548,0.305447840407844),.UNSPECIFIED.);
#47=B_SPLINE_CURVE_WITH_KNOTS('',3,(#5497,#5498,#5499,#5500,#5501,#5502,
#5503,#5504,#5505,#5506,#5507,#5508,#5509,#5510,#5511,#5512,#5513,#5514,
#5515),.UNSPECIFIED.,.F.,.F.,(4,2,2,2,3,2,2,2,4),(-0.0949305738881635,-0.0847656422868786,
-0.0565012611573012,-0.0282506305786506,0.,0.0282536356252871,0.0565072712505741,
0.0847686473718297,0.0949306787983011),.UNSPECIFIED.);
#48=B_SPLINE_CURVE_WITH_KNOTS('',3,(#5517,#5518,#5519,#5520,#5521,#5522,
#5523,#5524,#5525,#5526,#5527,#5528,#5529,#5530,#5531,#5532,#5533,#5534,
#5535),.UNSPECIFIED.,.F.,.F.,(4,2,2,2,3,2,2,2,4),(-0.0949354066212074,-0.0847690480358826,
-0.0565007280590989,-0.0282503640295494,0.,0.0282503640295494,0.0565007280590989,
0.0847690480358826,0.0949354058422685),.UNSPECIFIED.);
#49=B_SPLINE_CURVE_WITH_KNOTS('',3,(#5543,#5544,#5545,#5546,#5547,#5548,
#5549,#5550,#5551,#5552,#5553,#5554,#5555,#5556,#5557,#5558,#5559,#5560),
 .UNSPECIFIED.,.F.,.F.,(4,2,2,2,2,2,2,2,4),(0.0881715310545012,0.0949163525188025,
0.113967070037996,0.132860199302252,0.151753328566508,0.170574342254648,
0.189395355942788,0.208518146306815,0.227640936670843),.UNSPECIFIED.);
#50=B_SPLINE_CURVE_WITH_KNOTS('',3,(#5564,#5565,#5566,#5567,#5568,#5569,
#5570,#5571,#5572,#5573,#5574,#5575,#5576,#5577,#5578,#5579,#5580,#5581),
 .UNSPECIFIED.,.F.,.F.,(4,2,2,2,2,2,2,2,4),(0.076031964862926,0.0951508192930593,
0.114269673723193,0.133181421255388,0.152093168787584,0.170910113237988,
0.189727057688391,0.208940641419438,0.215793395687987),.UNSPECIFIED.);
#51=B_SPLINE_CURVE_WITH_KNOTS('',3,(#5591,#5592,#5593,#5594,#5595,#5596,
#5597,#5598,#5599,#5600,#5601,#5602,#5603,#5604,#5605,#5606,#5607,#5608,
#5609),.UNSPECIFIED.,.F.,.F.,(4,2,2,2,3,2,2,2,4),(-0.0758876080793542,-0.0567648177284263,
-0.0376420273774984,-0.0188210136887492,0.,0.018893129261601,0.0377862585232021,
0.0568369760325561,0.063581797835052),.UNSPECIFIED.);
#52=B_SPLINE_CURVE_WITH_KNOTS('',3,(#5611,#5612,#5613,#5614,#5615,#5616,
#5617,#5618,#5619,#5620,#5621,#5622,#5623,#5624,#5625,#5626,#5627,#5628,
#5629),.UNSPECIFIED.,.F.,.F.,(4,2,2,2,3,2,2,2,4),(-0.0637036502054067,-0.0569423500567505,
-0.0378234952618109,-0.0189117476309055,0.,0.0188169444281423,0.0376338888562845,
0.0568474730729216,0.0760610572895586),.UNSPECIFIED.);
#53=B_SPLINE_CURVE_WITH_KNOTS('',3,(#5639,#5640,#5641,#5642,#5643,#5644),
 .UNSPECIFIED.,.F.,.F.,(4,2,4),(0.632034374098298,0.753455639176159,0.87487690762186),
 .UNSPECIFIED.);
#54=B_SPLINE_CURVE_WITH_KNOTS('',3,(#5646,#5647,#5648,#5649,#5650,#5651),
 .UNSPECIFIED.,.F.,.F.,(4,2,4),(2.13901959684295,2.26044238411184,2.38186516809763),
 .UNSPECIFIED.);
#55=LINE('',#4918,#375);
#56=LINE('',#4922,#376);
#57=LINE('',#4925,#377);
#58=LINE('',#4929,#378);
#59=LINE('',#4941,#379);
#60=LINE('',#4944,#380);
#61=LINE('',#4947,#381);
#62=LINE('',#4950,#382);
#63=LINE('',#4954,#383);
#64=LINE('',#4956,#384);
#65=LINE('',#4960,#385);
#66=LINE('',#4962,#386);
#67=LINE('',#4963,#387);
#68=LINE('',#4966,#388);
#69=LINE('',#4968,#389);
#70=LINE('',#4970,#390);
#71=LINE('',#4974,#391);
#72=LINE('',#4975,#392);
#73=LINE('',#4981,#393);
#74=LINE('',#4983,#394);
#75=LINE('',#4985,#395);
#76=LINE('',#4986,#396);
#77=LINE('',#4992,#397);
#78=LINE('',#4994,#398);
#79=LINE('',#4996,#399);
#80=LINE('',#4997,#400);
#81=LINE('',#5000,#401);
#82=LINE('',#5004,#402);
#83=LINE('',#5006,#403);
#84=LINE('',#5008,#404);
#85=LINE('',#5012,#405);
#86=LINE('',#5014,#406);
#87=LINE('',#5015,#407);
#88=LINE('',#5018,#408);
#89=LINE('',#5022,#409);
#90=LINE('',#5026,#410);
#91=LINE('',#5030,#411);
#92=LINE('',#5034,#412);
#93=LINE('',#5038,#413);
#94=LINE('',#5042,#414);
#95=LINE('',#5046,#415);
#96=LINE('',#5050,#416);
#97=LINE('',#5054,#417);
#98=LINE('',#5058,#418);
#99=LINE('',#5062,#419);
#100=LINE('',#5066,#420);
#101=LINE('',#5070,#421);
#102=LINE('',#5074,#422);
#103=LINE('',#5078,#423);
#104=LINE('',#5082,#424);
#105=LINE('',#5086,#425);
#106=LINE('',#5090,#426);
#107=LINE('',#5094,#427);
#108=LINE('',#5098,#428);
#109=LINE('',#5102,#429);
#110=LINE('',#5106,#430);
#111=LINE('',#5110,#431);
#112=LINE('',#5113,#432);
#113=LINE('',#5115,#433);
#114=LINE('',#5116,#434);
#115=LINE('',#5118,#435);
#116=LINE('',#5120,#436);
#117=LINE('',#5122,#437);
#118=LINE('',#5126,#438);
#119=LINE('',#5130,#439);
#120=LINE('',#5134,#440);
#121=LINE('',#5137,#441);
#122=LINE('',#5141,#442);
#123=LINE('',#5143,#443);
#124=LINE('',#5149,#444);
#125=LINE('',#5152,#445);
#126=LINE('',#5155,#446);
#127=LINE('',#5159,#447);
#128=LINE('',#5163,#448);
#129=LINE('',#5167,#449);
#130=LINE('',#5170,#450);
#131=LINE('',#5175,#451);
#132=LINE('',#5178,#452);
#133=LINE('',#5181,#453);
#134=LINE('',#5188,#454);
#135=LINE('',#5191,#455);
#136=LINE('',#5193,#456);
#137=LINE('',#5217,#457);
#138=LINE('',#5238,#458);
#139=LINE('',#5244,#459);
#140=LINE('',#5284,#460);
#141=LINE('',#5290,#461);
#142=LINE('',#5306,#462);
#143=LINE('',#5326,#463);
#144=LINE('',#5340,#464);
#145=LINE('',#5343,#465);
#146=LINE('',#5345,#466);
#147=LINE('',#5346,#467);
#148=LINE('',#5374,#468);
#149=LINE('',#5380,#469);
#150=LINE('',#5420,#470);
#151=LINE('',#5440,#471);
#152=LINE('',#5454,#472);
#153=LINE('',#5457,#473);
#154=LINE('',#5459,#474);
#155=LINE('',#5460,#475);
#156=LINE('',#5488,#476);
#157=LINE('',#5494,#477);
#158=LINE('',#5536,#478);
#159=LINE('',#5562,#479);
#160=LINE('',#5582,#480);
#161=LINE('',#5588,#481);
#162=LINE('',#5630,#482);
#163=LINE('',#5636,#483);
#164=LINE('',#5652,#484);
#165=LINE('',#5661,#485);
#166=LINE('',#5664,#486);
#167=LINE('',#5669,#487);
#168=LINE('',#5670,#488);
#169=LINE('',#5673,#489);
#170=LINE('',#5675,#490);
#171=LINE('',#5676,#491);
#172=LINE('',#5679,#492);
#173=LINE('',#5680,#493);
#174=LINE('',#5683,#494);
#175=LINE('',#5685,#495);
#176=LINE('',#5686,#496);
#177=LINE('',#5692,#497);
#178=LINE('',#5696,#498);
#179=LINE('',#5701,#499);
#180=LINE('',#5704,#500);
#181=LINE('',#5705,#501);
#182=LINE('',#5708,#502);
#183=LINE('',#5709,#503);
#184=LINE('',#5713,#504);
#185=LINE('',#5715,#505);
#186=LINE('',#5721,#506);
#187=LINE('',#5724,#507);
#188=LINE('',#5729,#508);
#189=LINE('',#5730,#509);
#190=LINE('',#5733,#510);
#191=LINE('',#5735,#511);
#192=LINE('',#5736,#512);
#193=LINE('',#5739,#513);
#194=LINE('',#5740,#514);
#195=LINE('',#5743,#515);
#196=LINE('',#5745,#516);
#197=LINE('',#5746,#517);
#198=LINE('',#5752,#518);
#199=LINE('',#5756,#519);
#200=LINE('',#5761,#520);
#201=LINE('',#5764,#521);
#202=LINE('',#5765,#522);
#203=LINE('',#5768,#523);
#204=LINE('',#5769,#524);
#205=LINE('',#5773,#525);
#206=LINE('',#5775,#526);
#207=LINE('',#5781,#527);
#208=LINE('',#5784,#528);
#209=LINE('',#5789,#529);
#210=LINE('',#5790,#530);
#211=LINE('',#5793,#531);
#212=LINE('',#5795,#532);
#213=LINE('',#5796,#533);
#214=LINE('',#5799,#534);
#215=LINE('',#5800,#535);
#216=LINE('',#5803,#536);
#217=LINE('',#5805,#537);
#218=LINE('',#5806,#538);
#219=LINE('',#5812,#539);
#220=LINE('',#5816,#540);
#221=LINE('',#5821,#541);
#222=LINE('',#5824,#542);
#223=LINE('',#5825,#543);
#224=LINE('',#5828,#544);
#225=LINE('',#5829,#545);
#226=LINE('',#5833,#546);
#227=LINE('',#5835,#547);
#228=LINE('',#5841,#548);
#229=LINE('',#5844,#549);
#230=LINE('',#5849,#550);
#231=LINE('',#5850,#551);
#232=LINE('',#5853,#552);
#233=LINE('',#5855,#553);
#234=LINE('',#5856,#554);
#235=LINE('',#5859,#555);
#236=LINE('',#5860,#556);
#237=LINE('',#5863,#557);
#238=LINE('',#5865,#558);
#239=LINE('',#5866,#559);
#240=LINE('',#5872,#560);
#241=LINE('',#5876,#561);
#242=LINE('',#5881,#562);
#243=LINE('',#5884,#563);
#244=LINE('',#5885,#564);
#245=LINE('',#5888,#565);
#246=LINE('',#5889,#566);
#247=LINE('',#5893,#567);
#248=LINE('',#5895,#568);
#249=LINE('',#5901,#569);
#250=LINE('',#5904,#570);
#251=LINE('',#5909,#571);
#252=LINE('',#5910,#572);
#253=LINE('',#5913,#573);
#254=LINE('',#5915,#574);
#255=LINE('',#5916,#575);
#256=LINE('',#5919,#576);
#257=LINE('',#5920,#577);
#258=LINE('',#5923,#578);
#259=LINE('',#5925,#579);
#260=LINE('',#5926,#580);
#261=LINE('',#5932,#581);
#262=LINE('',#5936,#582);
#263=LINE('',#5941,#583);
#264=LINE('',#5944,#584);
#265=LINE('',#5945,#585);
#266=LINE('',#5948,#586);
#267=LINE('',#5949,#587);
#268=LINE('',#5953,#588);
#269=LINE('',#5955,#589);
#270=LINE('',#5961,#590);
#271=LINE('',#5964,#591);
#272=LINE('',#5969,#592);
#273=LINE('',#5970,#593);
#274=LINE('',#5973,#594);
#275=LINE('',#5975,#595);
#276=LINE('',#5976,#596);
#277=LINE('',#5979,#597);
#278=LINE('',#5980,#598);
#279=LINE('',#5983,#599);
#280=LINE('',#5985,#600);
#281=LINE('',#5986,#601);
#282=LINE('',#5992,#602);
#283=LINE('',#5996,#603);
#284=LINE('',#6001,#604);
#285=LINE('',#6004,#605);
#286=LINE('',#6005,#606);
#287=LINE('',#6006,#607);
#288=LINE('',#6008,#608);
#289=LINE('',#6010,#609);
#290=LINE('',#6011,#610);
#291=LINE('',#6015,#611);
#292=LINE('',#6017,#612);
#293=LINE('',#6023,#613);
#294=LINE('',#6026,#614);
#295=LINE('',#6031,#615);
#296=LINE('',#6032,#616);
#297=LINE('',#6035,#617);
#298=LINE('',#6037,#618);
#299=LINE('',#6038,#619);
#300=LINE('',#6041,#620);
#301=LINE('',#6042,#621);
#302=LINE('',#6045,#622);
#303=LINE('',#6047,#623);
#304=LINE('',#6048,#624);
#305=LINE('',#6054,#625);
#306=LINE('',#6058,#626);
#307=LINE('',#6063,#627);
#308=LINE('',#6066,#628);
#309=LINE('',#6067,#629);
#310=LINE('',#6070,#630);
#311=LINE('',#6071,#631);
#312=LINE('',#6075,#632);
#313=LINE('',#6077,#633);
#314=LINE('',#6083,#634);
#315=LINE('',#6086,#635);
#316=LINE('',#6091,#636);
#317=LINE('',#6092,#637);
#318=LINE('',#6095,#638);
#319=LINE('',#6097,#639);
#320=LINE('',#6098,#640);
#321=LINE('',#6101,#641);
#322=LINE('',#6102,#642);
#323=LINE('',#6105,#643);
#324=LINE('',#6107,#644);
#325=LINE('',#6108,#645);
#326=LINE('',#6114,#646);
#327=LINE('',#6118,#647);
#328=LINE('',#6123,#648);
#329=LINE('',#6126,#649);
#330=LINE('',#6127,#650);
#331=LINE('',#6130,#651);
#332=LINE('',#6131,#652);
#333=LINE('',#6135,#653);
#334=LINE('',#6137,#654);
#335=LINE('',#6144,#655);
#336=LINE('',#6152,#656);
#337=LINE('',#6155,#657);
#338=LINE('',#6159,#658);
#339=LINE('',#6165,#659);
#340=LINE('',#6168,#660);
#341=LINE('',#6171,#661);
#342=LINE('',#6173,#662);
#343=LINE('',#6174,#663);
#344=LINE('',#6180,#664);
#345=LINE('',#6183,#665);
#346=LINE('',#6185,#666);
#347=LINE('',#6186,#667);
#348=LINE('',#6192,#668);
#349=LINE('',#6198,#669);
#350=LINE('',#6200,#670);
#351=LINE('',#6201,#671);
#352=LINE('',#6203,#672);
#353=LINE('',#6205,#673);
#354=LINE('',#6206,#674);
#355=LINE('',#6208,#675);
#356=LINE('',#6210,#676);
#357=LINE('',#6212,#677);
#358=LINE('',#6214,#678);
#359=LINE('',#6215,#679);
#360=LINE('',#6217,#680);
#361=LINE('',#6222,#681);
#362=LINE('',#6228,#682);
#363=LINE('',#6231,#683);
#364=LINE('',#6234,#684);
#365=LINE('',#6241,#685);
#366=LINE('',#6243,#686);
#367=LINE('',#6246,#687);
#368=LINE('',#6247,#688);
#369=LINE('',#6249,#689);
#370=LINE('',#6251,#690);
#371=LINE('',#6252,#691);
#372=LINE('',#6254,#692);
#373=LINE('',#6256,#693);
#374=LINE('',#6259,#694);
#375=VECTOR('',#3905,10.);
#376=VECTOR('',#3908,10.);
#377=VECTOR('',#3911,5.);
#378=VECTOR('',#3916,2.65);
#379=VECTOR('',#3929,10.);
#380=VECTOR('',#3932,5.);
#381=VECTOR('',#3935,10.);
#382=VECTOR('',#3938,2.65);
#383=VECTOR('',#3943,10.);
#384=VECTOR('',#3944,10.);
#385=VECTOR('',#3947,10.);
#386=VECTOR('',#3948,10.);
#387=VECTOR('',#3949,10.);
#388=VECTOR('',#3952,10.);
#389=VECTOR('',#3953,10.);
#390=VECTOR('',#3954,10.);
#391=VECTOR('',#3957,10.);
#392=VECTOR('',#3958,10.);
#393=VECTOR('',#3963,10.);
#394=VECTOR('',#3964,10.);
#395=VECTOR('',#3965,10.);
#396=VECTOR('',#3966,10.);
#397=VECTOR('',#3971,10.);
#398=VECTOR('',#3972,10.);
#399=VECTOR('',#3973,10.);
#400=VECTOR('',#3974,10.);
#401=VECTOR('',#3977,10.);
#402=VECTOR('',#3980,10.);
#403=VECTOR('',#3981,10.);
#404=VECTOR('',#3982,10.);
#405=VECTOR('',#3985,10.);
#406=VECTOR('',#3986,10.);
#407=VECTOR('',#3987,10.);
#408=VECTOR('',#3988,10.);
#409=VECTOR('',#3991,10.);
#410=VECTOR('',#3994,10.);
#411=VECTOR('',#3997,10.);
#412=VECTOR('',#4000,10.);
#413=VECTOR('',#4003,10.);
#414=VECTOR('',#4006,10.);
#415=VECTOR('',#4009,10.);
#416=VECTOR('',#4012,10.);
#417=VECTOR('',#4015,10.);
#418=VECTOR('',#4018,10.);
#419=VECTOR('',#4021,10.);
#420=VECTOR('',#4024,10.);
#421=VECTOR('',#4027,10.);
#422=VECTOR('',#4030,10.);
#423=VECTOR('',#4033,10.);
#424=VECTOR('',#4036,10.);
#425=VECTOR('',#4039,10.);
#426=VECTOR('',#4042,10.);
#427=VECTOR('',#4045,10.);
#428=VECTOR('',#4048,10.);
#429=VECTOR('',#4051,10.);
#430=VECTOR('',#4054,10.);
#431=VECTOR('',#4057,10.);
#432=VECTOR('',#4062,10.);
#433=VECTOR('',#4063,10.);
#434=VECTOR('',#4064,10.);
#435=VECTOR('',#4067,10.);
#436=VECTOR('',#4070,10.);
#437=VECTOR('',#4071,10.);
#438=VECTOR('',#4074,10.);
#439=VECTOR('',#4077,10.);
#440=VECTOR('',#4080,10.);
#441=VECTOR('',#4083,10.);
#442=VECTOR('',#4088,10.);
#443=VECTOR('',#4091,10.);
#444=VECTOR('',#4096,10.);
#445=VECTOR('',#4099,10.);
#446=VECTOR('',#4102,10.);
#447=VECTOR('',#4105,10.);
#448=VECTOR('',#4108,10.);
#449=VECTOR('',#4111,10.);
#450=VECTOR('',#4114,10.);
#451=VECTOR('',#4119,10.);
#452=VECTOR('',#4122,10.);
#453=VECTOR('',#4125,10.);
#454=VECTOR('',#4132,10.);
#455=VECTOR('',#4135,10.);
#456=VECTOR('',#4138,10.);
#457=VECTOR('',#4141,10.);
#458=VECTOR('',#4142,10.);
#459=VECTOR('',#4149,10.);
#460=VECTOR('',#4152,10.);
#461=VECTOR('',#4159,10.);
#462=VECTOR('',#4162,10.);
#463=VECTOR('',#4171,10.);
#464=VECTOR('',#4172,10.);
#465=VECTOR('',#4175,10.);
#466=VECTOR('',#4176,10.);
#467=VECTOR('',#4177,10.);
#468=VECTOR('',#4180,10.);
#469=VECTOR('',#4187,10.);
#470=VECTOR('',#4190,10.);
#471=VECTOR('',#4199,10.);
#472=VECTOR('',#4200,10.);
#473=VECTOR('',#4203,10.);
#474=VECTOR('',#4204,10.);
#475=VECTOR('',#4205,10.);
#476=VECTOR('',#4208,10.);
#477=VECTOR('',#4215,10.);
#478=VECTOR('',#4218,10.);
#479=VECTOR('',#4227,10.);
#480=VECTOR('',#4228,10.);
#481=VECTOR('',#4235,10.);
#482=VECTOR('',#4238,10.);
#483=VECTOR('',#4245,10.);
#484=VECTOR('',#4248,10.);
#485=VECTOR('',#4259,10.);
#486=VECTOR('',#4262,10.);
#487=VECTOR('',#4267,10.);
#488=VECTOR('',#4268,10.);
#489=VECTOR('',#4271,10.);
#490=VECTOR('',#4272,10.);
#491=VECTOR('',#4273,10.);
#492=VECTOR('',#4276,10.);
#493=VECTOR('',#4277,10.);
#494=VECTOR('',#4280,10.);
#495=VECTOR('',#4281,10.);
#496=VECTOR('',#4282,10.);
#497=VECTOR('',#4289,10.);
#498=VECTOR('',#4294,10.);
#499=VECTOR('',#4299,10.);
#500=VECTOR('',#4304,10.);
#501=VECTOR('',#4305,10.);
#502=VECTOR('',#4308,10.);
#503=VECTOR('',#4309,10.);
#504=VECTOR('',#4314,10.);
#505=VECTOR('',#4317,10.);
#506=VECTOR('',#4322,10.);
#507=VECTOR('',#4325,10.);
#508=VECTOR('',#4330,10.);
#509=VECTOR('',#4331,10.);
#510=VECTOR('',#4334,10.);
#511=VECTOR('',#4335,10.);
#512=VECTOR('',#4336,10.);
#513=VECTOR('',#4339,10.);
#514=VECTOR('',#4340,10.);
#515=VECTOR('',#4343,10.);
#516=VECTOR('',#4344,10.);
#517=VECTOR('',#4345,10.);
#518=VECTOR('',#4352,10.);
#519=VECTOR('',#4357,10.);
#520=VECTOR('',#4362,10.);
#521=VECTOR('',#4367,10.);
#522=VECTOR('',#4368,10.);
#523=VECTOR('',#4371,10.);
#524=VECTOR('',#4372,10.);
#525=VECTOR('',#4377,10.);
#526=VECTOR('',#4380,10.);
#527=VECTOR('',#4385,10.);
#528=VECTOR('',#4388,10.);
#529=VECTOR('',#4393,10.);
#530=VECTOR('',#4394,10.);
#531=VECTOR('',#4397,10.);
#532=VECTOR('',#4398,10.);
#533=VECTOR('',#4399,10.);
#534=VECTOR('',#4402,10.);
#535=VECTOR('',#4403,10.);
#536=VECTOR('',#4406,10.);
#537=VECTOR('',#4407,10.);
#538=VECTOR('',#4408,10.);
#539=VECTOR('',#4415,10.);
#540=VECTOR('',#4420,10.);
#541=VECTOR('',#4425,10.);
#542=VECTOR('',#4430,10.);
#543=VECTOR('',#4431,10.);
#544=VECTOR('',#4434,10.);
#545=VECTOR('',#4435,10.);
#546=VECTOR('',#4440,10.);
#547=VECTOR('',#4443,10.);
#548=VECTOR('',#4448,10.);
#549=VECTOR('',#4451,10.);
#550=VECTOR('',#4456,10.);
#551=VECTOR('',#4457,10.);
#552=VECTOR('',#4460,10.);
#553=VECTOR('',#4461,10.);
#554=VECTOR('',#4462,10.);
#555=VECTOR('',#4465,10.);
#556=VECTOR('',#4466,10.);
#557=VECTOR('',#4469,10.);
#558=VECTOR('',#4470,10.);
#559=VECTOR('',#4471,10.);
#560=VECTOR('',#4478,10.);
#561=VECTOR('',#4483,10.);
#562=VECTOR('',#4488,10.);
#563=VECTOR('',#4493,10.);
#564=VECTOR('',#4494,10.);
#565=VECTOR('',#4497,10.);
#566=VECTOR('',#4498,10.);
#567=VECTOR('',#4503,10.);
#568=VECTOR('',#4506,10.);
#569=VECTOR('',#4511,10.);
#570=VECTOR('',#4514,10.);
#571=VECTOR('',#4519,10.);
#572=VECTOR('',#4520,10.);
#573=VECTOR('',#4523,10.);
#574=VECTOR('',#4524,10.);
#575=VECTOR('',#4525,10.);
#576=VECTOR('',#4528,10.);
#577=VECTOR('',#4529,10.);
#578=VECTOR('',#4532,10.);
#579=VECTOR('',#4533,10.);
#580=VECTOR('',#4534,10.);
#581=VECTOR('',#4541,10.);
#582=VECTOR('',#4546,10.);
#583=VECTOR('',#4551,10.);
#584=VECTOR('',#4556,10.);
#585=VECTOR('',#4557,10.);
#586=VECTOR('',#4560,10.);
#587=VECTOR('',#4561,10.);
#588=VECTOR('',#4566,10.);
#589=VECTOR('',#4569,10.);
#590=VECTOR('',#4574,10.);
#591=VECTOR('',#4577,10.);
#592=VECTOR('',#4582,10.);
#593=VECTOR('',#4583,10.);
#594=VECTOR('',#4586,10.);
#595=VECTOR('',#4587,10.);
#596=VECTOR('',#4588,10.);
#597=VECTOR('',#4591,10.);
#598=VECTOR('',#4592,10.);
#599=VECTOR('',#4595,10.);
#600=VECTOR('',#4596,10.);
#601=VECTOR('',#4597,10.);
#602=VECTOR('',#4604,10.);
#603=VECTOR('',#4609,10.);
#604=VECTOR('',#4614,10.);
#605=VECTOR('',#4619,10.);
#606=VECTOR('',#4620,10.);
#607=VECTOR('',#4621,10.);
#608=VECTOR('',#4624,10.);
#609=VECTOR('',#4625,10.);
#610=VECTOR('',#4626,10.);
#611=VECTOR('',#4631,10.);
#612=VECTOR('',#4634,10.);
#613=VECTOR('',#4639,10.);
#614=VECTOR('',#4642,10.);
#615=VECTOR('',#4647,10.);
#616=VECTOR('',#4648,10.);
#617=VECTOR('',#4651,10.);
#618=VECTOR('',#4652,10.);
#619=VECTOR('',#4653,10.);
#620=VECTOR('',#4656,10.);
#621=VECTOR('',#4657,10.);
#622=VECTOR('',#4660,10.);
#623=VECTOR('',#4661,10.);
#624=VECTOR('',#4662,10.);
#625=VECTOR('',#4669,10.);
#626=VECTOR('',#4674,10.);
#627=VECTOR('',#4679,10.);
#628=VECTOR('',#4684,10.);
#629=VECTOR('',#4685,10.);
#630=VECTOR('',#4688,10.);
#631=VECTOR('',#4689,10.);
#632=VECTOR('',#4694,10.);
#633=VECTOR('',#4697,10.);
#634=VECTOR('',#4702,10.);
#635=VECTOR('',#4705,10.);
#636=VECTOR('',#4710,10.);
#637=VECTOR('',#4711,10.);
#638=VECTOR('',#4714,10.);
#639=VECTOR('',#4715,10.);
#640=VECTOR('',#4716,10.);
#641=VECTOR('',#4719,10.);
#642=VECTOR('',#4720,10.);
#643=VECTOR('',#4723,10.);
#644=VECTOR('',#4724,10.);
#645=VECTOR('',#4725,10.);
#646=VECTOR('',#4732,10.);
#647=VECTOR('',#4737,10.);
#648=VECTOR('',#4742,10.);
#649=VECTOR('',#4747,10.);
#650=VECTOR('',#4748,10.);
#651=VECTOR('',#4751,10.);
#652=VECTOR('',#4752,10.);
#653=VECTOR('',#4757,10.);
#654=VECTOR('',#4760,10.);
#655=VECTOR('',#4769,1.8);
#656=VECTOR('',#4778,1.8);
#657=VECTOR('',#4783,3.25);
#658=VECTOR('',#4788,3.25);
#659=VECTOR('',#4793,10.);
#660=VECTOR('',#4796,10.);
#661=VECTOR('',#4799,10.);
#662=VECTOR('',#4800,10.);
#663=VECTOR('',#4801,10.);
#664=VECTOR('',#4808,10.);
#665=VECTOR('',#4811,10.);
#666=VECTOR('',#4812,10.);
#667=VECTOR('',#4813,10.);
#668=VECTOR('',#4820,10.);
#669=VECTOR('',#4827,10.);
#670=VECTOR('',#4830,10.);
#671=VECTOR('',#4831,10.);
#672=VECTOR('',#4834,10.);
#673=VECTOR('',#4837,10.);
#674=VECTOR('',#4838,10.);
#675=VECTOR('',#4841,10.);
#676=VECTOR('',#4844,10.);
#677=VECTOR('',#4847,10.);
#678=VECTOR('',#4850,10.);
#679=VECTOR('',#4851,10.);
#680=VECTOR('',#4854,10.);
#681=VECTOR('',#4861,10.);
#682=VECTOR('',#4866,10.);
#683=VECTOR('',#4869,10.);
#684=VECTOR('',#4872,10.);
#685=VECTOR('',#4879,10.);
#686=VECTOR('',#4880,10.);
#687=VECTOR('',#4885,10.);
#688=VECTOR('',#4886,10.);
#689=VECTOR('',#4889,10.);
#690=VECTOR('',#4892,10.);
#691=VECTOR('',#4893,10.);
#692=VECTOR('',#4896,10.);
#693=VECTOR('',#4899,10.);
#694=VECTOR('',#4904,10.);
#695=CYLINDRICAL_SURFACE('',#3552,5.);
#696=CYLINDRICAL_SURFACE('',#3556,2.65);
#697=CYLINDRICAL_SURFACE('',#3561,5.);
#698=CYLINDRICAL_SURFACE('',#3565,2.65);
#699=CYLINDRICAL_SURFACE('',#3603,2.);
#700=CYLINDRICAL_SURFACE('',#3611,2.);
#701=CYLINDRICAL_SURFACE('',#3612,2.);
#702=CYLINDRICAL_SURFACE('',#3621,2.);
#703=CYLINDRICAL_SURFACE('',#3629,0.499999999999995);
#704=CYLINDRICAL_SURFACE('',#3633,0.500000000000003);
#705=CYLINDRICAL_SURFACE('',#3637,5.00000000000249);
#706=CYLINDRICAL_SURFACE('',#3641,1.);
#707=CYLINDRICAL_SURFACE('',#3643,1.);
#708=CYLINDRICAL_SURFACE('',#3647,0.75);
#709=CYLINDRICAL_SURFACE('',#3651,1.);
#710=CYLINDRICAL_SURFACE('',#3653,1.);
#711=CYLINDRICAL_SURFACE('',#3657,0.750000000000004);
#712=CYLINDRICAL_SURFACE('',#3661,0.499999999999994);
#713=CYLINDRICAL_SURFACE('',#3665,0.5);
#714=CYLINDRICAL_SURFACE('',#3669,5.00000000000001);
#715=CYLINDRICAL_SURFACE('',#3673,1.);
#716=CYLINDRICAL_SURFACE('',#3676,1.);
#717=CYLINDRICAL_SURFACE('',#3681,1.00000000000001);
#718=CYLINDRICAL_SURFACE('',#3684,1.00000000000001);
#719=CYLINDRICAL_SURFACE('',#3686,0.499999999999996);
#720=CYLINDRICAL_SURFACE('',#3691,0.499999999999996);
#721=CYLINDRICAL_SURFACE('',#3694,0.499999999999999);
#722=CYLINDRICAL_SURFACE('',#3697,0.499999999999999);
#723=CYLINDRICAL_SURFACE('',#3702,0.499999999999999);
#724=CYLINDRICAL_SURFACE('',#3705,0.499999999999999);
#725=CYLINDRICAL_SURFACE('',#3707,1.00000000000002);
#726=CYLINDRICAL_SURFACE('',#3712,1.00000000000002);
#727=CYLINDRICAL_SURFACE('',#3715,0.500000000000005);
#728=CYLINDRICAL_SURFACE('',#3718,0.500000000000005);
#729=CYLINDRICAL_SURFACE('',#3723,0.500000000000003);
#730=CYLINDRICAL_SURFACE('',#3726,0.500000000000003);
#731=CYLINDRICAL_SURFACE('',#3728,0.99999999999999);
#732=CYLINDRICAL_SURFACE('',#3733,0.99999999999999);
#733=CYLINDRICAL_SURFACE('',#3736,1.);
#734=CYLINDRICAL_SURFACE('',#3739,1.);
#735=CYLINDRICAL_SURFACE('',#3744,1.);
#736=CYLINDRICAL_SURFACE('',#3747,1.);
#737=CYLINDRICAL_SURFACE('',#3749,0.500000000000003);
#738=CYLINDRICAL_SURFACE('',#3754,0.500000000000003);
#739=CYLINDRICAL_SURFACE('',#3757,0.999999999999999);
#740=CYLINDRICAL_SURFACE('',#3760,0.999999999999999);
#741=CYLINDRICAL_SURFACE('',#3765,0.99999999999999);
#742=CYLINDRICAL_SURFACE('',#3768,0.99999999999999);
#743=CYLINDRICAL_SURFACE('',#3770,0.999999999999997);
#744=CYLINDRICAL_SURFACE('',#3775,0.999999999999997);
#745=CYLINDRICAL_SURFACE('',#3778,0.999999999999998);
#746=CYLINDRICAL_SURFACE('',#3781,0.999999999999998);
#747=CYLINDRICAL_SURFACE('',#3786,1.);
#748=CYLINDRICAL_SURFACE('',#3789,1.);
#749=CYLINDRICAL_SURFACE('',#3791,0.999999999999999);
#750=CYLINDRICAL_SURFACE('',#3796,0.999999999999999);
#751=CYLINDRICAL_SURFACE('',#3799,0.999999999999999);
#752=CYLINDRICAL_SURFACE('',#3802,0.999999999999999);
#753=CYLINDRICAL_SURFACE('',#3807,1.);
#754=CYLINDRICAL_SURFACE('',#3810,1.);
#755=CYLINDRICAL_SURFACE('',#3812,0.999999999999996);
#756=CYLINDRICAL_SURFACE('',#3817,0.999999999999996);
#757=CYLINDRICAL_SURFACE('',#3820,0.999999999999995);
#758=CYLINDRICAL_SURFACE('',#3823,0.999999999999995);
#759=CYLINDRICAL_SURFACE('',#3828,0.999999999999998);
#760=CYLINDRICAL_SURFACE('',#3831,0.999999999999998);
#761=CYLINDRICAL_SURFACE('',#3833,1.);
#762=CYLINDRICAL_SURFACE('',#3838,1.);
#763=CYLINDRICAL_SURFACE('',#3844,1.8);
#764=CYLINDRICAL_SURFACE('',#3848,1.8);
#765=CYLINDRICAL_SURFACE('',#3850,3.25);
#766=CYLINDRICAL_SURFACE('',#3851,3.25);
#767=CYLINDRICAL_SURFACE('',#3853,5.);
#768=CYLINDRICAL_SURFACE('',#3857,2.5);
#769=CYLINDRICAL_SURFACE('',#3861,2.5);
#770=CYLINDRICAL_SURFACE('',#3864,2.5);
#771=CYLINDRICAL_SURFACE('',#3870,5.);
#772=CYLINDRICAL_SURFACE('',#3872,2.5);
#773=CYLINDRICAL_SURFACE('',#3873,2.5);
#774=CYLINDRICAL_SURFACE('',#3875,2.5);
#775=CYLINDRICAL_SURFACE('',#3876,2.);
#776=CYLINDRICAL_SURFACE('',#3878,2.);
#777=CYLINDRICAL_SURFACE('',#3886,2.);
#778=CYLINDRICAL_SURFACE('',#3888,2.);
#779=CYLINDRICAL_SURFACE('',#3891,127.97195945946);
#780=CYLINDRICAL_SURFACE('',#3892,111.999040099017);
#781=FACE_BOUND('',#1004,.T.);
#782=FACE_BOUND('',#1008,.T.);
#783=FACE_BOUND('',#1014,.T.);
#784=FACE_BOUND('',#1016,.T.);
#785=FACE_BOUND('',#1018,.T.);
#786=FACE_BOUND('',#1019,.T.);
#787=FACE_BOUND('',#1020,.T.);
#788=FACE_BOUND('',#1021,.T.);
#789=FACE_BOUND('',#1022,.T.);
#790=FACE_BOUND('',#1023,.T.);
#791=FACE_BOUND('',#1024,.T.);
#792=FACE_BOUND('',#1025,.T.);
#793=FACE_BOUND('',#1029,.T.);
#794=FACE_BOUND('',#1034,.T.);
#795=FACE_BOUND('',#1159,.T.);
#796=FACE_BOUND('',#1162,.T.);
#797=FACE_BOUND('',#1174,.T.);
#798=FACE_BOUND('',#1187,.T.);
#799=FACE_BOUND('',#1188,.T.);
#800=FACE_BOUND('',#1189,.T.);
#801=FACE_BOUND('',#1190,.T.);
#802=FACE_BOUND('',#1191,.T.);
#803=FACE_BOUND('',#1192,.T.);
#804=FACE_BOUND('',#1193,.T.);
#805=FACE_BOUND('',#1196,.T.);
#806=FACE_BOUND('',#1197,.T.);
#807=FACE_BOUND('',#1198,.T.);
#808=FACE_BOUND('',#1199,.T.);
#809=FACE_BOUND('',#1200,.T.);
#810=FACE_BOUND('',#1201,.T.);
#811=FACE_BOUND('',#1202,.T.);
#812=FACE_BOUND('',#1205,.T.);
#813=FACE_BOUND('',#1206,.T.);
#814=FACE_BOUND('',#1207,.T.);
#815=FACE_BOUND('',#1208,.T.);
#816=FACE_BOUND('',#1210,.T.);
#817=FACE_BOUND('',#1211,.T.);
#818=FACE_BOUND('',#1212,.T.);
#819=FACE_BOUND('',#1213,.T.);
#820=FACE_BOUND('',#1215,.T.);
#821=FACE_BOUND('',#1216,.T.);
#822=FACE_BOUND('',#1217,.T.);
#823=FACE_BOUND('',#1218,.T.);
#824=FACE_BOUND('',#1219,.T.);
#825=FACE_BOUND('',#1220,.T.);
#826=FACE_BOUND('',#1221,.T.);
#827=FACE_BOUND('',#1222,.T.);
#828=FACE_BOUND('',#1224,.T.);
#829=FACE_OUTER_BOUND('',#1003,.T.);
#830=FACE_OUTER_BOUND('',#1005,.T.);
#831=FACE_OUTER_BOUND('',#1006,.T.);
#832=FACE_OUTER_BOUND('',#1007,.T.);
#833=FACE_OUTER_BOUND('',#1009,.T.);
#834=FACE_OUTER_BOUND('',#1010,.T.);
#835=FACE_OUTER_BOUND('',#1011,.T.);
#836=FACE_OUTER_BOUND('',#1012,.T.);
#837=FACE_OUTER_BOUND('',#1013,.T.);
#838=FACE_OUTER_BOUND('',#1015,.T.);
#839=FACE_OUTER_BOUND('',#1017,.T.);
#840=FACE_OUTER_BOUND('',#1026,.T.);
#841=FACE_OUTER_BOUND('',#1027,.T.);
#842=FACE_OUTER_BOUND('',#1028,.T.);
#843=FACE_OUTER_BOUND('',#1030,.T.);
#844=FACE_OUTER_BOUND('',#1031,.T.);
#845=FACE_OUTER_BOUND('',#1032,.T.);
#846=FACE_OUTER_BOUND('',#1033,.T.);
#847=FACE_OUTER_BOUND('',#1035,.T.);
#848=FACE_OUTER_BOUND('',#1036,.T.);
#849=FACE_OUTER_BOUND('',#1037,.T.);
#850=FACE_OUTER_BOUND('',#1038,.T.);
#851=FACE_OUTER_BOUND('',#1039,.T.);
#852=FACE_OUTER_BOUND('',#1040,.T.);
#853=FACE_OUTER_BOUND('',#1041,.T.);
#854=FACE_OUTER_BOUND('',#1042,.T.);
#855=FACE_OUTER_BOUND('',#1043,.T.);
#856=FACE_OUTER_BOUND('',#1044,.T.);
#857=FACE_OUTER_BOUND('',#1045,.T.);
#858=FACE_OUTER_BOUND('',#1046,.T.);
#859=FACE_OUTER_BOUND('',#1047,.T.);
#860=FACE_OUTER_BOUND('',#1048,.T.);
#861=FACE_OUTER_BOUND('',#1049,.T.);
#862=FACE_OUTER_BOUND('',#1050,.T.);
#863=FACE_OUTER_BOUND('',#1051,.T.);
#864=FACE_OUTER_BOUND('',#1052,.T.);
#865=FACE_OUTER_BOUND('',#1053,.T.);
#866=FACE_OUTER_BOUND('',#1054,.T.);
#867=FACE_OUTER_BOUND('',#1055,.T.);
#868=FACE_OUTER_BOUND('',#1056,.T.);
#869=FACE_OUTER_BOUND('',#1057,.T.);
#870=FACE_OUTER_BOUND('',#1058,.T.);
#871=FACE_OUTER_BOUND('',#1059,.T.);
#872=FACE_OUTER_BOUND('',#1060,.T.);
#873=FACE_OUTER_BOUND('',#1061,.T.);
#874=FACE_OUTER_BOUND('',#1062,.T.);
#875=FACE_OUTER_BOUND('',#1063,.T.);
#876=FACE_OUTER_BOUND('',#1064,.T.);
#877=FACE_OUTER_BOUND('',#1065,.T.);
#878=FACE_OUTER_BOUND('',#1066,.T.);
#879=FACE_OUTER_BOUND('',#1067,.T.);
#880=FACE_OUTER_BOUND('',#1068,.T.);
#881=FACE_OUTER_BOUND('',#1069,.T.);
#882=FACE_OUTER_BOUND('',#1070,.T.);
#883=FACE_OUTER_BOUND('',#1071,.T.);
#884=FACE_OUTER_BOUND('',#1072,.T.);
#885=FACE_OUTER_BOUND('',#1073,.T.);
#886=FACE_OUTER_BOUND('',#1074,.T.);
#887=FACE_OUTER_BOUND('',#1075,.T.);
#888=FACE_OUTER_BOUND('',#1076,.T.);
#889=FACE_OUTER_BOUND('',#1077,.T.);
#890=FACE_OUTER_BOUND('',#1078,.T.);
#891=FACE_OUTER_BOUND('',#1079,.T.);
#892=FACE_OUTER_BOUND('',#1080,.T.);
#893=FACE_OUTER_BOUND('',#1081,.T.);
#894=FACE_OUTER_BOUND('',#1082,.T.);
#895=FACE_OUTER_BOUND('',#1083,.T.);
#896=FACE_OUTER_BOUND('',#1084,.T.);
#897=FACE_OUTER_BOUND('',#1085,.T.);
#898=FACE_OUTER_BOUND('',#1086,.T.);
#899=FACE_OUTER_BOUND('',#1087,.T.);
#900=FACE_OUTER_BOUND('',#1088,.T.);
#901=FACE_OUTER_BOUND('',#1089,.T.);
#902=FACE_OUTER_BOUND('',#1090,.T.);
#903=FACE_OUTER_BOUND('',#1091,.T.);
#904=FACE_OUTER_BOUND('',#1092,.T.);
#905=FACE_OUTER_BOUND('',#1093,.T.);
#906=FACE_OUTER_BOUND('',#1094,.T.);
#907=FACE_OUTER_BOUND('',#1095,.T.);
#908=FACE_OUTER_BOUND('',#1096,.T.);
#909=FACE_OUTER_BOUND('',#1097,.T.);
#910=FACE_OUTER_BOUND('',#1098,.T.);
#911=FACE_OUTER_BOUND('',#1099,.T.);
#912=FACE_OUTER_BOUND('',#1100,.T.);
#913=FACE_OUTER_BOUND('',#1101,.T.);
#914=FACE_OUTER_BOUND('',#1102,.T.);
#915=FACE_OUTER_BOUND('',#1103,.T.);
#916=FACE_OUTER_BOUND('',#1104,.T.);
#917=FACE_OUTER_BOUND('',#1105,.T.);
#918=FACE_OUTER_BOUND('',#1106,.T.);
#919=FACE_OUTER_BOUND('',#1107,.T.);
#920=FACE_OUTER_BOUND('',#1108,.T.);
#921=FACE_OUTER_BOUND('',#1109,.T.);
#922=FACE_OUTER_BOUND('',#1110,.T.);
#923=FACE_OUTER_BOUND('',#1111,.T.);
#924=FACE_OUTER_BOUND('',#1112,.T.);
#925=FACE_OUTER_BOUND('',#1113,.T.);
#926=FACE_OUTER_BOUND('',#1114,.T.);
#927=FACE_OUTER_BOUND('',#1115,.T.);
#928=FACE_OUTER_BOUND('',#1116,.T.);
#929=FACE_OUTER_BOUND('',#1117,.T.);
#930=FACE_OUTER_BOUND('',#1118,.T.);
#931=FACE_OUTER_BOUND('',#1119,.T.);
#932=FACE_OUTER_BOUND('',#1120,.T.);
#933=FACE_OUTER_BOUND('',#1121,.T.);
#934=FACE_OUTER_BOUND('',#1122,.T.);
#935=FACE_OUTER_BOUND('',#1123,.T.);
#936=FACE_OUTER_BOUND('',#1124,.T.);
#937=FACE_OUTER_BOUND('',#1125,.T.);
#938=FACE_OUTER_BOUND('',#1126,.T.);
#939=FACE_OUTER_BOUND('',#1127,.T.);
#940=FACE_OUTER_BOUND('',#1128,.T.);
#941=FACE_OUTER_BOUND('',#1129,.T.);
#942=FACE_OUTER_BOUND('',#1130,.T.);
#943=FACE_OUTER_BOUND('',#1131,.T.);
#944=FACE_OUTER_BOUND('',#1132,.T.);
#945=FACE_OUTER_BOUND('',#1133,.T.);
#946=FACE_OUTER_BOUND('',#1134,.T.);
#947=FACE_OUTER_BOUND('',#1135,.T.);
#948=FACE_OUTER_BOUND('',#1136,.T.);
#949=FACE_OUTER_BOUND('',#1137,.T.);
#950=FACE_OUTER_BOUND('',#1138,.T.);
#951=FACE_OUTER_BOUND('',#1139,.T.);
#952=FACE_OUTER_BOUND('',#1140,.T.);
#953=FACE_OUTER_BOUND('',#1141,.T.);
#954=FACE_OUTER_BOUND('',#1142,.T.);
#955=FACE_OUTER_BOUND('',#1143,.T.);
#956=FACE_OUTER_BOUND('',#1144,.T.);
#957=FACE_OUTER_BOUND('',#1145,.T.);
#958=FACE_OUTER_BOUND('',#1146,.T.);
#959=FACE_OUTER_BOUND('',#1147,.T.);
#960=FACE_OUTER_BOUND('',#1148,.T.);
#961=FACE_OUTER_BOUND('',#1149,.T.);
#962=FACE_OUTER_BOUND('',#1150,.T.);
#963=FACE_OUTER_BOUND('',#1151,.T.);
#964=FACE_OUTER_BOUND('',#1152,.T.);
#965=FACE_OUTER_BOUND('',#1153,.T.);
#966=FACE_OUTER_BOUND('',#1154,.T.);
#967=FACE_OUTER_BOUND('',#1155,.T.);
#968=FACE_OUTER_BOUND('',#1156,.T.);
#969=FACE_OUTER_BOUND('',#1157,.T.);
#970=FACE_OUTER_BOUND('',#1158,.T.);
#971=FACE_OUTER_BOUND('',#1160,.T.);
#972=FACE_OUTER_BOUND('',#1161,.T.);
#973=FACE_OUTER_BOUND('',#1163,.T.);
#974=FACE_OUTER_BOUND('',#1164,.T.);
#975=FACE_OUTER_BOUND('',#1165,.T.);
#976=FACE_OUTER_BOUND('',#1166,.T.);
#977=FACE_OUTER_BOUND('',#1167,.T.);
#978=FACE_OUTER_BOUND('',#1168,.T.);
#979=FACE_OUTER_BOUND('',#1169,.T.);
#980=FACE_OUTER_BOUND('',#1170,.T.);
#981=FACE_OUTER_BOUND('',#1171,.T.);
#982=FACE_OUTER_BOUND('',#1172,.T.);
#983=FACE_OUTER_BOUND('',#1173,.T.);
#984=FACE_OUTER_BOUND('',#1175,.T.);
#985=FACE_OUTER_BOUND('',#1176,.T.);
#986=FACE_OUTER_BOUND('',#1177,.T.);
#987=FACE_OUTER_BOUND('',#1178,.T.);
#988=FACE_OUTER_BOUND('',#1179,.T.);
#989=FACE_OUTER_BOUND('',#1180,.T.);
#990=FACE_OUTER_BOUND('',#1181,.T.);
#991=FACE_OUTER_BOUND('',#1182,.T.);
#992=FACE_OUTER_BOUND('',#1183,.T.);
#993=FACE_OUTER_BOUND('',#1184,.T.);
#994=FACE_OUTER_BOUND('',#1185,.T.);
#995=FACE_OUTER_BOUND('',#1186,.T.);
#996=FACE_OUTER_BOUND('',#1194,.T.);
#997=FACE_OUTER_BOUND('',#1195,.T.);
#998=FACE_OUTER_BOUND('',#1203,.T.);
#999=FACE_OUTER_BOUND('',#1204,.T.);
#1000=FACE_OUTER_BOUND('',#1209,.T.);
#1001=FACE_OUTER_BOUND('',#1214,.T.);
#1002=FACE_OUTER_BOUND('',#1223,.T.);
#1003=EDGE_LOOP('',(#2241));
#1004=EDGE_LOOP('',(#2242));
#1005=EDGE_LOOP('',(#2243,#2244,#2245,#2246,#2247,#2248,#2249,#2250));
#1006=EDGE_LOOP('',(#2251,#2252,#2253,#2254));
#1007=EDGE_LOOP('',(#2255));
#1008=EDGE_LOOP('',(#2256));
#1009=EDGE_LOOP('',(#2257,#2258,#2259,#2260,#2261,#2262,#2263,#2264));
#1010=EDGE_LOOP('',(#2265,#2266,#2267,#2268));
#1011=EDGE_LOOP('',(#2269,#2270,#2271,#2272,#2273,#2274,#2275,#2276));
#1012=EDGE_LOOP('',(#2277,#2278,#2279,#2280,#2281,#2282,#2283));
#1013=EDGE_LOOP('',(#2284,#2285,#2286,#2287,#2288));
#1014=EDGE_LOOP('',(#2289));
#1015=EDGE_LOOP('',(#2290,#2291,#2292,#2293,#2294));
#1016=EDGE_LOOP('',(#2295));
#1017=EDGE_LOOP('',(#2296,#2297,#2298,#2299,#2300,#2301,#2302,#2303,#2304,
#2305));
#1018=EDGE_LOOP('',(#2306,#2307,#2308,#2309,#2310,#2311));
#1019=EDGE_LOOP('',(#2312,#2313,#2314,#2315,#2316,#2317));
#1020=EDGE_LOOP('',(#2318,#2319,#2320,#2321,#2322,#2323));
#1021=EDGE_LOOP('',(#2324,#2325,#2326,#2327,#2328,#2329));
#1022=EDGE_LOOP('',(#2330,#2331,#2332,#2333,#2334,#2335));
#1023=EDGE_LOOP('',(#2336,#2337,#2338,#2339,#2340,#2341));
#1024=EDGE_LOOP('',(#2342,#2343,#2344,#2345,#2346,#2347));
#1025=EDGE_LOOP('',(#2348,#2349,#2350,#2351,#2352,#2353));
#1026=EDGE_LOOP('',(#2354,#2355,#2356,#2357,#2358,#2359));
#1027=EDGE_LOOP('',(#2360,#2361,#2362,#2363));
#1028=EDGE_LOOP('',(#2364,#2365,#2366,#2367,#2368,#2369,#2370,#2371,#2372,
#2373,#2374,#2375));
#1029=EDGE_LOOP('',(#2376));
#1030=EDGE_LOOP('',(#2377,#2378,#2379,#2380));
#1031=EDGE_LOOP('',(#2381,#2382,#2383,#2384));
#1032=EDGE_LOOP('',(#2385,#2386,#2387,#2388));
#1033=EDGE_LOOP('',(#2389,#2390,#2391,#2392,#2393,#2394,#2395,#2396,#2397,
#2398));
#1034=EDGE_LOOP('',(#2399));
#1035=EDGE_LOOP('',(#2400,#2401,#2402,#2403));
#1036=EDGE_LOOP('',(#2404,#2405,#2406,#2407,#2408,#2409,#2410,#2411,#2412,
#2413));
#1037=EDGE_LOOP('',(#2414,#2415,#2416,#2417));
#1038=EDGE_LOOP('',(#2418,#2419,#2420,#2421));
#1039=EDGE_LOOP('',(#2422,#2423,#2424,#2425));
#1040=EDGE_LOOP('',(#2426,#2427,#2428,#2429));
#1041=EDGE_LOOP('',(#2430,#2431,#2432,#2433));
#1042=EDGE_LOOP('',(#2434,#2435,#2436,#2437));
#1043=EDGE_LOOP('',(#2438,#2439,#2440,#2441));
#1044=EDGE_LOOP('',(#2442,#2443,#2444,#2445));
#1045=EDGE_LOOP('',(#2446,#2447,#2448,#2449));
#1046=EDGE_LOOP('',(#2450,#2451,#2452,#2453));
#1047=EDGE_LOOP('',(#2454,#2455,#2456,#2457));
#1048=EDGE_LOOP('',(#2458,#2459,#2460,#2461));
#1049=EDGE_LOOP('',(#2462,#2463,#2464,#2465));
#1050=EDGE_LOOP('',(#2466,#2467,#2468,#2469));
#1051=EDGE_LOOP('',(#2470,#2471,#2472,#2473));
#1052=EDGE_LOOP('',(#2474,#2475,#2476,#2477));
#1053=EDGE_LOOP('',(#2478,#2479,#2480,#2481));
#1054=EDGE_LOOP('',(#2482,#2483,#2484,#2485));
#1055=EDGE_LOOP('',(#2486,#2487,#2488,#2489));
#1056=EDGE_LOOP('',(#2490,#2491,#2492,#2493));
#1057=EDGE_LOOP('',(#2494,#2495,#2496,#2497));
#1058=EDGE_LOOP('',(#2498,#2499,#2500,#2501));
#1059=EDGE_LOOP('',(#2502,#2503,#2504,#2505));
#1060=EDGE_LOOP('',(#2506,#2507,#2508,#2509));
#1061=EDGE_LOOP('',(#2510,#2511,#2512,#2513));
#1062=EDGE_LOOP('',(#2514,#2515,#2516,#2517));
#1063=EDGE_LOOP('',(#2518,#2519,#2520,#2521));
#1064=EDGE_LOOP('',(#2522,#2523,#2524,#2525));
#1065=EDGE_LOOP('',(#2526,#2527,#2528,#2529));
#1066=EDGE_LOOP('',(#2530,#2531,#2532,#2533));
#1067=EDGE_LOOP('',(#2534,#2535,#2536,#2537));
#1068=EDGE_LOOP('',(#2538,#2539,#2540,#2541));
#1069=EDGE_LOOP('',(#2542,#2543,#2544,#2545));
#1070=EDGE_LOOP('',(#2546,#2547,#2548,#2549));
#1071=EDGE_LOOP('',(#2550,#2551,#2552,#2553));
#1072=EDGE_LOOP('',(#2554,#2555,#2556,#2557));
#1073=EDGE_LOOP('',(#2558,#2559,#2560,#2561));
#1074=EDGE_LOOP('',(#2562,#2563,#2564,#2565));
#1075=EDGE_LOOP('',(#2566,#2567,#2568,#2569));
#1076=EDGE_LOOP('',(#2570,#2571,#2572,#2573));
#1077=EDGE_LOOP('',(#2574,#2575,#2576,#2577));
#1078=EDGE_LOOP('',(#2578,#2579,#2580,#2581));
#1079=EDGE_LOOP('',(#2582,#2583,#2584,#2585));
#1080=EDGE_LOOP('',(#2586,#2587,#2588,#2589));
#1081=EDGE_LOOP('',(#2590,#2591,#2592,#2593));
#1082=EDGE_LOOP('',(#2594,#2595,#2596,#2597));
#1083=EDGE_LOOP('',(#2598,#2599,#2600,#2601));
#1084=EDGE_LOOP('',(#2602,#2603,#2604,#2605));
#1085=EDGE_LOOP('',(#2606,#2607,#2608,#2609));
#1086=EDGE_LOOP('',(#2610,#2611,#2612,#2613));
#1087=EDGE_LOOP('',(#2614,#2615,#2616,#2617));
#1088=EDGE_LOOP('',(#2618,#2619,#2620,#2621));
#1089=EDGE_LOOP('',(#2622,#2623,#2624,#2625));
#1090=EDGE_LOOP('',(#2626,#2627,#2628,#2629));
#1091=EDGE_LOOP('',(#2630,#2631,#2632,#2633));
#1092=EDGE_LOOP('',(#2634,#2635,#2636,#2637));
#1093=EDGE_LOOP('',(#2638,#2639,#2640,#2641));
#1094=EDGE_LOOP('',(#2642,#2643,#2644,#2645));
#1095=EDGE_LOOP('',(#2646,#2647,#2648,#2649));
#1096=EDGE_LOOP('',(#2650,#2651,#2652,#2653));
#1097=EDGE_LOOP('',(#2654,#2655,#2656,#2657));
#1098=EDGE_LOOP('',(#2658,#2659,#2660,#2661));
#1099=EDGE_LOOP('',(#2662,#2663,#2664,#2665));
#1100=EDGE_LOOP('',(#2666,#2667,#2668,#2669));
#1101=EDGE_LOOP('',(#2670,#2671,#2672,#2673));
#1102=EDGE_LOOP('',(#2674,#2675,#2676,#2677));
#1103=EDGE_LOOP('',(#2678,#2679,#2680,#2681));
#1104=EDGE_LOOP('',(#2682,#2683,#2684,#2685));
#1105=EDGE_LOOP('',(#2686,#2687,#2688,#2689));
#1106=EDGE_LOOP('',(#2690,#2691,#2692,#2693));
#1107=EDGE_LOOP('',(#2694,#2695,#2696,#2697));
#1108=EDGE_LOOP('',(#2698,#2699,#2700,#2701));
#1109=EDGE_LOOP('',(#2702,#2703,#2704,#2705));
#1110=EDGE_LOOP('',(#2706,#2707,#2708,#2709));
#1111=EDGE_LOOP('',(#2710,#2711,#2712,#2713));
#1112=EDGE_LOOP('',(#2714,#2715,#2716,#2717));
#1113=EDGE_LOOP('',(#2718,#2719,#2720,#2721));
#1114=EDGE_LOOP('',(#2722,#2723,#2724,#2725));
#1115=EDGE_LOOP('',(#2726,#2727,#2728,#2729));
#1116=EDGE_LOOP('',(#2730,#2731,#2732,#2733));
#1117=EDGE_LOOP('',(#2734,#2735,#2736,#2737));
#1118=EDGE_LOOP('',(#2738,#2739,#2740,#2741));
#1119=EDGE_LOOP('',(#2742,#2743,#2744,#2745));
#1120=EDGE_LOOP('',(#2746,#2747,#2748,#2749));
#1121=EDGE_LOOP('',(#2750,#2751,#2752,#2753));
#1122=EDGE_LOOP('',(#2754,#2755,#2756,#2757));
#1123=EDGE_LOOP('',(#2758,#2759,#2760,#2761));
#1124=EDGE_LOOP('',(#2762,#2763,#2764,#2765));
#1125=EDGE_LOOP('',(#2766,#2767,#2768,#2769));
#1126=EDGE_LOOP('',(#2770,#2771,#2772,#2773));
#1127=EDGE_LOOP('',(#2774,#2775,#2776,#2777));
#1128=EDGE_LOOP('',(#2778,#2779,#2780,#2781));
#1129=EDGE_LOOP('',(#2782,#2783,#2784,#2785));
#1130=EDGE_LOOP('',(#2786,#2787,#2788,#2789,#2790,#2791,#2792));
#1131=EDGE_LOOP('',(#2793,#2794,#2795,#2796,#2797,#2798));
#1132=EDGE_LOOP('',(#2799,#2800,#2801,#2802));
#1133=EDGE_LOOP('',(#2803,#2804,#2805,#2806));
#1134=EDGE_LOOP('',(#2807,#2808,#2809,#2810));
#1135=EDGE_LOOP('',(#2811,#2812,#2813,#2814));
#1136=EDGE_LOOP('',(#2815,#2816,#2817,#2818));
#1137=EDGE_LOOP('',(#2819,#2820,#2821,#2822));
#1138=EDGE_LOOP('',(#2823,#2824,#2825,#2826));
#1139=EDGE_LOOP('',(#2827,#2828,#2829,#2830));
#1140=EDGE_LOOP('',(#2831,#2832,#2833,#2834));
#1141=EDGE_LOOP('',(#2835,#2836,#2837,#2838));
#1142=EDGE_LOOP('',(#2839,#2840,#2841,#2842));
#1143=EDGE_LOOP('',(#2843,#2844,#2845,#2846));
#1144=EDGE_LOOP('',(#2847,#2848,#2849,#2850));
#1145=EDGE_LOOP('',(#2851,#2852,#2853,#2854));
#1146=EDGE_LOOP('',(#2855,#2856,#2857,#2858));
#1147=EDGE_LOOP('',(#2859,#2860,#2861,#2862));
#1148=EDGE_LOOP('',(#2863,#2864,#2865,#2866));
#1149=EDGE_LOOP('',(#2867,#2868,#2869,#2870));
#1150=EDGE_LOOP('',(#2871,#2872,#2873,#2874));
#1151=EDGE_LOOP('',(#2875,#2876,#2877,#2878));
#1152=EDGE_LOOP('',(#2879,#2880,#2881,#2882));
#1153=EDGE_LOOP('',(#2883,#2884,#2885,#2886));
#1154=EDGE_LOOP('',(#2887,#2888,#2889,#2890));
#1155=EDGE_LOOP('',(#2891,#2892,#2893,#2894));
#1156=EDGE_LOOP('',(#2895,#2896,#2897,#2898));
#1157=EDGE_LOOP('',(#2899,#2900,#2901,#2902));
#1158=EDGE_LOOP('',(#2903));
#1159=EDGE_LOOP('',(#2904));
#1160=EDGE_LOOP('',(#2905,#2906,#2907,#2908));
#1161=EDGE_LOOP('',(#2909));
#1162=EDGE_LOOP('',(#2910));
#1163=EDGE_LOOP('',(#2911,#2912,#2913,#2914));
#1164=EDGE_LOOP('',(#2915,#2916,#2917,#2918));
#1165=EDGE_LOOP('',(#2919,#2920,#2921,#2922));
#1166=EDGE_LOOP('',(#2923,#2924,#2925,#2926));
#1167=EDGE_LOOP('',(#2927,#2928,#2929,#2930));
#1168=EDGE_LOOP('',(#2931,#2932,#2933,#2934));
#1169=EDGE_LOOP('',(#2935,#2936,#2937,#2938));
#1170=EDGE_LOOP('',(#2939,#2940,#2941,#2942));
#1171=EDGE_LOOP('',(#2943,#2944,#2945,#2946));
#1172=EDGE_LOOP('',(#2947,#2948,#2949,#2950));
#1173=EDGE_LOOP('',(#2951,#2952,#2953,#2954,#2955,#2956,#2957,#2958,#2959,
#2960));
#1174=EDGE_LOOP('',(#2961));
#1175=EDGE_LOOP('',(#2962,#2963,#2964,#2965));
#1176=EDGE_LOOP('',(#2966,#2967,#2968,#2969));
#1177=EDGE_LOOP('',(#2970,#2971,#2972,#2973));
#1178=EDGE_LOOP('',(#2974,#2975,#2976,#2977));
#1179=EDGE_LOOP('',(#2978,#2979,#2980,#2981));
#1180=EDGE_LOOP('',(#2982,#2983,#2984,#2985));
#1181=EDGE_LOOP('',(#2986,#2987,#2988,#2989));
#1182=EDGE_LOOP('',(#2990,#2991,#2992,#2993));
#1183=EDGE_LOOP('',(#2994,#2995,#2996,#2997));
#1184=EDGE_LOOP('',(#2998,#2999,#3000,#3001,#3002,#3003,#3004,#3005,#3006,
#3007));
#1185=EDGE_LOOP('',(#3008,#3009,#3010,#3011));
#1186=EDGE_LOOP('',(#3012,#3013,#3014,#3015,#3016,#3017,#3018,#3019,#3020,
#3021,#3022,#3023,#3024,#3025,#3026,#3027,#3028,#3029,#3030,#3031));
#1187=EDGE_LOOP('',(#3032,#3033,#3034,#3035,#3036,#3037));
#1188=EDGE_LOOP('',(#3038,#3039,#3040,#3041,#3042,#3043));
#1189=EDGE_LOOP('',(#3044,#3045,#3046,#3047,#3048,#3049));
#1190=EDGE_LOOP('',(#3050,#3051,#3052,#3053,#3054,#3055));
#1191=EDGE_LOOP('',(#3056,#3057,#3058,#3059,#3060,#3061));
#1192=EDGE_LOOP('',(#3062,#3063,#3064,#3065,#3066,#3067));
#1193=EDGE_LOOP('',(#3068,#3069,#3070,#3071,#3072,#3073));
#1194=EDGE_LOOP('',(#3074,#3075,#3076,#3077));
#1195=EDGE_LOOP('',(#3078,#3079,#3080,#3081,#3082,#3083,#3084,#3085,#3086,
#3087,#3088,#3089,#3090,#3091,#3092,#3093,#3094,#3095,#3096,#3097));
#1196=EDGE_LOOP('',(#3098,#3099,#3100,#3101,#3102,#3103));
#1197=EDGE_LOOP('',(#3104,#3105,#3106,#3107,#3108,#3109));
#1198=EDGE_LOOP('',(#3110,#3111,#3112,#3113,#3114,#3115));
#1199=EDGE_LOOP('',(#3116,#3117,#3118,#3119,#3120,#3121));
#1200=EDGE_LOOP('',(#3122,#3123,#3124,#3125,#3126,#3127));
#1201=EDGE_LOOP('',(#3128,#3129,#3130,#3131,#3132,#3133));
#1202=EDGE_LOOP('',(#3134,#3135,#3136,#3137,#3138,#3139));
#1203=EDGE_LOOP('',(#3140,#3141,#3142,#3143,#3144,#3145));
#1204=EDGE_LOOP('',(#3146,#3147,#3148,#3149));
#1205=EDGE_LOOP('',(#3150,#3151,#3152,#3153,#3154,#3155));
#1206=EDGE_LOOP('',(#3156,#3157,#3158,#3159,#3160,#3161));
#1207=EDGE_LOOP('',(#3162,#3163,#3164,#3165,#3166,#3167));
#1208=EDGE_LOOP('',(#3168,#3169,#3170,#3171,#3172,#3173));
#1209=EDGE_LOOP('',(#3174,#3175,#3176,#3177));
#1210=EDGE_LOOP('',(#3178,#3179,#3180,#3181,#3182,#3183));
#1211=EDGE_LOOP('',(#3184,#3185,#3186,#3187,#3188,#3189));
#1212=EDGE_LOOP('',(#3190,#3191,#3192,#3193,#3194,#3195));
#1213=EDGE_LOOP('',(#3196,#3197,#3198,#3199,#3200,#3201));
#1214=EDGE_LOOP('',(#3202,#3203,#3204,#3205,#3206,#3207,#3208,#3209,#3210,
#3211));
#1215=EDGE_LOOP('',(#3212,#3213,#3214,#3215,#3216,#3217));
#1216=EDGE_LOOP('',(#3218,#3219,#3220,#3221,#3222,#3223));
#1217=EDGE_LOOP('',(#3224,#3225,#3226,#3227,#3228,#3229));
#1218=EDGE_LOOP('',(#3230,#3231,#3232,#3233,#3234,#3235));
#1219=EDGE_LOOP('',(#3236,#3237,#3238,#3239,#3240,#3241));
#1220=EDGE_LOOP('',(#3242,#3243,#3244,#3245,#3246,#3247));
#1221=EDGE_LOOP('',(#3248,#3249,#3250,#3251,#3252,#3253));
#1222=EDGE_LOOP('',(#3254,#3255,#3256,#3257,#3258,#3259));
#1223=EDGE_LOOP('',(#3260,#3261,#3262,#3263,#3264,#3265,#3266,#3267,#3268,
#3269,#3270,#3271));
#1224=EDGE_LOOP('',(#3272));
#1225=CIRCLE('',#3550,5.);
#1226=CIRCLE('',#3551,2.65);
#1227=CIRCLE('',#3553,5.);
#1228=CIRCLE('',#3554,5.);
#1229=CIRCLE('',#3555,5.);
#1230=CIRCLE('',#3557,2.65);
#1231=CIRCLE('',#3559,5.);
#1232=CIRCLE('',#3560,2.65);
#1233=CIRCLE('',#3562,5.);
#1234=CIRCLE('',#3563,5.);
#1235=CIRCLE('',#3564,5.);
#1236=CIRCLE('',#3566,2.65);
#1237=CIRCLE('',#3568,2.);
#1238=CIRCLE('',#3570,2.);
#1239=CIRCLE('',#3572,2.);
#1240=CIRCLE('',#3574,2.);
#1241=CIRCLE('',#3576,2.);
#1242=CIRCLE('',#3577,2.);
#1243=CIRCLE('',#3578,0.999999999999998);
#1244=CIRCLE('',#3579,0.999999999999995);
#1245=CIRCLE('',#3580,1.);
#1246=CIRCLE('',#3581,1.);
#1247=CIRCLE('',#3582,0.999999999999999);
#1248=CIRCLE('',#3583,0.999999999999996);
#1249=CIRCLE('',#3584,1.);
#1250=CIRCLE('',#3585,0.999999999999998);
#1251=CIRCLE('',#3586,0.999999999999999);
#1252=CIRCLE('',#3587,0.99999999999999);
#1253=CIRCLE('',#3588,0.999999999999999);
#1254=CIRCLE('',#3589,0.999999999999997);
#1255=CIRCLE('',#3590,1.);
#1256=CIRCLE('',#3591,1.);
#1257=CIRCLE('',#3592,0.500000000000003);
#1258=CIRCLE('',#3593,0.500000000000003);
#1259=CIRCLE('',#3594,0.500000000000005);
#1260=CIRCLE('',#3595,0.99999999999999);
#1261=CIRCLE('',#3596,0.499999999999999);
#1262=CIRCLE('',#3597,0.499999999999999);
#1263=CIRCLE('',#3598,1.00000000000002);
#1264=CIRCLE('',#3599,1.00000000000001);
#1265=CIRCLE('',#3600,1.);
#1266=CIRCLE('',#3601,0.499999999999996);
#1267=CIRCLE('',#3605,2.5);
#1268=CIRCLE('',#3606,2.5);
#1269=CIRCLE('',#3607,5.);
#1270=CIRCLE('',#3608,2.5);
#1271=CIRCLE('',#3609,1.8);
#1272=CIRCLE('',#3613,2.);
#1273=CIRCLE('',#3614,2.);
#1274=CIRCLE('',#3616,2.5);
#1275=CIRCLE('',#3617,5.);
#1276=CIRCLE('',#3618,2.5);
#1277=CIRCLE('',#3619,2.5);
#1278=CIRCLE('',#3620,3.25);
#1279=CIRCLE('',#3622,2.);
#1280=CIRCLE('',#3624,2.);
#1281=CIRCLE('',#3625,127.97195945946);
#1282=CIRCLE('',#3626,2.);
#1283=CIRCLE('',#3627,111.999040099017);
#1284=CIRCLE('',#3631,127.97195945946);
#1285=CIRCLE('',#3632,111.999040099017);
#1286=CIRCLE('',#3663,127.97195945946);
#1287=CIRCLE('',#3664,111.999040099017);
#1288=CIRCLE('',#3674,1.);
#1289=CIRCLE('',#3675,1.);
#1290=CIRCLE('',#3677,1.);
#1291=CIRCLE('',#3682,1.00000000000001);
#1292=CIRCLE('',#3683,1.00000000000001);
#1293=CIRCLE('',#3685,1.00000000000001);
#1294=CIRCLE('',#3687,0.499999999999996);
#1295=CIRCLE('',#3688,0.499999999999996);
#1296=CIRCLE('',#3692,0.499999999999996);
#1297=CIRCLE('',#3695,0.499999999999999);
#1298=CIRCLE('',#3696,0.499999999999999);
#1299=CIRCLE('',#3698,0.499999999999999);
#1300=CIRCLE('',#3703,0.499999999999999);
#1301=CIRCLE('',#3704,0.499999999999999);
#1302=CIRCLE('',#3706,0.499999999999999);
#1303=CIRCLE('',#3708,1.00000000000002);
#1304=CIRCLE('',#3709,1.00000000000002);
#1305=CIRCLE('',#3713,1.00000000000002);
#1306=CIRCLE('',#3716,0.500000000000005);
#1307=CIRCLE('',#3717,0.500000000000005);
#1308=CIRCLE('',#3719,0.500000000000005);
#1309=CIRCLE('',#3724,0.500000000000003);
#1310=CIRCLE('',#3725,0.500000000000003);
#1311=CIRCLE('',#3727,0.500000000000003);
#1312=CIRCLE('',#3729,0.99999999999999);
#1313=CIRCLE('',#3730,0.99999999999999);
#1314=CIRCLE('',#3734,0.99999999999999);
#1315=CIRCLE('',#3737,1.);
#1316=CIRCLE('',#3738,1.);
#1317=CIRCLE('',#3740,1.);
#1318=CIRCLE('',#3745,1.);
#1319=CIRCLE('',#3746,1.);
#1320=CIRCLE('',#3748,1.);
#1321=CIRCLE('',#3750,0.500000000000003);
#1322=CIRCLE('',#3751,0.500000000000003);
#1323=CIRCLE('',#3755,0.500000000000003);
#1324=CIRCLE('',#3758,0.999999999999999);
#1325=CIRCLE('',#3759,0.999999999999999);
#1326=CIRCLE('',#3761,0.999999999999999);
#1327=CIRCLE('',#3766,0.99999999999999);
#1328=CIRCLE('',#3767,0.99999999999999);
#1329=CIRCLE('',#3769,0.99999999999999);
#1330=CIRCLE('',#3771,0.999999999999997);
#1331=CIRCLE('',#3772,0.999999999999997);
#1332=CIRCLE('',#3776,0.999999999999997);
#1333=CIRCLE('',#3779,0.999999999999998);
#1334=CIRCLE('',#3780,0.999999999999998);
#1335=CIRCLE('',#3782,0.999999999999998);
#1336=CIRCLE('',#3787,1.);
#1337=CIRCLE('',#3788,1.);
#1338=CIRCLE('',#3790,1.);
#1339=CIRCLE('',#3792,0.999999999999999);
#1340=CIRCLE('',#3793,0.999999999999999);
#1341=CIRCLE('',#3797,0.999999999999999);
#1342=CIRCLE('',#3800,0.999999999999999);
#1343=CIRCLE('',#3801,0.999999999999999);
#1344=CIRCLE('',#3803,0.999999999999999);
#1345=CIRCLE('',#3808,1.);
#1346=CIRCLE('',#3809,1.);
#1347=CIRCLE('',#3811,1.);
#1348=CIRCLE('',#3813,0.999999999999996);
#1349=CIRCLE('',#3814,0.999999999999996);
#1350=CIRCLE('',#3818,0.999999999999996);
#1351=CIRCLE('',#3821,0.999999999999995);
#1352=CIRCLE('',#3822,0.999999999999995);
#1353=CIRCLE('',#3824,0.999999999999995);
#1354=CIRCLE('',#3829,0.999999999999998);
#1355=CIRCLE('',#3830,0.999999999999998);
#1356=CIRCLE('',#3832,0.999999999999998);
#1357=CIRCLE('',#3834,1.);
#1358=CIRCLE('',#3835,1.);
#1359=CIRCLE('',#3839,1.);
#1360=CIRCLE('',#3842,3.25);
#1361=CIRCLE('',#3843,1.8);
#1362=CIRCLE('',#3846,3.25);
#1363=CIRCLE('',#3847,1.8);
#1364=CIRCLE('',#3849,1.8);
#1365=CIRCLE('',#3852,3.25);
#1366=CIRCLE('',#3854,5.);
#1367=CIRCLE('',#3855,5.);
#1368=CIRCLE('',#3858,2.5);
#1369=CIRCLE('',#3859,2.5);
#1370=CIRCLE('',#3862,2.5);
#1371=CIRCLE('',#3863,2.5);
#1372=CIRCLE('',#3865,2.5);
#1373=CIRCLE('',#3866,2.5);
#1374=CIRCLE('',#3877,2.);
#1375=CIRCLE('',#3879,2.);
#1376=CIRCLE('',#3880,2.);
#1377=CIRCLE('',#3882,2.);
#1378=CIRCLE('',#3883,127.97195945946);
#1379=CIRCLE('',#3884,2.);
#1380=CIRCLE('',#3885,111.999040099017);
#1381=VERTEX_POINT('',#4911);
#1382=VERTEX_POINT('',#4913);
#1383=VERTEX_POINT('',#4916);
#1384=VERTEX_POINT('',#4917);
#1385=VERTEX_POINT('',#4919);
#1386=VERTEX_POINT('',#4921);
#1387=VERTEX_POINT('',#4923);
#1388=VERTEX_POINT('',#4928);
#1389=VERTEX_POINT('',#4932);
#1390=VERTEX_POINT('',#4934);
#1391=VERTEX_POINT('',#4937);
#1392=VERTEX_POINT('',#4938);
#1393=VERTEX_POINT('',#4940);
#1394=VERTEX_POINT('',#4942);
#1395=VERTEX_POINT('',#4945);
#1396=VERTEX_POINT('',#4949);
#1397=VERTEX_POINT('',#4953);
#1398=VERTEX_POINT('',#4955);
#1399=VERTEX_POINT('',#4957);
#1400=VERTEX_POINT('',#4959);
#1401=VERTEX_POINT('',#4961);
#1402=VERTEX_POINT('',#4965);
#1403=VERTEX_POINT('',#4967);
#1404=VERTEX_POINT('',#4969);
#1405=VERTEX_POINT('',#4971);
#1406=VERTEX_POINT('',#4973);
#1407=VERTEX_POINT('',#4977);
#1408=VERTEX_POINT('',#4978);
#1409=VERTEX_POINT('',#4980);
#1410=VERTEX_POINT('',#4982);
#1411=VERTEX_POINT('',#4984);
#1412=VERTEX_POINT('',#4988);
#1413=VERTEX_POINT('',#4989);
#1414=VERTEX_POINT('',#4991);
#1415=VERTEX_POINT('',#4993);
#1416=VERTEX_POINT('',#4995);
#1417=VERTEX_POINT('',#4999);
#1418=VERTEX_POINT('',#5001);
#1419=VERTEX_POINT('',#5003);
#1420=VERTEX_POINT('',#5005);
#1421=VERTEX_POINT('',#5007);
#1422=VERTEX_POINT('',#5009);
#1423=VERTEX_POINT('',#5011);
#1424=VERTEX_POINT('',#5013);
#1425=VERTEX_POINT('',#5016);
#1426=VERTEX_POINT('',#5017);
#1427=VERTEX_POINT('',#5019);
#1428=VERTEX_POINT('',#5021);
#1429=VERTEX_POINT('',#5023);
#1430=VERTEX_POINT('',#5025);
#1431=VERTEX_POINT('',#5028);
#1432=VERTEX_POINT('',#5029);
#1433=VERTEX_POINT('',#5031);
#1434=VERTEX_POINT('',#5033);
#1435=VERTEX_POINT('',#5035);
#1436=VERTEX_POINT('',#5037);
#1437=VERTEX_POINT('',#5040);
#1438=VERTEX_POINT('',#5041);
#1439=VERTEX_POINT('',#5043);
#1440=VERTEX_POINT('',#5045);
#1441=VERTEX_POINT('',#5047);
#1442=VERTEX_POINT('',#5049);
#1443=VERTEX_POINT('',#5052);
#1444=VERTEX_POINT('',#5053);
#1445=VERTEX_POINT('',#5055);
#1446=VERTEX_POINT('',#5057);
#1447=VERTEX_POINT('',#5059);
#1448=VERTEX_POINT('',#5061);
#1449=VERTEX_POINT('',#5064);
#1450=VERTEX_POINT('',#5065);
#1451=VERTEX_POINT('',#5067);
#1452=VERTEX_POINT('',#5069);
#1453=VERTEX_POINT('',#5071);
#1454=VERTEX_POINT('',#5073);
#1455=VERTEX_POINT('',#5076);
#1456=VERTEX_POINT('',#5077);
#1457=VERTEX_POINT('',#5079);
#1458=VERTEX_POINT('',#5081);
#1459=VERTEX_POINT('',#5083);
#1460=VERTEX_POINT('',#5085);
#1461=VERTEX_POINT('',#5088);
#1462=VERTEX_POINT('',#5089);
#1463=VERTEX_POINT('',#5091);
#1464=VERTEX_POINT('',#5093);
#1465=VERTEX_POINT('',#5095);
#1466=VERTEX_POINT('',#5097);
#1467=VERTEX_POINT('',#5100);
#1468=VERTEX_POINT('',#5101);
#1469=VERTEX_POINT('',#5103);
#1470=VERTEX_POINT('',#5105);
#1471=VERTEX_POINT('',#5107);
#1472=VERTEX_POINT('',#5109);
#1473=VERTEX_POINT('',#5114);
#1474=VERTEX_POINT('',#5121);
#1475=VERTEX_POINT('',#5123);
#1476=VERTEX_POINT('',#5125);
#1477=VERTEX_POINT('',#5127);
#1478=VERTEX_POINT('',#5129);
#1479=VERTEX_POINT('',#5131);
#1480=VERTEX_POINT('',#5133);
#1481=VERTEX_POINT('',#5135);
#1482=VERTEX_POINT('',#5138);
#1483=VERTEX_POINT('',#5145);
#1484=VERTEX_POINT('',#5146);
#1485=VERTEX_POINT('',#5148);
#1486=VERTEX_POINT('',#5150);
#1487=VERTEX_POINT('',#5154);
#1488=VERTEX_POINT('',#5156);
#1489=VERTEX_POINT('',#5158);
#1490=VERTEX_POINT('',#5160);
#1491=VERTEX_POINT('',#5162);
#1492=VERTEX_POINT('',#5164);
#1493=VERTEX_POINT('',#5166);
#1494=VERTEX_POINT('',#5168);
#1495=VERTEX_POINT('',#5171);
#1496=VERTEX_POINT('',#5174);
#1497=VERTEX_POINT('',#5176);
#1498=VERTEX_POINT('',#5180);
#1499=VERTEX_POINT('',#5182);
#1500=VERTEX_POINT('',#5184);
#1501=VERTEX_POINT('',#5186);
#1502=VERTEX_POINT('',#5189);
#1503=VERTEX_POINT('',#5195);
#1504=VERTEX_POINT('',#5196);
#1505=VERTEX_POINT('',#5216);
#1506=VERTEX_POINT('',#5218);
#1507=VERTEX_POINT('',#5240);
#1508=VERTEX_POINT('',#5242);
#1509=VERTEX_POINT('',#5246);
#1510=VERTEX_POINT('',#5265);
#1511=VERTEX_POINT('',#5286);
#1512=VERTEX_POINT('',#5288);
#1513=VERTEX_POINT('',#5292);
#1514=VERTEX_POINT('',#5299);
#1515=VERTEX_POINT('',#5311);
#1516=VERTEX_POINT('',#5312);
#1517=VERTEX_POINT('',#5325);
#1518=VERTEX_POINT('',#5327);
#1519=VERTEX_POINT('',#5342);
#1520=VERTEX_POINT('',#5344);
#1521=VERTEX_POINT('',#5348);
#1522=VERTEX_POINT('',#5361);
#1523=VERTEX_POINT('',#5376);
#1524=VERTEX_POINT('',#5378);
#1525=VERTEX_POINT('',#5382);
#1526=VERTEX_POINT('',#5401);
#1527=VERTEX_POINT('',#5425);
#1528=VERTEX_POINT('',#5426);
#1529=VERTEX_POINT('',#5439);
#1530=VERTEX_POINT('',#5441);
#1531=VERTEX_POINT('',#5456);
#1532=VERTEX_POINT('',#5458);
#1533=VERTEX_POINT('',#5462);
#1534=VERTEX_POINT('',#5475);
#1535=VERTEX_POINT('',#5490);
#1536=VERTEX_POINT('',#5492);
#1537=VERTEX_POINT('',#5496);
#1538=VERTEX_POINT('',#5516);
#1539=VERTEX_POINT('',#5541);
#1540=VERTEX_POINT('',#5542);
#1541=VERTEX_POINT('',#5561);
#1542=VERTEX_POINT('',#5563);
#1543=VERTEX_POINT('',#5584);
#1544=VERTEX_POINT('',#5586);
#1545=VERTEX_POINT('',#5590);
#1546=VERTEX_POINT('',#5610);
#1547=VERTEX_POINT('',#5632);
#1548=VERTEX_POINT('',#5634);
#1549=VERTEX_POINT('',#5638);
#1550=VERTEX_POINT('',#5645);
#1551=VERTEX_POINT('',#5657);
#1552=VERTEX_POINT('',#5658);
#1553=VERTEX_POINT('',#5660);
#1554=VERTEX_POINT('',#5662);
#1555=VERTEX_POINT('',#5666);
#1556=VERTEX_POINT('',#5667);
#1557=VERTEX_POINT('',#5672);
#1558=VERTEX_POINT('',#5674);
#1559=VERTEX_POINT('',#5678);
#1560=VERTEX_POINT('',#5682);
#1561=VERTEX_POINT('',#5684);
#1562=VERTEX_POINT('',#5688);
#1563=VERTEX_POINT('',#5690);
#1564=VERTEX_POINT('',#5694);
#1565=VERTEX_POINT('',#5698);
#1566=VERTEX_POINT('',#5700);
#1567=VERTEX_POINT('',#5707);
#1568=VERTEX_POINT('',#5711);
#1569=VERTEX_POINT('',#5717);
#1570=VERTEX_POINT('',#5718);
#1571=VERTEX_POINT('',#5720);
#1572=VERTEX_POINT('',#5722);
#1573=VERTEX_POINT('',#5726);
#1574=VERTEX_POINT('',#5727);
#1575=VERTEX_POINT('',#5732);
#1576=VERTEX_POINT('',#5734);
#1577=VERTEX_POINT('',#5738);
#1578=VERTEX_POINT('',#5742);
#1579=VERTEX_POINT('',#5744);
#1580=VERTEX_POINT('',#5748);
#1581=VERTEX_POINT('',#5750);
#1582=VERTEX_POINT('',#5754);
#1583=VERTEX_POINT('',#5758);
#1584=VERTEX_POINT('',#5760);
#1585=VERTEX_POINT('',#5767);
#1586=VERTEX_POINT('',#5771);
#1587=VERTEX_POINT('',#5777);
#1588=VERTEX_POINT('',#5778);
#1589=VERTEX_POINT('',#5780);
#1590=VERTEX_POINT('',#5782);
#1591=VERTEX_POINT('',#5786);
#1592=VERTEX_POINT('',#5787);
#1593=VERTEX_POINT('',#5792);
#1594=VERTEX_POINT('',#5794);
#1595=VERTEX_POINT('',#5798);
#1596=VERTEX_POINT('',#5802);
#1597=VERTEX_POINT('',#5804);
#1598=VERTEX_POINT('',#5808);
#1599=VERTEX_POINT('',#5810);
#1600=VERTEX_POINT('',#5814);
#1601=VERTEX_POINT('',#5818);
#1602=VERTEX_POINT('',#5820);
#1603=VERTEX_POINT('',#5827);
#1604=VERTEX_POINT('',#5831);
#1605=VERTEX_POINT('',#5837);
#1606=VERTEX_POINT('',#5838);
#1607=VERTEX_POINT('',#5840);
#1608=VERTEX_POINT('',#5842);
#1609=VERTEX_POINT('',#5846);
#1610=VERTEX_POINT('',#5847);
#1611=VERTEX_POINT('',#5852);
#1612=VERTEX_POINT('',#5854);
#1613=VERTEX_POINT('',#5858);
#1614=VERTEX_POINT('',#5862);
#1615=VERTEX_POINT('',#5864);
#1616=VERTEX_POINT('',#5868);
#1617=VERTEX_POINT('',#5870);
#1618=VERTEX_POINT('',#5874);
#1619=VERTEX_POINT('',#5878);
#1620=VERTEX_POINT('',#5880);
#1621=VERTEX_POINT('',#5887);
#1622=VERTEX_POINT('',#5891);
#1623=VERTEX_POINT('',#5897);
#1624=VERTEX_POINT('',#5898);
#1625=VERTEX_POINT('',#5900);
#1626=VERTEX_POINT('',#5902);
#1627=VERTEX_POINT('',#5906);
#1628=VERTEX_POINT('',#5907);
#1629=VERTEX_POINT('',#5912);
#1630=VERTEX_POINT('',#5914);
#1631=VERTEX_POINT('',#5918);
#1632=VERTEX_POINT('',#5922);
#1633=VERTEX_POINT('',#5924);
#1634=VERTEX_POINT('',#5928);
#1635=VERTEX_POINT('',#5930);
#1636=VERTEX_POINT('',#5934);
#1637=VERTEX_POINT('',#5938);
#1638=VERTEX_POINT('',#5940);
#1639=VERTEX_POINT('',#5947);
#1640=VERTEX_POINT('',#5951);
#1641=VERTEX_POINT('',#5957);
#1642=VERTEX_POINT('',#5958);
#1643=VERTEX_POINT('',#5960);
#1644=VERTEX_POINT('',#5962);
#1645=VERTEX_POINT('',#5966);
#1646=VERTEX_POINT('',#5967);
#1647=VERTEX_POINT('',#5972);
#1648=VERTEX_POINT('',#5974);
#1649=VERTEX_POINT('',#5978);
#1650=VERTEX_POINT('',#5982);
#1651=VERTEX_POINT('',#5984);
#1652=VERTEX_POINT('',#5988);
#1653=VERTEX_POINT('',#5990);
#1654=VERTEX_POINT('',#5994);
#1655=VERTEX_POINT('',#5998);
#1656=VERTEX_POINT('',#6000);
#1657=VERTEX_POINT('',#6009);
#1658=VERTEX_POINT('',#6013);
#1659=VERTEX_POINT('',#6019);
#1660=VERTEX_POINT('',#6020);
#1661=VERTEX_POINT('',#6022);
#1662=VERTEX_POINT('',#6024);
#1663=VERTEX_POINT('',#6028);
#1664=VERTEX_POINT('',#6029);
#1665=VERTEX_POINT('',#6034);
#1666=VERTEX_POINT('',#6036);
#1667=VERTEX_POINT('',#6040);
#1668=VERTEX_POINT('',#6044);
#1669=VERTEX_POINT('',#6046);
#1670=VERTEX_POINT('',#6050);
#1671=VERTEX_POINT('',#6052);
#1672=VERTEX_POINT('',#6056);
#1673=VERTEX_POINT('',#6060);
#1674=VERTEX_POINT('',#6062);
#1675=VERTEX_POINT('',#6069);
#1676=VERTEX_POINT('',#6073);
#1677=VERTEX_POINT('',#6079);
#1678=VERTEX_POINT('',#6080);
#1679=VERTEX_POINT('',#6082);
#1680=VERTEX_POINT('',#6084);
#1681=VERTEX_POINT('',#6088);
#1682=VERTEX_POINT('',#6089);
#1683=VERTEX_POINT('',#6094);
#1684=VERTEX_POINT('',#6096);
#1685=VERTEX_POINT('',#6100);
#1686=VERTEX_POINT('',#6104);
#1687=VERTEX_POINT('',#6106);
#1688=VERTEX_POINT('',#6110);
#1689=VERTEX_POINT('',#6112);
#1690=VERTEX_POINT('',#6116);
#1691=VERTEX_POINT('',#6120);
#1692=VERTEX_POINT('',#6122);
#1693=VERTEX_POINT('',#6129);
#1694=VERTEX_POINT('',#6133);
#1695=VERTEX_POINT('',#6139);
#1696=VERTEX_POINT('',#6141);
#1697=VERTEX_POINT('',#6146);
#1698=VERTEX_POINT('',#6148);
#1699=VERTEX_POINT('',#6151);
#1700=VERTEX_POINT('',#6157);
#1701=VERTEX_POINT('',#6161);
#1702=VERTEX_POINT('',#6162);
#1703=VERTEX_POINT('',#6164);
#1704=VERTEX_POINT('',#6166);
#1705=VERTEX_POINT('',#6170);
#1706=VERTEX_POINT('',#6172);
#1707=VERTEX_POINT('',#6176);
#1708=VERTEX_POINT('',#6178);
#1709=VERTEX_POINT('',#6182);
#1710=VERTEX_POINT('',#6184);
#1711=VERTEX_POINT('',#6188);
#1712=VERTEX_POINT('',#6190);
#1713=VERTEX_POINT('',#6194);
#1714=VERTEX_POINT('',#6196);
#1715=VERTEX_POINT('',#6220);
#1716=VERTEX_POINT('',#6224);
#1717=VERTEX_POINT('',#6225);
#1718=VERTEX_POINT('',#6227);
#1719=VERTEX_POINT('',#6229);
#1720=VERTEX_POINT('',#6233);
#1721=VERTEX_POINT('',#6235);
#1722=VERTEX_POINT('',#6237);
#1723=VERTEX_POINT('',#6239);
#1724=VERTEX_POINT('',#6242);
#1725=EDGE_CURVE('',#1381,#1381,#1225,.T.);
#1726=EDGE_CURVE('',#1382,#1382,#1226,.T.);
#1727=EDGE_CURVE('',#1383,#1384,#55,.T.);
#1728=EDGE_CURVE('',#1385,#1383,#1227,.T.);
#1729=EDGE_CURVE('',#1386,#1385,#56,.T.);
#1730=EDGE_CURVE('',#1387,#1386,#1228,.T.);
#1731=EDGE_CURVE('',#1387,#1381,#57,.T.);
#1732=EDGE_CURVE('',#1384,#1387,#1229,.T.);
#1733=EDGE_CURVE('',#1382,#1388,#58,.T.);
#1734=EDGE_CURVE('',#1388,#1388,#1230,.T.);
#1735=EDGE_CURVE('',#1389,#1389,#1231,.T.);
#1736=EDGE_CURVE('',#1390,#1390,#1232,.T.);
#1737=EDGE_CURVE('',#1391,#1392,#1233,.T.);
#1738=EDGE_CURVE('',#1393,#1391,#59,.T.);
#1739=EDGE_CURVE('',#1394,#1393,#1234,.T.);
#1740=EDGE_CURVE('',#1394,#1389,#60,.T.);
#1741=EDGE_CURVE('',#1395,#1394,#1235,.T.);
#1742=EDGE_CURVE('',#1392,#1395,#61,.T.);
#1743=EDGE_CURVE('',#1390,#1396,#62,.T.);
#1744=EDGE_CURVE('',#1396,#1396,#1236,.T.);
#1745=EDGE_CURVE('',#1397,#1386,#63,.T.);
#1746=EDGE_CURVE('',#1397,#1398,#64,.T.);
#1747=EDGE_CURVE('',#1398,#1399,#1237,.T.);
#1748=EDGE_CURVE('',#1399,#1400,#65,.T.);
#1749=EDGE_CURVE('',#1400,#1401,#66,.T.);
#1750=EDGE_CURVE('',#1384,#1401,#67,.T.);
#1751=EDGE_CURVE('',#1402,#1392,#68,.T.);
#1752=EDGE_CURVE('',#1402,#1403,#69,.T.);
#1753=EDGE_CURVE('',#1403,#1404,#70,.T.);
#1754=EDGE_CURVE('',#1404,#1405,#1238,.T.);
#1755=EDGE_CURVE('',#1405,#1406,#71,.T.);
#1756=EDGE_CURVE('',#1391,#1406,#72,.T.);
#1757=EDGE_CURVE('',#1407,#1408,#1239,.T.);
#1758=EDGE_CURVE('',#1409,#1407,#73,.T.);
#1759=EDGE_CURVE('',#1410,#1409,#74,.T.);
#1760=EDGE_CURVE('',#1411,#1410,#75,.T.);
#1761=EDGE_CURVE('',#1408,#1411,#76,.T.);
#1762=EDGE_CURVE('',#1412,#1413,#1240,.T.);
#1763=EDGE_CURVE('',#1414,#1412,#77,.T.);
#1764=EDGE_CURVE('',#1415,#1414,#78,.T.);
#1765=EDGE_CURVE('',#1416,#1415,#79,.T.);
#1766=EDGE_CURVE('',#1413,#1416,#80,.T.);
#1767=EDGE_CURVE('',#1417,#1409,#81,.T.);
#1768=EDGE_CURVE('',#1418,#1417,#1241,.T.);
#1769=EDGE_CURVE('',#1419,#1418,#82,.T.);
#1770=EDGE_CURVE('',#1419,#1420,#83,.T.);
#1771=EDGE_CURVE('',#1421,#1420,#84,.T.);
#1772=EDGE_CURVE('',#1422,#1421,#1242,.T.);
#1773=EDGE_CURVE('',#1423,#1422,#85,.T.);
#1774=EDGE_CURVE('',#1424,#1423,#86,.T.);
#1775=EDGE_CURVE('',#1410,#1424,#87,.T.);
#1776=EDGE_CURVE('',#1425,#1426,#88,.T.);
#1777=EDGE_CURVE('',#1426,#1427,#1243,.T.);
#1778=EDGE_CURVE('',#1427,#1428,#89,.T.);
#1779=EDGE_CURVE('',#1428,#1429,#1244,.T.);
#1780=EDGE_CURVE('',#1429,#1430,#90,.T.);
#1781=EDGE_CURVE('',#1430,#1425,#1245,.T.);
#1782=EDGE_CURVE('',#1431,#1432,#91,.T.);
#1783=EDGE_CURVE('',#1432,#1433,#1246,.T.);
#1784=EDGE_CURVE('',#1433,#1434,#92,.T.);
#1785=EDGE_CURVE('',#1434,#1435,#1247,.T.);
#1786=EDGE_CURVE('',#1435,#1436,#93,.T.);
#1787=EDGE_CURVE('',#1436,#1431,#1248,.T.);
#1788=EDGE_CURVE('',#1437,#1438,#94,.T.);
#1789=EDGE_CURVE('',#1438,#1439,#1249,.T.);
#1790=EDGE_CURVE('',#1439,#1440,#95,.T.);
#1791=EDGE_CURVE('',#1440,#1441,#1250,.T.);
#1792=EDGE_CURVE('',#1441,#1442,#96,.T.);
#1793=EDGE_CURVE('',#1442,#1437,#1251,.T.);
#1794=EDGE_CURVE('',#1443,#1444,#97,.T.);
#1795=EDGE_CURVE('',#1444,#1445,#1252,.T.);
#1796=EDGE_CURVE('',#1445,#1446,#98,.T.);
#1797=EDGE_CURVE('',#1446,#1447,#1253,.T.);
#1798=EDGE_CURVE('',#1447,#1448,#99,.T.);
#1799=EDGE_CURVE('',#1448,#1443,#1254,.T.);
#1800=EDGE_CURVE('',#1449,#1450,#100,.T.);
#1801=EDGE_CURVE('',#1450,#1451,#1255,.T.);
#1802=EDGE_CURVE('',#1451,#1452,#101,.T.);
#1803=EDGE_CURVE('',#1452,#1453,#1256,.T.);
#1804=EDGE_CURVE('',#1453,#1454,#102,.T.);
#1805=EDGE_CURVE('',#1454,#1449,#1257,.T.);
#1806=EDGE_CURVE('',#1455,#1456,#103,.T.);
#1807=EDGE_CURVE('',#1456,#1457,#1258,.T.);
#1808=EDGE_CURVE('',#1457,#1458,#104,.T.);
#1809=EDGE_CURVE('',#1458,#1459,#1259,.T.);
#1810=EDGE_CURVE('',#1459,#1460,#105,.T.);
#1811=EDGE_CURVE('',#1460,#1455,#1260,.T.);
#1812=EDGE_CURVE('',#1461,#1462,#106,.T.);
#1813=EDGE_CURVE('',#1462,#1463,#1261,.T.);
#1814=EDGE_CURVE('',#1463,#1464,#107,.T.);
#1815=EDGE_CURVE('',#1464,#1465,#1262,.T.);
#1816=EDGE_CURVE('',#1465,#1466,#108,.T.);
#1817=EDGE_CURVE('',#1466,#1461,#1263,.T.);
#1818=EDGE_CURVE('',#1467,#1468,#109,.T.);
#1819=EDGE_CURVE('',#1468,#1469,#1264,.T.);
#1820=EDGE_CURVE('',#1469,#1470,#110,.T.);
#1821=EDGE_CURVE('',#1470,#1471,#1265,.T.);
#1822=EDGE_CURVE('',#1471,#1472,#111,.T.);
#1823=EDGE_CURVE('',#1472,#1467,#1266,.T.);
#1824=EDGE_CURVE('',#1407,#1398,#112,.T.);
#1825=EDGE_CURVE('',#1473,#1397,#113,.T.);
#1826=EDGE_CURVE('',#1417,#1473,#114,.T.);
#1827=EDGE_CURVE('',#1408,#1399,#115,.T.);
#1828=EDGE_CURVE('',#1414,#1403,#116,.T.);
#1829=EDGE_CURVE('',#1474,#1402,#117,.T.);
#1830=EDGE_CURVE('',#1474,#1475,#1267,.T.);
#1831=EDGE_CURVE('',#1476,#1475,#118,.T.);
#1832=EDGE_CURVE('',#1476,#1477,#1268,.T.);
#1833=EDGE_CURVE('',#1477,#1478,#119,.T.);
#1834=EDGE_CURVE('',#1478,#1479,#1269,.T.);
#1835=EDGE_CURVE('',#1479,#1480,#120,.T.);
#1836=EDGE_CURVE('',#1481,#1480,#1270,.T.);
#1837=EDGE_CURVE('',#1415,#1481,#121,.T.);
#1838=EDGE_CURVE('',#1482,#1482,#1271,.T.);
#1839=EDGE_CURVE('',#1404,#1412,#122,.T.);
#1840=EDGE_CURVE('',#1413,#1405,#123,.T.);
#1841=EDGE_CURVE('',#1483,#1484,#1272,.T.);
#1842=EDGE_CURVE('',#1484,#1485,#124,.T.);
#1843=EDGE_CURVE('',#1485,#1486,#1273,.T.);
#1844=EDGE_CURVE('',#1486,#1483,#125,.T.);
#1845=EDGE_CURVE('',#1484,#1487,#126,.T.);
#1846=EDGE_CURVE('',#1487,#1488,#1274,.T.);
#1847=EDGE_CURVE('',#1488,#1489,#127,.T.);
#1848=EDGE_CURVE('',#1489,#1490,#1275,.T.);
#1849=EDGE_CURVE('',#1490,#1491,#128,.T.);
#1850=EDGE_CURVE('',#1491,#1492,#1276,.T.);
#1851=EDGE_CURVE('',#1492,#1493,#129,.T.);
#1852=EDGE_CURVE('',#1493,#1494,#1277,.T.);
#1853=EDGE_CURVE('',#1494,#1485,#130,.T.);
#1854=EDGE_CURVE('',#1495,#1495,#1278,.T.);
#1855=EDGE_CURVE('',#1421,#1496,#131,.T.);
#1856=EDGE_CURVE('',#1496,#1497,#1279,.T.);
#1857=EDGE_CURVE('',#1497,#1422,#132,.T.);
#1858=EDGE_CURVE('',#1486,#1498,#133,.T.);
#1859=EDGE_CURVE('',#1499,#1498,#1280,.T.);
#1860=EDGE_CURVE('',#1499,#1500,#1281,.T.);
#1861=EDGE_CURVE('',#1501,#1500,#1282,.T.);
#1862=EDGE_CURVE('',#1501,#1496,#134,.T.);
#1863=EDGE_CURVE('',#1502,#1420,#1283,.T.);
#1864=EDGE_CURVE('',#1502,#1483,#135,.T.);
#1865=EDGE_CURVE('',#1411,#1400,#136,.T.);
#1866=EDGE_CURVE('',#1503,#1504,#31,.T.);
#1867=EDGE_CURVE('',#1505,#1503,#137,.T.);
#1868=EDGE_CURVE('',#1506,#1505,#32,.T.);
#1869=EDGE_CURVE('',#1506,#1504,#138,.T.);
#1870=EDGE_CURVE('',#1504,#1507,#1284,.T.);
#1871=EDGE_CURVE('',#1508,#1506,#1285,.T.);
#1872=EDGE_CURVE('',#1508,#1507,#139,.T.);
#1873=EDGE_CURVE('',#1507,#1509,#33,.T.);
#1874=EDGE_CURVE('',#1510,#1508,#34,.T.);
#1875=EDGE_CURVE('',#1510,#1509,#140,.T.);
#1876=EDGE_CURVE('',#1509,#1511,#15,.T.);
#1877=EDGE_CURVE('',#1512,#1510,#16,.T.);
#1878=EDGE_CURVE('',#1512,#1511,#141,.T.);
#1879=EDGE_CURVE('',#1511,#1513,#35,.T.);
#1880=EDGE_CURVE('',#1514,#1512,#36,.T.);
#1881=EDGE_CURVE('',#1514,#1513,#142,.T.);
#1882=EDGE_CURVE('',#1513,#1503,#17,.T.);
#1883=EDGE_CURVE('',#1505,#1514,#18,.T.);
#1884=EDGE_CURVE('',#1515,#1516,#37,.T.);
#1885=EDGE_CURVE('',#1517,#1515,#143,.T.);
#1886=EDGE_CURVE('',#1518,#1517,#38,.T.);
#1887=EDGE_CURVE('',#1518,#1516,#144,.T.);
#1888=EDGE_CURVE('',#1516,#1519,#145,.T.);
#1889=EDGE_CURVE('',#1520,#1518,#146,.T.);
#1890=EDGE_CURVE('',#1520,#1519,#147,.T.);
#1891=EDGE_CURVE('',#1519,#1521,#39,.T.);
#1892=EDGE_CURVE('',#1522,#1520,#40,.T.);
#1893=EDGE_CURVE('',#1522,#1521,#148,.T.);
#1894=EDGE_CURVE('',#1521,#1523,#19,.T.);
#1895=EDGE_CURVE('',#1524,#1522,#20,.T.);
#1896=EDGE_CURVE('',#1524,#1523,#149,.T.);
#1897=EDGE_CURVE('',#1523,#1525,#41,.T.);
#1898=EDGE_CURVE('',#1526,#1524,#42,.T.);
#1899=EDGE_CURVE('',#1526,#1525,#150,.T.);
#1900=EDGE_CURVE('',#1525,#1515,#21,.T.);
#1901=EDGE_CURVE('',#1517,#1526,#22,.T.);
#1902=EDGE_CURVE('',#1527,#1528,#43,.T.);
#1903=EDGE_CURVE('',#1529,#1527,#151,.T.);
#1904=EDGE_CURVE('',#1530,#1529,#44,.T.);
#1905=EDGE_CURVE('',#1530,#1528,#152,.T.);
#1906=EDGE_CURVE('',#1528,#1531,#153,.T.);
#1907=EDGE_CURVE('',#1532,#1530,#154,.T.);
#1908=EDGE_CURVE('',#1532,#1531,#155,.T.);
#1909=EDGE_CURVE('',#1531,#1533,#45,.T.);
#1910=EDGE_CURVE('',#1534,#1532,#46,.T.);
#1911=EDGE_CURVE('',#1534,#1533,#156,.T.);
#1912=EDGE_CURVE('',#1533,#1535,#23,.T.);
#1913=EDGE_CURVE('',#1536,#1534,#24,.T.);
#1914=EDGE_CURVE('',#1536,#1535,#157,.T.);
#1915=EDGE_CURVE('',#1535,#1537,#47,.T.);
#1916=EDGE_CURVE('',#1538,#1536,#48,.T.);
#1917=EDGE_CURVE('',#1538,#1537,#158,.T.);
#1918=EDGE_CURVE('',#1537,#1527,#25,.T.);
#1919=EDGE_CURVE('',#1529,#1538,#26,.T.);
#1920=EDGE_CURVE('',#1539,#1540,#49,.T.);
#1921=EDGE_CURVE('',#1541,#1539,#159,.T.);
#1922=EDGE_CURVE('',#1542,#1541,#50,.T.);
#1923=EDGE_CURVE('',#1542,#1540,#160,.T.);
#1924=EDGE_CURVE('',#1540,#1543,#1286,.T.);
#1925=EDGE_CURVE('',#1544,#1542,#1287,.T.);
#1926=EDGE_CURVE('',#1544,#1543,#161,.T.);
#1927=EDGE_CURVE('',#1543,#1545,#51,.T.);
#1928=EDGE_CURVE('',#1546,#1544,#52,.T.);
#1929=EDGE_CURVE('',#1546,#1545,#162,.T.);
#1930=EDGE_CURVE('',#1545,#1547,#27,.T.);
#1931=EDGE_CURVE('',#1548,#1546,#28,.T.);
#1932=EDGE_CURVE('',#1548,#1547,#163,.T.);
#1933=EDGE_CURVE('',#1547,#1549,#53,.T.);
#1934=EDGE_CURVE('',#1550,#1548,#54,.T.);
#1935=EDGE_CURVE('',#1550,#1549,#164,.T.);
#1936=EDGE_CURVE('',#1549,#1539,#29,.T.);
#1937=EDGE_CURVE('',#1541,#1550,#30,.T.);
#1938=EDGE_CURVE('',#1551,#1552,#1288,.T.);
#1939=EDGE_CURVE('',#1553,#1551,#165,.T.);
#1940=EDGE_CURVE('',#1554,#1553,#1289,.T.);
#1941=EDGE_CURVE('',#1554,#1552,#166,.T.);
#1942=EDGE_CURVE('',#1555,#1556,#1290,.T.);
#1943=EDGE_CURVE('',#1471,#1555,#167,.T.);
#1944=EDGE_CURVE('',#1470,#1556,#168,.T.);
#1945=EDGE_CURVE('',#1552,#1557,#169,.T.);
#1946=EDGE_CURVE('',#1558,#1554,#170,.T.);
#1947=EDGE_CURVE('',#1558,#1557,#171,.T.);
#1948=EDGE_CURVE('',#1556,#1559,#172,.T.);
#1949=EDGE_CURVE('',#1469,#1559,#173,.T.);
#1950=EDGE_CURVE('',#1560,#1551,#174,.T.);
#1951=EDGE_CURVE('',#1561,#1560,#175,.T.);
#1952=EDGE_CURVE('',#1553,#1561,#176,.T.);
#1953=EDGE_CURVE('',#1557,#1562,#1291,.T.);
#1954=EDGE_CURVE('',#1563,#1558,#1292,.T.);
#1955=EDGE_CURVE('',#1563,#1562,#177,.T.);
#1956=EDGE_CURVE('',#1559,#1564,#1293,.T.);
#1957=EDGE_CURVE('',#1468,#1564,#178,.T.);
#1958=EDGE_CURVE('',#1565,#1560,#1294,.T.);
#1959=EDGE_CURVE('',#1566,#1565,#179,.T.);
#1960=EDGE_CURVE('',#1561,#1566,#1295,.T.);
#1961=EDGE_CURVE('',#1562,#1565,#180,.T.);
#1962=EDGE_CURVE('',#1566,#1563,#181,.T.);
#1963=EDGE_CURVE('',#1564,#1567,#182,.T.);
#1964=EDGE_CURVE('',#1467,#1567,#183,.T.);
#1965=EDGE_CURVE('',#1567,#1568,#1296,.T.);
#1966=EDGE_CURVE('',#1472,#1568,#184,.T.);
#1967=EDGE_CURVE('',#1568,#1555,#185,.T.);
#1968=EDGE_CURVE('',#1569,#1570,#1297,.T.);
#1969=EDGE_CURVE('',#1571,#1569,#186,.T.);
#1970=EDGE_CURVE('',#1572,#1571,#1298,.T.);
#1971=EDGE_CURVE('',#1572,#1570,#187,.T.);
#1972=EDGE_CURVE('',#1573,#1574,#1299,.T.);
#1973=EDGE_CURVE('',#1465,#1573,#188,.T.);
#1974=EDGE_CURVE('',#1464,#1574,#189,.T.);
#1975=EDGE_CURVE('',#1570,#1575,#190,.T.);
#1976=EDGE_CURVE('',#1576,#1572,#191,.T.);
#1977=EDGE_CURVE('',#1576,#1575,#192,.T.);
#1978=EDGE_CURVE('',#1574,#1577,#193,.T.);
#1979=EDGE_CURVE('',#1463,#1577,#194,.T.);
#1980=EDGE_CURVE('',#1578,#1569,#195,.T.);
#1981=EDGE_CURVE('',#1579,#1578,#196,.T.);
#1982=EDGE_CURVE('',#1571,#1579,#197,.T.);
#1983=EDGE_CURVE('',#1575,#1580,#1300,.T.);
#1984=EDGE_CURVE('',#1581,#1576,#1301,.T.);
#1985=EDGE_CURVE('',#1581,#1580,#198,.T.);
#1986=EDGE_CURVE('',#1577,#1582,#1302,.T.);
#1987=EDGE_CURVE('',#1462,#1582,#199,.T.);
#1988=EDGE_CURVE('',#1583,#1578,#1303,.T.);
#1989=EDGE_CURVE('',#1584,#1583,#200,.T.);
#1990=EDGE_CURVE('',#1579,#1584,#1304,.T.);
#1991=EDGE_CURVE('',#1580,#1583,#201,.T.);
#1992=EDGE_CURVE('',#1584,#1581,#202,.T.);
#1993=EDGE_CURVE('',#1582,#1585,#203,.T.);
#1994=EDGE_CURVE('',#1461,#1585,#204,.T.);
#1995=EDGE_CURVE('',#1585,#1586,#1305,.T.);
#1996=EDGE_CURVE('',#1466,#1586,#205,.T.);
#1997=EDGE_CURVE('',#1586,#1573,#206,.T.);
#1998=EDGE_CURVE('',#1587,#1588,#1306,.T.);
#1999=EDGE_CURVE('',#1589,#1587,#207,.T.);
#2000=EDGE_CURVE('',#1590,#1589,#1307,.T.);
#2001=EDGE_CURVE('',#1590,#1588,#208,.T.);
#2002=EDGE_CURVE('',#1591,#1592,#1308,.T.);
#2003=EDGE_CURVE('',#1459,#1591,#209,.T.);
#2004=EDGE_CURVE('',#1458,#1592,#210,.T.);
#2005=EDGE_CURVE('',#1588,#1593,#211,.T.);
#2006=EDGE_CURVE('',#1594,#1590,#212,.T.);
#2007=EDGE_CURVE('',#1594,#1593,#213,.T.);
#2008=EDGE_CURVE('',#1592,#1595,#214,.T.);
#2009=EDGE_CURVE('',#1457,#1595,#215,.T.);
#2010=EDGE_CURVE('',#1596,#1587,#216,.T.);
#2011=EDGE_CURVE('',#1597,#1596,#217,.T.);
#2012=EDGE_CURVE('',#1589,#1597,#218,.T.);
#2013=EDGE_CURVE('',#1593,#1598,#1309,.T.);
#2014=EDGE_CURVE('',#1599,#1594,#1310,.T.);
#2015=EDGE_CURVE('',#1599,#1598,#219,.T.);
#2016=EDGE_CURVE('',#1595,#1600,#1311,.T.);
#2017=EDGE_CURVE('',#1456,#1600,#220,.T.);
#2018=EDGE_CURVE('',#1601,#1596,#1312,.T.);
#2019=EDGE_CURVE('',#1602,#1601,#221,.T.);
#2020=EDGE_CURVE('',#1597,#1602,#1313,.T.);
#2021=EDGE_CURVE('',#1598,#1601,#222,.T.);
#2022=EDGE_CURVE('',#1602,#1599,#223,.T.);
#2023=EDGE_CURVE('',#1600,#1603,#224,.T.);
#2024=EDGE_CURVE('',#1455,#1603,#225,.T.);
#2025=EDGE_CURVE('',#1603,#1604,#1314,.T.);
#2026=EDGE_CURVE('',#1460,#1604,#226,.T.);
#2027=EDGE_CURVE('',#1604,#1591,#227,.T.);
#2028=EDGE_CURVE('',#1605,#1606,#1315,.T.);
#2029=EDGE_CURVE('',#1607,#1605,#228,.T.);
#2030=EDGE_CURVE('',#1608,#1607,#1316,.T.);
#2031=EDGE_CURVE('',#1608,#1606,#229,.T.);
#2032=EDGE_CURVE('',#1609,#1610,#1317,.T.);
#2033=EDGE_CURVE('',#1453,#1609,#230,.T.);
#2034=EDGE_CURVE('',#1452,#1610,#231,.T.);
#2035=EDGE_CURVE('',#1606,#1611,#232,.T.);
#2036=EDGE_CURVE('',#1612,#1608,#233,.T.);
#2037=EDGE_CURVE('',#1612,#1611,#234,.T.);
#2038=EDGE_CURVE('',#1610,#1613,#235,.T.);
#2039=EDGE_CURVE('',#1451,#1613,#236,.T.);
#2040=EDGE_CURVE('',#1614,#1605,#237,.T.);
#2041=EDGE_CURVE('',#1615,#1614,#238,.T.);
#2042=EDGE_CURVE('',#1607,#1615,#239,.T.);
#2043=EDGE_CURVE('',#1611,#1616,#1318,.T.);
#2044=EDGE_CURVE('',#1617,#1612,#1319,.T.);
#2045=EDGE_CURVE('',#1617,#1616,#240,.T.);
#2046=EDGE_CURVE('',#1613,#1618,#1320,.T.);
#2047=EDGE_CURVE('',#1450,#1618,#241,.T.);
#2048=EDGE_CURVE('',#1619,#1614,#1321,.T.);
#2049=EDGE_CURVE('',#1620,#1619,#242,.T.);
#2050=EDGE_CURVE('',#1615,#1620,#1322,.T.);
#2051=EDGE_CURVE('',#1616,#1619,#243,.T.);
#2052=EDGE_CURVE('',#1620,#1617,#244,.T.);
#2053=EDGE_CURVE('',#1618,#1621,#245,.T.);
#2054=EDGE_CURVE('',#1449,#1621,#246,.T.);
#2055=EDGE_CURVE('',#1621,#1622,#1323,.T.);
#2056=EDGE_CURVE('',#1454,#1622,#247,.T.);
#2057=EDGE_CURVE('',#1622,#1609,#248,.T.);
#2058=EDGE_CURVE('',#1623,#1624,#1324,.T.);
#2059=EDGE_CURVE('',#1625,#1623,#249,.T.);
#2060=EDGE_CURVE('',#1626,#1625,#1325,.T.);
#2061=EDGE_CURVE('',#1626,#1624,#250,.T.);
#2062=EDGE_CURVE('',#1627,#1628,#1326,.T.);
#2063=EDGE_CURVE('',#1447,#1627,#251,.T.);
#2064=EDGE_CURVE('',#1446,#1628,#252,.T.);
#2065=EDGE_CURVE('',#1624,#1629,#253,.T.);
#2066=EDGE_CURVE('',#1630,#1626,#254,.T.);
#2067=EDGE_CURVE('',#1630,#1629,#255,.T.);
#2068=EDGE_CURVE('',#1628,#1631,#256,.T.);
#2069=EDGE_CURVE('',#1445,#1631,#257,.T.);
#2070=EDGE_CURVE('',#1632,#1623,#258,.T.);
#2071=EDGE_CURVE('',#1633,#1632,#259,.T.);
#2072=EDGE_CURVE('',#1625,#1633,#260,.T.);
#2073=EDGE_CURVE('',#1629,#1634,#1327,.T.);
#2074=EDGE_CURVE('',#1635,#1630,#1328,.T.);
#2075=EDGE_CURVE('',#1635,#1634,#261,.T.);
#2076=EDGE_CURVE('',#1631,#1636,#1329,.T.);
#2077=EDGE_CURVE('',#1444,#1636,#262,.T.);
#2078=EDGE_CURVE('',#1637,#1632,#1330,.T.);
#2079=EDGE_CURVE('',#1638,#1637,#263,.T.);
#2080=EDGE_CURVE('',#1633,#1638,#1331,.T.);
#2081=EDGE_CURVE('',#1634,#1637,#264,.T.);
#2082=EDGE_CURVE('',#1638,#1635,#265,.T.);
#2083=EDGE_CURVE('',#1636,#1639,#266,.T.);
#2084=EDGE_CURVE('',#1443,#1639,#267,.T.);
#2085=EDGE_CURVE('',#1639,#1640,#1332,.T.);
#2086=EDGE_CURVE('',#1448,#1640,#268,.T.);
#2087=EDGE_CURVE('',#1640,#1627,#269,.T.);
#2088=EDGE_CURVE('',#1641,#1642,#1333,.T.);
#2089=EDGE_CURVE('',#1643,#1641,#270,.T.);
#2090=EDGE_CURVE('',#1644,#1643,#1334,.T.);
#2091=EDGE_CURVE('',#1644,#1642,#271,.T.);
#2092=EDGE_CURVE('',#1645,#1646,#1335,.T.);
#2093=EDGE_CURVE('',#1441,#1645,#272,.T.);
#2094=EDGE_CURVE('',#1440,#1646,#273,.T.);
#2095=EDGE_CURVE('',#1642,#1647,#274,.T.);
#2096=EDGE_CURVE('',#1648,#1644,#275,.T.);
#2097=EDGE_CURVE('',#1648,#1647,#276,.T.);
#2098=EDGE_CURVE('',#1646,#1649,#277,.T.);
#2099=EDGE_CURVE('',#1439,#1649,#278,.T.);
#2100=EDGE_CURVE('',#1650,#1641,#279,.T.);
#2101=EDGE_CURVE('',#1651,#1650,#280,.T.);
#2102=EDGE_CURVE('',#1643,#1651,#281,.T.);
#2103=EDGE_CURVE('',#1647,#1652,#1336,.T.);
#2104=EDGE_CURVE('',#1653,#1648,#1337,.T.);
#2105=EDGE_CURVE('',#1653,#1652,#282,.T.);
#2106=EDGE_CURVE('',#1649,#1654,#1338,.T.);
#2107=EDGE_CURVE('',#1438,#1654,#283,.T.);
#2108=EDGE_CURVE('',#1655,#1650,#1339,.T.);
#2109=EDGE_CURVE('',#1656,#1655,#284,.T.);
#2110=EDGE_CURVE('',#1651,#1656,#1340,.T.);
#2111=EDGE_CURVE('',#1656,#1393,#285,.T.);
#2112=EDGE_CURVE('',#1652,#1655,#286,.T.);
#2113=EDGE_CURVE('',#1395,#1653,#287,.T.);
#2114=EDGE_CURVE('',#1654,#1383,#288,.T.);
#2115=EDGE_CURVE('',#1437,#1657,#289,.T.);
#2116=EDGE_CURVE('',#1385,#1657,#290,.T.);
#2117=EDGE_CURVE('',#1657,#1658,#1341,.T.);
#2118=EDGE_CURVE('',#1442,#1658,#291,.T.);
#2119=EDGE_CURVE('',#1658,#1645,#292,.T.);
#2120=EDGE_CURVE('',#1659,#1660,#1342,.T.);
#2121=EDGE_CURVE('',#1661,#1659,#293,.T.);
#2122=EDGE_CURVE('',#1662,#1661,#1343,.T.);
#2123=EDGE_CURVE('',#1662,#1660,#294,.T.);
#2124=EDGE_CURVE('',#1663,#1664,#1344,.T.);
#2125=EDGE_CURVE('',#1435,#1663,#295,.T.);
#2126=EDGE_CURVE('',#1434,#1664,#296,.T.);
#2127=EDGE_CURVE('',#1660,#1665,#297,.T.);
#2128=EDGE_CURVE('',#1666,#1662,#298,.T.);
#2129=EDGE_CURVE('',#1666,#1665,#299,.T.);
#2130=EDGE_CURVE('',#1664,#1667,#300,.T.);
#2131=EDGE_CURVE('',#1433,#1667,#301,.T.);
#2132=EDGE_CURVE('',#1668,#1659,#302,.T.);
#2133=EDGE_CURVE('',#1669,#1668,#303,.T.);
#2134=EDGE_CURVE('',#1661,#1669,#304,.T.);
#2135=EDGE_CURVE('',#1665,#1670,#1345,.T.);
#2136=EDGE_CURVE('',#1671,#1666,#1346,.T.);
#2137=EDGE_CURVE('',#1671,#1670,#305,.T.);
#2138=EDGE_CURVE('',#1667,#1672,#1347,.T.);
#2139=EDGE_CURVE('',#1432,#1672,#306,.T.);
#2140=EDGE_CURVE('',#1673,#1668,#1348,.T.);
#2141=EDGE_CURVE('',#1674,#1673,#307,.T.);
#2142=EDGE_CURVE('',#1669,#1674,#1349,.T.);
#2143=EDGE_CURVE('',#1670,#1673,#308,.T.);
#2144=EDGE_CURVE('',#1674,#1671,#309,.T.);
#2145=EDGE_CURVE('',#1672,#1675,#310,.T.);
#2146=EDGE_CURVE('',#1431,#1675,#311,.T.);
#2147=EDGE_CURVE('',#1675,#1676,#1350,.T.);
#2148=EDGE_CURVE('',#1436,#1676,#312,.T.);
#2149=EDGE_CURVE('',#1676,#1663,#313,.T.);
#2150=EDGE_CURVE('',#1677,#1678,#1351,.T.);
#2151=EDGE_CURVE('',#1679,#1677,#314,.T.);
#2152=EDGE_CURVE('',#1680,#1679,#1352,.T.);
#2153=EDGE_CURVE('',#1680,#1678,#315,.T.);
#2154=EDGE_CURVE('',#1681,#1682,#1353,.T.);
#2155=EDGE_CURVE('',#1429,#1681,#316,.T.);
#2156=EDGE_CURVE('',#1428,#1682,#317,.T.);
#2157=EDGE_CURVE('',#1678,#1683,#318,.T.);
#2158=EDGE_CURVE('',#1684,#1680,#319,.T.);
#2159=EDGE_CURVE('',#1684,#1683,#320,.T.);
#2160=EDGE_CURVE('',#1682,#1685,#321,.T.);
#2161=EDGE_CURVE('',#1427,#1685,#322,.T.);
#2162=EDGE_CURVE('',#1686,#1677,#323,.T.);
#2163=EDGE_CURVE('',#1687,#1686,#324,.T.);
#2164=EDGE_CURVE('',#1679,#1687,#325,.T.);
#2165=EDGE_CURVE('',#1683,#1688,#1354,.T.);
#2166=EDGE_CURVE('',#1689,#1684,#1355,.T.);
#2167=EDGE_CURVE('',#1689,#1688,#326,.T.);
#2168=EDGE_CURVE('',#1685,#1690,#1356,.T.);
#2169=EDGE_CURVE('',#1426,#1690,#327,.T.);
#2170=EDGE_CURVE('',#1691,#1686,#1357,.T.);
#2171=EDGE_CURVE('',#1692,#1691,#328,.T.);
#2172=EDGE_CURVE('',#1687,#1692,#1358,.T.);
#2173=EDGE_CURVE('',#1688,#1691,#329,.T.);
#2174=EDGE_CURVE('',#1692,#1689,#330,.T.);
#2175=EDGE_CURVE('',#1690,#1693,#331,.T.);
#2176=EDGE_CURVE('',#1425,#1693,#332,.T.);
#2177=EDGE_CURVE('',#1693,#1694,#1359,.T.);
#2178=EDGE_CURVE('',#1430,#1694,#333,.T.);
#2179=EDGE_CURVE('',#1694,#1681,#334,.T.);
#2180=EDGE_CURVE('',#1695,#1695,#1360,.T.);
#2181=EDGE_CURVE('',#1696,#1696,#1361,.T.);
#2182=EDGE_CURVE('',#1696,#1482,#335,.T.);
#2183=EDGE_CURVE('',#1697,#1697,#1362,.T.);
#2184=EDGE_CURVE('',#1698,#1698,#1363,.T.);
#2185=EDGE_CURVE('',#1698,#1699,#336,.T.);
#2186=EDGE_CURVE('',#1699,#1699,#1364,.T.);
#2187=EDGE_CURVE('',#1495,#1695,#337,.T.);
#2188=EDGE_CURVE('',#1700,#1700,#1365,.T.);
#2189=EDGE_CURVE('',#1700,#1697,#338,.T.);
#2190=EDGE_CURVE('',#1701,#1702,#1366,.T.);
#2191=EDGE_CURVE('',#1701,#1703,#339,.T.);
#2192=EDGE_CURVE('',#1704,#1703,#1367,.T.);
#2193=EDGE_CURVE('',#1702,#1704,#340,.T.);
#2194=EDGE_CURVE('',#1705,#1702,#341,.T.);
#2195=EDGE_CURVE('',#1706,#1704,#342,.T.);
#2196=EDGE_CURVE('',#1705,#1706,#343,.T.);
#2197=EDGE_CURVE('',#1705,#1707,#1368,.T.);
#2198=EDGE_CURVE('',#1708,#1706,#1369,.T.);
#2199=EDGE_CURVE('',#1707,#1708,#344,.T.);
#2200=EDGE_CURVE('',#1709,#1707,#345,.T.);
#2201=EDGE_CURVE('',#1710,#1708,#346,.T.);
#2202=EDGE_CURVE('',#1709,#1710,#347,.T.);
#2203=EDGE_CURVE('',#1709,#1711,#1370,.T.);
#2204=EDGE_CURVE('',#1712,#1710,#1371,.T.);
#2205=EDGE_CURVE('',#1711,#1712,#348,.T.);
#2206=EDGE_CURVE('',#1713,#1424,#1372,.T.);
#2207=EDGE_CURVE('',#1714,#1423,#1373,.T.);
#2208=EDGE_CURVE('',#1713,#1714,#349,.T.);
#2209=EDGE_CURVE('',#1701,#1713,#350,.T.);
#2210=EDGE_CURVE('',#1703,#1714,#351,.T.);
#2211=EDGE_CURVE('',#1497,#1712,#352,.T.);
#2212=EDGE_CURVE('',#1477,#1491,#353,.T.);
#2213=EDGE_CURVE('',#1478,#1490,#354,.T.);
#2214=EDGE_CURVE('',#1479,#1489,#355,.T.);
#2215=EDGE_CURVE('',#1480,#1488,#356,.T.);
#2216=EDGE_CURVE('',#1481,#1487,#357,.T.);
#2217=EDGE_CURVE('',#1474,#1494,#358,.T.);
#2218=EDGE_CURVE('',#1475,#1493,#359,.T.);
#2219=EDGE_CURVE('',#1476,#1492,#360,.T.);
#2220=EDGE_CURVE('',#1473,#1715,#1374,.T.);
#2221=EDGE_CURVE('',#1715,#1418,#361,.T.);
#2222=EDGE_CURVE('',#1716,#1717,#1375,.T.);
#2223=EDGE_CURVE('',#1717,#1718,#362,.T.);
#2224=EDGE_CURVE('',#1718,#1719,#1376,.T.);
#2225=EDGE_CURVE('',#1719,#1716,#363,.T.);
#2226=EDGE_CURVE('',#1715,#1720,#364,.T.);
#2227=EDGE_CURVE('',#1721,#1720,#1377,.T.);
#2228=EDGE_CURVE('',#1721,#1722,#1378,.T.);
#2229=EDGE_CURVE('',#1723,#1722,#1379,.T.);
#2230=EDGE_CURVE('',#1723,#1718,#365,.T.);
#2231=EDGE_CURVE('',#1717,#1724,#366,.T.);
#2232=EDGE_CURVE('',#1724,#1419,#1380,.T.);
#2233=EDGE_CURVE('',#1720,#1501,#367,.T.);
#2234=EDGE_CURVE('',#1500,#1721,#368,.T.);
#2235=EDGE_CURVE('',#1401,#1711,#369,.T.);
#2236=EDGE_CURVE('',#1722,#1499,#370,.T.);
#2237=EDGE_CURVE('',#1498,#1723,#371,.T.);
#2238=EDGE_CURVE('',#1719,#1406,#372,.T.);
#2239=EDGE_CURVE('',#1716,#1416,#373,.T.);
#2240=EDGE_CURVE('',#1724,#1502,#374,.T.);
#2241=ORIENTED_EDGE('',*,*,#1725,.F.);
#2242=ORIENTED_EDGE('',*,*,#1726,.T.);
#2243=ORIENTED_EDGE('',*,*,#1727,.F.);
#2244=ORIENTED_EDGE('',*,*,#1728,.F.);
#2245=ORIENTED_EDGE('',*,*,#1729,.F.);
#2246=ORIENTED_EDGE('',*,*,#1730,.F.);
#2247=ORIENTED_EDGE('',*,*,#1731,.T.);
#2248=ORIENTED_EDGE('',*,*,#1725,.T.);
#2249=ORIENTED_EDGE('',*,*,#1731,.F.);
#2250=ORIENTED_EDGE('',*,*,#1732,.F.);
#2251=ORIENTED_EDGE('',*,*,#1726,.F.);
#2252=ORIENTED_EDGE('',*,*,#1733,.T.);
#2253=ORIENTED_EDGE('',*,*,#1734,.F.);
#2254=ORIENTED_EDGE('',*,*,#1733,.F.);
#2255=ORIENTED_EDGE('',*,*,#1735,.F.);
#2256=ORIENTED_EDGE('',*,*,#1736,.T.);
#2257=ORIENTED_EDGE('',*,*,#1737,.F.);
#2258=ORIENTED_EDGE('',*,*,#1738,.F.);
#2259=ORIENTED_EDGE('',*,*,#1739,.F.);
#2260=ORIENTED_EDGE('',*,*,#1740,.T.);
#2261=ORIENTED_EDGE('',*,*,#1735,.T.);
#2262=ORIENTED_EDGE('',*,*,#1740,.F.);
#2263=ORIENTED_EDGE('',*,*,#1741,.F.);
#2264=ORIENTED_EDGE('',*,*,#1742,.F.);
#2265=ORIENTED_EDGE('',*,*,#1736,.F.);
#2266=ORIENTED_EDGE('',*,*,#1743,.T.);
#2267=ORIENTED_EDGE('',*,*,#1744,.F.);
#2268=ORIENTED_EDGE('',*,*,#1743,.F.);
#2269=ORIENTED_EDGE('',*,*,#1732,.T.);
#2270=ORIENTED_EDGE('',*,*,#1730,.T.);
#2271=ORIENTED_EDGE('',*,*,#1745,.F.);
#2272=ORIENTED_EDGE('',*,*,#1746,.T.);
#2273=ORIENTED_EDGE('',*,*,#1747,.T.);
#2274=ORIENTED_EDGE('',*,*,#1748,.T.);
#2275=ORIENTED_EDGE('',*,*,#1749,.T.);
#2276=ORIENTED_EDGE('',*,*,#1750,.F.);
#2277=ORIENTED_EDGE('',*,*,#1737,.T.);
#2278=ORIENTED_EDGE('',*,*,#1751,.F.);
#2279=ORIENTED_EDGE('',*,*,#1752,.T.);
#2280=ORIENTED_EDGE('',*,*,#1753,.T.);
#2281=ORIENTED_EDGE('',*,*,#1754,.T.);
#2282=ORIENTED_EDGE('',*,*,#1755,.T.);
#2283=ORIENTED_EDGE('',*,*,#1756,.F.);
#2284=ORIENTED_EDGE('',*,*,#1757,.F.);
#2285=ORIENTED_EDGE('',*,*,#1758,.F.);
#2286=ORIENTED_EDGE('',*,*,#1759,.F.);
#2287=ORIENTED_EDGE('',*,*,#1760,.F.);
#2288=ORIENTED_EDGE('',*,*,#1761,.F.);
#2289=ORIENTED_EDGE('',*,*,#1734,.T.);
#2290=ORIENTED_EDGE('',*,*,#1762,.F.);
#2291=ORIENTED_EDGE('',*,*,#1763,.F.);
#2292=ORIENTED_EDGE('',*,*,#1764,.F.);
#2293=ORIENTED_EDGE('',*,*,#1765,.F.);
#2294=ORIENTED_EDGE('',*,*,#1766,.F.);
#2295=ORIENTED_EDGE('',*,*,#1744,.T.);
#2296=ORIENTED_EDGE('',*,*,#1759,.T.);
#2297=ORIENTED_EDGE('',*,*,#1767,.F.);
#2298=ORIENTED_EDGE('',*,*,#1768,.F.);
#2299=ORIENTED_EDGE('',*,*,#1769,.F.);
#2300=ORIENTED_EDGE('',*,*,#1770,.T.);
#2301=ORIENTED_EDGE('',*,*,#1771,.F.);
#2302=ORIENTED_EDGE('',*,*,#1772,.F.);
#2303=ORIENTED_EDGE('',*,*,#1773,.F.);
#2304=ORIENTED_EDGE('',*,*,#1774,.F.);
#2305=ORIENTED_EDGE('',*,*,#1775,.F.);
#2306=ORIENTED_EDGE('',*,*,#1776,.T.);
#2307=ORIENTED_EDGE('',*,*,#1777,.T.);
#2308=ORIENTED_EDGE('',*,*,#1778,.T.);
#2309=ORIENTED_EDGE('',*,*,#1779,.T.);
#2310=ORIENTED_EDGE('',*,*,#1780,.T.);
#2311=ORIENTED_EDGE('',*,*,#1781,.T.);
#2312=ORIENTED_EDGE('',*,*,#1782,.T.);
#2313=ORIENTED_EDGE('',*,*,#1783,.T.);
#2314=ORIENTED_EDGE('',*,*,#1784,.T.);
#2315=ORIENTED_EDGE('',*,*,#1785,.T.);
#2316=ORIENTED_EDGE('',*,*,#1786,.T.);
#2317=ORIENTED_EDGE('',*,*,#1787,.T.);
#2318=ORIENTED_EDGE('',*,*,#1788,.T.);
#2319=ORIENTED_EDGE('',*,*,#1789,.T.);
#2320=ORIENTED_EDGE('',*,*,#1790,.T.);
#2321=ORIENTED_EDGE('',*,*,#1791,.T.);
#2322=ORIENTED_EDGE('',*,*,#1792,.T.);
#2323=ORIENTED_EDGE('',*,*,#1793,.T.);
#2324=ORIENTED_EDGE('',*,*,#1794,.T.);
#2325=ORIENTED_EDGE('',*,*,#1795,.T.);
#2326=ORIENTED_EDGE('',*,*,#1796,.T.);
#2327=ORIENTED_EDGE('',*,*,#1797,.T.);
#2328=ORIENTED_EDGE('',*,*,#1798,.T.);
#2329=ORIENTED_EDGE('',*,*,#1799,.T.);
#2330=ORIENTED_EDGE('',*,*,#1800,.T.);
#2331=ORIENTED_EDGE('',*,*,#1801,.T.);
#2332=ORIENTED_EDGE('',*,*,#1802,.T.);
#2333=ORIENTED_EDGE('',*,*,#1803,.T.);
#2334=ORIENTED_EDGE('',*,*,#1804,.T.);
#2335=ORIENTED_EDGE('',*,*,#1805,.T.);
#2336=ORIENTED_EDGE('',*,*,#1806,.T.);
#2337=ORIENTED_EDGE('',*,*,#1807,.T.);
#2338=ORIENTED_EDGE('',*,*,#1808,.T.);
#2339=ORIENTED_EDGE('',*,*,#1809,.T.);
#2340=ORIENTED_EDGE('',*,*,#1810,.T.);
#2341=ORIENTED_EDGE('',*,*,#1811,.T.);
#2342=ORIENTED_EDGE('',*,*,#1812,.T.);
#2343=ORIENTED_EDGE('',*,*,#1813,.T.);
#2344=ORIENTED_EDGE('',*,*,#1814,.T.);
#2345=ORIENTED_EDGE('',*,*,#1815,.T.);
#2346=ORIENTED_EDGE('',*,*,#1816,.T.);
#2347=ORIENTED_EDGE('',*,*,#1817,.T.);
#2348=ORIENTED_EDGE('',*,*,#1818,.T.);
#2349=ORIENTED_EDGE('',*,*,#1819,.T.);
#2350=ORIENTED_EDGE('',*,*,#1820,.T.);
#2351=ORIENTED_EDGE('',*,*,#1821,.T.);
#2352=ORIENTED_EDGE('',*,*,#1822,.T.);
#2353=ORIENTED_EDGE('',*,*,#1823,.T.);
#2354=ORIENTED_EDGE('',*,*,#1758,.T.);
#2355=ORIENTED_EDGE('',*,*,#1824,.T.);
#2356=ORIENTED_EDGE('',*,*,#1746,.F.);
#2357=ORIENTED_EDGE('',*,*,#1825,.F.);
#2358=ORIENTED_EDGE('',*,*,#1826,.F.);
#2359=ORIENTED_EDGE('',*,*,#1767,.T.);
#2360=ORIENTED_EDGE('',*,*,#1757,.T.);
#2361=ORIENTED_EDGE('',*,*,#1827,.T.);
#2362=ORIENTED_EDGE('',*,*,#1747,.F.);
#2363=ORIENTED_EDGE('',*,*,#1824,.F.);
#2364=ORIENTED_EDGE('',*,*,#1764,.T.);
#2365=ORIENTED_EDGE('',*,*,#1828,.T.);
#2366=ORIENTED_EDGE('',*,*,#1752,.F.);
#2367=ORIENTED_EDGE('',*,*,#1829,.F.);
#2368=ORIENTED_EDGE('',*,*,#1830,.T.);
#2369=ORIENTED_EDGE('',*,*,#1831,.F.);
#2370=ORIENTED_EDGE('',*,*,#1832,.T.);
#2371=ORIENTED_EDGE('',*,*,#1833,.T.);
#2372=ORIENTED_EDGE('',*,*,#1834,.T.);
#2373=ORIENTED_EDGE('',*,*,#1835,.T.);
#2374=ORIENTED_EDGE('',*,*,#1836,.F.);
#2375=ORIENTED_EDGE('',*,*,#1837,.F.);
#2376=ORIENTED_EDGE('',*,*,#1838,.T.);
#2377=ORIENTED_EDGE('',*,*,#1763,.T.);
#2378=ORIENTED_EDGE('',*,*,#1839,.F.);
#2379=ORIENTED_EDGE('',*,*,#1753,.F.);
#2380=ORIENTED_EDGE('',*,*,#1828,.F.);
#2381=ORIENTED_EDGE('',*,*,#1762,.T.);
#2382=ORIENTED_EDGE('',*,*,#1840,.T.);
#2383=ORIENTED_EDGE('',*,*,#1754,.F.);
#2384=ORIENTED_EDGE('',*,*,#1839,.T.);
#2385=ORIENTED_EDGE('',*,*,#1841,.T.);
#2386=ORIENTED_EDGE('',*,*,#1842,.T.);
#2387=ORIENTED_EDGE('',*,*,#1843,.T.);
#2388=ORIENTED_EDGE('',*,*,#1844,.T.);
#2389=ORIENTED_EDGE('',*,*,#1842,.F.);
#2390=ORIENTED_EDGE('',*,*,#1845,.T.);
#2391=ORIENTED_EDGE('',*,*,#1846,.T.);
#2392=ORIENTED_EDGE('',*,*,#1847,.T.);
#2393=ORIENTED_EDGE('',*,*,#1848,.T.);
#2394=ORIENTED_EDGE('',*,*,#1849,.T.);
#2395=ORIENTED_EDGE('',*,*,#1850,.T.);
#2396=ORIENTED_EDGE('',*,*,#1851,.T.);
#2397=ORIENTED_EDGE('',*,*,#1852,.T.);
#2398=ORIENTED_EDGE('',*,*,#1853,.T.);
#2399=ORIENTED_EDGE('',*,*,#1854,.T.);
#2400=ORIENTED_EDGE('',*,*,#1772,.T.);
#2401=ORIENTED_EDGE('',*,*,#1855,.T.);
#2402=ORIENTED_EDGE('',*,*,#1856,.T.);
#2403=ORIENTED_EDGE('',*,*,#1857,.T.);
#2404=ORIENTED_EDGE('',*,*,#1844,.F.);
#2405=ORIENTED_EDGE('',*,*,#1858,.T.);
#2406=ORIENTED_EDGE('',*,*,#1859,.F.);
#2407=ORIENTED_EDGE('',*,*,#1860,.T.);
#2408=ORIENTED_EDGE('',*,*,#1861,.F.);
#2409=ORIENTED_EDGE('',*,*,#1862,.T.);
#2410=ORIENTED_EDGE('',*,*,#1855,.F.);
#2411=ORIENTED_EDGE('',*,*,#1771,.T.);
#2412=ORIENTED_EDGE('',*,*,#1863,.F.);
#2413=ORIENTED_EDGE('',*,*,#1864,.T.);
#2414=ORIENTED_EDGE('',*,*,#1761,.T.);
#2415=ORIENTED_EDGE('',*,*,#1865,.T.);
#2416=ORIENTED_EDGE('',*,*,#1748,.F.);
#2417=ORIENTED_EDGE('',*,*,#1827,.F.);
#2418=ORIENTED_EDGE('',*,*,#1866,.F.);
#2419=ORIENTED_EDGE('',*,*,#1867,.F.);
#2420=ORIENTED_EDGE('',*,*,#1868,.F.);
#2421=ORIENTED_EDGE('',*,*,#1869,.T.);
#2422=ORIENTED_EDGE('',*,*,#1870,.F.);
#2423=ORIENTED_EDGE('',*,*,#1869,.F.);
#2424=ORIENTED_EDGE('',*,*,#1871,.F.);
#2425=ORIENTED_EDGE('',*,*,#1872,.T.);
#2426=ORIENTED_EDGE('',*,*,#1873,.F.);
#2427=ORIENTED_EDGE('',*,*,#1872,.F.);
#2428=ORIENTED_EDGE('',*,*,#1874,.F.);
#2429=ORIENTED_EDGE('',*,*,#1875,.T.);
#2430=ORIENTED_EDGE('',*,*,#1876,.F.);
#2431=ORIENTED_EDGE('',*,*,#1875,.F.);
#2432=ORIENTED_EDGE('',*,*,#1877,.F.);
#2433=ORIENTED_EDGE('',*,*,#1878,.T.);
#2434=ORIENTED_EDGE('',*,*,#1879,.F.);
#2435=ORIENTED_EDGE('',*,*,#1878,.F.);
#2436=ORIENTED_EDGE('',*,*,#1880,.F.);
#2437=ORIENTED_EDGE('',*,*,#1881,.T.);
#2438=ORIENTED_EDGE('',*,*,#1882,.F.);
#2439=ORIENTED_EDGE('',*,*,#1881,.F.);
#2440=ORIENTED_EDGE('',*,*,#1883,.F.);
#2441=ORIENTED_EDGE('',*,*,#1867,.T.);
#2442=ORIENTED_EDGE('',*,*,#1884,.F.);
#2443=ORIENTED_EDGE('',*,*,#1885,.F.);
#2444=ORIENTED_EDGE('',*,*,#1886,.F.);
#2445=ORIENTED_EDGE('',*,*,#1887,.T.);
#2446=ORIENTED_EDGE('',*,*,#1888,.F.);
#2447=ORIENTED_EDGE('',*,*,#1887,.F.);
#2448=ORIENTED_EDGE('',*,*,#1889,.F.);
#2449=ORIENTED_EDGE('',*,*,#1890,.T.);
#2450=ORIENTED_EDGE('',*,*,#1891,.F.);
#2451=ORIENTED_EDGE('',*,*,#1890,.F.);
#2452=ORIENTED_EDGE('',*,*,#1892,.F.);
#2453=ORIENTED_EDGE('',*,*,#1893,.T.);
#2454=ORIENTED_EDGE('',*,*,#1894,.F.);
#2455=ORIENTED_EDGE('',*,*,#1893,.F.);
#2456=ORIENTED_EDGE('',*,*,#1895,.F.);
#2457=ORIENTED_EDGE('',*,*,#1896,.T.);
#2458=ORIENTED_EDGE('',*,*,#1897,.F.);
#2459=ORIENTED_EDGE('',*,*,#1896,.F.);
#2460=ORIENTED_EDGE('',*,*,#1898,.F.);
#2461=ORIENTED_EDGE('',*,*,#1899,.T.);
#2462=ORIENTED_EDGE('',*,*,#1900,.F.);
#2463=ORIENTED_EDGE('',*,*,#1899,.F.);
#2464=ORIENTED_EDGE('',*,*,#1901,.F.);
#2465=ORIENTED_EDGE('',*,*,#1885,.T.);
#2466=ORIENTED_EDGE('',*,*,#1902,.F.);
#2467=ORIENTED_EDGE('',*,*,#1903,.F.);
#2468=ORIENTED_EDGE('',*,*,#1904,.F.);
#2469=ORIENTED_EDGE('',*,*,#1905,.T.);
#2470=ORIENTED_EDGE('',*,*,#1906,.F.);
#2471=ORIENTED_EDGE('',*,*,#1905,.F.);
#2472=ORIENTED_EDGE('',*,*,#1907,.F.);
#2473=ORIENTED_EDGE('',*,*,#1908,.T.);
#2474=ORIENTED_EDGE('',*,*,#1909,.F.);
#2475=ORIENTED_EDGE('',*,*,#1908,.F.);
#2476=ORIENTED_EDGE('',*,*,#1910,.F.);
#2477=ORIENTED_EDGE('',*,*,#1911,.T.);
#2478=ORIENTED_EDGE('',*,*,#1912,.F.);
#2479=ORIENTED_EDGE('',*,*,#1911,.F.);
#2480=ORIENTED_EDGE('',*,*,#1913,.F.);
#2481=ORIENTED_EDGE('',*,*,#1914,.T.);
#2482=ORIENTED_EDGE('',*,*,#1915,.F.);
#2483=ORIENTED_EDGE('',*,*,#1914,.F.);
#2484=ORIENTED_EDGE('',*,*,#1916,.F.);
#2485=ORIENTED_EDGE('',*,*,#1917,.T.);
#2486=ORIENTED_EDGE('',*,*,#1918,.F.);
#2487=ORIENTED_EDGE('',*,*,#1917,.F.);
#2488=ORIENTED_EDGE('',*,*,#1919,.F.);
#2489=ORIENTED_EDGE('',*,*,#1903,.T.);
#2490=ORIENTED_EDGE('',*,*,#1920,.F.);
#2491=ORIENTED_EDGE('',*,*,#1921,.F.);
#2492=ORIENTED_EDGE('',*,*,#1922,.F.);
#2493=ORIENTED_EDGE('',*,*,#1923,.T.);
#2494=ORIENTED_EDGE('',*,*,#1924,.F.);
#2495=ORIENTED_EDGE('',*,*,#1923,.F.);
#2496=ORIENTED_EDGE('',*,*,#1925,.F.);
#2497=ORIENTED_EDGE('',*,*,#1926,.T.);
#2498=ORIENTED_EDGE('',*,*,#1927,.F.);
#2499=ORIENTED_EDGE('',*,*,#1926,.F.);
#2500=ORIENTED_EDGE('',*,*,#1928,.F.);
#2501=ORIENTED_EDGE('',*,*,#1929,.T.);
#2502=ORIENTED_EDGE('',*,*,#1930,.F.);
#2503=ORIENTED_EDGE('',*,*,#1929,.F.);
#2504=ORIENTED_EDGE('',*,*,#1931,.F.);
#2505=ORIENTED_EDGE('',*,*,#1932,.T.);
#2506=ORIENTED_EDGE('',*,*,#1933,.F.);
#2507=ORIENTED_EDGE('',*,*,#1932,.F.);
#2508=ORIENTED_EDGE('',*,*,#1934,.F.);
#2509=ORIENTED_EDGE('',*,*,#1935,.T.);
#2510=ORIENTED_EDGE('',*,*,#1936,.F.);
#2511=ORIENTED_EDGE('',*,*,#1935,.F.);
#2512=ORIENTED_EDGE('',*,*,#1937,.F.);
#2513=ORIENTED_EDGE('',*,*,#1921,.T.);
#2514=ORIENTED_EDGE('',*,*,#1938,.F.);
#2515=ORIENTED_EDGE('',*,*,#1939,.F.);
#2516=ORIENTED_EDGE('',*,*,#1940,.F.);
#2517=ORIENTED_EDGE('',*,*,#1941,.T.);
#2518=ORIENTED_EDGE('',*,*,#1942,.F.);
#2519=ORIENTED_EDGE('',*,*,#1943,.F.);
#2520=ORIENTED_EDGE('',*,*,#1821,.F.);
#2521=ORIENTED_EDGE('',*,*,#1944,.T.);
#2522=ORIENTED_EDGE('',*,*,#1945,.F.);
#2523=ORIENTED_EDGE('',*,*,#1941,.F.);
#2524=ORIENTED_EDGE('',*,*,#1946,.F.);
#2525=ORIENTED_EDGE('',*,*,#1947,.T.);
#2526=ORIENTED_EDGE('',*,*,#1948,.F.);
#2527=ORIENTED_EDGE('',*,*,#1944,.F.);
#2528=ORIENTED_EDGE('',*,*,#1820,.F.);
#2529=ORIENTED_EDGE('',*,*,#1949,.T.);
#2530=ORIENTED_EDGE('',*,*,#1950,.F.);
#2531=ORIENTED_EDGE('',*,*,#1951,.F.);
#2532=ORIENTED_EDGE('',*,*,#1952,.F.);
#2533=ORIENTED_EDGE('',*,*,#1939,.T.);
#2534=ORIENTED_EDGE('',*,*,#1953,.F.);
#2535=ORIENTED_EDGE('',*,*,#1947,.F.);
#2536=ORIENTED_EDGE('',*,*,#1954,.F.);
#2537=ORIENTED_EDGE('',*,*,#1955,.T.);
#2538=ORIENTED_EDGE('',*,*,#1956,.F.);
#2539=ORIENTED_EDGE('',*,*,#1949,.F.);
#2540=ORIENTED_EDGE('',*,*,#1819,.F.);
#2541=ORIENTED_EDGE('',*,*,#1957,.T.);
#2542=ORIENTED_EDGE('',*,*,#1958,.F.);
#2543=ORIENTED_EDGE('',*,*,#1959,.F.);
#2544=ORIENTED_EDGE('',*,*,#1960,.F.);
#2545=ORIENTED_EDGE('',*,*,#1951,.T.);
#2546=ORIENTED_EDGE('',*,*,#1961,.F.);
#2547=ORIENTED_EDGE('',*,*,#1955,.F.);
#2548=ORIENTED_EDGE('',*,*,#1962,.F.);
#2549=ORIENTED_EDGE('',*,*,#1959,.T.);
#2550=ORIENTED_EDGE('',*,*,#1963,.F.);
#2551=ORIENTED_EDGE('',*,*,#1957,.F.);
#2552=ORIENTED_EDGE('',*,*,#1818,.F.);
#2553=ORIENTED_EDGE('',*,*,#1964,.T.);
#2554=ORIENTED_EDGE('',*,*,#1965,.F.);
#2555=ORIENTED_EDGE('',*,*,#1964,.F.);
#2556=ORIENTED_EDGE('',*,*,#1823,.F.);
#2557=ORIENTED_EDGE('',*,*,#1966,.T.);
#2558=ORIENTED_EDGE('',*,*,#1967,.F.);
#2559=ORIENTED_EDGE('',*,*,#1966,.F.);
#2560=ORIENTED_EDGE('',*,*,#1822,.F.);
#2561=ORIENTED_EDGE('',*,*,#1943,.T.);
#2562=ORIENTED_EDGE('',*,*,#1968,.F.);
#2563=ORIENTED_EDGE('',*,*,#1969,.F.);
#2564=ORIENTED_EDGE('',*,*,#1970,.F.);
#2565=ORIENTED_EDGE('',*,*,#1971,.T.);
#2566=ORIENTED_EDGE('',*,*,#1972,.F.);
#2567=ORIENTED_EDGE('',*,*,#1973,.F.);
#2568=ORIENTED_EDGE('',*,*,#1815,.F.);
#2569=ORIENTED_EDGE('',*,*,#1974,.T.);
#2570=ORIENTED_EDGE('',*,*,#1975,.F.);
#2571=ORIENTED_EDGE('',*,*,#1971,.F.);
#2572=ORIENTED_EDGE('',*,*,#1976,.F.);
#2573=ORIENTED_EDGE('',*,*,#1977,.T.);
#2574=ORIENTED_EDGE('',*,*,#1978,.F.);
#2575=ORIENTED_EDGE('',*,*,#1974,.F.);
#2576=ORIENTED_EDGE('',*,*,#1814,.F.);
#2577=ORIENTED_EDGE('',*,*,#1979,.T.);
#2578=ORIENTED_EDGE('',*,*,#1980,.F.);
#2579=ORIENTED_EDGE('',*,*,#1981,.F.);
#2580=ORIENTED_EDGE('',*,*,#1982,.F.);
#2581=ORIENTED_EDGE('',*,*,#1969,.T.);
#2582=ORIENTED_EDGE('',*,*,#1983,.F.);
#2583=ORIENTED_EDGE('',*,*,#1977,.F.);
#2584=ORIENTED_EDGE('',*,*,#1984,.F.);
#2585=ORIENTED_EDGE('',*,*,#1985,.T.);
#2586=ORIENTED_EDGE('',*,*,#1986,.F.);
#2587=ORIENTED_EDGE('',*,*,#1979,.F.);
#2588=ORIENTED_EDGE('',*,*,#1813,.F.);
#2589=ORIENTED_EDGE('',*,*,#1987,.T.);
#2590=ORIENTED_EDGE('',*,*,#1988,.F.);
#2591=ORIENTED_EDGE('',*,*,#1989,.F.);
#2592=ORIENTED_EDGE('',*,*,#1990,.F.);
#2593=ORIENTED_EDGE('',*,*,#1981,.T.);
#2594=ORIENTED_EDGE('',*,*,#1991,.F.);
#2595=ORIENTED_EDGE('',*,*,#1985,.F.);
#2596=ORIENTED_EDGE('',*,*,#1992,.F.);
#2597=ORIENTED_EDGE('',*,*,#1989,.T.);
#2598=ORIENTED_EDGE('',*,*,#1993,.F.);
#2599=ORIENTED_EDGE('',*,*,#1987,.F.);
#2600=ORIENTED_EDGE('',*,*,#1812,.F.);
#2601=ORIENTED_EDGE('',*,*,#1994,.T.);
#2602=ORIENTED_EDGE('',*,*,#1995,.F.);
#2603=ORIENTED_EDGE('',*,*,#1994,.F.);
#2604=ORIENTED_EDGE('',*,*,#1817,.F.);
#2605=ORIENTED_EDGE('',*,*,#1996,.T.);
#2606=ORIENTED_EDGE('',*,*,#1997,.F.);
#2607=ORIENTED_EDGE('',*,*,#1996,.F.);
#2608=ORIENTED_EDGE('',*,*,#1816,.F.);
#2609=ORIENTED_EDGE('',*,*,#1973,.T.);
#2610=ORIENTED_EDGE('',*,*,#1998,.F.);
#2611=ORIENTED_EDGE('',*,*,#1999,.F.);
#2612=ORIENTED_EDGE('',*,*,#2000,.F.);
#2613=ORIENTED_EDGE('',*,*,#2001,.T.);
#2614=ORIENTED_EDGE('',*,*,#2002,.F.);
#2615=ORIENTED_EDGE('',*,*,#2003,.F.);
#2616=ORIENTED_EDGE('',*,*,#1809,.F.);
#2617=ORIENTED_EDGE('',*,*,#2004,.T.);
#2618=ORIENTED_EDGE('',*,*,#2005,.F.);
#2619=ORIENTED_EDGE('',*,*,#2001,.F.);
#2620=ORIENTED_EDGE('',*,*,#2006,.F.);
#2621=ORIENTED_EDGE('',*,*,#2007,.T.);
#2622=ORIENTED_EDGE('',*,*,#2008,.F.);
#2623=ORIENTED_EDGE('',*,*,#2004,.F.);
#2624=ORIENTED_EDGE('',*,*,#1808,.F.);
#2625=ORIENTED_EDGE('',*,*,#2009,.T.);
#2626=ORIENTED_EDGE('',*,*,#2010,.F.);
#2627=ORIENTED_EDGE('',*,*,#2011,.F.);
#2628=ORIENTED_EDGE('',*,*,#2012,.F.);
#2629=ORIENTED_EDGE('',*,*,#1999,.T.);
#2630=ORIENTED_EDGE('',*,*,#2013,.F.);
#2631=ORIENTED_EDGE('',*,*,#2007,.F.);
#2632=ORIENTED_EDGE('',*,*,#2014,.F.);
#2633=ORIENTED_EDGE('',*,*,#2015,.T.);
#2634=ORIENTED_EDGE('',*,*,#2016,.F.);
#2635=ORIENTED_EDGE('',*,*,#2009,.F.);
#2636=ORIENTED_EDGE('',*,*,#1807,.F.);
#2637=ORIENTED_EDGE('',*,*,#2017,.T.);
#2638=ORIENTED_EDGE('',*,*,#2018,.F.);
#2639=ORIENTED_EDGE('',*,*,#2019,.F.);
#2640=ORIENTED_EDGE('',*,*,#2020,.F.);
#2641=ORIENTED_EDGE('',*,*,#2011,.T.);
#2642=ORIENTED_EDGE('',*,*,#2021,.F.);
#2643=ORIENTED_EDGE('',*,*,#2015,.F.);
#2644=ORIENTED_EDGE('',*,*,#2022,.F.);
#2645=ORIENTED_EDGE('',*,*,#2019,.T.);
#2646=ORIENTED_EDGE('',*,*,#2023,.F.);
#2647=ORIENTED_EDGE('',*,*,#2017,.F.);
#2648=ORIENTED_EDGE('',*,*,#1806,.F.);
#2649=ORIENTED_EDGE('',*,*,#2024,.T.);
#2650=ORIENTED_EDGE('',*,*,#2025,.F.);
#2651=ORIENTED_EDGE('',*,*,#2024,.F.);
#2652=ORIENTED_EDGE('',*,*,#1811,.F.);
#2653=ORIENTED_EDGE('',*,*,#2026,.T.);
#2654=ORIENTED_EDGE('',*,*,#2027,.F.);
#2655=ORIENTED_EDGE('',*,*,#2026,.F.);
#2656=ORIENTED_EDGE('',*,*,#1810,.F.);
#2657=ORIENTED_EDGE('',*,*,#2003,.T.);
#2658=ORIENTED_EDGE('',*,*,#2028,.F.);
#2659=ORIENTED_EDGE('',*,*,#2029,.F.);
#2660=ORIENTED_EDGE('',*,*,#2030,.F.);
#2661=ORIENTED_EDGE('',*,*,#2031,.T.);
#2662=ORIENTED_EDGE('',*,*,#2032,.F.);
#2663=ORIENTED_EDGE('',*,*,#2033,.F.);
#2664=ORIENTED_EDGE('',*,*,#1803,.F.);
#2665=ORIENTED_EDGE('',*,*,#2034,.T.);
#2666=ORIENTED_EDGE('',*,*,#2035,.F.);
#2667=ORIENTED_EDGE('',*,*,#2031,.F.);
#2668=ORIENTED_EDGE('',*,*,#2036,.F.);
#2669=ORIENTED_EDGE('',*,*,#2037,.T.);
#2670=ORIENTED_EDGE('',*,*,#2038,.F.);
#2671=ORIENTED_EDGE('',*,*,#2034,.F.);
#2672=ORIENTED_EDGE('',*,*,#1802,.F.);
#2673=ORIENTED_EDGE('',*,*,#2039,.T.);
#2674=ORIENTED_EDGE('',*,*,#2040,.F.);
#2675=ORIENTED_EDGE('',*,*,#2041,.F.);
#2676=ORIENTED_EDGE('',*,*,#2042,.F.);
#2677=ORIENTED_EDGE('',*,*,#2029,.T.);
#2678=ORIENTED_EDGE('',*,*,#2043,.F.);
#2679=ORIENTED_EDGE('',*,*,#2037,.F.);
#2680=ORIENTED_EDGE('',*,*,#2044,.F.);
#2681=ORIENTED_EDGE('',*,*,#2045,.T.);
#2682=ORIENTED_EDGE('',*,*,#2046,.F.);
#2683=ORIENTED_EDGE('',*,*,#2039,.F.);
#2684=ORIENTED_EDGE('',*,*,#1801,.F.);
#2685=ORIENTED_EDGE('',*,*,#2047,.T.);
#2686=ORIENTED_EDGE('',*,*,#2048,.F.);
#2687=ORIENTED_EDGE('',*,*,#2049,.F.);
#2688=ORIENTED_EDGE('',*,*,#2050,.F.);
#2689=ORIENTED_EDGE('',*,*,#2041,.T.);
#2690=ORIENTED_EDGE('',*,*,#2051,.F.);
#2691=ORIENTED_EDGE('',*,*,#2045,.F.);
#2692=ORIENTED_EDGE('',*,*,#2052,.F.);
#2693=ORIENTED_EDGE('',*,*,#2049,.T.);
#2694=ORIENTED_EDGE('',*,*,#2053,.F.);
#2695=ORIENTED_EDGE('',*,*,#2047,.F.);
#2696=ORIENTED_EDGE('',*,*,#1800,.F.);
#2697=ORIENTED_EDGE('',*,*,#2054,.T.);
#2698=ORIENTED_EDGE('',*,*,#2055,.F.);
#2699=ORIENTED_EDGE('',*,*,#2054,.F.);
#2700=ORIENTED_EDGE('',*,*,#1805,.F.);
#2701=ORIENTED_EDGE('',*,*,#2056,.T.);
#2702=ORIENTED_EDGE('',*,*,#2057,.F.);
#2703=ORIENTED_EDGE('',*,*,#2056,.F.);
#2704=ORIENTED_EDGE('',*,*,#1804,.F.);
#2705=ORIENTED_EDGE('',*,*,#2033,.T.);
#2706=ORIENTED_EDGE('',*,*,#2058,.F.);
#2707=ORIENTED_EDGE('',*,*,#2059,.F.);
#2708=ORIENTED_EDGE('',*,*,#2060,.F.);
#2709=ORIENTED_EDGE('',*,*,#2061,.T.);
#2710=ORIENTED_EDGE('',*,*,#2062,.F.);
#2711=ORIENTED_EDGE('',*,*,#2063,.F.);
#2712=ORIENTED_EDGE('',*,*,#1797,.F.);
#2713=ORIENTED_EDGE('',*,*,#2064,.T.);
#2714=ORIENTED_EDGE('',*,*,#2065,.F.);
#2715=ORIENTED_EDGE('',*,*,#2061,.F.);
#2716=ORIENTED_EDGE('',*,*,#2066,.F.);
#2717=ORIENTED_EDGE('',*,*,#2067,.T.);
#2718=ORIENTED_EDGE('',*,*,#2068,.F.);
#2719=ORIENTED_EDGE('',*,*,#2064,.F.);
#2720=ORIENTED_EDGE('',*,*,#1796,.F.);
#2721=ORIENTED_EDGE('',*,*,#2069,.T.);
#2722=ORIENTED_EDGE('',*,*,#2070,.F.);
#2723=ORIENTED_EDGE('',*,*,#2071,.F.);
#2724=ORIENTED_EDGE('',*,*,#2072,.F.);
#2725=ORIENTED_EDGE('',*,*,#2059,.T.);
#2726=ORIENTED_EDGE('',*,*,#2073,.F.);
#2727=ORIENTED_EDGE('',*,*,#2067,.F.);
#2728=ORIENTED_EDGE('',*,*,#2074,.F.);
#2729=ORIENTED_EDGE('',*,*,#2075,.T.);
#2730=ORIENTED_EDGE('',*,*,#2076,.F.);
#2731=ORIENTED_EDGE('',*,*,#2069,.F.);
#2732=ORIENTED_EDGE('',*,*,#1795,.F.);
#2733=ORIENTED_EDGE('',*,*,#2077,.T.);
#2734=ORIENTED_EDGE('',*,*,#2078,.F.);
#2735=ORIENTED_EDGE('',*,*,#2079,.F.);
#2736=ORIENTED_EDGE('',*,*,#2080,.F.);
#2737=ORIENTED_EDGE('',*,*,#2071,.T.);
#2738=ORIENTED_EDGE('',*,*,#2081,.F.);
#2739=ORIENTED_EDGE('',*,*,#2075,.F.);
#2740=ORIENTED_EDGE('',*,*,#2082,.F.);
#2741=ORIENTED_EDGE('',*,*,#2079,.T.);
#2742=ORIENTED_EDGE('',*,*,#2083,.F.);
#2743=ORIENTED_EDGE('',*,*,#2077,.F.);
#2744=ORIENTED_EDGE('',*,*,#1794,.F.);
#2745=ORIENTED_EDGE('',*,*,#2084,.T.);
#2746=ORIENTED_EDGE('',*,*,#2085,.F.);
#2747=ORIENTED_EDGE('',*,*,#2084,.F.);
#2748=ORIENTED_EDGE('',*,*,#1799,.F.);
#2749=ORIENTED_EDGE('',*,*,#2086,.T.);
#2750=ORIENTED_EDGE('',*,*,#2087,.F.);
#2751=ORIENTED_EDGE('',*,*,#2086,.F.);
#2752=ORIENTED_EDGE('',*,*,#1798,.F.);
#2753=ORIENTED_EDGE('',*,*,#2063,.T.);
#2754=ORIENTED_EDGE('',*,*,#2088,.F.);
#2755=ORIENTED_EDGE('',*,*,#2089,.F.);
#2756=ORIENTED_EDGE('',*,*,#2090,.F.);
#2757=ORIENTED_EDGE('',*,*,#2091,.T.);
#2758=ORIENTED_EDGE('',*,*,#2092,.F.);
#2759=ORIENTED_EDGE('',*,*,#2093,.F.);
#2760=ORIENTED_EDGE('',*,*,#1791,.F.);
#2761=ORIENTED_EDGE('',*,*,#2094,.T.);
#2762=ORIENTED_EDGE('',*,*,#2095,.F.);
#2763=ORIENTED_EDGE('',*,*,#2091,.F.);
#2764=ORIENTED_EDGE('',*,*,#2096,.F.);
#2765=ORIENTED_EDGE('',*,*,#2097,.T.);
#2766=ORIENTED_EDGE('',*,*,#2098,.F.);
#2767=ORIENTED_EDGE('',*,*,#2094,.F.);
#2768=ORIENTED_EDGE('',*,*,#1790,.F.);
#2769=ORIENTED_EDGE('',*,*,#2099,.T.);
#2770=ORIENTED_EDGE('',*,*,#2100,.F.);
#2771=ORIENTED_EDGE('',*,*,#2101,.F.);
#2772=ORIENTED_EDGE('',*,*,#2102,.F.);
#2773=ORIENTED_EDGE('',*,*,#2089,.T.);
#2774=ORIENTED_EDGE('',*,*,#2103,.F.);
#2775=ORIENTED_EDGE('',*,*,#2097,.F.);
#2776=ORIENTED_EDGE('',*,*,#2104,.F.);
#2777=ORIENTED_EDGE('',*,*,#2105,.T.);
#2778=ORIENTED_EDGE('',*,*,#2106,.F.);
#2779=ORIENTED_EDGE('',*,*,#2099,.F.);
#2780=ORIENTED_EDGE('',*,*,#1789,.F.);
#2781=ORIENTED_EDGE('',*,*,#2107,.T.);
#2782=ORIENTED_EDGE('',*,*,#2108,.F.);
#2783=ORIENTED_EDGE('',*,*,#2109,.F.);
#2784=ORIENTED_EDGE('',*,*,#2110,.F.);
#2785=ORIENTED_EDGE('',*,*,#2101,.T.);
#2786=ORIENTED_EDGE('',*,*,#1741,.T.);
#2787=ORIENTED_EDGE('',*,*,#1739,.T.);
#2788=ORIENTED_EDGE('',*,*,#2111,.F.);
#2789=ORIENTED_EDGE('',*,*,#2109,.T.);
#2790=ORIENTED_EDGE('',*,*,#2112,.F.);
#2791=ORIENTED_EDGE('',*,*,#2105,.F.);
#2792=ORIENTED_EDGE('',*,*,#2113,.F.);
#2793=ORIENTED_EDGE('',*,*,#1728,.T.);
#2794=ORIENTED_EDGE('',*,*,#2114,.F.);
#2795=ORIENTED_EDGE('',*,*,#2107,.F.);
#2796=ORIENTED_EDGE('',*,*,#1788,.F.);
#2797=ORIENTED_EDGE('',*,*,#2115,.T.);
#2798=ORIENTED_EDGE('',*,*,#2116,.F.);
#2799=ORIENTED_EDGE('',*,*,#2117,.F.);
#2800=ORIENTED_EDGE('',*,*,#2115,.F.);
#2801=ORIENTED_EDGE('',*,*,#1793,.F.);
#2802=ORIENTED_EDGE('',*,*,#2118,.T.);
#2803=ORIENTED_EDGE('',*,*,#2119,.F.);
#2804=ORIENTED_EDGE('',*,*,#2118,.F.);
#2805=ORIENTED_EDGE('',*,*,#1792,.F.);
#2806=ORIENTED_EDGE('',*,*,#2093,.T.);
#2807=ORIENTED_EDGE('',*,*,#2120,.F.);
#2808=ORIENTED_EDGE('',*,*,#2121,.F.);
#2809=ORIENTED_EDGE('',*,*,#2122,.F.);
#2810=ORIENTED_EDGE('',*,*,#2123,.T.);
#2811=ORIENTED_EDGE('',*,*,#2124,.F.);
#2812=ORIENTED_EDGE('',*,*,#2125,.F.);
#2813=ORIENTED_EDGE('',*,*,#1785,.F.);
#2814=ORIENTED_EDGE('',*,*,#2126,.T.);
#2815=ORIENTED_EDGE('',*,*,#2127,.F.);
#2816=ORIENTED_EDGE('',*,*,#2123,.F.);
#2817=ORIENTED_EDGE('',*,*,#2128,.F.);
#2818=ORIENTED_EDGE('',*,*,#2129,.T.);
#2819=ORIENTED_EDGE('',*,*,#2130,.F.);
#2820=ORIENTED_EDGE('',*,*,#2126,.F.);
#2821=ORIENTED_EDGE('',*,*,#1784,.F.);
#2822=ORIENTED_EDGE('',*,*,#2131,.T.);
#2823=ORIENTED_EDGE('',*,*,#2132,.F.);
#2824=ORIENTED_EDGE('',*,*,#2133,.F.);
#2825=ORIENTED_EDGE('',*,*,#2134,.F.);
#2826=ORIENTED_EDGE('',*,*,#2121,.T.);
#2827=ORIENTED_EDGE('',*,*,#2135,.F.);
#2828=ORIENTED_EDGE('',*,*,#2129,.F.);
#2829=ORIENTED_EDGE('',*,*,#2136,.F.);
#2830=ORIENTED_EDGE('',*,*,#2137,.T.);
#2831=ORIENTED_EDGE('',*,*,#2138,.F.);
#2832=ORIENTED_EDGE('',*,*,#2131,.F.);
#2833=ORIENTED_EDGE('',*,*,#1783,.F.);
#2834=ORIENTED_EDGE('',*,*,#2139,.T.);
#2835=ORIENTED_EDGE('',*,*,#2140,.F.);
#2836=ORIENTED_EDGE('',*,*,#2141,.F.);
#2837=ORIENTED_EDGE('',*,*,#2142,.F.);
#2838=ORIENTED_EDGE('',*,*,#2133,.T.);
#2839=ORIENTED_EDGE('',*,*,#2143,.F.);
#2840=ORIENTED_EDGE('',*,*,#2137,.F.);
#2841=ORIENTED_EDGE('',*,*,#2144,.F.);
#2842=ORIENTED_EDGE('',*,*,#2141,.T.);
#2843=ORIENTED_EDGE('',*,*,#2145,.F.);
#2844=ORIENTED_EDGE('',*,*,#2139,.F.);
#2845=ORIENTED_EDGE('',*,*,#1782,.F.);
#2846=ORIENTED_EDGE('',*,*,#2146,.T.);
#2847=ORIENTED_EDGE('',*,*,#2147,.F.);
#2848=ORIENTED_EDGE('',*,*,#2146,.F.);
#2849=ORIENTED_EDGE('',*,*,#1787,.F.);
#2850=ORIENTED_EDGE('',*,*,#2148,.T.);
#2851=ORIENTED_EDGE('',*,*,#2149,.F.);
#2852=ORIENTED_EDGE('',*,*,#2148,.F.);
#2853=ORIENTED_EDGE('',*,*,#1786,.F.);
#2854=ORIENTED_EDGE('',*,*,#2125,.T.);
#2855=ORIENTED_EDGE('',*,*,#2150,.F.);
#2856=ORIENTED_EDGE('',*,*,#2151,.F.);
#2857=ORIENTED_EDGE('',*,*,#2152,.F.);
#2858=ORIENTED_EDGE('',*,*,#2153,.T.);
#2859=ORIENTED_EDGE('',*,*,#2154,.F.);
#2860=ORIENTED_EDGE('',*,*,#2155,.F.);
#2861=ORIENTED_EDGE('',*,*,#1779,.F.);
#2862=ORIENTED_EDGE('',*,*,#2156,.T.);
#2863=ORIENTED_EDGE('',*,*,#2157,.F.);
#2864=ORIENTED_EDGE('',*,*,#2153,.F.);
#2865=ORIENTED_EDGE('',*,*,#2158,.F.);
#2866=ORIENTED_EDGE('',*,*,#2159,.T.);
#2867=ORIENTED_EDGE('',*,*,#2160,.F.);
#2868=ORIENTED_EDGE('',*,*,#2156,.F.);
#2869=ORIENTED_EDGE('',*,*,#1778,.F.);
#2870=ORIENTED_EDGE('',*,*,#2161,.T.);
#2871=ORIENTED_EDGE('',*,*,#2162,.F.);
#2872=ORIENTED_EDGE('',*,*,#2163,.F.);
#2873=ORIENTED_EDGE('',*,*,#2164,.F.);
#2874=ORIENTED_EDGE('',*,*,#2151,.T.);
#2875=ORIENTED_EDGE('',*,*,#2165,.F.);
#2876=ORIENTED_EDGE('',*,*,#2159,.F.);
#2877=ORIENTED_EDGE('',*,*,#2166,.F.);
#2878=ORIENTED_EDGE('',*,*,#2167,.T.);
#2879=ORIENTED_EDGE('',*,*,#2168,.F.);
#2880=ORIENTED_EDGE('',*,*,#2161,.F.);
#2881=ORIENTED_EDGE('',*,*,#1777,.F.);
#2882=ORIENTED_EDGE('',*,*,#2169,.T.);
#2883=ORIENTED_EDGE('',*,*,#2170,.F.);
#2884=ORIENTED_EDGE('',*,*,#2171,.F.);
#2885=ORIENTED_EDGE('',*,*,#2172,.F.);
#2886=ORIENTED_EDGE('',*,*,#2163,.T.);
#2887=ORIENTED_EDGE('',*,*,#2173,.F.);
#2888=ORIENTED_EDGE('',*,*,#2167,.F.);
#2889=ORIENTED_EDGE('',*,*,#2174,.F.);
#2890=ORIENTED_EDGE('',*,*,#2171,.T.);
#2891=ORIENTED_EDGE('',*,*,#2175,.F.);
#2892=ORIENTED_EDGE('',*,*,#2169,.F.);
#2893=ORIENTED_EDGE('',*,*,#1776,.F.);
#2894=ORIENTED_EDGE('',*,*,#2176,.T.);
#2895=ORIENTED_EDGE('',*,*,#2177,.F.);
#2896=ORIENTED_EDGE('',*,*,#2176,.F.);
#2897=ORIENTED_EDGE('',*,*,#1781,.F.);
#2898=ORIENTED_EDGE('',*,*,#2178,.T.);
#2899=ORIENTED_EDGE('',*,*,#2179,.F.);
#2900=ORIENTED_EDGE('',*,*,#2178,.F.);
#2901=ORIENTED_EDGE('',*,*,#1780,.F.);
#2902=ORIENTED_EDGE('',*,*,#2155,.T.);
#2903=ORIENTED_EDGE('',*,*,#2180,.F.);
#2904=ORIENTED_EDGE('',*,*,#2181,.T.);
#2905=ORIENTED_EDGE('',*,*,#2181,.F.);
#2906=ORIENTED_EDGE('',*,*,#2182,.T.);
#2907=ORIENTED_EDGE('',*,*,#1838,.F.);
#2908=ORIENTED_EDGE('',*,*,#2182,.F.);
#2909=ORIENTED_EDGE('',*,*,#2183,.F.);
#2910=ORIENTED_EDGE('',*,*,#2184,.T.);
#2911=ORIENTED_EDGE('',*,*,#2184,.F.);
#2912=ORIENTED_EDGE('',*,*,#2185,.T.);
#2913=ORIENTED_EDGE('',*,*,#2186,.F.);
#2914=ORIENTED_EDGE('',*,*,#2185,.F.);
#2915=ORIENTED_EDGE('',*,*,#1854,.F.);
#2916=ORIENTED_EDGE('',*,*,#2187,.T.);
#2917=ORIENTED_EDGE('',*,*,#2180,.T.);
#2918=ORIENTED_EDGE('',*,*,#2187,.F.);
#2919=ORIENTED_EDGE('',*,*,#2188,.F.);
#2920=ORIENTED_EDGE('',*,*,#2189,.T.);
#2921=ORIENTED_EDGE('',*,*,#2183,.T.);
#2922=ORIENTED_EDGE('',*,*,#2189,.F.);
#2923=ORIENTED_EDGE('',*,*,#2190,.F.);
#2924=ORIENTED_EDGE('',*,*,#2191,.T.);
#2925=ORIENTED_EDGE('',*,*,#2192,.F.);
#2926=ORIENTED_EDGE('',*,*,#2193,.F.);
#2927=ORIENTED_EDGE('',*,*,#2194,.T.);
#2928=ORIENTED_EDGE('',*,*,#2193,.T.);
#2929=ORIENTED_EDGE('',*,*,#2195,.F.);
#2930=ORIENTED_EDGE('',*,*,#2196,.F.);
#2931=ORIENTED_EDGE('',*,*,#2197,.F.);
#2932=ORIENTED_EDGE('',*,*,#2196,.T.);
#2933=ORIENTED_EDGE('',*,*,#2198,.F.);
#2934=ORIENTED_EDGE('',*,*,#2199,.F.);
#2935=ORIENTED_EDGE('',*,*,#2200,.T.);
#2936=ORIENTED_EDGE('',*,*,#2199,.T.);
#2937=ORIENTED_EDGE('',*,*,#2201,.F.);
#2938=ORIENTED_EDGE('',*,*,#2202,.F.);
#2939=ORIENTED_EDGE('',*,*,#2203,.F.);
#2940=ORIENTED_EDGE('',*,*,#2202,.T.);
#2941=ORIENTED_EDGE('',*,*,#2204,.F.);
#2942=ORIENTED_EDGE('',*,*,#2205,.F.);
#2943=ORIENTED_EDGE('',*,*,#2206,.T.);
#2944=ORIENTED_EDGE('',*,*,#1774,.T.);
#2945=ORIENTED_EDGE('',*,*,#2207,.F.);
#2946=ORIENTED_EDGE('',*,*,#2208,.F.);
#2947=ORIENTED_EDGE('',*,*,#2209,.T.);
#2948=ORIENTED_EDGE('',*,*,#2208,.T.);
#2949=ORIENTED_EDGE('',*,*,#2210,.F.);
#2950=ORIENTED_EDGE('',*,*,#2191,.F.);
#2951=ORIENTED_EDGE('',*,*,#1857,.F.);
#2952=ORIENTED_EDGE('',*,*,#2211,.T.);
#2953=ORIENTED_EDGE('',*,*,#2204,.T.);
#2954=ORIENTED_EDGE('',*,*,#2201,.T.);
#2955=ORIENTED_EDGE('',*,*,#2198,.T.);
#2956=ORIENTED_EDGE('',*,*,#2195,.T.);
#2957=ORIENTED_EDGE('',*,*,#2192,.T.);
#2958=ORIENTED_EDGE('',*,*,#2210,.T.);
#2959=ORIENTED_EDGE('',*,*,#2207,.T.);
#2960=ORIENTED_EDGE('',*,*,#1773,.T.);
#2961=ORIENTED_EDGE('',*,*,#2188,.T.);
#2962=ORIENTED_EDGE('',*,*,#1833,.F.);
#2963=ORIENTED_EDGE('',*,*,#2212,.T.);
#2964=ORIENTED_EDGE('',*,*,#1849,.F.);
#2965=ORIENTED_EDGE('',*,*,#2213,.F.);
#2966=ORIENTED_EDGE('',*,*,#1834,.F.);
#2967=ORIENTED_EDGE('',*,*,#2213,.T.);
#2968=ORIENTED_EDGE('',*,*,#1848,.F.);
#2969=ORIENTED_EDGE('',*,*,#2214,.F.);
#2970=ORIENTED_EDGE('',*,*,#1835,.F.);
#2971=ORIENTED_EDGE('',*,*,#2214,.T.);
#2972=ORIENTED_EDGE('',*,*,#1847,.F.);
#2973=ORIENTED_EDGE('',*,*,#2215,.F.);
#2974=ORIENTED_EDGE('',*,*,#1836,.T.);
#2975=ORIENTED_EDGE('',*,*,#2215,.T.);
#2976=ORIENTED_EDGE('',*,*,#1846,.F.);
#2977=ORIENTED_EDGE('',*,*,#2216,.F.);
#2978=ORIENTED_EDGE('',*,*,#1830,.F.);
#2979=ORIENTED_EDGE('',*,*,#2217,.T.);
#2980=ORIENTED_EDGE('',*,*,#1852,.F.);
#2981=ORIENTED_EDGE('',*,*,#2218,.F.);
#2982=ORIENTED_EDGE('',*,*,#1831,.T.);
#2983=ORIENTED_EDGE('',*,*,#2218,.T.);
#2984=ORIENTED_EDGE('',*,*,#1851,.F.);
#2985=ORIENTED_EDGE('',*,*,#2219,.F.);
#2986=ORIENTED_EDGE('',*,*,#1832,.F.);
#2987=ORIENTED_EDGE('',*,*,#2219,.T.);
#2988=ORIENTED_EDGE('',*,*,#1850,.F.);
#2989=ORIENTED_EDGE('',*,*,#2212,.F.);
#2990=ORIENTED_EDGE('',*,*,#1768,.T.);
#2991=ORIENTED_EDGE('',*,*,#1826,.T.);
#2992=ORIENTED_EDGE('',*,*,#2220,.T.);
#2993=ORIENTED_EDGE('',*,*,#2221,.T.);
#2994=ORIENTED_EDGE('',*,*,#2222,.T.);
#2995=ORIENTED_EDGE('',*,*,#2223,.T.);
#2996=ORIENTED_EDGE('',*,*,#2224,.T.);
#2997=ORIENTED_EDGE('',*,*,#2225,.T.);
#2998=ORIENTED_EDGE('',*,*,#2221,.F.);
#2999=ORIENTED_EDGE('',*,*,#2226,.T.);
#3000=ORIENTED_EDGE('',*,*,#2227,.F.);
#3001=ORIENTED_EDGE('',*,*,#2228,.T.);
#3002=ORIENTED_EDGE('',*,*,#2229,.F.);
#3003=ORIENTED_EDGE('',*,*,#2230,.T.);
#3004=ORIENTED_EDGE('',*,*,#2223,.F.);
#3005=ORIENTED_EDGE('',*,*,#2231,.T.);
#3006=ORIENTED_EDGE('',*,*,#2232,.T.);
#3007=ORIENTED_EDGE('',*,*,#1769,.T.);
#3008=ORIENTED_EDGE('',*,*,#2227,.T.);
#3009=ORIENTED_EDGE('',*,*,#2233,.T.);
#3010=ORIENTED_EDGE('',*,*,#1861,.T.);
#3011=ORIENTED_EDGE('',*,*,#2234,.T.);
#3012=ORIENTED_EDGE('',*,*,#1727,.T.);
#3013=ORIENTED_EDGE('',*,*,#1750,.T.);
#3014=ORIENTED_EDGE('',*,*,#2235,.T.);
#3015=ORIENTED_EDGE('',*,*,#2205,.T.);
#3016=ORIENTED_EDGE('',*,*,#2211,.F.);
#3017=ORIENTED_EDGE('',*,*,#1856,.F.);
#3018=ORIENTED_EDGE('',*,*,#1862,.F.);
#3019=ORIENTED_EDGE('',*,*,#2233,.F.);
#3020=ORIENTED_EDGE('',*,*,#2226,.F.);
#3021=ORIENTED_EDGE('',*,*,#2220,.F.);
#3022=ORIENTED_EDGE('',*,*,#1825,.T.);
#3023=ORIENTED_EDGE('',*,*,#1745,.T.);
#3024=ORIENTED_EDGE('',*,*,#1729,.T.);
#3025=ORIENTED_EDGE('',*,*,#2116,.T.);
#3026=ORIENTED_EDGE('',*,*,#2117,.T.);
#3027=ORIENTED_EDGE('',*,*,#2119,.T.);
#3028=ORIENTED_EDGE('',*,*,#2092,.T.);
#3029=ORIENTED_EDGE('',*,*,#2098,.T.);
#3030=ORIENTED_EDGE('',*,*,#2106,.T.);
#3031=ORIENTED_EDGE('',*,*,#2114,.T.);
#3032=ORIENTED_EDGE('',*,*,#1963,.T.);
#3033=ORIENTED_EDGE('',*,*,#1965,.T.);
#3034=ORIENTED_EDGE('',*,*,#1967,.T.);
#3035=ORIENTED_EDGE('',*,*,#1942,.T.);
#3036=ORIENTED_EDGE('',*,*,#1948,.T.);
#3037=ORIENTED_EDGE('',*,*,#1956,.T.);
#3038=ORIENTED_EDGE('',*,*,#1993,.T.);
#3039=ORIENTED_EDGE('',*,*,#1995,.T.);
#3040=ORIENTED_EDGE('',*,*,#1997,.T.);
#3041=ORIENTED_EDGE('',*,*,#1972,.T.);
#3042=ORIENTED_EDGE('',*,*,#1978,.T.);
#3043=ORIENTED_EDGE('',*,*,#1986,.T.);
#3044=ORIENTED_EDGE('',*,*,#2023,.T.);
#3045=ORIENTED_EDGE('',*,*,#2025,.T.);
#3046=ORIENTED_EDGE('',*,*,#2027,.T.);
#3047=ORIENTED_EDGE('',*,*,#2002,.T.);
#3048=ORIENTED_EDGE('',*,*,#2008,.T.);
#3049=ORIENTED_EDGE('',*,*,#2016,.T.);
#3050=ORIENTED_EDGE('',*,*,#2053,.T.);
#3051=ORIENTED_EDGE('',*,*,#2055,.T.);
#3052=ORIENTED_EDGE('',*,*,#2057,.T.);
#3053=ORIENTED_EDGE('',*,*,#2032,.T.);
#3054=ORIENTED_EDGE('',*,*,#2038,.T.);
#3055=ORIENTED_EDGE('',*,*,#2046,.T.);
#3056=ORIENTED_EDGE('',*,*,#2083,.T.);
#3057=ORIENTED_EDGE('',*,*,#2085,.T.);
#3058=ORIENTED_EDGE('',*,*,#2087,.T.);
#3059=ORIENTED_EDGE('',*,*,#2062,.T.);
#3060=ORIENTED_EDGE('',*,*,#2068,.T.);
#3061=ORIENTED_EDGE('',*,*,#2076,.T.);
#3062=ORIENTED_EDGE('',*,*,#2145,.T.);
#3063=ORIENTED_EDGE('',*,*,#2147,.T.);
#3064=ORIENTED_EDGE('',*,*,#2149,.T.);
#3065=ORIENTED_EDGE('',*,*,#2124,.T.);
#3066=ORIENTED_EDGE('',*,*,#2130,.T.);
#3067=ORIENTED_EDGE('',*,*,#2138,.T.);
#3068=ORIENTED_EDGE('',*,*,#2175,.T.);
#3069=ORIENTED_EDGE('',*,*,#2177,.T.);
#3070=ORIENTED_EDGE('',*,*,#2179,.T.);
#3071=ORIENTED_EDGE('',*,*,#2154,.T.);
#3072=ORIENTED_EDGE('',*,*,#2160,.T.);
#3073=ORIENTED_EDGE('',*,*,#2168,.T.);
#3074=ORIENTED_EDGE('',*,*,#2229,.T.);
#3075=ORIENTED_EDGE('',*,*,#2236,.T.);
#3076=ORIENTED_EDGE('',*,*,#1859,.T.);
#3077=ORIENTED_EDGE('',*,*,#2237,.T.);
#3078=ORIENTED_EDGE('',*,*,#1738,.T.);
#3079=ORIENTED_EDGE('',*,*,#1756,.T.);
#3080=ORIENTED_EDGE('',*,*,#2238,.F.);
#3081=ORIENTED_EDGE('',*,*,#2224,.F.);
#3082=ORIENTED_EDGE('',*,*,#2230,.F.);
#3083=ORIENTED_EDGE('',*,*,#2237,.F.);
#3084=ORIENTED_EDGE('',*,*,#1858,.F.);
#3085=ORIENTED_EDGE('',*,*,#1843,.F.);
#3086=ORIENTED_EDGE('',*,*,#1853,.F.);
#3087=ORIENTED_EDGE('',*,*,#2217,.F.);
#3088=ORIENTED_EDGE('',*,*,#1829,.T.);
#3089=ORIENTED_EDGE('',*,*,#1751,.T.);
#3090=ORIENTED_EDGE('',*,*,#1742,.T.);
#3091=ORIENTED_EDGE('',*,*,#2113,.T.);
#3092=ORIENTED_EDGE('',*,*,#2104,.T.);
#3093=ORIENTED_EDGE('',*,*,#2096,.T.);
#3094=ORIENTED_EDGE('',*,*,#2090,.T.);
#3095=ORIENTED_EDGE('',*,*,#2102,.T.);
#3096=ORIENTED_EDGE('',*,*,#2110,.T.);
#3097=ORIENTED_EDGE('',*,*,#2111,.T.);
#3098=ORIENTED_EDGE('',*,*,#1962,.T.);
#3099=ORIENTED_EDGE('',*,*,#1954,.T.);
#3100=ORIENTED_EDGE('',*,*,#1946,.T.);
#3101=ORIENTED_EDGE('',*,*,#1940,.T.);
#3102=ORIENTED_EDGE('',*,*,#1952,.T.);
#3103=ORIENTED_EDGE('',*,*,#1960,.T.);
#3104=ORIENTED_EDGE('',*,*,#1992,.T.);
#3105=ORIENTED_EDGE('',*,*,#1984,.T.);
#3106=ORIENTED_EDGE('',*,*,#1976,.T.);
#3107=ORIENTED_EDGE('',*,*,#1970,.T.);
#3108=ORIENTED_EDGE('',*,*,#1982,.T.);
#3109=ORIENTED_EDGE('',*,*,#1990,.T.);
#3110=ORIENTED_EDGE('',*,*,#2022,.T.);
#3111=ORIENTED_EDGE('',*,*,#2014,.T.);
#3112=ORIENTED_EDGE('',*,*,#2006,.T.);
#3113=ORIENTED_EDGE('',*,*,#2000,.T.);
#3114=ORIENTED_EDGE('',*,*,#2012,.T.);
#3115=ORIENTED_EDGE('',*,*,#2020,.T.);
#3116=ORIENTED_EDGE('',*,*,#2052,.T.);
#3117=ORIENTED_EDGE('',*,*,#2044,.T.);
#3118=ORIENTED_EDGE('',*,*,#2036,.T.);
#3119=ORIENTED_EDGE('',*,*,#2030,.T.);
#3120=ORIENTED_EDGE('',*,*,#2042,.T.);
#3121=ORIENTED_EDGE('',*,*,#2050,.T.);
#3122=ORIENTED_EDGE('',*,*,#2082,.T.);
#3123=ORIENTED_EDGE('',*,*,#2074,.T.);
#3124=ORIENTED_EDGE('',*,*,#2066,.T.);
#3125=ORIENTED_EDGE('',*,*,#2060,.T.);
#3126=ORIENTED_EDGE('',*,*,#2072,.T.);
#3127=ORIENTED_EDGE('',*,*,#2080,.T.);
#3128=ORIENTED_EDGE('',*,*,#2144,.T.);
#3129=ORIENTED_EDGE('',*,*,#2136,.T.);
#3130=ORIENTED_EDGE('',*,*,#2128,.T.);
#3131=ORIENTED_EDGE('',*,*,#2122,.T.);
#3132=ORIENTED_EDGE('',*,*,#2134,.T.);
#3133=ORIENTED_EDGE('',*,*,#2142,.T.);
#3134=ORIENTED_EDGE('',*,*,#2174,.T.);
#3135=ORIENTED_EDGE('',*,*,#2166,.T.);
#3136=ORIENTED_EDGE('',*,*,#2158,.T.);
#3137=ORIENTED_EDGE('',*,*,#2152,.T.);
#3138=ORIENTED_EDGE('',*,*,#2164,.T.);
#3139=ORIENTED_EDGE('',*,*,#2172,.T.);
#3140=ORIENTED_EDGE('',*,*,#1766,.T.);
#3141=ORIENTED_EDGE('',*,*,#2239,.F.);
#3142=ORIENTED_EDGE('',*,*,#2225,.F.);
#3143=ORIENTED_EDGE('',*,*,#2238,.T.);
#3144=ORIENTED_EDGE('',*,*,#1755,.F.);
#3145=ORIENTED_EDGE('',*,*,#1840,.F.);
#3146=ORIENTED_EDGE('',*,*,#2234,.F.);
#3147=ORIENTED_EDGE('',*,*,#1860,.F.);
#3148=ORIENTED_EDGE('',*,*,#2236,.F.);
#3149=ORIENTED_EDGE('',*,*,#2228,.F.);
#3150=ORIENTED_EDGE('',*,*,#1876,.T.);
#3151=ORIENTED_EDGE('',*,*,#1879,.T.);
#3152=ORIENTED_EDGE('',*,*,#1882,.T.);
#3153=ORIENTED_EDGE('',*,*,#1866,.T.);
#3154=ORIENTED_EDGE('',*,*,#1870,.T.);
#3155=ORIENTED_EDGE('',*,*,#1873,.T.);
#3156=ORIENTED_EDGE('',*,*,#1894,.T.);
#3157=ORIENTED_EDGE('',*,*,#1897,.T.);
#3158=ORIENTED_EDGE('',*,*,#1900,.T.);
#3159=ORIENTED_EDGE('',*,*,#1884,.T.);
#3160=ORIENTED_EDGE('',*,*,#1888,.T.);
#3161=ORIENTED_EDGE('',*,*,#1891,.T.);
#3162=ORIENTED_EDGE('',*,*,#1912,.T.);
#3163=ORIENTED_EDGE('',*,*,#1915,.T.);
#3164=ORIENTED_EDGE('',*,*,#1918,.T.);
#3165=ORIENTED_EDGE('',*,*,#1902,.T.);
#3166=ORIENTED_EDGE('',*,*,#1906,.T.);
#3167=ORIENTED_EDGE('',*,*,#1909,.T.);
#3168=ORIENTED_EDGE('',*,*,#1930,.T.);
#3169=ORIENTED_EDGE('',*,*,#1933,.T.);
#3170=ORIENTED_EDGE('',*,*,#1936,.T.);
#3171=ORIENTED_EDGE('',*,*,#1920,.T.);
#3172=ORIENTED_EDGE('',*,*,#1924,.T.);
#3173=ORIENTED_EDGE('',*,*,#1927,.T.);
#3174=ORIENTED_EDGE('',*,*,#1863,.T.);
#3175=ORIENTED_EDGE('',*,*,#1770,.F.);
#3176=ORIENTED_EDGE('',*,*,#2232,.F.);
#3177=ORIENTED_EDGE('',*,*,#2240,.T.);
#3178=ORIENTED_EDGE('',*,*,#1877,.T.);
#3179=ORIENTED_EDGE('',*,*,#1874,.T.);
#3180=ORIENTED_EDGE('',*,*,#1871,.T.);
#3181=ORIENTED_EDGE('',*,*,#1868,.T.);
#3182=ORIENTED_EDGE('',*,*,#1883,.T.);
#3183=ORIENTED_EDGE('',*,*,#1880,.T.);
#3184=ORIENTED_EDGE('',*,*,#1895,.T.);
#3185=ORIENTED_EDGE('',*,*,#1892,.T.);
#3186=ORIENTED_EDGE('',*,*,#1889,.T.);
#3187=ORIENTED_EDGE('',*,*,#1886,.T.);
#3188=ORIENTED_EDGE('',*,*,#1901,.T.);
#3189=ORIENTED_EDGE('',*,*,#1898,.T.);
#3190=ORIENTED_EDGE('',*,*,#1913,.T.);
#3191=ORIENTED_EDGE('',*,*,#1910,.T.);
#3192=ORIENTED_EDGE('',*,*,#1907,.T.);
#3193=ORIENTED_EDGE('',*,*,#1904,.T.);
#3194=ORIENTED_EDGE('',*,*,#1919,.T.);
#3195=ORIENTED_EDGE('',*,*,#1916,.T.);
#3196=ORIENTED_EDGE('',*,*,#1931,.T.);
#3197=ORIENTED_EDGE('',*,*,#1928,.T.);
#3198=ORIENTED_EDGE('',*,*,#1925,.T.);
#3199=ORIENTED_EDGE('',*,*,#1922,.T.);
#3200=ORIENTED_EDGE('',*,*,#1937,.T.);
#3201=ORIENTED_EDGE('',*,*,#1934,.T.);
#3202=ORIENTED_EDGE('',*,*,#1765,.T.);
#3203=ORIENTED_EDGE('',*,*,#1837,.T.);
#3204=ORIENTED_EDGE('',*,*,#2216,.T.);
#3205=ORIENTED_EDGE('',*,*,#1845,.F.);
#3206=ORIENTED_EDGE('',*,*,#1841,.F.);
#3207=ORIENTED_EDGE('',*,*,#1864,.F.);
#3208=ORIENTED_EDGE('',*,*,#2240,.F.);
#3209=ORIENTED_EDGE('',*,*,#2231,.F.);
#3210=ORIENTED_EDGE('',*,*,#2222,.F.);
#3211=ORIENTED_EDGE('',*,*,#2239,.T.);
#3212=ORIENTED_EDGE('',*,*,#1961,.T.);
#3213=ORIENTED_EDGE('',*,*,#1958,.T.);
#3214=ORIENTED_EDGE('',*,*,#1950,.T.);
#3215=ORIENTED_EDGE('',*,*,#1938,.T.);
#3216=ORIENTED_EDGE('',*,*,#1945,.T.);
#3217=ORIENTED_EDGE('',*,*,#1953,.T.);
#3218=ORIENTED_EDGE('',*,*,#1991,.T.);
#3219=ORIENTED_EDGE('',*,*,#1988,.T.);
#3220=ORIENTED_EDGE('',*,*,#1980,.T.);
#3221=ORIENTED_EDGE('',*,*,#1968,.T.);
#3222=ORIENTED_EDGE('',*,*,#1975,.T.);
#3223=ORIENTED_EDGE('',*,*,#1983,.T.);
#3224=ORIENTED_EDGE('',*,*,#2021,.T.);
#3225=ORIENTED_EDGE('',*,*,#2018,.T.);
#3226=ORIENTED_EDGE('',*,*,#2010,.T.);
#3227=ORIENTED_EDGE('',*,*,#1998,.T.);
#3228=ORIENTED_EDGE('',*,*,#2005,.T.);
#3229=ORIENTED_EDGE('',*,*,#2013,.T.);
#3230=ORIENTED_EDGE('',*,*,#2051,.T.);
#3231=ORIENTED_EDGE('',*,*,#2048,.T.);
#3232=ORIENTED_EDGE('',*,*,#2040,.T.);
#3233=ORIENTED_EDGE('',*,*,#2028,.T.);
#3234=ORIENTED_EDGE('',*,*,#2035,.T.);
#3235=ORIENTED_EDGE('',*,*,#2043,.T.);
#3236=ORIENTED_EDGE('',*,*,#2081,.T.);
#3237=ORIENTED_EDGE('',*,*,#2078,.T.);
#3238=ORIENTED_EDGE('',*,*,#2070,.T.);
#3239=ORIENTED_EDGE('',*,*,#2058,.T.);
#3240=ORIENTED_EDGE('',*,*,#2065,.T.);
#3241=ORIENTED_EDGE('',*,*,#2073,.T.);
#3242=ORIENTED_EDGE('',*,*,#2112,.T.);
#3243=ORIENTED_EDGE('',*,*,#2108,.T.);
#3244=ORIENTED_EDGE('',*,*,#2100,.T.);
#3245=ORIENTED_EDGE('',*,*,#2088,.T.);
#3246=ORIENTED_EDGE('',*,*,#2095,.T.);
#3247=ORIENTED_EDGE('',*,*,#2103,.T.);
#3248=ORIENTED_EDGE('',*,*,#2143,.T.);
#3249=ORIENTED_EDGE('',*,*,#2140,.T.);
#3250=ORIENTED_EDGE('',*,*,#2132,.T.);
#3251=ORIENTED_EDGE('',*,*,#2120,.T.);
#3252=ORIENTED_EDGE('',*,*,#2127,.T.);
#3253=ORIENTED_EDGE('',*,*,#2135,.T.);
#3254=ORIENTED_EDGE('',*,*,#2173,.T.);
#3255=ORIENTED_EDGE('',*,*,#2170,.T.);
#3256=ORIENTED_EDGE('',*,*,#2162,.T.);
#3257=ORIENTED_EDGE('',*,*,#2150,.T.);
#3258=ORIENTED_EDGE('',*,*,#2157,.T.);
#3259=ORIENTED_EDGE('',*,*,#2165,.T.);
#3260=ORIENTED_EDGE('',*,*,#1760,.T.);
#3261=ORIENTED_EDGE('',*,*,#1775,.T.);
#3262=ORIENTED_EDGE('',*,*,#2206,.F.);
#3263=ORIENTED_EDGE('',*,*,#2209,.F.);
#3264=ORIENTED_EDGE('',*,*,#2190,.T.);
#3265=ORIENTED_EDGE('',*,*,#2194,.F.);
#3266=ORIENTED_EDGE('',*,*,#2197,.T.);
#3267=ORIENTED_EDGE('',*,*,#2200,.F.);
#3268=ORIENTED_EDGE('',*,*,#2203,.T.);
#3269=ORIENTED_EDGE('',*,*,#2235,.F.);
#3270=ORIENTED_EDGE('',*,*,#1749,.F.);
#3271=ORIENTED_EDGE('',*,*,#1865,.F.);
#3272=ORIENTED_EDGE('',*,*,#2186,.T.);
#3273=PLANE('',#3549);
#3274=PLANE('',#3558);
#3275=PLANE('',#3567);
#3276=PLANE('',#3569);
#3277=PLANE('',#3571);
#3278=PLANE('',#3573);
#3279=PLANE('',#3575);
#3280=PLANE('',#3602);
#3281=PLANE('',#3604);
#3282=PLANE('',#3610);
#3283=PLANE('',#3615);
#3284=PLANE('',#3623);
#3285=PLANE('',#3628);
#3286=PLANE('',#3630);
#3287=PLANE('',#3634);
#3288=PLANE('',#3638);
#3289=PLANE('',#3642);
#3290=PLANE('',#3644);
#3291=PLANE('',#3648);
#3292=PLANE('',#3652);
#3293=PLANE('',#3654);
#3294=PLANE('',#3658);
#3295=PLANE('',#3662);
#3296=PLANE('',#3666);
#3297=PLANE('',#3670);
#3298=PLANE('',#3678);
#3299=PLANE('',#3679);
#3300=PLANE('',#3680);
#3301=PLANE('',#3689);
#3302=PLANE('',#3690);
#3303=PLANE('',#3693);
#3304=PLANE('',#3699);
#3305=PLANE('',#3700);
#3306=PLANE('',#3701);
#3307=PLANE('',#3710);
#3308=PLANE('',#3711);
#3309=PLANE('',#3714);
#3310=PLANE('',#3720);
#3311=PLANE('',#3721);
#3312=PLANE('',#3722);
#3313=PLANE('',#3731);
#3314=PLANE('',#3732);
#3315=PLANE('',#3735);
#3316=PLANE('',#3741);
#3317=PLANE('',#3742);
#3318=PLANE('',#3743);
#3319=PLANE('',#3752);
#3320=PLANE('',#3753);
#3321=PLANE('',#3756);
#3322=PLANE('',#3762);
#3323=PLANE('',#3763);
#3324=PLANE('',#3764);
#3325=PLANE('',#3773);
#3326=PLANE('',#3774);
#3327=PLANE('',#3777);
#3328=PLANE('',#3783);
#3329=PLANE('',#3784);
#3330=PLANE('',#3785);
#3331=PLANE('',#3794);
#3332=PLANE('',#3795);
#3333=PLANE('',#3798);
#3334=PLANE('',#3804);
#3335=PLANE('',#3805);
#3336=PLANE('',#3806);
#3337=PLANE('',#3815);
#3338=PLANE('',#3816);
#3339=PLANE('',#3819);
#3340=PLANE('',#3825);
#3341=PLANE('',#3826);
#3342=PLANE('',#3827);
#3343=PLANE('',#3836);
#3344=PLANE('',#3837);
#3345=PLANE('',#3840);
#3346=PLANE('',#3841);
#3347=PLANE('',#3845);
#3348=PLANE('',#3856);
#3349=PLANE('',#3860);
#3350=PLANE('',#3867);
#3351=PLANE('',#3868);
#3352=PLANE('',#3869);
#3353=PLANE('',#3871);
#3354=PLANE('',#3874);
#3355=PLANE('',#3881);
#3356=PLANE('',#3887);
#3357=PLANE('',#3889);
#3358=PLANE('',#3890);
#3359=PLANE('',#3893);
#3360=PLANE('',#3894);
#3361=ADVANCED_FACE('',(#829,#781),#3273,.F.);
#3362=ADVANCED_FACE('',(#830),#695,.F.);
#3363=ADVANCED_FACE('',(#831),#696,.F.);
#3364=ADVANCED_FACE('',(#832,#782),#3274,.F.);
#3365=ADVANCED_FACE('',(#833),#697,.F.);
#3366=ADVANCED_FACE('',(#834),#698,.F.);
#3367=ADVANCED_FACE('',(#835),#3275,.T.);
#3368=ADVANCED_FACE('',(#836),#3276,.T.);
#3369=ADVANCED_FACE('',(#837,#783),#3277,.T.);
#3370=ADVANCED_FACE('',(#838,#784),#3278,.T.);
#3371=ADVANCED_FACE('',(#839,#785,#786,#787,#788,#789,#790,#791,#792),#3279,
 .T.);
#3372=ADVANCED_FACE('',(#840),#3280,.T.);
#3373=ADVANCED_FACE('',(#841),#699,.T.);
#3374=ADVANCED_FACE('',(#842,#793),#3281,.T.);
#3375=ADVANCED_FACE('',(#843),#3282,.T.);
#3376=ADVANCED_FACE('',(#844),#700,.T.);
#3377=ADVANCED_FACE('',(#845),#701,.F.);
#3378=ADVANCED_FACE('',(#846,#794),#3283,.F.);
#3379=ADVANCED_FACE('',(#847),#702,.F.);
#3380=ADVANCED_FACE('',(#848),#3284,.T.);
#3381=ADVANCED_FACE('',(#849),#3285,.T.);
#3382=ADVANCED_FACE('',(#850),#703,.F.);
#3383=ADVANCED_FACE('',(#851),#3286,.F.);
#3384=ADVANCED_FACE('',(#852),#704,.F.);
#3385=ADVANCED_FACE('',(#853),#3287,.F.);
#3386=ADVANCED_FACE('',(#854),#705,.F.);
#3387=ADVANCED_FACE('',(#855),#3288,.F.);
#3388=ADVANCED_FACE('',(#856),#706,.F.);
#3389=ADVANCED_FACE('',(#857),#3289,.F.);
#3390=ADVANCED_FACE('',(#858),#707,.F.);
#3391=ADVANCED_FACE('',(#859),#3290,.F.);
#3392=ADVANCED_FACE('',(#860),#708,.F.);
#3393=ADVANCED_FACE('',(#861),#3291,.F.);
#3394=ADVANCED_FACE('',(#862),#709,.F.);
#3395=ADVANCED_FACE('',(#863),#3292,.F.);
#3396=ADVANCED_FACE('',(#864),#710,.F.);
#3397=ADVANCED_FACE('',(#865),#3293,.F.);
#3398=ADVANCED_FACE('',(#866),#711,.F.);
#3399=ADVANCED_FACE('',(#867),#3294,.F.);
#3400=ADVANCED_FACE('',(#868),#712,.F.);
#3401=ADVANCED_FACE('',(#869),#3295,.F.);
#3402=ADVANCED_FACE('',(#870),#713,.F.);
#3403=ADVANCED_FACE('',(#871),#3296,.F.);
#3404=ADVANCED_FACE('',(#872),#714,.F.);
#3405=ADVANCED_FACE('',(#873),#3297,.F.);
#3406=ADVANCED_FACE('',(#874),#715,.F.);
#3407=ADVANCED_FACE('',(#875),#716,.F.);
#3408=ADVANCED_FACE('',(#876),#3298,.F.);
#3409=ADVANCED_FACE('',(#877),#3299,.F.);
#3410=ADVANCED_FACE('',(#878),#3300,.F.);
#3411=ADVANCED_FACE('',(#879),#717,.F.);
#3412=ADVANCED_FACE('',(#880),#718,.F.);
#3413=ADVANCED_FACE('',(#881),#719,.F.);
#3414=ADVANCED_FACE('',(#882),#3301,.F.);
#3415=ADVANCED_FACE('',(#883),#3302,.F.);
#3416=ADVANCED_FACE('',(#884),#720,.F.);
#3417=ADVANCED_FACE('',(#885),#3303,.F.);
#3418=ADVANCED_FACE('',(#886),#721,.F.);
#3419=ADVANCED_FACE('',(#887),#722,.F.);
#3420=ADVANCED_FACE('',(#888),#3304,.F.);
#3421=ADVANCED_FACE('',(#889),#3305,.F.);
#3422=ADVANCED_FACE('',(#890),#3306,.F.);
#3423=ADVANCED_FACE('',(#891),#723,.F.);
#3424=ADVANCED_FACE('',(#892),#724,.F.);
#3425=ADVANCED_FACE('',(#893),#725,.F.);
#3426=ADVANCED_FACE('',(#894),#3307,.F.);
#3427=ADVANCED_FACE('',(#895),#3308,.F.);
#3428=ADVANCED_FACE('',(#896),#726,.F.);
#3429=ADVANCED_FACE('',(#897),#3309,.F.);
#3430=ADVANCED_FACE('',(#898),#727,.F.);
#3431=ADVANCED_FACE('',(#899),#728,.F.);
#3432=ADVANCED_FACE('',(#900),#3310,.F.);
#3433=ADVANCED_FACE('',(#901),#3311,.F.);
#3434=ADVANCED_FACE('',(#902),#3312,.F.);
#3435=ADVANCED_FACE('',(#903),#729,.F.);
#3436=ADVANCED_FACE('',(#904),#730,.F.);
#3437=ADVANCED_FACE('',(#905),#731,.F.);
#3438=ADVANCED_FACE('',(#906),#3313,.F.);
#3439=ADVANCED_FACE('',(#907),#3314,.F.);
#3440=ADVANCED_FACE('',(#908),#732,.F.);
#3441=ADVANCED_FACE('',(#909),#3315,.F.);
#3442=ADVANCED_FACE('',(#910),#733,.F.);
#3443=ADVANCED_FACE('',(#911),#734,.F.);
#3444=ADVANCED_FACE('',(#912),#3316,.F.);
#3445=ADVANCED_FACE('',(#913),#3317,.F.);
#3446=ADVANCED_FACE('',(#914),#3318,.F.);
#3447=ADVANCED_FACE('',(#915),#735,.F.);
#3448=ADVANCED_FACE('',(#916),#736,.F.);
#3449=ADVANCED_FACE('',(#917),#737,.F.);
#3450=ADVANCED_FACE('',(#918),#3319,.F.);
#3451=ADVANCED_FACE('',(#919),#3320,.F.);
#3452=ADVANCED_FACE('',(#920),#738,.F.);
#3453=ADVANCED_FACE('',(#921),#3321,.F.);
#3454=ADVANCED_FACE('',(#922),#739,.F.);
#3455=ADVANCED_FACE('',(#923),#740,.F.);
#3456=ADVANCED_FACE('',(#924),#3322,.F.);
#3457=ADVANCED_FACE('',(#925),#3323,.F.);
#3458=ADVANCED_FACE('',(#926),#3324,.F.);
#3459=ADVANCED_FACE('',(#927),#741,.F.);
#3460=ADVANCED_FACE('',(#928),#742,.F.);
#3461=ADVANCED_FACE('',(#929),#743,.F.);
#3462=ADVANCED_FACE('',(#930),#3325,.F.);
#3463=ADVANCED_FACE('',(#931),#3326,.F.);
#3464=ADVANCED_FACE('',(#932),#744,.F.);
#3465=ADVANCED_FACE('',(#933),#3327,.F.);
#3466=ADVANCED_FACE('',(#934),#745,.F.);
#3467=ADVANCED_FACE('',(#935),#746,.F.);
#3468=ADVANCED_FACE('',(#936),#3328,.F.);
#3469=ADVANCED_FACE('',(#937),#3329,.F.);
#3470=ADVANCED_FACE('',(#938),#3330,.F.);
#3471=ADVANCED_FACE('',(#939),#747,.F.);
#3472=ADVANCED_FACE('',(#940),#748,.F.);
#3473=ADVANCED_FACE('',(#941),#749,.F.);
#3474=ADVANCED_FACE('',(#942),#3331,.F.);
#3475=ADVANCED_FACE('',(#943),#3332,.F.);
#3476=ADVANCED_FACE('',(#944),#750,.F.);
#3477=ADVANCED_FACE('',(#945),#3333,.F.);
#3478=ADVANCED_FACE('',(#946),#751,.F.);
#3479=ADVANCED_FACE('',(#947),#752,.F.);
#3480=ADVANCED_FACE('',(#948),#3334,.F.);
#3481=ADVANCED_FACE('',(#949),#3335,.F.);
#3482=ADVANCED_FACE('',(#950),#3336,.F.);
#3483=ADVANCED_FACE('',(#951),#753,.F.);
#3484=ADVANCED_FACE('',(#952),#754,.F.);
#3485=ADVANCED_FACE('',(#953),#755,.F.);
#3486=ADVANCED_FACE('',(#954),#3337,.F.);
#3487=ADVANCED_FACE('',(#955),#3338,.F.);
#3488=ADVANCED_FACE('',(#956),#756,.F.);
#3489=ADVANCED_FACE('',(#957),#3339,.F.);
#3490=ADVANCED_FACE('',(#958),#757,.F.);
#3491=ADVANCED_FACE('',(#959),#758,.F.);
#3492=ADVANCED_FACE('',(#960),#3340,.F.);
#3493=ADVANCED_FACE('',(#961),#3341,.F.);
#3494=ADVANCED_FACE('',(#962),#3342,.F.);
#3495=ADVANCED_FACE('',(#963),#759,.F.);
#3496=ADVANCED_FACE('',(#964),#760,.F.);
#3497=ADVANCED_FACE('',(#965),#761,.F.);
#3498=ADVANCED_FACE('',(#966),#3343,.F.);
#3499=ADVANCED_FACE('',(#967),#3344,.F.);
#3500=ADVANCED_FACE('',(#968),#762,.F.);
#3501=ADVANCED_FACE('',(#969),#3345,.F.);
#3502=ADVANCED_FACE('',(#970,#795),#3346,.F.);
#3503=ADVANCED_FACE('',(#971),#763,.F.);
#3504=ADVANCED_FACE('',(#972,#796),#3347,.F.);
#3505=ADVANCED_FACE('',(#973),#764,.F.);
#3506=ADVANCED_FACE('',(#974),#765,.F.);
#3507=ADVANCED_FACE('',(#975),#766,.F.);
#3508=ADVANCED_FACE('',(#976),#767,.T.);
#3509=ADVANCED_FACE('',(#977),#3348,.T.);
#3510=ADVANCED_FACE('',(#978),#768,.T.);
#3511=ADVANCED_FACE('',(#979),#3349,.T.);
#3512=ADVANCED_FACE('',(#980),#769,.T.);
#3513=ADVANCED_FACE('',(#981),#770,.F.);
#3514=ADVANCED_FACE('',(#982),#3350,.T.);
#3515=ADVANCED_FACE('',(#983,#797),#3351,.F.);
#3516=ADVANCED_FACE('',(#984),#3352,.T.);
#3517=ADVANCED_FACE('',(#985),#771,.T.);
#3518=ADVANCED_FACE('',(#986),#3353,.T.);
#3519=ADVANCED_FACE('',(#987),#772,.F.);
#3520=ADVANCED_FACE('',(#988),#773,.T.);
#3521=ADVANCED_FACE('',(#989),#3354,.T.);
#3522=ADVANCED_FACE('',(#990),#774,.T.);
#3523=ADVANCED_FACE('',(#991),#775,.F.);
#3524=ADVANCED_FACE('',(#992),#776,.F.);
#3525=ADVANCED_FACE('',(#993),#3355,.F.);
#3526=ADVANCED_FACE('',(#994),#777,.T.);
#3527=ADVANCED_FACE('',(#995,#798,#799,#800,#801,#802,#803,#804),#3356,
 .T.);
#3528=ADVANCED_FACE('',(#996),#778,.T.);
#3529=ADVANCED_FACE('',(#997,#805,#806,#807,#808,#809,#810,#811),#3357,
 .T.);
#3530=ADVANCED_FACE('',(#998),#3358,.T.);
#3531=ADVANCED_FACE('',(#999,#812,#813,#814,#815),#779,.T.);
#3532=ADVANCED_FACE('',(#1000,#816,#817,#818,#819),#780,.F.);
#3533=ADVANCED_FACE('',(#1001,#820,#821,#822,#823,#824,#825,#826,#827),
#3359,.T.);
#3534=ADVANCED_FACE('',(#1002,#828),#3360,.T.);
#3535=CLOSED_SHELL('',(#3361,#3362,#3363,#3364,#3365,#3366,#3367,#3368,
#3369,#3370,#3371,#3372,#3373,#3374,#3375,#3376,#3377,#3378,#3379,#3380,
#3381,#3382,#3383,#3384,#3385,#3386,#3387,#3388,#3389,#3390,#3391,#3392,
#3393,#3394,#3395,#3396,#3397,#3398,#3399,#3400,#3401,#3402,#3403,#3404,
#3405,#3406,#3407,#3408,#3409,#3410,#3411,#3412,#3413,#3414,#3415,#3416,
#3417,#3418,#3419,#3420,#3421,#3422,#3423,#3424,#3425,#3426,#3427,#3428,
#3429,#3430,#3431,#3432,#3433,#3434,#3435,#3436,#3437,#3438,#3439,#3440,
#3441,#3442,#3443,#3444,#3445,#3446,#3447,#3448,#3449,#3450,#3451,#3452,
#3453,#3454,#3455,#3456,#3457,#3458,#3459,#3460,#3461,#3462,#3463,#3464,
#3465,#3466,#3467,#3468,#3469,#3470,#3471,#3472,#3473,#3474,#3475,#3476,
#3477,#3478,#3479,#3480,#3481,#3482,#3483,#3484,#3485,#3486,#3487,#3488,
#3489,#3490,#3491,#3492,#3493,#3494,#3495,#3496,#3497,#3498,#3499,#3500,
#3501,#3502,#3503,#3504,#3505,#3506,#3507,#3508,#3509,#3510,#3511,#3512,
#3513,#3514,#3515,#3516,#3517,#3518,#3519,#3520,#3521,#3522,#3523,#3524,
#3525,#3526,#3527,#3528,#3529,#3530,#3531,#3532,#3533,#3534));
#3536=DERIVED_UNIT_ELEMENT(#3538,1.);
#3537=DERIVED_UNIT_ELEMENT(#6267,-3.);
#3538=(
MASS_UNIT()
NAMED_UNIT(*)
SI_UNIT(.KILO.,.GRAM.)
);
#3539=DERIVED_UNIT((#3536,#3537));
#3540=MEASURE_REPRESENTATION_ITEM('density measure',
POSITIVE_RATIO_MEASURE(7850.),#3539);
#3541=PROPERTY_DEFINITION_REPRESENTATION(#3546,#3543);
#3542=PROPERTY_DEFINITION_REPRESENTATION(#3547,#3544);
#3543=REPRESENTATION('material name',(#3545),#6264);
#3544=REPRESENTATION('density',(#3540),#6264);
#3545=DESCRIPTIVE_REPRESENTATION_ITEM('Steel','Steel');
#3546=PROPERTY_DEFINITION('material property','material name',#6274);
#3547=PROPERTY_DEFINITION('material property','density of part',#6274);
#3548=AXIS2_PLACEMENT_3D('',#4909,#3895,#3896);
#3549=AXIS2_PLACEMENT_3D('',#4910,#3897,#3898);
#3550=AXIS2_PLACEMENT_3D('',#4912,#3899,#3900);
#3551=AXIS2_PLACEMENT_3D('',#4914,#3901,#3902);
#3552=AXIS2_PLACEMENT_3D('',#4915,#3903,#3904);
#3553=AXIS2_PLACEMENT_3D('',#4920,#3906,#3907);
#3554=AXIS2_PLACEMENT_3D('',#4924,#3909,#3910);
#3555=AXIS2_PLACEMENT_3D('',#4926,#3912,#3913);
#3556=AXIS2_PLACEMENT_3D('',#4927,#3914,#3915);
#3557=AXIS2_PLACEMENT_3D('',#4930,#3917,#3918);
#3558=AXIS2_PLACEMENT_3D('',#4931,#3919,#3920);
#3559=AXIS2_PLACEMENT_3D('',#4933,#3921,#3922);
#3560=AXIS2_PLACEMENT_3D('',#4935,#3923,#3924);
#3561=AXIS2_PLACEMENT_3D('',#4936,#3925,#3926);
#3562=AXIS2_PLACEMENT_3D('',#4939,#3927,#3928);
#3563=AXIS2_PLACEMENT_3D('',#4943,#3930,#3931);
#3564=AXIS2_PLACEMENT_3D('',#4946,#3933,#3934);
#3565=AXIS2_PLACEMENT_3D('',#4948,#3936,#3937);
#3566=AXIS2_PLACEMENT_3D('',#4951,#3939,#3940);
#3567=AXIS2_PLACEMENT_3D('',#4952,#3941,#3942);
#3568=AXIS2_PLACEMENT_3D('',#4958,#3945,#3946);
#3569=AXIS2_PLACEMENT_3D('',#4964,#3950,#3951);
#3570=AXIS2_PLACEMENT_3D('',#4972,#3955,#3956);
#3571=AXIS2_PLACEMENT_3D('',#4976,#3959,#3960);
#3572=AXIS2_PLACEMENT_3D('',#4979,#3961,#3962);
#3573=AXIS2_PLACEMENT_3D('',#4987,#3967,#3968);
#3574=AXIS2_PLACEMENT_3D('',#4990,#3969,#3970);
#3575=AXIS2_PLACEMENT_3D('',#4998,#3975,#3976);
#3576=AXIS2_PLACEMENT_3D('',#5002,#3978,#3979);
#3577=AXIS2_PLACEMENT_3D('',#5010,#3983,#3984);
#3578=AXIS2_PLACEMENT_3D('',#5020,#3989,#3990);
#3579=AXIS2_PLACEMENT_3D('',#5024,#3992,#3993);
#3580=AXIS2_PLACEMENT_3D('',#5027,#3995,#3996);
#3581=AXIS2_PLACEMENT_3D('',#5032,#3998,#3999);
#3582=AXIS2_PLACEMENT_3D('',#5036,#4001,#4002);
#3583=AXIS2_PLACEMENT_3D('',#5039,#4004,#4005);
#3584=AXIS2_PLACEMENT_3D('',#5044,#4007,#4008);
#3585=AXIS2_PLACEMENT_3D('',#5048,#4010,#4011);
#3586=AXIS2_PLACEMENT_3D('',#5051,#4013,#4014);
#3587=AXIS2_PLACEMENT_3D('',#5056,#4016,#4017);
#3588=AXIS2_PLACEMENT_3D('',#5060,#4019,#4020);
#3589=AXIS2_PLACEMENT_3D('',#5063,#4022,#4023);
#3590=AXIS2_PLACEMENT_3D('',#5068,#4025,#4026);
#3591=AXIS2_PLACEMENT_3D('',#5072,#4028,#4029);
#3592=AXIS2_PLACEMENT_3D('',#5075,#4031,#4032);
#3593=AXIS2_PLACEMENT_3D('',#5080,#4034,#4035);
#3594=AXIS2_PLACEMENT_3D('',#5084,#4037,#4038);
#3595=AXIS2_PLACEMENT_3D('',#5087,#4040,#4041);
#3596=AXIS2_PLACEMENT_3D('',#5092,#4043,#4044);
#3597=AXIS2_PLACEMENT_3D('',#5096,#4046,#4047);
#3598=AXIS2_PLACEMENT_3D('',#5099,#4049,#4050);
#3599=AXIS2_PLACEMENT_3D('',#5104,#4052,#4053);
#3600=AXIS2_PLACEMENT_3D('',#5108,#4055,#4056);
#3601=AXIS2_PLACEMENT_3D('',#5111,#4058,#4059);
#3602=AXIS2_PLACEMENT_3D('',#5112,#4060,#4061);
#3603=AXIS2_PLACEMENT_3D('',#5117,#4065,#4066);
#3604=AXIS2_PLACEMENT_3D('',#5119,#4068,#4069);
#3605=AXIS2_PLACEMENT_3D('',#5124,#4072,#4073);
#3606=AXIS2_PLACEMENT_3D('',#5128,#4075,#4076);
#3607=AXIS2_PLACEMENT_3D('',#5132,#4078,#4079);
#3608=AXIS2_PLACEMENT_3D('',#5136,#4081,#4082);
#3609=AXIS2_PLACEMENT_3D('',#5139,#4084,#4085);
#3610=AXIS2_PLACEMENT_3D('',#5140,#4086,#4087);
#3611=AXIS2_PLACEMENT_3D('',#5142,#4089,#4090);
#3612=AXIS2_PLACEMENT_3D('',#5144,#4092,#4093);
#3613=AXIS2_PLACEMENT_3D('',#5147,#4094,#4095);
#3614=AXIS2_PLACEMENT_3D('',#5151,#4097,#4098);
#3615=AXIS2_PLACEMENT_3D('',#5153,#4100,#4101);
#3616=AXIS2_PLACEMENT_3D('',#5157,#4103,#4104);
#3617=AXIS2_PLACEMENT_3D('',#5161,#4106,#4107);
#3618=AXIS2_PLACEMENT_3D('',#5165,#4109,#4110);
#3619=AXIS2_PLACEMENT_3D('',#5169,#4112,#4113);
#3620=AXIS2_PLACEMENT_3D('',#5172,#4115,#4116);
#3621=AXIS2_PLACEMENT_3D('',#5173,#4117,#4118);
#3622=AXIS2_PLACEMENT_3D('',#5177,#4120,#4121);
#3623=AXIS2_PLACEMENT_3D('',#5179,#4123,#4124);
#3624=AXIS2_PLACEMENT_3D('',#5183,#4126,#4127);
#3625=AXIS2_PLACEMENT_3D('',#5185,#4128,#4129);
#3626=AXIS2_PLACEMENT_3D('',#5187,#4130,#4131);
#3627=AXIS2_PLACEMENT_3D('',#5190,#4133,#4134);
#3628=AXIS2_PLACEMENT_3D('',#5192,#4136,#4137);
#3629=AXIS2_PLACEMENT_3D('',#5194,#4139,#4140);
#3630=AXIS2_PLACEMENT_3D('',#5239,#4143,#4144);
#3631=AXIS2_PLACEMENT_3D('',#5241,#4145,#4146);
#3632=AXIS2_PLACEMENT_3D('',#5243,#4147,#4148);
#3633=AXIS2_PLACEMENT_3D('',#5245,#4150,#4151);
#3634=AXIS2_PLACEMENT_3D('',#5285,#4153,#4154);
#3635=AXIS2_PLACEMENT_3D('',#5287,#4155,#4156);
#3636=AXIS2_PLACEMENT_3D('',#5289,#4157,#4158);
#3637=AXIS2_PLACEMENT_3D('',#5291,#4160,#4161);
#3638=AXIS2_PLACEMENT_3D('',#5307,#4163,#4164);
#3639=AXIS2_PLACEMENT_3D('',#5308,#4165,#4166);
#3640=AXIS2_PLACEMENT_3D('',#5309,#4167,#4168);
#3641=AXIS2_PLACEMENT_3D('',#5310,#4169,#4170);
#3642=AXIS2_PLACEMENT_3D('',#5341,#4173,#4174);
#3643=AXIS2_PLACEMENT_3D('',#5347,#4178,#4179);
#3644=AXIS2_PLACEMENT_3D('',#5375,#4181,#4182);
#3645=AXIS2_PLACEMENT_3D('',#5377,#4183,#4184);
#3646=AXIS2_PLACEMENT_3D('',#5379,#4185,#4186);
#3647=AXIS2_PLACEMENT_3D('',#5381,#4188,#4189);
#3648=AXIS2_PLACEMENT_3D('',#5421,#4191,#4192);
#3649=AXIS2_PLACEMENT_3D('',#5422,#4193,#4194);
#3650=AXIS2_PLACEMENT_3D('',#5423,#4195,#4196);
#3651=AXIS2_PLACEMENT_3D('',#5424,#4197,#4198);
#3652=AXIS2_PLACEMENT_3D('',#5455,#4201,#4202);
#3653=AXIS2_PLACEMENT_3D('',#5461,#4206,#4207);
#3654=AXIS2_PLACEMENT_3D('',#5489,#4209,#4210);
#3655=AXIS2_PLACEMENT_3D('',#5491,#4211,#4212);
#3656=AXIS2_PLACEMENT_3D('',#5493,#4213,#4214);
#3657=AXIS2_PLACEMENT_3D('',#5495,#4216,#4217);
#3658=AXIS2_PLACEMENT_3D('',#5537,#4219,#4220);
#3659=AXIS2_PLACEMENT_3D('',#5538,#4221,#4222);
#3660=AXIS2_PLACEMENT_3D('',#5539,#4223,#4224);
#3661=AXIS2_PLACEMENT_3D('',#5540,#4225,#4226);
#3662=AXIS2_PLACEMENT_3D('',#5583,#4229,#4230);
#3663=AXIS2_PLACEMENT_3D('',#5585,#4231,#4232);
#3664=AXIS2_PLACEMENT_3D('',#5587,#4233,#4234);
#3665=AXIS2_PLACEMENT_3D('',#5589,#4236,#4237);
#3666=AXIS2_PLACEMENT_3D('',#5631,#4239,#4240);
#3667=AXIS2_PLACEMENT_3D('',#5633,#4241,#4242);
#3668=AXIS2_PLACEMENT_3D('',#5635,#4243,#4244);
#3669=AXIS2_PLACEMENT_3D('',#5637,#4246,#4247);
#3670=AXIS2_PLACEMENT_3D('',#5653,#4249,#4250);
#3671=AXIS2_PLACEMENT_3D('',#5654,#4251,#4252);
#3672=AXIS2_PLACEMENT_3D('',#5655,#4253,#4254);
#3673=AXIS2_PLACEMENT_3D('',#5656,#4255,#4256);
#3674=AXIS2_PLACEMENT_3D('',#5659,#4257,#4258);
#3675=AXIS2_PLACEMENT_3D('',#5663,#4260,#4261);
#3676=AXIS2_PLACEMENT_3D('',#5665,#4263,#4264);
#3677=AXIS2_PLACEMENT_3D('',#5668,#4265,#4266);
#3678=AXIS2_PLACEMENT_3D('',#5671,#4269,#4270);
#3679=AXIS2_PLACEMENT_3D('',#5677,#4274,#4275);
#3680=AXIS2_PLACEMENT_3D('',#5681,#4278,#4279);
#3681=AXIS2_PLACEMENT_3D('',#5687,#4283,#4284);
#3682=AXIS2_PLACEMENT_3D('',#5689,#4285,#4286);
#3683=AXIS2_PLACEMENT_3D('',#5691,#4287,#4288);
#3684=AXIS2_PLACEMENT_3D('',#5693,#4290,#4291);
#3685=AXIS2_PLACEMENT_3D('',#5695,#4292,#4293);
#3686=AXIS2_PLACEMENT_3D('',#5697,#4295,#4296);
#3687=AXIS2_PLACEMENT_3D('',#5699,#4297,#4298);
#3688=AXIS2_PLACEMENT_3D('',#5702,#4300,#4301);
#3689=AXIS2_PLACEMENT_3D('',#5703,#4302,#4303);
#3690=AXIS2_PLACEMENT_3D('',#5706,#4306,#4307);
#3691=AXIS2_PLACEMENT_3D('',#5710,#4310,#4311);
#3692=AXIS2_PLACEMENT_3D('',#5712,#4312,#4313);
#3693=AXIS2_PLACEMENT_3D('',#5714,#4315,#4316);
#3694=AXIS2_PLACEMENT_3D('',#5716,#4318,#4319);
#3695=AXIS2_PLACEMENT_3D('',#5719,#4320,#4321);
#3696=AXIS2_PLACEMENT_3D('',#5723,#4323,#4324);
#3697=AXIS2_PLACEMENT_3D('',#5725,#4326,#4327);
#3698=AXIS2_PLACEMENT_3D('',#5728,#4328,#4329);
#3699=AXIS2_PLACEMENT_3D('',#5731,#4332,#4333);
#3700=AXIS2_PLACEMENT_3D('',#5737,#4337,#4338);
#3701=AXIS2_PLACEMENT_3D('',#5741,#4341,#4342);
#3702=AXIS2_PLACEMENT_3D('',#5747,#4346,#4347);
#3703=AXIS2_PLACEMENT_3D('',#5749,#4348,#4349);
#3704=AXIS2_PLACEMENT_3D('',#5751,#4350,#4351);
#3705=AXIS2_PLACEMENT_3D('',#5753,#4353,#4354);
#3706=AXIS2_PLACEMENT_3D('',#5755,#4355,#4356);
#3707=AXIS2_PLACEMENT_3D('',#5757,#4358,#4359);
#3708=AXIS2_PLACEMENT_3D('',#5759,#4360,#4361);
#3709=AXIS2_PLACEMENT_3D('',#5762,#4363,#4364);
#3710=AXIS2_PLACEMENT_3D('',#5763,#4365,#4366);
#3711=AXIS2_PLACEMENT_3D('',#5766,#4369,#4370);
#3712=AXIS2_PLACEMENT_3D('',#5770,#4373,#4374);
#3713=AXIS2_PLACEMENT_3D('',#5772,#4375,#4376);
#3714=AXIS2_PLACEMENT_3D('',#5774,#4378,#4379);
#3715=AXIS2_PLACEMENT_3D('',#5776,#4381,#4382);
#3716=AXIS2_PLACEMENT_3D('',#5779,#4383,#4384);
#3717=AXIS2_PLACEMENT_3D('',#5783,#4386,#4387);
#3718=AXIS2_PLACEMENT_3D('',#5785,#4389,#4390);
#3719=AXIS2_PLACEMENT_3D('',#5788,#4391,#4392);
#3720=AXIS2_PLACEMENT_3D('',#5791,#4395,#4396);
#3721=AXIS2_PLACEMENT_3D('',#5797,#4400,#4401);
#3722=AXIS2_PLACEMENT_3D('',#5801,#4404,#4405);
#3723=AXIS2_PLACEMENT_3D('',#5807,#4409,#4410);
#3724=AXIS2_PLACEMENT_3D('',#5809,#4411,#4412);
#3725=AXIS2_PLACEMENT_3D('',#5811,#4413,#4414);
#3726=AXIS2_PLACEMENT_3D('',#5813,#4416,#4417);
#3727=AXIS2_PLACEMENT_3D('',#5815,#4418,#4419);
#3728=AXIS2_PLACEMENT_3D('',#5817,#4421,#4422);
#3729=AXIS2_PLACEMENT_3D('',#5819,#4423,#4424);
#3730=AXIS2_PLACEMENT_3D('',#5822,#4426,#4427);
#3731=AXIS2_PLACEMENT_3D('',#5823,#4428,#4429);
#3732=AXIS2_PLACEMENT_3D('',#5826,#4432,#4433);
#3733=AXIS2_PLACEMENT_3D('',#5830,#4436,#4437);
#3734=AXIS2_PLACEMENT_3D('',#5832,#4438,#4439);
#3735=AXIS2_PLACEMENT_3D('',#5834,#4441,#4442);
#3736=AXIS2_PLACEMENT_3D('',#5836,#4444,#4445);
#3737=AXIS2_PLACEMENT_3D('',#5839,#4446,#4447);
#3738=AXIS2_PLACEMENT_3D('',#5843,#4449,#4450);
#3739=AXIS2_PLACEMENT_3D('',#5845,#4452,#4453);
#3740=AXIS2_PLACEMENT_3D('',#5848,#4454,#4455);
#3741=AXIS2_PLACEMENT_3D('',#5851,#4458,#4459);
#3742=AXIS2_PLACEMENT_3D('',#5857,#4463,#4464);
#3743=AXIS2_PLACEMENT_3D('',#5861,#4467,#4468);
#3744=AXIS2_PLACEMENT_3D('',#5867,#4472,#4473);
#3745=AXIS2_PLACEMENT_3D('',#5869,#4474,#4475);
#3746=AXIS2_PLACEMENT_3D('',#5871,#4476,#4477);
#3747=AXIS2_PLACEMENT_3D('',#5873,#4479,#4480);
#3748=AXIS2_PLACEMENT_3D('',#5875,#4481,#4482);
#3749=AXIS2_PLACEMENT_3D('',#5877,#4484,#4485);
#3750=AXIS2_PLACEMENT_3D('',#5879,#4486,#4487);
#3751=AXIS2_PLACEMENT_3D('',#5882,#4489,#4490);
#3752=AXIS2_PLACEMENT_3D('',#5883,#4491,#4492);
#3753=AXIS2_PLACEMENT_3D('',#5886,#4495,#4496);
#3754=AXIS2_PLACEMENT_3D('',#5890,#4499,#4500);
#3755=AXIS2_PLACEMENT_3D('',#5892,#4501,#4502);
#3756=AXIS2_PLACEMENT_3D('',#5894,#4504,#4505);
#3757=AXIS2_PLACEMENT_3D('',#5896,#4507,#4508);
#3758=AXIS2_PLACEMENT_3D('',#5899,#4509,#4510);
#3759=AXIS2_PLACEMENT_3D('',#5903,#4512,#4513);
#3760=AXIS2_PLACEMENT_3D('',#5905,#4515,#4516);
#3761=AXIS2_PLACEMENT_3D('',#5908,#4517,#4518);
#3762=AXIS2_PLACEMENT_3D('',#5911,#4521,#4522);
#3763=AXIS2_PLACEMENT_3D('',#5917,#4526,#4527);
#3764=AXIS2_PLACEMENT_3D('',#5921,#4530,#4531);
#3765=AXIS2_PLACEMENT_3D('',#5927,#4535,#4536);
#3766=AXIS2_PLACEMENT_3D('',#5929,#4537,#4538);
#3767=AXIS2_PLACEMENT_3D('',#5931,#4539,#4540);
#3768=AXIS2_PLACEMENT_3D('',#5933,#4542,#4543);
#3769=AXIS2_PLACEMENT_3D('',#5935,#4544,#4545);
#3770=AXIS2_PLACEMENT_3D('',#5937,#4547,#4548);
#3771=AXIS2_PLACEMENT_3D('',#5939,#4549,#4550);
#3772=AXIS2_PLACEMENT_3D('',#5942,#4552,#4553);
#3773=AXIS2_PLACEMENT_3D('',#5943,#4554,#4555);
#3774=AXIS2_PLACEMENT_3D('',#5946,#4558,#4559);
#3775=AXIS2_PLACEMENT_3D('',#5950,#4562,#4563);
#3776=AXIS2_PLACEMENT_3D('',#5952,#4564,#4565);
#3777=AXIS2_PLACEMENT_3D('',#5954,#4567,#4568);
#3778=AXIS2_PLACEMENT_3D('',#5956,#4570,#4571);
#3779=AXIS2_PLACEMENT_3D('',#5959,#4572,#4573);
#3780=AXIS2_PLACEMENT_3D('',#5963,#4575,#4576);
#3781=AXIS2_PLACEMENT_3D('',#5965,#4578,#4579);
#3782=AXIS2_PLACEMENT_3D('',#5968,#4580,#4581);
#3783=AXIS2_PLACEMENT_3D('',#5971,#4584,#4585);
#3784=AXIS2_PLACEMENT_3D('',#5977,#4589,#4590);
#3785=AXIS2_PLACEMENT_3D('',#5981,#4593,#4594);
#3786=AXIS2_PLACEMENT_3D('',#5987,#4598,#4599);
#3787=AXIS2_PLACEMENT_3D('',#5989,#4600,#4601);
#3788=AXIS2_PLACEMENT_3D('',#5991,#4602,#4603);
#3789=AXIS2_PLACEMENT_3D('',#5993,#4605,#4606);
#3790=AXIS2_PLACEMENT_3D('',#5995,#4607,#4608);
#3791=AXIS2_PLACEMENT_3D('',#5997,#4610,#4611);
#3792=AXIS2_PLACEMENT_3D('',#5999,#4612,#4613);
#3793=AXIS2_PLACEMENT_3D('',#6002,#4615,#4616);
#3794=AXIS2_PLACEMENT_3D('',#6003,#4617,#4618);
#3795=AXIS2_PLACEMENT_3D('',#6007,#4622,#4623);
#3796=AXIS2_PLACEMENT_3D('',#6012,#4627,#4628);
#3797=AXIS2_PLACEMENT_3D('',#6014,#4629,#4630);
#3798=AXIS2_PLACEMENT_3D('',#6016,#4632,#4633);
#3799=AXIS2_PLACEMENT_3D('',#6018,#4635,#4636);
#3800=AXIS2_PLACEMENT_3D('',#6021,#4637,#4638);
#3801=AXIS2_PLACEMENT_3D('',#6025,#4640,#4641);
#3802=AXIS2_PLACEMENT_3D('',#6027,#4643,#4644);
#3803=AXIS2_PLACEMENT_3D('',#6030,#4645,#4646);
#3804=AXIS2_PLACEMENT_3D('',#6033,#4649,#4650);
#3805=AXIS2_PLACEMENT_3D('',#6039,#4654,#4655);
#3806=AXIS2_PLACEMENT_3D('',#6043,#4658,#4659);
#3807=AXIS2_PLACEMENT_3D('',#6049,#4663,#4664);
#3808=AXIS2_PLACEMENT_3D('',#6051,#4665,#4666);
#3809=AXIS2_PLACEMENT_3D('',#6053,#4667,#4668);
#3810=AXIS2_PLACEMENT_3D('',#6055,#4670,#4671);
#3811=AXIS2_PLACEMENT_3D('',#6057,#4672,#4673);
#3812=AXIS2_PLACEMENT_3D('',#6059,#4675,#4676);
#3813=AXIS2_PLACEMENT_3D('',#6061,#4677,#4678);
#3814=AXIS2_PLACEMENT_3D('',#6064,#4680,#4681);
#3815=AXIS2_PLACEMENT_3D('',#6065,#4682,#4683);
#3816=AXIS2_PLACEMENT_3D('',#6068,#4686,#4687);
#3817=AXIS2_PLACEMENT_3D('',#6072,#4690,#4691);
#3818=AXIS2_PLACEMENT_3D('',#6074,#4692,#4693);
#3819=AXIS2_PLACEMENT_3D('',#6076,#4695,#4696);
#3820=AXIS2_PLACEMENT_3D('',#6078,#4698,#4699);
#3821=AXIS2_PLACEMENT_3D('',#6081,#4700,#4701);
#3822=AXIS2_PLACEMENT_3D('',#6085,#4703,#4704);
#3823=AXIS2_PLACEMENT_3D('',#6087,#4706,#4707);
#3824=AXIS2_PLACEMENT_3D('',#6090,#4708,#4709);
#3825=AXIS2_PLACEMENT_3D('',#6093,#4712,#4713);
#3826=AXIS2_PLACEMENT_3D('',#6099,#4717,#4718);
#3827=AXIS2_PLACEMENT_3D('',#6103,#4721,#4722);
#3828=AXIS2_PLACEMENT_3D('',#6109,#4726,#4727);
#3829=AXIS2_PLACEMENT_3D('',#6111,#4728,#4729);
#3830=AXIS2_PLACEMENT_3D('',#6113,#4730,#4731);
#3831=AXIS2_PLACEMENT_3D('',#6115,#4733,#4734);
#3832=AXIS2_PLACEMENT_3D('',#6117,#4735,#4736);
#3833=AXIS2_PLACEMENT_3D('',#6119,#4738,#4739);
#3834=AXIS2_PLACEMENT_3D('',#6121,#4740,#4741);
#3835=AXIS2_PLACEMENT_3D('',#6124,#4743,#4744);
#3836=AXIS2_PLACEMENT_3D('',#6125,#4745,#4746);
#3837=AXIS2_PLACEMENT_3D('',#6128,#4749,#4750);
#3838=AXIS2_PLACEMENT_3D('',#6132,#4753,#4754);
#3839=AXIS2_PLACEMENT_3D('',#6134,#4755,#4756);
#3840=AXIS2_PLACEMENT_3D('',#6136,#4758,#4759);
#3841=AXIS2_PLACEMENT_3D('',#6138,#4761,#4762);
#3842=AXIS2_PLACEMENT_3D('',#6140,#4763,#4764);
#3843=AXIS2_PLACEMENT_3D('',#6142,#4765,#4766);
#3844=AXIS2_PLACEMENT_3D('',#6143,#4767,#4768);
#3845=AXIS2_PLACEMENT_3D('',#6145,#4770,#4771);
#3846=AXIS2_PLACEMENT_3D('',#6147,#4772,#4773);
#3847=AXIS2_PLACEMENT_3D('',#6149,#4774,#4775);
#3848=AXIS2_PLACEMENT_3D('',#6150,#4776,#4777);
#3849=AXIS2_PLACEMENT_3D('',#6153,#4779,#4780);
#3850=AXIS2_PLACEMENT_3D('',#6154,#4781,#4782);
#3851=AXIS2_PLACEMENT_3D('',#6156,#4784,#4785);
#3852=AXIS2_PLACEMENT_3D('',#6158,#4786,#4787);
#3853=AXIS2_PLACEMENT_3D('',#6160,#4789,#4790);
#3854=AXIS2_PLACEMENT_3D('',#6163,#4791,#4792);
#3855=AXIS2_PLACEMENT_3D('',#6167,#4794,#4795);
#3856=AXIS2_PLACEMENT_3D('',#6169,#4797,#4798);
#3857=AXIS2_PLACEMENT_3D('',#6175,#4802,#4803);
#3858=AXIS2_PLACEMENT_3D('',#6177,#4804,#4805);
#3859=AXIS2_PLACEMENT_3D('',#6179,#4806,#4807);
#3860=AXIS2_PLACEMENT_3D('',#6181,#4809,#4810);
#3861=AXIS2_PLACEMENT_3D('',#6187,#4814,#4815);
#3862=AXIS2_PLACEMENT_3D('',#6189,#4816,#4817);
#3863=AXIS2_PLACEMENT_3D('',#6191,#4818,#4819);
#3864=AXIS2_PLACEMENT_3D('',#6193,#4821,#4822);
#3865=AXIS2_PLACEMENT_3D('',#6195,#4823,#4824);
#3866=AXIS2_PLACEMENT_3D('',#6197,#4825,#4826);
#3867=AXIS2_PLACEMENT_3D('',#6199,#4828,#4829);
#3868=AXIS2_PLACEMENT_3D('',#6202,#4832,#4833);
#3869=AXIS2_PLACEMENT_3D('',#6204,#4835,#4836);
#3870=AXIS2_PLACEMENT_3D('',#6207,#4839,#4840);
#3871=AXIS2_PLACEMENT_3D('',#6209,#4842,#4843);
#3872=AXIS2_PLACEMENT_3D('',#6211,#4845,#4846);
#3873=AXIS2_PLACEMENT_3D('',#6213,#4848,#4849);
#3874=AXIS2_PLACEMENT_3D('',#6216,#4852,#4853);
#3875=AXIS2_PLACEMENT_3D('',#6218,#4855,#4856);
#3876=AXIS2_PLACEMENT_3D('',#6219,#4857,#4858);
#3877=AXIS2_PLACEMENT_3D('',#6221,#4859,#4860);
#3878=AXIS2_PLACEMENT_3D('',#6223,#4862,#4863);
#3879=AXIS2_PLACEMENT_3D('',#6226,#4864,#4865);
#3880=AXIS2_PLACEMENT_3D('',#6230,#4867,#4868);
#3881=AXIS2_PLACEMENT_3D('',#6232,#4870,#4871);
#3882=AXIS2_PLACEMENT_3D('',#6236,#4873,#4874);
#3883=AXIS2_PLACEMENT_3D('',#6238,#4875,#4876);
#3884=AXIS2_PLACEMENT_3D('',#6240,#4877,#4878);
#3885=AXIS2_PLACEMENT_3D('',#6244,#4881,#4882);
#3886=AXIS2_PLACEMENT_3D('',#6245,#4883,#4884);
#3887=AXIS2_PLACEMENT_3D('',#6248,#4887,#4888);
#3888=AXIS2_PLACEMENT_3D('',#6250,#4890,#4891);
#3889=AXIS2_PLACEMENT_3D('',#6253,#4894,#4895);
#3890=AXIS2_PLACEMENT_3D('',#6255,#4897,#4898);
#3891=AXIS2_PLACEMENT_3D('',#6257,#4900,#4901);
#3892=AXIS2_PLACEMENT_3D('',#6258,#4902,#4903);
#3893=AXIS2_PLACEMENT_3D('',#6260,#4905,#4906);
#3894=AXIS2_PLACEMENT_3D('',#6261,#4907,#4908);
#3895=DIRECTION('axis',(0.,0.,1.));
#3896=DIRECTION('refdir',(1.,0.,0.));
#3897=DIRECTION('center_axis',(0.,0.,-1.));
#3898=DIRECTION('ref_axis',(1.,0.,0.));
#3899=DIRECTION('center_axis',(0.,0.,-1.));
#3900=DIRECTION('ref_axis',(1.,0.,0.));
#3901=DIRECTION('center_axis',(0.,0.,-1.));
#3902=DIRECTION('ref_axis',(1.,0.,0.));
#3903=DIRECTION('center_axis',(0.,0.,-1.));
#3904=DIRECTION('ref_axis',(1.,0.,0.));
#3905=DIRECTION('',(0.,0.,-1.));
#3906=DIRECTION('center_axis',(0.,-4.26836322890711E-16,-1.));
#3907=DIRECTION('ref_axis',(-1.,0.,0.));
#3908=DIRECTION('',(0.,0.,1.));
#3909=DIRECTION('center_axis',(0.,0.,-1.));
#3910=DIRECTION('ref_axis',(1.,0.,0.));
#3911=DIRECTION('',(0.,0.,-1.));
#3912=DIRECTION('center_axis',(0.,0.,-1.));
#3913=DIRECTION('ref_axis',(1.,0.,0.));
#3914=DIRECTION('center_axis',(0.,0.,-1.));
#3915=DIRECTION('ref_axis',(1.,0.,0.));
#3916=DIRECTION('',(0.,0.,-1.));
#3917=DIRECTION('center_axis',(0.,0.,1.));
#3918=DIRECTION('ref_axis',(1.,0.,0.));
#3919=DIRECTION('center_axis',(0.,0.,-1.));
#3920=DIRECTION('ref_axis',(1.,0.,0.));
#3921=DIRECTION('center_axis',(0.,0.,-1.));
#3922=DIRECTION('ref_axis',(1.,0.,0.));
#3923=DIRECTION('center_axis',(0.,0.,-1.));
#3924=DIRECTION('ref_axis',(1.,0.,0.));
#3925=DIRECTION('center_axis',(0.,0.,-1.));
#3926=DIRECTION('ref_axis',(1.,0.,0.));
#3927=DIRECTION('center_axis',(0.,0.,-1.));
#3928=DIRECTION('ref_axis',(1.,0.,0.));
#3929=DIRECTION('',(0.,0.,-1.));
#3930=DIRECTION('center_axis',(0.,-4.26836322890711E-16,-1.));
#3931=DIRECTION('ref_axis',(-1.,0.,0.));
#3932=DIRECTION('',(0.,0.,-1.));
#3933=DIRECTION('center_axis',(0.,-4.26836322890711E-16,-1.));
#3934=DIRECTION('ref_axis',(-1.,0.,0.));
#3935=DIRECTION('',(0.,0.,1.));
#3936=DIRECTION('center_axis',(0.,0.,-1.));
#3937=DIRECTION('ref_axis',(1.,0.,0.));
#3938=DIRECTION('',(0.,0.,-1.));
#3939=DIRECTION('center_axis',(0.,0.,1.));
#3940=DIRECTION('ref_axis',(1.,0.,0.));
#3941=DIRECTION('center_axis',(0.,0.,1.));
#3942=DIRECTION('ref_axis',(1.,0.,0.));
#3943=DIRECTION('',(0.,-1.,0.));
#3944=DIRECTION('',(-1.,0.,0.));
#3945=DIRECTION('center_axis',(0.,0.,1.));
#3946=DIRECTION('ref_axis',(-0.707106781186548,0.707106781186547,0.));
#3947=DIRECTION('',(0.,-1.,0.));
#3948=DIRECTION('',(1.,0.,0.));
#3949=DIRECTION('',(0.,-1.,0.));
#3950=DIRECTION('center_axis',(0.,0.,1.));
#3951=DIRECTION('ref_axis',(1.,0.,0.));
#3952=DIRECTION('',(0.,1.,0.));
#3953=DIRECTION('',(1.,0.,0.));
#3954=DIRECTION('',(0.,1.,0.));
#3955=DIRECTION('center_axis',(0.,0.,1.));
#3956=DIRECTION('ref_axis',(0.707106781186548,0.707106781186547,0.));
#3957=DIRECTION('',(-1.,0.,0.));
#3958=DIRECTION('',(0.,1.,0.));
#3959=DIRECTION('center_axis',(0.,0.,-1.));
#3960=DIRECTION('ref_axis',(-1.,0.,0.));
#3961=DIRECTION('center_axis',(0.,0.,1.));
#3962=DIRECTION('ref_axis',(-0.707106781186548,0.707106781186547,0.));
#3963=DIRECTION('',(-1.,0.,0.));
#3964=DIRECTION('',(0.,1.,0.));
#3965=DIRECTION('',(1.,0.,0.));
#3966=DIRECTION('',(0.,-1.,0.));
#3967=DIRECTION('center_axis',(0.,0.,-1.));
#3968=DIRECTION('ref_axis',(-1.,0.,0.));
#3969=DIRECTION('center_axis',(0.,0.,1.));
#3970=DIRECTION('ref_axis',(0.707106781186548,0.707106781186547,0.));
#3971=DIRECTION('',(0.,1.,0.));
#3972=DIRECTION('',(1.,0.,0.));
#3973=DIRECTION('',(0.,-1.,0.));
#3974=DIRECTION('',(-1.,0.,0.));
#3975=DIRECTION('center_axis',(1.,0.,0.));
#3976=DIRECTION('ref_axis',(0.,1.,0.));
#3977=DIRECTION('',(0.,0.,-1.));
#3978=DIRECTION('center_axis',(1.,0.,0.));
#3979=DIRECTION('ref_axis',(0.,-0.707106781186548,0.707106781186547));
#3980=DIRECTION('',(0.,-1.,0.));
#3981=DIRECTION('',(0.,0.,1.));
#3982=DIRECTION('',(0.,1.,0.));
#3983=DIRECTION('center_axis',(1.,0.,0.));
#3984=DIRECTION('ref_axis',(0.,-0.707106781186548,-0.707106781186548));
#3985=DIRECTION('',(-6.57909940412425E-16,0.,-1.));
#3986=DIRECTION('',(0.,1.,0.));
#3987=DIRECTION('',(0.,0.,1.));
#3988=DIRECTION('',(0.,2.20109367380349E-16,1.));
#3989=DIRECTION('center_axis',(-1.,0.,0.));
#3990=DIRECTION('ref_axis',(0.,0.843107474851029,0.537745093748258));
#3991=DIRECTION('',(0.,0.537745093748258,-0.843107474851028));
#3992=DIRECTION('center_axis',(-1.,0.,0.));
#3993=DIRECTION('ref_axis',(0.,0.84421281130576,-0.536008142873992));
#3994=DIRECTION('',(0.,-0.53600814287399,-0.844212811305761));
#3995=DIRECTION('center_axis',(-1.,0.,0.));
#3996=DIRECTION('ref_axis',(0.,-1.,-2.22044604925031E-15));
#3997=DIRECTION('',(0.,1.,0.));
#3998=DIRECTION('center_axis',(-1.,0.,0.));
#3999=DIRECTION('ref_axis',(0.,0.846830729923479,-0.531862496193582));
#4000=DIRECTION('',(0.,-0.53186249619358,-0.84683072992348));
#4001=DIRECTION('center_axis',(-1.,0.,0.));
#4002=DIRECTION('ref_axis',(0.,-0.850224783803827,-0.526419810612913));
#4003=DIRECTION('',(0.,-0.526419810612914,0.850224783803826));
#4004=DIRECTION('center_axis',(-1.,0.,0.));
#4005=DIRECTION('ref_axis',(0.,-1.11022302462516E-15,1.));
#4006=DIRECTION('',(0.,-1.,4.26836322890711E-16));
#4007=DIRECTION('center_axis',(-1.,0.,0.));
#4008=DIRECTION('ref_axis',(0.,-0.851269232377237,0.524729162528509));
#4009=DIRECTION('',(0.,0.52472916252851,0.851269232377236));
#4010=DIRECTION('center_axis',(-1.,0.,0.));
#4011=DIRECTION('ref_axis',(0.,0.84789267201845,0.530167913719241));
#4012=DIRECTION('',(0.,0.530167913719242,-0.84789267201845));
#4013=DIRECTION('center_axis',(-1.,0.,0.));
#4014=DIRECTION('ref_axis',(0.,0.,-1.));
#4015=DIRECTION('',(0.,-0.53600812823639,0.844212820599475));
#4016=DIRECTION('center_axis',(-1.,0.,0.));
#4017=DIRECTION('ref_axis',(0.,-0.843107484192822,0.53774507910166));
#4018=DIRECTION('',(0.,0.537745079101655,0.843107484192825));
#4019=DIRECTION('center_axis',(-1.,0.,0.));
#4020=DIRECTION('ref_axis',(0.,1.,-2.22044604925032E-15));
#4021=DIRECTION('',(0.,-5.86958321626476E-16,-1.));
#4022=DIRECTION('center_axis',(-1.,0.,0.));
#4023=DIRECTION('ref_axis',(0.,-0.844212820599475,-0.53600812823639));
#4024=DIRECTION('',(0.,-0.961523947640823,-0.274721127897378));
#4025=DIRECTION('center_axis',(-1.,0.,0.));
#4026=DIRECTION('ref_axis',(0.,-1.,0.));
#4027=DIRECTION('',(0.,0.,1.));
#4028=DIRECTION('center_axis',(-1.,0.,0.));
#4029=DIRECTION('ref_axis',(0.,0.274721127897379,0.961523947640823));
#4030=DIRECTION('',(0.,0.961523947640823,-0.274721127897378));
#4031=DIRECTION('center_axis',(-1.,0.,0.));
#4032=DIRECTION('ref_axis',(0.,0.274721127897396,-0.961523947640818));
#4033=DIRECTION('',(0.,-0.961523947640823,0.274721127897378));
#4034=DIRECTION('center_axis',(-1.,0.,0.));
#4035=DIRECTION('ref_axis',(0.,-8.8817841970012E-15,1.));
#4036=DIRECTION('',(0.,1.,6.36961993445463E-17));
#4037=DIRECTION('center_axis',(-1.,0.,0.));
#4038=DIRECTION('ref_axis',(0.,0.274721127897395,-0.961523947640818));
#4039=DIRECTION('',(0.,-0.961523947640823,-0.274721127897378));
#4040=DIRECTION('center_axis',(-1.,0.,0.));
#4041=DIRECTION('ref_axis',(0.,-0.274721127897382,-0.961523947640822));
#4042=DIRECTION('',(0.,0.961523947640823,-0.274721127897378));
#4043=DIRECTION('center_axis',(-1.,0.,0.));
#4044=DIRECTION('ref_axis',(0.,0.,-1.));
#4045=DIRECTION('',(0.,-1.,0.));
#4046=DIRECTION('center_axis',(-1.,0.,0.));
#4047=DIRECTION('ref_axis',(0.,-0.27472112789738,0.961523947640823));
#4048=DIRECTION('',(0.,0.961523947640823,0.274721127897378));
#4049=DIRECTION('center_axis',(-1.,0.,0.));
#4050=DIRECTION('ref_axis',(0.,0.274721127897375,0.961523947640824));
#4051=DIRECTION('',(0.,0.961523947640823,0.274721127897378));
#4052=DIRECTION('center_axis',(-1.,0.,0.));
#4053=DIRECTION('ref_axis',(0.,1.,6.6613381477509E-15));
#4054=DIRECTION('',(0.,0.,-1.));
#4055=DIRECTION('center_axis',(-1.,0.,0.));
#4056=DIRECTION('ref_axis',(0.,-0.274721127897379,-0.961523947640823));
#4057=DIRECTION('',(0.,-0.961523947640823,0.274721127897378));
#4058=DIRECTION('center_axis',(-1.,0.,0.));
#4059=DIRECTION('ref_axis',(0.,-0.274721127897364,0.961523947640827));
#4060=DIRECTION('center_axis',(0.,1.,0.));
#4061=DIRECTION('ref_axis',(0.,0.,1.));
#4062=DIRECTION('',(0.,0.,1.));
#4063=DIRECTION('',(0.,0.,-1.));
#4064=DIRECTION('',(-1.,0.,0.));
#4065=DIRECTION('center_axis',(0.,0.,1.));
#4066=DIRECTION('ref_axis',(-0.707106781186548,0.707106781186547,0.));
#4067=DIRECTION('',(0.,0.,1.));
#4068=DIRECTION('center_axis',(0.,-1.,0.));
#4069=DIRECTION('ref_axis',(1.,0.,0.));
#4070=DIRECTION('',(0.,0.,1.));
#4071=DIRECTION('',(0.,0.,-1.));
#4072=DIRECTION('center_axis',(0.,-1.,0.));
#4073=DIRECTION('ref_axis',(1.,0.,0.));
#4074=DIRECTION('',(1.,0.,7.105427357601E-16));
#4075=DIRECTION('center_axis',(0.,-1.,0.));
#4076=DIRECTION('ref_axis',(3.55271367880049E-15,0.,1.));
#4077=DIRECTION('',(0.,0.,-1.));
#4078=DIRECTION('center_axis',(0.,-1.,0.));
#4079=DIRECTION('ref_axis',(-1.,0.,0.));
#4080=DIRECTION('',(1.,0.,2.53765262771464E-15));
#4081=DIRECTION('center_axis',(0.,-1.,0.));
#4082=DIRECTION('ref_axis',(1.,0.,1.77635683940025E-15));
#4083=DIRECTION('',(0.,0.,1.));
#4084=DIRECTION('center_axis',(0.,1.,0.));
#4085=DIRECTION('ref_axis',(0.,0.,1.));
#4086=DIRECTION('center_axis',(1.,0.,0.));
#4087=DIRECTION('ref_axis',(0.,0.,-1.));
#4088=DIRECTION('',(0.,0.,-1.));
#4089=DIRECTION('center_axis',(0.,0.,-1.));
#4090=DIRECTION('ref_axis',(0.707106781186548,0.707106781186547,0.));
#4091=DIRECTION('',(0.,0.,1.));
#4092=DIRECTION('center_axis',(1.,0.,0.));
#4093=DIRECTION('ref_axis',(0.,-0.707106781186548,-0.707106781186548));
#4094=DIRECTION('center_axis',(-1.,0.,0.));
#4095=DIRECTION('ref_axis',(0.,-0.707106781186548,-0.707106781186548));
#4096=DIRECTION('',(1.,0.,0.));
#4097=DIRECTION('center_axis',(1.,0.,0.));
#4098=DIRECTION('ref_axis',(0.,-0.707106781186548,-0.707106781186548));
#4099=DIRECTION('',(-1.,0.,0.));
#4100=DIRECTION('center_axis',(0.,-1.,0.));
#4101=DIRECTION('ref_axis',(1.,0.,0.));
#4102=DIRECTION('',(-1.31581988082485E-15,0.,1.));
#4103=DIRECTION('center_axis',(0.,-1.,0.));
#4104=DIRECTION('ref_axis',(1.,0.,1.77635683940025E-15));
#4105=DIRECTION('',(-1.,0.,-2.53765262771464E-15));
#4106=DIRECTION('center_axis',(0.,1.,0.));
#4107=DIRECTION('ref_axis',(-1.,0.,0.));
#4108=DIRECTION('',(0.,0.,1.));
#4109=DIRECTION('center_axis',(0.,1.,0.));
#4110=DIRECTION('ref_axis',(3.55271367880049E-15,0.,1.));
#4111=DIRECTION('',(1.,0.,7.105427357601E-16));
#4112=DIRECTION('center_axis',(0.,1.,0.));
#4113=DIRECTION('ref_axis',(1.,0.,0.));
#4114=DIRECTION('',(0.,0.,-1.));
#4115=DIRECTION('center_axis',(0.,-1.,0.));
#4116=DIRECTION('ref_axis',(0.,0.,1.));
#4117=DIRECTION('center_axis',(1.,0.,0.));
#4118=DIRECTION('ref_axis',(0.,-0.707106781186548,-0.707106781186548));
#4119=DIRECTION('',(-1.,0.,0.));
#4120=DIRECTION('center_axis',(-1.,0.,0.));
#4121=DIRECTION('ref_axis',(0.,-0.707106781186548,-0.707106781186548));
#4122=DIRECTION('',(1.,0.,0.));
#4123=DIRECTION('center_axis',(0.,0.,1.));
#4124=DIRECTION('ref_axis',(1.,0.,0.));
#4125=DIRECTION('',(0.,1.,0.));
#4126=DIRECTION('center_axis',(0.,0.,-1.));
#4127=DIRECTION('ref_axis',(0.783146773743572,0.621836900461074,0.));
#4128=DIRECTION('center_axis',(0.,0.,1.));
#4129=DIRECTION('ref_axis',(0.238724171521948,0.971087416215018,0.));
#4130=DIRECTION('center_axis',(0.,0.,-1.));
#4131=DIRECTION('ref_axis',(-0.783146773743577,0.621836900461067,0.));
#4132=DIRECTION('',(0.,-1.,0.));
#4133=DIRECTION('center_axis',(0.,0.,1.));
#4134=DIRECTION('ref_axis',(0.2549129610646,0.966964002577799,0.));
#4135=DIRECTION('',(0.,-1.,0.));
#4136=DIRECTION('center_axis',(-1.,0.,0.));
#4137=DIRECTION('ref_axis',(0.,0.,1.));
#4138=DIRECTION('',(0.,0.,1.));
#4139=DIRECTION('center_axis',(0.,1.,0.));
#4140=DIRECTION('ref_axis',(0.248202504822521,0.,-0.968708168954833));
#4141=DIRECTION('',(0.,1.,0.));
#4142=DIRECTION('',(0.,1.,0.));
#4143=DIRECTION('center_axis',(0.,0.,1.));
#4144=DIRECTION('ref_axis',(1.,0.,0.));
#4145=DIRECTION('center_axis',(0.,0.,1.));
#4146=DIRECTION('ref_axis',(0.238724171521948,0.971087416215018,0.));
#4147=DIRECTION('center_axis',(0.,0.,-1.));
#4148=DIRECTION('ref_axis',(0.2549129610646,0.966964002577799,0.));
#4149=DIRECTION('',(0.,1.,0.));
#4150=DIRECTION('center_axis',(0.,1.,0.));
#4151=DIRECTION('ref_axis',(-8.8817841970012E-15,0.,1.));
#4152=DIRECTION('',(0.,1.,0.));
#4153=DIRECTION('center_axis',(-0.248202511698937,0.,-0.968708167192958));
#4154=DIRECTION('ref_axis',(-0.968708167192958,0.,0.248202511698937));
#4155=DIRECTION('center_axis',(-0.248202511698937,0.,-0.968708167192958));
#4156=DIRECTION('ref_axis',(0.968708167192958,1.68080900832148E-16,-0.248202511698937));
#4157=DIRECTION('center_axis',(0.248202511698937,0.,0.968708167192958));
#4158=DIRECTION('ref_axis',(0.968708167192958,1.15231213811393E-16,-0.248202511698937));
#4159=DIRECTION('',(0.,1.,0.));
#4160=DIRECTION('center_axis',(0.,1.,0.));
#4161=DIRECTION('ref_axis',(-0.248202511698813,0.,-0.968708167192989));
#4162=DIRECTION('',(0.,1.,0.));
#4163=DIRECTION('center_axis',(0.248202504822526,0.,-0.968708168954832));
#4164=DIRECTION('ref_axis',(-0.968708168954832,0.,-0.248202504822526));
#4165=DIRECTION('center_axis',(0.248202504822526,0.,-0.968708168954832));
#4166=DIRECTION('ref_axis',(0.968708168954832,-4.70626523185983E-16,0.248202504822526));
#4167=DIRECTION('center_axis',(-0.248202504822526,0.,0.968708168954832));
#4168=DIRECTION('ref_axis',(0.968708168954832,1.15231214020975E-16,0.248202504822526));
#4169=DIRECTION('center_axis',(0.,1.,0.));
#4170=DIRECTION('ref_axis',(-0.246549747077451,0.,-0.96913013688361));
#4171=DIRECTION('',(0.,1.,0.));
#4172=DIRECTION('',(0.,1.,0.));
#4173=DIRECTION('center_axis',(1.,0.,-4.25883237695118E-16));
#4174=DIRECTION('ref_axis',(-4.25883237695118E-16,0.,-1.));
#4175=DIRECTION('',(0.,0.,1.));
#4176=DIRECTION('',(0.,0.,-1.));
#4177=DIRECTION('',(0.,1.,0.));
#4178=DIRECTION('center_axis',(0.,1.,0.));
#4179=DIRECTION('ref_axis',(1.,0.,2.22044604925031E-15));
#4180=DIRECTION('',(0.,1.,0.));
#4181=DIRECTION('center_axis',(-0.246549736460365,0.,0.96913013958463));
#4182=DIRECTION('ref_axis',(0.96913013958463,0.,0.246549736460365));
#4183=DIRECTION('center_axis',(-0.246549736460365,0.,0.96913013958463));
#4184=DIRECTION('ref_axis',(0.96913013958463,-3.36308234825738E-17,0.246549736460365));
#4185=DIRECTION('center_axis',(0.246549736460365,0.,-0.96913013958463));
#4186=DIRECTION('ref_axis',(0.96913013958463,-7.68542725990373E-17,0.246549736460365));
#4187=DIRECTION('',(0.,1.,0.));
#4188=DIRECTION('center_axis',(0.,1.,0.));
#4189=DIRECTION('ref_axis',(-0.246549736460369,0.,0.969130139584629));
#4190=DIRECTION('',(0.,1.,0.));
#4191=DIRECTION('center_axis',(-0.246549747077455,0.,-0.969130136883609));
#4192=DIRECTION('ref_axis',(-0.969130136883609,0.,0.246549747077455));
#4193=DIRECTION('center_axis',(-0.246549747077455,0.,-0.969130136883609));
#4194=DIRECTION('ref_axis',(0.969130136883609,1.68154116944214E-16,-0.246549747077455));
#4195=DIRECTION('center_axis',(0.246549747077455,0.,0.969130136883609));
#4196=DIRECTION('ref_axis',(0.969130136883609,-2.6898995334694E-16,-0.246549747077455));
#4197=DIRECTION('center_axis',(0.,1.,0.));
#4198=DIRECTION('ref_axis',(0.24654973140862,0.,0.96913014086981));
#4199=DIRECTION('',(0.,1.,0.));
#4200=DIRECTION('',(0.,1.,0.));
#4201=DIRECTION('center_axis',(-1.,0.,4.25883237129992E-16));
#4202=DIRECTION('ref_axis',(4.25883237129992E-16,0.,1.));
#4203=DIRECTION('',(0.,0.,-1.));
#4204=DIRECTION('',(0.,0.,1.));
#4205=DIRECTION('',(0.,1.,0.));
#4206=DIRECTION('center_axis',(0.,1.,0.));
#4207=DIRECTION('ref_axis',(-1.,0.,0.));
#4208=DIRECTION('',(0.,1.,0.));
#4209=DIRECTION('center_axis',(0.24654974202571,0.,-0.969130138168789));
#4210=DIRECTION('ref_axis',(-0.969130138168789,0.,-0.24654974202571));
#4211=DIRECTION('center_axis',(0.24654974202571,0.,-0.969130138168789));
#4212=DIRECTION('ref_axis',(0.969130138168789,1.68154117167206E-16,0.24654974202571));
#4213=DIRECTION('center_axis',(-0.24654974202571,0.,0.969130138168789));
#4214=DIRECTION('ref_axis',(0.969130138168789,-7.68542724867578E-17,0.24654974202571));
#4215=DIRECTION('',(0.,1.,0.));
#4216=DIRECTION('center_axis',(0.,1.,0.));
#4217=DIRECTION('ref_axis',(0.246549742025713,0.,-0.969130138168788));
#4218=DIRECTION('',(0.,1.,0.));
#4219=DIRECTION('center_axis',(0.24654973140862,0.,0.96913014086981));
#4220=DIRECTION('ref_axis',(0.96913014086981,0.,-0.24654973140862));
#4221=DIRECTION('center_axis',(0.24654973140862,0.,0.96913014086981));
#4222=DIRECTION('ref_axis',(0.96913014086981,-3.36308235271722E-17,-0.24654973140862));
#4223=DIRECTION('center_axis',(-0.24654973140862,0.,-0.96913014086981));
#4224=DIRECTION('ref_axis',(0.96913014086981,1.15281409051433E-16,-0.24654973140862));
#4225=DIRECTION('center_axis',(0.,1.,0.));
#4226=DIRECTION('ref_axis',(-0.248202522665707,0.,0.968708164383051));
#4227=DIRECTION('',(0.,1.,0.));
#4228=DIRECTION('',(0.,1.,0.));
#4229=DIRECTION('center_axis',(2.59362978434513E-17,0.,-1.));
#4230=DIRECTION('ref_axis',(-1.,0.,-2.59362978434513E-17));
#4231=DIRECTION('center_axis',(2.59362978434513E-17,0.,-1.));
#4232=DIRECTION('ref_axis',(0.238724171521948,0.971087416215018,0.));
#4233=DIRECTION('center_axis',(-2.59362978434513E-17,0.,1.));
#4234=DIRECTION('ref_axis',(0.2549129610646,0.966964002577799,0.));
#4235=DIRECTION('',(0.,1.,0.));
#4236=DIRECTION('center_axis',(0.,1.,0.));
#4237=DIRECTION('ref_axis',(0.,0.,-1.));
#4238=DIRECTION('',(0.,1.,0.));
#4239=DIRECTION('center_axis',(0.248202515789291,0.,0.968708166144927));
#4240=DIRECTION('ref_axis',(0.968708166144927,0.,-0.248202515789291));
#4241=DIRECTION('center_axis',(0.248202515789291,0.,0.968708166144927));
#4242=DIRECTION('ref_axis',(0.968708166144927,-2.35313260910425E-16,-0.248202515789291));
#4243=DIRECTION('center_axis',(-0.248202515789291,0.,-0.968708166144927));
#4244=DIRECTION('ref_axis',(0.968708166144927,-5.3774566387139E-16,-0.248202515789291));
#4245=DIRECTION('',(0.,1.,0.));
#4246=DIRECTION('center_axis',(0.,1.,0.));
#4247=DIRECTION('ref_axis',(0.248202515789291,0.,0.968708166144927));
#4248=DIRECTION('',(0.,1.,0.));
#4249=DIRECTION('center_axis',(-0.248202522665703,0.,0.968708164383052));
#4250=DIRECTION('ref_axis',(0.968708164383052,0.,0.248202522665703));
#4251=DIRECTION('center_axis',(-0.248202522665703,0.,0.968708164383052));
#4252=DIRECTION('ref_axis',(0.968708164383052,3.69777980758119E-16,0.248202522665703));
#4253=DIRECTION('center_axis',(0.248202522665703,0.,-0.968708164383052));
#4254=DIRECTION('ref_axis',(0.968708164383052,-2.68872831446672E-16,0.248202522665703));
#4255=DIRECTION('center_axis',(-1.,0.,0.));
#4256=DIRECTION('ref_axis',(0.,-0.274721127897379,-0.961523947640823));
#4257=DIRECTION('center_axis',(1.,0.,0.));
#4258=DIRECTION('ref_axis',(0.,-0.274721127897379,-0.961523947640823));
#4259=DIRECTION('',(-1.,0.,0.));
#4260=DIRECTION('center_axis',(-1.,0.,0.));
#4261=DIRECTION('ref_axis',(0.,-0.274721127897379,-0.961523947640823));
#4262=DIRECTION('',(-1.,0.,0.));
#4263=DIRECTION('center_axis',(-1.,0.,0.));
#4264=DIRECTION('ref_axis',(0.,-0.274721127897379,-0.961523947640823));
#4265=DIRECTION('center_axis',(1.,0.,0.));
#4266=DIRECTION('ref_axis',(0.,-0.274721127897379,-0.961523947640823));
#4267=DIRECTION('',(-1.,0.,0.));
#4268=DIRECTION('',(-1.,0.,0.));
#4269=DIRECTION('center_axis',(0.,1.,0.));
#4270=DIRECTION('ref_axis',(0.,0.,-1.));
#4271=DIRECTION('',(0.,0.,1.));
#4272=DIRECTION('',(0.,0.,-1.));
#4273=DIRECTION('',(-1.,0.,0.));
#4274=DIRECTION('center_axis',(0.,1.,0.));
#4275=DIRECTION('ref_axis',(0.,0.,-1.));
#4276=DIRECTION('',(0.,0.,1.));
#4277=DIRECTION('',(-1.,0.,0.));
#4278=DIRECTION('center_axis',(0.,-0.274721127897378,-0.961523947640823));
#4279=DIRECTION('ref_axis',(0.,-0.961523947640823,0.274721127897378));
#4280=DIRECTION('',(0.,0.961523947640823,-0.274721127897378));
#4281=DIRECTION('',(-1.,0.,0.));
#4282=DIRECTION('',(0.,-0.961523947640823,0.274721127897378));
#4283=DIRECTION('center_axis',(-1.,0.,0.));
#4284=DIRECTION('ref_axis',(0.,1.,6.6613381477509E-15));
#4285=DIRECTION('center_axis',(1.,0.,0.));
#4286=DIRECTION('ref_axis',(0.,1.,6.6613381477509E-15));
#4287=DIRECTION('center_axis',(-1.,0.,0.));
#4288=DIRECTION('ref_axis',(0.,1.,6.6613381477509E-15));
#4289=DIRECTION('',(-1.,0.,0.));
#4290=DIRECTION('center_axis',(-1.,0.,0.));
#4291=DIRECTION('ref_axis',(0.,1.,6.6613381477509E-15));
#4292=DIRECTION('center_axis',(1.,0.,0.));
#4293=DIRECTION('ref_axis',(0.,1.,6.6613381477509E-15));
#4294=DIRECTION('',(-1.,0.,0.));
#4295=DIRECTION('center_axis',(-1.,0.,0.));
#4296=DIRECTION('ref_axis',(0.,-0.274721127897364,0.961523947640827));
#4297=DIRECTION('center_axis',(1.,0.,0.));
#4298=DIRECTION('ref_axis',(0.,-0.274721127897364,0.961523947640827));
#4299=DIRECTION('',(-1.,0.,0.));
#4300=DIRECTION('center_axis',(-1.,0.,0.));
#4301=DIRECTION('ref_axis',(0.,-0.274721127897364,0.961523947640827));
#4302=DIRECTION('center_axis',(0.,-0.274721127897378,0.961523947640823));
#4303=DIRECTION('ref_axis',(0.,0.961523947640823,0.274721127897378));
#4304=DIRECTION('',(0.,-0.961523947640823,-0.274721127897378));
#4305=DIRECTION('',(0.,0.961523947640823,0.274721127897378));
#4306=DIRECTION('center_axis',(0.,-0.274721127897378,0.961523947640823));
#4307=DIRECTION('ref_axis',(0.,0.961523947640823,0.274721127897378));
#4308=DIRECTION('',(0.,-0.961523947640823,-0.274721127897378));
#4309=DIRECTION('',(-1.,0.,0.));
#4310=DIRECTION('center_axis',(-1.,0.,0.));
#4311=DIRECTION('ref_axis',(0.,-0.274721127897364,0.961523947640827));
#4312=DIRECTION('center_axis',(1.,0.,0.));
#4313=DIRECTION('ref_axis',(0.,-0.274721127897364,0.961523947640827));
#4314=DIRECTION('',(-1.,0.,0.));
#4315=DIRECTION('center_axis',(0.,-0.274721127897378,-0.961523947640823));
#4316=DIRECTION('ref_axis',(0.,-0.961523947640823,0.274721127897378));
#4317=DIRECTION('',(0.,0.961523947640823,-0.274721127897378));
#4318=DIRECTION('center_axis',(-1.,0.,0.));
#4319=DIRECTION('ref_axis',(0.,-0.27472112789738,0.961523947640823));
#4320=DIRECTION('center_axis',(1.,0.,0.));
#4321=DIRECTION('ref_axis',(0.,-0.27472112789738,0.961523947640823));
#4322=DIRECTION('',(-1.,0.,0.));
#4323=DIRECTION('center_axis',(-1.,0.,0.));
#4324=DIRECTION('ref_axis',(0.,-0.27472112789738,0.961523947640823));
#4325=DIRECTION('',(-1.,0.,0.));
#4326=DIRECTION('center_axis',(-1.,0.,0.));
#4327=DIRECTION('ref_axis',(0.,-0.27472112789738,0.961523947640823));
#4328=DIRECTION('center_axis',(1.,0.,0.));
#4329=DIRECTION('ref_axis',(0.,-0.27472112789738,0.961523947640823));
#4330=DIRECTION('',(-1.,0.,0.));
#4331=DIRECTION('',(-1.,0.,0.));
#4332=DIRECTION('center_axis',(0.,0.,-1.));
#4333=DIRECTION('ref_axis',(0.,-1.,0.));
#4334=DIRECTION('',(0.,1.,0.));
#4335=DIRECTION('',(0.,-1.,0.));
#4336=DIRECTION('',(-1.,0.,0.));
#4337=DIRECTION('center_axis',(0.,0.,-1.));
#4338=DIRECTION('ref_axis',(0.,-1.,0.));
#4339=DIRECTION('',(0.,1.,0.));
#4340=DIRECTION('',(-1.,0.,0.));
#4341=DIRECTION('center_axis',(0.,-0.274721127897378,0.961523947640823));
#4342=DIRECTION('ref_axis',(0.,0.961523947640823,0.274721127897378));
#4343=DIRECTION('',(0.,-0.961523947640823,-0.274721127897378));
#4344=DIRECTION('',(-1.,0.,0.));
#4345=DIRECTION('',(0.,0.961523947640823,0.274721127897378));
#4346=DIRECTION('center_axis',(-1.,0.,0.));
#4347=DIRECTION('ref_axis',(0.,0.,-1.));
#4348=DIRECTION('center_axis',(1.,0.,0.));
#4349=DIRECTION('ref_axis',(0.,0.,-1.));
#4350=DIRECTION('center_axis',(-1.,0.,0.));
#4351=DIRECTION('ref_axis',(0.,0.,-1.));
#4352=DIRECTION('',(-1.,0.,0.));
#4353=DIRECTION('center_axis',(-1.,0.,0.));
#4354=DIRECTION('ref_axis',(0.,0.,-1.));
#4355=DIRECTION('center_axis',(1.,0.,0.));
#4356=DIRECTION('ref_axis',(0.,0.,-1.));
#4357=DIRECTION('',(-1.,0.,0.));
#4358=DIRECTION('center_axis',(-1.,0.,0.));
#4359=DIRECTION('ref_axis',(0.,0.274721127897375,0.961523947640824));
#4360=DIRECTION('center_axis',(1.,0.,0.));
#4361=DIRECTION('ref_axis',(0.,0.274721127897375,0.961523947640824));
#4362=DIRECTION('',(-1.,0.,0.));
#4363=DIRECTION('center_axis',(-1.,0.,0.));
#4364=DIRECTION('ref_axis',(0.,0.274721127897375,0.961523947640824));
#4365=DIRECTION('center_axis',(0.,0.274721127897378,0.961523947640823));
#4366=DIRECTION('ref_axis',(0.,0.961523947640823,-0.274721127897378));
#4367=DIRECTION('',(0.,-0.961523947640823,0.274721127897378));
#4368=DIRECTION('',(0.,0.961523947640823,-0.274721127897378));
#4369=DIRECTION('center_axis',(0.,0.274721127897378,0.961523947640823));
#4370=DIRECTION('ref_axis',(0.,0.961523947640823,-0.274721127897378));
#4371=DIRECTION('',(0.,-0.961523947640823,0.274721127897378));
#4372=DIRECTION('',(-1.,0.,0.));
#4373=DIRECTION('center_axis',(-1.,0.,0.));
#4374=DIRECTION('ref_axis',(0.,0.274721127897375,0.961523947640824));
#4375=DIRECTION('center_axis',(1.,0.,0.));
#4376=DIRECTION('ref_axis',(0.,0.274721127897375,0.961523947640824));
#4377=DIRECTION('',(-1.,0.,0.));
#4378=DIRECTION('center_axis',(0.,-0.274721127897378,0.961523947640823));
#4379=DIRECTION('ref_axis',(0.,0.961523947640823,0.274721127897378));
#4380=DIRECTION('',(0.,-0.961523947640823,-0.274721127897378));
#4381=DIRECTION('center_axis',(-1.,0.,0.));
#4382=DIRECTION('ref_axis',(0.,0.274721127897395,-0.961523947640818));
#4383=DIRECTION('center_axis',(1.,0.,0.));
#4384=DIRECTION('ref_axis',(0.,0.274721127897395,-0.961523947640818));
#4385=DIRECTION('',(-1.,0.,0.));
#4386=DIRECTION('center_axis',(-1.,0.,0.));
#4387=DIRECTION('ref_axis',(0.,0.274721127897395,-0.961523947640818));
#4388=DIRECTION('',(-1.,0.,0.));
#4389=DIRECTION('center_axis',(-1.,0.,0.));
#4390=DIRECTION('ref_axis',(0.,0.274721127897395,-0.961523947640818));
#4391=DIRECTION('center_axis',(1.,0.,0.));
#4392=DIRECTION('ref_axis',(0.,0.274721127897395,-0.961523947640818));
#4393=DIRECTION('',(-1.,0.,0.));
#4394=DIRECTION('',(-1.,0.,0.));
#4395=DIRECTION('center_axis',(0.,-6.36961993445463E-17,1.));
#4396=DIRECTION('ref_axis',(0.,1.,6.36961993445463E-17));
#4397=DIRECTION('',(0.,-1.,-6.36961993445463E-17));
#4398=DIRECTION('',(0.,1.,6.36961993445463E-17));
#4399=DIRECTION('',(-1.,0.,0.));
#4400=DIRECTION('center_axis',(0.,-6.36961993445463E-17,1.));
#4401=DIRECTION('ref_axis',(0.,1.,6.36961993445463E-17));
#4402=DIRECTION('',(0.,-1.,-6.36961993445463E-17));
#4403=DIRECTION('',(-1.,0.,0.));
#4404=DIRECTION('center_axis',(0.,0.274721127897378,-0.961523947640823));
#4405=DIRECTION('ref_axis',(0.,-0.961523947640823,-0.274721127897378));
#4406=DIRECTION('',(0.,0.961523947640823,0.274721127897378));
#4407=DIRECTION('',(-1.,0.,0.));
#4408=DIRECTION('',(0.,-0.961523947640823,-0.274721127897378));
#4409=DIRECTION('center_axis',(-1.,0.,0.));
#4410=DIRECTION('ref_axis',(0.,-8.8817841970012E-15,1.));
#4411=DIRECTION('center_axis',(1.,0.,0.));
#4412=DIRECTION('ref_axis',(0.,-8.8817841970012E-15,1.));
#4413=DIRECTION('center_axis',(-1.,0.,0.));
#4414=DIRECTION('ref_axis',(0.,-8.8817841970012E-15,1.));
#4415=DIRECTION('',(-1.,0.,0.));
#4416=DIRECTION('center_axis',(-1.,0.,0.));
#4417=DIRECTION('ref_axis',(0.,-8.8817841970012E-15,1.));
#4418=DIRECTION('center_axis',(1.,0.,0.));
#4419=DIRECTION('ref_axis',(0.,-8.8817841970012E-15,1.));
#4420=DIRECTION('',(-1.,0.,0.));
#4421=DIRECTION('center_axis',(-1.,0.,0.));
#4422=DIRECTION('ref_axis',(0.,-0.274721127897382,-0.961523947640822));
#4423=DIRECTION('center_axis',(1.,0.,0.));
#4424=DIRECTION('ref_axis',(0.,-0.274721127897382,-0.961523947640822));
#4425=DIRECTION('',(-1.,0.,0.));
#4426=DIRECTION('center_axis',(-1.,0.,0.));
#4427=DIRECTION('ref_axis',(0.,-0.274721127897382,-0.961523947640822));
#4428=DIRECTION('center_axis',(0.,-0.274721127897378,-0.961523947640823));
#4429=DIRECTION('ref_axis',(0.,-0.961523947640823,0.274721127897378));
#4430=DIRECTION('',(0.,0.961523947640823,-0.274721127897378));
#4431=DIRECTION('',(0.,-0.961523947640823,0.274721127897378));
#4432=DIRECTION('center_axis',(0.,-0.274721127897378,-0.961523947640823));
#4433=DIRECTION('ref_axis',(0.,-0.961523947640823,0.274721127897378));
#4434=DIRECTION('',(0.,0.961523947640823,-0.274721127897378));
#4435=DIRECTION('',(-1.,0.,0.));
#4436=DIRECTION('center_axis',(-1.,0.,0.));
#4437=DIRECTION('ref_axis',(0.,-0.274721127897382,-0.961523947640822));
#4438=DIRECTION('center_axis',(1.,0.,0.));
#4439=DIRECTION('ref_axis',(0.,-0.274721127897382,-0.961523947640822));
#4440=DIRECTION('',(-1.,0.,0.));
#4441=DIRECTION('center_axis',(0.,0.274721127897378,-0.961523947640823));
#4442=DIRECTION('ref_axis',(0.,-0.961523947640823,-0.274721127897378));
#4443=DIRECTION('',(0.,0.961523947640823,0.274721127897378));
#4444=DIRECTION('center_axis',(-1.,0.,0.));
#4445=DIRECTION('ref_axis',(0.,0.274721127897379,0.961523947640823));
#4446=DIRECTION('center_axis',(1.,0.,0.));
#4447=DIRECTION('ref_axis',(0.,0.274721127897379,0.961523947640823));
#4448=DIRECTION('',(-1.,0.,0.));
#4449=DIRECTION('center_axis',(-1.,0.,0.));
#4450=DIRECTION('ref_axis',(0.,0.274721127897379,0.961523947640823));
#4451=DIRECTION('',(-1.,0.,0.));
#4452=DIRECTION('center_axis',(-1.,0.,0.));
#4453=DIRECTION('ref_axis',(0.,0.274721127897379,0.961523947640823));
#4454=DIRECTION('center_axis',(1.,0.,0.));
#4455=DIRECTION('ref_axis',(0.,0.274721127897379,0.961523947640823));
#4456=DIRECTION('',(-1.,0.,0.));
#4457=DIRECTION('',(-1.,0.,0.));
#4458=DIRECTION('center_axis',(0.,-1.,0.));
#4459=DIRECTION('ref_axis',(0.,0.,1.));
#4460=DIRECTION('',(0.,0.,-1.));
#4461=DIRECTION('',(0.,0.,1.));
#4462=DIRECTION('',(-1.,0.,0.));
#4463=DIRECTION('center_axis',(0.,-1.,0.));
#4464=DIRECTION('ref_axis',(0.,0.,1.));
#4465=DIRECTION('',(0.,0.,-1.));
#4466=DIRECTION('',(-1.,0.,0.));
#4467=DIRECTION('center_axis',(0.,0.274721127897378,0.961523947640823));
#4468=DIRECTION('ref_axis',(0.,0.961523947640823,-0.274721127897378));
#4469=DIRECTION('',(0.,-0.961523947640823,0.274721127897378));
#4470=DIRECTION('',(-1.,0.,0.));
#4471=DIRECTION('',(0.,0.961523947640823,-0.274721127897378));
#4472=DIRECTION('center_axis',(-1.,0.,0.));
#4473=DIRECTION('ref_axis',(0.,-1.,0.));
#4474=DIRECTION('center_axis',(1.,0.,0.));
#4475=DIRECTION('ref_axis',(0.,-1.,0.));
#4476=DIRECTION('center_axis',(-1.,0.,0.));
#4477=DIRECTION('ref_axis',(0.,-1.,0.));
#4478=DIRECTION('',(-1.,0.,0.));
#4479=DIRECTION('center_axis',(-1.,0.,0.));
#4480=DIRECTION('ref_axis',(0.,-1.,0.));
#4481=DIRECTION('center_axis',(1.,0.,0.));
#4482=DIRECTION('ref_axis',(0.,-1.,0.));
#4483=DIRECTION('',(-1.,0.,0.));
#4484=DIRECTION('center_axis',(-1.,0.,0.));
#4485=DIRECTION('ref_axis',(0.,0.274721127897396,-0.961523947640818));
#4486=DIRECTION('center_axis',(1.,0.,0.));
#4487=DIRECTION('ref_axis',(0.,0.274721127897396,-0.961523947640818));
#4488=DIRECTION('',(-1.,0.,0.));
#4489=DIRECTION('center_axis',(-1.,0.,0.));
#4490=DIRECTION('ref_axis',(0.,0.274721127897396,-0.961523947640818));
#4491=DIRECTION('center_axis',(0.,0.274721127897378,-0.961523947640823));
#4492=DIRECTION('ref_axis',(0.,-0.961523947640823,-0.274721127897378));
#4493=DIRECTION('',(0.,0.961523947640823,0.274721127897378));
#4494=DIRECTION('',(0.,-0.961523947640823,-0.274721127897378));
#4495=DIRECTION('center_axis',(0.,0.274721127897378,-0.961523947640823));
#4496=DIRECTION('ref_axis',(0.,-0.961523947640823,-0.274721127897378));
#4497=DIRECTION('',(0.,0.961523947640823,0.274721127897378));
#4498=DIRECTION('',(-1.,0.,0.));
#4499=DIRECTION('center_axis',(-1.,0.,0.));
#4500=DIRECTION('ref_axis',(0.,0.274721127897396,-0.961523947640818));
#4501=DIRECTION('center_axis',(1.,0.,0.));
#4502=DIRECTION('ref_axis',(0.,0.274721127897396,-0.961523947640818));
#4503=DIRECTION('',(-1.,0.,0.));
#4504=DIRECTION('center_axis',(0.,0.274721127897378,0.961523947640823));
#4505=DIRECTION('ref_axis',(0.,0.961523947640823,-0.274721127897378));
#4506=DIRECTION('',(0.,-0.961523947640823,0.274721127897378));
#4507=DIRECTION('center_axis',(-1.,0.,0.));
#4508=DIRECTION('ref_axis',(0.,1.,-2.22044604925032E-15));
#4509=DIRECTION('center_axis',(1.,0.,0.));
#4510=DIRECTION('ref_axis',(0.,1.,-2.22044604925032E-15));
#4511=DIRECTION('',(-1.,0.,0.));
#4512=DIRECTION('center_axis',(-1.,0.,0.));
#4513=DIRECTION('ref_axis',(0.,1.,-2.22044604925032E-15));
#4514=DIRECTION('',(-1.,0.,0.));
#4515=DIRECTION('center_axis',(-1.,0.,0.));
#4516=DIRECTION('ref_axis',(0.,1.,-2.22044604925032E-15));
#4517=DIRECTION('center_axis',(1.,0.,0.));
#4518=DIRECTION('ref_axis',(0.,1.,-2.22044604925032E-15));
#4519=DIRECTION('',(-1.,0.,0.));
#4520=DIRECTION('',(-1.,0.,0.));
#4521=DIRECTION('center_axis',(0.,-0.843107484192825,0.537745079101655));
#4522=DIRECTION('ref_axis',(0.,0.537745079101655,0.843107484192825));
#4523=DIRECTION('',(0.,-0.537745079101655,-0.843107484192825));
#4524=DIRECTION('',(0.,0.537745079101655,0.843107484192825));
#4525=DIRECTION('',(-1.,0.,0.));
#4526=DIRECTION('center_axis',(0.,-0.843107484192825,0.537745079101655));
#4527=DIRECTION('ref_axis',(0.,0.537745079101655,0.843107484192825));
#4528=DIRECTION('',(0.,-0.537745079101655,-0.843107484192825));
#4529=DIRECTION('',(-1.,0.,0.));
#4530=DIRECTION('center_axis',(0.,1.,-5.86958321626476E-16));
#4531=DIRECTION('ref_axis',(0.,-5.86958321626476E-16,-1.));
#4532=DIRECTION('',(0.,5.86958321626476E-16,1.));
#4533=DIRECTION('',(-1.,0.,0.));
#4534=DIRECTION('',(0.,-5.86958321626476E-16,-1.));
#4535=DIRECTION('center_axis',(-1.,0.,0.));
#4536=DIRECTION('ref_axis',(0.,-0.843107484192822,0.53774507910166));
#4537=DIRECTION('center_axis',(1.,0.,0.));
#4538=DIRECTION('ref_axis',(0.,-0.843107484192822,0.53774507910166));
#4539=DIRECTION('center_axis',(-1.,0.,0.));
#4540=DIRECTION('ref_axis',(0.,-0.843107484192822,0.53774507910166));
#4541=DIRECTION('',(-1.,0.,0.));
#4542=DIRECTION('center_axis',(-1.,0.,0.));
#4543=DIRECTION('ref_axis',(0.,-0.843107484192822,0.53774507910166));
#4544=DIRECTION('center_axis',(1.,0.,0.));
#4545=DIRECTION('ref_axis',(0.,-0.843107484192822,0.53774507910166));
#4546=DIRECTION('',(-1.,0.,0.));
#4547=DIRECTION('center_axis',(-1.,0.,0.));
#4548=DIRECTION('ref_axis',(0.,-0.844212820599475,-0.53600812823639));
#4549=DIRECTION('center_axis',(1.,0.,0.));
#4550=DIRECTION('ref_axis',(0.,-0.844212820599475,-0.53600812823639));
#4551=DIRECTION('',(-1.,0.,0.));
#4552=DIRECTION('center_axis',(-1.,0.,0.));
#4553=DIRECTION('ref_axis',(0.,-0.844212820599475,-0.53600812823639));
#4554=DIRECTION('center_axis',(0.,-0.844212820599475,-0.53600812823639));
#4555=DIRECTION('ref_axis',(0.,-0.53600812823639,0.844212820599475));
#4556=DIRECTION('',(0.,0.53600812823639,-0.844212820599475));
#4557=DIRECTION('',(0.,-0.53600812823639,0.844212820599475));
#4558=DIRECTION('center_axis',(0.,-0.844212820599475,-0.53600812823639));
#4559=DIRECTION('ref_axis',(0.,-0.53600812823639,0.844212820599475));
#4560=DIRECTION('',(0.,0.53600812823639,-0.844212820599475));
#4561=DIRECTION('',(-1.,0.,0.));
#4562=DIRECTION('center_axis',(-1.,0.,0.));
#4563=DIRECTION('ref_axis',(0.,-0.844212820599475,-0.53600812823639));
#4564=DIRECTION('center_axis',(1.,0.,0.));
#4565=DIRECTION('ref_axis',(0.,-0.844212820599475,-0.53600812823639));
#4566=DIRECTION('',(-1.,0.,0.));
#4567=DIRECTION('center_axis',(0.,1.,-5.86958321626476E-16));
#4568=DIRECTION('ref_axis',(0.,-5.86958321626476E-16,-1.));
#4569=DIRECTION('',(0.,5.86958321626476E-16,1.));
#4570=DIRECTION('center_axis',(-1.,0.,0.));
#4571=DIRECTION('ref_axis',(0.,0.84789267201845,0.530167913719241));
#4572=DIRECTION('center_axis',(1.,0.,0.));
#4573=DIRECTION('ref_axis',(0.,0.84789267201845,0.530167913719241));
#4574=DIRECTION('',(-1.,0.,0.));
#4575=DIRECTION('center_axis',(-1.,0.,0.));
#4576=DIRECTION('ref_axis',(0.,0.84789267201845,0.530167913719241));
#4577=DIRECTION('',(-1.,0.,0.));
#4578=DIRECTION('center_axis',(-1.,0.,0.));
#4579=DIRECTION('ref_axis',(0.,0.84789267201845,0.530167913719241));
#4580=DIRECTION('center_axis',(1.,0.,0.));
#4581=DIRECTION('ref_axis',(0.,0.84789267201845,0.530167913719241));
#4582=DIRECTION('',(-1.,0.,0.));
#4583=DIRECTION('',(-1.,0.,0.));
#4584=DIRECTION('center_axis',(0.,-0.851269232377236,0.52472916252851));
#4585=DIRECTION('ref_axis',(0.,0.52472916252851,0.851269232377236));
#4586=DIRECTION('',(0.,-0.52472916252851,-0.851269232377236));
#4587=DIRECTION('',(0.,0.52472916252851,0.851269232377236));
#4588=DIRECTION('',(-1.,0.,0.));
#4589=DIRECTION('center_axis',(0.,-0.851269232377236,0.52472916252851));
#4590=DIRECTION('ref_axis',(0.,0.52472916252851,0.851269232377236));
#4591=DIRECTION('',(0.,-0.52472916252851,-0.851269232377236));
#4592=DIRECTION('',(-1.,0.,0.));
#4593=DIRECTION('center_axis',(0.,0.84789267201845,0.530167913719242));
#4594=DIRECTION('ref_axis',(0.,0.530167913719242,-0.84789267201845));
#4595=DIRECTION('',(0.,-0.530167913719242,0.84789267201845));
#4596=DIRECTION('',(-1.,0.,0.));
#4597=DIRECTION('',(0.,0.530167913719242,-0.84789267201845));
#4598=DIRECTION('center_axis',(-1.,0.,0.));
#4599=DIRECTION('ref_axis',(0.,-0.851269232377237,0.524729162528509));
#4600=DIRECTION('center_axis',(1.,0.,0.));
#4601=DIRECTION('ref_axis',(0.,-0.851269232377237,0.524729162528509));
#4602=DIRECTION('center_axis',(-1.,0.,0.));
#4603=DIRECTION('ref_axis',(0.,-0.851269232377237,0.524729162528509));
#4604=DIRECTION('',(-1.,0.,0.));
#4605=DIRECTION('center_axis',(-1.,0.,0.));
#4606=DIRECTION('ref_axis',(0.,-0.851269232377237,0.524729162528509));
#4607=DIRECTION('center_axis',(1.,0.,0.));
#4608=DIRECTION('ref_axis',(0.,-0.851269232377237,0.524729162528509));
#4609=DIRECTION('',(-1.,0.,0.));
#4610=DIRECTION('center_axis',(-1.,0.,0.));
#4611=DIRECTION('ref_axis',(0.,0.,-1.));
#4612=DIRECTION('center_axis',(1.,0.,0.));
#4613=DIRECTION('ref_axis',(0.,0.,-1.));
#4614=DIRECTION('',(-1.,0.,0.));
#4615=DIRECTION('center_axis',(-1.,0.,0.));
#4616=DIRECTION('ref_axis',(0.,0.,-1.));
#4617=DIRECTION('center_axis',(0.,-4.26836322890711E-16,-1.));
#4618=DIRECTION('ref_axis',(0.,-1.,4.26836322890711E-16));
#4619=DIRECTION('',(0.,-1.,4.26836322890711E-16));
#4620=DIRECTION('',(0.,1.,-4.26836322890711E-16));
#4621=DIRECTION('',(0.,-1.,4.26836322890711E-16));
#4622=DIRECTION('center_axis',(0.,-4.26836322890711E-16,-1.));
#4623=DIRECTION('ref_axis',(0.,-1.,4.26836322890711E-16));
#4624=DIRECTION('',(0.,1.,-4.26836322890711E-16));
#4625=DIRECTION('',(-1.,0.,0.));
#4626=DIRECTION('',(0.,1.,-4.26836322890711E-16));
#4627=DIRECTION('center_axis',(-1.,0.,0.));
#4628=DIRECTION('ref_axis',(0.,0.,-1.));
#4629=DIRECTION('center_axis',(1.,0.,0.));
#4630=DIRECTION('ref_axis',(0.,0.,-1.));
#4631=DIRECTION('',(-1.,0.,0.));
#4632=DIRECTION('center_axis',(0.,0.84789267201845,0.530167913719242));
#4633=DIRECTION('ref_axis',(0.,0.530167913719242,-0.84789267201845));
#4634=DIRECTION('',(0.,-0.530167913719242,0.84789267201845));
#4635=DIRECTION('center_axis',(-1.,0.,0.));
#4636=DIRECTION('ref_axis',(0.,-0.850224783803827,-0.526419810612913));
#4637=DIRECTION('center_axis',(1.,0.,0.));
#4638=DIRECTION('ref_axis',(0.,-0.850224783803827,-0.526419810612913));
#4639=DIRECTION('',(-1.,0.,0.));
#4640=DIRECTION('center_axis',(-1.,0.,0.));
#4641=DIRECTION('ref_axis',(0.,-0.850224783803827,-0.526419810612913));
#4642=DIRECTION('',(-1.,0.,0.));
#4643=DIRECTION('center_axis',(-1.,0.,0.));
#4644=DIRECTION('ref_axis',(0.,-0.850224783803827,-0.526419810612913));
#4645=DIRECTION('center_axis',(1.,0.,0.));
#4646=DIRECTION('ref_axis',(0.,-0.850224783803827,-0.526419810612913));
#4647=DIRECTION('',(-1.,0.,0.));
#4648=DIRECTION('',(-1.,0.,0.));
#4649=DIRECTION('center_axis',(0.,0.84683072992348,-0.53186249619358));
#4650=DIRECTION('ref_axis',(0.,-0.53186249619358,-0.84683072992348));
#4651=DIRECTION('',(0.,0.53186249619358,0.84683072992348));
#4652=DIRECTION('',(0.,-0.53186249619358,-0.84683072992348));
#4653=DIRECTION('',(-1.,0.,0.));
#4654=DIRECTION('center_axis',(0.,0.84683072992348,-0.53186249619358));
#4655=DIRECTION('ref_axis',(0.,-0.53186249619358,-0.84683072992348));
#4656=DIRECTION('',(0.,0.53186249619358,0.84683072992348));
#4657=DIRECTION('',(-1.,0.,0.));
#4658=DIRECTION('center_axis',(0.,-0.850224783803827,-0.526419810612914));
#4659=DIRECTION('ref_axis',(0.,-0.526419810612914,0.850224783803826));
#4660=DIRECTION('',(0.,0.526419810612914,-0.850224783803826));
#4661=DIRECTION('',(-1.,0.,0.));
#4662=DIRECTION('',(0.,-0.526419810612914,0.850224783803826));
#4663=DIRECTION('center_axis',(-1.,0.,0.));
#4664=DIRECTION('ref_axis',(0.,0.846830729923479,-0.531862496193582));
#4665=DIRECTION('center_axis',(1.,0.,0.));
#4666=DIRECTION('ref_axis',(0.,0.846830729923479,-0.531862496193582));
#4667=DIRECTION('center_axis',(-1.,0.,0.));
#4668=DIRECTION('ref_axis',(0.,0.846830729923479,-0.531862496193582));
#4669=DIRECTION('',(-1.,0.,0.));
#4670=DIRECTION('center_axis',(-1.,0.,0.));
#4671=DIRECTION('ref_axis',(0.,0.846830729923479,-0.531862496193582));
#4672=DIRECTION('center_axis',(1.,0.,0.));
#4673=DIRECTION('ref_axis',(0.,0.846830729923479,-0.531862496193582));
#4674=DIRECTION('',(-1.,0.,0.));
#4675=DIRECTION('center_axis',(-1.,0.,0.));
#4676=DIRECTION('ref_axis',(0.,-1.11022302462516E-15,1.));
#4677=DIRECTION('center_axis',(1.,0.,0.));
#4678=DIRECTION('ref_axis',(0.,-1.11022302462516E-15,1.));
#4679=DIRECTION('',(-1.,0.,0.));
#4680=DIRECTION('center_axis',(-1.,0.,0.));
#4681=DIRECTION('ref_axis',(0.,-1.11022302462516E-15,1.));
#4682=DIRECTION('center_axis',(0.,0.,1.));
#4683=DIRECTION('ref_axis',(0.,1.,0.));
#4684=DIRECTION('',(0.,-1.,0.));
#4685=DIRECTION('',(0.,1.,0.));
#4686=DIRECTION('center_axis',(0.,0.,1.));
#4687=DIRECTION('ref_axis',(0.,1.,0.));
#4688=DIRECTION('',(0.,-1.,0.));
#4689=DIRECTION('',(-1.,0.,0.));
#4690=DIRECTION('center_axis',(-1.,0.,0.));
#4691=DIRECTION('ref_axis',(0.,-1.11022302462516E-15,1.));
#4692=DIRECTION('center_axis',(1.,0.,0.));
#4693=DIRECTION('ref_axis',(0.,-1.11022302462516E-15,1.));
#4694=DIRECTION('',(-1.,0.,0.));
#4695=DIRECTION('center_axis',(0.,-0.850224783803827,-0.526419810612914));
#4696=DIRECTION('ref_axis',(0.,-0.526419810612914,0.850224783803826));
#4697=DIRECTION('',(0.,0.526419810612914,-0.850224783803826));
#4698=DIRECTION('center_axis',(-1.,0.,0.));
#4699=DIRECTION('ref_axis',(0.,0.84421281130576,-0.536008142873992));
#4700=DIRECTION('center_axis',(1.,0.,0.));
#4701=DIRECTION('ref_axis',(0.,0.84421281130576,-0.536008142873992));
#4702=DIRECTION('',(-1.,0.,0.));
#4703=DIRECTION('center_axis',(-1.,0.,0.));
#4704=DIRECTION('ref_axis',(0.,0.84421281130576,-0.536008142873992));
#4705=DIRECTION('',(-1.,0.,0.));
#4706=DIRECTION('center_axis',(-1.,0.,0.));
#4707=DIRECTION('ref_axis',(0.,0.84421281130576,-0.536008142873992));
#4708=DIRECTION('center_axis',(1.,0.,0.));
#4709=DIRECTION('ref_axis',(0.,0.84421281130576,-0.536008142873992));
#4710=DIRECTION('',(-1.,0.,0.));
#4711=DIRECTION('',(-1.,0.,0.));
#4712=DIRECTION('center_axis',(0.,0.843107474851028,0.537745093748258));
#4713=DIRECTION('ref_axis',(0.,0.537745093748258,-0.843107474851028));
#4714=DIRECTION('',(0.,-0.537745093748258,0.843107474851028));
#4715=DIRECTION('',(0.,0.537745093748258,-0.843107474851028));
#4716=DIRECTION('',(-1.,0.,0.));
#4717=DIRECTION('center_axis',(0.,0.843107474851028,0.537745093748258));
#4718=DIRECTION('ref_axis',(0.,0.537745093748258,-0.843107474851028));
#4719=DIRECTION('',(0.,-0.537745093748258,0.843107474851028));
#4720=DIRECTION('',(-1.,0.,0.));
#4721=DIRECTION('center_axis',(0.,0.844212811305761,-0.53600814287399));
#4722=DIRECTION('ref_axis',(0.,-0.53600814287399,-0.844212811305761));
#4723=DIRECTION('',(0.,0.53600814287399,0.844212811305761));
#4724=DIRECTION('',(-1.,0.,0.));
#4725=DIRECTION('',(0.,-0.53600814287399,-0.844212811305761));
#4726=DIRECTION('center_axis',(-1.,0.,0.));
#4727=DIRECTION('ref_axis',(0.,0.843107474851029,0.537745093748258));
#4728=DIRECTION('center_axis',(1.,0.,0.));
#4729=DIRECTION('ref_axis',(0.,0.843107474851029,0.537745093748258));
#4730=DIRECTION('center_axis',(-1.,0.,0.));
#4731=DIRECTION('ref_axis',(0.,0.843107474851029,0.537745093748258));
#4732=DIRECTION('',(-1.,0.,0.));
#4733=DIRECTION('center_axis',(-1.,0.,0.));
#4734=DIRECTION('ref_axis',(0.,0.843107474851029,0.537745093748258));
#4735=DIRECTION('center_axis',(1.,0.,0.));
#4736=DIRECTION('ref_axis',(0.,0.843107474851029,0.537745093748258));
#4737=DIRECTION('',(-1.,0.,0.));
#4738=DIRECTION('center_axis',(-1.,0.,0.));
#4739=DIRECTION('ref_axis',(0.,-1.,-2.22044604925031E-15));
#4740=DIRECTION('center_axis',(1.,0.,0.));
#4741=DIRECTION('ref_axis',(0.,-1.,-2.22044604925031E-15));
#4742=DIRECTION('',(-1.,0.,0.));
#4743=DIRECTION('center_axis',(-1.,0.,0.));
#4744=DIRECTION('ref_axis',(0.,-1.,-2.22044604925031E-15));
#4745=DIRECTION('center_axis',(0.,-1.,2.20109367380349E-16));
#4746=DIRECTION('ref_axis',(0.,2.20109367380349E-16,1.));
#4747=DIRECTION('',(0.,-2.20109367380349E-16,-1.));
#4748=DIRECTION('',(0.,2.20109367380349E-16,1.));
#4749=DIRECTION('center_axis',(0.,-1.,2.20109367380349E-16));
#4750=DIRECTION('ref_axis',(0.,2.20109367380349E-16,1.));
#4751=DIRECTION('',(0.,-2.20109367380349E-16,-1.));
#4752=DIRECTION('',(-1.,0.,0.));
#4753=DIRECTION('center_axis',(-1.,0.,0.));
#4754=DIRECTION('ref_axis',(0.,-1.,-2.22044604925031E-15));
#4755=DIRECTION('center_axis',(1.,0.,0.));
#4756=DIRECTION('ref_axis',(0.,-1.,-2.22044604925031E-15));
#4757=DIRECTION('',(-1.,0.,0.));
#4758=DIRECTION('center_axis',(0.,0.844212811305761,-0.53600814287399));
#4759=DIRECTION('ref_axis',(0.,-0.53600814287399,-0.844212811305761));
#4760=DIRECTION('',(0.,0.53600814287399,0.844212811305761));
#4761=DIRECTION('center_axis',(0.,-1.,0.));
#4762=DIRECTION('ref_axis',(0.,0.,1.));
#4763=DIRECTION('center_axis',(0.,-1.,0.));
#4764=DIRECTION('ref_axis',(0.,0.,1.));
#4765=DIRECTION('center_axis',(0.,-1.,0.));
#4766=DIRECTION('ref_axis',(0.,0.,1.));
#4767=DIRECTION('center_axis',(0.,-1.,0.));
#4768=DIRECTION('ref_axis',(0.,0.,1.));
#4769=DIRECTION('',(0.,-1.,0.));
#4770=DIRECTION('center_axis',(0.,-1.,0.));
#4771=DIRECTION('ref_axis',(0.,0.,1.));
#4772=DIRECTION('center_axis',(0.,-1.,0.));
#4773=DIRECTION('ref_axis',(0.,0.,1.));
#4774=DIRECTION('center_axis',(0.,-1.,0.));
#4775=DIRECTION('ref_axis',(0.,0.,1.));
#4776=DIRECTION('center_axis',(0.,-1.,0.));
#4777=DIRECTION('ref_axis',(0.,0.,1.));
#4778=DIRECTION('',(0.,-1.,0.));
#4779=DIRECTION('center_axis',(0.,1.,0.));
#4780=DIRECTION('ref_axis',(0.,0.,1.));
#4781=DIRECTION('center_axis',(0.,-1.,0.));
#4782=DIRECTION('ref_axis',(0.,0.,1.));
#4783=DIRECTION('',(0.,-1.,0.));
#4784=DIRECTION('center_axis',(0.,-1.,0.));
#4785=DIRECTION('ref_axis',(0.,0.,1.));
#4786=DIRECTION('center_axis',(0.,-1.,0.));
#4787=DIRECTION('ref_axis',(0.,0.,1.));
#4788=DIRECTION('',(0.,-1.,0.));
#4789=DIRECTION('center_axis',(0.,1.,0.));
#4790=DIRECTION('ref_axis',(0.,0.,-1.));
#4791=DIRECTION('center_axis',(0.,-1.,0.));
#4792=DIRECTION('ref_axis',(0.,0.,-1.));
#4793=DIRECTION('',(0.,1.,0.));
#4794=DIRECTION('center_axis',(0.,1.,0.));
#4795=DIRECTION('ref_axis',(0.,0.,-1.));
#4796=DIRECTION('',(0.,1.,0.));
#4797=DIRECTION('center_axis',(1.,0.,9.86864910777917E-16));
#4798=DIRECTION('ref_axis',(9.86864910777917E-16,0.,-1.));
#4799=DIRECTION('',(9.86864910777917E-16,0.,-1.));
#4800=DIRECTION('',(9.86864910777917E-16,0.,-1.));
#4801=DIRECTION('',(0.,1.,0.));
#4802=DIRECTION('center_axis',(0.,1.,0.));
#4803=DIRECTION('ref_axis',(1.,0.,0.));
#4804=DIRECTION('center_axis',(0.,-1.,0.));
#4805=DIRECTION('ref_axis',(1.,0.,0.));
#4806=DIRECTION('center_axis',(0.,1.,0.));
#4807=DIRECTION('ref_axis',(1.,0.,0.));
#4808=DIRECTION('',(0.,1.,0.));
#4809=DIRECTION('center_axis',(-7.105427357601E-16,0.,1.));
#4810=DIRECTION('ref_axis',(1.,0.,7.105427357601E-16));
#4811=DIRECTION('',(1.,0.,7.105427357601E-16));
#4812=DIRECTION('',(1.,0.,7.105427357601E-16));
#4813=DIRECTION('',(0.,1.,0.));
#4814=DIRECTION('center_axis',(0.,1.,0.));
#4815=DIRECTION('ref_axis',(0.,0.,1.));
#4816=DIRECTION('center_axis',(0.,-1.,0.));
#4817=DIRECTION('ref_axis',(0.,0.,1.));
#4818=DIRECTION('center_axis',(0.,1.,0.));
#4819=DIRECTION('ref_axis',(0.,0.,1.));
#4820=DIRECTION('',(0.,1.,0.));
#4821=DIRECTION('center_axis',(0.,1.,0.));
#4822=DIRECTION('ref_axis',(0.,0.,1.));
#4823=DIRECTION('center_axis',(0.,-1.,0.));
#4824=DIRECTION('ref_axis',(0.,0.,1.));
#4825=DIRECTION('center_axis',(0.,-1.,0.));
#4826=DIRECTION('ref_axis',(0.,0.,1.));
#4827=DIRECTION('',(0.,1.,0.));
#4828=DIRECTION('center_axis',(0.,0.,-1.));
#4829=DIRECTION('ref_axis',(-1.,0.,0.));
#4830=DIRECTION('',(-1.,0.,0.));
#4831=DIRECTION('',(-1.,0.,0.));
#4832=DIRECTION('center_axis',(0.,-1.,0.));
#4833=DIRECTION('ref_axis',(1.,0.,0.));
#4834=DIRECTION('',(2.69144975648934E-16,0.,1.));
#4835=DIRECTION('center_axis',(-1.,0.,0.));
#4836=DIRECTION('ref_axis',(0.,0.,1.));
#4837=DIRECTION('',(0.,1.,0.));
#4838=DIRECTION('',(0.,1.,0.));
#4839=DIRECTION('center_axis',(0.,1.,0.));
#4840=DIRECTION('ref_axis',(-1.,0.,0.));
#4841=DIRECTION('',(0.,1.,0.));
#4842=DIRECTION('center_axis',(2.53765262771464E-15,0.,-1.));
#4843=DIRECTION('ref_axis',(-1.,0.,-2.53765262771464E-15));
#4844=DIRECTION('',(0.,1.,0.));
#4845=DIRECTION('center_axis',(0.,1.,0.));
#4846=DIRECTION('ref_axis',(1.,0.,1.77635683940025E-15));
#4847=DIRECTION('',(0.,1.,0.));
#4848=DIRECTION('center_axis',(0.,1.,0.));
#4849=DIRECTION('ref_axis',(1.,0.,0.));
#4850=DIRECTION('',(0.,1.,0.));
#4851=DIRECTION('',(0.,1.,0.));
#4852=DIRECTION('center_axis',(-7.105427357601E-16,0.,1.));
#4853=DIRECTION('ref_axis',(1.,0.,7.105427357601E-16));
#4854=DIRECTION('',(0.,1.,0.));
#4855=DIRECTION('center_axis',(0.,1.,0.));
#4856=DIRECTION('ref_axis',(3.55271367880049E-15,0.,1.));
#4857=DIRECTION('center_axis',(-1.,0.,0.));
#4858=DIRECTION('ref_axis',(0.,-0.707106781186548,0.707106781186547));
#4859=DIRECTION('center_axis',(-1.,0.,0.));
#4860=DIRECTION('ref_axis',(0.,-0.707106781186548,0.707106781186547));
#4861=DIRECTION('',(1.,0.,0.));
#4862=DIRECTION('center_axis',(-1.,0.,0.));
#4863=DIRECTION('ref_axis',(0.,-0.707106781186548,0.707106781186547));
#4864=DIRECTION('center_axis',(-1.,0.,0.));
#4865=DIRECTION('ref_axis',(0.,-0.707106781186548,0.707106781186547));
#4866=DIRECTION('',(1.,0.,0.));
#4867=DIRECTION('center_axis',(1.,0.,0.));
#4868=DIRECTION('ref_axis',(0.,-0.707106781186548,0.707106781186547));
#4869=DIRECTION('',(-1.,0.,0.));
#4870=DIRECTION('center_axis',(0.,0.,1.));
#4871=DIRECTION('ref_axis',(1.,0.,0.));
#4872=DIRECTION('',(0.,1.,0.));
#4873=DIRECTION('center_axis',(0.,0.,1.));
#4874=DIRECTION('ref_axis',(-0.783146773743577,0.621836900461067,0.));
#4875=DIRECTION('center_axis',(0.,0.,-1.));
#4876=DIRECTION('ref_axis',(0.238724171521948,0.971087416215018,0.));
#4877=DIRECTION('center_axis',(0.,0.,1.));
#4878=DIRECTION('ref_axis',(0.783146773743572,0.621836900461074,0.));
#4879=DIRECTION('',(0.,-1.,0.));
#4880=DIRECTION('',(0.,1.,0.));
#4881=DIRECTION('center_axis',(0.,0.,1.));
#4882=DIRECTION('ref_axis',(0.2549129610646,0.966964002577799,0.));
#4883=DIRECTION('center_axis',(0.,0.,-1.));
#4884=DIRECTION('ref_axis',(-0.783146773743577,0.621836900461067,0.));
#4885=DIRECTION('',(0.,0.,1.));
#4886=DIRECTION('',(0.,0.,-1.));
#4887=DIRECTION('center_axis',(-1.,0.,0.));
#4888=DIRECTION('ref_axis',(0.,-1.,0.));
#4889=DIRECTION('',(0.,0.,1.));
#4890=DIRECTION('center_axis',(0.,0.,-1.));
#4891=DIRECTION('ref_axis',(0.783146773743572,0.621836900461074,0.));
#4892=DIRECTION('',(0.,0.,1.));
#4893=DIRECTION('',(0.,0.,-1.));
#4894=DIRECTION('center_axis',(1.,0.,0.));
#4895=DIRECTION('ref_axis',(0.,1.,0.));
#4896=DIRECTION('',(0.,0.,-1.));
#4897=DIRECTION('center_axis',(0.,1.,0.));
#4898=DIRECTION('ref_axis',(0.,0.,-1.));
#4899=DIRECTION('',(0.,0.,-1.));
#4900=DIRECTION('center_axis',(0.,0.,-1.));
#4901=DIRECTION('ref_axis',(0.238724171521948,0.971087416215018,0.));
#4902=DIRECTION('center_axis',(0.,0.,-1.));
#4903=DIRECTION('ref_axis',(0.2549129610646,0.966964002577799,0.));
#4904=DIRECTION('',(0.,0.,1.));
#4905=DIRECTION('center_axis',(-1.,0.,0.));
#4906=DIRECTION('ref_axis',(0.,-1.,0.));
#4907=DIRECTION('center_axis',(0.,-1.,0.));
#4908=DIRECTION('ref_axis',(1.,0.,0.));
#4909=CARTESIAN_POINT('',(0.,0.,0.));
#4910=CARTESIAN_POINT('Origin',(-34.75,10.0000001490116,-13.4999999989106));
#4911=CARTESIAN_POINT('',(-39.75,10.0000001490116,-13.4999999989106));
#4912=CARTESIAN_POINT('Origin',(-34.75,10.0000001490116,-13.4999999989106));
#4913=CARTESIAN_POINT('',(-37.4,10.0000001490116,-13.4999999989106));
#4914=CARTESIAN_POINT('Origin',(-34.75,10.0000001490116,-13.4999999989106));
#4915=CARTESIAN_POINT('Origin',(-34.75,10.0000001490116,-10.9999999989106));
#4916=CARTESIAN_POINT('',(-30.55,7.28706815576149,-2.25977435292613));
#4917=CARTESIAN_POINT('',(-30.55,7.28706815576148,-8.49999999891056));
#4918=CARTESIAN_POINT('',(-30.55,7.28706815576149,-8.49999999891056));
#4919=CARTESIAN_POINT('',(-30.55,12.7129321422617,-2.25977435292613));
#4920=CARTESIAN_POINT('Origin',(-34.75,10.0000001490116,-2.25977435292613));
#4921=CARTESIAN_POINT('',(-30.55,12.7129321422617,-8.49999999891056));
#4922=CARTESIAN_POINT('',(-30.55,12.7129321422617,-8.49999999891056));
#4923=CARTESIAN_POINT('',(-39.75,10.0000001490116,-8.49999999891056));
#4924=CARTESIAN_POINT('Origin',(-34.75,10.0000001490116,-8.49999999891056));
#4925=CARTESIAN_POINT('',(-39.75,10.0000001490116,-10.9999999989106));
#4926=CARTESIAN_POINT('Origin',(-34.75,10.0000001490116,-8.49999999891056));
#4927=CARTESIAN_POINT('Origin',(-34.75,10.0000001490116,-13.4999999989106));
#4928=CARTESIAN_POINT('',(-37.4,10.0000001490116,-18.4999999989106));
#4929=CARTESIAN_POINT('',(-37.4,10.0000001490116,-13.4999999989106));
#4930=CARTESIAN_POINT('Origin',(-34.75,10.0000001490116,-18.4999999989106));
#4931=CARTESIAN_POINT('Origin',(34.75,10.0000001490116,-13.4999999989106));
#4932=CARTESIAN_POINT('',(29.75,10.0000001490116,-13.4999999989106));
#4933=CARTESIAN_POINT('Origin',(34.75,10.0000001490116,-13.4999999989106));
#4934=CARTESIAN_POINT('',(32.1,10.0000001490116,-13.4999999989106));
#4935=CARTESIAN_POINT('Origin',(34.75,10.0000001490116,-13.4999999989106));
#4936=CARTESIAN_POINT('Origin',(34.75,10.0000001490116,-10.9999999989106));
#4937=CARTESIAN_POINT('',(30.55,12.7129321422617,-8.49999999891056));
#4938=CARTESIAN_POINT('',(30.55,7.2870681557615,-8.49999999891056));
#4939=CARTESIAN_POINT('Origin',(34.75,10.0000001490116,-8.49999999891056));
#4940=CARTESIAN_POINT('',(30.55,12.7129321422617,-2.25977435292613));
#4941=CARTESIAN_POINT('',(30.55,12.7129321422617,-8.49999999891056));
#4942=CARTESIAN_POINT('',(29.75,10.0000001490116,-2.25977435292613));
#4943=CARTESIAN_POINT('Origin',(34.75,10.0000001490116,-2.25977435292613));
#4944=CARTESIAN_POINT('',(29.75,10.0000001490116,-10.9999999989106));
#4945=CARTESIAN_POINT('',(30.55,7.2870681557615,-2.25977435292613));
#4946=CARTESIAN_POINT('Origin',(34.75,10.0000001490116,-2.25977435292613));
#4947=CARTESIAN_POINT('',(30.55,7.2870681557615,-8.49999999891056));
#4948=CARTESIAN_POINT('Origin',(34.75,10.0000001490116,-13.4999999989106));
#4949=CARTESIAN_POINT('',(32.1,10.0000001490116,-18.4999999989106));
#4950=CARTESIAN_POINT('',(32.1,10.0000001490116,-13.4999999989106));
#4951=CARTESIAN_POINT('Origin',(34.75,10.0000001490116,-18.4999999989106));
#4952=CARTESIAN_POINT('Origin',(-40.55,0.,-8.49999999891056));
#4953=CARTESIAN_POINT('',(-30.55,20.,-8.49999999891056));
#4954=CARTESIAN_POINT('',(-30.55,34.8,-8.49999999891056));
#4955=CARTESIAN_POINT('',(-38.55,20.,-8.49999999891056));
#4956=CARTESIAN_POINT('',(-40.55,20.,-8.49999999891056));
#4957=CARTESIAN_POINT('',(-40.55,18.,-8.49999999891056));
#4958=CARTESIAN_POINT('Origin',(-38.55,18.,-8.49999999891056));
#4959=CARTESIAN_POINT('',(-40.55,0.,-8.49999999891056));
#4960=CARTESIAN_POINT('',(-40.55,0.,-8.49999999891056));
#4961=CARTESIAN_POINT('',(-30.55,0.,-8.49999999891056));
#4962=CARTESIAN_POINT('',(-40.55,0.,-8.49999999891056));
#4963=CARTESIAN_POINT('',(-30.55,34.8,-8.49999999891056));
#4964=CARTESIAN_POINT('Origin',(30.55,0.,-8.49999999891056));
#4965=CARTESIAN_POINT('',(30.55,0.,-8.49999999891056));
#4966=CARTESIAN_POINT('',(30.55,0.,-8.49999999891056));
#4967=CARTESIAN_POINT('',(40.55,0.,-8.49999999891056));
#4968=CARTESIAN_POINT('',(40.55,0.,-8.49999999891056));
#4969=CARTESIAN_POINT('',(40.55,18.,-8.49999999891056));
#4970=CARTESIAN_POINT('',(40.55,0.,-8.49999999891056));
#4971=CARTESIAN_POINT('',(38.55,20.,-8.49999999891056));
#4972=CARTESIAN_POINT('Origin',(38.55,18.,-8.49999999891056));
#4973=CARTESIAN_POINT('',(30.55,20.,-8.49999999891056));
#4974=CARTESIAN_POINT('',(40.55,20.,-8.49999999891056));
#4975=CARTESIAN_POINT('',(30.55,0.,-8.49999999891056));
#4976=CARTESIAN_POINT('Origin',(-28.55,0.,-18.4999999989106));
#4977=CARTESIAN_POINT('',(-38.55,20.,-18.4999999989106));
#4978=CARTESIAN_POINT('',(-40.55,18.,-18.4999999989106));
#4979=CARTESIAN_POINT('Origin',(-38.55,18.,-18.4999999989106));
#4980=CARTESIAN_POINT('',(-28.55,20.,-18.4999999989106));
#4981=CARTESIAN_POINT('',(-29.55,20.,-18.4999999989106));
#4982=CARTESIAN_POINT('',(-28.55,0.,-18.4999999989106));
#4983=CARTESIAN_POINT('',(-28.55,0.,-18.4999999989106));
#4984=CARTESIAN_POINT('',(-40.55,0.,-18.4999999989106));
#4985=CARTESIAN_POINT('',(-29.55,0.,-18.4999999989106));
#4986=CARTESIAN_POINT('',(-40.55,0.,-18.4999999989106));
#4987=CARTESIAN_POINT('Origin',(40.55,0.,-18.4999999989106));
#4988=CARTESIAN_POINT('',(40.55,18.,-18.4999999989106));
#4989=CARTESIAN_POINT('',(38.55,20.,-18.4999999989106));
#4990=CARTESIAN_POINT('Origin',(38.55,18.,-18.4999999989106));
#4991=CARTESIAN_POINT('',(40.55,0.,-18.4999999989106));
#4992=CARTESIAN_POINT('',(40.55,0.,-18.4999999989106));
#4993=CARTESIAN_POINT('',(28.55,0.,-18.4999999989106));
#4994=CARTESIAN_POINT('',(34.55,0.,-18.4999999989106));
#4995=CARTESIAN_POINT('',(28.55,20.,-18.4999999989106));
#4996=CARTESIAN_POINT('',(28.55,34.8,-18.4999999989106));
#4997=CARTESIAN_POINT('',(35.55,20.,-18.4999999989106));
#4998=CARTESIAN_POINT('Origin',(-28.55,0.,0.));
#4999=CARTESIAN_POINT('',(-28.55,20.,-2.));
#5000=CARTESIAN_POINT('',(-28.55,20.,-18.5499999989106));
#5001=CARTESIAN_POINT('',(-28.55,22.,0.));
#5002=CARTESIAN_POINT('Origin',(-28.55,22.,-2.));
#5003=CARTESIAN_POINT('',(-28.55,69.6,0.));
#5004=CARTESIAN_POINT('',(-28.55,69.6,0.));
#5005=CARTESIAN_POINT('',(-28.55,69.6,20.));
#5006=CARTESIAN_POINT('',(-28.55,69.6,0.));
#5007=CARTESIAN_POINT('',(-28.55,22.,20.));
#5008=CARTESIAN_POINT('',(-28.55,69.6,20.));
#5009=CARTESIAN_POINT('',(-28.55,20.,22.));
#5010=CARTESIAN_POINT('Origin',(-28.55,22.,22.));
#5011=CARTESIAN_POINT('',(-28.55,20.,26.7500000010894));
#5012=CARTESIAN_POINT('',(-28.55,20.,26.7500000010894));
#5013=CARTESIAN_POINT('',(-28.55,0.,26.7500000010894));
#5014=CARTESIAN_POINT('',(-28.55,0.,26.7500000010894));
#5015=CARTESIAN_POINT('',(-28.55,0.,0.));
#5016=CARTESIAN_POINT('',(-28.55,2.00010346519953,2.43086892054616));
#5017=CARTESIAN_POINT('',(-28.55,2.00010346519953,17.5627513729639));
#5018=CARTESIAN_POINT('',(-28.55,2.00010346519953,1.21543446027308));
#5019=CARTESIAN_POINT('',(-28.55,3.84321094005056,18.1004964667121));
#5020=CARTESIAN_POINT('Origin',(-28.55,3.00010346519953,17.5627513729639));
#5021=CARTESIAN_POINT('',(-28.55,8.65790088301885,10.5517505512227));
#5022=CARTESIAN_POINT('',(-28.55,7.39071425940379,12.538518123483));
#5023=CARTESIAN_POINT('',(-28.55,8.65900621947358,9.47799731460047));
#5024=CARTESIAN_POINT('Origin',(-28.55,7.81479340816783,10.0140054574745));
#5025=CARTESIAN_POINT('',(-28.55,3.8443162765053,1.89486077767217));
#5026=CARTESIAN_POINT('',(-28.55,5.27069919217593,4.14141383334077));
#5027=CARTESIAN_POINT('Origin',(-28.55,3.00010346519953,2.43086892054617));
#5028=CARTESIAN_POINT('',(-28.55,4.84541667454304,22.2402256470739));
#5029=CARTESIAN_POINT('',(-28.55,15.2411675500261,22.2402256470739));
#5030=CARTESIAN_POINT('',(-28.55,2.42270833727152,22.2402256470739));
#5031=CARTESIAN_POINT('',(-28.55,16.0879982799496,20.7083631508803));
#5032=CARTESIAN_POINT('Origin',(-28.55,15.2411675500261,21.2402256470739));
#5033=CARTESIAN_POINT('',(-28.55,10.852995271159,12.3731986096448));
#5034=CARTESIAN_POINT('',(-28.55,9.14903262801085,9.66015164884849));
#5035=CARTESIAN_POINT('',(-28.55,9.15593975743171,12.3786412952254));
#5036=CARTESIAN_POINT('Origin',(-28.55,10.0061645412355,12.9050611058383));
#5037=CARTESIAN_POINT('',(-28.55,3.99519189073922,20.713805836461));
#5038=CARTESIAN_POINT('',(-28.55,10.6574889773115,9.95347731943083));
#5039=CARTESIAN_POINT('Origin',(-28.55,4.84541667454304,21.2402256470739));
#5040=CARTESIAN_POINT('',(-28.55,15.2454317308092,-2.25977435292613));
#5041=CARTESIAN_POINT('',(-28.55,4.84122791697935,-2.25977435292613));
#5042=CARTESIAN_POINT('',(-28.55,7.62271586540459,-2.25977435292613));
#5043=CARTESIAN_POINT('',(-28.55,3.98995868460212,-0.735045190397615));
#5044=CARTESIAN_POINT('Origin',(-28.55,4.84122791697936,-1.25977435292613));
#5045=CARTESIAN_POINT('',(-28.55,9.15490283149243,7.64405464466393));
#5046=CARTESIAN_POINT('',(-28.55,3.60482680925225,-1.35984544795005));
#5047=CARTESIAN_POINT('',(-28.55,10.8540647358881,7.64949339585467));
#5048=CARTESIAN_POINT('Origin',(-28.55,10.0061720638697,7.11932548213543));
#5049=CARTESIAN_POINT('',(-28.55,16.0933244028276,-0.729606439206888));
#5050=CARTESIAN_POINT('',(-28.55,11.0479663707542,7.33938829322413));
#5051=CARTESIAN_POINT('Origin',(-28.55,15.2454317308092,-1.25977435292613));
#5052=CARTESIAN_POINT('',(-28.55,16.1558906147977,1.89486090360746));
#5053=CARTESIAN_POINT('',(-28.55,11.3412009269593,9.47799732927134));
#5054=CARTESIAN_POINT('',(-28.55,14.2637758061763,4.87494179294025));
#5055=CARTESIAN_POINT('',(-28.55,11.342306263366,10.5517505366094));
#5056=CARTESIAN_POINT('Origin',(-28.55,12.1854137475588,10.0140054575077));
#5057=CARTESIAN_POINT('',(-28.55,16.1569959512044,18.100496341339));
#5058=CARTESIAN_POINT('',(-28.55,7.31042023804863,4.23032907602379));
#5059=CARTESIAN_POINT('',(-28.55,18.0001034353972,17.5627512622373));
#5060=CARTESIAN_POINT('Origin',(-28.55,17.0001034353972,17.5627512622373));
#5061=CARTESIAN_POINT('',(-28.55,18.0001034353972,2.43086903184385));
#5062=CARTESIAN_POINT('',(-28.55,18.0001034353972,8.78137563111866));
#5063=CARTESIAN_POINT('Origin',(-28.55,17.0001034353972,2.43086903184384));
#5064=CARTESIAN_POINT('',(-28.55,41.3173337323785,9.5192381751912));
#5065=CARTESIAN_POINT('',(-28.55,23.2747214557229,4.36420609614675));
#5066=CARTESIAN_POINT('',(-28.55,20.9605536631405,3.70301529826607));
#5067=CARTESIAN_POINT('',(-28.55,22.0000003278255,5.32573004378758));
#5068=CARTESIAN_POINT('Origin',(-28.55,23.0000003278255,5.32573004378758));
#5069=CARTESIAN_POINT('',(-28.55,22.0000003278255,14.6742702542356));
#5070=CARTESIAN_POINT('',(-28.55,22.0000003278255,2.66286502189379));
#5071=CARTESIAN_POINT('',(-28.55,23.2747214557229,15.6357942018765));
#5072=CARTESIAN_POINT('Origin',(-28.55,23.0000003278255,14.6742702542356));
#5073=CARTESIAN_POINT('',(-28.55,41.3173337323785,10.480762122832));
#5074=CARTESIAN_POINT('',(-28.55,14.5807569981366,18.1197840469011));
#5075=CARTESIAN_POINT('Origin',(-28.55,41.1799731684298,10.0000001490116));
#5076=CARTESIAN_POINT('',(-28.55,44.7252795426549,12.0784919296418));
#5077=CARTESIAN_POINT('',(-28.55,27.4326672659993,17.0192382944005));
#5078=CARTESIAN_POINT('',(-28.55,25.6456586881728,17.5298121737795));
#5079=CARTESIAN_POINT('',(-28.55,27.570027829948,18.0000002682209));
#5080=CARTESIAN_POINT('Origin',(-28.55,27.570027829948,17.5000002682209));
#5081=CARTESIAN_POINT('',(-28.55,62.4299735111565,18.0000002682209));
#5082=CARTESIAN_POINT('',(-28.55,13.785013914974,18.0000002682209));
#5083=CARTESIAN_POINT('',(-28.55,62.5673340751052,17.0192382944005));
#5084=CARTESIAN_POINT('Origin',(-28.55,62.4299735111565,17.5000002682209));
#5085=CARTESIAN_POINT('',(-28.55,45.2747217984496,12.0784919296418));
#5086=CARTESIAN_POINT('',(-28.55,31.3968745864093,8.11339272620167));
#5087=CARTESIAN_POINT('Origin',(-28.55,45.0000006705523,13.0400158772826));
#5088=CARTESIAN_POINT('',(-28.55,45.2747217984496,7.92150836838147));
#5089=CARTESIAN_POINT('',(-28.55,62.5673340751052,2.98076200362273));
#5090=CARTESIAN_POINT('',(-28.55,25.3920779214054,13.6022637618227));
#5091=CARTESIAN_POINT('',(-28.55,62.4299735111565,2.00000002980232));
#5092=CARTESIAN_POINT('Origin',(-28.55,62.4299735111565,2.50000002980232));
#5093=CARTESIAN_POINT('',(-28.55,27.570027829948,2.00000002980232));
#5094=CARTESIAN_POINT('',(-28.55,31.2149867555783,2.00000002980232));
#5095=CARTESIAN_POINT('',(-28.55,27.4326672659993,2.98076200362273));
#5096=CARTESIAN_POINT('Origin',(-28.55,27.570027829948,2.50000002980232));
#5097=CARTESIAN_POINT('',(-28.55,44.7252795426549,7.92150836838147));
#5098=CARTESIAN_POINT('',(-28.55,14.3578430765211,-0.754902050513884));
#5099=CARTESIAN_POINT('Origin',(-28.55,45.0000006705523,6.95998442074063));
#5100=CARTESIAN_POINT('',(-28.55,48.682667608726,10.480762122832));
#5101=CARTESIAN_POINT('',(-28.55,66.7252798853816,15.6357942018765));
#5102=CARTESIAN_POINT('',(-28.55,24.7941639997899,3.65547537742172));
#5103=CARTESIAN_POINT('',(-28.55,68.000001013279,14.6742702542356));
#5104=CARTESIAN_POINT('Origin',(-28.55,67.000001013279,14.6742702542356));
#5105=CARTESIAN_POINT('',(-28.55,68.000001013279,5.32573004378758));
#5106=CARTESIAN_POINT('',(-28.55,68.000001013279,7.33713512711782));
#5107=CARTESIAN_POINT('',(-28.55,66.7252798853816,4.36420609614675));
#5108=CARTESIAN_POINT('Origin',(-28.55,67.000001013279,5.32573004378758));
#5109=CARTESIAN_POINT('',(-28.55,48.682667608726,9.5192381751912));
#5110=CARTESIAN_POINT('',(-28.55,36.4569796114416,13.012291888701));
#5111=CARTESIAN_POINT('Origin',(-28.55,48.8200281726747,10.0000001490116));
#5112=CARTESIAN_POINT('Origin',(-30.55,20.,-4.00000005960464));
#5113=CARTESIAN_POINT('',(-38.55,20.,-16.0499999989106));
#5114=CARTESIAN_POINT('',(-30.55,20.,-2.));
#5115=CARTESIAN_POINT('',(-30.55,20.,0.));
#5116=CARTESIAN_POINT('',(-30.05,20.,-2.));
#5117=CARTESIAN_POINT('Origin',(-38.55,18.,-11.2750000292576));
#5118=CARTESIAN_POINT('',(-40.55,18.,-16.0499999989106));
#5119=CARTESIAN_POINT('Origin',(28.55,0.,0.));
#5120=CARTESIAN_POINT('',(40.55,0.,-18.5499999989106));
#5121=CARTESIAN_POINT('',(30.55,0.,36.5000000010894));
#5122=CARTESIAN_POINT('',(30.55,0.,-4.));
#5123=CARTESIAN_POINT('',(28.05,0.,39.0000000010894));
#5124=CARTESIAN_POINT('Origin',(28.05,0.,36.5000000010894));
#5125=CARTESIAN_POINT('',(21.8,0.,39.0000000010895));
#5126=CARTESIAN_POINT('',(21.8,0.,39.0000000010895));
#5127=CARTESIAN_POINT('',(19.3,0.,36.5000000010894));
#5128=CARTESIAN_POINT('Origin',(21.8,0.,36.5000000010894));
#5129=CARTESIAN_POINT('',(19.3,0.,34.2500000010894));
#5130=CARTESIAN_POINT('',(19.3,0.,36.5000000010894));
#5131=CARTESIAN_POINT('',(24.3,0.,29.2500000010894));
#5132=CARTESIAN_POINT('Origin',(24.3,0.,34.2500000010894));
#5133=CARTESIAN_POINT('',(26.05,0.,29.2500000010894));
#5134=CARTESIAN_POINT('',(24.3,0.,29.2500000010894));
#5135=CARTESIAN_POINT('',(28.55,0.,26.7500000010895));
#5136=CARTESIAN_POINT('Origin',(26.05,0.,26.7500000010894));
#5137=CARTESIAN_POINT('',(28.55,0.,-18.5499999989106));
#5138=CARTESIAN_POINT('',(24.05,0.,32.2500000010894));
#5139=CARTESIAN_POINT('Origin',(24.05,0.,34.0500000010894));
#5140=CARTESIAN_POINT('Origin',(40.55,0.,-16.0499999989106));
#5141=CARTESIAN_POINT('',(40.55,18.,-8.02499999945528));
#5142=CARTESIAN_POINT('Origin',(38.55,18.,-8.02499999945528));
#5143=CARTESIAN_POINT('',(38.55,20.,-16.0499999989106));
#5144=CARTESIAN_POINT('Origin',(-2.3125,22.,22.));
#5145=CARTESIAN_POINT('',(28.55,22.,20.));
#5146=CARTESIAN_POINT('',(28.55,20.,22.));
#5147=CARTESIAN_POINT('Origin',(28.55,22.,22.));
#5148=CARTESIAN_POINT('',(30.55,20.,22.));
#5149=CARTESIAN_POINT('',(-2.3125,20.,22.));
#5150=CARTESIAN_POINT('',(30.55,22.,20.));
#5151=CARTESIAN_POINT('Origin',(30.55,22.,22.));
#5152=CARTESIAN_POINT('',(-2.3125,22.,20.));
#5153=CARTESIAN_POINT('Origin',(24.925,20.,29.5000000005447));
#5154=CARTESIAN_POINT('',(28.55,20.,26.7500000010895));
#5155=CARTESIAN_POINT('',(28.55,20.,26.7500000010895));
#5156=CARTESIAN_POINT('',(26.05,20.,29.2500000010894));
#5157=CARTESIAN_POINT('Origin',(26.05,20.,26.7500000010894));
#5158=CARTESIAN_POINT('',(24.3,20.,29.2500000010894));
#5159=CARTESIAN_POINT('',(24.3,20.,29.2500000010894));
#5160=CARTESIAN_POINT('',(19.3,20.,34.2500000010894));
#5161=CARTESIAN_POINT('Origin',(24.3,20.,34.2500000010894));
#5162=CARTESIAN_POINT('',(19.3,20.,36.5000000010894));
#5163=CARTESIAN_POINT('',(19.3,20.,36.5000000010894));
#5164=CARTESIAN_POINT('',(21.8,20.,39.0000000010895));
#5165=CARTESIAN_POINT('Origin',(21.8,20.,36.5000000010894));
#5166=CARTESIAN_POINT('',(28.05,20.,39.0000000010894));
#5167=CARTESIAN_POINT('',(21.8,20.,39.0000000010895));
#5168=CARTESIAN_POINT('',(30.55,20.,36.5000000010894));
#5169=CARTESIAN_POINT('Origin',(28.05,20.,36.5000000010894));
#5170=CARTESIAN_POINT('',(30.55,20.,36.5000000010894));
#5171=CARTESIAN_POINT('',(24.05,20.,30.8000000010894));
#5172=CARTESIAN_POINT('Origin',(24.05,20.,34.0500000010894));
#5173=CARTESIAN_POINT('Origin',(-27.2375,22.,22.));
#5174=CARTESIAN_POINT('',(-30.55,22.,20.));
#5175=CARTESIAN_POINT('',(-27.2375,22.,20.));
#5176=CARTESIAN_POINT('',(-30.55,20.,22.));
#5177=CARTESIAN_POINT('Origin',(-30.55,22.,22.));
#5178=CARTESIAN_POINT('',(-27.2375,20.,22.));
#5179=CARTESIAN_POINT('Origin',(-29.55,34.8,20.));
#5180=CARTESIAN_POINT('',(30.55,70.0220993618857,20.));
#5181=CARTESIAN_POINT('',(30.55,69.6,20.));
#5182=CARTESIAN_POINT('',(29.0032754768999,71.9700576114488,20.));
#5183=CARTESIAN_POINT('Origin',(28.55,70.0220993618857,20.));
#5184=CARTESIAN_POINT('',(-29.0032754768999,71.9700576114488,20.));
#5185=CARTESIAN_POINT('Origin',(2.34146363874034E-29,-52.6719594594603,
20.));
#5186=CARTESIAN_POINT('',(-30.55,70.0220993618857,20.));
#5187=CARTESIAN_POINT('Origin',(-28.55,70.0220993618857,20.));
#5188=CARTESIAN_POINT('',(-30.55,71.6,20.));
#5189=CARTESIAN_POINT('',(28.55,69.6,20.));
#5190=CARTESIAN_POINT('Origin',(-6.94803332534366E-6,-38.6990400990171,
20.));
#5191=CARTESIAN_POINT('',(28.55,0.,20.));
#5192=CARTESIAN_POINT('Origin',(-40.55,0.,-18.5499999989106));
#5193=CARTESIAN_POINT('',(-40.55,0.,-18.5499999989106));
#5194=CARTESIAN_POINT('Origin',(21.4028812272934,0.,17.5));
#5195=CARTESIAN_POINT('',(21.5269824797046,73.4764112522228,17.0156459155226));
#5196=CARTESIAN_POINT('',(21.4028812272933,73.4975260870225,18.));
#5197=CARTESIAN_POINT('Ctrl Pts',(21.5269824797046,73.4764112522228,17.0156459155226));
#5198=CARTESIAN_POINT('Ctrl Pts',(21.5499043559737,73.4724996770985,17.0215189609738));
#5199=CARTESIAN_POINT('Ctrl Pts',(21.5725734785865,73.4686247321752,17.0290725593647));
#5200=CARTESIAN_POINT('Ctrl Pts',(21.6563624277622,73.4542800878031,17.0638564996162));
#5201=CARTESIAN_POINT('Ctrl Pts',(21.7128259811139,73.4445646187854,17.1025857040576));
#5202=CARTESIAN_POINT('Ctrl Pts',(21.801352412101,73.4292912341148,17.1916183941258));
#5203=CARTESIAN_POINT('Ctrl Pts',(21.8395794269139,73.4226710449875,17.2475910681139));
#5204=CARTESIAN_POINT('Ctrl Pts',(21.8903466999853,73.413867630472,17.3704121952798));
#5205=CARTESIAN_POINT('Ctrl Pts',(21.9028812272934,73.411688179069,17.4372632877035));
#5206=CARTESIAN_POINT('Ctrl Pts',(21.9028812272934,73.411688179069,17.5));
#5207=CARTESIAN_POINT('Ctrl Pts',(21.9028812272934,73.411688179069,17.5629770975359));
#5208=CARTESIAN_POINT('Ctrl Pts',(21.8902512724188,73.4138842352002,17.6300672574185));
#5209=CARTESIAN_POINT('Ctrl Pts',(21.839127023205,73.4227494375753,17.7532521631506));
#5210=CARTESIAN_POINT('Ctrl Pts',(21.8006384506434,73.4294147724411,17.8093495578365));
#5211=CARTESIAN_POINT('Ctrl Pts',(21.7118620794298,73.444730549357,17.8981259290501));
#5212=CARTESIAN_POINT('Ctrl Pts',(21.6555248524826,73.4544238083245,17.93659312128));
#5213=CARTESIAN_POINT('Ctrl Pts',(21.5323376942953,73.4755127556717,17.9875278229408));
#5214=CARTESIAN_POINT('Ctrl Pts',(21.46548919332,73.4869055248877,18.));
#5215=CARTESIAN_POINT('Ctrl Pts',(21.4028812272934,73.4975260870225,18.));
#5216=CARTESIAN_POINT('',(21.5269824797046,71.2117132842589,17.0156459155226));
#5217=CARTESIAN_POINT('',(21.5269824797046,0.,17.0156459155226));
#5218=CARTESIAN_POINT('',(21.4028812272933,71.235946874447,18.));
#5219=CARTESIAN_POINT('Ctrl Pts',(21.4028812272934,71.235946874447,18.));
#5220=CARTESIAN_POINT('Ctrl Pts',(21.4657462044725,71.2237078947213,18.));
#5221=CARTESIAN_POINT('Ctrl Pts',(21.5328691515234,71.2105782276443,17.9874279833785));
#5222=CARTESIAN_POINT('Ctrl Pts',(21.6565318048668,71.1862786795866,17.9360553678163));
#5223=CARTESIAN_POINT('Ctrl Pts',(21.7130697071937,71.175112276668,17.897248781528));
#5224=CARTESIAN_POINT('Ctrl Pts',(21.8015161365316,71.1575963164343,17.8081384296345));
#5225=CARTESIAN_POINT('Ctrl Pts',(21.8396641348538,71.1500127772721,17.7522442293655));
#5226=CARTESIAN_POINT('Ctrl Pts',(21.8903504818754,71.1399233994497,17.629538353756));
#5227=CARTESIAN_POINT('Ctrl Pts',(21.9028812272934,71.1374223015919,17.5627231480946));
#5228=CARTESIAN_POINT('Ctrl Pts',(21.9028812272934,71.1374223015919,17.5));
#5229=CARTESIAN_POINT('Ctrl Pts',(21.9028812272934,71.1374223015919,17.4372768519054));
#5230=CARTESIAN_POINT('Ctrl Pts',(21.8903504818754,71.1399233994497,17.370461646244));
#5231=CARTESIAN_POINT('Ctrl Pts',(21.8396641348538,71.1500127772721,17.2477557706345));
#5232=CARTESIAN_POINT('Ctrl Pts',(21.8015161365316,71.1575963164343,17.1918615703655));
#5233=CARTESIAN_POINT('Ctrl Pts',(21.7130697071937,71.175112276668,17.102751218472));
#5234=CARTESIAN_POINT('Ctrl Pts',(21.6565318048668,71.1862786795866,17.0639446321837));
#5235=CARTESIAN_POINT('Ctrl Pts',(21.5726475936083,71.202761816311,17.0290969945161));
#5236=CARTESIAN_POINT('Ctrl Pts',(21.5499402490852,71.2072168028544,17.0215281575104));
#5237=CARTESIAN_POINT('Ctrl Pts',(21.5269824797046,71.2117132842589,17.0156459155226));
#5238=CARTESIAN_POINT('',(21.4028812272933,0.,18.));
#5239=CARTESIAN_POINT('Origin',(-21.4028817065301,0.,18.));
#5240=CARTESIAN_POINT('',(-21.4028817065301,73.4975260057267,18.));
#5241=CARTESIAN_POINT('Origin',(2.34146363874034E-29,-52.6719594594603,
18.));
#5242=CARTESIAN_POINT('',(-21.4028817065301,71.2359494865255,18.));
#5243=CARTESIAN_POINT('Origin',(-6.94803332534366E-6,-38.6990400990171,
18.));
#5244=CARTESIAN_POINT('',(-21.4028817065301,0.,18.));
#5245=CARTESIAN_POINT('Origin',(-21.40288170653,0.,17.5));
#5246=CARTESIAN_POINT('',(-21.5269829623795,73.4764111698553,17.0156459164035));
#5247=CARTESIAN_POINT('Ctrl Pts',(-21.40288170653,73.4975260057267,18.));
#5248=CARTESIAN_POINT('Ctrl Pts',(-21.4657265315621,73.4868652635427,18.));
#5249=CARTESIAN_POINT('Ctrl Pts',(-21.5328122303328,73.4754318468585,17.9874340273288));
#5250=CARTESIAN_POINT('Ctrl Pts',(-21.6563629070229,73.4542800055122,17.9361435003713));
#5251=CARTESIAN_POINT('Ctrl Pts',(-21.7128264603856,73.4445645362717,17.8974142959187));
#5252=CARTESIAN_POINT('Ctrl Pts',(-21.8013528913614,73.4292911512565,17.8083816058391));
#5253=CARTESIAN_POINT('Ctrl Pts',(-21.8395799061629,73.4226709619816,17.7524089318623));
#5254=CARTESIAN_POINT('Ctrl Pts',(-21.8903471792225,73.4138675472694,17.629587804713));
#5255=CARTESIAN_POINT('Ctrl Pts',(-21.9028817065301,73.4116880958175,17.5627367122944));
#5256=CARTESIAN_POINT('Ctrl Pts',(-21.9028817065301,73.4116880958175,17.4372632877056));
#5257=CARTESIAN_POINT('Ctrl Pts',(-21.8903471792225,73.4138675472694,17.370412195287));
#5258=CARTESIAN_POINT('Ctrl Pts',(-21.8395799061629,73.4226709619816,17.2475910681377));
#5259=CARTESIAN_POINT('Ctrl Pts',(-21.8013528913614,73.4292911512565,17.1916183941608));
#5260=CARTESIAN_POINT('Ctrl Pts',(-21.7128264603856,73.4445645362717,17.1025857040813));
#5261=CARTESIAN_POINT('Ctrl Pts',(-21.6563629070229,73.4542800055122,17.0638564996287));
#5262=CARTESIAN_POINT('Ctrl Pts',(-21.572573958934,73.4686246500259,17.029072559825));
#5263=CARTESIAN_POINT('Ctrl Pts',(-21.5499048374826,73.4724995948397,17.0215189617293));
#5264=CARTESIAN_POINT('Ctrl Pts',(-21.5269829623795,73.4764111698553,17.0156459164035));
#5265=CARTESIAN_POINT('',(-21.5269829623795,71.211715911389,17.0156459164035));
#5266=CARTESIAN_POINT('Ctrl Pts',(-21.5269829623795,71.211715911389,17.0156459164035));
#5267=CARTESIAN_POINT('Ctrl Pts',(-21.5499407304042,71.2072194331593,17.0215281582176));
#5268=CARTESIAN_POINT('Ctrl Pts',(-21.5726480735622,71.2027644497622,17.029096994847));
#5269=CARTESIAN_POINT('Ctrl Pts',(-21.6565322832159,71.18628132399,17.0639446317226));
#5270=CARTESIAN_POINT('Ctrl Pts',(-21.7130701851406,71.1751149283244,17.1027512175978));
#5271=CARTESIAN_POINT('Ctrl Pts',(-21.801516614896,71.1575989792342,17.1918615690701));
#5272=CARTESIAN_POINT('Ctrl Pts',(-21.8396646136384,71.150015444832,17.2477557697555));
#5273=CARTESIAN_POINT('Ctrl Pts',(-21.8903509610912,71.1399260733603,17.3704616459778));
#5274=CARTESIAN_POINT('Ctrl Pts',(-21.9028817065301,71.1374249770899,17.4372768518312));
#5275=CARTESIAN_POINT('Ctrl Pts',(-21.9028817065301,71.1374249770899,17.5627231481688));
#5276=CARTESIAN_POINT('Ctrl Pts',(-21.8903509610912,71.1399260733603,17.6295383540222));
#5277=CARTESIAN_POINT('Ctrl Pts',(-21.8396646136384,71.150015444832,17.7522442302445));
#5278=CARTESIAN_POINT('Ctrl Pts',(-21.801516614896,71.1575989792342,17.8081384309299));
#5279=CARTESIAN_POINT('Ctrl Pts',(-21.7130701851406,71.1751149283244,17.8972487824022));
#5280=CARTESIAN_POINT('Ctrl Pts',(-21.6565322832159,71.18628132399,17.9360553682774));
#5281=CARTESIAN_POINT('Ctrl Pts',(-21.532869630471,71.2105808562491,17.9874279834062));
#5282=CARTESIAN_POINT('Ctrl Pts',(-21.4657466836141,71.2237105147814,18.));
#5283=CARTESIAN_POINT('Ctrl Pts',(-21.40288170653,71.2359494865255,18.));
#5284=CARTESIAN_POINT('',(-21.5269829623795,0.,17.0156459164035));
#5285=CARTESIAN_POINT('Origin',(-1.24101309756564,0.,11.8179725166986));
#5286=CARTESIAN_POINT('',(-1.24101309756564,75.2939824719201,11.8179725166986));
#5287=CARTESIAN_POINT('Origin',(2.34146363874034E-29,-52.6719594594603,
11.5000000061956));
#5288=CARTESIAN_POINT('',(-1.24101309756564,73.2931243002751,11.8179725166986));
#5289=CARTESIAN_POINT('Origin',(-6.94803332534366E-6,-38.6990400990171,
11.5000017864215));
#5290=CARTESIAN_POINT('',(-1.24101309756564,0.,11.8179725166986));
#5291=CARTESIAN_POINT('Origin',(-5.390709525956E-7,0.,16.6615133526659));
#5292=CARTESIAN_POINT('',(1.24101198504231,75.2939824827093,11.8179725078894));
#5293=CARTESIAN_POINT('Ctrl Pts',(-1.24101309756564,75.2939824719201,11.8179725166986));
#5294=CARTESIAN_POINT('Ctrl Pts',(-0.827280413947801,75.2979948495224,11.7119658836138));
#5295=CARTESIAN_POINT('Ctrl Pts',(-0.404738082680045,75.299999998295,11.6615133526634));
#5296=CARTESIAN_POINT('Ctrl Pts',(0.404736993312211,75.3000000017049,11.6615133526634));
#5297=CARTESIAN_POINT('Ctrl Pts',(0.827279312393522,75.2979948566079,11.7119658807447));
#5298=CARTESIAN_POINT('Ctrl Pts',(1.24101198504231,75.2939824827093,11.8179725078894));
#5299=CARTESIAN_POINT('',(1.24101198504231,73.2931241586175,11.8179725078894));
#5300=CARTESIAN_POINT('Ctrl Pts',(1.24101198504231,73.2931241586175,11.8179725078894));
#5301=CARTESIAN_POINT('Ctrl Pts',(0.82728409889588,73.2977088020455,11.7119671071429));
#5302=CARTESIAN_POINT('Ctrl Pts',(0.404742056338226,73.2999999768392,11.6615133526634));
#5303=CARTESIAN_POINT('Ctrl Pts',(-0.404743145423582,73.3000000231607,11.6615133526634));
#5304=CARTESIAN_POINT('Ctrl Pts',(-0.827285200218294,73.2977088965957,11.7119671099526));
#5305=CARTESIAN_POINT('Ctrl Pts',(-1.24101309756564,73.2931243002751,11.8179725166986));
#5306=CARTESIAN_POINT('',(1.24101198504231,0.,11.8179725078894));
#5307=CARTESIAN_POINT('Origin',(21.5269824797046,0.,17.0156459155226));
#5308=CARTESIAN_POINT('Origin',(2.34146363874034E-29,-52.6719594594603,
11.5000002918276));
#5309=CARTESIAN_POINT('Origin',(-6.94803332534366E-6,-38.6990400990171,
11.4999985116018));
#5310=CARTESIAN_POINT('Origin',(25.55,0.,4.78625630308633));
#5311=CARTESIAN_POINT('',(25.3034502529225,72.773478134705,3.81712616620272));
#5312=CARTESIAN_POINT('',(26.55,72.5155794886864,4.78625630308632));
#5313=CARTESIAN_POINT('Ctrl Pts',(25.3034502529225,72.773478134705,3.81712616620272));
#5314=CARTESIAN_POINT('Ctrl Pts',(25.3857705182951,72.7568734117305,3.79618363244535));
#5315=CARTESIAN_POINT('Ctrl Pts',(25.4696826851782,72.7398597223743,3.78625630308632));
#5316=CARTESIAN_POINT('Ctrl Pts',(25.6757783888372,72.6978666113285,3.78625630308632));
#5317=CARTESIAN_POINT('Ctrl Pts',(25.810068701265,72.6702868953954,3.81141679939868));
#5318=CARTESIAN_POINT('Ctrl Pts',(26.0574899522627,72.6190840553616,3.91424613411659));
#5319=CARTESIAN_POINT('Ctrl Pts',(26.1706181646331,72.595472461397,3.99192727273332));
#5320=CARTESIAN_POINT('Ctrl Pts',(26.3474201222205,72.5584036008054,4.17020390269847));
#5321=CARTESIAN_POINT('Ctrl Pts',(26.4236412366722,72.542321961387,4.28191550892608));
#5322=CARTESIAN_POINT('Ctrl Pts',(26.5249398247965,72.5209023787297,4.52721772944909));
#5323=CARTESIAN_POINT('Ctrl Pts',(26.55,72.5155794886864,4.66081680104387));
#5324=CARTESIAN_POINT('Ctrl Pts',(26.55,72.5155794886864,4.78625630308633));
#5325=CARTESIAN_POINT('',(25.3034502529225,70.4042139165284,3.81712616620272));
#5326=CARTESIAN_POINT('',(25.3034502529225,0.,3.81712616620272));
#5327=CARTESIAN_POINT('',(26.55,70.1075870620187,4.78625630308632));
#5328=CARTESIAN_POINT('Ctrl Pts',(26.55,70.1075870620187,4.78625630308633));
#5329=CARTESIAN_POINT('Ctrl Pts',(26.55,70.1075870620187,4.66085407915855));
#5330=CARTESIAN_POINT('Ctrl Pts',(26.5249500972621,70.1137088842319,4.52736018899726));
#5331=CARTESIAN_POINT('Ctrl Pts',(26.42388911056,70.138294509236,4.28239847020451));
#5332=CARTESIAN_POINT('Ctrl Pts',(26.347901118157,70.1567393661279,4.17091921449353));
#5333=CARTESIAN_POINT('Ctrl Pts',(26.1713378236354,70.199326254726,3.99241800729165));
#5334=CARTESIAN_POINT('Ctrl Pts',(26.0579973064399,70.2265382163612,3.91451130357704));
#5335=CARTESIAN_POINT('Ctrl Pts',(25.8102506949408,70.2855083354711,3.81143827676235));
#5336=CARTESIAN_POINT('Ctrl Pts',(25.6758479079488,70.3172530304283,3.78625630308632));
#5337=CARTESIAN_POINT('Ctrl Pts',(25.4697098758898,70.3655522690883,3.78625630308632));
#5338=CARTESIAN_POINT('Ctrl Pts',(25.3858011565895,70.3851149209467,3.79617583796715));
#5339=CARTESIAN_POINT('Ctrl Pts',(25.3034502529225,70.4042139165284,3.81712616620272));
#5340=CARTESIAN_POINT('',(26.55,0.,4.78625630308632));
#5341=CARTESIAN_POINT('Origin',(26.55,0.,15.2137437114538));
#5342=CARTESIAN_POINT('',(26.55,72.5155794886864,15.2137437114538));
#5343=CARTESIAN_POINT('',(26.55,72.5155794886864,20.));
#5344=CARTESIAN_POINT('',(26.55,70.1075870620187,15.2137437114538));
#5345=CARTESIAN_POINT('',(26.55,70.1075870620187,20.));
#5346=CARTESIAN_POINT('',(26.55,0.,15.2137437114538));
#5347=CARTESIAN_POINT('Origin',(25.55,0.,15.2137437114538));
#5348=CARTESIAN_POINT('',(25.3034502635396,72.7734781325634,16.1828738510385));
#5349=CARTESIAN_POINT('Ctrl Pts',(26.55,72.5155794886864,15.2137437114538));
#5350=CARTESIAN_POINT('Ctrl Pts',(26.55,72.5155794886864,15.3391832134963));
#5351=CARTESIAN_POINT('Ctrl Pts',(26.5249398247966,72.5209023787298,15.4727822850911));
#5352=CARTESIAN_POINT('Ctrl Pts',(26.4236412366723,72.542321961387,15.7180845056141));
#5353=CARTESIAN_POINT('Ctrl Pts',(26.3474201222205,72.5584036008054,15.8297961118417));
#5354=CARTESIAN_POINT('Ctrl Pts',(26.1706181646331,72.595472461397,16.0080727418068));
#5355=CARTESIAN_POINT('Ctrl Pts',(26.0574899522627,72.6190840553616,16.0857538804236));
#5356=CARTESIAN_POINT('Ctrl Pts',(25.810068701265,72.6702868953954,16.1885832151415));
#5357=CARTESIAN_POINT('Ctrl Pts',(25.6757783888372,72.6978666113285,16.2137437114538));
#5358=CARTESIAN_POINT('Ctrl Pts',(25.469682688626,72.7398597216718,16.2137437114538));
#5359=CARTESIAN_POINT('Ctrl Pts',(25.3857705255108,72.7568734102678,16.2038163829703));
#5360=CARTESIAN_POINT('Ctrl Pts',(25.3034502635396,72.7734781325634,16.1828738510385));
#5361=CARTESIAN_POINT('',(25.3034502635396,70.4042139140661,16.1828738510385));
#5362=CARTESIAN_POINT('Ctrl Pts',(25.3034502635396,70.4042139140661,16.1828738510385));
#5363=CARTESIAN_POINT('Ctrl Pts',(25.3858011637939,70.3851149192674,16.2038241774453));
#5364=CARTESIAN_POINT('Ctrl Pts',(25.4697098793453,70.3655522682786,16.2137437114538));
#5365=CARTESIAN_POINT('Ctrl Pts',(25.6758479079488,70.3172530304283,16.2137437114538));
#5366=CARTESIAN_POINT('Ctrl Pts',(25.8102506949408,70.2855083354711,16.1885617377778));
#5367=CARTESIAN_POINT('Ctrl Pts',(26.0579973064399,70.2265382163612,16.0854887109631));
#5368=CARTESIAN_POINT('Ctrl Pts',(26.1713378236354,70.199326254726,16.0075820072485));
#5369=CARTESIAN_POINT('Ctrl Pts',(26.347901118157,70.1567393661279,15.8290808000466));
#5370=CARTESIAN_POINT('Ctrl Pts',(26.42388911056,70.138294509236,15.7176015443356));
#5371=CARTESIAN_POINT('Ctrl Pts',(26.5249500972621,70.1137088842319,15.4726398255429));
#5372=CARTESIAN_POINT('Ctrl Pts',(26.55,70.1075870620187,15.3391459353816));
#5373=CARTESIAN_POINT('Ctrl Pts',(26.55,70.1075870620187,15.2137437114538));
#5374=CARTESIAN_POINT('',(25.3034502635396,0.,16.1828738510385));
#5375=CARTESIAN_POINT('Origin',(3.85707021320264,0.,10.7268477370372));
#5376=CARTESIAN_POINT('',(3.85707021320264,75.2418608152237,10.7268477370372));
#5377=CARTESIAN_POINT('Origin',(2.34146363874034E-29,-52.6719594594603,
9.74559701978904));
#5378=CARTESIAN_POINT('',(3.85707021320264,73.233564350596,10.7268477370372));
#5379=CARTESIAN_POINT('Origin',(-6.94803332534366E-6,-38.6990400990171,
9.74559525218764));
#5380=CARTESIAN_POINT('',(3.85707021320264,0.,10.7268477370372));
#5381=CARTESIAN_POINT('Origin',(4.04198251554792,0.,10.0000001323487));
#5382=CARTESIAN_POINT('',(3.85707020523983,75.2418608154638,9.27315252968602));
#5383=CARTESIAN_POINT('Ctrl Pts',(3.85707021320264,75.2418608152237,10.7268477370372));
#5384=CARTESIAN_POINT('Ctrl Pts',(3.82243609647476,75.2429051607034,10.7180367094951));
#5385=CARTESIAN_POINT('Ctrl Pts',(3.78819333722184,75.2439234651045,10.7066717786786));
#5386=CARTESIAN_POINT('Ctrl Pts',(3.66256173633654,75.2476113445689,10.6546318937536));
#5387=CARTESIAN_POINT('Ctrl Pts',(3.57821203616777,75.249982542985,10.5969004518526));
#5388=CARTESIAN_POINT('Ctrl Pts',(3.445040587786,75.2536382060696,10.4637077476799));
#5389=CARTESIAN_POINT('Ctrl Pts',(3.38733095655139,75.2551676952782,10.3793817970564));
#5390=CARTESIAN_POINT('Ctrl Pts',(3.31080183621394,75.2571711726012,10.194612376323));
#5391=CARTESIAN_POINT('Ctrl Pts',(3.29198251554792,75.2576511043614,10.0941689009443));
#5392=CARTESIAN_POINT('Ctrl Pts',(3.29198251554792,75.2576511043614,9.90582134693137));
#5393=CARTESIAN_POINT('Ctrl Pts',(3.31080580768991,75.257171072059,9.80536787262027));
#5394=CARTESIAN_POINT('Ctrl Pts',(3.38734989117485,75.2551671961541,9.6205831827743));
#5395=CARTESIAN_POINT('Ctrl Pts',(3.44507051410973,75.2536374066036,9.5362519620071));
#5396=CARTESIAN_POINT('Ctrl Pts',(3.57825258629353,75.2499814077959,9.40306988982329));
#5397=CARTESIAN_POINT('Ctrl Pts',(3.66259701398101,75.2476103289843,9.34534944036734));
#5398=CARTESIAN_POINT('Ctrl Pts',(3.78821228119959,75.243922901821,9.29332219232061));
#5399=CARTESIAN_POINT('Ctrl Pts',(3.82244567718794,75.2429048718077,9.28196111824289));
#5400=CARTESIAN_POINT('Ctrl Pts',(3.85707020523983,75.2418608154638,9.27315252968602));
#5401=CARTESIAN_POINT('',(3.85707020523983,73.2335643508704,9.27315252968602));
#5402=CARTESIAN_POINT('Ctrl Pts',(3.85707020523983,73.2335643508703,9.27315252968602));
#5403=CARTESIAN_POINT('Ctrl Pts',(3.82243557368725,73.2347578230202,9.28196368860516));
#5404=CARTESIAN_POINT('Ctrl Pts',(3.78819204668111,73.2359215397432,9.29332889358019));
#5405=CARTESIAN_POINT('Ctrl Pts',(3.66255685908521,73.2401360524118,9.34537074441766));
#5406=CARTESIAN_POINT('Ctrl Pts',(3.57820291959888,73.2428458862359,9.40310568047042));
#5407=CARTESIAN_POINT('Ctrl Pts',(3.44503373497167,73.2470233103095,9.53630261989074));
#5408=CARTESIAN_POINT('Ctrl Pts',(3.38732727800911,73.2487710242877,9.62062554788903));
#5409=CARTESIAN_POINT('Ctrl Pts',(3.31080155827378,73.2510603720967,9.80539036062234));
#5410=CARTESIAN_POINT('Ctrl Pts',(3.29198251554792,73.2516087980435,9.90583225227528));
#5411=CARTESIAN_POINT('Ctrl Pts',(3.29198251554792,73.2516087980435,10.0941680124222));
#5412=CARTESIAN_POINT('Ctrl Pts',(3.31080155827378,73.2510603720967,10.1946099040751));
#5413=CARTESIAN_POINT('Ctrl Pts',(3.38732727800911,73.2487710242877,10.3793747168084));
#5414=CARTESIAN_POINT('Ctrl Pts',(3.44503373497167,73.2470233103095,10.4636976448067));
#5415=CARTESIAN_POINT('Ctrl Pts',(3.57820291959888,73.2428458862359,10.596894584227));
#5416=CARTESIAN_POINT('Ctrl Pts',(3.66255685908521,73.2401360524118,10.6546295202798));
#5417=CARTESIAN_POINT('Ctrl Pts',(3.7881920492273,73.2359215396578,10.706671372172));
#5418=CARTESIAN_POINT('Ctrl Pts',(3.82243557893653,73.2347578228418,10.7180365778317));
#5419=CARTESIAN_POINT('Ctrl Pts',(3.85707021320264,73.2335643505959,10.7268477370372));
#5420=CARTESIAN_POINT('',(3.85707020523983,0.,9.27315252968602));
#5421=CARTESIAN_POINT('Origin',(25.3034502529225,0.,3.81712616620272));
#5422=CARTESIAN_POINT('Origin',(2.34146363874034E-29,-52.6719594594603,
10.2544032898985));
#5423=CARTESIAN_POINT('Origin',(-6.94803332534366E-6,-38.6990400990171,
10.2544050575));
#5424=CARTESIAN_POINT('Origin',(-25.5500005573957,0.,15.2137437183722));
#5425=CARTESIAN_POINT('',(-25.3034508259871,72.7734780191128,16.182873859242));
#5426=CARTESIAN_POINT('',(-26.5500005573957,72.5155793704729,15.2137437183722));
#5427=CARTESIAN_POINT('Ctrl Pts',(-25.3034508259871,72.7734780191128,16.182873859242));
#5428=CARTESIAN_POINT('Ctrl Pts',(-25.3857710863421,72.7568732967591,16.2038163903058));
#5429=CARTESIAN_POINT('Ctrl Pts',(-25.4696832476678,72.7398596081359,16.2137437183722));
#5430=CARTESIAN_POINT('Ctrl Pts',(-25.6757789462409,72.6978664971722,16.2137437183722));
#5431=CARTESIAN_POINT('Ctrl Pts',(-25.8100692586839,72.6702867806137,16.1885832220575));
#5432=CARTESIAN_POINT('Ctrl Pts',(-26.0574905097274,72.6190839394226,16.085753887306));
#5433=CARTESIAN_POINT('Ctrl Pts',(-26.1706187221283,72.5954723449263,16.0080727486577));
#5434=CARTESIAN_POINT('Ctrl Pts',(-26.3474206796832,72.5584034835199,15.8297961186605));
#5435=CARTESIAN_POINT('Ctrl Pts',(-26.4236417941026,72.5423218437539,15.718084512465));
#5436=CARTESIAN_POINT('Ctrl Pts',(-26.5249403821938,72.5209022606325,15.4727822919892));
#5437=CARTESIAN_POINT('Ctrl Pts',(-26.5500005573957,72.5155793704729,15.3391832204091));
#5438=CARTESIAN_POINT('Ctrl Pts',(-26.5500005573957,72.5155793704729,15.2137437183722));
#5439=CARTESIAN_POINT('',(-25.3034508259871,70.4042170064264,16.182873859242));
#5440=CARTESIAN_POINT('',(-25.3034508259871,0.,16.182873859242));
#5441=CARTESIAN_POINT('',(-26.5500005573957,70.1075903167994,15.2137437183722));
#5442=CARTESIAN_POINT('Ctrl Pts',(-26.5500005573957,70.1075903167994,15.2137437183722));
#5443=CARTESIAN_POINT('Ctrl Pts',(-26.5500005573957,70.1075903167994,15.3391459424728));
#5444=CARTESIAN_POINT('Ctrl Pts',(-26.524950654609,70.1137121357702,15.4726398331021));
#5445=CARTESIAN_POINT('Ctrl Pts',(-26.4238896668573,70.138297747909,15.7176015533939));
#5446=CARTESIAN_POINT('Ctrl Pts',(-26.3479016734282,70.1567425951885,15.8290808101236));
#5447=CARTESIAN_POINT('Ctrl Pts',(-26.1713383778866,70.1993294611361,16.0075820163041));
#5448=CARTESIAN_POINT('Ctrl Pts',(-26.0579978616535,70.2265414078553,16.085488719019));
#5449=CARTESIAN_POINT('Ctrl Pts',(-25.8102512515998,70.2855114945692,16.188561744773));
#5450=CARTESIAN_POINT('Ctrl Pts',(-25.6758484650866,70.3172561720486,16.2137437183722));
#5451=CARTESIAN_POINT('Ctrl Pts',(-25.4697104382664,70.3655553828816,16.2137437183722));
#5452=CARTESIAN_POINT('Ctrl Pts',(-25.3858017244967,70.3851180226378,16.2038241847479));
#5453=CARTESIAN_POINT('Ctrl Pts',(-25.3034508259871,70.4042170064264,16.182873859242));
#5454=CARTESIAN_POINT('',(-26.5500005573957,0.,15.2137437183722));
#5455=CARTESIAN_POINT('Origin',(-26.5500005573957,0.,4.78625629616794));
#5456=CARTESIAN_POINT('',(-26.5500005573957,72.5155793704729,4.78625629616794));
#5457=CARTESIAN_POINT('',(-26.5500005573957,72.5155793704729,20.));
#5458=CARTESIAN_POINT('',(-26.5500005573957,70.1075903167994,4.78625629616794));
#5459=CARTESIAN_POINT('',(-26.5500005573957,70.1075903167994,20.));
#5460=CARTESIAN_POINT('',(-26.5500005573957,0.,4.78625629616794));
#5461=CARTESIAN_POINT('Origin',(-25.5500005573957,0.,4.78625629616794));
#5462=CARTESIAN_POINT('',(-25.30345081537,72.7734780212544,3.81712615799915));
#5463=CARTESIAN_POINT('Ctrl Pts',(-26.5500005573957,72.5155793704729,4.78625629616794));
#5464=CARTESIAN_POINT('Ctrl Pts',(-26.5500005573957,72.5155793704729,4.66011397804354));
#5465=CARTESIAN_POINT('Ctrl Pts',(-26.5246612154044,72.5209616291355,4.52581726068724));
#5466=CARTESIAN_POINT('Ctrl Pts',(-26.422321943066,72.5426005821841,4.27945525818559));
#5467=CARTESIAN_POINT('Ctrl Pts',(-26.3453392815477,72.5588419954635,4.16738145794681));
#5468=CARTESIAN_POINT('Ctrl Pts',(-26.1678134377138,72.5960582928845,3.98985561411293));
#5469=CARTESIAN_POINT('Ctrl Pts',(-26.0550541292599,72.6195900783756,3.91293790804091));
#5470=CARTESIAN_POINT('Ctrl Pts',(-25.8086914665326,72.6705699392082,3.8111444400768));
#5471=CARTESIAN_POINT('Ctrl Pts',(-25.6750908858898,72.6980066931824,3.78625629616794));
#5472=CARTESIAN_POINT('Ctrl Pts',(-25.4697049522873,72.7398551857025,3.78625629616794));
#5473=CARTESIAN_POINT('Ctrl Pts',(-25.3857821496764,72.7568710651943,3.79618080872726));
#5474=CARTESIAN_POINT('Ctrl Pts',(-25.30345081537,72.7734780212544,3.81712615799915));
#5475=CARTESIAN_POINT('',(-25.30345081537,70.4042170088887,3.81712615799915));
#5476=CARTESIAN_POINT('Ctrl Pts',(-25.30345081537,70.4042170088887,3.81712615799915));
#5477=CARTESIAN_POINT('Ctrl Pts',(-25.3858161595798,70.3851146748331,3.79617215650132));
#5478=CARTESIAN_POINT('Ctrl Pts',(-25.4697387441915,70.3655487506563,3.78625629616794));
#5479=CARTESIAN_POINT('Ctrl Pts',(-25.6749470166089,70.3174673861111,3.78625629616794));
#5480=CARTESIAN_POINT('Ctrl Pts',(-25.8084450488428,70.2859383987624,3.81108163563637));
#5481=CARTESIAN_POINT('Ctrl Pts',(-26.0548009208633,70.227305320252,3.91279435329519));
#5482=CARTESIAN_POINT('Ctrl Pts',(-26.167655363721,70.2002143819807,3.98969754012013));
#5483=CARTESIAN_POINT('Ctrl Pts',(-26.3451643959423,70.1574060452414,4.16720657234145));
#5484=CARTESIAN_POINT('Ctrl Pts',(-26.4221526471501,70.1387197912503,4.27916032232909));
#5485=CARTESIAN_POINT('Ctrl Pts',(-26.5245822532654,70.1138022779564,4.52551483601819));
#5486=CARTESIAN_POINT('Ctrl Pts',(-26.5500005573957,70.1075903167994,4.65992713466006));
#5487=CARTESIAN_POINT('Ctrl Pts',(-26.5500005573957,70.1075903167994,4.78625629616794));
#5488=CARTESIAN_POINT('',(-25.30345081537,0.,3.81712615799915));
#5489=CARTESIAN_POINT('Origin',(-3.85707027135813,0.,9.27315252872214));
#5490=CARTESIAN_POINT('',(-3.85707027135813,75.2418608134701,9.27315252872214));
#5491=CARTESIAN_POINT('Origin',(2.34146363874034E-29,-52.6719594594603,
10.2544032843485));
#5492=CARTESIAN_POINT('',(-3.85707027135813,73.2335648274346,9.27315252872214));
#5493=CARTESIAN_POINT('Origin',(-6.94803332534366E-6,-38.6990400990171,
10.254401516747));
#5494=CARTESIAN_POINT('',(-3.85707027135813,0.,9.27315252872214));
#5495=CARTESIAN_POINT('Origin',(-4.04198257787742,0.,10.0000001323487));
#5496=CARTESIAN_POINT('',(-3.85707027932095,75.24186081323,10.7268477380011));
#5497=CARTESIAN_POINT('Ctrl Pts',(-3.85707027135813,75.2418608134701,9.27315252872214));
#5498=CARTESIAN_POINT('Ctrl Pts',(-3.82243615605256,75.2429051589227,9.2819635561142));
#5499=CARTESIAN_POINT('Ctrl Pts',(-3.78819339821644,75.2439234632978,9.2933284865718));
#5500=CARTESIAN_POINT('Ctrl Pts',(-3.66256179866538,75.2476113427843,9.34536837094417));
#5501=CARTESIAN_POINT('Ctrl Pts',(-3.57821209849619,75.2499825412416,9.40309981284561));
#5502=CARTESIAN_POINT('Ctrl Pts',(-3.44504065011473,75.2536382043911,9.53629251701869));
#5503=CARTESIAN_POINT('Ctrl Pts',(-3.38733101888049,75.2551676936278,9.6206184676419));
#5504=CARTESIAN_POINT('Ctrl Pts',(-3.31080189854341,75.2571711709881,9.80538788837474));
#5505=CARTESIAN_POINT('Ctrl Pts',(-3.29198257787741,75.2576511027574,9.90583136375323));
#5506=CARTESIAN_POINT('Ctrl Pts',(-3.29198257787741,75.2576511027574,10.0000001323487));
#5507=CARTESIAN_POINT('Ctrl Pts',(-3.29198257787741,75.2576511027574,10.0941789177664));
#5508=CARTESIAN_POINT('Ctrl Pts',(-3.31080587001952,75.257171070446,10.1946323920776));
#5509=CARTESIAN_POINT('Ctrl Pts',(-3.3873499535046,75.2551671945037,10.3794170819236));
#5510=CARTESIAN_POINT('Ctrl Pts',(-3.44507057643949,75.2536374049251,10.4637483026906));
#5511=CARTESIAN_POINT('Ctrl Pts',(-3.57825264862335,75.2499814060524,10.5969303748745));
#5512=CARTESIAN_POINT('Ctrl Pts',(-3.66259707631106,75.2476103271997,10.6546508243304));
#5513=CARTESIAN_POINT('Ctrl Pts',(-3.78821234728721,75.2439228998648,10.7066780739334));
#5514=CARTESIAN_POINT('Ctrl Pts',(-3.82244574726458,75.2429048697146,10.7180391490215));
#5515=CARTESIAN_POINT('Ctrl Pts',(-3.85707027932095,75.24186081323,10.7268477380011));
#5516=CARTESIAN_POINT('',(-3.85707027932095,73.2335648271602,10.7268477380011));
#5517=CARTESIAN_POINT('Ctrl Pts',(-3.85707027932095,73.2335648271602,10.7268477380011));
#5518=CARTESIAN_POINT('Ctrl Pts',(-3.8224356437956,73.2347582951651,10.7180365786675));
#5519=CARTESIAN_POINT('Ctrl Pts',(-3.78819211283793,73.2359220077871,10.7066713726964));
#5520=CARTESIAN_POINT('Ctrl Pts',(-3.66255692160682,73.2401365050335,10.6546295203768));
#5521=CARTESIAN_POINT('Ctrl Pts',(-3.57820298224053,73.2428463284187,10.5968945844333));
#5522=CARTESIAN_POINT('Ctrl Pts',(-3.44503379752303,73.2470237360227,10.4636976451345));
#5523=CARTESIAN_POINT('Ctrl Pts',(-3.38732734045614,73.2487714428667,10.3793747170353));
#5524=CARTESIAN_POINT('Ctrl Pts',(-3.31080162061085,73.2510607812141,10.1946099041504));
#5525=CARTESIAN_POINT('Ctrl Pts',(-3.29198257787741,73.2516092048336,10.0941680124472));
#5526=CARTESIAN_POINT('Ctrl Pts',(-3.29198257787741,73.2516092048336,10.0000001323487));
#5527=CARTESIAN_POINT('Ctrl Pts',(-3.29198257787741,73.2516092048336,9.90583225225023));
#5528=CARTESIAN_POINT('Ctrl Pts',(-3.31080162061085,73.2510607812141,9.8053903605471));
#5529=CARTESIAN_POINT('Ctrl Pts',(-3.38732734045614,73.2487714428667,9.6206255476622));
#5530=CARTESIAN_POINT('Ctrl Pts',(-3.44503379752303,73.2470237360227,9.53630261956298));
#5531=CARTESIAN_POINT('Ctrl Pts',(-3.57820298224053,73.2428463284187,9.40310568026412));
#5532=CARTESIAN_POINT('Ctrl Pts',(-3.66255692160682,73.2401365050335,9.34537074432066));
#5533=CARTESIAN_POINT('Ctrl Pts',(-3.78819211029174,73.2359220078725,9.29332889305577));
#5534=CARTESIAN_POINT('Ctrl Pts',(-3.82243563854631,73.2347582953435,9.28196368776941));
#5535=CARTESIAN_POINT('Ctrl Pts',(-3.85707027135813,73.2335648274346,9.27315252872214));
#5536=CARTESIAN_POINT('',(-3.85707027932095,0.,10.7268477380011));
#5537=CARTESIAN_POINT('Origin',(-25.3034508259871,0.,16.182873859242));
#5538=CARTESIAN_POINT('Origin',(2.34146363874034E-29,-52.6719594594603,
9.74559702533907));
#5539=CARTESIAN_POINT('Origin',(-6.94803332534366E-6,-38.6990400990171,
9.74559879294042));
#5540=CARTESIAN_POINT('Origin',(-21.4028818560762,0.,2.49999999999999));
#5541=CARTESIAN_POINT('',(-21.5269831174091,73.4764111433998,2.98435408219151));
#5542=CARTESIAN_POINT('',(-21.4028818560762,73.4975259803583,2.));
#5543=CARTESIAN_POINT('Ctrl Pts',(-21.5269831174091,73.4764111433998,2.98435408219151));
#5544=CARTESIAN_POINT('Ctrl Pts',(-21.5496778403039,73.472538331454,2.97853923755533));
#5545=CARTESIAN_POINT('Ctrl Pts',(-21.57212497053,73.4687013982854,2.97107707395051));
#5546=CARTESIAN_POINT('Ctrl Pts',(-21.6555254812479,73.4544237003674,2.93659312128996));
#5547=CARTESIAN_POINT('Ctrl Pts',(-21.7118627082019,73.4447304411096,2.8981259290608));
#5548=CARTESIAN_POINT('Ctrl Pts',(-21.8006390794151,73.4294146637379,2.8093495578476));
#5549=CARTESIAN_POINT('Ctrl Pts',(-21.8391276519772,73.4227493286743,2.75325216316921));
#5550=CARTESIAN_POINT('Ctrl Pts',(-21.8902519011967,73.4138841260357,2.63006725743739));
#5551=CARTESIAN_POINT('Ctrl Pts',(-21.9028818560762,73.4116880698387,2.56297709754751));
#5552=CARTESIAN_POINT('Ctrl Pts',(-21.9028818560762,73.4116880698387,2.43726328770619));
#5553=CARTESIAN_POINT('Ctrl Pts',(-21.8903473287689,73.4138675213059,2.37041219528925));
#5554=CARTESIAN_POINT('Ctrl Pts',(-21.8395800557128,73.4226709360796,2.24759106814512));
#5555=CARTESIAN_POINT('Ctrl Pts',(-21.8013530409149,73.4292911254006,2.19161839417179));
#5556=CARTESIAN_POINT('Ctrl Pts',(-21.7128266099427,73.4445645105233,2.10258570408867));
#5557=CARTESIAN_POINT('Ctrl Pts',(-21.6563630565766,73.4542799798332,2.06385649963262));
#5558=CARTESIAN_POINT('Ctrl Pts',(-21.5328123798813,73.4754318213312,2.01256597267138));
#5559=CARTESIAN_POINT('Ctrl Pts',(-21.4657266811091,73.4868652380975,2.));
#5560=CARTESIAN_POINT('Ctrl Pts',(-21.4028818560762,73.4975259803583,2.));
#5561=CARTESIAN_POINT('',(-21.5269831174091,71.2117158810251,2.98435408219151));
#5562=CARTESIAN_POINT('',(-21.5269831174091,0.,2.98435408219151));
#5563=CARTESIAN_POINT('',(-21.4028818560762,71.2359494574109,2.));
#5564=CARTESIAN_POINT('Ctrl Pts',(-21.4028818560762,71.2359494574109,2.));
#5565=CARTESIAN_POINT('Ctrl Pts',(-21.4654368881029,71.2237708277431,2.));
#5566=CARTESIAN_POINT('Ctrl Pts',(-21.5322491525954,71.2107022758605,2.01244932485134));
#5567=CARTESIAN_POINT('Ctrl Pts',(-21.6554351530037,71.1864974049112,2.0633555332542));
#5568=CARTESIAN_POINT('Ctrl Pts',(-21.711807073929,71.1753645099348,2.1018184366662));
#5569=CARTESIAN_POINT('Ctrl Pts',(-21.8005799802766,71.1577850132402,2.19059134301386));
#5570=CARTESIAN_POINT('Ctrl Pts',(-21.8390708797142,71.1501335428964,2.24664876388761));
#5571=CARTESIAN_POINT('Ctrl Pts',(-21.8902256122794,71.1399511110946,2.36983173913906));
#5572=CARTESIAN_POINT('Ctrl Pts',(-21.9028818560762,71.1374249472684,2.43696084155934));
#5573=CARTESIAN_POINT('Ctrl Pts',(-21.9028818560762,71.1374249472684,2.562723148168));
#5574=CARTESIAN_POINT('Ctrl Pts',(-21.8903511106375,71.1399260435564,2.62953835401922));
#5575=CARTESIAN_POINT('Ctrl Pts',(-21.8396647631896,71.150015415099,2.75224423023474));
#5576=CARTESIAN_POINT('Ctrl Pts',(-21.8015167644519,71.1575989495542,2.80813843091542));
#5577=CARTESIAN_POINT('Ctrl Pts',(-21.7130703347011,71.1751148987687,2.89724878239244));
#5578=CARTESIAN_POINT('Ctrl Pts',(-21.6565324327719,71.1862812945151,2.93605536827229));
#5579=CARTESIAN_POINT('Ctrl Pts',(-21.572648224868,71.202764420062,2.97090300442231));
#5580=CARTESIAN_POINT('Ctrl Pts',(-21.5499408835686,71.2072194031271,2.97847184057833));
#5581=CARTESIAN_POINT('Ctrl Pts',(-21.5269831174091,71.2117158810251,2.98435408219151));
#5582=CARTESIAN_POINT('',(-21.4028818560762,0.,2.));
#5583=CARTESIAN_POINT('Origin',(21.4028813768394,0.,2.));
#5584=CARTESIAN_POINT('',(21.4028813768394,73.4975260616541,2.));
#5585=CARTESIAN_POINT('Origin',(2.34146363874034E-29,-52.6719594594603,
2.));
#5586=CARTESIAN_POINT('',(21.4028813768394,71.2359468453324,2.));
#5587=CARTESIAN_POINT('Origin',(-6.94803332534366E-6,-38.6990400990171,
2.));
#5588=CARTESIAN_POINT('',(21.4028813768394,0.,2.));
#5589=CARTESIAN_POINT('Origin',(21.4028813768394,0.,2.5));
#5590=CARTESIAN_POINT('',(21.5269826347341,73.4764112257674,2.98435408307246));
#5591=CARTESIAN_POINT('Ctrl Pts',(21.4028813768394,73.497526061654,2.));
#5592=CARTESIAN_POINT('Ctrl Pts',(21.4657262018697,73.4868653196393,2.));
#5593=CARTESIAN_POINT('Ctrl Pts',(21.5328119006367,73.4754319031361,2.01256597267064));
#5594=CARTESIAN_POINT('Ctrl Pts',(21.6563625773157,73.4542800621242,2.06385649962012));
#5595=CARTESIAN_POINT('Ctrl Pts',(21.7128261306709,73.444564593037,2.10258570406496));
#5596=CARTESIAN_POINT('Ctrl Pts',(21.8013525616545,73.4292912082588,2.19161839413672));
#5597=CARTESIAN_POINT('Ctrl Pts',(21.8395795764638,73.4226710190854,2.24759106812132));
#5598=CARTESIAN_POINT('Ctrl Pts',(21.8903468495315,73.4138676045086,2.37041219528203));
#5599=CARTESIAN_POINT('Ctrl Pts',(21.9028813768394,73.4116881530903,2.43726328770417));
#5600=CARTESIAN_POINT('Ctrl Pts',(21.9028813768394,73.4116881530903,2.5));
#5601=CARTESIAN_POINT('Ctrl Pts',(21.9028813768394,73.4116881530903,2.56297709753867));
#5602=CARTESIAN_POINT('Ctrl Pts',(21.8902514219636,73.4138842092372,2.63006725742296));
#5603=CARTESIAN_POINT('Ctrl Pts',(21.8391271727485,73.4227494116749,2.75325216315502));
#5604=CARTESIAN_POINT('Ctrl Pts',(21.8006386001868,73.4294147465878,2.80934955783912));
#5605=CARTESIAN_POINT('Ctrl Pts',(21.7118622289733,73.4447305236121,2.89812592905262));
#5606=CARTESIAN_POINT('Ctrl Pts',(21.6555250020245,73.4544237826486,2.93659312128234));
#5607=CARTESIAN_POINT('Ctrl Pts',(21.5721244902019,73.4687014804296,2.97107707440249));
#5608=CARTESIAN_POINT('Ctrl Pts',(21.5496773588048,73.4725384137103,2.97853923830666));
#5609=CARTESIAN_POINT('Ctrl Pts',(21.526982634734,73.4764112257673,2.98435408307246));
#5610=CARTESIAN_POINT('',(21.5269826347341,71.211713253895,2.98435408307246));
#5611=CARTESIAN_POINT('Ctrl Pts',(21.5269826347341,71.211713253895,2.98435408307246));
#5612=CARTESIAN_POINT('Ctrl Pts',(21.5496429802769,71.2072750255365,2.97854804677697));
#5613=CARTESIAN_POINT('Ctrl Pts',(21.5720595754572,71.2028771808254,2.97109895112518));
#5614=CARTESIAN_POINT('Ctrl Pts',(21.6554346732745,71.1864947609188,2.93664446702585));
#5615=CARTESIAN_POINT('Ctrl Pts',(21.7118065943906,71.1753618587531,2.89818156363534));
#5616=CARTESIAN_POINT('Ctrl Pts',(21.8005795007262,71.1577823507948,2.80940865729977));
#5617=CARTESIAN_POINT('Ctrl Pts',(21.8390704001762,71.1501308755618,2.7533512366379));
#5618=CARTESIAN_POINT('Ctrl Pts',(21.8902251329032,71.1399484372321,2.63016826139647));
#5619=CARTESIAN_POINT('Ctrl Pts',(21.9028813768394,71.1374222717704,2.56303915876968));
#5620=CARTESIAN_POINT('Ctrl Pts',(21.9028813768394,71.1374222717704,2.5));
#5621=CARTESIAN_POINT('Ctrl Pts',(21.9028813768394,71.1374222717704,2.43727685190619));
#5622=CARTESIAN_POINT('Ctrl Pts',(21.8903506314217,71.1399233696459,2.37046164624699));
#5623=CARTESIAN_POINT('Ctrl Pts',(21.8396642844049,71.1500127475391,2.24775577064433));
#5624=CARTESIAN_POINT('Ctrl Pts',(21.8015162860873,71.1575962867543,2.1918615703799));
#5625=CARTESIAN_POINT('Ctrl Pts',(21.7130698567542,71.1751122471122,2.10275121848172));
#5626=CARTESIAN_POINT('Ctrl Pts',(21.6565319544227,71.1862786501116,2.06394463218882));
#5627=CARTESIAN_POINT('Ctrl Pts',(21.5328693010727,71.2105781983455,2.01257201662182));
#5628=CARTESIAN_POINT('Ctrl Pts',(21.4657463540197,71.2237078655177,2.));
#5629=CARTESIAN_POINT('Ctrl Pts',(21.4028813768394,71.2359468453324,2.));
#5630=CARTESIAN_POINT('',(21.5269826347341,0.,2.98435408307246));
#5631=CARTESIAN_POINT('Origin',(1.24101203987035,0.,8.1820277611113));
#5632=CARTESIAN_POINT('',(1.24101203987035,75.2939824821776,8.1820277611113));
#5633=CARTESIAN_POINT('Origin',(2.34146363874034E-29,-52.6719594594603,
8.50000000619562));
#5634=CARTESIAN_POINT('',(1.24101203987035,73.29312415801,8.1820277611113));
#5635=CARTESIAN_POINT('Origin',(-6.94803332534366E-6,-38.6990400990171,
8.5000017864215));
#5636=CARTESIAN_POINT('',(1.24101203987035,0.,8.1820277611113));
#5637=CARTESIAN_POINT('Origin',(-5.3907610576831E-7,0.,3.33848693038666));
#5638=CARTESIAN_POINT('',(-1.24101315240462,75.2939824713883,8.18202775230192));
#5639=CARTESIAN_POINT('Ctrl Pts',(1.24101203987035,75.2939824821776,8.1820277611113));
#5640=CARTESIAN_POINT('Ctrl Pts',(0.827279349705184,75.2979948564234,8.28803439773534));
#5641=CARTESIAN_POINT('Ctrl Pts',(0.40473701118343,75.3000000017049,8.33848693038667));
#5642=CARTESIAN_POINT('Ctrl Pts',(-0.404738100561776,75.299999998295,8.33848693038667));
#5643=CARTESIAN_POINT('Ctrl Pts',(-0.8272804512702,75.2979948493377,8.28803439486621));
#5644=CARTESIAN_POINT('Ctrl Pts',(-1.24101315240462,75.2939824713882,8.18202775230192));
#5645=CARTESIAN_POINT('',(-1.24101315240462,73.2931242996674,8.18202775230192));
#5646=CARTESIAN_POINT('Ctrl Pts',(-1.24101315240462,73.2931242996674,8.18202775230192));
#5647=CARTESIAN_POINT('Ctrl Pts',(-0.827285237541089,73.2977088963847,8.2880331685273));
#5648=CARTESIAN_POINT('Ctrl Pts',(-0.404743163305746,73.3000000231606,8.33848693038667));
#5649=CARTESIAN_POINT('Ctrl Pts',(0.404742074209869,73.2999999768392,8.33848693038667));
#5650=CARTESIAN_POINT('Ctrl Pts',(0.827284136207932,73.2977088018346,8.28803317133706));
#5651=CARTESIAN_POINT('Ctrl Pts',(1.24101203987035,73.2931241580099,8.1820277611113));
#5652=CARTESIAN_POINT('',(-1.24101315240462,0.,8.18202775230192));
#5653=CARTESIAN_POINT('Origin',(-21.5269831174091,0.,2.98435408219151));
#5654=CARTESIAN_POINT('Origin',(2.34146363874034E-29,-52.6719594594603,
8.50000029182761));
#5655=CARTESIAN_POINT('Origin',(-6.94803332534366E-6,-38.6990400990171,
8.49999851160167));
#5656=CARTESIAN_POINT('Origin',(30.55,67.000001013279,5.32573004378758));
#5657=CARTESIAN_POINT('',(28.55,66.7252798853816,4.36420609614675));
#5658=CARTESIAN_POINT('',(28.55,68.000001013279,5.32573004378758));
#5659=CARTESIAN_POINT('Origin',(28.55,67.000001013279,5.32573004378758));
#5660=CARTESIAN_POINT('',(30.55,66.7252798853816,4.36420609614675));
#5661=CARTESIAN_POINT('',(30.55,66.7252798853816,4.36420609614675));
#5662=CARTESIAN_POINT('',(30.55,68.000001013279,5.32573004378758));
#5663=CARTESIAN_POINT('Origin',(30.55,67.000001013279,5.32573004378758));
#5664=CARTESIAN_POINT('',(30.55,68.000001013279,5.32573004378758));
#5665=CARTESIAN_POINT('Origin',(30.55,67.000001013279,5.32573004378758));
#5666=CARTESIAN_POINT('',(-30.55,66.7252798853816,4.36420609614675));
#5667=CARTESIAN_POINT('',(-30.55,68.000001013279,5.32573004378758));
#5668=CARTESIAN_POINT('Origin',(-30.55,67.000001013279,5.32573004378758));
#5669=CARTESIAN_POINT('',(30.55,66.7252798853816,4.36420609614675));
#5670=CARTESIAN_POINT('',(30.55,68.000001013279,5.32573004378758));
#5671=CARTESIAN_POINT('Origin',(30.55,68.000001013279,14.6742702542356));
#5672=CARTESIAN_POINT('',(28.55,68.000001013279,14.6742702542356));
#5673=CARTESIAN_POINT('',(28.55,68.000001013279,7.33713512711782));
#5674=CARTESIAN_POINT('',(30.55,68.000001013279,14.6742702542356));
#5675=CARTESIAN_POINT('',(30.55,68.000001013279,7.33713512711782));
#5676=CARTESIAN_POINT('',(30.55,68.000001013279,14.6742702542356));
#5677=CARTESIAN_POINT('Origin',(30.55,68.000001013279,14.6742702542356));
#5678=CARTESIAN_POINT('',(-30.55,68.000001013279,14.6742702542356));
#5679=CARTESIAN_POINT('',(-30.55,68.000001013279,7.33713512711782));
#5680=CARTESIAN_POINT('',(30.55,68.000001013279,14.6742702542356));
#5681=CARTESIAN_POINT('Origin',(30.55,66.7252798853816,4.36420609614675));
#5682=CARTESIAN_POINT('',(28.55,48.682667608726,9.5192381751912));
#5683=CARTESIAN_POINT('',(28.55,68.6305645171019,3.81983905851237));
#5684=CARTESIAN_POINT('',(30.55,48.682667608726,9.5192381751912));
#5685=CARTESIAN_POINT('',(30.55,48.682667608726,9.5192381751912));
#5686=CARTESIAN_POINT('',(30.55,36.4569796114416,13.012291888701));
#5687=CARTESIAN_POINT('Origin',(30.55,67.000001013279,14.6742702542356));
#5688=CARTESIAN_POINT('',(28.55,66.7252798853816,15.6357942018765));
#5689=CARTESIAN_POINT('Origin',(28.55,67.000001013279,14.6742702542356));
#5690=CARTESIAN_POINT('',(30.55,66.7252798853816,15.6357942018765));
#5691=CARTESIAN_POINT('Origin',(30.55,67.000001013279,14.6742702542356));
#5692=CARTESIAN_POINT('',(30.55,66.7252798853816,15.6357942018765));
#5693=CARTESIAN_POINT('Origin',(30.55,67.000001013279,14.6742702542356));
#5694=CARTESIAN_POINT('',(-30.55,66.7252798853816,15.6357942018765));
#5695=CARTESIAN_POINT('Origin',(-30.55,67.000001013279,14.6742702542356));
#5696=CARTESIAN_POINT('',(30.55,66.7252798853816,15.6357942018765));
#5697=CARTESIAN_POINT('Origin',(30.55,48.8200281726747,10.0000001490116));
#5698=CARTESIAN_POINT('',(28.55,48.682667608726,10.480762122832));
#5699=CARTESIAN_POINT('Origin',(28.55,48.8200281726747,10.0000001490116));
#5700=CARTESIAN_POINT('',(30.55,48.682667608726,10.480762122832));
#5701=CARTESIAN_POINT('',(30.55,48.682667608726,10.480762122832));
#5702=CARTESIAN_POINT('Origin',(30.55,48.8200281726747,10.0000001490116));
#5703=CARTESIAN_POINT('Origin',(30.55,48.682667608726,10.480762122832));
#5704=CARTESIAN_POINT('',(28.55,56.9677489054503,12.8479282076104));
#5705=CARTESIAN_POINT('',(30.55,24.7941639997899,3.65547537742172));
#5706=CARTESIAN_POINT('Origin',(30.55,48.682667608726,10.480762122832));
#5707=CARTESIAN_POINT('',(-30.55,48.682667608726,10.480762122832));
#5708=CARTESIAN_POINT('',(-30.55,56.9677489054503,12.8479282076104));
#5709=CARTESIAN_POINT('',(30.55,48.682667608726,10.480762122832));
#5710=CARTESIAN_POINT('Origin',(30.55,48.8200281726747,10.0000001490116));
#5711=CARTESIAN_POINT('',(-30.55,48.682667608726,9.5192381751912));
#5712=CARTESIAN_POINT('Origin',(-30.55,48.8200281726747,10.0000001490116));
#5713=CARTESIAN_POINT('',(30.55,48.682667608726,9.5192381751912));
#5714=CARTESIAN_POINT('Origin',(30.55,66.7252798853816,4.36420609614675));
#5715=CARTESIAN_POINT('',(-30.55,68.6305645171019,3.81983905851237));
#5716=CARTESIAN_POINT('Origin',(30.55,27.570027829948,2.50000002980232));
#5717=CARTESIAN_POINT('',(28.55,27.4326672659993,2.98076200362273));
#5718=CARTESIAN_POINT('',(28.55,27.570027829948,2.00000002980232));
#5719=CARTESIAN_POINT('Origin',(28.55,27.570027829948,2.50000002980232));
#5720=CARTESIAN_POINT('',(30.55,27.4326672659993,2.98076200362273));
#5721=CARTESIAN_POINT('',(30.55,27.4326672659993,2.98076200362273));
#5722=CARTESIAN_POINT('',(30.55,27.570027829948,2.00000002980232));
#5723=CARTESIAN_POINT('Origin',(30.55,27.570027829948,2.50000002980232));
#5724=CARTESIAN_POINT('',(30.55,27.570027829948,2.00000002980232));
#5725=CARTESIAN_POINT('Origin',(30.55,27.570027829948,2.50000002980232));
#5726=CARTESIAN_POINT('',(-30.55,27.4326672659993,2.98076200362273));
#5727=CARTESIAN_POINT('',(-30.55,27.570027829948,2.00000002980232));
#5728=CARTESIAN_POINT('Origin',(-30.55,27.570027829948,2.50000002980232));
#5729=CARTESIAN_POINT('',(30.55,27.4326672659993,2.98076200362273));
#5730=CARTESIAN_POINT('',(30.55,27.570027829948,2.00000002980232));
#5731=CARTESIAN_POINT('Origin',(30.55,62.4299735111565,2.00000002980232));
#5732=CARTESIAN_POINT('',(28.55,62.4299735111565,2.00000002980232));
#5733=CARTESIAN_POINT('',(28.55,66.0149867555783,2.00000002980232));
#5734=CARTESIAN_POINT('',(30.55,62.4299735111565,2.00000002980232));
#5735=CARTESIAN_POINT('',(30.55,31.2149867555783,2.00000002980232));
#5736=CARTESIAN_POINT('',(30.55,62.4299735111565,2.00000002980232));
#5737=CARTESIAN_POINT('Origin',(30.55,62.4299735111565,2.00000002980232));
#5738=CARTESIAN_POINT('',(-30.55,62.4299735111565,2.00000002980232));
#5739=CARTESIAN_POINT('',(-30.55,66.0149867555783,2.00000002980232));
#5740=CARTESIAN_POINT('',(30.55,62.4299735111565,2.00000002980232));
#5741=CARTESIAN_POINT('Origin',(30.55,27.4326672659993,2.98076200362273));
#5742=CARTESIAN_POINT('',(28.55,44.7252795426549,7.92150836838147));
#5743=CARTESIAN_POINT('',(28.55,46.5314279821815,8.4375507796748));
#5744=CARTESIAN_POINT('',(30.55,44.7252795426549,7.92150836838147));
#5745=CARTESIAN_POINT('',(30.55,44.7252795426549,7.92150836838147));
#5746=CARTESIAN_POINT('',(30.55,14.3578430765211,-0.754902050513884));
#5747=CARTESIAN_POINT('Origin',(30.55,62.4299735111565,2.50000002980232));
#5748=CARTESIAN_POINT('',(28.55,62.5673340751052,2.98076200362273));
#5749=CARTESIAN_POINT('Origin',(28.55,62.4299735111565,2.50000002980232));
#5750=CARTESIAN_POINT('',(30.55,62.5673340751052,2.98076200362273));
#5751=CARTESIAN_POINT('Origin',(30.55,62.4299735111565,2.50000002980232));
#5752=CARTESIAN_POINT('',(30.55,62.5673340751052,2.98076200362273));
#5753=CARTESIAN_POINT('Origin',(30.55,62.4299735111565,2.50000002980232));
#5754=CARTESIAN_POINT('',(-30.55,62.5673340751052,2.98076200362273));
#5755=CARTESIAN_POINT('Origin',(-30.55,62.4299735111565,2.50000002980232));
#5756=CARTESIAN_POINT('',(30.55,62.5673340751052,2.98076200362273));
#5757=CARTESIAN_POINT('Origin',(30.55,45.0000006705523,6.95998442074063));
#5758=CARTESIAN_POINT('',(28.55,45.2747217984496,7.92150836838147));
#5759=CARTESIAN_POINT('Origin',(28.55,45.0000006705523,6.95998442074063));
#5760=CARTESIAN_POINT('',(30.55,45.2747217984496,7.92150836838147));
#5761=CARTESIAN_POINT('',(30.55,45.2747217984496,7.92150836838147));
#5762=CARTESIAN_POINT('Origin',(30.55,45.0000006705523,6.95998442074063));
#5763=CARTESIAN_POINT('Origin',(30.55,45.2747217984496,7.92150836838147));
#5764=CARTESIAN_POINT('',(28.55,57.5656628270658,4.409810931634));
#5765=CARTESIAN_POINT('',(30.55,25.3920779214054,13.6022637618227));
#5766=CARTESIAN_POINT('Origin',(30.55,45.2747217984496,7.92150836838147));
#5767=CARTESIAN_POINT('',(-30.55,45.2747217984496,7.92150836838147));
#5768=CARTESIAN_POINT('',(-30.55,57.5656628270658,4.409810931634));
#5769=CARTESIAN_POINT('',(30.55,45.2747217984496,7.92150836838147));
#5770=CARTESIAN_POINT('Origin',(30.55,45.0000006705523,6.95998442074063));
#5771=CARTESIAN_POINT('',(-30.55,44.7252795426549,7.92150836838147));
#5772=CARTESIAN_POINT('Origin',(-30.55,45.0000006705523,6.95998442074063));
#5773=CARTESIAN_POINT('',(30.55,44.7252795426549,7.92150836838147));
#5774=CARTESIAN_POINT('Origin',(30.55,27.4326672659993,2.98076200362273));
#5775=CARTESIAN_POINT('',(-30.55,46.5314279821815,8.4375507796748));
#5776=CARTESIAN_POINT('Origin',(30.55,62.4299735111565,17.5000002682209));
#5777=CARTESIAN_POINT('',(28.55,62.5673340751052,17.0192382944005));
#5778=CARTESIAN_POINT('',(28.55,62.4299735111565,18.0000002682209));
#5779=CARTESIAN_POINT('Origin',(28.55,62.4299735111565,17.5000002682209));
#5780=CARTESIAN_POINT('',(30.55,62.5673340751052,17.0192382944005));
#5781=CARTESIAN_POINT('',(30.55,62.5673340751052,17.0192382944005));
#5782=CARTESIAN_POINT('',(30.55,62.4299735111565,18.0000002682209));
#5783=CARTESIAN_POINT('Origin',(30.55,62.4299735111565,17.5000002682209));
#5784=CARTESIAN_POINT('',(30.55,62.4299735111565,18.0000002682209));
#5785=CARTESIAN_POINT('Origin',(30.55,62.4299735111565,17.5000002682209));
#5786=CARTESIAN_POINT('',(-30.55,62.5673340751052,17.0192382944005));
#5787=CARTESIAN_POINT('',(-30.55,62.4299735111565,18.0000002682209));
#5788=CARTESIAN_POINT('Origin',(-30.55,62.4299735111565,17.5000002682209));
#5789=CARTESIAN_POINT('',(30.55,62.5673340751052,17.0192382944005));
#5790=CARTESIAN_POINT('',(30.55,62.4299735111565,18.0000002682209));
#5791=CARTESIAN_POINT('Origin',(30.55,27.570027829948,18.0000002682209));
#5792=CARTESIAN_POINT('',(28.55,27.570027829948,18.0000002682209));
#5793=CARTESIAN_POINT('',(28.55,48.585013914974,18.0000002682209));
#5794=CARTESIAN_POINT('',(30.55,27.570027829948,18.0000002682209));
#5795=CARTESIAN_POINT('',(30.55,13.785013914974,18.0000002682209));
#5796=CARTESIAN_POINT('',(30.55,27.570027829948,18.0000002682209));
#5797=CARTESIAN_POINT('Origin',(30.55,27.570027829948,18.0000002682209));
#5798=CARTESIAN_POINT('',(-30.55,27.570027829948,18.0000002682209));
#5799=CARTESIAN_POINT('',(-30.55,48.585013914974,18.0000002682209));
#5800=CARTESIAN_POINT('',(30.55,27.570027829948,18.0000002682209));
#5801=CARTESIAN_POINT('Origin',(30.55,62.5673340751052,17.0192382944005));
#5802=CARTESIAN_POINT('',(28.55,45.2747217984496,12.0784919296418));
#5803=CARTESIAN_POINT('',(28.55,63.5704594920697,17.3058455563903));
#5804=CARTESIAN_POINT('',(30.55,45.2747217984496,12.0784919296418));
#5805=CARTESIAN_POINT('',(30.55,45.2747217984496,12.0784919296418));
#5806=CARTESIAN_POINT('',(30.55,31.3968745864093,8.11339272620167));
#5807=CARTESIAN_POINT('Origin',(30.55,27.570027829948,17.5000002682209));
#5808=CARTESIAN_POINT('',(28.55,27.4326672659993,17.0192382944005));
#5809=CARTESIAN_POINT('Origin',(28.55,27.570027829948,17.5000002682209));
#5810=CARTESIAN_POINT('',(30.55,27.4326672659993,17.0192382944005));
#5811=CARTESIAN_POINT('Origin',(30.55,27.570027829948,17.5000002682209));
#5812=CARTESIAN_POINT('',(30.55,27.4326672659993,17.0192382944005));
#5813=CARTESIAN_POINT('Origin',(30.55,27.570027829948,17.5000002682209));
#5814=CARTESIAN_POINT('',(-30.55,27.4326672659993,17.0192382944005));
#5815=CARTESIAN_POINT('Origin',(-30.55,27.570027829948,17.5000002682209));
#5816=CARTESIAN_POINT('',(30.55,27.4326672659993,17.0192382944005));
#5817=CARTESIAN_POINT('Origin',(30.55,45.0000006705523,13.0400158772826));
#5818=CARTESIAN_POINT('',(28.55,44.7252795426549,12.0784919296418));
#5819=CARTESIAN_POINT('Origin',(28.55,45.0000006705523,13.0400158772826));
#5820=CARTESIAN_POINT('',(30.55,44.7252795426549,12.0784919296418));
#5821=CARTESIAN_POINT('',(30.55,44.7252795426549,12.0784919296418));
#5822=CARTESIAN_POINT('Origin',(30.55,45.0000006705523,13.0400158772826));
#5823=CARTESIAN_POINT('Origin',(30.55,44.7252795426549,12.0784919296418));
#5824=CARTESIAN_POINT('',(28.55,57.8192435938331,8.33735934359082));
#5825=CARTESIAN_POINT('',(30.55,25.6456586881728,17.5298121737795));
#5826=CARTESIAN_POINT('Origin',(30.55,44.7252795426549,12.0784919296418));
#5827=CARTESIAN_POINT('',(-30.55,44.7252795426549,12.0784919296418));
#5828=CARTESIAN_POINT('',(-30.55,57.8192435938331,8.33735934359082));
#5829=CARTESIAN_POINT('',(30.55,44.7252795426549,12.0784919296418));
#5830=CARTESIAN_POINT('Origin',(30.55,45.0000006705523,13.0400158772826));
#5831=CARTESIAN_POINT('',(-30.55,45.2747217984496,12.0784919296418));
#5832=CARTESIAN_POINT('Origin',(-30.55,45.0000006705523,13.0400158772826));
#5833=CARTESIAN_POINT('',(30.55,45.2747217984496,12.0784919296418));
#5834=CARTESIAN_POINT('Origin',(30.55,62.5673340751052,17.0192382944005));
#5835=CARTESIAN_POINT('',(-30.55,63.5704594920697,17.3058455563903));
#5836=CARTESIAN_POINT('Origin',(30.55,23.0000003278255,14.6742702542356));
#5837=CARTESIAN_POINT('',(28.55,23.2747214557229,15.6357942018765));
#5838=CARTESIAN_POINT('',(28.55,22.0000003278255,14.6742702542356));
#5839=CARTESIAN_POINT('Origin',(28.55,23.0000003278255,14.6742702542356));
#5840=CARTESIAN_POINT('',(30.55,23.2747214557229,15.6357942018765));
#5841=CARTESIAN_POINT('',(30.55,23.2747214557229,15.6357942018765));
#5842=CARTESIAN_POINT('',(30.55,22.0000003278255,14.6742702542356));
#5843=CARTESIAN_POINT('Origin',(30.55,23.0000003278255,14.6742702542356));
#5844=CARTESIAN_POINT('',(30.55,22.0000003278255,14.6742702542356));
#5845=CARTESIAN_POINT('Origin',(30.55,23.0000003278255,14.6742702542356));
#5846=CARTESIAN_POINT('',(-30.55,23.2747214557229,15.6357942018765));
#5847=CARTESIAN_POINT('',(-30.55,22.0000003278255,14.6742702542356));
#5848=CARTESIAN_POINT('Origin',(-30.55,23.0000003278255,14.6742702542356));
#5849=CARTESIAN_POINT('',(30.55,23.2747214557229,15.6357942018765));
#5850=CARTESIAN_POINT('',(30.55,22.0000003278255,14.6742702542356));
#5851=CARTESIAN_POINT('Origin',(30.55,22.0000003278255,5.32573004378758));
#5852=CARTESIAN_POINT('',(28.55,22.0000003278255,5.32573004378758));
#5853=CARTESIAN_POINT('',(28.55,22.0000003278255,2.66286502189379));
#5854=CARTESIAN_POINT('',(30.55,22.0000003278255,5.32573004378758));
#5855=CARTESIAN_POINT('',(30.55,22.0000003278255,2.66286502189379));
#5856=CARTESIAN_POINT('',(30.55,22.0000003278255,5.32573004378758));
#5857=CARTESIAN_POINT('Origin',(30.55,22.0000003278255,5.32573004378758));
#5858=CARTESIAN_POINT('',(-30.55,22.0000003278255,5.32573004378758));
#5859=CARTESIAN_POINT('',(-30.55,22.0000003278255,2.66286502189379));
#5860=CARTESIAN_POINT('',(30.55,22.0000003278255,5.32573004378758));
#5861=CARTESIAN_POINT('Origin',(30.55,23.2747214557229,15.6357942018765));
#5862=CARTESIAN_POINT('',(28.55,41.3173337323785,10.480762122832));
#5863=CARTESIAN_POINT('',(28.55,46.754341903797,8.92733121671246));
#5864=CARTESIAN_POINT('',(30.55,41.3173337323785,10.480762122832));
#5865=CARTESIAN_POINT('',(30.55,41.3173337323785,10.480762122832));
#5866=CARTESIAN_POINT('',(30.55,14.5807569981366,18.1197840469011));
#5867=CARTESIAN_POINT('Origin',(30.55,23.0000003278255,5.32573004378758));
#5868=CARTESIAN_POINT('',(28.55,23.2747214557229,4.36420609614675));
#5869=CARTESIAN_POINT('Origin',(28.55,23.0000003278255,5.32573004378758));
#5870=CARTESIAN_POINT('',(30.55,23.2747214557229,4.36420609614675));
#5871=CARTESIAN_POINT('Origin',(30.55,23.0000003278255,5.32573004378758));
#5872=CARTESIAN_POINT('',(30.55,23.2747214557229,4.36420609614675));
#5873=CARTESIAN_POINT('Origin',(30.55,23.0000003278255,5.32573004378758));
#5874=CARTESIAN_POINT('',(-30.55,23.2747214557229,4.36420609614675));
#5875=CARTESIAN_POINT('Origin',(-30.55,23.0000003278255,5.32573004378758));
#5876=CARTESIAN_POINT('',(30.55,23.2747214557229,4.36420609614675));
#5877=CARTESIAN_POINT('Origin',(30.55,41.1799731684298,10.0000001490116));
#5878=CARTESIAN_POINT('',(28.55,41.3173337323785,9.5192381751912));
#5879=CARTESIAN_POINT('Origin',(28.55,41.1799731684298,10.0000001490116));
#5880=CARTESIAN_POINT('',(30.55,41.3173337323785,9.5192381751912));
#5881=CARTESIAN_POINT('',(30.55,41.3173337323785,9.5192381751912));
#5882=CARTESIAN_POINT('Origin',(30.55,41.1799731684298,10.0000001490116));
#5883=CARTESIAN_POINT('Origin',(30.55,41.3173337323785,9.5192381751912));
#5884=CARTESIAN_POINT('',(28.55,53.1341385688009,12.8954681284548));
#5885=CARTESIAN_POINT('',(30.55,20.9605536631405,3.70301529826607));
#5886=CARTESIAN_POINT('Origin',(30.55,41.3173337323785,9.5192381751912));
#5887=CARTESIAN_POINT('',(-30.55,41.3173337323785,9.5192381751912));
#5888=CARTESIAN_POINT('',(-30.55,53.1341385688009,12.8954681284548));
#5889=CARTESIAN_POINT('',(30.55,41.3173337323785,9.5192381751912));
#5890=CARTESIAN_POINT('Origin',(30.55,41.1799731684298,10.0000001490116));
#5891=CARTESIAN_POINT('',(-30.55,41.3173337323785,10.480762122832));
#5892=CARTESIAN_POINT('Origin',(-30.55,41.1799731684298,10.0000001490116));
#5893=CARTESIAN_POINT('',(30.55,41.3173337323785,10.480762122832));
#5894=CARTESIAN_POINT('Origin',(30.55,23.2747214557229,15.6357942018765));
#5895=CARTESIAN_POINT('',(-30.55,46.754341903797,8.92733121671246));
#5896=CARTESIAN_POINT('Origin',(30.55,17.0001034353972,17.5627512622373));
#5897=CARTESIAN_POINT('',(28.55,18.0001034353972,17.5627512622373));
#5898=CARTESIAN_POINT('',(28.55,16.1569959512044,18.100496341339));
#5899=CARTESIAN_POINT('Origin',(28.55,17.0001034353972,17.5627512622373));
#5900=CARTESIAN_POINT('',(30.55,18.0001034353972,17.5627512622373));
#5901=CARTESIAN_POINT('',(30.55,18.0001034353972,17.5627512622373));
#5902=CARTESIAN_POINT('',(30.55,16.1569959512044,18.100496341339));
#5903=CARTESIAN_POINT('Origin',(30.55,17.0001034353972,17.5627512622373));
#5904=CARTESIAN_POINT('',(30.55,16.1569959512044,18.100496341339));
#5905=CARTESIAN_POINT('Origin',(30.55,17.0001034353972,17.5627512622373));
#5906=CARTESIAN_POINT('',(-30.55,18.0001034353972,17.5627512622373));
#5907=CARTESIAN_POINT('',(-30.55,16.1569959512044,18.100496341339));
#5908=CARTESIAN_POINT('Origin',(-30.55,17.0001034353972,17.5627512622373));
#5909=CARTESIAN_POINT('',(30.55,18.0001034353972,17.5627512622373));
#5910=CARTESIAN_POINT('',(30.55,16.1569959512044,18.100496341339));
#5911=CARTESIAN_POINT('Origin',(30.55,11.342306263366,10.5517505366094));
#5912=CARTESIAN_POINT('',(28.55,11.342306263366,10.5517505366094));
#5913=CARTESIAN_POINT('',(28.55,17.3735282374606,20.0078452231145));
#5914=CARTESIAN_POINT('',(30.55,11.342306263366,10.5517505366094));
#5915=CARTESIAN_POINT('',(30.55,7.31042023804863,4.23032907602379));
#5916=CARTESIAN_POINT('',(30.55,11.342306263366,10.5517505366094));
#5917=CARTESIAN_POINT('Origin',(30.55,11.342306263366,10.5517505366094));
#5918=CARTESIAN_POINT('',(-30.55,11.342306263366,10.5517505366094));
#5919=CARTESIAN_POINT('',(-30.55,17.3735282374606,20.0078452231145));
#5920=CARTESIAN_POINT('',(30.55,11.342306263366,10.5517505366094));
#5921=CARTESIAN_POINT('Origin',(30.55,18.0001034353972,17.5627512622373));
#5922=CARTESIAN_POINT('',(28.55,18.0001034353972,2.43086903184385));
#5923=CARTESIAN_POINT('',(28.55,18.0001034353972,8.78137563111868));
#5924=CARTESIAN_POINT('',(30.55,18.0001034353972,2.43086903184385));
#5925=CARTESIAN_POINT('',(30.55,18.0001034353972,2.43086903184385));
#5926=CARTESIAN_POINT('',(30.55,18.0001034353972,8.78137563111866));
#5927=CARTESIAN_POINT('Origin',(30.55,12.1854137475588,10.0140054575077));
#5928=CARTESIAN_POINT('',(28.55,11.3412009269593,9.47799732927134));
#5929=CARTESIAN_POINT('Origin',(28.55,12.1854137475588,10.0140054575077));
#5930=CARTESIAN_POINT('',(30.55,11.3412009269593,9.47799732927134));
#5931=CARTESIAN_POINT('Origin',(30.55,12.1854137475588,10.0140054575077));
#5932=CARTESIAN_POINT('',(30.55,11.3412009269593,9.47799732927134));
#5933=CARTESIAN_POINT('Origin',(30.55,12.1854137475588,10.0140054575077));
#5934=CARTESIAN_POINT('',(-30.55,11.3412009269593,9.47799732927134));
#5935=CARTESIAN_POINT('Origin',(-30.55,12.1854137475588,10.0140054575077));
#5936=CARTESIAN_POINT('',(30.55,11.3412009269593,9.47799732927134));
#5937=CARTESIAN_POINT('Origin',(30.55,17.0001034353972,2.43086903184384));
#5938=CARTESIAN_POINT('',(28.55,16.1558906147977,1.89486090360746));
#5939=CARTESIAN_POINT('Origin',(28.55,17.0001034353972,2.43086903184384));
#5940=CARTESIAN_POINT('',(30.55,16.1558906147977,1.89486090360746));
#5941=CARTESIAN_POINT('',(30.55,16.1558906147977,1.89486090360746));
#5942=CARTESIAN_POINT('Origin',(30.55,17.0001034353972,2.43086903184384));
#5943=CARTESIAN_POINT('Origin',(30.55,16.1558906147977,1.89486090360746));
#5944=CARTESIAN_POINT('',(28.55,24.261979837211,-10.8722299033933));
#5945=CARTESIAN_POINT('',(30.55,14.2637758061763,4.87494179294025));
#5946=CARTESIAN_POINT('Origin',(30.55,16.1558906147977,1.89486090360746));
#5947=CARTESIAN_POINT('',(-30.55,16.1558906147977,1.89486090360746));
#5948=CARTESIAN_POINT('',(-30.55,24.261979837211,-10.8722299033933));
#5949=CARTESIAN_POINT('',(30.55,16.1558906147977,1.89486090360746));
#5950=CARTESIAN_POINT('Origin',(30.55,17.0001034353972,2.43086903184384));
#5951=CARTESIAN_POINT('',(-30.55,18.0001034353972,2.43086903184385));
#5952=CARTESIAN_POINT('Origin',(-30.55,17.0001034353972,2.43086903184384));
#5953=CARTESIAN_POINT('',(30.55,18.0001034353972,2.43086903184385));
#5954=CARTESIAN_POINT('Origin',(30.55,18.0001034353972,17.5627512622373));
#5955=CARTESIAN_POINT('',(-30.55,18.0001034353972,8.78137563111868));
#5956=CARTESIAN_POINT('Origin',(30.55,10.0061720638697,7.11932548213543));
#5957=CARTESIAN_POINT('',(28.55,10.8540647358881,7.64949339585467));
#5958=CARTESIAN_POINT('',(28.55,9.15490283149243,7.64405464466393));
#5959=CARTESIAN_POINT('Origin',(28.55,10.0061720638697,7.11932548213543));
#5960=CARTESIAN_POINT('',(30.55,10.8540647358881,7.64949339585467));
#5961=CARTESIAN_POINT('',(30.55,10.8540647358881,7.64949339585467));
#5962=CARTESIAN_POINT('',(30.55,9.15490283149243,7.64405464466393));
#5963=CARTESIAN_POINT('Origin',(30.55,10.0061720638697,7.11932548213543));
#5964=CARTESIAN_POINT('',(30.55,9.15490283149243,7.64405464466393));
#5965=CARTESIAN_POINT('Origin',(30.55,10.0061720638697,7.11932548213543));
#5966=CARTESIAN_POINT('',(-30.55,10.8540647358881,7.64949339585467));
#5967=CARTESIAN_POINT('',(-30.55,9.15490283149243,7.64405464466393));
#5968=CARTESIAN_POINT('Origin',(-30.55,10.0061720638697,7.11932548213543));
#5969=CARTESIAN_POINT('',(30.55,10.8540647358881,7.64949339585467));
#5970=CARTESIAN_POINT('',(30.55,9.15490283149243,7.64405464466393));
#5971=CARTESIAN_POINT('Origin',(30.55,3.98995868460212,-0.735045190397615));
#5972=CARTESIAN_POINT('',(28.55,3.98995868460212,-0.735045190397615));
#5973=CARTESIAN_POINT('',(28.55,13.1866829607262,14.1848200924774));
#5974=CARTESIAN_POINT('',(30.55,3.98995868460212,-0.735045190397615));
#5975=CARTESIAN_POINT('',(30.55,3.60482680925225,-1.35984544795005));
#5976=CARTESIAN_POINT('',(30.55,3.98995868460212,-0.735045190397615));
#5977=CARTESIAN_POINT('Origin',(30.55,3.98995868460212,-0.735045190397615));
#5978=CARTESIAN_POINT('',(-30.55,3.98995868460212,-0.735045190397615));
#5979=CARTESIAN_POINT('',(-30.55,13.1866829607262,14.1848200924774));
#5980=CARTESIAN_POINT('',(30.55,3.98995868460212,-0.735045190397615));
#5981=CARTESIAN_POINT('Origin',(30.55,10.8540647358881,7.64949339585467));
#5982=CARTESIAN_POINT('',(28.55,16.0933244028276,-0.729606439206888));
#5983=CARTESIAN_POINT('',(28.55,20.8294813532162,-8.30409872334443));
#5984=CARTESIAN_POINT('',(30.55,16.0933244028276,-0.729606439206888));
#5985=CARTESIAN_POINT('',(30.55,16.0933244028276,-0.729606439206888));
#5986=CARTESIAN_POINT('',(30.55,11.0479663707542,7.33938829322413));
#5987=CARTESIAN_POINT('Origin',(30.55,4.84122791697936,-1.25977435292613));
#5988=CARTESIAN_POINT('',(28.55,4.84122791697935,-2.25977435292613));
#5989=CARTESIAN_POINT('Origin',(28.55,4.84122791697936,-1.25977435292613));
#5990=CARTESIAN_POINT('',(30.55,4.84122791697935,-2.25977435292613));
#5991=CARTESIAN_POINT('Origin',(30.55,4.84122791697936,-1.25977435292613));
#5992=CARTESIAN_POINT('',(30.55,4.84122791697935,-2.25977435292613));
#5993=CARTESIAN_POINT('Origin',(30.55,4.84122791697936,-1.25977435292613));
#5994=CARTESIAN_POINT('',(-30.55,4.84122791697935,-2.25977435292613));
#5995=CARTESIAN_POINT('Origin',(-30.55,4.84122791697936,-1.25977435292613));
#5996=CARTESIAN_POINT('',(30.55,4.84122791697935,-2.25977435292613));
#5997=CARTESIAN_POINT('Origin',(30.55,15.2454317308092,-1.25977435292613));
#5998=CARTESIAN_POINT('',(28.55,15.2454317308092,-2.25977435292613));
#5999=CARTESIAN_POINT('Origin',(28.55,15.2454317308092,-1.25977435292613));
#6000=CARTESIAN_POINT('',(30.55,15.2454317308092,-2.25977435292613));
#6001=CARTESIAN_POINT('',(30.55,15.2454317308092,-2.25977435292613));
#6002=CARTESIAN_POINT('Origin',(30.55,15.2454317308092,-1.25977435292613));
#6003=CARTESIAN_POINT('Origin',(30.55,15.2454317308092,-2.25977435292613));
#6004=CARTESIAN_POINT('',(30.55,7.62271586540459,-2.25977435292613));
#6005=CARTESIAN_POINT('',(28.55,42.4227158654046,-2.25977435292614));
#6006=CARTESIAN_POINT('',(30.55,7.62271586540459,-2.25977435292613));
#6007=CARTESIAN_POINT('Origin',(30.55,15.2454317308092,-2.25977435292613));
#6008=CARTESIAN_POINT('',(-30.55,42.4227158654046,-2.25977435292614));
#6009=CARTESIAN_POINT('',(-30.55,15.2454317308092,-2.25977435292613));
#6010=CARTESIAN_POINT('',(30.55,15.2454317308092,-2.25977435292613));
#6011=CARTESIAN_POINT('',(-30.55,42.4227158654046,-2.25977435292614));
#6012=CARTESIAN_POINT('Origin',(30.55,15.2454317308092,-1.25977435292613));
#6013=CARTESIAN_POINT('',(-30.55,16.0933244028276,-0.729606439206888));
#6014=CARTESIAN_POINT('Origin',(-30.55,15.2454317308092,-1.25977435292613));
#6015=CARTESIAN_POINT('',(30.55,16.0933244028276,-0.729606439206888));
#6016=CARTESIAN_POINT('Origin',(30.55,10.8540647358881,7.64949339585467));
#6017=CARTESIAN_POINT('',(-30.55,20.8294813532162,-8.30409872334443));
#6018=CARTESIAN_POINT('Origin',(30.55,10.0061645412355,12.9050611058383));
#6019=CARTESIAN_POINT('',(28.55,9.15593975743171,12.3786412952254));
#6020=CARTESIAN_POINT('',(28.55,10.852995271159,12.3731986096448));
#6021=CARTESIAN_POINT('Origin',(28.55,10.0061645412355,12.9050611058383));
#6022=CARTESIAN_POINT('',(30.55,9.15593975743171,12.3786412952254));
#6023=CARTESIAN_POINT('',(30.55,9.15593975743171,12.3786412952254));
#6024=CARTESIAN_POINT('',(30.55,10.852995271159,12.3731986096448));
#6025=CARTESIAN_POINT('Origin',(30.55,10.0061645412355,12.9050611058383));
#6026=CARTESIAN_POINT('',(30.55,10.852995271159,12.3731986096448));
#6027=CARTESIAN_POINT('Origin',(30.55,10.0061645412355,12.9050611058383));
#6028=CARTESIAN_POINT('',(-30.55,9.15593975743171,12.3786412952254));
#6029=CARTESIAN_POINT('',(-30.55,10.852995271159,12.3731986096448));
#6030=CARTESIAN_POINT('Origin',(-30.55,10.0061645412355,12.9050611058383));
#6031=CARTESIAN_POINT('',(30.55,9.15593975743171,12.3786412952254));
#6032=CARTESIAN_POINT('',(30.55,10.852995271159,12.3731986096448));
#6033=CARTESIAN_POINT('Origin',(30.55,16.0879982799496,20.7083631508803));
#6034=CARTESIAN_POINT('',(28.55,16.0879982799496,20.7083631508803));
#6035=CARTESIAN_POINT('',(28.55,18.9931771050437,25.333984853143));
#6036=CARTESIAN_POINT('',(30.55,16.0879982799496,20.7083631508803));
#6037=CARTESIAN_POINT('',(30.55,9.14903262801085,9.66015164884849));
#6038=CARTESIAN_POINT('',(30.55,16.0879982799496,20.7083631508803));
#6039=CARTESIAN_POINT('Origin',(30.55,16.0879982799496,20.7083631508803));
#6040=CARTESIAN_POINT('',(-30.55,16.0879982799496,20.7083631508803));
#6041=CARTESIAN_POINT('',(-30.55,18.9931771050437,25.333984853143));
#6042=CARTESIAN_POINT('',(30.55,16.0879982799496,20.7083631508803));
#6043=CARTESIAN_POINT('Origin',(30.55,9.15593975743171,12.3786412952254));
#6044=CARTESIAN_POINT('',(28.55,3.99519189073922,20.713805836461));
#6045=CARTESIAN_POINT('',(28.55,20.3011890091111,-5.62213858503006));
#6046=CARTESIAN_POINT('',(30.55,3.99519189073922,20.713805836461));
#6047=CARTESIAN_POINT('',(30.55,3.99519189073922,20.713805836461));
#6048=CARTESIAN_POINT('',(30.55,10.6574889773115,9.95347731943083));
#6049=CARTESIAN_POINT('Origin',(30.55,15.2411675500261,21.2402256470739));
#6050=CARTESIAN_POINT('',(28.55,15.2411675500261,22.2402256470739));
#6051=CARTESIAN_POINT('Origin',(28.55,15.2411675500261,21.2402256470739));
#6052=CARTESIAN_POINT('',(30.55,15.2411675500261,22.2402256470739));
#6053=CARTESIAN_POINT('Origin',(30.55,15.2411675500261,21.2402256470739));
#6054=CARTESIAN_POINT('',(30.55,15.2411675500261,22.2402256470739));
#6055=CARTESIAN_POINT('Origin',(30.55,15.2411675500261,21.2402256470739));
#6056=CARTESIAN_POINT('',(-30.55,15.2411675500261,22.2402256470739));
#6057=CARTESIAN_POINT('Origin',(-30.55,15.2411675500261,21.2402256470739));
#6058=CARTESIAN_POINT('',(30.55,15.2411675500261,22.2402256470739));
#6059=CARTESIAN_POINT('Origin',(30.55,4.84541667454304,21.2402256470739));
#6060=CARTESIAN_POINT('',(28.55,4.84541667454304,22.2402256470739));
#6061=CARTESIAN_POINT('Origin',(28.55,4.84541667454304,21.2402256470739));
#6062=CARTESIAN_POINT('',(30.55,4.84541667454304,22.2402256470739));
#6063=CARTESIAN_POINT('',(30.55,4.84541667454304,22.2402256470739));
#6064=CARTESIAN_POINT('Origin',(30.55,4.84541667454304,21.2402256470739));
#6065=CARTESIAN_POINT('Origin',(30.55,4.84541667454304,22.2402256470739));
#6066=CARTESIAN_POINT('',(28.55,37.2227083372715,22.2402256470739));
#6067=CARTESIAN_POINT('',(30.55,2.42270833727152,22.2402256470739));
#6068=CARTESIAN_POINT('Origin',(30.55,4.84541667454304,22.2402256470739));
#6069=CARTESIAN_POINT('',(-30.55,4.84541667454304,22.2402256470739));
#6070=CARTESIAN_POINT('',(-30.55,37.2227083372715,22.2402256470739));
#6071=CARTESIAN_POINT('',(30.55,4.84541667454304,22.2402256470739));
#6072=CARTESIAN_POINT('Origin',(30.55,4.84541667454304,21.2402256470739));
#6073=CARTESIAN_POINT('',(-30.55,3.99519189073922,20.713805836461));
#6074=CARTESIAN_POINT('Origin',(-30.55,4.84541667454304,21.2402256470739));
#6075=CARTESIAN_POINT('',(30.55,3.99519189073922,20.713805836461));
#6076=CARTESIAN_POINT('Origin',(30.55,9.15593975743171,12.3786412952254));
#6077=CARTESIAN_POINT('',(-30.55,20.3011890091111,-5.62213858503006));
#6078=CARTESIAN_POINT('Origin',(30.55,7.81479340816783,10.0140054574745));
#6079=CARTESIAN_POINT('',(28.55,8.65900621947358,9.47799731460047));
#6080=CARTESIAN_POINT('',(28.55,8.65790088301885,10.5517505512227));
#6081=CARTESIAN_POINT('Origin',(28.55,7.81479340816783,10.0140054574745));
#6082=CARTESIAN_POINT('',(30.55,8.65900621947358,9.47799731460047));
#6083=CARTESIAN_POINT('',(30.55,8.65900621947358,9.47799731460047));
#6084=CARTESIAN_POINT('',(30.55,8.65790088301885,10.5517505512227));
#6085=CARTESIAN_POINT('Origin',(30.55,7.81479340816783,10.0140054574745));
#6086=CARTESIAN_POINT('',(30.55,8.65790088301885,10.5517505512227));
#6087=CARTESIAN_POINT('Origin',(30.55,7.81479340816783,10.0140054574745));
#6088=CARTESIAN_POINT('',(-30.55,8.65900621947358,9.47799731460047));
#6089=CARTESIAN_POINT('',(-30.55,8.65790088301885,10.5517505512227));
#6090=CARTESIAN_POINT('Origin',(-30.55,7.81479340816783,10.0140054574745));
#6091=CARTESIAN_POINT('',(30.55,8.65900621947358,9.47799731460047));
#6092=CARTESIAN_POINT('',(30.55,8.65790088301885,10.5517505512227));
#6093=CARTESIAN_POINT('Origin',(30.55,3.84321094005056,18.1004964667121));
#6094=CARTESIAN_POINT('',(28.55,3.84321094005056,18.1004964667121));
#6095=CARTESIAN_POINT('',(28.55,17.453822806995,-3.23899827852312));
#6096=CARTESIAN_POINT('',(30.55,3.84321094005056,18.1004964667121));
#6097=CARTESIAN_POINT('',(30.55,7.39071425940379,12.538518123483));
#6098=CARTESIAN_POINT('',(30.55,3.84321094005056,18.1004964667121));
#6099=CARTESIAN_POINT('Origin',(30.55,3.84321094005056,18.1004964667121));
#6100=CARTESIAN_POINT('',(-30.55,3.84321094005056,18.1004964667121));
#6101=CARTESIAN_POINT('',(-30.55,17.453822806995,-3.23899827852312));
#6102=CARTESIAN_POINT('',(30.55,3.84321094005056,18.1004964667121));
#6103=CARTESIAN_POINT('Origin',(30.55,8.65900621947358,9.47799731460047));
#6104=CARTESIAN_POINT('',(28.55,3.8443162765053,1.89486077767217));
#6105=CARTESIAN_POINT('',(28.55,15.2689037692833,19.8885857863502));
#6106=CARTESIAN_POINT('',(30.55,3.8443162765053,1.89486077767217));
#6107=CARTESIAN_POINT('',(30.55,3.8443162765053,1.89486077767217));
#6108=CARTESIAN_POINT('',(30.55,5.27069919217593,4.14141383334077));
#6109=CARTESIAN_POINT('Origin',(30.55,3.00010346519953,17.5627513729639));
#6110=CARTESIAN_POINT('',(28.55,2.00010346519953,17.5627513729639));
#6111=CARTESIAN_POINT('Origin',(28.55,3.00010346519953,17.5627513729639));
#6112=CARTESIAN_POINT('',(30.55,2.00010346519953,17.5627513729639));
#6113=CARTESIAN_POINT('Origin',(30.55,3.00010346519953,17.5627513729639));
#6114=CARTESIAN_POINT('',(30.55,2.00010346519953,17.5627513729639));
#6115=CARTESIAN_POINT('Origin',(30.55,3.00010346519953,17.5627513729639));
#6116=CARTESIAN_POINT('',(-30.55,2.00010346519953,17.5627513729639));
#6117=CARTESIAN_POINT('Origin',(-30.55,3.00010346519953,17.5627513729639));
#6118=CARTESIAN_POINT('',(30.55,2.00010346519953,17.5627513729639));
#6119=CARTESIAN_POINT('Origin',(30.55,3.00010346519953,2.43086892054617));
#6120=CARTESIAN_POINT('',(28.55,2.00010346519953,2.43086892054616));
#6121=CARTESIAN_POINT('Origin',(28.55,3.00010346519953,2.43086892054617));
#6122=CARTESIAN_POINT('',(30.55,2.00010346519953,2.43086892054616));
#6123=CARTESIAN_POINT('',(30.55,2.00010346519953,2.43086892054616));
#6124=CARTESIAN_POINT('Origin',(30.55,3.00010346519953,2.43086892054617));
#6125=CARTESIAN_POINT('Origin',(30.55,2.00010346519953,2.43086892054616));
#6126=CARTESIAN_POINT('',(28.55,2.00010346519953,1.21543446027309));
#6127=CARTESIAN_POINT('',(30.55,2.00010346519953,1.21543446027308));
#6128=CARTESIAN_POINT('Origin',(30.55,2.00010346519953,2.43086892054616));
#6129=CARTESIAN_POINT('',(-30.55,2.00010346519953,2.43086892054616));
#6130=CARTESIAN_POINT('',(-30.55,2.00010346519953,1.21543446027309));
#6131=CARTESIAN_POINT('',(30.55,2.00010346519953,2.43086892054616));
#6132=CARTESIAN_POINT('Origin',(30.55,3.00010346519953,2.43086892054617));
#6133=CARTESIAN_POINT('',(-30.55,3.8443162765053,1.89486077767217));
#6134=CARTESIAN_POINT('Origin',(-30.55,3.00010346519953,2.43086892054617));
#6135=CARTESIAN_POINT('',(30.55,3.8443162765053,1.89486077767217));
#6136=CARTESIAN_POINT('Origin',(30.55,8.65900621947358,9.47799731460047));
#6137=CARTESIAN_POINT('',(-30.55,15.2689037692833,19.8885857863502));
#6138=CARTESIAN_POINT('Origin',(24.05,4.5,34.0500000010894));
#6139=CARTESIAN_POINT('',(24.05,4.5,30.8000000010894));
#6140=CARTESIAN_POINT('Origin',(24.05,4.5,34.0500000010894));
#6141=CARTESIAN_POINT('',(24.05,4.5,32.2500000010894));
#6142=CARTESIAN_POINT('Origin',(24.05,4.5,34.0500000010894));
#6143=CARTESIAN_POINT('Origin',(24.05,3.375,34.0500000010894));
#6144=CARTESIAN_POINT('',(24.05,3.375,32.2500000010894));
#6145=CARTESIAN_POINT('Origin',(-24.05,4.5,34.0500000010894));
#6146=CARTESIAN_POINT('',(-24.05,4.5,30.8000000010894));
#6147=CARTESIAN_POINT('Origin',(-24.05,4.5,34.0500000010894));
#6148=CARTESIAN_POINT('',(-24.05,4.5,32.2500000010894));
#6149=CARTESIAN_POINT('Origin',(-24.05,4.5,34.0500000010894));
#6150=CARTESIAN_POINT('Origin',(-24.05,3.375,34.0500000010894));
#6151=CARTESIAN_POINT('',(-24.05,0.,32.2500000010894));
#6152=CARTESIAN_POINT('',(-24.05,3.375,32.2500000010894));
#6153=CARTESIAN_POINT('Origin',(-24.05,0.,34.0500000010894));
#6154=CARTESIAN_POINT('Origin',(24.05,13.75,34.0500000010894));
#6155=CARTESIAN_POINT('',(24.05,13.75,30.8000000010894));
#6156=CARTESIAN_POINT('Origin',(-24.05,13.75,34.0500000010894));
#6157=CARTESIAN_POINT('',(-24.05,20.,30.8000000010894));
#6158=CARTESIAN_POINT('Origin',(-24.05,20.,34.0500000010894));
#6159=CARTESIAN_POINT('',(-24.05,13.75,30.8000000010894));
#6160=CARTESIAN_POINT('Origin',(-24.3,0.,34.2500000010895));
#6161=CARTESIAN_POINT('',(-24.3,0.,29.2500000010894));
#6162=CARTESIAN_POINT('',(-19.3,0.,34.2500000010894));
#6163=CARTESIAN_POINT('Origin',(-24.3,0.,34.2500000010895));
#6164=CARTESIAN_POINT('',(-24.3,20.,29.2500000010894));
#6165=CARTESIAN_POINT('',(-24.3,0.,29.2500000010894));
#6166=CARTESIAN_POINT('',(-19.3,20.,34.2500000010894));
#6167=CARTESIAN_POINT('Origin',(-24.3,20.,34.2500000010895));
#6168=CARTESIAN_POINT('',(-19.3,0.,34.2500000010894));
#6169=CARTESIAN_POINT('Origin',(-19.3,0.,36.5000000010894));
#6170=CARTESIAN_POINT('',(-19.3,0.,36.5000000010894));
#6171=CARTESIAN_POINT('',(-19.3,0.,36.5000000010894));
#6172=CARTESIAN_POINT('',(-19.3,20.,36.5000000010894));
#6173=CARTESIAN_POINT('',(-19.3,20.,36.5000000010894));
#6174=CARTESIAN_POINT('',(-19.3,0.,36.5000000010894));
#6175=CARTESIAN_POINT('Origin',(-21.8,0.,36.5000000010894));
#6176=CARTESIAN_POINT('',(-21.8,0.,39.0000000010895));
#6177=CARTESIAN_POINT('Origin',(-21.8,0.,36.5000000010894));
#6178=CARTESIAN_POINT('',(-21.8,20.,39.0000000010895));
#6179=CARTESIAN_POINT('Origin',(-21.8,20.,36.5000000010894));
#6180=CARTESIAN_POINT('',(-21.8,0.,39.0000000010895));
#6181=CARTESIAN_POINT('Origin',(-28.05,0.,39.0000000010894));
#6182=CARTESIAN_POINT('',(-28.05,0.,39.0000000010894));
#6183=CARTESIAN_POINT('',(-28.05,0.,39.0000000010894));
#6184=CARTESIAN_POINT('',(-28.05,20.,39.0000000010894));
#6185=CARTESIAN_POINT('',(-28.05,20.,39.0000000010894));
#6186=CARTESIAN_POINT('',(-28.05,0.,39.0000000010894));
#6187=CARTESIAN_POINT('Origin',(-28.05,0.,36.5000000010895));
#6188=CARTESIAN_POINT('',(-30.55,0.,36.5000000010894));
#6189=CARTESIAN_POINT('Origin',(-28.05,0.,36.5000000010895));
#6190=CARTESIAN_POINT('',(-30.55,20.,36.5000000010894));
#6191=CARTESIAN_POINT('Origin',(-28.05,20.,36.5000000010895));
#6192=CARTESIAN_POINT('',(-30.55,0.,36.5000000010894));
#6193=CARTESIAN_POINT('Origin',(-26.05,0.,26.7500000010894));
#6194=CARTESIAN_POINT('',(-26.05,0.,29.2500000010894));
#6195=CARTESIAN_POINT('Origin',(-26.05,0.,26.7500000010894));
#6196=CARTESIAN_POINT('',(-26.05,20.,29.2500000010894));
#6197=CARTESIAN_POINT('Origin',(-26.05,20.,26.7500000010894));
#6198=CARTESIAN_POINT('',(-26.05,0.,29.2500000010894));
#6199=CARTESIAN_POINT('Origin',(-24.3,0.,29.2500000010894));
#6200=CARTESIAN_POINT('',(-24.3,0.,29.2500000010894));
#6201=CARTESIAN_POINT('',(-24.3,20.,29.2500000010894));
#6202=CARTESIAN_POINT('Origin',(-24.925,20.,29.5000000005447));
#6203=CARTESIAN_POINT('',(-30.55,20.,36.5000000010894));
#6204=CARTESIAN_POINT('Origin',(19.3,0.,34.2500000010894));
#6205=CARTESIAN_POINT('',(19.3,0.,36.5000000010894));
#6206=CARTESIAN_POINT('',(19.3,0.,34.2500000010894));
#6207=CARTESIAN_POINT('Origin',(24.3,0.,34.2500000010894));
#6208=CARTESIAN_POINT('',(24.3,0.,29.2500000010894));
#6209=CARTESIAN_POINT('Origin',(26.05,0.,29.2500000010894));
#6210=CARTESIAN_POINT('',(26.05,0.,29.2500000010894));
#6211=CARTESIAN_POINT('Origin',(26.05,0.,26.7500000010894));
#6212=CARTESIAN_POINT('',(28.55,0.,26.7500000010895));
#6213=CARTESIAN_POINT('Origin',(28.05,0.,36.5000000010894));
#6214=CARTESIAN_POINT('',(30.55,0.,36.5000000010894));
#6215=CARTESIAN_POINT('',(28.05,0.,39.0000000010894));
#6216=CARTESIAN_POINT('Origin',(21.8,0.,39.0000000010895));
#6217=CARTESIAN_POINT('',(21.8,0.,39.0000000010895));
#6218=CARTESIAN_POINT('Origin',(21.8,0.,36.5000000010894));
#6219=CARTESIAN_POINT('Origin',(-30.05,22.,-2.));
#6220=CARTESIAN_POINT('',(-30.55,22.,0.));
#6221=CARTESIAN_POINT('Origin',(-30.55,22.,-2.));
#6222=CARTESIAN_POINT('',(-30.05,22.,0.));
#6223=CARTESIAN_POINT('Origin',(0.5,22.,-2.));
#6224=CARTESIAN_POINT('',(28.55,20.,-2.));
#6225=CARTESIAN_POINT('',(28.55,22.,0.));
#6226=CARTESIAN_POINT('Origin',(28.55,22.,-2.));
#6227=CARTESIAN_POINT('',(30.55,22.,0.));
#6228=CARTESIAN_POINT('',(0.5,22.,0.));
#6229=CARTESIAN_POINT('',(30.55,20.,-2.));
#6230=CARTESIAN_POINT('Origin',(30.55,22.,-2.));
#6231=CARTESIAN_POINT('',(0.5,20.,-2.));
#6232=CARTESIAN_POINT('Origin',(-29.55,34.8,0.));
#6233=CARTESIAN_POINT('',(-30.55,70.0220993618857,0.));
#6234=CARTESIAN_POINT('',(-30.55,71.6,0.));
#6235=CARTESIAN_POINT('',(-29.0032754768999,71.9700576114488,0.));
#6236=CARTESIAN_POINT('Origin',(-28.55,70.0220993618857,0.));
#6237=CARTESIAN_POINT('',(29.0032754768999,71.9700576114488,0.));
#6238=CARTESIAN_POINT('Origin',(2.34146363874034E-29,-52.6719594594603,
0.));
#6239=CARTESIAN_POINT('',(30.55,70.0220993618857,0.));
#6240=CARTESIAN_POINT('Origin',(28.55,70.0220993618857,0.));
#6241=CARTESIAN_POINT('',(30.55,69.6,0.));
#6242=CARTESIAN_POINT('',(28.55,69.6,0.));
#6243=CARTESIAN_POINT('',(28.55,0.,0.));
#6244=CARTESIAN_POINT('Origin',(-6.94803332534366E-6,-38.6990400990171,
0.));
#6245=CARTESIAN_POINT('Origin',(-28.55,70.0220993618857,20.));
#6246=CARTESIAN_POINT('',(-30.55,70.0220993618857,20.));
#6247=CARTESIAN_POINT('',(-29.0032754768999,71.9700576114488,20.));
#6248=CARTESIAN_POINT('Origin',(-30.55,69.6,0.));
#6249=CARTESIAN_POINT('',(-30.55,0.,-4.00000005960464));
#6250=CARTESIAN_POINT('Origin',(28.55,70.0220993618857,20.));
#6251=CARTESIAN_POINT('',(29.0032754768999,71.9700576114489,20.));
#6252=CARTESIAN_POINT('',(30.55,70.0220993618857,20.));
#6253=CARTESIAN_POINT('Origin',(30.55,0.,0.));
#6254=CARTESIAN_POINT('',(30.55,20.,0.));
#6255=CARTESIAN_POINT('Origin',(30.55,20.,0.));
#6256=CARTESIAN_POINT('',(28.55,20.,0.));
#6257=CARTESIAN_POINT('Origin',(2.34146363874034E-29,-52.6719594594603,
20.));
#6258=CARTESIAN_POINT('Origin',(-6.94803332534366E-6,-38.6990400990171,
20.));
#6259=CARTESIAN_POINT('',(28.55,69.6,0.));
#6260=CARTESIAN_POINT('Origin',(28.55,69.6,0.));
#6261=CARTESIAN_POINT('Origin',(-30.55,0.,0.));
#6262=UNCERTAINTY_MEASURE_WITH_UNIT(LENGTH_MEASURE(0.01),#6266,
'DISTANCE_ACCURACY_VALUE',
'Maximum model space distance between geometric entities at asserted c
onnectivities');
#6263=UNCERTAINTY_MEASURE_WITH_UNIT(LENGTH_MEASURE(0.01),#6266,
'DISTANCE_ACCURACY_VALUE',
'Maximum model space distance between geometric entities at asserted c
onnectivities');
#6264=(
GEOMETRIC_REPRESENTATION_CONTEXT(3)
GLOBAL_UNCERTAINTY_ASSIGNED_CONTEXT((#6262))
GLOBAL_UNIT_ASSIGNED_CONTEXT((#6266,#6268,#6269))
REPRESENTATION_CONTEXT('','3D')
);
#6265=(
GEOMETRIC_REPRESENTATION_CONTEXT(3)
GLOBAL_UNCERTAINTY_ASSIGNED_CONTEXT((#6263))
GLOBAL_UNIT_ASSIGNED_CONTEXT((#6266,#6268,#6269))
REPRESENTATION_CONTEXT('','3D')
);
#6266=(
LENGTH_UNIT()
NAMED_UNIT(*)
SI_UNIT(.MILLI.,.METRE.)
);
#6267=(
LENGTH_UNIT()
NAMED_UNIT(*)
SI_UNIT($,.METRE.)
);
#6268=(
NAMED_UNIT(*)
PLANE_ANGLE_UNIT()
SI_UNIT($,.RADIAN.)
);
#6269=(
NAMED_UNIT(*)
SI_UNIT($,.STERADIAN.)
SOLID_ANGLE_UNIT()
);
#6270=SHAPE_DEFINITION_REPRESENTATION(#6271,#6272);
#6271=PRODUCT_DEFINITION_SHAPE('',$,#6274);
#6272=SHAPE_REPRESENTATION('',(#3548),#6264);
#6273=PRODUCT_DEFINITION_CONTEXT('part definition',#6278,'design');
#6274=PRODUCT_DEFINITION('TM Back Holder','TM Back Holder v7',#6275,#6273);
#6275=PRODUCT_DEFINITION_FORMATION('',$,#6280);
#6276=PRODUCT_RELATED_PRODUCT_CATEGORY('TM Back Holder v7',
'TM Back Holder v7',(#6280));
#6277=APPLICATION_PROTOCOL_DEFINITION('international standard',
'automotive_design',2009,#6278);
#6278=APPLICATION_CONTEXT(
'Core Data for Automotive Mechanical Design Process');
#6279=PRODUCT_CONTEXT('part definition',#6278,'mechanical');
#6280=PRODUCT('TM Back Holder','TM Back Holder v7',$,(#6279));
#6281=PRESENTATION_STYLE_ASSIGNMENT((#6283));
#6282=PRESENTATION_STYLE_ASSIGNMENT((#6284));
#6283=SURFACE_STYLE_USAGE(.BOTH.,#6285);
#6284=SURFACE_STYLE_USAGE(.BOTH.,#6286);
#6285=SURFACE_SIDE_STYLE('',(#6287));
#6286=SURFACE_SIDE_STYLE('',(#6288));
#6287=SURFACE_STYLE_FILL_AREA(#6289);
#6288=SURFACE_STYLE_FILL_AREA(#6290);
#6289=FILL_AREA_STYLE('Steel - Satin',(#6291));
#6290=FILL_AREA_STYLE('Powder Coat - Rough (Black)',(#6292));
#6291=FILL_AREA_STYLE_COLOUR('Steel - Satin',#6293);
#6292=FILL_AREA_STYLE_COLOUR('Powder Coat - Rough (Black)',#6294);
#6293=COLOUR_RGB('Steel - Satin',0.627450980392157,0.627450980392157,0.627450980392157);
#6294=COLOUR_RGB('Powder Coat - Rough (Black)',0.0705882352941176,0.529411764705882,
0.164705882352941);
ENDSEC;
END-ISO-10303-21;
