ISO-10303-21;
HEADER;
/* Generated by software containing ST-Developer
 * from STEP Tools, Inc. (www.steptools.com) 
 */

FILE_DESCRIPTION(
/* description */ (''),
/* implementation_level */ '2;1');

FILE_NAME(
/* name */ 'TM Front Holder.step',
/* time_stamp */ '2026-03-25T02:12:44-04:00',
/* author */ (''),
/* organization */ (''),
/* preprocessor_version */ 'ST-DEVELOPER v20.1',
/* originating_system */ 'Autodesk Translation Framework v14.24.0.0',
/* authorisation */ '');

FILE_SCHEMA (('AUTOMOTIVE_DESIGN { 1 0 10303 214 3 1 1 }'));
ENDSEC;

DATA;
#10=MECHANICAL_DESIGN_GEOMETRIC_PRESENTATION_REPRESENTATION('',(#13),#4081);
#11=SHAPE_REPRESENTATION_RELATIONSHIP('SRR','None',#4088,#12);
#12=ADVANCED_BREP_SHAPE_REPRESENTATION('',(#14),#4080);
#13=STYLED_ITEM('',(#4098),#14);
#14=MANIFOLD_SOLID_BREP('Body1',#2422);
#15=CYLINDRICAL_SURFACE('',#2443,5.);
#16=CYLINDRICAL_SURFACE('',#2446,2.65);
#17=CYLINDRICAL_SURFACE('',#2451,5.);
#18=CYLINDRICAL_SURFACE('',#2454,2.65);
#19=CYLINDRICAL_SURFACE('',#2491,2.);
#20=CYLINDRICAL_SURFACE('',#2520,2.);
#21=CYLINDRICAL_SURFACE('',#2522,2.5);
#22=CYLINDRICAL_SURFACE('',#2536,2.5);
#23=CYLINDRICAL_SURFACE('',#2538,2.5);
#24=CYLINDRICAL_SURFACE('',#2553,2.5);
#25=CYLINDRICAL_SURFACE('',#2554,2.5);
#26=CYLINDRICAL_SURFACE('',#2556,2.5);
#27=CYLINDRICAL_SURFACE('',#2559,0.5);
#28=CYLINDRICAL_SURFACE('',#2563,0.5);
#29=CYLINDRICAL_SURFACE('',#2567,0.499999999999998);
#30=CYLINDRICAL_SURFACE('',#2571,0.500000000000001);
#31=CYLINDRICAL_SURFACE('',#2575,1.);
#32=CYLINDRICAL_SURFACE('',#2577,1.);
#33=CYLINDRICAL_SURFACE('',#2581,0.999999999999997);
#34=CYLINDRICAL_SURFACE('',#2583,0.999999999999997);
#35=CYLINDRICAL_SURFACE('',#2584,1.00000000435658);
#36=CYLINDRICAL_SURFACE('',#2589,1.00000000435658);
#37=CYLINDRICAL_SURFACE('',#2590,1.);
#38=CYLINDRICAL_SURFACE('',#2592,1.);
#39=CYLINDRICAL_SURFACE('',#2595,1.);
#40=CYLINDRICAL_SURFACE('',#2597,1.);
#41=CYLINDRICAL_SURFACE('',#2598,0.999999999999996);
#42=CYLINDRICAL_SURFACE('',#2602,0.999999999999996);
#43=CYLINDRICAL_SURFACE('',#2603,0.999999999999998);
#44=CYLINDRICAL_SURFACE('',#2605,0.999999999999998);
#45=CYLINDRICAL_SURFACE('',#2609,0.999999999999996);
#46=CYLINDRICAL_SURFACE('',#2611,0.999999999999996);
#47=CYLINDRICAL_SURFACE('',#2612,0.999999999999997);
#48=CYLINDRICAL_SURFACE('',#2617,0.999999999999997);
#49=CYLINDRICAL_SURFACE('',#2618,0.999999999999999);
#50=CYLINDRICAL_SURFACE('',#2620,0.999999999999999);
#51=CYLINDRICAL_SURFACE('',#2624,0.999999999999993);
#52=CYLINDRICAL_SURFACE('',#2626,0.999999999999993);
#53=CYLINDRICAL_SURFACE('',#2627,0.999999999999999);
#54=CYLINDRICAL_SURFACE('',#2632,0.999999999999999);
#55=CYLINDRICAL_SURFACE('',#2633,0.499999999999995);
#56=CYLINDRICAL_SURFACE('',#2635,0.500000000000001);
#57=CYLINDRICAL_SURFACE('',#2638,0.500000000000002);
#58=CYLINDRICAL_SURFACE('',#2640,0.499999999999997);
#59=CYLINDRICAL_SURFACE('',#2643,0.500000000000001);
#60=CYLINDRICAL_SURFACE('',#2645,0.5);
#61=CYLINDRICAL_SURFACE('',#2648,0.500000000000003);
#62=CYLINDRICAL_SURFACE('',#2650,0.5);
#63=CYLINDRICAL_SURFACE('',#2653,1.5);
#64=CYLINDRICAL_SURFACE('',#2654,1.5);
#65=CYLINDRICAL_SURFACE('',#2656,2.5);
#66=CYLINDRICAL_SURFACE('',#2657,2.5);
#67=CYLINDRICAL_SURFACE('',#2659,5.);
#68=CYLINDRICAL_SURFACE('',#2661,2.5);
#69=CYLINDRICAL_SURFACE('',#2662,2.5);
#70=CYLINDRICAL_SURFACE('',#2664,5.00000000000001);
#71=FACE_BOUND('',#221,.T.);
#72=FACE_BOUND('',#225,.T.);
#73=FACE_BOUND('',#230,.T.);
#74=FACE_BOUND('',#231,.T.);
#75=FACE_BOUND('',#232,.T.);
#76=FACE_BOUND('',#235,.T.);
#77=FACE_BOUND('',#236,.T.);
#78=FACE_BOUND('',#237,.T.);
#79=FACE_BOUND('',#239,.T.);
#80=FACE_BOUND('',#241,.T.);
#81=FACE_BOUND('',#245,.T.);
#82=FACE_BOUND('',#246,.T.);
#83=FACE_BOUND('',#248,.T.);
#84=FACE_BOUND('',#249,.T.);
#85=FACE_BOUND('',#250,.T.);
#86=FACE_BOUND('',#251,.T.);
#87=FACE_BOUND('',#256,.T.);
#88=FACE_BOUND('',#257,.T.);
#89=FACE_BOUND('',#262,.T.);
#90=FACE_BOUND('',#263,.T.);
#91=FACE_BOUND('',#264,.T.);
#92=FACE_BOUND('',#265,.T.);
#93=FACE_BOUND('',#356,.T.);
#94=FACE_BOUND('',#357,.T.);
#95=FACE_BOUND('',#358,.T.);
#96=FACE_BOUND('',#359,.T.);
#97=FACE_BOUND('',#361,.T.);
#98=FACE_BOUND('',#362,.T.);
#99=FACE_BOUND('',#363,.T.);
#100=FACE_BOUND('',#364,.T.);
#101=FACE_OUTER_BOUND('',#218,.T.);
#102=FACE_OUTER_BOUND('',#219,.T.);
#103=FACE_OUTER_BOUND('',#220,.T.);
#104=FACE_OUTER_BOUND('',#222,.T.);
#105=FACE_OUTER_BOUND('',#223,.T.);
#106=FACE_OUTER_BOUND('',#224,.T.);
#107=FACE_OUTER_BOUND('',#226,.T.);
#108=FACE_OUTER_BOUND('',#227,.T.);
#109=FACE_OUTER_BOUND('',#228,.T.);
#110=FACE_OUTER_BOUND('',#229,.T.);
#111=FACE_OUTER_BOUND('',#233,.T.);
#112=FACE_OUTER_BOUND('',#234,.T.);
#113=FACE_OUTER_BOUND('',#238,.T.);
#114=FACE_OUTER_BOUND('',#240,.T.);
#115=FACE_OUTER_BOUND('',#242,.T.);
#116=FACE_OUTER_BOUND('',#243,.T.);
#117=FACE_OUTER_BOUND('',#244,.T.);
#118=FACE_OUTER_BOUND('',#247,.T.);
#119=FACE_OUTER_BOUND('',#252,.T.);
#120=FACE_OUTER_BOUND('',#253,.T.);
#121=FACE_OUTER_BOUND('',#254,.T.);
#122=FACE_OUTER_BOUND('',#255,.T.);
#123=FACE_OUTER_BOUND('',#258,.T.);
#124=FACE_OUTER_BOUND('',#259,.T.);
#125=FACE_OUTER_BOUND('',#260,.T.);
#126=FACE_OUTER_BOUND('',#261,.T.);
#127=FACE_OUTER_BOUND('',#266,.T.);
#128=FACE_OUTER_BOUND('',#267,.T.);
#129=FACE_OUTER_BOUND('',#268,.T.);
#130=FACE_OUTER_BOUND('',#269,.T.);
#131=FACE_OUTER_BOUND('',#270,.T.);
#132=FACE_OUTER_BOUND('',#271,.T.);
#133=FACE_OUTER_BOUND('',#272,.T.);
#134=FACE_OUTER_BOUND('',#273,.T.);
#135=FACE_OUTER_BOUND('',#274,.T.);
#136=FACE_OUTER_BOUND('',#275,.T.);
#137=FACE_OUTER_BOUND('',#276,.T.);
#138=FACE_OUTER_BOUND('',#277,.T.);
#139=FACE_OUTER_BOUND('',#278,.T.);
#140=FACE_OUTER_BOUND('',#279,.T.);
#141=FACE_OUTER_BOUND('',#280,.T.);
#142=FACE_OUTER_BOUND('',#281,.T.);
#143=FACE_OUTER_BOUND('',#282,.T.);
#144=FACE_OUTER_BOUND('',#283,.T.);
#145=FACE_OUTER_BOUND('',#284,.T.);
#146=FACE_OUTER_BOUND('',#285,.T.);
#147=FACE_OUTER_BOUND('',#286,.T.);
#148=FACE_OUTER_BOUND('',#287,.T.);
#149=FACE_OUTER_BOUND('',#288,.T.);
#150=FACE_OUTER_BOUND('',#289,.T.);
#151=FACE_OUTER_BOUND('',#290,.T.);
#152=FACE_OUTER_BOUND('',#291,.T.);
#153=FACE_OUTER_BOUND('',#292,.T.);
#154=FACE_OUTER_BOUND('',#293,.T.);
#155=FACE_OUTER_BOUND('',#294,.T.);
#156=FACE_OUTER_BOUND('',#295,.T.);
#157=FACE_OUTER_BOUND('',#296,.T.);
#158=FACE_OUTER_BOUND('',#297,.T.);
#159=FACE_OUTER_BOUND('',#298,.T.);
#160=FACE_OUTER_BOUND('',#299,.T.);
#161=FACE_OUTER_BOUND('',#300,.T.);
#162=FACE_OUTER_BOUND('',#301,.T.);
#163=FACE_OUTER_BOUND('',#302,.T.);
#164=FACE_OUTER_BOUND('',#303,.T.);
#165=FACE_OUTER_BOUND('',#304,.T.);
#166=FACE_OUTER_BOUND('',#305,.T.);
#167=FACE_OUTER_BOUND('',#306,.T.);
#168=FACE_OUTER_BOUND('',#307,.T.);
#169=FACE_OUTER_BOUND('',#308,.T.);
#170=FACE_OUTER_BOUND('',#309,.T.);
#171=FACE_OUTER_BOUND('',#310,.T.);
#172=FACE_OUTER_BOUND('',#311,.T.);
#173=FACE_OUTER_BOUND('',#312,.T.);
#174=FACE_OUTER_BOUND('',#313,.T.);
#175=FACE_OUTER_BOUND('',#314,.T.);
#176=FACE_OUTER_BOUND('',#315,.T.);
#177=FACE_OUTER_BOUND('',#316,.T.);
#178=FACE_OUTER_BOUND('',#317,.T.);
#179=FACE_OUTER_BOUND('',#318,.T.);
#180=FACE_OUTER_BOUND('',#319,.T.);
#181=FACE_OUTER_BOUND('',#320,.T.);
#182=FACE_OUTER_BOUND('',#321,.T.);
#183=FACE_OUTER_BOUND('',#322,.T.);
#184=FACE_OUTER_BOUND('',#323,.T.);
#185=FACE_OUTER_BOUND('',#324,.T.);
#186=FACE_OUTER_BOUND('',#325,.T.);
#187=FACE_OUTER_BOUND('',#326,.T.);
#188=FACE_OUTER_BOUND('',#327,.T.);
#189=FACE_OUTER_BOUND('',#328,.T.);
#190=FACE_OUTER_BOUND('',#329,.T.);
#191=FACE_OUTER_BOUND('',#330,.T.);
#192=FACE_OUTER_BOUND('',#331,.T.);
#193=FACE_OUTER_BOUND('',#332,.T.);
#194=FACE_OUTER_BOUND('',#333,.T.);
#195=FACE_OUTER_BOUND('',#334,.T.);
#196=FACE_OUTER_BOUND('',#335,.T.);
#197=FACE_OUTER_BOUND('',#336,.T.);
#198=FACE_OUTER_BOUND('',#337,.T.);
#199=FACE_OUTER_BOUND('',#338,.T.);
#200=FACE_OUTER_BOUND('',#339,.T.);
#201=FACE_OUTER_BOUND('',#340,.T.);
#202=FACE_OUTER_BOUND('',#341,.T.);
#203=FACE_OUTER_BOUND('',#342,.T.);
#204=FACE_OUTER_BOUND('',#343,.T.);
#205=FACE_OUTER_BOUND('',#344,.T.);
#206=FACE_OUTER_BOUND('',#345,.T.);
#207=FACE_OUTER_BOUND('',#346,.T.);
#208=FACE_OUTER_BOUND('',#347,.T.);
#209=FACE_OUTER_BOUND('',#348,.T.);
#210=FACE_OUTER_BOUND('',#349,.T.);
#211=FACE_OUTER_BOUND('',#350,.T.);
#212=FACE_OUTER_BOUND('',#351,.T.);
#213=FACE_OUTER_BOUND('',#352,.T.);
#214=FACE_OUTER_BOUND('',#353,.T.);
#215=FACE_OUTER_BOUND('',#354,.T.);
#216=FACE_OUTER_BOUND('',#355,.T.);
#217=FACE_OUTER_BOUND('',#360,.T.);
#218=EDGE_LOOP('',(#1540,#1541,#1542,#1543,#1544,#1545));
#219=EDGE_LOOP('',(#1546,#1547,#1548,#1549,#1550,#1551));
#220=EDGE_LOOP('',(#1552));
#221=EDGE_LOOP('',(#1553));
#222=EDGE_LOOP('',(#1554,#1555,#1556,#1557,#1558,#1559,#1560,#1561));
#223=EDGE_LOOP('',(#1562,#1563,#1564,#1565));
#224=EDGE_LOOP('',(#1566));
#225=EDGE_LOOP('',(#1567));
#226=EDGE_LOOP('',(#1568,#1569,#1570,#1571,#1572,#1573,#1574,#1575));
#227=EDGE_LOOP('',(#1576,#1577,#1578,#1579));
#228=EDGE_LOOP('',(#1580,#1581,#1582,#1583,#1584,#1585,#1586,#1587));
#229=EDGE_LOOP('',(#1588,#1589,#1590,#1591,#1592,#1593,#1594,#1595,#1596,
#1597,#1598,#1599,#1600,#1601));
#230=EDGE_LOOP('',(#1602,#1603,#1604,#1605,#1606,#1607));
#231=EDGE_LOOP('',(#1608,#1609,#1610,#1611,#1612,#1613));
#232=EDGE_LOOP('',(#1614,#1615,#1616,#1617,#1618,#1619));
#233=EDGE_LOOP('',(#1620,#1621,#1622,#1623,#1624,#1625,#1626,#1627));
#234=EDGE_LOOP('',(#1628,#1629,#1630,#1631,#1632,#1633,#1634,#1635,#1636,
#1637,#1638,#1639,#1640,#1641));
#235=EDGE_LOOP('',(#1642,#1643,#1644,#1645,#1646,#1647));
#236=EDGE_LOOP('',(#1648,#1649,#1650,#1651,#1652,#1653));
#237=EDGE_LOOP('',(#1654,#1655,#1656,#1657,#1658,#1659));
#238=EDGE_LOOP('',(#1660,#1661,#1662,#1663,#1664));
#239=EDGE_LOOP('',(#1665));
#240=EDGE_LOOP('',(#1666,#1667,#1668,#1669,#1670));
#241=EDGE_LOOP('',(#1671));
#242=EDGE_LOOP('',(#1672,#1673,#1674,#1675));
#243=EDGE_LOOP('',(#1676,#1677,#1678,#1679));
#244=EDGE_LOOP('',(#1680,#1681,#1682,#1683,#1684,#1685,#1686,#1687,#1688,
#1689,#1690,#1691,#1692,#1693,#1694,#1695,#1696,#1697,#1698,#1699,#1700,
#1701,#1702,#1703,#1704,#1705,#1706,#1707,#1708,#1709,#1710,#1711));
#245=EDGE_LOOP('',(#1712));
#246=EDGE_LOOP('',(#1713));
#247=EDGE_LOOP('',(#1714,#1715,#1716,#1717));
#248=EDGE_LOOP('',(#1718,#1719,#1720,#1721,#1722,#1723));
#249=EDGE_LOOP('',(#1724,#1725,#1726,#1727,#1728,#1729));
#250=EDGE_LOOP('',(#1730,#1731,#1732,#1733,#1734,#1735));
#251=EDGE_LOOP('',(#1736,#1737,#1738,#1739,#1740,#1741));
#252=EDGE_LOOP('',(#1742,#1743,#1744,#1745));
#253=EDGE_LOOP('',(#1746,#1747,#1748,#1749));
#254=EDGE_LOOP('',(#1750,#1751,#1752,#1753));
#255=EDGE_LOOP('',(#1754,#1755,#1756,#1757,#1758,#1759,#1760,#1761,#1762,
#1763,#1764,#1765,#1766,#1767,#1768,#1769,#1770,#1771,#1772,#1773,#1774,
#1775,#1776,#1777,#1778,#1779,#1780,#1781,#1782,#1783));
#256=EDGE_LOOP('',(#1784));
#257=EDGE_LOOP('',(#1785));
#258=EDGE_LOOP('',(#1786,#1787,#1788,#1789));
#259=EDGE_LOOP('',(#1790,#1791,#1792,#1793));
#260=EDGE_LOOP('',(#1794,#1795,#1796,#1797));
#261=EDGE_LOOP('',(#1798,#1799,#1800,#1801));
#262=EDGE_LOOP('',(#1802,#1803,#1804,#1805,#1806,#1807));
#263=EDGE_LOOP('',(#1808,#1809,#1810,#1811,#1812,#1813));
#264=EDGE_LOOP('',(#1814,#1815,#1816,#1817,#1818,#1819));
#265=EDGE_LOOP('',(#1820,#1821,#1822,#1823,#1824,#1825));
#266=EDGE_LOOP('',(#1826,#1827,#1828,#1829));
#267=EDGE_LOOP('',(#1830,#1831,#1832,#1833));
#268=EDGE_LOOP('',(#1834,#1835,#1836,#1837));
#269=EDGE_LOOP('',(#1838,#1839,#1840,#1841));
#270=EDGE_LOOP('',(#1842,#1843,#1844,#1845));
#271=EDGE_LOOP('',(#1846,#1847,#1848,#1849));
#272=EDGE_LOOP('',(#1850,#1851,#1852,#1853));
#273=EDGE_LOOP('',(#1854,#1855,#1856,#1857));
#274=EDGE_LOOP('',(#1858,#1859,#1860,#1861));
#275=EDGE_LOOP('',(#1862,#1863,#1864,#1865));
#276=EDGE_LOOP('',(#1866,#1867,#1868,#1869));
#277=EDGE_LOOP('',(#1870,#1871,#1872,#1873));
#278=EDGE_LOOP('',(#1874,#1875,#1876,#1877));
#279=EDGE_LOOP('',(#1878,#1879,#1880,#1881));
#280=EDGE_LOOP('',(#1882,#1883,#1884,#1885));
#281=EDGE_LOOP('',(#1886,#1887,#1888,#1889));
#282=EDGE_LOOP('',(#1890,#1891,#1892,#1893));
#283=EDGE_LOOP('',(#1894,#1895,#1896,#1897));
#284=EDGE_LOOP('',(#1898,#1899,#1900,#1901));
#285=EDGE_LOOP('',(#1902,#1903,#1904,#1905));
#286=EDGE_LOOP('',(#1906,#1907,#1908,#1909));
#287=EDGE_LOOP('',(#1910,#1911,#1912,#1913));
#288=EDGE_LOOP('',(#1914,#1915,#1916,#1917));
#289=EDGE_LOOP('',(#1918,#1919,#1920,#1921));
#290=EDGE_LOOP('',(#1922,#1923,#1924,#1925));
#291=EDGE_LOOP('',(#1926,#1927,#1928,#1929));
#292=EDGE_LOOP('',(#1930,#1931,#1932,#1933));
#293=EDGE_LOOP('',(#1934,#1935,#1936,#1937));
#294=EDGE_LOOP('',(#1938,#1939,#1940,#1941));
#295=EDGE_LOOP('',(#1942,#1943,#1944,#1945));
#296=EDGE_LOOP('',(#1946,#1947,#1948,#1949));
#297=EDGE_LOOP('',(#1950,#1951,#1952,#1953));
#298=EDGE_LOOP('',(#1954,#1955,#1956,#1957));
#299=EDGE_LOOP('',(#1958,#1959,#1960,#1961));
#300=EDGE_LOOP('',(#1962,#1963,#1964,#1965));
#301=EDGE_LOOP('',(#1966,#1967,#1968,#1969));
#302=EDGE_LOOP('',(#1970,#1971,#1972,#1973));
#303=EDGE_LOOP('',(#1974,#1975,#1976,#1977));
#304=EDGE_LOOP('',(#1978,#1979,#1980,#1981));
#305=EDGE_LOOP('',(#1982,#1983,#1984,#1985));
#306=EDGE_LOOP('',(#1986,#1987,#1988,#1989));
#307=EDGE_LOOP('',(#1990,#1991,#1992,#1993));
#308=EDGE_LOOP('',(#1994,#1995,#1996,#1997));
#309=EDGE_LOOP('',(#1998,#1999,#2000,#2001));
#310=EDGE_LOOP('',(#2002,#2003,#2004,#2005));
#311=EDGE_LOOP('',(#2006,#2007,#2008,#2009));
#312=EDGE_LOOP('',(#2010,#2011,#2012,#2013));
#313=EDGE_LOOP('',(#2014,#2015,#2016,#2017));
#314=EDGE_LOOP('',(#2018,#2019,#2020,#2021));
#315=EDGE_LOOP('',(#2022,#2023,#2024,#2025));
#316=EDGE_LOOP('',(#2026,#2027,#2028,#2029));
#317=EDGE_LOOP('',(#2030,#2031,#2032,#2033));
#318=EDGE_LOOP('',(#2034,#2035,#2036,#2037));
#319=EDGE_LOOP('',(#2038,#2039,#2040,#2041));
#320=EDGE_LOOP('',(#2042,#2043,#2044,#2045));
#321=EDGE_LOOP('',(#2046,#2047,#2048,#2049));
#322=EDGE_LOOP('',(#2050,#2051,#2052,#2053));
#323=EDGE_LOOP('',(#2054,#2055,#2056,#2057));
#324=EDGE_LOOP('',(#2058,#2059,#2060,#2061));
#325=EDGE_LOOP('',(#2062,#2063,#2064,#2065));
#326=EDGE_LOOP('',(#2066,#2067,#2068,#2069));
#327=EDGE_LOOP('',(#2070,#2071,#2072,#2073));
#328=EDGE_LOOP('',(#2074,#2075,#2076,#2077));
#329=EDGE_LOOP('',(#2078,#2079,#2080,#2081));
#330=EDGE_LOOP('',(#2082,#2083,#2084,#2085));
#331=EDGE_LOOP('',(#2086,#2087,#2088,#2089));
#332=EDGE_LOOP('',(#2090,#2091,#2092,#2093));
#333=EDGE_LOOP('',(#2094,#2095,#2096,#2097));
#334=EDGE_LOOP('',(#2098,#2099,#2100,#2101));
#335=EDGE_LOOP('',(#2102,#2103,#2104,#2105));
#336=EDGE_LOOP('',(#2106,#2107,#2108,#2109));
#337=EDGE_LOOP('',(#2110,#2111,#2112,#2113));
#338=EDGE_LOOP('',(#2114,#2115,#2116,#2117));
#339=EDGE_LOOP('',(#2118,#2119,#2120,#2121));
#340=EDGE_LOOP('',(#2122,#2123,#2124,#2125));
#341=EDGE_LOOP('',(#2126,#2127,#2128,#2129));
#342=EDGE_LOOP('',(#2130,#2131,#2132,#2133));
#343=EDGE_LOOP('',(#2134,#2135,#2136,#2137));
#344=EDGE_LOOP('',(#2138,#2139,#2140,#2141));
#345=EDGE_LOOP('',(#2142,#2143,#2144,#2145));
#346=EDGE_LOOP('',(#2146,#2147,#2148,#2149));
#347=EDGE_LOOP('',(#2150,#2151,#2152,#2153));
#348=EDGE_LOOP('',(#2154,#2155,#2156,#2157));
#349=EDGE_LOOP('',(#2158,#2159,#2160,#2161));
#350=EDGE_LOOP('',(#2162,#2163,#2164,#2165));
#351=EDGE_LOOP('',(#2166,#2167,#2168,#2169));
#352=EDGE_LOOP('',(#2170,#2171,#2172,#2173));
#353=EDGE_LOOP('',(#2174,#2175,#2176,#2177,#2178,#2179,#2180,#2181,#2182,
#2183));
#354=EDGE_LOOP('',(#2184,#2185,#2186,#2187));
#355=EDGE_LOOP('',(#2188,#2189,#2190,#2191));
#356=EDGE_LOOP('',(#2192,#2193,#2194,#2195,#2196,#2197));
#357=EDGE_LOOP('',(#2198,#2199,#2200,#2201,#2202,#2203));
#358=EDGE_LOOP('',(#2204,#2205,#2206,#2207,#2208,#2209));
#359=EDGE_LOOP('',(#2210,#2211,#2212,#2213,#2214,#2215));
#360=EDGE_LOOP('',(#2216,#2217,#2218,#2219));
#361=EDGE_LOOP('',(#2220,#2221,#2222,#2223,#2224,#2225));
#362=EDGE_LOOP('',(#2226,#2227,#2228,#2229,#2230,#2231));
#363=EDGE_LOOP('',(#2232,#2233,#2234,#2235,#2236,#2237));
#364=EDGE_LOOP('',(#2238,#2239,#2240,#2241,#2242,#2243));
#365=LINE('',#3379,#601);
#366=LINE('',#3381,#602);
#367=LINE('',#3383,#603);
#368=LINE('',#3385,#604);
#369=LINE('',#3386,#605);
#370=LINE('',#3392,#606);
#371=LINE('',#3394,#607);
#372=LINE('',#3396,#608);
#373=LINE('',#3398,#609);
#374=LINE('',#3399,#610);
#375=LINE('',#3409,#611);
#376=LINE('',#3411,#612);
#377=LINE('',#3413,#613);
#378=LINE('',#3416,#614);
#379=LINE('',#3427,#615);
#380=LINE('',#3429,#616);
#381=LINE('',#3431,#617);
#382=LINE('',#3434,#618);
#383=LINE('',#3438,#619);
#384=LINE('',#3440,#620);
#385=LINE('',#3442,#621);
#386=LINE('',#3446,#622);
#387=LINE('',#3447,#623);
#388=LINE('',#3452,#624);
#389=LINE('',#3456,#625);
#390=LINE('',#3459,#626);
#391=LINE('',#3461,#627);
#392=LINE('',#3462,#628);
#393=LINE('',#3465,#629);
#394=LINE('',#3469,#630);
#395=LINE('',#3473,#631);
#396=LINE('',#3477,#632);
#397=LINE('',#3481,#633);
#398=LINE('',#3485,#634);
#399=LINE('',#3489,#635);
#400=LINE('',#3493,#636);
#401=LINE('',#3497,#637);
#402=LINE('',#3501,#638);
#403=LINE('',#3503,#639);
#404=LINE('',#3507,#640);
#405=LINE('',#3509,#641);
#406=LINE('',#3510,#642);
#407=LINE('',#3515,#643);
#408=LINE('',#3519,#644);
#409=LINE('',#3522,#645);
#410=LINE('',#3524,#646);
#411=LINE('',#3525,#647);
#412=LINE('',#3528,#648);
#413=LINE('',#3532,#649);
#414=LINE('',#3536,#650);
#415=LINE('',#3540,#651);
#416=LINE('',#3544,#652);
#417=LINE('',#3548,#653);
#418=LINE('',#3552,#654);
#419=LINE('',#3556,#655);
#420=LINE('',#3560,#656);
#421=LINE('',#3567,#657);
#422=LINE('',#3569,#658);
#423=LINE('',#3571,#659);
#424=LINE('',#3572,#660);
#425=LINE('',#3578,#661);
#426=LINE('',#3580,#662);
#427=LINE('',#3582,#663);
#428=LINE('',#3583,#664);
#429=LINE('',#3585,#665);
#430=LINE('',#3586,#666);
#431=LINE('',#3588,#667);
#432=LINE('',#3593,#668);
#433=LINE('',#3597,#669);
#434=LINE('',#3601,#670);
#435=LINE('',#3605,#671);
#436=LINE('',#3609,#672);
#437=LINE('',#3611,#673);
#438=LINE('',#3613,#674);
#439=LINE('',#3617,#675);
#440=LINE('',#3621,#676);
#441=LINE('',#3625,#677);
#442=LINE('',#3629,#678);
#443=LINE('',#3633,#679);
#444=LINE('',#3636,#680);
#445=LINE('',#3643,#681);
#446=LINE('',#3644,#682);
#447=LINE('',#3647,#683);
#448=LINE('',#3651,#684);
#449=LINE('',#3655,#685);
#450=LINE('',#3659,#686);
#451=LINE('',#3663,#687);
#452=LINE('',#3667,#688);
#453=LINE('',#3671,#689);
#454=LINE('',#3676,#690);
#455=LINE('',#3680,#691);
#456=LINE('',#3684,#692);
#457=LINE('',#3688,#693);
#458=LINE('',#3691,#694);
#459=LINE('',#3692,#695);
#460=LINE('',#3697,#696);
#461=LINE('',#3700,#697);
#462=LINE('',#3704,#698);
#463=LINE('',#3708,#699);
#464=LINE('',#3712,#700);
#465=LINE('',#3716,#701);
#466=LINE('',#3720,#702);
#467=LINE('',#3723,#703);
#468=LINE('',#3725,#704);
#469=LINE('',#3727,#705);
#470=LINE('',#3729,#706);
#471=LINE('',#3731,#707);
#472=LINE('',#3735,#708);
#473=LINE('',#3742,#709);
#474=LINE('',#3746,#710);
#475=LINE('',#3751,#711);
#476=LINE('',#3752,#712);
#477=LINE('',#3755,#713);
#478=LINE('',#3756,#714);
#479=LINE('',#3759,#715);
#480=LINE('',#3763,#716);
#481=LINE('',#3767,#717);
#482=LINE('',#3771,#718);
#483=LINE('',#3775,#719);
#484=LINE('',#3779,#720);
#485=LINE('',#3783,#721);
#486=LINE('',#3787,#722);
#487=LINE('',#3791,#723);
#488=LINE('',#3795,#724);
#489=LINE('',#3799,#725);
#490=LINE('',#3803,#726);
#491=LINE('',#3806,#727);
#492=LINE('',#3809,#728);
#493=LINE('',#3812,#729);
#494=LINE('',#3813,#730);
#495=LINE('',#3817,#731);
#496=LINE('',#3819,#732);
#497=LINE('',#3820,#733);
#498=LINE('',#3823,#734);
#499=LINE('',#3827,#735);
#500=LINE('',#3828,#736);
#501=LINE('',#3831,#737);
#502=LINE('',#3833,#738);
#503=LINE('',#3834,#739);
#504=LINE('',#3837,#740);
#505=LINE('',#3841,#741);
#506=LINE('',#3842,#742);
#507=LINE('',#3845,#743);
#508=LINE('',#3847,#744);
#509=LINE('',#3848,#745);
#510=LINE('',#3851,#746);
#511=LINE('',#3855,#747);
#512=LINE('',#3856,#748);
#513=LINE('',#3859,#749);
#514=LINE('',#3861,#750);
#515=LINE('',#3862,#751);
#516=LINE('',#3865,#752);
#517=LINE('',#3869,#753);
#518=LINE('',#3870,#754);
#519=LINE('',#3872,#755);
#520=LINE('',#3877,#756);
#521=LINE('',#3878,#757);
#522=LINE('',#3880,#758);
#523=LINE('',#3881,#759);
#524=LINE('',#3884,#760);
#525=LINE('',#3885,#761);
#526=LINE('',#3887,#762);
#527=LINE('',#3890,#763);
#528=LINE('',#3891,#764);
#529=LINE('',#3895,#765);
#530=LINE('',#3897,#766);
#531=LINE('',#3901,#767);
#532=LINE('',#3903,#768);
#533=LINE('',#3905,#769);
#534=LINE('',#3907,#770);
#535=LINE('',#3912,#771);
#536=LINE('',#3914,#772);
#537=LINE('',#3917,#773);
#538=LINE('',#3918,#774);
#539=LINE('',#3920,#775);
#540=LINE('',#3924,#776);
#541=LINE('',#3926,#777);
#542=LINE('',#3930,#778);
#543=LINE('',#3932,#779);
#544=LINE('',#3934,#780);
#545=LINE('',#3940,#781);
#546=LINE('',#3941,#782);
#547=LINE('',#3943,#783);
#548=LINE('',#3944,#784);
#549=LINE('',#3947,#785);
#550=LINE('',#3948,#786);
#551=LINE('',#3950,#787);
#552=LINE('',#3953,#788);
#553=LINE('',#3954,#789);
#554=LINE('',#3958,#790);
#555=LINE('',#3960,#791);
#556=LINE('',#3964,#792);
#557=LINE('',#3966,#793);
#558=LINE('',#3968,#794);
#559=LINE('',#3970,#795);
#560=LINE('',#3976,#796);
#561=LINE('',#3977,#797);
#562=LINE('',#3979,#798);
#563=LINE('',#3980,#799);
#564=LINE('',#3983,#800);
#565=LINE('',#3984,#801);
#566=LINE('',#3986,#802);
#567=LINE('',#3989,#803);
#568=LINE('',#3990,#804);
#569=LINE('',#3994,#805);
#570=LINE('',#3996,#806);
#571=LINE('',#4000,#807);
#572=LINE('',#4002,#808);
#573=LINE('',#4004,#809);
#574=LINE('',#4006,#810);
#575=LINE('',#4011,#811);
#576=LINE('',#4014,#812);
#577=LINE('',#4017,#813);
#578=LINE('',#4021,#814);
#579=LINE('',#4024,#815);
#580=LINE('',#4027,#816);
#581=LINE('',#4031,#817);
#582=LINE('',#4034,#818);
#583=LINE('',#4037,#819);
#584=LINE('',#4041,#820);
#585=LINE('',#4044,#821);
#586=LINE('',#4047,#822);
#587=LINE('',#4049,#823);
#588=LINE('',#4051,#824);
#589=LINE('',#4053,#825);
#590=LINE('',#4054,#826);
#591=LINE('',#4056,#827);
#592=LINE('',#4058,#828);
#593=LINE('',#4059,#829);
#594=LINE('',#4061,#830);
#595=LINE('',#4064,#831);
#596=LINE('',#4065,#832);
#597=LINE('',#4067,#833);
#598=LINE('',#4069,#834);
#599=LINE('',#4071,#835);
#600=LINE('',#4074,#836);
#601=VECTOR('',#2675,10.);
#602=VECTOR('',#2676,10.);
#603=VECTOR('',#2677,10.);
#604=VECTOR('',#2678,10.);
#605=VECTOR('',#2679,10.);
#606=VECTOR('',#2684,10.);
#607=VECTOR('',#2685,10.);
#608=VECTOR('',#2686,10.);
#609=VECTOR('',#2687,10.);
#610=VECTOR('',#2688,10.);
#611=VECTOR('',#2699,10.);
#612=VECTOR('',#2700,10.);
#613=VECTOR('',#2703,5.);
#614=VECTOR('',#2706,2.65);
#615=VECTOR('',#2719,10.);
#616=VECTOR('',#2720,10.);
#617=VECTOR('',#2723,5.);
#618=VECTOR('',#2726,2.65);
#619=VECTOR('',#2731,10.);
#620=VECTOR('',#2732,10.);
#621=VECTOR('',#2733,10.);
#622=VECTOR('',#2736,10.);
#623=VECTOR('',#2737,10.);
#624=VECTOR('',#2742,10.);
#625=VECTOR('',#2745,10.);
#626=VECTOR('',#2748,10.);
#627=VECTOR('',#2749,10.);
#628=VECTOR('',#2750,10.);
#629=VECTOR('',#2751,10.);
#630=VECTOR('',#2754,10.);
#631=VECTOR('',#2757,10.);
#632=VECTOR('',#2760,10.);
#633=VECTOR('',#2763,10.);
#634=VECTOR('',#2766,10.);
#635=VECTOR('',#2769,10.);
#636=VECTOR('',#2772,10.);
#637=VECTOR('',#2775,10.);
#638=VECTOR('',#2780,10.);
#639=VECTOR('',#2781,10.);
#640=VECTOR('',#2784,10.);
#641=VECTOR('',#2785,10.);
#642=VECTOR('',#2786,10.);
#643=VECTOR('',#2791,10.);
#644=VECTOR('',#2794,10.);
#645=VECTOR('',#2797,10.);
#646=VECTOR('',#2798,10.);
#647=VECTOR('',#2799,10.);
#648=VECTOR('',#2800,10.);
#649=VECTOR('',#2803,10.);
#650=VECTOR('',#2806,10.);
#651=VECTOR('',#2809,10.);
#652=VECTOR('',#2812,10.);
#653=VECTOR('',#2815,10.);
#654=VECTOR('',#2818,10.);
#655=VECTOR('',#2821,10.);
#656=VECTOR('',#2824,10.);
#657=VECTOR('',#2831,10.);
#658=VECTOR('',#2832,10.);
#659=VECTOR('',#2833,10.);
#660=VECTOR('',#2834,10.);
#661=VECTOR('',#2839,10.);
#662=VECTOR('',#2840,10.);
#663=VECTOR('',#2841,10.);
#664=VECTOR('',#2842,10.);
#665=VECTOR('',#2845,10.);
#666=VECTOR('',#2846,10.);
#667=VECTOR('',#2849,10.);
#668=VECTOR('',#2854,10.);
#669=VECTOR('',#2857,10.);
#670=VECTOR('',#2860,10.);
#671=VECTOR('',#2863,10.);
#672=VECTOR('',#2866,10.);
#673=VECTOR('',#2869,10.);
#674=VECTOR('',#2870,10.);
#675=VECTOR('',#2873,10.);
#676=VECTOR('',#2876,10.);
#677=VECTOR('',#2879,10.);
#678=VECTOR('',#2882,10.);
#679=VECTOR('',#2885,10.);
#680=VECTOR('',#2888,10.);
#681=VECTOR('',#2895,10.);
#682=VECTOR('',#2896,10.);
#683=VECTOR('',#2897,10.);
#684=VECTOR('',#2900,10.);
#685=VECTOR('',#2903,10.);
#686=VECTOR('',#2906,10.);
#687=VECTOR('',#2909,10.);
#688=VECTOR('',#2912,10.);
#689=VECTOR('',#2915,10.);
#690=VECTOR('',#2920,10.);
#691=VECTOR('',#2923,10.);
#692=VECTOR('',#2926,10.);
#693=VECTOR('',#2929,10.);
#694=VECTOR('',#2934,10.);
#695=VECTOR('',#2935,10.);
#696=VECTOR('',#2942,10.);
#697=VECTOR('',#2945,10.);
#698=VECTOR('',#2948,10.);
#699=VECTOR('',#2951,10.);
#700=VECTOR('',#2954,10.);
#701=VECTOR('',#2957,10.);
#702=VECTOR('',#2960,10.);
#703=VECTOR('',#2963,10.);
#704=VECTOR('',#2964,10.);
#705=VECTOR('',#2965,10.);
#706=VECTOR('',#2966,10.);
#707=VECTOR('',#2967,10.);
#708=VECTOR('',#2970,10.);
#709=VECTOR('',#2979,10.);
#710=VECTOR('',#2984,10.);
#711=VECTOR('',#2989,10.);
#712=VECTOR('',#2990,10.);
#713=VECTOR('',#2993,10.);
#714=VECTOR('',#2994,10.);
#715=VECTOR('',#2995,10.);
#716=VECTOR('',#2998,10.);
#717=VECTOR('',#3001,10.);
#718=VECTOR('',#3004,10.);
#719=VECTOR('',#3007,10.);
#720=VECTOR('',#3010,10.);
#721=VECTOR('',#3013,10.);
#722=VECTOR('',#3016,10.);
#723=VECTOR('',#3019,10.);
#724=VECTOR('',#3022,10.);
#725=VECTOR('',#3025,10.);
#726=VECTOR('',#3028,10.);
#727=VECTOR('',#3033,10.);
#728=VECTOR('',#3036,10.);
#729=VECTOR('',#3041,10.);
#730=VECTOR('',#3042,10.);
#731=VECTOR('',#3047,10.);
#732=VECTOR('',#3048,10.);
#733=VECTOR('',#3049,10.);
#734=VECTOR('',#3052,10.);
#735=VECTOR('',#3057,10.);
#736=VECTOR('',#3058,10.);
#737=VECTOR('',#3061,10.);
#738=VECTOR('',#3062,10.);
#739=VECTOR('',#3063,10.);
#740=VECTOR('',#3066,10.);
#741=VECTOR('',#3071,10.);
#742=VECTOR('',#3072,10.);
#743=VECTOR('',#3075,10.);
#744=VECTOR('',#3076,10.);
#745=VECTOR('',#3077,10.);
#746=VECTOR('',#3080,10.);
#747=VECTOR('',#3085,10.);
#748=VECTOR('',#3086,10.);
#749=VECTOR('',#3089,10.);
#750=VECTOR('',#3090,10.);
#751=VECTOR('',#3091,10.);
#752=VECTOR('',#3094,10.);
#753=VECTOR('',#3099,10.);
#754=VECTOR('',#3100,10.);
#755=VECTOR('',#3103,10.);
#756=VECTOR('',#3108,10.);
#757=VECTOR('',#3109,10.);
#758=VECTOR('',#3112,10.);
#759=VECTOR('',#3113,10.);
#760=VECTOR('',#3116,10.);
#761=VECTOR('',#3117,10.);
#762=VECTOR('',#3120,10.);
#763=VECTOR('',#3123,10.);
#764=VECTOR('',#3124,10.);
#765=VECTOR('',#3129,10.);
#766=VECTOR('',#3132,10.);
#767=VECTOR('',#3137,10.);
#768=VECTOR('',#3140,10.);
#769=VECTOR('',#3143,10.);
#770=VECTOR('',#3146,10.);
#771=VECTOR('',#3153,10.);
#772=VECTOR('',#3156,10.);
#773=VECTOR('',#3159,10.);
#774=VECTOR('',#3160,10.);
#775=VECTOR('',#3163,10.);
#776=VECTOR('',#3168,10.);
#777=VECTOR('',#3171,10.);
#778=VECTOR('',#3176,10.);
#779=VECTOR('',#3179,10.);
#780=VECTOR('',#3182,10.);
#781=VECTOR('',#3189,10.);
#782=VECTOR('',#3190,10.);
#783=VECTOR('',#3193,10.);
#784=VECTOR('',#3194,10.);
#785=VECTOR('',#3197,10.);
#786=VECTOR('',#3198,10.);
#787=VECTOR('',#3201,10.);
#788=VECTOR('',#3204,10.);
#789=VECTOR('',#3205,10.);
#790=VECTOR('',#3210,10.);
#791=VECTOR('',#3213,10.);
#792=VECTOR('',#3218,10.);
#793=VECTOR('',#3221,10.);
#794=VECTOR('',#3224,10.);
#795=VECTOR('',#3227,10.);
#796=VECTOR('',#3234,10.);
#797=VECTOR('',#3235,10.);
#798=VECTOR('',#3238,10.);
#799=VECTOR('',#3239,10.);
#800=VECTOR('',#3242,10.);
#801=VECTOR('',#3243,10.);
#802=VECTOR('',#3246,10.);
#803=VECTOR('',#3249,10.);
#804=VECTOR('',#3250,10.);
#805=VECTOR('',#3255,10.);
#806=VECTOR('',#3258,10.);
#807=VECTOR('',#3263,10.);
#808=VECTOR('',#3266,10.);
#809=VECTOR('',#3269,10.);
#810=VECTOR('',#3272,10.);
#811=VECTOR('',#3279,10.);
#812=VECTOR('',#3282,10.);
#813=VECTOR('',#3287,10.);
#814=VECTOR('',#3292,10.);
#815=VECTOR('',#3295,10.);
#816=VECTOR('',#3300,10.);
#817=VECTOR('',#3305,10.);
#818=VECTOR('',#3308,10.);
#819=VECTOR('',#3313,10.);
#820=VECTOR('',#3318,10.);
#821=VECTOR('',#3321,10.);
#822=VECTOR('',#3326,10.);
#823=VECTOR('',#3329,1.5);
#824=VECTOR('',#3332,1.5);
#825=VECTOR('',#3335,10.);
#826=VECTOR('',#3336,10.);
#827=VECTOR('',#3339,10.);
#828=VECTOR('',#3342,10.);
#829=VECTOR('',#3343,10.);
#830=VECTOR('',#3346,10.);
#831=VECTOR('',#3351,10.);
#832=VECTOR('',#3352,10.);
#833=VECTOR('',#3355,10.);
#834=VECTOR('',#3358,10.);
#835=VECTOR('',#3361,10.);
#836=VECTOR('',#3366,10.);
#837=CIRCLE('',#2437,5.);
#838=CIRCLE('',#2439,5.);
#839=CIRCLE('',#2441,5.);
#840=CIRCLE('',#2442,2.65);
#841=CIRCLE('',#2444,5.);
#842=CIRCLE('',#2445,5.);
#843=CIRCLE('',#2447,2.65);
#844=CIRCLE('',#2449,5.);
#845=CIRCLE('',#2450,2.65);
#846=CIRCLE('',#2452,5.);
#847=CIRCLE('',#2453,5.);
#848=CIRCLE('',#2455,2.65);
#849=CIRCLE('',#2457,2.);
#850=CIRCLE('',#2459,1.);
#851=CIRCLE('',#2460,1.);
#852=CIRCLE('',#2461,0.999999999999996);
#853=CIRCLE('',#2462,0.999999999999999);
#854=CIRCLE('',#2463,0.999999999999999);
#855=CIRCLE('',#2464,0.999999999999993);
#856=CIRCLE('',#2465,0.999999999999997);
#857=CIRCLE('',#2466,0.999999999999998);
#858=CIRCLE('',#2467,0.999999999999996);
#859=CIRCLE('',#2468,1.00000000435658);
#860=CIRCLE('',#2469,1.);
#861=CIRCLE('',#2470,0.999999999999997);
#862=CIRCLE('',#2472,2.);
#863=CIRCLE('',#2474,0.999999999999996);
#864=CIRCLE('',#2475,1.);
#865=CIRCLE('',#2476,1.);
#866=CIRCLE('',#2477,0.999999999999997);
#867=CIRCLE('',#2478,1.);
#868=CIRCLE('',#2479,1.00000000435658);
#869=CIRCLE('',#2480,0.999999999999996);
#870=CIRCLE('',#2481,0.999999999999998);
#871=CIRCLE('',#2482,0.999999999999997);
#872=CIRCLE('',#2483,0.999999999999993);
#873=CIRCLE('',#2484,0.999999999999999);
#874=CIRCLE('',#2485,0.999999999999999);
#875=CIRCLE('',#2487,2.);
#876=CIRCLE('',#2489,2.);
#877=CIRCLE('',#2493,2.5);
#878=CIRCLE('',#2494,2.5);
#879=CIRCLE('',#2495,2.5);
#880=CIRCLE('',#2496,2.5);
#881=CIRCLE('',#2497,2.5);
#882=CIRCLE('',#2498,2.5);
#883=CIRCLE('',#2499,2.5);
#884=CIRCLE('',#2500,5.00000000000001);
#885=CIRCLE('',#2501,2.5);
#886=CIRCLE('',#2502,2.5);
#887=CIRCLE('',#2503,5.);
#888=CIRCLE('',#2504,2.5);
#889=CIRCLE('',#2505,1.5);
#890=CIRCLE('',#2506,1.5);
#891=CIRCLE('',#2508,0.999999999999999);
#892=CIRCLE('',#2509,0.999999999999999);
#893=CIRCLE('',#2510,0.999999999999993);
#894=CIRCLE('',#2511,0.999999999999997);
#895=CIRCLE('',#2512,0.999999999999998);
#896=CIRCLE('',#2513,0.999999999999996);
#897=CIRCLE('',#2514,0.999999999999996);
#898=CIRCLE('',#2515,1.);
#899=CIRCLE('',#2516,1.);
#900=CIRCLE('',#2517,1.00000000435658);
#901=CIRCLE('',#2518,1.);
#902=CIRCLE('',#2519,0.999999999999997);
#903=CIRCLE('',#2523,2.5);
#904=CIRCLE('',#2525,2.5);
#905=CIRCLE('',#2526,5.);
#906=CIRCLE('',#2527,2.5);
#907=CIRCLE('',#2528,2.5);
#908=CIRCLE('',#2529,5.00000000000001);
#909=CIRCLE('',#2530,2.5);
#910=CIRCLE('',#2531,2.5);
#911=CIRCLE('',#2532,2.5);
#912=CIRCLE('',#2533,1.5);
#913=CIRCLE('',#2534,1.5);
#914=CIRCLE('',#2537,2.5);
#915=CIRCLE('',#2539,2.5);
#916=CIRCLE('',#2541,0.500000000000001);
#917=CIRCLE('',#2542,0.499999999999995);
#918=CIRCLE('',#2543,0.500000000000001);
#919=CIRCLE('',#2544,0.499999999999998);
#920=CIRCLE('',#2545,0.500000000000002);
#921=CIRCLE('',#2546,0.499999999999997);
#922=CIRCLE('',#2547,0.5);
#923=CIRCLE('',#2548,0.500000000000001);
#924=CIRCLE('',#2549,0.5);
#925=CIRCLE('',#2550,0.5);
#926=CIRCLE('',#2551,0.500000000000003);
#927=CIRCLE('',#2552,0.5);
#928=CIRCLE('',#2555,2.5);
#929=CIRCLE('',#2560,0.5);
#930=CIRCLE('',#2564,0.5);
#931=CIRCLE('',#2568,0.499999999999998);
#932=CIRCLE('',#2572,0.500000000000001);
#933=CIRCLE('',#2576,1.);
#934=CIRCLE('',#2582,0.999999999999997);
#935=CIRCLE('',#2585,1.00000000435658);
#936=CIRCLE('',#2591,1.);
#937=CIRCLE('',#2596,1.);
#938=CIRCLE('',#2599,0.999999999999996);
#939=CIRCLE('',#2604,0.999999999999998);
#940=CIRCLE('',#2610,0.999999999999996);
#941=CIRCLE('',#2613,0.999999999999997);
#942=CIRCLE('',#2619,0.999999999999999);
#943=CIRCLE('',#2625,0.999999999999993);
#944=CIRCLE('',#2628,0.999999999999999);
#945=CIRCLE('',#2634,0.499999999999995);
#946=CIRCLE('',#2636,0.500000000000001);
#947=CIRCLE('',#2639,0.500000000000002);
#948=CIRCLE('',#2641,0.499999999999997);
#949=CIRCLE('',#2644,0.500000000000001);
#950=CIRCLE('',#2646,0.5);
#951=CIRCLE('',#2649,0.500000000000003);
#952=CIRCLE('',#2651,0.5);
#953=VERTEX_POINT('',#3375);
#954=VERTEX_POINT('',#3376);
#955=VERTEX_POINT('',#3378);
#956=VERTEX_POINT('',#3380);
#957=VERTEX_POINT('',#3382);
#958=VERTEX_POINT('',#3384);
#959=VERTEX_POINT('',#3388);
#960=VERTEX_POINT('',#3389);
#961=VERTEX_POINT('',#3391);
#962=VERTEX_POINT('',#3393);
#963=VERTEX_POINT('',#3395);
#964=VERTEX_POINT('',#3397);
#965=VERTEX_POINT('',#3401);
#966=VERTEX_POINT('',#3403);
#967=VERTEX_POINT('',#3406);
#968=VERTEX_POINT('',#3407);
#969=VERTEX_POINT('',#3410);
#970=VERTEX_POINT('',#3415);
#971=VERTEX_POINT('',#3419);
#972=VERTEX_POINT('',#3421);
#973=VERTEX_POINT('',#3424);
#974=VERTEX_POINT('',#3425);
#975=VERTEX_POINT('',#3428);
#976=VERTEX_POINT('',#3433);
#977=VERTEX_POINT('',#3437);
#978=VERTEX_POINT('',#3439);
#979=VERTEX_POINT('',#3441);
#980=VERTEX_POINT('',#3443);
#981=VERTEX_POINT('',#3445);
#982=VERTEX_POINT('',#3449);
#983=VERTEX_POINT('',#3451);
#984=VERTEX_POINT('',#3453);
#985=VERTEX_POINT('',#3455);
#986=VERTEX_POINT('',#3458);
#987=VERTEX_POINT('',#3460);
#988=VERTEX_POINT('',#3463);
#989=VERTEX_POINT('',#3464);
#990=VERTEX_POINT('',#3466);
#991=VERTEX_POINT('',#3468);
#992=VERTEX_POINT('',#3470);
#993=VERTEX_POINT('',#3472);
#994=VERTEX_POINT('',#3475);
#995=VERTEX_POINT('',#3476);
#996=VERTEX_POINT('',#3478);
#997=VERTEX_POINT('',#3480);
#998=VERTEX_POINT('',#3482);
#999=VERTEX_POINT('',#3484);
#1000=VERTEX_POINT('',#3487);
#1001=VERTEX_POINT('',#3488);
#1002=VERTEX_POINT('',#3490);
#1003=VERTEX_POINT('',#3492);
#1004=VERTEX_POINT('',#3494);
#1005=VERTEX_POINT('',#3496);
#1006=VERTEX_POINT('',#3500);
#1007=VERTEX_POINT('',#3502);
#1008=VERTEX_POINT('',#3504);
#1009=VERTEX_POINT('',#3506);
#1010=VERTEX_POINT('',#3508);
#1011=VERTEX_POINT('',#3512);
#1012=VERTEX_POINT('',#3514);
#1013=VERTEX_POINT('',#3516);
#1014=VERTEX_POINT('',#3518);
#1015=VERTEX_POINT('',#3521);
#1016=VERTEX_POINT('',#3523);
#1017=VERTEX_POINT('',#3526);
#1018=VERTEX_POINT('',#3527);
#1019=VERTEX_POINT('',#3529);
#1020=VERTEX_POINT('',#3531);
#1021=VERTEX_POINT('',#3533);
#1022=VERTEX_POINT('',#3535);
#1023=VERTEX_POINT('',#3538);
#1024=VERTEX_POINT('',#3539);
#1025=VERTEX_POINT('',#3541);
#1026=VERTEX_POINT('',#3543);
#1027=VERTEX_POINT('',#3545);
#1028=VERTEX_POINT('',#3547);
#1029=VERTEX_POINT('',#3550);
#1030=VERTEX_POINT('',#3551);
#1031=VERTEX_POINT('',#3553);
#1032=VERTEX_POINT('',#3555);
#1033=VERTEX_POINT('',#3557);
#1034=VERTEX_POINT('',#3559);
#1035=VERTEX_POINT('',#3563);
#1036=VERTEX_POINT('',#3564);
#1037=VERTEX_POINT('',#3566);
#1038=VERTEX_POINT('',#3568);
#1039=VERTEX_POINT('',#3570);
#1040=VERTEX_POINT('',#3574);
#1041=VERTEX_POINT('',#3575);
#1042=VERTEX_POINT('',#3577);
#1043=VERTEX_POINT('',#3579);
#1044=VERTEX_POINT('',#3581);
#1045=VERTEX_POINT('',#3590);
#1046=VERTEX_POINT('',#3592);
#1047=VERTEX_POINT('',#3594);
#1048=VERTEX_POINT('',#3596);
#1049=VERTEX_POINT('',#3598);
#1050=VERTEX_POINT('',#3600);
#1051=VERTEX_POINT('',#3602);
#1052=VERTEX_POINT('',#3604);
#1053=VERTEX_POINT('',#3606);
#1054=VERTEX_POINT('',#3608);
#1055=VERTEX_POINT('',#3612);
#1056=VERTEX_POINT('',#3614);
#1057=VERTEX_POINT('',#3616);
#1058=VERTEX_POINT('',#3618);
#1059=VERTEX_POINT('',#3620);
#1060=VERTEX_POINT('',#3622);
#1061=VERTEX_POINT('',#3624);
#1062=VERTEX_POINT('',#3626);
#1063=VERTEX_POINT('',#3628);
#1064=VERTEX_POINT('',#3630);
#1065=VERTEX_POINT('',#3632);
#1066=VERTEX_POINT('',#3634);
#1067=VERTEX_POINT('',#3637);
#1068=VERTEX_POINT('',#3639);
#1069=VERTEX_POINT('',#3642);
#1070=VERTEX_POINT('',#3645);
#1071=VERTEX_POINT('',#3646);
#1072=VERTEX_POINT('',#3648);
#1073=VERTEX_POINT('',#3650);
#1074=VERTEX_POINT('',#3652);
#1075=VERTEX_POINT('',#3654);
#1076=VERTEX_POINT('',#3657);
#1077=VERTEX_POINT('',#3658);
#1078=VERTEX_POINT('',#3660);
#1079=VERTEX_POINT('',#3662);
#1080=VERTEX_POINT('',#3664);
#1081=VERTEX_POINT('',#3666);
#1082=VERTEX_POINT('',#3669);
#1083=VERTEX_POINT('',#3670);
#1084=VERTEX_POINT('',#3673);
#1085=VERTEX_POINT('',#3675);
#1086=VERTEX_POINT('',#3678);
#1087=VERTEX_POINT('',#3679);
#1088=VERTEX_POINT('',#3681);
#1089=VERTEX_POINT('',#3683);
#1090=VERTEX_POINT('',#3685);
#1091=VERTEX_POINT('',#3687);
#1092=VERTEX_POINT('',#3695);
#1093=VERTEX_POINT('',#3699);
#1094=VERTEX_POINT('',#3701);
#1095=VERTEX_POINT('',#3703);
#1096=VERTEX_POINT('',#3705);
#1097=VERTEX_POINT('',#3707);
#1098=VERTEX_POINT('',#3709);
#1099=VERTEX_POINT('',#3711);
#1100=VERTEX_POINT('',#3713);
#1101=VERTEX_POINT('',#3715);
#1102=VERTEX_POINT('',#3717);
#1103=VERTEX_POINT('',#3719);
#1104=VERTEX_POINT('',#3722);
#1105=VERTEX_POINT('',#3724);
#1106=VERTEX_POINT('',#3726);
#1107=VERTEX_POINT('',#3728);
#1108=VERTEX_POINT('',#3730);
#1109=VERTEX_POINT('',#3732);
#1110=VERTEX_POINT('',#3734);
#1111=VERTEX_POINT('',#3737);
#1112=VERTEX_POINT('',#3739);
#1113=VERTEX_POINT('',#3744);
#1114=VERTEX_POINT('',#3748);
#1115=VERTEX_POINT('',#3749);
#1116=VERTEX_POINT('',#3754);
#1117=VERTEX_POINT('',#3757);
#1118=VERTEX_POINT('',#3758);
#1119=VERTEX_POINT('',#3760);
#1120=VERTEX_POINT('',#3762);
#1121=VERTEX_POINT('',#3764);
#1122=VERTEX_POINT('',#3766);
#1123=VERTEX_POINT('',#3769);
#1124=VERTEX_POINT('',#3770);
#1125=VERTEX_POINT('',#3772);
#1126=VERTEX_POINT('',#3774);
#1127=VERTEX_POINT('',#3776);
#1128=VERTEX_POINT('',#3778);
#1129=VERTEX_POINT('',#3781);
#1130=VERTEX_POINT('',#3782);
#1131=VERTEX_POINT('',#3784);
#1132=VERTEX_POINT('',#3786);
#1133=VERTEX_POINT('',#3788);
#1134=VERTEX_POINT('',#3790);
#1135=VERTEX_POINT('',#3793);
#1136=VERTEX_POINT('',#3794);
#1137=VERTEX_POINT('',#3796);
#1138=VERTEX_POINT('',#3798);
#1139=VERTEX_POINT('',#3800);
#1140=VERTEX_POINT('',#3802);
#1141=VERTEX_POINT('',#3808);
#1142=VERTEX_POINT('',#3816);
#1143=VERTEX_POINT('',#3818);
#1144=VERTEX_POINT('',#3822);
#1145=VERTEX_POINT('',#3826);
#1146=VERTEX_POINT('',#3830);
#1147=VERTEX_POINT('',#3832);
#1148=VERTEX_POINT('',#3836);
#1149=VERTEX_POINT('',#3840);
#1150=VERTEX_POINT('',#3844);
#1151=VERTEX_POINT('',#3846);
#1152=VERTEX_POINT('',#3850);
#1153=VERTEX_POINT('',#3854);
#1154=VERTEX_POINT('',#3858);
#1155=VERTEX_POINT('',#3860);
#1156=VERTEX_POINT('',#3864);
#1157=VERTEX_POINT('',#3868);
#1158=VERTEX_POINT('',#3874);
#1159=VERTEX_POINT('',#3875);
#1160=VERTEX_POINT('',#3883);
#1161=VERTEX_POINT('',#3889);
#1162=VERTEX_POINT('',#3893);
#1163=VERTEX_POINT('',#3899);
#1164=VERTEX_POINT('',#3910);
#1165=VERTEX_POINT('',#3916);
#1166=VERTEX_POINT('',#3922);
#1167=VERTEX_POINT('',#3928);
#1168=VERTEX_POINT('',#3937);
#1169=VERTEX_POINT('',#3938);
#1170=VERTEX_POINT('',#3946);
#1171=VERTEX_POINT('',#3952);
#1172=VERTEX_POINT('',#3956);
#1173=VERTEX_POINT('',#3962);
#1174=VERTEX_POINT('',#3973);
#1175=VERTEX_POINT('',#3974);
#1176=VERTEX_POINT('',#3982);
#1177=VERTEX_POINT('',#3988);
#1178=VERTEX_POINT('',#3992);
#1179=VERTEX_POINT('',#3998);
#1180=VERTEX_POINT('',#4009);
#1181=VERTEX_POINT('',#4013);
#1182=VERTEX_POINT('',#4019);
#1183=VERTEX_POINT('',#4023);
#1184=VERTEX_POINT('',#4029);
#1185=VERTEX_POINT('',#4033);
#1186=VERTEX_POINT('',#4039);
#1187=VERTEX_POINT('',#4043);
#1188=EDGE_CURVE('',#953,#954,#837,.T.);
#1189=EDGE_CURVE('',#955,#954,#365,.T.);
#1190=EDGE_CURVE('',#955,#956,#366,.T.);
#1191=EDGE_CURVE('',#957,#956,#367,.T.);
#1192=EDGE_CURVE('',#958,#957,#368,.T.);
#1193=EDGE_CURVE('',#953,#958,#369,.T.);
#1194=EDGE_CURVE('',#959,#960,#838,.T.);
#1195=EDGE_CURVE('',#961,#960,#370,.T.);
#1196=EDGE_CURVE('',#962,#961,#371,.T.);
#1197=EDGE_CURVE('',#963,#962,#372,.T.);
#1198=EDGE_CURVE('',#963,#964,#373,.T.);
#1199=EDGE_CURVE('',#959,#964,#374,.T.);
#1200=EDGE_CURVE('',#965,#965,#839,.T.);
#1201=EDGE_CURVE('',#966,#966,#840,.T.);
#1202=EDGE_CURVE('',#967,#968,#841,.T.);
#1203=EDGE_CURVE('',#960,#967,#375,.T.);
#1204=EDGE_CURVE('',#969,#959,#376,.T.);
#1205=EDGE_CURVE('',#968,#969,#842,.T.);
#1206=EDGE_CURVE('',#968,#965,#377,.T.);
#1207=EDGE_CURVE('',#966,#970,#378,.T.);
#1208=EDGE_CURVE('',#970,#970,#843,.T.);
#1209=EDGE_CURVE('',#971,#971,#844,.T.);
#1210=EDGE_CURVE('',#972,#972,#845,.T.);
#1211=EDGE_CURVE('',#973,#974,#846,.T.);
#1212=EDGE_CURVE('',#954,#973,#379,.T.);
#1213=EDGE_CURVE('',#975,#953,#380,.T.);
#1214=EDGE_CURVE('',#974,#975,#847,.T.);
#1215=EDGE_CURVE('',#974,#971,#381,.T.);
#1216=EDGE_CURVE('',#972,#976,#382,.T.);
#1217=EDGE_CURVE('',#976,#976,#848,.T.);
#1218=EDGE_CURVE('',#977,#975,#383,.T.);
#1219=EDGE_CURVE('',#977,#978,#384,.T.);
#1220=EDGE_CURVE('',#978,#979,#385,.T.);
#1221=EDGE_CURVE('',#979,#980,#849,.T.);
#1222=EDGE_CURVE('',#980,#981,#386,.T.);
#1223=EDGE_CURVE('',#973,#981,#387,.T.);
#1224=EDGE_CURVE('',#958,#982,#850,.T.);
#1225=EDGE_CURVE('',#982,#983,#388,.T.);
#1226=EDGE_CURVE('',#983,#984,#851,.T.);
#1227=EDGE_CURVE('',#984,#985,#389,.T.);
#1228=EDGE_CURVE('',#985,#955,#852,.T.);
#1229=EDGE_CURVE('',#986,#981,#390,.T.);
#1230=EDGE_CURVE('',#987,#986,#391,.T.);
#1231=EDGE_CURVE('',#987,#977,#392,.T.);
#1232=EDGE_CURVE('',#988,#989,#393,.T.);
#1233=EDGE_CURVE('',#989,#990,#853,.T.);
#1234=EDGE_CURVE('',#990,#991,#394,.T.);
#1235=EDGE_CURVE('',#991,#992,#854,.T.);
#1236=EDGE_CURVE('',#992,#993,#395,.T.);
#1237=EDGE_CURVE('',#993,#988,#855,.T.);
#1238=EDGE_CURVE('',#994,#995,#396,.T.);
#1239=EDGE_CURVE('',#995,#996,#856,.T.);
#1240=EDGE_CURVE('',#996,#997,#397,.T.);
#1241=EDGE_CURVE('',#997,#998,#857,.T.);
#1242=EDGE_CURVE('',#998,#999,#398,.T.);
#1243=EDGE_CURVE('',#999,#994,#858,.T.);
#1244=EDGE_CURVE('',#1000,#1001,#399,.T.);
#1245=EDGE_CURVE('',#1001,#1002,#859,.T.);
#1246=EDGE_CURVE('',#1002,#1003,#400,.T.);
#1247=EDGE_CURVE('',#1003,#1004,#860,.T.);
#1248=EDGE_CURVE('',#1004,#1005,#401,.T.);
#1249=EDGE_CURVE('',#1005,#1000,#861,.T.);
#1250=EDGE_CURVE('',#1006,#969,#402,.T.);
#1251=EDGE_CURVE('',#1006,#1007,#403,.T.);
#1252=EDGE_CURVE('',#1007,#1008,#862,.T.);
#1253=EDGE_CURVE('',#1008,#1009,#404,.T.);
#1254=EDGE_CURVE('',#1009,#1010,#405,.T.);
#1255=EDGE_CURVE('',#967,#1010,#406,.T.);
#1256=EDGE_CURVE('',#964,#1011,#863,.T.);
#1257=EDGE_CURVE('',#1011,#1012,#407,.T.);
#1258=EDGE_CURVE('',#1012,#1013,#864,.T.);
#1259=EDGE_CURVE('',#1013,#1014,#408,.T.);
#1260=EDGE_CURVE('',#1014,#961,#865,.T.);
#1261=EDGE_CURVE('',#1010,#1015,#409,.T.);
#1262=EDGE_CURVE('',#1016,#1015,#410,.T.);
#1263=EDGE_CURVE('',#1006,#1016,#411,.T.);
#1264=EDGE_CURVE('',#1017,#1018,#412,.T.);
#1265=EDGE_CURVE('',#1018,#1019,#866,.T.);
#1266=EDGE_CURVE('',#1019,#1020,#413,.T.);
#1267=EDGE_CURVE('',#1020,#1021,#867,.T.);
#1268=EDGE_CURVE('',#1021,#1022,#414,.T.);
#1269=EDGE_CURVE('',#1022,#1017,#868,.T.);
#1270=EDGE_CURVE('',#1023,#1024,#415,.T.);
#1271=EDGE_CURVE('',#1024,#1025,#869,.T.);
#1272=EDGE_CURVE('',#1025,#1026,#416,.T.);
#1273=EDGE_CURVE('',#1026,#1027,#870,.T.);
#1274=EDGE_CURVE('',#1027,#1028,#417,.T.);
#1275=EDGE_CURVE('',#1028,#1023,#871,.T.);
#1276=EDGE_CURVE('',#1029,#1030,#418,.T.);
#1277=EDGE_CURVE('',#1030,#1031,#872,.T.);
#1278=EDGE_CURVE('',#1031,#1032,#419,.T.);
#1279=EDGE_CURVE('',#1032,#1033,#873,.T.);
#1280=EDGE_CURVE('',#1033,#1034,#420,.T.);
#1281=EDGE_CURVE('',#1034,#1029,#874,.T.);
#1282=EDGE_CURVE('',#1035,#1036,#875,.T.);
#1283=EDGE_CURVE('',#1037,#1035,#421,.T.);
#1284=EDGE_CURVE('',#1038,#1037,#422,.T.);
#1285=EDGE_CURVE('',#1039,#1038,#423,.T.);
#1286=EDGE_CURVE('',#1036,#1039,#424,.T.);
#1287=EDGE_CURVE('',#1040,#1041,#876,.T.);
#1288=EDGE_CURVE('',#1042,#1040,#425,.T.);
#1289=EDGE_CURVE('',#1043,#1042,#426,.T.);
#1290=EDGE_CURVE('',#1044,#1043,#427,.T.);
#1291=EDGE_CURVE('',#1041,#1044,#428,.T.);
#1292=EDGE_CURVE('',#1035,#979,#429,.T.);
#1293=EDGE_CURVE('',#1037,#978,#430,.T.);
#1294=EDGE_CURVE('',#1036,#980,#431,.T.);
#1295=EDGE_CURVE('',#1045,#987,#877,.T.);
#1296=EDGE_CURVE('',#1045,#1046,#432,.T.);
#1297=EDGE_CURVE('',#1047,#1046,#878,.T.);
#1298=EDGE_CURVE('',#1047,#1048,#433,.T.);
#1299=EDGE_CURVE('',#1049,#1048,#879,.T.);
#1300=EDGE_CURVE('',#1049,#1050,#434,.T.);
#1301=EDGE_CURVE('',#1051,#1050,#880,.T.);
#1302=EDGE_CURVE('',#1051,#1052,#435,.T.);
#1303=EDGE_CURVE('',#1053,#1052,#881,.T.);
#1304=EDGE_CURVE('',#1053,#1054,#436,.T.);
#1305=EDGE_CURVE('',#1015,#1054,#882,.T.);
#1306=EDGE_CURVE('',#1044,#1009,#437,.T.);
#1307=EDGE_CURVE('',#1043,#1055,#438,.T.);
#1308=EDGE_CURVE('',#1056,#1055,#883,.T.);
#1309=EDGE_CURVE('',#1057,#1056,#439,.T.);
#1310=EDGE_CURVE('',#1057,#1058,#884,.T.);
#1311=EDGE_CURVE('',#1059,#1058,#440,.T.);
#1312=EDGE_CURVE('',#1060,#1059,#885,.T.);
#1313=EDGE_CURVE('',#1061,#1060,#441,.T.);
#1314=EDGE_CURVE('',#1062,#1061,#886,.T.);
#1315=EDGE_CURVE('',#1062,#1063,#442,.T.);
#1316=EDGE_CURVE('',#1063,#1064,#887,.T.);
#1317=EDGE_CURVE('',#1064,#1065,#443,.T.);
#1318=EDGE_CURVE('',#1066,#1065,#888,.T.);
#1319=EDGE_CURVE('',#1066,#1038,#444,.T.);
#1320=EDGE_CURVE('',#1067,#1067,#889,.T.);
#1321=EDGE_CURVE('',#1068,#1068,#890,.T.);
#1322=EDGE_CURVE('',#1069,#1042,#445,.T.);
#1323=EDGE_CURVE('',#1069,#1055,#446,.T.);
#1324=EDGE_CURVE('',#1070,#1071,#447,.T.);
#1325=EDGE_CURVE('',#1071,#1072,#891,.T.);
#1326=EDGE_CURVE('',#1072,#1073,#448,.T.);
#1327=EDGE_CURVE('',#1073,#1074,#892,.T.);
#1328=EDGE_CURVE('',#1074,#1075,#449,.T.);
#1329=EDGE_CURVE('',#1075,#1070,#893,.T.);
#1330=EDGE_CURVE('',#1076,#1077,#450,.T.);
#1331=EDGE_CURVE('',#1077,#1078,#894,.T.);
#1332=EDGE_CURVE('',#1078,#1079,#451,.T.);
#1333=EDGE_CURVE('',#1079,#1080,#895,.T.);
#1334=EDGE_CURVE('',#1080,#1081,#452,.T.);
#1335=EDGE_CURVE('',#1081,#1076,#896,.T.);
#1336=EDGE_CURVE('',#1082,#1083,#453,.T.);
#1337=EDGE_CURVE('',#1083,#963,#897,.T.);
#1338=EDGE_CURVE('',#962,#1084,#898,.T.);
#1339=EDGE_CURVE('',#1084,#1085,#454,.T.);
#1340=EDGE_CURVE('',#1085,#1082,#899,.T.);
#1341=EDGE_CURVE('',#1086,#1087,#455,.T.);
#1342=EDGE_CURVE('',#1087,#1088,#900,.T.);
#1343=EDGE_CURVE('',#1088,#1089,#456,.T.);
#1344=EDGE_CURVE('',#1089,#1090,#901,.T.);
#1345=EDGE_CURVE('',#1090,#1091,#457,.T.);
#1346=EDGE_CURVE('',#1091,#1086,#902,.T.);
#1347=EDGE_CURVE('',#1041,#1008,#458,.T.);
#1348=EDGE_CURVE('',#1040,#1007,#459,.T.);
#1349=EDGE_CURVE('',#1092,#1016,#903,.T.);
#1350=EDGE_CURVE('',#1054,#1092,#460,.T.);
#1351=EDGE_CURVE('',#1039,#1093,#461,.T.);
#1352=EDGE_CURVE('',#1093,#1094,#904,.T.);
#1353=EDGE_CURVE('',#1094,#1095,#462,.T.);
#1354=EDGE_CURVE('',#1095,#1096,#905,.T.);
#1355=EDGE_CURVE('',#1096,#1097,#463,.T.);
#1356=EDGE_CURVE('',#1097,#1098,#906,.T.);
#1357=EDGE_CURVE('',#1098,#1099,#464,.T.);
#1358=EDGE_CURVE('',#1099,#1100,#907,.T.);
#1359=EDGE_CURVE('',#1100,#1101,#465,.T.);
#1360=EDGE_CURVE('',#1101,#1102,#908,.T.);
#1361=EDGE_CURVE('',#1102,#1103,#466,.T.);
#1362=EDGE_CURVE('',#1103,#1069,#909,.T.);
#1363=EDGE_CURVE('',#1092,#1104,#467,.T.);
#1364=EDGE_CURVE('',#1104,#1105,#468,.T.);
#1365=EDGE_CURVE('',#1105,#1106,#469,.T.);
#1366=EDGE_CURVE('',#1106,#1107,#470,.T.);
#1367=EDGE_CURVE('',#1107,#1108,#471,.T.);
#1368=EDGE_CURVE('',#1108,#1109,#910,.F.);
#1369=EDGE_CURVE('',#1109,#1110,#472,.T.);
#1370=EDGE_CURVE('',#986,#1110,#911,.T.);
#1371=EDGE_CURVE('',#1111,#1111,#912,.T.);
#1372=EDGE_CURVE('',#1112,#1112,#913,.T.);
#1373=EDGE_CURVE('',#1104,#1053,#473,.T.);
#1374=EDGE_CURVE('',#1104,#1113,#914,.F.);
#1375=EDGE_CURVE('',#1052,#1113,#474,.T.);
#1376=EDGE_CURVE('',#1114,#1115,#915,.T.);
#1377=EDGE_CURVE('',#1115,#1051,#475,.T.);
#1378=EDGE_CURVE('',#1050,#1114,#476,.T.);
#1379=EDGE_CURVE('',#1116,#1049,#477,.T.);
#1380=EDGE_CURVE('',#1114,#1116,#478,.T.);
#1381=EDGE_CURVE('',#1117,#1118,#479,.T.);
#1382=EDGE_CURVE('',#1119,#1117,#916,.T.);
#1383=EDGE_CURVE('',#1120,#1119,#480,.T.);
#1384=EDGE_CURVE('',#1121,#1120,#917,.T.);
#1385=EDGE_CURVE('',#1122,#1121,#481,.T.);
#1386=EDGE_CURVE('',#1118,#1122,#918,.T.);
#1387=EDGE_CURVE('',#1123,#1124,#482,.T.);
#1388=EDGE_CURVE('',#1125,#1123,#919,.T.);
#1389=EDGE_CURVE('',#1126,#1125,#483,.T.);
#1390=EDGE_CURVE('',#1127,#1126,#920,.T.);
#1391=EDGE_CURVE('',#1128,#1127,#484,.T.);
#1392=EDGE_CURVE('',#1124,#1128,#921,.T.);
#1393=EDGE_CURVE('',#1129,#1130,#485,.T.);
#1394=EDGE_CURVE('',#1131,#1129,#922,.T.);
#1395=EDGE_CURVE('',#1132,#1131,#486,.T.);
#1396=EDGE_CURVE('',#1133,#1132,#923,.T.);
#1397=EDGE_CURVE('',#1134,#1133,#487,.T.);
#1398=EDGE_CURVE('',#1130,#1134,#924,.T.);
#1399=EDGE_CURVE('',#1135,#1136,#488,.T.);
#1400=EDGE_CURVE('',#1137,#1135,#925,.T.);
#1401=EDGE_CURVE('',#1138,#1137,#489,.T.);
#1402=EDGE_CURVE('',#1139,#1138,#926,.T.);
#1403=EDGE_CURVE('',#1140,#1139,#490,.T.);
#1404=EDGE_CURVE('',#1136,#1140,#927,.T.);
#1405=EDGE_CURVE('',#1110,#1045,#491,.T.);
#1406=EDGE_CURVE('',#1048,#1141,#492,.T.);
#1407=EDGE_CURVE('',#1141,#1116,#928,.T.);
#1408=EDGE_CURVE('',#1108,#1047,#493,.T.);
#1409=EDGE_CURVE('',#1046,#1109,#494,.T.);
#1410=EDGE_CURVE('',#1137,#1142,#495,.T.);
#1411=EDGE_CURVE('',#1143,#1142,#496,.T.);
#1412=EDGE_CURVE('',#1138,#1143,#497,.T.);
#1413=EDGE_CURVE('',#1135,#1144,#498,.T.);
#1414=EDGE_CURVE('',#1142,#1144,#929,.T.);
#1415=EDGE_CURVE('',#1136,#1145,#499,.T.);
#1416=EDGE_CURVE('',#1144,#1145,#500,.T.);
#1417=EDGE_CURVE('',#1131,#1146,#501,.T.);
#1418=EDGE_CURVE('',#1147,#1146,#502,.T.);
#1419=EDGE_CURVE('',#1132,#1147,#503,.T.);
#1420=EDGE_CURVE('',#1129,#1148,#504,.T.);
#1421=EDGE_CURVE('',#1146,#1148,#930,.T.);
#1422=EDGE_CURVE('',#1130,#1149,#505,.T.);
#1423=EDGE_CURVE('',#1148,#1149,#506,.T.);
#1424=EDGE_CURVE('',#1125,#1150,#507,.T.);
#1425=EDGE_CURVE('',#1151,#1150,#508,.T.);
#1426=EDGE_CURVE('',#1126,#1151,#509,.T.);
#1427=EDGE_CURVE('',#1123,#1152,#510,.T.);
#1428=EDGE_CURVE('',#1150,#1152,#931,.T.);
#1429=EDGE_CURVE('',#1124,#1153,#511,.T.);
#1430=EDGE_CURVE('',#1152,#1153,#512,.T.);
#1431=EDGE_CURVE('',#1119,#1154,#513,.T.);
#1432=EDGE_CURVE('',#1155,#1154,#514,.T.);
#1433=EDGE_CURVE('',#1120,#1155,#515,.T.);
#1434=EDGE_CURVE('',#1117,#1156,#516,.T.);
#1435=EDGE_CURVE('',#1154,#1156,#932,.T.);
#1436=EDGE_CURVE('',#1118,#1157,#517,.T.);
#1437=EDGE_CURVE('',#1156,#1157,#518,.T.);
#1438=EDGE_CURVE('',#1113,#1115,#519,.T.);
#1439=EDGE_CURVE('',#1158,#1159,#933,.T.);
#1440=EDGE_CURVE('',#1004,#1158,#520,.T.);
#1441=EDGE_CURVE('',#1003,#1159,#521,.T.);
#1442=EDGE_CURVE('',#1089,#1021,#522,.T.);
#1443=EDGE_CURVE('',#1090,#1020,#523,.T.);
#1444=EDGE_CURVE('',#1160,#1158,#524,.T.);
#1445=EDGE_CURVE('',#1005,#1160,#525,.T.);
#1446=EDGE_CURVE('',#1091,#1019,#526,.T.);
#1447=EDGE_CURVE('',#1159,#1161,#527,.T.);
#1448=EDGE_CURVE('',#1002,#1161,#528,.T.);
#1449=EDGE_CURVE('',#1162,#1160,#934,.T.);
#1450=EDGE_CURVE('',#1000,#1162,#529,.T.);
#1451=EDGE_CURVE('',#1086,#1018,#530,.T.);
#1452=EDGE_CURVE('',#1161,#1163,#935,.T.);
#1453=EDGE_CURVE('',#1001,#1163,#531,.T.);
#1454=EDGE_CURVE('',#1163,#1162,#532,.T.);
#1455=EDGE_CURVE('',#1087,#1017,#533,.T.);
#1456=EDGE_CURVE('',#1088,#1022,#534,.T.);
#1457=EDGE_CURVE('',#1164,#957,#936,.T.);
#1458=EDGE_CURVE('',#982,#1164,#535,.T.);
#1459=EDGE_CURVE('',#1084,#1014,#536,.T.);
#1460=EDGE_CURVE('',#1165,#1164,#537,.T.);
#1461=EDGE_CURVE('',#983,#1165,#538,.T.);
#1462=EDGE_CURVE('',#1085,#1013,#539,.T.);
#1463=EDGE_CURVE('',#1166,#1165,#937,.T.);
#1464=EDGE_CURVE('',#984,#1166,#540,.T.);
#1465=EDGE_CURVE('',#1082,#1012,#541,.T.);
#1466=EDGE_CURVE('',#956,#1167,#938,.T.);
#1467=EDGE_CURVE('',#985,#1167,#542,.T.);
#1468=EDGE_CURVE('',#1167,#1166,#543,.T.);
#1469=EDGE_CURVE('',#1083,#1011,#544,.T.);
#1470=EDGE_CURVE('',#1168,#1169,#939,.T.);
#1471=EDGE_CURVE('',#998,#1168,#545,.T.);
#1472=EDGE_CURVE('',#997,#1169,#546,.T.);
#1473=EDGE_CURVE('',#1079,#1027,#547,.T.);
#1474=EDGE_CURVE('',#1080,#1026,#548,.T.);
#1475=EDGE_CURVE('',#1170,#1168,#549,.T.);
#1476=EDGE_CURVE('',#999,#1170,#550,.T.);
#1477=EDGE_CURVE('',#1081,#1025,#551,.T.);
#1478=EDGE_CURVE('',#1169,#1171,#552,.T.);
#1479=EDGE_CURVE('',#996,#1171,#553,.T.);
#1480=EDGE_CURVE('',#1172,#1170,#940,.T.);
#1481=EDGE_CURVE('',#994,#1172,#554,.T.);
#1482=EDGE_CURVE('',#1076,#1024,#555,.T.);
#1483=EDGE_CURVE('',#1171,#1173,#941,.T.);
#1484=EDGE_CURVE('',#995,#1173,#556,.T.);
#1485=EDGE_CURVE('',#1173,#1172,#557,.T.);
#1486=EDGE_CURVE('',#1077,#1023,#558,.T.);
#1487=EDGE_CURVE('',#1078,#1028,#559,.T.);
#1488=EDGE_CURVE('',#1174,#1175,#942,.T.);
#1489=EDGE_CURVE('',#992,#1174,#560,.T.);
#1490=EDGE_CURVE('',#991,#1175,#561,.T.);
#1491=EDGE_CURVE('',#1073,#1033,#562,.T.);
#1492=EDGE_CURVE('',#1074,#1032,#563,.T.);
#1493=EDGE_CURVE('',#1176,#1174,#564,.T.);
#1494=EDGE_CURVE('',#993,#1176,#565,.T.);
#1495=EDGE_CURVE('',#1075,#1031,#566,.T.);
#1496=EDGE_CURVE('',#1175,#1177,#567,.T.);
#1497=EDGE_CURVE('',#990,#1177,#568,.T.);
#1498=EDGE_CURVE('',#1178,#1176,#943,.T.);
#1499=EDGE_CURVE('',#988,#1178,#569,.T.);
#1500=EDGE_CURVE('',#1070,#1030,#570,.T.);
#1501=EDGE_CURVE('',#1177,#1179,#944,.T.);
#1502=EDGE_CURVE('',#989,#1179,#571,.T.);
#1503=EDGE_CURVE('',#1179,#1178,#572,.T.);
#1504=EDGE_CURVE('',#1071,#1029,#573,.T.);
#1505=EDGE_CURVE('',#1072,#1034,#574,.T.);
#1506=EDGE_CURVE('',#1180,#1155,#945,.T.);
#1507=EDGE_CURVE('',#1121,#1180,#575,.T.);
#1508=EDGE_CURVE('',#1122,#1181,#576,.T.);
#1509=EDGE_CURVE('',#1157,#1181,#946,.T.);
#1510=EDGE_CURVE('',#1181,#1180,#577,.T.);
#1511=EDGE_CURVE('',#1182,#1151,#947,.T.);
#1512=EDGE_CURVE('',#1127,#1182,#578,.T.);
#1513=EDGE_CURVE('',#1128,#1183,#579,.T.);
#1514=EDGE_CURVE('',#1153,#1183,#948,.T.);
#1515=EDGE_CURVE('',#1183,#1182,#580,.T.);
#1516=EDGE_CURVE('',#1184,#1147,#949,.T.);
#1517=EDGE_CURVE('',#1133,#1184,#581,.T.);
#1518=EDGE_CURVE('',#1134,#1185,#582,.T.);
#1519=EDGE_CURVE('',#1149,#1185,#950,.T.);
#1520=EDGE_CURVE('',#1185,#1184,#583,.T.);
#1521=EDGE_CURVE('',#1186,#1143,#951,.T.);
#1522=EDGE_CURVE('',#1139,#1186,#584,.T.);
#1523=EDGE_CURVE('',#1140,#1187,#585,.T.);
#1524=EDGE_CURVE('',#1145,#1187,#952,.T.);
#1525=EDGE_CURVE('',#1187,#1186,#586,.T.);
#1526=EDGE_CURVE('',#1111,#1068,#587,.T.);
#1527=EDGE_CURVE('',#1112,#1067,#588,.T.);
#1528=EDGE_CURVE('',#1064,#1095,#589,.T.);
#1529=EDGE_CURVE('',#1065,#1094,#590,.T.);
#1530=EDGE_CURVE('',#1093,#1066,#591,.T.);
#1531=EDGE_CURVE('',#1098,#1061,#592,.T.);
#1532=EDGE_CURVE('',#1062,#1097,#593,.T.);
#1533=EDGE_CURVE('',#1063,#1096,#594,.T.);
#1534=EDGE_CURVE('',#1058,#1101,#595,.T.);
#1535=EDGE_CURVE('',#1059,#1100,#596,.T.);
#1536=EDGE_CURVE('',#1099,#1060,#597,.T.);
#1537=EDGE_CURVE('',#1056,#1103,#598,.T.);
#1538=EDGE_CURVE('',#1057,#1102,#599,.T.);
#1539=EDGE_CURVE('',#1108,#1141,#600,.T.);
#1540=ORIENTED_EDGE('',*,*,#1188,.T.);
#1541=ORIENTED_EDGE('',*,*,#1189,.F.);
#1542=ORIENTED_EDGE('',*,*,#1190,.T.);
#1543=ORIENTED_EDGE('',*,*,#1191,.F.);
#1544=ORIENTED_EDGE('',*,*,#1192,.F.);
#1545=ORIENTED_EDGE('',*,*,#1193,.F.);
#1546=ORIENTED_EDGE('',*,*,#1194,.T.);
#1547=ORIENTED_EDGE('',*,*,#1195,.F.);
#1548=ORIENTED_EDGE('',*,*,#1196,.F.);
#1549=ORIENTED_EDGE('',*,*,#1197,.F.);
#1550=ORIENTED_EDGE('',*,*,#1198,.T.);
#1551=ORIENTED_EDGE('',*,*,#1199,.F.);
#1552=ORIENTED_EDGE('',*,*,#1200,.F.);
#1553=ORIENTED_EDGE('',*,*,#1201,.T.);
#1554=ORIENTED_EDGE('',*,*,#1202,.F.);
#1555=ORIENTED_EDGE('',*,*,#1203,.F.);
#1556=ORIENTED_EDGE('',*,*,#1194,.F.);
#1557=ORIENTED_EDGE('',*,*,#1204,.F.);
#1558=ORIENTED_EDGE('',*,*,#1205,.F.);
#1559=ORIENTED_EDGE('',*,*,#1206,.T.);
#1560=ORIENTED_EDGE('',*,*,#1200,.T.);
#1561=ORIENTED_EDGE('',*,*,#1206,.F.);
#1562=ORIENTED_EDGE('',*,*,#1201,.F.);
#1563=ORIENTED_EDGE('',*,*,#1207,.T.);
#1564=ORIENTED_EDGE('',*,*,#1208,.F.);
#1565=ORIENTED_EDGE('',*,*,#1207,.F.);
#1566=ORIENTED_EDGE('',*,*,#1209,.F.);
#1567=ORIENTED_EDGE('',*,*,#1210,.T.);
#1568=ORIENTED_EDGE('',*,*,#1211,.F.);
#1569=ORIENTED_EDGE('',*,*,#1212,.F.);
#1570=ORIENTED_EDGE('',*,*,#1188,.F.);
#1571=ORIENTED_EDGE('',*,*,#1213,.F.);
#1572=ORIENTED_EDGE('',*,*,#1214,.F.);
#1573=ORIENTED_EDGE('',*,*,#1215,.T.);
#1574=ORIENTED_EDGE('',*,*,#1209,.T.);
#1575=ORIENTED_EDGE('',*,*,#1215,.F.);
#1576=ORIENTED_EDGE('',*,*,#1210,.F.);
#1577=ORIENTED_EDGE('',*,*,#1216,.T.);
#1578=ORIENTED_EDGE('',*,*,#1217,.F.);
#1579=ORIENTED_EDGE('',*,*,#1216,.F.);
#1580=ORIENTED_EDGE('',*,*,#1211,.T.);
#1581=ORIENTED_EDGE('',*,*,#1214,.T.);
#1582=ORIENTED_EDGE('',*,*,#1218,.F.);
#1583=ORIENTED_EDGE('',*,*,#1219,.T.);
#1584=ORIENTED_EDGE('',*,*,#1220,.T.);
#1585=ORIENTED_EDGE('',*,*,#1221,.T.);
#1586=ORIENTED_EDGE('',*,*,#1222,.T.);
#1587=ORIENTED_EDGE('',*,*,#1223,.F.);
#1588=ORIENTED_EDGE('',*,*,#1213,.T.);
#1589=ORIENTED_EDGE('',*,*,#1193,.T.);
#1590=ORIENTED_EDGE('',*,*,#1224,.T.);
#1591=ORIENTED_EDGE('',*,*,#1225,.T.);
#1592=ORIENTED_EDGE('',*,*,#1226,.T.);
#1593=ORIENTED_EDGE('',*,*,#1227,.T.);
#1594=ORIENTED_EDGE('',*,*,#1228,.T.);
#1595=ORIENTED_EDGE('',*,*,#1189,.T.);
#1596=ORIENTED_EDGE('',*,*,#1212,.T.);
#1597=ORIENTED_EDGE('',*,*,#1223,.T.);
#1598=ORIENTED_EDGE('',*,*,#1229,.F.);
#1599=ORIENTED_EDGE('',*,*,#1230,.F.);
#1600=ORIENTED_EDGE('',*,*,#1231,.T.);
#1601=ORIENTED_EDGE('',*,*,#1218,.T.);
#1602=ORIENTED_EDGE('',*,*,#1232,.T.);
#1603=ORIENTED_EDGE('',*,*,#1233,.T.);
#1604=ORIENTED_EDGE('',*,*,#1234,.T.);
#1605=ORIENTED_EDGE('',*,*,#1235,.T.);
#1606=ORIENTED_EDGE('',*,*,#1236,.T.);
#1607=ORIENTED_EDGE('',*,*,#1237,.T.);
#1608=ORIENTED_EDGE('',*,*,#1238,.T.);
#1609=ORIENTED_EDGE('',*,*,#1239,.T.);
#1610=ORIENTED_EDGE('',*,*,#1240,.T.);
#1611=ORIENTED_EDGE('',*,*,#1241,.T.);
#1612=ORIENTED_EDGE('',*,*,#1242,.T.);
#1613=ORIENTED_EDGE('',*,*,#1243,.T.);
#1614=ORIENTED_EDGE('',*,*,#1244,.T.);
#1615=ORIENTED_EDGE('',*,*,#1245,.T.);
#1616=ORIENTED_EDGE('',*,*,#1246,.T.);
#1617=ORIENTED_EDGE('',*,*,#1247,.T.);
#1618=ORIENTED_EDGE('',*,*,#1248,.T.);
#1619=ORIENTED_EDGE('',*,*,#1249,.T.);
#1620=ORIENTED_EDGE('',*,*,#1202,.T.);
#1621=ORIENTED_EDGE('',*,*,#1205,.T.);
#1622=ORIENTED_EDGE('',*,*,#1250,.F.);
#1623=ORIENTED_EDGE('',*,*,#1251,.T.);
#1624=ORIENTED_EDGE('',*,*,#1252,.T.);
#1625=ORIENTED_EDGE('',*,*,#1253,.T.);
#1626=ORIENTED_EDGE('',*,*,#1254,.T.);
#1627=ORIENTED_EDGE('',*,*,#1255,.F.);
#1628=ORIENTED_EDGE('',*,*,#1204,.T.);
#1629=ORIENTED_EDGE('',*,*,#1199,.T.);
#1630=ORIENTED_EDGE('',*,*,#1256,.T.);
#1631=ORIENTED_EDGE('',*,*,#1257,.T.);
#1632=ORIENTED_EDGE('',*,*,#1258,.T.);
#1633=ORIENTED_EDGE('',*,*,#1259,.T.);
#1634=ORIENTED_EDGE('',*,*,#1260,.T.);
#1635=ORIENTED_EDGE('',*,*,#1195,.T.);
#1636=ORIENTED_EDGE('',*,*,#1203,.T.);
#1637=ORIENTED_EDGE('',*,*,#1255,.T.);
#1638=ORIENTED_EDGE('',*,*,#1261,.T.);
#1639=ORIENTED_EDGE('',*,*,#1262,.F.);
#1640=ORIENTED_EDGE('',*,*,#1263,.F.);
#1641=ORIENTED_EDGE('',*,*,#1250,.T.);
#1642=ORIENTED_EDGE('',*,*,#1264,.T.);
#1643=ORIENTED_EDGE('',*,*,#1265,.T.);
#1644=ORIENTED_EDGE('',*,*,#1266,.T.);
#1645=ORIENTED_EDGE('',*,*,#1267,.T.);
#1646=ORIENTED_EDGE('',*,*,#1268,.T.);
#1647=ORIENTED_EDGE('',*,*,#1269,.T.);
#1648=ORIENTED_EDGE('',*,*,#1270,.T.);
#1649=ORIENTED_EDGE('',*,*,#1271,.T.);
#1650=ORIENTED_EDGE('',*,*,#1272,.T.);
#1651=ORIENTED_EDGE('',*,*,#1273,.T.);
#1652=ORIENTED_EDGE('',*,*,#1274,.T.);
#1653=ORIENTED_EDGE('',*,*,#1275,.T.);
#1654=ORIENTED_EDGE('',*,*,#1276,.T.);
#1655=ORIENTED_EDGE('',*,*,#1277,.T.);
#1656=ORIENTED_EDGE('',*,*,#1278,.T.);
#1657=ORIENTED_EDGE('',*,*,#1279,.T.);
#1658=ORIENTED_EDGE('',*,*,#1280,.T.);
#1659=ORIENTED_EDGE('',*,*,#1281,.T.);
#1660=ORIENTED_EDGE('',*,*,#1282,.F.);
#1661=ORIENTED_EDGE('',*,*,#1283,.F.);
#1662=ORIENTED_EDGE('',*,*,#1284,.F.);
#1663=ORIENTED_EDGE('',*,*,#1285,.F.);
#1664=ORIENTED_EDGE('',*,*,#1286,.F.);
#1665=ORIENTED_EDGE('',*,*,#1217,.T.);
#1666=ORIENTED_EDGE('',*,*,#1287,.F.);
#1667=ORIENTED_EDGE('',*,*,#1288,.F.);
#1668=ORIENTED_EDGE('',*,*,#1289,.F.);
#1669=ORIENTED_EDGE('',*,*,#1290,.F.);
#1670=ORIENTED_EDGE('',*,*,#1291,.F.);
#1671=ORIENTED_EDGE('',*,*,#1208,.T.);
#1672=ORIENTED_EDGE('',*,*,#1283,.T.);
#1673=ORIENTED_EDGE('',*,*,#1292,.T.);
#1674=ORIENTED_EDGE('',*,*,#1220,.F.);
#1675=ORIENTED_EDGE('',*,*,#1293,.F.);
#1676=ORIENTED_EDGE('',*,*,#1282,.T.);
#1677=ORIENTED_EDGE('',*,*,#1294,.T.);
#1678=ORIENTED_EDGE('',*,*,#1221,.F.);
#1679=ORIENTED_EDGE('',*,*,#1292,.F.);
#1680=ORIENTED_EDGE('',*,*,#1284,.T.);
#1681=ORIENTED_EDGE('',*,*,#1293,.T.);
#1682=ORIENTED_EDGE('',*,*,#1219,.F.);
#1683=ORIENTED_EDGE('',*,*,#1231,.F.);
#1684=ORIENTED_EDGE('',*,*,#1295,.F.);
#1685=ORIENTED_EDGE('',*,*,#1296,.T.);
#1686=ORIENTED_EDGE('',*,*,#1297,.F.);
#1687=ORIENTED_EDGE('',*,*,#1298,.T.);
#1688=ORIENTED_EDGE('',*,*,#1299,.F.);
#1689=ORIENTED_EDGE('',*,*,#1300,.T.);
#1690=ORIENTED_EDGE('',*,*,#1301,.F.);
#1691=ORIENTED_EDGE('',*,*,#1302,.T.);
#1692=ORIENTED_EDGE('',*,*,#1303,.F.);
#1693=ORIENTED_EDGE('',*,*,#1304,.T.);
#1694=ORIENTED_EDGE('',*,*,#1305,.F.);
#1695=ORIENTED_EDGE('',*,*,#1261,.F.);
#1696=ORIENTED_EDGE('',*,*,#1254,.F.);
#1697=ORIENTED_EDGE('',*,*,#1306,.F.);
#1698=ORIENTED_EDGE('',*,*,#1290,.T.);
#1699=ORIENTED_EDGE('',*,*,#1307,.T.);
#1700=ORIENTED_EDGE('',*,*,#1308,.F.);
#1701=ORIENTED_EDGE('',*,*,#1309,.F.);
#1702=ORIENTED_EDGE('',*,*,#1310,.T.);
#1703=ORIENTED_EDGE('',*,*,#1311,.F.);
#1704=ORIENTED_EDGE('',*,*,#1312,.F.);
#1705=ORIENTED_EDGE('',*,*,#1313,.F.);
#1706=ORIENTED_EDGE('',*,*,#1314,.F.);
#1707=ORIENTED_EDGE('',*,*,#1315,.T.);
#1708=ORIENTED_EDGE('',*,*,#1316,.T.);
#1709=ORIENTED_EDGE('',*,*,#1317,.T.);
#1710=ORIENTED_EDGE('',*,*,#1318,.F.);
#1711=ORIENTED_EDGE('',*,*,#1319,.T.);
#1712=ORIENTED_EDGE('',*,*,#1320,.T.);
#1713=ORIENTED_EDGE('',*,*,#1321,.T.);
#1714=ORIENTED_EDGE('',*,*,#1289,.T.);
#1715=ORIENTED_EDGE('',*,*,#1322,.F.);
#1716=ORIENTED_EDGE('',*,*,#1323,.T.);
#1717=ORIENTED_EDGE('',*,*,#1307,.F.);
#1718=ORIENTED_EDGE('',*,*,#1324,.T.);
#1719=ORIENTED_EDGE('',*,*,#1325,.T.);
#1720=ORIENTED_EDGE('',*,*,#1326,.T.);
#1721=ORIENTED_EDGE('',*,*,#1327,.T.);
#1722=ORIENTED_EDGE('',*,*,#1328,.T.);
#1723=ORIENTED_EDGE('',*,*,#1329,.T.);
#1724=ORIENTED_EDGE('',*,*,#1330,.T.);
#1725=ORIENTED_EDGE('',*,*,#1331,.T.);
#1726=ORIENTED_EDGE('',*,*,#1332,.T.);
#1727=ORIENTED_EDGE('',*,*,#1333,.T.);
#1728=ORIENTED_EDGE('',*,*,#1334,.T.);
#1729=ORIENTED_EDGE('',*,*,#1335,.T.);
#1730=ORIENTED_EDGE('',*,*,#1336,.T.);
#1731=ORIENTED_EDGE('',*,*,#1337,.T.);
#1732=ORIENTED_EDGE('',*,*,#1197,.T.);
#1733=ORIENTED_EDGE('',*,*,#1338,.T.);
#1734=ORIENTED_EDGE('',*,*,#1339,.T.);
#1735=ORIENTED_EDGE('',*,*,#1340,.T.);
#1736=ORIENTED_EDGE('',*,*,#1341,.T.);
#1737=ORIENTED_EDGE('',*,*,#1342,.T.);
#1738=ORIENTED_EDGE('',*,*,#1343,.T.);
#1739=ORIENTED_EDGE('',*,*,#1344,.T.);
#1740=ORIENTED_EDGE('',*,*,#1345,.T.);
#1741=ORIENTED_EDGE('',*,*,#1346,.T.);
#1742=ORIENTED_EDGE('',*,*,#1287,.T.);
#1743=ORIENTED_EDGE('',*,*,#1347,.T.);
#1744=ORIENTED_EDGE('',*,*,#1252,.F.);
#1745=ORIENTED_EDGE('',*,*,#1348,.F.);
#1746=ORIENTED_EDGE('',*,*,#1291,.T.);
#1747=ORIENTED_EDGE('',*,*,#1306,.T.);
#1748=ORIENTED_EDGE('',*,*,#1253,.F.);
#1749=ORIENTED_EDGE('',*,*,#1347,.F.);
#1750=ORIENTED_EDGE('',*,*,#1349,.T.);
#1751=ORIENTED_EDGE('',*,*,#1262,.T.);
#1752=ORIENTED_EDGE('',*,*,#1305,.T.);
#1753=ORIENTED_EDGE('',*,*,#1350,.T.);
#1754=ORIENTED_EDGE('',*,*,#1286,.T.);
#1755=ORIENTED_EDGE('',*,*,#1351,.T.);
#1756=ORIENTED_EDGE('',*,*,#1352,.T.);
#1757=ORIENTED_EDGE('',*,*,#1353,.T.);
#1758=ORIENTED_EDGE('',*,*,#1354,.T.);
#1759=ORIENTED_EDGE('',*,*,#1355,.T.);
#1760=ORIENTED_EDGE('',*,*,#1356,.T.);
#1761=ORIENTED_EDGE('',*,*,#1357,.T.);
#1762=ORIENTED_EDGE('',*,*,#1358,.T.);
#1763=ORIENTED_EDGE('',*,*,#1359,.T.);
#1764=ORIENTED_EDGE('',*,*,#1360,.T.);
#1765=ORIENTED_EDGE('',*,*,#1361,.T.);
#1766=ORIENTED_EDGE('',*,*,#1362,.T.);
#1767=ORIENTED_EDGE('',*,*,#1322,.T.);
#1768=ORIENTED_EDGE('',*,*,#1288,.T.);
#1769=ORIENTED_EDGE('',*,*,#1348,.T.);
#1770=ORIENTED_EDGE('',*,*,#1251,.F.);
#1771=ORIENTED_EDGE('',*,*,#1263,.T.);
#1772=ORIENTED_EDGE('',*,*,#1349,.F.);
#1773=ORIENTED_EDGE('',*,*,#1363,.T.);
#1774=ORIENTED_EDGE('',*,*,#1364,.T.);
#1775=ORIENTED_EDGE('',*,*,#1365,.T.);
#1776=ORIENTED_EDGE('',*,*,#1366,.T.);
#1777=ORIENTED_EDGE('',*,*,#1367,.T.);
#1778=ORIENTED_EDGE('',*,*,#1368,.T.);
#1779=ORIENTED_EDGE('',*,*,#1369,.T.);
#1780=ORIENTED_EDGE('',*,*,#1370,.F.);
#1781=ORIENTED_EDGE('',*,*,#1229,.T.);
#1782=ORIENTED_EDGE('',*,*,#1222,.F.);
#1783=ORIENTED_EDGE('',*,*,#1294,.F.);
#1784=ORIENTED_EDGE('',*,*,#1371,.T.);
#1785=ORIENTED_EDGE('',*,*,#1372,.T.);
#1786=ORIENTED_EDGE('',*,*,#1350,.F.);
#1787=ORIENTED_EDGE('',*,*,#1304,.F.);
#1788=ORIENTED_EDGE('',*,*,#1373,.F.);
#1789=ORIENTED_EDGE('',*,*,#1363,.F.);
#1790=ORIENTED_EDGE('',*,*,#1374,.F.);
#1791=ORIENTED_EDGE('',*,*,#1373,.T.);
#1792=ORIENTED_EDGE('',*,*,#1303,.T.);
#1793=ORIENTED_EDGE('',*,*,#1375,.T.);
#1794=ORIENTED_EDGE('',*,*,#1376,.T.);
#1795=ORIENTED_EDGE('',*,*,#1377,.T.);
#1796=ORIENTED_EDGE('',*,*,#1301,.T.);
#1797=ORIENTED_EDGE('',*,*,#1378,.T.);
#1798=ORIENTED_EDGE('',*,*,#1378,.F.);
#1799=ORIENTED_EDGE('',*,*,#1300,.F.);
#1800=ORIENTED_EDGE('',*,*,#1379,.F.);
#1801=ORIENTED_EDGE('',*,*,#1380,.F.);
#1802=ORIENTED_EDGE('',*,*,#1381,.F.);
#1803=ORIENTED_EDGE('',*,*,#1382,.F.);
#1804=ORIENTED_EDGE('',*,*,#1383,.F.);
#1805=ORIENTED_EDGE('',*,*,#1384,.F.);
#1806=ORIENTED_EDGE('',*,*,#1385,.F.);
#1807=ORIENTED_EDGE('',*,*,#1386,.F.);
#1808=ORIENTED_EDGE('',*,*,#1387,.F.);
#1809=ORIENTED_EDGE('',*,*,#1388,.F.);
#1810=ORIENTED_EDGE('',*,*,#1389,.F.);
#1811=ORIENTED_EDGE('',*,*,#1390,.F.);
#1812=ORIENTED_EDGE('',*,*,#1391,.F.);
#1813=ORIENTED_EDGE('',*,*,#1392,.F.);
#1814=ORIENTED_EDGE('',*,*,#1393,.F.);
#1815=ORIENTED_EDGE('',*,*,#1394,.F.);
#1816=ORIENTED_EDGE('',*,*,#1395,.F.);
#1817=ORIENTED_EDGE('',*,*,#1396,.F.);
#1818=ORIENTED_EDGE('',*,*,#1397,.F.);
#1819=ORIENTED_EDGE('',*,*,#1398,.F.);
#1820=ORIENTED_EDGE('',*,*,#1399,.F.);
#1821=ORIENTED_EDGE('',*,*,#1400,.F.);
#1822=ORIENTED_EDGE('',*,*,#1401,.F.);
#1823=ORIENTED_EDGE('',*,*,#1402,.F.);
#1824=ORIENTED_EDGE('',*,*,#1403,.F.);
#1825=ORIENTED_EDGE('',*,*,#1404,.F.);
#1826=ORIENTED_EDGE('',*,*,#1295,.T.);
#1827=ORIENTED_EDGE('',*,*,#1230,.T.);
#1828=ORIENTED_EDGE('',*,*,#1370,.T.);
#1829=ORIENTED_EDGE('',*,*,#1405,.T.);
#1830=ORIENTED_EDGE('',*,*,#1299,.T.);
#1831=ORIENTED_EDGE('',*,*,#1406,.T.);
#1832=ORIENTED_EDGE('',*,*,#1407,.T.);
#1833=ORIENTED_EDGE('',*,*,#1379,.T.);
#1834=ORIENTED_EDGE('',*,*,#1368,.F.);
#1835=ORIENTED_EDGE('',*,*,#1408,.T.);
#1836=ORIENTED_EDGE('',*,*,#1297,.T.);
#1837=ORIENTED_EDGE('',*,*,#1409,.T.);
#1838=ORIENTED_EDGE('',*,*,#1405,.F.);
#1839=ORIENTED_EDGE('',*,*,#1369,.F.);
#1840=ORIENTED_EDGE('',*,*,#1409,.F.);
#1841=ORIENTED_EDGE('',*,*,#1296,.F.);
#1842=ORIENTED_EDGE('',*,*,#1401,.T.);
#1843=ORIENTED_EDGE('',*,*,#1410,.T.);
#1844=ORIENTED_EDGE('',*,*,#1411,.F.);
#1845=ORIENTED_EDGE('',*,*,#1412,.F.);
#1846=ORIENTED_EDGE('',*,*,#1400,.T.);
#1847=ORIENTED_EDGE('',*,*,#1413,.T.);
#1848=ORIENTED_EDGE('',*,*,#1414,.F.);
#1849=ORIENTED_EDGE('',*,*,#1410,.F.);
#1850=ORIENTED_EDGE('',*,*,#1399,.T.);
#1851=ORIENTED_EDGE('',*,*,#1415,.T.);
#1852=ORIENTED_EDGE('',*,*,#1416,.F.);
#1853=ORIENTED_EDGE('',*,*,#1413,.F.);
#1854=ORIENTED_EDGE('',*,*,#1395,.T.);
#1855=ORIENTED_EDGE('',*,*,#1417,.T.);
#1856=ORIENTED_EDGE('',*,*,#1418,.F.);
#1857=ORIENTED_EDGE('',*,*,#1419,.F.);
#1858=ORIENTED_EDGE('',*,*,#1394,.T.);
#1859=ORIENTED_EDGE('',*,*,#1420,.T.);
#1860=ORIENTED_EDGE('',*,*,#1421,.F.);
#1861=ORIENTED_EDGE('',*,*,#1417,.F.);
#1862=ORIENTED_EDGE('',*,*,#1393,.T.);
#1863=ORIENTED_EDGE('',*,*,#1422,.T.);
#1864=ORIENTED_EDGE('',*,*,#1423,.F.);
#1865=ORIENTED_EDGE('',*,*,#1420,.F.);
#1866=ORIENTED_EDGE('',*,*,#1389,.T.);
#1867=ORIENTED_EDGE('',*,*,#1424,.T.);
#1868=ORIENTED_EDGE('',*,*,#1425,.F.);
#1869=ORIENTED_EDGE('',*,*,#1426,.F.);
#1870=ORIENTED_EDGE('',*,*,#1388,.T.);
#1871=ORIENTED_EDGE('',*,*,#1427,.T.);
#1872=ORIENTED_EDGE('',*,*,#1428,.F.);
#1873=ORIENTED_EDGE('',*,*,#1424,.F.);
#1874=ORIENTED_EDGE('',*,*,#1387,.T.);
#1875=ORIENTED_EDGE('',*,*,#1429,.T.);
#1876=ORIENTED_EDGE('',*,*,#1430,.F.);
#1877=ORIENTED_EDGE('',*,*,#1427,.F.);
#1878=ORIENTED_EDGE('',*,*,#1383,.T.);
#1879=ORIENTED_EDGE('',*,*,#1431,.T.);
#1880=ORIENTED_EDGE('',*,*,#1432,.F.);
#1881=ORIENTED_EDGE('',*,*,#1433,.F.);
#1882=ORIENTED_EDGE('',*,*,#1382,.T.);
#1883=ORIENTED_EDGE('',*,*,#1434,.T.);
#1884=ORIENTED_EDGE('',*,*,#1435,.F.);
#1885=ORIENTED_EDGE('',*,*,#1431,.F.);
#1886=ORIENTED_EDGE('',*,*,#1381,.T.);
#1887=ORIENTED_EDGE('',*,*,#1436,.T.);
#1888=ORIENTED_EDGE('',*,*,#1437,.F.);
#1889=ORIENTED_EDGE('',*,*,#1434,.F.);
#1890=ORIENTED_EDGE('',*,*,#1375,.F.);
#1891=ORIENTED_EDGE('',*,*,#1302,.F.);
#1892=ORIENTED_EDGE('',*,*,#1377,.F.);
#1893=ORIENTED_EDGE('',*,*,#1438,.F.);
#1894=ORIENTED_EDGE('',*,*,#1439,.F.);
#1895=ORIENTED_EDGE('',*,*,#1440,.F.);
#1896=ORIENTED_EDGE('',*,*,#1247,.F.);
#1897=ORIENTED_EDGE('',*,*,#1441,.T.);
#1898=ORIENTED_EDGE('',*,*,#1344,.F.);
#1899=ORIENTED_EDGE('',*,*,#1442,.T.);
#1900=ORIENTED_EDGE('',*,*,#1267,.F.);
#1901=ORIENTED_EDGE('',*,*,#1443,.F.);
#1902=ORIENTED_EDGE('',*,*,#1444,.F.);
#1903=ORIENTED_EDGE('',*,*,#1445,.F.);
#1904=ORIENTED_EDGE('',*,*,#1248,.F.);
#1905=ORIENTED_EDGE('',*,*,#1440,.T.);
#1906=ORIENTED_EDGE('',*,*,#1345,.F.);
#1907=ORIENTED_EDGE('',*,*,#1443,.T.);
#1908=ORIENTED_EDGE('',*,*,#1266,.F.);
#1909=ORIENTED_EDGE('',*,*,#1446,.F.);
#1910=ORIENTED_EDGE('',*,*,#1447,.F.);
#1911=ORIENTED_EDGE('',*,*,#1441,.F.);
#1912=ORIENTED_EDGE('',*,*,#1246,.F.);
#1913=ORIENTED_EDGE('',*,*,#1448,.T.);
#1914=ORIENTED_EDGE('',*,*,#1449,.F.);
#1915=ORIENTED_EDGE('',*,*,#1450,.F.);
#1916=ORIENTED_EDGE('',*,*,#1249,.F.);
#1917=ORIENTED_EDGE('',*,*,#1445,.T.);
#1918=ORIENTED_EDGE('',*,*,#1346,.F.);
#1919=ORIENTED_EDGE('',*,*,#1446,.T.);
#1920=ORIENTED_EDGE('',*,*,#1265,.F.);
#1921=ORIENTED_EDGE('',*,*,#1451,.F.);
#1922=ORIENTED_EDGE('',*,*,#1452,.F.);
#1923=ORIENTED_EDGE('',*,*,#1448,.F.);
#1924=ORIENTED_EDGE('',*,*,#1245,.F.);
#1925=ORIENTED_EDGE('',*,*,#1453,.T.);
#1926=ORIENTED_EDGE('',*,*,#1454,.F.);
#1927=ORIENTED_EDGE('',*,*,#1453,.F.);
#1928=ORIENTED_EDGE('',*,*,#1244,.F.);
#1929=ORIENTED_EDGE('',*,*,#1450,.T.);
#1930=ORIENTED_EDGE('',*,*,#1341,.F.);
#1931=ORIENTED_EDGE('',*,*,#1451,.T.);
#1932=ORIENTED_EDGE('',*,*,#1264,.F.);
#1933=ORIENTED_EDGE('',*,*,#1455,.F.);
#1934=ORIENTED_EDGE('',*,*,#1343,.F.);
#1935=ORIENTED_EDGE('',*,*,#1456,.T.);
#1936=ORIENTED_EDGE('',*,*,#1268,.F.);
#1937=ORIENTED_EDGE('',*,*,#1442,.F.);
#1938=ORIENTED_EDGE('',*,*,#1342,.F.);
#1939=ORIENTED_EDGE('',*,*,#1455,.T.);
#1940=ORIENTED_EDGE('',*,*,#1269,.F.);
#1941=ORIENTED_EDGE('',*,*,#1456,.F.);
#1942=ORIENTED_EDGE('',*,*,#1457,.F.);
#1943=ORIENTED_EDGE('',*,*,#1458,.F.);
#1944=ORIENTED_EDGE('',*,*,#1224,.F.);
#1945=ORIENTED_EDGE('',*,*,#1192,.T.);
#1946=ORIENTED_EDGE('',*,*,#1338,.F.);
#1947=ORIENTED_EDGE('',*,*,#1196,.T.);
#1948=ORIENTED_EDGE('',*,*,#1260,.F.);
#1949=ORIENTED_EDGE('',*,*,#1459,.F.);
#1950=ORIENTED_EDGE('',*,*,#1460,.F.);
#1951=ORIENTED_EDGE('',*,*,#1461,.F.);
#1952=ORIENTED_EDGE('',*,*,#1225,.F.);
#1953=ORIENTED_EDGE('',*,*,#1458,.T.);
#1954=ORIENTED_EDGE('',*,*,#1339,.F.);
#1955=ORIENTED_EDGE('',*,*,#1459,.T.);
#1956=ORIENTED_EDGE('',*,*,#1259,.F.);
#1957=ORIENTED_EDGE('',*,*,#1462,.F.);
#1958=ORIENTED_EDGE('',*,*,#1463,.F.);
#1959=ORIENTED_EDGE('',*,*,#1464,.F.);
#1960=ORIENTED_EDGE('',*,*,#1226,.F.);
#1961=ORIENTED_EDGE('',*,*,#1461,.T.);
#1962=ORIENTED_EDGE('',*,*,#1340,.F.);
#1963=ORIENTED_EDGE('',*,*,#1462,.T.);
#1964=ORIENTED_EDGE('',*,*,#1258,.F.);
#1965=ORIENTED_EDGE('',*,*,#1465,.F.);
#1966=ORIENTED_EDGE('',*,*,#1466,.F.);
#1967=ORIENTED_EDGE('',*,*,#1190,.F.);
#1968=ORIENTED_EDGE('',*,*,#1228,.F.);
#1969=ORIENTED_EDGE('',*,*,#1467,.T.);
#1970=ORIENTED_EDGE('',*,*,#1468,.F.);
#1971=ORIENTED_EDGE('',*,*,#1467,.F.);
#1972=ORIENTED_EDGE('',*,*,#1227,.F.);
#1973=ORIENTED_EDGE('',*,*,#1464,.T.);
#1974=ORIENTED_EDGE('',*,*,#1336,.F.);
#1975=ORIENTED_EDGE('',*,*,#1465,.T.);
#1976=ORIENTED_EDGE('',*,*,#1257,.F.);
#1977=ORIENTED_EDGE('',*,*,#1469,.F.);
#1978=ORIENTED_EDGE('',*,*,#1337,.F.);
#1979=ORIENTED_EDGE('',*,*,#1469,.T.);
#1980=ORIENTED_EDGE('',*,*,#1256,.F.);
#1981=ORIENTED_EDGE('',*,*,#1198,.F.);
#1982=ORIENTED_EDGE('',*,*,#1470,.F.);
#1983=ORIENTED_EDGE('',*,*,#1471,.F.);
#1984=ORIENTED_EDGE('',*,*,#1241,.F.);
#1985=ORIENTED_EDGE('',*,*,#1472,.T.);
#1986=ORIENTED_EDGE('',*,*,#1333,.F.);
#1987=ORIENTED_EDGE('',*,*,#1473,.T.);
#1988=ORIENTED_EDGE('',*,*,#1273,.F.);
#1989=ORIENTED_EDGE('',*,*,#1474,.F.);
#1990=ORIENTED_EDGE('',*,*,#1475,.F.);
#1991=ORIENTED_EDGE('',*,*,#1476,.F.);
#1992=ORIENTED_EDGE('',*,*,#1242,.F.);
#1993=ORIENTED_EDGE('',*,*,#1471,.T.);
#1994=ORIENTED_EDGE('',*,*,#1334,.F.);
#1995=ORIENTED_EDGE('',*,*,#1474,.T.);
#1996=ORIENTED_EDGE('',*,*,#1272,.F.);
#1997=ORIENTED_EDGE('',*,*,#1477,.F.);
#1998=ORIENTED_EDGE('',*,*,#1478,.F.);
#1999=ORIENTED_EDGE('',*,*,#1472,.F.);
#2000=ORIENTED_EDGE('',*,*,#1240,.F.);
#2001=ORIENTED_EDGE('',*,*,#1479,.T.);
#2002=ORIENTED_EDGE('',*,*,#1480,.F.);
#2003=ORIENTED_EDGE('',*,*,#1481,.F.);
#2004=ORIENTED_EDGE('',*,*,#1243,.F.);
#2005=ORIENTED_EDGE('',*,*,#1476,.T.);
#2006=ORIENTED_EDGE('',*,*,#1335,.F.);
#2007=ORIENTED_EDGE('',*,*,#1477,.T.);
#2008=ORIENTED_EDGE('',*,*,#1271,.F.);
#2009=ORIENTED_EDGE('',*,*,#1482,.F.);
#2010=ORIENTED_EDGE('',*,*,#1483,.F.);
#2011=ORIENTED_EDGE('',*,*,#1479,.F.);
#2012=ORIENTED_EDGE('',*,*,#1239,.F.);
#2013=ORIENTED_EDGE('',*,*,#1484,.T.);
#2014=ORIENTED_EDGE('',*,*,#1485,.F.);
#2015=ORIENTED_EDGE('',*,*,#1484,.F.);
#2016=ORIENTED_EDGE('',*,*,#1238,.F.);
#2017=ORIENTED_EDGE('',*,*,#1481,.T.);
#2018=ORIENTED_EDGE('',*,*,#1330,.F.);
#2019=ORIENTED_EDGE('',*,*,#1482,.T.);
#2020=ORIENTED_EDGE('',*,*,#1270,.F.);
#2021=ORIENTED_EDGE('',*,*,#1486,.F.);
#2022=ORIENTED_EDGE('',*,*,#1332,.F.);
#2023=ORIENTED_EDGE('',*,*,#1487,.T.);
#2024=ORIENTED_EDGE('',*,*,#1274,.F.);
#2025=ORIENTED_EDGE('',*,*,#1473,.F.);
#2026=ORIENTED_EDGE('',*,*,#1331,.F.);
#2027=ORIENTED_EDGE('',*,*,#1486,.T.);
#2028=ORIENTED_EDGE('',*,*,#1275,.F.);
#2029=ORIENTED_EDGE('',*,*,#1487,.F.);
#2030=ORIENTED_EDGE('',*,*,#1488,.F.);
#2031=ORIENTED_EDGE('',*,*,#1489,.F.);
#2032=ORIENTED_EDGE('',*,*,#1235,.F.);
#2033=ORIENTED_EDGE('',*,*,#1490,.T.);
#2034=ORIENTED_EDGE('',*,*,#1327,.F.);
#2035=ORIENTED_EDGE('',*,*,#1491,.T.);
#2036=ORIENTED_EDGE('',*,*,#1279,.F.);
#2037=ORIENTED_EDGE('',*,*,#1492,.F.);
#2038=ORIENTED_EDGE('',*,*,#1493,.F.);
#2039=ORIENTED_EDGE('',*,*,#1494,.F.);
#2040=ORIENTED_EDGE('',*,*,#1236,.F.);
#2041=ORIENTED_EDGE('',*,*,#1489,.T.);
#2042=ORIENTED_EDGE('',*,*,#1328,.F.);
#2043=ORIENTED_EDGE('',*,*,#1492,.T.);
#2044=ORIENTED_EDGE('',*,*,#1278,.F.);
#2045=ORIENTED_EDGE('',*,*,#1495,.F.);
#2046=ORIENTED_EDGE('',*,*,#1496,.F.);
#2047=ORIENTED_EDGE('',*,*,#1490,.F.);
#2048=ORIENTED_EDGE('',*,*,#1234,.F.);
#2049=ORIENTED_EDGE('',*,*,#1497,.T.);
#2050=ORIENTED_EDGE('',*,*,#1498,.F.);
#2051=ORIENTED_EDGE('',*,*,#1499,.F.);
#2052=ORIENTED_EDGE('',*,*,#1237,.F.);
#2053=ORIENTED_EDGE('',*,*,#1494,.T.);
#2054=ORIENTED_EDGE('',*,*,#1329,.F.);
#2055=ORIENTED_EDGE('',*,*,#1495,.T.);
#2056=ORIENTED_EDGE('',*,*,#1277,.F.);
#2057=ORIENTED_EDGE('',*,*,#1500,.F.);
#2058=ORIENTED_EDGE('',*,*,#1501,.F.);
#2059=ORIENTED_EDGE('',*,*,#1497,.F.);
#2060=ORIENTED_EDGE('',*,*,#1233,.F.);
#2061=ORIENTED_EDGE('',*,*,#1502,.T.);
#2062=ORIENTED_EDGE('',*,*,#1503,.F.);
#2063=ORIENTED_EDGE('',*,*,#1502,.F.);
#2064=ORIENTED_EDGE('',*,*,#1232,.F.);
#2065=ORIENTED_EDGE('',*,*,#1499,.T.);
#2066=ORIENTED_EDGE('',*,*,#1324,.F.);
#2067=ORIENTED_EDGE('',*,*,#1500,.T.);
#2068=ORIENTED_EDGE('',*,*,#1276,.F.);
#2069=ORIENTED_EDGE('',*,*,#1504,.F.);
#2070=ORIENTED_EDGE('',*,*,#1326,.F.);
#2071=ORIENTED_EDGE('',*,*,#1505,.T.);
#2072=ORIENTED_EDGE('',*,*,#1280,.F.);
#2073=ORIENTED_EDGE('',*,*,#1491,.F.);
#2074=ORIENTED_EDGE('',*,*,#1325,.F.);
#2075=ORIENTED_EDGE('',*,*,#1504,.T.);
#2076=ORIENTED_EDGE('',*,*,#1281,.F.);
#2077=ORIENTED_EDGE('',*,*,#1505,.F.);
#2078=ORIENTED_EDGE('',*,*,#1384,.T.);
#2079=ORIENTED_EDGE('',*,*,#1433,.T.);
#2080=ORIENTED_EDGE('',*,*,#1506,.F.);
#2081=ORIENTED_EDGE('',*,*,#1507,.F.);
#2082=ORIENTED_EDGE('',*,*,#1386,.T.);
#2083=ORIENTED_EDGE('',*,*,#1508,.T.);
#2084=ORIENTED_EDGE('',*,*,#1509,.F.);
#2085=ORIENTED_EDGE('',*,*,#1436,.F.);
#2086=ORIENTED_EDGE('',*,*,#1385,.T.);
#2087=ORIENTED_EDGE('',*,*,#1507,.T.);
#2088=ORIENTED_EDGE('',*,*,#1510,.F.);
#2089=ORIENTED_EDGE('',*,*,#1508,.F.);
#2090=ORIENTED_EDGE('',*,*,#1390,.T.);
#2091=ORIENTED_EDGE('',*,*,#1426,.T.);
#2092=ORIENTED_EDGE('',*,*,#1511,.F.);
#2093=ORIENTED_EDGE('',*,*,#1512,.F.);
#2094=ORIENTED_EDGE('',*,*,#1392,.T.);
#2095=ORIENTED_EDGE('',*,*,#1513,.T.);
#2096=ORIENTED_EDGE('',*,*,#1514,.F.);
#2097=ORIENTED_EDGE('',*,*,#1429,.F.);
#2098=ORIENTED_EDGE('',*,*,#1391,.T.);
#2099=ORIENTED_EDGE('',*,*,#1512,.T.);
#2100=ORIENTED_EDGE('',*,*,#1515,.F.);
#2101=ORIENTED_EDGE('',*,*,#1513,.F.);
#2102=ORIENTED_EDGE('',*,*,#1396,.T.);
#2103=ORIENTED_EDGE('',*,*,#1419,.T.);
#2104=ORIENTED_EDGE('',*,*,#1516,.F.);
#2105=ORIENTED_EDGE('',*,*,#1517,.F.);
#2106=ORIENTED_EDGE('',*,*,#1398,.T.);
#2107=ORIENTED_EDGE('',*,*,#1518,.T.);
#2108=ORIENTED_EDGE('',*,*,#1519,.F.);
#2109=ORIENTED_EDGE('',*,*,#1422,.F.);
#2110=ORIENTED_EDGE('',*,*,#1397,.T.);
#2111=ORIENTED_EDGE('',*,*,#1517,.T.);
#2112=ORIENTED_EDGE('',*,*,#1520,.F.);
#2113=ORIENTED_EDGE('',*,*,#1518,.F.);
#2114=ORIENTED_EDGE('',*,*,#1402,.T.);
#2115=ORIENTED_EDGE('',*,*,#1412,.T.);
#2116=ORIENTED_EDGE('',*,*,#1521,.F.);
#2117=ORIENTED_EDGE('',*,*,#1522,.F.);
#2118=ORIENTED_EDGE('',*,*,#1404,.T.);
#2119=ORIENTED_EDGE('',*,*,#1523,.T.);
#2120=ORIENTED_EDGE('',*,*,#1524,.F.);
#2121=ORIENTED_EDGE('',*,*,#1415,.F.);
#2122=ORIENTED_EDGE('',*,*,#1403,.T.);
#2123=ORIENTED_EDGE('',*,*,#1522,.T.);
#2124=ORIENTED_EDGE('',*,*,#1525,.F.);
#2125=ORIENTED_EDGE('',*,*,#1523,.F.);
#2126=ORIENTED_EDGE('',*,*,#1371,.F.);
#2127=ORIENTED_EDGE('',*,*,#1526,.T.);
#2128=ORIENTED_EDGE('',*,*,#1321,.F.);
#2129=ORIENTED_EDGE('',*,*,#1526,.F.);
#2130=ORIENTED_EDGE('',*,*,#1372,.F.);
#2131=ORIENTED_EDGE('',*,*,#1527,.T.);
#2132=ORIENTED_EDGE('',*,*,#1320,.F.);
#2133=ORIENTED_EDGE('',*,*,#1527,.F.);
#2134=ORIENTED_EDGE('',*,*,#1317,.F.);
#2135=ORIENTED_EDGE('',*,*,#1528,.T.);
#2136=ORIENTED_EDGE('',*,*,#1353,.F.);
#2137=ORIENTED_EDGE('',*,*,#1529,.F.);
#2138=ORIENTED_EDGE('',*,*,#1318,.T.);
#2139=ORIENTED_EDGE('',*,*,#1529,.T.);
#2140=ORIENTED_EDGE('',*,*,#1352,.F.);
#2141=ORIENTED_EDGE('',*,*,#1530,.T.);
#2142=ORIENTED_EDGE('',*,*,#1314,.T.);
#2143=ORIENTED_EDGE('',*,*,#1531,.F.);
#2144=ORIENTED_EDGE('',*,*,#1356,.F.);
#2145=ORIENTED_EDGE('',*,*,#1532,.F.);
#2146=ORIENTED_EDGE('',*,*,#1315,.F.);
#2147=ORIENTED_EDGE('',*,*,#1532,.T.);
#2148=ORIENTED_EDGE('',*,*,#1355,.F.);
#2149=ORIENTED_EDGE('',*,*,#1533,.F.);
#2150=ORIENTED_EDGE('',*,*,#1316,.F.);
#2151=ORIENTED_EDGE('',*,*,#1533,.T.);
#2152=ORIENTED_EDGE('',*,*,#1354,.F.);
#2153=ORIENTED_EDGE('',*,*,#1528,.F.);
#2154=ORIENTED_EDGE('',*,*,#1311,.T.);
#2155=ORIENTED_EDGE('',*,*,#1534,.T.);
#2156=ORIENTED_EDGE('',*,*,#1359,.F.);
#2157=ORIENTED_EDGE('',*,*,#1535,.F.);
#2158=ORIENTED_EDGE('',*,*,#1312,.T.);
#2159=ORIENTED_EDGE('',*,*,#1535,.T.);
#2160=ORIENTED_EDGE('',*,*,#1358,.F.);
#2161=ORIENTED_EDGE('',*,*,#1536,.T.);
#2162=ORIENTED_EDGE('',*,*,#1308,.T.);
#2163=ORIENTED_EDGE('',*,*,#1323,.F.);
#2164=ORIENTED_EDGE('',*,*,#1362,.F.);
#2165=ORIENTED_EDGE('',*,*,#1537,.F.);
#2166=ORIENTED_EDGE('',*,*,#1309,.T.);
#2167=ORIENTED_EDGE('',*,*,#1537,.T.);
#2168=ORIENTED_EDGE('',*,*,#1361,.F.);
#2169=ORIENTED_EDGE('',*,*,#1538,.F.);
#2170=ORIENTED_EDGE('',*,*,#1310,.F.);
#2171=ORIENTED_EDGE('',*,*,#1538,.T.);
#2172=ORIENTED_EDGE('',*,*,#1360,.F.);
#2173=ORIENTED_EDGE('',*,*,#1534,.F.);
#2174=ORIENTED_EDGE('',*,*,#1376,.F.);
#2175=ORIENTED_EDGE('',*,*,#1380,.T.);
#2176=ORIENTED_EDGE('',*,*,#1407,.F.);
#2177=ORIENTED_EDGE('',*,*,#1539,.F.);
#2178=ORIENTED_EDGE('',*,*,#1367,.F.);
#2179=ORIENTED_EDGE('',*,*,#1366,.F.);
#2180=ORIENTED_EDGE('',*,*,#1365,.F.);
#2181=ORIENTED_EDGE('',*,*,#1364,.F.);
#2182=ORIENTED_EDGE('',*,*,#1374,.T.);
#2183=ORIENTED_EDGE('',*,*,#1438,.T.);
#2184=ORIENTED_EDGE('',*,*,#1406,.F.);
#2185=ORIENTED_EDGE('',*,*,#1298,.F.);
#2186=ORIENTED_EDGE('',*,*,#1408,.F.);
#2187=ORIENTED_EDGE('',*,*,#1539,.T.);
#2188=ORIENTED_EDGE('',*,*,#1531,.T.);
#2189=ORIENTED_EDGE('',*,*,#1313,.T.);
#2190=ORIENTED_EDGE('',*,*,#1536,.F.);
#2191=ORIENTED_EDGE('',*,*,#1357,.F.);
#2192=ORIENTED_EDGE('',*,*,#1437,.T.);
#2193=ORIENTED_EDGE('',*,*,#1509,.T.);
#2194=ORIENTED_EDGE('',*,*,#1510,.T.);
#2195=ORIENTED_EDGE('',*,*,#1506,.T.);
#2196=ORIENTED_EDGE('',*,*,#1432,.T.);
#2197=ORIENTED_EDGE('',*,*,#1435,.T.);
#2198=ORIENTED_EDGE('',*,*,#1430,.T.);
#2199=ORIENTED_EDGE('',*,*,#1514,.T.);
#2200=ORIENTED_EDGE('',*,*,#1515,.T.);
#2201=ORIENTED_EDGE('',*,*,#1511,.T.);
#2202=ORIENTED_EDGE('',*,*,#1425,.T.);
#2203=ORIENTED_EDGE('',*,*,#1428,.T.);
#2204=ORIENTED_EDGE('',*,*,#1423,.T.);
#2205=ORIENTED_EDGE('',*,*,#1519,.T.);
#2206=ORIENTED_EDGE('',*,*,#1520,.T.);
#2207=ORIENTED_EDGE('',*,*,#1516,.T.);
#2208=ORIENTED_EDGE('',*,*,#1418,.T.);
#2209=ORIENTED_EDGE('',*,*,#1421,.T.);
#2210=ORIENTED_EDGE('',*,*,#1416,.T.);
#2211=ORIENTED_EDGE('',*,*,#1524,.T.);
#2212=ORIENTED_EDGE('',*,*,#1525,.T.);
#2213=ORIENTED_EDGE('',*,*,#1521,.T.);
#2214=ORIENTED_EDGE('',*,*,#1411,.T.);
#2215=ORIENTED_EDGE('',*,*,#1414,.T.);
#2216=ORIENTED_EDGE('',*,*,#1285,.T.);
#2217=ORIENTED_EDGE('',*,*,#1319,.F.);
#2218=ORIENTED_EDGE('',*,*,#1530,.F.);
#2219=ORIENTED_EDGE('',*,*,#1351,.F.);
#2220=ORIENTED_EDGE('',*,*,#1454,.T.);
#2221=ORIENTED_EDGE('',*,*,#1449,.T.);
#2222=ORIENTED_EDGE('',*,*,#1444,.T.);
#2223=ORIENTED_EDGE('',*,*,#1439,.T.);
#2224=ORIENTED_EDGE('',*,*,#1447,.T.);
#2225=ORIENTED_EDGE('',*,*,#1452,.T.);
#2226=ORIENTED_EDGE('',*,*,#1468,.T.);
#2227=ORIENTED_EDGE('',*,*,#1463,.T.);
#2228=ORIENTED_EDGE('',*,*,#1460,.T.);
#2229=ORIENTED_EDGE('',*,*,#1457,.T.);
#2230=ORIENTED_EDGE('',*,*,#1191,.T.);
#2231=ORIENTED_EDGE('',*,*,#1466,.T.);
#2232=ORIENTED_EDGE('',*,*,#1485,.T.);
#2233=ORIENTED_EDGE('',*,*,#1480,.T.);
#2234=ORIENTED_EDGE('',*,*,#1475,.T.);
#2235=ORIENTED_EDGE('',*,*,#1470,.T.);
#2236=ORIENTED_EDGE('',*,*,#1478,.T.);
#2237=ORIENTED_EDGE('',*,*,#1483,.T.);
#2238=ORIENTED_EDGE('',*,*,#1503,.T.);
#2239=ORIENTED_EDGE('',*,*,#1498,.T.);
#2240=ORIENTED_EDGE('',*,*,#1493,.T.);
#2241=ORIENTED_EDGE('',*,*,#1488,.T.);
#2242=ORIENTED_EDGE('',*,*,#1496,.T.);
#2243=ORIENTED_EDGE('',*,*,#1501,.T.);
#2244=PLANE('',#2436);
#2245=PLANE('',#2438);
#2246=PLANE('',#2440);
#2247=PLANE('',#2448);
#2248=PLANE('',#2456);
#2249=PLANE('',#2458);
#2250=PLANE('',#2471);
#2251=PLANE('',#2473);
#2252=PLANE('',#2486);
#2253=PLANE('',#2488);
#2254=PLANE('',#2490);
#2255=PLANE('',#2492);
#2256=PLANE('',#2507);
#2257=PLANE('',#2521);
#2258=PLANE('',#2524);
#2259=PLANE('',#2535);
#2260=PLANE('',#2540);
#2261=PLANE('',#2557);
#2262=PLANE('',#2558);
#2263=PLANE('',#2561);
#2264=PLANE('',#2562);
#2265=PLANE('',#2565);
#2266=PLANE('',#2566);
#2267=PLANE('',#2569);
#2268=PLANE('',#2570);
#2269=PLANE('',#2573);
#2270=PLANE('',#2574);
#2271=PLANE('',#2578);
#2272=PLANE('',#2579);
#2273=PLANE('',#2580);
#2274=PLANE('',#2586);
#2275=PLANE('',#2587);
#2276=PLANE('',#2588);
#2277=PLANE('',#2593);
#2278=PLANE('',#2594);
#2279=PLANE('',#2600);
#2280=PLANE('',#2601);
#2281=PLANE('',#2606);
#2282=PLANE('',#2607);
#2283=PLANE('',#2608);
#2284=PLANE('',#2614);
#2285=PLANE('',#2615);
#2286=PLANE('',#2616);
#2287=PLANE('',#2621);
#2288=PLANE('',#2622);
#2289=PLANE('',#2623);
#2290=PLANE('',#2629);
#2291=PLANE('',#2630);
#2292=PLANE('',#2631);
#2293=PLANE('',#2637);
#2294=PLANE('',#2642);
#2295=PLANE('',#2647);
#2296=PLANE('',#2652);
#2297=PLANE('',#2655);
#2298=PLANE('',#2658);
#2299=PLANE('',#2660);
#2300=PLANE('',#2663);
#2301=PLANE('',#2665);
#2302=PLANE('',#2666);
#2303=PLANE('',#2667);
#2304=PLANE('',#2668);
#2305=ADVANCED_FACE('',(#101),#2244,.F.);
#2306=ADVANCED_FACE('',(#102),#2245,.F.);
#2307=ADVANCED_FACE('',(#103,#71),#2246,.F.);
#2308=ADVANCED_FACE('',(#104),#15,.F.);
#2309=ADVANCED_FACE('',(#105),#16,.F.);
#2310=ADVANCED_FACE('',(#106,#72),#2247,.F.);
#2311=ADVANCED_FACE('',(#107),#17,.F.);
#2312=ADVANCED_FACE('',(#108),#18,.F.);
#2313=ADVANCED_FACE('',(#109),#2248,.T.);
#2314=ADVANCED_FACE('',(#110,#73,#74,#75),#2249,.T.);
#2315=ADVANCED_FACE('',(#111),#2250,.T.);
#2316=ADVANCED_FACE('',(#112,#76,#77,#78),#2251,.T.);
#2317=ADVANCED_FACE('',(#113,#79),#2252,.T.);
#2318=ADVANCED_FACE('',(#114,#80),#2253,.T.);
#2319=ADVANCED_FACE('',(#115),#2254,.T.);
#2320=ADVANCED_FACE('',(#116),#19,.T.);
#2321=ADVANCED_FACE('',(#117,#81,#82),#2255,.F.);
#2322=ADVANCED_FACE('',(#118,#83,#84,#85,#86),#2256,.T.);
#2323=ADVANCED_FACE('',(#119),#20,.T.);
#2324=ADVANCED_FACE('',(#120),#2257,.T.);
#2325=ADVANCED_FACE('',(#121),#21,.T.);
#2326=ADVANCED_FACE('',(#122,#87,#88),#2258,.T.);
#2327=ADVANCED_FACE('',(#123),#2259,.F.);
#2328=ADVANCED_FACE('',(#124),#22,.F.);
#2329=ADVANCED_FACE('',(#125),#23,.T.);
#2330=ADVANCED_FACE('',(#126,#89,#90,#91,#92),#2260,.T.);
#2331=ADVANCED_FACE('',(#127),#24,.T.);
#2332=ADVANCED_FACE('',(#128),#25,.T.);
#2333=ADVANCED_FACE('',(#129),#26,.F.);
#2334=ADVANCED_FACE('',(#130),#2261,.F.);
#2335=ADVANCED_FACE('',(#131),#2262,.F.);
#2336=ADVANCED_FACE('',(#132),#27,.F.);
#2337=ADVANCED_FACE('',(#133),#2263,.F.);
#2338=ADVANCED_FACE('',(#134),#2264,.F.);
#2339=ADVANCED_FACE('',(#135),#28,.F.);
#2340=ADVANCED_FACE('',(#136),#2265,.F.);
#2341=ADVANCED_FACE('',(#137),#2266,.F.);
#2342=ADVANCED_FACE('',(#138),#29,.F.);
#2343=ADVANCED_FACE('',(#139),#2267,.F.);
#2344=ADVANCED_FACE('',(#140),#2268,.F.);
#2345=ADVANCED_FACE('',(#141),#30,.F.);
#2346=ADVANCED_FACE('',(#142),#2269,.F.);
#2347=ADVANCED_FACE('',(#143),#2270,.T.);
#2348=ADVANCED_FACE('',(#144),#31,.F.);
#2349=ADVANCED_FACE('',(#145),#32,.F.);
#2350=ADVANCED_FACE('',(#146),#2271,.F.);
#2351=ADVANCED_FACE('',(#147),#2272,.F.);
#2352=ADVANCED_FACE('',(#148),#2273,.F.);
#2353=ADVANCED_FACE('',(#149),#33,.F.);
#2354=ADVANCED_FACE('',(#150),#34,.F.);
#2355=ADVANCED_FACE('',(#151),#35,.F.);
#2356=ADVANCED_FACE('',(#152),#2274,.F.);
#2357=ADVANCED_FACE('',(#153),#2275,.F.);
#2358=ADVANCED_FACE('',(#154),#2276,.F.);
#2359=ADVANCED_FACE('',(#155),#36,.F.);
#2360=ADVANCED_FACE('',(#156),#37,.F.);
#2361=ADVANCED_FACE('',(#157),#38,.F.);
#2362=ADVANCED_FACE('',(#158),#2277,.F.);
#2363=ADVANCED_FACE('',(#159),#2278,.F.);
#2364=ADVANCED_FACE('',(#160),#39,.F.);
#2365=ADVANCED_FACE('',(#161),#40,.F.);
#2366=ADVANCED_FACE('',(#162),#41,.F.);
#2367=ADVANCED_FACE('',(#163),#2279,.F.);
#2368=ADVANCED_FACE('',(#164),#2280,.F.);
#2369=ADVANCED_FACE('',(#165),#42,.F.);
#2370=ADVANCED_FACE('',(#166),#43,.F.);
#2371=ADVANCED_FACE('',(#167),#44,.F.);
#2372=ADVANCED_FACE('',(#168),#2281,.F.);
#2373=ADVANCED_FACE('',(#169),#2282,.F.);
#2374=ADVANCED_FACE('',(#170),#2283,.F.);
#2375=ADVANCED_FACE('',(#171),#45,.F.);
#2376=ADVANCED_FACE('',(#172),#46,.F.);
#2377=ADVANCED_FACE('',(#173),#47,.F.);
#2378=ADVANCED_FACE('',(#174),#2284,.F.);
#2379=ADVANCED_FACE('',(#175),#2285,.F.);
#2380=ADVANCED_FACE('',(#176),#2286,.F.);
#2381=ADVANCED_FACE('',(#177),#48,.F.);
#2382=ADVANCED_FACE('',(#178),#49,.F.);
#2383=ADVANCED_FACE('',(#179),#50,.F.);
#2384=ADVANCED_FACE('',(#180),#2287,.F.);
#2385=ADVANCED_FACE('',(#181),#2288,.F.);
#2386=ADVANCED_FACE('',(#182),#2289,.F.);
#2387=ADVANCED_FACE('',(#183),#51,.F.);
#2388=ADVANCED_FACE('',(#184),#52,.F.);
#2389=ADVANCED_FACE('',(#185),#53,.F.);
#2390=ADVANCED_FACE('',(#186),#2290,.F.);
#2391=ADVANCED_FACE('',(#187),#2291,.F.);
#2392=ADVANCED_FACE('',(#188),#2292,.F.);
#2393=ADVANCED_FACE('',(#189),#54,.F.);
#2394=ADVANCED_FACE('',(#190),#55,.F.);
#2395=ADVANCED_FACE('',(#191),#56,.F.);
#2396=ADVANCED_FACE('',(#192),#2293,.F.);
#2397=ADVANCED_FACE('',(#193),#57,.F.);
#2398=ADVANCED_FACE('',(#194),#58,.F.);
#2399=ADVANCED_FACE('',(#195),#2294,.F.);
#2400=ADVANCED_FACE('',(#196),#59,.F.);
#2401=ADVANCED_FACE('',(#197),#60,.F.);
#2402=ADVANCED_FACE('',(#198),#2295,.F.);
#2403=ADVANCED_FACE('',(#199),#61,.F.);
#2404=ADVANCED_FACE('',(#200),#62,.F.);
#2405=ADVANCED_FACE('',(#201),#2296,.F.);
#2406=ADVANCED_FACE('',(#202),#63,.F.);
#2407=ADVANCED_FACE('',(#203),#64,.F.);
#2408=ADVANCED_FACE('',(#204),#2297,.T.);
#2409=ADVANCED_FACE('',(#205),#65,.F.);
#2410=ADVANCED_FACE('',(#206),#66,.F.);
#2411=ADVANCED_FACE('',(#207),#2298,.T.);
#2412=ADVANCED_FACE('',(#208),#67,.T.);
#2413=ADVANCED_FACE('',(#209),#2299,.T.);
#2414=ADVANCED_FACE('',(#210),#68,.F.);
#2415=ADVANCED_FACE('',(#211),#69,.F.);
#2416=ADVANCED_FACE('',(#212),#2300,.T.);
#2417=ADVANCED_FACE('',(#213),#70,.T.);
#2418=ADVANCED_FACE('',(#214),#2301,.T.);
#2419=ADVANCED_FACE('',(#215),#2302,.T.);
#2420=ADVANCED_FACE('',(#216,#93,#94,#95,#96),#2303,.T.);
#2421=ADVANCED_FACE('',(#217,#97,#98,#99,#100),#2304,.T.);
#2422=CLOSED_SHELL('',(#2305,#2306,#2307,#2308,#2309,#2310,#2311,#2312,
#2313,#2314,#2315,#2316,#2317,#2318,#2319,#2320,#2321,#2322,#2323,#2324,
#2325,#2326,#2327,#2328,#2329,#2330,#2331,#2332,#2333,#2334,#2335,#2336,
#2337,#2338,#2339,#2340,#2341,#2342,#2343,#2344,#2345,#2346,#2347,#2348,
#2349,#2350,#2351,#2352,#2353,#2354,#2355,#2356,#2357,#2358,#2359,#2360,
#2361,#2362,#2363,#2364,#2365,#2366,#2367,#2368,#2369,#2370,#2371,#2372,
#2373,#2374,#2375,#2376,#2377,#2378,#2379,#2380,#2381,#2382,#2383,#2384,
#2385,#2386,#2387,#2388,#2389,#2390,#2391,#2392,#2393,#2394,#2395,#2396,
#2397,#2398,#2399,#2400,#2401,#2402,#2403,#2404,#2405,#2406,#2407,#2408,
#2409,#2410,#2411,#2412,#2413,#2414,#2415,#2416,#2417,#2418,#2419,#2420,
#2421));
#2423=DERIVED_UNIT_ELEMENT(#2425,1.);
#2424=DERIVED_UNIT_ELEMENT(#4083,-3.);
#2425=(
MASS_UNIT()
NAMED_UNIT(*)
SI_UNIT(.KILO.,.GRAM.)
);
#2426=DERIVED_UNIT((#2423,#2424));
#2427=MEASURE_REPRESENTATION_ITEM('density measure',
POSITIVE_RATIO_MEASURE(7850.),#2426);
#2428=PROPERTY_DEFINITION_REPRESENTATION(#2433,#2430);
#2429=PROPERTY_DEFINITION_REPRESENTATION(#2434,#2431);
#2430=REPRESENTATION('material name',(#2432),#4080);
#2431=REPRESENTATION('density',(#2427),#4080);
#2432=DESCRIPTIVE_REPRESENTATION_ITEM('Steel','Steel');
#2433=PROPERTY_DEFINITION('material property','material name',#4090);
#2434=PROPERTY_DEFINITION('material property','density of part',#4090);
#2435=AXIS2_PLACEMENT_3D('',#3373,#2669,#2670);
#2436=AXIS2_PLACEMENT_3D('',#3374,#2671,#2672);
#2437=AXIS2_PLACEMENT_3D('',#3377,#2673,#2674);
#2438=AXIS2_PLACEMENT_3D('',#3387,#2680,#2681);
#2439=AXIS2_PLACEMENT_3D('',#3390,#2682,#2683);
#2440=AXIS2_PLACEMENT_3D('',#3400,#2689,#2690);
#2441=AXIS2_PLACEMENT_3D('',#3402,#2691,#2692);
#2442=AXIS2_PLACEMENT_3D('',#3404,#2693,#2694);
#2443=AXIS2_PLACEMENT_3D('',#3405,#2695,#2696);
#2444=AXIS2_PLACEMENT_3D('',#3408,#2697,#2698);
#2445=AXIS2_PLACEMENT_3D('',#3412,#2701,#2702);
#2446=AXIS2_PLACEMENT_3D('',#3414,#2704,#2705);
#2447=AXIS2_PLACEMENT_3D('',#3417,#2707,#2708);
#2448=AXIS2_PLACEMENT_3D('',#3418,#2709,#2710);
#2449=AXIS2_PLACEMENT_3D('',#3420,#2711,#2712);
#2450=AXIS2_PLACEMENT_3D('',#3422,#2713,#2714);
#2451=AXIS2_PLACEMENT_3D('',#3423,#2715,#2716);
#2452=AXIS2_PLACEMENT_3D('',#3426,#2717,#2718);
#2453=AXIS2_PLACEMENT_3D('',#3430,#2721,#2722);
#2454=AXIS2_PLACEMENT_3D('',#3432,#2724,#2725);
#2455=AXIS2_PLACEMENT_3D('',#3435,#2727,#2728);
#2456=AXIS2_PLACEMENT_3D('',#3436,#2729,#2730);
#2457=AXIS2_PLACEMENT_3D('',#3444,#2734,#2735);
#2458=AXIS2_PLACEMENT_3D('',#3448,#2738,#2739);
#2459=AXIS2_PLACEMENT_3D('',#3450,#2740,#2741);
#2460=AXIS2_PLACEMENT_3D('',#3454,#2743,#2744);
#2461=AXIS2_PLACEMENT_3D('',#3457,#2746,#2747);
#2462=AXIS2_PLACEMENT_3D('',#3467,#2752,#2753);
#2463=AXIS2_PLACEMENT_3D('',#3471,#2755,#2756);
#2464=AXIS2_PLACEMENT_3D('',#3474,#2758,#2759);
#2465=AXIS2_PLACEMENT_3D('',#3479,#2761,#2762);
#2466=AXIS2_PLACEMENT_3D('',#3483,#2764,#2765);
#2467=AXIS2_PLACEMENT_3D('',#3486,#2767,#2768);
#2468=AXIS2_PLACEMENT_3D('',#3491,#2770,#2771);
#2469=AXIS2_PLACEMENT_3D('',#3495,#2773,#2774);
#2470=AXIS2_PLACEMENT_3D('',#3498,#2776,#2777);
#2471=AXIS2_PLACEMENT_3D('',#3499,#2778,#2779);
#2472=AXIS2_PLACEMENT_3D('',#3505,#2782,#2783);
#2473=AXIS2_PLACEMENT_3D('',#3511,#2787,#2788);
#2474=AXIS2_PLACEMENT_3D('',#3513,#2789,#2790);
#2475=AXIS2_PLACEMENT_3D('',#3517,#2792,#2793);
#2476=AXIS2_PLACEMENT_3D('',#3520,#2795,#2796);
#2477=AXIS2_PLACEMENT_3D('',#3530,#2801,#2802);
#2478=AXIS2_PLACEMENT_3D('',#3534,#2804,#2805);
#2479=AXIS2_PLACEMENT_3D('',#3537,#2807,#2808);
#2480=AXIS2_PLACEMENT_3D('',#3542,#2810,#2811);
#2481=AXIS2_PLACEMENT_3D('',#3546,#2813,#2814);
#2482=AXIS2_PLACEMENT_3D('',#3549,#2816,#2817);
#2483=AXIS2_PLACEMENT_3D('',#3554,#2819,#2820);
#2484=AXIS2_PLACEMENT_3D('',#3558,#2822,#2823);
#2485=AXIS2_PLACEMENT_3D('',#3561,#2825,#2826);
#2486=AXIS2_PLACEMENT_3D('',#3562,#2827,#2828);
#2487=AXIS2_PLACEMENT_3D('',#3565,#2829,#2830);
#2488=AXIS2_PLACEMENT_3D('',#3573,#2835,#2836);
#2489=AXIS2_PLACEMENT_3D('',#3576,#2837,#2838);
#2490=AXIS2_PLACEMENT_3D('',#3584,#2843,#2844);
#2491=AXIS2_PLACEMENT_3D('',#3587,#2847,#2848);
#2492=AXIS2_PLACEMENT_3D('',#3589,#2850,#2851);
#2493=AXIS2_PLACEMENT_3D('',#3591,#2852,#2853);
#2494=AXIS2_PLACEMENT_3D('',#3595,#2855,#2856);
#2495=AXIS2_PLACEMENT_3D('',#3599,#2858,#2859);
#2496=AXIS2_PLACEMENT_3D('',#3603,#2861,#2862);
#2497=AXIS2_PLACEMENT_3D('',#3607,#2864,#2865);
#2498=AXIS2_PLACEMENT_3D('',#3610,#2867,#2868);
#2499=AXIS2_PLACEMENT_3D('',#3615,#2871,#2872);
#2500=AXIS2_PLACEMENT_3D('',#3619,#2874,#2875);
#2501=AXIS2_PLACEMENT_3D('',#3623,#2877,#2878);
#2502=AXIS2_PLACEMENT_3D('',#3627,#2880,#2881);
#2503=AXIS2_PLACEMENT_3D('',#3631,#2883,#2884);
#2504=AXIS2_PLACEMENT_3D('',#3635,#2886,#2887);
#2505=AXIS2_PLACEMENT_3D('',#3638,#2889,#2890);
#2506=AXIS2_PLACEMENT_3D('',#3640,#2891,#2892);
#2507=AXIS2_PLACEMENT_3D('',#3641,#2893,#2894);
#2508=AXIS2_PLACEMENT_3D('',#3649,#2898,#2899);
#2509=AXIS2_PLACEMENT_3D('',#3653,#2901,#2902);
#2510=AXIS2_PLACEMENT_3D('',#3656,#2904,#2905);
#2511=AXIS2_PLACEMENT_3D('',#3661,#2907,#2908);
#2512=AXIS2_PLACEMENT_3D('',#3665,#2910,#2911);
#2513=AXIS2_PLACEMENT_3D('',#3668,#2913,#2914);
#2514=AXIS2_PLACEMENT_3D('',#3672,#2916,#2917);
#2515=AXIS2_PLACEMENT_3D('',#3674,#2918,#2919);
#2516=AXIS2_PLACEMENT_3D('',#3677,#2921,#2922);
#2517=AXIS2_PLACEMENT_3D('',#3682,#2924,#2925);
#2518=AXIS2_PLACEMENT_3D('',#3686,#2927,#2928);
#2519=AXIS2_PLACEMENT_3D('',#3689,#2930,#2931);
#2520=AXIS2_PLACEMENT_3D('',#3690,#2932,#2933);
#2521=AXIS2_PLACEMENT_3D('',#3693,#2936,#2937);
#2522=AXIS2_PLACEMENT_3D('',#3694,#2938,#2939);
#2523=AXIS2_PLACEMENT_3D('',#3696,#2940,#2941);
#2524=AXIS2_PLACEMENT_3D('',#3698,#2943,#2944);
#2525=AXIS2_PLACEMENT_3D('',#3702,#2946,#2947);
#2526=AXIS2_PLACEMENT_3D('',#3706,#2949,#2950);
#2527=AXIS2_PLACEMENT_3D('',#3710,#2952,#2953);
#2528=AXIS2_PLACEMENT_3D('',#3714,#2955,#2956);
#2529=AXIS2_PLACEMENT_3D('',#3718,#2958,#2959);
#2530=AXIS2_PLACEMENT_3D('',#3721,#2961,#2962);
#2531=AXIS2_PLACEMENT_3D('',#3733,#2968,#2969);
#2532=AXIS2_PLACEMENT_3D('',#3736,#2971,#2972);
#2533=AXIS2_PLACEMENT_3D('',#3738,#2973,#2974);
#2534=AXIS2_PLACEMENT_3D('',#3740,#2975,#2976);
#2535=AXIS2_PLACEMENT_3D('',#3741,#2977,#2978);
#2536=AXIS2_PLACEMENT_3D('',#3743,#2980,#2981);
#2537=AXIS2_PLACEMENT_3D('',#3745,#2982,#2983);
#2538=AXIS2_PLACEMENT_3D('',#3747,#2985,#2986);
#2539=AXIS2_PLACEMENT_3D('',#3750,#2987,#2988);
#2540=AXIS2_PLACEMENT_3D('',#3753,#2991,#2992);
#2541=AXIS2_PLACEMENT_3D('',#3761,#2996,#2997);
#2542=AXIS2_PLACEMENT_3D('',#3765,#2999,#3000);
#2543=AXIS2_PLACEMENT_3D('',#3768,#3002,#3003);
#2544=AXIS2_PLACEMENT_3D('',#3773,#3005,#3006);
#2545=AXIS2_PLACEMENT_3D('',#3777,#3008,#3009);
#2546=AXIS2_PLACEMENT_3D('',#3780,#3011,#3012);
#2547=AXIS2_PLACEMENT_3D('',#3785,#3014,#3015);
#2548=AXIS2_PLACEMENT_3D('',#3789,#3017,#3018);
#2549=AXIS2_PLACEMENT_3D('',#3792,#3020,#3021);
#2550=AXIS2_PLACEMENT_3D('',#3797,#3023,#3024);
#2551=AXIS2_PLACEMENT_3D('',#3801,#3026,#3027);
#2552=AXIS2_PLACEMENT_3D('',#3804,#3029,#3030);
#2553=AXIS2_PLACEMENT_3D('',#3805,#3031,#3032);
#2554=AXIS2_PLACEMENT_3D('',#3807,#3034,#3035);
#2555=AXIS2_PLACEMENT_3D('',#3810,#3037,#3038);
#2556=AXIS2_PLACEMENT_3D('',#3811,#3039,#3040);
#2557=AXIS2_PLACEMENT_3D('',#3814,#3043,#3044);
#2558=AXIS2_PLACEMENT_3D('',#3815,#3045,#3046);
#2559=AXIS2_PLACEMENT_3D('',#3821,#3050,#3051);
#2560=AXIS2_PLACEMENT_3D('',#3824,#3053,#3054);
#2561=AXIS2_PLACEMENT_3D('',#3825,#3055,#3056);
#2562=AXIS2_PLACEMENT_3D('',#3829,#3059,#3060);
#2563=AXIS2_PLACEMENT_3D('',#3835,#3064,#3065);
#2564=AXIS2_PLACEMENT_3D('',#3838,#3067,#3068);
#2565=AXIS2_PLACEMENT_3D('',#3839,#3069,#3070);
#2566=AXIS2_PLACEMENT_3D('',#3843,#3073,#3074);
#2567=AXIS2_PLACEMENT_3D('',#3849,#3078,#3079);
#2568=AXIS2_PLACEMENT_3D('',#3852,#3081,#3082);
#2569=AXIS2_PLACEMENT_3D('',#3853,#3083,#3084);
#2570=AXIS2_PLACEMENT_3D('',#3857,#3087,#3088);
#2571=AXIS2_PLACEMENT_3D('',#3863,#3092,#3093);
#2572=AXIS2_PLACEMENT_3D('',#3866,#3095,#3096);
#2573=AXIS2_PLACEMENT_3D('',#3867,#3097,#3098);
#2574=AXIS2_PLACEMENT_3D('',#3871,#3101,#3102);
#2575=AXIS2_PLACEMENT_3D('',#3873,#3104,#3105);
#2576=AXIS2_PLACEMENT_3D('',#3876,#3106,#3107);
#2577=AXIS2_PLACEMENT_3D('',#3879,#3110,#3111);
#2578=AXIS2_PLACEMENT_3D('',#3882,#3114,#3115);
#2579=AXIS2_PLACEMENT_3D('',#3886,#3118,#3119);
#2580=AXIS2_PLACEMENT_3D('',#3888,#3121,#3122);
#2581=AXIS2_PLACEMENT_3D('',#3892,#3125,#3126);
#2582=AXIS2_PLACEMENT_3D('',#3894,#3127,#3128);
#2583=AXIS2_PLACEMENT_3D('',#3896,#3130,#3131);
#2584=AXIS2_PLACEMENT_3D('',#3898,#3133,#3134);
#2585=AXIS2_PLACEMENT_3D('',#3900,#3135,#3136);
#2586=AXIS2_PLACEMENT_3D('',#3902,#3138,#3139);
#2587=AXIS2_PLACEMENT_3D('',#3904,#3141,#3142);
#2588=AXIS2_PLACEMENT_3D('',#3906,#3144,#3145);
#2589=AXIS2_PLACEMENT_3D('',#3908,#3147,#3148);
#2590=AXIS2_PLACEMENT_3D('',#3909,#3149,#3150);
#2591=AXIS2_PLACEMENT_3D('',#3911,#3151,#3152);
#2592=AXIS2_PLACEMENT_3D('',#3913,#3154,#3155);
#2593=AXIS2_PLACEMENT_3D('',#3915,#3157,#3158);
#2594=AXIS2_PLACEMENT_3D('',#3919,#3161,#3162);
#2595=AXIS2_PLACEMENT_3D('',#3921,#3164,#3165);
#2596=AXIS2_PLACEMENT_3D('',#3923,#3166,#3167);
#2597=AXIS2_PLACEMENT_3D('',#3925,#3169,#3170);
#2598=AXIS2_PLACEMENT_3D('',#3927,#3172,#3173);
#2599=AXIS2_PLACEMENT_3D('',#3929,#3174,#3175);
#2600=AXIS2_PLACEMENT_3D('',#3931,#3177,#3178);
#2601=AXIS2_PLACEMENT_3D('',#3933,#3180,#3181);
#2602=AXIS2_PLACEMENT_3D('',#3935,#3183,#3184);
#2603=AXIS2_PLACEMENT_3D('',#3936,#3185,#3186);
#2604=AXIS2_PLACEMENT_3D('',#3939,#3187,#3188);
#2605=AXIS2_PLACEMENT_3D('',#3942,#3191,#3192);
#2606=AXIS2_PLACEMENT_3D('',#3945,#3195,#3196);
#2607=AXIS2_PLACEMENT_3D('',#3949,#3199,#3200);
#2608=AXIS2_PLACEMENT_3D('',#3951,#3202,#3203);
#2609=AXIS2_PLACEMENT_3D('',#3955,#3206,#3207);
#2610=AXIS2_PLACEMENT_3D('',#3957,#3208,#3209);
#2611=AXIS2_PLACEMENT_3D('',#3959,#3211,#3212);
#2612=AXIS2_PLACEMENT_3D('',#3961,#3214,#3215);
#2613=AXIS2_PLACEMENT_3D('',#3963,#3216,#3217);
#2614=AXIS2_PLACEMENT_3D('',#3965,#3219,#3220);
#2615=AXIS2_PLACEMENT_3D('',#3967,#3222,#3223);
#2616=AXIS2_PLACEMENT_3D('',#3969,#3225,#3226);
#2617=AXIS2_PLACEMENT_3D('',#3971,#3228,#3229);
#2618=AXIS2_PLACEMENT_3D('',#3972,#3230,#3231);
#2619=AXIS2_PLACEMENT_3D('',#3975,#3232,#3233);
#2620=AXIS2_PLACEMENT_3D('',#3978,#3236,#3237);
#2621=AXIS2_PLACEMENT_3D('',#3981,#3240,#3241);
#2622=AXIS2_PLACEMENT_3D('',#3985,#3244,#3245);
#2623=AXIS2_PLACEMENT_3D('',#3987,#3247,#3248);
#2624=AXIS2_PLACEMENT_3D('',#3991,#3251,#3252);
#2625=AXIS2_PLACEMENT_3D('',#3993,#3253,#3254);
#2626=AXIS2_PLACEMENT_3D('',#3995,#3256,#3257);
#2627=AXIS2_PLACEMENT_3D('',#3997,#3259,#3260);
#2628=AXIS2_PLACEMENT_3D('',#3999,#3261,#3262);
#2629=AXIS2_PLACEMENT_3D('',#4001,#3264,#3265);
#2630=AXIS2_PLACEMENT_3D('',#4003,#3267,#3268);
#2631=AXIS2_PLACEMENT_3D('',#4005,#3270,#3271);
#2632=AXIS2_PLACEMENT_3D('',#4007,#3273,#3274);
#2633=AXIS2_PLACEMENT_3D('',#4008,#3275,#3276);
#2634=AXIS2_PLACEMENT_3D('',#4010,#3277,#3278);
#2635=AXIS2_PLACEMENT_3D('',#4012,#3280,#3281);
#2636=AXIS2_PLACEMENT_3D('',#4015,#3283,#3284);
#2637=AXIS2_PLACEMENT_3D('',#4016,#3285,#3286);
#2638=AXIS2_PLACEMENT_3D('',#4018,#3288,#3289);
#2639=AXIS2_PLACEMENT_3D('',#4020,#3290,#3291);
#2640=AXIS2_PLACEMENT_3D('',#4022,#3293,#3294);
#2641=AXIS2_PLACEMENT_3D('',#4025,#3296,#3297);
#2642=AXIS2_PLACEMENT_3D('',#4026,#3298,#3299);
#2643=AXIS2_PLACEMENT_3D('',#4028,#3301,#3302);
#2644=AXIS2_PLACEMENT_3D('',#4030,#3303,#3304);
#2645=AXIS2_PLACEMENT_3D('',#4032,#3306,#3307);
#2646=AXIS2_PLACEMENT_3D('',#4035,#3309,#3310);
#2647=AXIS2_PLACEMENT_3D('',#4036,#3311,#3312);
#2648=AXIS2_PLACEMENT_3D('',#4038,#3314,#3315);
#2649=AXIS2_PLACEMENT_3D('',#4040,#3316,#3317);
#2650=AXIS2_PLACEMENT_3D('',#4042,#3319,#3320);
#2651=AXIS2_PLACEMENT_3D('',#4045,#3322,#3323);
#2652=AXIS2_PLACEMENT_3D('',#4046,#3324,#3325);
#2653=AXIS2_PLACEMENT_3D('',#4048,#3327,#3328);
#2654=AXIS2_PLACEMENT_3D('',#4050,#3330,#3331);
#2655=AXIS2_PLACEMENT_3D('',#4052,#3333,#3334);
#2656=AXIS2_PLACEMENT_3D('',#4055,#3337,#3338);
#2657=AXIS2_PLACEMENT_3D('',#4057,#3340,#3341);
#2658=AXIS2_PLACEMENT_3D('',#4060,#3344,#3345);
#2659=AXIS2_PLACEMENT_3D('',#4062,#3347,#3348);
#2660=AXIS2_PLACEMENT_3D('',#4063,#3349,#3350);
#2661=AXIS2_PLACEMENT_3D('',#4066,#3353,#3354);
#2662=AXIS2_PLACEMENT_3D('',#4068,#3356,#3357);
#2663=AXIS2_PLACEMENT_3D('',#4070,#3359,#3360);
#2664=AXIS2_PLACEMENT_3D('',#4072,#3362,#3363);
#2665=AXIS2_PLACEMENT_3D('',#4073,#3364,#3365);
#2666=AXIS2_PLACEMENT_3D('',#4075,#3367,#3368);
#2667=AXIS2_PLACEMENT_3D('',#4076,#3369,#3370);
#2668=AXIS2_PLACEMENT_3D('',#4077,#3371,#3372);
#2669=DIRECTION('axis',(0.,0.,1.));
#2670=DIRECTION('refdir',(1.,0.,0.));
#2671=DIRECTION('center_axis',(0.,-1.,0.));
#2672=DIRECTION('ref_axis',(0.,0.,-1.));
#2673=DIRECTION('center_axis',(0.,-1.,0.));
#2674=DIRECTION('ref_axis',(-1.,0.,0.));
#2675=DIRECTION('',(0.,0.,-1.));
#2676=DIRECTION('',(1.,0.,0.));
#2677=DIRECTION('',(0.,0.,1.));
#2678=DIRECTION('',(1.,0.,0.));
#2679=DIRECTION('',(0.,0.,-1.));
#2680=DIRECTION('center_axis',(0.,-1.,0.));
#2681=DIRECTION('ref_axis',(0.,0.,-1.));
#2682=DIRECTION('center_axis',(0.,-1.,0.));
#2683=DIRECTION('ref_axis',(-1.,0.,0.));
#2684=DIRECTION('',(0.,0.,1.));
#2685=DIRECTION('',(1.,0.,0.));
#2686=DIRECTION('',(0.,0.,-1.));
#2687=DIRECTION('',(1.,0.,0.));
#2688=DIRECTION('',(0.,0.,1.));
#2689=DIRECTION('center_axis',(0.,-1.,0.));
#2690=DIRECTION('ref_axis',(0.,0.,1.));
#2691=DIRECTION('center_axis',(0.,-1.,0.));
#2692=DIRECTION('ref_axis',(0.,0.,1.));
#2693=DIRECTION('center_axis',(0.,-1.,0.));
#2694=DIRECTION('ref_axis',(0.,0.,1.));
#2695=DIRECTION('center_axis',(0.,-1.,0.));
#2696=DIRECTION('ref_axis',(0.,0.,1.));
#2697=DIRECTION('center_axis',(0.,-1.,0.));
#2698=DIRECTION('ref_axis',(0.,0.,1.));
#2699=DIRECTION('',(0.,-1.,0.));
#2700=DIRECTION('',(0.,1.,0.));
#2701=DIRECTION('center_axis',(0.,-1.,0.));
#2702=DIRECTION('ref_axis',(0.,0.,1.));
#2703=DIRECTION('',(0.,-1.,0.));
#2704=DIRECTION('center_axis',(0.,-1.,0.));
#2705=DIRECTION('ref_axis',(0.,0.,1.));
#2706=DIRECTION('',(0.,-1.,0.));
#2707=DIRECTION('center_axis',(0.,1.,0.));
#2708=DIRECTION('ref_axis',(0.,0.,1.));
#2709=DIRECTION('center_axis',(0.,-1.,0.));
#2710=DIRECTION('ref_axis',(0.,0.,1.));
#2711=DIRECTION('center_axis',(0.,-1.,0.));
#2712=DIRECTION('ref_axis',(0.,0.,1.));
#2713=DIRECTION('center_axis',(0.,-1.,0.));
#2714=DIRECTION('ref_axis',(0.,0.,1.));
#2715=DIRECTION('center_axis',(0.,-1.,0.));
#2716=DIRECTION('ref_axis',(0.,0.,1.));
#2717=DIRECTION('center_axis',(0.,-1.,0.));
#2718=DIRECTION('ref_axis',(0.,0.,1.));
#2719=DIRECTION('',(0.,-1.,0.));
#2720=DIRECTION('',(0.,1.,0.));
#2721=DIRECTION('center_axis',(0.,-1.,0.));
#2722=DIRECTION('ref_axis',(0.,0.,1.));
#2723=DIRECTION('',(0.,-1.,0.));
#2724=DIRECTION('center_axis',(0.,-1.,0.));
#2725=DIRECTION('ref_axis',(0.,0.,1.));
#2726=DIRECTION('',(0.,-1.,0.));
#2727=DIRECTION('center_axis',(0.,1.,0.));
#2728=DIRECTION('ref_axis',(0.,0.,1.));
#2729=DIRECTION('center_axis',(0.,1.,0.));
#2730=DIRECTION('ref_axis',(1.,0.,0.));
#2731=DIRECTION('',(0.,0.,1.));
#2732=DIRECTION('',(-1.,0.,0.));
#2733=DIRECTION('',(0.,0.,1.));
#2734=DIRECTION('center_axis',(0.,1.,0.));
#2735=DIRECTION('ref_axis',(-0.707106781186548,0.,0.707106781186547));
#2736=DIRECTION('',(1.,0.,0.));
#2737=DIRECTION('',(0.,0.,1.));
#2738=DIRECTION('center_axis',(-1.,0.,0.));
#2739=DIRECTION('ref_axis',(0.,-1.,0.));
#2740=DIRECTION('center_axis',(1.,0.,0.));
#2741=DIRECTION('ref_axis',(0.,0.528302297831351,-0.849056348015911));
#2742=DIRECTION('',(0.,0.849056348015911,0.528302297831351));
#2743=DIRECTION('center_axis',(1.,0.,0.));
#2744=DIRECTION('ref_axis',(0.,0.528302297831355,0.849056348015908));
#2745=DIRECTION('',(0.,-0.849056348015908,0.528302297831355));
#2746=DIRECTION('center_axis',(1.,0.,0.));
#2747=DIRECTION('ref_axis',(0.,-1.,0.));
#2748=DIRECTION('',(0.,-1.,0.));
#2749=DIRECTION('',(0.,0.,1.));
#2750=DIRECTION('',(0.,-1.,0.));
#2751=DIRECTION('',(0.,0.843689216454488,0.536831916002032));
#2752=DIRECTION('center_axis',(1.,0.,0.));
#2753=DIRECTION('ref_axis',(0.,0.,1.));
#2754=DIRECTION('',(0.,-1.,0.));
#2755=DIRECTION('center_axis',(1.,0.,0.));
#2756=DIRECTION('ref_axis',(0.,-0.536831916002026,-0.843689216454492));
#2757=DIRECTION('',(0.,0.843689216454492,-0.536831916002026));
#2758=DIRECTION('center_axis',(1.,0.,0.));
#2759=DIRECTION('ref_axis',(0.,0.536831916002032,-0.843689216454488));
#2760=DIRECTION('',(0.,2.13504469951705E-16,1.));
#2761=DIRECTION('center_axis',(1.,0.,0.));
#2762=DIRECTION('ref_axis',(0.,-0.528302297831353,0.849056348015909));
#2763=DIRECTION('',(0.,-0.849056348015908,-0.528302297831354));
#2764=DIRECTION('center_axis',(1.,0.,0.));
#2765=DIRECTION('ref_axis',(0.,-0.528302297831353,-0.849056348015909));
#2766=DIRECTION('',(0.,0.849056348015909,-0.528302297831353));
#2767=DIRECTION('center_axis',(1.,0.,0.));
#2768=DIRECTION('ref_axis',(0.,1.,0.));
#2769=DIRECTION('',(0.,-0.843689216454489,0.536831916002029));
#2770=DIRECTION('center_axis',(1.,0.,0.));
#2771=DIRECTION('ref_axis',(0.,-0.536831916002029,0.843689216454489));
#2772=DIRECTION('',(0.,-0.84368921645449,-0.536831916002029));
#2773=DIRECTION('center_axis',(1.,0.,0.));
#2774=DIRECTION('ref_axis',(0.,0.,-1.));
#2775=DIRECTION('',(0.,1.,-1.48580292954429E-15));
#2776=DIRECTION('center_axis',(1.,0.,0.));
#2777=DIRECTION('ref_axis',(0.,0.536831916002029,0.843689216454489));
#2778=DIRECTION('center_axis',(0.,1.,0.));
#2779=DIRECTION('ref_axis',(1.,0.,0.));
#2780=DIRECTION('',(0.,0.,-1.));
#2781=DIRECTION('',(1.,0.,0.));
#2782=DIRECTION('center_axis',(0.,1.,0.));
#2783=DIRECTION('ref_axis',(0.707106781186548,0.,0.707106781186548));
#2784=DIRECTION('',(0.,0.,-1.));
#2785=DIRECTION('',(-1.,0.,0.));
#2786=DIRECTION('',(0.,0.,-1.));
#2787=DIRECTION('center_axis',(1.,0.,0.));
#2788=DIRECTION('ref_axis',(0.,1.,0.));
#2789=DIRECTION('center_axis',(-1.,0.,0.));
#2790=DIRECTION('ref_axis',(0.,-1.,0.));
#2791=DIRECTION('',(0.,0.849056348015908,-0.528302297831355));
#2792=DIRECTION('center_axis',(-1.,0.,0.));
#2793=DIRECTION('ref_axis',(0.,0.528302297831355,0.849056348015908));
#2794=DIRECTION('',(0.,-0.849056348015911,-0.528302297831351));
#2795=DIRECTION('center_axis',(-1.,0.,0.));
#2796=DIRECTION('ref_axis',(0.,0.528302297831351,-0.849056348015911));
#2797=DIRECTION('',(0.,1.,0.));
#2798=DIRECTION('',(0.,0.,-1.));
#2799=DIRECTION('',(0.,1.,0.));
#2800=DIRECTION('',(0.,0.843689216454489,-0.536831916002029));
#2801=DIRECTION('center_axis',(-1.,0.,0.));
#2802=DIRECTION('ref_axis',(0.,0.536831916002029,0.843689216454489));
#2803=DIRECTION('',(0.,-1.,1.48580292954429E-15));
#2804=DIRECTION('center_axis',(-1.,0.,0.));
#2805=DIRECTION('ref_axis',(0.,0.,-1.));
#2806=DIRECTION('',(0.,0.84368921645449,0.536831916002029));
#2807=DIRECTION('center_axis',(-1.,0.,0.));
#2808=DIRECTION('ref_axis',(0.,-0.536831916002029,0.843689216454489));
#2809=DIRECTION('',(0.,-2.13504469951705E-16,-1.));
#2810=DIRECTION('center_axis',(-1.,0.,0.));
#2811=DIRECTION('ref_axis',(0.,1.,0.));
#2812=DIRECTION('',(0.,-0.849056348015909,0.528302297831353));
#2813=DIRECTION('center_axis',(-1.,0.,0.));
#2814=DIRECTION('ref_axis',(0.,-0.528302297831353,-0.849056348015909));
#2815=DIRECTION('',(0.,0.849056348015909,0.528302297831354));
#2816=DIRECTION('center_axis',(-1.,0.,0.));
#2817=DIRECTION('ref_axis',(0.,-0.528302297831353,0.849056348015909));
#2818=DIRECTION('',(0.,-0.843689216454488,-0.536831916002032));
#2819=DIRECTION('center_axis',(-1.,0.,0.));
#2820=DIRECTION('ref_axis',(0.,0.536831916002032,-0.843689216454488));
#2821=DIRECTION('',(0.,-0.843689216454492,0.536831916002026));
#2822=DIRECTION('center_axis',(-1.,0.,0.));
#2823=DIRECTION('ref_axis',(0.,-0.536831916002026,-0.843689216454492));
#2824=DIRECTION('',(0.,1.,0.));
#2825=DIRECTION('center_axis',(-1.,0.,0.));
#2826=DIRECTION('ref_axis',(0.,0.,1.));
#2827=DIRECTION('center_axis',(0.,-1.,0.));
#2828=DIRECTION('ref_axis',(1.,0.,0.));
#2829=DIRECTION('center_axis',(0.,1.,0.));
#2830=DIRECTION('ref_axis',(-0.707106781186548,0.,0.707106781186547));
#2831=DIRECTION('',(0.,0.,1.));
#2832=DIRECTION('',(-1.,0.,0.));
#2833=DIRECTION('',(0.,0.,-1.));
#2834=DIRECTION('',(1.,0.,0.));
#2835=DIRECTION('center_axis',(0.,-1.,0.));
#2836=DIRECTION('ref_axis',(1.,0.,0.));
#2837=DIRECTION('center_axis',(0.,1.,0.));
#2838=DIRECTION('ref_axis',(0.707106781186548,0.,0.707106781186548));
#2839=DIRECTION('',(1.,0.,0.));
#2840=DIRECTION('',(0.,0.,1.));
#2841=DIRECTION('',(-1.,0.,0.));
#2842=DIRECTION('',(0.,0.,-1.));
#2843=DIRECTION('center_axis',(-1.,0.,0.));
#2844=DIRECTION('ref_axis',(0.,1.,0.));
#2845=DIRECTION('',(0.,1.,0.));
#2846=DIRECTION('',(0.,1.,0.));
#2847=DIRECTION('center_axis',(0.,1.,0.));
#2848=DIRECTION('ref_axis',(-0.707106781186548,0.,0.707106781186547));
#2849=DIRECTION('',(0.,1.,0.));
#2850=DIRECTION('center_axis',(0.,0.,1.));
#2851=DIRECTION('ref_axis',(1.,0.,0.));
#2852=DIRECTION('center_axis',(0.,0.,1.));
#2853=DIRECTION('ref_axis',(-0.707106781186547,0.707106781186547,0.));
#2854=DIRECTION('',(1.,0.,0.));
#2855=DIRECTION('center_axis',(0.,0.,-1.));
#2856=DIRECTION('ref_axis',(0.707106781186547,-0.707106781186547,0.));
#2857=DIRECTION('',(0.,1.,0.));
#2858=DIRECTION('center_axis',(0.,0.,1.));
#2859=DIRECTION('ref_axis',(-0.707106781186547,0.707106781186547,0.));
#2860=DIRECTION('',(1.,0.,0.));
#2861=DIRECTION('center_axis',(0.,0.,1.));
#2862=DIRECTION('ref_axis',(0.707106781186547,0.707106781186547,0.));
#2863=DIRECTION('',(0.,-1.,0.));
#2864=DIRECTION('center_axis',(0.,0.,-1.));
#2865=DIRECTION('ref_axis',(-0.707106781186547,-0.707106781186547,0.));
#2866=DIRECTION('',(1.,0.,0.));
#2867=DIRECTION('center_axis',(0.,0.,1.));
#2868=DIRECTION('ref_axis',(0.707106781186547,0.707106781186547,0.));
#2869=DIRECTION('',(0.,1.,0.));
#2870=DIRECTION('',(0.,1.,0.));
#2871=DIRECTION('center_axis',(0.,0.,-1.));
#2872=DIRECTION('ref_axis',(0.,1.,0.));
#2873=DIRECTION('',(1.,0.,0.));
#2874=DIRECTION('center_axis',(0.,0.,-1.));
#2875=DIRECTION('ref_axis',(0.,-1.,0.));
#2876=DIRECTION('',(0.,-1.,0.));
#2877=DIRECTION('center_axis',(0.,0.,-1.));
#2878=DIRECTION('ref_axis',(0.,1.,0.));
#2879=DIRECTION('',(1.,0.,0.));
#2880=DIRECTION('center_axis',(0.,0.,-1.));
#2881=DIRECTION('ref_axis',(-1.,0.,0.));
#2882=DIRECTION('',(0.,-1.,0.));
#2883=DIRECTION('center_axis',(0.,0.,-1.));
#2884=DIRECTION('ref_axis',(1.,0.,0.));
#2885=DIRECTION('',(-1.,0.,0.));
#2886=DIRECTION('center_axis',(0.,0.,-1.));
#2887=DIRECTION('ref_axis',(-1.,0.,0.));
#2888=DIRECTION('',(0.,-1.,0.));
#2889=DIRECTION('center_axis',(0.,0.,1.));
#2890=DIRECTION('ref_axis',(1.,0.,0.));
#2891=DIRECTION('center_axis',(0.,0.,1.));
#2892=DIRECTION('ref_axis',(1.,0.,0.));
#2893=DIRECTION('center_axis',(-1.,0.,0.));
#2894=DIRECTION('ref_axis',(0.,-1.,0.));
#2895=DIRECTION('',(0.,-1.,0.));
#2896=DIRECTION('',(0.,0.,-1.));
#2897=DIRECTION('',(0.,0.843689216454488,0.536831916002032));
#2898=DIRECTION('center_axis',(1.,0.,0.));
#2899=DIRECTION('ref_axis',(0.,0.,1.));
#2900=DIRECTION('',(0.,-1.,0.));
#2901=DIRECTION('center_axis',(1.,0.,0.));
#2902=DIRECTION('ref_axis',(0.,-0.536831916002026,-0.843689216454492));
#2903=DIRECTION('',(0.,0.843689216454492,-0.536831916002026));
#2904=DIRECTION('center_axis',(1.,0.,0.));
#2905=DIRECTION('ref_axis',(0.,0.536831916002032,-0.843689216454488));
#2906=DIRECTION('',(0.,2.13504469951705E-16,1.));
#2907=DIRECTION('center_axis',(1.,0.,0.));
#2908=DIRECTION('ref_axis',(0.,-0.528302297831353,0.849056348015909));
#2909=DIRECTION('',(0.,-0.849056348015908,-0.528302297831354));
#2910=DIRECTION('center_axis',(1.,0.,0.));
#2911=DIRECTION('ref_axis',(0.,-0.528302297831353,-0.849056348015909));
#2912=DIRECTION('',(0.,0.849056348015909,-0.528302297831353));
#2913=DIRECTION('center_axis',(1.,0.,0.));
#2914=DIRECTION('ref_axis',(0.,1.,0.));
#2915=DIRECTION('',(0.,-0.849056348015908,0.528302297831355));
#2916=DIRECTION('center_axis',(1.,0.,0.));
#2917=DIRECTION('ref_axis',(0.,-1.,0.));
#2918=DIRECTION('center_axis',(1.,0.,0.));
#2919=DIRECTION('ref_axis',(0.,0.528302297831351,-0.849056348015911));
#2920=DIRECTION('',(0.,0.849056348015911,0.528302297831351));
#2921=DIRECTION('center_axis',(1.,0.,0.));
#2922=DIRECTION('ref_axis',(0.,0.528302297831355,0.849056348015908));
#2923=DIRECTION('',(0.,-0.843689216454489,0.536831916002029));
#2924=DIRECTION('center_axis',(1.,0.,0.));
#2925=DIRECTION('ref_axis',(0.,-0.536831916002029,0.843689216454489));
#2926=DIRECTION('',(0.,-0.84368921645449,-0.536831916002029));
#2927=DIRECTION('center_axis',(1.,0.,0.));
#2928=DIRECTION('ref_axis',(0.,0.,-1.));
#2929=DIRECTION('',(0.,1.,-1.48580292954429E-15));
#2930=DIRECTION('center_axis',(1.,0.,0.));
#2931=DIRECTION('ref_axis',(0.,0.536831916002029,0.843689216454489));
#2932=DIRECTION('center_axis',(0.,1.,0.));
#2933=DIRECTION('ref_axis',(0.707106781186548,0.,0.707106781186548));
#2934=DIRECTION('',(0.,1.,0.));
#2935=DIRECTION('',(0.,1.,0.));
#2936=DIRECTION('center_axis',(1.,0.,0.));
#2937=DIRECTION('ref_axis',(0.,-1.,0.));
#2938=DIRECTION('center_axis',(0.,0.,1.));
#2939=DIRECTION('ref_axis',(0.707106781186547,0.707106781186547,0.));
#2940=DIRECTION('center_axis',(0.,0.,-1.));
#2941=DIRECTION('ref_axis',(0.707106781186547,0.707106781186547,0.));
#2942=DIRECTION('',(0.,0.,1.));
#2943=DIRECTION('center_axis',(0.,0.,1.));
#2944=DIRECTION('ref_axis',(1.,0.,0.));
#2945=DIRECTION('',(0.,1.,0.));
#2946=DIRECTION('center_axis',(0.,0.,-1.));
#2947=DIRECTION('ref_axis',(-1.,0.,0.));
#2948=DIRECTION('',(1.,0.,0.));
#2949=DIRECTION('center_axis',(0.,0.,1.));
#2950=DIRECTION('ref_axis',(1.,0.,0.));
#2951=DIRECTION('',(0.,1.,0.));
#2952=DIRECTION('center_axis',(0.,0.,-1.));
#2953=DIRECTION('ref_axis',(-1.,0.,0.));
#2954=DIRECTION('',(1.,0.,0.));
#2955=DIRECTION('center_axis',(0.,0.,-1.));
#2956=DIRECTION('ref_axis',(0.,1.,0.));
#2957=DIRECTION('',(0.,-1.,0.));
#2958=DIRECTION('center_axis',(0.,0.,1.));
#2959=DIRECTION('ref_axis',(0.,-1.,0.));
#2960=DIRECTION('',(1.,0.,0.));
#2961=DIRECTION('center_axis',(0.,0.,-1.));
#2962=DIRECTION('ref_axis',(0.,1.,0.));
#2963=DIRECTION('',(-1.,0.,0.));
#2964=DIRECTION('',(-1.,0.,0.));
#2965=DIRECTION('',(0.,1.,0.));
#2966=DIRECTION('',(-1.,0.,0.));
#2967=DIRECTION('',(0.,1.,0.));
#2968=DIRECTION('center_axis',(0.,0.,1.));
#2969=DIRECTION('ref_axis',(0.707106781186547,-0.707106781186547,0.));
#2970=DIRECTION('',(-1.,0.,0.));
#2971=DIRECTION('center_axis',(0.,0.,-1.));
#2972=DIRECTION('ref_axis',(-0.707106781186547,0.707106781186547,0.));
#2973=DIRECTION('center_axis',(0.,0.,-1.));
#2974=DIRECTION('ref_axis',(1.,0.,0.));
#2975=DIRECTION('center_axis',(0.,0.,-1.));
#2976=DIRECTION('ref_axis',(1.,0.,0.));
#2977=DIRECTION('center_axis',(0.,-1.,0.));
#2978=DIRECTION('ref_axis',(0.,0.,-1.));
#2979=DIRECTION('',(0.,0.,-1.));
#2980=DIRECTION('center_axis',(0.,0.,-1.));
#2981=DIRECTION('ref_axis',(-0.707106781186547,-0.707106781186547,0.));
#2982=DIRECTION('center_axis',(8.51494919018592E-9,0.,1.));
#2983=DIRECTION('ref_axis',(-0.707106781186547,-0.707106781186547,6.02097831383936E-9));
#2984=DIRECTION('',(0.,0.,1.));
#2985=DIRECTION('center_axis',(0.,0.,1.));
#2986=DIRECTION('ref_axis',(0.707106781186547,0.707106781186547,0.));
#2987=DIRECTION('center_axis',(-8.51494919018592E-9,0.,-1.));
#2988=DIRECTION('ref_axis',(0.707106781186547,0.707106781186547,-6.02097831383936E-9));
#2989=DIRECTION('',(0.,0.,-1.));
#2990=DIRECTION('',(0.,0.,1.));
#2991=DIRECTION('center_axis',(0.,1.,0.));
#2992=DIRECTION('ref_axis',(0.,0.,1.));
#2993=DIRECTION('',(0.,0.,-1.));
#2994=DIRECTION('',(-1.,0.,8.51494919018592E-9));
#2995=DIRECTION('',(-1.,0.,3.07058902066141E-17));
#2996=DIRECTION('center_axis',(0.,1.,0.));
#2997=DIRECTION('ref_axis',(0.478852130680575,0.,0.877895572914384));
#2998=DIRECTION('',(0.877895572914384,0.,-0.478852130680573));
#2999=DIRECTION('center_axis',(0.,1.,0.));
#3000=DIRECTION('ref_axis',(-0.478852130680577,0.,0.877895572914382));
#3001=DIRECTION('',(0.877895572914384,0.,0.478852130680573));
#3002=DIRECTION('center_axis',(0.,1.,0.));
#3003=DIRECTION('ref_axis',(-2.22044604925031E-15,0.,-1.));
#3004=DIRECTION('',(0.877895572914385,0.,-0.478852130680573));
#3005=DIRECTION('center_axis',(0.,1.,0.));
#3006=DIRECTION('ref_axis',(-1.,0.,0.));
#3007=DIRECTION('',(-2.15204077320289E-16,0.,1.));
#3008=DIRECTION('center_axis',(0.,1.,0.));
#3009=DIRECTION('ref_axis',(0.476645905997655,0.,-0.879095376108687));
#3010=DIRECTION('',(-0.879095376108683,0.,-0.476645905997664));
#3011=DIRECTION('center_axis',(0.,1.,0.));
#3012=DIRECTION('ref_axis',(0.478852130680567,0.,0.877895572914388));
#3013=DIRECTION('',(-0.877895572914384,0.,0.478852130680573));
#3014=DIRECTION('center_axis',(0.,1.,0.));
#3015=DIRECTION('ref_axis',(1.,0.,0.));
#3016=DIRECTION('',(0.,0.,-1.));
#3017=DIRECTION('center_axis',(0.,1.,0.));
#3018=DIRECTION('ref_axis',(-0.478852130680573,0.,0.877895572914385));
#3019=DIRECTION('',(0.877895572914384,0.,0.478852130680573));
#3020=DIRECTION('center_axis',(0.,1.,0.));
#3021=DIRECTION('ref_axis',(-0.478852130680571,0.,-0.877895572914385));
#3022=DIRECTION('',(-0.877895572914384,0.,-0.478852130680573));
#3023=DIRECTION('center_axis',(0.,1.,0.));
#3024=DIRECTION('ref_axis',(-2.22044604925031E-15,0.,1.));
#3025=DIRECTION('',(1.,0.,0.));
#3026=DIRECTION('center_axis',(0.,1.,0.));
#3027=DIRECTION('ref_axis',(-0.47885213068058,0.,-0.877895572914381));
#3028=DIRECTION('',(-0.877895572914384,0.,0.478852130680573));
#3029=DIRECTION('center_axis',(0.,1.,0.));
#3030=DIRECTION('ref_axis',(0.478852130680577,0.,-0.877895572914382));
#3031=DIRECTION('center_axis',(0.,0.,-1.));
#3032=DIRECTION('ref_axis',(-0.707106781186547,0.707106781186547,0.));
#3033=DIRECTION('',(0.,0.,-1.));
#3034=DIRECTION('center_axis',(0.,0.,-1.));
#3035=DIRECTION('ref_axis',(-0.707106781186547,0.707106781186547,0.));
#3036=DIRECTION('',(0.,0.,1.));
#3037=DIRECTION('center_axis',(-8.51494919018592E-9,0.,-1.));
#3038=DIRECTION('ref_axis',(-0.707106781186547,0.707106781186547,6.02097831383936E-9));
#3039=DIRECTION('center_axis',(0.,0.,1.));
#3040=DIRECTION('ref_axis',(0.707106781186547,-0.707106781186547,0.));
#3041=DIRECTION('',(0.,0.,-1.));
#3042=DIRECTION('',(0.,0.,1.));
#3043=DIRECTION('center_axis',(0.,-1.,0.));
#3044=DIRECTION('ref_axis',(0.,0.,-1.));
#3045=DIRECTION('center_axis',(0.,0.,1.));
#3046=DIRECTION('ref_axis',(-1.,0.,0.));
#3047=DIRECTION('',(0.,-1.,0.));
#3048=DIRECTION('',(1.,0.,0.));
#3049=DIRECTION('',(0.,-1.,0.));
#3050=DIRECTION('center_axis',(0.,-1.,0.));
#3051=DIRECTION('ref_axis',(-2.22044604925031E-15,0.,1.));
#3052=DIRECTION('',(0.,-1.,0.));
#3053=DIRECTION('center_axis',(0.,1.,0.));
#3054=DIRECTION('ref_axis',(-2.22044604925031E-15,0.,1.));
#3055=DIRECTION('center_axis',(0.478852130680573,0.,-0.877895572914384));
#3056=DIRECTION('ref_axis',(0.877895572914384,0.,0.478852130680573));
#3057=DIRECTION('',(0.,-1.,0.));
#3058=DIRECTION('',(-0.877895572914384,0.,-0.478852130680573));
#3059=DIRECTION('center_axis',(1.,0.,0.));
#3060=DIRECTION('ref_axis',(0.,0.,1.));
#3061=DIRECTION('',(0.,-1.,0.));
#3062=DIRECTION('',(0.,0.,-1.));
#3063=DIRECTION('',(0.,-1.,0.));
#3064=DIRECTION('center_axis',(0.,-1.,0.));
#3065=DIRECTION('ref_axis',(1.,0.,0.));
#3066=DIRECTION('',(0.,-1.,0.));
#3067=DIRECTION('center_axis',(0.,1.,0.));
#3068=DIRECTION('ref_axis',(1.,0.,0.));
#3069=DIRECTION('center_axis',(-0.478852130680573,0.,-0.877895572914384));
#3070=DIRECTION('ref_axis',(0.877895572914384,0.,-0.478852130680573));
#3071=DIRECTION('',(0.,-1.,0.));
#3072=DIRECTION('',(-0.877895572914384,0.,0.478852130680573));
#3073=DIRECTION('center_axis',(-1.,0.,-2.15204077320289E-16));
#3074=DIRECTION('ref_axis',(2.15204077320289E-16,0.,-1.));
#3075=DIRECTION('',(0.,-1.,0.));
#3076=DIRECTION('',(-2.15204077320289E-16,0.,1.));
#3077=DIRECTION('',(0.,-1.,0.));
#3078=DIRECTION('center_axis',(0.,-1.,0.));
#3079=DIRECTION('ref_axis',(-1.,0.,0.));
#3080=DIRECTION('',(0.,-1.,0.));
#3081=DIRECTION('center_axis',(0.,1.,0.));
#3082=DIRECTION('ref_axis',(-1.,0.,0.));
#3083=DIRECTION('center_axis',(0.478852130680573,0.,0.877895572914384));
#3084=DIRECTION('ref_axis',(-0.877895572914385,0.,0.478852130680573));
#3085=DIRECTION('',(0.,-1.,0.));
#3086=DIRECTION('',(0.877895572914385,0.,-0.478852130680573));
#3087=DIRECTION('center_axis',(0.478852130680573,0.,0.877895572914384));
#3088=DIRECTION('ref_axis',(-0.877895572914384,0.,0.478852130680573));
#3089=DIRECTION('',(0.,-1.,0.));
#3090=DIRECTION('',(0.877895572914384,0.,-0.478852130680573));
#3091=DIRECTION('',(0.,-1.,0.));
#3092=DIRECTION('center_axis',(0.,-1.,0.));
#3093=DIRECTION('ref_axis',(0.478852130680575,0.,0.877895572914384));
#3094=DIRECTION('',(0.,-1.,0.));
#3095=DIRECTION('center_axis',(0.,1.,0.));
#3096=DIRECTION('ref_axis',(0.478852130680575,0.,0.877895572914384));
#3097=DIRECTION('center_axis',(-3.07058902066141E-17,0.,-1.));
#3098=DIRECTION('ref_axis',(1.,0.,-3.07058902066141E-17));
#3099=DIRECTION('',(0.,-1.,0.));
#3100=DIRECTION('',(-1.,0.,3.07058902066141E-17));
#3101=DIRECTION('center_axis',(1.,0.,0.));
#3102=DIRECTION('ref_axis',(0.,0.,-1.));
#3103=DIRECTION('',(0.,1.,0.));
#3104=DIRECTION('center_axis',(1.,0.,0.));
#3105=DIRECTION('ref_axis',(0.,0.,-1.));
#3106=DIRECTION('center_axis',(-1.,0.,0.));
#3107=DIRECTION('ref_axis',(0.,0.,-1.));
#3108=DIRECTION('',(1.,0.,0.));
#3109=DIRECTION('',(1.,0.,0.));
#3110=DIRECTION('center_axis',(1.,0.,0.));
#3111=DIRECTION('ref_axis',(0.,0.,-1.));
#3112=DIRECTION('',(1.,0.,0.));
#3113=DIRECTION('',(1.,0.,0.));
#3114=DIRECTION('center_axis',(0.,-1.48580292954429E-15,-1.));
#3115=DIRECTION('ref_axis',(0.,1.,-1.48580292954429E-15));
#3116=DIRECTION('',(0.,-1.,1.48580292954429E-15));
#3117=DIRECTION('',(1.,0.,0.));
#3118=DIRECTION('center_axis',(0.,-1.48580292954429E-15,-1.));
#3119=DIRECTION('ref_axis',(0.,1.,-1.48580292954429E-15));
#3120=DIRECTION('',(1.,0.,0.));
#3121=DIRECTION('center_axis',(0.,-0.536831916002029,0.843689216454489));
#3122=DIRECTION('ref_axis',(0.,-0.84368921645449,-0.536831916002029));
#3123=DIRECTION('',(0.,0.84368921645449,0.536831916002029));
#3124=DIRECTION('',(1.,0.,0.));
#3125=DIRECTION('center_axis',(1.,0.,0.));
#3126=DIRECTION('ref_axis',(0.,0.536831916002029,0.843689216454489));
#3127=DIRECTION('center_axis',(-1.,0.,0.));
#3128=DIRECTION('ref_axis',(0.,0.536831916002029,0.843689216454489));
#3129=DIRECTION('',(1.,0.,0.));
#3130=DIRECTION('center_axis',(1.,0.,0.));
#3131=DIRECTION('ref_axis',(0.,0.536831916002029,0.843689216454489));
#3132=DIRECTION('',(1.,0.,0.));
#3133=DIRECTION('center_axis',(1.,0.,0.));
#3134=DIRECTION('ref_axis',(0.,-0.536831916002029,0.843689216454489));
#3135=DIRECTION('center_axis',(-1.,0.,0.));
#3136=DIRECTION('ref_axis',(0.,-0.536831916002029,0.843689216454489));
#3137=DIRECTION('',(1.,0.,0.));
#3138=DIRECTION('center_axis',(0.,0.536831916002029,0.843689216454489));
#3139=DIRECTION('ref_axis',(0.,-0.843689216454489,0.536831916002029));
#3140=DIRECTION('',(0.,0.843689216454489,-0.536831916002029));
#3141=DIRECTION('center_axis',(0.,0.536831916002029,0.843689216454489));
#3142=DIRECTION('ref_axis',(0.,-0.843689216454489,0.536831916002029));
#3143=DIRECTION('',(1.,0.,0.));
#3144=DIRECTION('center_axis',(0.,-0.536831916002029,0.843689216454489));
#3145=DIRECTION('ref_axis',(0.,-0.84368921645449,-0.536831916002029));
#3146=DIRECTION('',(1.,0.,0.));
#3147=DIRECTION('center_axis',(1.,0.,0.));
#3148=DIRECTION('ref_axis',(0.,-0.536831916002029,0.843689216454489));
#3149=DIRECTION('center_axis',(1.,0.,0.));
#3150=DIRECTION('ref_axis',(0.,0.528302297831351,-0.849056348015911));
#3151=DIRECTION('center_axis',(-1.,0.,0.));
#3152=DIRECTION('ref_axis',(0.,0.528302297831351,-0.849056348015911));
#3153=DIRECTION('',(1.,0.,0.));
#3154=DIRECTION('center_axis',(1.,0.,0.));
#3155=DIRECTION('ref_axis',(0.,0.528302297831351,-0.849056348015911));
#3156=DIRECTION('',(1.,0.,0.));
#3157=DIRECTION('center_axis',(0.,0.528302297831351,-0.849056348015911));
#3158=DIRECTION('ref_axis',(0.,0.849056348015911,0.528302297831351));
#3159=DIRECTION('',(0.,-0.849056348015911,-0.528302297831351));
#3160=DIRECTION('',(1.,0.,0.));
#3161=DIRECTION('center_axis',(0.,0.528302297831351,-0.849056348015911));
#3162=DIRECTION('ref_axis',(0.,0.849056348015911,0.528302297831351));
#3163=DIRECTION('',(1.,0.,0.));
#3164=DIRECTION('center_axis',(1.,0.,0.));
#3165=DIRECTION('ref_axis',(0.,0.528302297831355,0.849056348015908));
#3166=DIRECTION('center_axis',(-1.,0.,0.));
#3167=DIRECTION('ref_axis',(0.,0.528302297831355,0.849056348015908));
#3168=DIRECTION('',(1.,0.,0.));
#3169=DIRECTION('center_axis',(1.,0.,0.));
#3170=DIRECTION('ref_axis',(0.,0.528302297831355,0.849056348015908));
#3171=DIRECTION('',(1.,0.,0.));
#3172=DIRECTION('center_axis',(1.,0.,0.));
#3173=DIRECTION('ref_axis',(0.,-1.,0.));
#3174=DIRECTION('center_axis',(-1.,0.,0.));
#3175=DIRECTION('ref_axis',(0.,-1.,0.));
#3176=DIRECTION('',(1.,0.,0.));
#3177=DIRECTION('center_axis',(0.,0.528302297831355,0.849056348015908));
#3178=DIRECTION('ref_axis',(0.,-0.849056348015908,0.528302297831355));
#3179=DIRECTION('',(0.,0.849056348015908,-0.528302297831355));
#3180=DIRECTION('center_axis',(0.,0.528302297831355,0.849056348015908));
#3181=DIRECTION('ref_axis',(0.,-0.849056348015908,0.528302297831355));
#3182=DIRECTION('',(1.,0.,0.));
#3183=DIRECTION('center_axis',(1.,0.,0.));
#3184=DIRECTION('ref_axis',(0.,-1.,0.));
#3185=DIRECTION('center_axis',(1.,0.,0.));
#3186=DIRECTION('ref_axis',(0.,-0.528302297831353,-0.849056348015909));
#3187=DIRECTION('center_axis',(-1.,0.,0.));
#3188=DIRECTION('ref_axis',(0.,-0.528302297831353,-0.849056348015909));
#3189=DIRECTION('',(1.,0.,0.));
#3190=DIRECTION('',(1.,0.,0.));
#3191=DIRECTION('center_axis',(1.,0.,0.));
#3192=DIRECTION('ref_axis',(0.,-0.528302297831353,-0.849056348015909));
#3193=DIRECTION('',(1.,0.,0.));
#3194=DIRECTION('',(1.,0.,0.));
#3195=DIRECTION('center_axis',(0.,-0.528302297831353,-0.849056348015909));
#3196=DIRECTION('ref_axis',(0.,0.849056348015909,-0.528302297831353));
#3197=DIRECTION('',(0.,-0.849056348015909,0.528302297831353));
#3198=DIRECTION('',(1.,0.,0.));
#3199=DIRECTION('center_axis',(0.,-0.528302297831353,-0.849056348015909));
#3200=DIRECTION('ref_axis',(0.,0.849056348015909,-0.528302297831353));
#3201=DIRECTION('',(1.,0.,0.));
#3202=DIRECTION('center_axis',(0.,-0.528302297831354,0.849056348015908));
#3203=DIRECTION('ref_axis',(0.,-0.849056348015908,-0.528302297831354));
#3204=DIRECTION('',(0.,0.849056348015909,0.528302297831354));
#3205=DIRECTION('',(1.,0.,0.));
#3206=DIRECTION('center_axis',(1.,0.,0.));
#3207=DIRECTION('ref_axis',(0.,1.,0.));
#3208=DIRECTION('center_axis',(-1.,0.,0.));
#3209=DIRECTION('ref_axis',(0.,1.,0.));
#3210=DIRECTION('',(1.,0.,0.));
#3211=DIRECTION('center_axis',(1.,0.,0.));
#3212=DIRECTION('ref_axis',(0.,1.,0.));
#3213=DIRECTION('',(1.,0.,0.));
#3214=DIRECTION('center_axis',(1.,0.,0.));
#3215=DIRECTION('ref_axis',(0.,-0.528302297831353,0.849056348015909));
#3216=DIRECTION('center_axis',(-1.,0.,0.));
#3217=DIRECTION('ref_axis',(0.,-0.528302297831353,0.849056348015909));
#3218=DIRECTION('',(1.,0.,0.));
#3219=DIRECTION('center_axis',(0.,1.,-2.13504469951705E-16));
#3220=DIRECTION('ref_axis',(0.,2.13504469951705E-16,1.));
#3221=DIRECTION('',(0.,-2.13504469951705E-16,-1.));
#3222=DIRECTION('center_axis',(0.,1.,-2.13504469951705E-16));
#3223=DIRECTION('ref_axis',(0.,2.13504469951705E-16,1.));
#3224=DIRECTION('',(1.,0.,0.));
#3225=DIRECTION('center_axis',(0.,-0.528302297831354,0.849056348015908));
#3226=DIRECTION('ref_axis',(0.,-0.849056348015908,-0.528302297831354));
#3227=DIRECTION('',(1.,0.,0.));
#3228=DIRECTION('center_axis',(1.,0.,0.));
#3229=DIRECTION('ref_axis',(0.,-0.528302297831353,0.849056348015909));
#3230=DIRECTION('center_axis',(1.,0.,0.));
#3231=DIRECTION('ref_axis',(0.,-0.536831916002026,-0.843689216454492));
#3232=DIRECTION('center_axis',(-1.,0.,0.));
#3233=DIRECTION('ref_axis',(0.,-0.536831916002026,-0.843689216454492));
#3234=DIRECTION('',(1.,0.,0.));
#3235=DIRECTION('',(1.,0.,0.));
#3236=DIRECTION('center_axis',(1.,0.,0.));
#3237=DIRECTION('ref_axis',(0.,-0.536831916002026,-0.843689216454492));
#3238=DIRECTION('',(1.,0.,0.));
#3239=DIRECTION('',(1.,0.,0.));
#3240=DIRECTION('center_axis',(0.,-0.536831916002026,-0.843689216454492));
#3241=DIRECTION('ref_axis',(0.,0.843689216454492,-0.536831916002026));
#3242=DIRECTION('',(0.,-0.843689216454492,0.536831916002026));
#3243=DIRECTION('',(1.,0.,0.));
#3244=DIRECTION('center_axis',(0.,-0.536831916002026,-0.843689216454492));
#3245=DIRECTION('ref_axis',(0.,0.843689216454492,-0.536831916002026));
#3246=DIRECTION('',(1.,0.,0.));
#3247=DIRECTION('center_axis',(0.,0.,1.));
#3248=DIRECTION('ref_axis',(0.,-1.,0.));
#3249=DIRECTION('',(0.,1.,0.));
#3250=DIRECTION('',(1.,0.,0.));
#3251=DIRECTION('center_axis',(1.,0.,0.));
#3252=DIRECTION('ref_axis',(0.,0.536831916002032,-0.843689216454488));
#3253=DIRECTION('center_axis',(-1.,0.,0.));
#3254=DIRECTION('ref_axis',(0.,0.536831916002032,-0.843689216454488));
#3255=DIRECTION('',(1.,0.,0.));
#3256=DIRECTION('center_axis',(1.,0.,0.));
#3257=DIRECTION('ref_axis',(0.,0.536831916002032,-0.843689216454488));
#3258=DIRECTION('',(1.,0.,0.));
#3259=DIRECTION('center_axis',(1.,0.,0.));
#3260=DIRECTION('ref_axis',(0.,0.,1.));
#3261=DIRECTION('center_axis',(-1.,0.,0.));
#3262=DIRECTION('ref_axis',(0.,0.,1.));
#3263=DIRECTION('',(1.,0.,0.));
#3264=DIRECTION('center_axis',(0.,0.536831916002032,-0.843689216454488));
#3265=DIRECTION('ref_axis',(0.,0.843689216454488,0.536831916002032));
#3266=DIRECTION('',(0.,-0.843689216454488,-0.536831916002032));
#3267=DIRECTION('center_axis',(0.,0.536831916002032,-0.843689216454488));
#3268=DIRECTION('ref_axis',(0.,0.843689216454488,0.536831916002032));
#3269=DIRECTION('',(1.,0.,0.));
#3270=DIRECTION('center_axis',(0.,0.,1.));
#3271=DIRECTION('ref_axis',(0.,-1.,0.));
#3272=DIRECTION('',(1.,0.,0.));
#3273=DIRECTION('center_axis',(1.,0.,0.));
#3274=DIRECTION('ref_axis',(0.,0.,1.));
#3275=DIRECTION('center_axis',(0.,-1.,0.));
#3276=DIRECTION('ref_axis',(-0.478852130680577,0.,0.877895572914382));
#3277=DIRECTION('center_axis',(0.,1.,0.));
#3278=DIRECTION('ref_axis',(-0.478852130680577,0.,0.877895572914382));
#3279=DIRECTION('',(0.,-1.,0.));
#3280=DIRECTION('center_axis',(0.,-1.,0.));
#3281=DIRECTION('ref_axis',(-2.22044604925031E-15,0.,-1.));
#3282=DIRECTION('',(0.,-1.,0.));
#3283=DIRECTION('center_axis',(0.,1.,0.));
#3284=DIRECTION('ref_axis',(-2.22044604925031E-15,0.,-1.));
#3285=DIRECTION('center_axis',(-0.478852130680573,0.,0.877895572914384));
#3286=DIRECTION('ref_axis',(-0.877895572914384,0.,-0.478852130680573));
#3287=DIRECTION('',(0.877895572914384,0.,0.478852130680573));
#3288=DIRECTION('center_axis',(0.,-1.,0.));
#3289=DIRECTION('ref_axis',(0.476645905997655,0.,-0.879095376108687));
#3290=DIRECTION('center_axis',(0.,1.,0.));
#3291=DIRECTION('ref_axis',(0.476645905997655,0.,-0.879095376108687));
#3292=DIRECTION('',(0.,-1.,0.));
#3293=DIRECTION('center_axis',(0.,-1.,0.));
#3294=DIRECTION('ref_axis',(0.478852130680567,0.,0.877895572914388));
#3295=DIRECTION('',(0.,-1.,0.));
#3296=DIRECTION('center_axis',(0.,1.,0.));
#3297=DIRECTION('ref_axis',(0.478852130680567,0.,0.877895572914388));
#3298=DIRECTION('center_axis',(0.476645905997664,0.,-0.879095376108683));
#3299=DIRECTION('ref_axis',(0.879095376108683,0.,0.476645905997664));
#3300=DIRECTION('',(-0.879095376108683,0.,-0.476645905997664));
#3301=DIRECTION('center_axis',(0.,-1.,0.));
#3302=DIRECTION('ref_axis',(-0.478852130680573,0.,0.877895572914385));
#3303=DIRECTION('center_axis',(0.,1.,0.));
#3304=DIRECTION('ref_axis',(-0.478852130680573,0.,0.877895572914385));
#3305=DIRECTION('',(0.,-1.,0.));
#3306=DIRECTION('center_axis',(0.,-1.,0.));
#3307=DIRECTION('ref_axis',(-0.478852130680571,0.,-0.877895572914385));
#3308=DIRECTION('',(0.,-1.,0.));
#3309=DIRECTION('center_axis',(0.,1.,0.));
#3310=DIRECTION('ref_axis',(-0.478852130680571,0.,-0.877895572914385));
#3311=DIRECTION('center_axis',(-0.478852130680573,0.,0.877895572914384));
#3312=DIRECTION('ref_axis',(-0.877895572914384,0.,-0.478852130680573));
#3313=DIRECTION('',(0.877895572914384,0.,0.478852130680573));
#3314=DIRECTION('center_axis',(0.,-1.,0.));
#3315=DIRECTION('ref_axis',(-0.47885213068058,0.,-0.877895572914381));
#3316=DIRECTION('center_axis',(0.,1.,0.));
#3317=DIRECTION('ref_axis',(-0.47885213068058,0.,-0.877895572914381));
#3318=DIRECTION('',(0.,-1.,0.));
#3319=DIRECTION('center_axis',(0.,-1.,0.));
#3320=DIRECTION('ref_axis',(0.478852130680577,0.,-0.877895572914382));
#3321=DIRECTION('',(0.,-1.,0.));
#3322=DIRECTION('center_axis',(0.,1.,0.));
#3323=DIRECTION('ref_axis',(0.478852130680577,0.,-0.877895572914382));
#3324=DIRECTION('center_axis',(-0.478852130680573,0.,-0.877895572914384));
#3325=DIRECTION('ref_axis',(0.877895572914384,0.,-0.478852130680573));
#3326=DIRECTION('',(-0.877895572914384,0.,0.478852130680573));
#3327=DIRECTION('center_axis',(0.,0.,-1.));
#3328=DIRECTION('ref_axis',(1.,0.,0.));
#3329=DIRECTION('',(0.,0.,-1.));
#3330=DIRECTION('center_axis',(0.,0.,-1.));
#3331=DIRECTION('ref_axis',(1.,0.,0.));
#3332=DIRECTION('',(0.,0.,-1.));
#3333=DIRECTION('center_axis',(0.,-1.,0.));
#3334=DIRECTION('ref_axis',(1.,0.,0.));
#3335=DIRECTION('',(0.,0.,1.));
#3336=DIRECTION('',(0.,0.,1.));
#3337=DIRECTION('center_axis',(0.,0.,1.));
#3338=DIRECTION('ref_axis',(-1.,0.,0.));
#3339=DIRECTION('',(0.,0.,-1.));
#3340=DIRECTION('center_axis',(0.,0.,1.));
#3341=DIRECTION('ref_axis',(-1.,0.,0.));
#3342=DIRECTION('',(0.,0.,-1.));
#3343=DIRECTION('',(0.,0.,1.));
#3344=DIRECTION('center_axis',(1.,0.,0.));
#3345=DIRECTION('ref_axis',(0.,1.,0.));
#3346=DIRECTION('',(0.,0.,1.));
#3347=DIRECTION('center_axis',(0.,0.,1.));
#3348=DIRECTION('ref_axis',(1.,0.,0.));
#3349=DIRECTION('center_axis',(-1.,0.,0.));
#3350=DIRECTION('ref_axis',(0.,-1.,0.));
#3351=DIRECTION('',(0.,0.,1.));
#3352=DIRECTION('',(0.,0.,1.));
#3353=DIRECTION('center_axis',(0.,0.,1.));
#3354=DIRECTION('ref_axis',(0.,1.,0.));
#3355=DIRECTION('',(0.,0.,-1.));
#3356=DIRECTION('center_axis',(0.,0.,1.));
#3357=DIRECTION('ref_axis',(0.,1.,0.));
#3358=DIRECTION('',(0.,0.,1.));
#3359=DIRECTION('center_axis',(0.,-1.,0.));
#3360=DIRECTION('ref_axis',(1.,0.,0.));
#3361=DIRECTION('',(0.,0.,1.));
#3362=DIRECTION('center_axis',(0.,0.,1.));
#3363=DIRECTION('ref_axis',(0.,-1.,0.));
#3364=DIRECTION('center_axis',(8.51494919018592E-9,0.,1.));
#3365=DIRECTION('ref_axis',(1.,0.,-8.51494919018592E-9));
#3366=DIRECTION('',(0.,1.,0.));
#3367=DIRECTION('center_axis',(-1.,0.,0.));
#3368=DIRECTION('ref_axis',(0.,0.,1.));
#3369=DIRECTION('center_axis',(0.,-1.,0.));
#3370=DIRECTION('ref_axis',(1.,0.,0.));
#3371=DIRECTION('center_axis',(1.,0.,0.));
#3372=DIRECTION('ref_axis',(0.,1.,0.));
#3373=CARTESIAN_POINT('',(0.,0.,0.));
#3374=CARTESIAN_POINT('Origin',(-30.55,-14.525,15.2499989736809));
#3375=CARTESIAN_POINT('',(-30.55,-14.525,7.28706815576149));
#3376=CARTESIAN_POINT('',(-30.55,-14.525,12.7129321422617));
#3377=CARTESIAN_POINT('Origin',(-34.75,-14.525,10.0000001490116));
#3378=CARTESIAN_POINT('',(-30.55,-14.525,15.2499989736809));
#3379=CARTESIAN_POINT('',(-30.55,-14.525,7.62499948684047));
#3380=CARTESIAN_POINT('',(-28.55,-14.525,15.2499989736809));
#3381=CARTESIAN_POINT('',(-30.55,-14.525,15.2499989736809));
#3382=CARTESIAN_POINT('',(-28.55,-14.525,4.85000102631907));
#3383=CARTESIAN_POINT('',(-28.55,-14.525,7.62499948684047));
#3384=CARTESIAN_POINT('',(-30.55,-14.525,4.85000102631907));
#3385=CARTESIAN_POINT('',(-30.55,-14.525,4.85000102631907));
#3386=CARTESIAN_POINT('',(-30.55,-14.525,7.62499948684047));
#3387=CARTESIAN_POINT('Origin',(-30.55,-14.525,15.2499989736809));
#3388=CARTESIAN_POINT('',(30.55,-14.525,12.7129321422617));
#3389=CARTESIAN_POINT('',(30.55,-14.525,7.2870681557615));
#3390=CARTESIAN_POINT('Origin',(34.75,-14.525,10.0000001490116));
#3391=CARTESIAN_POINT('',(30.55,-14.525,4.85000102631907));
#3392=CARTESIAN_POINT('',(30.55,-14.525,7.62499948684047));
#3393=CARTESIAN_POINT('',(28.55,-14.525,4.85000102631907));
#3394=CARTESIAN_POINT('',(-30.55,-14.525,4.85000102631907));
#3395=CARTESIAN_POINT('',(28.55,-14.525,15.2499989736809));
#3396=CARTESIAN_POINT('',(28.55,-14.525,7.62499948684047));
#3397=CARTESIAN_POINT('',(30.55,-14.525,15.2499989736809));
#3398=CARTESIAN_POINT('',(-30.55,-14.525,15.2499989736809));
#3399=CARTESIAN_POINT('',(30.55,-14.525,7.62499948684047));
#3400=CARTESIAN_POINT('Origin',(34.75,-25.775,10.0000001490116));
#3401=CARTESIAN_POINT('',(34.75,-25.775,5.00000014901161));
#3402=CARTESIAN_POINT('Origin',(34.75,-25.775,10.0000001490116));
#3403=CARTESIAN_POINT('',(34.75,-25.775,7.35000014901161));
#3404=CARTESIAN_POINT('Origin',(34.75,-25.775,10.0000001490116));
#3405=CARTESIAN_POINT('Origin',(34.75,-23.275,10.0000001490116));
#3406=CARTESIAN_POINT('',(30.55,-20.775,7.2870681557615));
#3407=CARTESIAN_POINT('',(34.75,-20.775,5.00000014901161));
#3408=CARTESIAN_POINT('Origin',(34.75,-20.775,10.0000001490116));
#3409=CARTESIAN_POINT('',(30.55,-20.775,7.2870681557615));
#3410=CARTESIAN_POINT('',(30.55,-20.775,12.7129321422617));
#3411=CARTESIAN_POINT('',(30.55,-20.775,12.7129321422617));
#3412=CARTESIAN_POINT('Origin',(34.75,-20.775,10.0000001490116));
#3413=CARTESIAN_POINT('',(34.75,-23.275,5.00000014901161));
#3414=CARTESIAN_POINT('Origin',(34.75,-26.275,10.0000001490116));
#3415=CARTESIAN_POINT('',(34.75,-30.775,7.35000014901161));
#3416=CARTESIAN_POINT('',(34.75,-26.275,7.35000014901161));
#3417=CARTESIAN_POINT('Origin',(34.75,-30.775,10.0000001490116));
#3418=CARTESIAN_POINT('Origin',(-34.75,-25.775,10.0000001490116));
#3419=CARTESIAN_POINT('',(-34.75,-25.775,5.00000014901161));
#3420=CARTESIAN_POINT('Origin',(-34.75,-25.775,10.0000001490116));
#3421=CARTESIAN_POINT('',(-34.75,-25.775,7.35000014901161));
#3422=CARTESIAN_POINT('Origin',(-34.75,-25.775,10.0000001490116));
#3423=CARTESIAN_POINT('Origin',(-34.75,-23.275,10.0000001490116));
#3424=CARTESIAN_POINT('',(-30.55,-20.775,12.7129321422617));
#3425=CARTESIAN_POINT('',(-34.75,-20.775,5.00000014901161));
#3426=CARTESIAN_POINT('Origin',(-34.75,-20.775,10.0000001490116));
#3427=CARTESIAN_POINT('',(-30.55,-20.775,12.7129321422617));
#3428=CARTESIAN_POINT('',(-30.55,-20.775,7.28706815576149));
#3429=CARTESIAN_POINT('',(-30.55,-20.775,7.28706815576149));
#3430=CARTESIAN_POINT('Origin',(-34.75,-20.775,10.0000001490116));
#3431=CARTESIAN_POINT('',(-34.75,-23.275,5.00000014901161));
#3432=CARTESIAN_POINT('Origin',(-34.75,-26.275,10.0000001490116));
#3433=CARTESIAN_POINT('',(-34.75,-30.775,7.35000014901161));
#3434=CARTESIAN_POINT('',(-34.75,-26.275,7.35000014901161));
#3435=CARTESIAN_POINT('Origin',(-34.75,-30.775,10.0000001490116));
#3436=CARTESIAN_POINT('Origin',(-40.55,-20.775,20.));
#3437=CARTESIAN_POINT('',(-30.55,-20.775,0.));
#3438=CARTESIAN_POINT('',(-30.55,-20.775,10.));
#3439=CARTESIAN_POINT('',(-40.55,-20.775,0.));
#3440=CARTESIAN_POINT('',(-40.55,-20.775,0.));
#3441=CARTESIAN_POINT('',(-40.55,-20.775,18.));
#3442=CARTESIAN_POINT('',(-40.55,-20.775,20.));
#3443=CARTESIAN_POINT('',(-38.55,-20.775,20.));
#3444=CARTESIAN_POINT('Origin',(-38.55,-20.775,18.));
#3445=CARTESIAN_POINT('',(-30.55,-20.775,20.));
#3446=CARTESIAN_POINT('',(-40.55,-20.775,20.));
#3447=CARTESIAN_POINT('',(-30.55,-20.775,10.));
#3448=CARTESIAN_POINT('Origin',(-30.55,28.275,0.));
#3449=CARTESIAN_POINT('',(-30.55,-12.9966977021686,4.00094467830316));
#3450=CARTESIAN_POINT('Origin',(-30.55,-13.525,4.85000102631907));
#3451=CARTESIAN_POINT('',(-30.55,-4.63956551401864,9.20094365198406));
#3452=CARTESIAN_POINT('',(-30.55,0.982288556027763,12.6989899597686));
#3453=CARTESIAN_POINT('',(-30.55,-4.63956551401863,10.8990563480159));
#3454=CARTESIAN_POINT('Origin',(-30.55,-5.16786781184999,10.05));
#3455=CARTESIAN_POINT('',(-30.55,-12.9966977021686,16.0990553216968));
#3456=CARTESIAN_POINT('',(-30.55,9.66886676753595,1.99602220855733));
#3457=CARTESIAN_POINT('Origin',(-30.55,-13.525,15.2499989736809));
#3458=CARTESIAN_POINT('',(-30.55,24.225,20.));
#3459=CARTESIAN_POINT('',(-30.55,28.275,20.));
#3460=CARTESIAN_POINT('',(-30.55,24.225,0.));
#3461=CARTESIAN_POINT('',(-30.55,24.225,0.));
#3462=CARTESIAN_POINT('',(-30.55,28.275,0.));
#3463=CARTESIAN_POINT('',(-30.55,-1.73816808399788,11.3423795629526));
#3464=CARTESIAN_POINT('',(-30.55,5.827443681068,16.1563107835455));
#3465=CARTESIAN_POINT('',(-30.55,6.37509962425994,16.5047793707453));
#3466=CARTESIAN_POINT('',(-30.55,5.29061176506597,18.));
#3467=CARTESIAN_POINT('Origin',(-30.55,5.29061176506597,17.));
#3468=CARTESIAN_POINT('',(-30.55,-9.84061176506591,18.));
#3469=CARTESIAN_POINT('',(-30.55,16.782805882533,18.));
#3470=CARTESIAN_POINT('',(-30.55,-10.3774436810679,16.1563107835455));
#3471=CARTESIAN_POINT('Origin',(-30.55,-9.84061176506591,17.));
#3472=CARTESIAN_POINT('',(-30.55,-2.81183191600193,11.3423795629526));
#3473=CARTESIAN_POINT('',(-30.55,7.03793563373376,5.07506040943773));
#3474=CARTESIAN_POINT('Origin',(-30.55,-2.27499999999991,12.1860687794071));
#3475=CARTESIAN_POINT('',(-30.55,9.975,4.85000102631907));
#3476=CARTESIAN_POINT('',(-30.55,9.97500000000001,15.2499989736809));
#3477=CARTESIAN_POINT('',(-30.55,9.975,2.42500051315954));
#3478=CARTESIAN_POINT('',(-30.55,8.44669770216866,16.0990553216969));
#3479=CARTESIAN_POINT('Origin',(-30.55,8.97500000000001,15.2499989736809));
#3480=CARTESIAN_POINT('',(-30.55,0.0895655140186599,10.8990563480159));
#3481=CARTESIAN_POINT('',(-30.55,11.9830929648808,18.2994814155557));
#3482=CARTESIAN_POINT('',(-30.55,0.0895655140186589,9.20094365198409));
#3483=CARTESIAN_POINT('Origin',(-30.55,0.617867811850011,10.05));
#3484=CARTESIAN_POINT('',(-30.55,8.44669770216866,4.00094467830317));
#3485=CARTESIAN_POINT('',(-30.55,12.312538988239,1.5955297264512));
#3486=CARTESIAN_POINT('Origin',(-30.55,8.97500000000001,4.85000102631907));
#3487=CARTESIAN_POINT('',(-30.55,5.827443681068,3.84368921645446));
#3488=CARTESIAN_POINT('',(-30.55,-1.73816808165921,8.65762043555927));
#3489=CARTESIAN_POINT('',(-30.55,14.6870984925881,-1.79363004142593));
#3490=CARTESIAN_POINT('',(-30.55,-2.81183191834078,8.65762043555927));
#3491=CARTESIAN_POINT('Origin',(-30.55,-2.275,7.81393121542918));
#3492=CARTESIAN_POINT('',(-30.55,-10.3774436810679,3.84368921645449));
#3493=CARTESIAN_POINT('',(-30.55,6.29154852930214,14.4500201397306));
#3494=CARTESIAN_POINT('',(-30.55,-9.84061176506591,2.));
#3495=CARTESIAN_POINT('Origin',(-30.55,-9.84061176506591,3.));
#3496=CARTESIAN_POINT('',(-30.55,5.29061176506597,1.99999999999998));
#3497=CARTESIAN_POINT('',(-30.55,9.21719411746705,1.99999999999997));
#3498=CARTESIAN_POINT('Origin',(-30.55,5.29061176506597,2.99999999999997));
#3499=CARTESIAN_POINT('Origin',(30.55,-20.775,20.));
#3500=CARTESIAN_POINT('',(30.55,-20.775,20.));
#3501=CARTESIAN_POINT('',(30.55,-20.775,10.));
#3502=CARTESIAN_POINT('',(38.55,-20.775,20.));
#3503=CARTESIAN_POINT('',(40.55,-20.775,20.));
#3504=CARTESIAN_POINT('',(40.55,-20.775,18.));
#3505=CARTESIAN_POINT('Origin',(38.55,-20.775,18.));
#3506=CARTESIAN_POINT('',(40.55,-20.775,0.));
#3507=CARTESIAN_POINT('',(40.55,-20.775,20.));
#3508=CARTESIAN_POINT('',(30.55,-20.775,0.));
#3509=CARTESIAN_POINT('',(40.55,-20.775,0.));
#3510=CARTESIAN_POINT('',(30.55,-20.775,10.));
#3511=CARTESIAN_POINT('Origin',(30.55,-30.825,0.));
#3512=CARTESIAN_POINT('',(30.55,-12.9966977021686,16.0990553216968));
#3513=CARTESIAN_POINT('Origin',(30.55,-13.525,15.2499989736809));
#3514=CARTESIAN_POINT('',(30.55,-4.63956551401863,10.8990563480159));
#3515=CARTESIAN_POINT('',(30.55,-11.6336301886996,15.2509235090701));
#3516=CARTESIAN_POINT('',(30.55,-4.63956551401864,9.20094365198406));
#3517=CARTESIAN_POINT('Origin',(30.55,-5.16786781184999,10.05));
#3518=CARTESIAN_POINT('',(30.55,-12.9966977021686,4.00094467830316));
#3519=CARTESIAN_POINT('',(30.55,-20.3202084002079,-0.555911340744163));
#3520=CARTESIAN_POINT('Origin',(30.55,-13.525,4.85000102631907));
#3521=CARTESIAN_POINT('',(30.55,24.225,0.));
#3522=CARTESIAN_POINT('',(30.55,26.275,0.));
#3523=CARTESIAN_POINT('',(30.55,24.225,20.));
#3524=CARTESIAN_POINT('',(30.55,24.225,0.));
#3525=CARTESIAN_POINT('',(30.55,26.275,20.));
#3526=CARTESIAN_POINT('',(30.55,-1.73816808165921,8.65762043555927));
#3527=CARTESIAN_POINT('',(30.55,5.827443681068,3.84368921645446));
#3528=CARTESIAN_POINT('',(30.55,-6.34693115397693,11.5901352315987));
#3529=CARTESIAN_POINT('',(30.55,5.29061176506597,1.99999999999998));
#3530=CARTESIAN_POINT('Origin',(30.55,5.29061176506597,2.99999999999997));
#3531=CARTESIAN_POINT('',(30.55,-9.84061176506591,2.));
#3532=CARTESIAN_POINT('',(30.55,-20.332805882533,2.00000000000002));
#3533=CARTESIAN_POINT('',(30.55,-10.3774436810679,3.84368921645449));
#3534=CARTESIAN_POINT('Origin',(30.55,-9.84061176506591,3.));
#3535=CARTESIAN_POINT('',(30.55,-2.81183191834078,8.65762043555927));
#3536=CARTESIAN_POINT('',(30.55,-14.7424811172629,1.06625486670599));
#3537=CARTESIAN_POINT('Origin',(30.55,-2.275,7.81393121542918));
#3538=CARTESIAN_POINT('',(30.55,9.97500000000001,15.2499989736809));
#3539=CARTESIAN_POINT('',(30.55,9.975,4.85000102631907));
#3540=CARTESIAN_POINT('',(30.55,9.975,2.42500051315953));
#3541=CARTESIAN_POINT('',(30.55,8.44669770216866,4.00094467830317));
#3542=CARTESIAN_POINT('Origin',(30.55,8.97500000000001,4.85000102631907));
#3543=CARTESIAN_POINT('',(30.55,0.0895655140186589,9.20094365198409));
#3544=CARTESIAN_POINT('',(30.55,-8.98995796799659,14.8504310269639));
#3545=CARTESIAN_POINT('',(30.55,0.0895655140186599,10.8990563480159));
#3546=CARTESIAN_POINT('Origin',(30.55,0.617867811850011,10.05));
#3547=CARTESIAN_POINT('',(30.55,8.44669770216866,16.0990553216969));
#3548=CARTESIAN_POINT('',(30.55,-9.31940399135484,5.04458011504294));
#3549=CARTESIAN_POINT('Origin',(30.55,8.97500000000001,15.2499989736809));
#3550=CARTESIAN_POINT('',(30.55,5.827443681068,16.1563107835455));
#3551=CARTESIAN_POINT('',(30.55,-1.73816808399788,11.3423795629526));
#3552=CARTESIAN_POINT('',(30.55,-14.658930022305,3.12101409772066));
#3553=CARTESIAN_POINT('',(30.55,-2.81183191600193,11.3423795629526));
#3554=CARTESIAN_POINT('Origin',(30.55,-2.27499999999991,12.1860687794071));
#3555=CARTESIAN_POINT('',(30.55,-10.3774436810679,16.1563107835455));
#3556=CARTESIAN_POINT('',(30.55,-13.9960940128313,18.4588256824623));
#3557=CARTESIAN_POINT('',(30.55,-9.84061176506591,18.));
#3558=CARTESIAN_POINT('Origin',(30.55,-9.84061176506591,17.));
#3559=CARTESIAN_POINT('',(30.55,5.29061176506597,18.));
#3560=CARTESIAN_POINT('',(30.55,-12.767194117467,18.));
#3561=CARTESIAN_POINT('Origin',(30.55,5.29061176506597,17.));
#3562=CARTESIAN_POINT('Origin',(-30.55,-30.775,0.));
#3563=CARTESIAN_POINT('',(-40.55,-30.775,18.));
#3564=CARTESIAN_POINT('',(-38.55,-30.775,20.));
#3565=CARTESIAN_POINT('Origin',(-38.55,-30.775,18.));
#3566=CARTESIAN_POINT('',(-40.55,-30.775,0.));
#3567=CARTESIAN_POINT('',(-40.55,-30.775,10.));
#3568=CARTESIAN_POINT('',(-28.55,-30.775,0.));
#3569=CARTESIAN_POINT('',(-15.275,-30.775,0.));
#3570=CARTESIAN_POINT('',(-28.55,-30.775,20.));
#3571=CARTESIAN_POINT('',(-28.55,-30.775,0.));
#3572=CARTESIAN_POINT('',(-15.275,-30.775,20.));
#3573=CARTESIAN_POINT('Origin',(28.55,-30.775,0.));
#3574=CARTESIAN_POINT('',(38.55,-30.775,20.));
#3575=CARTESIAN_POINT('',(40.55,-30.775,18.));
#3576=CARTESIAN_POINT('Origin',(38.55,-30.775,18.));
#3577=CARTESIAN_POINT('',(28.55,-30.775,20.));
#3578=CARTESIAN_POINT('',(14.275,-30.775,20.));
#3579=CARTESIAN_POINT('',(28.55,-30.775,0.));
#3580=CARTESIAN_POINT('',(28.55,-30.775,0.));
#3581=CARTESIAN_POINT('',(40.55,-30.775,0.));
#3582=CARTESIAN_POINT('',(14.275,-30.775,0.));
#3583=CARTESIAN_POINT('',(40.55,-30.775,10.));
#3584=CARTESIAN_POINT('Origin',(-40.55,-30.825,20.));
#3585=CARTESIAN_POINT('',(-40.55,-28.325,18.));
#3586=CARTESIAN_POINT('',(-40.55,-30.825,0.));
#3587=CARTESIAN_POINT('Origin',(-38.55,-16.05,18.));
#3588=CARTESIAN_POINT('',(-38.55,-16.05,20.));
#3589=CARTESIAN_POINT('Origin',(0.,-1.275,0.));
#3590=CARTESIAN_POINT('',(-28.05,26.725,0.));
#3591=CARTESIAN_POINT('Origin',(-28.05,24.225,0.));
#3592=CARTESIAN_POINT('',(-22.5,26.725,0.));
#3593=CARTESIAN_POINT('',(15.275,26.725,0.));
#3594=CARTESIAN_POINT('',(-20.,29.225,0.));
#3595=CARTESIAN_POINT('Origin',(-22.5,29.225,0.));
#3596=CARTESIAN_POINT('',(-20.,31.275,0.));
#3597=CARTESIAN_POINT('',(-20.,13.5,0.));
#3598=CARTESIAN_POINT('',(-17.5,33.775,0.));
#3599=CARTESIAN_POINT('Origin',(-17.5,31.275,0.));
#3600=CARTESIAN_POINT('',(17.5,33.775,0.));
#3601=CARTESIAN_POINT('',(0.,33.775,0.));
#3602=CARTESIAN_POINT('',(20.,31.275,0.));
#3603=CARTESIAN_POINT('Origin',(17.5,31.275,0.));
#3604=CARTESIAN_POINT('',(20.,29.225,0.));
#3605=CARTESIAN_POINT('',(20.,13.5,0.));
#3606=CARTESIAN_POINT('',(22.5,26.725,0.));
#3607=CARTESIAN_POINT('Origin',(22.5,29.225,0.));
#3608=CARTESIAN_POINT('',(28.05,26.725,0.));
#3609=CARTESIAN_POINT('',(15.275,26.725,0.));
#3610=CARTESIAN_POINT('Origin',(28.05,24.225,0.));
#3611=CARTESIAN_POINT('',(40.55,-28.325,0.));
#3612=CARTESIAN_POINT('',(28.55,14.525,0.));
#3613=CARTESIAN_POINT('',(28.55,-30.825,0.));
#3614=CARTESIAN_POINT('',(26.05,17.025,0.));
#3615=CARTESIAN_POINT('Origin',(26.05,14.525,0.));
#3616=CARTESIAN_POINT('',(24.3,17.025,0.));
#3617=CARTESIAN_POINT('',(24.3,17.025,0.));
#3618=CARTESIAN_POINT('',(19.3,22.025,0.));
#3619=CARTESIAN_POINT('Origin',(24.3,22.025,0.));
#3620=CARTESIAN_POINT('',(19.3,23.775,0.));
#3621=CARTESIAN_POINT('',(19.3,23.775,0.));
#3622=CARTESIAN_POINT('',(16.8,26.275,0.));
#3623=CARTESIAN_POINT('Origin',(16.8,23.775,0.));
#3624=CARTESIAN_POINT('',(-16.8,26.275,0.));
#3625=CARTESIAN_POINT('',(-30.55,26.275,0.));
#3626=CARTESIAN_POINT('',(-19.3,23.775,0.));
#3627=CARTESIAN_POINT('Origin',(-16.8,23.775,0.));
#3628=CARTESIAN_POINT('',(-19.3,22.025,0.));
#3629=CARTESIAN_POINT('',(-19.3,23.775,0.));
#3630=CARTESIAN_POINT('',(-24.3,17.025,0.));
#3631=CARTESIAN_POINT('Origin',(-24.3,22.025,0.));
#3632=CARTESIAN_POINT('',(-26.05,17.025,0.));
#3633=CARTESIAN_POINT('',(-24.3,17.025,0.));
#3634=CARTESIAN_POINT('',(-28.55,14.525,0.));
#3635=CARTESIAN_POINT('Origin',(-26.05,14.525,0.));
#3636=CARTESIAN_POINT('',(-28.55,26.275,0.));
#3637=CARTESIAN_POINT('',(22.55,21.775,0.));
#3638=CARTESIAN_POINT('Origin',(24.05,21.775,0.));
#3639=CARTESIAN_POINT('',(-25.55,21.775,0.));
#3640=CARTESIAN_POINT('Origin',(-24.05,21.775,0.));
#3641=CARTESIAN_POINT('Origin',(28.55,26.275,0.));
#3642=CARTESIAN_POINT('',(28.55,14.525,20.));
#3643=CARTESIAN_POINT('',(28.55,-30.825,20.));
#3644=CARTESIAN_POINT('',(28.55,14.525,0.));
#3645=CARTESIAN_POINT('',(28.55,-1.73816808399788,11.3423795629526));
#3646=CARTESIAN_POINT('',(28.55,5.827443681068,16.1563107835455));
#3647=CARTESIAN_POINT('',(28.55,5.66328813029835,16.0518600721658));
#3648=CARTESIAN_POINT('',(28.55,5.29061176506597,18.));
#3649=CARTESIAN_POINT('Origin',(28.55,5.29061176506597,17.));
#3650=CARTESIAN_POINT('',(28.55,-9.84061176506591,18.));
#3651=CARTESIAN_POINT('',(28.55,15.782805882533,18.));
#3652=CARTESIAN_POINT('',(28.55,-10.3774436810679,16.1563107835455));
#3653=CARTESIAN_POINT('Origin',(28.55,-9.84061176506591,17.));
#3654=CARTESIAN_POINT('',(28.55,-2.81183191600193,11.3423795629526));
#3655=CARTESIAN_POINT('',(28.55,6.32612413977216,5.52797970801724));
#3656=CARTESIAN_POINT('Origin',(28.55,-2.27499999999991,12.1860687794071));
#3657=CARTESIAN_POINT('',(28.55,9.975,4.85000102631907));
#3658=CARTESIAN_POINT('',(28.55,9.97500000000001,15.2499989736809));
#3659=CARTESIAN_POINT('',(28.55,9.975,2.42500051315954));
#3660=CARTESIAN_POINT('',(28.55,8.44669770216866,16.0990553216969));
#3661=CARTESIAN_POINT('Origin',(28.55,8.97500000000001,15.2499989736809));
#3662=CARTESIAN_POINT('',(28.55,0.0895655140186599,10.8990563480159));
#3663=CARTESIAN_POINT('',(28.55,11.2621962827746,17.8509229959106));
#3664=CARTESIAN_POINT('',(28.55,0.0895655140186589,9.20094365198409));
#3665=CARTESIAN_POINT('Origin',(28.55,0.617867811850011,10.05));
#3666=CARTESIAN_POINT('',(28.55,8.44669770216866,4.00094467830317));
#3667=CARTESIAN_POINT('',(28.55,11.5916423061329,2.0440881460963));
#3668=CARTESIAN_POINT('Origin',(28.55,8.97500000000001,4.85000102631907));
#3669=CARTESIAN_POINT('',(28.55,-4.63956551401863,10.8990563480159));
#3670=CARTESIAN_POINT('',(28.55,-12.9966977021686,16.0990553216968));
#3671=CARTESIAN_POINT('',(28.55,8.94797008542983,2.44458062820244));
#3672=CARTESIAN_POINT('Origin',(28.55,-13.525,15.2499989736809));
#3673=CARTESIAN_POINT('',(28.55,-12.9966977021686,4.00094467830316));
#3674=CARTESIAN_POINT('Origin',(28.55,-13.525,4.85000102631907));
#3675=CARTESIAN_POINT('',(28.55,-4.63956551401864,9.20094365198406));
#3676=CARTESIAN_POINT('',(28.55,0.261391873921647,12.2504315401235));
#3677=CARTESIAN_POINT('Origin',(28.55,-5.16786781184999,10.05));
#3678=CARTESIAN_POINT('',(28.55,5.827443681068,3.84368921645446));
#3679=CARTESIAN_POINT('',(28.55,-1.73816808165921,8.65762043555927));
#3680=CARTESIAN_POINT('',(28.55,13.9752869986265,-1.34071074284642));
#3681=CARTESIAN_POINT('',(28.55,-2.81183191834078,8.65762043555927));
#3682=CARTESIAN_POINT('Origin',(28.55,-2.275,7.81393121542918));
#3683=CARTESIAN_POINT('',(28.55,-10.3774436810679,3.84368921645449));
#3684=CARTESIAN_POINT('',(28.55,5.57973703534055,13.9971008411511));
#3685=CARTESIAN_POINT('',(28.55,-9.84061176506591,2.));
#3686=CARTESIAN_POINT('Origin',(28.55,-9.84061176506591,3.));
#3687=CARTESIAN_POINT('',(28.55,5.29061176506597,1.99999999999998));
#3688=CARTESIAN_POINT('',(28.55,8.21719411746705,1.99999999999997));
#3689=CARTESIAN_POINT('Origin',(28.55,5.29061176506597,2.99999999999997));
#3690=CARTESIAN_POINT('Origin',(38.55,-14.8,18.));
#3691=CARTESIAN_POINT('',(40.55,-14.8,18.));
#3692=CARTESIAN_POINT('',(38.55,-28.325,20.));
#3693=CARTESIAN_POINT('Origin',(40.55,-28.325,20.));
#3694=CARTESIAN_POINT('Origin',(28.05,24.225,0.));
#3695=CARTESIAN_POINT('',(28.05,26.725,20.));
#3696=CARTESIAN_POINT('Origin',(28.05,24.225,20.));
#3697=CARTESIAN_POINT('',(28.05,26.725,0.));
#3698=CARTESIAN_POINT('Origin',(0.,-1.275,20.));
#3699=CARTESIAN_POINT('',(-28.55,14.525,20.));
#3700=CARTESIAN_POINT('',(-28.55,26.275,20.));
#3701=CARTESIAN_POINT('',(-26.05,17.025,20.));
#3702=CARTESIAN_POINT('Origin',(-26.05,14.525,20.));
#3703=CARTESIAN_POINT('',(-24.3,17.025,20.));
#3704=CARTESIAN_POINT('',(-24.3,17.025,20.));
#3705=CARTESIAN_POINT('',(-19.3,22.025,20.));
#3706=CARTESIAN_POINT('Origin',(-24.3,22.025,20.));
#3707=CARTESIAN_POINT('',(-19.3,23.775,20.));
#3708=CARTESIAN_POINT('',(-19.3,23.775,20.));
#3709=CARTESIAN_POINT('',(-16.8,26.275,20.));
#3710=CARTESIAN_POINT('Origin',(-16.8,23.775,20.));
#3711=CARTESIAN_POINT('',(16.8,26.275,20.));
#3712=CARTESIAN_POINT('',(-30.55,26.275,20.));
#3713=CARTESIAN_POINT('',(19.3,23.775,20.));
#3714=CARTESIAN_POINT('Origin',(16.8,23.775,20.));
#3715=CARTESIAN_POINT('',(19.3,22.025,20.));
#3716=CARTESIAN_POINT('',(19.3,23.775,20.));
#3717=CARTESIAN_POINT('',(24.3,17.025,20.));
#3718=CARTESIAN_POINT('Origin',(24.3,22.025,20.));
#3719=CARTESIAN_POINT('',(26.05,17.025,20.));
#3720=CARTESIAN_POINT('',(24.3,17.025,20.));
#3721=CARTESIAN_POINT('Origin',(26.05,14.525,20.));
#3722=CARTESIAN_POINT('',(22.5,26.725,20.));
#3723=CARTESIAN_POINT('',(15.275,26.725,20.));
#3724=CARTESIAN_POINT('',(20.,26.725,20.));
#3725=CARTESIAN_POINT('',(15.275,26.725,20.));
#3726=CARTESIAN_POINT('',(20.,28.275,20.));
#3727=CARTESIAN_POINT('',(20.,13.5,20.));
#3728=CARTESIAN_POINT('',(-20.,28.275,20.000000340598));
#3729=CARTESIAN_POINT('',(30.55,28.275,20.));
#3730=CARTESIAN_POINT('',(-20.,29.225,20.000000340598));
#3731=CARTESIAN_POINT('',(-20.,28.275,20.000000340598));
#3732=CARTESIAN_POINT('',(-22.5,26.725,20.));
#3733=CARTESIAN_POINT('Origin',(-22.5,29.225,20.));
#3734=CARTESIAN_POINT('',(-28.05,26.725,20.));
#3735=CARTESIAN_POINT('',(15.275,26.725,20.));
#3736=CARTESIAN_POINT('Origin',(-28.05,24.225,20.));
#3737=CARTESIAN_POINT('',(-25.55,21.775,20.));
#3738=CARTESIAN_POINT('Origin',(-24.05,21.775,20.));
#3739=CARTESIAN_POINT('',(22.55,21.775,20.));
#3740=CARTESIAN_POINT('Origin',(24.05,21.775,20.));
#3741=CARTESIAN_POINT('Origin',(30.55,26.725,0.));
#3742=CARTESIAN_POINT('',(22.5,26.725,10.));
#3743=CARTESIAN_POINT('Origin',(22.5,29.225,10.));
#3744=CARTESIAN_POINT('',(20.,29.225,20.));
#3745=CARTESIAN_POINT('Origin',(22.5,29.225,19.9999999787126));
#3746=CARTESIAN_POINT('',(20.,29.225,10.));
#3747=CARTESIAN_POINT('Origin',(17.5,31.275,15.0000000851495));
#3748=CARTESIAN_POINT('',(17.5,33.775,20.0000000212874));
#3749=CARTESIAN_POINT('',(20.,31.275,20.));
#3750=CARTESIAN_POINT('Origin',(17.5,31.275,20.0000000212874));
#3751=CARTESIAN_POINT('',(20.,31.275,15.0000000851495));
#3752=CARTESIAN_POINT('',(17.5,33.775,15.0000000851495));
#3753=CARTESIAN_POINT('Origin',(0.,33.775,10.000000170299));
#3754=CARTESIAN_POINT('',(-17.5,33.775,20.0000003193106));
#3755=CARTESIAN_POINT('',(-17.5,33.775,5.00000008514949));
#3756=CARTESIAN_POINT('',(-9.99999995742525,33.775,20.0000002554485));
#3757=CARTESIAN_POINT('',(9.03916982340096,33.775,3.00000004470348));
#3758=CARTESIAN_POINT('',(-9.03916982340096,33.775,3.00000004470348));
#3759=CARTESIAN_POINT('',(-4.51958491170048,33.775,3.00000004470348));
#3760=CARTESIAN_POINT('',(9.27859588874125,33.775,3.93894783116068));
#3761=CARTESIAN_POINT('Origin',(9.03916982340096,33.775,3.50000004470348));
#3762=CARTESIAN_POINT('',(0.239426065340286,33.775,8.86940409847029));
#3763=CARTESIAN_POINT('',(4.42910685396157,33.775,6.58412366831323));
#3764=CARTESIAN_POINT('',(-0.239426065340287,33.775,8.86940409847029));
#3765=CARTESIAN_POINT('Origin',(-4.16333634234434E-16,33.775,8.43045631201311));
#3766=CARTESIAN_POINT('',(-9.27859588874125,33.775,3.93894783116068));
#3767=CARTESIAN_POINT('',(0.0904780577389114,33.775,9.04935180196804));
#3768=CARTESIAN_POINT('Origin',(-9.03916982340096,33.775,3.50000004470349));
#3769=CARTESIAN_POINT('',(-11.2605741134736,33.775,15.5966769300511));
#3770=CARTESIAN_POINT('',(-1.77423659742368,33.775,10.4223110122057));
#3771=CARTESIAN_POINT('',(-1.00176798642333,33.775,10.0009644971146));
#3772=CARTESIAN_POINT('',(-12.0000001788139,33.775,15.157729143594));
#3773=CARTESIAN_POINT('Origin',(-11.5000001788139,33.775,15.157729143594));
#3774=CARTESIAN_POINT('',(-12.0000001788139,33.775,4.83986678290266));
#3775=CARTESIAN_POINT('',(-12.0000001788139,33.775,12.5788646569465));
#3776=CARTESIAN_POINT('',(-11.2616772258151,33.775,4.40031909484831));
#3777=CARTESIAN_POINT('Origin',(-11.5000001788139,33.775,4.83986678290266));
#3778=CARTESIAN_POINT('',(-1.77533970976514,33.775,9.54381553769418));
#3779=CARTESIAN_POINT('',(-5.73693489224358,33.775,7.39583685839901));
#3780=CARTESIAN_POINT('Origin',(-2.01366266276397,33.775,9.98336322574852));
#3781=CARTESIAN_POINT('',(11.2605741134736,33.775,4.40332336797207));
#3782=CARTESIAN_POINT('',(1.80473762340602,33.775,9.56105236255442));
#3783=CARTESIAN_POINT('',(1.01701849046567,33.775,9.99071734415825));
#3784=CARTESIAN_POINT('',(12.0000001788139,33.775,4.84227115442927));
#3785=CARTESIAN_POINT('Origin',(11.5000001788139,33.775,4.84227115442927));
#3786=CARTESIAN_POINT('',(12.0000001788139,33.775,15.157729143594));
#3787=CARTESIAN_POINT('',(12.0000001788139,33.775,7.42113566236413));
#3788=CARTESIAN_POINT('',(11.2605741134736,33.775,15.5966769300511));
#3789=CARTESIAN_POINT('Origin',(11.5000001788139,33.775,15.157729143594));
#3790=CARTESIAN_POINT('',(1.80473762340601,33.775,10.4389479354688));
#3791=CARTESIAN_POINT('',(5.74493674444831,33.775,12.5881474560373));
#3792=CARTESIAN_POINT('Origin',(2.0441636887463,33.775,10.0000001490116));
#3793=CARTESIAN_POINT('',(9.27859588874126,33.775,16.0610524668625));
#3794=CARTESIAN_POINT('',(0.239426065340287,33.775,11.1305961995529));
#3795=CARTESIAN_POINT('',(-0.0904780487900792,33.775,10.9506485009364));
#3796=CARTESIAN_POINT('',(9.03916982340097,33.775,17.0000002533197));
#3797=CARTESIAN_POINT('Origin',(9.03916982340097,33.775,16.5000002533197));
#3798=CARTESIAN_POINT('',(-9.03916982340096,33.775,17.0000002533197));
#3799=CARTESIAN_POINT('',(4.51958491170048,33.775,17.0000002533197));
#3800=CARTESIAN_POINT('',(-9.27859588874125,33.775,16.0610524668625));
#3801=CARTESIAN_POINT('Origin',(-9.03916982340096,33.775,16.5000002533197));
#3802=CARTESIAN_POINT('',(-0.239426065340287,33.775,11.1305961995529));
#3803=CARTESIAN_POINT('',(-4.4291068629104,33.775,13.4158766345912));
#3804=CARTESIAN_POINT('Origin',(-1.82145964977565E-15,33.775,11.5695439860101));
#3805=CARTESIAN_POINT('Origin',(-28.05,24.225,0.));
#3806=CARTESIAN_POINT('',(-28.05,26.725,0.));
#3807=CARTESIAN_POINT('Origin',(-17.5,31.275,5.00000008514949));
#3808=CARTESIAN_POINT('',(-20.,31.275,20.000000340598));
#3809=CARTESIAN_POINT('',(-20.,31.275,5.00000008514949));
#3810=CARTESIAN_POINT('Origin',(-17.5,31.275,20.0000003193106));
#3811=CARTESIAN_POINT('Origin',(-22.5,29.225,0.));
#3812=CARTESIAN_POINT('',(-20.,29.225,0.));
#3813=CARTESIAN_POINT('',(-22.5,26.725,0.));
#3814=CARTESIAN_POINT('Origin',(30.55,26.725,0.));
#3815=CARTESIAN_POINT('Origin',(9.03916982340097,38.275,17.0000002533197));
#3816=CARTESIAN_POINT('',(9.03916982340097,26.275,17.0000002533197));
#3817=CARTESIAN_POINT('',(9.03916982340097,38.275,17.0000002533197));
#3818=CARTESIAN_POINT('',(-9.03916982340096,26.275,17.0000002533197));
#3819=CARTESIAN_POINT('',(-9.75541508829952,26.275,17.0000002533197));
#3820=CARTESIAN_POINT('',(-9.03916982340096,38.275,17.0000002533197));
#3821=CARTESIAN_POINT('Origin',(9.03916982340097,38.275,16.5000002533197));
#3822=CARTESIAN_POINT('',(9.27859588874126,26.275,16.0610524668625));
#3823=CARTESIAN_POINT('',(9.27859588874126,38.275,16.0610524668625));
#3824=CARTESIAN_POINT('Origin',(9.03916982340097,26.275,16.5000002533197));
#3825=CARTESIAN_POINT('Origin',(0.239426065340287,38.275,11.1305961995529));
#3826=CARTESIAN_POINT('',(0.239426065340287,26.275,11.1305961995529));
#3827=CARTESIAN_POINT('',(0.239426065340287,38.275,11.1305961995529));
#3828=CARTESIAN_POINT('',(-13.1941405049676,26.275,3.80319625211228));
#3829=CARTESIAN_POINT('Origin',(12.0000001788139,38.275,4.84227115442927));
#3830=CARTESIAN_POINT('',(12.0000001788139,26.275,4.84227115442927));
#3831=CARTESIAN_POINT('',(12.0000001788139,38.275,4.84227115442927));
#3832=CARTESIAN_POINT('',(12.0000001788139,26.275,15.157729143594));
#3833=CARTESIAN_POINT('',(12.0000001788139,26.275,2.42113557721463));
#3834=CARTESIAN_POINT('',(12.0000001788139,38.275,15.157729143594));
#3835=CARTESIAN_POINT('Origin',(11.5000001788139,38.275,4.84227115442927));
#3836=CARTESIAN_POINT('',(11.2605741134736,26.275,4.40332336797207));
#3837=CARTESIAN_POINT('',(11.2605741134736,38.275,4.40332336797207));
#3838=CARTESIAN_POINT('Origin',(11.5000001788139,26.275,4.84227115442927));
#3839=CARTESIAN_POINT('Origin',(1.80473762340601,38.275,9.56105236255442));
#3840=CARTESIAN_POINT('',(1.80473762340601,26.275,9.56105236255442));
#3841=CARTESIAN_POINT('',(1.80473762340601,38.275,9.56105236255442));
#3842=CARTESIAN_POINT('',(-7.88282223807022,26.275,14.8451759233596));
#3843=CARTESIAN_POINT('Origin',(-12.0000001788139,38.275,15.157729143594));
#3844=CARTESIAN_POINT('',(-12.0000001788139,26.275,15.157729143594));
#3845=CARTESIAN_POINT('',(-12.0000001788139,38.275,15.157729143594));
#3846=CARTESIAN_POINT('',(-12.0000001788139,26.275,4.83986678290266));
#3847=CARTESIAN_POINT('',(-12.0000001788139,26.275,7.57886457179698));
#3848=CARTESIAN_POINT('',(-12.0000001788139,38.275,4.83986678290266));
#3849=CARTESIAN_POINT('Origin',(-11.5000001788139,38.275,15.157729143594));
#3850=CARTESIAN_POINT('',(-11.2605741134736,26.275,15.5966769300511));
#3851=CARTESIAN_POINT('',(-11.2605741134736,38.275,15.5966769300511));
#3852=CARTESIAN_POINT('Origin',(-11.5000001788139,26.275,15.157729143594));
#3853=CARTESIAN_POINT('Origin',(-1.77423659742368,38.275,10.4223110122057));
#3854=CARTESIAN_POINT('',(-1.77423659742368,26.275,10.4223110122057));
#3855=CARTESIAN_POINT('',(-1.77423659742368,38.275,10.4223110122057));
#3856=CARTESIAN_POINT('',(-9.90160871495922,26.275,14.855423076316));
#3857=CARTESIAN_POINT('Origin',(9.27859588874125,38.275,3.93894783116068));
#3858=CARTESIAN_POINT('',(9.27859588874125,26.275,3.93894783116068));
#3859=CARTESIAN_POINT('',(9.27859588874125,38.275,3.93894783116068));
#3860=CARTESIAN_POINT('',(0.239426065340286,26.275,8.86940409847029));
#3861=CARTESIAN_POINT('',(-4.47073387457431,26.275,11.4385822475146));
#3862=CARTESIAN_POINT('',(0.239426065340286,38.275,8.86940409847029));
#3863=CARTESIAN_POINT('Origin',(9.03916982340096,38.275,3.50000004470348));
#3864=CARTESIAN_POINT('',(9.03916982340096,26.275,3.00000004470348));
#3865=CARTESIAN_POINT('',(9.03916982340096,38.275,3.00000004470348));
#3866=CARTESIAN_POINT('Origin',(9.03916982340096,26.275,3.50000004470348));
#3867=CARTESIAN_POINT('Origin',(-9.03916982340096,38.275,3.00000004470348));
#3868=CARTESIAN_POINT('',(-9.03916982340096,26.275,3.00000004470348));
#3869=CARTESIAN_POINT('',(-9.03916982340096,38.275,3.00000004470348));
#3870=CARTESIAN_POINT('',(-18.7945849117005,26.275,3.00000004470348));
#3871=CARTESIAN_POINT('Origin',(20.,28.275,20.));
#3872=CARTESIAN_POINT('',(20.,28.275,20.));
#3873=CARTESIAN_POINT('Origin',(-30.55,-9.84061176506591,3.));
#3874=CARTESIAN_POINT('',(-28.55,-9.84061176506591,2.));
#3875=CARTESIAN_POINT('',(-28.55,-10.3774436810679,3.84368921645449));
#3876=CARTESIAN_POINT('Origin',(-28.55,-9.84061176506591,3.));
#3877=CARTESIAN_POINT('',(-30.55,-9.84061176506591,2.));
#3878=CARTESIAN_POINT('',(-30.55,-10.3774436810679,3.84368921645449));
#3879=CARTESIAN_POINT('Origin',(-30.55,-9.84061176506591,3.));
#3880=CARTESIAN_POINT('',(-30.55,-10.3774436810679,3.84368921645449));
#3881=CARTESIAN_POINT('',(-30.55,-9.84061176506591,2.));
#3882=CARTESIAN_POINT('Origin',(-30.55,-9.84061176506591,2.));
#3883=CARTESIAN_POINT('',(-28.55,5.29061176506597,1.99999999999998));
#3884=CARTESIAN_POINT('',(-28.55,-20.332805882533,2.00000000000002));
#3885=CARTESIAN_POINT('',(-30.55,5.29061176506597,1.99999999999998));
#3886=CARTESIAN_POINT('Origin',(-30.55,-9.84061176506591,2.));
#3887=CARTESIAN_POINT('',(-30.55,5.29061176506597,1.99999999999998));
#3888=CARTESIAN_POINT('Origin',(-30.55,-2.81183191834078,8.65762043555927));
#3889=CARTESIAN_POINT('',(-28.55,-2.81183191834078,8.65762043555927));
#3890=CARTESIAN_POINT('',(-28.55,-14.7424811172629,1.06625486670599));
#3891=CARTESIAN_POINT('',(-30.55,-2.81183191834078,8.65762043555927));
#3892=CARTESIAN_POINT('Origin',(-30.55,5.29061176506597,2.99999999999997));
#3893=CARTESIAN_POINT('',(-28.55,5.827443681068,3.84368921645446));
#3894=CARTESIAN_POINT('Origin',(-28.55,5.29061176506597,2.99999999999997));
#3895=CARTESIAN_POINT('',(-30.55,5.827443681068,3.84368921645446));
#3896=CARTESIAN_POINT('Origin',(-30.55,5.29061176506597,2.99999999999997));
#3897=CARTESIAN_POINT('',(-30.55,5.827443681068,3.84368921645446));
#3898=CARTESIAN_POINT('Origin',(-30.55,-2.275,7.81393121542918));
#3899=CARTESIAN_POINT('',(-28.55,-1.73816808165921,8.65762043555927));
#3900=CARTESIAN_POINT('Origin',(-28.55,-2.275,7.81393121542918));
#3901=CARTESIAN_POINT('',(-30.55,-1.73816808165921,8.65762043555927));
#3902=CARTESIAN_POINT('Origin',(-30.55,5.827443681068,3.84368921645446));
#3903=CARTESIAN_POINT('',(-28.55,-6.34693115397693,11.5901352315987));
#3904=CARTESIAN_POINT('Origin',(-30.55,5.827443681068,3.84368921645446));
#3905=CARTESIAN_POINT('',(-30.55,-1.73816808165921,8.65762043555927));
#3906=CARTESIAN_POINT('Origin',(-30.55,-2.81183191834078,8.65762043555927));
#3907=CARTESIAN_POINT('',(-30.55,-2.81183191834078,8.65762043555927));
#3908=CARTESIAN_POINT('Origin',(-30.55,-2.275,7.81393121542918));
#3909=CARTESIAN_POINT('Origin',(-30.55,-13.525,4.85000102631907));
#3910=CARTESIAN_POINT('',(-28.55,-12.9966977021686,4.00094467830316));
#3911=CARTESIAN_POINT('Origin',(-28.55,-13.525,4.85000102631907));
#3912=CARTESIAN_POINT('',(-30.55,-12.9966977021686,4.00094467830316));
#3913=CARTESIAN_POINT('Origin',(-30.55,-13.525,4.85000102631907));
#3914=CARTESIAN_POINT('',(-30.55,-12.9966977021686,4.00094467830316));
#3915=CARTESIAN_POINT('Origin',(-30.55,-12.9966977021686,4.00094467830316));
#3916=CARTESIAN_POINT('',(-28.55,-4.63956551401864,9.20094365198406));
#3917=CARTESIAN_POINT('',(-28.55,-20.3202084002079,-0.555911340744163));
#3918=CARTESIAN_POINT('',(-30.55,-4.63956551401864,9.20094365198406));
#3919=CARTESIAN_POINT('Origin',(-30.55,-12.9966977021686,4.00094467830316));
#3920=CARTESIAN_POINT('',(-30.55,-4.63956551401864,9.20094365198406));
#3921=CARTESIAN_POINT('Origin',(-30.55,-5.16786781184999,10.05));
#3922=CARTESIAN_POINT('',(-28.55,-4.63956551401863,10.8990563480159));
#3923=CARTESIAN_POINT('Origin',(-28.55,-5.16786781184999,10.05));
#3924=CARTESIAN_POINT('',(-30.55,-4.63956551401863,10.8990563480159));
#3925=CARTESIAN_POINT('Origin',(-30.55,-5.16786781184999,10.05));
#3926=CARTESIAN_POINT('',(-30.55,-4.63956551401863,10.8990563480159));
#3927=CARTESIAN_POINT('Origin',(-30.55,-13.525,15.2499989736809));
#3928=CARTESIAN_POINT('',(-28.55,-12.9966977021686,16.0990553216968));
#3929=CARTESIAN_POINT('Origin',(-28.55,-13.525,15.2499989736809));
#3930=CARTESIAN_POINT('',(-30.55,-12.9966977021686,16.0990553216968));
#3931=CARTESIAN_POINT('Origin',(-30.55,-4.63956551401863,10.8990563480159));
#3932=CARTESIAN_POINT('',(-28.55,-11.6336301886996,15.2509235090701));
#3933=CARTESIAN_POINT('Origin',(-30.55,-4.63956551401863,10.8990563480159));
#3934=CARTESIAN_POINT('',(-30.55,-12.9966977021686,16.0990553216968));
#3935=CARTESIAN_POINT('Origin',(-30.55,-13.525,15.2499989736809));
#3936=CARTESIAN_POINT('Origin',(-30.55,0.617867811850011,10.05));
#3937=CARTESIAN_POINT('',(-28.55,0.0895655140186589,9.20094365198409));
#3938=CARTESIAN_POINT('',(-28.55,0.0895655140186599,10.8990563480159));
#3939=CARTESIAN_POINT('Origin',(-28.55,0.617867811850011,10.05));
#3940=CARTESIAN_POINT('',(-30.55,0.0895655140186589,9.20094365198409));
#3941=CARTESIAN_POINT('',(-30.55,0.0895655140186599,10.8990563480159));
#3942=CARTESIAN_POINT('Origin',(-30.55,0.617867811850011,10.05));
#3943=CARTESIAN_POINT('',(-30.55,0.0895655140186599,10.8990563480159));
#3944=CARTESIAN_POINT('',(-30.55,0.0895655140186589,9.20094365198409));
#3945=CARTESIAN_POINT('Origin',(-30.55,0.0895655140186589,9.20094365198409));
#3946=CARTESIAN_POINT('',(-28.55,8.44669770216866,4.00094467830317));
#3947=CARTESIAN_POINT('',(-28.55,-8.98995796799659,14.8504310269639));
#3948=CARTESIAN_POINT('',(-30.55,8.44669770216866,4.00094467830317));
#3949=CARTESIAN_POINT('Origin',(-30.55,0.0895655140186589,9.20094365198409));
#3950=CARTESIAN_POINT('',(-30.55,8.44669770216866,4.00094467830317));
#3951=CARTESIAN_POINT('Origin',(-30.55,8.44669770216866,16.0990553216969));
#3952=CARTESIAN_POINT('',(-28.55,8.44669770216866,16.0990553216969));
#3953=CARTESIAN_POINT('',(-28.55,-9.31940399135484,5.04458011504294));
#3954=CARTESIAN_POINT('',(-30.55,8.44669770216866,16.0990553216969));
#3955=CARTESIAN_POINT('Origin',(-30.55,8.97500000000001,4.85000102631907));
#3956=CARTESIAN_POINT('',(-28.55,9.975,4.85000102631907));
#3957=CARTESIAN_POINT('Origin',(-28.55,8.97500000000001,4.85000102631907));
#3958=CARTESIAN_POINT('',(-30.55,9.975,4.85000102631907));
#3959=CARTESIAN_POINT('Origin',(-30.55,8.97500000000001,4.85000102631907));
#3960=CARTESIAN_POINT('',(-30.55,9.975,4.85000102631907));
#3961=CARTESIAN_POINT('Origin',(-30.55,8.97500000000001,15.2499989736809));
#3962=CARTESIAN_POINT('',(-28.55,9.97500000000001,15.2499989736809));
#3963=CARTESIAN_POINT('Origin',(-28.55,8.97500000000001,15.2499989736809));
#3964=CARTESIAN_POINT('',(-30.55,9.97500000000001,15.2499989736809));
#3965=CARTESIAN_POINT('Origin',(-30.55,9.975,4.85000102631907));
#3966=CARTESIAN_POINT('',(-28.55,9.975,2.42500051315953));
#3967=CARTESIAN_POINT('Origin',(-30.55,9.975,4.85000102631907));
#3968=CARTESIAN_POINT('',(-30.55,9.97500000000001,15.2499989736809));
#3969=CARTESIAN_POINT('Origin',(-30.55,8.44669770216866,16.0990553216969));
#3970=CARTESIAN_POINT('',(-30.55,8.44669770216866,16.0990553216969));
#3971=CARTESIAN_POINT('Origin',(-30.55,8.97500000000001,15.2499989736809));
#3972=CARTESIAN_POINT('Origin',(-30.55,-9.84061176506591,17.));
#3973=CARTESIAN_POINT('',(-28.55,-10.3774436810679,16.1563107835455));
#3974=CARTESIAN_POINT('',(-28.55,-9.84061176506591,18.));
#3975=CARTESIAN_POINT('Origin',(-28.55,-9.84061176506591,17.));
#3976=CARTESIAN_POINT('',(-30.55,-10.3774436810679,16.1563107835455));
#3977=CARTESIAN_POINT('',(-30.55,-9.84061176506591,18.));
#3978=CARTESIAN_POINT('Origin',(-30.55,-9.84061176506591,17.));
#3979=CARTESIAN_POINT('',(-30.55,-9.84061176506591,18.));
#3980=CARTESIAN_POINT('',(-30.55,-10.3774436810679,16.1563107835455));
#3981=CARTESIAN_POINT('Origin',(-30.55,-10.3774436810679,16.1563107835455));
#3982=CARTESIAN_POINT('',(-28.55,-2.81183191600193,11.3423795629526));
#3983=CARTESIAN_POINT('',(-28.55,-13.9960940128313,18.4588256824623));
#3984=CARTESIAN_POINT('',(-30.55,-2.81183191600193,11.3423795629526));
#3985=CARTESIAN_POINT('Origin',(-30.55,-10.3774436810679,16.1563107835455));
#3986=CARTESIAN_POINT('',(-30.55,-2.81183191600193,11.3423795629526));
#3987=CARTESIAN_POINT('Origin',(-30.55,5.29061176506597,18.));
#3988=CARTESIAN_POINT('',(-28.55,5.29061176506597,18.));
#3989=CARTESIAN_POINT('',(-28.55,-12.767194117467,18.));
#3990=CARTESIAN_POINT('',(-30.55,5.29061176506597,18.));
#3991=CARTESIAN_POINT('Origin',(-30.55,-2.27499999999991,12.1860687794071));
#3992=CARTESIAN_POINT('',(-28.55,-1.73816808399788,11.3423795629526));
#3993=CARTESIAN_POINT('Origin',(-28.55,-2.27499999999991,12.1860687794071));
#3994=CARTESIAN_POINT('',(-30.55,-1.73816808399788,11.3423795629526));
#3995=CARTESIAN_POINT('Origin',(-30.55,-2.27499999999991,12.1860687794071));
#3996=CARTESIAN_POINT('',(-30.55,-1.73816808399788,11.3423795629526));
#3997=CARTESIAN_POINT('Origin',(-30.55,5.29061176506597,17.));
#3998=CARTESIAN_POINT('',(-28.55,5.827443681068,16.1563107835455));
#3999=CARTESIAN_POINT('Origin',(-28.55,5.29061176506597,17.));
#4000=CARTESIAN_POINT('',(-30.55,5.827443681068,16.1563107835455));
#4001=CARTESIAN_POINT('Origin',(-30.55,-1.73816808399788,11.3423795629526));
#4002=CARTESIAN_POINT('',(-28.55,-14.658930022305,3.12101409772066));
#4003=CARTESIAN_POINT('Origin',(-30.55,-1.73816808399788,11.3423795629526));
#4004=CARTESIAN_POINT('',(-30.55,5.827443681068,16.1563107835455));
#4005=CARTESIAN_POINT('Origin',(-30.55,5.29061176506597,18.));
#4006=CARTESIAN_POINT('',(-30.55,5.29061176506597,18.));
#4007=CARTESIAN_POINT('Origin',(-30.55,5.29061176506597,17.));
#4008=CARTESIAN_POINT('Origin',(-4.16333634234434E-16,38.275,8.43045631201311));
#4009=CARTESIAN_POINT('',(-0.239426065340287,26.275,8.86940409847029));
#4010=CARTESIAN_POINT('Origin',(-4.16333634234434E-16,26.275,8.43045631201311));
#4011=CARTESIAN_POINT('',(-0.239426065340287,38.275,8.86940409847029));
#4012=CARTESIAN_POINT('Origin',(-9.03916982340096,38.275,3.50000004470349));
#4013=CARTESIAN_POINT('',(-9.27859588874125,26.275,3.93894783116068));
#4014=CARTESIAN_POINT('',(-9.27859588874125,38.275,3.93894783116068));
#4015=CARTESIAN_POINT('Origin',(-9.03916982340096,26.275,3.50000004470349));
#4016=CARTESIAN_POINT('Origin',(-0.239426065340287,38.275,8.86940409847029));
#4017=CARTESIAN_POINT('',(-13.0131843984386,26.275,1.90189955314395));
#4018=CARTESIAN_POINT('Origin',(-11.5000001788139,38.275,4.83986678290266));
#4019=CARTESIAN_POINT('',(-11.2616772258151,26.275,4.40031909484831));
#4020=CARTESIAN_POINT('Origin',(-11.5000001788139,26.275,4.83986678290266));
#4021=CARTESIAN_POINT('',(-11.2616772258151,38.275,4.40031909484831));
#4022=CARTESIAN_POINT('Origin',(-2.01366266276397,38.275,9.98336322574852));
#4023=CARTESIAN_POINT('',(-1.77533970976514,26.275,9.54381553769419));
#4024=CARTESIAN_POINT('',(-1.77533970976514,38.275,9.54381553769419));
#4025=CARTESIAN_POINT('Origin',(-2.01366266276397,26.275,9.98336322574852));
#4026=CARTESIAN_POINT('Origin',(-11.2616772258151,38.275,4.40031909484831));
#4027=CARTESIAN_POINT('',(-18.8638648991617,26.275,0.278409539179587));
#4028=CARTESIAN_POINT('Origin',(11.5000001788139,38.275,15.157729143594));
#4029=CARTESIAN_POINT('',(11.2605741134736,26.275,15.5966769300511));
#4030=CARTESIAN_POINT('Origin',(11.5000001788139,26.275,15.157729143594));
#4031=CARTESIAN_POINT('',(11.2605741134736,38.275,15.5966769300511));
#4032=CARTESIAN_POINT('Origin',(2.0441636887463,38.275,10.0000001490116));
#4033=CARTESIAN_POINT('',(1.80473762340601,26.275,10.4389479354688));
#4034=CARTESIAN_POINT('',(1.80473762340601,38.275,10.4389479354688));
#4035=CARTESIAN_POINT('Origin',(2.0441636887463,26.275,10.0000001490116));
#4036=CARTESIAN_POINT('Origin',(11.2605741134736,38.275,15.5966769300511));
#4037=CARTESIAN_POINT('',(-7.35872571172918,26.275,5.44069520721324));
#4038=CARTESIAN_POINT('Origin',(-9.03916982340096,38.275,16.5000002533197));
#4039=CARTESIAN_POINT('',(-9.27859588874125,26.275,16.0610524668625));
#4040=CARTESIAN_POINT('Origin',(-9.03916982340096,26.275,16.5000002533197));
#4041=CARTESIAN_POINT('',(-9.27859588874125,38.275,16.0610524668625));
#4042=CARTESIAN_POINT('Origin',(-1.82145964977565E-15,38.275,11.5695439860101));
#4043=CARTESIAN_POINT('',(-0.239426065340287,26.275,11.1305961995529));
#4044=CARTESIAN_POINT('',(-0.239426065340287,38.275,11.1305961995529));
#4045=CARTESIAN_POINT('Origin',(-1.82145964977565E-15,26.275,11.5695439860101));
#4046=CARTESIAN_POINT('Origin',(-9.27859588874125,38.275,16.0610524668625));
#4047=CARTESIAN_POINT('',(-13.3289475914463,26.275,18.2703352137926));
#4048=CARTESIAN_POINT('Origin',(-24.05,21.775,9.));
#4049=CARTESIAN_POINT('',(-25.55,21.775,9.));
#4050=CARTESIAN_POINT('Origin',(24.05,21.775,9.));
#4051=CARTESIAN_POINT('',(22.55,21.775,9.));
#4052=CARTESIAN_POINT('Origin',(-26.05,17.025,0.));
#4053=CARTESIAN_POINT('',(-24.3,17.025,0.));
#4054=CARTESIAN_POINT('',(-26.05,17.025,0.));
#4055=CARTESIAN_POINT('Origin',(-26.05,14.525,0.));
#4056=CARTESIAN_POINT('',(-28.55,14.525,0.));
#4057=CARTESIAN_POINT('Origin',(-16.8,23.775,0.));
#4058=CARTESIAN_POINT('',(-16.8,26.275,0.));
#4059=CARTESIAN_POINT('',(-19.3,23.775,0.));
#4060=CARTESIAN_POINT('Origin',(-19.3,22.025,0.));
#4061=CARTESIAN_POINT('',(-19.3,22.025,0.));
#4062=CARTESIAN_POINT('Origin',(-24.3,22.025,0.));
#4063=CARTESIAN_POINT('Origin',(19.3,23.775,0.));
#4064=CARTESIAN_POINT('',(19.3,22.025,0.));
#4065=CARTESIAN_POINT('',(19.3,23.775,0.));
#4066=CARTESIAN_POINT('Origin',(16.8,23.775,0.));
#4067=CARTESIAN_POINT('',(16.8,26.275,0.));
#4068=CARTESIAN_POINT('Origin',(26.05,14.525,0.));
#4069=CARTESIAN_POINT('',(26.05,17.025,0.));
#4070=CARTESIAN_POINT('Origin',(24.3,17.025,0.));
#4071=CARTESIAN_POINT('',(24.3,17.025,0.));
#4072=CARTESIAN_POINT('Origin',(24.3,22.025,0.));
#4073=CARTESIAN_POINT('Origin',(-20.,28.275,20.000000340598));
#4074=CARTESIAN_POINT('',(-20.,28.275,20.000000340598));
#4075=CARTESIAN_POINT('Origin',(-20.,28.275,0.));
#4076=CARTESIAN_POINT('Origin',(-28.55,26.275,0.));
#4077=CARTESIAN_POINT('Origin',(-28.55,-30.825,0.));
#4078=UNCERTAINTY_MEASURE_WITH_UNIT(LENGTH_MEASURE(0.01),#4082,
'DISTANCE_ACCURACY_VALUE',
'Maximum model space distance between geometric entities at asserted c
onnectivities');
#4079=UNCERTAINTY_MEASURE_WITH_UNIT(LENGTH_MEASURE(0.01),#4082,
'DISTANCE_ACCURACY_VALUE',
'Maximum model space distance between geometric entities at asserted c
onnectivities');
#4080=(
GEOMETRIC_REPRESENTATION_CONTEXT(3)
GLOBAL_UNCERTAINTY_ASSIGNED_CONTEXT((#4078))
GLOBAL_UNIT_ASSIGNED_CONTEXT((#4082,#4084,#4085))
REPRESENTATION_CONTEXT('','3D')
);
#4081=(
GEOMETRIC_REPRESENTATION_CONTEXT(3)
GLOBAL_UNCERTAINTY_ASSIGNED_CONTEXT((#4079))
GLOBAL_UNIT_ASSIGNED_CONTEXT((#4082,#4084,#4085))
REPRESENTATION_CONTEXT('','3D')
);
#4082=(
LENGTH_UNIT()
NAMED_UNIT(*)
SI_UNIT(.MILLI.,.METRE.)
);
#4083=(
LENGTH_UNIT()
NAMED_UNIT(*)
SI_UNIT($,.METRE.)
);
#4084=(
NAMED_UNIT(*)
PLANE_ANGLE_UNIT()
SI_UNIT($,.RADIAN.)
);
#4085=(
NAMED_UNIT(*)
SI_UNIT($,.STERADIAN.)
SOLID_ANGLE_UNIT()
);
#4086=SHAPE_DEFINITION_REPRESENTATION(#4087,#4088);
#4087=PRODUCT_DEFINITION_SHAPE('',$,#4090);
#4088=SHAPE_REPRESENTATION('',(#2435),#4080);
#4089=PRODUCT_DEFINITION_CONTEXT('part definition',#4094,'design');
#4090=PRODUCT_DEFINITION('TM Front Holder','TM Front Holder v14',#4091,
#4089);
#4091=PRODUCT_DEFINITION_FORMATION('',$,#4096);
#4092=PRODUCT_RELATED_PRODUCT_CATEGORY('TM Front Holder v14',
'TM Front Holder v14',(#4096));
#4093=APPLICATION_PROTOCOL_DEFINITION('international standard',
'automotive_design',2009,#4094);
#4094=APPLICATION_CONTEXT(
'Core Data for Automotive Mechanical Design Process');
#4095=PRODUCT_CONTEXT('part definition',#4094,'mechanical');
#4096=PRODUCT('TM Front Holder','TM Front Holder v14',$,(#4095));
#4097=PRESENTATION_STYLE_ASSIGNMENT((#4099));
#4098=PRESENTATION_STYLE_ASSIGNMENT((#4100));
#4099=SURFACE_STYLE_USAGE(.BOTH.,#4101);
#4100=SURFACE_STYLE_USAGE(.BOTH.,#4102);
#4101=SURFACE_SIDE_STYLE('',(#4103));
#4102=SURFACE_SIDE_STYLE('',(#4104));
#4103=SURFACE_STYLE_FILL_AREA(#4105);
#4104=SURFACE_STYLE_FILL_AREA(#4106);
#4105=FILL_AREA_STYLE('Steel - Satin',(#4107));
#4106=FILL_AREA_STYLE('Powder Coat - Rough (Black)',(#4108));
#4107=FILL_AREA_STYLE_COLOUR('Steel - Satin',#4109);
#4108=FILL_AREA_STYLE_COLOUR('Powder Coat - Rough (Black)',#4110);
#4109=COLOUR_RGB('Steel - Satin',0.627450980392157,0.627450980392157,0.627450980392157);
#4110=COLOUR_RGB('Powder Coat - Rough (Black)',0.0705882352941176,0.529411764705882,
0.164705882352941);
ENDSEC;
END-ISO-10303-21;
